"NAME_1","NAME_2","date","ntl_mean"
"Ad Daqahliyah","Aja",2012,10549.3759765625
"Ad Daqahliyah","Aja",2013,10206.224609375
"Ad Daqahliyah","Aja",2014,9427.8837890625
"Ad Daqahliyah","Aja",2015,9457.7587890625
"Ad Daqahliyah","Aja",2016,10764.857421875
"Ad Daqahliyah","Aja",2017,11051.2724609375
"Ad Daqahliyah","Aja",2018,11025.2421875
"Ad Daqahliyah","Aja",2019,10733.8779296875
"Ad Daqahliyah","Aja",2020,9934.494140625
"Ad Daqahliyah","Aja",2021,10507.8125
"Ad Daqahliyah","Aja",2022,9631.33984375
"Ad Daqahliyah","Aja",2023,8138.88427734375
"Ad Daqahliyah","Aja",2024,7422.970703125
"Ad Daqahliyah","Al-Jamaliyah",2012,1651.91613769531
"Ad Daqahliyah","Al-Jamaliyah",2013,1446.99890136719
"Ad Daqahliyah","Al-Jamaliyah",2014,1337.76477050781
"Ad Daqahliyah","Al-Jamaliyah",2015,1253.71496582031
"Ad Daqahliyah","Al-Jamaliyah",2016,1731.09240722656
"Ad Daqahliyah","Al-Jamaliyah",2017,1970.54919433594
"Ad Daqahliyah","Al-Jamaliyah",2018,2173.61694335938
"Ad Daqahliyah","Al-Jamaliyah",2019,1973.5390625
"Ad Daqahliyah","Al-Jamaliyah",2020,1807.89306640625
"Ad Daqahliyah","Al-Jamaliyah",2021,2002.18664550781
"Ad Daqahliyah","Al-Jamaliyah",2022,2169.1171875
"Ad Daqahliyah","Al-Jamaliyah",2023,1841.43176269531
"Ad Daqahliyah","Al-Jamaliyah",2024,1492.07885742188
"Ad Daqahliyah","Al-Mansurah",2012,14405.919921875
"Ad Daqahliyah","Al-Mansurah",2013,13008.6884765625
"Ad Daqahliyah","Al-Mansurah",2014,11533.9794921875
"Ad Daqahliyah","Al-Mansurah",2015,11493.1220703125
"Ad Daqahliyah","Al-Mansurah",2016,12772.646484375
"Ad Daqahliyah","Al-Mansurah",2017,13280.0625
"Ad Daqahliyah","Al-Mansurah",2018,13175.81640625
"Ad Daqahliyah","Al-Mansurah",2019,13077.3310546875
"Ad Daqahliyah","Al-Mansurah",2020,12132.3798828125
"Ad Daqahliyah","Al-Mansurah",2021,12679.2998046875
"Ad Daqahliyah","Al-Mansurah",2022,11099.361328125
"Ad Daqahliyah","Al-Mansurah",2023,9677.4189453125
"Ad Daqahliyah","Al-Mansurah",2024,8625.4326171875
"Ad Daqahliyah","Al-Mansurah 1",2012,5911.28857421875
"Ad Daqahliyah","Al-Mansurah 1",2013,4949.3896484375
"Ad Daqahliyah","Al-Mansurah 1",2014,4154.294921875
"Ad Daqahliyah","Al-Mansurah 1",2015,4291.21435546875
"Ad Daqahliyah","Al-Mansurah 1",2016,4799.72021484375
"Ad Daqahliyah","Al-Mansurah 1",2017,5002.45947265625
"Ad Daqahliyah","Al-Mansurah 1",2018,5246.271484375
"Ad Daqahliyah","Al-Mansurah 1",2019,4991.96484375
"Ad Daqahliyah","Al-Mansurah 1",2020,4386.66796875
"Ad Daqahliyah","Al-Mansurah 1",2021,4722.453125
"Ad Daqahliyah","Al-Mansurah 1",2022,4651.88623046875
"Ad Daqahliyah","Al-Mansurah 1",2023,4050.07153320312
"Ad Daqahliyah","Al-Mansurah 1",2024,3821.4931640625
"Ad Daqahliyah","Al-Mansurah 2",2012,4108.72021484375
"Ad Daqahliyah","Al-Mansurah 2",2013,3679.0419921875
"Ad Daqahliyah","Al-Mansurah 2",2014,3359.04833984375
"Ad Daqahliyah","Al-Mansurah 2",2015,3395.81201171875
"Ad Daqahliyah","Al-Mansurah 2",2016,3784.60913085938
"Ad Daqahliyah","Al-Mansurah 2",2017,3889.0078125
"Ad Daqahliyah","Al-Mansurah 2",2018,4008.26611328125
"Ad Daqahliyah","Al-Mansurah 2",2019,3769.0078125
"Ad Daqahliyah","Al-Mansurah 2",2020,3405.49462890625
"Ad Daqahliyah","Al-Mansurah 2",2021,3745.01342773438
"Ad Daqahliyah","Al-Mansurah 2",2022,3657.21801757812
"Ad Daqahliyah","Al-Mansurah 2",2023,3071.29760742188
"Ad Daqahliyah","Al-Mansurah 2",2024,3058.23486328125
"Ad Daqahliyah","Al-Manzilah",2012,6193.75
"Ad Daqahliyah","Al-Manzilah",2013,5595.3134765625
"Ad Daqahliyah","Al-Manzilah",2014,5165.81396484375
"Ad Daqahliyah","Al-Manzilah",2015,5003.2060546875
"Ad Daqahliyah","Al-Manzilah",2016,6175.4072265625
"Ad Daqahliyah","Al-Manzilah",2017,6529.921875
"Ad Daqahliyah","Al-Manzilah",2018,6825.04150390625
"Ad Daqahliyah","Al-Manzilah",2019,6631.587890625
"Ad Daqahliyah","Al-Manzilah",2020,6358.806640625
"Ad Daqahliyah","Al-Manzilah",2021,6964.11865234375
"Ad Daqahliyah","Al-Manzilah",2022,6445.259765625
"Ad Daqahliyah","Al-Manzilah",2023,5495.96875
"Ad Daqahliyah","Al-Manzilah",2024,5163.32275390625
"Ad Daqahliyah","Al-Matariyah",2012,2480.89404296875
"Ad Daqahliyah","Al-Matariyah",2013,2265.77270507812
"Ad Daqahliyah","Al-Matariyah",2014,1992.30822753906
"Ad Daqahliyah","Al-Matariyah",2015,1763.95788574219
"Ad Daqahliyah","Al-Matariyah",2016,2226.03881835938
"Ad Daqahliyah","Al-Matariyah",2017,2416.17114257812
"Ad Daqahliyah","Al-Matariyah",2018,2783.33203125
"Ad Daqahliyah","Al-Matariyah",2019,2565.32177734375
"Ad Daqahliyah","Al-Matariyah",2020,2322.30859375
"Ad Daqahliyah","Al-Matariyah",2021,2448.55883789062
"Ad Daqahliyah","Al-Matariyah",2022,2242.26928710938
"Ad Daqahliyah","Al-Matariyah",2023,1818.20288085938
"Ad Daqahliyah","Al-Matariyah",2024,1680.11376953125
"Ad Daqahliyah","As-Sinbillawayn",2012,11637.26953125
"Ad Daqahliyah","As-Sinbillawayn",2013,11190.6943359375
"Ad Daqahliyah","As-Sinbillawayn",2014,9697.8505859375
"Ad Daqahliyah","As-Sinbillawayn",2015,9007.8955078125
"Ad Daqahliyah","As-Sinbillawayn",2016,9689.24609375
"Ad Daqahliyah","As-Sinbillawayn",2017,10394.6767578125
"Ad Daqahliyah","As-Sinbillawayn",2018,11040.361328125
"Ad Daqahliyah","As-Sinbillawayn",2019,10484.7119140625
"Ad Daqahliyah","As-Sinbillawayn",2020,9930.6162109375
"Ad Daqahliyah","As-Sinbillawayn",2021,10802.2451171875
"Ad Daqahliyah","As-Sinbillawayn",2022,10247.1572265625
"Ad Daqahliyah","As-Sinbillawayn",2023,8392.2578125
"Ad Daqahliyah","As-Sinbillawayn",2024,7421.41259765625
"Ad Daqahliyah","Bani Ubayd",2012,2958.01684570312
"Ad Daqahliyah","Bani Ubayd",2013,2602.8837890625
"Ad Daqahliyah","Bani Ubayd",2014,2377.76904296875
"Ad Daqahliyah","Bani Ubayd",2015,2130.33764648438
"Ad Daqahliyah","Bani Ubayd",2016,2347.14575195312
"Ad Daqahliyah","Bani Ubayd",2017,2428.66455078125
"Ad Daqahliyah","Bani Ubayd",2018,2616.70776367188
"Ad Daqahliyah","Bani Ubayd",2019,2545.38818359375
"Ad Daqahliyah","Bani Ubayd",2020,2353.71313476562
"Ad Daqahliyah","Bani Ubayd",2021,2527.751953125
"Ad Daqahliyah","Bani Ubayd",2022,2280.69384765625
"Ad Daqahliyah","Bani Ubayd",2023,1953.72631835938
"Ad Daqahliyah","Bani Ubayd",2024,1707.26574707031
"Ad Daqahliyah","Bilqas",2012,17454.556640625
"Ad Daqahliyah","Bilqas",2013,15544.49609375
"Ad Daqahliyah","Bilqas",2014,14959.861328125
"Ad Daqahliyah","Bilqas",2015,14880.7529296875
"Ad Daqahliyah","Bilqas",2016,16637.734375
"Ad Daqahliyah","Bilqas",2017,18337.24609375
"Ad Daqahliyah","Bilqas",2018,19674.287109375
"Ad Daqahliyah","Bilqas",2019,18308.099609375
"Ad Daqahliyah","Bilqas",2020,15634.1845703125
"Ad Daqahliyah","Bilqas",2021,19073.189453125
"Ad Daqahliyah","Bilqas",2022,19858.205078125
"Ad Daqahliyah","Bilqas",2023,17570.423828125
"Ad Daqahliyah","Bilqas",2024,16847.06640625
"Ad Daqahliyah","Dikirnis",2012,7922.24267578125
"Ad Daqahliyah","Dikirnis",2013,7119.07470703125
"Ad Daqahliyah","Dikirnis",2014,6517.70458984375
"Ad Daqahliyah","Dikirnis",2015,5958.56640625
"Ad Daqahliyah","Dikirnis",2016,6852.80517578125
"Ad Daqahliyah","Dikirnis",2017,7005.25
"Ad Daqahliyah","Dikirnis",2018,6707.02685546875
"Ad Daqahliyah","Dikirnis",2019,6647.17919921875
"Ad Daqahliyah","Dikirnis",2020,6052.51416015625
"Ad Daqahliyah","Dikirnis",2021,6471.2373046875
"Ad Daqahliyah","Dikirnis",2022,5908.28271484375
"Ad Daqahliyah","Dikirnis",2023,5311.890625
"Ad Daqahliyah","Dikirnis",2024,4750.919921875
"Ad Daqahliyah","Gamsa",2012,846.226684570312
"Ad Daqahliyah","Gamsa",2013,730.930603027344
"Ad Daqahliyah","Gamsa",2014,681.878479003906
"Ad Daqahliyah","Gamsa",2015,777.236022949219
"Ad Daqahliyah","Gamsa",2016,799.028564453125
"Ad Daqahliyah","Gamsa",2017,860.921508789062
"Ad Daqahliyah","Gamsa",2018,870.625244140625
"Ad Daqahliyah","Gamsa",2019,858.533142089844
"Ad Daqahliyah","Gamsa",2020,740.606872558594
"Ad Daqahliyah","Gamsa",2021,808.944274902344
"Ad Daqahliyah","Gamsa",2022,685.737670898438
"Ad Daqahliyah","Gamsa",2023,781.146118164062
"Ad Daqahliyah","Gamsa",2024,780.923034667969
"Ad Daqahliyah","Mahalat Dimnah",2012,1577.14428710938
"Ad Daqahliyah","Mahalat Dimnah",2013,1352.51770019531
"Ad Daqahliyah","Mahalat Dimnah",2014,1239.07360839844
"Ad Daqahliyah","Mahalat Dimnah",2015,1134.89025878906
"Ad Daqahliyah","Mahalat Dimnah",2016,1176.50305175781
"Ad Daqahliyah","Mahalat Dimnah",2017,1287.76379394531
"Ad Daqahliyah","Mahalat Dimnah",2018,1265.28979492188
"Ad Daqahliyah","Mahalat Dimnah",2019,1299.37182617188
"Ad Daqahliyah","Mahalat Dimnah",2020,1291.28601074219
"Ad Daqahliyah","Mahalat Dimnah",2021,1365.11694335938
"Ad Daqahliyah","Mahalat Dimnah",2022,1200.18041992188
"Ad Daqahliyah","Mahalat Dimnah",2023,1014.12884521484
"Ad Daqahliyah","Mahalat Dimnah",2024,831.190368652344
"Ad Daqahliyah","Minyat an-Nasr",2012,6075.25341796875
"Ad Daqahliyah","Minyat an-Nasr",2013,5574.16162109375
"Ad Daqahliyah","Minyat an-Nasr",2014,5218.4931640625
"Ad Daqahliyah","Minyat an-Nasr",2015,4976.49951171875
"Ad Daqahliyah","Minyat an-Nasr",2016,5389.73193359375
"Ad Daqahliyah","Minyat an-Nasr",2017,5695.9853515625
"Ad Daqahliyah","Minyat an-Nasr",2018,5768.330078125
"Ad Daqahliyah","Minyat an-Nasr",2019,5547.1484375
"Ad Daqahliyah","Minyat an-Nasr",2020,5136.392578125
"Ad Daqahliyah","Minyat an-Nasr",2021,5548.63037109375
"Ad Daqahliyah","Minyat an-Nasr",2022,4867.02685546875
"Ad Daqahliyah","Minyat an-Nasr",2023,3970.04663085938
"Ad Daqahliyah","Minyat an-Nasr",2024,3730.33911132812
"Ad Daqahliyah","Mit Ghamr",2012,14777.1103515625
"Ad Daqahliyah","Mit Ghamr",2013,14851.4765625
"Ad Daqahliyah","Mit Ghamr",2014,13408.453125
"Ad Daqahliyah","Mit Ghamr",2015,13552.1513671875
"Ad Daqahliyah","Mit Ghamr",2016,14799.822265625
"Ad Daqahliyah","Mit Ghamr",2017,14989.1982421875
"Ad Daqahliyah","Mit Ghamr",2018,14311.984375
"Ad Daqahliyah","Mit Ghamr",2019,13868.03125
"Ad Daqahliyah","Mit Ghamr",2020,13291.3857421875
"Ad Daqahliyah","Mit Ghamr",2021,13865.6396484375
"Ad Daqahliyah","Mit Ghamr",2022,12853.4736328125
"Ad Daqahliyah","Mit Ghamr",2023,11036.4794921875
"Ad Daqahliyah","Mit Ghamr",2024,9636.689453125
"Ad Daqahliyah","Mit Salsil",2012,2124.15942382812
"Ad Daqahliyah","Mit Salsil",2013,1863.89245605469
"Ad Daqahliyah","Mit Salsil",2014,1804.28259277344
"Ad Daqahliyah","Mit Salsil",2015,1577.66833496094
"Ad Daqahliyah","Mit Salsil",2016,1745.59045410156
"Ad Daqahliyah","Mit Salsil",2017,1855.58642578125
"Ad Daqahliyah","Mit Salsil",2018,1945.03186035156
"Ad Daqahliyah","Mit Salsil",2019,1911.16455078125
"Ad Daqahliyah","Mit Salsil",2020,1851.84448242188
"Ad Daqahliyah","Mit Salsil",2021,2124.62060546875
"Ad Daqahliyah","Mit Salsil",2022,1969.88708496094
"Ad Daqahliyah","Mit Salsil",2023,1718.1787109375
"Ad Daqahliyah","Mit Salsil",2024,1551.16931152344
"Ad Daqahliyah","Nabaruh",2012,5654.28662109375
"Ad Daqahliyah","Nabaruh",2013,5102.18603515625
"Ad Daqahliyah","Nabaruh",2014,4967.2607421875
"Ad Daqahliyah","Nabaruh",2015,4682.41845703125
"Ad Daqahliyah","Nabaruh",2016,5052.26513671875
"Ad Daqahliyah","Nabaruh",2017,5112.37890625
"Ad Daqahliyah","Nabaruh",2018,5247.99267578125
"Ad Daqahliyah","Nabaruh",2019,4943.9072265625
"Ad Daqahliyah","Nabaruh",2020,4698.7666015625
"Ad Daqahliyah","Nabaruh",2021,4803.69091796875
"Ad Daqahliyah","Nabaruh",2022,4378.29248046875
"Ad Daqahliyah","Nabaruh",2023,3765.611328125
"Ad Daqahliyah","Nabaruh",2024,3560.27099609375
"Ad Daqahliyah","Shirbin",2012,7632.7626953125
"Ad Daqahliyah","Shirbin",2013,6834.04150390625
"Ad Daqahliyah","Shirbin",2014,6528.2041015625
"Ad Daqahliyah","Shirbin",2015,6703.34326171875
"Ad Daqahliyah","Shirbin",2016,7200.85205078125
"Ad Daqahliyah","Shirbin",2017,7348.8095703125
"Ad Daqahliyah","Shirbin",2018,7787.51123046875
"Ad Daqahliyah","Shirbin",2019,7825.86865234375
"Ad Daqahliyah","Shirbin",2020,7353.408203125
"Ad Daqahliyah","Shirbin",2021,7666.513671875
"Ad Daqahliyah","Shirbin",2022,6920.60400390625
"Ad Daqahliyah","Shirbin",2023,6420.9609375
"Ad Daqahliyah","Shirbin",2024,6384.419921875
"Ad Daqahliyah","Talkha",2012,11138.5478515625
"Ad Daqahliyah","Talkha",2013,10301.0322265625
"Ad Daqahliyah","Talkha",2014,9461.1083984375
"Ad Daqahliyah","Talkha",2015,9369.59765625
"Ad Daqahliyah","Talkha",2016,10580.9931640625
"Ad Daqahliyah","Talkha",2017,11236.6552734375
"Ad Daqahliyah","Talkha",2018,11052.3388671875
"Ad Daqahliyah","Talkha",2019,10584.5439453125
"Ad Daqahliyah","Talkha",2020,9550.7978515625
"Ad Daqahliyah","Talkha",2021,9685.498046875
"Ad Daqahliyah","Talkha",2022,8964.85546875
"Ad Daqahliyah","Talkha",2023,7792.322265625
"Ad Daqahliyah","Talkha",2024,6938.79345703125
"Ad Daqahliyah","Timay al-Imdid",2012,3555.876953125
"Ad Daqahliyah","Timay al-Imdid",2013,2998.85375976562
"Ad Daqahliyah","Timay al-Imdid",2014,2408.23046875
"Ad Daqahliyah","Timay al-Imdid",2015,2084.7607421875
"Ad Daqahliyah","Timay al-Imdid",2016,2676.31298828125
"Ad Daqahliyah","Timay al-Imdid",2017,2933.78491210938
"Ad Daqahliyah","Timay al-Imdid",2018,3175.3671875
"Ad Daqahliyah","Timay al-Imdid",2019,3382.896484375
"Ad Daqahliyah","Timay al-Imdid",2020,3281.17138671875
"Ad Daqahliyah","Timay al-Imdid",2021,3622.91088867188
"Ad Daqahliyah","Timay al-Imdid",2022,3393.017578125
"Ad Daqahliyah","Timay al-Imdid",2023,2747.04638671875
"Ad Daqahliyah","Timay al-Imdid",2024,2636.57568359375
"Al Bahr al Ahmar","Al-Ghurdaqah",2012,22677.59765625
"Al Bahr al Ahmar","Al-Ghurdaqah",2013,18923.017578125
"Al Bahr al Ahmar","Al-Ghurdaqah",2014,17142.953125
"Al Bahr al Ahmar","Al-Ghurdaqah",2015,18173.498046875
"Al Bahr al Ahmar","Al-Ghurdaqah",2016,19908.658203125
"Al Bahr al Ahmar","Al-Ghurdaqah",2017,19553.216796875
"Al Bahr al Ahmar","Al-Ghurdaqah",2018,18165.876953125
"Al Bahr al Ahmar","Al-Ghurdaqah",2019,18509.236328125
"Al Bahr al Ahmar","Al-Ghurdaqah",2020,16295.9248046875
"Al Bahr al Ahmar","Al-Ghurdaqah",2021,18411.794921875
"Al Bahr al Ahmar","Al-Ghurdaqah",2022,22344.18359375
"Al Bahr al Ahmar","Al-Ghurdaqah",2023,23666
"Al Bahr al Ahmar","Al-Ghurdaqah",2024,23279.244140625
"Al Bahr al Ahmar","Al-Ghurdaqah 2",2012,38495.65625
"Al Bahr al Ahmar","Al-Ghurdaqah 2",2013,20263.11328125
"Al Bahr al Ahmar","Al-Ghurdaqah 2",2014,24996.98046875
"Al Bahr al Ahmar","Al-Ghurdaqah 2",2015,24103.041015625
"Al Bahr al Ahmar","Al-Ghurdaqah 2",2016,21601.55859375
"Al Bahr al Ahmar","Al-Ghurdaqah 2",2017,28961.37890625
"Al Bahr al Ahmar","Al-Ghurdaqah 2",2018,22269.193359375
"Al Bahr al Ahmar","Al-Ghurdaqah 2",2019,18014.533203125
"Al Bahr al Ahmar","Al-Ghurdaqah 2",2020,16886.080078125
"Al Bahr al Ahmar","Al-Ghurdaqah 2",2021,14249.64453125
"Al Bahr al Ahmar","Al-Ghurdaqah 2",2022,16731.80078125
"Al Bahr al Ahmar","Al-Ghurdaqah 2",2023,17950.826171875
"Al Bahr al Ahmar","Al-Ghurdaqah 2",2024,17388.498046875
"Al Bahr al Ahmar","Al-Qusayr",2012,5635.21875
"Al Bahr al Ahmar","Al-Qusayr",2013,4721.59130859375
"Al Bahr al Ahmar","Al-Qusayr",2014,4350.32666015625
"Al Bahr al Ahmar","Al-Qusayr",2015,4167.80810546875
"Al Bahr al Ahmar","Al-Qusayr",2016,4917.36376953125
"Al Bahr al Ahmar","Al-Qusayr",2017,5324.65771484375
"Al Bahr al Ahmar","Al-Qusayr",2018,5531.74267578125
"Al Bahr al Ahmar","Al-Qusayr",2019,5881.10546875
"Al Bahr al Ahmar","Al-Qusayr",2020,5093.09521484375
"Al Bahr al Ahmar","Al-Qusayr",2021,5215.1708984375
"Al Bahr al Ahmar","Al-Qusayr",2022,5934.6044921875
"Al Bahr al Ahmar","Al-Qusayr",2023,6200.84716796875
"Al Bahr al Ahmar","Al-Qusayr",2024,6355.77294921875
"Al Bahr al Ahmar","Ash-Shalatin",2012,848.153747558594
"Al Bahr al Ahmar","Ash-Shalatin",2013,748.711730957031
"Al Bahr al Ahmar","Ash-Shalatin",2014,622.791687011719
"Al Bahr al Ahmar","Ash-Shalatin",2015,672.727111816406
"Al Bahr al Ahmar","Ash-Shalatin",2016,889.45947265625
"Al Bahr al Ahmar","Ash-Shalatin",2017,1162.3046875
"Al Bahr al Ahmar","Ash-Shalatin",2018,1172.56750488281
"Al Bahr al Ahmar","Ash-Shalatin",2019,1294.73449707031
"Al Bahr al Ahmar","Ash-Shalatin",2020,1796.89086914062
"Al Bahr al Ahmar","Ash-Shalatin",2021,2020.4814453125
"Al Bahr al Ahmar","Ash-Shalatin",2022,2201.7734375
"Al Bahr al Ahmar","Ash-Shalatin",2023,1947.66455078125
"Al Bahr al Ahmar","Ash-Shalatin",2024,1942.59753417969
"Al Bahr al Ahmar","Marsa 'Alam",2012,4042.89697265625
"Al Bahr al Ahmar","Marsa 'Alam",2013,3598.2333984375
"Al Bahr al Ahmar","Marsa 'Alam",2014,3502.53784179688
"Al Bahr al Ahmar","Marsa 'Alam",2015,2984.26220703125
"Al Bahr al Ahmar","Marsa 'Alam",2016,2631.88671875
"Al Bahr al Ahmar","Marsa 'Alam",2017,2927.04931640625
"Al Bahr al Ahmar","Marsa 'Alam",2018,3219.37939453125
"Al Bahr al Ahmar","Marsa 'Alam",2019,3470.21337890625
"Al Bahr al Ahmar","Marsa 'Alam",2020,3065.99389648438
"Al Bahr al Ahmar","Marsa 'Alam",2021,3433.75952148438
"Al Bahr al Ahmar","Marsa 'Alam",2022,4386.74462890625
"Al Bahr al Ahmar","Marsa 'Alam",2023,4808.84033203125
"Al Bahr al Ahmar","Marsa 'Alam",2024,5830.03173828125
"Al Bahr al Ahmar","Ras Gharib",2012,16596.349609375
"Al Bahr al Ahmar","Ras Gharib",2013,10873.1845703125
"Al Bahr al Ahmar","Ras Gharib",2014,11653.1484375
"Al Bahr al Ahmar","Ras Gharib",2015,9730.826171875
"Al Bahr al Ahmar","Ras Gharib",2016,9876.7392578125
"Al Bahr al Ahmar","Ras Gharib",2017,8412.4609375
"Al Bahr al Ahmar","Ras Gharib",2018,7534.373046875
"Al Bahr al Ahmar","Ras Gharib",2019,9419.0146484375
"Al Bahr al Ahmar","Ras Gharib",2020,11007.2109375
"Al Bahr al Ahmar","Ras Gharib",2021,10347.5185546875
"Al Bahr al Ahmar","Ras Gharib",2022,12249.802734375
"Al Bahr al Ahmar","Ras Gharib",2023,11777.06640625
"Al Bahr al Ahmar","Ras Gharib",2024,10619.888671875
"Al Bahr al Ahmar","Safaja",2012,14174.126953125
"Al Bahr al Ahmar","Safaja",2013,12345.662109375
"Al Bahr al Ahmar","Safaja",2014,11101.7578125
"Al Bahr al Ahmar","Safaja",2015,11020.166015625
"Al Bahr al Ahmar","Safaja",2016,12016.4736328125
"Al Bahr al Ahmar","Safaja",2017,12896.759765625
"Al Bahr al Ahmar","Safaja",2018,12728.5517578125
"Al Bahr al Ahmar","Safaja",2019,12508.2216796875
"Al Bahr al Ahmar","Safaja",2020,10229.2890625
"Al Bahr al Ahmar","Safaja",2021,11340.8017578125
"Al Bahr al Ahmar","Safaja",2022,13386.12890625
"Al Bahr al Ahmar","Safaja",2023,14872.7451171875
"Al Bahr al Ahmar","Safaja",2024,15457.3984375
"Al Buhayrah","Abu Hummus",2012,16831.1640625
"Al Buhayrah","Abu Hummus",2013,14720.48046875
"Al Buhayrah","Abu Hummus",2014,13421.2802734375
"Al Buhayrah","Abu Hummus",2015,12428.544921875
"Al Buhayrah","Abu Hummus",2016,12706.8173828125
"Al Buhayrah","Abu Hummus",2017,12755.5087890625
"Al Buhayrah","Abu Hummus",2018,12844.791015625
"Al Buhayrah","Abu Hummus",2019,12466.53125
"Al Buhayrah","Abu Hummus",2020,11909.1494140625
"Al Buhayrah","Abu Hummus",2021,12888.91015625
"Al Buhayrah","Abu Hummus",2022,12085.671875
"Al Buhayrah","Abu Hummus",2023,11422.4091796875
"Al Buhayrah","Abu Hummus",2024,11962.8427734375
"Al Buhayrah","Abu al-Matamir",2012,38976.14453125
"Al Buhayrah","Abu al-Matamir",2013,35306.3671875
"Al Buhayrah","Abu al-Matamir",2014,31199.83984375
"Al Buhayrah","Abu al-Matamir",2015,29022.111328125
"Al Buhayrah","Abu al-Matamir",2016,29317.724609375
"Al Buhayrah","Abu al-Matamir",2017,29216.486328125
"Al Buhayrah","Abu al-Matamir",2018,29146.3359375
"Al Buhayrah","Abu al-Matamir",2019,28623.76171875
"Al Buhayrah","Abu al-Matamir",2020,25683.857421875
"Al Buhayrah","Abu al-Matamir",2021,28538.76171875
"Al Buhayrah","Abu al-Matamir",2022,28391.81640625
"Al Buhayrah","Abu al-Matamir",2023,31041.8359375
"Al Buhayrah","Abu al-Matamir",2024,31934.42578125
"Al Buhayrah","Ad-Dilinat",2012,16390.7109375
"Al Buhayrah","Ad-Dilinat",2013,14087.0322265625
"Al Buhayrah","Ad-Dilinat",2014,12405.2763671875
"Al Buhayrah","Ad-Dilinat",2015,11711.595703125
"Al Buhayrah","Ad-Dilinat",2016,12867.97265625
"Al Buhayrah","Ad-Dilinat",2017,13214.2705078125
"Al Buhayrah","Ad-Dilinat",2018,13396.74609375
"Al Buhayrah","Ad-Dilinat",2019,12412.52734375
"Al Buhayrah","Ad-Dilinat",2020,11850.96875
"Al Buhayrah","Ad-Dilinat",2021,12810.5625
"Al Buhayrah","Ad-Dilinat",2022,12072.3388671875
"Al Buhayrah","Ad-Dilinat",2023,11431.2236328125
"Al Buhayrah","Ad-Dilinat",2024,10695.6474609375
"Al Buhayrah","Al-Mahmudiyah",2012,5714.26904296875
"Al Buhayrah","Al-Mahmudiyah",2013,5195.4755859375
"Al Buhayrah","Al-Mahmudiyah",2014,4745.91845703125
"Al Buhayrah","Al-Mahmudiyah",2015,4750.4931640625
"Al Buhayrah","Al-Mahmudiyah",2016,4649.53662109375
"Al Buhayrah","Al-Mahmudiyah",2017,4839.15771484375
"Al Buhayrah","Al-Mahmudiyah",2018,5056.79052734375
"Al Buhayrah","Al-Mahmudiyah",2019,4872.248046875
"Al Buhayrah","Al-Mahmudiyah",2020,4468.50927734375
"Al Buhayrah","Al-Mahmudiyah",2021,4781.48876953125
"Al Buhayrah","Al-Mahmudiyah",2022,4466.12060546875
"Al Buhayrah","Al-Mahmudiyah",2023,4112.9130859375
"Al Buhayrah","Al-Mahmudiyah",2024,4013.1982421875
"Al Buhayrah","Ar-Rahmaniyah",2012,4993.79638671875
"Al Buhayrah","Ar-Rahmaniyah",2013,4326.35888671875
"Al Buhayrah","Ar-Rahmaniyah",2014,3872.03930664062
"Al Buhayrah","Ar-Rahmaniyah",2015,3539.09301757812
"Al Buhayrah","Ar-Rahmaniyah",2016,3612.6484375
"Al Buhayrah","Ar-Rahmaniyah",2017,3784.18798828125
"Al Buhayrah","Ar-Rahmaniyah",2018,4015.58422851562
"Al Buhayrah","Ar-Rahmaniyah",2019,3872.12109375
"Al Buhayrah","Ar-Rahmaniyah",2020,3839.7041015625
"Al Buhayrah","Ar-Rahmaniyah",2021,4215.03369140625
"Al Buhayrah","Ar-Rahmaniyah",2022,3946.88842773438
"Al Buhayrah","Ar-Rahmaniyah",2023,3646.50244140625
"Al Buhayrah","Ar-Rahmaniyah",2024,3489.658203125
"Al Buhayrah","Badr",2012,15053.2060546875
"Al Buhayrah","Badr",2013,13967.17578125
"Al Buhayrah","Badr",2014,12727.8203125
"Al Buhayrah","Badr",2015,11872.3037109375
"Al Buhayrah","Badr",2016,12368.8603515625
"Al Buhayrah","Badr",2017,12409.818359375
"Al Buhayrah","Badr",2018,12101.7373046875
"Al Buhayrah","Badr",2019,11789.5888671875
"Al Buhayrah","Badr",2020,10619.9560546875
"Al Buhayrah","Badr",2021,11577.3701171875
"Al Buhayrah","Badr",2022,11163.76953125
"Al Buhayrah","Badr",2023,10417.7353515625
"Al Buhayrah","Badr",2024,9837.5224609375
"Al Buhayrah","Damanhur",2012,26502.916015625
"Al Buhayrah","Damanhur",2013,22807.744140625
"Al Buhayrah","Damanhur",2014,20464.37109375
"Al Buhayrah","Damanhur",2015,19157.810546875
"Al Buhayrah","Damanhur",2016,19450.05859375
"Al Buhayrah","Damanhur",2017,19765.16796875
"Al Buhayrah","Damanhur",2018,20289.572265625
"Al Buhayrah","Damanhur",2019,19686.482421875
"Al Buhayrah","Damanhur",2020,18108.111328125
"Al Buhayrah","Damanhur",2021,18902.521484375
"Al Buhayrah","Damanhur",2022,17473.3203125
"Al Buhayrah","Damanhur",2023,16151.16015625
"Al Buhayrah","Damanhur",2024,16966.6328125
"Al Buhayrah","Hawsh 'Isa",2012,8148.60205078125
"Al Buhayrah","Hawsh 'Isa",2013,7100.76171875
"Al Buhayrah","Hawsh 'Isa",2014,6210.462890625
"Al Buhayrah","Hawsh 'Isa",2015,6023.01318359375
"Al Buhayrah","Hawsh 'Isa",2016,6508.513671875
"Al Buhayrah","Hawsh 'Isa",2017,6768.0439453125
"Al Buhayrah","Hawsh 'Isa",2018,6990.7421875
"Al Buhayrah","Hawsh 'Isa",2019,6460.09228515625
"Al Buhayrah","Hawsh 'Isa",2020,5894.1904296875
"Al Buhayrah","Hawsh 'Isa",2021,6479.57177734375
"Al Buhayrah","Hawsh 'Isa",2022,6173.7119140625
"Al Buhayrah","Hawsh 'Isa",2023,5561.86767578125
"Al Buhayrah","Hawsh 'Isa",2024,5813.99853515625
"Al Buhayrah","Idku",2012,11061.392578125
"Al Buhayrah","Idku",2013,9269.8681640625
"Al Buhayrah","Idku",2014,9118.9453125
"Al Buhayrah","Idku",2015,8636.087890625
"Al Buhayrah","Idku",2016,8474.5712890625
"Al Buhayrah","Idku",2017,9355.0576171875
"Al Buhayrah","Idku",2018,9057.4072265625
"Al Buhayrah","Idku",2019,11704.888671875
"Al Buhayrah","Idku",2020,11518.6044921875
"Al Buhayrah","Idku",2021,34360.69921875
"Al Buhayrah","Idku",2022,12214.060546875
"Al Buhayrah","Idku",2023,12108.27734375
"Al Buhayrah","Idku",2024,12645.38671875
"Al Buhayrah","Ityay al-Barud",2012,13598.5361328125
"Al Buhayrah","Ityay al-Barud",2013,12059.8359375
"Al Buhayrah","Ityay al-Barud",2014,10656.4609375
"Al Buhayrah","Ityay al-Barud",2015,10213.5673828125
"Al Buhayrah","Ityay al-Barud",2016,10936.4208984375
"Al Buhayrah","Ityay al-Barud",2017,11873.927734375
"Al Buhayrah","Ityay al-Barud",2018,12457.4052734375
"Al Buhayrah","Ityay al-Barud",2019,11749.2626953125
"Al Buhayrah","Ityay al-Barud",2020,11123.755859375
"Al Buhayrah","Ityay al-Barud",2021,12139.0029296875
"Al Buhayrah","Ityay al-Barud",2022,11092.162109375
"Al Buhayrah","Ityay al-Barud",2023,9535.599609375
"Al Buhayrah","Ityay al-Barud",2024,8774.4521484375
"Al Buhayrah","Kafr ad-Dawwar",2012,27134.240234375
"Al Buhayrah","Kafr ad-Dawwar",2013,24791.27734375
"Al Buhayrah","Kafr ad-Dawwar",2014,22659.8203125
"Al Buhayrah","Kafr ad-Dawwar",2015,22342.697265625
"Al Buhayrah","Kafr ad-Dawwar",2016,22690.171875
"Al Buhayrah","Kafr ad-Dawwar",2017,23375.208984375
"Al Buhayrah","Kafr ad-Dawwar",2018,23220.57421875
"Al Buhayrah","Kafr ad-Dawwar",2019,21961.21875
"Al Buhayrah","Kafr ad-Dawwar",2020,20368.455078125
"Al Buhayrah","Kafr ad-Dawwar",2021,21451.189453125
"Al Buhayrah","Kafr ad-Dawwar",2022,20612.6875
"Al Buhayrah","Kafr ad-Dawwar",2023,19935.048828125
"Al Buhayrah","Kafr ad-Dawwar",2024,20523.41015625
"Al Buhayrah","Kawm Hamadah",2012,14014.76953125
"Al Buhayrah","Kawm Hamadah",2013,12605.3857421875
"Al Buhayrah","Kawm Hamadah",2014,11635.0087890625
"Al Buhayrah","Kawm Hamadah",2015,11422.33984375
"Al Buhayrah","Kawm Hamadah",2016,11720.4619140625
"Al Buhayrah","Kawm Hamadah",2017,11829.2646484375
"Al Buhayrah","Kawm Hamadah",2018,12150.3896484375
"Al Buhayrah","Kawm Hamadah",2019,12244.216796875
"Al Buhayrah","Kawm Hamadah",2020,11455.3701171875
"Al Buhayrah","Kawm Hamadah",2021,11928.8583984375
"Al Buhayrah","Kawm Hamadah",2022,11589.0673828125
"Al Buhayrah","Kawm Hamadah",2023,10637.9267578125
"Al Buhayrah","Kawm Hamadah",2024,9931.3212890625
"Al Buhayrah","Rosetta",2012,8514.3642578125
"Al Buhayrah","Rosetta",2013,8030.06103515625
"Al Buhayrah","Rosetta",2014,7004.1513671875
"Al Buhayrah","Rosetta",2015,6270.19677734375
"Al Buhayrah","Rosetta",2016,6323.8359375
"Al Buhayrah","Rosetta",2017,7149.076171875
"Al Buhayrah","Rosetta",2018,7265.3974609375
"Al Buhayrah","Rosetta",2019,7509.97021484375
"Al Buhayrah","Rosetta",2020,7132.7265625
"Al Buhayrah","Rosetta",2021,8938.2177734375
"Al Buhayrah","Rosetta",2022,7381.06982421875
"Al Buhayrah","Rosetta",2023,7148.41064453125
"Al Buhayrah","Rosetta",2024,6664.4267578125
"Al Buhayrah","Shubra Khit",2012,7121.7353515625
"Al Buhayrah","Shubra Khit",2013,6279.21728515625
"Al Buhayrah","Shubra Khit",2014,5795.97265625
"Al Buhayrah","Shubra Khit",2015,5490.78759765625
"Al Buhayrah","Shubra Khit",2016,5722.64697265625
"Al Buhayrah","Shubra Khit",2017,6048.3466796875
"Al Buhayrah","Shubra Khit",2018,6227.41259765625
"Al Buhayrah","Shubra Khit",2019,5717.119140625
"Al Buhayrah","Shubra Khit",2020,5180.19140625
"Al Buhayrah","Shubra Khit",2021,5381.68212890625
"Al Buhayrah","Shubra Khit",2022,5270.77587890625
"Al Buhayrah","Shubra Khit",2023,4723.75439453125
"Al Buhayrah","Shubra Khit",2024,4414.8505859375
"Al Buhayrah","Unorganized in Al Buhayrah",2012,12135.6162109375
"Al Buhayrah","Unorganized in Al Buhayrah",2013,11464.8232421875
"Al Buhayrah","Unorganized in Al Buhayrah",2014,10954.484375
"Al Buhayrah","Unorganized in Al Buhayrah",2015,9986.9267578125
"Al Buhayrah","Unorganized in Al Buhayrah",2016,10115.091796875
"Al Buhayrah","Unorganized in Al Buhayrah",2017,10319.849609375
"Al Buhayrah","Unorganized in Al Buhayrah",2018,10489.177734375
"Al Buhayrah","Unorganized in Al Buhayrah",2019,11361.185546875
"Al Buhayrah","Unorganized in Al Buhayrah",2020,10651.525390625
"Al Buhayrah","Unorganized in Al Buhayrah",2021,13010.8515625
"Al Buhayrah","Unorganized in Al Buhayrah",2022,18933.9765625
"Al Buhayrah","Unorganized in Al Buhayrah",2023,19986.77734375
"Al Buhayrah","Unorganized in Al Buhayrah",2024,20513.080078125
"Al Buhayrah","Wadi Al-Natron",2012,397.474365234375
"Al Buhayrah","Wadi Al-Natron",2013,355.745727539062
"Al Buhayrah","Wadi Al-Natron",2014,289.631988525391
"Al Buhayrah","Wadi Al-Natron",2015,251.521759033203
"Al Buhayrah","Wadi Al-Natron",2016,286.881256103516
"Al Buhayrah","Wadi Al-Natron",2017,284.068786621094
"Al Buhayrah","Wadi Al-Natron",2018,294.751434326172
"Al Buhayrah","Wadi Al-Natron",2019,272.671417236328
"Al Buhayrah","Wadi Al-Natron",2020,304.392639160156
"Al Buhayrah","Wadi Al-Natron",2021,348.445465087891
"Al Buhayrah","Wadi Al-Natron",2022,313.386260986328
"Al Buhayrah","Wadi Al-Natron",2023,327.618774414062
"Al Buhayrah","Wadi Al-Natron",2024,335.201385498047
"Al Buhayrah","West Nubariyah",2012,2735.76953125
"Al Buhayrah","West Nubariyah",2013,2411.56274414062
"Al Buhayrah","West Nubariyah",2014,2329.30419921875
"Al Buhayrah","West Nubariyah",2015,2284.58666992188
"Al Buhayrah","West Nubariyah",2016,1986.63903808594
"Al Buhayrah","West Nubariyah",2017,2002.13745117188
"Al Buhayrah","West Nubariyah",2018,2204.63720703125
"Al Buhayrah","West Nubariyah",2019,2118.09814453125
"Al Buhayrah","West Nubariyah",2020,1814.03857421875
"Al Buhayrah","West Nubariyah",2021,2537.93798828125
"Al Buhayrah","West Nubariyah",2022,3066.74560546875
"Al Buhayrah","West Nubariyah",2023,3237.990234375
"Al Buhayrah","West Nubariyah",2024,3117.7109375
"Al Fayyum","Al-Fayyum",2012,26899.29296875
"Al Fayyum","Al-Fayyum",2013,25409.087890625
"Al Fayyum","Al-Fayyum",2014,22868.26953125
"Al Fayyum","Al-Fayyum",2015,22536.55078125
"Al Fayyum","Al-Fayyum",2016,22812.8359375
"Al Fayyum","Al-Fayyum",2017,22705.3203125
"Al Fayyum","Al-Fayyum",2018,21617.283203125
"Al Fayyum","Al-Fayyum",2019,21456.43359375
"Al Fayyum","Al-Fayyum",2020,19718.873046875
"Al Fayyum","Al-Fayyum",2021,21583.193359375
"Al Fayyum","Al-Fayyum",2022,20572.275390625
"Al Fayyum","Al-Fayyum",2023,18501.23828125
"Al Fayyum","Al-Fayyum",2024,18527.1171875
"Al Fayyum","Al-Fayyum City",2012,326.399444580078
"Al Fayyum","Al-Fayyum City",2013,709.750793457031
"Al Fayyum","Al-Fayyum City",2014,829.105041503906
"Al Fayyum","Al-Fayyum City",2015,903.038879394531
"Al Fayyum","Al-Fayyum City",2016,927.373474121094
"Al Fayyum","Al-Fayyum City",2017,956.590209960938
"Al Fayyum","Al-Fayyum City",2018,933.735168457031
"Al Fayyum","Al-Fayyum City",2019,933.550964355469
"Al Fayyum","Al-Fayyum City",2020,1255.10180664062
"Al Fayyum","Al-Fayyum City",2021,1318.283203125
"Al Fayyum","Al-Fayyum City",2022,1251.32250976562
"Al Fayyum","Al-Fayyum City",2023,985.971923828125
"Al Fayyum","Al-Fayyum City",2024,767.279602050781
"Al Fayyum","Ibshaway",2012,8772.4755859375
"Al Fayyum","Ibshaway",2013,8986.701171875
"Al Fayyum","Ibshaway",2014,8014.1181640625
"Al Fayyum","Ibshaway",2015,7737.33935546875
"Al Fayyum","Ibshaway",2016,8384.7861328125
"Al Fayyum","Ibshaway",2017,7984.00146484375
"Al Fayyum","Ibshaway",2018,7512.15966796875
"Al Fayyum","Ibshaway",2019,7698.39453125
"Al Fayyum","Ibshaway",2020,7511.7421875
"Al Fayyum","Ibshaway",2021,8334.4306640625
"Al Fayyum","Ibshaway",2022,7712.3564453125
"Al Fayyum","Ibshaway",2023,7489.2578125
"Al Fayyum","Ibshaway",2024,7882.171875
"Al Fayyum","Itsa",2012,14321.66796875
"Al Fayyum","Itsa",2013,13340.4765625
"Al Fayyum","Itsa",2014,12356.515625
"Al Fayyum","Itsa",2015,11327.9638671875
"Al Fayyum","Itsa",2016,12348.6943359375
"Al Fayyum","Itsa",2017,12251.1533203125
"Al Fayyum","Itsa",2018,11726.8212890625
"Al Fayyum","Itsa",2019,11553.755859375
"Al Fayyum","Itsa",2020,10525.12109375
"Al Fayyum","Itsa",2021,11861.0576171875
"Al Fayyum","Itsa",2022,10502.9619140625
"Al Fayyum","Itsa",2023,10162.1279296875
"Al Fayyum","Itsa",2024,10783.0927734375
"Al Fayyum","Sinnuris",2012,10558.96484375
"Al Fayyum","Sinnuris",2013,9616.642578125
"Al Fayyum","Sinnuris",2014,8829.0283203125
"Al Fayyum","Sinnuris",2015,8807.3427734375
"Al Fayyum","Sinnuris",2016,9960.51171875
"Al Fayyum","Sinnuris",2017,10371.625
"Al Fayyum","Sinnuris",2018,10222.240234375
"Al Fayyum","Sinnuris",2019,10352.716796875
"Al Fayyum","Sinnuris",2020,9627.4287109375
"Al Fayyum","Sinnuris",2021,10775.8681640625
"Al Fayyum","Sinnuris",2022,10241.4716796875
"Al Fayyum","Sinnuris",2023,9233.7197265625
"Al Fayyum","Sinnuris",2024,9248.7646484375
"Al Fayyum","Tamiyah",2012,12519.2607421875
"Al Fayyum","Tamiyah",2013,11565.603515625
"Al Fayyum","Tamiyah",2014,11168.4482421875
"Al Fayyum","Tamiyah",2015,10733.208984375
"Al Fayyum","Tamiyah",2016,11976.2783203125
"Al Fayyum","Tamiyah",2017,11843.1142578125
"Al Fayyum","Tamiyah",2018,11559.681640625
"Al Fayyum","Tamiyah",2019,10811.75
"Al Fayyum","Tamiyah",2020,10698.3369140625
"Al Fayyum","Tamiyah",2021,10733.306640625
"Al Fayyum","Tamiyah",2022,10160.3134765625
"Al Fayyum","Tamiyah",2023,9405.69921875
"Al Fayyum","Tamiyah",2024,9802.955078125
"Al Fayyum","Unorganized in Al Fayoum",2012,13469.69140625
"Al Fayyum","Unorganized in Al Fayoum",2013,11454.4404296875
"Al Fayyum","Unorganized in Al Fayoum",2014,11150.0869140625
"Al Fayyum","Unorganized in Al Fayoum",2015,11091.9130859375
"Al Fayyum","Unorganized in Al Fayoum",2016,11407.8154296875
"Al Fayyum","Unorganized in Al Fayoum",2017,11436.265625
"Al Fayyum","Unorganized in Al Fayoum",2018,11071.6005859375
"Al Fayyum","Unorganized in Al Fayoum",2019,12062.0166015625
"Al Fayyum","Unorganized in Al Fayoum",2020,10930.12109375
"Al Fayyum","Unorganized in Al Fayoum",2021,13204.0888671875
"Al Fayyum","Unorganized in Al Fayoum",2022,13842.8310546875
"Al Fayyum","Unorganized in Al Fayoum",2023,14879.0712890625
"Al Fayyum","Unorganized in Al Fayoum",2024,14009.7451171875
"Al Fayyum","Yusuf as-Sidiq",2012,7630.09521484375
"Al Fayyum","Yusuf as-Sidiq",2013,7314.64501953125
"Al Fayyum","Yusuf as-Sidiq",2014,6220.80615234375
"Al Fayyum","Yusuf as-Sidiq",2015,5877.1767578125
"Al Fayyum","Yusuf as-Sidiq",2016,6059.0263671875
"Al Fayyum","Yusuf as-Sidiq",2017,6113.26123046875
"Al Fayyum","Yusuf as-Sidiq",2018,6025.45068359375
"Al Fayyum","Yusuf as-Sidiq",2019,6514.322265625
"Al Fayyum","Yusuf as-Sidiq",2020,6298.439453125
"Al Fayyum","Yusuf as-Sidiq",2021,6983.328125
"Al Fayyum","Yusuf as-Sidiq",2022,6552.89501953125
"Al Fayyum","Yusuf as-Sidiq",2023,5884.3359375
"Al Fayyum","Yusuf as-Sidiq",2024,6462.568359375
"Al Gharbiyah","Al-Mahallah al-Kubra",2012,15571.7724609375
"Al Gharbiyah","Al-Mahallah al-Kubra",2013,14608.865234375
"Al Gharbiyah","Al-Mahallah al-Kubra",2014,13097.3046875
"Al Gharbiyah","Al-Mahallah al-Kubra",2015,13056.9453125
"Al Gharbiyah","Al-Mahallah al-Kubra",2016,14923.25
"Al Gharbiyah","Al-Mahallah al-Kubra",2017,15271.306640625
"Al Gharbiyah","Al-Mahallah al-Kubra",2018,15980.34375
"Al Gharbiyah","Al-Mahallah al-Kubra",2019,16200.4462890625
"Al Gharbiyah","Al-Mahallah al-Kubra",2020,14995.2236328125
"Al Gharbiyah","Al-Mahallah al-Kubra",2021,15316.953125
"Al Gharbiyah","Al-Mahallah al-Kubra",2022,14110.8818359375
"Al Gharbiyah","Al-Mahallah al-Kubra",2023,11295.802734375
"Al Gharbiyah","Al-Mahallah al-Kubra",2024,11358.2109375
"Al Gharbiyah","Al-Mahallah al-Kubra 1",2012,3081.70556640625
"Al Gharbiyah","Al-Mahallah al-Kubra 1",2013,2880.537109375
"Al Gharbiyah","Al-Mahallah al-Kubra 1",2014,2565.50341796875
"Al Gharbiyah","Al-Mahallah al-Kubra 1",2015,2545.47241210938
"Al Gharbiyah","Al-Mahallah al-Kubra 1",2016,2866.50561523438
"Al Gharbiyah","Al-Mahallah al-Kubra 1",2017,2878.087890625
"Al Gharbiyah","Al-Mahallah al-Kubra 1",2018,2715.423828125
"Al Gharbiyah","Al-Mahallah al-Kubra 1",2019,2862.34765625
"Al Gharbiyah","Al-Mahallah al-Kubra 1",2020,2734.53735351562
"Al Gharbiyah","Al-Mahallah al-Kubra 1",2021,2812.63208007812
"Al Gharbiyah","Al-Mahallah al-Kubra 1",2022,2728.05151367188
"Al Gharbiyah","Al-Mahallah al-Kubra 1",2023,2227.52221679688
"Al Gharbiyah","Al-Mahallah al-Kubra 1",2024,2228.6513671875
"Al Gharbiyah","Al-Mahallah al-Kubra 2",2012,3763.74951171875
"Al Gharbiyah","Al-Mahallah al-Kubra 2",2013,3465.30883789062
"Al Gharbiyah","Al-Mahallah al-Kubra 2",2014,2832.90380859375
"Al Gharbiyah","Al-Mahallah al-Kubra 2",2015,3003.90063476562
"Al Gharbiyah","Al-Mahallah al-Kubra 2",2016,3595.93359375
"Al Gharbiyah","Al-Mahallah al-Kubra 2",2017,3820.2509765625
"Al Gharbiyah","Al-Mahallah al-Kubra 2",2018,3527.63891601562
"Al Gharbiyah","Al-Mahallah al-Kubra 2",2019,3354.6376953125
"Al Gharbiyah","Al-Mahallah al-Kubra 2",2020,3068.20092773438
"Al Gharbiyah","Al-Mahallah al-Kubra 2",2021,3080.72705078125
"Al Gharbiyah","Al-Mahallah al-Kubra 2",2022,3069.5185546875
"Al Gharbiyah","Al-Mahallah al-Kubra 2",2023,2506.5068359375
"Al Gharbiyah","Al-Mahallah al-Kubra 2",2024,2422.642578125
"Al Gharbiyah","As-Santah",2012,9175.6435546875
"Al Gharbiyah","As-Santah",2013,8383.40625
"Al Gharbiyah","As-Santah",2014,7429.15087890625
"Al Gharbiyah","As-Santah",2015,6962.98193359375
"Al Gharbiyah","As-Santah",2016,7416.5869140625
"Al Gharbiyah","As-Santah",2017,7670.71142578125
"Al Gharbiyah","As-Santah",2018,7644.97021484375
"Al Gharbiyah","As-Santah",2019,7693.4189453125
"Al Gharbiyah","As-Santah",2020,7382.29443359375
"Al Gharbiyah","As-Santah",2021,7182.35498046875
"Al Gharbiyah","As-Santah",2022,6641.06298828125
"Al Gharbiyah","As-Santah",2023,5439.73486328125
"Al Gharbiyah","As-Santah",2024,5033.7158203125
"Al Gharbiyah","Basyun",2012,5240.7724609375
"Al Gharbiyah","Basyun",2013,4780.30712890625
"Al Gharbiyah","Basyun",2014,4251.67626953125
"Al Gharbiyah","Basyun",2015,4228.58056640625
"Al Gharbiyah","Basyun",2016,4890.05419921875
"Al Gharbiyah","Basyun",2017,5603.67724609375
"Al Gharbiyah","Basyun",2018,5087.48388671875
"Al Gharbiyah","Basyun",2019,4847.193359375
"Al Gharbiyah","Basyun",2020,4398.57666015625
"Al Gharbiyah","Basyun",2021,4554.466796875
"Al Gharbiyah","Basyun",2022,4212.90576171875
"Al Gharbiyah","Basyun",2023,3558.63891601562
"Al Gharbiyah","Basyun",2024,3282.7705078125
"Al Gharbiyah","Kafr az-Zayyat",2012,10257.3115234375
"Al Gharbiyah","Kafr az-Zayyat",2013,9091.970703125
"Al Gharbiyah","Kafr az-Zayyat",2014,8158.57861328125
"Al Gharbiyah","Kafr az-Zayyat",2015,7866.31591796875
"Al Gharbiyah","Kafr az-Zayyat",2016,9057.7666015625
"Al Gharbiyah","Kafr az-Zayyat",2017,9085.59765625
"Al Gharbiyah","Kafr az-Zayyat",2018,9179.181640625
"Al Gharbiyah","Kafr az-Zayyat",2019,8728.8056640625
"Al Gharbiyah","Kafr az-Zayyat",2020,7737.54248046875
"Al Gharbiyah","Kafr az-Zayyat",2021,8440.8515625
"Al Gharbiyah","Kafr az-Zayyat",2022,7985.68408203125
"Al Gharbiyah","Kafr az-Zayyat",2023,7058.5
"Al Gharbiyah","Kafr az-Zayyat",2024,6399.056640625
"Al Gharbiyah","Qutur",2012,7345.47998046875
"Al Gharbiyah","Qutur",2013,6507.6533203125
"Al Gharbiyah","Qutur",2014,5652.73046875
"Al Gharbiyah","Qutur",2015,5727.02783203125
"Al Gharbiyah","Qutur",2016,6467.0654296875
"Al Gharbiyah","Qutur",2017,6800.75830078125
"Al Gharbiyah","Qutur",2018,7829.21240234375
"Al Gharbiyah","Qutur",2019,7842.20068359375
"Al Gharbiyah","Qutur",2020,6997.6533203125
"Al Gharbiyah","Qutur",2021,7299.76611328125
"Al Gharbiyah","Qutur",2022,6981.01708984375
"Al Gharbiyah","Qutur",2023,5882.63037109375
"Al Gharbiyah","Qutur",2024,5379.77490234375
"Al Gharbiyah","Samannud",2012,8100.05126953125
"Al Gharbiyah","Samannud",2013,7947.35986328125
"Al Gharbiyah","Samannud",2014,7685.60205078125
"Al Gharbiyah","Samannud",2015,7516.76171875
"Al Gharbiyah","Samannud",2016,8660.2236328125
"Al Gharbiyah","Samannud",2017,8256.908203125
"Al Gharbiyah","Samannud",2018,7711.3427734375
"Al Gharbiyah","Samannud",2019,7370.81787109375
"Al Gharbiyah","Samannud",2020,7011.60205078125
"Al Gharbiyah","Samannud",2021,7001.27490234375
"Al Gharbiyah","Samannud",2022,6413.91259765625
"Al Gharbiyah","Samannud",2023,5451.7919921875
"Al Gharbiyah","Samannud",2024,4955.13134765625
"Al Gharbiyah","Tanta",2012,16023.650390625
"Al Gharbiyah","Tanta",2013,15278.2216796875
"Al Gharbiyah","Tanta",2014,13575.595703125
"Al Gharbiyah","Tanta",2015,13951.90625
"Al Gharbiyah","Tanta",2016,18189.326171875
"Al Gharbiyah","Tanta",2017,17969.08984375
"Al Gharbiyah","Tanta",2018,17716.626953125
"Al Gharbiyah","Tanta",2019,16573.859375
"Al Gharbiyah","Tanta",2020,15113.2998046875
"Al Gharbiyah","Tanta",2021,14957.20703125
"Al Gharbiyah","Tanta",2022,14220.671875
"Al Gharbiyah","Tanta",2023,12624.9775390625
"Al Gharbiyah","Tanta",2024,11326.005859375
"Al Gharbiyah","Tanta 1",2012,4110.359375
"Al Gharbiyah","Tanta 1",2013,3700.39819335938
"Al Gharbiyah","Tanta 1",2014,3351.984375
"Al Gharbiyah","Tanta 1",2015,3527.212890625
"Al Gharbiyah","Tanta 1",2016,4370.2607421875
"Al Gharbiyah","Tanta 1",2017,4300.04541015625
"Al Gharbiyah","Tanta 1",2018,4238.82275390625
"Al Gharbiyah","Tanta 1",2019,4289.28955078125
"Al Gharbiyah","Tanta 1",2020,3848.10009765625
"Al Gharbiyah","Tanta 1",2021,4005.95434570312
"Al Gharbiyah","Tanta 1",2022,4015.298828125
"Al Gharbiyah","Tanta 1",2023,3518.20361328125
"Al Gharbiyah","Tanta 1",2024,3402.63159179688
"Al Gharbiyah","Tanta 2",2012,4487.81298828125
"Al Gharbiyah","Tanta 2",2013,3998.99487304688
"Al Gharbiyah","Tanta 2",2014,3541.69140625
"Al Gharbiyah","Tanta 2",2015,3571.35595703125
"Al Gharbiyah","Tanta 2",2016,4288.31494140625
"Al Gharbiyah","Tanta 2",2017,4074.93676757812
"Al Gharbiyah","Tanta 2",2018,4288.1962890625
"Al Gharbiyah","Tanta 2",2019,4055.38720703125
"Al Gharbiyah","Tanta 2",2020,3530.88623046875
"Al Gharbiyah","Tanta 2",2021,3548.10961914062
"Al Gharbiyah","Tanta 2",2022,3457.11791992188
"Al Gharbiyah","Tanta 2",2023,2911.73950195312
"Al Gharbiyah","Tanta 2",2024,2684.53369140625
"Al Gharbiyah","Zifta",2012,12209.927734375
"Al Gharbiyah","Zifta",2013,11546.8544921875
"Al Gharbiyah","Zifta",2014,10530.4033203125
"Al Gharbiyah","Zifta",2015,10366.52734375
"Al Gharbiyah","Zifta",2016,10774.3525390625
"Al Gharbiyah","Zifta",2017,10597.8525390625
"Al Gharbiyah","Zifta",2018,10860.7900390625
"Al Gharbiyah","Zifta",2019,10773.9013671875
"Al Gharbiyah","Zifta",2020,10173.3251953125
"Al Gharbiyah","Zifta",2021,9890.3935546875
"Al Gharbiyah","Zifta",2022,9509.623046875
"Al Gharbiyah","Zifta",2023,9302.810546875
"Al Gharbiyah","Zifta",2024,8727.12109375
"Al Iskandariyah","Ad-Dukhaylah",2012,20716.263671875
"Al Iskandariyah","Ad-Dukhaylah",2013,18957.57421875
"Al Iskandariyah","Ad-Dukhaylah",2014,18262.353515625
"Al Iskandariyah","Ad-Dukhaylah",2015,17762.279296875
"Al Iskandariyah","Ad-Dukhaylah",2016,16485.333984375
"Al Iskandariyah","Ad-Dukhaylah",2017,15774.4990234375
"Al Iskandariyah","Ad-Dukhaylah",2018,16297.33203125
"Al Iskandariyah","Ad-Dukhaylah",2019,15459.7158203125
"Al Iskandariyah","Ad-Dukhaylah",2020,13623.1181640625
"Al Iskandariyah","Ad-Dukhaylah",2021,14839.3251953125
"Al Iskandariyah","Ad-Dukhaylah",2022,15392.2998046875
"Al Iskandariyah","Ad-Dukhaylah",2023,14834.9462890625
"Al Iskandariyah","Ad-Dukhaylah",2024,14010.9697265625
"Al Iskandariyah","Al-'Amriyah",2012,69179.75
"Al Iskandariyah","Al-'Amriyah",2013,66938.828125
"Al Iskandariyah","Al-'Amriyah",2014,60704.484375
"Al Iskandariyah","Al-'Amriyah",2015,60981.38671875
"Al Iskandariyah","Al-'Amriyah",2016,62669.08984375
"Al Iskandariyah","Al-'Amriyah",2017,58842.3671875
"Al Iskandariyah","Al-'Amriyah",2018,57059.2734375
"Al Iskandariyah","Al-'Amriyah",2019,55753
"Al Iskandariyah","Al-'Amriyah",2020,54622.84765625
"Al Iskandariyah","Al-'Amriyah",2021,58816.546875
"Al Iskandariyah","Al-'Amriyah",2022,63080.5
"Al Iskandariyah","Al-'Amriyah",2023,84526.5859375
"Al Iskandariyah","Al-'Amriyah",2024,67984.890625
"Al Iskandariyah","Al-'Atarin",2012,1877.46008300781
"Al Iskandariyah","Al-'Atarin",2013,1614.39013671875
"Al Iskandariyah","Al-'Atarin",2014,1405.73828125
"Al Iskandariyah","Al-'Atarin",2015,1515.20666503906
"Al Iskandariyah","Al-'Atarin",2016,1530.04309082031
"Al Iskandariyah","Al-'Atarin",2017,1400.20068359375
"Al Iskandariyah","Al-'Atarin",2018,1349.18920898438
"Al Iskandariyah","Al-'Atarin",2019,1333.97448730469
"Al Iskandariyah","Al-'Atarin",2020,993.771179199219
"Al Iskandariyah","Al-'Atarin",2021,1111.51611328125
"Al Iskandariyah","Al-'Atarin",2022,1247.27185058594
"Al Iskandariyah","Al-'Atarin",2023,1276.43688964844
"Al Iskandariyah","Al-'Atarin",2024,1301.3017578125
"Al Iskandariyah","Al-Jumruk",2012,1478.53503417969
"Al Iskandariyah","Al-Jumruk",2013,1182.42810058594
"Al Iskandariyah","Al-Jumruk",2014,1171.15405273438
"Al Iskandariyah","Al-Jumruk",2015,1249.27917480469
"Al Iskandariyah","Al-Jumruk",2016,1190.29895019531
"Al Iskandariyah","Al-Jumruk",2017,1242.14929199219
"Al Iskandariyah","Al-Jumruk",2018,1260.08117675781
"Al Iskandariyah","Al-Jumruk",2019,1249.68835449219
"Al Iskandariyah","Al-Jumruk",2020,1137.12707519531
"Al Iskandariyah","Al-Jumruk",2021,1358.32348632812
"Al Iskandariyah","Al-Jumruk",2022,1290.48803710938
"Al Iskandariyah","Al-Jumruk",2023,1227.65197753906
"Al Iskandariyah","Al-Jumruk",2024,1139.89465332031
"Al Iskandariyah","Al-Laban",2012,737.270874023438
"Al Iskandariyah","Al-Laban",2013,667.220520019531
"Al Iskandariyah","Al-Laban",2014,557.671020507812
"Al Iskandariyah","Al-Laban",2015,608.7412109375
"Al Iskandariyah","Al-Laban",2016,640.586486816406
"Al Iskandariyah","Al-Laban",2017,597.509643554688
"Al Iskandariyah","Al-Laban",2018,570.656555175781
"Al Iskandariyah","Al-Laban",2019,544.65478515625
"Al Iskandariyah","Al-Laban",2020,455.299163818359
"Al Iskandariyah","Al-Laban",2021,485.461547851562
"Al Iskandariyah","Al-Laban",2022,482.357421875
"Al Iskandariyah","Al-Laban",2023,477.012725830078
"Al Iskandariyah","Al-Laban",2024,447.771789550781
"Al Iskandariyah","Al-Manshiyah",2012,398.683563232422
"Al Iskandariyah","Al-Manshiyah",2013,299.794097900391
"Al Iskandariyah","Al-Manshiyah",2014,246.507400512695
"Al Iskandariyah","Al-Manshiyah",2015,261.144439697266
"Al Iskandariyah","Al-Manshiyah",2016,285.813507080078
"Al Iskandariyah","Al-Manshiyah",2017,258.373504638672
"Al Iskandariyah","Al-Manshiyah",2018,257.200622558594
"Al Iskandariyah","Al-Manshiyah",2019,250.079711914062
"Al Iskandariyah","Al-Manshiyah",2020,193.29443359375
"Al Iskandariyah","Al-Manshiyah",2021,193.087127685547
"Al Iskandariyah","Al-Manshiyah",2022,207.328948974609
"Al Iskandariyah","Al-Manshiyah",2023,219.745803833008
"Al Iskandariyah","Al-Manshiyah",2024,209.519653320312
"Al Iskandariyah","Al-Muntazah",2012,22223.37890625
"Al Iskandariyah","Al-Muntazah",2013,20324.328125
"Al Iskandariyah","Al-Muntazah",2014,18850.4609375
"Al Iskandariyah","Al-Muntazah",2015,18327.447265625
"Al Iskandariyah","Al-Muntazah",2016,18178.865234375
"Al Iskandariyah","Al-Muntazah",2017,17244.173828125
"Al Iskandariyah","Al-Muntazah",2018,16167.0166015625
"Al Iskandariyah","Al-Muntazah",2019,15764.5390625
"Al Iskandariyah","Al-Muntazah",2020,14342.48828125
"Al Iskandariyah","Al-Muntazah",2021,16320.818359375
"Al Iskandariyah","Al-Muntazah",2022,16166.83984375
"Al Iskandariyah","Al-Muntazah",2023,17695.79296875
"Al Iskandariyah","Al-Muntazah",2024,18664.9609375
"Al Iskandariyah","Ar-Raml 1",2012,4889.11865234375
"Al Iskandariyah","Ar-Raml 1",2013,4186.8935546875
"Al Iskandariyah","Ar-Raml 1",2014,3694.58178710938
"Al Iskandariyah","Ar-Raml 1",2015,3452.73950195312
"Al Iskandariyah","Ar-Raml 1",2016,3307.9228515625
"Al Iskandariyah","Ar-Raml 1",2017,3039.69848632812
"Al Iskandariyah","Ar-Raml 1",2018,2887.16723632812
"Al Iskandariyah","Ar-Raml 1",2019,2820.21850585938
"Al Iskandariyah","Ar-Raml 1",2020,2455.25146484375
"Al Iskandariyah","Ar-Raml 1",2021,2691.80297851562
"Al Iskandariyah","Ar-Raml 1",2022,2624.38452148438
"Al Iskandariyah","Ar-Raml 1",2023,2412.32055664062
"Al Iskandariyah","Ar-Raml 1",2024,2178.79248046875
"Al Iskandariyah","Ar-Raml 2",2012,7427.41943359375
"Al Iskandariyah","Ar-Raml 2",2013,6991.17578125
"Al Iskandariyah","Ar-Raml 2",2014,6391.85498046875
"Al Iskandariyah","Ar-Raml 2",2015,6106.421875
"Al Iskandariyah","Ar-Raml 2",2016,6005.8330078125
"Al Iskandariyah","Ar-Raml 2",2017,5572.728515625
"Al Iskandariyah","Ar-Raml 2",2018,5293.65185546875
"Al Iskandariyah","Ar-Raml 2",2019,5125.81640625
"Al Iskandariyah","Ar-Raml 2",2020,5317.1142578125
"Al Iskandariyah","Ar-Raml 2",2021,5810.56494140625
"Al Iskandariyah","Ar-Raml 2",2022,5541.26708984375
"Al Iskandariyah","Ar-Raml 2",2023,4974.6181640625
"Al Iskandariyah","Ar-Raml 2",2024,4612.044921875
"Al Iskandariyah","Bab Sharqi",2012,3949.96020507812
"Al Iskandariyah","Bab Sharqi",2013,3417.98388671875
"Al Iskandariyah","Bab Sharqi",2014,3144.79663085938
"Al Iskandariyah","Bab Sharqi",2015,2940.53198242188
"Al Iskandariyah","Bab Sharqi",2016,2781.76318359375
"Al Iskandariyah","Bab Sharqi",2017,2738.52709960938
"Al Iskandariyah","Bab Sharqi",2018,2540.63623046875
"Al Iskandariyah","Bab Sharqi",2019,2456.11474609375
"Al Iskandariyah","Bab Sharqi",2020,2277.48120117188
"Al Iskandariyah","Bab Sharqi",2021,2355.82299804688
"Al Iskandariyah","Bab Sharqi",2022,2381.953125
"Al Iskandariyah","Bab Sharqi",2023,2227.01538085938
"Al Iskandariyah","Bab Sharqi",2024,2136.79638671875
"Al Iskandariyah","Burj al-'Arab",2012,21713.9921875
"Al Iskandariyah","Burj al-'Arab",2013,22259.73046875
"Al Iskandariyah","Burj al-'Arab",2014,20617.375
"Al Iskandariyah","Burj al-'Arab",2015,20454.4765625
"Al Iskandariyah","Burj al-'Arab",2016,19015.7421875
"Al Iskandariyah","Burj al-'Arab",2017,18766.54296875
"Al Iskandariyah","Burj al-'Arab",2018,19028.849609375
"Al Iskandariyah","Burj al-'Arab",2019,18564.6796875
"Al Iskandariyah","Burj al-'Arab",2020,17796.017578125
"Al Iskandariyah","Burj al-'Arab",2021,22390.607421875
"Al Iskandariyah","Burj al-'Arab",2022,21662.220703125
"Al Iskandariyah","Burj al-'Arab",2023,19845.548828125
"Al Iskandariyah","Burj al-'Arab",2024,24096.25
"Al Iskandariyah","Karmuz",2012,2096.18579101562
"Al Iskandariyah","Karmuz",2013,1930.92651367188
"Al Iskandariyah","Karmuz",2014,1659.17272949219
"Al Iskandariyah","Karmuz",2015,1690.17651367188
"Al Iskandariyah","Karmuz",2016,1700.24731445312
"Al Iskandariyah","Karmuz",2017,1607.47863769531
"Al Iskandariyah","Karmuz",2018,1542.0361328125
"Al Iskandariyah","Karmuz",2019,1543.4501953125
"Al Iskandariyah","Karmuz",2020,1454.24340820312
"Al Iskandariyah","Karmuz",2021,1508.42492675781
"Al Iskandariyah","Karmuz",2022,1512.88366699219
"Al Iskandariyah","Karmuz",2023,1528.86352539062
"Al Iskandariyah","Karmuz",2024,1410.16101074219
"Al Iskandariyah","Muharam Bik",2012,4845.84375
"Al Iskandariyah","Muharam Bik",2013,4301.20703125
"Al Iskandariyah","Muharam Bik",2014,3914.17553710938
"Al Iskandariyah","Muharam Bik",2015,3740.49145507812
"Al Iskandariyah","Muharam Bik",2016,3667.6806640625
"Al Iskandariyah","Muharam Bik",2017,3486.79125976562
"Al Iskandariyah","Muharam Bik",2018,3242.03076171875
"Al Iskandariyah","Muharam Bik",2019,3111.2890625
"Al Iskandariyah","Muharam Bik",2020,2953.43994140625
"Al Iskandariyah","Muharam Bik",2021,3104.546875
"Al Iskandariyah","Muharam Bik",2022,2894.07446289062
"Al Iskandariyah","Muharam Bik",2023,2876.38305664062
"Al Iskandariyah","Muharam Bik",2024,2630.3974609375
"Al Iskandariyah","New Burj al-'Arab City",2012,12415.3759765625
"Al Iskandariyah","New Burj al-'Arab City",2013,14012.4716796875
"Al Iskandariyah","New Burj al-'Arab City",2014,13416.9970703125
"Al Iskandariyah","New Burj al-'Arab City",2015,13668.01171875
"Al Iskandariyah","New Burj al-'Arab City",2016,13147.00390625
"Al Iskandariyah","New Burj al-'Arab City",2017,13188.49609375
"Al Iskandariyah","New Burj al-'Arab City",2018,14727.2763671875
"Al Iskandariyah","New Burj al-'Arab City",2019,15302.2578125
"Al Iskandariyah","New Burj al-'Arab City",2020,13195.8095703125
"Al Iskandariyah","New Burj al-'Arab City",2021,16350.576171875
"Al Iskandariyah","New Burj al-'Arab City",2022,16355.892578125
"Al Iskandariyah","New Burj al-'Arab City",2023,12923.646484375
"Al Iskandariyah","New Burj al-'Arab City",2024,12512.8271484375
"Al Iskandariyah","Port Alexandria Police Departmen",2012,1813.42687988281
"Al Iskandariyah","Port Alexandria Police Departmen",2013,1579.72009277344
"Al Iskandariyah","Port Alexandria Police Departmen",2014,1653.87414550781
"Al Iskandariyah","Port Alexandria Police Departmen",2015,1839.98876953125
"Al Iskandariyah","Port Alexandria Police Departmen",2016,1778.1826171875
"Al Iskandariyah","Port Alexandria Police Departmen",2017,1827.77795410156
"Al Iskandariyah","Port Alexandria Police Departmen",2018,1717.17712402344
"Al Iskandariyah","Port Alexandria Police Departmen",2019,1662.97790527344
"Al Iskandariyah","Port Alexandria Police Departmen",2020,1679.98681640625
"Al Iskandariyah","Port Alexandria Police Departmen",2021,1992.24060058594
"Al Iskandariyah","Port Alexandria Police Departmen",2022,1943.40515136719
"Al Iskandariyah","Port Alexandria Police Departmen",2023,2676.35986328125
"Al Iskandariyah","Port Alexandria Police Departmen",2024,2585.34643554688
"Al Iskandariyah","Port al-Basal",2012,4006.80200195312
"Al Iskandariyah","Port al-Basal",2013,3667.37768554688
"Al Iskandariyah","Port al-Basal",2014,3487.31518554688
"Al Iskandariyah","Port al-Basal",2015,3400.35302734375
"Al Iskandariyah","Port al-Basal",2016,3245.81030273438
"Al Iskandariyah","Port al-Basal",2017,3057.11743164062
"Al Iskandariyah","Port al-Basal",2018,3023.14819335938
"Al Iskandariyah","Port al-Basal",2019,2800.45166015625
"Al Iskandariyah","Port al-Basal",2020,2894.4921875
"Al Iskandariyah","Port al-Basal",2021,3352.052734375
"Al Iskandariyah","Port al-Basal",2022,3374.24365234375
"Al Iskandariyah","Port al-Basal",2023,3604.60424804688
"Al Iskandariyah","Port al-Basal",2024,3294.31787109375
"Al Iskandariyah","Sidi Jabir",2012,7252.59912109375
"Al Iskandariyah","Sidi Jabir",2013,6213.49853515625
"Al Iskandariyah","Sidi Jabir",2014,5710.763671875
"Al Iskandariyah","Sidi Jabir",2015,5640.09033203125
"Al Iskandariyah","Sidi Jabir",2016,5503.84521484375
"Al Iskandariyah","Sidi Jabir",2017,5433.31103515625
"Al Iskandariyah","Sidi Jabir",2018,4970.01953125
"Al Iskandariyah","Sidi Jabir",2019,4812.1748046875
"Al Iskandariyah","Sidi Jabir",2020,4918.10400390625
"Al Iskandariyah","Sidi Jabir",2021,4735.978515625
"Al Iskandariyah","Sidi Jabir",2022,4569.98876953125
"Al Iskandariyah","Sidi Jabir",2023,4066.162109375
"Al Iskandariyah","Sidi Jabir",2024,4510.001953125
"Al Iskandariyah","Unorganized in Al Iskandariyah",2012,1945.6044921875
"Al Iskandariyah","Unorganized in Al Iskandariyah",2013,1531.62915039062
"Al Iskandariyah","Unorganized in Al Iskandariyah",2014,1598.23583984375
"Al Iskandariyah","Unorganized in Al Iskandariyah",2015,1639.70043945312
"Al Iskandariyah","Unorganized in Al Iskandariyah",2016,1493.63916015625
"Al Iskandariyah","Unorganized in Al Iskandariyah",2017,1438.25463867188
"Al Iskandariyah","Unorganized in Al Iskandariyah",2018,1278.68872070312
"Al Iskandariyah","Unorganized in Al Iskandariyah",2019,1271.13061523438
"Al Iskandariyah","Unorganized in Al Iskandariyah",2020,892.853942871094
"Al Iskandariyah","Unorganized in Al Iskandariyah",2021,1323.23266601562
"Al Iskandariyah","Unorganized in Al Iskandariyah",2022,2195.99365234375
"Al Iskandariyah","Unorganized in Al Iskandariyah",2023,3235.57690429688
"Al Iskandariyah","Unorganized in Al Iskandariyah",2024,2455.05297851562
"Al Isma`iliyah","Al-Qantarah",2012,15425.6826171875
"Al Isma`iliyah","Al-Qantarah",2013,14000.3740234375
"Al Isma`iliyah","Al-Qantarah",2014,12642.5595703125
"Al Isma`iliyah","Al-Qantarah",2015,12311.5126953125
"Al Isma`iliyah","Al-Qantarah",2016,14519.693359375
"Al Isma`iliyah","Al-Qantarah",2017,14969.0947265625
"Al Isma`iliyah","Al-Qantarah",2018,14393.6767578125
"Al Isma`iliyah","Al-Qantarah",2019,14651.3173828125
"Al Isma`iliyah","Al-Qantarah",2020,13286.86328125
"Al Isma`iliyah","Al-Qantarah",2021,14746.478515625
"Al Isma`iliyah","Al-Qantarah",2022,15724.3857421875
"Al Isma`iliyah","Al-Qantarah",2023,14367.6708984375
"Al Isma`iliyah","Al-Qantarah",2024,13294.9306640625
"Al Isma`iliyah","Al-Qantarah ash-Sharqiyah",2012,7751.54638671875
"Al Isma`iliyah","Al-Qantarah ash-Sharqiyah",2013,6493.23095703125
"Al Isma`iliyah","Al-Qantarah ash-Sharqiyah",2014,5976.576171875
"Al Isma`iliyah","Al-Qantarah ash-Sharqiyah",2015,6408.20263671875
"Al Isma`iliyah","Al-Qantarah ash-Sharqiyah",2016,7611.7861328125
"Al Isma`iliyah","Al-Qantarah ash-Sharqiyah",2017,9230.189453125
"Al Isma`iliyah","Al-Qantarah ash-Sharqiyah",2018,8521.9228515625
"Al Isma`iliyah","Al-Qantarah ash-Sharqiyah",2019,9272.578125
"Al Isma`iliyah","Al-Qantarah ash-Sharqiyah",2020,8593.1357421875
"Al Isma`iliyah","Al-Qantarah ash-Sharqiyah",2021,10283.5263671875
"Al Isma`iliyah","Al-Qantarah ash-Sharqiyah",2022,11588.68359375
"Al Isma`iliyah","Al-Qantarah ash-Sharqiyah",2023,11166.033203125
"Al Isma`iliyah","Al-Qantarah ash-Sharqiyah",2024,11404.5126953125
"Al Isma`iliyah","At-Tall al-Kabir",2012,15193.3876953125
"Al Isma`iliyah","At-Tall al-Kabir",2013,13495.38671875
"Al Isma`iliyah","At-Tall al-Kabir",2014,11498.4248046875
"Al Isma`iliyah","At-Tall al-Kabir",2015,11502.349609375
"Al Isma`iliyah","At-Tall al-Kabir",2016,14244.3662109375
"Al Isma`iliyah","At-Tall al-Kabir",2017,14667.9150390625
"Al Isma`iliyah","At-Tall al-Kabir",2018,14129.125
"Al Isma`iliyah","At-Tall al-Kabir",2019,13835.919921875
"Al Isma`iliyah","At-Tall al-Kabir",2020,12677.9267578125
"Al Isma`iliyah","At-Tall al-Kabir",2021,17145.669921875
"Al Isma`iliyah","At-Tall al-Kabir",2022,19016.681640625
"Al Isma`iliyah","At-Tall al-Kabir",2023,17431.025390625
"Al Isma`iliyah","At-Tall al-Kabir",2024,16032.919921875
"Al Isma`iliyah","Fa'id",2012,9834.0322265625
"Al Isma`iliyah","Fa'id",2013,8804.376953125
"Al Isma`iliyah","Fa'id",2014,7427.91357421875
"Al Isma`iliyah","Fa'id",2015,7113.462890625
"Al Isma`iliyah","Fa'id",2016,7857.095703125
"Al Isma`iliyah","Fa'id",2017,7847.49560546875
"Al Isma`iliyah","Fa'id",2018,7155.21337890625
"Al Isma`iliyah","Fa'id",2019,6868.92138671875
"Al Isma`iliyah","Fa'id",2020,6946.82763671875
"Al Isma`iliyah","Fa'id",2021,8189.06884765625
"Al Isma`iliyah","Fa'id",2022,8425.3115234375
"Al Isma`iliyah","Fa'id",2023,7515.04736328125
"Al Isma`iliyah","Fa'id",2024,6786.2001953125
"Al Isma`iliyah","Ismailia",2012,19575.728515625
"Al Isma`iliyah","Ismailia",2013,18029.6015625
"Al Isma`iliyah","Ismailia",2014,15842.28515625
"Al Isma`iliyah","Ismailia",2015,16712.88671875
"Al Isma`iliyah","Ismailia",2016,19988.8046875
"Al Isma`iliyah","Ismailia",2017,20006.470703125
"Al Isma`iliyah","Ismailia",2018,19300.603515625
"Al Isma`iliyah","Ismailia",2019,18818.111328125
"Al Isma`iliyah","Ismailia",2020,17681.890625
"Al Isma`iliyah","Ismailia",2021,23282.078125
"Al Isma`iliyah","Ismailia",2022,25014.861328125
"Al Isma`iliyah","Ismailia",2023,22424.98828125
"Al Isma`iliyah","Ismailia",2024,20705.416015625
"Al Isma`iliyah","Ismailia 1",2012,4938.6806640625
"Al Isma`iliyah","Ismailia 1",2013,4750.9208984375
"Al Isma`iliyah","Ismailia 1",2014,4096.80322265625
"Al Isma`iliyah","Ismailia 1",2015,4274.5517578125
"Al Isma`iliyah","Ismailia 1",2016,4576.259765625
"Al Isma`iliyah","Ismailia 1",2017,4846.8359375
"Al Isma`iliyah","Ismailia 1",2018,5069.23095703125
"Al Isma`iliyah","Ismailia 1",2019,4874.23046875
"Al Isma`iliyah","Ismailia 1",2020,4601.21630859375
"Al Isma`iliyah","Ismailia 1",2021,4955.58251953125
"Al Isma`iliyah","Ismailia 1",2022,5084.2548828125
"Al Isma`iliyah","Ismailia 1",2023,4705.17333984375
"Al Isma`iliyah","Ismailia 1",2024,4599.4833984375
"Al Isma`iliyah","Ismailia 2",2012,4829.02001953125
"Al Isma`iliyah","Ismailia 2",2013,3869.84228515625
"Al Isma`iliyah","Ismailia 2",2014,3435.13793945312
"Al Isma`iliyah","Ismailia 2",2015,3614.0400390625
"Al Isma`iliyah","Ismailia 2",2016,4264.86181640625
"Al Isma`iliyah","Ismailia 2",2017,4418.60205078125
"Al Isma`iliyah","Ismailia 2",2018,4529.40771484375
"Al Isma`iliyah","Ismailia 2",2019,4724.77783203125
"Al Isma`iliyah","Ismailia 2",2020,4588.8818359375
"Al Isma`iliyah","Ismailia 2",2021,5189.40576171875
"Al Isma`iliyah","Ismailia 2",2022,5334.1806640625
"Al Isma`iliyah","Ismailia 2",2023,4796.01171875
"Al Isma`iliyah","Ismailia 2",2024,4751.10205078125
"Al Isma`iliyah","Ismailia 3",2012,4115.89453125
"Al Isma`iliyah","Ismailia 3",2013,3918.54858398438
"Al Isma`iliyah","Ismailia 3",2014,3646.21533203125
"Al Isma`iliyah","Ismailia 3",2015,3740.30004882812
"Al Isma`iliyah","Ismailia 3",2016,4102.73681640625
"Al Isma`iliyah","Ismailia 3",2017,4511.59912109375
"Al Isma`iliyah","Ismailia 3",2018,4382.8427734375
"Al Isma`iliyah","Ismailia 3",2019,4388.900390625
"Al Isma`iliyah","Ismailia 3",2020,4233.91943359375
"Al Isma`iliyah","Ismailia 3",2021,4982.22265625
"Al Isma`iliyah","Ismailia 3",2022,5394.080078125
"Al Isma`iliyah","Ismailia 3",2023,4879.693359375
"Al Isma`iliyah","Ismailia 3",2024,4730.31591796875
"Al Jizah","Ad-Duqi",2012,4707.29345703125
"Al Jizah","Ad-Duqi",2013,3922.98754882812
"Al Jizah","Ad-Duqi",2014,3837.56713867188
"Al Jizah","Ad-Duqi",2015,3824.39111328125
"Al Jizah","Ad-Duqi",2016,3590.57885742188
"Al Jizah","Ad-Duqi",2017,3502.125
"Al Jizah","Ad-Duqi",2018,3536.03662109375
"Al Jizah","Ad-Duqi",2019,3450.50048828125
"Al Jizah","Ad-Duqi",2020,2810.79858398438
"Al Jizah","Ad-Duqi",2021,3076.5673828125
"Al Jizah","Ad-Duqi",2022,3709.65454101562
"Al Jizah","Ad-Duqi",2023,3243.86401367188
"Al Jizah","Ad-Duqi",2024,3163.76293945312
"Al Jizah","Al-'Ajuzah",2012,3831.107421875
"Al Jizah","Al-'Ajuzah",2013,3097.10327148438
"Al Jizah","Al-'Ajuzah",2014,2878.79467773438
"Al Jizah","Al-'Ajuzah",2015,2999.48046875
"Al Jizah","Al-'Ajuzah",2016,3153.03833007812
"Al Jizah","Al-'Ajuzah",2017,2976.30590820312
"Al Jizah","Al-'Ajuzah",2018,3072.99462890625
"Al Jizah","Al-'Ajuzah",2019,3380.38403320312
"Al Jizah","Al-'Ajuzah",2020,2768.98681640625
"Al Jizah","Al-'Ajuzah",2021,2950.02124023438
"Al Jizah","Al-'Ajuzah",2022,3121.96850585938
"Al Jizah","Al-'Ajuzah",2023,2818.65161132812
"Al Jizah","Al-'Ajuzah",2024,2751.80444335938
"Al Jizah","Al-'Ayyat",2012,9776.806640625
"Al Jizah","Al-'Ayyat",2013,9507.6181640625
"Al Jizah","Al-'Ayyat",2014,8986.0380859375
"Al Jizah","Al-'Ayyat",2015,8650.6474609375
"Al Jizah","Al-'Ayyat",2016,8979.609375
"Al Jizah","Al-'Ayyat",2017,8880.7119140625
"Al Jizah","Al-'Ayyat",2018,8503.9443359375
"Al Jizah","Al-'Ayyat",2019,8837.265625
"Al Jizah","Al-'Ayyat",2020,8400.83203125
"Al Jizah","Al-'Ayyat",2021,9420.31640625
"Al Jizah","Al-'Ayyat",2022,8836.5517578125
"Al Jizah","Al-'Ayyat",2023,7676.39697265625
"Al Jizah","Al-'Ayyat",2024,7377.82568359375
"Al Jizah","Al-'Umraniyah",2012,8238.6728515625
"Al Jizah","Al-'Umraniyah",2013,7511.88671875
"Al Jizah","Al-'Umraniyah",2014,6964.73583984375
"Al Jizah","Al-'Umraniyah",2015,7634.61279296875
"Al Jizah","Al-'Umraniyah",2016,7985.0537109375
"Al Jizah","Al-'Umraniyah",2017,7487.1923828125
"Al Jizah","Al-'Umraniyah",2018,7234.74267578125
"Al Jizah","Al-'Umraniyah",2019,7648.55810546875
"Al Jizah","Al-'Umraniyah",2020,6840.52099609375
"Al Jizah","Al-'Umraniyah",2021,7761.19287109375
"Al Jizah","Al-'Umraniyah",2022,8470.7109375
"Al Jizah","Al-'Umraniyah",2023,7461.59716796875
"Al Jizah","Al-'Umraniyah",2024,7004.68115234375
"Al Jizah","Al-Ahram",2012,8949.474609375
"Al Jizah","Al-Ahram",2013,8021.28369140625
"Al Jizah","Al-Ahram",2014,7674.458984375
"Al Jizah","Al-Ahram",2015,8069.478515625
"Al Jizah","Al-Ahram",2016,8077.4951171875
"Al Jizah","Al-Ahram",2017,7360.87060546875
"Al Jizah","Al-Ahram",2018,7273.90576171875
"Al Jizah","Al-Ahram",2019,7411.2041015625
"Al Jizah","Al-Ahram",2020,6604.94921875
"Al Jizah","Al-Ahram",2021,7494.65966796875
"Al Jizah","Al-Ahram",2022,8412.8125
"Al Jizah","Al-Ahram",2023,7783.72119140625
"Al Jizah","Al-Ahram",2024,8239.408203125
"Al Jizah","Al-Badrashayn",2012,12528.5244140625
"Al Jizah","Al-Badrashayn",2013,12040.64453125
"Al Jizah","Al-Badrashayn",2014,11251.7880859375
"Al Jizah","Al-Badrashayn",2015,11011.150390625
"Al Jizah","Al-Badrashayn",2016,11357.931640625
"Al Jizah","Al-Badrashayn",2017,10474.5322265625
"Al Jizah","Al-Badrashayn",2018,9651.146484375
"Al Jizah","Al-Badrashayn",2019,9955.8583984375
"Al Jizah","Al-Badrashayn",2020,9417.294921875
"Al Jizah","Al-Badrashayn",2021,10247.7734375
"Al Jizah","Al-Badrashayn",2022,10290.470703125
"Al Jizah","Al-Badrashayn",2023,9680.24609375
"Al Jizah","Al-Badrashayn",2024,9750.1025390625
"Al Jizah","Al-Hawamidiyah",2012,3710.61499023438
"Al Jizah","Al-Hawamidiyah",2013,3749.39672851562
"Al Jizah","Al-Hawamidiyah",2014,3649.99267578125
"Al Jizah","Al-Hawamidiyah",2015,3607.828125
"Al Jizah","Al-Hawamidiyah",2016,3834.77709960938
"Al Jizah","Al-Hawamidiyah",2017,3471.0126953125
"Al Jizah","Al-Hawamidiyah",2018,3291.52783203125
"Al Jizah","Al-Hawamidiyah",2019,3252.69287109375
"Al Jizah","Al-Hawamidiyah",2020,3002.01489257812
"Al Jizah","Al-Hawamidiyah",2021,3272.01977539062
"Al Jizah","Al-Hawamidiyah",2022,3328.14111328125
"Al Jizah","Al-Hawamidiyah",2023,3086.72094726562
"Al Jizah","Al-Hawamidiyah",2024,3047.60717773438
"Al Jizah","Al-Wahat al-Bahariyah",2012,169.103637695312
"Al Jizah","Al-Wahat al-Bahariyah",2013,141.589294433594
"Al Jizah","Al-Wahat al-Bahariyah",2014,125.484916687012
"Al Jizah","Al-Wahat al-Bahariyah",2015,123.893493652344
"Al Jizah","Al-Wahat al-Bahariyah",2016,171.309448242188
"Al Jizah","Al-Wahat al-Bahariyah",2017,158.24885559082
"Al Jizah","Al-Wahat al-Bahariyah",2018,160.024230957031
"Al Jizah","Al-Wahat al-Bahariyah",2019,183.849166870117
"Al Jizah","Al-Wahat al-Bahariyah",2020,181.654602050781
"Al Jizah","Al-Wahat al-Bahariyah",2021,195.275634765625
"Al Jizah","Al-Wahat al-Bahariyah",2022,177.128326416016
"Al Jizah","Al-Wahat al-Bahariyah",2023,164.910461425781
"Al Jizah","Al-Wahat al-Bahariyah",2024,169.016036987305
"Al Jizah","Al-Warraq",2012,15091.390625
"Al Jizah","Al-Warraq",2013,14565.3623046875
"Al Jizah","Al-Warraq",2014,13665.30078125
"Al Jizah","Al-Warraq",2015,14051.09765625
"Al Jizah","Al-Warraq",2016,14685.0693359375
"Al Jizah","Al-Warraq",2017,14322.2099609375
"Al Jizah","Al-Warraq",2018,14407.349609375
"Al Jizah","Al-Warraq",2019,14991.1953125
"Al Jizah","Al-Warraq",2020,13499.7841796875
"Al Jizah","Al-Warraq",2021,14562.490234375
"Al Jizah","Al-Warraq",2022,14700.47265625
"Al Jizah","Al-Warraq",2023,13374.5888671875
"Al Jizah","Al-Warraq",2024,12742.404296875
"Al Jizah","As-Saff",2012,13359.568359375
"Al Jizah","As-Saff",2013,12848.12890625
"Al Jizah","As-Saff",2014,11959.509765625
"Al Jizah","As-Saff",2015,11765.16015625
"Al Jizah","As-Saff",2016,12224.408203125
"Al Jizah","As-Saff",2017,11707.8212890625
"Al Jizah","As-Saff",2018,10785.259765625
"Al Jizah","As-Saff",2019,11281.3046875
"Al Jizah","As-Saff",2020,10585.7255859375
"Al Jizah","As-Saff",2021,11667.7001953125
"Al Jizah","As-Saff",2022,11237.234375
"Al Jizah","As-Saff",2023,9606.0673828125
"Al Jizah","As-Saff",2024,9339.396484375
"Al Jizah","Atfih",2012,10515.40625
"Al Jizah","Atfih",2013,10720.3544921875
"Al Jizah","Atfih",2014,10241.5888671875
"Al Jizah","Atfih",2015,9795.2724609375
"Al Jizah","Atfih",2016,10446.70703125
"Al Jizah","Atfih",2017,10075.7099609375
"Al Jizah","Atfih",2018,10256.857421875
"Al Jizah","Atfih",2019,10834.203125
"Al Jizah","Atfih",2020,9971.0576171875
"Al Jizah","Atfih",2021,10504.4443359375
"Al Jizah","Atfih",2022,9823.943359375
"Al Jizah","Atfih",2023,8596.62890625
"Al Jizah","Atfih",2024,8424.232421875
"Al Jizah","Bulaq al-Dakrur",2012,5136.46923828125
"Al Jizah","Bulaq al-Dakrur",2013,4631.6123046875
"Al Jizah","Bulaq al-Dakrur",2014,4366.6435546875
"Al Jizah","Bulaq al-Dakrur",2015,4505.27001953125
"Al Jizah","Bulaq al-Dakrur",2016,4451.46630859375
"Al Jizah","Bulaq al-Dakrur",2017,4105.9501953125
"Al Jizah","Bulaq al-Dakrur",2018,4049.14892578125
"Al Jizah","Bulaq al-Dakrur",2019,4292.10595703125
"Al Jizah","Bulaq al-Dakrur",2020,3815.29956054688
"Al Jizah","Bulaq al-Dakrur",2021,4244.2216796875
"Al Jizah","Bulaq al-Dakrur",2022,4356.3310546875
"Al Jizah","Bulaq al-Dakrur",2023,3932.623046875
"Al Jizah","Bulaq al-Dakrur",2024,3704.61181640625
"Al Jizah","Giza",2012,14893.189453125
"Al Jizah","Giza",2013,14208.9619140625
"Al Jizah","Giza",2014,13746.064453125
"Al Jizah","Giza",2015,14105.6572265625
"Al Jizah","Giza",2016,14249.8544921875
"Al Jizah","Giza",2017,13297.2763671875
"Al Jizah","Giza",2018,12749.10546875
"Al Jizah","Giza",2019,13125.0986328125
"Al Jizah","Giza",2020,11950.1044921875
"Al Jizah","Giza",2021,12916.5869140625
"Al Jizah","Giza",2022,13756.283203125
"Al Jizah","Giza",2023,12448.193359375
"Al Jizah","Giza",2024,12222.240234375
"Al Jizah","Imbabah",2012,23095.453125
"Al Jizah","Imbabah",2013,22394.001953125
"Al Jizah","Imbabah",2014,20944.564453125
"Al Jizah","Imbabah",2015,20822.78515625
"Al Jizah","Imbabah",2016,21345.099609375
"Al Jizah","Imbabah",2017,20673.8671875
"Al Jizah","Imbabah",2018,20004.77734375
"Al Jizah","Imbabah",2019,20583.669921875
"Al Jizah","Imbabah",2020,18806.943359375
"Al Jizah","Imbabah",2021,19694.89453125
"Al Jizah","Imbabah",2022,18958.69921875
"Al Jizah","Imbabah",2023,16676.90234375
"Al Jizah","Imbabah",2024,15268.501953125
"Al Jizah","Kirdasah",2012,13445.28515625
"Al Jizah","Kirdasah",2013,12694.880859375
"Al Jizah","Kirdasah",2014,12494.4912109375
"Al Jizah","Kirdasah",2015,12831.9169921875
"Al Jizah","Kirdasah",2016,13356.6708984375
"Al Jizah","Kirdasah",2017,12713.0087890625
"Al Jizah","Kirdasah",2018,12443.982421875
"Al Jizah","Kirdasah",2019,13361.98828125
"Al Jizah","Kirdasah",2020,12160.365234375
"Al Jizah","Kirdasah",2021,12593.205078125
"Al Jizah","Kirdasah",2022,13326.8818359375
"Al Jizah","Kirdasah",2023,12646.837890625
"Al Jizah","Kirdasah",2024,12096.4248046875
"Al Jizah","Sheikh Zayed",2012,13656.0576171875
"Al Jizah","Sheikh Zayed",2013,13312.5234375
"Al Jizah","Sheikh Zayed",2014,14012.1630859375
"Al Jizah","Sheikh Zayed",2015,17807.40234375
"Al Jizah","Sheikh Zayed",2016,20567.611328125
"Al Jizah","Sheikh Zayed",2017,20482.306640625
"Al Jizah","Sheikh Zayed",2018,20906.6171875
"Al Jizah","Sheikh Zayed",2019,21608.9140625
"Al Jizah","Sheikh Zayed",2020,20970.8984375
"Al Jizah","Sheikh Zayed",2021,24470.75
"Al Jizah","Sheikh Zayed",2022,25634.173828125
"Al Jizah","Sheikh Zayed",2023,22808.4296875
"Al Jizah","Sheikh Zayed",2024,21369.478515625
"Al Jizah","Sixth of October 1 City",2012,12402.568359375
"Al Jizah","Sixth of October 1 City",2013,11393.2412109375
"Al Jizah","Sixth of October 1 City",2014,12122.15625
"Al Jizah","Sixth of October 1 City",2015,11886.3251953125
"Al Jizah","Sixth of October 1 City",2016,12227.94140625
"Al Jizah","Sixth of October 1 City",2017,11790.60546875
"Al Jizah","Sixth of October 1 City",2018,13657.0654296875
"Al Jizah","Sixth of October 1 City",2019,15819.953125
"Al Jizah","Sixth of October 1 City",2020,15559.91015625
"Al Jizah","Sixth of October 1 City",2021,16628.15625
"Al Jizah","Sixth of October 1 City",2022,17311.505859375
"Al Jizah","Sixth of October 1 City",2023,16137.1923828125
"Al Jizah","Sixth of October 1 City",2024,16561.640625
"Al Jizah","Sixth of October 2 City",2012,20745.7890625
"Al Jizah","Sixth of October 2 City",2013,19856.369140625
"Al Jizah","Sixth of October 2 City",2014,19505.431640625
"Al Jizah","Sixth of October 2 City",2015,19270.6875
"Al Jizah","Sixth of October 2 City",2016,20064.263671875
"Al Jizah","Sixth of October 2 City",2017,19096.7578125
"Al Jizah","Sixth of October 2 City",2018,21621.435546875
"Al Jizah","Sixth of October 2 City",2019,23087.65234375
"Al Jizah","Sixth of October 2 City",2020,22821.103515625
"Al Jizah","Sixth of October 2 City",2021,25706.03515625
"Al Jizah","Sixth of October 2 City",2022,25594.1328125
"Al Jizah","Sixth of October 2 City",2023,23038.8359375
"Al Jizah","Sixth of October 2 City",2024,23607.326171875
"Al Jizah","Unorganized in Al Jizah",2012,78147.9453125
"Al Jizah","Unorganized in Al Jizah",2013,76122.0390625
"Al Jizah","Unorganized in Al Jizah",2014,80307.4453125
"Al Jizah","Unorganized in Al Jizah",2015,85514.0859375
"Al Jizah","Unorganized in Al Jizah",2016,93948.859375
"Al Jizah","Unorganized in Al Jizah",2017,101267.75
"Al Jizah","Unorganized in Al Jizah",2018,108265.375
"Al Jizah","Unorganized in Al Jizah",2019,119479.828125
"Al Jizah","Unorganized in Al Jizah",2020,123799
"Al Jizah","Unorganized in Al Jizah",2021,145920.203125
"Al Jizah","Unorganized in Al Jizah",2022,166160.4375
"Al Jizah","Unorganized in Al Jizah",2023,165718.96875
"Al Jizah","Unorganized in Al Jizah",2024,168201.84375
"Al Minufiyah","Al-Bajur",2012,10813.1201171875
"Al Minufiyah","Al-Bajur",2013,10723.96484375
"Al Minufiyah","Al-Bajur",2014,9517.369140625
"Al Minufiyah","Al-Bajur",2015,9474.416015625
"Al Minufiyah","Al-Bajur",2016,10037.75
"Al Minufiyah","Al-Bajur",2017,10007.0419921875
"Al Minufiyah","Al-Bajur",2018,10389.7783203125
"Al Minufiyah","Al-Bajur",2019,10211.5341796875
"Al Minufiyah","Al-Bajur",2020,9200.3212890625
"Al Minufiyah","Al-Bajur",2021,9095.0361328125
"Al Minufiyah","Al-Bajur",2022,8465.43359375
"Al Minufiyah","Al-Bajur",2023,6914.76220703125
"Al Minufiyah","Al-Bajur",2024,6311.62255859375
"Al Minufiyah","Ash-Shuhada",2012,5863.2177734375
"Al Minufiyah","Ash-Shuhada",2013,5648.0078125
"Al Minufiyah","Ash-Shuhada",2014,5077.7060546875
"Al Minufiyah","Ash-Shuhada",2015,5093.05517578125
"Al Minufiyah","Ash-Shuhada",2016,5466.07666015625
"Al Minufiyah","Ash-Shuhada",2017,5611.2353515625
"Al Minufiyah","Ash-Shuhada",2018,5435.89990234375
"Al Minufiyah","Ash-Shuhada",2019,5479.33935546875
"Al Minufiyah","Ash-Shuhada",2020,5075.66259765625
"Al Minufiyah","Ash-Shuhada",2021,5471.5859375
"Al Minufiyah","Ash-Shuhada",2022,5145.23095703125
"Al Minufiyah","Ash-Shuhada",2023,4414.9931640625
"Al Minufiyah","Ash-Shuhada",2024,4257.96044921875
"Al Minufiyah","Ashmun",2012,19680.890625
"Al Minufiyah","Ashmun",2013,18903.88671875
"Al Minufiyah","Ashmun",2014,16527.111328125
"Al Minufiyah","Ashmun",2015,16093.8779296875
"Al Minufiyah","Ashmun",2016,16842.232421875
"Al Minufiyah","Ashmun",2017,17102.24609375
"Al Minufiyah","Ashmun",2018,16839.724609375
"Al Minufiyah","Ashmun",2019,16450.203125
"Al Minufiyah","Ashmun",2020,14698.5830078125
"Al Minufiyah","Ashmun",2021,14952.6728515625
"Al Minufiyah","Ashmun",2022,14234.94140625
"Al Minufiyah","Ashmun",2023,11849.8154296875
"Al Minufiyah","Ashmun",2024,11085.3515625
"Al Minufiyah","Birkat as-Sab'",2012,6819.359375
"Al Minufiyah","Birkat as-Sab'",2013,6557.525390625
"Al Minufiyah","Birkat as-Sab'",2014,6111.609375
"Al Minufiyah","Birkat as-Sab'",2015,5885.1396484375
"Al Minufiyah","Birkat as-Sab'",2016,5910.22705078125
"Al Minufiyah","Birkat as-Sab'",2017,5553.34912109375
"Al Minufiyah","Birkat as-Sab'",2018,5621.42578125
"Al Minufiyah","Birkat as-Sab'",2019,5470.9404296875
"Al Minufiyah","Birkat as-Sab'",2020,4967.34423828125
"Al Minufiyah","Birkat as-Sab'",2021,5135.9775390625
"Al Minufiyah","Birkat as-Sab'",2022,4693.80322265625
"Al Minufiyah","Birkat as-Sab'",2023,4037.35009765625
"Al Minufiyah","Birkat as-Sab'",2024,3748.56225585938
"Al Minufiyah","Minuf",2012,8703.2880859375
"Al Minufiyah","Minuf",2013,8791.2734375
"Al Minufiyah","Minuf",2014,7741.1572265625
"Al Minufiyah","Minuf",2015,7572.9375
"Al Minufiyah","Minuf",2016,7995.13720703125
"Al Minufiyah","Minuf",2017,7781.4951171875
"Al Minufiyah","Minuf",2018,7802.447265625
"Al Minufiyah","Minuf",2019,7695.0166015625
"Al Minufiyah","Minuf",2020,6981.11572265625
"Al Minufiyah","Minuf",2021,7070.93798828125
"Al Minufiyah","Minuf",2022,6602.1123046875
"Al Minufiyah","Minuf",2023,5284.16015625
"Al Minufiyah","Minuf",2024,4645.0595703125
"Al Minufiyah","Minuf City",2012,2028.3603515625
"Al Minufiyah","Minuf City",2013,1746.06335449219
"Al Minufiyah","Minuf City",2014,1446.48779296875
"Al Minufiyah","Minuf City",2015,1436.17553710938
"Al Minufiyah","Minuf City",2016,1651.65466308594
"Al Minufiyah","Minuf City",2017,1666.45825195312
"Al Minufiyah","Minuf City",2018,1641.05859375
"Al Minufiyah","Minuf City",2019,1744.71398925781
"Al Minufiyah","Minuf City",2020,1654.16076660156
"Al Minufiyah","Minuf City",2021,1887.04296875
"Al Minufiyah","Minuf City",2022,1770.44555664062
"Al Minufiyah","Minuf City",2023,1421.77709960938
"Al Minufiyah","Minuf City",2024,1392.1279296875
"Al Minufiyah","Quwaysina",2012,13093.7763671875
"Al Minufiyah","Quwaysina",2013,12275.494140625
"Al Minufiyah","Quwaysina",2014,11387.9189453125
"Al Minufiyah","Quwaysina",2015,10739.6533203125
"Al Minufiyah","Quwaysina",2016,11000.5009765625
"Al Minufiyah","Quwaysina",2017,10692.322265625
"Al Minufiyah","Quwaysina",2018,10497.7568359375
"Al Minufiyah","Quwaysina",2019,10182.7255859375
"Al Minufiyah","Quwaysina",2020,9350.6787109375
"Al Minufiyah","Quwaysina",2021,9591.6806640625
"Al Minufiyah","Quwaysina",2022,9381.9443359375
"Al Minufiyah","Quwaysina",2023,8298.2470703125
"Al Minufiyah","Quwaysina",2024,7810.7705078125
"Al Minufiyah","Sadat City",2012,20392.115234375
"Al Minufiyah","Sadat City",2013,18463.119140625
"Al Minufiyah","Sadat City",2014,17381.62109375
"Al Minufiyah","Sadat City",2015,17288.88671875
"Al Minufiyah","Sadat City",2016,18135.296875
"Al Minufiyah","Sadat City",2017,20116.75
"Al Minufiyah","Sadat City",2018,20156.935546875
"Al Minufiyah","Sadat City",2019,22565.490234375
"Al Minufiyah","Sadat City",2020,23201.462890625
"Al Minufiyah","Sadat City",2021,24013.296875
"Al Minufiyah","Sadat City",2022,28051.728515625
"Al Minufiyah","Sadat City",2023,27717.576171875
"Al Minufiyah","Sadat City",2024,27898.23828125
"Al Minufiyah","Shibin al-Kawm",2012,14086.10546875
"Al Minufiyah","Shibin al-Kawm",2013,12926.4501953125
"Al Minufiyah","Shibin al-Kawm",2014,11511.689453125
"Al Minufiyah","Shibin al-Kawm",2015,12126.103515625
"Al Minufiyah","Shibin al-Kawm",2016,13040.701171875
"Al Minufiyah","Shibin al-Kawm",2017,12613.765625
"Al Minufiyah","Shibin al-Kawm",2018,12697.3466796875
"Al Minufiyah","Shibin al-Kawm",2019,12287.6435546875
"Al Minufiyah","Shibin al-Kawm",2020,11590.6474609375
"Al Minufiyah","Shibin al-Kawm",2021,12971.505859375
"Al Minufiyah","Shibin al-Kawm",2022,13499.44140625
"Al Minufiyah","Shibin al-Kawm",2023,11556.736328125
"Al Minufiyah","Shibin al-Kawm",2024,10934.3359375
"Al Minufiyah","Sirs al-Layyanah",2012,2194.93139648438
"Al Minufiyah","Sirs al-Layyanah",2013,2038.78051757812
"Al Minufiyah","Sirs al-Layyanah",2014,1794.93920898438
"Al Minufiyah","Sirs al-Layyanah",2015,1712.69250488281
"Al Minufiyah","Sirs al-Layyanah",2016,1746.37573242188
"Al Minufiyah","Sirs al-Layyanah",2017,1676.13256835938
"Al Minufiyah","Sirs al-Layyanah",2018,1541.22143554688
"Al Minufiyah","Sirs al-Layyanah",2019,1588.51489257812
"Al Minufiyah","Sirs al-Layyanah",2020,1439.34716796875
"Al Minufiyah","Sirs al-Layyanah",2021,1454.77709960938
"Al Minufiyah","Sirs al-Layyanah",2022,1282.47668457031
"Al Minufiyah","Sirs al-Layyanah",2023,1027.9169921875
"Al Minufiyah","Sirs al-Layyanah",2024,983.181945800781
"Al Minufiyah","Tala",2012,8308.9013671875
"Al Minufiyah","Tala",2013,7733.6083984375
"Al Minufiyah","Tala",2014,6616.15283203125
"Al Minufiyah","Tala",2015,6794.00390625
"Al Minufiyah","Tala",2016,7404.06396484375
"Al Minufiyah","Tala",2017,7164.23486328125
"Al Minufiyah","Tala",2018,7218.65087890625
"Al Minufiyah","Tala",2019,6664.08544921875
"Al Minufiyah","Tala",2020,5713.255859375
"Al Minufiyah","Tala",2021,6109.744140625
"Al Minufiyah","Tala",2022,5515.25732421875
"Al Minufiyah","Tala",2023,4473.318359375
"Al Minufiyah","Tala",2024,3816.05859375
"Al Minya","Abu Qurqas",2012,11645.4931640625
"Al Minya","Abu Qurqas",2013,10923.8076171875
"Al Minya","Abu Qurqas",2014,9617.4296875
"Al Minya","Abu Qurqas",2015,9252.177734375
"Al Minya","Abu Qurqas",2016,9537.982421875
"Al Minya","Abu Qurqas",2017,9593.9921875
"Al Minya","Abu Qurqas",2018,9094.890625
"Al Minya","Abu Qurqas",2019,9038.82421875
"Al Minya","Abu Qurqas",2020,8602.3154296875
"Al Minya","Abu Qurqas",2021,9203.6005859375
"Al Minya","Abu Qurqas",2022,9222.7841796875
"Al Minya","Abu Qurqas",2023,8922.76171875
"Al Minya","Abu Qurqas",2024,8825.8115234375
"Al Minya","Al-'Idwah",2012,7082.26416015625
"Al Minya","Al-'Idwah",2013,6311.02880859375
"Al Minya","Al-'Idwah",2014,4967.1357421875
"Al Minya","Al-'Idwah",2015,4690.62255859375
"Al Minya","Al-'Idwah",2016,5802.08544921875
"Al Minya","Al-'Idwah",2017,5916.5283203125
"Al Minya","Al-'Idwah",2018,6332.57080078125
"Al Minya","Al-'Idwah",2019,6678.11376953125
"Al Minya","Al-'Idwah",2020,6526.83642578125
"Al Minya","Al-'Idwah",2021,7259.62890625
"Al Minya","Al-'Idwah",2022,6337.61279296875
"Al Minya","Al-'Idwah",2023,8172.4775390625
"Al Minya","Al-'Idwah",2024,9992.080078125
"Al Minya","Al-Minya",2012,14938.837890625
"Al Minya","Al-Minya",2013,14058.478515625
"Al Minya","Al-Minya",2014,12291.623046875
"Al Minya","Al-Minya",2015,12271.015625
"Al Minya","Al-Minya",2016,13201.40625
"Al Minya","Al-Minya",2017,13727.583984375
"Al Minya","Al-Minya",2018,12233.8349609375
"Al Minya","Al-Minya",2019,11647.6650390625
"Al Minya","Al-Minya",2020,10841.0537109375
"Al Minya","Al-Minya",2021,11842.8564453125
"Al Minya","Al-Minya",2022,12279.564453125
"Al Minya","Al-Minya",2023,11134.6220703125
"Al Minya","Al-Minya",2024,10830.61328125
"Al Minya","Al-Minya City",2012,6406.8681640625
"Al Minya","Al-Minya City",2013,5323.6240234375
"Al Minya","Al-Minya City",2014,4653.208984375
"Al Minya","Al-Minya City",2015,4465.06591796875
"Al Minya","Al-Minya City",2016,5128.01171875
"Al Minya","Al-Minya City",2017,5098.4638671875
"Al Minya","Al-Minya City",2018,4840.2333984375
"Al Minya","Al-Minya City",2019,5173.97509765625
"Al Minya","Al-Minya City",2020,4741.58544921875
"Al Minya","Al-Minya City",2021,4971.46337890625
"Al Minya","Al-Minya City",2022,5108.5458984375
"Al Minya","Al-Minya City",2023,4431.369140625
"Al Minya","Al-Minya City",2024,4336.76416015625
"Al Minya","Bani Mazar",2012,12523.1572265625
"Al Minya","Bani Mazar",2013,11560.8779296875
"Al Minya","Bani Mazar",2014,9354.7666015625
"Al Minya","Bani Mazar",2015,10643.23828125
"Al Minya","Bani Mazar",2016,11173.857421875
"Al Minya","Bani Mazar",2017,11306.5888671875
"Al Minya","Bani Mazar",2018,10859.3232421875
"Al Minya","Bani Mazar",2019,11440.265625
"Al Minya","Bani Mazar",2020,10587.8759765625
"Al Minya","Bani Mazar",2021,11581.6005859375
"Al Minya","Bani Mazar",2022,10417.9833984375
"Al Minya","Bani Mazar",2023,8993.7900390625
"Al Minya","Bani Mazar",2024,8865.6767578125
"Al Minya","Dayr Mawas",2012,8962.8232421875
"Al Minya","Dayr Mawas",2013,7624.62939453125
"Al Minya","Dayr Mawas",2014,6642.982421875
"Al Minya","Dayr Mawas",2015,6302.79541015625
"Al Minya","Dayr Mawas",2016,6556.26220703125
"Al Minya","Dayr Mawas",2017,6960.2666015625
"Al Minya","Dayr Mawas",2018,6764.53662109375
"Al Minya","Dayr Mawas",2019,6754.6689453125
"Al Minya","Dayr Mawas",2020,6384.607421875
"Al Minya","Dayr Mawas",2021,6491.54736328125
"Al Minya","Dayr Mawas",2022,6539.06591796875
"Al Minya","Dayr Mawas",2023,7318.74560546875
"Al Minya","Dayr Mawas",2024,7237.0712890625
"Al Minya","Maghaghah",2012,11333.3955078125
"Al Minya","Maghaghah",2013,10252.625
"Al Minya","Maghaghah",2014,8552.224609375
"Al Minya","Maghaghah",2015,8658.5458984375
"Al Minya","Maghaghah",2016,9221.9765625
"Al Minya","Maghaghah",2017,9397.8203125
"Al Minya","Maghaghah",2018,9819.3798828125
"Al Minya","Maghaghah",2019,10379.3994140625
"Al Minya","Maghaghah",2020,9678.70703125
"Al Minya","Maghaghah",2021,10383.470703125
"Al Minya","Maghaghah",2022,9413.12109375
"Al Minya","Maghaghah",2023,9328.25390625
"Al Minya","Maghaghah",2024,9900.0048828125
"Al Minya","Mallawi",2012,11217.7431640625
"Al Minya","Mallawi",2013,9661.126953125
"Al Minya","Mallawi",2014,8633.1982421875
"Al Minya","Mallawi",2015,8022.20361328125
"Al Minya","Mallawi",2016,8190.43798828125
"Al Minya","Mallawi",2017,8206.2021484375
"Al Minya","Mallawi",2018,7963.48583984375
"Al Minya","Mallawi",2019,7737.77978515625
"Al Minya","Mallawi",2020,7367.3115234375
"Al Minya","Mallawi",2021,8076.34228515625
"Al Minya","Mallawi",2022,7814.8935546875
"Al Minya","Mallawi",2023,7436.892578125
"Al Minya","Mallawi",2024,7418.66796875
"Al Minya","Mallawi City",2012,2806.53564453125
"Al Minya","Mallawi City",2013,2334.5595703125
"Al Minya","Mallawi City",2014,2086.5927734375
"Al Minya","Mallawi City",2015,2085.36352539062
"Al Minya","Mallawi City",2016,2214.25390625
"Al Minya","Mallawi City",2017,2287.0390625
"Al Minya","Mallawi City",2018,2265.51049804688
"Al Minya","Mallawi City",2019,2228.80639648438
"Al Minya","Mallawi City",2020,1946.57495117188
"Al Minya","Mallawi City",2021,2104.51977539062
"Al Minya","Mallawi City",2022,2282.8701171875
"Al Minya","Mallawi City",2023,2008.07946777344
"Al Minya","Mallawi City",2024,2034.00903320312
"Al Minya","Matay",2012,6611.6494140625
"Al Minya","Matay",2013,5758.39404296875
"Al Minya","Matay",2014,4996.40380859375
"Al Minya","Matay",2015,4704.26318359375
"Al Minya","Matay",2016,5153.3388671875
"Al Minya","Matay",2017,5236.1533203125
"Al Minya","Matay",2018,5135.87060546875
"Al Minya","Matay",2019,5785.96142578125
"Al Minya","Matay",2020,5798.642578125
"Al Minya","Matay",2021,6693.138671875
"Al Minya","Matay",2022,6230.04638671875
"Al Minya","Matay",2023,5661.10302734375
"Al Minya","Matay",2024,5200.041015625
"Al Minya","New Minya City",2012,1182.55529785156
"Al Minya","New Minya City",2013,1215.947265625
"Al Minya","New Minya City",2014,1131.09851074219
"Al Minya","New Minya City",2015,1146.87683105469
"Al Minya","New Minya City",2016,1247.75378417969
"Al Minya","New Minya City",2017,1357.45788574219
"Al Minya","New Minya City",2018,1500.04187011719
"Al Minya","New Minya City",2019,1594.14428710938
"Al Minya","New Minya City",2020,1582.96960449219
"Al Minya","New Minya City",2021,1928.97424316406
"Al Minya","New Minya City",2022,1979.53295898438
"Al Minya","New Minya City",2023,1909.49584960938
"Al Minya","New Minya City",2024,1822.04309082031
"Al Minya","Samalut",2012,19420.798828125
"Al Minya","Samalut",2013,18090.708984375
"Al Minya","Samalut",2014,15451.5009765625
"Al Minya","Samalut",2015,15499.4267578125
"Al Minya","Samalut",2016,15439.4169921875
"Al Minya","Samalut",2017,15950.7734375
"Al Minya","Samalut",2018,15692.2568359375
"Al Minya","Samalut",2019,15358.263671875
"Al Minya","Samalut",2020,14534.35546875
"Al Minya","Samalut",2021,14877.705078125
"Al Minya","Samalut",2022,14819.626953125
"Al Minya","Samalut",2023,12992.8564453125
"Al Minya","Samalut",2024,12593.9560546875
"Al Minya","Unorganized in Al Minya",2012,16988.5
"Al Minya","Unorganized in Al Minya",2013,15326.798828125
"Al Minya","Unorganized in Al Minya",2014,14488.873046875
"Al Minya","Unorganized in Al Minya",2015,15406.0576171875
"Al Minya","Unorganized in Al Minya",2016,16082.1513671875
"Al Minya","Unorganized in Al Minya",2017,17076.03515625
"Al Minya","Unorganized in Al Minya",2018,18041.447265625
"Al Minya","Unorganized in Al Minya",2019,19350.48828125
"Al Minya","Unorganized in Al Minya",2020,18911.275390625
"Al Minya","Unorganized in Al Minya",2021,25029.783203125
"Al Minya","Unorganized in Al Minya",2022,27547.125
"Al Minya","Unorganized in Al Minya",2023,30852.853515625
"Al Minya","Unorganized in Al Minya",2024,28862.626953125
"Al Qahirah","'Abdin",2012,1309.45886230469
"Al Qahirah","'Abdin",2013,1061.64587402344
"Al Qahirah","'Abdin",2014,1002.88305664062
"Al Qahirah","'Abdin",2015,1014.80853271484
"Al Qahirah","'Abdin",2016,1127.91455078125
"Al Qahirah","'Abdin",2017,1136.87231445312
"Al Qahirah","'Abdin",2018,1124.72888183594
"Al Qahirah","'Abdin",2019,1105.70629882812
"Al Qahirah","'Abdin",2020,888.963928222656
"Al Qahirah","'Abdin",2021,1050.45690917969
"Al Qahirah","'Abdin",2022,1080.1767578125
"Al Qahirah","'Abdin",2023,887.236572265625
"Al Qahirah","'Abdin",2024,871.949890136719
"Al Qahirah","'Ain Schams",2012,5645.89111328125
"Al Qahirah","'Ain Schams",2013,5385.04736328125
"Al Qahirah","'Ain Schams",2014,4915.50341796875
"Al Qahirah","'Ain Schams",2015,5233.03662109375
"Al Qahirah","'Ain Schams",2016,5276.94189453125
"Al Qahirah","'Ain Schams",2017,4916.85546875
"Al Qahirah","'Ain Schams",2018,4724.8759765625
"Al Qahirah","'Ain Schams",2019,4744.92138671875
"Al Qahirah","'Ain Schams",2020,4274.255859375
"Al Qahirah","'Ain Schams",2021,4553.634765625
"Al Qahirah","'Ain Schams",2022,4752.388671875
"Al Qahirah","'Ain Schams",2023,4352.29541015625
"Al Qahirah","'Ain Schams",2024,4284.08056640625
"Al Qahirah","15 Mayu",2012,5851.326171875
"Al Qahirah","15 Mayu",2013,5240.48193359375
"Al Qahirah","15 Mayu",2014,4721.0537109375
"Al Qahirah","15 Mayu",2015,5303.994140625
"Al Qahirah","15 Mayu",2016,5183.09716796875
"Al Qahirah","15 Mayu",2017,5567.40869140625
"Al Qahirah","15 Mayu",2018,6978.8193359375
"Al Qahirah","15 Mayu",2019,8575.5791015625
"Al Qahirah","15 Mayu",2020,10105.48046875
"Al Qahirah","15 Mayu",2021,12217.6220703125
"Al Qahirah","15 Mayu",2022,13085.2099609375
"Al Qahirah","15 Mayu",2023,10680.396484375
"Al Qahirah","15 Mayu",2024,8818.87109375
"Al Qahirah","Ad-Darb al-Ahmar",2012,1451.83898925781
"Al Qahirah","Ad-Darb al-Ahmar",2013,1303.01354980469
"Al Qahirah","Ad-Darb al-Ahmar",2014,1151.22106933594
"Al Qahirah","Ad-Darb al-Ahmar",2015,1172.34216308594
"Al Qahirah","Ad-Darb al-Ahmar",2016,1098.40979003906
"Al Qahirah","Ad-Darb al-Ahmar",2017,1055.8583984375
"Al Qahirah","Ad-Darb al-Ahmar",2018,1045.96044921875
"Al Qahirah","Ad-Darb al-Ahmar",2019,1023.69580078125
"Al Qahirah","Ad-Darb al-Ahmar",2020,781.067321777344
"Al Qahirah","Ad-Darb al-Ahmar",2021,810.381774902344
"Al Qahirah","Ad-Darb al-Ahmar",2022,1128.42932128906
"Al Qahirah","Ad-Darb al-Ahmar",2023,997.606262207031
"Al Qahirah","Ad-Darb al-Ahmar",2024,1043.52893066406
"Al Qahirah","Al-Azbakiyah",2012,1222.30603027344
"Al Qahirah","Al-Azbakiyah",2013,1159.57678222656
"Al Qahirah","Al-Azbakiyah",2014,1089.16101074219
"Al Qahirah","Al-Azbakiyah",2015,1245.73974609375
"Al Qahirah","Al-Azbakiyah",2016,1292.11303710938
"Al Qahirah","Al-Azbakiyah",2017,1200.23205566406
"Al Qahirah","Al-Azbakiyah",2018,1181.67761230469
"Al Qahirah","Al-Azbakiyah",2019,1197.4462890625
"Al Qahirah","Al-Azbakiyah",2020,1062.80041503906
"Al Qahirah","Al-Azbakiyah",2021,1089.81286621094
"Al Qahirah","Al-Azbakiyah",2022,1081.22668457031
"Al Qahirah","Al-Azbakiyah",2023,942.183288574219
"Al Qahirah","Al-Azbakiyah",2024,897.713134765625
"Al Qahirah","Al-Basatin",2012,14033.263671875
"Al Qahirah","Al-Basatin",2013,12923.791015625
"Al Qahirah","Al-Basatin",2014,12067.63671875
"Al Qahirah","Al-Basatin",2015,13347.48046875
"Al Qahirah","Al-Basatin",2016,13683.16015625
"Al Qahirah","Al-Basatin",2017,13399.158203125
"Al Qahirah","Al-Basatin",2018,12755.318359375
"Al Qahirah","Al-Basatin",2019,13107.25
"Al Qahirah","Al-Basatin",2020,11734.8896484375
"Al Qahirah","Al-Basatin",2021,12911.017578125
"Al Qahirah","Al-Basatin",2022,14472.7978515625
"Al Qahirah","Al-Basatin",2023,13315.6728515625
"Al Qahirah","Al-Basatin",2024,12952.6083984375
"Al Qahirah","Al-Jamaliyah",2012,1933.10388183594
"Al Qahirah","Al-Jamaliyah",2013,1761.52453613281
"Al Qahirah","Al-Jamaliyah",2014,1686.49291992188
"Al Qahirah","Al-Jamaliyah",2015,1792.05444335938
"Al Qahirah","Al-Jamaliyah",2016,1800.73779296875
"Al Qahirah","Al-Jamaliyah",2017,1688.814453125
"Al Qahirah","Al-Jamaliyah",2018,1650.65295410156
"Al Qahirah","Al-Jamaliyah",2019,1656.61206054688
"Al Qahirah","Al-Jamaliyah",2020,1288.33630371094
"Al Qahirah","Al-Jamaliyah",2021,1353.12353515625
"Al Qahirah","Al-Jamaliyah",2022,1724.75317382812
"Al Qahirah","Al-Jamaliyah",2023,1782.94812011719
"Al Qahirah","Al-Jamaliyah",2024,1699.546875
"Al Qahirah","Al-Khalifa",2012,15997.2822265625
"Al Qahirah","Al-Khalifa",2013,15179.8203125
"Al Qahirah","Al-Khalifa",2014,14388.3671875
"Al Qahirah","Al-Khalifa",2015,15513.390625
"Al Qahirah","Al-Khalifa",2016,15530.6611328125
"Al Qahirah","Al-Khalifa",2017,15384.52734375
"Al Qahirah","Al-Khalifa",2018,15473.3330078125
"Al Qahirah","Al-Khalifa",2019,16128.2890625
"Al Qahirah","Al-Khalifa",2020,15045.705078125
"Al Qahirah","Al-Khalifa",2021,16772.955078125
"Al Qahirah","Al-Khalifa",2022,17449.90625
"Al Qahirah","Al-Khalifa",2023,17295.814453125
"Al Qahirah","Al-Khalifa",2024,17487.28515625
"Al Qahirah","Al-Ma'adi",2012,5798.55029296875
"Al Qahirah","Al-Ma'adi",2013,5163.5234375
"Al Qahirah","Al-Ma'adi",2014,4936.63134765625
"Al Qahirah","Al-Ma'adi",2015,5050.0537109375
"Al Qahirah","Al-Ma'adi",2016,5152.41943359375
"Al Qahirah","Al-Ma'adi",2017,5185.18359375
"Al Qahirah","Al-Ma'adi",2018,4988.77734375
"Al Qahirah","Al-Ma'adi",2019,5279.2607421875
"Al Qahirah","Al-Ma'adi",2020,4900.36767578125
"Al Qahirah","Al-Ma'adi",2021,5421.20849609375
"Al Qahirah","Al-Ma'adi",2022,6032.0703125
"Al Qahirah","Al-Ma'adi",2023,5832.53369140625
"Al Qahirah","Al-Ma'adi",2024,5496.13818359375
"Al Qahirah","Al-Marj",2012,7191.3798828125
"Al Qahirah","Al-Marj",2013,6798.28759765625
"Al Qahirah","Al-Marj",2014,6479.54296875
"Al Qahirah","Al-Marj",2015,6691.6435546875
"Al Qahirah","Al-Marj",2016,6766.92236328125
"Al Qahirah","Al-Marj",2017,6468.314453125
"Al Qahirah","Al-Marj",2018,6372.0810546875
"Al Qahirah","Al-Marj",2019,6512.525390625
"Al Qahirah","Al-Marj",2020,5950.09423828125
"Al Qahirah","Al-Marj",2021,6623.154296875
"Al Qahirah","Al-Marj",2022,6799.3408203125
"Al Qahirah","Al-Marj",2023,6408.3095703125
"Al Qahirah","Al-Marj",2024,6057.99072265625
"Al Qahirah","Al-Matariyah",2012,5611.806640625
"Al Qahirah","Al-Matariyah",2013,5261.7626953125
"Al Qahirah","Al-Matariyah",2014,4743.63037109375
"Al Qahirah","Al-Matariyah",2015,4761.376953125
"Al Qahirah","Al-Matariyah",2016,4807.43701171875
"Al Qahirah","Al-Matariyah",2017,4530.68701171875
"Al Qahirah","Al-Matariyah",2018,4704.537109375
"Al Qahirah","Al-Matariyah",2019,5087.12939453125
"Al Qahirah","Al-Matariyah",2020,4852.953125
"Al Qahirah","Al-Matariyah",2021,5350.2705078125
"Al Qahirah","Al-Matariyah",2022,5377.31494140625
"Al Qahirah","Al-Matariyah",2023,4773.548828125
"Al Qahirah","Al-Matariyah",2024,4605.7841796875
"Al Qahirah","Al-Muski",2012,594.237609863281
"Al Qahirah","Al-Muski",2013,518.670715332031
"Al Qahirah","Al-Muski",2014,472.716735839844
"Al Qahirah","Al-Muski",2015,464.660125732422
"Al Qahirah","Al-Muski",2016,483.811157226562
"Al Qahirah","Al-Muski",2017,469.484954833984
"Al Qahirah","Al-Muski",2018,479.245147705078
"Al Qahirah","Al-Muski",2019,482.995025634766
"Al Qahirah","Al-Muski",2020,380.466400146484
"Al Qahirah","Al-Muski",2021,396.297515869141
"Al Qahirah","Al-Muski",2022,419.066864013672
"Al Qahirah","Al-Muski",2023,361.777496337891
"Al Qahirah","Al-Muski",2024,365.099822998047
"Al Qahirah","Al-Waili",2012,4191.16455078125
"Al Qahirah","Al-Waili",2013,3509.96240234375
"Al Qahirah","Al-Waili",2014,3247.3076171875
"Al Qahirah","Al-Waili",2015,3419.66040039062
"Al Qahirah","Al-Waili",2016,3499.98852539062
"Al Qahirah","Al-Waili",2017,3258.91088867188
"Al Qahirah","Al-Waili",2018,3351.70288085938
"Al Qahirah","Al-Waili",2019,3497.09521484375
"Al Qahirah","Al-Waili",2020,3117.12060546875
"Al Qahirah","Al-Waili",2021,3398.94750976562
"Al Qahirah","Al-Waili",2022,3515.78588867188
"Al Qahirah","Al-Waili",2023,3171.42822265625
"Al Qahirah","Al-Waili",2024,3038.248046875
"Al Qahirah","An-Nuzhah",2012,21033.197265625
"Al Qahirah","An-Nuzhah",2013,18812.669921875
"Al Qahirah","An-Nuzhah",2014,18305.939453125
"Al Qahirah","An-Nuzhah",2015,18076.767578125
"Al Qahirah","An-Nuzhah",2016,17427.93359375
"Al Qahirah","An-Nuzhah",2017,18123.89453125
"Al Qahirah","An-Nuzhah",2018,17567.837890625
"Al Qahirah","An-Nuzhah",2019,19453.716796875
"Al Qahirah","An-Nuzhah",2020,18884.30859375
"Al Qahirah","An-Nuzhah",2021,20565.166015625
"Al Qahirah","An-Nuzhah",2022,22307.4765625
"Al Qahirah","An-Nuzhah",2023,21463.056640625
"Al Qahirah","An-Nuzhah",2024,20998.0390625
"Al Qahirah","Ancient Cairo",2012,5741.3701171875
"Al Qahirah","Ancient Cairo",2013,5215.548828125
"Al Qahirah","Ancient Cairo",2014,4863.21044921875
"Al Qahirah","Ancient Cairo",2015,4898.4365234375
"Al Qahirah","Ancient Cairo",2016,4928.33056640625
"Al Qahirah","Ancient Cairo",2017,4674.46533203125
"Al Qahirah","Ancient Cairo",2018,4419.638671875
"Al Qahirah","Ancient Cairo",2019,4541.26708984375
"Al Qahirah","Ancient Cairo",2020,4079.66088867188
"Al Qahirah","Ancient Cairo",2021,4468.560546875
"Al Qahirah","Ancient Cairo",2022,4522.6005859375
"Al Qahirah","Ancient Cairo",2023,4074.64990234375
"Al Qahirah","Ancient Cairo",2024,4583.033203125
"Al Qahirah","As-Sajil",2012,3988.03442382812
"Al Qahirah","As-Sajil",2013,3575.21020507812
"Al Qahirah","As-Sajil",2014,3135.45703125
"Al Qahirah","As-Sajil",2015,3128.20874023438
"Al Qahirah","As-Sajil",2016,3268.15844726562
"Al Qahirah","As-Sajil",2017,3346.34936523438
"Al Qahirah","As-Sajil",2018,3242.30029296875
"Al Qahirah","As-Sajil",2019,3121.37133789062
"Al Qahirah","As-Sajil",2020,2812.14526367188
"Al Qahirah","As-Sajil",2021,3045.638671875
"Al Qahirah","As-Sajil",2022,3127.90698242188
"Al Qahirah","As-Sajil",2023,2733.05932617188
"Al Qahirah","As-Sajil",2024,2640.60473632812
"Al Qahirah","As-Salam",2012,16091.2646484375
"Al Qahirah","As-Salam",2013,15880.6806640625
"Al Qahirah","As-Salam",2014,14895.3056640625
"Al Qahirah","As-Salam",2015,14942.095703125
"Al Qahirah","As-Salam",2016,14959.25
"Al Qahirah","As-Salam",2017,14422.380859375
"Al Qahirah","As-Salam",2018,14166.0234375
"Al Qahirah","As-Salam",2019,14189.4755859375
"Al Qahirah","As-Salam",2020,13614.1279296875
"Al Qahirah","As-Salam",2021,15145.537109375
"Al Qahirah","As-Salam",2022,15671.271484375
"Al Qahirah","As-Salam",2023,14362.873046875
"Al Qahirah","As-Salam",2024,14064.8828125
"Al Qahirah","As-Sayidah Zaynab",2012,3594.46337890625
"Al Qahirah","As-Sayidah Zaynab",2013,3104.36938476562
"Al Qahirah","As-Sayidah Zaynab",2014,2753.47680664062
"Al Qahirah","As-Sayidah Zaynab",2015,2820.74926757812
"Al Qahirah","As-Sayidah Zaynab",2016,2714.60546875
"Al Qahirah","As-Sayidah Zaynab",2017,2531.72241210938
"Al Qahirah","As-Sayidah Zaynab",2018,2559.69482421875
"Al Qahirah","As-Sayidah Zaynab",2019,2527.10717773438
"Al Qahirah","As-Sayidah Zaynab",2020,2130.28491210938
"Al Qahirah","As-Sayidah Zaynab",2021,2237.38452148438
"Al Qahirah","As-Sayidah Zaynab",2022,2318.00805664062
"Al Qahirah","As-Sayidah Zaynab",2023,2062.18969726562
"Al Qahirah","As-Sayidah Zaynab",2024,2113.69213867188
"Al Qahirah","Ash-Sharabiyah",2012,2919.24560546875
"Al Qahirah","Ash-Sharabiyah",2013,2703.45874023438
"Al Qahirah","Ash-Sharabiyah",2014,2296.53198242188
"Al Qahirah","Ash-Sharabiyah",2015,2386.46020507812
"Al Qahirah","Ash-Sharabiyah",2016,2378.89892578125
"Al Qahirah","Ash-Sharabiyah",2017,2366.82861328125
"Al Qahirah","Ash-Sharabiyah",2018,2443.35961914062
"Al Qahirah","Ash-Sharabiyah",2019,2232.83081054688
"Al Qahirah","Ash-Sharabiyah",2020,1925.79370117188
"Al Qahirah","Ash-Sharabiyah",2021,2230.78881835938
"Al Qahirah","Ash-Sharabiyah",2022,2295.53198242188
"Al Qahirah","Ash-Sharabiyah",2023,2021.68518066406
"Al Qahirah","Ash-Sharabiyah",2024,1863.29858398438
"Al Qahirah","Ash-Shruq",2012,17577.08984375
"Al Qahirah","Ash-Shruq",2013,17610.83203125
"Al Qahirah","Ash-Shruq",2014,17647.189453125
"Al Qahirah","Ash-Shruq",2015,21001.13671875
"Al Qahirah","Ash-Shruq",2016,22006.421875
"Al Qahirah","Ash-Shruq",2017,22541.140625
"Al Qahirah","Ash-Shruq",2018,24021.29296875
"Al Qahirah","Ash-Shruq",2019,27397.978515625
"Al Qahirah","Ash-Shruq",2020,30021.6640625
"Al Qahirah","Ash-Shruq",2021,31927.91015625
"Al Qahirah","Ash-Shruq",2022,35029.91796875
"Al Qahirah","Ash-Shruq",2023,30875.90625
"Al Qahirah","Ash-Shruq",2024,29616.671875
"Al Qahirah","At-Tebin",2012,5827.7744140625
"Al Qahirah","At-Tebin",2013,5146.9072265625
"Al Qahirah","At-Tebin",2014,4634.802734375
"Al Qahirah","At-Tebin",2015,4441.81005859375
"Al Qahirah","At-Tebin",2016,4307.05322265625
"Al Qahirah","At-Tebin",2017,4227.76953125
"Al Qahirah","At-Tebin",2018,4139.3212890625
"Al Qahirah","At-Tebin",2019,4092.22094726562
"Al Qahirah","At-Tebin",2020,3768.392578125
"Al Qahirah","At-Tebin",2021,3680.29858398438
"Al Qahirah","At-Tebin",2022,3690.40673828125
"Al Qahirah","At-Tebin",2023,3222.04760742188
"Al Qahirah","At-Tebin",2024,3307.65209960938
"Al Qahirah","Az-Zahir",2012,1475.40246582031
"Al Qahirah","Az-Zahir",2013,1362.36218261719
"Al Qahirah","Az-Zahir",2014,1266.44812011719
"Al Qahirah","Az-Zahir",2015,1339.11743164062
"Al Qahirah","Az-Zahir",2016,1359.33081054688
"Al Qahirah","Az-Zahir",2017,1249.02502441406
"Al Qahirah","Az-Zahir",2018,1240.6318359375
"Al Qahirah","Az-Zahir",2019,1223.86779785156
"Al Qahirah","Az-Zahir",2020,1045.98156738281
"Al Qahirah","Az-Zahir",2021,1131.10363769531
"Al Qahirah","Az-Zahir",2022,1205.7109375
"Al Qahirah","Az-Zahir",2023,1161.19592285156
"Al Qahirah","Az-Zahir",2024,1205.84411621094
"Al Qahirah","Az-Zaytun",2012,4977.458984375
"Al Qahirah","Az-Zaytun",2013,4670.42236328125
"Al Qahirah","Az-Zaytun",2014,4316.5
"Al Qahirah","Az-Zaytun",2015,4196.849609375
"Al Qahirah","Az-Zaytun",2016,4546.82421875
"Al Qahirah","Az-Zaytun",2017,4315.11572265625
"Al Qahirah","Az-Zaytun",2018,4397.6005859375
"Al Qahirah","Az-Zaytun",2019,4657.71044921875
"Al Qahirah","Az-Zaytun",2020,4480.6982421875
"Al Qahirah","Az-Zaytun",2021,4793.84765625
"Al Qahirah","Az-Zaytun",2022,4723.74072265625
"Al Qahirah","Az-Zaytun",2023,4260.4833984375
"Al Qahirah","Az-Zaytun",2024,4017.34326171875
"Al Qahirah","Bab ash-Sha'riyah",2012,509.221405029297
"Al Qahirah","Bab ash-Sha'riyah",2013,470.691284179688
"Al Qahirah","Bab ash-Sha'riyah",2014,444.020263671875
"Al Qahirah","Bab ash-Sha'riyah",2015,440.486175537109
"Al Qahirah","Bab ash-Sha'riyah",2016,477.075897216797
"Al Qahirah","Bab ash-Sha'riyah",2017,440.519226074219
"Al Qahirah","Bab ash-Sha'riyah",2018,442.922302246094
"Al Qahirah","Bab ash-Sha'riyah",2019,440.243530273438
"Al Qahirah","Bab ash-Sha'riyah",2020,395.809875488281
"Al Qahirah","Bab ash-Sha'riyah",2021,446.268737792969
"Al Qahirah","Bab ash-Sha'riyah",2022,438.305236816406
"Al Qahirah","Bab ash-Sha'riyah",2023,441.518585205078
"Al Qahirah","Bab ash-Sha'riyah",2024,478.627502441406
"Al Qahirah","Badr",2012,10226.4013671875
"Al Qahirah","Badr",2013,9765.2890625
"Al Qahirah","Badr",2014,10023.384765625
"Al Qahirah","Badr",2015,10512.7626953125
"Al Qahirah","Badr",2016,14006.1826171875
"Al Qahirah","Badr",2017,15657.3896484375
"Al Qahirah","Badr",2018,18612.005859375
"Al Qahirah","Badr",2019,21457.376953125
"Al Qahirah","Badr",2020,22019.77734375
"Al Qahirah","Badr",2021,27994.15625
"Al Qahirah","Badr",2022,28717.341796875
"Al Qahirah","Badr",2023,27043.095703125
"Al Qahirah","Badr",2024,26572.619140625
"Al Qahirah","Bulaq",2012,2158.43823242188
"Al Qahirah","Bulaq",2013,1788.73193359375
"Al Qahirah","Bulaq",2014,1748.33642578125
"Al Qahirah","Bulaq",2015,2003.31298828125
"Al Qahirah","Bulaq",2016,1899.0654296875
"Al Qahirah","Bulaq",2017,1677.92895507812
"Al Qahirah","Bulaq",2018,1666.13842773438
"Al Qahirah","Bulaq",2019,1617.44763183594
"Al Qahirah","Bulaq",2020,1473.49145507812
"Al Qahirah","Bulaq",2021,1689.03527832031
"Al Qahirah","Bulaq",2022,1818.48571777344
"Al Qahirah","Bulaq",2023,1570.19213867188
"Al Qahirah","Bulaq",2024,1476.45092773438
"Al Qahirah","Hada'iq al-Qubbah",2012,3111.34814453125
"Al Qahirah","Hada'iq al-Qubbah",2013,2833.0517578125
"Al Qahirah","Hada'iq al-Qubbah",2014,2526.07202148438
"Al Qahirah","Hada'iq al-Qubbah",2015,2518.30786132812
"Al Qahirah","Hada'iq al-Qubbah",2016,2777.326171875
"Al Qahirah","Hada'iq al-Qubbah",2017,2581.49291992188
"Al Qahirah","Hada'iq al-Qubbah",2018,2534.44067382812
"Al Qahirah","Hada'iq al-Qubbah",2019,2478.58325195312
"Al Qahirah","Hada'iq al-Qubbah",2020,2224.49462890625
"Al Qahirah","Hada'iq al-Qubbah",2021,2299.18432617188
"Al Qahirah","Hada'iq al-Qubbah",2022,2342.404296875
"Al Qahirah","Hada'iq al-Qubbah",2023,2225.837890625
"Al Qahirah","Hada'iq al-Qubbah",2024,2395.33740234375
"Al Qahirah","Heliopolis",2012,6050.2919921875
"Al Qahirah","Heliopolis",2013,5031.828125
"Al Qahirah","Heliopolis",2014,4889.2783203125
"Al Qahirah","Heliopolis",2015,5105.7880859375
"Al Qahirah","Heliopolis",2016,4919.4267578125
"Al Qahirah","Heliopolis",2017,4674.82763671875
"Al Qahirah","Heliopolis",2018,4799.7236328125
"Al Qahirah","Heliopolis",2019,4930.30029296875
"Al Qahirah","Heliopolis",2020,4544.43212890625
"Al Qahirah","Heliopolis",2021,4886.013671875
"Al Qahirah","Heliopolis",2022,5593.36962890625
"Al Qahirah","Heliopolis",2023,5034.88232421875
"Al Qahirah","Heliopolis",2024,4771.86865234375
"Al Qahirah","Helwan",2012,19768.404296875
"Al Qahirah","Helwan",2013,18848.6875
"Al Qahirah","Helwan",2014,17376.734375
"Al Qahirah","Helwan",2015,17814.4765625
"Al Qahirah","Helwan",2016,17863.3203125
"Al Qahirah","Helwan",2017,17030.3984375
"Al Qahirah","Helwan",2018,16382.8564453125
"Al Qahirah","Helwan",2019,17056.013671875
"Al Qahirah","Helwan",2020,16368.9052734375
"Al Qahirah","Helwan",2021,17330.119140625
"Al Qahirah","Helwan",2022,18166.080078125
"Al Qahirah","Helwan",2023,17195.919921875
"Al Qahirah","Helwan",2024,17993.625
"Al Qahirah","Monshat Nasr",2012,3183.69482421875
"Al Qahirah","Monshat Nasr",2013,2955.42260742188
"Al Qahirah","Monshat Nasr",2014,2757.48193359375
"Al Qahirah","Monshat Nasr",2015,2967.16430664062
"Al Qahirah","Monshat Nasr",2016,2819.56298828125
"Al Qahirah","Monshat Nasr",2017,2525.73754882812
"Al Qahirah","Monshat Nasr",2018,2442.08666992188
"Al Qahirah","Monshat Nasr",2019,2428.1171875
"Al Qahirah","Monshat Nasr",2020,2007.32373046875
"Al Qahirah","Monshat Nasr",2021,2044.599609375
"Al Qahirah","Monshat Nasr",2022,2084.66918945312
"Al Qahirah","Monshat Nasr",2023,1790.20080566406
"Al Qahirah","Monshat Nasr",2024,1675.44519042969
"Al Qahirah","Nasr City 1",2012,24398.84375
"Al Qahirah","Nasr City 1",2013,22679.841796875
"Al Qahirah","Nasr City 1",2014,22570.84765625
"Al Qahirah","Nasr City 1",2015,24129.0546875
"Al Qahirah","Nasr City 1",2016,24813.587890625
"Al Qahirah","Nasr City 1",2017,25248.740234375
"Al Qahirah","Nasr City 1",2018,26725.2734375
"Al Qahirah","Nasr City 1",2019,27175.978515625
"Al Qahirah","Nasr City 1",2020,24961.779296875
"Al Qahirah","Nasr City 1",2021,29696.685546875
"Al Qahirah","Nasr City 1",2022,34115.19921875
"Al Qahirah","Nasr City 1",2023,31488.203125
"Al Qahirah","Nasr City 1",2024,31107.669921875
"Al Qahirah","Nasr City 2",2012,7326.626953125
"Al Qahirah","Nasr City 2",2013,6839.5869140625
"Al Qahirah","Nasr City 2",2014,6574.95703125
"Al Qahirah","Nasr City 2",2015,7039.32177734375
"Al Qahirah","Nasr City 2",2016,7384.62060546875
"Al Qahirah","Nasr City 2",2017,6925.04736328125
"Al Qahirah","Nasr City 2",2018,6949.5947265625
"Al Qahirah","Nasr City 2",2019,7471.599609375
"Al Qahirah","Nasr City 2",2020,6533.9912109375
"Al Qahirah","Nasr City 2",2021,7327.55615234375
"Al Qahirah","Nasr City 2",2022,7870.60546875
"Al Qahirah","Nasr City 2",2023,6980.44775390625
"Al Qahirah","Nasr City 2",2024,6657.6533203125
"Al Qahirah","New Cairo 1",2012,30791.779296875
"Al Qahirah","New Cairo 1",2013,30886.462890625
"Al Qahirah","New Cairo 1",2014,34734.4296875
"Al Qahirah","New Cairo 1",2015,34131.4609375
"Al Qahirah","New Cairo 1",2016,34596.22265625
"Al Qahirah","New Cairo 1",2017,38770.2890625
"Al Qahirah","New Cairo 1",2018,42148.94921875
"Al Qahirah","New Cairo 1",2019,47098.45703125
"Al Qahirah","New Cairo 1",2020,51694.84375
"Al Qahirah","New Cairo 1",2021,60863.3359375
"Al Qahirah","New Cairo 1",2022,67576.15625
"Al Qahirah","New Cairo 1",2023,66463.8203125
"Al Qahirah","New Cairo 1",2024,69660.1328125
"Al Qahirah","New Cairo 2",2012,26683.05078125
"Al Qahirah","New Cairo 2",2013,31787.197265625
"Al Qahirah","New Cairo 2",2014,34446.33984375
"Al Qahirah","New Cairo 2",2015,35088.1640625
"Al Qahirah","New Cairo 2",2016,35119.9140625
"Al Qahirah","New Cairo 2",2017,35017.59765625
"Al Qahirah","New Cairo 2",2018,34736.484375
"Al Qahirah","New Cairo 2",2019,36755.453125
"Al Qahirah","New Cairo 2",2020,43299.42578125
"Al Qahirah","New Cairo 2",2021,50770.09375
"Al Qahirah","New Cairo 2",2022,59485.82421875
"Al Qahirah","New Cairo 2",2023,58379
"Al Qahirah","New Cairo 2",2024,57144.90234375
"Al Qahirah","New Cairo 3",2012,7650.9697265625
"Al Qahirah","New Cairo 3",2013,7097.64599609375
"Al Qahirah","New Cairo 3",2014,7861.45263671875
"Al Qahirah","New Cairo 3",2015,8049.11962890625
"Al Qahirah","New Cairo 3",2016,8521.439453125
"Al Qahirah","New Cairo 3",2017,10011.3525390625
"Al Qahirah","New Cairo 3",2018,11355.4970703125
"Al Qahirah","New Cairo 3",2019,13803.2724609375
"Al Qahirah","New Cairo 3",2020,17861.15234375
"Al Qahirah","New Cairo 3",2021,23379.076171875
"Al Qahirah","New Cairo 3",2022,27201.384765625
"Al Qahirah","New Cairo 3",2023,28770.888671875
"Al Qahirah","New Cairo 3",2024,32180.80859375
"Al Qahirah","Qasr an-Nil",2012,1519.06127929688
"Al Qahirah","Qasr an-Nil",2013,1246.77795410156
"Al Qahirah","Qasr an-Nil",2014,1337.88818359375
"Al Qahirah","Qasr an-Nil",2015,1452.27319335938
"Al Qahirah","Qasr an-Nil",2016,1465.36352539062
"Al Qahirah","Qasr an-Nil",2017,1359.10021972656
"Al Qahirah","Qasr an-Nil",2018,1330.07824707031
"Al Qahirah","Qasr an-Nil",2019,1362.67846679688
"Al Qahirah","Qasr an-Nil",2020,1136.09680175781
"Al Qahirah","Qasr an-Nil",2021,1594.71997070312
"Al Qahirah","Qasr an-Nil",2022,1564.47570800781
"Al Qahirah","Qasr an-Nil",2023,1317.6240234375
"Al Qahirah","Qasr an-Nil",2024,1301.19274902344
"Al Qahirah","Rud al-Faraj",2012,2359.35009765625
"Al Qahirah","Rud al-Faraj",2013,2082.42163085938
"Al Qahirah","Rud al-Faraj",2014,1723.76550292969
"Al Qahirah","Rud al-Faraj",2015,1861.79138183594
"Al Qahirah","Rud al-Faraj",2016,1911.94360351562
"Al Qahirah","Rud al-Faraj",2017,1828.04321289062
"Al Qahirah","Rud al-Faraj",2018,1859.86926269531
"Al Qahirah","Rud al-Faraj",2019,1898.46423339844
"Al Qahirah","Rud al-Faraj",2020,1700.85009765625
"Al Qahirah","Rud al-Faraj",2021,1768.77514648438
"Al Qahirah","Rud al-Faraj",2022,1978.46643066406
"Al Qahirah","Rud al-Faraj",2023,1905.33813476562
"Al Qahirah","Rud al-Faraj",2024,1856.49536132812
"Al Qahirah","Shubra",2012,1068.69384765625
"Al Qahirah","Shubra",2013,962.196472167969
"Al Qahirah","Shubra",2014,838.591674804688
"Al Qahirah","Shubra",2015,853.876342773438
"Al Qahirah","Shubra",2016,958.878112792969
"Al Qahirah","Shubra",2017,958.252380371094
"Al Qahirah","Shubra",2018,917.54833984375
"Al Qahirah","Shubra",2019,893.343322753906
"Al Qahirah","Shubra",2020,790.987182617188
"Al Qahirah","Shubra",2021,858.31689453125
"Al Qahirah","Shubra",2022,930.038024902344
"Al Qahirah","Shubra",2023,854.830322265625
"Al Qahirah","Shubra",2024,860.847351074219
"Al Qahirah","Turah",2012,9283.0859375
"Al Qahirah","Turah",2013,9187.2451171875
"Al Qahirah","Turah",2014,9395.05859375
"Al Qahirah","Turah",2015,9526.8330078125
"Al Qahirah","Turah",2016,8934.392578125
"Al Qahirah","Turah",2017,9246.431640625
"Al Qahirah","Turah",2018,8599.865234375
"Al Qahirah","Turah",2019,8801.248046875
"Al Qahirah","Turah",2020,7257.72216796875
"Al Qahirah","Turah",2021,8048.09228515625
"Al Qahirah","Turah",2022,8915.5517578125
"Al Qahirah","Turah",2023,9498.5244140625
"Al Qahirah","Turah",2024,10629.154296875
"Al Qahirah","Unorganized in Al Qahirah",2012,16854.099609375
"Al Qahirah","Unorganized in Al Qahirah",2013,15724.333984375
"Al Qahirah","Unorganized in Al Qahirah",2014,17015.951171875
"Al Qahirah","Unorganized in Al Qahirah",2015,17026.87890625
"Al Qahirah","Unorganized in Al Qahirah",2016,17913.177734375
"Al Qahirah","Unorganized in Al Qahirah",2017,21706.677734375
"Al Qahirah","Unorganized in Al Qahirah",2018,27691.765625
"Al Qahirah","Unorganized in Al Qahirah",2019,35466.4140625
"Al Qahirah","Unorganized in Al Qahirah",2020,41665.23828125
"Al Qahirah","Unorganized in Al Qahirah",2021,55575.2578125
"Al Qahirah","Unorganized in Al Qahirah",2022,77038.8046875
"Al Qahirah","Unorganized in Al Qahirah",2023,78911.0625
"Al Qahirah","Unorganized in Al Qahirah",2024,89906.8125
"Al Qahirah","Zamalik",2012,2786.89233398438
"Al Qahirah","Zamalik",2013,2240.92944335938
"Al Qahirah","Zamalik",2014,2255.8046875
"Al Qahirah","Zamalik",2015,2678.00048828125
"Al Qahirah","Zamalik",2016,2342.36206054688
"Al Qahirah","Zamalik",2017,2088.69702148438
"Al Qahirah","Zamalik",2018,2173.5830078125
"Al Qahirah","Zamalik",2019,2111.22680664062
"Al Qahirah","Zamalik",2020,1827.53894042969
"Al Qahirah","Zamalik",2021,2221.6103515625
"Al Qahirah","Zamalik",2022,2507.81201171875
"Al Qahirah","Zamalik",2023,2183.75317382812
"Al Qahirah","Zamalik",2024,2062.1689453125
"Al Qahirah","Zawiyya Al-Hamra",2012,3997.89624023438
"Al Qahirah","Zawiyya Al-Hamra",2013,3803.20703125
"Al Qahirah","Zawiyya Al-Hamra",2014,3427.43090820312
"Al Qahirah","Zawiyya Al-Hamra",2015,3443.86889648438
"Al Qahirah","Zawiyya Al-Hamra",2016,3448.5830078125
"Al Qahirah","Zawiyya Al-Hamra",2017,3332.2724609375
"Al Qahirah","Zawiyya Al-Hamra",2018,3457.69482421875
"Al Qahirah","Zawiyya Al-Hamra",2019,3607.55981445312
"Al Qahirah","Zawiyya Al-Hamra",2020,3144.71801757812
"Al Qahirah","Zawiyya Al-Hamra",2021,3465.2607421875
"Al Qahirah","Zawiyya Al-Hamra",2022,3462.16821289062
"Al Qahirah","Zawiyya Al-Hamra",2023,3154.43505859375
"Al Qahirah","Zawiyya Al-Hamra",2024,3062.86694335938
"Al Qalyubiyah","Al-'Ubur",2012,4429.09228515625
"Al Qalyubiyah","Al-'Ubur",2013,4354.13427734375
"Al Qalyubiyah","Al-'Ubur",2014,4334.5556640625
"Al Qalyubiyah","Al-'Ubur",2015,4977.65966796875
"Al Qalyubiyah","Al-'Ubur",2016,5216.2978515625
"Al Qalyubiyah","Al-'Ubur",2017,5647.8779296875
"Al Qalyubiyah","Al-'Ubur",2018,6144.16015625
"Al Qalyubiyah","Al-'Ubur",2019,6190.77587890625
"Al Qalyubiyah","Al-'Ubur",2020,6440.0751953125
"Al Qalyubiyah","Al-'Ubur",2021,6615.04443359375
"Al Qalyubiyah","Al-'Ubur",2022,7516.4765625
"Al Qalyubiyah","Al-'Ubur",2023,7161.9765625
"Al Qalyubiyah","Al-'Ubur",2024,7131.14892578125
"Al Qalyubiyah","Al-Khankah",2012,19968.939453125
"Al Qalyubiyah","Al-Khankah",2013,19646.9375
"Al Qalyubiyah","Al-Khankah",2014,18728.748046875
"Al Qalyubiyah","Al-Khankah",2015,18515.9453125
"Al Qalyubiyah","Al-Khankah",2016,19184.9140625
"Al Qalyubiyah","Al-Khankah",2017,18882.271484375
"Al Qalyubiyah","Al-Khankah",2018,18868.458984375
"Al Qalyubiyah","Al-Khankah",2019,18300.283203125
"Al Qalyubiyah","Al-Khankah",2020,17233.84375
"Al Qalyubiyah","Al-Khankah",2021,17500.240234375
"Al Qalyubiyah","Al-Khankah",2022,18135.599609375
"Al Qalyubiyah","Al-Khankah",2023,17319.123046875
"Al Qalyubiyah","Al-Khankah",2024,15953.544921875
"Al Qalyubiyah","Al-Khusus",2012,2007.27124023438
"Al Qalyubiyah","Al-Khusus",2013,1937.0146484375
"Al Qalyubiyah","Al-Khusus",2014,1942.11254882812
"Al Qalyubiyah","Al-Khusus",2015,2046.48388671875
"Al Qalyubiyah","Al-Khusus",2016,2153.74609375
"Al Qalyubiyah","Al-Khusus",2017,2095.46484375
"Al Qalyubiyah","Al-Khusus",2018,2215.89526367188
"Al Qalyubiyah","Al-Khusus",2019,2343.61108398438
"Al Qalyubiyah","Al-Khusus",2020,2055.27465820312
"Al Qalyubiyah","Al-Khusus",2021,2131.8173828125
"Al Qalyubiyah","Al-Khusus",2022,2257.3037109375
"Al Qalyubiyah","Al-Khusus",2023,2048.41259765625
"Al Qalyubiyah","Al-Khusus",2024,1926.30053710938
"Al Qalyubiyah","Al-Qanatir al-Khayriyah",2012,12334.228515625
"Al Qalyubiyah","Al-Qanatir al-Khayriyah",2013,12339.548828125
"Al Qalyubiyah","Al-Qanatir al-Khayriyah",2014,11606.5087890625
"Al Qalyubiyah","Al-Qanatir al-Khayriyah",2015,12094.546875
"Al Qalyubiyah","Al-Qanatir al-Khayriyah",2016,12303.0927734375
"Al Qalyubiyah","Al-Qanatir al-Khayriyah",2017,11860.447265625
"Al Qalyubiyah","Al-Qanatir al-Khayriyah",2018,10837.3193359375
"Al Qalyubiyah","Al-Qanatir al-Khayriyah",2019,10565.3916015625
"Al Qalyubiyah","Al-Qanatir al-Khayriyah",2020,9885.7060546875
"Al Qalyubiyah","Al-Qanatir al-Khayriyah",2021,10524.99609375
"Al Qalyubiyah","Al-Qanatir al-Khayriyah",2022,10781.1083984375
"Al Qalyubiyah","Al-Qanatir al-Khayriyah",2023,9328.3974609375
"Al Qalyubiyah","Al-Qanatir al-Khayriyah",2024,8571.2890625
"Al Qalyubiyah","Banha",2012,16145.46875
"Al Qalyubiyah","Banha",2013,15350.7294921875
"Al Qalyubiyah","Banha",2014,14088.3310546875
"Al Qalyubiyah","Banha",2015,14477.7705078125
"Al Qalyubiyah","Banha",2016,15041.4765625
"Al Qalyubiyah","Banha",2017,14555.72265625
"Al Qalyubiyah","Banha",2018,14555.1455078125
"Al Qalyubiyah","Banha",2019,14953.73046875
"Al Qalyubiyah","Banha",2020,14580.5791015625
"Al Qalyubiyah","Banha",2021,16022.2333984375
"Al Qalyubiyah","Banha",2022,15934.564453125
"Al Qalyubiyah","Banha",2023,13632.912109375
"Al Qalyubiyah","Banha",2024,13213.283203125
"Al Qalyubiyah","Kafr Shukr",2012,3968.84008789062
"Al Qalyubiyah","Kafr Shukr",2013,3628.97973632812
"Al Qalyubiyah","Kafr Shukr",2014,3274.26513671875
"Al Qalyubiyah","Kafr Shukr",2015,3115.796875
"Al Qalyubiyah","Kafr Shukr",2016,3676.34912109375
"Al Qalyubiyah","Kafr Shukr",2017,3496.63793945312
"Al Qalyubiyah","Kafr Shukr",2018,3305.537109375
"Al Qalyubiyah","Kafr Shukr",2019,3467.46508789062
"Al Qalyubiyah","Kafr Shukr",2020,3536.18774414062
"Al Qalyubiyah","Kafr Shukr",2021,3681.39599609375
"Al Qalyubiyah","Kafr Shukr",2022,3559.29565429688
"Al Qalyubiyah","Kafr Shukr",2023,2964.92749023438
"Al Qalyubiyah","Kafr Shukr",2024,2886.28491210938
"Al Qalyubiyah","Qaha",2012,1036.39770507812
"Al Qalyubiyah","Qaha",2013,1053.73767089844
"Al Qalyubiyah","Qaha",2014,1024.34875488281
"Al Qalyubiyah","Qaha",2015,1080.57983398438
"Al Qalyubiyah","Qaha",2016,1125.77014160156
"Al Qalyubiyah","Qaha",2017,1120.48889160156
"Al Qalyubiyah","Qaha",2018,1173.98376464844
"Al Qalyubiyah","Qaha",2019,1273.57629394531
"Al Qalyubiyah","Qaha",2020,1213.21960449219
"Al Qalyubiyah","Qaha",2021,1332.888671875
"Al Qalyubiyah","Qaha",2022,1340.68627929688
"Al Qalyubiyah","Qaha",2023,1121.38098144531
"Al Qalyubiyah","Qaha",2024,1090.63366699219
"Al Qalyubiyah","Qalyub",2012,12992.515625
"Al Qalyubiyah","Qalyub",2013,12460.677734375
"Al Qalyubiyah","Qalyub",2014,11378.181640625
"Al Qalyubiyah","Qalyub",2015,11511.69921875
"Al Qalyubiyah","Qalyub",2016,12549.099609375
"Al Qalyubiyah","Qalyub",2017,12142.7705078125
"Al Qalyubiyah","Qalyub",2018,11869.560546875
"Al Qalyubiyah","Qalyub",2019,11953.6884765625
"Al Qalyubiyah","Qalyub",2020,11023.078125
"Al Qalyubiyah","Qalyub",2021,11878.728515625
"Al Qalyubiyah","Qalyub",2022,12835.1875
"Al Qalyubiyah","Qalyub",2023,11487.16015625
"Al Qalyubiyah","Qalyub",2024,11373.369140625
"Al Qalyubiyah","Shibin al-Qanatir",2012,9207.443359375
"Al Qalyubiyah","Shibin al-Qanatir",2013,8777.4560546875
"Al Qalyubiyah","Shibin al-Qanatir",2014,8065.50439453125
"Al Qalyubiyah","Shibin al-Qanatir",2015,7797.13330078125
"Al Qalyubiyah","Shibin al-Qanatir",2016,8015.6328125
"Al Qalyubiyah","Shibin al-Qanatir",2017,7949.22021484375
"Al Qalyubiyah","Shibin al-Qanatir",2018,7961.16943359375
"Al Qalyubiyah","Shibin al-Qanatir",2019,8965.6806640625
"Al Qalyubiyah","Shibin al-Qanatir",2020,8648.4697265625
"Al Qalyubiyah","Shibin al-Qanatir",2021,9220.7685546875
"Al Qalyubiyah","Shibin al-Qanatir",2022,9315.73828125
"Al Qalyubiyah","Shibin al-Qanatir",2023,8944.1220703125
"Al Qalyubiyah","Shibin al-Qanatir",2024,8981.88671875
"Al Qalyubiyah","Shubra al-Khaymah 1",2012,6135.9189453125
"Al Qalyubiyah","Shubra al-Khaymah 1",2013,5855.703125
"Al Qalyubiyah","Shubra al-Khaymah 1",2014,5421.0185546875
"Al Qalyubiyah","Shubra al-Khaymah 1",2015,5651.29296875
"Al Qalyubiyah","Shubra al-Khaymah 1",2016,5873.93408203125
"Al Qalyubiyah","Shubra al-Khaymah 1",2017,5509.96875
"Al Qalyubiyah","Shubra al-Khaymah 1",2018,5312.90234375
"Al Qalyubiyah","Shubra al-Khaymah 1",2019,5322.72265625
"Al Qalyubiyah","Shubra al-Khaymah 1",2020,5082.71142578125
"Al Qalyubiyah","Shubra al-Khaymah 1",2021,5489.97119140625
"Al Qalyubiyah","Shubra al-Khaymah 1",2022,5803.4990234375
"Al Qalyubiyah","Shubra al-Khaymah 1",2023,5016.2275390625
"Al Qalyubiyah","Shubra al-Khaymah 1",2024,4713.1630859375
"Al Qalyubiyah","Shubra al-Khaymah 2",2012,8287.123046875
"Al Qalyubiyah","Shubra al-Khaymah 2",2013,8346.0400390625
"Al Qalyubiyah","Shubra al-Khaymah 2",2014,8845.48046875
"Al Qalyubiyah","Shubra al-Khaymah 2",2015,9431.52734375
"Al Qalyubiyah","Shubra al-Khaymah 2",2016,8598.5087890625
"Al Qalyubiyah","Shubra al-Khaymah 2",2017,8088.2158203125
"Al Qalyubiyah","Shubra al-Khaymah 2",2018,8330.857421875
"Al Qalyubiyah","Shubra al-Khaymah 2",2019,8985.4560546875
"Al Qalyubiyah","Shubra al-Khaymah 2",2020,8879.970703125
"Al Qalyubiyah","Shubra al-Khaymah 2",2021,9243.82421875
"Al Qalyubiyah","Shubra al-Khaymah 2",2022,9494.8291015625
"Al Qalyubiyah","Shubra al-Khaymah 2",2023,8624.7646484375
"Al Qalyubiyah","Shubra al-Khaymah 2",2024,8115.57177734375
"Al Qalyubiyah","Tukh",2012,13785.892578125
"Al Qalyubiyah","Tukh",2013,12830.1943359375
"Al Qalyubiyah","Tukh",2014,11648.0966796875
"Al Qalyubiyah","Tukh",2015,11319.224609375
"Al Qalyubiyah","Tukh",2016,11457.05859375
"Al Qalyubiyah","Tukh",2017,11383.373046875
"Al Qalyubiyah","Tukh",2018,11347.109375
"Al Qalyubiyah","Tukh",2019,11557.51171875
"Al Qalyubiyah","Tukh",2020,11072.552734375
"Al Qalyubiyah","Tukh",2021,12001.212890625
"Al Qalyubiyah","Tukh",2022,11812.095703125
"Al Qalyubiyah","Tukh",2023,9185.119140625
"Al Qalyubiyah","Tukh",2024,8690.77734375
"Al Qalyubiyah","Unorganized in Al Qalyubiyah",2012,14771.2587890625
"Al Qalyubiyah","Unorganized in Al Qalyubiyah",2013,14407.2646484375
"Al Qalyubiyah","Unorganized in Al Qalyubiyah",2014,14209.9580078125
"Al Qalyubiyah","Unorganized in Al Qalyubiyah",2015,15782.2109375
"Al Qalyubiyah","Unorganized in Al Qalyubiyah",2016,15762.9033203125
"Al Qalyubiyah","Unorganized in Al Qalyubiyah",2017,15697.1044921875
"Al Qalyubiyah","Unorganized in Al Qalyubiyah",2018,16281.1435546875
"Al Qalyubiyah","Unorganized in Al Qalyubiyah",2019,17426.26171875
"Al Qalyubiyah","Unorganized in Al Qalyubiyah",2020,18358.82421875
"Al Qalyubiyah","Unorganized in Al Qalyubiyah",2021,20824.8046875
"Al Qalyubiyah","Unorganized in Al Qalyubiyah",2022,21683.248046875
"Al Qalyubiyah","Unorganized in Al Qalyubiyah",2023,20397.2265625
"Al Qalyubiyah","Unorganized in Al Qalyubiyah",2024,20230.138671875
"Al Uqsur","Luxor",2012,29366.724609375
"Al Uqsur","Luxor",2013,26770.650390625
"Al Uqsur","Luxor",2014,24141.111328125
"Al Uqsur","Luxor",2015,23981.134765625
"Al Uqsur","Luxor",2016,22157.94140625
"Al Uqsur","Luxor",2017,21659.208984375
"Al Uqsur","Luxor",2018,20747.203125
"Al Uqsur","Luxor",2019,20546.595703125
"Al Uqsur","Luxor",2020,19354.236328125
"Al Uqsur","Luxor",2021,20730.814453125
"Al Uqsur","Luxor",2022,20210.396484375
"Al Uqsur","Luxor",2023,17717.580078125
"Al Uqsur","Luxor",2024,18540.359375
"Al Uqsur","Tibah Police Dept.",2012,3862.45849609375
"Al Uqsur","Tibah Police Dept.",2013,3818.20141601562
"Al Uqsur","Tibah Police Dept.",2014,3427.44702148438
"Al Uqsur","Tibah Police Dept.",2015,3416.84716796875
"Al Uqsur","Tibah Police Dept.",2016,3174.23364257812
"Al Uqsur","Tibah Police Dept.",2017,3221.05834960938
"Al Uqsur","Tibah Police Dept.",2018,3128.62036132812
"Al Uqsur","Tibah Police Dept.",2019,3092.89111328125
"Al Uqsur","Tibah Police Dept.",2020,2930.97973632812
"Al Uqsur","Tibah Police Dept.",2021,3098.001953125
"Al Uqsur","Tibah Police Dept.",2022,3044.603515625
"Al Uqsur","Tibah Police Dept.",2023,2755.2626953125
"Al Uqsur","Tibah Police Dept.",2024,2749.01782226562
"Al Uqsur","Unorganized in Al Uqsur",2012,7360.5224609375
"Al Uqsur","Unorganized in Al Uqsur",2013,6795.54541015625
"Al Uqsur","Unorganized in Al Uqsur",2014,6124.91552734375
"Al Uqsur","Unorganized in Al Uqsur",2015,6051.91064453125
"Al Uqsur","Unorganized in Al Uqsur",2016,5696.5517578125
"Al Uqsur","Unorganized in Al Uqsur",2017,5853.8583984375
"Al Uqsur","Unorganized in Al Uqsur",2018,6385.79541015625
"Al Uqsur","Unorganized in Al Uqsur",2019,6378.02685546875
"Al Uqsur","Unorganized in Al Uqsur",2020,6486.736328125
"Al Uqsur","Unorganized in Al Uqsur",2021,7497.8798828125
"Al Uqsur","Unorganized in Al Uqsur",2022,8036.7646484375
"Al Uqsur","Unorganized in Al Uqsur",2023,7246.587890625
"Al Uqsur","Unorganized in Al Uqsur",2024,7621.22802734375
"Al Wadi al Jadid","Al-Wahat al-Kharijah",2012,26048.646484375
"Al Wadi al Jadid","Al-Wahat al-Kharijah",2013,22521.826171875
"Al Wadi al Jadid","Al-Wahat al-Kharijah",2014,21474.341796875
"Al Wadi al Jadid","Al-Wahat al-Kharijah",2015,22148.103515625
"Al Wadi al Jadid","Al-Wahat al-Kharijah",2016,21380.3359375
"Al Wadi al Jadid","Al-Wahat al-Kharijah",2017,21051.09765625
"Al Wadi al Jadid","Al-Wahat al-Kharijah",2018,19472.16015625
"Al Wadi al Jadid","Al-Wahat al-Kharijah",2019,19164.09375
"Al Wadi al Jadid","Al-Wahat al-Kharijah",2020,16816.904296875
"Al Wadi al Jadid","Al-Wahat al-Kharijah",2021,23566.34765625
"Al Wadi al Jadid","Al-Wahat al-Kharijah",2022,24983.71484375
"Al Wadi al Jadid","Al-Wahat al-Kharijah",2023,25848.51171875
"Al Wadi al Jadid","Al-Wahat al-Kharijah",2024,22542.60546875
"Al Wadi al Jadid","Baris Shurtah",2012,387.778778076172
"Al Wadi al Jadid","Baris Shurtah",2013,226.356628417969
"Al Wadi al Jadid","Baris Shurtah",2014,189.841598510742
"Al Wadi al Jadid","Baris Shurtah",2015,250.866882324219
"Al Wadi al Jadid","Baris Shurtah",2016,133.451309204102
"Al Wadi al Jadid","Baris Shurtah",2017,119.63370513916
"Al Wadi al Jadid","Baris Shurtah",2018,162.317977905273
"Al Wadi al Jadid","Baris Shurtah",2019,183.186264038086
"Al Wadi al Jadid","Baris Shurtah",2020,177.934936523438
"Al Wadi al Jadid","Baris Shurtah",2021,382.481903076172
"Al Wadi al Jadid","Baris Shurtah",2022,746.288940429688
"Al Wadi al Jadid","Baris Shurtah",2023,1684.54406738281
"Al Wadi al Jadid","Baris Shurtah",2024,1665.8603515625
"Al Wadi al Jadid","Shurtah al-Dakhlah",2012,9088.0068359375
"Al Wadi al Jadid","Shurtah al-Dakhlah",2013,9044.6884765625
"Al Wadi al Jadid","Shurtah al-Dakhlah",2014,8935
"Al Wadi al Jadid","Shurtah al-Dakhlah",2015,10011.3056640625
"Al Wadi al Jadid","Shurtah al-Dakhlah",2016,10725.9775390625
"Al Wadi al Jadid","Shurtah al-Dakhlah",2017,10643.3515625
"Al Wadi al Jadid","Shurtah al-Dakhlah",2018,10504.865234375
"Al Wadi al Jadid","Shurtah al-Dakhlah",2019,11886.48828125
"Al Wadi al Jadid","Shurtah al-Dakhlah",2020,11421.056640625
"Al Wadi al Jadid","Shurtah al-Dakhlah",2021,14349.2939453125
"Al Wadi al Jadid","Shurtah al-Dakhlah",2022,14466.390625
"Al Wadi al Jadid","Shurtah al-Dakhlah",2023,13500.3720703125
"Al Wadi al Jadid","Shurtah al-Dakhlah",2024,12330.7509765625
"Al Wadi al Jadid","Shurtah al-Farafirah",2012,1574.51770019531
"Al Wadi al Jadid","Shurtah al-Farafirah",2013,1460.0380859375
"Al Wadi al Jadid","Shurtah al-Farafirah",2014,1389.46447753906
"Al Wadi al Jadid","Shurtah al-Farafirah",2015,1433.16516113281
"Al Wadi al Jadid","Shurtah al-Farafirah",2016,1124.95959472656
"Al Wadi al Jadid","Shurtah al-Farafirah",2017,1515.85278320312
"Al Wadi al Jadid","Shurtah al-Farafirah",2018,2515.08447265625
"Al Wadi al Jadid","Shurtah al-Farafirah",2019,3066.00122070312
"Al Wadi al Jadid","Shurtah al-Farafirah",2020,3030.88134765625
"Al Wadi al Jadid","Shurtah al-Farafirah",2021,3112.0087890625
"Al Wadi al Jadid","Shurtah al-Farafirah",2022,3590.0390625
"Al Wadi al Jadid","Shurtah al-Farafirah",2023,4376.3505859375
"Al Wadi al Jadid","Shurtah al-Farafirah",2024,3490.70874023438
"As Suways","'Ataqah",2012,33652.59765625
"As Suways","'Ataqah",2013,36004.515625
"As Suways","'Ataqah",2014,34879.859375
"As Suways","'Ataqah",2015,35858.8828125
"As Suways","'Ataqah",2016,34098
"As Suways","'Ataqah",2017,35198.109375
"As Suways","'Ataqah",2018,33731.38671875
"As Suways","'Ataqah",2019,37261.4453125
"As Suways","'Ataqah",2020,39238.67578125
"As Suways","'Ataqah",2021,46603.453125
"As Suways","'Ataqah",2022,52862.921875
"As Suways","'Ataqah",2023,54643.5
"As Suways","'Ataqah",2024,53068.21484375
"As Suways","Al-Arb'in",2012,18111.685546875
"As Suways","Al-Arb'in",2013,17082.115234375
"As Suways","Al-Arb'in",2014,15356.86328125
"As Suways","Al-Arb'in",2015,15384.76171875
"As Suways","Al-Arb'in",2016,16135.3564453125
"As Suways","Al-Arb'in",2017,15956.54296875
"As Suways","Al-Arb'in",2018,15531.6201171875
"As Suways","Al-Arb'in",2019,16238.81640625
"As Suways","Al-Arb'in",2020,14838.2626953125
"As Suways","Al-Arb'in",2021,16356.7119140625
"As Suways","Al-Arb'in",2022,16366.560546875
"As Suways","Al-Arb'in",2023,14290.2587890625
"As Suways","Al-Arb'in",2024,15021.0146484375
"As Suways","Al-Janayin",2012,11214.76953125
"As Suways","Al-Janayin",2013,10381.2373046875
"As Suways","Al-Janayin",2014,9259.1884765625
"As Suways","Al-Janayin",2015,8820.2470703125
"As Suways","Al-Janayin",2016,9921.4384765625
"As Suways","Al-Janayin",2017,10185.935546875
"As Suways","Al-Janayin",2018,9384.5869140625
"As Suways","Al-Janayin",2019,9332.5888671875
"As Suways","Al-Janayin",2020,8176.52490234375
"As Suways","Al-Janayin",2021,9313.251953125
"As Suways","Al-Janayin",2022,11931.271484375
"As Suways","Al-Janayin",2023,11476.7646484375
"As Suways","Al-Janayin",2024,10404.8388671875
"As Suways","Faisal",2012,11536.5341796875
"As Suways","Faisal",2013,10475.994140625
"As Suways","Faisal",2014,9513.6044921875
"As Suways","Faisal",2015,8821.7822265625
"As Suways","Faisal",2016,9070.5908203125
"As Suways","Faisal",2017,8800.515625
"As Suways","Faisal",2018,8706.611328125
"As Suways","Faisal",2019,9136.9140625
"As Suways","Faisal",2020,8190.609375
"As Suways","Faisal",2021,10754.0751953125
"As Suways","Faisal",2022,13015.078125
"As Suways","Faisal",2023,12471.02734375
"As Suways","Faisal",2024,11410.771484375
"As Suways","Port Suez Police Department",2012,8.66306591033936
"As Suways","Port Suez Police Department",2013,8.19806861877441
"As Suways","Port Suez Police Department",2014,7.43607568740845
"As Suways","Port Suez Police Department",2015,7.85335540771484
"As Suways","Port Suez Police Department",2016,12.5236520767212
"As Suways","Port Suez Police Department",2017,15.1254577636719
"As Suways","Port Suez Police Department",2018,12.7584686279297
"As Suways","Port Suez Police Department",2019,14.6320505142212
"As Suways","Port Suez Police Department",2020,11.22278881073
"As Suways","Port Suez Police Department",2021,17.7478122711182
"As Suways","Port Suez Police Department",2022,15.5040340423584
"As Suways","Port Suez Police Department",2023,17.9365997314453
"As Suways","Port Suez Police Department",2024,15.3838777542114
"As Suways","Suez",2012,2356.57055664062
"As Suways","Suez",2013,2319.80981445312
"As Suways","Suez",2014,2063.38256835938
"As Suways","Suez",2015,2249.02172851562
"As Suways","Suez",2016,2435.69897460938
"As Suways","Suez",2017,2311.50805664062
"As Suways","Suez",2018,2290.06518554688
"As Suways","Suez",2019,2325.60888671875
"As Suways","Suez",2020,2036.06677246094
"As Suways","Suez",2021,2352.93627929688
"As Suways","Suez",2022,2480.1865234375
"As Suways","Suez",2023,2304.2734375
"As Suways","Suez",2024,2458.9443359375
"Ash Sharqiyah","10 Ramadan 1",2012,2013.56213378906
"Ash Sharqiyah","10 Ramadan 1",2013,2115.4404296875
"Ash Sharqiyah","10 Ramadan 1",2014,2069.50805664062
"Ash Sharqiyah","10 Ramadan 1",2015,2267.93188476562
"Ash Sharqiyah","10 Ramadan 1",2016,2170.85693359375
"Ash Sharqiyah","10 Ramadan 1",2017,2284.87841796875
"Ash Sharqiyah","10 Ramadan 1",2018,2490.6318359375
"Ash Sharqiyah","10 Ramadan 1",2019,2701.20458984375
"Ash Sharqiyah","10 Ramadan 1",2020,2713.99291992188
"Ash Sharqiyah","10 Ramadan 1",2021,3133.45776367188
"Ash Sharqiyah","10 Ramadan 1",2022,3498.81323242188
"Ash Sharqiyah","10 Ramadan 1",2023,3086.87768554688
"Ash Sharqiyah","10 Ramadan 1",2024,2970.22534179688
"Ash Sharqiyah","10 Ramadan 2",2012,1002.89459228516
"Ash Sharqiyah","10 Ramadan 2",2013,990.279418945312
"Ash Sharqiyah","10 Ramadan 2",2014,1297.47595214844
"Ash Sharqiyah","10 Ramadan 2",2015,1360.478515625
"Ash Sharqiyah","10 Ramadan 2",2016,1299.29321289062
"Ash Sharqiyah","10 Ramadan 2",2017,1265.56188964844
"Ash Sharqiyah","10 Ramadan 2",2018,1402.29028320312
"Ash Sharqiyah","10 Ramadan 2",2019,1491.68444824219
"Ash Sharqiyah","10 Ramadan 2",2020,1480.01977539062
"Ash Sharqiyah","10 Ramadan 2",2021,2135.27685546875
"Ash Sharqiyah","10 Ramadan 2",2022,2142.16674804688
"Ash Sharqiyah","10 Ramadan 2",2023,2058.41674804688
"Ash Sharqiyah","10 Ramadan 2",2024,2048.55639648438
"Ash Sharqiyah","Abu Hammad",2012,14018.3515625
"Ash Sharqiyah","Abu Hammad",2013,13054.4609375
"Ash Sharqiyah","Abu Hammad",2014,11457.048828125
"Ash Sharqiyah","Abu Hammad",2015,11233.21875
"Ash Sharqiyah","Abu Hammad",2016,12954.658203125
"Ash Sharqiyah","Abu Hammad",2017,12350.7353515625
"Ash Sharqiyah","Abu Hammad",2018,11496.8759765625
"Ash Sharqiyah","Abu Hammad",2019,11105.794921875
"Ash Sharqiyah","Abu Hammad",2020,10614.505859375
"Ash Sharqiyah","Abu Hammad",2021,11466.326171875
"Ash Sharqiyah","Abu Hammad",2022,11382.388671875
"Ash Sharqiyah","Abu Hammad",2023,10239.7470703125
"Ash Sharqiyah","Abu Hammad",2024,9471.607421875
"Ash Sharqiyah","Abu Kabir",2012,11489.8359375
"Ash Sharqiyah","Abu Kabir",2013,10820.6162109375
"Ash Sharqiyah","Abu Kabir",2014,9660.1064453125
"Ash Sharqiyah","Abu Kabir",2015,9397.6201171875
"Ash Sharqiyah","Abu Kabir",2016,9737.0498046875
"Ash Sharqiyah","Abu Kabir",2017,9594.93359375
"Ash Sharqiyah","Abu Kabir",2018,9385.357421875
"Ash Sharqiyah","Abu Kabir",2019,8960.6025390625
"Ash Sharqiyah","Abu Kabir",2020,8364.2109375
"Ash Sharqiyah","Abu Kabir",2021,9158.482421875
"Ash Sharqiyah","Abu Kabir",2022,9158.2451171875
"Ash Sharqiyah","Abu Kabir",2023,8074.1328125
"Ash Sharqiyah","Abu Kabir",2024,7449.81005859375
"Ash Sharqiyah","Al-Husayniyah",2012,18507.193359375
"Ash Sharqiyah","Al-Husayniyah",2013,16320.56640625
"Ash Sharqiyah","Al-Husayniyah",2014,15144.99609375
"Ash Sharqiyah","Al-Husayniyah",2015,14368.5361328125
"Ash Sharqiyah","Al-Husayniyah",2016,15677.7919921875
"Ash Sharqiyah","Al-Husayniyah",2017,17194.13671875
"Ash Sharqiyah","Al-Husayniyah",2018,15287.69921875
"Ash Sharqiyah","Al-Husayniyah",2019,14782.53125
"Ash Sharqiyah","Al-Husayniyah",2020,13543.5712890625
"Ash Sharqiyah","Al-Husayniyah",2021,15133.71875
"Ash Sharqiyah","Al-Husayniyah",2022,14763.3037109375
"Ash Sharqiyah","Al-Husayniyah",2023,13765.58203125
"Ash Sharqiyah","Al-Husayniyah",2024,13356.7001953125
"Ash Sharqiyah","Al-Ibrahimiyah",2012,3654.39111328125
"Ash Sharqiyah","Al-Ibrahimiyah",2013,3421.47192382812
"Ash Sharqiyah","Al-Ibrahimiyah",2014,3159.5869140625
"Ash Sharqiyah","Al-Ibrahimiyah",2015,3024.1005859375
"Ash Sharqiyah","Al-Ibrahimiyah",2016,3470.2646484375
"Ash Sharqiyah","Al-Ibrahimiyah",2017,3476.28002929688
"Ash Sharqiyah","Al-Ibrahimiyah",2018,3308.24780273438
"Ash Sharqiyah","Al-Ibrahimiyah",2019,3120.95556640625
"Ash Sharqiyah","Al-Ibrahimiyah",2020,2940.8076171875
"Ash Sharqiyah","Al-Ibrahimiyah",2021,3090.68725585938
"Ash Sharqiyah","Al-Ibrahimiyah",2022,3025.09252929688
"Ash Sharqiyah","Al-Ibrahimiyah",2023,2685.91284179688
"Ash Sharqiyah","Al-Ibrahimiyah",2024,2541.54565429688
"Ash Sharqiyah","Al-Qanayat",2012,1577.15588378906
"Ash Sharqiyah","Al-Qanayat",2013,1552.95959472656
"Ash Sharqiyah","Al-Qanayat",2014,1451.07165527344
"Ash Sharqiyah","Al-Qanayat",2015,1368.21142578125
"Ash Sharqiyah","Al-Qanayat",2016,1461.46105957031
"Ash Sharqiyah","Al-Qanayat",2017,1599.39636230469
"Ash Sharqiyah","Al-Qanayat",2018,1520.36120605469
"Ash Sharqiyah","Al-Qanayat",2019,1453.83215332031
"Ash Sharqiyah","Al-Qanayat",2020,1402.93896484375
"Ash Sharqiyah","Al-Qanayat",2021,1394.69494628906
"Ash Sharqiyah","Al-Qanayat",2022,1267.91638183594
"Ash Sharqiyah","Al-Qanayat",2023,1071.63940429688
"Ash Sharqiyah","Al-Qanayat",2024,1013.09020996094
"Ash Sharqiyah","Al-Qurayn",2012,1809.57873535156
"Ash Sharqiyah","Al-Qurayn",2013,1741.83520507812
"Ash Sharqiyah","Al-Qurayn",2014,1502.39208984375
"Ash Sharqiyah","Al-Qurayn",2015,1510.16955566406
"Ash Sharqiyah","Al-Qurayn",2016,1894.43981933594
"Ash Sharqiyah","Al-Qurayn",2017,2124.22729492188
"Ash Sharqiyah","Al-Qurayn",2018,1951.41015625
"Ash Sharqiyah","Al-Qurayn",2019,1842.00988769531
"Ash Sharqiyah","Al-Qurayn",2020,1530.05480957031
"Ash Sharqiyah","Al-Qurayn",2021,1506.88537597656
"Ash Sharqiyah","Al-Qurayn",2022,1413.97131347656
"Ash Sharqiyah","Al-Qurayn",2023,1333.83288574219
"Ash Sharqiyah","Al-Qurayn",2024,1332.75354003906
"Ash Sharqiyah","Awlad Saqr",2012,7143.31494140625
"Ash Sharqiyah","Awlad Saqr",2013,6382.1845703125
"Ash Sharqiyah","Awlad Saqr",2014,5991.291015625
"Ash Sharqiyah","Awlad Saqr",2015,5728.447265625
"Ash Sharqiyah","Awlad Saqr",2016,6795.02294921875
"Ash Sharqiyah","Awlad Saqr",2017,7199.2138671875
"Ash Sharqiyah","Awlad Saqr",2018,6535.62353515625
"Ash Sharqiyah","Awlad Saqr",2019,5897.83984375
"Ash Sharqiyah","Awlad Saqr",2020,5479.55419921875
"Ash Sharqiyah","Awlad Saqr",2021,5842.6552734375
"Ash Sharqiyah","Awlad Saqr",2022,5432.53271484375
"Ash Sharqiyah","Awlad Saqr",2023,4831.05615234375
"Ash Sharqiyah","Awlad Saqr",2024,4725.44384765625
"Ash Sharqiyah","Bilbays",2012,20238.640625
"Ash Sharqiyah","Bilbays",2013,18767.87890625
"Ash Sharqiyah","Bilbays",2014,16688.322265625
"Ash Sharqiyah","Bilbays",2015,16394.419921875
"Ash Sharqiyah","Bilbays",2016,17135.78125
"Ash Sharqiyah","Bilbays",2017,16970.16015625
"Ash Sharqiyah","Bilbays",2018,16502.033203125
"Ash Sharqiyah","Bilbays",2019,15680.89453125
"Ash Sharqiyah","Bilbays",2020,14319.6923828125
"Ash Sharqiyah","Bilbays",2021,15443.1279296875
"Ash Sharqiyah","Bilbays",2022,15762.5029296875
"Ash Sharqiyah","Bilbays",2023,15130.4013671875
"Ash Sharqiyah","Bilbays",2024,14753.8671875
"Ash Sharqiyah","Diyarb Najm",2012,11781.75390625
"Ash Sharqiyah","Diyarb Najm",2013,11293.1748046875
"Ash Sharqiyah","Diyarb Najm",2014,10449.375
"Ash Sharqiyah","Diyarb Najm",2015,10371.5634765625
"Ash Sharqiyah","Diyarb Najm",2016,11361.2958984375
"Ash Sharqiyah","Diyarb Najm",2017,11486.7041015625
"Ash Sharqiyah","Diyarb Najm",2018,10724.2626953125
"Ash Sharqiyah","Diyarb Najm",2019,10099.986328125
"Ash Sharqiyah","Diyarb Najm",2020,10073.21875
"Ash Sharqiyah","Diyarb Najm",2021,10890.1083984375
"Ash Sharqiyah","Diyarb Najm",2022,10394.017578125
"Ash Sharqiyah","Diyarb Najm",2023,9308.0654296875
"Ash Sharqiyah","Diyarb Najm",2024,8815.8427734375
"Ash Sharqiyah","Faqus",2012,18950.23828125
"Ash Sharqiyah","Faqus",2013,16822.998046875
"Ash Sharqiyah","Faqus",2014,15397.7080078125
"Ash Sharqiyah","Faqus",2015,14974.4892578125
"Ash Sharqiyah","Faqus",2016,15761.94921875
"Ash Sharqiyah","Faqus",2017,16240.904296875
"Ash Sharqiyah","Faqus",2018,15362.4013671875
"Ash Sharqiyah","Faqus",2019,14417.9619140625
"Ash Sharqiyah","Faqus",2020,13048.439453125
"Ash Sharqiyah","Faqus",2021,14717.8212890625
"Ash Sharqiyah","Faqus",2022,14142.1240234375
"Ash Sharqiyah","Faqus",2023,12736.015625
"Ash Sharqiyah","Faqus",2024,11699.3955078125
"Ash Sharqiyah","Hihya",2012,6662.23095703125
"Ash Sharqiyah","Hihya",2013,6320.6279296875
"Ash Sharqiyah","Hihya",2014,5760.96337890625
"Ash Sharqiyah","Hihya",2015,5258.0263671875
"Ash Sharqiyah","Hihya",2016,6094.67626953125
"Ash Sharqiyah","Hihya",2017,6775.71435546875
"Ash Sharqiyah","Hihya",2018,6090.19482421875
"Ash Sharqiyah","Hihya",2019,5809.95751953125
"Ash Sharqiyah","Hihya",2020,5383.66015625
"Ash Sharqiyah","Hihya",2021,5667.51611328125
"Ash Sharqiyah","Hihya",2022,5394.40625
"Ash Sharqiyah","Hihya",2023,4923.1630859375
"Ash Sharqiyah","Hihya",2024,4689.21630859375
"Ash Sharqiyah","Kafr Saqr",2012,7721.66748046875
"Ash Sharqiyah","Kafr Saqr",2013,7231.177734375
"Ash Sharqiyah","Kafr Saqr",2014,6622.68798828125
"Ash Sharqiyah","Kafr Saqr",2015,6653.7158203125
"Ash Sharqiyah","Kafr Saqr",2016,7284.29931640625
"Ash Sharqiyah","Kafr Saqr",2017,7572.74951171875
"Ash Sharqiyah","Kafr Saqr",2018,7259.16064453125
"Ash Sharqiyah","Kafr Saqr",2019,7004.28173828125
"Ash Sharqiyah","Kafr Saqr",2020,6458.7021484375
"Ash Sharqiyah","Kafr Saqr",2021,6889.119140625
"Ash Sharqiyah","Kafr Saqr",2022,6520.67236328125
"Ash Sharqiyah","Kafr Saqr",2023,5485.82861328125
"Ash Sharqiyah","Kafr Saqr",2024,4908.50244140625
"Ash Sharqiyah","Mashtul as-Suq",2012,3848.25659179688
"Ash Sharqiyah","Mashtul as-Suq",2013,3649.37084960938
"Ash Sharqiyah","Mashtul as-Suq",2014,3319.30249023438
"Ash Sharqiyah","Mashtul as-Suq",2015,3438.5
"Ash Sharqiyah","Mashtul as-Suq",2016,3751.54565429688
"Ash Sharqiyah","Mashtul as-Suq",2017,3756.38330078125
"Ash Sharqiyah","Mashtul as-Suq",2018,3637.67944335938
"Ash Sharqiyah","Mashtul as-Suq",2019,3380.763671875
"Ash Sharqiyah","Mashtul as-Suq",2020,3069.80151367188
"Ash Sharqiyah","Mashtul as-Suq",2021,3358.8408203125
"Ash Sharqiyah","Mashtul as-Suq",2022,3399.68334960938
"Ash Sharqiyah","Mashtul as-Suq",2023,3003.083984375
"Ash Sharqiyah","Mashtul as-Suq",2024,2907.47924804688
"Ash Sharqiyah","Minya al-Qamh",2012,17264.09375
"Ash Sharqiyah","Minya al-Qamh",2013,15861.0498046875
"Ash Sharqiyah","Minya al-Qamh",2014,14587.111328125
"Ash Sharqiyah","Minya al-Qamh",2015,14123.21484375
"Ash Sharqiyah","Minya al-Qamh",2016,14895.9677734375
"Ash Sharqiyah","Minya al-Qamh",2017,14341.05859375
"Ash Sharqiyah","Minya al-Qamh",2018,13880.1123046875
"Ash Sharqiyah","Minya al-Qamh",2019,13559.1669921875
"Ash Sharqiyah","Minya al-Qamh",2020,12512.302734375
"Ash Sharqiyah","Minya al-Qamh",2021,13287.9404296875
"Ash Sharqiyah","Minya al-Qamh",2022,12919.6220703125
"Ash Sharqiyah","Minya al-Qamh",2023,11487.0625
"Ash Sharqiyah","Minya al-Qamh",2024,10505.705078125
"Ash Sharqiyah","New Salhiyah",2012,12526.7412109375
"Ash Sharqiyah","New Salhiyah",2013,11365.240234375
"Ash Sharqiyah","New Salhiyah",2014,10102.501953125
"Ash Sharqiyah","New Salhiyah",2015,9665.65234375
"Ash Sharqiyah","New Salhiyah",2016,10382.345703125
"Ash Sharqiyah","New Salhiyah",2017,10658.779296875
"Ash Sharqiyah","New Salhiyah",2018,10692.9765625
"Ash Sharqiyah","New Salhiyah",2019,10641.1240234375
"Ash Sharqiyah","New Salhiyah",2020,10316.1474609375
"Ash Sharqiyah","New Salhiyah",2021,11642.2685546875
"Ash Sharqiyah","New Salhiyah",2022,12726.61328125
"Ash Sharqiyah","New Salhiyah",2023,11643.2001953125
"Ash Sharqiyah","New Salhiyah",2024,11119.0791015625
"Ash Sharqiyah","Unorganized in Ash Sharqiyah",2012,33665.4921875
"Ash Sharqiyah","Unorganized in Ash Sharqiyah",2013,32376.29296875
"Ash Sharqiyah","Unorganized in Ash Sharqiyah",2014,31510.3984375
"Ash Sharqiyah","Unorganized in Ash Sharqiyah",2015,32151.37890625
"Ash Sharqiyah","Unorganized in Ash Sharqiyah",2016,34296.4921875
"Ash Sharqiyah","Unorganized in Ash Sharqiyah",2017,35970.94140625
"Ash Sharqiyah","Unorganized in Ash Sharqiyah",2018,41247.140625
"Ash Sharqiyah","Unorganized in Ash Sharqiyah",2019,47654.0078125
"Ash Sharqiyah","Unorganized in Ash Sharqiyah",2020,52710.98828125
"Ash Sharqiyah","Unorganized in Ash Sharqiyah",2021,65187.96875
"Ash Sharqiyah","Unorganized in Ash Sharqiyah",2022,75227.4609375
"Ash Sharqiyah","Unorganized in Ash Sharqiyah",2023,76912.9453125
"Ash Sharqiyah","Unorganized in Ash Sharqiyah",2024,83210.578125
"Ash Sharqiyah","Zaqaziq",2012,22535.05078125
"Ash Sharqiyah","Zaqaziq",2013,21805.52734375
"Ash Sharqiyah","Zaqaziq",2014,19900.947265625
"Ash Sharqiyah","Zaqaziq",2015,19156.640625
"Ash Sharqiyah","Zaqaziq",2016,20092.1875
"Ash Sharqiyah","Zaqaziq",2017,19756.87109375
"Ash Sharqiyah","Zaqaziq",2018,19053.888671875
"Ash Sharqiyah","Zaqaziq",2019,18898.404296875
"Ash Sharqiyah","Zaqaziq",2020,17984.8359375
"Ash Sharqiyah","Zaqaziq",2021,19312.17578125
"Ash Sharqiyah","Zaqaziq",2022,18589.966796875
"Ash Sharqiyah","Zaqaziq",2023,16554.142578125
"Ash Sharqiyah","Zaqaziq",2024,15850.65234375
"Ash Sharqiyah","Zaqaziq 1",2012,1783.04113769531
"Ash Sharqiyah","Zaqaziq 1",2013,1907.53759765625
"Ash Sharqiyah","Zaqaziq 1",2014,1725.37890625
"Ash Sharqiyah","Zaqaziq 1",2015,1689.96533203125
"Ash Sharqiyah","Zaqaziq 1",2016,1700.7099609375
"Ash Sharqiyah","Zaqaziq 1",2017,1757.39025878906
"Ash Sharqiyah","Zaqaziq 1",2018,1736.52185058594
"Ash Sharqiyah","Zaqaziq 1",2019,1678.01599121094
"Ash Sharqiyah","Zaqaziq 1",2020,1519.0830078125
"Ash Sharqiyah","Zaqaziq 1",2021,1609.96691894531
"Ash Sharqiyah","Zaqaziq 1",2022,1494.80725097656
"Ash Sharqiyah","Zaqaziq 1",2023,1187.16528320312
"Ash Sharqiyah","Zaqaziq 1",2024,1138.55737304688
"Ash Sharqiyah","Zaqaziq 2",2012,2154.7880859375
"Ash Sharqiyah","Zaqaziq 2",2013,2143.34375
"Ash Sharqiyah","Zaqaziq 2",2014,1983.98742675781
"Ash Sharqiyah","Zaqaziq 2",2015,1995.78161621094
"Ash Sharqiyah","Zaqaziq 2",2016,2028.5234375
"Ash Sharqiyah","Zaqaziq 2",2017,2019.59216308594
"Ash Sharqiyah","Zaqaziq 2",2018,1957.54235839844
"Ash Sharqiyah","Zaqaziq 2",2019,1880.58837890625
"Ash Sharqiyah","Zaqaziq 2",2020,1709.25671386719
"Ash Sharqiyah","Zaqaziq 2",2021,1961.18823242188
"Ash Sharqiyah","Zaqaziq 2",2022,1847.52648925781
"Ash Sharqiyah","Zaqaziq 2",2023,1549.10388183594
"Ash Sharqiyah","Zaqaziq 2",2024,1490.2177734375
"Aswan","Abu Simbel",2012,0
"Aswan","Abu Simbel",2013,0
"Aswan","Abu Simbel",2014,0
"Aswan","Abu Simbel",2015,0
"Aswan","Abu Simbel",2016,0
"Aswan","Abu Simbel",2017,0
"Aswan","Abu Simbel",2018,0
"Aswan","Abu Simbel",2019,0
"Aswan","Abu Simbel",2020,0
"Aswan","Abu Simbel",2021,0
"Aswan","Abu Simbel",2022,0
"Aswan","Abu Simbel",2023,0
"Aswan","Abu Simbel",2024,0
"Aswan","Aswan",2012,24244.63671875
"Aswan","Aswan",2013,22390.572265625
"Aswan","Aswan",2014,22426.0546875
"Aswan","Aswan",2015,24435.525390625
"Aswan","Aswan",2016,23244.4921875
"Aswan","Aswan",2017,21785.361328125
"Aswan","Aswan",2018,19833.90234375
"Aswan","Aswan",2019,20102.30078125
"Aswan","Aswan",2020,19677.8515625
"Aswan","Aswan",2021,23861.568359375
"Aswan","Aswan",2022,24522.091796875
"Aswan","Aswan",2023,22209.697265625
"Aswan","Aswan",2024,21554.892578125
"Aswan","Aswan City",2012,84.4780120849609
"Aswan","Aswan City",2013,82.7709426879883
"Aswan","Aswan City",2014,76.2834396362305
"Aswan","Aswan City",2015,93.3883056640625
"Aswan","Aswan City",2016,91.8386611938477
"Aswan","Aswan City",2017,103.641120910645
"Aswan","Aswan City",2018,94.2026901245117
"Aswan","Aswan City",2019,90.7395935058594
"Aswan","Aswan City",2020,81.5242462158203
"Aswan","Aswan City",2021,120.743156433105
"Aswan","Aswan City",2022,132.457458496094
"Aswan","Aswan City",2023,140.759262084961
"Aswan","Aswan City",2024,123.336578369141
"Aswan","Daraw",2012,3443.62451171875
"Aswan","Daraw",2013,3081.68676757812
"Aswan","Daraw",2014,2618.572265625
"Aswan","Daraw",2015,2401.9873046875
"Aswan","Daraw",2016,2304.52758789062
"Aswan","Daraw",2017,2255.7685546875
"Aswan","Daraw",2018,2297.39501953125
"Aswan","Daraw",2019,2476.33715820312
"Aswan","Daraw",2020,2553.86254882812
"Aswan","Daraw",2021,3022.10913085938
"Aswan","Daraw",2022,2992.818359375
"Aswan","Daraw",2023,2864.48120117188
"Aswan","Daraw",2024,3086.60888671875
"Aswan","Idfu",2012,11038.375
"Aswan","Idfu",2013,10319.3330078125
"Aswan","Idfu",2014,9494.6982421875
"Aswan","Idfu",2015,9519.755859375
"Aswan","Idfu",2016,9838.673828125
"Aswan","Idfu",2017,9768.796875
"Aswan","Idfu",2018,9688.212890625
"Aswan","Idfu",2019,10051.8818359375
"Aswan","Idfu",2020,10328.5244140625
"Aswan","Idfu",2021,12009.7041015625
"Aswan","Idfu",2022,11356.4580078125
"Aswan","Idfu",2023,10763.861328125
"Aswan","Idfu",2024,11683.27734375
"Aswan","Kawm Umbu",2012,10637.421875
"Aswan","Kawm Umbu",2013,9243.4140625
"Aswan","Kawm Umbu",2014,7996.08740234375
"Aswan","Kawm Umbu",2015,7686.89501953125
"Aswan","Kawm Umbu",2016,7570.7353515625
"Aswan","Kawm Umbu",2017,7391.61767578125
"Aswan","Kawm Umbu",2018,7832.56884765625
"Aswan","Kawm Umbu",2019,8400.205078125
"Aswan","Kawm Umbu",2020,8269.38671875
"Aswan","Kawm Umbu",2021,10130.7734375
"Aswan","Kawm Umbu",2022,9742.98046875
"Aswan","Kawm Umbu",2023,9086.849609375
"Aswan","Kawm Umbu",2024,10337.4990234375
"Aswan","Nasr",2012,5175.3369140625
"Aswan","Nasr",2013,4728.525390625
"Aswan","Nasr",2014,4025.80224609375
"Aswan","Nasr",2015,4222.3037109375
"Aswan","Nasr",2016,4367.46142578125
"Aswan","Nasr",2017,4208.19287109375
"Aswan","Nasr",2018,4246.1455078125
"Aswan","Nasr",2019,4615.3603515625
"Aswan","Nasr",2020,4752.38037109375
"Aswan","Nasr",2021,5757.69189453125
"Aswan","Nasr",2022,5399.34765625
"Aswan","Nasr",2023,5421.4267578125
"Aswan","Nasr",2024,6454.56591796875
"Aswan","New Tushka City",2012,0
"Aswan","New Tushka City",2013,0
"Aswan","New Tushka City",2014,0
"Aswan","New Tushka City",2015,0
"Aswan","New Tushka City",2016,0
"Aswan","New Tushka City",2017,0
"Aswan","New Tushka City",2018,0
"Aswan","New Tushka City",2019,0
"Aswan","New Tushka City",2020,0
"Aswan","New Tushka City",2021,0
"Aswan","New Tushka City",2022,0
"Aswan","New Tushka City",2023,68.9078521728516
"Aswan","New Tushka City",2024,7.55490398406982
"Aswan","Unorganized in Aswan",2012,23787.330078125
"Aswan","Unorganized in Aswan",2013,21704.841796875
"Aswan","Unorganized in Aswan",2014,19852.333984375
"Aswan","Unorganized in Aswan",2015,21035.216796875
"Aswan","Unorganized in Aswan",2016,20894.85546875
"Aswan","Unorganized in Aswan",2017,21817.171875
"Aswan","Unorganized in Aswan",2018,21434.41015625
"Aswan","Unorganized in Aswan",2019,22495.673828125
"Aswan","Unorganized in Aswan",2020,22835.919921875
"Aswan","Unorganized in Aswan",2021,30030.193359375
"Aswan","Unorganized in Aswan",2022,32841.84375
"Aswan","Unorganized in Aswan",2023,33968.4375
"Aswan","Unorganized in Aswan",2024,32224.583984375
"Asyut","Abnub",2012,8566.203125
"Asyut","Abnub",2013,7627.29052734375
"Asyut","Abnub",2014,6338.36669921875
"Asyut","Abnub",2015,6140.89404296875
"Asyut","Abnub",2016,6890.99462890625
"Asyut","Abnub",2017,6692.478515625
"Asyut","Abnub",2018,5997.7021484375
"Asyut","Abnub",2019,5773.365234375
"Asyut","Abnub",2020,5517.22998046875
"Asyut","Abnub",2021,5533.21875
"Asyut","Abnub",2022,5094.916015625
"Asyut","Abnub",2023,5206.181640625
"Asyut","Abnub",2024,5028.96630859375
"Asyut","Abu Tij",2012,8757.3798828125
"Asyut","Abu Tij",2013,7773.86572265625
"Asyut","Abu Tij",2014,6526.98193359375
"Asyut","Abu Tij",2015,6072.513671875
"Asyut","Abu Tij",2016,6306.44140625
"Asyut","Abu Tij",2017,6476.30712890625
"Asyut","Abu Tij",2018,6590.67578125
"Asyut","Abu Tij",2019,7167.0791015625
"Asyut","Abu Tij",2020,6754.4345703125
"Asyut","Abu Tij",2021,7034.0556640625
"Asyut","Abu Tij",2022,6588.27001953125
"Asyut","Abu Tij",2023,6147.58349609375
"Asyut","Abu Tij",2024,5987.69873046875
"Asyut","Al-Badari",2012,3943.3056640625
"Asyut","Al-Badari",2013,3252.88818359375
"Asyut","Al-Badari",2014,2760.15991210938
"Asyut","Al-Badari",2015,2454.408203125
"Asyut","Al-Badari",2016,2601.10913085938
"Asyut","Al-Badari",2017,2967.0947265625
"Asyut","Al-Badari",2018,2958.0537109375
"Asyut","Al-Badari",2019,3444.41040039062
"Asyut","Al-Badari",2020,3302.0498046875
"Asyut","Al-Badari",2021,3380.90405273438
"Asyut","Al-Badari",2022,3045.19702148438
"Asyut","Al-Badari",2023,2608.60375976562
"Asyut","Al-Badari",2024,2617.87866210938
"Asyut","Al-Fath",2012,6331.19482421875
"Asyut","Al-Fath",2013,6354.982421875
"Asyut","Al-Fath",2014,5628.419921875
"Asyut","Al-Fath",2015,5313.5634765625
"Asyut","Al-Fath",2016,5774.85205078125
"Asyut","Al-Fath",2017,5766.29150390625
"Asyut","Al-Fath",2018,4963.89013671875
"Asyut","Al-Fath",2019,4729.16650390625
"Asyut","Al-Fath",2020,4388.0537109375
"Asyut","Al-Fath",2021,4566.98486328125
"Asyut","Al-Fath",2022,4238.74755859375
"Asyut","Al-Fath",2023,4235.43017578125
"Asyut","Al-Fath",2024,4382.1396484375
"Asyut","Al-Ghanayim",2012,2590.2705078125
"Asyut","Al-Ghanayim",2013,2339.11743164062
"Asyut","Al-Ghanayim",2014,2016.98083496094
"Asyut","Al-Ghanayim",2015,1951.53723144531
"Asyut","Al-Ghanayim",2016,2172.1865234375
"Asyut","Al-Ghanayim",2017,2385.46801757812
"Asyut","Al-Ghanayim",2018,2294.79736328125
"Asyut","Al-Ghanayim",2019,2409.11279296875
"Asyut","Al-Ghanayim",2020,2304.58642578125
"Asyut","Al-Ghanayim",2021,2438.10034179688
"Asyut","Al-Ghanayim",2022,2284.07739257812
"Asyut","Al-Ghanayim",2023,2035.80834960938
"Asyut","Al-Ghanayim",2024,2002.04638671875
"Asyut","Al-Qusiyah",2012,9179.7373046875
"Asyut","Al-Qusiyah",2013,7966.61083984375
"Asyut","Al-Qusiyah",2014,6712.11181640625
"Asyut","Al-Qusiyah",2015,6523.81201171875
"Asyut","Al-Qusiyah",2016,7222.0791015625
"Asyut","Al-Qusiyah",2017,7972.10302734375
"Asyut","Al-Qusiyah",2018,7342.1142578125
"Asyut","Al-Qusiyah",2019,7678.0703125
"Asyut","Al-Qusiyah",2020,7306.77197265625
"Asyut","Al-Qusiyah",2021,7767.80859375
"Asyut","Al-Qusiyah",2022,7453.41259765625
"Asyut","Al-Qusiyah",2023,6747.9853515625
"Asyut","Al-Qusiyah",2024,7022.15673828125
"Asyut","Asyut",2012,14430.318359375
"Asyut","Asyut",2013,13340.23046875
"Asyut","Asyut",2014,11456.42578125
"Asyut","Asyut",2015,11159.0869140625
"Asyut","Asyut",2016,10944.732421875
"Asyut","Asyut",2017,11108.115234375
"Asyut","Asyut",2018,10689.9970703125
"Asyut","Asyut",2019,11437.8681640625
"Asyut","Asyut",2020,10974.25
"Asyut","Asyut",2021,11252.45703125
"Asyut","Asyut",2022,10303.7197265625
"Asyut","Asyut",2023,8934.541015625
"Asyut","Asyut",2024,8876.6279296875
"Asyut","Asyut 1",2012,3655.3173828125
"Asyut","Asyut 1",2013,3334.35034179688
"Asyut","Asyut 1",2014,3034.53637695312
"Asyut","Asyut 1",2015,3106.20581054688
"Asyut","Asyut 1",2016,3568.89135742188
"Asyut","Asyut 1",2017,3606.2802734375
"Asyut","Asyut 1",2018,3381.07690429688
"Asyut","Asyut 1",2019,3320.07055664062
"Asyut","Asyut 1",2020,2923.0791015625
"Asyut","Asyut 1",2021,3026.01489257812
"Asyut","Asyut 1",2022,2790.02099609375
"Asyut","Asyut 1",2023,2317.47265625
"Asyut","Asyut 1",2024,2483.09936523438
"Asyut","Asyut 2",2012,5879.42578125
"Asyut","Asyut 2",2013,5232.8310546875
"Asyut","Asyut 2",2014,4773.4501953125
"Asyut","Asyut 2",2015,4858.7607421875
"Asyut","Asyut 2",2016,5591.7119140625
"Asyut","Asyut 2",2017,5528.1220703125
"Asyut","Asyut 2",2018,5544.591796875
"Asyut","Asyut 2",2019,5392.93994140625
"Asyut","Asyut 2",2020,4918.17236328125
"Asyut","Asyut 2",2021,5652.927734375
"Asyut","Asyut 2",2022,5188.890625
"Asyut","Asyut 2",2023,4286.1123046875
"Asyut","Asyut 2",2024,4519.7333984375
"Asyut","Dayrut",2012,12852.6962890625
"Asyut","Dayrut",2013,11488.7119140625
"Asyut","Dayrut",2014,9824.537109375
"Asyut","Dayrut",2015,9890.2216796875
"Asyut","Dayrut",2016,9802.43359375
"Asyut","Dayrut",2017,11059.45703125
"Asyut","Dayrut",2018,10828.4453125
"Asyut","Dayrut",2019,11213.8486328125
"Asyut","Dayrut",2020,10396.861328125
"Asyut","Dayrut",2021,10124.53515625
"Asyut","Dayrut",2022,9833.2294921875
"Asyut","Dayrut",2023,9001.6025390625
"Asyut","Dayrut",2024,9112.056640625
"Asyut","Manfalut",2012,9175.1728515625
"Asyut","Manfalut",2013,8422.298828125
"Asyut","Manfalut",2014,6851.77490234375
"Asyut","Manfalut",2015,6659.39794921875
"Asyut","Manfalut",2016,7660.71728515625
"Asyut","Manfalut",2017,9192.4189453125
"Asyut","Manfalut",2018,8148.87451171875
"Asyut","Manfalut",2019,8128.73779296875
"Asyut","Manfalut",2020,7744.02734375
"Asyut","Manfalut",2021,7575.73876953125
"Asyut","Manfalut",2022,7036.09375
"Asyut","Manfalut",2023,6673.353515625
"Asyut","Manfalut",2024,7013.9658203125
"Asyut","New Asyut City",2012,337.565643310547
"Asyut","New Asyut City",2013,302.687744140625
"Asyut","New Asyut City",2014,325.393371582031
"Asyut","New Asyut City",2015,390.882415771484
"Asyut","New Asyut City",2016,512.385375976562
"Asyut","New Asyut City",2017,544.598205566406
"Asyut","New Asyut City",2018,915.505615234375
"Asyut","New Asyut City",2019,1481.08923339844
"Asyut","New Asyut City",2020,1585.98864746094
"Asyut","New Asyut City",2021,1584.24096679688
"Asyut","New Asyut City",2022,1398.79064941406
"Asyut","New Asyut City",2023,1480.70471191406
"Asyut","New Asyut City",2024,1606.90625
"Asyut","Sahil Salim",2012,3288.98461914062
"Asyut","Sahil Salim",2013,2788.3955078125
"Asyut","Sahil Salim",2014,2327.79809570312
"Asyut","Sahil Salim",2015,2116.673828125
"Asyut","Sahil Salim",2016,2828.599609375
"Asyut","Sahil Salim",2017,3226.63427734375
"Asyut","Sahil Salim",2018,2993.87084960938
"Asyut","Sahil Salim",2019,3050.5673828125
"Asyut","Sahil Salim",2020,2820.11279296875
"Asyut","Sahil Salim",2021,2832.35693359375
"Asyut","Sahil Salim",2022,2559.10424804688
"Asyut","Sahil Salim",2023,2667.86206054688
"Asyut","Sahil Salim",2024,2796.7890625
"Asyut","Sidfa",2012,3700.26123046875
"Asyut","Sidfa",2013,3097.93237304688
"Asyut","Sidfa",2014,2835.60986328125
"Asyut","Sidfa",2015,2959.51293945312
"Asyut","Sidfa",2016,3385.10473632812
"Asyut","Sidfa",2017,3733.27954101562
"Asyut","Sidfa",2018,3760.38842773438
"Asyut","Sidfa",2019,4544.880859375
"Asyut","Sidfa",2020,4220.49560546875
"Asyut","Sidfa",2021,4210.04736328125
"Asyut","Sidfa",2022,3587.76416015625
"Asyut","Sidfa",2023,3121.30249023438
"Asyut","Sidfa",2024,3427.30249023438
"Asyut","Unorganized in Asyut",2012,29560.673828125
"Asyut","Unorganized in Asyut",2013,28513.08984375
"Asyut","Unorganized in Asyut",2014,25262.01171875
"Asyut","Unorganized in Asyut",2015,27775.076171875
"Asyut","Unorganized in Asyut",2016,28608.912109375
"Asyut","Unorganized in Asyut",2017,30729.611328125
"Asyut","Unorganized in Asyut",2018,28979.890625
"Asyut","Unorganized in Asyut",2019,33595.27734375
"Asyut","Unorganized in Asyut",2020,32112.318359375
"Asyut","Unorganized in Asyut",2021,44323.11328125
"Asyut","Unorganized in Asyut",2022,38603.125
"Asyut","Unorganized in Asyut",2023,39776.21484375
"Asyut","Unorganized in Asyut",2024,38192.1484375
"Bani Suwayf","Al-Fashn",2012,7412.912109375
"Bani Suwayf","Al-Fashn",2013,6259.3935546875
"Bani Suwayf","Al-Fashn",2014,5145.0263671875
"Bani Suwayf","Al-Fashn",2015,5759.5126953125
"Bani Suwayf","Al-Fashn",2016,7002.814453125
"Bani Suwayf","Al-Fashn",2017,6870.00390625
"Bani Suwayf","Al-Fashn",2018,6837.3515625
"Bani Suwayf","Al-Fashn",2019,7686.6640625
"Bani Suwayf","Al-Fashn",2020,7665.900390625
"Bani Suwayf","Al-Fashn",2021,8665.4365234375
"Bani Suwayf","Al-Fashn",2022,7963.6171875
"Bani Suwayf","Al-Fashn",2023,7064.77587890625
"Bani Suwayf","Al-Fashn",2024,6999.86962890625
"Bani Suwayf","Al-Wasta",2012,8142.87548828125
"Bani Suwayf","Al-Wasta",2013,7322.20458984375
"Bani Suwayf","Al-Wasta",2014,6171.34521484375
"Bani Suwayf","Al-Wasta",2015,6069.662109375
"Bani Suwayf","Al-Wasta",2016,7244.74609375
"Bani Suwayf","Al-Wasta",2017,7451.42919921875
"Bani Suwayf","Al-Wasta",2018,7348.26513671875
"Bani Suwayf","Al-Wasta",2019,7893.9111328125
"Bani Suwayf","Al-Wasta",2020,7584.0947265625
"Bani Suwayf","Al-Wasta",2021,8163.748046875
"Bani Suwayf","Al-Wasta",2022,7805.025390625
"Bani Suwayf","Al-Wasta",2023,7167.0390625
"Bani Suwayf","Al-Wasta",2024,6849.02294921875
"Bani Suwayf","Bani Suwayf",2012,21309.357421875
"Bani Suwayf","Bani Suwayf",2013,21011.4296875
"Bani Suwayf","Bani Suwayf",2014,18875.154296875
"Bani Suwayf","Bani Suwayf",2015,19084.509765625
"Bani Suwayf","Bani Suwayf",2016,19495.66796875
"Bani Suwayf","Bani Suwayf",2017,20047.75
"Bani Suwayf","Bani Suwayf",2018,19856.138671875
"Bani Suwayf","Bani Suwayf",2019,19497.546875
"Bani Suwayf","Bani Suwayf",2020,17568.150390625
"Bani Suwayf","Bani Suwayf",2021,19086.595703125
"Bani Suwayf","Bani Suwayf",2022,18733.458984375
"Bani Suwayf","Bani Suwayf",2023,17161.203125
"Bani Suwayf","Bani Suwayf",2024,16853.265625
"Bani Suwayf","Bani Suwayf City",2012,1673.49450683594
"Bani Suwayf","Bani Suwayf City",2013,1509.4345703125
"Bani Suwayf","Bani Suwayf City",2014,1416.77941894531
"Bani Suwayf","Bani Suwayf City",2015,1635.34924316406
"Bani Suwayf","Bani Suwayf City",2016,2692.73461914062
"Bani Suwayf","Bani Suwayf City",2017,3407.71801757812
"Bani Suwayf","Bani Suwayf City",2018,5693.287109375
"Bani Suwayf","Bani Suwayf City",2019,5653.14990234375
"Bani Suwayf","Bani Suwayf City",2020,4634.1953125
"Bani Suwayf","Bani Suwayf City",2021,4536.01953125
"Bani Suwayf","Bani Suwayf City",2022,4568.2568359375
"Bani Suwayf","Bani Suwayf City",2023,4442.046875
"Bani Suwayf","Bani Suwayf City",2024,4310.1044921875
"Bani Suwayf","Biba",2012,9948.3583984375
"Bani Suwayf","Biba",2013,9064.4599609375
"Bani Suwayf","Biba",2014,7876.2822265625
"Bani Suwayf","Biba",2015,7755.0673828125
"Bani Suwayf","Biba",2016,8895.927734375
"Bani Suwayf","Biba",2017,8720.2998046875
"Bani Suwayf","Biba",2018,8554.919921875
"Bani Suwayf","Biba",2019,8965.30078125
"Bani Suwayf","Biba",2020,8137.8125
"Bani Suwayf","Biba",2021,8458.2666015625
"Bani Suwayf","Biba",2022,7664.6962890625
"Bani Suwayf","Biba",2023,7815.1337890625
"Bani Suwayf","Biba",2024,8494.0087890625
"Bani Suwayf","Ihnasiya",2012,10089.9990234375
"Bani Suwayf","Ihnasiya",2013,8721.74609375
"Bani Suwayf","Ihnasiya",2014,7328.98583984375
"Bani Suwayf","Ihnasiya",2015,7031.91357421875
"Bani Suwayf","Ihnasiya",2016,7406.556640625
"Bani Suwayf","Ihnasiya",2017,6959.20703125
"Bani Suwayf","Ihnasiya",2018,7283.7490234375
"Bani Suwayf","Ihnasiya",2019,7958.59033203125
"Bani Suwayf","Ihnasiya",2020,7726.1328125
"Bani Suwayf","Ihnasiya",2021,8201.173828125
"Bani Suwayf","Ihnasiya",2022,7887.68017578125
"Bani Suwayf","Ihnasiya",2023,6796.998046875
"Bani Suwayf","Ihnasiya",2024,6472.1806640625
"Bani Suwayf","Nasir Bush",2012,7434.22314453125
"Bani Suwayf","Nasir Bush",2013,7222.59130859375
"Bani Suwayf","Nasir Bush",2014,6416.9443359375
"Bani Suwayf","Nasir Bush",2015,6562.96826171875
"Bani Suwayf","Nasir Bush",2016,7168.6640625
"Bani Suwayf","Nasir Bush",2017,7164.2548828125
"Bani Suwayf","Nasir Bush",2018,6651.7412109375
"Bani Suwayf","Nasir Bush",2019,6945.46435546875
"Bani Suwayf","Nasir Bush",2020,6490.525390625
"Bani Suwayf","Nasir Bush",2021,7020.71142578125
"Bani Suwayf","Nasir Bush",2022,6655.4404296875
"Bani Suwayf","Nasir Bush",2023,7017.33935546875
"Bani Suwayf","Nasir Bush",2024,7087.384765625
"Bani Suwayf","Sumusta al-Waqf",2012,5512.4267578125
"Bani Suwayf","Sumusta al-Waqf",2013,4973.86572265625
"Bani Suwayf","Sumusta al-Waqf",2014,3537.37866210938
"Bani Suwayf","Sumusta al-Waqf",2015,2908.06469726562
"Bani Suwayf","Sumusta al-Waqf",2016,4104.00341796875
"Bani Suwayf","Sumusta al-Waqf",2017,3981.70776367188
"Bani Suwayf","Sumusta al-Waqf",2018,4582.93115234375
"Bani Suwayf","Sumusta al-Waqf",2019,5261.076171875
"Bani Suwayf","Sumusta al-Waqf",2020,4732.328125
"Bani Suwayf","Sumusta al-Waqf",2021,5183.09814453125
"Bani Suwayf","Sumusta al-Waqf",2022,4481.31494140625
"Bani Suwayf","Sumusta al-Waqf",2023,3692.662109375
"Bani Suwayf","Sumusta al-Waqf",2024,4010.06640625
"Bani Suwayf","Unorganized in Bani Suwayf",2012,12311.0927734375
"Bani Suwayf","Unorganized in Bani Suwayf",2013,10897.0146484375
"Bani Suwayf","Unorganized in Bani Suwayf",2014,9838.451171875
"Bani Suwayf","Unorganized in Bani Suwayf",2015,9122.001953125
"Bani Suwayf","Unorganized in Bani Suwayf",2016,11314.5458984375
"Bani Suwayf","Unorganized in Bani Suwayf",2017,11804.5546875
"Bani Suwayf","Unorganized in Bani Suwayf",2018,10944.6474609375
"Bani Suwayf","Unorganized in Bani Suwayf",2019,11946.16015625
"Bani Suwayf","Unorganized in Bani Suwayf",2020,11999.779296875
"Bani Suwayf","Unorganized in Bani Suwayf",2021,13699.22265625
"Bani Suwayf","Unorganized in Bani Suwayf",2022,13315.7861328125
"Bani Suwayf","Unorganized in Bani Suwayf",2023,14266.5341796875
"Bani Suwayf","Unorganized in Bani Suwayf",2024,14406.0498046875
"Bur Sa`id","Ad-Dawahy",2012,2168.46801757812
"Bur Sa`id","Ad-Dawahy",2013,1847.74096679688
"Bur Sa`id","Ad-Dawahy",2014,1803.32373046875
"Bur Sa`id","Ad-Dawahy",2015,1859.89782714844
"Bur Sa`id","Ad-Dawahy",2016,2115.50268554688
"Bur Sa`id","Ad-Dawahy",2017,2058.33740234375
"Bur Sa`id","Ad-Dawahy",2018,2127.55053710938
"Bur Sa`id","Ad-Dawahy",2019,2016.99206542969
"Bur Sa`id","Ad-Dawahy",2020,1953.73022460938
"Bur Sa`id","Ad-Dawahy",2021,2610.39379882812
"Bur Sa`id","Ad-Dawahy",2022,2469.07836914062
"Bur Sa`id","Ad-Dawahy",2023,2084.67407226562
"Bur Sa`id","Ad-Dawahy",2024,1871.5380859375
"Bur Sa`id","Al-'Arab",2012,1326.33801269531
"Bur Sa`id","Al-'Arab",2013,1136.52709960938
"Bur Sa`id","Al-'Arab",2014,1102.60607910156
"Bur Sa`id","Al-'Arab",2015,1157.71240234375
"Bur Sa`id","Al-'Arab",2016,1255.77368164062
"Bur Sa`id","Al-'Arab",2017,1203.79296875
"Bur Sa`id","Al-'Arab",2018,1194.1728515625
"Bur Sa`id","Al-'Arab",2019,1187.90161132812
"Bur Sa`id","Al-'Arab",2020,1142.40686035156
"Bur Sa`id","Al-'Arab",2021,1382.65197753906
"Bur Sa`id","Al-'Arab",2022,1274.076171875
"Bur Sa`id","Al-'Arab",2023,1124.29833984375
"Bur Sa`id","Al-'Arab",2024,1129.40637207031
"Bur Sa`id","Al-Ganoub",2012,3419.595703125
"Bur Sa`id","Al-Ganoub",2013,3181.56372070312
"Bur Sa`id","Al-Ganoub",2014,3152.74072265625
"Bur Sa`id","Al-Ganoub",2015,2852.67041015625
"Bur Sa`id","Al-Ganoub",2016,3297.68872070312
"Bur Sa`id","Al-Ganoub",2017,3844.72778320312
"Bur Sa`id","Al-Ganoub",2018,3995.72192382812
"Bur Sa`id","Al-Ganoub",2019,4165.3671875
"Bur Sa`id","Al-Ganoub",2020,4406.8896484375
"Bur Sa`id","Al-Ganoub",2021,5313.74755859375
"Bur Sa`id","Al-Ganoub",2022,5664.8642578125
"Bur Sa`id","Al-Ganoub",2023,5770.20703125
"Bur Sa`id","Al-Ganoub",2024,5452.23681640625
"Bur Sa`id","Al-Ganoub 2",2012,1524.779296875
"Bur Sa`id","Al-Ganoub 2",2013,1261.41760253906
"Bur Sa`id","Al-Ganoub 2",2014,1144.50231933594
"Bur Sa`id","Al-Ganoub 2",2015,916.322998046875
"Bur Sa`id","Al-Ganoub 2",2016,1124.24255371094
"Bur Sa`id","Al-Ganoub 2",2017,1208.04711914062
"Bur Sa`id","Al-Ganoub 2",2018,1261.4130859375
"Bur Sa`id","Al-Ganoub 2",2019,1269.63000488281
"Bur Sa`id","Al-Ganoub 2",2020,1181.07580566406
"Bur Sa`id","Al-Ganoub 2",2021,1646.29272460938
"Bur Sa`id","Al-Ganoub 2",2022,1640.73217773438
"Bur Sa`id","Al-Ganoub 2",2023,1442.21423339844
"Bur Sa`id","Al-Ganoub 2",2024,1281.2412109375
"Bur Sa`id","Al-Manakh",2012,1929.9482421875
"Bur Sa`id","Al-Manakh",2013,1772.75
"Bur Sa`id","Al-Manakh",2014,1654.91979980469
"Bur Sa`id","Al-Manakh",2015,1662.873046875
"Bur Sa`id","Al-Manakh",2016,1754.26110839844
"Bur Sa`id","Al-Manakh",2017,1723.51013183594
"Bur Sa`id","Al-Manakh",2018,1812.58093261719
"Bur Sa`id","Al-Manakh",2019,1763.94140625
"Bur Sa`id","Al-Manakh",2020,1857.25012207031
"Bur Sa`id","Al-Manakh",2021,2110.58325195312
"Bur Sa`id","Al-Manakh",2022,2057.51098632812
"Bur Sa`id","Al-Manakh",2023,1792.12438964844
"Bur Sa`id","Al-Manakh",2024,1660.65112304688
"Bur Sa`id","Al-Manasrah",2012,6146.9248046875
"Bur Sa`id","Al-Manasrah",2013,5622.0673828125
"Bur Sa`id","Al-Manasrah",2014,6151.4228515625
"Bur Sa`id","Al-Manasrah",2015,6070.4931640625
"Bur Sa`id","Al-Manasrah",2016,6132.2470703125
"Bur Sa`id","Al-Manasrah",2017,6602.49462890625
"Bur Sa`id","Al-Manasrah",2018,15247.853515625
"Bur Sa`id","Al-Manasrah",2019,19324.794921875
"Bur Sa`id","Al-Manasrah",2020,15535.177734375
"Bur Sa`id","Al-Manasrah",2021,15062.125
"Bur Sa`id","Al-Manasrah",2022,15759.591796875
"Bur Sa`id","Al-Manasrah",2023,15355.35546875
"Bur Sa`id","Al-Manasrah",2024,13818.2138671875
"Bur Sa`id","Ash-Sharq",2012,2107.13305664062
"Bur Sa`id","Ash-Sharq",2013,1868.25158691406
"Bur Sa`id","Ash-Sharq",2014,1935.98449707031
"Bur Sa`id","Ash-Sharq",2015,2042.58471679688
"Bur Sa`id","Ash-Sharq",2016,2526.99658203125
"Bur Sa`id","Ash-Sharq",2017,2382.0634765625
"Bur Sa`id","Ash-Sharq",2018,2355.35302734375
"Bur Sa`id","Ash-Sharq",2019,2252.82348632812
"Bur Sa`id","Ash-Sharq",2020,2333.61083984375
"Bur Sa`id","Ash-Sharq",2021,2483.357421875
"Bur Sa`id","Ash-Sharq",2022,2452.77221679688
"Bur Sa`id","Ash-Sharq",2023,2377.0810546875
"Bur Sa`id","Ash-Sharq",2024,2516.66088867188
"Bur Sa`id","Az-Zohur",2012,2459.62231445312
"Bur Sa`id","Az-Zohur",2013,2081.81567382812
"Bur Sa`id","Az-Zohur",2014,2145.78588867188
"Bur Sa`id","Az-Zohur",2015,2106.28002929688
"Bur Sa`id","Az-Zohur",2016,2128.49536132812
"Bur Sa`id","Az-Zohur",2017,1980.07727050781
"Bur Sa`id","Az-Zohur",2018,2341.69165039062
"Bur Sa`id","Az-Zohur",2019,2110.95336914062
"Bur Sa`id","Az-Zohur",2020,1784.00500488281
"Bur Sa`id","Az-Zohur",2021,2433.00610351562
"Bur Sa`id","Az-Zohur",2022,2469.96728515625
"Bur Sa`id","Az-Zohur",2023,2322.6640625
"Bur Sa`id","Az-Zohur",2024,1893.28295898438
"Bur Sa`id","Mubarak - Sharq at-Tafri'tah",2012,3253.31005859375
"Bur Sa`id","Mubarak - Sharq at-Tafri'tah",2013,3439.80688476562
"Bur Sa`id","Mubarak - Sharq at-Tafri'tah",2014,3564.26440429688
"Bur Sa`id","Mubarak - Sharq at-Tafri'tah",2015,3606.71801757812
"Bur Sa`id","Mubarak - Sharq at-Tafri'tah",2016,4366.580078125
"Bur Sa`id","Mubarak - Sharq at-Tafri'tah",2017,4751.10498046875
"Bur Sa`id","Mubarak - Sharq at-Tafri'tah",2018,4296.91455078125
"Bur Sa`id","Mubarak - Sharq at-Tafri'tah",2019,4071.490234375
"Bur Sa`id","Mubarak - Sharq at-Tafri'tah",2020,4940.13720703125
"Bur Sa`id","Mubarak - Sharq at-Tafri'tah",2021,5955.802734375
"Bur Sa`id","Mubarak - Sharq at-Tafri'tah",2022,6738.37744140625
"Bur Sa`id","Mubarak - Sharq at-Tafri'tah",2023,6812.22705078125
"Bur Sa`id","Mubarak - Sharq at-Tafri'tah",2024,6446.30126953125
"Bur Sa`id","Port Fuad",2012,1271.23486328125
"Bur Sa`id","Port Fuad",2013,1161.62524414062
"Bur Sa`id","Port Fuad",2014,1050.1484375
"Bur Sa`id","Port Fuad",2015,1073.69458007812
"Bur Sa`id","Port Fuad",2016,1062.32006835938
"Bur Sa`id","Port Fuad",2017,1085.97314453125
"Bur Sa`id","Port Fuad",2018,1256.30297851562
"Bur Sa`id","Port Fuad",2019,1269.12780761719
"Bur Sa`id","Port Fuad",2020,1281.39196777344
"Bur Sa`id","Port Fuad",2021,1391.88842773438
"Bur Sa`id","Port Fuad",2022,1437.82885742188
"Bur Sa`id","Port Fuad",2023,1484.283203125
"Bur Sa`id","Port Fuad",2024,1370.10668945312
"Bur Sa`id","Port Fuad 2",2012,445.365081787109
"Bur Sa`id","Port Fuad 2",2013,422.449890136719
"Bur Sa`id","Port Fuad 2",2014,442.855895996094
"Bur Sa`id","Port Fuad 2",2015,414.792755126953
"Bur Sa`id","Port Fuad 2",2016,446.868438720703
"Bur Sa`id","Port Fuad 2",2017,489.117370605469
"Bur Sa`id","Port Fuad 2",2018,559.947937011719
"Bur Sa`id","Port Fuad 2",2019,584.975891113281
"Bur Sa`id","Port Fuad 2",2020,562.878723144531
"Bur Sa`id","Port Fuad 2",2021,679.181518554688
"Bur Sa`id","Port Fuad 2",2022,964.807983398438
"Bur Sa`id","Port Fuad 2",2023,1155.15991210938
"Bur Sa`id","Port Fuad 2",2024,1146.36047363281
"Bur Sa`id","Port Sa'id Police Department",2012,2064.1728515625
"Bur Sa`id","Port Sa'id Police Department",2013,1949.78515625
"Bur Sa`id","Port Sa'id Police Department",2014,1890.87658691406
"Bur Sa`id","Port Sa'id Police Department",2015,1937.64978027344
"Bur Sa`id","Port Sa'id Police Department",2016,2261.29345703125
"Bur Sa`id","Port Sa'id Police Department",2017,2122.740234375
"Bur Sa`id","Port Sa'id Police Department",2018,2224.06494140625
"Bur Sa`id","Port Sa'id Police Department",2019,2244.51391601562
"Bur Sa`id","Port Sa'id Police Department",2020,2227.576171875
"Bur Sa`id","Port Sa'id Police Department",2021,2302.796875
"Bur Sa`id","Port Sa'id Police Department",2022,2325.20629882812
"Bur Sa`id","Port Sa'id Police Department",2023,2442.7919921875
"Bur Sa`id","Port Sa'id Police Department",2024,2323.23706054688
"Dumyat","Damietta",2012,12865.435546875
"Dumyat","Damietta",2013,9645.9462890625
"Dumyat","Damietta",2014,8967.75390625
"Dumyat","Damietta",2015,9119.353515625
"Dumyat","Damietta",2016,9801.408203125
"Dumyat","Damietta",2017,10647.66796875
"Dumyat","Damietta",2018,10224.2333984375
"Dumyat","Damietta",2019,11079.994140625
"Dumyat","Damietta",2020,10164.2841796875
"Dumyat","Damietta",2021,11310.447265625
"Dumyat","Damietta",2022,11449.1845703125
"Dumyat","Damietta",2023,10577.56640625
"Dumyat","Damietta",2024,9949.123046875
"Dumyat","Damietta 1",2012,2770.92529296875
"Dumyat","Damietta 1",2013,2393.74194335938
"Dumyat","Damietta 1",2014,2060.76293945312
"Dumyat","Damietta 1",2015,2003.12231445312
"Dumyat","Damietta 1",2016,2029.23034667969
"Dumyat","Damietta 1",2017,2022.3037109375
"Dumyat","Damietta 1",2018,1920.99853515625
"Dumyat","Damietta 1",2019,1975.95629882812
"Dumyat","Damietta 1",2020,1887.88537597656
"Dumyat","Damietta 1",2021,2269.20532226562
"Dumyat","Damietta 1",2022,2244.98095703125
"Dumyat","Damietta 1",2023,1931.93774414062
"Dumyat","Damietta 1",2024,1801.32299804688
"Dumyat","Damietta 2",2012,2472.95288085938
"Dumyat","Damietta 2",2013,2142.98583984375
"Dumyat","Damietta 2",2014,1805.51733398438
"Dumyat","Damietta 2",2015,1716.69299316406
"Dumyat","Damietta 2",2016,1690.24011230469
"Dumyat","Damietta 2",2017,1601.54821777344
"Dumyat","Damietta 2",2018,1541.5986328125
"Dumyat","Damietta 2",2019,1637.23559570312
"Dumyat","Damietta 2",2020,1494.57312011719
"Dumyat","Damietta 2",2021,1665.12121582031
"Dumyat","Damietta 2",2022,1809.05944824219
"Dumyat","Damietta 2",2023,1551.3720703125
"Dumyat","Damietta 2",2024,1457.68090820312
"Dumyat","Faraskur",2012,5596.560546875
"Dumyat","Faraskur",2013,4892.7734375
"Dumyat","Faraskur",2014,4470.19384765625
"Dumyat","Faraskur",2015,3935.69287109375
"Dumyat","Faraskur",2016,4015.99267578125
"Dumyat","Faraskur",2017,4322.384765625
"Dumyat","Faraskur",2018,4297.0283203125
"Dumyat","Faraskur",2019,4465.82470703125
"Dumyat","Faraskur",2020,4305.7529296875
"Dumyat","Faraskur",2021,4498.56103515625
"Dumyat","Faraskur",2022,4079.39013671875
"Dumyat","Faraskur",2023,3628.53930664062
"Dumyat","Faraskur",2024,3410.93383789062
"Dumyat","Kafr Sa'd",2012,10509.376953125
"Dumyat","Kafr Sa'd",2013,9610.6962890625
"Dumyat","Kafr Sa'd",2014,9425.6591796875
"Dumyat","Kafr Sa'd",2015,9706.9990234375
"Dumyat","Kafr Sa'd",2016,10256.1455078125
"Dumyat","Kafr Sa'd",2017,10531.7744140625
"Dumyat","Kafr Sa'd",2018,11093.794921875
"Dumyat","Kafr Sa'd",2019,10517.9365234375
"Dumyat","Kafr Sa'd",2020,9305.3447265625
"Dumyat","Kafr Sa'd",2021,9583.1416015625
"Dumyat","Kafr Sa'd",2022,9095.59765625
"Dumyat","Kafr Sa'd",2023,9803.5009765625
"Dumyat","Kafr Sa'd",2024,9283.9189453125
"Dumyat","New Damietta City",2012,9896.791015625
"Dumyat","New Damietta City",2013,7630.8681640625
"Dumyat","New Damietta City",2014,7469.8486328125
"Dumyat","New Damietta City",2015,8592.884765625
"Dumyat","New Damietta City",2016,8684.5869140625
"Dumyat","New Damietta City",2017,8923.9306640625
"Dumyat","New Damietta City",2018,9208.0166015625
"Dumyat","New Damietta City",2019,9770.947265625
"Dumyat","New Damietta City",2020,9675.9580078125
"Dumyat","New Damietta City",2021,11106.55859375
"Dumyat","New Damietta City",2022,11822.822265625
"Dumyat","New Damietta City",2023,11299.5048828125
"Dumyat","New Damietta City",2024,12107.9189453125
"Dumyat","Port of Damietta Police Departme",2012,3165.01904296875
"Dumyat","Port of Damietta Police Departme",2013,2891.08227539062
"Dumyat","Port of Damietta Police Departme",2014,3096.6298828125
"Dumyat","Port of Damietta Police Departme",2015,2783.08813476562
"Dumyat","Port of Damietta Police Departme",2016,2699.33203125
"Dumyat","Port of Damietta Police Departme",2017,2780.15356445312
"Dumyat","Port of Damietta Police Departme",2018,2751.36938476562
"Dumyat","Port of Damietta Police Departme",2019,3048.40869140625
"Dumyat","Port of Damietta Police Departme",2020,2838.59741210938
"Dumyat","Port of Damietta Police Departme",2021,3524.1875
"Dumyat","Port of Damietta Police Departme",2022,3987.94091796875
"Dumyat","Port of Damietta Police Departme",2023,3819.83666992188
"Dumyat","Port of Damietta Police Departme",2024,2920.29296875
"Dumyat","Zarqa",2012,3654.279296875
"Dumyat","Zarqa",2013,3260.92578125
"Dumyat","Zarqa",2014,3024.49658203125
"Dumyat","Zarqa",2015,2807.92504882812
"Dumyat","Zarqa",2016,2902.6650390625
"Dumyat","Zarqa",2017,3232.1982421875
"Dumyat","Zarqa",2018,3360.80224609375
"Dumyat","Zarqa",2019,3194.24536132812
"Dumyat","Zarqa",2020,2941.00610351562
"Dumyat","Zarqa",2021,2847.49609375
"Dumyat","Zarqa",2022,2395.16430664062
"Dumyat","Zarqa",2023,2015.67114257812
"Dumyat","Zarqa",2024,1871.72521972656
"Janub Sina'","Abu Radis",2012,6117.82958984375
"Janub Sina'","Abu Radis",2013,5794.85693359375
"Janub Sina'","Abu Radis",2014,5828.00634765625
"Janub Sina'","Abu Radis",2015,5178.455078125
"Janub Sina'","Abu Radis",2016,4919.43603515625
"Janub Sina'","Abu Radis",2017,4429.49609375
"Janub Sina'","Abu Radis",2018,5386.13525390625
"Janub Sina'","Abu Radis",2019,6667.8896484375
"Janub Sina'","Abu Radis",2020,4971.60986328125
"Janub Sina'","Abu Radis",2021,6679.6787109375
"Janub Sina'","Abu Radis",2022,6481.9697265625
"Janub Sina'","Abu Radis",2023,6920.591796875
"Janub Sina'","Abu Radis",2024,6046.4853515625
"Janub Sina'","Abu Zenima",2012,710.994567871094
"Janub Sina'","Abu Zenima",2013,624.84619140625
"Janub Sina'","Abu Zenima",2014,611.346496582031
"Janub Sina'","Abu Zenima",2015,566.356811523438
"Janub Sina'","Abu Zenima",2016,526.4130859375
"Janub Sina'","Abu Zenima",2017,639.636657714844
"Janub Sina'","Abu Zenima",2018,647.385131835938
"Janub Sina'","Abu Zenima",2019,897.950378417969
"Janub Sina'","Abu Zenima",2020,772.448059082031
"Janub Sina'","Abu Zenima",2021,814.536743164062
"Janub Sina'","Abu Zenima",2022,753.464904785156
"Janub Sina'","Abu Zenima",2023,649.212829589844
"Janub Sina'","Abu Zenima",2024,672.947082519531
"Janub Sina'","At-Tur",2012,5398.60009765625
"Janub Sina'","At-Tur",2013,6436.251953125
"Janub Sina'","At-Tur",2014,5753.326171875
"Janub Sina'","At-Tur",2015,6514.42041015625
"Janub Sina'","At-Tur",2016,7636.10498046875
"Janub Sina'","At-Tur",2017,7123.0712890625
"Janub Sina'","At-Tur",2018,6804.44677734375
"Janub Sina'","At-Tur",2019,6747.20166015625
"Janub Sina'","At-Tur",2020,5892.15869140625
"Janub Sina'","At-Tur",2021,7445.7900390625
"Janub Sina'","At-Tur",2022,8698.6240234375
"Janub Sina'","At-Tur",2023,7935.01025390625
"Janub Sina'","At-Tur",2024,8028.3779296875
"Janub Sina'","Dahab",2012,49.5603981018066
"Janub Sina'","Dahab",2013,44.7872428894043
"Janub Sina'","Dahab",2014,51.8742370605469
"Janub Sina'","Dahab",2015,41.9353218078613
"Janub Sina'","Dahab",2016,37.7958564758301
"Janub Sina'","Dahab",2017,52.6317100524902
"Janub Sina'","Dahab",2018,106.72843170166
"Janub Sina'","Dahab",2019,97.876838684082
"Janub Sina'","Dahab",2020,83.5394439697266
"Janub Sina'","Dahab",2021,89.2904205322266
"Janub Sina'","Dahab",2022,77.0251770019531
"Janub Sina'","Dahab",2023,82.8955459594727
"Janub Sina'","Dahab",2024,64.8384780883789
"Janub Sina'","Nuweiba'",2012,2931.4267578125
"Janub Sina'","Nuweiba'",2013,2470.94482421875
"Janub Sina'","Nuweiba'",2014,2164.45263671875
"Janub Sina'","Nuweiba'",2015,2726.77856445312
"Janub Sina'","Nuweiba'",2016,2408.84912109375
"Janub Sina'","Nuweiba'",2017,2281.087890625
"Janub Sina'","Nuweiba'",2018,2265.7646484375
"Janub Sina'","Nuweiba'",2019,2645.69946289062
"Janub Sina'","Nuweiba'",2020,2123.69677734375
"Janub Sina'","Nuweiba'",2021,2348.02612304688
"Janub Sina'","Nuweiba'",2022,2271.05078125
"Janub Sina'","Nuweiba'",2023,2367.94287109375
"Janub Sina'","Nuweiba'",2024,1993.91052246094
"Janub Sina'","Ras Sidr",2012,4320.72900390625
"Janub Sina'","Ras Sidr",2013,4081.11987304688
"Janub Sina'","Ras Sidr",2014,4150.287109375
"Janub Sina'","Ras Sidr",2015,3913.07421875
"Janub Sina'","Ras Sidr",2016,4084.55688476562
"Janub Sina'","Ras Sidr",2017,4755.9580078125
"Janub Sina'","Ras Sidr",2018,4511.36279296875
"Janub Sina'","Ras Sidr",2019,4731.73388671875
"Janub Sina'","Ras Sidr",2020,4692.46533203125
"Janub Sina'","Ras Sidr",2021,6673.224609375
"Janub Sina'","Ras Sidr",2022,7627.580078125
"Janub Sina'","Ras Sidr",2023,7316.5693359375
"Janub Sina'","Ras Sidr",2024,7200.53857421875
"Janub Sina'","Sant Katrin",2012,2860.45141601562
"Janub Sina'","Sant Katrin",2013,2766.34619140625
"Janub Sina'","Sant Katrin",2014,2619.32055664062
"Janub Sina'","Sant Katrin",2015,2496.82421875
"Janub Sina'","Sant Katrin",2016,2415.17260742188
"Janub Sina'","Sant Katrin",2017,2591.0771484375
"Janub Sina'","Sant Katrin",2018,2748.28149414062
"Janub Sina'","Sant Katrin",2019,2607.55444335938
"Janub Sina'","Sant Katrin",2020,2381.23779296875
"Janub Sina'","Sant Katrin",2021,2661.12817382812
"Janub Sina'","Sant Katrin",2022,2483.64306640625
"Janub Sina'","Sant Katrin",2023,2662.88134765625
"Janub Sina'","Sant Katrin",2024,2512.9248046875
"Janub Sina'","Sharm el-Sheikh",2012,27073.939453125
"Janub Sina'","Sharm el-Sheikh",2013,24385.953125
"Janub Sina'","Sharm el-Sheikh",2014,24846.58203125
"Janub Sina'","Sharm el-Sheikh",2015,22842.546875
"Janub Sina'","Sharm el-Sheikh",2016,17094.681640625
"Janub Sina'","Sharm el-Sheikh",2017,18784.62109375
"Janub Sina'","Sharm el-Sheikh",2018,20051.5078125
"Janub Sina'","Sharm el-Sheikh",2019,21610.017578125
"Janub Sina'","Sharm el-Sheikh",2020,19531.392578125
"Janub Sina'","Sharm el-Sheikh",2021,23153.912109375
"Janub Sina'","Sharm el-Sheikh",2022,29483.216796875
"Janub Sina'","Sharm el-Sheikh",2023,41455.125
"Janub Sina'","Sharm el-Sheikh",2024,42204.21875
"Janub Sina'","Taba",2012,577.563232421875
"Janub Sina'","Taba",2013,515.266723632812
"Janub Sina'","Taba",2014,422.6123046875
"Janub Sina'","Taba",2015,477.958892822266
"Janub Sina'","Taba",2016,480.515899658203
"Janub Sina'","Taba",2017,493.801025390625
"Janub Sina'","Taba",2018,528.615783691406
"Janub Sina'","Taba",2019,496.216278076172
"Janub Sina'","Taba",2020,362.931976318359
"Janub Sina'","Taba",2021,513.526428222656
"Janub Sina'","Taba",2022,573.733215332031
"Janub Sina'","Taba",2023,486.884613037109
"Janub Sina'","Taba",2024,448.399810791016
"Kafr ash Shaykh","Al-Burulus",2012,4980.2890625
"Kafr ash Shaykh","Al-Burulus",2013,3919.19848632812
"Kafr ash Shaykh","Al-Burulus",2014,3711.74243164062
"Kafr ash Shaykh","Al-Burulus",2015,4027.73876953125
"Kafr ash Shaykh","Al-Burulus",2016,5089.12451171875
"Kafr ash Shaykh","Al-Burulus",2017,5122.65283203125
"Kafr ash Shaykh","Al-Burulus",2018,5213.28759765625
"Kafr ash Shaykh","Al-Burulus",2019,4547.64453125
"Kafr ash Shaykh","Al-Burulus",2020,4081.39770507812
"Kafr ash Shaykh","Al-Burulus",2021,5219.1787109375
"Kafr ash Shaykh","Al-Burulus",2022,5596.615234375
"Kafr ash Shaykh","Al-Burulus",2023,5667.486328125
"Kafr ash Shaykh","Al-Burulus",2024,5176.14599609375
"Kafr ash Shaykh","Al-Hamul",2012,10178.8759765625
"Kafr ash Shaykh","Al-Hamul",2013,9197.341796875
"Kafr ash Shaykh","Al-Hamul",2014,8758.4453125
"Kafr ash Shaykh","Al-Hamul",2015,8829.056640625
"Kafr ash Shaykh","Al-Hamul",2016,11347.603515625
"Kafr ash Shaykh","Al-Hamul",2017,12260.212890625
"Kafr ash Shaykh","Al-Hamul",2018,11144.517578125
"Kafr ash Shaykh","Al-Hamul",2019,10939.1796875
"Kafr ash Shaykh","Al-Hamul",2020,11181.126953125
"Kafr ash Shaykh","Al-Hamul",2021,12556.46484375
"Kafr ash Shaykh","Al-Hamul",2022,11614.361328125
"Kafr ash Shaykh","Al-Hamul",2023,10331.5966796875
"Kafr ash Shaykh","Al-Hamul",2024,10055.8134765625
"Kafr ash Shaykh","Ar-Riyad",2012,3796.2626953125
"Kafr ash Shaykh","Ar-Riyad",2013,3470.73999023438
"Kafr ash Shaykh","Ar-Riyad",2014,2979.22607421875
"Kafr ash Shaykh","Ar-Riyad",2015,3181.94995117188
"Kafr ash Shaykh","Ar-Riyad",2016,3704.16015625
"Kafr ash Shaykh","Ar-Riyad",2017,3966.298828125
"Kafr ash Shaykh","Ar-Riyad",2018,3614.31396484375
"Kafr ash Shaykh","Ar-Riyad",2019,3488.7216796875
"Kafr ash Shaykh","Ar-Riyad",2020,3191.32934570312
"Kafr ash Shaykh","Ar-Riyad",2021,3881.35913085938
"Kafr ash Shaykh","Ar-Riyad",2022,3722.32470703125
"Kafr ash Shaykh","Ar-Riyad",2023,3419.4931640625
"Kafr ash Shaykh","Ar-Riyad",2024,3501.0908203125
"Kafr ash Shaykh","Biyala",2012,7323.1220703125
"Kafr ash Shaykh","Biyala",2013,6593.60791015625
"Kafr ash Shaykh","Biyala",2014,6295.67431640625
"Kafr ash Shaykh","Biyala",2015,6081.30322265625
"Kafr ash Shaykh","Biyala",2016,6693.59375
"Kafr ash Shaykh","Biyala",2017,6621.2197265625
"Kafr ash Shaykh","Biyala",2018,6309.88330078125
"Kafr ash Shaykh","Biyala",2019,6210.67138671875
"Kafr ash Shaykh","Biyala",2020,6278.79150390625
"Kafr ash Shaykh","Biyala",2021,7156.41845703125
"Kafr ash Shaykh","Biyala",2022,6878.123046875
"Kafr ash Shaykh","Biyala",2023,6475.15771484375
"Kafr ash Shaykh","Biyala",2024,6177.814453125
"Kafr ash Shaykh","Disuq",2012,11528.7373046875
"Kafr ash Shaykh","Disuq",2013,9818.650390625
"Kafr ash Shaykh","Disuq",2014,8856.1826171875
"Kafr ash Shaykh","Disuq",2015,8469.654296875
"Kafr ash Shaykh","Disuq",2016,8640.3671875
"Kafr ash Shaykh","Disuq",2017,8906.0400390625
"Kafr ash Shaykh","Disuq",2018,8770.0634765625
"Kafr ash Shaykh","Disuq",2019,8424.2353515625
"Kafr ash Shaykh","Disuq",2020,7833.52587890625
"Kafr ash Shaykh","Disuq",2021,8711.2841796875
"Kafr ash Shaykh","Disuq",2022,8394.6640625
"Kafr ash Shaykh","Disuq",2023,7596.72216796875
"Kafr ash Shaykh","Disuq",2024,7632.02978515625
"Kafr ash Shaykh","Fuwah",2012,3158.83569335938
"Kafr ash Shaykh","Fuwah",2013,2874.37084960938
"Kafr ash Shaykh","Fuwah",2014,2660.26904296875
"Kafr ash Shaykh","Fuwah",2015,2546.248046875
"Kafr ash Shaykh","Fuwah",2016,2957.71069335938
"Kafr ash Shaykh","Fuwah",2017,3414.45336914062
"Kafr ash Shaykh","Fuwah",2018,3324.56323242188
"Kafr ash Shaykh","Fuwah",2019,3141.8623046875
"Kafr ash Shaykh","Fuwah",2020,2945.94946289062
"Kafr ash Shaykh","Fuwah",2021,3166.146484375
"Kafr ash Shaykh","Fuwah",2022,2761.80224609375
"Kafr ash Shaykh","Fuwah",2023,2506.22827148438
"Kafr ash Shaykh","Fuwah",2024,2403.1708984375
"Kafr ash Shaykh","Kafr ash-Shaykh",2012,16445.099609375
"Kafr ash Shaykh","Kafr ash-Shaykh",2013,14975.07421875
"Kafr ash Shaykh","Kafr ash-Shaykh",2014,13297.267578125
"Kafr ash Shaykh","Kafr ash-Shaykh",2015,13233.306640625
"Kafr ash Shaykh","Kafr ash-Shaykh",2016,14066.0693359375
"Kafr ash Shaykh","Kafr ash-Shaykh",2017,14875.6533203125
"Kafr ash Shaykh","Kafr ash-Shaykh",2018,15235.5224609375
"Kafr ash Shaykh","Kafr ash-Shaykh",2019,14048.39453125
"Kafr ash Shaykh","Kafr ash-Shaykh",2020,12578.361328125
"Kafr ash Shaykh","Kafr ash-Shaykh",2021,14012.767578125
"Kafr ash Shaykh","Kafr ash-Shaykh",2022,13402.0361328125
"Kafr ash Shaykh","Kafr ash-Shaykh",2023,12231.0009765625
"Kafr ash Shaykh","Kafr ash-Shaykh",2024,12790.5400390625
"Kafr ash Shaykh","Mutubis",2012,5308.17333984375
"Kafr ash Shaykh","Mutubis",2013,4991.330078125
"Kafr ash Shaykh","Mutubis",2014,4332.2822265625
"Kafr ash Shaykh","Mutubis",2015,4139.3251953125
"Kafr ash Shaykh","Mutubis",2016,5165.06201171875
"Kafr ash Shaykh","Mutubis",2017,5507.7919921875
"Kafr ash Shaykh","Mutubis",2018,5384.53173828125
"Kafr ash Shaykh","Mutubis",2019,5324.568359375
"Kafr ash Shaykh","Mutubis",2020,5078.8359375
"Kafr ash Shaykh","Mutubis",2021,5758.0693359375
"Kafr ash Shaykh","Mutubis",2022,5077.72509765625
"Kafr ash Shaykh","Mutubis",2023,4839.09521484375
"Kafr ash Shaykh","Mutubis",2024,4930.62451171875
"Kafr ash Shaykh","Qallin",2012,4477.7587890625
"Kafr ash Shaykh","Qallin",2013,4037.1708984375
"Kafr ash Shaykh","Qallin",2014,3829.466796875
"Kafr ash Shaykh","Qallin",2015,3656.68212890625
"Kafr ash Shaykh","Qallin",2016,4022.25830078125
"Kafr ash Shaykh","Qallin",2017,4265.494140625
"Kafr ash Shaykh","Qallin",2018,4443.8369140625
"Kafr ash Shaykh","Qallin",2019,4673.20654296875
"Kafr ash Shaykh","Qallin",2020,4519.7138671875
"Kafr ash Shaykh","Qallin",2021,4842.9892578125
"Kafr ash Shaykh","Qallin",2022,4649.6787109375
"Kafr ash Shaykh","Qallin",2023,4236.8603515625
"Kafr ash Shaykh","Qallin",2024,4169.17578125
"Kafr ash Shaykh","Sidi Salim",2012,7570.79248046875
"Kafr ash Shaykh","Sidi Salim",2013,6896.00244140625
"Kafr ash Shaykh","Sidi Salim",2014,6157.7138671875
"Kafr ash Shaykh","Sidi Salim",2015,5942.02734375
"Kafr ash Shaykh","Sidi Salim",2016,7426.75634765625
"Kafr ash Shaykh","Sidi Salim",2017,7502.22509765625
"Kafr ash Shaykh","Sidi Salim",2018,7057.728515625
"Kafr ash Shaykh","Sidi Salim",2019,6381.94873046875
"Kafr ash Shaykh","Sidi Salim",2020,6091.72119140625
"Kafr ash Shaykh","Sidi Salim",2021,6917.166015625
"Kafr ash Shaykh","Sidi Salim",2022,6729.6513671875
"Kafr ash Shaykh","Sidi Salim",2023,6438.904296875
"Kafr ash Shaykh","Sidi Salim",2024,6049.734375
"Matrouh","Ad-Dab'ah",2012,31943.154296875
"Matrouh","Ad-Dab'ah",2013,32416.630859375
"Matrouh","Ad-Dab'ah",2014,34072.4296875
"Matrouh","Ad-Dab'ah",2015,45967.83203125
"Matrouh","Ad-Dab'ah",2016,44990.04296875
"Matrouh","Ad-Dab'ah",2017,46862.984375
"Matrouh","Ad-Dab'ah",2018,51090.859375
"Matrouh","Ad-Dab'ah",2019,48068.765625
"Matrouh","Ad-Dab'ah",2020,37597.56640625
"Matrouh","Ad-Dab'ah",2021,36162.21875
"Matrouh","Ad-Dab'ah",2022,38346.48046875
"Matrouh","Ad-Dab'ah",2023,36166.01171875
"Matrouh","Ad-Dab'ah",2024,34821.91015625
"Matrouh","Al-Hammam",2012,30768.5546875
"Matrouh","Al-Hammam",2013,31248.1640625
"Matrouh","Al-Hammam",2014,29785.1484375
"Matrouh","Al-Hammam",2015,24319.76953125
"Matrouh","Al-Hammam",2016,23432.89453125
"Matrouh","Al-Hammam",2017,26802.189453125
"Matrouh","Al-Hammam",2018,32730.3125
"Matrouh","Al-Hammam",2019,32070.80078125
"Matrouh","Al-Hammam",2020,38173.60546875
"Matrouh","Al-Hammam",2021,31560.517578125
"Matrouh","Al-Hammam",2022,34691.6484375
"Matrouh","Al-Hammam",2023,39033.71484375
"Matrouh","Al-Hammam",2024,36209.8046875
"Matrouh","As-Salum",2012,1675.9423828125
"Matrouh","As-Salum",2013,1464.34545898438
"Matrouh","As-Salum",2014,1272.5966796875
"Matrouh","As-Salum",2015,1232.73181152344
"Matrouh","As-Salum",2016,1504.80700683594
"Matrouh","As-Salum",2017,1638.66674804688
"Matrouh","As-Salum",2018,1516.87097167969
"Matrouh","As-Salum",2019,3021.73193359375
"Matrouh","As-Salum",2020,2332.86352539062
"Matrouh","As-Salum",2021,2659.91430664062
"Matrouh","As-Salum",2022,2684.740234375
"Matrouh","As-Salum",2023,3263.66088867188
"Matrouh","As-Salum",2024,3381.70336914062
"Matrouh","Marina al-'Alamayn as-Siyahiyah",2012,7897.71728515625
"Matrouh","Marina al-'Alamayn as-Siyahiyah",2013,7875.17919921875
"Matrouh","Marina al-'Alamayn as-Siyahiyah",2014,8118.6796875
"Matrouh","Marina al-'Alamayn as-Siyahiyah",2015,9286.20703125
"Matrouh","Marina al-'Alamayn as-Siyahiyah",2016,10511.2978515625
"Matrouh","Marina al-'Alamayn as-Siyahiyah",2017,11768.25390625
"Matrouh","Marina al-'Alamayn as-Siyahiyah",2018,15135.6279296875
"Matrouh","Marina al-'Alamayn as-Siyahiyah",2019,18512.88671875
"Matrouh","Marina al-'Alamayn as-Siyahiyah",2020,20951.607421875
"Matrouh","Marina al-'Alamayn as-Siyahiyah",2021,33311.16015625
"Matrouh","Marina al-'Alamayn as-Siyahiyah",2022,38621.57421875
"Matrouh","Marina al-'Alamayn as-Siyahiyah",2023,49735.203125
"Matrouh","Marina al-'Alamayn as-Siyahiyah",2024,48080.0078125
"Matrouh","Marsa Matruh",2012,78330.625
"Matrouh","Marsa Matruh",2013,84457.65625
"Matrouh","Marsa Matruh",2014,87131.328125
"Matrouh","Marsa Matruh",2015,80115.625
"Matrouh","Marsa Matruh",2016,105796.4921875
"Matrouh","Marsa Matruh",2017,100238.5390625
"Matrouh","Marsa Matruh",2018,101006.421875
"Matrouh","Marsa Matruh",2019,97185.671875
"Matrouh","Marsa Matruh",2020,102257.1953125
"Matrouh","Marsa Matruh",2021,80873.84375
"Matrouh","Marsa Matruh",2022,81451.984375
"Matrouh","Marsa Matruh",2023,82699.5234375
"Matrouh","Marsa Matruh",2024,80295.6171875
"Matrouh","Sidi Barrani",2012,20891.14453125
"Matrouh","Sidi Barrani",2013,29247.984375
"Matrouh","Sidi Barrani",2014,30112.63671875
"Matrouh","Sidi Barrani",2015,36456.2109375
"Matrouh","Sidi Barrani",2016,36192.36328125
"Matrouh","Sidi Barrani",2017,27487.611328125
"Matrouh","Sidi Barrani",2018,59535.69140625
"Matrouh","Sidi Barrani",2019,57693.921875
"Matrouh","Sidi Barrani",2020,34917.33984375
"Matrouh","Sidi Barrani",2021,26444.80859375
"Matrouh","Sidi Barrani",2022,21564.68359375
"Matrouh","Sidi Barrani",2023,18805.169921875
"Matrouh","Sidi Barrani",2024,20975.46484375
"Matrouh","Siwa",2012,2049.79077148438
"Matrouh","Siwa",2013,1940.783203125
"Matrouh","Siwa",2014,1954.955078125
"Matrouh","Siwa",2015,2308.20825195312
"Matrouh","Siwa",2016,2677.4951171875
"Matrouh","Siwa",2017,2771.65063476562
"Matrouh","Siwa",2018,3180.40600585938
"Matrouh","Siwa",2019,4010.56591796875
"Matrouh","Siwa",2020,3423.11962890625
"Matrouh","Siwa",2021,3623.88696289062
"Matrouh","Siwa",2022,3723.716796875
"Matrouh","Siwa",2023,3953.29125976562
"Matrouh","Siwa",2024,3421.1083984375
"Qina","Abu Tisht",2012,12903.8759765625
"Qina","Abu Tisht",2013,11532.099609375
"Qina","Abu Tisht",2014,9784.810546875
"Qina","Abu Tisht",2015,9188.5654296875
"Qina","Abu Tisht",2016,9593.1904296875
"Qina","Abu Tisht",2017,9052.794921875
"Qina","Abu Tisht",2018,8708.896484375
"Qina","Abu Tisht",2019,7988.890625
"Qina","Abu Tisht",2020,7925.32763671875
"Qina","Abu Tisht",2021,8100.86767578125
"Qina","Abu Tisht",2022,7340.22216796875
"Qina","Abu Tisht",2023,5967.05615234375
"Qina","Abu Tisht",2024,5847.8779296875
"Qina","Al-Waqf",2012,2999.32470703125
"Qina","Al-Waqf",2013,2647.35620117188
"Qina","Al-Waqf",2014,2375.11938476562
"Qina","Al-Waqf",2015,2416.05322265625
"Qina","Al-Waqf",2016,2574.41723632812
"Qina","Al-Waqf",2017,2543.375
"Qina","Al-Waqf",2018,2344.80786132812
"Qina","Al-Waqf",2019,2040.38659667969
"Qina","Al-Waqf",2020,1925.75207519531
"Qina","Al-Waqf",2021,2482.4375
"Qina","Al-Waqf",2022,2234.44799804688
"Qina","Al-Waqf",2023,2129.2255859375
"Qina","Al-Waqf",2024,2236.068359375
"Qina","Armant",2012,6817.3486328125
"Qina","Armant",2013,5795.0791015625
"Qina","Armant",2014,5178.6318359375
"Qina","Armant",2015,5070.689453125
"Qina","Armant",2016,5359.8154296875
"Qina","Armant",2017,5583.7548828125
"Qina","Armant",2018,5679.73388671875
"Qina","Armant",2019,5929.6767578125
"Qina","Armant",2020,5695.91259765625
"Qina","Armant",2021,5609.7578125
"Qina","Armant",2022,5484.25830078125
"Qina","Armant",2023,5118.1796875
"Qina","Armant",2024,5335.91796875
"Qina","Dishna",2012,13464.16796875
"Qina","Dishna",2013,12674.05859375
"Qina","Dishna",2014,11380.0302734375
"Qina","Dishna",2015,11424.7392578125
"Qina","Dishna",2016,10855.3583984375
"Qina","Dishna",2017,10567.2158203125
"Qina","Dishna",2018,10750.5849609375
"Qina","Dishna",2019,9109.6416015625
"Qina","Dishna",2020,7854.59228515625
"Qina","Dishna",2021,8592.68359375
"Qina","Dishna",2022,7927.8408203125
"Qina","Dishna",2023,6403.080078125
"Qina","Dishna",2024,6106.9658203125
"Qina","Farshut",2012,5390.2001953125
"Qina","Farshut",2013,5059.96630859375
"Qina","Farshut",2014,4532.10498046875
"Qina","Farshut",2015,4193.3818359375
"Qina","Farshut",2016,4452.54052734375
"Qina","Farshut",2017,3980.6826171875
"Qina","Farshut",2018,3597.93579101562
"Qina","Farshut",2019,3157.7724609375
"Qina","Farshut",2020,3269.44970703125
"Qina","Farshut",2021,3669.24926757812
"Qina","Farshut",2022,3330.2138671875
"Qina","Farshut",2023,2728.07739257812
"Qina","Farshut",2024,2823.51586914062
"Qina","Isna",2012,19004.921875
"Qina","Isna",2013,17227.326171875
"Qina","Isna",2014,15220.9541015625
"Qina","Isna",2015,15641.2333984375
"Qina","Isna",2016,15698.2197265625
"Qina","Isna",2017,14982.873046875
"Qina","Isna",2018,14062.662109375
"Qina","Isna",2019,13519.8544921875
"Qina","Isna",2020,12577.578125
"Qina","Isna",2021,12906.0078125
"Qina","Isna",2022,11733.5966796875
"Qina","Isna",2023,10862.92578125
"Qina","Isna",2024,12241.0009765625
"Qina","Naj' Hammadi",2012,18625.689453125
"Qina","Naj' Hammadi",2013,16674.658203125
"Qina","Naj' Hammadi",2014,14311.1650390625
"Qina","Naj' Hammadi",2015,14282.947265625
"Qina","Naj' Hammadi",2016,14562.666015625
"Qina","Naj' Hammadi",2017,14109.39453125
"Qina","Naj' Hammadi",2018,12853.759765625
"Qina","Naj' Hammadi",2019,11544.8935546875
"Qina","Naj' Hammadi",2020,11156.26953125
"Qina","Naj' Hammadi",2021,11248.580078125
"Qina","Naj' Hammadi",2022,10408.966796875
"Qina","Naj' Hammadi",2023,9012.8115234375
"Qina","Naj' Hammadi",2024,8624.212890625
"Qina","Naqadah",2012,8399.703125
"Qina","Naqadah",2013,7975.4794921875
"Qina","Naqadah",2014,6723.8291015625
"Qina","Naqadah",2015,6319.61328125
"Qina","Naqadah",2016,6525.4072265625
"Qina","Naqadah",2017,6732.50146484375
"Qina","Naqadah",2018,6136.3212890625
"Qina","Naqadah",2019,5222.95361328125
"Qina","Naqadah",2020,4826.82177734375
"Qina","Naqadah",2021,5073.5234375
"Qina","Naqadah",2022,4925.09130859375
"Qina","Naqadah",2023,4477.9501953125
"Qina","Naqadah",2024,4098.84521484375
"Qina","Qift",2012,5560.52734375
"Qina","Qift",2013,5119.1220703125
"Qina","Qift",2014,4547.419921875
"Qina","Qift",2015,4291.01904296875
"Qina","Qift",2016,4727.52880859375
"Qina","Qift",2017,4402.7822265625
"Qina","Qift",2018,4104.93994140625
"Qina","Qift",2019,3673.5263671875
"Qina","Qift",2020,3398.76196289062
"Qina","Qift",2021,3641.39672851562
"Qina","Qift",2022,3245.96557617188
"Qina","Qift",2023,2615.81689453125
"Qina","Qift",2024,2307.0595703125
"Qina","Qina",2012,28405.9453125
"Qina","Qina",2013,27303.833984375
"Qina","Qina",2014,23055.419921875
"Qina","Qina",2015,22024.126953125
"Qina","Qina",2016,21034.646484375
"Qina","Qina",2017,19334.53515625
"Qina","Qina",2018,17583.62109375
"Qina","Qina",2019,15716.3369140625
"Qina","Qina",2020,13910.2412109375
"Qina","Qina",2021,13935.3193359375
"Qina","Qina",2022,13069.005859375
"Qina","Qina",2023,10508.326171875
"Qina","Qina",2024,9394.6689453125
"Qina","Qina City",2012,3194.11499023438
"Qina","Qina City",2013,2909.1162109375
"Qina","Qina City",2014,2194.3583984375
"Qina","Qina City",2015,1802.03088378906
"Qina","Qina City",2016,1765.25610351562
"Qina","Qina City",2017,2070.61474609375
"Qina","Qina City",2018,2067.94970703125
"Qina","Qina City",2019,1826.36181640625
"Qina","Qina City",2020,1446.97290039062
"Qina","Qina City",2021,1276.69104003906
"Qina","Qina City",2022,1257.14294433594
"Qina","Qina City",2023,1101.05883789062
"Qina","Qina City",2024,1046.96850585938
"Qina","Qus",2012,12900.705078125
"Qina","Qus",2013,12080.5966796875
"Qina","Qus",2014,10348.791015625
"Qina","Qus",2015,9302.041015625
"Qina","Qus",2016,9442.3515625
"Qina","Qus",2017,10770.0029296875
"Qina","Qus",2018,8961.14453125
"Qina","Qus",2019,7575.66259765625
"Qina","Qus",2020,6705.3955078125
"Qina","Qus",2021,6725.5302734375
"Qina","Qus",2022,6379.90673828125
"Qina","Qus",2023,6074.6162109375
"Qina","Qus",2024,6339.7890625
"Qina","Unorganized in Qina",2012,46022.5
"Qina","Unorganized in Qina",2013,42188.61328125
"Qina","Unorganized in Qina",2014,37454.39453125
"Qina","Unorganized in Qina",2015,37145.59765625
"Qina","Unorganized in Qina",2016,38352.17578125
"Qina","Unorganized in Qina",2017,40890.44921875
"Qina","Unorganized in Qina",2018,37238.15625
"Qina","Unorganized in Qina",2019,34680.01171875
"Qina","Unorganized in Qina",2020,32636.96484375
"Qina","Unorganized in Qina",2021,38638.26953125
"Qina","Unorganized in Qina",2022,38510.02734375
"Qina","Unorganized in Qina",2023,34869.71875
"Qina","Unorganized in Qina",2024,33722.125
"Shamal Sina'","Al-'Arish 1",2012,7312.8017578125
"Shamal Sina'","Al-'Arish 1",2013,6794.8623046875
"Shamal Sina'","Al-'Arish 1",2014,6449.04345703125
"Shamal Sina'","Al-'Arish 1",2015,5652.18798828125
"Shamal Sina'","Al-'Arish 1",2016,5548.90478515625
"Shamal Sina'","Al-'Arish 1",2017,5247.365234375
"Shamal Sina'","Al-'Arish 1",2018,5097.45556640625
"Shamal Sina'","Al-'Arish 1",2019,5332.857421875
"Shamal Sina'","Al-'Arish 1",2020,4970.58203125
"Shamal Sina'","Al-'Arish 1",2021,5292.2568359375
"Shamal Sina'","Al-'Arish 1",2022,5286.04638671875
"Shamal Sina'","Al-'Arish 1",2023,5225.14990234375
"Shamal Sina'","Al-'Arish 1",2024,5751.16650390625
"Shamal Sina'","Al-'Arish 2",2012,2161.5126953125
"Shamal Sina'","Al-'Arish 2",2013,1908.91577148438
"Shamal Sina'","Al-'Arish 2",2014,1851.28259277344
"Shamal Sina'","Al-'Arish 2",2015,1713.44555664062
"Shamal Sina'","Al-'Arish 2",2016,2160.95947265625
"Shamal Sina'","Al-'Arish 2",2017,2263.15869140625
"Shamal Sina'","Al-'Arish 2",2018,1769.46704101562
"Shamal Sina'","Al-'Arish 2",2019,1826.3388671875
"Shamal Sina'","Al-'Arish 2",2020,1637.20764160156
"Shamal Sina'","Al-'Arish 2",2021,1650.81909179688
"Shamal Sina'","Al-'Arish 2",2022,2009.32788085938
"Shamal Sina'","Al-'Arish 2",2023,1895.56555175781
"Shamal Sina'","Al-'Arish 2",2024,1976.16821289062
"Shamal Sina'","Al-'Arish 3",2012,588.585266113281
"Shamal Sina'","Al-'Arish 3",2013,401.488067626953
"Shamal Sina'","Al-'Arish 3",2014,347.071258544922
"Shamal Sina'","Al-'Arish 3",2015,292.203582763672
"Shamal Sina'","Al-'Arish 3",2016,307.825439453125
"Shamal Sina'","Al-'Arish 3",2017,613.640319824219
"Shamal Sina'","Al-'Arish 3",2018,420.338104248047
"Shamal Sina'","Al-'Arish 3",2019,324.043121337891
"Shamal Sina'","Al-'Arish 3",2020,282.538970947266
"Shamal Sina'","Al-'Arish 3",2021,334.965026855469
"Shamal Sina'","Al-'Arish 3",2022,412.282257080078
"Shamal Sina'","Al-'Arish 3",2023,469.689605712891
"Shamal Sina'","Al-'Arish 3",2024,376.771270751953
"Shamal Sina'","Al-'Arish 4",2012,1681.31176757812
"Shamal Sina'","Al-'Arish 4",2013,1150.6787109375
"Shamal Sina'","Al-'Arish 4",2014,910.490539550781
"Shamal Sina'","Al-'Arish 4",2015,785.455810546875
"Shamal Sina'","Al-'Arish 4",2016,854.488891601562
"Shamal Sina'","Al-'Arish 4",2017,783.465881347656
"Shamal Sina'","Al-'Arish 4",2018,572.303894042969
"Shamal Sina'","Al-'Arish 4",2019,668.405944824219
"Shamal Sina'","Al-'Arish 4",2020,803.150573730469
"Shamal Sina'","Al-'Arish 4",2021,1100.07446289062
"Shamal Sina'","Al-'Arish 4",2022,1187.81994628906
"Shamal Sina'","Al-'Arish 4",2023,1569.54565429688
"Shamal Sina'","Al-'Arish 4",2024,1403.67236328125
"Shamal Sina'","Al-Hasanah",2012,457.874176025391
"Shamal Sina'","Al-Hasanah",2013,536.863525390625
"Shamal Sina'","Al-Hasanah",2014,504.464080810547
"Shamal Sina'","Al-Hasanah",2015,423.022338867188
"Shamal Sina'","Al-Hasanah",2016,567.073425292969
"Shamal Sina'","Al-Hasanah",2017,2427.99658203125
"Shamal Sina'","Al-Hasanah",2018,2438.85815429688
"Shamal Sina'","Al-Hasanah",2019,2261.86352539062
"Shamal Sina'","Al-Hasanah",2020,1718.72827148438
"Shamal Sina'","Al-Hasanah",2021,1581.06945800781
"Shamal Sina'","Al-Hasanah",2022,1738.69982910156
"Shamal Sina'","Al-Hasanah",2023,1775.89599609375
"Shamal Sina'","Al-Hasanah",2024,1433.43432617188
"Shamal Sina'","Bir al-'Abd",2012,3658.68969726562
"Shamal Sina'","Bir al-'Abd",2013,3391.779296875
"Shamal Sina'","Bir al-'Abd",2014,3271.10107421875
"Shamal Sina'","Bir al-'Abd",2015,2991.54125976562
"Shamal Sina'","Bir al-'Abd",2016,3741.02563476562
"Shamal Sina'","Bir al-'Abd",2017,3930.80908203125
"Shamal Sina'","Bir al-'Abd",2018,3407.20043945312
"Shamal Sina'","Bir al-'Abd",2019,4303.0869140625
"Shamal Sina'","Bir al-'Abd",2020,4061.07934570312
"Shamal Sina'","Bir al-'Abd",2021,6605.02734375
"Shamal Sina'","Bir al-'Abd",2022,6409.22314453125
"Shamal Sina'","Bir al-'Abd",2023,5378.69921875
"Shamal Sina'","Bir al-'Abd",2024,4035.33203125
"Shamal Sina'","Nakhl",2012,1397.97277832031
"Shamal Sina'","Nakhl",2013,1270.11181640625
"Shamal Sina'","Nakhl",2014,1143.28845214844
"Shamal Sina'","Nakhl",2015,1107.48449707031
"Shamal Sina'","Nakhl",2016,1233.9755859375
"Shamal Sina'","Nakhl",2017,1979.36047363281
"Shamal Sina'","Nakhl",2018,1930.51599121094
"Shamal Sina'","Nakhl",2019,1858.05041503906
"Shamal Sina'","Nakhl",2020,1689.59375
"Shamal Sina'","Nakhl",2021,2181.458984375
"Shamal Sina'","Nakhl",2022,2457.89819335938
"Shamal Sina'","Nakhl",2023,2408.29760742188
"Shamal Sina'","Nakhl",2024,2090.54150390625
"Shamal Sina'","Rafah",2012,8667.2353515625
"Shamal Sina'","Rafah",2013,9479.3115234375
"Shamal Sina'","Rafah",2014,8007.06591796875
"Shamal Sina'","Rafah",2015,5400.0546875
"Shamal Sina'","Rafah",2016,4979.8603515625
"Shamal Sina'","Rafah",2017,3042.72216796875
"Shamal Sina'","Rafah",2018,2848.14916992188
"Shamal Sina'","Rafah",2019,3209.61328125
"Shamal Sina'","Rafah",2020,3137.36962890625
"Shamal Sina'","Rafah",2021,8328.8623046875
"Shamal Sina'","Rafah",2022,9091.755859375
"Shamal Sina'","Rafah",2023,9210.791015625
"Shamal Sina'","Rafah",2024,9005.9345703125
"Shamal Sina'","Sheikh Zawid",2012,3250.94165039062
"Shamal Sina'","Sheikh Zawid",2013,2592.330078125
"Shamal Sina'","Sheikh Zawid",2014,2363.68579101562
"Shamal Sina'","Sheikh Zawid",2015,1656.64086914062
"Shamal Sina'","Sheikh Zawid",2016,1767.36767578125
"Shamal Sina'","Sheikh Zawid",2017,1971.77795410156
"Shamal Sina'","Sheikh Zawid",2018,1622.58154296875
"Shamal Sina'","Sheikh Zawid",2019,1754.06420898438
"Shamal Sina'","Sheikh Zawid",2020,1668.10986328125
"Shamal Sina'","Sheikh Zawid",2021,1733.93933105469
"Shamal Sina'","Sheikh Zawid",2022,2080.28491210938
"Shamal Sina'","Sheikh Zawid",2023,3066.10961914062
"Shamal Sina'","Sheikh Zawid",2024,2756.24951171875
"Shamal Sina'","Shurtah Rumanah",2012,3123.70556640625
"Shamal Sina'","Shurtah Rumanah",2013,3016.65991210938
"Shamal Sina'","Shurtah Rumanah",2014,3119.37133789062
"Shamal Sina'","Shurtah Rumanah",2015,2875.52075195312
"Shamal Sina'","Shurtah Rumanah",2016,3352.84790039062
"Shamal Sina'","Shurtah Rumanah",2017,3402.6279296875
"Shamal Sina'","Shurtah Rumanah",2018,3225.54663085938
"Shamal Sina'","Shurtah Rumanah",2019,3641.79956054688
"Shamal Sina'","Shurtah Rumanah",2020,3166.99829101562
"Shamal Sina'","Shurtah Rumanah",2021,4050.08251953125
"Shamal Sina'","Shurtah Rumanah",2022,4307.3642578125
"Shamal Sina'","Shurtah Rumanah",2023,3986.78662109375
"Shamal Sina'","Shurtah Rumanah",2024,3881.79467773438
"Shamal Sina'","Shurtah al-Qasimah",2012,191.129196166992
"Shamal Sina'","Shurtah al-Qasimah",2013,261.194976806641
"Shamal Sina'","Shurtah al-Qasimah",2014,301.210479736328
"Shamal Sina'","Shurtah al-Qasimah",2015,266.797515869141
"Shamal Sina'","Shurtah al-Qasimah",2016,184.001831054688
"Shamal Sina'","Shurtah al-Qasimah",2017,137.862579345703
"Shamal Sina'","Shurtah al-Qasimah",2018,123.201759338379
"Shamal Sina'","Shurtah al-Qasimah",2019,158.924835205078
"Shamal Sina'","Shurtah al-Qasimah",2020,138.392929077148
"Shamal Sina'","Shurtah al-Qasimah",2021,300.828887939453
"Shamal Sina'","Shurtah al-Qasimah",2022,405.376434326172
"Shamal Sina'","Shurtah al-Qasimah",2023,392.172088623047
"Shamal Sina'","Shurtah al-Qasimah",2024,400.308868408203
"Suhaj","Akhmim",2012,7563.953125
"Suhaj","Akhmim",2013,6727.74462890625
"Suhaj","Akhmim",2014,5396.11669921875
"Suhaj","Akhmim",2015,5323.33203125
"Suhaj","Akhmim",2016,5971.9697265625
"Suhaj","Akhmim",2017,6827.67431640625
"Suhaj","Akhmim",2018,7380.20263671875
"Suhaj","Akhmim",2019,7636.8642578125
"Suhaj","Akhmim",2020,7951.07958984375
"Suhaj","Akhmim",2021,9449.5751953125
"Suhaj","Akhmim",2022,9224.7958984375
"Suhaj","Akhmim",2023,7560.1572265625
"Suhaj","Akhmim",2024,7562.052734375
"Suhaj","Al-'Usayrat",2012,4259.13037109375
"Suhaj","Al-'Usayrat",2013,3571.66821289062
"Suhaj","Al-'Usayrat",2014,2749.69580078125
"Suhaj","Al-'Usayrat",2015,2566.70874023438
"Suhaj","Al-'Usayrat",2016,4041.9765625
"Suhaj","Al-'Usayrat",2017,3694.53271484375
"Suhaj","Al-'Usayrat",2018,3341.640625
"Suhaj","Al-'Usayrat",2019,3111.92724609375
"Suhaj","Al-'Usayrat",2020,3046.796875
"Suhaj","Al-'Usayrat",2021,3338.73828125
"Suhaj","Al-'Usayrat",2022,3270.03759765625
"Suhaj","Al-'Usayrat",2023,2994.31201171875
"Suhaj","Al-'Usayrat",2024,3178.16479492188
"Suhaj","Al-Baliyana",2012,10084.400390625
"Suhaj","Al-Baliyana",2013,7799.990234375
"Suhaj","Al-Baliyana",2014,5988.787109375
"Suhaj","Al-Baliyana",2015,5653.5322265625
"Suhaj","Al-Baliyana",2016,9648.1787109375
"Suhaj","Al-Baliyana",2017,8521.603515625
"Suhaj","Al-Baliyana",2018,8457.1767578125
"Suhaj","Al-Baliyana",2019,8473.998046875
"Suhaj","Al-Baliyana",2020,7867.45654296875
"Suhaj","Al-Baliyana",2021,8895.48828125
"Suhaj","Al-Baliyana",2022,8821.4951171875
"Suhaj","Al-Baliyana",2023,7923.26513671875
"Suhaj","Al-Baliyana",2024,8493.3076171875
"Suhaj","Al-Kawtar",2012,87.67578125
"Suhaj","Al-Kawtar",2013,79.0029067993164
"Suhaj","Al-Kawtar",2014,70.1245040893555
"Suhaj","Al-Kawtar",2015,72.1537094116211
"Suhaj","Al-Kawtar",2016,86.1474838256836
"Suhaj","Al-Kawtar",2017,94.6904678344727
"Suhaj","Al-Kawtar",2018,114.523490905762
"Suhaj","Al-Kawtar",2019,110.21459197998
"Suhaj","Al-Kawtar",2020,106.290985107422
"Suhaj","Al-Kawtar",2021,121.414627075195
"Suhaj","Al-Kawtar",2022,115.638381958008
"Suhaj","Al-Kawtar",2023,90.142822265625
"Suhaj","Al-Kawtar",2024,95.3165588378906
"Suhaj","Al-Manshah",2012,5610.09228515625
"Suhaj","Al-Manshah",2013,4678.0888671875
"Suhaj","Al-Manshah",2014,3673.24267578125
"Suhaj","Al-Manshah",2015,3484.31079101562
"Suhaj","Al-Manshah",2016,6563.4873046875
"Suhaj","Al-Manshah",2017,6348.27734375
"Suhaj","Al-Manshah",2018,6018.85302734375
"Suhaj","Al-Manshah",2019,5746.0498046875
"Suhaj","Al-Manshah",2020,5404.54248046875
"Suhaj","Al-Manshah",2021,6007.1142578125
"Suhaj","Al-Manshah",2022,5898.9091796875
"Suhaj","Al-Manshah",2023,5567.8740234375
"Suhaj","Al-Manshah",2024,5697.27392578125
"Suhaj","Al-Maraghah",2012,7564.44287109375
"Suhaj","Al-Maraghah",2013,6665.64013671875
"Suhaj","Al-Maraghah",2014,5280.48291015625
"Suhaj","Al-Maraghah",2015,4662.69189453125
"Suhaj","Al-Maraghah",2016,4757.2666015625
"Suhaj","Al-Maraghah",2017,5924.18798828125
"Suhaj","Al-Maraghah",2018,6102.94287109375
"Suhaj","Al-Maraghah",2019,6118.6953125
"Suhaj","Al-Maraghah",2020,5901.26171875
"Suhaj","Al-Maraghah",2021,7512.3251953125
"Suhaj","Al-Maraghah",2022,8001.3525390625
"Suhaj","Al-Maraghah",2023,6587.13232421875
"Suhaj","Al-Maraghah",2024,6676.61767578125
"Suhaj","Dar as-Salam",2012,9194.4609375
"Suhaj","Dar as-Salam",2013,7683.54052734375
"Suhaj","Dar as-Salam",2014,5962.626953125
"Suhaj","Dar as-Salam",2015,5667.849609375
"Suhaj","Dar as-Salam",2016,6032.1591796875
"Suhaj","Dar as-Salam",2017,6235.9521484375
"Suhaj","Dar as-Salam",2018,6366.0087890625
"Suhaj","Dar as-Salam",2019,6609.3291015625
"Suhaj","Dar as-Salam",2020,6833.0966796875
"Suhaj","Dar as-Salam",2021,7954.50390625
"Suhaj","Dar as-Salam",2022,8146.68505859375
"Suhaj","Dar as-Salam",2023,7187.29931640625
"Suhaj","Dar as-Salam",2024,7756.47802734375
"Suhaj","Jirja",2012,9179.4638671875
"Suhaj","Jirja",2013,7243.04345703125
"Suhaj","Jirja",2014,5776.7275390625
"Suhaj","Jirja",2015,5521.353515625
"Suhaj","Jirja",2016,9271.7197265625
"Suhaj","Jirja",2017,9142.11328125
"Suhaj","Jirja",2018,8844.65234375
"Suhaj","Jirja",2019,8616.6513671875
"Suhaj","Jirja",2020,8579.30078125
"Suhaj","Jirja",2021,9425.134765625
"Suhaj","Jirja",2022,8911.5
"Suhaj","Jirja",2023,7984.935546875
"Suhaj","Jirja",2024,8310.3408203125
"Suhaj","Juhaynah al-Gharbiyah",2012,4634.81982421875
"Suhaj","Juhaynah al-Gharbiyah",2013,3961.96899414062
"Suhaj","Juhaynah al-Gharbiyah",2014,3431.48193359375
"Suhaj","Juhaynah al-Gharbiyah",2015,3246.43237304688
"Suhaj","Juhaynah al-Gharbiyah",2016,3383.14721679688
"Suhaj","Juhaynah al-Gharbiyah",2017,3823.36743164062
"Suhaj","Juhaynah al-Gharbiyah",2018,4135.07421875
"Suhaj","Juhaynah al-Gharbiyah",2019,4422.033203125
"Suhaj","Juhaynah al-Gharbiyah",2020,5233.33154296875
"Suhaj","Juhaynah al-Gharbiyah",2021,7627.29345703125
"Suhaj","Juhaynah al-Gharbiyah",2022,6938.0419921875
"Suhaj","Juhaynah al-Gharbiyah",2023,5416.4208984375
"Suhaj","Juhaynah al-Gharbiyah",2024,5217.65673828125
"Suhaj","New Akhmim City",2012,55.6360778808594
"Suhaj","New Akhmim City",2013,42.0670166015625
"Suhaj","New Akhmim City",2014,50.172435760498
"Suhaj","New Akhmim City",2015,54.0772476196289
"Suhaj","New Akhmim City",2016,64.0593566894531
"Suhaj","New Akhmim City",2017,58.6769638061523
"Suhaj","New Akhmim City",2018,61.2107315063477
"Suhaj","New Akhmim City",2019,52.6781692504883
"Suhaj","New Akhmim City",2020,51.2724151611328
"Suhaj","New Akhmim City",2021,101.989959716797
"Suhaj","New Akhmim City",2022,139.834991455078
"Suhaj","New Akhmim City",2023,122.881988525391
"Suhaj","New Akhmim City",2024,124.877868652344
"Suhaj","New Sawhaj City",2012,70.0743637084961
"Suhaj","New Sawhaj City",2013,58.5723609924316
"Suhaj","New Sawhaj City",2014,52.9064559936523
"Suhaj","New Sawhaj City",2015,60.9131469726562
"Suhaj","New Sawhaj City",2016,68.0549240112305
"Suhaj","New Sawhaj City",2017,75.9490661621094
"Suhaj","New Sawhaj City",2018,86.1531524658203
"Suhaj","New Sawhaj City",2019,75.0093002319336
"Suhaj","New Sawhaj City",2020,74.9021606445312
"Suhaj","New Sawhaj City",2021,121.034660339355
"Suhaj","New Sawhaj City",2022,131.671997070312
"Suhaj","New Sawhaj City",2023,141.340393066406
"Suhaj","New Sawhaj City",2024,102.329200744629
"Suhaj","Saqultah",2012,3979.91552734375
"Suhaj","Saqultah",2013,3585.33813476562
"Suhaj","Saqultah",2014,2733.09619140625
"Suhaj","Saqultah",2015,2423.16625976562
"Suhaj","Saqultah",2016,2294.7392578125
"Suhaj","Saqultah",2017,2675.3212890625
"Suhaj","Saqultah",2018,2881.6513671875
"Suhaj","Saqultah",2019,2660.52954101562
"Suhaj","Saqultah",2020,2894.23559570312
"Suhaj","Saqultah",2021,3571.47045898438
"Suhaj","Saqultah",2022,3350.21801757812
"Suhaj","Saqultah",2023,2935.82080078125
"Suhaj","Saqultah",2024,3024.60766601562
"Suhaj","Sawhaj",2012,11359.41796875
"Suhaj","Sawhaj",2013,9652.15625
"Suhaj","Sawhaj",2014,8205.921875
"Suhaj","Sawhaj",2015,8249.1259765625
"Suhaj","Sawhaj",2016,10675.818359375
"Suhaj","Sawhaj",2017,11912.6884765625
"Suhaj","Sawhaj",2018,12632.8955078125
"Suhaj","Sawhaj",2019,13100.490234375
"Suhaj","Sawhaj",2020,13023.203125
"Suhaj","Sawhaj",2021,14713.13671875
"Suhaj","Sawhaj",2022,14450.521484375
"Suhaj","Sawhaj",2023,11649.697265625
"Suhaj","Sawhaj",2024,11518.27734375
"Suhaj","Sawhaj 2",2012,833.920532226562
"Suhaj","Sawhaj 2",2013,786.003479003906
"Suhaj","Sawhaj 2",2014,682.882446289062
"Suhaj","Sawhaj 2",2015,843.072509765625
"Suhaj","Sawhaj 2",2016,1284.0888671875
"Suhaj","Sawhaj 2",2017,1271.47131347656
"Suhaj","Sawhaj 2",2018,1329.53820800781
"Suhaj","Sawhaj 2",2019,1286.18591308594
"Suhaj","Sawhaj 2",2020,1313.05603027344
"Suhaj","Sawhaj 2",2021,1456.3740234375
"Suhaj","Sawhaj 2",2022,1369.35791015625
"Suhaj","Sawhaj 2",2023,1066.80444335938
"Suhaj","Sawhaj 2",2024,1100.54125976562
"Suhaj","Tahta",2012,8213.37890625
"Suhaj","Tahta",2013,7671.67578125
"Suhaj","Tahta",2014,5941.564453125
"Suhaj","Tahta",2015,5501.93115234375
"Suhaj","Tahta",2016,5425.17236328125
"Suhaj","Tahta",2017,5997.2822265625
"Suhaj","Tahta",2018,5687.8369140625
"Suhaj","Tahta",2019,5159.4423828125
"Suhaj","Tahta",2020,5127.49365234375
"Suhaj","Tahta",2021,6579.330078125
"Suhaj","Tahta",2022,6744.73828125
"Suhaj","Tahta",2023,5404.63818359375
"Suhaj","Tahta",2024,5162.1865234375
"Suhaj","Tahta City",2012,2062.2412109375
"Suhaj","Tahta City",2013,1923.27294921875
"Suhaj","Tahta City",2014,1496.47717285156
"Suhaj","Tahta City",2015,1382.02478027344
"Suhaj","Tahta City",2016,1385.80334472656
"Suhaj","Tahta City",2017,1705.033203125
"Suhaj","Tahta City",2018,1698.56164550781
"Suhaj","Tahta City",2019,1717.11962890625
"Suhaj","Tahta City",2020,1646.46484375
"Suhaj","Tahta City",2021,1976.17565917969
"Suhaj","Tahta City",2022,2068.1787109375
"Suhaj","Tahta City",2023,1535.01977539062
"Suhaj","Tahta City",2024,1556.14379882812
"Suhaj","Tima",2012,9292.0732421875
"Suhaj","Tima",2013,7833.36572265625
"Suhaj","Tima",2014,6381.85595703125
"Suhaj","Tima",2015,6485.330078125
"Suhaj","Tima",2016,7399.71142578125
"Suhaj","Tima",2017,7657.916015625
"Suhaj","Tima",2018,7359.3251953125
"Suhaj","Tima",2019,7123.095703125
"Suhaj","Tima",2020,6868.03076171875
"Suhaj","Tima",2021,7907.9423828125
"Suhaj","Tima",2022,8423.466796875
"Suhaj","Tima",2023,7979.10498046875
"Suhaj","Tima",2024,8463.349609375
"Suhaj","Unorganized in Suhaj",2012,15076.14453125
"Suhaj","Unorganized in Suhaj",2013,12365.974609375
"Suhaj","Unorganized in Suhaj",2014,11063.009765625
"Suhaj","Unorganized in Suhaj",2015,10863.7255859375
"Suhaj","Unorganized in Suhaj",2016,12935.40625
"Suhaj","Unorganized in Suhaj",2017,13873.6298828125
"Suhaj","Unorganized in Suhaj",2018,14862.5048828125
"Suhaj","Unorganized in Suhaj",2019,15974.9951171875
"Suhaj","Unorganized in Suhaj",2020,16113.8408203125
"Suhaj","Unorganized in Suhaj",2021,20466.76953125
"Suhaj","Unorganized in Suhaj",2022,22208.240234375
"Suhaj","Unorganized in Suhaj",2023,25581.955078125
"Suhaj","Unorganized in Suhaj",2024,25804.228515625
