"NAME_1","NAME_2","NAME_3","date","ntl_mean"
"Alibori","Banikoara","Banikoara",2012,10.1055612564087
"Alibori","Banikoara","Banikoara",2013,8.43257808685303
"Alibori","Banikoara","Banikoara",2015,16.4149551391602
"Alibori","Banikoara","Banikoara",2017,26.2358245849609
"Alibori","Banikoara","Banikoara",2018,28.4136734008789
"Alibori","Banikoara","Banikoara",2019,29.8647212982178
"Alibori","Banikoara","Banikoara",2020,29.7282238006592
"Alibori","Banikoara","Banikoara",2021,33.8743286132812
"Alibori","Banikoara","Banikoara",2022,54.1016960144043
"Alibori","Banikoara","Banikoara",2023,51.8622055053711
"Alibori","Banikoara","Banikoara",2024,59.6854209899902
"Alibori","Banikoara","Founougo",2012,0
"Alibori","Banikoara","Founougo",2013,0
"Alibori","Banikoara","Founougo",2015,0
"Alibori","Banikoara","Founougo",2017,0
"Alibori","Banikoara","Founougo",2018,0
"Alibori","Banikoara","Founougo",2019,0
"Alibori","Banikoara","Founougo",2020,0
"Alibori","Banikoara","Founougo",2021,0
"Alibori","Banikoara","Founougo",2022,2.84042024612427
"Alibori","Banikoara","Founougo",2023,5.27291297912598
"Alibori","Banikoara","Founougo",2024,5.93231821060181
"Alibori","Banikoara","Gomparou",2012,6.76158237457275
"Alibori","Banikoara","Gomparou",2013,3.70044898986816
"Alibori","Banikoara","Gomparou",2015,5.92331457138062
"Alibori","Banikoara","Gomparou",2017,9.95968437194824
"Alibori","Banikoara","Gomparou",2018,10.7000856399536
"Alibori","Banikoara","Gomparou",2019,13.1694078445435
"Alibori","Banikoara","Gomparou",2020,9.02083587646484
"Alibori","Banikoara","Gomparou",2021,14.0897159576416
"Alibori","Banikoara","Gomparou",2022,40.6018486022949
"Alibori","Banikoara","Gomparou",2023,50.5871620178223
"Alibori","Banikoara","Gomparou",2024,46.1359710693359
"Alibori","Banikoara","Goumori",2012,0
"Alibori","Banikoara","Goumori",2013,0.167188361287117
"Alibori","Banikoara","Goumori",2015,1.53028309345245
"Alibori","Banikoara","Goumori",2017,0
"Alibori","Banikoara","Goumori",2018,0
"Alibori","Banikoara","Goumori",2019,0
"Alibori","Banikoara","Goumori",2020,0.151337519288063
"Alibori","Banikoara","Goumori",2021,0
"Alibori","Banikoara","Goumori",2022,0.899442255496979
"Alibori","Banikoara","Goumori",2023,1.84389364719391
"Alibori","Banikoara","Goumori",2024,1.77943646907806
"Alibori","Banikoara","Kokey",2012,0
"Alibori","Banikoara","Kokey",2013,0
"Alibori","Banikoara","Kokey",2015,0
"Alibori","Banikoara","Kokey",2017,0
"Alibori","Banikoara","Kokey",2018,0
"Alibori","Banikoara","Kokey",2019,0
"Alibori","Banikoara","Kokey",2020,0
"Alibori","Banikoara","Kokey",2021,0
"Alibori","Banikoara","Kokey",2022,0.623822391033173
"Alibori","Banikoara","Kokey",2023,1.17181169986725
"Alibori","Banikoara","Kokey",2024,0.540972471237183
"Alibori","Banikoara","Kokiborou*",2012,0
"Alibori","Banikoara","Kokiborou*",2013,0.931001961231232
"Alibori","Banikoara","Kokiborou*",2015,0.426702499389648
"Alibori","Banikoara","Kokiborou*",2017,0
"Alibori","Banikoara","Kokiborou*",2018,0
"Alibori","Banikoara","Kokiborou*",2019,0
"Alibori","Banikoara","Kokiborou*",2020,0.371001094579697
"Alibori","Banikoara","Kokiborou*",2021,0
"Alibori","Banikoara","Kokiborou*",2022,2.43779897689819
"Alibori","Banikoara","Kokiborou*",2023,3.47355341911316
"Alibori","Banikoara","Kokiborou*",2024,3.18388032913208
"Alibori","Banikoara","Ounet",2012,0
"Alibori","Banikoara","Ounet",2013,0
"Alibori","Banikoara","Ounet",2015,0
"Alibori","Banikoara","Ounet",2017,0
"Alibori","Banikoara","Ounet",2018,0
"Alibori","Banikoara","Ounet",2019,0
"Alibori","Banikoara","Ounet",2020,0
"Alibori","Banikoara","Ounet",2021,2.09279012680054
"Alibori","Banikoara","Ounet",2022,3.20184135437012
"Alibori","Banikoara","Ounet",2023,4.46884202957153
"Alibori","Banikoara","Ounet",2024,4.43998670578003
"Alibori","Banikoara","Somp?r?kou",2012,0
"Alibori","Banikoara","Somp?r?kou",2013,0
"Alibori","Banikoara","Somp?r?kou",2015,1.34468698501587
"Alibori","Banikoara","Somp?r?kou",2017,0
"Alibori","Banikoara","Somp?r?kou",2018,2.38726401329041
"Alibori","Banikoara","Somp?r?kou",2019,3.20588564872742
"Alibori","Banikoara","Somp?r?kou",2020,3.80998301506042
"Alibori","Banikoara","Somp?r?kou",2021,4.17100477218628
"Alibori","Banikoara","Somp?r?kou",2022,8.52365493774414
"Alibori","Banikoara","Somp?r?kou",2023,12.094575881958
"Alibori","Banikoara","Somp?r?kou",2024,14.1918239593506
"Alibori","Banikoara","Soroko",2012,0
"Alibori","Banikoara","Soroko",2013,0
"Alibori","Banikoara","Soroko",2015,0
"Alibori","Banikoara","Soroko",2017,0
"Alibori","Banikoara","Soroko",2018,0
"Alibori","Banikoara","Soroko",2019,0
"Alibori","Banikoara","Soroko",2020,0
"Alibori","Banikoara","Soroko",2021,0
"Alibori","Banikoara","Soroko",2022,0
"Alibori","Banikoara","Soroko",2023,1.21115279197693
"Alibori","Banikoara","Soroko",2024,0.542380809783936
"Alibori","Banikoara","Toura",2012,0
"Alibori","Banikoara","Toura",2013,0
"Alibori","Banikoara","Toura",2015,0
"Alibori","Banikoara","Toura",2017,0
"Alibori","Banikoara","Toura",2018,0
"Alibori","Banikoara","Toura",2019,0
"Alibori","Banikoara","Toura",2020,0
"Alibori","Banikoara","Toura",2021,0
"Alibori","Banikoara","Toura",2022,1.88700675964355
"Alibori","Banikoara","Toura",2023,4.12907075881958
"Alibori","Banikoara","Toura",2024,3.60713171958923
"Alibori","Gogounou","Bagou",2012,0
"Alibori","Gogounou","Bagou",2013,0
"Alibori","Gogounou","Bagou",2015,0
"Alibori","Gogounou","Bagou",2017,0
"Alibori","Gogounou","Bagou",2018,2.72228956222534
"Alibori","Gogounou","Bagou",2019,2.53247928619385
"Alibori","Gogounou","Bagou",2020,2.33267593383789
"Alibori","Gogounou","Bagou",2021,2.87338924407959
"Alibori","Gogounou","Bagou",2022,6.12770175933838
"Alibori","Gogounou","Bagou",2023,7.09335851669312
"Alibori","Gogounou","Bagou",2024,10.1821384429932
"Alibori","Gogounou","Gogounou",2012,0.500772476196289
"Alibori","Gogounou","Gogounou",2013,1.36674761772156
"Alibori","Gogounou","Gogounou",2015,5.97923755645752
"Alibori","Gogounou","Gogounou",2017,10.9993133544922
"Alibori","Gogounou","Gogounou",2018,15.8078203201294
"Alibori","Gogounou","Gogounou",2019,11.1105766296387
"Alibori","Gogounou","Gogounou",2020,12.527548789978
"Alibori","Gogounou","Gogounou",2021,11.0053310394287
"Alibori","Gogounou","Gogounou",2022,28.3207778930664
"Alibori","Gogounou","Gogounou",2023,30.2652740478516
"Alibori","Gogounou","Gogounou",2024,107.184684753418
"Alibori","Gogounou","Gounarou",2012,0
"Alibori","Gogounou","Gounarou",2013,0
"Alibori","Gogounou","Gounarou",2015,0
"Alibori","Gogounou","Gounarou",2017,0.56505936384201
"Alibori","Gogounou","Gounarou",2018,1.21762204170227
"Alibori","Gogounou","Gounarou",2019,0.0273034609854221
"Alibori","Gogounou","Gounarou",2020,1.5817791223526
"Alibori","Gogounou","Gounarou",2021,1.04272866249084
"Alibori","Gogounou","Gounarou",2022,2.55122399330139
"Alibori","Gogounou","Gounarou",2023,3.78002381324768
"Alibori","Gogounou","Gounarou",2024,7.24272775650024
"Alibori","Gogounou","Ouara",2012,0
"Alibori","Gogounou","Ouara",2013,0
"Alibori","Gogounou","Ouara",2015,0
"Alibori","Gogounou","Ouara",2017,0
"Alibori","Gogounou","Ouara",2018,0.720429241657257
"Alibori","Gogounou","Ouara",2019,2.56497406959534
"Alibori","Gogounou","Ouara",2020,2.54362678527832
"Alibori","Gogounou","Ouara",2021,0.519316792488098
"Alibori","Gogounou","Ouara",2022,0
"Alibori","Gogounou","Ouara",2023,1.3106415271759
"Alibori","Gogounou","Ouara",2024,2.83191967010498
"Alibori","Gogounou","Sori",2012,0
"Alibori","Gogounou","Sori",2013,0
"Alibori","Gogounou","Sori",2015,8.15065765380859
"Alibori","Gogounou","Sori",2017,11.1920042037964
"Alibori","Gogounou","Sori",2018,11.603666305542
"Alibori","Gogounou","Sori",2019,9.98563957214355
"Alibori","Gogounou","Sori",2020,15.7386322021484
"Alibori","Gogounou","Sori",2021,8.40070629119873
"Alibori","Gogounou","Sori",2022,8.09156227111816
"Alibori","Gogounou","Sori",2023,7.471510887146
"Alibori","Gogounou","Sori",2024,12.1025056838989
"Alibori","Gogounou","Zougou-Pantrossi",2012,0
"Alibori","Gogounou","Zougou-Pantrossi",2013,0
"Alibori","Gogounou","Zougou-Pantrossi",2015,0
"Alibori","Gogounou","Zougou-Pantrossi",2017,0
"Alibori","Gogounou","Zougou-Pantrossi",2018,0
"Alibori","Gogounou","Zougou-Pantrossi",2019,0
"Alibori","Gogounou","Zougou-Pantrossi",2020,0
"Alibori","Gogounou","Zougou-Pantrossi",2021,0
"Alibori","Gogounou","Zougou-Pantrossi",2022,0
"Alibori","Gogounou","Zougou-Pantrossi",2023,0
"Alibori","Gogounou","Zougou-Pantrossi",2024,0
"Alibori","Kandi","Angaradébou",2012,0
"Alibori","Kandi","Angaradébou",2013,0
"Alibori","Kandi","Angaradébou",2015,0
"Alibori","Kandi","Angaradébou",2017,1.12155199050903
"Alibori","Kandi","Angaradébou",2018,1.78643977642059
"Alibori","Kandi","Angaradébou",2019,0
"Alibori","Kandi","Angaradébou",2020,1.69033741950989
"Alibori","Kandi","Angaradébou",2021,0.517618536949158
"Alibori","Kandi","Angaradébou",2022,1.93352794647217
"Alibori","Kandi","Angaradébou",2023,5.45985794067383
"Alibori","Kandi","Angaradébou",2024,6.73736906051636
"Alibori","Kandi","Bensékou",2012,0
"Alibori","Kandi","Bensékou",2013,0
"Alibori","Kandi","Bensékou",2015,0
"Alibori","Kandi","Bensékou",2017,0
"Alibori","Kandi","Bensékou",2018,0
"Alibori","Kandi","Bensékou",2019,0
"Alibori","Kandi","Bensékou",2020,0
"Alibori","Kandi","Bensékou",2021,0
"Alibori","Kandi","Bensékou",2022,0
"Alibori","Kandi","Bensékou",2023,0
"Alibori","Kandi","Bensékou",2024,0
"Alibori","Kandi","Donwari",2012,0
"Alibori","Kandi","Donwari",2013,0
"Alibori","Kandi","Donwari",2015,0
"Alibori","Kandi","Donwari",2017,0
"Alibori","Kandi","Donwari",2018,0
"Alibori","Kandi","Donwari",2019,0
"Alibori","Kandi","Donwari",2020,0
"Alibori","Kandi","Donwari",2021,0
"Alibori","Kandi","Donwari",2022,0.52366441488266
"Alibori","Kandi","Donwari",2023,0.640664994716644
"Alibori","Kandi","Donwari",2024,1.72657907009125
"Alibori","Kandi","Kandi I",2012,11.9285793304443
"Alibori","Kandi","Kandi I",2013,11.9637851715088
"Alibori","Kandi","Kandi I",2015,11.0109357833862
"Alibori","Kandi","Kandi I",2017,12.1444473266602
"Alibori","Kandi","Kandi I",2018,13.3939399719238
"Alibori","Kandi","Kandi I",2019,12.8453464508057
"Alibori","Kandi","Kandi I",2020,21.9979858398438
"Alibori","Kandi","Kandi I",2021,32.2194290161133
"Alibori","Kandi","Kandi I",2022,47.0056838989258
"Alibori","Kandi","Kandi I",2023,44.1318893432617
"Alibori","Kandi","Kandi I",2024,50.0319442749023
"Alibori","Kandi","Kandi II",2012,51.7133712768555
"Alibori","Kandi","Kandi II",2013,50.1213035583496
"Alibori","Kandi","Kandi II",2015,59.7711410522461
"Alibori","Kandi","Kandi II",2017,60.7439575195312
"Alibori","Kandi","Kandi II",2018,64.3615417480469
"Alibori","Kandi","Kandi II",2019,98.62109375
"Alibori","Kandi","Kandi II",2020,146.470596313477
"Alibori","Kandi","Kandi II",2021,165.711166381836
"Alibori","Kandi","Kandi II",2022,194.582122802734
"Alibori","Kandi","Kandi II",2023,203.780090332031
"Alibori","Kandi","Kandi II",2024,224.513595581055
"Alibori","Kandi","Kandi III",2012,7.46444606781006
"Alibori","Kandi","Kandi III",2013,6.51644611358643
"Alibori","Kandi","Kandi III",2015,8.14675331115723
"Alibori","Kandi","Kandi III",2017,11.2980194091797
"Alibori","Kandi","Kandi III",2018,11.6739654541016
"Alibori","Kandi","Kandi III",2019,28.661901473999
"Alibori","Kandi","Kandi III",2020,45.8657379150391
"Alibori","Kandi","Kandi III",2021,52.0702323913574
"Alibori","Kandi","Kandi III",2022,64.0383987426758
"Alibori","Kandi","Kandi III",2023,60.4145812988281
"Alibori","Kandi","Kandi III",2024,75.7618408203125
"Alibori","Kandi","Kassakou",2012,0
"Alibori","Kandi","Kassakou",2013,0
"Alibori","Kandi","Kassakou",2015,0
"Alibori","Kandi","Kassakou",2017,0
"Alibori","Kandi","Kassakou",2018,0
"Alibori","Kandi","Kassakou",2019,0
"Alibori","Kandi","Kassakou",2020,0
"Alibori","Kandi","Kassakou",2021,0
"Alibori","Kandi","Kassakou",2022,0
"Alibori","Kandi","Kassakou",2023,0
"Alibori","Kandi","Kassakou",2024,0
"Alibori","Kandi","Saah",2012,0
"Alibori","Kandi","Saah",2013,0
"Alibori","Kandi","Saah",2015,0
"Alibori","Kandi","Saah",2017,0
"Alibori","Kandi","Saah",2018,0
"Alibori","Kandi","Saah",2019,0
"Alibori","Kandi","Saah",2020,0
"Alibori","Kandi","Saah",2021,0
"Alibori","Kandi","Saah",2022,0.0400792956352234
"Alibori","Kandi","Saah",2023,0
"Alibori","Kandi","Saah",2024,0
"Alibori","Kandi","Sam",2012,0
"Alibori","Kandi","Sam",2013,0
"Alibori","Kandi","Sam",2015,0
"Alibori","Kandi","Sam",2017,0
"Alibori","Kandi","Sam",2018,0
"Alibori","Kandi","Sam",2019,0
"Alibori","Kandi","Sam",2020,0
"Alibori","Kandi","Sam",2021,0
"Alibori","Kandi","Sam",2022,0
"Alibori","Kandi","Sam",2023,0
"Alibori","Kandi","Sam",2024,1.25778710842133
"Alibori","Kandi","Sonsoro",2012,0
"Alibori","Kandi","Sonsoro",2013,0
"Alibori","Kandi","Sonsoro",2015,0
"Alibori","Kandi","Sonsoro",2017,0
"Alibori","Kandi","Sonsoro",2018,0
"Alibori","Kandi","Sonsoro",2019,0
"Alibori","Kandi","Sonsoro",2020,0.556488275527954
"Alibori","Kandi","Sonsoro",2021,0.604476094245911
"Alibori","Kandi","Sonsoro",2022,0.67576265335083
"Alibori","Kandi","Sonsoro",2023,2.79100799560547
"Alibori","Kandi","Sonsoro",2024,3.1256697177887
"Alibori","Karimama","Birni-Lafia",2012,0
"Alibori","Karimama","Birni-Lafia",2013,0
"Alibori","Karimama","Birni-Lafia",2015,0
"Alibori","Karimama","Birni-Lafia",2017,0
"Alibori","Karimama","Birni-Lafia",2018,0
"Alibori","Karimama","Birni-Lafia",2019,0
"Alibori","Karimama","Birni-Lafia",2020,0
"Alibori","Karimama","Birni-Lafia",2021,0
"Alibori","Karimama","Birni-Lafia",2022,0
"Alibori","Karimama","Birni-Lafia",2023,0
"Alibori","Karimama","Birni-Lafia",2024,0
"Alibori","Karimama","Bogo-Bogo",2012,0
"Alibori","Karimama","Bogo-Bogo",2013,0
"Alibori","Karimama","Bogo-Bogo",2015,0
"Alibori","Karimama","Bogo-Bogo",2017,0
"Alibori","Karimama","Bogo-Bogo",2018,0
"Alibori","Karimama","Bogo-Bogo",2019,0
"Alibori","Karimama","Bogo-Bogo",2020,0
"Alibori","Karimama","Bogo-Bogo",2021,0
"Alibori","Karimama","Bogo-Bogo",2022,0
"Alibori","Karimama","Bogo-Bogo",2023,0
"Alibori","Karimama","Bogo-Bogo",2024,0
"Alibori","Karimama","Karimama",2012,0
"Alibori","Karimama","Karimama",2013,0
"Alibori","Karimama","Karimama",2015,1.69345545768738
"Alibori","Karimama","Karimama",2017,7.80957746505737
"Alibori","Karimama","Karimama",2018,9.29948139190674
"Alibori","Karimama","Karimama",2019,7.67132806777954
"Alibori","Karimama","Karimama",2020,6.49526405334473
"Alibori","Karimama","Karimama",2021,5.84787797927856
"Alibori","Karimama","Karimama",2022,3.20123195648193
"Alibori","Karimama","Karimama",2023,3.40508508682251
"Alibori","Karimama","Karimama",2024,2.44250011444092
"Alibori","Karimama","Kompa",2012,0
"Alibori","Karimama","Kompa",2013,0
"Alibori","Karimama","Kompa",2015,0
"Alibori","Karimama","Kompa",2017,0
"Alibori","Karimama","Kompa",2018,0
"Alibori","Karimama","Kompa",2019,0
"Alibori","Karimama","Kompa",2020,0
"Alibori","Karimama","Kompa",2021,0
"Alibori","Karimama","Kompa",2022,0
"Alibori","Karimama","Kompa",2023,0
"Alibori","Karimama","Kompa",2024,0
"Alibori","Karimama","Monsey",2012,0
"Alibori","Karimama","Monsey",2013,0
"Alibori","Karimama","Monsey",2015,0
"Alibori","Karimama","Monsey",2017,0.2763731777668
"Alibori","Karimama","Monsey",2018,0.655702233314514
"Alibori","Karimama","Monsey",2019,0.341159611940384
"Alibori","Karimama","Monsey",2020,0.27120515704155
"Alibori","Karimama","Monsey",2021,0.0127715496346354
"Alibori","Karimama","Monsey",2022,0.00756614375859499
"Alibori","Karimama","Monsey",2023,0.00857444200664759
"Alibori","Karimama","Monsey",2024,0.00674547161906958
"Alibori","Malanville","Garou",2012,0
"Alibori","Malanville","Garou",2013,0
"Alibori","Malanville","Garou",2015,0
"Alibori","Malanville","Garou",2017,0
"Alibori","Malanville","Garou",2018,0
"Alibori","Malanville","Garou",2019,0
"Alibori","Malanville","Garou",2020,0
"Alibori","Malanville","Garou",2021,0
"Alibori","Malanville","Garou",2022,0
"Alibori","Malanville","Garou",2023,0
"Alibori","Malanville","Garou",2024,0.505948185920715
"Alibori","Malanville","Guénè",2012,0
"Alibori","Malanville","Guénè",2013,0
"Alibori","Malanville","Guénè",2015,0
"Alibori","Malanville","Guénè",2017,6.11879634857178
"Alibori","Malanville","Guénè",2018,6.9633994102478
"Alibori","Malanville","Guénè",2019,4.89548206329346
"Alibori","Malanville","Guénè",2020,3.45958232879639
"Alibori","Malanville","Guénè",2021,4.20143127441406
"Alibori","Malanville","Guénè",2022,6.26493644714355
"Alibori","Malanville","Guénè",2023,6.03406190872192
"Alibori","Malanville","Guénè",2024,5.19982051849365
"Alibori","Malanville","Madécali",2012,0
"Alibori","Malanville","Madécali",2013,0
"Alibori","Malanville","Madécali",2015,0
"Alibori","Malanville","Madécali",2017,0
"Alibori","Malanville","Madécali",2018,0
"Alibori","Malanville","Madécali",2019,0
"Alibori","Malanville","Madécali",2020,0
"Alibori","Malanville","Madécali",2021,0
"Alibori","Malanville","Madécali",2022,0
"Alibori","Malanville","Madécali",2023,0
"Alibori","Malanville","Madécali",2024,0.592840313911438
"Alibori","Malanville","Malanville",2012,54.299861907959
"Alibori","Malanville","Malanville",2013,46.1927490234375
"Alibori","Malanville","Malanville",2015,101.236419677734
"Alibori","Malanville","Malanville",2017,78.8335876464844
"Alibori","Malanville","Malanville",2018,105.079330444336
"Alibori","Malanville","Malanville",2019,84.4306793212891
"Alibori","Malanville","Malanville",2020,82.6336975097656
"Alibori","Malanville","Malanville",2021,105.163352966309
"Alibori","Malanville","Malanville",2022,144.937454223633
"Alibori","Malanville","Malanville",2023,152.950408935547
"Alibori","Malanville","Malanville",2024,162.271682739258
"Alibori","Malanville","Toumbouctou",2012,0
"Alibori","Malanville","Toumbouctou",2013,0
"Alibori","Malanville","Toumbouctou",2015,0.308210492134094
"Alibori","Malanville","Toumbouctou",2017,0
"Alibori","Malanville","Toumbouctou",2018,0
"Alibori","Malanville","Toumbouctou",2019,0
"Alibori","Malanville","Toumbouctou",2020,0
"Alibori","Malanville","Toumbouctou",2021,3.00469923019409
"Alibori","Malanville","Toumbouctou",2022,3.84406280517578
"Alibori","Malanville","Toumbouctou",2023,4.36208724975586
"Alibori","Malanville","Toumbouctou",2024,4.2250189781189
"Alibori","Ségbana","Libantè",2012,0
"Alibori","Ségbana","Libantè",2013,0
"Alibori","Ségbana","Libantè",2015,0
"Alibori","Ségbana","Libantè",2017,0
"Alibori","Ségbana","Libantè",2018,0
"Alibori","Ségbana","Libantè",2019,0
"Alibori","Ségbana","Libantè",2020,0
"Alibori","Ségbana","Libantè",2021,0
"Alibori","Ségbana","Libantè",2022,0
"Alibori","Ségbana","Libantè",2023,0
"Alibori","Ségbana","Libantè",2024,0
"Alibori","Ségbana","Liboussou",2012,0
"Alibori","Ségbana","Liboussou",2013,0
"Alibori","Ségbana","Liboussou",2015,0
"Alibori","Ségbana","Liboussou",2017,0
"Alibori","Ségbana","Liboussou",2018,0
"Alibori","Ségbana","Liboussou",2019,0
"Alibori","Ségbana","Liboussou",2020,0
"Alibori","Ségbana","Liboussou",2021,0
"Alibori","Ségbana","Liboussou",2022,0
"Alibori","Ségbana","Liboussou",2023,0
"Alibori","Ségbana","Liboussou",2024,0.547037661075592
"Alibori","Ségbana","Lougou",2012,0
"Alibori","Ségbana","Lougou",2013,0
"Alibori","Ségbana","Lougou",2015,0
"Alibori","Ségbana","Lougou",2017,0
"Alibori","Ségbana","Lougou",2018,0
"Alibori","Ségbana","Lougou",2019,0
"Alibori","Ségbana","Lougou",2020,0
"Alibori","Ségbana","Lougou",2021,0
"Alibori","Ségbana","Lougou",2022,0
"Alibori","Ségbana","Lougou",2023,0
"Alibori","Ségbana","Lougou",2024,0
"Alibori","Ségbana","Sokotindji",2012,0
"Alibori","Ségbana","Sokotindji",2013,0
"Alibori","Ségbana","Sokotindji",2015,0
"Alibori","Ségbana","Sokotindji",2017,0
"Alibori","Ségbana","Sokotindji",2018,0
"Alibori","Ségbana","Sokotindji",2019,0
"Alibori","Ségbana","Sokotindji",2020,0
"Alibori","Ségbana","Sokotindji",2021,0
"Alibori","Ségbana","Sokotindji",2022,0
"Alibori","Ségbana","Sokotindji",2023,0
"Alibori","Ségbana","Sokotindji",2024,0.613876819610596
"Alibori","Ségbana","Ségbana",2012,0
"Alibori","Ségbana","Ségbana",2013,0
"Alibori","Ségbana","Ségbana",2015,1.25031280517578
"Alibori","Ségbana","Ségbana",2017,9.36860179901123
"Alibori","Ségbana","Ségbana",2018,13.7522077560425
"Alibori","Ségbana","Ségbana",2019,10.4510917663574
"Alibori","Ségbana","Ségbana",2020,10.6336193084717
"Alibori","Ségbana","Ségbana",2021,9.84563255310059
"Alibori","Ségbana","Ségbana",2022,12.1693172454834
"Alibori","Ségbana","Ségbana",2023,12.888599395752
"Alibori","Ségbana","Ségbana",2024,18.7770767211914
"Atakora","Boukoumbé","Boukoumbè",2012,4.35672378540039
"Atakora","Boukoumbé","Boukoumbè",2013,7.53445482254028
"Atakora","Boukoumbé","Boukoumbè",2015,10.16188621521
"Atakora","Boukoumbé","Boukoumbè",2017,4.94308662414551
"Atakora","Boukoumbé","Boukoumbè",2018,4.71692276000977
"Atakora","Boukoumbé","Boukoumbè",2019,4.55419111251831
"Atakora","Boukoumbé","Boukoumbè",2020,5.47301340103149
"Atakora","Boukoumbé","Boukoumbè",2021,8.70628833770752
"Atakora","Boukoumbé","Boukoumbè",2022,11.5353708267212
"Atakora","Boukoumbé","Boukoumbè",2023,11.0332813262939
"Atakora","Boukoumbé","Boukoumbè",2024,14.7201671600342
"Atakora","Boukoumbé","Dipoili",2012,0
"Atakora","Boukoumbé","Dipoili",2013,0
"Atakora","Boukoumbé","Dipoili",2015,0
"Atakora","Boukoumbé","Dipoili",2017,0
"Atakora","Boukoumbé","Dipoili",2018,0
"Atakora","Boukoumbé","Dipoili",2019,0
"Atakora","Boukoumbé","Dipoili",2020,0
"Atakora","Boukoumbé","Dipoili",2021,0
"Atakora","Boukoumbé","Dipoili",2022,0
"Atakora","Boukoumbé","Dipoili",2023,0
"Atakora","Boukoumbé","Dipoili",2024,0
"Atakora","Boukoumbé","Korontière",2012,0
"Atakora","Boukoumbé","Korontière",2013,0
"Atakora","Boukoumbé","Korontière",2015,0
"Atakora","Boukoumbé","Korontière",2017,0
"Atakora","Boukoumbé","Korontière",2018,0
"Atakora","Boukoumbé","Korontière",2019,0
"Atakora","Boukoumbé","Korontière",2020,0
"Atakora","Boukoumbé","Korontière",2021,0
"Atakora","Boukoumbé","Korontière",2022,0.543823719024658
"Atakora","Boukoumbé","Korontière",2023,0
"Atakora","Boukoumbé","Korontière",2024,0
"Atakora","Boukoumbé","Kossoucoingou",2012,0
"Atakora","Boukoumbé","Kossoucoingou",2013,0
"Atakora","Boukoumbé","Kossoucoingou",2015,0
"Atakora","Boukoumbé","Kossoucoingou",2017,0
"Atakora","Boukoumbé","Kossoucoingou",2018,0
"Atakora","Boukoumbé","Kossoucoingou",2019,0
"Atakora","Boukoumbé","Kossoucoingou",2020,0
"Atakora","Boukoumbé","Kossoucoingou",2021,0
"Atakora","Boukoumbé","Kossoucoingou",2022,0
"Atakora","Boukoumbé","Kossoucoingou",2023,0
"Atakora","Boukoumbé","Kossoucoingou",2024,0
"Atakora","Boukoumbé","Manta",2012,0
"Atakora","Boukoumbé","Manta",2013,0
"Atakora","Boukoumbé","Manta",2015,0
"Atakora","Boukoumbé","Manta",2017,0
"Atakora","Boukoumbé","Manta",2018,0
"Atakora","Boukoumbé","Manta",2019,0
"Atakora","Boukoumbé","Manta",2020,0
"Atakora","Boukoumbé","Manta",2021,0
"Atakora","Boukoumbé","Manta",2022,1.06960964202881
"Atakora","Boukoumbé","Manta",2023,1.79276084899902
"Atakora","Boukoumbé","Manta",2024,3.23813962936401
"Atakora","Boukoumbé","Natta",2012,0
"Atakora","Boukoumbé","Natta",2013,0
"Atakora","Boukoumbé","Natta",2015,0
"Atakora","Boukoumbé","Natta",2017,0
"Atakora","Boukoumbé","Natta",2018,0
"Atakora","Boukoumbé","Natta",2019,0
"Atakora","Boukoumbé","Natta",2020,0
"Atakora","Boukoumbé","Natta",2021,0
"Atakora","Boukoumbé","Natta",2022,0
"Atakora","Boukoumbé","Natta",2023,0
"Atakora","Boukoumbé","Natta",2024,0
"Atakora","Boukoumbé","Tabota",2012,0
"Atakora","Boukoumbé","Tabota",2013,0
"Atakora","Boukoumbé","Tabota",2015,0
"Atakora","Boukoumbé","Tabota",2017,0
"Atakora","Boukoumbé","Tabota",2018,0
"Atakora","Boukoumbé","Tabota",2019,0
"Atakora","Boukoumbé","Tabota",2020,0
"Atakora","Boukoumbé","Tabota",2021,0
"Atakora","Boukoumbé","Tabota",2022,0
"Atakora","Boukoumbé","Tabota",2023,0
"Atakora","Boukoumbé","Tabota",2024,0
"Atakora","Boukoumbé","Tchoumi-Tchoumi",2012,0
"Atakora","Boukoumbé","Tchoumi-Tchoumi",2013,0
"Atakora","Boukoumbé","Tchoumi-Tchoumi",2015,0
"Atakora","Boukoumbé","Tchoumi-Tchoumi",2017,0
"Atakora","Boukoumbé","Tchoumi-Tchoumi",2018,0
"Atakora","Boukoumbé","Tchoumi-Tchoumi",2019,0
"Atakora","Boukoumbé","Tchoumi-Tchoumi",2020,0
"Atakora","Boukoumbé","Tchoumi-Tchoumi",2021,0
"Atakora","Boukoumbé","Tchoumi-Tchoumi",2022,0
"Atakora","Boukoumbé","Tchoumi-Tchoumi",2023,0
"Atakora","Boukoumbé","Tchoumi-Tchoumi",2024,0
"Atakora","Cobly","Cobly",2012,4.58534479141235
"Atakora","Cobly","Cobly",2013,4.88550281524658
"Atakora","Cobly","Cobly",2015,4.78020095825195
"Atakora","Cobly","Cobly",2017,4.39480304718018
"Atakora","Cobly","Cobly",2018,0.5189408659935
"Atakora","Cobly","Cobly",2019,0
"Atakora","Cobly","Cobly",2020,0
"Atakora","Cobly","Cobly",2021,0
"Atakora","Cobly","Cobly",2022,5.96284627914429
"Atakora","Cobly","Cobly",2023,8.55680751800537
"Atakora","Cobly","Cobly",2024,17.7999439239502
"Atakora","Cobly","Datori",2012,0
"Atakora","Cobly","Datori",2013,0
"Atakora","Cobly","Datori",2015,0
"Atakora","Cobly","Datori",2017,0
"Atakora","Cobly","Datori",2018,0
"Atakora","Cobly","Datori",2019,0.608695685863495
"Atakora","Cobly","Datori",2020,0
"Atakora","Cobly","Datori",2021,0
"Atakora","Cobly","Datori",2022,0
"Atakora","Cobly","Datori",2023,0
"Atakora","Cobly","Datori",2024,0
"Atakora","Cobly","Kountori",2012,0
"Atakora","Cobly","Kountori",2013,0
"Atakora","Cobly","Kountori",2015,0
"Atakora","Cobly","Kountori",2017,0
"Atakora","Cobly","Kountori",2018,0
"Atakora","Cobly","Kountori",2019,0
"Atakora","Cobly","Kountori",2020,0
"Atakora","Cobly","Kountori",2021,0
"Atakora","Cobly","Kountori",2022,0
"Atakora","Cobly","Kountori",2023,0
"Atakora","Cobly","Kountori",2024,0
"Atakora","Cobly","Tapoga",2012,0
"Atakora","Cobly","Tapoga",2013,0
"Atakora","Cobly","Tapoga",2015,0
"Atakora","Cobly","Tapoga",2017,0
"Atakora","Cobly","Tapoga",2018,0
"Atakora","Cobly","Tapoga",2019,2.273766040802
"Atakora","Cobly","Tapoga",2020,1.32137155532837
"Atakora","Cobly","Tapoga",2021,0.163140967488289
"Atakora","Cobly","Tapoga",2022,0
"Atakora","Cobly","Tapoga",2023,0
"Atakora","Cobly","Tapoga",2024,0
"Atakora","Kouandé","Birni",2012,0
"Atakora","Kouandé","Birni",2013,0
"Atakora","Kouandé","Birni",2015,1.59882712364197
"Atakora","Kouandé","Birni",2017,1.08501553535461
"Atakora","Kouandé","Birni",2018,0
"Atakora","Kouandé","Birni",2019,0
"Atakora","Kouandé","Birni",2020,2.49430084228516
"Atakora","Kouandé","Birni",2021,3.80342936515808
"Atakora","Kouandé","Birni",2022,0.553080022335052
"Atakora","Kouandé","Birni",2023,2.83640503883362
"Atakora","Kouandé","Birni",2024,1.67814218997955
"Atakora","Kouandé","Chabi-Couma",2012,0
"Atakora","Kouandé","Chabi-Couma",2013,0
"Atakora","Kouandé","Chabi-Couma",2015,0
"Atakora","Kouandé","Chabi-Couma",2017,0
"Atakora","Kouandé","Chabi-Couma",2018,0
"Atakora","Kouandé","Chabi-Couma",2019,0
"Atakora","Kouandé","Chabi-Couma",2020,0
"Atakora","Kouandé","Chabi-Couma",2021,0
"Atakora","Kouandé","Chabi-Couma",2022,0.667992830276489
"Atakora","Kouandé","Chabi-Couma",2023,2.50181245803833
"Atakora","Kouandé","Chabi-Couma",2024,3.02297830581665
"Atakora","Kouandé","Fô-Tancé",2012,0
"Atakora","Kouandé","Fô-Tancé",2013,0
"Atakora","Kouandé","Fô-Tancé",2015,0
"Atakora","Kouandé","Fô-Tancé",2017,0
"Atakora","Kouandé","Fô-Tancé",2018,0
"Atakora","Kouandé","Fô-Tancé",2019,0
"Atakora","Kouandé","Fô-Tancé",2020,0
"Atakora","Kouandé","Fô-Tancé",2021,0
"Atakora","Kouandé","Fô-Tancé",2022,0
"Atakora","Kouandé","Fô-Tancé",2023,0
"Atakora","Kouandé","Fô-Tancé",2024,0.507486641407013
"Atakora","Kouandé","Guilmaro",2012,0
"Atakora","Kouandé","Guilmaro",2013,0
"Atakora","Kouandé","Guilmaro",2015,0
"Atakora","Kouandé","Guilmaro",2017,0
"Atakora","Kouandé","Guilmaro",2018,0
"Atakora","Kouandé","Guilmaro",2019,7.61085319519043
"Atakora","Kouandé","Guilmaro",2020,5.48450231552124
"Atakora","Kouandé","Guilmaro",2021,6.59913444519043
"Atakora","Kouandé","Guilmaro",2022,8.08715629577637
"Atakora","Kouandé","Guilmaro",2023,8.97690773010254
"Atakora","Kouandé","Guilmaro",2024,9.6740255355835
"Atakora","Kouandé","Kouandé",2012,6.92943954467773
"Atakora","Kouandé","Kouandé",2013,4.38544702529907
"Atakora","Kouandé","Kouandé",2015,10.3418550491333
"Atakora","Kouandé","Kouandé",2017,11.8344249725342
"Atakora","Kouandé","Kouandé",2018,8.6040096282959
"Atakora","Kouandé","Kouandé",2019,11.9756259918213
"Atakora","Kouandé","Kouandé",2020,13.8600873947144
"Atakora","Kouandé","Kouandé",2021,20.6989574432373
"Atakora","Kouandé","Kouandé",2022,31.1361637115479
"Atakora","Kouandé","Kouandé",2023,36.4181213378906
"Atakora","Kouandé","Kouandé",2024,34.8853187561035
"Atakora","Kouandé","Oroukayo",2012,0.512566566467285
"Atakora","Kouandé","Oroukayo",2013,0
"Atakora","Kouandé","Oroukayo",2015,0
"Atakora","Kouandé","Oroukayo",2017,0.737841427326202
"Atakora","Kouandé","Oroukayo",2018,0
"Atakora","Kouandé","Oroukayo",2019,0
"Atakora","Kouandé","Oroukayo",2020,1.25303387641907
"Atakora","Kouandé","Oroukayo",2021,0
"Atakora","Kouandé","Oroukayo",2022,1.9311056137085
"Atakora","Kouandé","Oroukayo",2023,2.03352618217468
"Atakora","Kouandé","Oroukayo",2024,4.8901538848877
"Atakora","Kérou","Brignamaro",2012,0
"Atakora","Kérou","Brignamaro",2013,0
"Atakora","Kérou","Brignamaro",2015,2.52467346191406
"Atakora","Kérou","Brignamaro",2017,0.511705875396729
"Atakora","Kérou","Brignamaro",2018,0
"Atakora","Kérou","Brignamaro",2019,0
"Atakora","Kérou","Brignamaro",2020,0
"Atakora","Kérou","Brignamaro",2021,0
"Atakora","Kérou","Brignamaro",2022,0.621966183185577
"Atakora","Kérou","Brignamaro",2023,7.02324438095093
"Atakora","Kérou","Brignamaro",2024,5.68342399597168
"Atakora","Kérou","Firou",2012,0
"Atakora","Kérou","Firou",2013,0
"Atakora","Kérou","Firou",2015,0
"Atakora","Kérou","Firou",2017,0
"Atakora","Kérou","Firou",2018,0
"Atakora","Kérou","Firou",2019,0
"Atakora","Kérou","Firou",2020,0
"Atakora","Kérou","Firou",2021,0
"Atakora","Kérou","Firou",2022,0.540104687213898
"Atakora","Kérou","Firou",2023,1.82624673843384
"Atakora","Kérou","Firou",2024,0
"Atakora","Kérou","Koabagou",2012,0
"Atakora","Kérou","Koabagou",2013,0
"Atakora","Kérou","Koabagou",2015,0
"Atakora","Kérou","Koabagou",2017,0
"Atakora","Kérou","Koabagou",2018,0
"Atakora","Kérou","Koabagou",2019,0
"Atakora","Kérou","Koabagou",2020,0
"Atakora","Kérou","Koabagou",2021,0
"Atakora","Kérou","Koabagou",2022,0
"Atakora","Kérou","Koabagou",2023,0
"Atakora","Kérou","Koabagou",2024,0
"Atakora","Kérou","Kérou",2012,21.5362300872803
"Atakora","Kérou","Kérou",2013,15.9700708389282
"Atakora","Kérou","Kérou",2015,24.9561729431152
"Atakora","Kérou","Kérou",2017,19.1556510925293
"Atakora","Kérou","Kérou",2018,20.8925189971924
"Atakora","Kérou","Kérou",2019,45.4389877319336
"Atakora","Kérou","Kérou",2020,47.7974967956543
"Atakora","Kérou","Kérou",2021,38.4517364501953
"Atakora","Kérou","Kérou",2022,66.8824996948242
"Atakora","Kérou","Kérou",2023,85.7155151367188
"Atakora","Kérou","Kérou",2024,81.0338973999023
"Atakora","Matéri","Dassari",2012,2.28022313117981
"Atakora","Matéri","Dassari",2013,6.00095844268799
"Atakora","Matéri","Dassari",2015,8.68606948852539
"Atakora","Matéri","Dassari",2017,0
"Atakora","Matéri","Dassari",2018,0
"Atakora","Matéri","Dassari",2019,0.69272381067276
"Atakora","Matéri","Dassari",2020,1.2042680978775
"Atakora","Matéri","Dassari",2021,0.527882635593414
"Atakora","Matéri","Dassari",2022,0.558175325393677
"Atakora","Matéri","Dassari",2023,1.02511739730835
"Atakora","Matéri","Dassari",2024,1.17767524719238
"Atakora","Matéri","Gouandé",2012,0
"Atakora","Matéri","Gouandé",2013,0
"Atakora","Matéri","Gouandé",2015,9.10115242004395
"Atakora","Matéri","Gouandé",2017,2.01840996742249
"Atakora","Matéri","Gouandé",2018,1.38608741760254
"Atakora","Matéri","Gouandé",2019,0.699171900749207
"Atakora","Matéri","Gouandé",2020,1.33896255493164
"Atakora","Matéri","Gouandé",2021,1.83323979377747
"Atakora","Matéri","Gouandé",2022,2.92415952682495
"Atakora","Matéri","Gouandé",2023,1.64748668670654
"Atakora","Matéri","Gouandé",2024,3.98797726631165
"Atakora","Matéri","Matéri",2012,4.88876485824585
"Atakora","Matéri","Matéri",2013,7.71708250045776
"Atakora","Matéri","Matéri",2015,13.5137815475464
"Atakora","Matéri","Matéri",2017,3.62227630615234
"Atakora","Matéri","Matéri",2018,2.91270065307617
"Atakora","Matéri","Matéri",2019,0.573285818099976
"Atakora","Matéri","Matéri",2020,0.642471671104431
"Atakora","Matéri","Matéri",2021,1.00611543655396
"Atakora","Matéri","Matéri",2022,1.81177294254303
"Atakora","Matéri","Matéri",2023,5.18684673309326
"Atakora","Matéri","Matéri",2024,8.37965679168701
"Atakora","Matéri","Nodi",2012,0
"Atakora","Matéri","Nodi",2013,0
"Atakora","Matéri","Nodi",2015,14.5649909973145
"Atakora","Matéri","Nodi",2017,2.68687582015991
"Atakora","Matéri","Nodi",2018,3.36978387832642
"Atakora","Matéri","Nodi",2019,6.91978788375854
"Atakora","Matéri","Nodi",2020,7.17436695098877
"Atakora","Matéri","Nodi",2021,1.92416083812714
"Atakora","Matéri","Nodi",2022,0
"Atakora","Matéri","Nodi",2023,0
"Atakora","Matéri","Nodi",2024,0
"Atakora","Matéri","Tantéga",2012,0
"Atakora","Matéri","Tantéga",2013,0
"Atakora","Matéri","Tantéga",2015,0.083768866956234
"Atakora","Matéri","Tantéga",2017,3.25491905212402
"Atakora","Matéri","Tantéga",2018,1.94623470306396
"Atakora","Matéri","Tantéga",2019,1.22004985809326
"Atakora","Matéri","Tantéga",2020,2.93813514709473
"Atakora","Matéri","Tantéga",2021,1.86717104911804
"Atakora","Matéri","Tantéga",2022,3.04176473617554
"Atakora","Matéri","Tantéga",2023,3.23185229301453
"Atakora","Matéri","Tantéga",2024,1.97214102745056
"Atakora","Matéri","Tchanhoun-Cossi",2012,0
"Atakora","Matéri","Tchanhoun-Cossi",2013,0
"Atakora","Matéri","Tchanhoun-Cossi",2015,0
"Atakora","Matéri","Tchanhoun-Cossi",2017,0
"Atakora","Matéri","Tchanhoun-Cossi",2018,0.604206800460815
"Atakora","Matéri","Tchanhoun-Cossi",2019,0.00587825197726488
"Atakora","Matéri","Tchanhoun-Cossi",2020,0.145235002040863
"Atakora","Matéri","Tchanhoun-Cossi",2021,0
"Atakora","Matéri","Tchanhoun-Cossi",2022,0
"Atakora","Matéri","Tchanhoun-Cossi",2023,0
"Atakora","Matéri","Tchanhoun-Cossi",2024,0
"Atakora","Natitingou","Kotopounga",2012,0
"Atakora","Natitingou","Kotopounga",2013,0
"Atakora","Natitingou","Kotopounga",2015,0
"Atakora","Natitingou","Kotopounga",2017,0.538669645786285
"Atakora","Natitingou","Kotopounga",2018,0.507866740226746
"Atakora","Natitingou","Kotopounga",2019,0
"Atakora","Natitingou","Kotopounga",2020,0
"Atakora","Natitingou","Kotopounga",2021,0
"Atakora","Natitingou","Kotopounga",2022,0.508974492549896
"Atakora","Natitingou","Kotopounga",2023,3.40973401069641
"Atakora","Natitingou","Kotopounga",2024,0
"Atakora","Natitingou","Kouaba",2012,0
"Atakora","Natitingou","Kouaba",2013,0
"Atakora","Natitingou","Kouaba",2015,0
"Atakora","Natitingou","Kouaba",2017,0
"Atakora","Natitingou","Kouaba",2018,0
"Atakora","Natitingou","Kouaba",2019,0
"Atakora","Natitingou","Kouaba",2020,0
"Atakora","Natitingou","Kouaba",2021,0
"Atakora","Natitingou","Kouaba",2022,0
"Atakora","Natitingou","Kouaba",2023,0
"Atakora","Natitingou","Kouaba",2024,0
"Atakora","Natitingou","Kouandata",2012,0
"Atakora","Natitingou","Kouandata",2013,0
"Atakora","Natitingou","Kouandata",2015,0
"Atakora","Natitingou","Kouandata",2017,0
"Atakora","Natitingou","Kouandata",2018,0
"Atakora","Natitingou","Kouandata",2019,0
"Atakora","Natitingou","Kouandata",2020,0
"Atakora","Natitingou","Kouandata",2021,0
"Atakora","Natitingou","Kouandata",2022,0
"Atakora","Natitingou","Kouandata",2023,0.506008148193359
"Atakora","Natitingou","Kouandata",2024,0.532043159008026
"Atakora","Natitingou","Natitingou I",2012,27.345724105835
"Atakora","Natitingou","Natitingou I",2013,22.4626350402832
"Atakora","Natitingou","Natitingou I",2015,20.7806072235107
"Atakora","Natitingou","Natitingou I",2017,16.244197845459
"Atakora","Natitingou","Natitingou I",2018,21.1704769134521
"Atakora","Natitingou","Natitingou I",2019,16.0296249389648
"Atakora","Natitingou","Natitingou I",2020,16.8303165435791
"Atakora","Natitingou","Natitingou I",2021,45.0565795898438
"Atakora","Natitingou","Natitingou I",2022,50.2410697937012
"Atakora","Natitingou","Natitingou I",2023,49.257926940918
"Atakora","Natitingou","Natitingou I",2024,39.4207038879395
"Atakora","Natitingou","Natitingou II",2012,40.9176864624023
"Atakora","Natitingou","Natitingou II",2013,32.4065170288086
"Atakora","Natitingou","Natitingou II",2015,38.778980255127
"Atakora","Natitingou","Natitingou II",2017,27.5230598449707
"Atakora","Natitingou","Natitingou II",2018,22.622673034668
"Atakora","Natitingou","Natitingou II",2019,19.0378513336182
"Atakora","Natitingou","Natitingou II",2020,31.2293109893799
"Atakora","Natitingou","Natitingou II",2021,101.783874511719
"Atakora","Natitingou","Natitingou II",2022,138.150588989258
"Atakora","Natitingou","Natitingou II",2023,105.322456359863
"Atakora","Natitingou","Natitingou II",2024,75.5478210449219
"Atakora","Natitingou","Natitingou III",2012,196.101119995117
"Atakora","Natitingou","Natitingou III",2013,165.986083984375
"Atakora","Natitingou","Natitingou III",2015,207.324142456055
"Atakora","Natitingou","Natitingou III",2017,136.243240356445
"Atakora","Natitingou","Natitingou III",2018,133.13264465332
"Atakora","Natitingou","Natitingou III",2019,136.973541259766
"Atakora","Natitingou","Natitingou III",2020,142.637359619141
"Atakora","Natitingou","Natitingou III",2021,360.14111328125
"Atakora","Natitingou","Natitingou III",2022,350.800109863281
"Atakora","Natitingou","Natitingou III",2023,325.3125
"Atakora","Natitingou","Natitingou III",2024,296.101440429688
"Atakora","Natitingou","Natitingou IV",2012,0
"Atakora","Natitingou","Natitingou IV",2013,0
"Atakora","Natitingou","Natitingou IV",2015,0
"Atakora","Natitingou","Natitingou IV",2017,0.552095174789429
"Atakora","Natitingou","Natitingou IV",2018,0.0154680078849196
"Atakora","Natitingou","Natitingou IV",2019,0.0110490620136261
"Atakora","Natitingou","Natitingou IV",2020,0
"Atakora","Natitingou","Natitingou IV",2021,0
"Atakora","Natitingou","Natitingou IV",2022,0
"Atakora","Natitingou","Natitingou IV",2023,0.00804852973669767
"Atakora","Natitingou","Natitingou IV",2024,1.89944589138031
"Atakora","Natitingou","Perma",2012,1.63442230224609
"Atakora","Natitingou","Perma",2013,0.559210240840912
"Atakora","Natitingou","Perma",2015,1.1593701839447
"Atakora","Natitingou","Perma",2017,0
"Atakora","Natitingou","Perma",2018,0
"Atakora","Natitingou","Perma",2019,0
"Atakora","Natitingou","Perma",2020,0.619227290153503
"Atakora","Natitingou","Perma",2021,0.580415368080139
"Atakora","Natitingou","Perma",2022,1.96297478675842
"Atakora","Natitingou","Perma",2023,4.52463817596436
"Atakora","Natitingou","Perma",2024,6.78374052047729
"Atakora","Péhunco","Gnémasson",2012,0
"Atakora","Péhunco","Gnémasson",2013,0
"Atakora","Péhunco","Gnémasson",2015,0
"Atakora","Péhunco","Gnémasson",2017,0
"Atakora","Péhunco","Gnémasson",2018,0
"Atakora","Péhunco","Gnémasson",2019,0
"Atakora","Péhunco","Gnémasson",2020,0
"Atakora","Péhunco","Gnémasson",2021,0
"Atakora","Péhunco","Gnémasson",2022,0
"Atakora","Péhunco","Gnémasson",2023,0
"Atakora","Péhunco","Gnémasson",2024,2.5123598575592
"Atakora","Péhunco","Péhunco",2012,25.4145164489746
"Atakora","Péhunco","Péhunco",2013,22.4376983642578
"Atakora","Péhunco","Péhunco",2015,25.1429595947266
"Atakora","Péhunco","Péhunco",2017,28.5169429779053
"Atakora","Péhunco","Péhunco",2018,21.7776145935059
"Atakora","Péhunco","Péhunco",2019,22.8694667816162
"Atakora","Péhunco","Péhunco",2020,21.9029293060303
"Atakora","Péhunco","Péhunco",2021,35.7594833374023
"Atakora","Péhunco","Péhunco",2022,56.4710426330566
"Atakora","Péhunco","Péhunco",2023,72.9604110717773
"Atakora","Péhunco","Péhunco",2024,71.5936431884766
"Atakora","Péhunco","Tobré",2012,0
"Atakora","Péhunco","Tobré",2013,0
"Atakora","Péhunco","Tobré",2015,0
"Atakora","Péhunco","Tobré",2017,0
"Atakora","Péhunco","Tobré",2018,0
"Atakora","Péhunco","Tobré",2019,0
"Atakora","Péhunco","Tobré",2020,0
"Atakora","Péhunco","Tobré",2021,0
"Atakora","Péhunco","Tobré",2022,1.30748987197876
"Atakora","Péhunco","Tobré",2023,1.74154043197632
"Atakora","Péhunco","Tobré",2024,0.516851544380188
"Atakora","Tanguiéta","Cotiakou",2012,0
"Atakora","Tanguiéta","Cotiakou",2013,0
"Atakora","Tanguiéta","Cotiakou",2015,0
"Atakora","Tanguiéta","Cotiakou",2017,0
"Atakora","Tanguiéta","Cotiakou",2018,0
"Atakora","Tanguiéta","Cotiakou",2019,0.603006839752197
"Atakora","Tanguiéta","Cotiakou",2020,0
"Atakora","Tanguiéta","Cotiakou",2021,0
"Atakora","Tanguiéta","Cotiakou",2022,0
"Atakora","Tanguiéta","Cotiakou",2023,0
"Atakora","Tanguiéta","Cotiakou",2024,0.00366066070273519
"Atakora","Tanguiéta","N'dahonta",2012,0
"Atakora","Tanguiéta","N'dahonta",2013,0
"Atakora","Tanguiéta","N'dahonta",2015,1.13790059089661
"Atakora","Tanguiéta","N'dahonta",2017,0
"Atakora","Tanguiéta","N'dahonta",2018,0
"Atakora","Tanguiéta","N'dahonta",2019,0
"Atakora","Tanguiéta","N'dahonta",2020,0
"Atakora","Tanguiéta","N'dahonta",2021,0
"Atakora","Tanguiéta","N'dahonta",2022,0
"Atakora","Tanguiéta","N'dahonta",2023,0
"Atakora","Tanguiéta","N'dahonta",2024,0
"Atakora","Tanguiéta","Taiakou",2012,0
"Atakora","Tanguiéta","Taiakou",2013,0
"Atakora","Tanguiéta","Taiakou",2015,0
"Atakora","Tanguiéta","Taiakou",2017,0
"Atakora","Tanguiéta","Taiakou",2018,0
"Atakora","Tanguiéta","Taiakou",2019,0
"Atakora","Tanguiéta","Taiakou",2020,0
"Atakora","Tanguiéta","Taiakou",2021,0
"Atakora","Tanguiéta","Taiakou",2022,0
"Atakora","Tanguiéta","Taiakou",2023,0
"Atakora","Tanguiéta","Taiakou",2024,0
"Atakora","Tanguiéta","Tanguiéta",2012,31.3670520782471
"Atakora","Tanguiéta","Tanguiéta",2013,41.8052673339844
"Atakora","Tanguiéta","Tanguiéta",2015,64.7096862792969
"Atakora","Tanguiéta","Tanguiéta",2017,42.2320442199707
"Atakora","Tanguiéta","Tanguiéta",2018,38.1916465759277
"Atakora","Tanguiéta","Tanguiéta",2019,38.0490570068359
"Atakora","Tanguiéta","Tanguiéta",2020,41.6448173522949
"Atakora","Tanguiéta","Tanguiéta",2021,54.5426177978516
"Atakora","Tanguiéta","Tanguiéta",2022,65.3176727294922
"Atakora","Tanguiéta","Tanguiéta",2023,77.5808868408203
"Atakora","Tanguiéta","Tanguiéta",2024,103.212890625
"Atakora","Tanguiéta","Tanongou",2012,0
"Atakora","Tanguiéta","Tanongou",2013,0
"Atakora","Tanguiéta","Tanongou",2015,0
"Atakora","Tanguiéta","Tanongou",2017,0
"Atakora","Tanguiéta","Tanongou",2018,2.7865047454834
"Atakora","Tanguiéta","Tanongou",2019,4.5226936340332
"Atakora","Tanguiéta","Tanongou",2020,1.58888447284698
"Atakora","Tanguiéta","Tanongou",2021,2.22123885154724
"Atakora","Tanguiéta","Tanongou",2022,0.666138648986816
"Atakora","Tanguiéta","Tanongou",2023,0
"Atakora","Tanguiéta","Tanongou",2024,1.8004322052002
"Atakora","Toucountouna","Kouarfa",2012,0
"Atakora","Toucountouna","Kouarfa",2013,0
"Atakora","Toucountouna","Kouarfa",2015,0
"Atakora","Toucountouna","Kouarfa",2017,0
"Atakora","Toucountouna","Kouarfa",2018,0
"Atakora","Toucountouna","Kouarfa",2019,0
"Atakora","Toucountouna","Kouarfa",2020,0
"Atakora","Toucountouna","Kouarfa",2021,0
"Atakora","Toucountouna","Kouarfa",2022,0
"Atakora","Toucountouna","Kouarfa",2023,0
"Atakora","Toucountouna","Kouarfa",2024,0
"Atakora","Toucountouna","Tampégré",2012,0
"Atakora","Toucountouna","Tampégré",2013,0
"Atakora","Toucountouna","Tampégré",2015,0
"Atakora","Toucountouna","Tampégré",2017,0
"Atakora","Toucountouna","Tampégré",2018,1.23485541343689
"Atakora","Toucountouna","Tampégré",2019,2.61227321624756
"Atakora","Toucountouna","Tampégré",2020,1.36674523353577
"Atakora","Toucountouna","Tampégré",2021,0
"Atakora","Toucountouna","Tampégré",2022,0
"Atakora","Toucountouna","Tampégré",2023,0
"Atakora","Toucountouna","Tampégré",2024,0
"Atakora","Toucountouna","Toucoutouna",2012,1.22435450553894
"Atakora","Toucountouna","Toucoutouna",2013,1.15060472488403
"Atakora","Toucountouna","Toucoutouna",2015,2.62442684173584
"Atakora","Toucountouna","Toucoutouna",2017,4.93618488311768
"Atakora","Toucountouna","Toucoutouna",2018,5.95990943908691
"Atakora","Toucountouna","Toucoutouna",2019,4.77680349349976
"Atakora","Toucountouna","Toucoutouna",2020,3.85808920860291
"Atakora","Toucountouna","Toucoutouna",2021,3.78192043304443
"Atakora","Toucountouna","Toucoutouna",2022,3.81744599342346
"Atakora","Toucountouna","Toucoutouna",2023,5.4599723815918
"Atakora","Toucountouna","Toucoutouna",2024,12.8106517791748
"Atlantique","Abomey-Calavi","Akassato",2012,243.6611328125
"Atlantique","Abomey-Calavi","Akassato",2013,276.786529541016
"Atlantique","Abomey-Calavi","Akassato",2015,355.659240722656
"Atlantique","Abomey-Calavi","Akassato",2017,358.816345214844
"Atlantique","Abomey-Calavi","Akassato",2018,498.294738769531
"Atlantique","Abomey-Calavi","Akassato",2019,589.725830078125
"Atlantique","Abomey-Calavi","Akassato",2020,682.393493652344
"Atlantique","Abomey-Calavi","Akassato",2021,883.232849121094
"Atlantique","Abomey-Calavi","Akassato",2022,1105.73059082031
"Atlantique","Abomey-Calavi","Akassato",2023,1155.71606445312
"Atlantique","Abomey-Calavi","Akassato",2024,1406.78442382812
"Atlantique","Abomey-Calavi","Calavi",2012,926.604736328125
"Atlantique","Abomey-Calavi","Calavi",2013,899.012756347656
"Atlantique","Abomey-Calavi","Calavi",2015,983.472106933594
"Atlantique","Abomey-Calavi","Calavi",2017,1085.48657226562
"Atlantique","Abomey-Calavi","Calavi",2018,1215.46960449219
"Atlantique","Abomey-Calavi","Calavi",2019,1327.46154785156
"Atlantique","Abomey-Calavi","Calavi",2020,1429.38024902344
"Atlantique","Abomey-Calavi","Calavi",2021,1845.966796875
"Atlantique","Abomey-Calavi","Calavi",2022,2124.5830078125
"Atlantique","Abomey-Calavi","Calavi",2023,2180.64379882812
"Atlantique","Abomey-Calavi","Calavi",2024,2254.60888671875
"Atlantique","Abomey-Calavi","Godomey",2012,1471.18334960938
"Atlantique","Abomey-Calavi","Godomey",2013,1400.06188964844
"Atlantique","Abomey-Calavi","Godomey",2015,1549.92468261719
"Atlantique","Abomey-Calavi","Godomey",2017,1801.77221679688
"Atlantique","Abomey-Calavi","Godomey",2018,1978.92150878906
"Atlantique","Abomey-Calavi","Godomey",2019,2186.255859375
"Atlantique","Abomey-Calavi","Godomey",2020,2468.09301757812
"Atlantique","Abomey-Calavi","Godomey",2021,3197.9140625
"Atlantique","Abomey-Calavi","Godomey",2022,3462.3916015625
"Atlantique","Abomey-Calavi","Godomey",2023,3427.78051757812
"Atlantique","Abomey-Calavi","Godomey",2024,3610.68237304688
"Atlantique","Abomey-Calavi","Golo-Djigbé",2012,15.839674949646
"Atlantique","Abomey-Calavi","Golo-Djigbé",2013,18.1654815673828
"Atlantique","Abomey-Calavi","Golo-Djigbé",2015,32.2960472106934
"Atlantique","Abomey-Calavi","Golo-Djigbé",2017,35.553035736084
"Atlantique","Abomey-Calavi","Golo-Djigbé",2018,39.8640403747559
"Atlantique","Abomey-Calavi","Golo-Djigbé",2019,46.8552169799805
"Atlantique","Abomey-Calavi","Golo-Djigbé",2020,87.3368072509766
"Atlantique","Abomey-Calavi","Golo-Djigbé",2021,179.452255249023
"Atlantique","Abomey-Calavi","Golo-Djigbé",2022,278.7998046875
"Atlantique","Abomey-Calavi","Golo-Djigbé",2023,306.593414306641
"Atlantique","Abomey-Calavi","Golo-Djigbé",2024,424.146728515625
"Atlantique","Abomey-Calavi","Hévié",2012,118.03458404541
"Atlantique","Abomey-Calavi","Hévié",2013,132.498657226562
"Atlantique","Abomey-Calavi","Hévié",2015,186.403366088867
"Atlantique","Abomey-Calavi","Hévié",2017,219.215530395508
"Atlantique","Abomey-Calavi","Hévié",2018,223.087844848633
"Atlantique","Abomey-Calavi","Hévié",2019,249.496810913086
"Atlantique","Abomey-Calavi","Hévié",2020,326.020324707031
"Atlantique","Abomey-Calavi","Hévié",2021,407.10009765625
"Atlantique","Abomey-Calavi","Hévié",2022,496.105194091797
"Atlantique","Abomey-Calavi","Hévié",2023,524.185485839844
"Atlantique","Abomey-Calavi","Hévié",2024,620.5537109375
"Atlantique","Abomey-Calavi","Kpanroun",2012,11.1918983459473
"Atlantique","Abomey-Calavi","Kpanroun",2013,8.33686828613281
"Atlantique","Abomey-Calavi","Kpanroun",2015,0.923677206039429
"Atlantique","Abomey-Calavi","Kpanroun",2017,5.25409603118896
"Atlantique","Abomey-Calavi","Kpanroun",2018,4.64082813262939
"Atlantique","Abomey-Calavi","Kpanroun",2019,2.8578097820282
"Atlantique","Abomey-Calavi","Kpanroun",2020,1.17309212684631
"Atlantique","Abomey-Calavi","Kpanroun",2021,2.35720300674438
"Atlantique","Abomey-Calavi","Kpanroun",2022,2.85031986236572
"Atlantique","Abomey-Calavi","Kpanroun",2023,4.55743455886841
"Atlantique","Abomey-Calavi","Kpanroun",2024,43.1575546264648
"Atlantique","Abomey-Calavi","Ouédo",2012,23.6526489257812
"Atlantique","Abomey-Calavi","Ouédo",2013,26.8580932617188
"Atlantique","Abomey-Calavi","Ouédo",2015,58.1497001647949
"Atlantique","Abomey-Calavi","Ouédo",2017,84.5052337646484
"Atlantique","Abomey-Calavi","Ouédo",2018,72.8494033813477
"Atlantique","Abomey-Calavi","Ouédo",2019,96.7452774047852
"Atlantique","Abomey-Calavi","Ouédo",2020,154.544906616211
"Atlantique","Abomey-Calavi","Ouédo",2021,205.213409423828
"Atlantique","Abomey-Calavi","Ouédo",2022,289.266937255859
"Atlantique","Abomey-Calavi","Ouédo",2023,304.785064697266
"Atlantique","Abomey-Calavi","Ouédo",2024,390.525695800781
"Atlantique","Abomey-Calavi","Togba",2012,117.776344299316
"Atlantique","Abomey-Calavi","Togba",2013,115.434692382812
"Atlantique","Abomey-Calavi","Togba",2015,213.378524780273
"Atlantique","Abomey-Calavi","Togba",2017,268.584625244141
"Atlantique","Abomey-Calavi","Togba",2018,276.849670410156
"Atlantique","Abomey-Calavi","Togba",2019,355.88037109375
"Atlantique","Abomey-Calavi","Togba",2020,471.300170898438
"Atlantique","Abomey-Calavi","Togba",2021,638.694213867188
"Atlantique","Abomey-Calavi","Togba",2022,783.50048828125
"Atlantique","Abomey-Calavi","Togba",2023,830.490478515625
"Atlantique","Abomey-Calavi","Togba",2024,988.958557128906
"Atlantique","Abomey-Calavi","Zinvié",2012,1.32054817676544
"Atlantique","Abomey-Calavi","Zinvié",2013,0
"Atlantique","Abomey-Calavi","Zinvié",2015,1.12873768806458
"Atlantique","Abomey-Calavi","Zinvié",2017,8.26751899719238
"Atlantique","Abomey-Calavi","Zinvié",2018,6.23009824752808
"Atlantique","Abomey-Calavi","Zinvié",2019,2.5458869934082
"Atlantique","Abomey-Calavi","Zinvié",2020,11.3172492980957
"Atlantique","Abomey-Calavi","Zinvié",2021,26.7861270904541
"Atlantique","Abomey-Calavi","Zinvié",2022,66.0072784423828
"Atlantique","Abomey-Calavi","Zinvié",2023,75.2095489501953
"Atlantique","Abomey-Calavi","Zinvié",2024,134.81135559082
"Atlantique","Allada","Agbanou",2012,12.862325668335
"Atlantique","Allada","Agbanou",2013,3.76624155044556
"Atlantique","Allada","Agbanou",2015,0.221475601196289
"Atlantique","Allada","Agbanou",2017,11.0415477752686
"Atlantique","Allada","Agbanou",2018,30.2738742828369
"Atlantique","Allada","Agbanou",2019,58.1515998840332
"Atlantique","Allada","Agbanou",2020,88.6527404785156
"Atlantique","Allada","Agbanou",2021,120.502258300781
"Atlantique","Allada","Agbanou",2022,124.671806335449
"Atlantique","Allada","Agbanou",2023,100.824363708496
"Atlantique","Allada","Agbanou",2024,100.758392333984
"Atlantique","Allada","Ahouanonzou",2012,0
"Atlantique","Allada","Ahouanonzou",2013,2.49134564399719
"Atlantique","Allada","Ahouanonzou",2015,2.4059431552887
"Atlantique","Allada","Ahouanonzou",2017,2.94921016693115
"Atlantique","Allada","Ahouanonzou",2018,2.77285718917847
"Atlantique","Allada","Ahouanonzou",2019,12.4944286346436
"Atlantique","Allada","Ahouanonzou",2020,11.8844861984253
"Atlantique","Allada","Ahouanonzou",2021,5.26477575302124
"Atlantique","Allada","Ahouanonzou",2022,36.9619750976562
"Atlantique","Allada","Ahouanonzou",2023,49.0828819274902
"Atlantique","Allada","Ahouanonzou",2024,75.3509902954102
"Atlantique","Allada","Allada",2012,35.6018257141113
"Atlantique","Allada","Allada",2013,38.1715469360352
"Atlantique","Allada","Allada",2015,43.4995536804199
"Atlantique","Allada","Allada",2017,42.0677337646484
"Atlantique","Allada","Allada",2018,50.5093650817871
"Atlantique","Allada","Allada",2019,68.3258743286133
"Atlantique","Allada","Allada",2020,87.4982833862305
"Atlantique","Allada","Allada",2021,82.8807678222656
"Atlantique","Allada","Allada",2022,119.565994262695
"Atlantique","Allada","Allada",2023,134.275817871094
"Atlantique","Allada","Allada",2024,229.7890625
"Atlantique","Allada","Atogon",2012,1.86220407485962
"Atlantique","Allada","Atogon",2013,0.572366535663605
"Atlantique","Allada","Atogon",2015,2.75997805595398
"Atlantique","Allada","Atogon",2017,5.58784961700439
"Atlantique","Allada","Atogon",2018,4.81868124008179
"Atlantique","Allada","Atogon",2019,7.22655630111694
"Atlantique","Allada","Atogon",2020,8.05520153045654
"Atlantique","Allada","Atogon",2021,6.78306674957275
"Atlantique","Allada","Atogon",2022,20.5294151306152
"Atlantique","Allada","Atogon",2023,20.8640995025635
"Atlantique","Allada","Atogon",2024,35.7859306335449
"Atlantique","Allada","Avakpa",2012,0
"Atlantique","Allada","Avakpa",2013,1.25394678115845
"Atlantique","Allada","Avakpa",2015,0
"Atlantique","Allada","Avakpa",2017,0
"Atlantique","Allada","Avakpa",2018,0
"Atlantique","Allada","Avakpa",2019,0.545737862586975
"Atlantique","Allada","Avakpa",2020,1.80684149265289
"Atlantique","Allada","Avakpa",2021,0.983996391296387
"Atlantique","Allada","Avakpa",2022,2.16706228256226
"Atlantique","Allada","Avakpa",2023,2.21159172058105
"Atlantique","Allada","Avakpa",2024,5.00663566589355
"Atlantique","Allada","Ayou",2012,0
"Atlantique","Allada","Ayou",2013,0
"Atlantique","Allada","Ayou",2015,3.87590956687927
"Atlantique","Allada","Ayou",2017,0.295878976583481
"Atlantique","Allada","Ayou",2018,1.19635081291199
"Atlantique","Allada","Ayou",2019,1.88793098926544
"Atlantique","Allada","Ayou",2020,3.35677480697632
"Atlantique","Allada","Ayou",2021,7.39564085006714
"Atlantique","Allada","Ayou",2022,22.3845691680908
"Atlantique","Allada","Ayou",2023,18.4675559997559
"Atlantique","Allada","Ayou",2024,41.4263916015625
"Atlantique","Allada","Hinvi",2012,9.29317092895508
"Atlantique","Allada","Hinvi",2013,0
"Atlantique","Allada","Hinvi",2015,4.90118885040283
"Atlantique","Allada","Hinvi",2017,0.777854025363922
"Atlantique","Allada","Hinvi",2018,1.94363868236542
"Atlantique","Allada","Hinvi",2019,1.10131072998047
"Atlantique","Allada","Hinvi",2020,3.89090323448181
"Atlantique","Allada","Hinvi",2021,7.00675010681152
"Atlantique","Allada","Hinvi",2022,12.5230360031128
"Atlantique","Allada","Hinvi",2023,10.9259281158447
"Atlantique","Allada","Hinvi",2024,18.6012420654297
"Atlantique","Allada","Lissegan",2012,0
"Atlantique","Allada","Lissegan",2013,0
"Atlantique","Allada","Lissegan",2015,0.105103366076946
"Atlantique","Allada","Lissegan",2017,0
"Atlantique","Allada","Lissegan",2018,0
"Atlantique","Allada","Lissegan",2019,0
"Atlantique","Allada","Lissegan",2020,0.597698748111725
"Atlantique","Allada","Lissegan",2021,1.2655109167099
"Atlantique","Allada","Lissegan",2022,11.2441539764404
"Atlantique","Allada","Lissegan",2023,18.1326351165771
"Atlantique","Allada","Lissegan",2024,51.4420394897461
"Atlantique","Allada","Lon agame",2012,0
"Atlantique","Allada","Lon agame",2013,0
"Atlantique","Allada","Lon agame",2015,0
"Atlantique","Allada","Lon agame",2017,0
"Atlantique","Allada","Lon agame",2018,0
"Atlantique","Allada","Lon agame",2019,0
"Atlantique","Allada","Lon agame",2020,0
"Atlantique","Allada","Lon agame",2021,0
"Atlantique","Allada","Lon agame",2022,0
"Atlantique","Allada","Lon agame",2023,0
"Atlantique","Allada","Lon agame",2024,0
"Atlantique","Allada","Sékou",2012,12.1686124801636
"Atlantique","Allada","Sékou",2013,14.2855472564697
"Atlantique","Allada","Sékou",2015,19.1136322021484
"Atlantique","Allada","Sékou",2017,12.8754453659058
"Atlantique","Allada","Sékou",2018,12.1492004394531
"Atlantique","Allada","Sékou",2019,13.7804374694824
"Atlantique","Allada","Sékou",2020,30.5173530578613
"Atlantique","Allada","Sékou",2021,15.9402103424072
"Atlantique","Allada","Sékou",2022,61.6635971069336
"Atlantique","Allada","Sékou",2023,99.3732681274414
"Atlantique","Allada","Sékou",2024,165.911804199219
"Atlantique","Allada","Togoudo",2012,4.8107328414917
"Atlantique","Allada","Togoudo",2013,6.91999578475952
"Atlantique","Allada","Togoudo",2015,49.3813781738281
"Atlantique","Allada","Togoudo",2017,6.75693464279175
"Atlantique","Allada","Togoudo",2018,12.2902088165283
"Atlantique","Allada","Togoudo",2019,11.7518177032471
"Atlantique","Allada","Togoudo",2020,23.0227108001709
"Atlantique","Allada","Togoudo",2021,29.8029403686523
"Atlantique","Allada","Togoudo",2022,57.051139831543
"Atlantique","Allada","Togoudo",2023,51.9320335388184
"Atlantique","Allada","Togoudo",2024,109.520706176758
"Atlantique","Allada","Tokpa-ava",2012,0
"Atlantique","Allada","Tokpa-ava",2013,0.171885177493095
"Atlantique","Allada","Tokpa-ava",2015,0
"Atlantique","Allada","Tokpa-ava",2017,0
"Atlantique","Allada","Tokpa-ava",2018,0
"Atlantique","Allada","Tokpa-ava",2019,0.00954465195536613
"Atlantique","Allada","Tokpa-ava",2020,0.733854651451111
"Atlantique","Allada","Tokpa-ava",2021,0.152526959776878
"Atlantique","Allada","Tokpa-ava",2022,0.1700718998909
"Atlantique","Allada","Tokpa-ava",2023,1.31658208370209
"Atlantique","Allada","Tokpa-ava",2024,5.51013278961182
"Atlantique","Kpomassè","Aganmalomé",2012,0
"Atlantique","Kpomassè","Aganmalomé",2013,0
"Atlantique","Kpomassè","Aganmalomé",2015,0
"Atlantique","Kpomassè","Aganmalomé",2017,0
"Atlantique","Kpomassè","Aganmalomé",2018,0
"Atlantique","Kpomassè","Aganmalomé",2019,0
"Atlantique","Kpomassè","Aganmalomé",2020,0
"Atlantique","Kpomassè","Aganmalomé",2021,0
"Atlantique","Kpomassè","Aganmalomé",2022,3.11941337585449
"Atlantique","Kpomassè","Aganmalomé",2023,1.8735853433609
"Atlantique","Kpomassè","Aganmalomé",2024,2.6211040019989
"Atlantique","Kpomassè","Agbanto",2012,0.547704756259918
"Atlantique","Kpomassè","Agbanto",2013,0
"Atlantique","Kpomassè","Agbanto",2015,1.87251818180084
"Atlantique","Kpomassè","Agbanto",2017,1.46167182922363
"Atlantique","Kpomassè","Agbanto",2018,4.40561962127686
"Atlantique","Kpomassè","Agbanto",2019,5.16582155227661
"Atlantique","Kpomassè","Agbanto",2020,2.05100297927856
"Atlantique","Kpomassè","Agbanto",2021,3.51067996025085
"Atlantique","Kpomassè","Agbanto",2022,13.0395240783691
"Atlantique","Kpomassè","Agbanto",2023,12.1719923019409
"Atlantique","Kpomassè","Agbanto",2024,26.4949264526367
"Atlantique","Kpomassè","Agonkanmè",2012,51.269947052002
"Atlantique","Kpomassè","Agonkanmè",2013,48.7270393371582
"Atlantique","Kpomassè","Agonkanmè",2015,56.8694610595703
"Atlantique","Kpomassè","Agonkanmè",2017,48.4091339111328
"Atlantique","Kpomassè","Agonkanmè",2018,81.6493759155273
"Atlantique","Kpomassè","Agonkanmè",2019,88.7338485717773
"Atlantique","Kpomassè","Agonkanmè",2020,88.1178817749023
"Atlantique","Kpomassè","Agonkanmè",2021,101.023590087891
"Atlantique","Kpomassè","Agonkanmè",2022,119.194053649902
"Atlantique","Kpomassè","Agonkanmè",2023,107.233894348145
"Atlantique","Kpomassè","Agonkanmè",2024,144.582061767578
"Atlantique","Kpomassè","Dedomè",2012,0
"Atlantique","Kpomassè","Dedomè",2013,0
"Atlantique","Kpomassè","Dedomè",2015,0
"Atlantique","Kpomassè","Dedomè",2017,0
"Atlantique","Kpomassè","Dedomè",2018,0
"Atlantique","Kpomassè","Dedomè",2019,0.512160301208496
"Atlantique","Kpomassè","Dedomè",2020,0
"Atlantique","Kpomassè","Dedomè",2021,0
"Atlantique","Kpomassè","Dedomè",2022,0.514873027801514
"Atlantique","Kpomassè","Dedomè",2023,0
"Atlantique","Kpomassè","Dedomè",2024,3.32545447349548
"Atlantique","Kpomassè","Dekanmè",2012,2.9119291305542
"Atlantique","Kpomassè","Dekanmè",2013,1.56659066677094
"Atlantique","Kpomassè","Dekanmè",2015,1.62315607070923
"Atlantique","Kpomassè","Dekanmè",2017,2.64718174934387
"Atlantique","Kpomassè","Dekanmè",2018,3.15636682510376
"Atlantique","Kpomassè","Dekanmè",2019,3.42074728012085
"Atlantique","Kpomassè","Dekanmè",2020,3.59035205841064
"Atlantique","Kpomassè","Dekanmè",2021,4.79668951034546
"Atlantique","Kpomassè","Dekanmè",2022,8.68743133544922
"Atlantique","Kpomassè","Dekanmè",2023,3.25070190429688
"Atlantique","Kpomassè","Dekanmè",2024,18.2340278625488
"Atlantique","Kpomassè","Kpomassè",2012,5.97982025146484
"Atlantique","Kpomassè","Kpomassè",2013,4.34721660614014
"Atlantique","Kpomassè","Kpomassè",2015,4.48925256729126
"Atlantique","Kpomassè","Kpomassè",2017,2.72340989112854
"Atlantique","Kpomassè","Kpomassè",2018,3.00968956947327
"Atlantique","Kpomassè","Kpomassè",2019,3.69814014434814
"Atlantique","Kpomassè","Kpomassè",2020,7.39188051223755
"Atlantique","Kpomassè","Kpomassè",2021,22.0241889953613
"Atlantique","Kpomassè","Kpomassè",2022,34.9505996704102
"Atlantique","Kpomassè","Kpomassè",2023,30.5047607421875
"Atlantique","Kpomassè","Kpomassè",2024,51.2279167175293
"Atlantique","Kpomassè","Ségbeya",2012,0
"Atlantique","Kpomassè","Ségbeya",2013,0
"Atlantique","Kpomassè","Ségbeya",2015,0
"Atlantique","Kpomassè","Ségbeya",2017,0
"Atlantique","Kpomassè","Ségbeya",2018,0
"Atlantique","Kpomassè","Ségbeya",2019,0
"Atlantique","Kpomassè","Ségbeya",2020,0
"Atlantique","Kpomassè","Ségbeya",2021,0
"Atlantique","Kpomassè","Ségbeya",2022,0.890622794628143
"Atlantique","Kpomassè","Ségbeya",2023,1.02802419662476
"Atlantique","Kpomassè","Ségbeya",2024,2.30452013015747
"Atlantique","Kpomassè","Ségbohoué",2012,0
"Atlantique","Kpomassè","Ségbohoué",2013,0.156926825642586
"Atlantique","Kpomassè","Ségbohoué",2015,1.06073820590973
"Atlantique","Kpomassè","Ségbohoué",2017,0.171972781419754
"Atlantique","Kpomassè","Ségbohoué",2018,0.441133618354797
"Atlantique","Kpomassè","Ségbohoué",2019,1.58924758434296
"Atlantique","Kpomassè","Ségbohoué",2020,0.550703406333923
"Atlantique","Kpomassè","Ségbohoué",2021,1.72196590900421
"Atlantique","Kpomassè","Ségbohoué",2022,2.49079585075378
"Atlantique","Kpomassè","Ségbohoué",2023,6.37042331695557
"Atlantique","Kpomassè","Ségbohoué",2024,17.8803539276123
"Atlantique","Kpomassè","Tokpa Domé",2012,0
"Atlantique","Kpomassè","Tokpa Domé",2013,0.519116044044495
"Atlantique","Kpomassè","Tokpa Domé",2015,1.06019997596741
"Atlantique","Kpomassè","Tokpa Domé",2017,0
"Atlantique","Kpomassè","Tokpa Domé",2018,0
"Atlantique","Kpomassè","Tokpa Domé",2019,0
"Atlantique","Kpomassè","Tokpa Domé",2020,2.73444032669067
"Atlantique","Kpomassè","Tokpa Domé",2021,3.40519094467163
"Atlantique","Kpomassè","Tokpa Domé",2022,10.3174800872803
"Atlantique","Kpomassè","Tokpa Domé",2023,10.7165126800537
"Atlantique","Kpomassè","Tokpa Domé",2024,28.5300979614258
"Atlantique","Ouidah","Arrondissement I",2012,10.7291679382324
"Atlantique","Ouidah","Arrondissement I",2013,10.9836378097534
"Atlantique","Ouidah","Arrondissement I",2015,15.4314441680908
"Atlantique","Ouidah","Arrondissement I",2017,11.7543954849243
"Atlantique","Ouidah","Arrondissement I",2018,14.671799659729
"Atlantique","Ouidah","Arrondissement I",2019,13.8139505386353
"Atlantique","Ouidah","Arrondissement I",2020,14.5251884460449
"Atlantique","Ouidah","Arrondissement I",2021,17.5080127716064
"Atlantique","Ouidah","Arrondissement I",2022,21.2149753570557
"Atlantique","Ouidah","Arrondissement I",2023,22.0384426116943
"Atlantique","Ouidah","Arrondissement I",2024,34.9123764038086
"Atlantique","Ouidah","Arrondissement II",2012,35.5959129333496
"Atlantique","Ouidah","Arrondissement II",2013,36.6851997375488
"Atlantique","Ouidah","Arrondissement II",2015,38.9524879455566
"Atlantique","Ouidah","Arrondissement II",2017,35.3064880371094
"Atlantique","Ouidah","Arrondissement II",2018,49.9551582336426
"Atlantique","Ouidah","Arrondissement II",2019,50.81640625
"Atlantique","Ouidah","Arrondissement II",2020,56.5422821044922
"Atlantique","Ouidah","Arrondissement II",2021,55.9048194885254
"Atlantique","Ouidah","Arrondissement II",2022,66.4919204711914
"Atlantique","Ouidah","Arrondissement II",2023,64.2200241088867
"Atlantique","Ouidah","Arrondissement II",2024,70.8646087646484
"Atlantique","Ouidah","Arrondissement III",2012,45.2582550048828
"Atlantique","Ouidah","Arrondissement III",2013,46.4845771789551
"Atlantique","Ouidah","Arrondissement III",2015,47.0663299560547
"Atlantique","Ouidah","Arrondissement III",2017,40.1199073791504
"Atlantique","Ouidah","Arrondissement III",2018,61.9652671813965
"Atlantique","Ouidah","Arrondissement III",2019,60.7486114501953
"Atlantique","Ouidah","Arrondissement III",2020,64.9315490722656
"Atlantique","Ouidah","Arrondissement III",2021,67.3023300170898
"Atlantique","Ouidah","Arrondissement III",2022,83.7062377929688
"Atlantique","Ouidah","Arrondissement III",2023,81.1480941772461
"Atlantique","Ouidah","Arrondissement III",2024,106.37606048584
"Atlantique","Ouidah","Arrondissement IV",2012,17.4070892333984
"Atlantique","Ouidah","Arrondissement IV",2013,21.0071449279785
"Atlantique","Ouidah","Arrondissement IV",2015,19.723014831543
"Atlantique","Ouidah","Arrondissement IV",2017,20.4103374481201
"Atlantique","Ouidah","Arrondissement IV",2018,43.6472702026367
"Atlantique","Ouidah","Arrondissement IV",2019,46.7317657470703
"Atlantique","Ouidah","Arrondissement IV",2020,43.8656005859375
"Atlantique","Ouidah","Arrondissement IV",2021,51.553638458252
"Atlantique","Ouidah","Arrondissement IV",2022,57.6330261230469
"Atlantique","Ouidah","Arrondissement IV",2023,57.0592842102051
"Atlantique","Ouidah","Arrondissement IV",2024,59.7748985290527
"Atlantique","Ouidah","Avlékété",2012,0.0838182494044304
"Atlantique","Ouidah","Avlékété",2013,0.0931581929326057
"Atlantique","Ouidah","Avlékété",2015,0.277167409658432
"Atlantique","Ouidah","Avlékété",2017,1.44185268878937
"Atlantique","Ouidah","Avlékété",2018,0.452168792486191
"Atlantique","Ouidah","Avlékété",2019,2.60964775085449
"Atlantique","Ouidah","Avlékété",2020,7.27817869186401
"Atlantique","Ouidah","Avlékété",2021,19.744499206543
"Atlantique","Ouidah","Avlékété",2022,38.8254013061523
"Atlantique","Ouidah","Avlékété",2023,36.6590385437012
"Atlantique","Ouidah","Avlékété",2024,79.0530700683594
"Atlantique","Ouidah","Djégbadji",2012,1.78862285614014
"Atlantique","Ouidah","Djégbadji",2013,0.594520270824432
"Atlantique","Ouidah","Djégbadji",2015,1.94903481006622
"Atlantique","Ouidah","Djégbadji",2017,2.41823673248291
"Atlantique","Ouidah","Djégbadji",2018,2.47119402885437
"Atlantique","Ouidah","Djégbadji",2019,4.81548833847046
"Atlantique","Ouidah","Djégbadji",2020,1.55028903484344
"Atlantique","Ouidah","Djégbadji",2021,1.71009314060211
"Atlantique","Ouidah","Djégbadji",2022,7.51598787307739
"Atlantique","Ouidah","Djégbadji",2023,12.8274421691895
"Atlantique","Ouidah","Djégbadji",2024,31.2219753265381
"Atlantique","Ouidah","Gakpè",2012,0.630508542060852
"Atlantique","Ouidah","Gakpè",2013,0.538706958293915
"Atlantique","Ouidah","Gakpè",2015,3.21859979629517
"Atlantique","Ouidah","Gakpè",2017,7.26944494247437
"Atlantique","Ouidah","Gakpè",2018,14.9674263000488
"Atlantique","Ouidah","Gakpè",2019,15.7280073165894
"Atlantique","Ouidah","Gakpè",2020,20.0976314544678
"Atlantique","Ouidah","Gakpè",2021,20.0121555328369
"Atlantique","Ouidah","Gakpè",2022,52.8532257080078
"Atlantique","Ouidah","Gakpè",2023,39.7900428771973
"Atlantique","Ouidah","Gakpè",2024,118.765830993652
"Atlantique","Ouidah","Ouakpé-Daho",2012,0.456556618213654
"Atlantique","Ouidah","Ouakpé-Daho",2013,0.199158295989037
"Atlantique","Ouidah","Ouakpé-Daho",2015,0.582290828227997
"Atlantique","Ouidah","Ouakpé-Daho",2017,1.2329249382019
"Atlantique","Ouidah","Ouakpé-Daho",2018,1.2026332616806
"Atlantique","Ouidah","Ouakpé-Daho",2019,0.645367741584778
"Atlantique","Ouidah","Ouakpé-Daho",2020,0.175088062882423
"Atlantique","Ouidah","Ouakpé-Daho",2021,0.977196574211121
"Atlantique","Ouidah","Ouakpé-Daho",2022,1.067995429039
"Atlantique","Ouidah","Ouakpé-Daho",2023,0.757464826107025
"Atlantique","Ouidah","Ouakpé-Daho",2024,3.86141061782837
"Atlantique","Ouidah","Pahou",2012,69.4820022583008
"Atlantique","Ouidah","Pahou",2013,72.7997360229492
"Atlantique","Ouidah","Pahou",2015,134.303131103516
"Atlantique","Ouidah","Pahou",2017,182.027191162109
"Atlantique","Ouidah","Pahou",2018,243.8564453125
"Atlantique","Ouidah","Pahou",2019,217.099853515625
"Atlantique","Ouidah","Pahou",2020,315.049987792969
"Atlantique","Ouidah","Pahou",2021,373.932739257812
"Atlantique","Ouidah","Pahou",2022,487.080261230469
"Atlantique","Ouidah","Pahou",2023,480.034545898438
"Atlantique","Ouidah","Pahou",2024,623.399047851562
"Atlantique","Ouidah","Savi",2012,11.4369821548462
"Atlantique","Ouidah","Savi",2013,11.1068639755249
"Atlantique","Ouidah","Savi",2015,21.7890625
"Atlantique","Ouidah","Savi",2017,22.1278400421143
"Atlantique","Ouidah","Savi",2018,76.1050033569336
"Atlantique","Ouidah","Savi",2019,63.8353691101074
"Atlantique","Ouidah","Savi",2020,59.9987831115723
"Atlantique","Ouidah","Savi",2021,58.2730293273926
"Atlantique","Ouidah","Savi",2022,111.699775695801
"Atlantique","Ouidah","Savi",2023,116.490196228027
"Atlantique","Ouidah","Savi",2024,184.888854980469
"Atlantique","Sô-Ava","Ahomey-Lokpo",2012,0
"Atlantique","Sô-Ava","Ahomey-Lokpo",2013,0
"Atlantique","Sô-Ava","Ahomey-Lokpo",2015,0
"Atlantique","Sô-Ava","Ahomey-Lokpo",2017,0
"Atlantique","Sô-Ava","Ahomey-Lokpo",2018,0
"Atlantique","Sô-Ava","Ahomey-Lokpo",2019,0
"Atlantique","Sô-Ava","Ahomey-Lokpo",2020,0
"Atlantique","Sô-Ava","Ahomey-Lokpo",2021,0
"Atlantique","Sô-Ava","Ahomey-Lokpo",2022,1.10826599597931
"Atlantique","Sô-Ava","Ahomey-Lokpo",2023,0
"Atlantique","Sô-Ava","Ahomey-Lokpo",2024,11.9601488113403
"Atlantique","Sô-Ava","Dekanmè",2012,0
"Atlantique","Sô-Ava","Dekanmè",2013,0
"Atlantique","Sô-Ava","Dekanmè",2015,0
"Atlantique","Sô-Ava","Dekanmè",2017,0
"Atlantique","Sô-Ava","Dekanmè",2018,0
"Atlantique","Sô-Ava","Dekanmè",2019,0
"Atlantique","Sô-Ava","Dekanmè",2020,0
"Atlantique","Sô-Ava","Dekanmè",2021,0
"Atlantique","Sô-Ava","Dekanmè",2022,0
"Atlantique","Sô-Ava","Dekanmè",2023,0
"Atlantique","Sô-Ava","Dekanmè",2024,15.2237281799316
"Atlantique","Sô-Ava","Ganvie I",2012,62.1332168579102
"Atlantique","Sô-Ava","Ganvie I",2013,52.443962097168
"Atlantique","Sô-Ava","Ganvie I",2015,63.061840057373
"Atlantique","Sô-Ava","Ganvie I",2017,63.4158210754395
"Atlantique","Sô-Ava","Ganvie I",2018,63.4528579711914
"Atlantique","Sô-Ava","Ganvie I",2019,55.2882385253906
"Atlantique","Sô-Ava","Ganvie I",2020,77.432731628418
"Atlantique","Sô-Ava","Ganvie I",2021,92.0375061035156
"Atlantique","Sô-Ava","Ganvie I",2022,109.917106628418
"Atlantique","Sô-Ava","Ganvie I",2023,104.993118286133
"Atlantique","Sô-Ava","Ganvie I",2024,128.33561706543
"Atlantique","Sô-Ava","Ganvie II",2012,26.5219440460205
"Atlantique","Sô-Ava","Ganvie II",2013,25.3936462402344
"Atlantique","Sô-Ava","Ganvie II",2015,43.1438102722168
"Atlantique","Sô-Ava","Ganvie II",2017,45.3278427124023
"Atlantique","Sô-Ava","Ganvie II",2018,43.2987594604492
"Atlantique","Sô-Ava","Ganvie II",2019,34.8392944335938
"Atlantique","Sô-Ava","Ganvie II",2020,63.9072151184082
"Atlantique","Sô-Ava","Ganvie II",2021,94.3559341430664
"Atlantique","Sô-Ava","Ganvie II",2022,121.150321960449
"Atlantique","Sô-Ava","Ganvie II",2023,121.46403503418
"Atlantique","Sô-Ava","Ganvie II",2024,137.893585205078
"Atlantique","Sô-Ava","Houédo-Aguékon",2012,0
"Atlantique","Sô-Ava","Houédo-Aguékon",2013,0
"Atlantique","Sô-Ava","Houédo-Aguékon",2015,0
"Atlantique","Sô-Ava","Houédo-Aguékon",2017,0
"Atlantique","Sô-Ava","Houédo-Aguékon",2018,0
"Atlantique","Sô-Ava","Houédo-Aguékon",2019,0
"Atlantique","Sô-Ava","Houédo-Aguékon",2020,0
"Atlantique","Sô-Ava","Houédo-Aguékon",2021,0
"Atlantique","Sô-Ava","Houédo-Aguékon",2022,0
"Atlantique","Sô-Ava","Houédo-Aguékon",2023,0.494783461093903
"Atlantique","Sô-Ava","Houédo-Aguékon",2024,9.21008777618408
"Atlantique","Sô-Ava","Sô-Ava",2012,0.498182862997055
"Atlantique","Sô-Ava","Sô-Ava",2013,0.359223514795303
"Atlantique","Sô-Ava","Sô-Ava",2015,0.961307048797607
"Atlantique","Sô-Ava","Sô-Ava",2017,0.898946940898895
"Atlantique","Sô-Ava","Sô-Ava",2018,0.886354148387909
"Atlantique","Sô-Ava","Sô-Ava",2019,0.529324650764465
"Atlantique","Sô-Ava","Sô-Ava",2020,0.53287935256958
"Atlantique","Sô-Ava","Sô-Ava",2021,1.86432087421417
"Atlantique","Sô-Ava","Sô-Ava",2022,10.3567419052124
"Atlantique","Sô-Ava","Sô-Ava",2023,6.25813722610474
"Atlantique","Sô-Ava","Sô-Ava",2024,29.8416271209717
"Atlantique","Sô-Ava","Vekky",2012,4.99596691131592
"Atlantique","Sô-Ava","Vekky",2013,4.84122943878174
"Atlantique","Sô-Ava","Vekky",2015,6.33799600601196
"Atlantique","Sô-Ava","Vekky",2017,3.84938359260559
"Atlantique","Sô-Ava","Vekky",2018,7.77545499801636
"Atlantique","Sô-Ava","Vekky",2019,2.08642911911011
"Atlantique","Sô-Ava","Vekky",2020,6.59564113616943
"Atlantique","Sô-Ava","Vekky",2021,27.8977851867676
"Atlantique","Sô-Ava","Vekky",2022,67.0300674438477
"Atlantique","Sô-Ava","Vekky",2023,62.7612457275391
"Atlantique","Sô-Ava","Vekky",2024,101.956077575684
"Atlantique","Toffo","Agué",2012,0
"Atlantique","Toffo","Agué",2013,0
"Atlantique","Toffo","Agué",2015,0
"Atlantique","Toffo","Agué",2017,0
"Atlantique","Toffo","Agué",2018,0
"Atlantique","Toffo","Agué",2019,0
"Atlantique","Toffo","Agué",2020,0
"Atlantique","Toffo","Agué",2021,0
"Atlantique","Toffo","Agué",2022,0
"Atlantique","Toffo","Agué",2023,0.00767951738089323
"Atlantique","Toffo","Agué",2024,0
"Atlantique","Toffo","Colli-Agbamè",2012,9.24507141113281
"Atlantique","Toffo","Colli-Agbamè",2013,2.57520031929016
"Atlantique","Toffo","Colli-Agbamè",2015,5.02645587921143
"Atlantique","Toffo","Colli-Agbamè",2017,3.04767441749573
"Atlantique","Toffo","Colli-Agbamè",2018,2.3854718208313
"Atlantique","Toffo","Colli-Agbamè",2019,1.90367770195007
"Atlantique","Toffo","Colli-Agbamè",2020,4.40693140029907
"Atlantique","Toffo","Colli-Agbamè",2021,5.56000375747681
"Atlantique","Toffo","Colli-Agbamè",2022,12.5672025680542
"Atlantique","Toffo","Colli-Agbamè",2023,13.3331727981567
"Atlantique","Toffo","Colli-Agbamè",2024,24.8323154449463
"Atlantique","Toffo","Damè",2012,5.10928869247437
"Atlantique","Toffo","Damè",2013,3.30314040184021
"Atlantique","Toffo","Damè",2015,3.84055471420288
"Atlantique","Toffo","Damè",2017,1.64351558685303
"Atlantique","Toffo","Damè",2018,0.554823398590088
"Atlantique","Toffo","Damè",2019,1.21136903762817
"Atlantique","Toffo","Damè",2020,0
"Atlantique","Toffo","Damè",2021,2.17630195617676
"Atlantique","Toffo","Damè",2022,7.32530450820923
"Atlantique","Toffo","Damè",2023,7.47836065292358
"Atlantique","Toffo","Damè",2024,30.530252456665
"Atlantique","Toffo","Djanglanmè",2012,0
"Atlantique","Toffo","Djanglanmè",2013,0
"Atlantique","Toffo","Djanglanmè",2015,0
"Atlantique","Toffo","Djanglanmè",2017,0
"Atlantique","Toffo","Djanglanmè",2018,0
"Atlantique","Toffo","Djanglanmè",2019,0
"Atlantique","Toffo","Djanglanmè",2020,0
"Atlantique","Toffo","Djanglanmè",2021,0
"Atlantique","Toffo","Djanglanmè",2022,0
"Atlantique","Toffo","Djanglanmè",2023,0
"Atlantique","Toffo","Djanglanmè",2024,0
"Atlantique","Toffo","Houégbo",2012,16.7052688598633
"Atlantique","Toffo","Houégbo",2013,9.58864688873291
"Atlantique","Toffo","Houégbo",2015,13.509521484375
"Atlantique","Toffo","Houégbo",2017,7.01538896560669
"Atlantique","Toffo","Houégbo",2018,6.89792108535767
"Atlantique","Toffo","Houégbo",2019,8.5703763961792
"Atlantique","Toffo","Houégbo",2020,13.3731985092163
"Atlantique","Toffo","Houégbo",2021,21.5027809143066
"Atlantique","Toffo","Houégbo",2022,26.6968307495117
"Atlantique","Toffo","Houégbo",2023,27.5619106292725
"Atlantique","Toffo","Houégbo",2024,62.7204551696777
"Atlantique","Toffo","Koussi",2012,0
"Atlantique","Toffo","Koussi",2013,0.59677255153656
"Atlantique","Toffo","Koussi",2015,0
"Atlantique","Toffo","Koussi",2017,0
"Atlantique","Toffo","Koussi",2018,0
"Atlantique","Toffo","Koussi",2019,0
"Atlantique","Toffo","Koussi",2020,0
"Atlantique","Toffo","Koussi",2021,0
"Atlantique","Toffo","Koussi",2022,0.507422387599945
"Atlantique","Toffo","Koussi",2023,0
"Atlantique","Toffo","Koussi",2024,7.41844844818115
"Atlantique","Toffo","Kpomé",2012,0
"Atlantique","Toffo","Kpomé",2013,0
"Atlantique","Toffo","Kpomé",2015,0
"Atlantique","Toffo","Kpomé",2017,0
"Atlantique","Toffo","Kpomé",2018,0
"Atlantique","Toffo","Kpomé",2019,0
"Atlantique","Toffo","Kpomé",2020,0
"Atlantique","Toffo","Kpomé",2021,0
"Atlantique","Toffo","Kpomé",2022,0.616005301475525
"Atlantique","Toffo","Kpomé",2023,0.611059010028839
"Atlantique","Toffo","Kpomé",2024,1.07270812988281
"Atlantique","Toffo","Sè",2012,0
"Atlantique","Toffo","Sè",2013,0
"Atlantique","Toffo","Sè",2015,2.39010286331177
"Atlantique","Toffo","Sè",2017,0
"Atlantique","Toffo","Sè",2018,2.56571197509766
"Atlantique","Toffo","Sè",2019,0.535987377166748
"Atlantique","Toffo","Sè",2020,0
"Atlantique","Toffo","Sè",2021,1.11833167076111
"Atlantique","Toffo","Sè",2022,1.61995708942413
"Atlantique","Toffo","Sè",2023,1.86469006538391
"Atlantique","Toffo","Sè",2024,5.61443185806274
"Atlantique","Toffo","Séhouè",2012,6.35287189483643
"Atlantique","Toffo","Séhouè",2013,7.16959190368652
"Atlantique","Toffo","Séhouè",2015,7.62472534179688
"Atlantique","Toffo","Séhouè",2017,2.58603143692017
"Atlantique","Toffo","Séhouè",2018,3.23641967773438
"Atlantique","Toffo","Séhouè",2019,2.64325189590454
"Atlantique","Toffo","Séhouè",2020,7.879638671875
"Atlantique","Toffo","Séhouè",2021,8.05100631713867
"Atlantique","Toffo","Séhouè",2022,11.1784200668335
"Atlantique","Toffo","Séhouè",2023,15.7037000656128
"Atlantique","Toffo","Séhouè",2024,24.8606700897217
"Atlantique","Toffo","Toffo",2012,8.02643299102783
"Atlantique","Toffo","Toffo",2013,0.931719124317169
"Atlantique","Toffo","Toffo",2015,0
"Atlantique","Toffo","Toffo",2017,0.774207055568695
"Atlantique","Toffo","Toffo",2018,2.43395519256592
"Atlantique","Toffo","Toffo",2019,2.98394346237183
"Atlantique","Toffo","Toffo",2020,0.530689537525177
"Atlantique","Toffo","Toffo",2021,3.32005977630615
"Atlantique","Toffo","Toffo",2022,10.3764886856079
"Atlantique","Toffo","Toffo",2023,19.1606140136719
"Atlantique","Toffo","Toffo",2024,26.9590225219727
"Atlantique","Tori-Bossito","Avamè",2012,0.347910165786743
"Atlantique","Tori-Bossito","Avamè",2013,0
"Atlantique","Tori-Bossito","Avamè",2015,0.117545120418072
"Atlantique","Tori-Bossito","Avamè",2017,0
"Atlantique","Tori-Bossito","Avamè",2018,0
"Atlantique","Tori-Bossito","Avamè",2019,0
"Atlantique","Tori-Bossito","Avamè",2020,0
"Atlantique","Tori-Bossito","Avamè",2021,3.49010372161865
"Atlantique","Tori-Bossito","Avamè",2022,19.4894161224365
"Atlantique","Tori-Bossito","Avamè",2023,38.4102020263672
"Atlantique","Tori-Bossito","Avamè",2024,143.179702758789
"Atlantique","Tori-Bossito","Azohouè-Aliho",2012,4.00549983978271
"Atlantique","Tori-Bossito","Azohouè-Aliho",2013,2.02713632583618
"Atlantique","Tori-Bossito","Azohouè-Aliho",2015,3.79813766479492
"Atlantique","Tori-Bossito","Azohouè-Aliho",2017,1.34950518608093
"Atlantique","Tori-Bossito","Azohouè-Aliho",2018,2.45008635520935
"Atlantique","Tori-Bossito","Azohouè-Aliho",2019,0.0831805616617203
"Atlantique","Tori-Bossito","Azohouè-Aliho",2020,0.701585650444031
"Atlantique","Tori-Bossito","Azohouè-Aliho",2021,0.554667115211487
"Atlantique","Tori-Bossito","Azohouè-Aliho",2022,2.28193950653076
"Atlantique","Tori-Bossito","Azohouè-Aliho",2023,1.73628962039948
"Atlantique","Tori-Bossito","Azohouè-Aliho",2024,10.3627462387085
"Atlantique","Tori-Bossito","Azohouè-Kada",2012,0
"Atlantique","Tori-Bossito","Azohouè-Kada",2013,0
"Atlantique","Tori-Bossito","Azohouè-Kada",2015,0
"Atlantique","Tori-Bossito","Azohouè-Kada",2017,0
"Atlantique","Tori-Bossito","Azohouè-Kada",2018,0
"Atlantique","Tori-Bossito","Azohouè-Kada",2019,0
"Atlantique","Tori-Bossito","Azohouè-Kada",2020,0
"Atlantique","Tori-Bossito","Azohouè-Kada",2021,2.22797012329102
"Atlantique","Tori-Bossito","Azohouè-Kada",2022,8.60845851898193
"Atlantique","Tori-Bossito","Azohouè-Kada",2023,11.6412620544434
"Atlantique","Tori-Bossito","Azohouè-Kada",2024,19.135440826416
"Atlantique","Tori-Bossito","Bossito",2012,0
"Atlantique","Tori-Bossito","Bossito",2013,0
"Atlantique","Tori-Bossito","Bossito",2015,1.79896426200867
"Atlantique","Tori-Bossito","Bossito",2017,3.21860861778259
"Atlantique","Tori-Bossito","Bossito",2018,3.74199533462524
"Atlantique","Tori-Bossito","Bossito",2019,1.3445360660553
"Atlantique","Tori-Bossito","Bossito",2020,4.62067556381226
"Atlantique","Tori-Bossito","Bossito",2021,17.4439163208008
"Atlantique","Tori-Bossito","Bossito",2022,32.0515594482422
"Atlantique","Tori-Bossito","Bossito",2023,50.174747467041
"Atlantique","Tori-Bossito","Bossito",2024,117.784622192383
"Atlantique","Tori-Bossito","Tori-Gare",2012,1.28184628486633
"Atlantique","Tori-Bossito","Tori-Gare",2013,1.69357752799988
"Atlantique","Tori-Bossito","Tori-Gare",2015,4.27362966537476
"Atlantique","Tori-Bossito","Tori-Gare",2017,1.91452050209045
"Atlantique","Tori-Bossito","Tori-Gare",2018,6.35119390487671
"Atlantique","Tori-Bossito","Tori-Gare",2019,3.36140942573547
"Atlantique","Tori-Bossito","Tori-Gare",2020,9.8923921585083
"Atlantique","Tori-Bossito","Tori-Gare",2021,22.8454437255859
"Atlantique","Tori-Bossito","Tori-Gare",2022,84.8819046020508
"Atlantique","Tori-Bossito","Tori-Gare",2023,123.128120422363
"Atlantique","Tori-Bossito","Tori-Gare",2024,249.943267822266
"Atlantique","Tori-Bossito","Tori-Kada",2012,0
"Atlantique","Tori-Bossito","Tori-Kada",2013,0
"Atlantique","Tori-Bossito","Tori-Kada",2015,0.000234063001698814
"Atlantique","Tori-Bossito","Tori-Kada",2017,0
"Atlantique","Tori-Bossito","Tori-Kada",2018,0
"Atlantique","Tori-Bossito","Tori-Kada",2019,0
"Atlantique","Tori-Bossito","Tori-Kada",2020,0
"Atlantique","Tori-Bossito","Tori-Kada",2021,1.15916967391968
"Atlantique","Tori-Bossito","Tori-Kada",2022,10.9893579483032
"Atlantique","Tori-Bossito","Tori-Kada",2023,50.3996315002441
"Atlantique","Tori-Bossito","Tori-Kada",2024,158.210708618164
"Atlantique","Zè","Adjan",2012,1.51780450344086
"Atlantique","Zè","Adjan",2013,1.99385690689087
"Atlantique","Zè","Adjan",2015,1.60640621185303
"Atlantique","Zè","Adjan",2017,3.47352457046509
"Atlantique","Zè","Adjan",2018,4.93659734725952
"Atlantique","Zè","Adjan",2019,5.98150157928467
"Atlantique","Zè","Adjan",2020,0.52192497253418
"Atlantique","Zè","Adjan",2021,3.63151335716248
"Atlantique","Zè","Adjan",2022,11.0875072479248
"Atlantique","Zè","Adjan",2023,7.70431327819824
"Atlantique","Zè","Adjan",2024,38.0667266845703
"Atlantique","Zè","Dawé",2012,0.41490364074707
"Atlantique","Zè","Dawé",2013,0
"Atlantique","Zè","Dawé",2015,0
"Atlantique","Zè","Dawé",2017,2.361004114151
"Atlantique","Zè","Dawé",2018,2.80389499664307
"Atlantique","Zè","Dawé",2019,2.6470639705658
"Atlantique","Zè","Dawé",2020,0
"Atlantique","Zè","Dawé",2021,2.73810529708862
"Atlantique","Zè","Dawé",2022,5.14894962310791
"Atlantique","Zè","Dawé",2023,3.8764374256134
"Atlantique","Zè","Dawé",2024,9.0760440826416
"Atlantique","Zè","Djigbé",2012,0
"Atlantique","Zè","Djigbé",2013,0
"Atlantique","Zè","Djigbé",2015,0
"Atlantique","Zè","Djigbé",2017,0
"Atlantique","Zè","Djigbé",2018,0
"Atlantique","Zè","Djigbé",2019,0
"Atlantique","Zè","Djigbé",2020,0
"Atlantique","Zè","Djigbé",2021,0
"Atlantique","Zè","Djigbé",2022,0
"Atlantique","Zè","Djigbé",2023,0
"Atlantique","Zè","Djigbé",2024,0
"Atlantique","Zè","Dodji-Bata",2012,21.1435070037842
"Atlantique","Zè","Dodji-Bata",2013,14.3031358718872
"Atlantique","Zè","Dodji-Bata",2015,11.4175539016724
"Atlantique","Zè","Dodji-Bata",2017,12.2752408981323
"Atlantique","Zè","Dodji-Bata",2018,8.79834747314453
"Atlantique","Zè","Dodji-Bata",2019,5.41223955154419
"Atlantique","Zè","Dodji-Bata",2020,7.17214059829712
"Atlantique","Zè","Dodji-Bata",2021,4.3981614112854
"Atlantique","Zè","Dodji-Bata",2022,17.451545715332
"Atlantique","Zè","Dodji-Bata",2023,43.6991996765137
"Atlantique","Zè","Dodji-Bata",2024,150.636352539062
"Atlantique","Zè","Hékanmè",2012,0
"Atlantique","Zè","Hékanmè",2013,0
"Atlantique","Zè","Hékanmè",2015,0
"Atlantique","Zè","Hékanmè",2017,0
"Atlantique","Zè","Hékanmè",2018,0
"Atlantique","Zè","Hékanmè",2019,0
"Atlantique","Zè","Hékanmè",2020,0
"Atlantique","Zè","Hékanmè",2021,0
"Atlantique","Zè","Hékanmè",2022,0
"Atlantique","Zè","Hékanmè",2023,0
"Atlantique","Zè","Hékanmè",2024,0
"Atlantique","Zè","Koundokpoè",2012,0
"Atlantique","Zè","Koundokpoè",2013,0
"Atlantique","Zè","Koundokpoè",2015,0
"Atlantique","Zè","Koundokpoè",2017,0
"Atlantique","Zè","Koundokpoè",2018,0
"Atlantique","Zè","Koundokpoè",2019,0
"Atlantique","Zè","Koundokpoè",2020,0
"Atlantique","Zè","Koundokpoè",2021,0
"Atlantique","Zè","Koundokpoè",2022,0
"Atlantique","Zè","Koundokpoè",2023,0
"Atlantique","Zè","Koundokpoè",2024,0.512988209724426
"Atlantique","Zè","Sèdjè-Dénou",2012,0
"Atlantique","Zè","Sèdjè-Dénou",2013,0
"Atlantique","Zè","Sèdjè-Dénou",2015,0
"Atlantique","Zè","Sèdjè-Dénou",2017,0
"Atlantique","Zè","Sèdjè-Dénou",2018,0
"Atlantique","Zè","Sèdjè-Dénou",2019,0
"Atlantique","Zè","Sèdjè-Dénou",2020,0
"Atlantique","Zè","Sèdjè-Dénou",2021,0
"Atlantique","Zè","Sèdjè-Dénou",2022,0.599068343639374
"Atlantique","Zè","Sèdjè-Dénou",2023,2.46070146560669
"Atlantique","Zè","Sèdjè-Dénou",2024,8.05193519592285
"Atlantique","Zè","Sèdjè-Houégoudo",2012,0
"Atlantique","Zè","Sèdjè-Houégoudo",2013,0
"Atlantique","Zè","Sèdjè-Houégoudo",2015,0
"Atlantique","Zè","Sèdjè-Houégoudo",2017,0
"Atlantique","Zè","Sèdjè-Houégoudo",2018,0
"Atlantique","Zè","Sèdjè-Houégoudo",2019,0
"Atlantique","Zè","Sèdjè-Houégoudo",2020,0
"Atlantique","Zè","Sèdjè-Houégoudo",2021,0
"Atlantique","Zè","Sèdjè-Houégoudo",2022,0
"Atlantique","Zè","Sèdjè-Houégoudo",2023,0
"Atlantique","Zè","Sèdjè-Houégoudo",2024,0
"Atlantique","Zè","Tangbo-Djevié",2012,9.81693172454834
"Atlantique","Zè","Tangbo-Djevié",2013,12.7527341842651
"Atlantique","Zè","Tangbo-Djevié",2015,12.6714839935303
"Atlantique","Zè","Tangbo-Djevié",2017,14.8634271621704
"Atlantique","Zè","Tangbo-Djevié",2018,11.0381183624268
"Atlantique","Zè","Tangbo-Djevié",2019,7.74491119384766
"Atlantique","Zè","Tangbo-Djevié",2020,15.8097333908081
"Atlantique","Zè","Tangbo-Djevié",2021,48.4393463134766
"Atlantique","Zè","Tangbo-Djevié",2022,208.490707397461
"Atlantique","Zè","Tangbo-Djevié",2023,865.40771484375
"Atlantique","Zè","Tangbo-Djevié",2024,1319.0439453125
"Atlantique","Zè","Yokpo",2012,14.9968118667603
"Atlantique","Zè","Yokpo",2013,10.4176254272461
"Atlantique","Zè","Yokpo",2015,14.6235723495483
"Atlantique","Zè","Yokpo",2017,11.3575019836426
"Atlantique","Zè","Yokpo",2018,10.792179107666
"Atlantique","Zè","Yokpo",2019,1.76089441776276
"Atlantique","Zè","Yokpo",2020,2.07189583778381
"Atlantique","Zè","Yokpo",2021,9.91477394104004
"Atlantique","Zè","Yokpo",2022,54.4401321411133
"Atlantique","Zè","Yokpo",2023,71.987190246582
"Atlantique","Zè","Yokpo",2024,136.949005126953
"Atlantique","Zè","Zè",2012,3.54593133926392
"Atlantique","Zè","Zè",2013,3.39113640785217
"Atlantique","Zè","Zè",2015,3.83539032936096
"Atlantique","Zè","Zè",2017,8.59687423706055
"Atlantique","Zè","Zè",2018,9.5397424697876
"Atlantique","Zè","Zè",2019,3.44032549858093
"Atlantique","Zè","Zè",2020,5.18917798995972
"Atlantique","Zè","Zè",2021,24.0524940490723
"Atlantique","Zè","Zè",2022,34.5276870727539
"Atlantique","Zè","Zè",2023,24.7833385467529
"Atlantique","Zè","Zè",2024,52.9799537658691
"Borgou","Bembèrèkè","Bembèrèkè",2012,19.5209808349609
"Borgou","Bembèrèkè","Bembèrèkè",2013,13.1711454391479
"Borgou","Bembèrèkè","Bembèrèkè",2015,25.2611122131348
"Borgou","Bembèrèkè","Bembèrèkè",2017,18.0351009368896
"Borgou","Bembèrèkè","Bembèrèkè",2018,18.7291965484619
"Borgou","Bembèrèkè","Bembèrèkè",2019,22.5529804229736
"Borgou","Bembèrèkè","Bembèrèkè",2020,29.0506534576416
"Borgou","Bembèrèkè","Bembèrèkè",2021,35.6872749328613
"Borgou","Bembèrèkè","Bembèrèkè",2022,67.7419204711914
"Borgou","Bembèrèkè","Bembèrèkè",2023,84.9657897949219
"Borgou","Bembèrèkè","Bembèrèkè",2024,90.1042785644531
"Borgou","Bembèrèkè","Bouanri",2012,0
"Borgou","Bembèrèkè","Bouanri",2013,0
"Borgou","Bembèrèkè","Bouanri",2015,0
"Borgou","Bembèrèkè","Bouanri",2017,0
"Borgou","Bembèrèkè","Bouanri",2018,0
"Borgou","Bembèrèkè","Bouanri",2019,0
"Borgou","Bembèrèkè","Bouanri",2020,0
"Borgou","Bembèrèkè","Bouanri",2021,0
"Borgou","Bembèrèkè","Bouanri",2022,0
"Borgou","Bembèrèkè","Bouanri",2023,0
"Borgou","Bembèrèkè","Bouanri",2024,0
"Borgou","Bembèrèkè","Béroubouay",2012,0
"Borgou","Bembèrèkè","Béroubouay",2013,0
"Borgou","Bembèrèkè","Béroubouay",2015,0
"Borgou","Bembèrèkè","Béroubouay",2017,3.16612935066223
"Borgou","Bembèrèkè","Béroubouay",2018,13.896312713623
"Borgou","Bembèrèkè","Béroubouay",2019,5.42867946624756
"Borgou","Bembèrèkè","Béroubouay",2020,5.67333936691284
"Borgou","Bembèrèkè","Béroubouay",2021,1.91801190376282
"Borgou","Bembèrèkè","Béroubouay",2022,4.15357875823975
"Borgou","Bembèrèkè","Béroubouay",2023,5.10275363922119
"Borgou","Bembèrèkè","Béroubouay",2024,7.68766498565674
"Borgou","Bembèrèkè","Gamia",2012,0
"Borgou","Bembèrèkè","Gamia",2013,0
"Borgou","Bembèrèkè","Gamia",2015,18.7345199584961
"Borgou","Bembèrèkè","Gamia",2017,12.7164726257324
"Borgou","Bembèrèkè","Gamia",2018,9.2292366027832
"Borgou","Bembèrèkè","Gamia",2019,3.84678983688354
"Borgou","Bembèrèkè","Gamia",2020,7.15918302536011
"Borgou","Bembèrèkè","Gamia",2021,10.4074468612671
"Borgou","Bembèrèkè","Gamia",2022,32.4783630371094
"Borgou","Bembèrèkè","Gamia",2023,31.0343742370605
"Borgou","Bembèrèkè","Gamia",2024,37.3314208984375
"Borgou","Bembèrèkè","Ina",2012,8.66608810424805
"Borgou","Bembèrèkè","Ina",2013,5.69239568710327
"Borgou","Bembèrèkè","Ina",2015,4.34533071517944
"Borgou","Bembèrèkè","Ina",2017,1.19246768951416
"Borgou","Bembèrèkè","Ina",2018,3.68810629844666
"Borgou","Bembèrèkè","Ina",2019,0.634364068508148
"Borgou","Bembèrèkè","Ina",2020,4.16533184051514
"Borgou","Bembèrèkè","Ina",2021,5.34700965881348
"Borgou","Bembèrèkè","Ina",2022,17.8069553375244
"Borgou","Bembèrèkè","Ina",2023,24.4971046447754
"Borgou","Bembèrèkè","Ina",2024,39.2237854003906
"Borgou","Kalalé","Basso",2012,0
"Borgou","Kalalé","Basso",2013,0
"Borgou","Kalalé","Basso",2015,0
"Borgou","Kalalé","Basso",2017,0
"Borgou","Kalalé","Basso",2018,0
"Borgou","Kalalé","Basso",2019,0
"Borgou","Kalalé","Basso",2020,1.60408711433411
"Borgou","Kalalé","Basso",2021,6.35259437561035
"Borgou","Kalalé","Basso",2022,5.92343997955322
"Borgou","Kalalé","Basso",2023,1.82386207580566
"Borgou","Kalalé","Basso",2024,4.31974506378174
"Borgou","Kalalé","Bouka",2012,0
"Borgou","Kalalé","Bouka",2013,0
"Borgou","Kalalé","Bouka",2015,5.0435619354248
"Borgou","Kalalé","Bouka",2017,0.551869869232178
"Borgou","Kalalé","Bouka",2018,2.68693828582764
"Borgou","Kalalé","Bouka",2019,0
"Borgou","Kalalé","Bouka",2020,0.549869477748871
"Borgou","Kalalé","Bouka",2021,1.159184217453
"Borgou","Kalalé","Bouka",2022,7.14276647567749
"Borgou","Kalalé","Bouka",2023,10.5848817825317
"Borgou","Kalalé","Bouka",2024,10.8806266784668
"Borgou","Kalalé","Dunkassa",2012,0
"Borgou","Kalalé","Dunkassa",2013,0
"Borgou","Kalalé","Dunkassa",2015,0
"Borgou","Kalalé","Dunkassa",2017,0
"Borgou","Kalalé","Dunkassa",2018,0
"Borgou","Kalalé","Dunkassa",2019,0
"Borgou","Kalalé","Dunkassa",2020,1.92176008224487
"Borgou","Kalalé","Dunkassa",2021,3.68211817741394
"Borgou","Kalalé","Dunkassa",2022,4.82422637939453
"Borgou","Kalalé","Dunkassa",2023,2.97521209716797
"Borgou","Kalalé","Dunkassa",2024,3.22040915489197
"Borgou","Kalalé","Dèrassi",2012,0
"Borgou","Kalalé","Dèrassi",2013,0
"Borgou","Kalalé","Dèrassi",2015,0
"Borgou","Kalalé","Dèrassi",2017,0
"Borgou","Kalalé","Dèrassi",2018,0
"Borgou","Kalalé","Dèrassi",2019,0
"Borgou","Kalalé","Dèrassi",2020,0
"Borgou","Kalalé","Dèrassi",2021,0
"Borgou","Kalalé","Dèrassi",2022,0
"Borgou","Kalalé","Dèrassi",2023,0.504063904285431
"Borgou","Kalalé","Dèrassi",2024,1.70239496231079
"Borgou","Kalalé","Kalalè",2012,0
"Borgou","Kalalé","Kalalè",2013,1.26119220256805
"Borgou","Kalalé","Kalalè",2015,8.00228309631348
"Borgou","Kalalé","Kalalè",2017,18.0992374420166
"Borgou","Kalalé","Kalalè",2018,27.7433700561523
"Borgou","Kalalé","Kalalè",2019,17.9499664306641
"Borgou","Kalalé","Kalalè",2020,22.2455387115479
"Borgou","Kalalé","Kalalè",2021,17.8718795776367
"Borgou","Kalalé","Kalalè",2022,19.9926109313965
"Borgou","Kalalé","Kalalè",2023,15.9583253860474
"Borgou","Kalalé","Kalalè",2024,23.0499649047852
"Borgou","Kalalé","Péonga",2012,0
"Borgou","Kalalé","Péonga",2013,0
"Borgou","Kalalé","Péonga",2015,0
"Borgou","Kalalé","Péonga",2017,0
"Borgou","Kalalé","Péonga",2018,0
"Borgou","Kalalé","Péonga",2019,0
"Borgou","Kalalé","Péonga",2020,0
"Borgou","Kalalé","Péonga",2021,0
"Borgou","Kalalé","Péonga",2022,0
"Borgou","Kalalé","Péonga",2023,0
"Borgou","Kalalé","Péonga",2024,0.555461704730988
"Borgou","N'Dali","Bori",2012,0
"Borgou","N'Dali","Bori",2013,0
"Borgou","N'Dali","Bori",2015,0
"Borgou","N'Dali","Bori",2017,0
"Borgou","N'Dali","Bori",2018,0
"Borgou","N'Dali","Bori",2019,0
"Borgou","N'Dali","Bori",2020,0
"Borgou","N'Dali","Bori",2021,0
"Borgou","N'Dali","Bori",2022,0
"Borgou","N'Dali","Bori",2023,0
"Borgou","N'Dali","Bori",2024,1.74902307987213
"Borgou","N'Dali","Gbégourou",2012,0
"Borgou","N'Dali","Gbégourou",2013,0
"Borgou","N'Dali","Gbégourou",2015,0
"Borgou","N'Dali","Gbégourou",2017,0
"Borgou","N'Dali","Gbégourou",2018,0
"Borgou","N'Dali","Gbégourou",2019,0
"Borgou","N'Dali","Gbégourou",2020,0.644606351852417
"Borgou","N'Dali","Gbégourou",2021,2.22337126731873
"Borgou","N'Dali","Gbégourou",2022,8.48056507110596
"Borgou","N'Dali","Gbégourou",2023,2.65183854103088
"Borgou","N'Dali","Gbégourou",2024,7.93386316299438
"Borgou","N'Dali","N'Dali",2012,39.0632591247559
"Borgou","N'Dali","N'Dali",2013,38.1831932067871
"Borgou","N'Dali","N'Dali",2015,21.3597640991211
"Borgou","N'Dali","N'Dali",2017,51.9155082702637
"Borgou","N'Dali","N'Dali",2018,54.9780464172363
"Borgou","N'Dali","N'Dali",2019,48.9416007995605
"Borgou","N'Dali","N'Dali",2020,55.6633148193359
"Borgou","N'Dali","N'Dali",2021,51.4312858581543
"Borgou","N'Dali","N'Dali",2022,90.1093902587891
"Borgou","N'Dali","N'Dali",2023,110.623474121094
"Borgou","N'Dali","N'Dali",2024,127.999908447266
"Borgou","N'Dali","Ouénou",2012,0
"Borgou","N'Dali","Ouénou",2013,0
"Borgou","N'Dali","Ouénou",2015,3.32934379577637
"Borgou","N'Dali","Ouénou",2017,7.73608636856079
"Borgou","N'Dali","Ouénou",2018,6.6986346244812
"Borgou","N'Dali","Ouénou",2019,3.23570394515991
"Borgou","N'Dali","Ouénou",2020,3.69254302978516
"Borgou","N'Dali","Ouénou",2021,1.19509327411652
"Borgou","N'Dali","Ouénou",2022,3.48505926132202
"Borgou","N'Dali","Ouénou",2023,4.97520112991333
"Borgou","N'Dali","Ouénou",2024,8.21131420135498
"Borgou","N'Dali","Sirarou",2012,7.53184413909912
"Borgou","N'Dali","Sirarou",2013,11.6109743118286
"Borgou","N'Dali","Sirarou",2015,42.5140495300293
"Borgou","N'Dali","Sirarou",2017,24.2680416107178
"Borgou","N'Dali","Sirarou",2018,19.9349231719971
"Borgou","N'Dali","Sirarou",2019,18.6610527038574
"Borgou","N'Dali","Sirarou",2020,21.4718952178955
"Borgou","N'Dali","Sirarou",2021,22.2662830352783
"Borgou","N'Dali","Sirarou",2022,36.6769332885742
"Borgou","N'Dali","Sirarou",2023,26.940071105957
"Borgou","N'Dali","Sirarou",2024,33.263370513916
"Borgou","Nikki","Biro",2012,1.45694637298584
"Borgou","Nikki","Biro",2013,5.83321475982666
"Borgou","Nikki","Biro",2015,7.90701055526733
"Borgou","Nikki","Biro",2017,4.26028299331665
"Borgou","Nikki","Biro",2018,6.1344108581543
"Borgou","Nikki","Biro",2019,1.93252348899841
"Borgou","Nikki","Biro",2020,1.41080343723297
"Borgou","Nikki","Biro",2021,1.68910586833954
"Borgou","Nikki","Biro",2022,3.59244871139526
"Borgou","Nikki","Biro",2023,2.68922019004822
"Borgou","Nikki","Biro",2024,6.53563070297241
"Borgou","Nikki","Gnonkourakali",2012,0
"Borgou","Nikki","Gnonkourakali",2013,0
"Borgou","Nikki","Gnonkourakali",2015,0
"Borgou","Nikki","Gnonkourakali",2017,0
"Borgou","Nikki","Gnonkourakali",2018,0
"Borgou","Nikki","Gnonkourakali",2019,0
"Borgou","Nikki","Gnonkourakali",2020,1.28724575042725
"Borgou","Nikki","Gnonkourakali",2021,0
"Borgou","Nikki","Gnonkourakali",2022,1.20060014724731
"Borgou","Nikki","Gnonkourakali",2023,2.32204031944275
"Borgou","Nikki","Gnonkourakali",2024,2.33928966522217
"Borgou","Nikki","Nikki",2012,28.3402061462402
"Borgou","Nikki","Nikki",2013,27.1241111755371
"Borgou","Nikki","Nikki",2015,27.9596557617188
"Borgou","Nikki","Nikki",2017,37.3102836608887
"Borgou","Nikki","Nikki",2018,42.1635551452637
"Borgou","Nikki","Nikki",2019,39.655143737793
"Borgou","Nikki","Nikki",2020,50.8773765563965
"Borgou","Nikki","Nikki",2021,78.413688659668
"Borgou","Nikki","Nikki",2022,95.4377822875977
"Borgou","Nikki","Nikki",2023,93.0947799682617
"Borgou","Nikki","Nikki",2024,123.507225036621
"Borgou","Nikki","Ouénou",2012,0
"Borgou","Nikki","Ouénou",2013,0
"Borgou","Nikki","Ouénou",2015,0
"Borgou","Nikki","Ouénou",2017,0
"Borgou","Nikki","Ouénou",2018,0
"Borgou","Nikki","Ouénou",2019,0
"Borgou","Nikki","Ouénou",2020,0
"Borgou","Nikki","Ouénou",2021,0.604868531227112
"Borgou","Nikki","Ouénou",2022,1.86737728118896
"Borgou","Nikki","Ouénou",2023,4.6755313873291
"Borgou","Nikki","Ouénou",2024,8.28244400024414
"Borgou","Nikki","Suya",2012,0
"Borgou","Nikki","Suya",2013,0
"Borgou","Nikki","Suya",2015,0
"Borgou","Nikki","Suya",2017,0
"Borgou","Nikki","Suya",2018,0
"Borgou","Nikki","Suya",2019,0
"Borgou","Nikki","Suya",2020,0
"Borgou","Nikki","Suya",2021,0
"Borgou","Nikki","Suya",2022,0
"Borgou","Nikki","Suya",2023,0
"Borgou","Nikki","Suya",2024,0
"Borgou","Nikki","Sérékalé",2012,0
"Borgou","Nikki","Sérékalé",2013,0
"Borgou","Nikki","Sérékalé",2015,0
"Borgou","Nikki","Sérékalé",2017,0
"Borgou","Nikki","Sérékalé",2018,0
"Borgou","Nikki","Sérékalé",2019,0
"Borgou","Nikki","Sérékalé",2020,0
"Borgou","Nikki","Sérékalé",2021,0
"Borgou","Nikki","Sérékalé",2022,0.583028256893158
"Borgou","Nikki","Sérékalé",2023,0.530892908573151
"Borgou","Nikki","Sérékalé",2024,1.74593877792358
"Borgou","Nikki","Tasso",2012,0
"Borgou","Nikki","Tasso",2013,0
"Borgou","Nikki","Tasso",2015,0
"Borgou","Nikki","Tasso",2017,0
"Borgou","Nikki","Tasso",2018,0
"Borgou","Nikki","Tasso",2019,0
"Borgou","Nikki","Tasso",2020,0
"Borgou","Nikki","Tasso",2021,0
"Borgou","Nikki","Tasso",2022,0
"Borgou","Nikki","Tasso",2023,0
"Borgou","Nikki","Tasso",2024,0
"Borgou","Parakou","Arrondissement I",2012,331.943115234375
"Borgou","Parakou","Arrondissement I",2013,392.519805908203
"Borgou","Parakou","Arrondissement I",2015,521.041748046875
"Borgou","Parakou","Arrondissement I",2017,548.326599121094
"Borgou","Parakou","Arrondissement I",2018,785.46533203125
"Borgou","Parakou","Arrondissement I",2019,1164.48083496094
"Borgou","Parakou","Arrondissement I",2020,1017.37469482422
"Borgou","Parakou","Arrondissement I",2021,827.93212890625
"Borgou","Parakou","Arrondissement I",2022,834.893920898438
"Borgou","Parakou","Arrondissement I",2023,892.152709960938
"Borgou","Parakou","Arrondissement I",2024,964.0185546875
"Borgou","Parakou","Arrondissement II",2012,278.331024169922
"Borgou","Parakou","Arrondissement II",2013,302.614044189453
"Borgou","Parakou","Arrondissement II",2015,407.905914306641
"Borgou","Parakou","Arrondissement II",2017,464.403533935547
"Borgou","Parakou","Arrondissement II",2018,510.892761230469
"Borgou","Parakou","Arrondissement II",2019,539.349609375
"Borgou","Parakou","Arrondissement II",2020,543.719299316406
"Borgou","Parakou","Arrondissement II",2021,633.878845214844
"Borgou","Parakou","Arrondissement II",2022,696.811462402344
"Borgou","Parakou","Arrondissement II",2023,664.066223144531
"Borgou","Parakou","Arrondissement II",2024,697.962646484375
"Borgou","Parakou","Arrondissement III",2012,491.806579589844
"Borgou","Parakou","Arrondissement III",2013,458.405548095703
"Borgou","Parakou","Arrondissement III",2015,538.414978027344
"Borgou","Parakou","Arrondissement III",2017,551.073913574219
"Borgou","Parakou","Arrondissement III",2018,642.615600585938
"Borgou","Parakou","Arrondissement III",2019,647.077453613281
"Borgou","Parakou","Arrondissement III",2020,705.6318359375
"Borgou","Parakou","Arrondissement III",2021,777.365844726562
"Borgou","Parakou","Arrondissement III",2022,874.657958984375
"Borgou","Parakou","Arrondissement III",2023,808.050903320312
"Borgou","Parakou","Arrondissement III",2024,798.192565917969
"Borgou","Pèrèrè","Gninagourou",2012,0
"Borgou","Pèrèrè","Gninagourou",2013,0
"Borgou","Pèrèrè","Gninagourou",2015,0
"Borgou","Pèrèrè","Gninagourou",2017,0
"Borgou","Pèrèrè","Gninagourou",2018,0
"Borgou","Pèrèrè","Gninagourou",2019,0
"Borgou","Pèrèrè","Gninagourou",2020,0
"Borgou","Pèrèrè","Gninagourou",2021,0
"Borgou","Pèrèrè","Gninagourou",2022,0.61430686712265
"Borgou","Pèrèrè","Gninagourou",2023,0.56667423248291
"Borgou","Pèrèrè","Gninagourou",2024,2.25684404373169
"Borgou","Pèrèrè","Gninsy",2012,0
"Borgou","Pèrèrè","Gninsy",2013,0
"Borgou","Pèrèrè","Gninsy",2015,0
"Borgou","Pèrèrè","Gninsy",2017,0
"Borgou","Pèrèrè","Gninsy",2018,0
"Borgou","Pèrèrè","Gninsy",2019,0
"Borgou","Pèrèrè","Gninsy",2020,0
"Borgou","Pèrèrè","Gninsy",2021,0
"Borgou","Pèrèrè","Gninsy",2022,0
"Borgou","Pèrèrè","Gninsy",2023,0
"Borgou","Pèrèrè","Gninsy",2024,1.2394654750824
"Borgou","Pèrèrè","Kpané",2012,0
"Borgou","Pèrèrè","Kpané",2013,0
"Borgou","Pèrèrè","Kpané",2015,0
"Borgou","Pèrèrè","Kpané",2017,0
"Borgou","Pèrèrè","Kpané",2018,0
"Borgou","Pèrèrè","Kpané",2019,0
"Borgou","Pèrèrè","Kpané",2020,0
"Borgou","Pèrèrè","Kpané",2021,0
"Borgou","Pèrèrè","Kpané",2022,0
"Borgou","Pèrèrè","Kpané",2023,0
"Borgou","Pèrèrè","Kpané",2024,0.51929897069931
"Borgou","Pèrèrè","Pèrèrè",2012,16.3077716827393
"Borgou","Pèrèrè","Pèrèrè",2013,14.2877902984619
"Borgou","Pèrèrè","Pèrèrè",2015,12.5976219177246
"Borgou","Pèrèrè","Pèrèrè",2017,13.0145769119263
"Borgou","Pèrèrè","Pèrèrè",2018,14.915283203125
"Borgou","Pèrèrè","Pèrèrè",2019,9.01728534698486
"Borgou","Pèrèrè","Pèrèrè",2020,10.4243230819702
"Borgou","Pèrèrè","Pèrèrè",2021,12.6763172149658
"Borgou","Pèrèrè","Pèrèrè",2022,17.606897354126
"Borgou","Pèrèrè","Pèrèrè",2023,17.5088043212891
"Borgou","Pèrèrè","Pèrèrè",2024,25.4152145385742
"Borgou","Pèrèrè","Pébié",2012,0
"Borgou","Pèrèrè","Pébié",2013,0
"Borgou","Pèrèrè","Pébié",2015,0
"Borgou","Pèrèrè","Pébié",2017,0
"Borgou","Pèrèrè","Pébié",2018,0
"Borgou","Pèrèrè","Pébié",2019,0
"Borgou","Pèrèrè","Pébié",2020,0
"Borgou","Pèrèrè","Pébié",2021,0
"Borgou","Pèrèrè","Pébié",2022,0
"Borgou","Pèrèrè","Pébié",2023,0
"Borgou","Pèrèrè","Pébié",2024,0.502428412437439
"Borgou","Pèrèrè","Sontou",2012,0
"Borgou","Pèrèrè","Sontou",2013,0
"Borgou","Pèrèrè","Sontou",2015,0
"Borgou","Pèrèrè","Sontou",2017,0
"Borgou","Pèrèrè","Sontou",2018,0
"Borgou","Pèrèrè","Sontou",2019,0
"Borgou","Pèrèrè","Sontou",2020,0
"Borgou","Pèrèrè","Sontou",2021,0
"Borgou","Pèrèrè","Sontou",2022,0
"Borgou","Pèrèrè","Sontou",2023,2.05624794960022
"Borgou","Pèrèrè","Sontou",2024,3.66463804244995
"Borgou","Sinendé","Fô-Bourè",2012,0
"Borgou","Sinendé","Fô-Bourè",2013,0
"Borgou","Sinendé","Fô-Bourè",2015,0
"Borgou","Sinendé","Fô-Bourè",2017,0
"Borgou","Sinendé","Fô-Bourè",2018,0
"Borgou","Sinendé","Fô-Bourè",2019,0
"Borgou","Sinendé","Fô-Bourè",2020,0
"Borgou","Sinendé","Fô-Bourè",2021,0
"Borgou","Sinendé","Fô-Bourè",2022,2.41229629516602
"Borgou","Sinendé","Fô-Bourè",2023,2.82932901382446
"Borgou","Sinendé","Fô-Bourè",2024,3.2222146987915
"Borgou","Sinendé","Sikki",2012,0
"Borgou","Sinendé","Sikki",2013,0
"Borgou","Sinendé","Sikki",2015,2.37022995948792
"Borgou","Sinendé","Sikki",2017,0
"Borgou","Sinendé","Sikki",2018,0
"Borgou","Sinendé","Sikki",2019,0
"Borgou","Sinendé","Sikki",2020,0
"Borgou","Sinendé","Sikki",2021,0
"Borgou","Sinendé","Sikki",2022,9.41993618011475
"Borgou","Sinendé","Sikki",2023,16.4714984893799
"Borgou","Sinendé","Sikki",2024,20.9761295318604
"Borgou","Sinendé","Sinendé",2012,0
"Borgou","Sinendé","Sinendé",2013,1.09130811691284
"Borgou","Sinendé","Sinendé",2015,8.56297206878662
"Borgou","Sinendé","Sinendé",2017,15.6164388656616
"Borgou","Sinendé","Sinendé",2018,15.1219396591187
"Borgou","Sinendé","Sinendé",2019,12.314546585083
"Borgou","Sinendé","Sinendé",2020,12.9221172332764
"Borgou","Sinendé","Sinendé",2021,19.597900390625
"Borgou","Sinendé","Sinendé",2022,60.6871871948242
"Borgou","Sinendé","Sinendé",2023,73.4740142822266
"Borgou","Sinendé","Sinendé",2024,77.0175933837891
"Borgou","Sinendé","Sèkèrè",2012,0
"Borgou","Sinendé","Sèkèrè",2013,0
"Borgou","Sinendé","Sèkèrè",2015,1.34883165359497
"Borgou","Sinendé","Sèkèrè",2017,3.73731398582458
"Borgou","Sinendé","Sèkèrè",2018,3.2369065284729
"Borgou","Sinendé","Sèkèrè",2019,5.46265125274658
"Borgou","Sinendé","Sèkèrè",2020,9.53398990631104
"Borgou","Sinendé","Sèkèrè",2021,8.10519123077393
"Borgou","Sinendé","Sèkèrè",2022,28.7240676879883
"Borgou","Sinendé","Sèkèrè",2023,26.0689830780029
"Borgou","Sinendé","Sèkèrè",2024,37.031681060791
"Borgou","Tchaourou","Alafiarou",2012,0
"Borgou","Tchaourou","Alafiarou",2013,0
"Borgou","Tchaourou","Alafiarou",2015,0
"Borgou","Tchaourou","Alafiarou",2017,0
"Borgou","Tchaourou","Alafiarou",2018,0
"Borgou","Tchaourou","Alafiarou",2019,0
"Borgou","Tchaourou","Alafiarou",2020,0
"Borgou","Tchaourou","Alafiarou",2021,0
"Borgou","Tchaourou","Alafiarou",2022,4.87358951568604
"Borgou","Tchaourou","Alafiarou",2023,6.87625598907471
"Borgou","Tchaourou","Alafiarou",2024,6.81768560409546
"Borgou","Tchaourou","Bétérou",2012,0
"Borgou","Tchaourou","Bétérou",2013,16.0519638061523
"Borgou","Tchaourou","Bétérou",2015,41.8783264160156
"Borgou","Tchaourou","Bétérou",2017,47.0431518554688
"Borgou","Tchaourou","Bétérou",2018,44.8466453552246
"Borgou","Tchaourou","Bétérou",2019,37.9989356994629
"Borgou","Tchaourou","Bétérou",2020,24.6494941711426
"Borgou","Tchaourou","Bétérou",2021,17.1109352111816
"Borgou","Tchaourou","Bétérou",2022,22.1441173553467
"Borgou","Tchaourou","Bétérou",2023,21.1506233215332
"Borgou","Tchaourou","Bétérou",2024,20.9690704345703
"Borgou","Tchaourou","Goro",2012,0
"Borgou","Tchaourou","Goro",2013,0
"Borgou","Tchaourou","Goro",2015,3.53222489356995
"Borgou","Tchaourou","Goro",2017,2.12696766853333
"Borgou","Tchaourou","Goro",2018,0
"Borgou","Tchaourou","Goro",2019,0
"Borgou","Tchaourou","Goro",2020,1.16624522209167
"Borgou","Tchaourou","Goro",2021,0.593833267688751
"Borgou","Tchaourou","Goro",2022,3.69356489181519
"Borgou","Tchaourou","Goro",2023,1.86849975585938
"Borgou","Tchaourou","Goro",2024,0.697260200977325
"Borgou","Tchaourou","Kika",2012,0
"Borgou","Tchaourou","Kika",2013,0
"Borgou","Tchaourou","Kika",2015,2.66280031204224
"Borgou","Tchaourou","Kika",2017,3.95624399185181
"Borgou","Tchaourou","Kika",2018,1.07185137271881
"Borgou","Tchaourou","Kika",2019,0.563372433185577
"Borgou","Tchaourou","Kika",2020,2.12625002861023
"Borgou","Tchaourou","Kika",2021,2.20624041557312
"Borgou","Tchaourou","Kika",2022,8.96066570281982
"Borgou","Tchaourou","Kika",2023,7.73903703689575
"Borgou","Tchaourou","Kika",2024,12.7973470687866
"Borgou","Tchaourou","Sanson",2012,0
"Borgou","Tchaourou","Sanson",2013,4.2162652015686
"Borgou","Tchaourou","Sanson",2015,14.0678091049194
"Borgou","Tchaourou","Sanson",2017,20.9160041809082
"Borgou","Tchaourou","Sanson",2018,14.5416870117188
"Borgou","Tchaourou","Sanson",2019,12.1557893753052
"Borgou","Tchaourou","Sanson",2020,10.6813335418701
"Borgou","Tchaourou","Sanson",2021,10.2106456756592
"Borgou","Tchaourou","Sanson",2022,23.2490291595459
"Borgou","Tchaourou","Sanson",2023,13.7871513366699
"Borgou","Tchaourou","Sanson",2024,9.10586166381836
"Borgou","Tchaourou","Tchaorou",2012,53.9559440612793
"Borgou","Tchaourou","Tchaorou",2013,54.3850898742676
"Borgou","Tchaourou","Tchaorou",2015,59.0654945373535
"Borgou","Tchaourou","Tchaorou",2017,105.005905151367
"Borgou","Tchaourou","Tchaorou",2018,95.4358825683594
"Borgou","Tchaourou","Tchaorou",2019,78.0661392211914
"Borgou","Tchaourou","Tchaorou",2020,61.0796966552734
"Borgou","Tchaourou","Tchaorou",2021,58.4298973083496
"Borgou","Tchaourou","Tchaorou",2022,93.9851226806641
"Borgou","Tchaourou","Tchaorou",2023,87.6245193481445
"Borgou","Tchaourou","Tchaorou",2024,123.695045471191
"Borgou","Tchaourou","Tchatchou",2012,2.549072265625
"Borgou","Tchaourou","Tchatchou",2013,0
"Borgou","Tchaourou","Tchatchou",2015,6.26319599151611
"Borgou","Tchaourou","Tchatchou",2017,11.4518823623657
"Borgou","Tchaourou","Tchatchou",2018,8.79192733764648
"Borgou","Tchaourou","Tchatchou",2019,4.92950677871704
"Borgou","Tchaourou","Tchatchou",2020,5.35822582244873
"Borgou","Tchaourou","Tchatchou",2021,5.07280874252319
"Borgou","Tchaourou","Tchatchou",2022,38.7371101379395
"Borgou","Tchaourou","Tchatchou",2023,52.6910514831543
"Borgou","Tchaourou","Tchatchou",2024,134.905014038086
"Collines","Bantè","Agoua",2012,0
"Collines","Bantè","Agoua",2013,0.531291007995605
"Collines","Bantè","Agoua",2015,0
"Collines","Bantè","Agoua",2017,1.21084976196289
"Collines","Bantè","Agoua",2018,0
"Collines","Bantè","Agoua",2019,0
"Collines","Bantè","Agoua",2020,0.567762315273285
"Collines","Bantè","Agoua",2021,0
"Collines","Bantè","Agoua",2022,3.0252833366394
"Collines","Bantè","Agoua",2023,3.94274711608887
"Collines","Bantè","Agoua",2024,4.50607585906982
"Collines","Bantè","Akpassi",2012,0
"Collines","Bantè","Akpassi",2013,0
"Collines","Bantè","Akpassi",2015,0
"Collines","Bantè","Akpassi",2017,2.62069988250732
"Collines","Bantè","Akpassi",2018,0
"Collines","Bantè","Akpassi",2019,0
"Collines","Bantè","Akpassi",2020,0
"Collines","Bantè","Akpassi",2021,0
"Collines","Bantè","Akpassi",2022,1.35943806171417
"Collines","Bantè","Akpassi",2023,1.98351979255676
"Collines","Bantè","Akpassi",2024,3.77851462364197
"Collines","Bantè","Atocoligbé",2012,4.36065244674683
"Collines","Bantè","Atocoligbé",2013,3.27993440628052
"Collines","Bantè","Atocoligbé",2015,4.44711542129517
"Collines","Bantè","Atocoligbé",2017,2.71221804618835
"Collines","Bantè","Atocoligbé",2018,3.10131001472473
"Collines","Bantè","Atocoligbé",2019,1.02104902267456
"Collines","Bantè","Atocoligbé",2020,1.06693434715271
"Collines","Bantè","Atocoligbé",2021,2.2848949432373
"Collines","Bantè","Atocoligbé",2022,3.46159291267395
"Collines","Bantè","Atocoligbé",2023,6.19775867462158
"Collines","Bantè","Atocoligbé",2024,8.19800567626953
"Collines","Bantè","Bantè",2012,19.9144763946533
"Collines","Bantè","Bantè",2013,14.0046625137329
"Collines","Bantè","Bantè",2015,13.0768070220947
"Collines","Bantè","Bantè",2017,12.3245115280151
"Collines","Bantè","Bantè",2018,13.4847221374512
"Collines","Bantè","Bantè",2019,5.87418270111084
"Collines","Bantè","Bantè",2020,11.1180601119995
"Collines","Bantè","Bantè",2021,15.2474117279053
"Collines","Bantè","Bantè",2022,40.3547782897949
"Collines","Bantè","Bantè",2023,37.8247146606445
"Collines","Bantè","Bantè",2024,59.6073722839355
"Collines","Bantè","Bobè",2012,0
"Collines","Bantè","Bobè",2013,0
"Collines","Bantè","Bobè",2015,0
"Collines","Bantè","Bobè",2017,0
"Collines","Bantè","Bobè",2018,0
"Collines","Bantè","Bobè",2019,0
"Collines","Bantè","Bobè",2020,0
"Collines","Bantè","Bobè",2021,0
"Collines","Bantè","Bobè",2022,0
"Collines","Bantè","Bobè",2023,0
"Collines","Bantè","Bobè",2024,0
"Collines","Bantè","Gouka",2012,0
"Collines","Bantè","Gouka",2013,1.27200436592102
"Collines","Bantè","Gouka",2015,1.27440929412842
"Collines","Bantè","Gouka",2017,0.569526255130768
"Collines","Bantè","Gouka",2018,1.78046107292175
"Collines","Bantè","Gouka",2019,0.65003377199173
"Collines","Bantè","Gouka",2020,1.30676782131195
"Collines","Bantè","Gouka",2021,2.17943286895752
"Collines","Bantè","Gouka",2022,5.88607263565063
"Collines","Bantè","Gouka",2023,11.7323513031006
"Collines","Bantè","Gouka",2024,11.9021558761597
"Collines","Bantè","Koko",2012,0
"Collines","Bantè","Koko",2013,0
"Collines","Bantè","Koko",2015,0
"Collines","Bantè","Koko",2017,0
"Collines","Bantè","Koko",2018,0
"Collines","Bantè","Koko",2019,0
"Collines","Bantè","Koko",2020,0
"Collines","Bantè","Koko",2021,0
"Collines","Bantè","Koko",2022,1.75198590755463
"Collines","Bantè","Koko",2023,2.53182291984558
"Collines","Bantè","Koko",2024,8.40626811981201
"Collines","Bantè","Lougba",2012,0
"Collines","Bantè","Lougba",2013,0
"Collines","Bantè","Lougba",2015,0
"Collines","Bantè","Lougba",2017,0
"Collines","Bantè","Lougba",2018,0
"Collines","Bantè","Lougba",2019,0
"Collines","Bantè","Lougba",2020,0
"Collines","Bantè","Lougba",2021,0
"Collines","Bantè","Lougba",2022,0
"Collines","Bantè","Lougba",2023,0
"Collines","Bantè","Lougba",2024,0
"Collines","Bantè","Pira",2012,12.6141986846924
"Collines","Bantè","Pira",2013,10.9503927230835
"Collines","Bantè","Pira",2015,10.2252159118652
"Collines","Bantè","Pira",2017,1.39056825637817
"Collines","Bantè","Pira",2018,1.02348756790161
"Collines","Bantè","Pira",2019,0.510109305381775
"Collines","Bantè","Pira",2020,1.24460101127625
"Collines","Bantè","Pira",2021,2.05939626693726
"Collines","Bantè","Pira",2022,7.86664724349976
"Collines","Bantè","Pira",2023,17.4025573730469
"Collines","Bantè","Pira",2024,17.7670993804932
"Collines","Dassa-Zoumè","Akofodjoulè",2012,0
"Collines","Dassa-Zoumè","Akofodjoulè",2013,0
"Collines","Dassa-Zoumè","Akofodjoulè",2015,0
"Collines","Dassa-Zoumè","Akofodjoulè",2017,0
"Collines","Dassa-Zoumè","Akofodjoulè",2018,0
"Collines","Dassa-Zoumè","Akofodjoulè",2019,0
"Collines","Dassa-Zoumè","Akofodjoulè",2020,0
"Collines","Dassa-Zoumè","Akofodjoulè",2021,0
"Collines","Dassa-Zoumè","Akofodjoulè",2022,0
"Collines","Dassa-Zoumè","Akofodjoulè",2023,0
"Collines","Dassa-Zoumè","Akofodjoulè",2024,0
"Collines","Dassa-Zoumè","Dassa I",2012,20.1141414642334
"Collines","Dassa-Zoumè","Dassa I",2013,17.1914329528809
"Collines","Dassa-Zoumè","Dassa I",2015,21.1856651306152
"Collines","Dassa-Zoumè","Dassa I",2017,19.8047657012939
"Collines","Dassa-Zoumè","Dassa I",2018,20.3125667572021
"Collines","Dassa-Zoumè","Dassa I",2019,18.6898250579834
"Collines","Dassa-Zoumè","Dassa I",2020,28.7284984588623
"Collines","Dassa-Zoumè","Dassa I",2021,30.6580543518066
"Collines","Dassa-Zoumè","Dassa I",2022,47.5535087585449
"Collines","Dassa-Zoumè","Dassa I",2023,56.4394302368164
"Collines","Dassa-Zoumè","Dassa I",2024,82.926399230957
"Collines","Dassa-Zoumè","Dassa II",2012,38.2448120117188
"Collines","Dassa-Zoumè","Dassa II",2013,34.0066528320312
"Collines","Dassa-Zoumè","Dassa II",2015,40.1318359375
"Collines","Dassa-Zoumè","Dassa II",2017,35.449462890625
"Collines","Dassa-Zoumè","Dassa II",2018,38.691032409668
"Collines","Dassa-Zoumè","Dassa II",2019,33.5349273681641
"Collines","Dassa-Zoumè","Dassa II",2020,44.7740097045898
"Collines","Dassa-Zoumè","Dassa II",2021,48.0305061340332
"Collines","Dassa-Zoumè","Dassa II",2022,71.7240982055664
"Collines","Dassa-Zoumè","Dassa II",2023,83.9225845336914
"Collines","Dassa-Zoumè","Dassa II",2024,106.461990356445
"Collines","Dassa-Zoumè","Gbaffo",2012,0
"Collines","Dassa-Zoumè","Gbaffo",2013,0.50497168302536
"Collines","Dassa-Zoumè","Gbaffo",2015,2.36235666275024
"Collines","Dassa-Zoumè","Gbaffo",2017,0
"Collines","Dassa-Zoumè","Gbaffo",2018,0
"Collines","Dassa-Zoumè","Gbaffo",2019,0
"Collines","Dassa-Zoumè","Gbaffo",2020,0.521648347377777
"Collines","Dassa-Zoumè","Gbaffo",2021,0.559765160083771
"Collines","Dassa-Zoumè","Gbaffo",2022,2.68580508232117
"Collines","Dassa-Zoumè","Gbaffo",2023,2.91430044174194
"Collines","Dassa-Zoumè","Gbaffo",2024,6.96216011047363
"Collines","Dassa-Zoumè","Kpingni",2012,0.358028829097748
"Collines","Dassa-Zoumè","Kpingni",2013,0.0355143584311008
"Collines","Dassa-Zoumè","Kpingni",2015,2.5758490562439
"Collines","Dassa-Zoumè","Kpingni",2017,0.648216664791107
"Collines","Dassa-Zoumè","Kpingni",2018,2.6302649974823
"Collines","Dassa-Zoumè","Kpingni",2019,0.892449796199799
"Collines","Dassa-Zoumè","Kpingni",2020,1.73110747337341
"Collines","Dassa-Zoumè","Kpingni",2021,1.77103435993195
"Collines","Dassa-Zoumè","Kpingni",2022,12.7267065048218
"Collines","Dassa-Zoumè","Kpingni",2023,17.4499130249023
"Collines","Dassa-Zoumè","Kpingni",2024,24.6501789093018
"Collines","Dassa-Zoumè","Kèrè",2012,0
"Collines","Dassa-Zoumè","Kèrè",2013,0
"Collines","Dassa-Zoumè","Kèrè",2015,3.16802430152893
"Collines","Dassa-Zoumè","Kèrè",2017,0.696183800697327
"Collines","Dassa-Zoumè","Kèrè",2018,2.63722324371338
"Collines","Dassa-Zoumè","Kèrè",2019,0.921371579170227
"Collines","Dassa-Zoumè","Kèrè",2020,1.19057643413544
"Collines","Dassa-Zoumè","Kèrè",2021,0.112498067319393
"Collines","Dassa-Zoumè","Kèrè",2022,1.6061977148056
"Collines","Dassa-Zoumè","Kèrè",2023,1.4147675037384
"Collines","Dassa-Zoumè","Kèrè",2024,8.38353061676025
"Collines","Dassa-Zoumè","Lèma",2012,0
"Collines","Dassa-Zoumè","Lèma",2013,0.534717500209808
"Collines","Dassa-Zoumè","Lèma",2015,2.74758911132812
"Collines","Dassa-Zoumè","Lèma",2017,0.556714475154877
"Collines","Dassa-Zoumè","Lèma",2018,0.563802897930145
"Collines","Dassa-Zoumè","Lèma",2019,0
"Collines","Dassa-Zoumè","Lèma",2020,0
"Collines","Dassa-Zoumè","Lèma",2021,0
"Collines","Dassa-Zoumè","Lèma",2022,0.251458495855331
"Collines","Dassa-Zoumè","Lèma",2023,1.21675610542297
"Collines","Dassa-Zoumè","Lèma",2024,4.49129152297974
"Collines","Dassa-Zoumè","Paouingnan",2012,7.03662204742432
"Collines","Dassa-Zoumè","Paouingnan",2013,4.65456247329712
"Collines","Dassa-Zoumè","Paouingnan",2015,8.92562866210938
"Collines","Dassa-Zoumè","Paouingnan",2017,11.1333255767822
"Collines","Dassa-Zoumè","Paouingnan",2018,11.7763833999634
"Collines","Dassa-Zoumè","Paouingnan",2019,8.05778312683105
"Collines","Dassa-Zoumè","Paouingnan",2020,9.49519157409668
"Collines","Dassa-Zoumè","Paouingnan",2021,6.49401044845581
"Collines","Dassa-Zoumè","Paouingnan",2022,16.9779071807861
"Collines","Dassa-Zoumè","Paouingnan",2023,19.4220027923584
"Collines","Dassa-Zoumè","Paouingnan",2024,39.059383392334
"Collines","Dassa-Zoumè","Soclogbo",2012,0
"Collines","Dassa-Zoumè","Soclogbo",2013,0
"Collines","Dassa-Zoumè","Soclogbo",2015,0
"Collines","Dassa-Zoumè","Soclogbo",2017,0
"Collines","Dassa-Zoumè","Soclogbo",2018,0
"Collines","Dassa-Zoumè","Soclogbo",2019,0
"Collines","Dassa-Zoumè","Soclogbo",2020,0
"Collines","Dassa-Zoumè","Soclogbo",2021,0.571323335170746
"Collines","Dassa-Zoumè","Soclogbo",2022,1.14989686012268
"Collines","Dassa-Zoumè","Soclogbo",2023,0.512637913227081
"Collines","Dassa-Zoumè","Soclogbo",2024,1.57254481315613
"Collines","Dassa-Zoumè","Tré",2012,0.0401435419917107
"Collines","Dassa-Zoumè","Tré",2013,0.0367674864828587
"Collines","Dassa-Zoumè","Tré",2015,0.153367534279823
"Collines","Dassa-Zoumè","Tré",2017,0.0427383556962013
"Collines","Dassa-Zoumè","Tré",2018,0.151716843247414
"Collines","Dassa-Zoumè","Tré",2019,0.692570328712463
"Collines","Dassa-Zoumè","Tré",2020,0.15305233001709
"Collines","Dassa-Zoumè","Tré",2021,0.0319810137152672
"Collines","Dassa-Zoumè","Tré",2022,0.665652453899384
"Collines","Dassa-Zoumè","Tré",2023,0.433485567569733
"Collines","Dassa-Zoumè","Tré",2024,7.08748006820679
"Collines","Glazoué","Aklanpka",2012,0
"Collines","Glazoué","Aklanpka",2013,0
"Collines","Glazoué","Aklanpka",2015,8.52414894104004
"Collines","Glazoué","Aklanpka",2017,0.539712727069855
"Collines","Glazoué","Aklanpka",2018,1.64579629898071
"Collines","Glazoué","Aklanpka",2019,2.80619239807129
"Collines","Glazoué","Aklanpka",2020,5.46488285064697
"Collines","Glazoué","Aklanpka",2021,6.75275802612305
"Collines","Glazoué","Aklanpka",2022,19.2098407745361
"Collines","Glazoué","Aklanpka",2023,14.5233116149902
"Collines","Glazoué","Aklanpka",2024,13.9643297195435
"Collines","Glazoué","Assanté",2012,0
"Collines","Glazoué","Assanté",2013,0
"Collines","Glazoué","Assanté",2015,0
"Collines","Glazoué","Assanté",2017,0
"Collines","Glazoué","Assanté",2018,0
"Collines","Glazoué","Assanté",2019,1.37751245498657
"Collines","Glazoué","Assanté",2020,0
"Collines","Glazoué","Assanté",2021,0
"Collines","Glazoué","Assanté",2022,0
"Collines","Glazoué","Assanté",2023,2.35836744308472
"Collines","Glazoué","Assanté",2024,2.58471298217773
"Collines","Glazoué","Glazoué",2012,17.2079830169678
"Collines","Glazoué","Glazoué",2013,20.2570877075195
"Collines","Glazoué","Glazoué",2015,29.1765689849854
"Collines","Glazoué","Glazoué",2017,32.0193672180176
"Collines","Glazoué","Glazoué",2018,49.350269317627
"Collines","Glazoué","Glazoué",2019,42.9160423278809
"Collines","Glazoué","Glazoué",2020,62.9103202819824
"Collines","Glazoué","Glazoué",2021,68.2821960449219
"Collines","Glazoué","Glazoué",2022,105.815864562988
"Collines","Glazoué","Glazoué",2023,117.676109313965
"Collines","Glazoué","Glazoué",2024,162.158187866211
"Collines","Glazoué","Gomè",2012,1.17781865596771
"Collines","Glazoué","Gomè",2013,1.6733466386795
"Collines","Glazoué","Gomè",2015,3.64723086357117
"Collines","Glazoué","Gomè",2017,5.15961885452271
"Collines","Glazoué","Gomè",2018,4.78602695465088
"Collines","Glazoué","Gomè",2019,3.11995053291321
"Collines","Glazoué","Gomè",2020,4.12314033508301
"Collines","Glazoué","Gomè",2021,2.03560590744019
"Collines","Glazoué","Gomè",2022,9.84840106964111
"Collines","Glazoué","Gomè",2023,11.0828104019165
"Collines","Glazoué","Gomè",2024,15.4333572387695
"Collines","Glazoué","Kpakpaza",2012,0
"Collines","Glazoué","Kpakpaza",2013,0
"Collines","Glazoué","Kpakpaza",2015,0.500082492828369
"Collines","Glazoué","Kpakpaza",2017,1.30839765071869
"Collines","Glazoué","Kpakpaza",2018,0
"Collines","Glazoué","Kpakpaza",2019,0
"Collines","Glazoué","Kpakpaza",2020,0.544326305389404
"Collines","Glazoué","Kpakpaza",2021,0.616673529148102
"Collines","Glazoué","Kpakpaza",2022,8.93049716949463
"Collines","Glazoué","Kpakpaza",2023,3.15878415107727
"Collines","Glazoué","Kpakpaza",2024,1.715740442276
"Collines","Glazoué","Magoumi",2012,0.116139598190784
"Collines","Glazoué","Magoumi",2013,0.517784059047699
"Collines","Glazoué","Magoumi",2015,2.87148356437683
"Collines","Glazoué","Magoumi",2017,0.398388683795929
"Collines","Glazoué","Magoumi",2018,0.302588880062103
"Collines","Glazoué","Magoumi",2019,0
"Collines","Glazoué","Magoumi",2020,0
"Collines","Glazoué","Magoumi",2021,0.755907952785492
"Collines","Glazoué","Magoumi",2022,19.2557125091553
"Collines","Glazoué","Magoumi",2023,19.1693954467773
"Collines","Glazoué","Magoumi",2024,19.957986831665
"Collines","Glazoué","Ouèdèmè",2012,6.60460424423218
"Collines","Glazoué","Ouèdèmè",2013,12.8836421966553
"Collines","Glazoué","Ouèdèmè",2015,9.19961738586426
"Collines","Glazoué","Ouèdèmè",2017,9.36963844299316
"Collines","Glazoué","Ouèdèmè",2018,6.6739616394043
"Collines","Glazoué","Ouèdèmè",2019,2.60202574729919
"Collines","Glazoué","Ouèdèmè",2020,2.32328081130981
"Collines","Glazoué","Ouèdèmè",2021,2.76812815666199
"Collines","Glazoué","Ouèdèmè",2022,5.67352867126465
"Collines","Glazoué","Ouèdèmè",2023,7.38454484939575
"Collines","Glazoué","Ouèdèmè",2024,9.19737815856934
"Collines","Glazoué","Sokponta",2012,0.505515694618225
"Collines","Glazoué","Sokponta",2013,0.515464186668396
"Collines","Glazoué","Sokponta",2015,1.09536719322205
"Collines","Glazoué","Sokponta",2017,0.418593645095825
"Collines","Glazoué","Sokponta",2018,0.694976389408112
"Collines","Glazoué","Sokponta",2019,0.199682742357254
"Collines","Glazoué","Sokponta",2020,0.122960738837719
"Collines","Glazoué","Sokponta",2021,0.116799637675285
"Collines","Glazoué","Sokponta",2022,1.46938681602478
"Collines","Glazoué","Sokponta",2023,1.58446037769318
"Collines","Glazoué","Sokponta",2024,3.79996180534363
"Collines","Glazoué","Thio",2012,2.84124445915222
"Collines","Glazoué","Thio",2013,6.81370782852173
"Collines","Glazoué","Thio",2015,5.46518898010254
"Collines","Glazoué","Thio",2017,4.69956254959106
"Collines","Glazoué","Thio",2018,3.11512064933777
"Collines","Glazoué","Thio",2019,3.69044923782349
"Collines","Glazoué","Thio",2020,3.67910099029541
"Collines","Glazoué","Thio",2021,2.15841388702393
"Collines","Glazoué","Thio",2022,9.10640144348145
"Collines","Glazoué","Thio",2023,10.1335983276367
"Collines","Glazoué","Thio",2024,11.5024309158325
"Collines","Glazoué","Zaffé",2012,0
"Collines","Glazoué","Zaffé",2013,0
"Collines","Glazoué","Zaffé",2015,1.56610298156738
"Collines","Glazoué","Zaffé",2017,3.21470737457275
"Collines","Glazoué","Zaffé",2018,0.743379890918732
"Collines","Glazoué","Zaffé",2019,0.878860056400299
"Collines","Glazoué","Zaffé",2020,4.36195707321167
"Collines","Glazoué","Zaffé",2021,4.38722848892212
"Collines","Glazoué","Zaffé",2022,13.9841337203979
"Collines","Glazoué","Zaffé",2023,21.6540489196777
"Collines","Glazoué","Zaffé",2024,31.4866905212402
"Collines","Ouèssè","Challa-Ogoi",2012,0
"Collines","Ouèssè","Challa-Ogoi",2013,0
"Collines","Ouèssè","Challa-Ogoi",2015,0
"Collines","Ouèssè","Challa-Ogoi",2017,0
"Collines","Ouèssè","Challa-Ogoi",2018,7.5401554107666
"Collines","Ouèssè","Challa-Ogoi",2019,2.57168793678284
"Collines","Ouèssè","Challa-Ogoi",2020,2.74122142791748
"Collines","Ouèssè","Challa-Ogoi",2021,1.92874825000763
"Collines","Ouèssè","Challa-Ogoi",2022,2.33752346038818
"Collines","Ouèssè","Challa-Ogoi",2023,2.7241063117981
"Collines","Ouèssè","Challa-Ogoi",2024,4.01854658126831
"Collines","Ouèssè","Djègbè",2012,0
"Collines","Ouèssè","Djègbè",2013,0
"Collines","Ouèssè","Djègbè",2015,0
"Collines","Ouèssè","Djègbè",2017,0
"Collines","Ouèssè","Djègbè",2018,0
"Collines","Ouèssè","Djègbè",2019,0
"Collines","Ouèssè","Djègbè",2020,0
"Collines","Ouèssè","Djègbè",2021,0
"Collines","Ouèssè","Djègbè",2022,0
"Collines","Ouèssè","Djègbè",2023,0
"Collines","Ouèssè","Djègbè",2024,0
"Collines","Ouèssè","Gbanlin",2012,0
"Collines","Ouèssè","Gbanlin",2013,0
"Collines","Ouèssè","Gbanlin",2015,0
"Collines","Ouèssè","Gbanlin",2017,0
"Collines","Ouèssè","Gbanlin",2018,0
"Collines","Ouèssè","Gbanlin",2019,0
"Collines","Ouèssè","Gbanlin",2020,0
"Collines","Ouèssè","Gbanlin",2021,0
"Collines","Ouèssè","Gbanlin",2022,0
"Collines","Ouèssè","Gbanlin",2023,0
"Collines","Ouèssè","Gbanlin",2024,0
"Collines","Ouèssè","Kilibo",2012,0
"Collines","Ouèssè","Kilibo",2013,5.16143131256104
"Collines","Ouèssè","Kilibo",2015,2.38999509811401
"Collines","Ouèssè","Kilibo",2017,1.05082130432129
"Collines","Ouèssè","Kilibo",2018,0.533921539783478
"Collines","Ouèssè","Kilibo",2019,0.509890198707581
"Collines","Ouèssè","Kilibo",2020,1.08692729473114
"Collines","Ouèssè","Kilibo",2021,2.6177659034729
"Collines","Ouèssè","Kilibo",2022,8.18410682678223
"Collines","Ouèssè","Kilibo",2023,9.89346027374268
"Collines","Ouèssè","Kilibo",2024,14.873119354248
"Collines","Ouèssè","Kèmon",2012,0
"Collines","Ouèssè","Kèmon",2013,1.43941986560822
"Collines","Ouèssè","Kèmon",2015,7.27577590942383
"Collines","Ouèssè","Kèmon",2017,0
"Collines","Ouèssè","Kèmon",2018,0.668489933013916
"Collines","Ouèssè","Kèmon",2019,4.21401166915894
"Collines","Ouèssè","Kèmon",2020,5.5721869468689
"Collines","Ouèssè","Kèmon",2021,6.06871891021729
"Collines","Ouèssè","Kèmon",2022,2.01272916793823
"Collines","Ouèssè","Kèmon",2023,2.44948387145996
"Collines","Ouèssè","Kèmon",2024,5.43174409866333
"Collines","Ouèssè","Laminou",2012,11.0890884399414
"Collines","Ouèssè","Laminou",2013,6.73370933532715
"Collines","Ouèssè","Laminou",2015,5.26894617080688
"Collines","Ouèssè","Laminou",2017,6.68266487121582
"Collines","Ouèssè","Laminou",2018,11.3918571472168
"Collines","Ouèssè","Laminou",2019,8.62875366210938
"Collines","Ouèssè","Laminou",2020,7.54264497756958
"Collines","Ouèssè","Laminou",2021,8.13089179992676
"Collines","Ouèssè","Laminou",2022,20.9197845458984
"Collines","Ouèssè","Laminou",2023,21.1809635162354
"Collines","Ouèssè","Laminou",2024,20.4857997894287
"Collines","Ouèssè","Odougba",2012,5.29373121261597
"Collines","Ouèssè","Odougba",2013,2.58505821228027
"Collines","Ouèssè","Odougba",2015,3.95560836791992
"Collines","Ouèssè","Odougba",2017,0
"Collines","Ouèssè","Odougba",2018,0.344413071870804
"Collines","Ouèssè","Odougba",2019,0.0415085405111313
"Collines","Ouèssè","Odougba",2020,0
"Collines","Ouèssè","Odougba",2021,1.02398800849915
"Collines","Ouèssè","Odougba",2022,8.61477088928223
"Collines","Ouèssè","Odougba",2023,9.81104946136475
"Collines","Ouèssè","Odougba",2024,10.1028528213501
"Collines","Ouèssè","Ouèssè",2012,11.1957921981812
"Collines","Ouèssè","Ouèssè",2013,6.33139657974243
"Collines","Ouèssè","Ouèssè",2015,9.89678764343262
"Collines","Ouèssè","Ouèssè",2017,8.70229339599609
"Collines","Ouèssè","Ouèssè",2018,12.0219898223877
"Collines","Ouèssè","Ouèssè",2019,11.0954437255859
"Collines","Ouèssè","Ouèssè",2020,10.2571897506714
"Collines","Ouèssè","Ouèssè",2021,13.9118499755859
"Collines","Ouèssè","Ouèssè",2022,29.7695274353027
"Collines","Ouèssè","Ouèssè",2023,27.7600975036621
"Collines","Ouèssè","Ouèssè",2024,32.7375869750977
"Collines","Ouèssè","Toui",2012,0
"Collines","Ouèssè","Toui",2013,0.578665554523468
"Collines","Ouèssè","Toui",2015,2.72023773193359
"Collines","Ouèssè","Toui",2017,2.88672137260437
"Collines","Ouèssè","Toui",2018,3.09864902496338
"Collines","Ouèssè","Toui",2019,0.604007840156555
"Collines","Ouèssè","Toui",2020,2.14743232727051
"Collines","Ouèssè","Toui",2021,0.707836806774139
"Collines","Ouèssè","Toui",2022,6.53280115127563
"Collines","Ouèssè","Toui",2023,5.67702960968018
"Collines","Ouèssè","Toui",2024,7.95792150497437
"Collines","Savalou","Djaloukou",2012,0
"Collines","Savalou","Djaloukou",2013,0
"Collines","Savalou","Djaloukou",2015,0
"Collines","Savalou","Djaloukou",2017,0
"Collines","Savalou","Djaloukou",2018,0
"Collines","Savalou","Djaloukou",2019,0
"Collines","Savalou","Djaloukou",2020,0
"Collines","Savalou","Djaloukou",2021,0
"Collines","Savalou","Djaloukou",2022,0
"Collines","Savalou","Djaloukou",2023,0
"Collines","Savalou","Djaloukou",2024,0
"Collines","Savalou","Doumè",2012,0
"Collines","Savalou","Doumè",2013,0
"Collines","Savalou","Doumè",2015,0
"Collines","Savalou","Doumè",2017,0
"Collines","Savalou","Doumè",2018,0
"Collines","Savalou","Doumè",2019,3.82536172866821
"Collines","Savalou","Doumè",2020,5.09412479400635
"Collines","Savalou","Doumè",2021,3.77597451210022
"Collines","Savalou","Doumè",2022,6.16382503509521
"Collines","Savalou","Doumè",2023,4.77048301696777
"Collines","Savalou","Doumè",2024,9.12659168243408
"Collines","Savalou","Gobada",2012,0
"Collines","Savalou","Gobada",2013,0
"Collines","Savalou","Gobada",2015,0
"Collines","Savalou","Gobada",2017,0
"Collines","Savalou","Gobada",2018,0
"Collines","Savalou","Gobada",2019,0
"Collines","Savalou","Gobada",2020,0
"Collines","Savalou","Gobada",2021,0
"Collines","Savalou","Gobada",2022,0
"Collines","Savalou","Gobada",2023,0
"Collines","Savalou","Gobada",2024,0
"Collines","Savalou","Kpataba",2012,0
"Collines","Savalou","Kpataba",2013,0
"Collines","Savalou","Kpataba",2015,0
"Collines","Savalou","Kpataba",2017,0
"Collines","Savalou","Kpataba",2018,0
"Collines","Savalou","Kpataba",2019,0
"Collines","Savalou","Kpataba",2020,0
"Collines","Savalou","Kpataba",2021,0
"Collines","Savalou","Kpataba",2022,2.76643037796021
"Collines","Savalou","Kpataba",2023,0.510816335678101
"Collines","Savalou","Kpataba",2024,5.39319801330566
"Collines","Savalou","Lahotan",2012,0
"Collines","Savalou","Lahotan",2013,0
"Collines","Savalou","Lahotan",2015,0
"Collines","Savalou","Lahotan",2017,0
"Collines","Savalou","Lahotan",2018,0
"Collines","Savalou","Lahotan",2019,0.539385378360748
"Collines","Savalou","Lahotan",2020,0
"Collines","Savalou","Lahotan",2021,0
"Collines","Savalou","Lahotan",2022,5.0280065536499
"Collines","Savalou","Lahotan",2023,1.47882008552551
"Collines","Savalou","Lahotan",2024,2.47524189949036
"Collines","Savalou","Logozohoué",2012,0.924761950969696
"Collines","Savalou","Logozohoué",2013,5.44646072387695
"Collines","Savalou","Logozohoué",2015,6.82769870758057
"Collines","Savalou","Logozohoué",2017,6.72775602340698
"Collines","Savalou","Logozohoué",2018,6.01037836074829
"Collines","Savalou","Logozohoué",2019,7.91646766662598
"Collines","Savalou","Logozohoué",2020,8.70932769775391
"Collines","Savalou","Logozohoué",2021,7.25955438613892
"Collines","Savalou","Logozohoué",2022,19.3514595031738
"Collines","Savalou","Logozohoué",2023,21.9058895111084
"Collines","Savalou","Logozohoué",2024,28.420467376709
"Collines","Savalou","Lèma",2012,0
"Collines","Savalou","Lèma",2013,0
"Collines","Savalou","Lèma",2015,0
"Collines","Savalou","Lèma",2017,0
"Collines","Savalou","Lèma",2018,0
"Collines","Savalou","Lèma",2019,0
"Collines","Savalou","Lèma",2020,0
"Collines","Savalou","Lèma",2021,0
"Collines","Savalou","Lèma",2022,0
"Collines","Savalou","Lèma",2023,0
"Collines","Savalou","Lèma",2024,0
"Collines","Savalou","Monkpa",2012,0
"Collines","Savalou","Monkpa",2013,1.10981631278992
"Collines","Savalou","Monkpa",2015,0.652257144451141
"Collines","Savalou","Monkpa",2017,0.430758655071259
"Collines","Savalou","Monkpa",2018,0
"Collines","Savalou","Monkpa",2019,0.4096939265728
"Collines","Savalou","Monkpa",2020,1.07455444335938
"Collines","Savalou","Monkpa",2021,1.24431931972504
"Collines","Savalou","Monkpa",2022,4.41736078262329
"Collines","Savalou","Monkpa",2023,4.77378129959106
"Collines","Savalou","Monkpa",2024,4.38680839538574
"Collines","Savalou","Ottola",2012,0
"Collines","Savalou","Ottola",2013,0
"Collines","Savalou","Ottola",2015,0
"Collines","Savalou","Ottola",2017,0
"Collines","Savalou","Ottola",2018,0
"Collines","Savalou","Ottola",2019,7.21287441253662
"Collines","Savalou","Ottola",2020,3.08441305160522
"Collines","Savalou","Ottola",2021,3.50878739356995
"Collines","Savalou","Ottola",2022,7.11866188049316
"Collines","Savalou","Ottola",2023,8.05069160461426
"Collines","Savalou","Ottola",2024,8.32225227355957
"Collines","Savalou","Ouèssè",2012,1.30935502052307
"Collines","Savalou","Ouèssè",2013,1.38619446754456
"Collines","Savalou","Ouèssè",2015,1.28095459938049
"Collines","Savalou","Ouèssè",2017,1.69219541549683
"Collines","Savalou","Ouèssè",2018,1.89036798477173
"Collines","Savalou","Ouèssè",2019,2.05086183547974
"Collines","Savalou","Ouèssè",2020,2.00582838058472
"Collines","Savalou","Ouèssè",2021,2.82720446586609
"Collines","Savalou","Ouèssè",2022,11.2547054290771
"Collines","Savalou","Ouèssè",2023,9.26076889038086
"Collines","Savalou","Ouèssè",2024,11.2053871154785
"Collines","Savalou","Savalou-Aga",2012,4.05957174301147
"Collines","Savalou","Savalou-Aga",2013,4.73301649093628
"Collines","Savalou","Savalou-Aga",2015,6.05396032333374
"Collines","Savalou","Savalou-Aga",2017,7.14079141616821
"Collines","Savalou","Savalou-Aga",2018,11.9407768249512
"Collines","Savalou","Savalou-Aga",2019,11.008713722229
"Collines","Savalou","Savalou-Aga",2020,11.4722299575806
"Collines","Savalou","Savalou-Aga",2021,11.4099369049072
"Collines","Savalou","Savalou-Aga",2022,26.1566543579102
"Collines","Savalou","Savalou-Aga",2023,19.7189445495605
"Collines","Savalou","Savalou-Aga",2024,22.0503044128418
"Collines","Savalou","Savalou-Agbado",2012,13.9524984359741
"Collines","Savalou","Savalou-Agbado",2013,14.0641794204712
"Collines","Savalou","Savalou-Agbado",2015,24.5742149353027
"Collines","Savalou","Savalou-Agbado",2017,24.5195770263672
"Collines","Savalou","Savalou-Agbado",2018,26.0363712310791
"Collines","Savalou","Savalou-Agbado",2019,22.2232456207275
"Collines","Savalou","Savalou-Agbado",2020,37.7687606811523
"Collines","Savalou","Savalou-Agbado",2021,52.2461280822754
"Collines","Savalou","Savalou-Agbado",2022,75.4959182739258
"Collines","Savalou","Savalou-Agbado",2023,72.642333984375
"Collines","Savalou","Savalou-Agbado",2024,92.6333389282227
"Collines","Savalou","Savalou-Attakè",2012,17.8012790679932
"Collines","Savalou","Savalou-Attakè",2013,23.6119060516357
"Collines","Savalou","Savalou-Attakè",2015,25.9872169494629
"Collines","Savalou","Savalou-Attakè",2017,25.0782356262207
"Collines","Savalou","Savalou-Attakè",2018,33.3624458312988
"Collines","Savalou","Savalou-Attakè",2019,30.3200492858887
"Collines","Savalou","Savalou-Attakè",2020,33.312385559082
"Collines","Savalou","Savalou-Attakè",2021,33.0355987548828
"Collines","Savalou","Savalou-Attakè",2022,49.9381828308105
"Collines","Savalou","Savalou-Attakè",2023,56.586784362793
"Collines","Savalou","Savalou-Attakè",2024,60.591854095459
"Collines","Savalou","Tchetti",2012,9.62855243682861
"Collines","Savalou","Tchetti",2013,11.8738288879395
"Collines","Savalou","Tchetti",2015,8.20951271057129
"Collines","Savalou","Tchetti",2017,14.833122253418
"Collines","Savalou","Tchetti",2018,21.3195247650146
"Collines","Savalou","Tchetti",2019,20.0669193267822
"Collines","Savalou","Tchetti",2020,14.6374969482422
"Collines","Savalou","Tchetti",2021,13.2167110443115
"Collines","Savalou","Tchetti",2022,18.5658073425293
"Collines","Savalou","Tchetti",2023,18.2485961914062
"Collines","Savalou","Tchetti",2024,20.4837989807129
"Collines","Savè","Adido",2012,2.03339576721191
"Collines","Savè","Adido",2013,4.47087955474854
"Collines","Savè","Adido",2015,4.72238826751709
"Collines","Savè","Adido",2017,4.71060371398926
"Collines","Savè","Adido",2018,3.21087622642517
"Collines","Savè","Adido",2019,4.86714124679565
"Collines","Savè","Adido",2020,9.79036045074463
"Collines","Savè","Adido",2021,8.2800760269165
"Collines","Savè","Adido",2022,17.1223831176758
"Collines","Savè","Adido",2023,20.4642162322998
"Collines","Savè","Adido",2024,25.5286521911621
"Collines","Savè","Boni",2012,11.1412343978882
"Collines","Savè","Boni",2013,11.9493789672852
"Collines","Savè","Boni",2015,15.3572044372559
"Collines","Savè","Boni",2017,13.0477018356323
"Collines","Savè","Boni",2018,8.75825881958008
"Collines","Savè","Boni",2019,5.1092472076416
"Collines","Savè","Boni",2020,14.6615295410156
"Collines","Savè","Boni",2021,15.6233997344971
"Collines","Savè","Boni",2022,29.6934909820557
"Collines","Savè","Boni",2023,39.4400863647461
"Collines","Savè","Boni",2024,48.0332450866699
"Collines","Savè","Bèssè",2012,0
"Collines","Savè","Bèssè",2013,0
"Collines","Savè","Bèssè",2015,0
"Collines","Savè","Bèssè",2017,0
"Collines","Savè","Bèssè",2018,0
"Collines","Savè","Bèssè",2019,0
"Collines","Savè","Bèssè",2020,0
"Collines","Savè","Bèssè",2021,0
"Collines","Savè","Bèssè",2022,0
"Collines","Savè","Bèssè",2023,0.679476261138916
"Collines","Savè","Bèssè",2024,0.710431575775146
"Collines","Savè","Kaboua",2012,0
"Collines","Savè","Kaboua",2013,0
"Collines","Savè","Kaboua",2015,0
"Collines","Savè","Kaboua",2017,2.43399381637573
"Collines","Savè","Kaboua",2018,2.57673096656799
"Collines","Savè","Kaboua",2019,0
"Collines","Savè","Kaboua",2020,6.30802202224731
"Collines","Savè","Kaboua",2021,9.02439498901367
"Collines","Savè","Kaboua",2022,1.83998477458954
"Collines","Savè","Kaboua",2023,1.89099502563477
"Collines","Savè","Kaboua",2024,1.8495991230011
"Collines","Savè","Ofè",2012,16.8011360168457
"Collines","Savè","Ofè",2013,14.4145336151123
"Collines","Savè","Ofè",2015,13.3743686676025
"Collines","Savè","Ofè",2017,8.07846641540527
"Collines","Savè","Ofè",2018,8.94589233398438
"Collines","Savè","Ofè",2019,10.2637939453125
"Collines","Savè","Ofè",2020,10.1189584732056
"Collines","Savè","Ofè",2021,6.45097875595093
"Collines","Savè","Ofè",2022,5.42861175537109
"Collines","Savè","Ofè",2023,5.83943748474121
"Collines","Savè","Ofè",2024,4.82770299911499
"Collines","Savè","Okpara",2012,0
"Collines","Savè","Okpara",2013,0
"Collines","Savè","Okpara",2015,0
"Collines","Savè","Okpara",2017,0
"Collines","Savè","Okpara",2018,0
"Collines","Savè","Okpara",2019,0
"Collines","Savè","Okpara",2020,0
"Collines","Savè","Okpara",2021,0
"Collines","Savè","Okpara",2022,0
"Collines","Savè","Okpara",2023,0
"Collines","Savè","Okpara",2024,0
"Collines","Savè","Plateau",2012,19.2199172973633
"Collines","Savè","Plateau",2013,22.3071098327637
"Collines","Savè","Plateau",2015,22.8740482330322
"Collines","Savè","Plateau",2017,22.4786834716797
"Collines","Savè","Plateau",2018,18.587553024292
"Collines","Savè","Plateau",2019,17.5083255767822
"Collines","Savè","Plateau",2020,23.7275524139404
"Collines","Savè","Plateau",2021,26.3980674743652
"Collines","Savè","Plateau",2022,35.4047470092773
"Collines","Savè","Plateau",2023,41.7375755310059
"Collines","Savè","Plateau",2024,45.3172645568848
"Collines","Savè","Sakin",2012,0
"Collines","Savè","Sakin",2013,0
"Collines","Savè","Sakin",2015,2.56300735473633
"Collines","Savè","Sakin",2017,1.97243762016296
"Collines","Savè","Sakin",2018,1.14684891700745
"Collines","Savè","Sakin",2019,0.689466118812561
"Collines","Savè","Sakin",2020,0.590614795684814
"Collines","Savè","Sakin",2021,0
"Collines","Savè","Sakin",2022,2.62789916992188
"Collines","Savè","Sakin",2023,19.7845764160156
"Collines","Savè","Sakin",2024,21.8361988067627
"Donga","Bassila","Alédjo",2012,27.0766277313232
"Donga","Bassila","Alédjo",2013,21.5147800445557
"Donga","Bassila","Alédjo",2015,13.6666603088379
"Donga","Bassila","Alédjo",2017,10.6539402008057
"Donga","Bassila","Alédjo",2018,11.7431745529175
"Donga","Bassila","Alédjo",2019,10.4960765838623
"Donga","Bassila","Alédjo",2020,11.750602722168
"Donga","Bassila","Alédjo",2021,10.0651111602783
"Donga","Bassila","Alédjo",2022,26.6044025421143
"Donga","Bassila","Alédjo",2023,26.958137512207
"Donga","Bassila","Alédjo",2024,37.021110534668
"Donga","Bassila","Bassila",2012,16.4519519805908
"Donga","Bassila","Bassila",2013,10.3691654205322
"Donga","Bassila","Bassila",2015,14.8465175628662
"Donga","Bassila","Bassila",2017,16.7778472900391
"Donga","Bassila","Bassila",2018,14.6416501998901
"Donga","Bassila","Bassila",2019,9.52466583251953
"Donga","Bassila","Bassila",2020,14.1648902893066
"Donga","Bassila","Bassila",2021,20.9766178131104
"Donga","Bassila","Bassila",2022,39.284969329834
"Donga","Bassila","Bassila",2023,52.513843536377
"Donga","Bassila","Bassila",2024,83.2081451416016
"Donga","Bassila","Manigri",2012,4.40853500366211
"Donga","Bassila","Manigri",2013,2.45747470855713
"Donga","Bassila","Manigri",2015,7.38372707366943
"Donga","Bassila","Manigri",2017,1.70316994190216
"Donga","Bassila","Manigri",2018,0.587971568107605
"Donga","Bassila","Manigri",2019,0.512052178382874
"Donga","Bassila","Manigri",2020,0.583799421787262
"Donga","Bassila","Manigri",2021,3.57832002639771
"Donga","Bassila","Manigri",2022,16.3634757995605
"Donga","Bassila","Manigri",2023,32.045036315918
"Donga","Bassila","Manigri",2024,29.038293838501
"Donga","Bassila","Pénéssoulou",2012,10.8969449996948
"Donga","Bassila","Pénéssoulou",2013,7.79945278167725
"Donga","Bassila","Pénéssoulou",2015,10.8578300476074
"Donga","Bassila","Pénéssoulou",2017,6.66990327835083
"Donga","Bassila","Pénéssoulou",2018,11.8415813446045
"Donga","Bassila","Pénéssoulou",2019,2.03060460090637
"Donga","Bassila","Pénéssoulou",2020,8.27775859832764
"Donga","Bassila","Pénéssoulou",2021,8.18143939971924
"Donga","Bassila","Pénéssoulou",2022,12.4944677352905
"Donga","Bassila","Pénéssoulou",2023,14.7282857894897
"Donga","Bassila","Pénéssoulou",2024,15.6494035720825
"Donga","Copargo","Anandana",2012,0
"Donga","Copargo","Anandana",2013,0
"Donga","Copargo","Anandana",2015,0
"Donga","Copargo","Anandana",2017,0
"Donga","Copargo","Anandana",2018,0
"Donga","Copargo","Anandana",2019,0
"Donga","Copargo","Anandana",2020,0
"Donga","Copargo","Anandana",2021,0
"Donga","Copargo","Anandana",2022,0
"Donga","Copargo","Anandana",2023,0
"Donga","Copargo","Anandana",2024,0
"Donga","Copargo","Copargo",2012,14.9692726135254
"Donga","Copargo","Copargo",2013,5.8343334197998
"Donga","Copargo","Copargo",2015,13.0980262756348
"Donga","Copargo","Copargo",2017,8.64173889160156
"Donga","Copargo","Copargo",2018,16.7848205566406
"Donga","Copargo","Copargo",2019,14.8155784606934
"Donga","Copargo","Copargo",2020,6.55026912689209
"Donga","Copargo","Copargo",2021,6.66902017593384
"Donga","Copargo","Copargo",2022,12.0388422012329
"Donga","Copargo","Copargo",2023,16.877124786377
"Donga","Copargo","Copargo",2024,39.7441215515137
"Donga","Copargo","Pabégou",2012,0
"Donga","Copargo","Pabégou",2013,0
"Donga","Copargo","Pabégou",2015,0
"Donga","Copargo","Pabégou",2017,0
"Donga","Copargo","Pabégou",2018,2.30455327033997
"Donga","Copargo","Pabégou",2019,0
"Donga","Copargo","Pabégou",2020,0
"Donga","Copargo","Pabégou",2021,0.559263110160828
"Donga","Copargo","Pabégou",2022,0.56388795375824
"Donga","Copargo","Pabégou",2023,1.95063436031342
"Donga","Copargo","Pabégou",2024,4.12586784362793
"Donga","Copargo","Singré",2012,0
"Donga","Copargo","Singré",2013,0
"Donga","Copargo","Singré",2015,1.02489006519318
"Donga","Copargo","Singré",2017,0
"Donga","Copargo","Singré",2018,0
"Donga","Copargo","Singré",2019,0
"Donga","Copargo","Singré",2020,0
"Donga","Copargo","Singré",2021,0
"Donga","Copargo","Singré",2022,0
"Donga","Copargo","Singré",2023,0
"Donga","Copargo","Singré",2024,1.17019164562225
"Donga","Djougou Rural","Barei",2012,0.507649719715118
"Donga","Djougou Rural","Barei",2013,10.244312286377
"Donga","Djougou Rural","Barei",2015,12.6089820861816
"Donga","Djougou Rural","Barei",2017,13.1197443008423
"Donga","Djougou Rural","Barei",2018,5.39886283874512
"Donga","Djougou Rural","Barei",2019,1.60563814640045
"Donga","Djougou Rural","Barei",2020,3.25397372245789
"Donga","Djougou Rural","Barei",2021,8.31343650817871
"Donga","Djougou Rural","Barei",2022,12.683217048645
"Donga","Djougou Rural","Barei",2023,20.6153163909912
"Donga","Djougou Rural","Barei",2024,22.4416484832764
"Donga","Djougou Rural","Bariénou",2012,0
"Donga","Djougou Rural","Bariénou",2013,0
"Donga","Djougou Rural","Bariénou",2015,1.33466279506683
"Donga","Djougou Rural","Bariénou",2017,2.38886070251465
"Donga","Djougou Rural","Bariénou",2018,1.77650094032288
"Donga","Djougou Rural","Bariénou",2019,0
"Donga","Djougou Rural","Bariénou",2020,1.37695693969727
"Donga","Djougou Rural","Bariénou",2021,1.39996528625488
"Donga","Djougou Rural","Bariénou",2022,0.539315044879913
"Donga","Djougou Rural","Bariénou",2023,3.45803546905518
"Donga","Djougou Rural","Bariénou",2024,2.55355024337769
"Donga","Djougou Rural","Bougou",2012,0
"Donga","Djougou Rural","Bougou",2013,0
"Donga","Djougou Rural","Bougou",2015,1.52324497699738
"Donga","Djougou Rural","Bougou",2017,1.03513145446777
"Donga","Djougou Rural","Bougou",2018,0.515202045440674
"Donga","Djougou Rural","Bougou",2019,0.520473062992096
"Donga","Djougou Rural","Bougou",2020,5.2161283493042
"Donga","Djougou Rural","Bougou",2021,5.91009044647217
"Donga","Djougou Rural","Bougou",2022,10.9127883911133
"Donga","Djougou Rural","Bougou",2023,12.0617542266846
"Donga","Djougou Rural","Bougou",2024,17.3645286560059
"Donga","Djougou Rural","Bélléfoungou",2012,0.73772269487381
"Donga","Djougou Rural","Bélléfoungou",2013,1.27728962898254
"Donga","Djougou Rural","Bélléfoungou",2015,0
"Donga","Djougou Rural","Bélléfoungou",2017,0
"Donga","Djougou Rural","Bélléfoungou",2018,0
"Donga","Djougou Rural","Bélléfoungou",2019,0
"Donga","Djougou Rural","Bélléfoungou",2020,1.28658723831177
"Donga","Djougou Rural","Bélléfoungou",2021,0.791748881340027
"Donga","Djougou Rural","Bélléfoungou",2022,1.98701500892639
"Donga","Djougou Rural","Bélléfoungou",2023,5.37542724609375
"Donga","Djougou Rural","Bélléfoungou",2024,4.63436317443848
"Donga","Djougou Rural","Kolokond?",2012,1.1778267621994
"Donga","Djougou Rural","Kolokond?",2013,1.25327610969543
"Donga","Djougou Rural","Kolokond?",2015,4.40827322006226
"Donga","Djougou Rural","Kolokond?",2017,3.62656354904175
"Donga","Djougou Rural","Kolokond?",2018,3.81583261489868
"Donga","Djougou Rural","Kolokond?",2019,2.12316393852234
"Donga","Djougou Rural","Kolokond?",2020,3.06921577453613
"Donga","Djougou Rural","Kolokond?",2021,11.3553619384766
"Donga","Djougou Rural","Kolokond?",2022,12.8341331481934
"Donga","Djougou Rural","Kolokond?",2023,25.6023597717285
"Donga","Djougou Rural","Kolokond?",2024,25.0096454620361
"Donga","Djougou Rural","Onklou",2012,0
"Donga","Djougou Rural","Onklou",2013,10.8115186691284
"Donga","Djougou Rural","Onklou",2015,13.8076009750366
"Donga","Djougou Rural","Onklou",2017,14.7107772827148
"Donga","Djougou Rural","Onklou",2018,13.1865234375
"Donga","Djougou Rural","Onklou",2019,10.7402849197388
"Donga","Djougou Rural","Onklou",2020,12.4448928833008
"Donga","Djougou Rural","Onklou",2021,4.57308340072632
"Donga","Djougou Rural","Onklou",2022,8.64568996429443
"Donga","Djougou Rural","Onklou",2023,16.8189277648926
"Donga","Djougou Rural","Onklou",2024,12.0968294143677
"Donga","Djougou Rural","Patargo",2012,0
"Donga","Djougou Rural","Patargo",2013,16.8482933044434
"Donga","Djougou Rural","Patargo",2015,24.9047698974609
"Donga","Djougou Rural","Patargo",2017,19.1504516601562
"Donga","Djougou Rural","Patargo",2018,5.59802770614624
"Donga","Djougou Rural","Patargo",2019,2.33800911903381
"Donga","Djougou Rural","Patargo",2020,15.7194786071777
"Donga","Djougou Rural","Patargo",2021,18.1322326660156
"Donga","Djougou Rural","Patargo",2022,20.5504570007324
"Donga","Djougou Rural","Patargo",2023,25.3536720275879
"Donga","Djougou Rural","Patargo",2024,28.9560089111328
"Donga","Djougou Rural","Pélébina",2012,0
"Donga","Djougou Rural","Pélébina",2013,0.692328155040741
"Donga","Djougou Rural","Pélébina",2015,1.11424291133881
"Donga","Djougou Rural","Pélébina",2017,7.06759786605835
"Donga","Djougou Rural","Pélébina",2018,1.51209211349487
"Donga","Djougou Rural","Pélébina",2019,1.1398012638092
"Donga","Djougou Rural","Pélébina",2020,6.0689525604248
"Donga","Djougou Rural","Pélébina",2021,2.6175012588501
"Donga","Djougou Rural","Pélébina",2022,3.2644944190979
"Donga","Djougou Rural","Pélébina",2023,1.66032898426056
"Donga","Djougou Rural","Pélébina",2024,6.40148591995239
"Donga","Djougou Rural","Sérou",2012,0.646671831607819
"Donga","Djougou Rural","Sérou",2013,9.68981170654297
"Donga","Djougou Rural","Sérou",2015,26.8553295135498
"Donga","Djougou Rural","Sérou",2017,26.2114753723145
"Donga","Djougou Rural","Sérou",2018,14.1872358322144
"Donga","Djougou Rural","Sérou",2019,8.72121143341064
"Donga","Djougou Rural","Sérou",2020,12.6503839492798
"Donga","Djougou Rural","Sérou",2021,24.90793800354
"Donga","Djougou Rural","Sérou",2022,27.3041934967041
"Donga","Djougou Rural","Sérou",2023,33.0504417419434
"Donga","Djougou Rural","Sérou",2024,40.3343353271484
"Donga","Djougou Urbain","Djougou I",2012,64.7018051147461
"Donga","Djougou Urbain","Djougou I",2013,69.3881225585938
"Donga","Djougou Urbain","Djougou I",2015,75.2441787719727
"Donga","Djougou Urbain","Djougou I",2017,80.0786972045898
"Donga","Djougou Urbain","Djougou I",2018,83.3183670043945
"Donga","Djougou Urbain","Djougou I",2019,90.6978073120117
"Donga","Djougou Urbain","Djougou I",2020,108.812408447266
"Donga","Djougou Urbain","Djougou I",2021,138.636932373047
"Donga","Djougou Urbain","Djougou I",2022,132.869293212891
"Donga","Djougou Urbain","Djougou I",2023,165.471771240234
"Donga","Djougou Urbain","Djougou I",2024,162.652206420898
"Donga","Djougou Urbain","Djougou II",2012,66.5594711303711
"Donga","Djougou Urbain","Djougou II",2013,88.0467910766602
"Donga","Djougou Urbain","Djougou II",2015,113.20915222168
"Donga","Djougou Urbain","Djougou II",2017,145.529907226562
"Donga","Djougou Urbain","Djougou II",2018,133.896408081055
"Donga","Djougou Urbain","Djougou II",2019,140.059432983398
"Donga","Djougou Urbain","Djougou II",2020,189.108673095703
"Donga","Djougou Urbain","Djougou II",2021,235.345413208008
"Donga","Djougou Urbain","Djougou II",2022,258.078521728516
"Donga","Djougou Urbain","Djougou II",2023,296.249725341797
"Donga","Djougou Urbain","Djougou II",2024,356.201599121094
"Donga","Djougou Urbain","Djougou III",2012,64.5043716430664
"Donga","Djougou Urbain","Djougou III",2013,68.4605026245117
"Donga","Djougou Urbain","Djougou III",2015,92.4794845581055
"Donga","Djougou Urbain","Djougou III",2017,87.4400939941406
"Donga","Djougou Urbain","Djougou III",2018,87.3488464355469
"Donga","Djougou Urbain","Djougou III",2019,87.4303970336914
"Donga","Djougou Urbain","Djougou III",2020,125.837715148926
"Donga","Djougou Urbain","Djougou III",2021,164.380676269531
"Donga","Djougou Urbain","Djougou III",2022,156.500869750977
"Donga","Djougou Urbain","Djougou III",2023,175.982543945312
"Donga","Djougou Urbain","Djougou III",2024,178.449478149414
"Donga","Ouaké","Badjoudè",2012,0
"Donga","Ouaké","Badjoudè",2013,6.88938331604004
"Donga","Ouaké","Badjoudè",2015,10.8748664855957
"Donga","Ouaké","Badjoudè",2017,5.03255701065063
"Donga","Ouaké","Badjoudè",2018,4.31164169311523
"Donga","Ouaké","Badjoudè",2019,3.6067898273468
"Donga","Ouaké","Badjoudè",2020,2.24946117401123
"Donga","Ouaké","Badjoudè",2021,2.8334174156189
"Donga","Ouaké","Badjoudè",2022,5.57302188873291
"Donga","Ouaké","Badjoudè",2023,6.54466915130615
"Donga","Ouaké","Badjoudè",2024,12.7085542678833
"Donga","Ouaké","Kondé",2012,2.62761545181274
"Donga","Ouaké","Kondé",2013,6.51421499252319
"Donga","Ouaké","Kondé",2015,6.66004705429077
"Donga","Ouaké","Kondé",2017,2.04668593406677
"Donga","Ouaké","Kondé",2018,1.80263423919678
"Donga","Ouaké","Kondé",2019,0
"Donga","Ouaké","Kondé",2020,0
"Donga","Ouaké","Kondé",2021,0.748455286026001
"Donga","Ouaké","Kondé",2022,1.96975374221802
"Donga","Ouaké","Kondé",2023,3.00865483283997
"Donga","Ouaké","Kondé",2024,3.73770904541016
"Donga","Ouaké","Ouaké",2012,3.17674446105957
"Donga","Ouaké","Ouaké",2013,8.54947090148926
"Donga","Ouaké","Ouaké",2015,20.2223091125488
"Donga","Ouaké","Ouaké",2017,12.8649854660034
"Donga","Ouaké","Ouaké",2018,13.873893737793
"Donga","Ouaké","Ouaké",2019,6.56382369995117
"Donga","Ouaké","Ouaké",2020,11.7363748550415
"Donga","Ouaké","Ouaké",2021,17.1952877044678
"Donga","Ouaké","Ouaké",2022,24.3235378265381
"Donga","Ouaké","Ouaké",2023,28.5034332275391
"Donga","Ouaké","Ouaké",2024,44.8679046630859
"Donga","Ouaké","Sèmèrè I",2012,0
"Donga","Ouaké","Sèmèrè I",2013,0
"Donga","Ouaké","Sèmèrè I",2015,0.0703308060765266
"Donga","Ouaké","Sèmèrè I",2017,0.0356975272297859
"Donga","Ouaké","Sèmèrè I",2018,0.0344768054783344
"Donga","Ouaké","Sèmèrè I",2019,0
"Donga","Ouaké","Sèmèrè I",2020,0.506123960018158
"Donga","Ouaké","Sèmèrè I",2021,4.81597471237183
"Donga","Ouaké","Sèmèrè I",2022,13.8857488632202
"Donga","Ouaké","Sèmèrè I",2023,19.6432323455811
"Donga","Ouaké","Sèmèrè I",2024,24.2279281616211
"Donga","Ouaké","Sèmèrè II",2012,0
"Donga","Ouaké","Sèmèrè II",2013,0
"Donga","Ouaké","Sèmèrè II",2015,0
"Donga","Ouaké","Sèmèrè II",2017,0
"Donga","Ouaké","Sèmèrè II",2018,0
"Donga","Ouaké","Sèmèrè II",2019,0
"Donga","Ouaké","Sèmèrè II",2020,0
"Donga","Ouaké","Sèmèrè II",2021,0
"Donga","Ouaké","Sèmèrè II",2022,0.00845470372587442
"Donga","Ouaké","Sèmèrè II",2023,0.0185469090938568
"Donga","Ouaké","Sèmèrè II",2024,0.0187093783169985
"Donga","Ouaké","Tchalinga",2012,0
"Donga","Ouaké","Tchalinga",2013,0
"Donga","Ouaké","Tchalinga",2015,0
"Donga","Ouaké","Tchalinga",2017,0
"Donga","Ouaké","Tchalinga",2018,0
"Donga","Ouaké","Tchalinga",2019,0
"Donga","Ouaké","Tchalinga",2020,0
"Donga","Ouaké","Tchalinga",2021,1.51536333560944
"Donga","Ouaké","Tchalinga",2022,2.60220265388489
"Donga","Ouaké","Tchalinga",2023,2.04396486282349
"Donga","Ouaké","Tchalinga",2024,1.9379301071167
"Kouffo","Aplahoué","Aplahoué",2012,6.38937664031982
"Kouffo","Aplahoué","Aplahoué",2013,5.65212965011597
"Kouffo","Aplahoué","Aplahoué",2015,3.10224103927612
"Kouffo","Aplahoué","Aplahoué",2017,4.72530364990234
"Kouffo","Aplahoué","Aplahoué",2018,3.30679607391357
"Kouffo","Aplahoué","Aplahoué",2019,3.55232954025269
"Kouffo","Aplahoué","Aplahoué",2020,1.3477691411972
"Kouffo","Aplahoué","Aplahoué",2021,10.4946298599243
"Kouffo","Aplahoué","Aplahoué",2022,47.1343460083008
"Kouffo","Aplahoué","Aplahoué",2023,27.2304191589355
"Kouffo","Aplahoué","Aplahoué",2024,33.7522811889648
"Kouffo","Aplahoué","Atomè",2012,0
"Kouffo","Aplahoué","Atomè",2013,0
"Kouffo","Aplahoué","Atomè",2015,0
"Kouffo","Aplahoué","Atomè",2017,0
"Kouffo","Aplahoué","Atomè",2018,0
"Kouffo","Aplahoué","Atomè",2019,0
"Kouffo","Aplahoué","Atomè",2020,0
"Kouffo","Aplahoué","Atomè",2021,0
"Kouffo","Aplahoué","Atomè",2022,0.452609688043594
"Kouffo","Aplahoué","Atomè",2023,1.46084427833557
"Kouffo","Aplahoué","Atomè",2024,2.03920221328735
"Kouffo","Aplahoué","Azovè",2012,42.6641273498535
"Kouffo","Aplahoué","Azovè",2013,51.1676559448242
"Kouffo","Aplahoué","Azovè",2015,45.3997802734375
"Kouffo","Aplahoué","Azovè",2017,44.4127235412598
"Kouffo","Aplahoué","Azovè",2018,46.9415283203125
"Kouffo","Aplahoué","Azovè",2019,74.2407455444336
"Kouffo","Aplahoué","Azovè",2020,101.450729370117
"Kouffo","Aplahoué","Azovè",2021,121.102394104004
"Kouffo","Aplahoué","Azovè",2022,153.290374755859
"Kouffo","Aplahoué","Azovè",2023,151.742218017578
"Kouffo","Aplahoué","Azovè",2024,189.780197143555
"Kouffo","Aplahoué","Dekpo",2012,0
"Kouffo","Aplahoué","Dekpo",2013,0
"Kouffo","Aplahoué","Dekpo",2015,0
"Kouffo","Aplahoué","Dekpo",2017,0
"Kouffo","Aplahoué","Dekpo",2018,0
"Kouffo","Aplahoué","Dekpo",2019,1.24230766296387
"Kouffo","Aplahoué","Dekpo",2020,0
"Kouffo","Aplahoué","Dekpo",2021,1.21752858161926
"Kouffo","Aplahoué","Dekpo",2022,6.84065103530884
"Kouffo","Aplahoué","Dekpo",2023,7.55088424682617
"Kouffo","Aplahoué","Dekpo",2024,15.2185001373291
"Kouffo","Aplahoué","Godohou",2012,0
"Kouffo","Aplahoué","Godohou",2013,0
"Kouffo","Aplahoué","Godohou",2015,0
"Kouffo","Aplahoué","Godohou",2017,0
"Kouffo","Aplahoué","Godohou",2018,0
"Kouffo","Aplahoué","Godohou",2019,0
"Kouffo","Aplahoué","Godohou",2020,0
"Kouffo","Aplahoué","Godohou",2021,0
"Kouffo","Aplahoué","Godohou",2022,0
"Kouffo","Aplahoué","Godohou",2023,0
"Kouffo","Aplahoué","Godohou",2024,0
"Kouffo","Aplahoué","Kissamey",2012,0.67508327960968
"Kouffo","Aplahoué","Kissamey",2013,1.18999373912811
"Kouffo","Aplahoué","Kissamey",2015,1.83487582206726
"Kouffo","Aplahoué","Kissamey",2017,8.53754234313965
"Kouffo","Aplahoué","Kissamey",2018,8.81666469573975
"Kouffo","Aplahoué","Kissamey",2019,7.44445657730103
"Kouffo","Aplahoué","Kissamey",2020,10.9379777908325
"Kouffo","Aplahoué","Kissamey",2021,7.03234910964966
"Kouffo","Aplahoué","Kissamey",2022,33.7807846069336
"Kouffo","Aplahoué","Kissamey",2023,36.5973052978516
"Kouffo","Aplahoué","Kissamey",2024,67.6338195800781
"Kouffo","Aplahoué","Lonkly",2012,0
"Kouffo","Aplahoué","Lonkly",2013,0
"Kouffo","Aplahoué","Lonkly",2015,0
"Kouffo","Aplahoué","Lonkly",2017,0
"Kouffo","Aplahoué","Lonkly",2018,0
"Kouffo","Aplahoué","Lonkly",2019,1.12913203239441
"Kouffo","Aplahoué","Lonkly",2020,0
"Kouffo","Aplahoué","Lonkly",2021,0
"Kouffo","Aplahoué","Lonkly",2022,0
"Kouffo","Aplahoué","Lonkly",2023,0
"Kouffo","Aplahoué","Lonkly",2024,1.84944438934326
"Kouffo","Djakotomey","Adjintimey",2012,0
"Kouffo","Djakotomey","Adjintimey",2013,0
"Kouffo","Djakotomey","Adjintimey",2015,0
"Kouffo","Djakotomey","Adjintimey",2017,0
"Kouffo","Djakotomey","Adjintimey",2018,1.67299044132233
"Kouffo","Djakotomey","Adjintimey",2019,5.80694198608398
"Kouffo","Djakotomey","Adjintimey",2020,0.543183088302612
"Kouffo","Djakotomey","Adjintimey",2021,0.857109308242798
"Kouffo","Djakotomey","Adjintimey",2022,28.3982715606689
"Kouffo","Djakotomey","Adjintimey",2023,13.9674806594849
"Kouffo","Djakotomey","Adjintimey",2024,14.7203969955444
"Kouffo","Djakotomey","Bètoumey",2012,0.679020285606384
"Kouffo","Djakotomey","Bètoumey",2013,1.29000461101532
"Kouffo","Djakotomey","Bètoumey",2015,0.912702858448029
"Kouffo","Djakotomey","Bètoumey",2017,1.595458984375
"Kouffo","Djakotomey","Bètoumey",2018,2.14364194869995
"Kouffo","Djakotomey","Bètoumey",2019,3.59726285934448
"Kouffo","Djakotomey","Bètoumey",2020,3.14570426940918
"Kouffo","Djakotomey","Bètoumey",2021,5.76787567138672
"Kouffo","Djakotomey","Bètoumey",2022,16.2089519500732
"Kouffo","Djakotomey","Bètoumey",2023,20.2651252746582
"Kouffo","Djakotomey","Bètoumey",2024,26.2646026611328
"Kouffo","Djakotomey","Djakotomey I",2012,7.31820869445801
"Kouffo","Djakotomey","Djakotomey I",2013,6.59758949279785
"Kouffo","Djakotomey","Djakotomey I",2015,3.88850450515747
"Kouffo","Djakotomey","Djakotomey I",2017,8.73439598083496
"Kouffo","Djakotomey","Djakotomey I",2018,6.95002937316895
"Kouffo","Djakotomey","Djakotomey I",2019,4.85344362258911
"Kouffo","Djakotomey","Djakotomey I",2020,4.22450304031372
"Kouffo","Djakotomey","Djakotomey I",2021,6.78151082992554
"Kouffo","Djakotomey","Djakotomey I",2022,11.6390352249146
"Kouffo","Djakotomey","Djakotomey I",2023,11.4463243484497
"Kouffo","Djakotomey","Djakotomey I",2024,22.5483798980713
"Kouffo","Djakotomey","Djakotomey II",2012,3.6788763999939
"Kouffo","Djakotomey","Djakotomey II",2013,3.50086975097656
"Kouffo","Djakotomey","Djakotomey II",2015,3.44213771820068
"Kouffo","Djakotomey","Djakotomey II",2017,6.60320615768433
"Kouffo","Djakotomey","Djakotomey II",2018,3.65207600593567
"Kouffo","Djakotomey","Djakotomey II",2019,4.41826057434082
"Kouffo","Djakotomey","Djakotomey II",2020,1.73045372962952
"Kouffo","Djakotomey","Djakotomey II",2021,2.65059161186218
"Kouffo","Djakotomey","Djakotomey II",2022,10.8831033706665
"Kouffo","Djakotomey","Djakotomey II",2023,11.9903774261475
"Kouffo","Djakotomey","Djakotomey II",2024,22.4775085449219
"Kouffo","Djakotomey","Gohomey",2012,3.23426389694214
"Kouffo","Djakotomey","Gohomey",2013,3.38910698890686
"Kouffo","Djakotomey","Gohomey",2015,5.17132091522217
"Kouffo","Djakotomey","Gohomey",2017,3.81913781166077
"Kouffo","Djakotomey","Gohomey",2018,2.8939414024353
"Kouffo","Djakotomey","Gohomey",2019,6.18745613098145
"Kouffo","Djakotomey","Gohomey",2020,4.01423311233521
"Kouffo","Djakotomey","Gohomey",2021,6.28733777999878
"Kouffo","Djakotomey","Gohomey",2022,18.7149276733398
"Kouffo","Djakotomey","Gohomey",2023,17.4181823730469
"Kouffo","Djakotomey","Gohomey",2024,23.95041847229
"Kouffo","Djakotomey","Houègamey",2012,0
"Kouffo","Djakotomey","Houègamey",2013,0
"Kouffo","Djakotomey","Houègamey",2015,1.72214937210083
"Kouffo","Djakotomey","Houègamey",2017,0.503929018974304
"Kouffo","Djakotomey","Houègamey",2018,0
"Kouffo","Djakotomey","Houègamey",2019,0.55820220708847
"Kouffo","Djakotomey","Houègamey",2020,0.0405881442129612
"Kouffo","Djakotomey","Houègamey",2021,0
"Kouffo","Djakotomey","Houègamey",2022,8.30351066589355
"Kouffo","Djakotomey","Houègamey",2023,10.109977722168
"Kouffo","Djakotomey","Houègamey",2024,26.2845363616943
"Kouffo","Djakotomey","Kinkinhoué",2012,17.3096961975098
"Kouffo","Djakotomey","Kinkinhoué",2013,13.8012971878052
"Kouffo","Djakotomey","Kinkinhoué",2015,11.2889404296875
"Kouffo","Djakotomey","Kinkinhoué",2017,5.54190158843994
"Kouffo","Djakotomey","Kinkinhoué",2018,4.74902629852295
"Kouffo","Djakotomey","Kinkinhoué",2019,2.81510138511658
"Kouffo","Djakotomey","Kinkinhoué",2020,3.15662598609924
"Kouffo","Djakotomey","Kinkinhoué",2021,4.20322036743164
"Kouffo","Djakotomey","Kinkinhoué",2022,22.6389045715332
"Kouffo","Djakotomey","Kinkinhoué",2023,26.2950344085693
"Kouffo","Djakotomey","Kinkinhoué",2024,35.5709915161133
"Kouffo","Djakotomey","Kokohoué",2012,0.701518833637238
"Kouffo","Djakotomey","Kokohoué",2013,2.00010919570923
"Kouffo","Djakotomey","Kokohoué",2015,2.6893949508667
"Kouffo","Djakotomey","Kokohoué",2017,1.11559057235718
"Kouffo","Djakotomey","Kokohoué",2018,1.47693204879761
"Kouffo","Djakotomey","Kokohoué",2019,1.00986444950104
"Kouffo","Djakotomey","Kokohoué",2020,0.876631557941437
"Kouffo","Djakotomey","Kokohoué",2021,4.0339822769165
"Kouffo","Djakotomey","Kokohoué",2022,8.13602542877197
"Kouffo","Djakotomey","Kokohoué",2023,6.94438362121582
"Kouffo","Djakotomey","Kokohoué",2024,8.09503555297852
"Kouffo","Djakotomey","Kpoba",2012,0
"Kouffo","Djakotomey","Kpoba",2013,0
"Kouffo","Djakotomey","Kpoba",2015,0
"Kouffo","Djakotomey","Kpoba",2017,0
"Kouffo","Djakotomey","Kpoba",2018,0
"Kouffo","Djakotomey","Kpoba",2019,0
"Kouffo","Djakotomey","Kpoba",2020,0
"Kouffo","Djakotomey","Kpoba",2021,0
"Kouffo","Djakotomey","Kpoba",2022,0
"Kouffo","Djakotomey","Kpoba",2023,0
"Kouffo","Djakotomey","Kpoba",2024,1.11981177330017
"Kouffo","Djakotomey","Sokouhoué",2012,1.71224284172058
"Kouffo","Djakotomey","Sokouhoué",2013,2.45007801055908
"Kouffo","Djakotomey","Sokouhoué",2015,0.692272663116455
"Kouffo","Djakotomey","Sokouhoué",2017,1.29805743694305
"Kouffo","Djakotomey","Sokouhoué",2018,1.08385825157166
"Kouffo","Djakotomey","Sokouhoué",2019,1.27638924121857
"Kouffo","Djakotomey","Sokouhoué",2020,0.609651327133179
"Kouffo","Djakotomey","Sokouhoué",2021,8.21815204620361
"Kouffo","Djakotomey","Sokouhoué",2022,26.6868724822998
"Kouffo","Djakotomey","Sokouhoué",2023,11.2503862380981
"Kouffo","Djakotomey","Sokouhoué",2024,14.2626161575317
"Kouffo","Dogbo","Ayomi",2012,2.51246452331543
"Kouffo","Dogbo","Ayomi",2013,7.58480787277222
"Kouffo","Dogbo","Ayomi",2015,7.57525873184204
"Kouffo","Dogbo","Ayomi",2017,3.67366743087769
"Kouffo","Dogbo","Ayomi",2018,4.79251575469971
"Kouffo","Dogbo","Ayomi",2019,4.95547389984131
"Kouffo","Dogbo","Ayomi",2020,2.00043725967407
"Kouffo","Dogbo","Ayomi",2021,2.11310291290283
"Kouffo","Dogbo","Ayomi",2022,6.0767765045166
"Kouffo","Dogbo","Ayomi",2023,6.17904376983643
"Kouffo","Dogbo","Ayomi",2024,8.00688076019287
"Kouffo","Dogbo","Dèvè",2012,0
"Kouffo","Dogbo","Dèvè",2013,0
"Kouffo","Dogbo","Dèvè",2015,7.46995401382446
"Kouffo","Dogbo","Dèvè",2017,4.35909461975098
"Kouffo","Dogbo","Dèvè",2018,3.65885782241821
"Kouffo","Dogbo","Dèvè",2019,8.30862522125244
"Kouffo","Dogbo","Dèvè",2020,2.61760544776917
"Kouffo","Dogbo","Dèvè",2021,2.46910858154297
"Kouffo","Dogbo","Dèvè",2022,33.1735382080078
"Kouffo","Dogbo","Dèvè",2023,13.2088575363159
"Kouffo","Dogbo","Dèvè",2024,9.85946369171143
"Kouffo","Dogbo","Honton",2012,5.34513807296753
"Kouffo","Dogbo","Honton",2013,3.58595776557922
"Kouffo","Dogbo","Honton",2015,9.39314842224121
"Kouffo","Dogbo","Honton",2017,11.4945859909058
"Kouffo","Dogbo","Honton",2018,12.3927946090698
"Kouffo","Dogbo","Honton",2019,3.93949055671692
"Kouffo","Dogbo","Honton",2020,7.01798534393311
"Kouffo","Dogbo","Honton",2021,11.094352722168
"Kouffo","Dogbo","Honton",2022,19.8310546875
"Kouffo","Dogbo","Honton",2023,17.2790966033936
"Kouffo","Dogbo","Honton",2024,24.3988056182861
"Kouffo","Dogbo","Lokogohoué",2012,0
"Kouffo","Dogbo","Lokogohoué",2013,0
"Kouffo","Dogbo","Lokogohoué",2015,0.530575692653656
"Kouffo","Dogbo","Lokogohoué",2017,1.20188069343567
"Kouffo","Dogbo","Lokogohoué",2018,0.707522809505463
"Kouffo","Dogbo","Lokogohoué",2019,0.759201347827911
"Kouffo","Dogbo","Lokogohoué",2020,1.75984382629395
"Kouffo","Dogbo","Lokogohoué",2021,0
"Kouffo","Dogbo","Lokogohoué",2022,6.59369945526123
"Kouffo","Dogbo","Lokogohoué",2023,5.84321928024292
"Kouffo","Dogbo","Lokogohoué",2024,9.65048789978027
"Kouffo","Dogbo","Madjrè",2012,0
"Kouffo","Dogbo","Madjrè",2013,0
"Kouffo","Dogbo","Madjrè",2015,0
"Kouffo","Dogbo","Madjrè",2017,0
"Kouffo","Dogbo","Madjrè",2018,0
"Kouffo","Dogbo","Madjrè",2019,0
"Kouffo","Dogbo","Madjrè",2020,0
"Kouffo","Dogbo","Madjrè",2021,0
"Kouffo","Dogbo","Madjrè",2022,1.68836486339569
"Kouffo","Dogbo","Madjrè",2023,1.77148628234863
"Kouffo","Dogbo","Madjrè",2024,2.33264517784119
"Kouffo","Dogbo","Tota",2012,32.4218940734863
"Kouffo","Dogbo","Tota",2013,47.5233001708984
"Kouffo","Dogbo","Tota",2015,62.8132057189941
"Kouffo","Dogbo","Tota",2017,60.1873779296875
"Kouffo","Dogbo","Tota",2018,55.5812835693359
"Kouffo","Dogbo","Tota",2019,81.0916595458984
"Kouffo","Dogbo","Tota",2020,59.4573249816895
"Kouffo","Dogbo","Tota",2021,78.7749099731445
"Kouffo","Dogbo","Tota",2022,103.455917358398
"Kouffo","Dogbo","Tota",2023,86.8402709960938
"Kouffo","Dogbo","Tota",2024,119.014045715332
"Kouffo","Dogbo","Totchangni",2012,7.71163940429688
"Kouffo","Dogbo","Totchangni",2013,10.6422119140625
"Kouffo","Dogbo","Totchangni",2015,16.3335571289062
"Kouffo","Dogbo","Totchangni",2017,12.1814136505127
"Kouffo","Dogbo","Totchangni",2018,9.43400478363037
"Kouffo","Dogbo","Totchangni",2019,15.7833042144775
"Kouffo","Dogbo","Totchangni",2020,17.1323509216309
"Kouffo","Dogbo","Totchangni",2021,28.4699878692627
"Kouffo","Dogbo","Totchangni",2022,34.753002166748
"Kouffo","Dogbo","Totchangni",2023,30.4916515350342
"Kouffo","Dogbo","Totchangni",2024,43.2461242675781
"Kouffo","Klouékanmè","Adjanhonmè",2012,0.561202228069305
"Kouffo","Klouékanmè","Adjanhonmè",2013,1.25271844863892
"Kouffo","Klouékanmè","Adjanhonmè",2015,2.42791152000427
"Kouffo","Klouékanmè","Adjanhonmè",2017,1.34504771232605
"Kouffo","Klouékanmè","Adjanhonmè",2018,1.3436062335968
"Kouffo","Klouékanmè","Adjanhonmè",2019,2.10927796363831
"Kouffo","Klouékanmè","Adjanhonmè",2020,1.11952519416809
"Kouffo","Klouékanmè","Adjanhonmè",2021,1.53327977657318
"Kouffo","Klouékanmè","Adjanhonmè",2022,6.39421892166138
"Kouffo","Klouékanmè","Adjanhonmè",2023,8.37096691131592
"Kouffo","Klouékanmè","Adjanhonmè",2024,14.2892169952393
"Kouffo","Klouékanmè","Ahogbeya",2012,0
"Kouffo","Klouékanmè","Ahogbeya",2013,0
"Kouffo","Klouékanmè","Ahogbeya",2015,0
"Kouffo","Klouékanmè","Ahogbeya",2017,0
"Kouffo","Klouékanmè","Ahogbeya",2018,0
"Kouffo","Klouékanmè","Ahogbeya",2019,0.367656707763672
"Kouffo","Klouékanmè","Ahogbeya",2020,0
"Kouffo","Klouékanmè","Ahogbeya",2021,0
"Kouffo","Klouékanmè","Ahogbeya",2022,0
"Kouffo","Klouékanmè","Ahogbeya",2023,3.45972466468811
"Kouffo","Klouékanmè","Ahogbeya",2024,4.68206691741943
"Kouffo","Klouékanmè","Aya-Hohoué",2012,0.679717361927032
"Kouffo","Klouékanmè","Aya-Hohoué",2013,1.20942151546478
"Kouffo","Klouékanmè","Aya-Hohoué",2015,6.94366598129272
"Kouffo","Klouékanmè","Aya-Hohoué",2017,6.71577119827271
"Kouffo","Klouékanmè","Aya-Hohoué",2018,4.27489900588989
"Kouffo","Klouékanmè","Aya-Hohoué",2019,3.29555296897888
"Kouffo","Klouékanmè","Aya-Hohoué",2020,4.1466326713562
"Kouffo","Klouékanmè","Aya-Hohoué",2021,3.25739216804504
"Kouffo","Klouékanmè","Aya-Hohoué",2022,14.8097085952759
"Kouffo","Klouékanmè","Aya-Hohoué",2023,17.974063873291
"Kouffo","Klouékanmè","Aya-Hohoué",2024,23.2551174163818
"Kouffo","Klouékanmè","Djotto",2012,6.41676950454712
"Kouffo","Klouékanmè","Djotto",2013,6.44973373413086
"Kouffo","Klouékanmè","Djotto",2015,2.81212568283081
"Kouffo","Klouékanmè","Djotto",2017,1.16450166702271
"Kouffo","Klouékanmè","Djotto",2018,3.08567810058594
"Kouffo","Klouékanmè","Djotto",2019,2.16656517982483
"Kouffo","Klouékanmè","Djotto",2020,1.56467688083649
"Kouffo","Klouékanmè","Djotto",2021,1.73994219303131
"Kouffo","Klouékanmè","Djotto",2022,8.30796337127686
"Kouffo","Klouékanmè","Djotto",2023,15.4351358413696
"Kouffo","Klouékanmè","Djotto",2024,32.3066673278809
"Kouffo","Klouékanmè","Hondji",2012,0.0154961524531245
"Kouffo","Klouékanmè","Hondji",2013,0
"Kouffo","Klouékanmè","Hondji",2015,0
"Kouffo","Klouékanmè","Hondji",2017,0
"Kouffo","Klouékanmè","Hondji",2018,0
"Kouffo","Klouékanmè","Hondji",2019,0.189404830336571
"Kouffo","Klouékanmè","Hondji",2020,0.0159802176058292
"Kouffo","Klouékanmè","Hondji",2021,0.111565329134464
"Kouffo","Klouékanmè","Hondji",2022,0.732759892940521
"Kouffo","Klouékanmè","Hondji",2023,0.885355770587921
"Kouffo","Klouékanmè","Hondji",2024,4.35347747802734
"Kouffo","Klouékanmè","Klouékanmè",2012,13.4203510284424
"Kouffo","Klouékanmè","Klouékanmè",2013,15.2680625915527
"Kouffo","Klouékanmè","Klouékanmè",2015,22.9146728515625
"Kouffo","Klouékanmè","Klouékanmè",2017,24.3970947265625
"Kouffo","Klouékanmè","Klouékanmè",2018,22.1878662109375
"Kouffo","Klouékanmè","Klouékanmè",2019,21.6553974151611
"Kouffo","Klouékanmè","Klouékanmè",2020,23.1147861480713
"Kouffo","Klouékanmè","Klouékanmè",2021,23.5512447357178
"Kouffo","Klouékanmè","Klouékanmè",2022,34.43896484375
"Kouffo","Klouékanmè","Klouékanmè",2023,38.4670143127441
"Kouffo","Klouékanmè","Klouékanmè",2024,50.5310859680176
"Kouffo","Klouékanmè","Lanta",2012,1.34713554382324
"Kouffo","Klouékanmè","Lanta",2013,0.608767628669739
"Kouffo","Klouékanmè","Lanta",2015,0.716985285282135
"Kouffo","Klouékanmè","Lanta",2017,1.5111221075058
"Kouffo","Klouékanmè","Lanta",2018,1.12066400051117
"Kouffo","Klouékanmè","Lanta",2019,0.599006652832031
"Kouffo","Klouékanmè","Lanta",2020,0.503997564315796
"Kouffo","Klouékanmè","Lanta",2021,0
"Kouffo","Klouékanmè","Lanta",2022,0
"Kouffo","Klouékanmè","Lanta",2023,0
"Kouffo","Klouékanmè","Lanta",2024,2.75097060203552
"Kouffo","Klouékanmè","Tchikpé",2012,0
"Kouffo","Klouékanmè","Tchikpé",2013,0.916260540485382
"Kouffo","Klouékanmè","Tchikpé",2015,0.526105761528015
"Kouffo","Klouékanmè","Tchikpé",2017,11.4500932693481
"Kouffo","Klouékanmè","Tchikpé",2018,6.97208070755005
"Kouffo","Klouékanmè","Tchikpé",2019,2.44039082527161
"Kouffo","Klouékanmè","Tchikpé",2020,1.57229948043823
"Kouffo","Klouékanmè","Tchikpé",2021,2.32154846191406
"Kouffo","Klouékanmè","Tchikpé",2022,9.71113395690918
"Kouffo","Klouékanmè","Tchikpé",2023,24.7460498809814
"Kouffo","Klouékanmè","Tchikpé",2024,33.1208114624023
"Kouffo","Lalo","Adoukandji",2012,0
"Kouffo","Lalo","Adoukandji",2013,0
"Kouffo","Lalo","Adoukandji",2015,0
"Kouffo","Lalo","Adoukandji",2017,0
"Kouffo","Lalo","Adoukandji",2018,0
"Kouffo","Lalo","Adoukandji",2019,0
"Kouffo","Lalo","Adoukandji",2020,0
"Kouffo","Lalo","Adoukandji",2021,0
"Kouffo","Lalo","Adoukandji",2022,0
"Kouffo","Lalo","Adoukandji",2023,0.524419009685516
"Kouffo","Lalo","Adoukandji",2024,0
"Kouffo","Lalo","Ahodjinnako",2012,0
"Kouffo","Lalo","Ahodjinnako",2013,0
"Kouffo","Lalo","Ahodjinnako",2015,0
"Kouffo","Lalo","Ahodjinnako",2017,0
"Kouffo","Lalo","Ahodjinnako",2018,0
"Kouffo","Lalo","Ahodjinnako",2019,0
"Kouffo","Lalo","Ahodjinnako",2020,0
"Kouffo","Lalo","Ahodjinnako",2021,0
"Kouffo","Lalo","Ahodjinnako",2022,0
"Kouffo","Lalo","Ahodjinnako",2023,0
"Kouffo","Lalo","Ahodjinnako",2024,0
"Kouffo","Lalo","Ahomadégbé",2012,0
"Kouffo","Lalo","Ahomadégbé",2013,0
"Kouffo","Lalo","Ahomadégbé",2015,0
"Kouffo","Lalo","Ahomadégbé",2017,0
"Kouffo","Lalo","Ahomadégbé",2018,0
"Kouffo","Lalo","Ahomadégbé",2019,0
"Kouffo","Lalo","Ahomadégbé",2020,0
"Kouffo","Lalo","Ahomadégbé",2021,0
"Kouffo","Lalo","Ahomadégbé",2022,0
"Kouffo","Lalo","Ahomadégbé",2023,3.3138906955719
"Kouffo","Lalo","Ahomadégbé",2024,6.92555665969849
"Kouffo","Lalo","Banigbé",2012,0
"Kouffo","Lalo","Banigbé",2013,0
"Kouffo","Lalo","Banigbé",2015,0
"Kouffo","Lalo","Banigbé",2017,0
"Kouffo","Lalo","Banigbé",2018,0
"Kouffo","Lalo","Banigbé",2019,0
"Kouffo","Lalo","Banigbé",2020,0
"Kouffo","Lalo","Banigbé",2021,0
"Kouffo","Lalo","Banigbé",2022,4.00603199005127
"Kouffo","Lalo","Banigbé",2023,7.70124197006226
"Kouffo","Lalo","Banigbé",2024,9.67582607269287
"Kouffo","Lalo","Gnizounmè",2012,0
"Kouffo","Lalo","Gnizounmè",2013,0
"Kouffo","Lalo","Gnizounmè",2015,0
"Kouffo","Lalo","Gnizounmè",2017,0
"Kouffo","Lalo","Gnizounmè",2018,0
"Kouffo","Lalo","Gnizounmè",2019,0
"Kouffo","Lalo","Gnizounmè",2020,0
"Kouffo","Lalo","Gnizounmè",2021,0
"Kouffo","Lalo","Gnizounmè",2022,0
"Kouffo","Lalo","Gnizounmè",2023,0
"Kouffo","Lalo","Gnizounmè",2024,0
"Kouffo","Lalo","Hlassamè",2012,1.47260344028473
"Kouffo","Lalo","Hlassamè",2013,4.6728572845459
"Kouffo","Lalo","Hlassamè",2015,5.18951606750488
"Kouffo","Lalo","Hlassamè",2017,5.35472726821899
"Kouffo","Lalo","Hlassamè",2018,0.679194271564484
"Kouffo","Lalo","Hlassamè",2019,0
"Kouffo","Lalo","Hlassamè",2020,0
"Kouffo","Lalo","Hlassamè",2021,0
"Kouffo","Lalo","Hlassamè",2022,2.98272776603699
"Kouffo","Lalo","Hlassamè",2023,32.1845359802246
"Kouffo","Lalo","Hlassamè",2024,45.2717056274414
"Kouffo","Lalo","Lalo",2012,0
"Kouffo","Lalo","Lalo",2013,0
"Kouffo","Lalo","Lalo",2015,0.500108480453491
"Kouffo","Lalo","Lalo",2017,6.43267011642456
"Kouffo","Lalo","Lalo",2018,6.91411542892456
"Kouffo","Lalo","Lalo",2019,0.675197899341583
"Kouffo","Lalo","Lalo",2020,0
"Kouffo","Lalo","Lalo",2021,0
"Kouffo","Lalo","Lalo",2022,6.77230978012085
"Kouffo","Lalo","Lalo",2023,18.8833961486816
"Kouffo","Lalo","Lalo",2024,25.8485469818115
"Kouffo","Lalo","Lokogba",2012,0
"Kouffo","Lalo","Lokogba",2013,0
"Kouffo","Lalo","Lokogba",2015,0
"Kouffo","Lalo","Lokogba",2017,0
"Kouffo","Lalo","Lokogba",2018,0
"Kouffo","Lalo","Lokogba",2019,0
"Kouffo","Lalo","Lokogba",2020,0
"Kouffo","Lalo","Lokogba",2021,0
"Kouffo","Lalo","Lokogba",2022,0
"Kouffo","Lalo","Lokogba",2023,0
"Kouffo","Lalo","Lokogba",2024,0
"Kouffo","Lalo","Tchito",2012,0
"Kouffo","Lalo","Tchito",2013,0
"Kouffo","Lalo","Tchito",2015,0
"Kouffo","Lalo","Tchito",2017,0
"Kouffo","Lalo","Tchito",2018,0
"Kouffo","Lalo","Tchito",2019,0
"Kouffo","Lalo","Tchito",2020,0
"Kouffo","Lalo","Tchito",2021,0
"Kouffo","Lalo","Tchito",2022,0
"Kouffo","Lalo","Tchito",2023,1.05920732021332
"Kouffo","Lalo","Tchito",2024,1.79082417488098
"Kouffo","Lalo","Tohou",2012,0
"Kouffo","Lalo","Tohou",2013,0
"Kouffo","Lalo","Tohou",2015,0
"Kouffo","Lalo","Tohou",2017,0
"Kouffo","Lalo","Tohou",2018,0
"Kouffo","Lalo","Tohou",2019,0
"Kouffo","Lalo","Tohou",2020,0
"Kouffo","Lalo","Tohou",2021,0
"Kouffo","Lalo","Tohou",2022,0
"Kouffo","Lalo","Tohou",2023,0
"Kouffo","Lalo","Tohou",2024,0.535590648651123
"Kouffo","Lalo","Zalli",2012,0
"Kouffo","Lalo","Zalli",2013,0
"Kouffo","Lalo","Zalli",2015,0
"Kouffo","Lalo","Zalli",2017,0
"Kouffo","Lalo","Zalli",2018,0
"Kouffo","Lalo","Zalli",2019,0
"Kouffo","Lalo","Zalli",2020,0
"Kouffo","Lalo","Zalli",2021,0
"Kouffo","Lalo","Zalli",2022,0
"Kouffo","Lalo","Zalli",2023,0.18893800675869
"Kouffo","Lalo","Zalli",2024,0.218731358647346
"Kouffo","Toviklin","Adjido",2012,0
"Kouffo","Toviklin","Adjido",2013,0
"Kouffo","Toviklin","Adjido",2015,3.10277414321899
"Kouffo","Toviklin","Adjido",2017,5.4796895980835
"Kouffo","Toviklin","Adjido",2018,3.93053603172302
"Kouffo","Toviklin","Adjido",2019,5.9091010093689
"Kouffo","Toviklin","Adjido",2020,3.44278478622437
"Kouffo","Toviklin","Adjido",2021,3.12250995635986
"Kouffo","Toviklin","Adjido",2022,3.7236955165863
"Kouffo","Toviklin","Adjido",2023,3.76948261260986
"Kouffo","Toviklin","Adjido",2024,5.50133275985718
"Kouffo","Toviklin","Avédjin",2012,0
"Kouffo","Toviklin","Avédjin",2013,0
"Kouffo","Toviklin","Avédjin",2015,0
"Kouffo","Toviklin","Avédjin",2017,0
"Kouffo","Toviklin","Avédjin",2018,0
"Kouffo","Toviklin","Avédjin",2019,0
"Kouffo","Toviklin","Avédjin",2020,0
"Kouffo","Toviklin","Avédjin",2021,0
"Kouffo","Toviklin","Avédjin",2022,0
"Kouffo","Toviklin","Avédjin",2023,0.338636517524719
"Kouffo","Toviklin","Avédjin",2024,2.04928851127625
"Kouffo","Toviklin","Doko",2012,0
"Kouffo","Toviklin","Doko",2013,0
"Kouffo","Toviklin","Doko",2015,0.517892181873322
"Kouffo","Toviklin","Doko",2017,0.516883194446564
"Kouffo","Toviklin","Doko",2018,1.66674065589905
"Kouffo","Toviklin","Doko",2019,0.52569967508316
"Kouffo","Toviklin","Doko",2020,1.35166263580322
"Kouffo","Toviklin","Doko",2021,1.64509201049805
"Kouffo","Toviklin","Doko",2022,9.3530387878418
"Kouffo","Toviklin","Doko",2023,6.09308862686157
"Kouffo","Toviklin","Doko",2024,12.0862312316895
"Kouffo","Toviklin","Houédogli",2012,0
"Kouffo","Toviklin","Houédogli",2013,0
"Kouffo","Toviklin","Houédogli",2015,0
"Kouffo","Toviklin","Houédogli",2017,0
"Kouffo","Toviklin","Houédogli",2018,0
"Kouffo","Toviklin","Houédogli",2019,0
"Kouffo","Toviklin","Houédogli",2020,0
"Kouffo","Toviklin","Houédogli",2021,0
"Kouffo","Toviklin","Houédogli",2022,0
"Kouffo","Toviklin","Houédogli",2023,0
"Kouffo","Toviklin","Houédogli",2024,0
"Kouffo","Toviklin","Missinko",2012,0
"Kouffo","Toviklin","Missinko",2013,0.486051887273788
"Kouffo","Toviklin","Missinko",2015,0
"Kouffo","Toviklin","Missinko",2017,2.79799747467041
"Kouffo","Toviklin","Missinko",2018,2.59425044059753
"Kouffo","Toviklin","Missinko",2019,0.632602572441101
"Kouffo","Toviklin","Missinko",2020,0
"Kouffo","Toviklin","Missinko",2021,0.433617413043976
"Kouffo","Toviklin","Missinko",2022,1.94791305065155
"Kouffo","Toviklin","Missinko",2023,3.77039575576782
"Kouffo","Toviklin","Missinko",2024,4.926513671875
"Kouffo","Toviklin","Tannou-Gola",2012,1.05210614204407
"Kouffo","Toviklin","Tannou-Gola",2013,1.06962358951569
"Kouffo","Toviklin","Tannou-Gola",2015,0
"Kouffo","Toviklin","Tannou-Gola",2017,0
"Kouffo","Toviklin","Tannou-Gola",2018,0
"Kouffo","Toviklin","Tannou-Gola",2019,0
"Kouffo","Toviklin","Tannou-Gola",2020,0.629164516925812
"Kouffo","Toviklin","Tannou-Gola",2021,0
"Kouffo","Toviklin","Tannou-Gola",2022,0
"Kouffo","Toviklin","Tannou-Gola",2023,0
"Kouffo","Toviklin","Tannou-Gola",2024,1.11569309234619
"Kouffo","Toviklin","Toviklin",2012,2.17626905441284
"Kouffo","Toviklin","Toviklin",2013,3.11854028701782
"Kouffo","Toviklin","Toviklin",2015,1.90330815315247
"Kouffo","Toviklin","Toviklin",2017,1.12582111358643
"Kouffo","Toviklin","Toviklin",2018,0.594791352748871
"Kouffo","Toviklin","Toviklin",2019,0.542998731136322
"Kouffo","Toviklin","Toviklin",2020,0.00347465160302818
"Kouffo","Toviklin","Toviklin",2021,1.25784873962402
"Kouffo","Toviklin","Toviklin",2022,6.17806053161621
"Kouffo","Toviklin","Toviklin",2023,8.6693286895752
"Kouffo","Toviklin","Toviklin",2024,17.8013744354248
"Littoral","Cotonou","Arrondissement 1",2012,303.408447265625
"Littoral","Cotonou","Arrondissement 1",2013,276.936126708984
"Littoral","Cotonou","Arrondissement 1",2015,299.288604736328
"Littoral","Cotonou","Arrondissement 1",2017,317.151000976562
"Littoral","Cotonou","Arrondissement 1",2018,400.412536621094
"Littoral","Cotonou","Arrondissement 1",2019,425.841613769531
"Littoral","Cotonou","Arrondissement 1",2020,466.416412353516
"Littoral","Cotonou","Arrondissement 1",2021,543.430297851562
"Littoral","Cotonou","Arrondissement 1",2022,567.835876464844
"Littoral","Cotonou","Arrondissement 1",2023,532.623352050781
"Littoral","Cotonou","Arrondissement 1",2024,508.417388916016
"Littoral","Cotonou","Arrondissement 10",2012,150.673538208008
"Littoral","Cotonou","Arrondissement 10",2013,144.626617431641
"Littoral","Cotonou","Arrondissement 10",2015,137.640808105469
"Littoral","Cotonou","Arrondissement 10",2017,146.175369262695
"Littoral","Cotonou","Arrondissement 10",2018,178.979095458984
"Littoral","Cotonou","Arrondissement 10",2019,214.122940063477
"Littoral","Cotonou","Arrondissement 10",2020,227.860702514648
"Littoral","Cotonou","Arrondissement 10",2021,250.720260620117
"Littoral","Cotonou","Arrondissement 10",2022,240.166534423828
"Littoral","Cotonou","Arrondissement 10",2023,258.306335449219
"Littoral","Cotonou","Arrondissement 10",2024,262.807891845703
"Littoral","Cotonou","Arrondissement 11",2012,183.746597290039
"Littoral","Cotonou","Arrondissement 11",2013,170.037292480469
"Littoral","Cotonou","Arrondissement 11",2015,165.514068603516
"Littoral","Cotonou","Arrondissement 11",2017,171.137252807617
"Littoral","Cotonou","Arrondissement 11",2018,248.640335083008
"Littoral","Cotonou","Arrondissement 11",2019,277.110198974609
"Littoral","Cotonou","Arrondissement 11",2020,256.6044921875
"Littoral","Cotonou","Arrondissement 11",2021,252.332748413086
"Littoral","Cotonou","Arrondissement 11",2022,253.71696472168
"Littoral","Cotonou","Arrondissement 11",2023,250.235809326172
"Littoral","Cotonou","Arrondissement 11",2024,250.718902587891
"Littoral","Cotonou","Arrondissement 12",2012,1082.76196289062
"Littoral","Cotonou","Arrondissement 12",2013,1064.39123535156
"Littoral","Cotonou","Arrondissement 12",2015,925.444519042969
"Littoral","Cotonou","Arrondissement 12",2017,854.980834960938
"Littoral","Cotonou","Arrondissement 12",2018,1033.08410644531
"Littoral","Cotonou","Arrondissement 12",2019,1083.17163085938
"Littoral","Cotonou","Arrondissement 12",2020,1076.10583496094
"Littoral","Cotonou","Arrondissement 12",2021,1283.33056640625
"Littoral","Cotonou","Arrondissement 12",2022,1410.99243164062
"Littoral","Cotonou","Arrondissement 12",2023,1552.76428222656
"Littoral","Cotonou","Arrondissement 12",2024,1552.20275878906
"Littoral","Cotonou","Arrondissement 13",2012,276.639251708984
"Littoral","Cotonou","Arrondissement 13",2013,267.920013427734
"Littoral","Cotonou","Arrondissement 13",2015,258.816772460938
"Littoral","Cotonou","Arrondissement 13",2017,276.014617919922
"Littoral","Cotonou","Arrondissement 13",2018,345.174102783203
"Littoral","Cotonou","Arrondissement 13",2019,415.514038085938
"Littoral","Cotonou","Arrondissement 13",2020,462.037109375
"Littoral","Cotonou","Arrondissement 13",2021,477.437042236328
"Littoral","Cotonou","Arrondissement 13",2022,478.783142089844
"Littoral","Cotonou","Arrondissement 13",2023,495.784820556641
"Littoral","Cotonou","Arrondissement 13",2024,466.284820556641
"Littoral","Cotonou","Arrondissement 2",2012,166.531158447266
"Littoral","Cotonou","Arrondissement 2",2013,145.6865234375
"Littoral","Cotonou","Arrondissement 2",2015,159.958465576172
"Littoral","Cotonou","Arrondissement 2",2017,168.969345092773
"Littoral","Cotonou","Arrondissement 2",2018,205.61376953125
"Littoral","Cotonou","Arrondissement 2",2019,233.388290405273
"Littoral","Cotonou","Arrondissement 2",2020,269.712280273438
"Littoral","Cotonou","Arrondissement 2",2021,323.045684814453
"Littoral","Cotonou","Arrondissement 2",2022,331.915496826172
"Littoral","Cotonou","Arrondissement 2",2023,297.4423828125
"Littoral","Cotonou","Arrondissement 2",2024,289.118255615234
"Littoral","Cotonou","Arrondissement 3",2012,229.457305908203
"Littoral","Cotonou","Arrondissement 3",2013,201.718109130859
"Littoral","Cotonou","Arrondissement 3",2015,194.032043457031
"Littoral","Cotonou","Arrondissement 3",2017,209.092971801758
"Littoral","Cotonou","Arrondissement 3",2018,291.276428222656
"Littoral","Cotonou","Arrondissement 3",2019,317.205688476562
"Littoral","Cotonou","Arrondissement 3",2020,356.095092773438
"Littoral","Cotonou","Arrondissement 3",2021,406.639495849609
"Littoral","Cotonou","Arrondissement 3",2022,391.500061035156
"Littoral","Cotonou","Arrondissement 3",2023,363.126007080078
"Littoral","Cotonou","Arrondissement 3",2024,357.754547119141
"Littoral","Cotonou","Arrondissement 4",2012,306.345458984375
"Littoral","Cotonou","Arrondissement 4",2013,253.516967773438
"Littoral","Cotonou","Arrondissement 4",2015,215.993881225586
"Littoral","Cotonou","Arrondissement 4",2017,226.696762084961
"Littoral","Cotonou","Arrondissement 4",2018,352.428741455078
"Littoral","Cotonou","Arrondissement 4",2019,362.286376953125
"Littoral","Cotonou","Arrondissement 4",2020,363.90283203125
"Littoral","Cotonou","Arrondissement 4",2021,369.509796142578
"Littoral","Cotonou","Arrondissement 4",2022,330.337097167969
"Littoral","Cotonou","Arrondissement 4",2023,350.734252929688
"Littoral","Cotonou","Arrondissement 4",2024,349.655883789062
"Littoral","Cotonou","Arrondissement 5",2012,539.262329101562
"Littoral","Cotonou","Arrondissement 5",2013,527.420166015625
"Littoral","Cotonou","Arrondissement 5",2015,448.955963134766
"Littoral","Cotonou","Arrondissement 5",2017,439.540069580078
"Littoral","Cotonou","Arrondissement 5",2018,574.172241210938
"Littoral","Cotonou","Arrondissement 5",2019,572.501831054688
"Littoral","Cotonou","Arrondissement 5",2020,544.688232421875
"Littoral","Cotonou","Arrondissement 5",2021,599.819152832031
"Littoral","Cotonou","Arrondissement 5",2022,681.638244628906
"Littoral","Cotonou","Arrondissement 5",2023,688.235717773438
"Littoral","Cotonou","Arrondissement 5",2024,596.4892578125
"Littoral","Cotonou","Arrondissement 6",2012,261.422729492188
"Littoral","Cotonou","Arrondissement 6",2013,245.653518676758
"Littoral","Cotonou","Arrondissement 6",2015,224.678604125977
"Littoral","Cotonou","Arrondissement 6",2017,248.889022827148
"Littoral","Cotonou","Arrondissement 6",2018,321.649963378906
"Littoral","Cotonou","Arrondissement 6",2019,363.6005859375
"Littoral","Cotonou","Arrondissement 6",2020,374.908599853516
"Littoral","Cotonou","Arrondissement 6",2021,372.666625976562
"Littoral","Cotonou","Arrondissement 6",2022,370.008239746094
"Littoral","Cotonou","Arrondissement 6",2023,360.948791503906
"Littoral","Cotonou","Arrondissement 6",2024,402.995147705078
"Littoral","Cotonou","Arrondissement 7",2012,163.504608154297
"Littoral","Cotonou","Arrondissement 7",2013,148.906997680664
"Littoral","Cotonou","Arrondissement 7",2015,151.134323120117
"Littoral","Cotonou","Arrondissement 7",2017,152.155853271484
"Littoral","Cotonou","Arrondissement 7",2018,266.511352539062
"Littoral","Cotonou","Arrondissement 7",2019,318.277770996094
"Littoral","Cotonou","Arrondissement 7",2020,293.910308837891
"Littoral","Cotonou","Arrondissement 7",2021,272.316040039062
"Littoral","Cotonou","Arrondissement 7",2022,255.480407714844
"Littoral","Cotonou","Arrondissement 7",2023,242.709045410156
"Littoral","Cotonou","Arrondissement 7",2024,230.205993652344
"Littoral","Cotonou","Arrondissement 8",2012,135.017913818359
"Littoral","Cotonou","Arrondissement 8",2013,120.917984008789
"Littoral","Cotonou","Arrondissement 8",2015,118.754486083984
"Littoral","Cotonou","Arrondissement 8",2017,134.179382324219
"Littoral","Cotonou","Arrondissement 8",2018,195.261184692383
"Littoral","Cotonou","Arrondissement 8",2019,230.81672668457
"Littoral","Cotonou","Arrondissement 8",2020,220.778259277344
"Littoral","Cotonou","Arrondissement 8",2021,218.454498291016
"Littoral","Cotonou","Arrondissement 8",2022,227.252914428711
"Littoral","Cotonou","Arrondissement 8",2023,218.701782226562
"Littoral","Cotonou","Arrondissement 8",2024,211.959594726562
"Littoral","Cotonou","Arrondissement 9",2012,329.028594970703
"Littoral","Cotonou","Arrondissement 9",2013,311.238159179688
"Littoral","Cotonou","Arrondissement 9",2015,306.666717529297
"Littoral","Cotonou","Arrondissement 9",2017,355.667297363281
"Littoral","Cotonou","Arrondissement 9",2018,424.248291015625
"Littoral","Cotonou","Arrondissement 9",2019,507.219573974609
"Littoral","Cotonou","Arrondissement 9",2020,512.622497558594
"Littoral","Cotonou","Arrondissement 9",2021,546.972595214844
"Littoral","Cotonou","Arrondissement 9",2022,531.461059570312
"Littoral","Cotonou","Arrondissement 9",2023,540.573120117188
"Littoral","Cotonou","Arrondissement 9",2024,568.500732421875
"Mono","Athiémè","Atchannou",2012,7.3780574798584
"Mono","Athiémè","Atchannou",2013,9.18002414703369
"Mono","Athiémè","Atchannou",2015,6.87207174301147
"Mono","Athiémè","Atchannou",2017,3.2004873752594
"Mono","Athiémè","Atchannou",2018,2.25396966934204
"Mono","Athiémè","Atchannou",2019,4.16984462738037
"Mono","Athiémè","Atchannou",2020,5.68353080749512
"Mono","Athiémè","Atchannou",2021,3.45163297653198
"Mono","Athiémè","Atchannou",2022,8.57908821105957
"Mono","Athiémè","Atchannou",2023,10.6298389434814
"Mono","Athiémè","Atchannou",2024,14.4838600158691
"Mono","Athiémè","Athiémè",2012,11.7595748901367
"Mono","Athiémè","Athiémè",2013,22.7394599914551
"Mono","Athiémè","Athiémè",2015,23.9158744812012
"Mono","Athiémè","Athiémè",2017,8.76819133758545
"Mono","Athiémè","Athiémè",2018,9.9042911529541
"Mono","Athiémè","Athiémè",2019,18.9181098937988
"Mono","Athiémè","Athiémè",2020,23.430103302002
"Mono","Athiémè","Athiémè",2021,18.3035068511963
"Mono","Athiémè","Athiémè",2022,41.9945068359375
"Mono","Athiémè","Athiémè",2023,30.0659294128418
"Mono","Athiémè","Athiémè",2024,57.5347442626953
"Mono","Athiémè","Dédékpoé",2012,0
"Mono","Athiémè","Dédékpoé",2013,0
"Mono","Athiémè","Dédékpoé",2015,0
"Mono","Athiémè","Dédékpoé",2017,0
"Mono","Athiémè","Dédékpoé",2018,0
"Mono","Athiémè","Dédékpoé",2019,0
"Mono","Athiémè","Dédékpoé",2020,0
"Mono","Athiémè","Dédékpoé",2021,0
"Mono","Athiémè","Dédékpoé",2022,0
"Mono","Athiémè","Dédékpoé",2023,0
"Mono","Athiémè","Dédékpoé",2024,0
"Mono","Athiémè","Kpinnou",2012,6.85478019714355
"Mono","Athiémè","Kpinnou",2013,15.0091028213501
"Mono","Athiémè","Kpinnou",2015,18.1031894683838
"Mono","Athiémè","Kpinnou",2017,10.37180519104
"Mono","Athiémè","Kpinnou",2018,13.4268131256104
"Mono","Athiémè","Kpinnou",2019,12.4492273330688
"Mono","Athiémè","Kpinnou",2020,6.70139122009277
"Mono","Athiémè","Kpinnou",2021,1.63437962532043
"Mono","Athiémè","Kpinnou",2022,9.11647796630859
"Mono","Athiémè","Kpinnou",2023,10.9846391677856
"Mono","Athiémè","Kpinnou",2024,25.1039962768555
"Mono","Bopa","Agbodji",2012,0
"Mono","Bopa","Agbodji",2013,0
"Mono","Bopa","Agbodji",2015,0
"Mono","Bopa","Agbodji",2017,0
"Mono","Bopa","Agbodji",2018,0
"Mono","Bopa","Agbodji",2019,0
"Mono","Bopa","Agbodji",2020,0
"Mono","Bopa","Agbodji",2021,0
"Mono","Bopa","Agbodji",2022,0
"Mono","Bopa","Agbodji",2023,0
"Mono","Bopa","Agbodji",2024,0
"Mono","Bopa","Badazoui",2012,0
"Mono","Bopa","Badazoui",2013,0
"Mono","Bopa","Badazoui",2015,0
"Mono","Bopa","Badazoui",2017,0
"Mono","Bopa","Badazoui",2018,0
"Mono","Bopa","Badazoui",2019,0
"Mono","Bopa","Badazoui",2020,0
"Mono","Bopa","Badazoui",2021,0
"Mono","Bopa","Badazoui",2022,0
"Mono","Bopa","Badazoui",2023,0
"Mono","Bopa","Badazoui",2024,0
"Mono","Bopa","Bopa",2012,7.69844961166382
"Mono","Bopa","Bopa",2013,7.34911394119263
"Mono","Bopa","Bopa",2015,10.2406787872314
"Mono","Bopa","Bopa",2017,8.11772918701172
"Mono","Bopa","Bopa",2018,10.6272211074829
"Mono","Bopa","Bopa",2019,12.7987508773804
"Mono","Bopa","Bopa",2020,4.83908128738403
"Mono","Bopa","Bopa",2021,8.99250221252441
"Mono","Bopa","Bopa",2022,15.3683319091797
"Mono","Bopa","Bopa",2023,19.4914817810059
"Mono","Bopa","Bopa",2024,20.9329223632812
"Mono","Bopa","Gbakpodji",2012,0
"Mono","Bopa","Gbakpodji",2013,0
"Mono","Bopa","Gbakpodji",2015,0
"Mono","Bopa","Gbakpodji",2017,0
"Mono","Bopa","Gbakpodji",2018,0
"Mono","Bopa","Gbakpodji",2019,0
"Mono","Bopa","Gbakpodji",2020,0
"Mono","Bopa","Gbakpodji",2021,0
"Mono","Bopa","Gbakpodji",2022,0
"Mono","Bopa","Gbakpodji",2023,0
"Mono","Bopa","Gbakpodji",2024,0
"Mono","Bopa","Lobogo",2012,8.3374080657959
"Mono","Bopa","Lobogo",2013,11.5376501083374
"Mono","Bopa","Lobogo",2015,10.5165719985962
"Mono","Bopa","Lobogo",2017,8.37143325805664
"Mono","Bopa","Lobogo",2018,8.82983589172363
"Mono","Bopa","Lobogo",2019,7.41847610473633
"Mono","Bopa","Lobogo",2020,4.65770292282104
"Mono","Bopa","Lobogo",2021,6.3946213722229
"Mono","Bopa","Lobogo",2022,15.0290622711182
"Mono","Bopa","Lobogo",2023,15.1651430130005
"Mono","Bopa","Lobogo",2024,19.3558921813965
"Mono","Bopa","Possotomè",2012,5.04571151733398
"Mono","Bopa","Possotomè",2013,7.2367377281189
"Mono","Bopa","Possotomè",2015,10.4011516571045
"Mono","Bopa","Possotomè",2017,14.0160207748413
"Mono","Bopa","Possotomè",2018,9.67746734619141
"Mono","Bopa","Possotomè",2019,8.28235149383545
"Mono","Bopa","Possotomè",2020,7.23115253448486
"Mono","Bopa","Possotomè",2021,11.8067398071289
"Mono","Bopa","Possotomè",2022,17.0587043762207
"Mono","Bopa","Possotomè",2023,18.0295314788818
"Mono","Bopa","Possotomè",2024,41.9507865905762
"Mono","Bopa","Yégodoé",2012,0
"Mono","Bopa","Yégodoé",2013,0
"Mono","Bopa","Yégodoé",2015,0
"Mono","Bopa","Yégodoé",2017,0
"Mono","Bopa","Yégodoé",2018,0
"Mono","Bopa","Yégodoé",2019,0
"Mono","Bopa","Yégodoé",2020,0
"Mono","Bopa","Yégodoé",2021,0
"Mono","Bopa","Yégodoé",2022,0
"Mono","Bopa","Yégodoé",2023,0
"Mono","Bopa","Yégodoé",2024,0
"Mono","Comè","Agatogbo",2012,0.613459885120392
"Mono","Comè","Agatogbo",2013,4.14509630203247
"Mono","Comè","Agatogbo",2015,6.11810779571533
"Mono","Comè","Agatogbo",2017,8.67882347106934
"Mono","Comè","Agatogbo",2018,9.14700603485107
"Mono","Comè","Agatogbo",2019,13.7426900863647
"Mono","Comè","Agatogbo",2020,6.92582082748413
"Mono","Comè","Agatogbo",2021,8.74760150909424
"Mono","Comè","Agatogbo",2022,11.4999961853027
"Mono","Comè","Agatogbo",2023,6.88743352890015
"Mono","Comè","Agatogbo",2024,40.8204612731934
"Mono","Comè","Akodéha",2012,0
"Mono","Comè","Akodéha",2013,1.20133078098297
"Mono","Comè","Akodéha",2015,1.57295107841492
"Mono","Comè","Akodéha",2017,2.48882532119751
"Mono","Comè","Akodéha",2018,1.62532997131348
"Mono","Comè","Akodéha",2019,1.7362859249115
"Mono","Comè","Akodéha",2020,0
"Mono","Comè","Akodéha",2021,0
"Mono","Comè","Akodéha",2022,2.96164917945862
"Mono","Comè","Akodéha",2023,2.54007863998413
"Mono","Comè","Akodéha",2024,11.0953235626221
"Mono","Comè","Comè",2012,30.590030670166
"Mono","Comè","Comè",2013,68.5972061157227
"Mono","Comè","Comè",2015,69.7231063842773
"Mono","Comè","Comè",2017,81.1656265258789
"Mono","Comè","Comè",2018,80.8535766601562
"Mono","Comè","Comè",2019,99.9700622558594
"Mono","Comè","Comè",2020,102.668281555176
"Mono","Comè","Comè",2021,104.211090087891
"Mono","Comè","Comè",2022,120.695159912109
"Mono","Comè","Comè",2023,103.550430297852
"Mono","Comè","Comè",2024,224.628723144531
"Mono","Comè","Oumako",2012,8.28673934936523
"Mono","Comè","Oumako",2013,18.5783824920654
"Mono","Comè","Oumako",2015,25.3156909942627
"Mono","Comè","Oumako",2017,24.3115520477295
"Mono","Comè","Oumako",2018,22.6365871429443
"Mono","Comè","Oumako",2019,31.4740428924561
"Mono","Comè","Oumako",2020,35.930103302002
"Mono","Comè","Oumako",2021,40.1632652282715
"Mono","Comè","Oumako",2022,70.1921081542969
"Mono","Comè","Oumako",2023,56.6503982543945
"Mono","Comè","Oumako",2024,138.728286743164
"Mono","Comè","Ouèdèmè-Pédah",2012,0
"Mono","Comè","Ouèdèmè-Pédah",2013,0
"Mono","Comè","Ouèdèmè-Pédah",2015,3.92436051368713
"Mono","Comè","Ouèdèmè-Pédah",2017,0.818686485290527
"Mono","Comè","Ouèdèmè-Pédah",2018,0.270606905221939
"Mono","Comè","Ouèdèmè-Pédah",2019,5.04026651382446
"Mono","Comè","Ouèdèmè-Pédah",2020,3.32438111305237
"Mono","Comè","Ouèdèmè-Pédah",2021,1.38895177841187
"Mono","Comè","Ouèdèmè-Pédah",2022,3.87954664230347
"Mono","Comè","Ouèdèmè-Pédah",2023,1.64357364177704
"Mono","Comè","Ouèdèmè-Pédah",2024,16.1590480804443
"Mono","Grand-Popo","Adjaha",2012,5.25804901123047
"Mono","Grand-Popo","Adjaha",2013,4.52372074127197
"Mono","Grand-Popo","Adjaha",2015,5.71156978607178
"Mono","Grand-Popo","Adjaha",2017,5.23085260391235
"Mono","Grand-Popo","Adjaha",2018,3.48304414749146
"Mono","Grand-Popo","Adjaha",2019,2.27700710296631
"Mono","Grand-Popo","Adjaha",2020,2.28344440460205
"Mono","Grand-Popo","Adjaha",2021,2.07349419593811
"Mono","Grand-Popo","Adjaha",2022,4.9904203414917
"Mono","Grand-Popo","Adjaha",2023,7.49627590179443
"Mono","Grand-Popo","Adjaha",2024,14.1328964233398
"Mono","Grand-Popo","Agou?",2012,15.4582262039185
"Mono","Grand-Popo","Agou?",2013,15.7048225402832
"Mono","Grand-Popo","Agou?",2015,25.6962871551514
"Mono","Grand-Popo","Agou?",2017,26.394006729126
"Mono","Grand-Popo","Agou?",2018,24.6068706512451
"Mono","Grand-Popo","Agou?",2019,27.9403343200684
"Mono","Grand-Popo","Agou?",2020,29.3700180053711
"Mono","Grand-Popo","Agou?",2021,31.6591148376465
"Mono","Grand-Popo","Agou?",2022,48.6283912658691
"Mono","Grand-Popo","Agou?",2023,54.5598411560059
"Mono","Grand-Popo","Agou?",2024,61.2972564697266
"Mono","Grand-Popo","Avloh",2012,0
"Mono","Grand-Popo","Avloh",2013,0
"Mono","Grand-Popo","Avloh",2015,0
"Mono","Grand-Popo","Avloh",2017,0
"Mono","Grand-Popo","Avloh",2018,0
"Mono","Grand-Popo","Avloh",2019,0
"Mono","Grand-Popo","Avloh",2020,0
"Mono","Grand-Popo","Avloh",2021,0
"Mono","Grand-Popo","Avloh",2022,0.907020568847656
"Mono","Grand-Popo","Avloh",2023,0
"Mono","Grand-Popo","Avloh",2024,0
"Mono","Grand-Popo","Djanglanmey",2012,0
"Mono","Grand-Popo","Djanglanmey",2013,0
"Mono","Grand-Popo","Djanglanmey",2015,0
"Mono","Grand-Popo","Djanglanmey",2017,0
"Mono","Grand-Popo","Djanglanmey",2018,0
"Mono","Grand-Popo","Djanglanmey",2019,0
"Mono","Grand-Popo","Djanglanmey",2020,0
"Mono","Grand-Popo","Djanglanmey",2021,0.570693969726562
"Mono","Grand-Popo","Djanglanmey",2022,3.61406326293945
"Mono","Grand-Popo","Djanglanmey",2023,1.72149455547333
"Mono","Grand-Popo","Djanglanmey",2024,3.73766589164734
"Mono","Grand-Popo","Gbéhoué",2012,1.69689655303955
"Mono","Grand-Popo","Gbéhoué",2013,0.565291404724121
"Mono","Grand-Popo","Gbéhoué",2015,0
"Mono","Grand-Popo","Gbéhoué",2017,0.575584530830383
"Mono","Grand-Popo","Gbéhoué",2018,1.04475402832031
"Mono","Grand-Popo","Gbéhoué",2019,0
"Mono","Grand-Popo","Gbéhoué",2020,0.513918697834015
"Mono","Grand-Popo","Gbéhoué",2021,0.572192549705505
"Mono","Grand-Popo","Gbéhoué",2022,0.542106568813324
"Mono","Grand-Popo","Gbéhoué",2023,0.559648036956787
"Mono","Grand-Popo","Gbéhoué",2024,1.04489088058472
"Mono","Grand-Popo","Grand-Popo",2012,21.4397506713867
"Mono","Grand-Popo","Grand-Popo",2013,14.1735439300537
"Mono","Grand-Popo","Grand-Popo",2015,23.6514911651611
"Mono","Grand-Popo","Grand-Popo",2017,29.9471702575684
"Mono","Grand-Popo","Grand-Popo",2018,26.7014846801758
"Mono","Grand-Popo","Grand-Popo",2019,22.5240993499756
"Mono","Grand-Popo","Grand-Popo",2020,20.4974594116211
"Mono","Grand-Popo","Grand-Popo",2021,24.3068027496338
"Mono","Grand-Popo","Grand-Popo",2022,35.6947593688965
"Mono","Grand-Popo","Grand-Popo",2023,44.7773590087891
"Mono","Grand-Popo","Grand-Popo",2024,53.7019844055176
"Mono","Grand-Popo","Sazoué",2012,0
"Mono","Grand-Popo","Sazoué",2013,0
"Mono","Grand-Popo","Sazoué",2015,0
"Mono","Grand-Popo","Sazoué",2017,0
"Mono","Grand-Popo","Sazoué",2018,0
"Mono","Grand-Popo","Sazoué",2019,0
"Mono","Grand-Popo","Sazoué",2020,0
"Mono","Grand-Popo","Sazoué",2021,1.39123845100403
"Mono","Grand-Popo","Sazoué",2022,1.85881733894348
"Mono","Grand-Popo","Sazoué",2023,2.48192858695984
"Mono","Grand-Popo","Sazoué",2024,2.89114212989807
"Mono","Houéyogbé","Dahé",2012,1.73540651798248
"Mono","Houéyogbé","Dahé",2013,1.83182191848755
"Mono","Houéyogbé","Dahé",2015,1.78398954868317
"Mono","Houéyogbé","Dahé",2017,1.09722137451172
"Mono","Houéyogbé","Dahé",2018,0
"Mono","Houéyogbé","Dahé",2019,0
"Mono","Houéyogbé","Dahé",2020,0
"Mono","Houéyogbé","Dahé",2021,0
"Mono","Houéyogbé","Dahé",2022,1.05245447158813
"Mono","Houéyogbé","Dahé",2023,5.88162851333618
"Mono","Houéyogbé","Dahé",2024,10.326024055481
"Mono","Houéyogbé","Doutou",2012,13.4126768112183
"Mono","Houéyogbé","Doutou",2013,27.0435218811035
"Mono","Houéyogbé","Doutou",2015,27.4938831329346
"Mono","Houéyogbé","Doutou",2017,26.132884979248
"Mono","Houéyogbé","Doutou",2018,31.2633895874023
"Mono","Houéyogbé","Doutou",2019,31.3961200714111
"Mono","Houéyogbé","Doutou",2020,19.4574031829834
"Mono","Houéyogbé","Doutou",2021,21.8059368133545
"Mono","Houéyogbé","Doutou",2022,35.5616493225098
"Mono","Houéyogbé","Doutou",2023,26.7631530761719
"Mono","Houéyogbé","Doutou",2024,28.0768585205078
"Mono","Houéyogbé","Honhoué",2012,0.520428061485291
"Mono","Houéyogbé","Honhoué",2013,3.03768706321716
"Mono","Houéyogbé","Honhoué",2015,0
"Mono","Houéyogbé","Honhoué",2017,2.21673774719238
"Mono","Houéyogbé","Honhoué",2018,3.97632932662964
"Mono","Houéyogbé","Honhoué",2019,3.13478851318359
"Mono","Houéyogbé","Honhoué",2020,1.13509631156921
"Mono","Houéyogbé","Honhoué",2021,0
"Mono","Houéyogbé","Honhoué",2022,1.83079242706299
"Mono","Houéyogbé","Honhoué",2023,5.16716909408569
"Mono","Houéyogbé","Honhoué",2024,4.16971492767334
"Mono","Houéyogbé","Houéyogbé",2012,7.63323783874512
"Mono","Houéyogbé","Houéyogbé",2013,15.6364192962646
"Mono","Houéyogbé","Houéyogbé",2015,14.1831789016724
"Mono","Houéyogbé","Houéyogbé",2017,17.0481910705566
"Mono","Houéyogbé","Houéyogbé",2018,22.8038120269775
"Mono","Houéyogbé","Houéyogbé",2019,21.9916877746582
"Mono","Houéyogbé","Houéyogbé",2020,11.4755077362061
"Mono","Houéyogbé","Houéyogbé",2021,11.6826734542847
"Mono","Houéyogbé","Houéyogbé",2022,15.2008533477783
"Mono","Houéyogbé","Houéyogbé",2023,12.3661327362061
"Mono","Houéyogbé","Houéyogbé",2024,12.3837375640869
"Mono","Houéyogbé","Sè",2012,22.1864566802979
"Mono","Houéyogbé","Sè",2013,23.9984474182129
"Mono","Houéyogbé","Sè",2015,17.1833114624023
"Mono","Houéyogbé","Sè",2017,23.036262512207
"Mono","Houéyogbé","Sè",2018,26.5227756500244
"Mono","Houéyogbé","Sè",2019,40.7493667602539
"Mono","Houéyogbé","Sè",2020,25.3630447387695
"Mono","Houéyogbé","Sè",2021,25.5391120910645
"Mono","Houéyogbé","Sè",2022,40.5300903320312
"Mono","Houéyogbé","Sè",2023,37.0274124145508
"Mono","Houéyogbé","Sè",2024,45.3291168212891
"Mono","Houéyogbé","Zoungbonou",2012,4.65469789505005
"Mono","Houéyogbé","Zoungbonou",2013,7.84715175628662
"Mono","Houéyogbé","Zoungbonou",2015,4.62200736999512
"Mono","Houéyogbé","Zoungbonou",2017,6.24365949630737
"Mono","Houéyogbé","Zoungbonou",2018,8.16809368133545
"Mono","Houéyogbé","Zoungbonou",2019,9.2159948348999
"Mono","Houéyogbé","Zoungbonou",2020,3.90159034729004
"Mono","Houéyogbé","Zoungbonou",2021,2.69632744789124
"Mono","Houéyogbé","Zoungbonou",2022,12.1574211120605
"Mono","Houéyogbé","Zoungbonou",2023,9.45604038238525
"Mono","Houéyogbé","Zoungbonou",2024,10.8046569824219
"Mono","Lokossa","Adohoun",2012,0
"Mono","Lokossa","Adohoun",2013,0
"Mono","Lokossa","Adohoun",2015,0
"Mono","Lokossa","Adohoun",2017,1.61743092536926
"Mono","Lokossa","Adohoun",2018,0
"Mono","Lokossa","Adohoun",2019,0.544573426246643
"Mono","Lokossa","Adohoun",2020,0
"Mono","Lokossa","Adohoun",2021,0
"Mono","Lokossa","Adohoun",2022,0.813171744346619
"Mono","Lokossa","Adohoun",2023,3.01411008834839
"Mono","Lokossa","Adohoun",2024,4.75467300415039
"Mono","Lokossa","Agamé",2012,2.76278519630432
"Mono","Lokossa","Agamé",2013,3.94079804420471
"Mono","Lokossa","Agamé",2015,2.9094033241272
"Mono","Lokossa","Agamé",2017,3.08701825141907
"Mono","Lokossa","Agamé",2018,4.68128681182861
"Mono","Lokossa","Agamé",2019,2.00671172142029
"Mono","Lokossa","Agamé",2020,5.7829008102417
"Mono","Lokossa","Agamé",2021,2.52978992462158
"Mono","Lokossa","Agamé",2022,16.5533123016357
"Mono","Lokossa","Agamé",2023,12.4694843292236
"Mono","Lokossa","Agamé",2024,19.4143257141113
"Mono","Lokossa","Houin",2012,0.00769463134929538
"Mono","Lokossa","Houin",2013,1.14763343334198
"Mono","Lokossa","Houin",2015,2.04509496688843
"Mono","Lokossa","Houin",2017,1.37414419651031
"Mono","Lokossa","Houin",2018,1.57509803771973
"Mono","Lokossa","Houin",2019,0.929735004901886
"Mono","Lokossa","Houin",2020,0.587019860744476
"Mono","Lokossa","Houin",2021,1.73718786239624
"Mono","Lokossa","Houin",2022,5.18640565872192
"Mono","Lokossa","Houin",2023,3.68594288825989
"Mono","Lokossa","Houin",2024,7.65129899978638
"Mono","Lokossa","Houèdèmè-Adja",2012,0
"Mono","Lokossa","Houèdèmè-Adja",2013,0
"Mono","Lokossa","Houèdèmè-Adja",2015,4.23325872421265
"Mono","Lokossa","Houèdèmè-Adja",2017,1.94929265975952
"Mono","Lokossa","Houèdèmè-Adja",2018,1.18000650405884
"Mono","Lokossa","Houèdèmè-Adja",2019,1.34120523929596
"Mono","Lokossa","Houèdèmè-Adja",2020,1.45466327667236
"Mono","Lokossa","Houèdèmè-Adja",2021,1.12825274467468
"Mono","Lokossa","Houèdèmè-Adja",2022,27.4978561401367
"Mono","Lokossa","Houèdèmè-Adja",2023,9.46380043029785
"Mono","Lokossa","Houèdèmè-Adja",2024,9.73171329498291
"Mono","Lokossa","Koudo",2012,0
"Mono","Lokossa","Koudo",2013,0
"Mono","Lokossa","Koudo",2015,7.8506908416748
"Mono","Lokossa","Koudo",2017,1.33660066127777
"Mono","Lokossa","Koudo",2018,1.12063837051392
"Mono","Lokossa","Koudo",2019,0.658863842487335
"Mono","Lokossa","Koudo",2020,0
"Mono","Lokossa","Koudo",2021,0
"Mono","Lokossa","Koudo",2022,2.27430963516235
"Mono","Lokossa","Koudo",2023,2.34995532035828
"Mono","Lokossa","Koudo",2024,5.36005020141602
"Mono","Lokossa","Lokossa",2012,315.535888671875
"Mono","Lokossa","Lokossa",2013,319.218566894531
"Mono","Lokossa","Lokossa",2015,283.403411865234
"Mono","Lokossa","Lokossa",2017,231.200256347656
"Mono","Lokossa","Lokossa",2018,208.154830932617
"Mono","Lokossa","Lokossa",2019,246.871032714844
"Mono","Lokossa","Lokossa",2020,217.720413208008
"Mono","Lokossa","Lokossa",2021,419.986633300781
"Mono","Lokossa","Lokossa",2022,490.071685791016
"Mono","Lokossa","Lokossa",2023,410.710601806641
"Mono","Lokossa","Lokossa",2024,394.583526611328
"Ouémé","Adjarra","Adjarra I",2012,25.6959915161133
"Ouémé","Adjarra","Adjarra I",2013,22.2295970916748
"Ouémé","Adjarra","Adjarra I",2015,32.3826560974121
"Ouémé","Adjarra","Adjarra I",2017,37.5127944946289
"Ouémé","Adjarra","Adjarra I",2018,37.6240234375
"Ouémé","Adjarra","Adjarra I",2019,40.1630401611328
"Ouémé","Adjarra","Adjarra I",2020,48.6197929382324
"Ouémé","Adjarra","Adjarra I",2021,55.3380012512207
"Ouémé","Adjarra","Adjarra I",2022,61.2884941101074
"Ouémé","Adjarra","Adjarra I",2023,64.3901748657227
"Ouémé","Adjarra","Adjarra I",2024,87.2499008178711
"Ouémé","Adjarra","Adjarra II",2012,18.7450408935547
"Ouémé","Adjarra","Adjarra II",2013,21.5039653778076
"Ouémé","Adjarra","Adjarra II",2015,39.8665351867676
"Ouémé","Adjarra","Adjarra II",2017,46.4939651489258
"Ouémé","Adjarra","Adjarra II",2018,46.3286590576172
"Ouémé","Adjarra","Adjarra II",2019,55.4578132629395
"Ouémé","Adjarra","Adjarra II",2020,66.4920425415039
"Ouémé","Adjarra","Adjarra II",2021,79.702262878418
"Ouémé","Adjarra","Adjarra II",2022,87.9119338989258
"Ouémé","Adjarra","Adjarra II",2023,91.4728775024414
"Ouémé","Adjarra","Adjarra II",2024,155.813400268555
"Ouémé","Adjarra","Aglogbé",2012,46.7521362304688
"Ouémé","Adjarra","Aglogbé",2013,62.4840202331543
"Ouémé","Adjarra","Aglogbé",2015,68.0647583007812
"Ouémé","Adjarra","Aglogbé",2017,82.0451889038086
"Ouémé","Adjarra","Aglogbé",2018,75.903938293457
"Ouémé","Adjarra","Aglogbé",2019,94.3500518798828
"Ouémé","Adjarra","Aglogbé",2020,112.14338684082
"Ouémé","Adjarra","Aglogbé",2021,136.786880493164
"Ouémé","Adjarra","Aglogbé",2022,153.766983032227
"Ouémé","Adjarra","Aglogbé",2023,163.947616577148
"Ouémé","Adjarra","Aglogbé",2024,258.858459472656
"Ouémé","Adjarra","Honvié",2012,174.023178100586
"Ouémé","Adjarra","Honvié",2013,163.196563720703
"Ouémé","Adjarra","Honvié",2015,183.774978637695
"Ouémé","Adjarra","Honvié",2017,182.09651184082
"Ouémé","Adjarra","Honvié",2018,198.721435546875
"Ouémé","Adjarra","Honvié",2019,205.349899291992
"Ouémé","Adjarra","Honvié",2020,238.112045288086
"Ouémé","Adjarra","Honvié",2021,303.926116943359
"Ouémé","Adjarra","Honvié",2022,328.405456542969
"Ouémé","Adjarra","Honvié",2023,319.145599365234
"Ouémé","Adjarra","Honvié",2024,376.917663574219
"Ouémé","Adjarra","Malanhoui",2012,108.470664978027
"Ouémé","Adjarra","Malanhoui",2013,117.011840820312
"Ouémé","Adjarra","Malanhoui",2015,146.67170715332
"Ouémé","Adjarra","Malanhoui",2017,138.476898193359
"Ouémé","Adjarra","Malanhoui",2018,142.512512207031
"Ouémé","Adjarra","Malanhoui",2019,156.923568725586
"Ouémé","Adjarra","Malanhoui",2020,175.792175292969
"Ouémé","Adjarra","Malanhoui",2021,225.172805786133
"Ouémé","Adjarra","Malanhoui",2022,232.279739379883
"Ouémé","Adjarra","Malanhoui",2023,229.668228149414
"Ouémé","Adjarra","Malanhoui",2024,373.271331787109
"Ouémé","Adjarra","Médédjonou",2012,15.1086578369141
"Ouémé","Adjarra","Médédjonou",2013,19.1654415130615
"Ouémé","Adjarra","Médédjonou",2015,37.616340637207
"Ouémé","Adjarra","Médédjonou",2017,41.9274597167969
"Ouémé","Adjarra","Médédjonou",2018,35.4050598144531
"Ouémé","Adjarra","Médédjonou",2019,46.1592178344727
"Ouémé","Adjarra","Médédjonou",2020,57.5159530639648
"Ouémé","Adjarra","Médédjonou",2021,72.7652740478516
"Ouémé","Adjarra","Médédjonou",2022,106.334693908691
"Ouémé","Adjarra","Médédjonou",2023,107.019325256348
"Ouémé","Adjarra","Médédjonou",2024,186.731582641602
"Ouémé","Adjohoun","Adjohoun",2012,3.15848851203918
"Ouémé","Adjohoun","Adjohoun",2013,6.82267713546753
"Ouémé","Adjohoun","Adjohoun",2015,6.54016780853271
"Ouémé","Adjohoun","Adjohoun",2017,9.50059795379639
"Ouémé","Adjohoun","Adjohoun",2018,9.77725696563721
"Ouémé","Adjohoun","Adjohoun",2019,12.4355754852295
"Ouémé","Adjohoun","Adjohoun",2020,9.46066856384277
"Ouémé","Adjohoun","Adjohoun",2021,15.6893577575684
"Ouémé","Adjohoun","Adjohoun",2022,24.534086227417
"Ouémé","Adjohoun","Adjohoun",2023,23.1714897155762
"Ouémé","Adjohoun","Adjohoun",2024,39.7516479492188
"Ouémé","Adjohoun","Akpadanou",2012,0
"Ouémé","Adjohoun","Akpadanou",2013,0
"Ouémé","Adjohoun","Akpadanou",2015,0
"Ouémé","Adjohoun","Akpadanou",2017,0
"Ouémé","Adjohoun","Akpadanou",2018,0.369686454534531
"Ouémé","Adjohoun","Akpadanou",2019,0.443665504455566
"Ouémé","Adjohoun","Akpadanou",2020,0.358403533697128
"Ouémé","Adjohoun","Akpadanou",2021,0
"Ouémé","Adjohoun","Akpadanou",2022,0
"Ouémé","Adjohoun","Akpadanou",2023,0
"Ouémé","Adjohoun","Akpadanou",2024,4.63912534713745
"Ouémé","Adjohoun","Awonou",2012,0
"Ouémé","Adjohoun","Awonou",2013,0
"Ouémé","Adjohoun","Awonou",2015,0
"Ouémé","Adjohoun","Awonou",2017,0
"Ouémé","Adjohoun","Awonou",2018,0
"Ouémé","Adjohoun","Awonou",2019,0
"Ouémé","Adjohoun","Awonou",2020,0
"Ouémé","Adjohoun","Awonou",2021,0
"Ouémé","Adjohoun","Awonou",2022,0
"Ouémé","Adjohoun","Awonou",2023,0
"Ouémé","Adjohoun","Awonou",2024,0
"Ouémé","Adjohoun","Azowlissè",2012,4.66227769851685
"Ouémé","Adjohoun","Azowlissè",2013,5.98464202880859
"Ouémé","Adjohoun","Azowlissè",2015,8.84033012390137
"Ouémé","Adjohoun","Azowlissè",2017,6.32567977905273
"Ouémé","Adjohoun","Azowlissè",2018,7.74970769882202
"Ouémé","Adjohoun","Azowlissè",2019,7.07000303268433
"Ouémé","Adjohoun","Azowlissè",2020,6.19818735122681
"Ouémé","Adjohoun","Azowlissè",2021,2.73239827156067
"Ouémé","Adjohoun","Azowlissè",2022,9.20853233337402
"Ouémé","Adjohoun","Azowlissè",2023,17.1267585754395
"Ouémé","Adjohoun","Azowlissè",2024,79.1910552978516
"Ouémé","Adjohoun","Dèmè",2012,0.442284762859344
"Ouémé","Adjohoun","Dèmè",2013,0.352932274341583
"Ouémé","Adjohoun","Dèmè",2015,0.906348526477814
"Ouémé","Adjohoun","Dèmè",2017,0.815644681453705
"Ouémé","Adjohoun","Dèmè",2018,0.367602944374084
"Ouémé","Adjohoun","Dèmè",2019,0.0027924245223403
"Ouémé","Adjohoun","Dèmè",2020,0.847751975059509
"Ouémé","Adjohoun","Dèmè",2021,0.00234363484196365
"Ouémé","Adjohoun","Dèmè",2022,1.53389060497284
"Ouémé","Adjohoun","Dèmè",2023,2.0843813419342
"Ouémé","Adjohoun","Dèmè",2024,13.4707288742065
"Ouémé","Adjohoun","Gangban",2012,0
"Ouémé","Adjohoun","Gangban",2013,0
"Ouémé","Adjohoun","Gangban",2015,0
"Ouémé","Adjohoun","Gangban",2017,0
"Ouémé","Adjohoun","Gangban",2018,0
"Ouémé","Adjohoun","Gangban",2019,0
"Ouémé","Adjohoun","Gangban",2020,0
"Ouémé","Adjohoun","Gangban",2021,0
"Ouémé","Adjohoun","Gangban",2022,0
"Ouémé","Adjohoun","Gangban",2023,0
"Ouémé","Adjohoun","Gangban",2024,0.796895682811737
"Ouémé","Adjohoun","Kodè",2012,0.220668211579323
"Ouémé","Adjohoun","Kodè",2013,0.243749558925629
"Ouémé","Adjohoun","Kodè",2015,0.22129525244236
"Ouémé","Adjohoun","Kodè",2017,0.270643025636673
"Ouémé","Adjohoun","Kodè",2018,0.43252369761467
"Ouémé","Adjohoun","Kodè",2019,0.449643939733505
"Ouémé","Adjohoun","Kodè",2020,0.373926550149918
"Ouémé","Adjohoun","Kodè",2021,0.311791777610779
"Ouémé","Adjohoun","Kodè",2022,3.58325839042664
"Ouémé","Adjohoun","Kodè",2023,3.36800360679626
"Ouémé","Adjohoun","Kodè",2024,9.46372032165527
"Ouémé","Adjohoun","Togbota",2012,0
"Ouémé","Adjohoun","Togbota",2013,0
"Ouémé","Adjohoun","Togbota",2015,0
"Ouémé","Adjohoun","Togbota",2017,0
"Ouémé","Adjohoun","Togbota",2018,0
"Ouémé","Adjohoun","Togbota",2019,0
"Ouémé","Adjohoun","Togbota",2020,0
"Ouémé","Adjohoun","Togbota",2021,0
"Ouémé","Adjohoun","Togbota",2022,0
"Ouémé","Adjohoun","Togbota",2023,0
"Ouémé","Adjohoun","Togbota",2024,0
"Ouémé","Aguégués","Avagbodji",2012,1.50526738166809
"Ouémé","Aguégués","Avagbodji",2013,9.4310884475708
"Ouémé","Aguégués","Avagbodji",2015,10.4574975967407
"Ouémé","Aguégués","Avagbodji",2017,3.76985120773315
"Ouémé","Aguégués","Avagbodji",2018,0.337982177734375
"Ouémé","Aguégués","Avagbodji",2019,0.427560776472092
"Ouémé","Aguégués","Avagbodji",2020,0.491219818592072
"Ouémé","Aguégués","Avagbodji",2021,13.8211765289307
"Ouémé","Aguégués","Avagbodji",2022,27.5359477996826
"Ouémé","Aguégués","Avagbodji",2023,20.1998291015625
"Ouémé","Aguégués","Avagbodji",2024,61.738655090332
"Ouémé","Aguégués","Houédomè",2012,15.7774639129639
"Ouémé","Aguégués","Houédomè",2013,13.1778793334961
"Ouémé","Aguégués","Houédomè",2015,19.7341861724854
"Ouémé","Aguégués","Houédomè",2017,19.1093273162842
"Ouémé","Aguégués","Houédomè",2018,8.58321094512939
"Ouémé","Aguégués","Houédomè",2019,6.89534473419189
"Ouémé","Aguégués","Houédomè",2020,14.2204713821411
"Ouémé","Aguégués","Houédomè",2021,33.7613983154297
"Ouémé","Aguégués","Houédomè",2022,48.8936500549316
"Ouémé","Aguégués","Houédomè",2023,35.5482406616211
"Ouémé","Aguégués","Houédomè",2024,69.649055480957
"Ouémé","Aguégués","Zoungamè",2012,35.7216262817383
"Ouémé","Aguégués","Zoungamè",2013,27.6069202423096
"Ouémé","Aguégués","Zoungamè",2015,43.4570274353027
"Ouémé","Aguégués","Zoungamè",2017,34.9833717346191
"Ouémé","Aguégués","Zoungamè",2018,35.944221496582
"Ouémé","Aguégués","Zoungamè",2019,31.0943183898926
"Ouémé","Aguégués","Zoungamè",2020,51.1939239501953
"Ouémé","Aguégués","Zoungamè",2021,73.9625854492188
"Ouémé","Aguégués","Zoungamè",2022,132.384719848633
"Ouémé","Aguégués","Zoungamè",2023,106.974510192871
"Ouémé","Aguégués","Zoungamè",2024,182.55241394043
"Ouémé","Akpro-Missérété","Akpro-Missérété",2012,27.9299392700195
"Ouémé","Akpro-Missérété","Akpro-Missérété",2013,33.9462547302246
"Ouémé","Akpro-Missérété","Akpro-Missérété",2015,57.4474868774414
"Ouémé","Akpro-Missérété","Akpro-Missérété",2017,69.155647277832
"Ouémé","Akpro-Missérété","Akpro-Missérété",2018,73.4159469604492
"Ouémé","Akpro-Missérété","Akpro-Missérété",2019,82.5643081665039
"Ouémé","Akpro-Missérété","Akpro-Missérété",2020,137.633529663086
"Ouémé","Akpro-Missérété","Akpro-Missérété",2021,175.781814575195
"Ouémé","Akpro-Missérété","Akpro-Missérété",2022,191.587661743164
"Ouémé","Akpro-Missérété","Akpro-Missérété",2023,200.48796081543
"Ouémé","Akpro-Missérété","Akpro-Missérété",2024,258.702911376953
"Ouémé","Akpro-Missérété","Gomè-Sota",2012,2.63949966430664
"Ouémé","Akpro-Missérété","Gomè-Sota",2013,2.99191808700562
"Ouémé","Akpro-Missérété","Gomè-Sota",2015,9.33988285064697
"Ouémé","Akpro-Missérété","Gomè-Sota",2017,14.7641105651855
"Ouémé","Akpro-Missérété","Gomè-Sota",2018,10.8141651153564
"Ouémé","Akpro-Missérété","Gomè-Sota",2019,15.7767896652222
"Ouémé","Akpro-Missérété","Gomè-Sota",2020,18.7574329376221
"Ouémé","Akpro-Missérété","Gomè-Sota",2021,37.0843391418457
"Ouémé","Akpro-Missérété","Gomè-Sota",2022,54.834041595459
"Ouémé","Akpro-Missérété","Gomè-Sota",2023,62.7056884765625
"Ouémé","Akpro-Missérété","Gomè-Sota",2024,100.316558837891
"Ouémé","Akpro-Missérété","Katagon",2012,1.75747048854828
"Ouémé","Akpro-Missérété","Katagon",2013,0.59581857919693
"Ouémé","Akpro-Missérété","Katagon",2015,2.31845784187317
"Ouémé","Akpro-Missérété","Katagon",2017,1.17969822883606
"Ouémé","Akpro-Missérété","Katagon",2018,0.523076117038727
"Ouémé","Akpro-Missérété","Katagon",2019,1.08461368083954
"Ouémé","Akpro-Missérété","Katagon",2020,1.66148459911346
"Ouémé","Akpro-Missérété","Katagon",2021,0.594750583171844
"Ouémé","Akpro-Missérété","Katagon",2022,19.2419967651367
"Ouémé","Akpro-Missérété","Katagon",2023,23.4547729492188
"Ouémé","Akpro-Missérété","Katagon",2024,62.663948059082
"Ouémé","Akpro-Missérété","Vakon",2012,49.774299621582
"Ouémé","Akpro-Missérété","Vakon",2013,54.2131652832031
"Ouémé","Akpro-Missérété","Vakon",2015,75.6437606811523
"Ouémé","Akpro-Missérété","Vakon",2017,73.7435989379883
"Ouémé","Akpro-Missérété","Vakon",2018,67.7073593139648
"Ouémé","Akpro-Missérété","Vakon",2019,83.1361236572266
"Ouémé","Akpro-Missérété","Vakon",2020,112.818000793457
"Ouémé","Akpro-Missérété","Vakon",2021,139.929672241211
"Ouémé","Akpro-Missérété","Vakon",2022,156.65234375
"Ouémé","Akpro-Missérété","Vakon",2023,162.733489990234
"Ouémé","Akpro-Missérété","Vakon",2024,196.870788574219
"Ouémé","Akpro-Missérété","Zoungbomè",2012,0
"Ouémé","Akpro-Missérété","Zoungbomè",2013,0
"Ouémé","Akpro-Missérété","Zoungbomè",2015,0
"Ouémé","Akpro-Missérété","Zoungbomè",2017,0
"Ouémé","Akpro-Missérété","Zoungbomè",2018,0.477749198675156
"Ouémé","Akpro-Missérété","Zoungbomè",2019,0.518213212490082
"Ouémé","Akpro-Missérété","Zoungbomè",2020,0
"Ouémé","Akpro-Missérété","Zoungbomè",2021,1.02693808078766
"Ouémé","Akpro-Missérété","Zoungbomè",2022,6.99755525588989
"Ouémé","Akpro-Missérété","Zoungbomè",2023,12.0265741348267
"Ouémé","Akpro-Missérété","Zoungbomè",2024,42.7746849060059
"Ouémé","Avrankou","Atchoukpa",2012,123.732414245605
"Ouémé","Avrankou","Atchoukpa",2013,143.279144287109
"Ouémé","Avrankou","Atchoukpa",2015,177.428009033203
"Ouémé","Avrankou","Atchoukpa",2017,197.210784912109
"Ouémé","Avrankou","Atchoukpa",2018,224.423248291016
"Ouémé","Avrankou","Atchoukpa",2019,238.470840454102
"Ouémé","Avrankou","Atchoukpa",2020,294.078826904297
"Ouémé","Avrankou","Atchoukpa",2021,334.523712158203
"Ouémé","Avrankou","Atchoukpa",2022,349.210693359375
"Ouémé","Avrankou","Atchoukpa",2023,345.2158203125
"Ouémé","Avrankou","Atchoukpa",2024,412.224060058594
"Ouémé","Avrankou","Avrankou",2012,20.8387508392334
"Ouémé","Avrankou","Avrankou",2013,19.5348606109619
"Ouémé","Avrankou","Avrankou",2015,47.9722747802734
"Ouémé","Avrankou","Avrankou",2017,50.7663345336914
"Ouémé","Avrankou","Avrankou",2018,48.360538482666
"Ouémé","Avrankou","Avrankou",2019,59.1871719360352
"Ouémé","Avrankou","Avrankou",2020,81.5382232666016
"Ouémé","Avrankou","Avrankou",2021,101.891609191895
"Ouémé","Avrankou","Avrankou",2022,104.982032775879
"Ouémé","Avrankou","Avrankou",2023,94.7288513183594
"Ouémé","Avrankou","Avrankou",2024,113.279792785645
"Ouémé","Avrankou","Djomon",2012,6.42627000808716
"Ouémé","Avrankou","Djomon",2013,3.15567135810852
"Ouémé","Avrankou","Djomon",2015,20.364128112793
"Ouémé","Avrankou","Djomon",2017,12.6090316772461
"Ouémé","Avrankou","Djomon",2018,6.8405647277832
"Ouémé","Avrankou","Djomon",2019,12.5228233337402
"Ouémé","Avrankou","Djomon",2020,28.1145153045654
"Ouémé","Avrankou","Djomon",2021,40.0530738830566
"Ouémé","Avrankou","Djomon",2022,80.4358901977539
"Ouémé","Avrankou","Djomon",2023,74.7737579345703
"Ouémé","Avrankou","Djomon",2024,110.844947814941
"Ouémé","Avrankou","Gbozounmè",2012,0
"Ouémé","Avrankou","Gbozounmè",2013,0
"Ouémé","Avrankou","Gbozounmè",2015,5.02454614639282
"Ouémé","Avrankou","Gbozounmè",2017,2.61917614936829
"Ouémé","Avrankou","Gbozounmè",2018,2.11448001861572
"Ouémé","Avrankou","Gbozounmè",2019,3.13388085365295
"Ouémé","Avrankou","Gbozounmè",2020,8.60456848144531
"Ouémé","Avrankou","Gbozounmè",2021,13.7990827560425
"Ouémé","Avrankou","Gbozounmè",2022,25.0125503540039
"Ouémé","Avrankou","Gbozounmè",2023,27.2021293640137
"Ouémé","Avrankou","Gbozounmè",2024,38.649829864502
"Ouémé","Avrankou","Kouty",2012,0
"Ouémé","Avrankou","Kouty",2013,0
"Ouémé","Avrankou","Kouty",2015,0.442593336105347
"Ouémé","Avrankou","Kouty",2017,0
"Ouémé","Avrankou","Kouty",2018,0
"Ouémé","Avrankou","Kouty",2019,0
"Ouémé","Avrankou","Kouty",2020,0
"Ouémé","Avrankou","Kouty",2021,0.151057869195938
"Ouémé","Avrankou","Kouty",2022,7.80730295181274
"Ouémé","Avrankou","Kouty",2023,5.46859216690063
"Ouémé","Avrankou","Kouty",2024,46.7370185852051
"Ouémé","Avrankou","Ouanho",2012,38.2528915405273
"Ouémé","Avrankou","Ouanho",2013,43.8919296264648
"Ouémé","Avrankou","Ouanho",2015,55.3493270874023
"Ouémé","Avrankou","Ouanho",2017,62.0277633666992
"Ouémé","Avrankou","Ouanho",2018,68.8086013793945
"Ouémé","Avrankou","Ouanho",2019,69.8904113769531
"Ouémé","Avrankou","Ouanho",2020,85.7851867675781
"Ouémé","Avrankou","Ouanho",2021,105.595748901367
"Ouémé","Avrankou","Ouanho",2022,113.837593078613
"Ouémé","Avrankou","Ouanho",2023,114.851921081543
"Ouémé","Avrankou","Ouanho",2024,132.928939819336
"Ouémé","Avrankou","Sado",2012,0
"Ouémé","Avrankou","Sado",2013,0
"Ouémé","Avrankou","Sado",2015,14.5587892532349
"Ouémé","Avrankou","Sado",2017,6.83299446105957
"Ouémé","Avrankou","Sado",2018,4.89005994796753
"Ouémé","Avrankou","Sado",2019,8.86450672149658
"Ouémé","Avrankou","Sado",2020,13.0688982009888
"Ouémé","Avrankou","Sado",2021,19.7078876495361
"Ouémé","Avrankou","Sado",2022,31.4834175109863
"Ouémé","Avrankou","Sado",2023,26.0559120178223
"Ouémé","Avrankou","Sado",2024,41.8022117614746
"Ouémé","Bonou","Affamè",2012,0.565684199333191
"Ouémé","Bonou","Affamè",2013,2.89575409889221
"Ouémé","Bonou","Affamè",2015,1.76477766036987
"Ouémé","Bonou","Affamè",2017,0
"Ouémé","Bonou","Affamè",2018,0.514158189296722
"Ouémé","Bonou","Affamè",2019,0
"Ouémé","Bonou","Affamè",2020,0
"Ouémé","Bonou","Affamè",2021,0
"Ouémé","Bonou","Affamè",2022,2.21373653411865
"Ouémé","Bonou","Affamè",2023,5.86199712753296
"Ouémé","Bonou","Affamè",2024,8.7510404586792
"Ouémé","Bonou","Atchonsa",2012,0
"Ouémé","Bonou","Atchonsa",2013,0
"Ouémé","Bonou","Atchonsa",2015,0
"Ouémé","Bonou","Atchonsa",2017,0
"Ouémé","Bonou","Atchonsa",2018,0
"Ouémé","Bonou","Atchonsa",2019,0
"Ouémé","Bonou","Atchonsa",2020,0
"Ouémé","Bonou","Atchonsa",2021,0
"Ouémé","Bonou","Atchonsa",2022,0
"Ouémé","Bonou","Atchonsa",2023,0
"Ouémé","Bonou","Atchonsa",2024,5.68989658355713
"Ouémé","Bonou","Bonou",2012,0.524308085441589
"Ouémé","Bonou","Bonou",2013,0
"Ouémé","Bonou","Bonou",2015,0
"Ouémé","Bonou","Bonou",2017,0
"Ouémé","Bonou","Bonou",2018,0.556837022304535
"Ouémé","Bonou","Bonou",2019,0
"Ouémé","Bonou","Bonou",2020,0
"Ouémé","Bonou","Bonou",2021,0
"Ouémé","Bonou","Bonou",2022,4.80157852172852
"Ouémé","Bonou","Bonou",2023,2.42336010932922
"Ouémé","Bonou","Bonou",2024,7.94630908966064
"Ouémé","Bonou","Damè-Wogon",2012,0
"Ouémé","Bonou","Damè-Wogon",2013,0
"Ouémé","Bonou","Damè-Wogon",2015,0
"Ouémé","Bonou","Damè-Wogon",2017,0
"Ouémé","Bonou","Damè-Wogon",2018,0
"Ouémé","Bonou","Damè-Wogon",2019,0
"Ouémé","Bonou","Damè-Wogon",2020,0
"Ouémé","Bonou","Damè-Wogon",2021,0
"Ouémé","Bonou","Damè-Wogon",2022,0
"Ouémé","Bonou","Damè-Wogon",2023,0
"Ouémé","Bonou","Damè-Wogon",2024,0
"Ouémé","Bonou","Houinviguè",2012,0
"Ouémé","Bonou","Houinviguè",2013,0.647573232650757
"Ouémé","Bonou","Houinviguè",2015,1.78196847438812
"Ouémé","Bonou","Houinviguè",2017,0
"Ouémé","Bonou","Houinviguè",2018,0
"Ouémé","Bonou","Houinviguè",2019,0
"Ouémé","Bonou","Houinviguè",2020,0
"Ouémé","Bonou","Houinviguè",2021,0
"Ouémé","Bonou","Houinviguè",2022,0.529508054256439
"Ouémé","Bonou","Houinviguè",2023,0.0217875130474567
"Ouémé","Bonou","Houinviguè",2024,2.73715233802795
"Ouémé","Dangbo","Dangbo",2012,13.4124336242676
"Ouémé","Dangbo","Dangbo",2013,17.7050609588623
"Ouémé","Dangbo","Dangbo",2015,22.6733875274658
"Ouémé","Dangbo","Dangbo",2017,18.4206523895264
"Ouémé","Dangbo","Dangbo",2018,17.6827659606934
"Ouémé","Dangbo","Dangbo",2019,15.2877388000488
"Ouémé","Dangbo","Dangbo",2020,20.2776737213135
"Ouémé","Dangbo","Dangbo",2021,23.4225521087646
"Ouémé","Dangbo","Dangbo",2022,56.3737602233887
"Ouémé","Dangbo","Dangbo",2023,60.1054458618164
"Ouémé","Dangbo","Dangbo",2024,106.234664916992
"Ouémé","Dangbo","Dékin",2012,0
"Ouémé","Dangbo","Dékin",2013,0
"Ouémé","Dangbo","Dékin",2015,0
"Ouémé","Dangbo","Dékin",2017,0
"Ouémé","Dangbo","Dékin",2018,0
"Ouémé","Dangbo","Dékin",2019,0
"Ouémé","Dangbo","Dékin",2020,0
"Ouémé","Dangbo","Dékin",2021,0
"Ouémé","Dangbo","Dékin",2022,0
"Ouémé","Dangbo","Dékin",2023,0
"Ouémé","Dangbo","Dékin",2024,4.93939018249512
"Ouémé","Dangbo","Gbéko",2012,0
"Ouémé","Dangbo","Gbéko",2013,0
"Ouémé","Dangbo","Gbéko",2015,0
"Ouémé","Dangbo","Gbéko",2017,0
"Ouémé","Dangbo","Gbéko",2018,0
"Ouémé","Dangbo","Gbéko",2019,0
"Ouémé","Dangbo","Gbéko",2020,0
"Ouémé","Dangbo","Gbéko",2021,0
"Ouémé","Dangbo","Gbéko",2022,2.48007726669312
"Ouémé","Dangbo","Gbéko",2023,2.21674966812134
"Ouémé","Dangbo","Gbéko",2024,9.81322860717773
"Ouémé","Dangbo","Houédomey",2012,0
"Ouémé","Dangbo","Houédomey",2013,0
"Ouémé","Dangbo","Houédomey",2015,0
"Ouémé","Dangbo","Houédomey",2017,0
"Ouémé","Dangbo","Houédomey",2018,0
"Ouémé","Dangbo","Houédomey",2019,0
"Ouémé","Dangbo","Houédomey",2020,0
"Ouémé","Dangbo","Houédomey",2021,0
"Ouémé","Dangbo","Houédomey",2022,0
"Ouémé","Dangbo","Houédomey",2023,0.110532641410828
"Ouémé","Dangbo","Houédomey",2024,2.70402479171753
"Ouémé","Dangbo","Hozin",2012,0.0346737019717693
"Ouémé","Dangbo","Hozin",2013,0.0342375710606575
"Ouémé","Dangbo","Hozin",2015,0.39181262254715
"Ouémé","Dangbo","Hozin",2017,3.67700338363647
"Ouémé","Dangbo","Hozin",2018,2.4873514175415
"Ouémé","Dangbo","Hozin",2019,3.53884744644165
"Ouémé","Dangbo","Hozin",2020,4.77447414398193
"Ouémé","Dangbo","Hozin",2021,6.92628192901611
"Ouémé","Dangbo","Hozin",2022,11.0517816543579
"Ouémé","Dangbo","Hozin",2023,14.2747793197632
"Ouémé","Dangbo","Hozin",2024,23.4223289489746
"Ouémé","Dangbo","Késsounou",2012,0.203309431672096
"Ouémé","Dangbo","Késsounou",2013,0.0123087549582124
"Ouémé","Dangbo","Késsounou",2015,0.234108805656433
"Ouémé","Dangbo","Késsounou",2017,0.0122740603983402
"Ouémé","Dangbo","Késsounou",2018,0.0104601504281163
"Ouémé","Dangbo","Késsounou",2019,0
"Ouémé","Dangbo","Késsounou",2020,0.00870272610336542
"Ouémé","Dangbo","Késsounou",2021,0.00880497042089701
"Ouémé","Dangbo","Késsounou",2022,0.265454053878784
"Ouémé","Dangbo","Késsounou",2023,0.846554458141327
"Ouémé","Dangbo","Késsounou",2024,19.289176940918
"Ouémé","Dangbo","Zounguè",2012,0.528314888477325
"Ouémé","Dangbo","Zounguè",2013,0
"Ouémé","Dangbo","Zounguè",2015,0
"Ouémé","Dangbo","Zounguè",2017,0
"Ouémé","Dangbo","Zounguè",2018,0.0734574049711227
"Ouémé","Dangbo","Zounguè",2019,0.571544587612152
"Ouémé","Dangbo","Zounguè",2020,0.506410598754883
"Ouémé","Dangbo","Zounguè",2021,1.93169295787811
"Ouémé","Dangbo","Zounguè",2022,8.77947044372559
"Ouémé","Dangbo","Zounguè",2023,15.3638248443604
"Ouémé","Dangbo","Zounguè",2024,33.4180908203125
"Ouémé","Porto-Novo","Arrondisement I",2012,377.565124511719
"Ouémé","Porto-Novo","Arrondisement I",2013,387.959869384766
"Ouémé","Porto-Novo","Arrondisement I",2015,301.195373535156
"Ouémé","Porto-Novo","Arrondisement I",2017,299.481994628906
"Ouémé","Porto-Novo","Arrondisement I",2018,346.406036376953
"Ouémé","Porto-Novo","Arrondisement I",2019,396.459594726562
"Ouémé","Porto-Novo","Arrondisement I",2020,398.066711425781
"Ouémé","Porto-Novo","Arrondisement I",2021,436.248626708984
"Ouémé","Porto-Novo","Arrondisement I",2022,426.764129638672
"Ouémé","Porto-Novo","Arrondisement I",2023,396.522796630859
"Ouémé","Porto-Novo","Arrondisement I",2024,400.037139892578
"Ouémé","Porto-Novo","Arrondisement II",2012,197.444961547852
"Ouémé","Porto-Novo","Arrondisement II",2013,191.775497436523
"Ouémé","Porto-Novo","Arrondisement II",2015,138.431015014648
"Ouémé","Porto-Novo","Arrondisement II",2017,161.136047363281
"Ouémé","Porto-Novo","Arrondisement II",2018,198.607131958008
"Ouémé","Porto-Novo","Arrondisement II",2019,189.954940795898
"Ouémé","Porto-Novo","Arrondisement II",2020,168.947540283203
"Ouémé","Porto-Novo","Arrondisement II",2021,170.643646240234
"Ouémé","Porto-Novo","Arrondisement II",2022,178.120742797852
"Ouémé","Porto-Novo","Arrondisement II",2023,154.22639465332
"Ouémé","Porto-Novo","Arrondisement II",2024,147.687759399414
"Ouémé","Porto-Novo","Arrondisement III",2012,157.786544799805
"Ouémé","Porto-Novo","Arrondisement III",2013,151.62825012207
"Ouémé","Porto-Novo","Arrondisement III",2015,114.580139160156
"Ouémé","Porto-Novo","Arrondisement III",2017,134.129501342773
"Ouémé","Porto-Novo","Arrondisement III",2018,141.198165893555
"Ouémé","Porto-Novo","Arrondisement III",2019,120.923881530762
"Ouémé","Porto-Novo","Arrondisement III",2020,134.945434570312
"Ouémé","Porto-Novo","Arrondisement III",2021,151.328857421875
"Ouémé","Porto-Novo","Arrondisement III",2022,175.172744750977
"Ouémé","Porto-Novo","Arrondisement III",2023,134.218154907227
"Ouémé","Porto-Novo","Arrondisement III",2024,132.784255981445
"Ouémé","Porto-Novo","Arrondisement IV",2012,599.93896484375
"Ouémé","Porto-Novo","Arrondisement IV",2013,574.606567382812
"Ouémé","Porto-Novo","Arrondisement IV",2015,488.589233398438
"Ouémé","Porto-Novo","Arrondisement IV",2017,447.946899414062
"Ouémé","Porto-Novo","Arrondisement IV",2018,498.259094238281
"Ouémé","Porto-Novo","Arrondisement IV",2019,511.963623046875
"Ouémé","Porto-Novo","Arrondisement IV",2020,587.6787109375
"Ouémé","Porto-Novo","Arrondisement IV",2021,746.28759765625
"Ouémé","Porto-Novo","Arrondisement IV",2022,764.499389648438
"Ouémé","Porto-Novo","Arrondisement IV",2023,705.522521972656
"Ouémé","Porto-Novo","Arrondisement IV",2024,729.220703125
"Ouémé","Porto-Novo","Arrondisement V",2012,694.692504882812
"Ouémé","Porto-Novo","Arrondisement V",2013,751.178955078125
"Ouémé","Porto-Novo","Arrondisement V",2015,712.140075683594
"Ouémé","Porto-Novo","Arrondisement V",2017,647.984802246094
"Ouémé","Porto-Novo","Arrondisement V",2018,681.024047851562
"Ouémé","Porto-Novo","Arrondisement V",2019,635.036376953125
"Ouémé","Porto-Novo","Arrondisement V",2020,759.310241699219
"Ouémé","Porto-Novo","Arrondisement V",2021,1019.58062744141
"Ouémé","Porto-Novo","Arrondisement V",2022,1062.82263183594
"Ouémé","Porto-Novo","Arrondisement V",2023,963.748657226562
"Ouémé","Porto-Novo","Arrondisement V",2024,931.349182128906
"Ouémé","Sèmè-Kpodji","Aglangandan",2012,358.590972900391
"Ouémé","Sèmè-Kpodji","Aglangandan",2013,376.257690429688
"Ouémé","Sèmè-Kpodji","Aglangandan",2015,424.155029296875
"Ouémé","Sèmè-Kpodji","Aglangandan",2017,423.530059814453
"Ouémé","Sèmè-Kpodji","Aglangandan",2018,476.13818359375
"Ouémé","Sèmè-Kpodji","Aglangandan",2019,563.499694824219
"Ouémé","Sèmè-Kpodji","Aglangandan",2020,614.087890625
"Ouémé","Sèmè-Kpodji","Aglangandan",2021,673.4677734375
"Ouémé","Sèmè-Kpodji","Aglangandan",2022,672.05029296875
"Ouémé","Sèmè-Kpodji","Aglangandan",2023,652.258728027344
"Ouémé","Sèmè-Kpodji","Aglangandan",2024,634.848693847656
"Ouémé","Sèmè-Kpodji","Aholouyèmè",2012,12.8381910324097
"Ouémé","Sèmè-Kpodji","Aholouyèmè",2013,13.2788543701172
"Ouémé","Sèmè-Kpodji","Aholouyèmè",2015,36.6769905090332
"Ouémé","Sèmè-Kpodji","Aholouyèmè",2017,22.2500610351562
"Ouémé","Sèmè-Kpodji","Aholouyèmè",2018,12.4072380065918
"Ouémé","Sèmè-Kpodji","Aholouyèmè",2019,22.6672534942627
"Ouémé","Sèmè-Kpodji","Aholouyèmè",2020,36.7567939758301
"Ouémé","Sèmè-Kpodji","Aholouyèmè",2021,54.6953735351562
"Ouémé","Sèmè-Kpodji","Aholouyèmè",2022,101.274696350098
"Ouémé","Sèmè-Kpodji","Aholouyèmè",2023,89.4293823242188
"Ouémé","Sèmè-Kpodji","Aholouyèmè",2024,124.701751708984
"Ouémé","Sèmè-Kpodji","Djrègbè",2012,77.0430526733398
"Ouémé","Sèmè-Kpodji","Djrègbè",2013,85.8353118896484
"Ouémé","Sèmè-Kpodji","Djrègbè",2015,117.33309173584
"Ouémé","Sèmè-Kpodji","Djrègbè",2017,144.59326171875
"Ouémé","Sèmè-Kpodji","Djrègbè",2018,159.251342773438
"Ouémé","Sèmè-Kpodji","Djrègbè",2019,166.998245239258
"Ouémé","Sèmè-Kpodji","Djrègbè",2020,178.73095703125
"Ouémé","Sèmè-Kpodji","Djrègbè",2021,232.114227294922
"Ouémé","Sèmè-Kpodji","Djrègbè",2022,246.691390991211
"Ouémé","Sèmè-Kpodji","Djrègbè",2023,242.025894165039
"Ouémé","Sèmè-Kpodji","Djrègbè",2024,293.825073242188
"Ouémé","Sèmè-Kpodji","Ekpè",2012,277.614715576172
"Ouémé","Sèmè-Kpodji","Ekpè",2013,359.143371582031
"Ouémé","Sèmè-Kpodji","Ekpè",2015,420.905029296875
"Ouémé","Sèmè-Kpodji","Ekpè",2017,380.10009765625
"Ouémé","Sèmè-Kpodji","Ekpè",2018,370.182342529297
"Ouémé","Sèmè-Kpodji","Ekpè",2019,422.795593261719
"Ouémé","Sèmè-Kpodji","Ekpè",2020,458.211212158203
"Ouémé","Sèmè-Kpodji","Ekpè",2021,586.505065917969
"Ouémé","Sèmè-Kpodji","Ekpè",2022,635.166870117188
"Ouémé","Sèmè-Kpodji","Ekpè",2023,632.065979003906
"Ouémé","Sèmè-Kpodji","Ekpè",2024,645.408569335938
"Ouémé","Sèmè-Kpodji","Sèmè-Kpodji",2012,128.430130004883
"Ouémé","Sèmè-Kpodji","Sèmè-Kpodji",2013,170.872100830078
"Ouémé","Sèmè-Kpodji","Sèmè-Kpodji",2015,153.461791992188
"Ouémé","Sèmè-Kpodji","Sèmè-Kpodji",2017,172.577987670898
"Ouémé","Sèmè-Kpodji","Sèmè-Kpodji",2018,178.082946777344
"Ouémé","Sèmè-Kpodji","Sèmè-Kpodji",2019,195.911315917969
"Ouémé","Sèmè-Kpodji","Sèmè-Kpodji",2020,234.199996948242
"Ouémé","Sèmè-Kpodji","Sèmè-Kpodji",2021,296.136688232422
"Ouémé","Sèmè-Kpodji","Sèmè-Kpodji",2022,318.824493408203
"Ouémé","Sèmè-Kpodji","Sèmè-Kpodji",2023,323.923736572266
"Ouémé","Sèmè-Kpodji","Sèmè-Kpodji",2024,398.126434326172
"Ouémé","Sèmè-Kpodji","Tohouè",2012,69.8326721191406
"Ouémé","Sèmè-Kpodji","Tohouè",2013,66.8859176635742
"Ouémé","Sèmè-Kpodji","Tohouè",2015,108.04460144043
"Ouémé","Sèmè-Kpodji","Tohouè",2017,84.0140991210938
"Ouémé","Sèmè-Kpodji","Tohouè",2018,70.9118881225586
"Ouémé","Sèmè-Kpodji","Tohouè",2019,99.7001419067383
"Ouémé","Sèmè-Kpodji","Tohouè",2020,126.037384033203
"Ouémé","Sèmè-Kpodji","Tohouè",2021,198.544021606445
"Ouémé","Sèmè-Kpodji","Tohouè",2022,303.644714355469
"Ouémé","Sèmè-Kpodji","Tohouè",2023,367.373413085938
"Ouémé","Sèmè-Kpodji","Tohouè",2024,560.800231933594
"Plateau","Adja-Ouèrè","Adja-Ouèrè",2012,3.98189687728882
"Plateau","Adja-Ouèrè","Adja-Ouèrè",2013,3.76790285110474
"Plateau","Adja-Ouèrè","Adja-Ouèrè",2015,7.17524671554565
"Plateau","Adja-Ouèrè","Adja-Ouèrè",2017,3.29738283157349
"Plateau","Adja-Ouèrè","Adja-Ouèrè",2018,2.56929969787598
"Plateau","Adja-Ouèrè","Adja-Ouèrè",2019,0.76419198513031
"Plateau","Adja-Ouèrè","Adja-Ouèrè",2020,1.25899004936218
"Plateau","Adja-Ouèrè","Adja-Ouèrè",2021,13.6489171981812
"Plateau","Adja-Ouèrè","Adja-Ouèrè",2022,24.5779705047607
"Plateau","Adja-Ouèrè","Adja-Ouèrè",2023,29.2177333831787
"Plateau","Adja-Ouèrè","Adja-Ouèrè",2024,26.138988494873
"Plateau","Adja-Ouèrè","Ikpinlè",2012,2.74571847915649
"Plateau","Adja-Ouèrè","Ikpinlè",2013,1.07695925235748
"Plateau","Adja-Ouèrè","Ikpinlè",2015,4.67089605331421
"Plateau","Adja-Ouèrè","Ikpinlè",2017,4.27745866775513
"Plateau","Adja-Ouèrè","Ikpinlè",2018,2.23310947418213
"Plateau","Adja-Ouèrè","Ikpinlè",2019,1.71515679359436
"Plateau","Adja-Ouèrè","Ikpinlè",2020,2.84206819534302
"Plateau","Adja-Ouèrè","Ikpinlè",2021,11.2964572906494
"Plateau","Adja-Ouèrè","Ikpinlè",2022,18.8808155059814
"Plateau","Adja-Ouèrè","Ikpinlè",2023,25.9881820678711
"Plateau","Adja-Ouèrè","Ikpinlè",2024,53.775260925293
"Plateau","Adja-Ouèrè","Kpoulou",2012,0
"Plateau","Adja-Ouèrè","Kpoulou",2013,0
"Plateau","Adja-Ouèrè","Kpoulou",2015,0
"Plateau","Adja-Ouèrè","Kpoulou",2017,0
"Plateau","Adja-Ouèrè","Kpoulou",2018,0
"Plateau","Adja-Ouèrè","Kpoulou",2019,0
"Plateau","Adja-Ouèrè","Kpoulou",2020,0
"Plateau","Adja-Ouèrè","Kpoulou",2021,0
"Plateau","Adja-Ouèrè","Kpoulou",2022,0
"Plateau","Adja-Ouèrè","Kpoulou",2023,0
"Plateau","Adja-Ouèrè","Kpoulou",2024,0
"Plateau","Adja-Ouèrè","Massè",2012,0
"Plateau","Adja-Ouèrè","Massè",2013,8.0960054397583
"Plateau","Adja-Ouèrè","Massè",2015,262.755279541016
"Plateau","Adja-Ouèrè","Massè",2017,249.243606567383
"Plateau","Adja-Ouèrè","Massè",2018,259.033905029297
"Plateau","Adja-Ouèrè","Massè",2019,193.072265625
"Plateau","Adja-Ouèrè","Massè",2020,157.320709228516
"Plateau","Adja-Ouèrè","Massè",2021,131.34440612793
"Plateau","Adja-Ouèrè","Massè",2022,142.118469238281
"Plateau","Adja-Ouèrè","Massè",2023,146.646759033203
"Plateau","Adja-Ouèrè","Massè",2024,194.794982910156
"Plateau","Adja-Ouèrè","Oko-Akarè",2012,0
"Plateau","Adja-Ouèrè","Oko-Akarè",2013,0
"Plateau","Adja-Ouèrè","Oko-Akarè",2015,0.362403720617294
"Plateau","Adja-Ouèrè","Oko-Akarè",2017,0.017936933785677
"Plateau","Adja-Ouèrè","Oko-Akarè",2018,0.302317261695862
"Plateau","Adja-Ouèrè","Oko-Akarè",2019,0.358811765909195
"Plateau","Adja-Ouèrè","Oko-Akarè",2020,0.900404572486877
"Plateau","Adja-Ouèrè","Oko-Akarè",2021,3.64750957489014
"Plateau","Adja-Ouèrè","Oko-Akarè",2022,9.88988590240479
"Plateau","Adja-Ouèrè","Oko-Akarè",2023,15.7748069763184
"Plateau","Adja-Ouèrè","Oko-Akarè",2024,36.4850082397461
"Plateau","Adja-Ouèrè","Tatonnoukon",2012,0
"Plateau","Adja-Ouèrè","Tatonnoukon",2013,0
"Plateau","Adja-Ouèrè","Tatonnoukon",2015,0
"Plateau","Adja-Ouèrè","Tatonnoukon",2017,0
"Plateau","Adja-Ouèrè","Tatonnoukon",2018,0
"Plateau","Adja-Ouèrè","Tatonnoukon",2019,0
"Plateau","Adja-Ouèrè","Tatonnoukon",2020,0
"Plateau","Adja-Ouèrè","Tatonnoukon",2021,0
"Plateau","Adja-Ouèrè","Tatonnoukon",2022,0
"Plateau","Adja-Ouèrè","Tatonnoukon",2023,0.502217769622803
"Plateau","Adja-Ouèrè","Tatonnoukon",2024,1.05887031555176
"Plateau","Ifangni","Banigbé",2012,0.222635045647621
"Plateau","Ifangni","Banigbé",2013,0.186736181378365
"Plateau","Ifangni","Banigbé",2015,3.37839722633362
"Plateau","Ifangni","Banigbé",2017,0.17494960129261
"Plateau","Ifangni","Banigbé",2018,0.205174043774605
"Plateau","Ifangni","Banigbé",2019,0.61945116519928
"Plateau","Ifangni","Banigbé",2020,0.823111712932587
"Plateau","Ifangni","Banigbé",2021,6.71960115432739
"Plateau","Ifangni","Banigbé",2022,35.1528434753418
"Plateau","Ifangni","Banigbé",2023,37.5739898681641
"Plateau","Ifangni","Banigbé",2024,85.8548889160156
"Plateau","Ifangni","Daagbé",2012,0
"Plateau","Ifangni","Daagbé",2013,0
"Plateau","Ifangni","Daagbé",2015,0
"Plateau","Ifangni","Daagbé",2017,0
"Plateau","Ifangni","Daagbé",2018,0
"Plateau","Ifangni","Daagbé",2019,0
"Plateau","Ifangni","Daagbé",2020,0
"Plateau","Ifangni","Daagbé",2021,0
"Plateau","Ifangni","Daagbé",2022,5.5775294303894
"Plateau","Ifangni","Daagbé",2023,4.07465410232544
"Plateau","Ifangni","Daagbé",2024,28.568977355957
"Plateau","Ifangni","Ifangni",2012,6.40793371200562
"Plateau","Ifangni","Ifangni",2013,10.1033430099487
"Plateau","Ifangni","Ifangni",2015,28.5988330841064
"Plateau","Ifangni","Ifangni",2017,11.5414772033691
"Plateau","Ifangni","Ifangni",2018,13.6608686447144
"Plateau","Ifangni","Ifangni",2019,16.3683834075928
"Plateau","Ifangni","Ifangni",2020,19.047119140625
"Plateau","Ifangni","Ifangni",2021,27.0994606018066
"Plateau","Ifangni","Ifangni",2022,50.5405387878418
"Plateau","Ifangni","Ifangni",2023,55.5114631652832
"Plateau","Ifangni","Ifangni",2024,97.243896484375
"Plateau","Ifangni","Ko-Koumolou",2012,0
"Plateau","Ifangni","Ko-Koumolou",2013,0
"Plateau","Ifangni","Ko-Koumolou",2015,0
"Plateau","Ifangni","Ko-Koumolou",2017,0
"Plateau","Ifangni","Ko-Koumolou",2018,0
"Plateau","Ifangni","Ko-Koumolou",2019,0
"Plateau","Ifangni","Ko-Koumolou",2020,0
"Plateau","Ifangni","Ko-Koumolou",2021,0.972945988178253
"Plateau","Ifangni","Ko-Koumolou",2022,6.12026929855347
"Plateau","Ifangni","Ko-Koumolou",2023,4.54324817657471
"Plateau","Ifangni","Ko-Koumolou",2024,21.6799640655518
"Plateau","Ifangni","Lagbé",2012,0
"Plateau","Ifangni","Lagbé",2013,0
"Plateau","Ifangni","Lagbé",2015,3.31481278408319e-05
"Plateau","Ifangni","Lagbé",2017,0
"Plateau","Ifangni","Lagbé",2018,0
"Plateau","Ifangni","Lagbé",2019,0
"Plateau","Ifangni","Lagbé",2020,0
"Plateau","Ifangni","Lagbé",2021,0
"Plateau","Ifangni","Lagbé",2022,1.17704629898071
"Plateau","Ifangni","Lagbé",2023,3.74608540534973
"Plateau","Ifangni","Lagbé",2024,15.1768627166748
"Plateau","Ifangni","Tchaada",2012,2.97341585159302
"Plateau","Ifangni","Tchaada",2013,0.756046175956726
"Plateau","Ifangni","Tchaada",2015,3.28175282478333
"Plateau","Ifangni","Tchaada",2017,1.13631176948547
"Plateau","Ifangni","Tchaada",2018,1.22581696510315
"Plateau","Ifangni","Tchaada",2019,3.30974006652832
"Plateau","Ifangni","Tchaada",2020,6.92778396606445
"Plateau","Ifangni","Tchaada",2021,9.9819860458374
"Plateau","Ifangni","Tchaada",2022,22.2389583587646
"Plateau","Ifangni","Tchaada",2023,25.6386241912842
"Plateau","Ifangni","Tchaada",2024,39.4273872375488
"Plateau","Kétou","Adakplamé",2012,0
"Plateau","Kétou","Adakplamé",2013,0
"Plateau","Kétou","Adakplamé",2015,0
"Plateau","Kétou","Adakplamé",2017,0
"Plateau","Kétou","Adakplamé",2018,0
"Plateau","Kétou","Adakplamé",2019,0
"Plateau","Kétou","Adakplamé",2020,0
"Plateau","Kétou","Adakplamé",2021,0
"Plateau","Kétou","Adakplamé",2022,0
"Plateau","Kétou","Adakplamé",2023,1.09480881690979
"Plateau","Kétou","Adakplamé",2024,3.96779608726501
"Plateau","Kétou","Idigny",2012,5.69930076599121
"Plateau","Kétou","Idigny",2013,9.06752395629883
"Plateau","Kétou","Idigny",2015,5.28747510910034
"Plateau","Kétou","Idigny",2017,7.43466854095459
"Plateau","Kétou","Idigny",2018,7.58611488342285
"Plateau","Kétou","Idigny",2019,5.85723972320557
"Plateau","Kétou","Idigny",2020,11.1445198059082
"Plateau","Kétou","Idigny",2021,13.097918510437
"Plateau","Kétou","Idigny",2022,22.590576171875
"Plateau","Kétou","Idigny",2023,23.5305080413818
"Plateau","Kétou","Idigny",2024,25.435525894165
"Plateau","Kétou","Kpankou",2012,0.498672187328339
"Plateau","Kétou","Kpankou",2013,0.293409883975983
"Plateau","Kétou","Kpankou",2015,1.5526157617569
"Plateau","Kétou","Kpankou",2017,0.131699308753014
"Plateau","Kétou","Kpankou",2018,1.07562136650085
"Plateau","Kétou","Kpankou",2019,0.631600499153137
"Plateau","Kétou","Kpankou",2020,1.55593657493591
"Plateau","Kétou","Kpankou",2021,0.947881042957306
"Plateau","Kétou","Kpankou",2022,8.97203254699707
"Plateau","Kétou","Kpankou",2023,14.4457874298096
"Plateau","Kétou","Kpankou",2024,22.6828327178955
"Plateau","Kétou","Kétou",2012,25.4282264709473
"Plateau","Kétou","Kétou",2013,25.9026432037354
"Plateau","Kétou","Kétou",2015,52.9618682861328
"Plateau","Kétou","Kétou",2017,101.663024902344
"Plateau","Kétou","Kétou",2018,124.236442565918
"Plateau","Kétou","Kétou",2019,145.991363525391
"Plateau","Kétou","Kétou",2020,151.194778442383
"Plateau","Kétou","Kétou",2021,120.817413330078
"Plateau","Kétou","Kétou",2022,142.236450195312
"Plateau","Kétou","Kétou",2023,152.791427612305
"Plateau","Kétou","Kétou",2024,212.145477294922
"Plateau","Kétou","Odometa",2012,3.88714051246643
"Plateau","Kétou","Odometa",2013,6.5391902923584
"Plateau","Kétou","Odometa",2015,4.38950395584106
"Plateau","Kétou","Odometa",2017,4.0672812461853
"Plateau","Kétou","Odometa",2018,3.06966209411621
"Plateau","Kétou","Odometa",2019,5.03617906570435
"Plateau","Kétou","Odometa",2020,7.49926090240479
"Plateau","Kétou","Odometa",2021,11.2732582092285
"Plateau","Kétou","Odometa",2022,30.7765350341797
"Plateau","Kétou","Odometa",2023,26.5563125610352
"Plateau","Kétou","Odometa",2024,28.1226329803467
"Plateau","Kétou","Okpometa",2012,0
"Plateau","Kétou","Okpometa",2013,0
"Plateau","Kétou","Okpometa",2015,0
"Plateau","Kétou","Okpometa",2017,0
"Plateau","Kétou","Okpometa",2018,0
"Plateau","Kétou","Okpometa",2019,0
"Plateau","Kétou","Okpometa",2020,0
"Plateau","Kétou","Okpometa",2021,0
"Plateau","Kétou","Okpometa",2022,0
"Plateau","Kétou","Okpometa",2023,0
"Plateau","Kétou","Okpometa",2024,0.653617739677429
"Plateau","Pobè","Ahoyéyé",2012,0.255676746368408
"Plateau","Pobè","Ahoyéyé",2013,0
"Plateau","Pobè","Ahoyéyé",2015,1.09372770786285
"Plateau","Pobè","Ahoyéyé",2017,0
"Plateau","Pobè","Ahoyéyé",2018,0
"Plateau","Pobè","Ahoyéyé",2019,0
"Plateau","Pobè","Ahoyéyé",2020,0
"Plateau","Pobè","Ahoyéyé",2021,0
"Plateau","Pobè","Ahoyéyé",2022,0.191922634840012
"Plateau","Pobè","Ahoyéyé",2023,1.29530251026154
"Plateau","Pobè","Ahoyéyé",2024,5.07285451889038
"Plateau","Pobè","Igana",2012,0
"Plateau","Pobè","Igana",2013,0
"Plateau","Pobè","Igana",2015,0.0804293304681778
"Plateau","Pobè","Igana",2017,0
"Plateau","Pobè","Igana",2018,0
"Plateau","Pobè","Igana",2019,0
"Plateau","Pobè","Igana",2020,0
"Plateau","Pobè","Igana",2021,0
"Plateau","Pobè","Igana",2022,0
"Plateau","Pobè","Igana",2023,0.0751775205135345
"Plateau","Pobè","Igana",2024,0.630450248718262
"Plateau","Pobè","Issaba",2012,25.0400810241699
"Plateau","Pobè","Issaba",2013,35.6640548706055
"Plateau","Pobè","Issaba",2015,58.2536087036133
"Plateau","Pobè","Issaba",2017,80.2985076904297
"Plateau","Pobè","Issaba",2018,88.4771423339844
"Plateau","Pobè","Issaba",2019,78.2661361694336
"Plateau","Pobè","Issaba",2020,78.3804702758789
"Plateau","Pobè","Issaba",2021,76.3308486938477
"Plateau","Pobè","Issaba",2022,97.545051574707
"Plateau","Pobè","Issaba",2023,97.8409194946289
"Plateau","Pobè","Issaba",2024,135.165786743164
"Plateau","Pobè","Pobè",2012,34.5386047363281
"Plateau","Pobè","Pobè",2013,31.8081665039062
"Plateau","Pobè","Pobè",2015,38.4938507080078
"Plateau","Pobè","Pobè",2017,36.0277786254883
"Plateau","Pobè","Pobè",2018,42.4769554138184
"Plateau","Pobè","Pobè",2019,36.1080360412598
"Plateau","Pobè","Pobè",2020,34.2003021240234
"Plateau","Pobè","Pobè",2021,55.7076034545898
"Plateau","Pobè","Pobè",2022,86.5732040405273
"Plateau","Pobè","Pobè",2023,120.217361450195
"Plateau","Pobè","Pobè",2024,144.078338623047
"Plateau","Pobè","Towé",2012,0
"Plateau","Pobè","Towé",2013,0
"Plateau","Pobè","Towé",2015,0
"Plateau","Pobè","Towé",2017,0
"Plateau","Pobè","Towé",2018,0
"Plateau","Pobè","Towé",2019,0
"Plateau","Pobè","Towé",2020,0
"Plateau","Pobè","Towé",2021,0
"Plateau","Pobè","Towé",2022,0
"Plateau","Pobè","Towé",2023,1.18750953674316
"Plateau","Pobè","Towé",2024,0
"Plateau","Sakété","Aguidi",2012,0.994990170001984
"Plateau","Sakété","Aguidi",2013,0
"Plateau","Sakété","Aguidi",2015,0
"Plateau","Sakété","Aguidi",2017,0
"Plateau","Sakété","Aguidi",2018,0
"Plateau","Sakété","Aguidi",2019,0
"Plateau","Sakété","Aguidi",2020,0
"Plateau","Sakété","Aguidi",2021,0.000156939626322128
"Plateau","Sakété","Aguidi",2022,0.0325723327696323
"Plateau","Sakété","Aguidi",2023,0.733046591281891
"Plateau","Sakété","Aguidi",2024,6.61697101593018
"Plateau","Sakété","Ita-Djèbou",2012,0
"Plateau","Sakété","Ita-Djèbou",2013,0
"Plateau","Sakété","Ita-Djèbou",2015,0
"Plateau","Sakété","Ita-Djèbou",2017,0
"Plateau","Sakété","Ita-Djèbou",2018,0
"Plateau","Sakété","Ita-Djèbou",2019,0
"Plateau","Sakété","Ita-Djèbou",2020,0
"Plateau","Sakété","Ita-Djèbou",2021,0.512057363986969
"Plateau","Sakété","Ita-Djèbou",2022,1.12230587005615
"Plateau","Sakété","Ita-Djèbou",2023,4.86649465560913
"Plateau","Sakété","Ita-Djèbou",2024,6.168701171875
"Plateau","Sakété","Sakété I",2012,37.2369232177734
"Plateau","Sakété","Sakété I",2013,35.5591583251953
"Plateau","Sakété","Sakété I",2015,33.1492881774902
"Plateau","Sakété","Sakété I",2017,41.2432861328125
"Plateau","Sakété","Sakété I",2018,48.8750686645508
"Plateau","Sakété","Sakété I",2019,41.4032745361328
"Plateau","Sakété","Sakété I",2020,37.9945793151855
"Plateau","Sakété","Sakété I",2021,51.1959228515625
"Plateau","Sakété","Sakété I",2022,65.7709808349609
"Plateau","Sakété","Sakété I",2023,69.7650909423828
"Plateau","Sakété","Sakété I",2024,83.4957275390625
"Plateau","Sakété","Sakété II",2012,4.87615394592285
"Plateau","Sakété","Sakété II",2013,4.12584686279297
"Plateau","Sakété","Sakété II",2015,7.03248071670532
"Plateau","Sakété","Sakété II",2017,7.43496561050415
"Plateau","Sakété","Sakété II",2018,10.8064002990723
"Plateau","Sakété","Sakété II",2019,11.2091484069824
"Plateau","Sakété","Sakété II",2020,10.1861667633057
"Plateau","Sakété","Sakété II",2021,13.6381120681763
"Plateau","Sakété","Sakété II",2022,23.7802791595459
"Plateau","Sakété","Sakété II",2023,30.3300285339355
"Plateau","Sakété","Sakété II",2024,55.0265045166016
"Plateau","Sakété","Takon",2012,0.546296775341034
"Plateau","Sakété","Takon",2013,2.03290128707886
"Plateau","Sakété","Takon",2015,2.43943500518799
"Plateau","Sakété","Takon",2017,0
"Plateau","Sakété","Takon",2018,2.35407066345215
"Plateau","Sakété","Takon",2019,4.22483396530151
"Plateau","Sakété","Takon",2020,4.5683159828186
"Plateau","Sakété","Takon",2021,3.06293082237244
"Plateau","Sakété","Takon",2022,12.3098478317261
"Plateau","Sakété","Takon",2023,20.0707683563232
"Plateau","Sakété","Takon",2024,53.6302185058594
"Plateau","Sakété","Yoko",2012,2.08401584625244
"Plateau","Sakété","Yoko",2013,1.84254908561707
"Plateau","Sakété","Yoko",2015,0
"Plateau","Sakété","Yoko",2017,0
"Plateau","Sakété","Yoko",2018,0
"Plateau","Sakété","Yoko",2019,0.533781111240387
"Plateau","Sakété","Yoko",2020,0
"Plateau","Sakété","Yoko",2021,3.42052626609802
"Plateau","Sakété","Yoko",2022,7.94499492645264
"Plateau","Sakété","Yoko",2023,9.15897464752197
"Plateau","Sakété","Yoko",2024,15.1224756240845
"Zou","Abomey","Agbopka",2012,31.7425155639648
"Zou","Abomey","Agbopka",2013,27.3416042327881
"Zou","Abomey","Agbopka",2015,35.1039886474609
"Zou","Abomey","Agbopka",2017,22.1386566162109
"Zou","Abomey","Agbopka",2018,31.6946849822998
"Zou","Abomey","Agbopka",2019,23.7624607086182
"Zou","Abomey","Agbopka",2020,30.0618953704834
"Zou","Abomey","Agbopka",2021,44.1469497680664
"Zou","Abomey","Agbopka",2022,70.2305145263672
"Zou","Abomey","Agbopka",2023,85.3702545166016
"Zou","Abomey","Agbopka",2024,103.494743347168
"Zou","Abomey","Djègbè",2012,248.535400390625
"Zou","Abomey","Djègbè",2013,236.634750366211
"Zou","Abomey","Djègbè",2015,271.700653076172
"Zou","Abomey","Djègbè",2017,248.022232055664
"Zou","Abomey","Djègbè",2018,234.737442016602
"Zou","Abomey","Djègbè",2019,205.978378295898
"Zou","Abomey","Djègbè",2020,280.317199707031
"Zou","Abomey","Djègbè",2021,415.427703857422
"Zou","Abomey","Djègbè",2022,455.679718017578
"Zou","Abomey","Djègbè",2023,409.452331542969
"Zou","Abomey","Djègbè",2024,452.210601806641
"Zou","Abomey","Dètohou",2012,16.5263938903809
"Zou","Abomey","Dètohou",2013,13.7223501205444
"Zou","Abomey","Dètohou",2015,14.4398336410522
"Zou","Abomey","Dètohou",2017,10.3875379562378
"Zou","Abomey","Dètohou",2018,7.22905206680298
"Zou","Abomey","Dètohou",2019,5.97357845306396
"Zou","Abomey","Dètohou",2020,8.64194583892822
"Zou","Abomey","Dètohou",2021,13.7499551773071
"Zou","Abomey","Dètohou",2022,24.1910018920898
"Zou","Abomey","Dètohou",2023,20.4767303466797
"Zou","Abomey","Dètohou",2024,30.8886566162109
"Zou","Abomey","Hounli",2012,35.9010200500488
"Zou","Abomey","Hounli",2013,30.8251399993896
"Zou","Abomey","Hounli",2015,47.012809753418
"Zou","Abomey","Hounli",2017,49.1737403869629
"Zou","Abomey","Hounli",2018,46.410514831543
"Zou","Abomey","Hounli",2019,35.3196640014648
"Zou","Abomey","Hounli",2020,39.7009620666504
"Zou","Abomey","Hounli",2021,53.3452644348145
"Zou","Abomey","Hounli",2022,72.2358856201172
"Zou","Abomey","Hounli",2023,67.5408630371094
"Zou","Abomey","Hounli",2024,84.0251617431641
"Zou","Abomey","Sèhoun",2012,4.42128705978394
"Zou","Abomey","Sèhoun",2013,4.85767269134521
"Zou","Abomey","Sèhoun",2015,10.2610607147217
"Zou","Abomey","Sèhoun",2017,8.91300582885742
"Zou","Abomey","Sèhoun",2018,8.79901027679443
"Zou","Abomey","Sèhoun",2019,3.63577747344971
"Zou","Abomey","Sèhoun",2020,8.52395534515381
"Zou","Abomey","Sèhoun",2021,13.6128511428833
"Zou","Abomey","Sèhoun",2022,31.2523784637451
"Zou","Abomey","Sèhoun",2023,45.1953010559082
"Zou","Abomey","Sèhoun",2024,60.6950988769531
"Zou","Abomey","Vidolè",2012,92.3518753051758
"Zou","Abomey","Vidolè",2013,84.3708953857422
"Zou","Abomey","Vidolè",2015,104.67578125
"Zou","Abomey","Vidolè",2017,90.2070465087891
"Zou","Abomey","Vidolè",2018,74.9436569213867
"Zou","Abomey","Vidolè",2019,68.5310592651367
"Zou","Abomey","Vidolè",2020,80.9685745239258
"Zou","Abomey","Vidolè",2021,149.363372802734
"Zou","Abomey","Vidolè",2022,180.356903076172
"Zou","Abomey","Vidolè",2023,142.167358398438
"Zou","Abomey","Vidolè",2024,152.313201904297
"Zou","Abomey","Zounzounmè",2012,6.67614841461182
"Zou","Abomey","Zounzounmè",2013,8.1534538269043
"Zou","Abomey","Zounzounmè",2015,12.6986217498779
"Zou","Abomey","Zounzounmè",2017,12.862603187561
"Zou","Abomey","Zounzounmè",2018,12.7381973266602
"Zou","Abomey","Zounzounmè",2019,7.75638580322266
"Zou","Abomey","Zounzounmè",2020,14.4736652374268
"Zou","Abomey","Zounzounmè",2021,33.124439239502
"Zou","Abomey","Zounzounmè",2022,69.3061141967773
"Zou","Abomey","Zounzounmè",2023,73.3191757202148
"Zou","Abomey","Zounzounmè",2024,95.3986892700195
"Zou","Agbangnizoun","Adanhondjigon",2012,0
"Zou","Agbangnizoun","Adanhondjigon",2013,0
"Zou","Agbangnizoun","Adanhondjigon",2015,0.532464385032654
"Zou","Agbangnizoun","Adanhondjigon",2017,0
"Zou","Agbangnizoun","Adanhondjigon",2018,0
"Zou","Agbangnizoun","Adanhondjigon",2019,0
"Zou","Agbangnizoun","Adanhondjigon",2020,0
"Zou","Agbangnizoun","Adanhondjigon",2021,0
"Zou","Agbangnizoun","Adanhondjigon",2022,4.56320858001709
"Zou","Agbangnizoun","Adanhondjigon",2023,4.21338796615601
"Zou","Agbangnizoun","Adanhondjigon",2024,8.18412113189697
"Zou","Agbangnizoun","Adingningon",2012,0.976482748985291
"Zou","Agbangnizoun","Adingningon",2013,1.28375327587128
"Zou","Agbangnizoun","Adingningon",2015,3.27426981925964
"Zou","Agbangnizoun","Adingningon",2017,2.02093386650085
"Zou","Agbangnizoun","Adingningon",2018,1.42118310928345
"Zou","Agbangnizoun","Adingningon",2019,0
"Zou","Agbangnizoun","Adingningon",2020,2.91261529922485
"Zou","Agbangnizoun","Adingningon",2021,4.52685976028442
"Zou","Agbangnizoun","Adingningon",2022,15.9921417236328
"Zou","Agbangnizoun","Adingningon",2023,12.5980024337769
"Zou","Agbangnizoun","Adingningon",2024,30.8632144927979
"Zou","Agbangnizoun","Agbangnizoun",2012,1.29573035240173
"Zou","Agbangnizoun","Agbangnizoun",2013,0.588903367519379
"Zou","Agbangnizoun","Agbangnizoun",2015,2.37231516838074
"Zou","Agbangnizoun","Agbangnizoun",2017,2.25154185295105
"Zou","Agbangnizoun","Agbangnizoun",2018,0.66301965713501
"Zou","Agbangnizoun","Agbangnizoun",2019,0
"Zou","Agbangnizoun","Agbangnizoun",2020,0.551348268985748
"Zou","Agbangnizoun","Agbangnizoun",2021,1.79144692420959
"Zou","Agbangnizoun","Agbangnizoun",2022,16.4074535369873
"Zou","Agbangnizoun","Agbangnizoun",2023,34.4640464782715
"Zou","Agbangnizoun","Agbangnizoun",2024,37.0985832214355
"Zou","Agbangnizoun","Kinta",2012,0
"Zou","Agbangnizoun","Kinta",2013,0
"Zou","Agbangnizoun","Kinta",2015,1.05023384094238
"Zou","Agbangnizoun","Kinta",2017,0
"Zou","Agbangnizoun","Kinta",2018,0
"Zou","Agbangnizoun","Kinta",2019,0.549679815769196
"Zou","Agbangnizoun","Kinta",2020,0
"Zou","Agbangnizoun","Kinta",2021,0
"Zou","Agbangnizoun","Kinta",2022,3.75704479217529
"Zou","Agbangnizoun","Kinta",2023,11.6932020187378
"Zou","Agbangnizoun","Kinta",2024,21.946231842041
"Zou","Agbangnizoun","Lissazounmè",2012,0
"Zou","Agbangnizoun","Lissazounmè",2013,0
"Zou","Agbangnizoun","Lissazounmè",2015,6.80686235427856
"Zou","Agbangnizoun","Lissazounmè",2017,3.72403383255005
"Zou","Agbangnizoun","Lissazounmè",2018,3.51820588111877
"Zou","Agbangnizoun","Lissazounmè",2019,1.10760939121246
"Zou","Agbangnizoun","Lissazounmè",2020,2.22382187843323
"Zou","Agbangnizoun","Lissazounmè",2021,1.71095085144043
"Zou","Agbangnizoun","Lissazounmè",2022,7.17758989334106
"Zou","Agbangnizoun","Lissazounmè",2023,22.7945804595947
"Zou","Agbangnizoun","Lissazounmè",2024,28.9775676727295
"Zou","Agbangnizoun","Sahé",2012,0
"Zou","Agbangnizoun","Sahé",2013,0
"Zou","Agbangnizoun","Sahé",2015,0
"Zou","Agbangnizoun","Sahé",2017,0
"Zou","Agbangnizoun","Sahé",2018,0
"Zou","Agbangnizoun","Sahé",2019,0
"Zou","Agbangnizoun","Sahé",2020,0
"Zou","Agbangnizoun","Sahé",2021,0
"Zou","Agbangnizoun","Sahé",2022,3.59618592262268
"Zou","Agbangnizoun","Sahé",2023,4.73659563064575
"Zou","Agbangnizoun","Sahé",2024,8.44708919525146
"Zou","Agbangnizoun","Siwé-Kpota",2012,0
"Zou","Agbangnizoun","Siwé-Kpota",2013,0
"Zou","Agbangnizoun","Siwé-Kpota",2015,0
"Zou","Agbangnizoun","Siwé-Kpota",2017,0
"Zou","Agbangnizoun","Siwé-Kpota",2018,0
"Zou","Agbangnizoun","Siwé-Kpota",2019,0
"Zou","Agbangnizoun","Siwé-Kpota",2020,0
"Zou","Agbangnizoun","Siwé-Kpota",2021,0
"Zou","Agbangnizoun","Siwé-Kpota",2022,1.00003981590271
"Zou","Agbangnizoun","Siwé-Kpota",2023,5.61852359771729
"Zou","Agbangnizoun","Siwé-Kpota",2024,8.38146591186523
"Zou","Agbangnizoun","Siwé-Légo",2012,0
"Zou","Agbangnizoun","Siwé-Légo",2013,0
"Zou","Agbangnizoun","Siwé-Légo",2015,0
"Zou","Agbangnizoun","Siwé-Légo",2017,0
"Zou","Agbangnizoun","Siwé-Légo",2018,0
"Zou","Agbangnizoun","Siwé-Légo",2019,0
"Zou","Agbangnizoun","Siwé-Légo",2020,0
"Zou","Agbangnizoun","Siwé-Légo",2021,0
"Zou","Agbangnizoun","Siwé-Légo",2022,5.50260972976685
"Zou","Agbangnizoun","Siwé-Légo",2023,16.1395931243896
"Zou","Agbangnizoun","Siwé-Légo",2024,26.743408203125
"Zou","Agbangnizoun","Tanvé",2012,0.0218205824494362
"Zou","Agbangnizoun","Tanvé",2013,0.0267104655504227
"Zou","Agbangnizoun","Tanvé",2015,5.44342708587646
"Zou","Agbangnizoun","Tanvé",2017,5.05564403533936
"Zou","Agbangnizoun","Tanvé",2018,2.26346039772034
"Zou","Agbangnizoun","Tanvé",2019,1.61486506462097
"Zou","Agbangnizoun","Tanvé",2020,7.16924810409546
"Zou","Agbangnizoun","Tanvé",2021,3.37087821960449
"Zou","Agbangnizoun","Tanvé",2022,15.4978322982788
"Zou","Agbangnizoun","Tanvé",2023,24.986701965332
"Zou","Agbangnizoun","Tanvé",2024,30.6867179870605
"Zou","Agbangnizoun","Zoungoudo",2012,0
"Zou","Agbangnizoun","Zoungoudo",2013,0
"Zou","Agbangnizoun","Zoungoudo",2015,0
"Zou","Agbangnizoun","Zoungoudo",2017,0
"Zou","Agbangnizoun","Zoungoudo",2018,0
"Zou","Agbangnizoun","Zoungoudo",2019,0
"Zou","Agbangnizoun","Zoungoudo",2020,0
"Zou","Agbangnizoun","Zoungoudo",2021,0
"Zou","Agbangnizoun","Zoungoudo",2022,0
"Zou","Agbangnizoun","Zoungoudo",2023,0.00800835620611906
"Zou","Agbangnizoun","Zoungoudo",2024,0.00779724214226007
"Zou","Bohicon","Agongointo",2012,66.4044647216797
"Zou","Bohicon","Agongointo",2013,64.440788269043
"Zou","Bohicon","Agongointo",2015,83.3300857543945
"Zou","Bohicon","Agongointo",2017,87.6367721557617
"Zou","Bohicon","Agongointo",2018,85.145881652832
"Zou","Bohicon","Agongointo",2019,88.6581726074219
"Zou","Bohicon","Agongointo",2020,109.850433349609
"Zou","Bohicon","Agongointo",2021,138.224258422852
"Zou","Bohicon","Agongointo",2022,160.421081542969
"Zou","Bohicon","Agongointo",2023,164.767456054688
"Zou","Bohicon","Agongointo",2024,224.929794311523
"Zou","Bohicon","Avogbanna",2012,16.7119789123535
"Zou","Bohicon","Avogbanna",2013,13.8933362960815
"Zou","Bohicon","Avogbanna",2015,21.1709175109863
"Zou","Bohicon","Avogbanna",2017,18.5888175964355
"Zou","Bohicon","Avogbanna",2018,25.8357067108154
"Zou","Bohicon","Avogbanna",2019,26.4528465270996
"Zou","Bohicon","Avogbanna",2020,42.1103401184082
"Zou","Bohicon","Avogbanna",2021,55.9609794616699
"Zou","Bohicon","Avogbanna",2022,77.9016799926758
"Zou","Bohicon","Avogbanna",2023,81.2375183105469
"Zou","Bohicon","Avogbanna",2024,101.261154174805
"Zou","Bohicon","Bohicon I",2012,45.290599822998
"Zou","Bohicon","Bohicon I",2013,48.9890327453613
"Zou","Bohicon","Bohicon I",2015,51.3672752380371
"Zou","Bohicon","Bohicon I",2017,44.7104873657227
"Zou","Bohicon","Bohicon I",2018,45.3457870483398
"Zou","Bohicon","Bohicon I",2019,47.7269020080566
"Zou","Bohicon","Bohicon I",2020,59.0685005187988
"Zou","Bohicon","Bohicon I",2021,77.6149063110352
"Zou","Bohicon","Bohicon I",2022,85.3835372924805
"Zou","Bohicon","Bohicon I",2023,76.9201583862305
"Zou","Bohicon","Bohicon I",2024,93.8282775878906
"Zou","Bohicon","Bohicon II",2012,24.2902317047119
"Zou","Bohicon","Bohicon II",2013,25.6554508209229
"Zou","Bohicon","Bohicon II",2015,31.3336906433105
"Zou","Bohicon","Bohicon II",2017,28.0892753601074
"Zou","Bohicon","Bohicon II",2018,24.8960113525391
"Zou","Bohicon","Bohicon II",2019,25.9044036865234
"Zou","Bohicon","Bohicon II",2020,32.9181976318359
"Zou","Bohicon","Bohicon II",2021,49.4746704101562
"Zou","Bohicon","Bohicon II",2022,50.8442039489746
"Zou","Bohicon","Bohicon II",2023,46.576473236084
"Zou","Bohicon","Bohicon II",2024,60.8731498718262
"Zou","Bohicon","Gnidjazoun",2012,121.136421203613
"Zou","Bohicon","Gnidjazoun",2013,117.146797180176
"Zou","Bohicon","Gnidjazoun",2015,126.592277526855
"Zou","Bohicon","Gnidjazoun",2017,107.04150390625
"Zou","Bohicon","Gnidjazoun",2018,111.738845825195
"Zou","Bohicon","Gnidjazoun",2019,110.387519836426
"Zou","Bohicon","Gnidjazoun",2020,140.598724365234
"Zou","Bohicon","Gnidjazoun",2021,191.650039672852
"Zou","Bohicon","Gnidjazoun",2022,249.11247253418
"Zou","Bohicon","Gnidjazoun",2023,262.548583984375
"Zou","Bohicon","Gnidjazoun",2024,268.967803955078
"Zou","Bohicon","Houngomey",2012,0
"Zou","Bohicon","Houngomey",2013,0
"Zou","Bohicon","Houngomey",2015,2.79628372192383
"Zou","Bohicon","Houngomey",2017,2.6729371547699
"Zou","Bohicon","Houngomey",2018,4.93606042861938
"Zou","Bohicon","Houngomey",2019,0
"Zou","Bohicon","Houngomey",2020,0.052345983684063
"Zou","Bohicon","Houngomey",2021,5.10082006454468
"Zou","Bohicon","Houngomey",2022,31.1663093566895
"Zou","Bohicon","Houngomey",2023,19.4178218841553
"Zou","Bohicon","Houngomey",2024,59.8036155700684
"Zou","Bohicon","Lissèzoun",2012,19.3665943145752
"Zou","Bohicon","Lissèzoun",2013,17.4896545410156
"Zou","Bohicon","Lissèzoun",2015,21.184045791626
"Zou","Bohicon","Lissèzoun",2017,22.6000804901123
"Zou","Bohicon","Lissèzoun",2018,25.7560005187988
"Zou","Bohicon","Lissèzoun",2019,30.0443801879883
"Zou","Bohicon","Lissèzoun",2020,40.3578033447266
"Zou","Bohicon","Lissèzoun",2021,46.128604888916
"Zou","Bohicon","Lissèzoun",2022,73.3264770507812
"Zou","Bohicon","Lissèzoun",2023,91.4110794067383
"Zou","Bohicon","Lissèzoun",2024,107.966125488281
"Zou","Bohicon","Ouassaho",2012,68.018684387207
"Zou","Bohicon","Ouassaho",2013,59.3686027526855
"Zou","Bohicon","Ouassaho",2015,74.9068984985352
"Zou","Bohicon","Ouassaho",2017,70.3050384521484
"Zou","Bohicon","Ouassaho",2018,77.9794998168945
"Zou","Bohicon","Ouassaho",2019,79.8184127807617
"Zou","Bohicon","Ouassaho",2020,103.283256530762
"Zou","Bohicon","Ouassaho",2021,130.729675292969
"Zou","Bohicon","Ouassaho",2022,147.577056884766
"Zou","Bohicon","Ouassaho",2023,157.416946411133
"Zou","Bohicon","Ouassaho",2024,201.240005493164
"Zou","Bohicon","Saclo",2012,16.968412399292
"Zou","Bohicon","Saclo",2013,14.1709232330322
"Zou","Bohicon","Saclo",2015,24.8117542266846
"Zou","Bohicon","Saclo",2017,17.6687660217285
"Zou","Bohicon","Saclo",2018,17.4683570861816
"Zou","Bohicon","Saclo",2019,17.1688346862793
"Zou","Bohicon","Saclo",2020,38.3478126525879
"Zou","Bohicon","Saclo",2021,51.5818519592285
"Zou","Bohicon","Saclo",2022,64.7867431640625
"Zou","Bohicon","Saclo",2023,62.1677742004395
"Zou","Bohicon","Saclo",2024,78.0195465087891
"Zou","Bohicon","Sodohomè",2012,3.4070029258728
"Zou","Bohicon","Sodohomè",2013,2.03278541564941
"Zou","Bohicon","Sodohomè",2015,5.7221531867981
"Zou","Bohicon","Sodohomè",2017,8.10843372344971
"Zou","Bohicon","Sodohomè",2018,6.77044057846069
"Zou","Bohicon","Sodohomè",2019,6.45724201202393
"Zou","Bohicon","Sodohomè",2020,8.2563304901123
"Zou","Bohicon","Sodohomè",2021,13.6520624160767
"Zou","Bohicon","Sodohomè",2022,30.3134136199951
"Zou","Bohicon","Sodohomè",2023,27.9015350341797
"Zou","Bohicon","Sodohomè",2024,57.8436508178711
"Zou","Covè","Adogbé",2012,8.09794139862061
"Zou","Covè","Adogbé",2013,7.79636859893799
"Zou","Covè","Adogbé",2015,8.01332664489746
"Zou","Covè","Adogbé",2017,8.02584362030029
"Zou","Covè","Adogbé",2018,8.69122695922852
"Zou","Covè","Adogbé",2019,7.67266178131104
"Zou","Covè","Adogbé",2020,9.22902870178223
"Zou","Covè","Adogbé",2021,14.7058258056641
"Zou","Covè","Adogbé",2022,18.708438873291
"Zou","Covè","Adogbé",2023,16.2895355224609
"Zou","Covè","Adogbé",2024,23.5753269195557
"Zou","Covè","Gounli",2012,0.20282456278801
"Zou","Covè","Gounli",2013,0.233182772994041
"Zou","Covè","Gounli",2015,0.254621803760529
"Zou","Covè","Gounli",2017,0.236732870340347
"Zou","Covè","Gounli",2018,0.521796941757202
"Zou","Covè","Gounli",2019,0.224405393004417
"Zou","Covè","Gounli",2020,0.255959004163742
"Zou","Covè","Gounli",2021,0.734606206417084
"Zou","Covè","Gounli",2022,0.702454090118408
"Zou","Covè","Gounli",2023,1.08510005474091
"Zou","Covè","Gounli",2024,3.18152689933777
"Zou","Covè","Houen-Hounso",2012,5.17718553543091
"Zou","Covè","Houen-Hounso",2013,5.79486560821533
"Zou","Covè","Houen-Hounso",2015,7.6689395904541
"Zou","Covè","Houen-Hounso",2017,7.37219953536987
"Zou","Covè","Houen-Hounso",2018,11.0490236282349
"Zou","Covè","Houen-Hounso",2019,7.90697765350342
"Zou","Covè","Houen-Hounso",2020,7.59218072891235
"Zou","Covè","Houen-Hounso",2021,13.1182079315186
"Zou","Covè","Houen-Hounso",2022,15.2810840606689
"Zou","Covè","Houen-Hounso",2023,13.4254217147827
"Zou","Covè","Houen-Hounso",2024,20.1770172119141
"Zou","Covè","Houéko",2012,1.96495485305786
"Zou","Covè","Houéko",2013,3.0176637172699
"Zou","Covè","Houéko",2015,17.286527633667
"Zou","Covè","Houéko",2017,11.2299518585205
"Zou","Covè","Houéko",2018,12.2827968597412
"Zou","Covè","Houéko",2019,6.50758504867554
"Zou","Covè","Houéko",2020,8.871994972229
"Zou","Covè","Houéko",2021,13.2930192947388
"Zou","Covè","Houéko",2022,18.8373146057129
"Zou","Covè","Houéko",2023,18.2722606658936
"Zou","Covè","Houéko",2024,35.9843864440918
"Zou","Covè","Lainta-Cogbè",2012,0
"Zou","Covè","Lainta-Cogbè",2013,0
"Zou","Covè","Lainta-Cogbè",2015,0
"Zou","Covè","Lainta-Cogbè",2017,0
"Zou","Covè","Lainta-Cogbè",2018,0
"Zou","Covè","Lainta-Cogbè",2019,0
"Zou","Covè","Lainta-Cogbè",2020,0
"Zou","Covè","Lainta-Cogbè",2021,0
"Zou","Covè","Lainta-Cogbè",2022,0
"Zou","Covè","Lainta-Cogbè",2023,0
"Zou","Covè","Lainta-Cogbè",2024,0
"Zou","Covè","Naogon",2012,3.48456835746765
"Zou","Covè","Naogon",2013,2.11859321594238
"Zou","Covè","Naogon",2015,1.98256349563599
"Zou","Covè","Naogon",2017,3.37561655044556
"Zou","Covè","Naogon",2018,6.24734926223755
"Zou","Covè","Naogon",2019,5.65902662277222
"Zou","Covè","Naogon",2020,6.91479349136353
"Zou","Covè","Naogon",2021,9.48832607269287
"Zou","Covè","Naogon",2022,10.5835847854614
"Zou","Covè","Naogon",2023,10.4744634628296
"Zou","Covè","Naogon",2024,25.3721981048584
"Zou","Covè","Soli",2012,6.56639432907104
"Zou","Covè","Soli",2013,5.6771125793457
"Zou","Covè","Soli",2015,7.68399095535278
"Zou","Covè","Soli",2017,6.38795852661133
"Zou","Covè","Soli",2018,8.03512382507324
"Zou","Covè","Soli",2019,5.58744335174561
"Zou","Covè","Soli",2020,6.25293397903442
"Zou","Covè","Soli",2021,10.4744644165039
"Zou","Covè","Soli",2022,12.7653713226318
"Zou","Covè","Soli",2023,9.8784236907959
"Zou","Covè","Soli",2024,14.2892398834229
"Zou","Covè","Zogba",2012,8.63446617126465
"Zou","Covè","Zogba",2013,8.47198009490967
"Zou","Covè","Zogba",2015,7.03934717178345
"Zou","Covè","Zogba",2017,6.0877742767334
"Zou","Covè","Zogba",2018,7.0169415473938
"Zou","Covè","Zogba",2019,6.10627269744873
"Zou","Covè","Zogba",2020,8.66787433624268
"Zou","Covè","Zogba",2021,14.9781608581543
"Zou","Covè","Zogba",2022,18.0471477508545
"Zou","Covè","Zogba",2023,20.6468772888184
"Zou","Covè","Zogba",2024,35.107063293457
"Zou","Djidja","Agondji",2012,0
"Zou","Djidja","Agondji",2013,0
"Zou","Djidja","Agondji",2015,0
"Zou","Djidja","Agondji",2017,0
"Zou","Djidja","Agondji",2018,0
"Zou","Djidja","Agondji",2019,0
"Zou","Djidja","Agondji",2020,0
"Zou","Djidja","Agondji",2021,0
"Zou","Djidja","Agondji",2022,0
"Zou","Djidja","Agondji",2023,0
"Zou","Djidja","Agondji",2024,0
"Zou","Djidja","Agouna",2012,0
"Zou","Djidja","Agouna",2013,0
"Zou","Djidja","Agouna",2015,0
"Zou","Djidja","Agouna",2017,0
"Zou","Djidja","Agouna",2018,0
"Zou","Djidja","Agouna",2019,0
"Zou","Djidja","Agouna",2020,0.520492255687714
"Zou","Djidja","Agouna",2021,0
"Zou","Djidja","Agouna",2022,3.98922514915466
"Zou","Djidja","Agouna",2023,4.20489454269409
"Zou","Djidja","Agouna",2024,7.59610557556152
"Zou","Djidja","Dan",2012,0
"Zou","Djidja","Dan",2013,4.70420074462891
"Zou","Djidja","Dan",2015,3.06443214416504
"Zou","Djidja","Dan",2017,4.19228219985962
"Zou","Djidja","Dan",2018,5.41151475906372
"Zou","Djidja","Dan",2019,2.63492774963379
"Zou","Djidja","Dan",2020,1.24028432369232
"Zou","Djidja","Dan",2021,4.80759143829346
"Zou","Djidja","Dan",2022,3.83498001098633
"Zou","Djidja","Dan",2023,4.09518718719482
"Zou","Djidja","Dan",2024,13.1549873352051
"Zou","Djidja","Djidja",2012,4.55840539932251
"Zou","Djidja","Djidja",2013,3.2356550693512
"Zou","Djidja","Djidja",2015,2.79741549491882
"Zou","Djidja","Djidja",2017,0
"Zou","Djidja","Djidja",2018,2.96938800811768
"Zou","Djidja","Djidja",2019,1.88811707496643
"Zou","Djidja","Djidja",2020,4.99421310424805
"Zou","Djidja","Djidja",2021,3.1876335144043
"Zou","Djidja","Djidja",2022,16.5723361968994
"Zou","Djidja","Djidja",2023,36.197322845459
"Zou","Djidja","Djidja",2024,39.1744270324707
"Zou","Djidja","Dohouimè",2012,0
"Zou","Djidja","Dohouimè",2013,0.673612058162689
"Zou","Djidja","Dohouimè",2015,3.40176320075989
"Zou","Djidja","Dohouimè",2017,1.2856240272522
"Zou","Djidja","Dohouimè",2018,2.28647994995117
"Zou","Djidja","Dohouimè",2019,0.750180125236511
"Zou","Djidja","Dohouimè",2020,0.205333039164543
"Zou","Djidja","Dohouimè",2021,0.848974049091339
"Zou","Djidja","Dohouimè",2022,4.80565500259399
"Zou","Djidja","Dohouimè",2023,23.8374004364014
"Zou","Djidja","Dohouimè",2024,27.3723278045654
"Zou","Djidja","Gobè",2012,0
"Zou","Djidja","Gobè",2013,0
"Zou","Djidja","Gobè",2015,0
"Zou","Djidja","Gobè",2017,0
"Zou","Djidja","Gobè",2018,0
"Zou","Djidja","Gobè",2019,0
"Zou","Djidja","Gobè",2020,0
"Zou","Djidja","Gobè",2021,0
"Zou","Djidja","Gobè",2022,0
"Zou","Djidja","Gobè",2023,0
"Zou","Djidja","Gobè",2024,0
"Zou","Djidja","Monsourou",2012,0
"Zou","Djidja","Monsourou",2013,0
"Zou","Djidja","Monsourou",2015,0
"Zou","Djidja","Monsourou",2017,0
"Zou","Djidja","Monsourou",2018,0
"Zou","Djidja","Monsourou",2019,0
"Zou","Djidja","Monsourou",2020,0
"Zou","Djidja","Monsourou",2021,0
"Zou","Djidja","Monsourou",2022,0
"Zou","Djidja","Monsourou",2023,0
"Zou","Djidja","Monsourou",2024,0
"Zou","Djidja","Mougnon",2012,0
"Zou","Djidja","Mougnon",2013,0.7654128074646
"Zou","Djidja","Mougnon",2015,3.23502039909363
"Zou","Djidja","Mougnon",2017,10.521388053894
"Zou","Djidja","Mougnon",2018,14.1413660049438
"Zou","Djidja","Mougnon",2019,3.03978586196899
"Zou","Djidja","Mougnon",2020,2.42149329185486
"Zou","Djidja","Mougnon",2021,1.32763910293579
"Zou","Djidja","Mougnon",2022,14.8861074447632
"Zou","Djidja","Mougnon",2023,31.7745590209961
"Zou","Djidja","Mougnon",2024,37.6003456115723
"Zou","Djidja","Oungbègamè",2012,0
"Zou","Djidja","Oungbègamè",2013,0.0104429870843887
"Zou","Djidja","Oungbègamè",2015,0.903763771057129
"Zou","Djidja","Oungbègamè",2017,0.0124645549803972
"Zou","Djidja","Oungbègamè",2018,0.20914027094841
"Zou","Djidja","Oungbègamè",2019,0.00703075714409351
"Zou","Djidja","Oungbègamè",2020,0.00723321083933115
"Zou","Djidja","Oungbègamè",2021,0.00743784429505467
"Zou","Djidja","Oungbègamè",2022,1.1375470161438
"Zou","Djidja","Oungbègamè",2023,4.10365009307861
"Zou","Djidja","Oungbègamè",2024,13.4153461456299
"Zou","Djidja","Outo",2012,0
"Zou","Djidja","Outo",2013,0
"Zou","Djidja","Outo",2015,0
"Zou","Djidja","Outo",2017,0
"Zou","Djidja","Outo",2018,0
"Zou","Djidja","Outo",2019,0
"Zou","Djidja","Outo",2020,0
"Zou","Djidja","Outo",2021,0
"Zou","Djidja","Outo",2022,0
"Zou","Djidja","Outo",2023,0
"Zou","Djidja","Outo",2024,0
"Zou","Djidja","Setto",2012,0
"Zou","Djidja","Setto",2013,0.516624271869659
"Zou","Djidja","Setto",2015,1.88709795475006
"Zou","Djidja","Setto",2017,0.533505141735077
"Zou","Djidja","Setto",2018,1.32127845287323
"Zou","Djidja","Setto",2019,4.18833827972412
"Zou","Djidja","Setto",2020,10.3268365859985
"Zou","Djidja","Setto",2021,8.33371448516846
"Zou","Djidja","Setto",2022,13.8277950286865
"Zou","Djidja","Setto",2023,14.4121341705322
"Zou","Djidja","Setto",2024,18.1146564483643
"Zou","Djidja","Zoukou",2012,0
"Zou","Djidja","Zoukou",2013,0
"Zou","Djidja","Zoukou",2015,0
"Zou","Djidja","Zoukou",2017,0
"Zou","Djidja","Zoukou",2018,0
"Zou","Djidja","Zoukou",2019,0
"Zou","Djidja","Zoukou",2020,0
"Zou","Djidja","Zoukou",2021,0
"Zou","Djidja","Zoukou",2022,0
"Zou","Djidja","Zoukou",2023,2.30255889892578
"Zou","Djidja","Zoukou",2024,1.97331440448761
"Zou","Ouinhi","Dasso",2012,0
"Zou","Ouinhi","Dasso",2013,0
"Zou","Ouinhi","Dasso",2015,0
"Zou","Ouinhi","Dasso",2017,0
"Zou","Ouinhi","Dasso",2018,0
"Zou","Ouinhi","Dasso",2019,0
"Zou","Ouinhi","Dasso",2020,0
"Zou","Ouinhi","Dasso",2021,0
"Zou","Ouinhi","Dasso",2022,0.536542057991028
"Zou","Ouinhi","Dasso",2023,0.526468336582184
"Zou","Ouinhi","Dasso",2024,1.55343461036682
"Zou","Ouinhi","Ouinhi",2012,0.69977730512619
"Zou","Ouinhi","Ouinhi",2013,1.17796003818512
"Zou","Ouinhi","Ouinhi",2015,0.259183406829834
"Zou","Ouinhi","Ouinhi",2017,0.021057240664959
"Zou","Ouinhi","Ouinhi",2018,0
"Zou","Ouinhi","Ouinhi",2019,0
"Zou","Ouinhi","Ouinhi",2020,0
"Zou","Ouinhi","Ouinhi",2021,5.07301044464111
"Zou","Ouinhi","Ouinhi",2022,8.2643461227417
"Zou","Ouinhi","Ouinhi",2023,4.72392702102661
"Zou","Ouinhi","Ouinhi",2024,9.75695419311523
"Zou","Ouinhi","Oungbègamè",2012,0
"Zou","Ouinhi","Oungbègamè",2013,0
"Zou","Ouinhi","Oungbègamè",2015,0
"Zou","Ouinhi","Oungbègamè",2017,0
"Zou","Ouinhi","Oungbègamè",2018,0
"Zou","Ouinhi","Oungbègamè",2019,0
"Zou","Ouinhi","Oungbègamè",2020,0
"Zou","Ouinhi","Oungbègamè",2021,0
"Zou","Ouinhi","Oungbègamè",2022,0
"Zou","Ouinhi","Oungbègamè",2023,0
"Zou","Ouinhi","Oungbègamè",2024,0
"Zou","Ouinhi","Sagon",2012,0
"Zou","Ouinhi","Sagon",2013,0
"Zou","Ouinhi","Sagon",2015,0.587993741035461
"Zou","Ouinhi","Sagon",2017,0.425507664680481
"Zou","Ouinhi","Sagon",2018,0
"Zou","Ouinhi","Sagon",2019,0
"Zou","Ouinhi","Sagon",2020,0
"Zou","Ouinhi","Sagon",2021,0
"Zou","Ouinhi","Sagon",2022,0
"Zou","Ouinhi","Sagon",2023,0
"Zou","Ouinhi","Sagon",2024,0
"Zou","Za-Kpota","Allahé",2012,0
"Zou","Za-Kpota","Allahé",2013,0
"Zou","Za-Kpota","Allahé",2015,0
"Zou","Za-Kpota","Allahé",2017,0
"Zou","Za-Kpota","Allahé",2018,0
"Zou","Za-Kpota","Allahé",2019,0
"Zou","Za-Kpota","Allahé",2020,0
"Zou","Za-Kpota","Allahé",2021,0
"Zou","Za-Kpota","Allahé",2022,0
"Zou","Za-Kpota","Allahé",2023,0
"Zou","Za-Kpota","Allahé",2024,1.04040992259979
"Zou","Za-Kpota","Assalin",2012,0
"Zou","Za-Kpota","Assalin",2013,0.052357841283083
"Zou","Za-Kpota","Assalin",2015,0.937502562999725
"Zou","Za-Kpota","Assalin",2017,3.31172370910645
"Zou","Za-Kpota","Assalin",2018,2.29073882102966
"Zou","Za-Kpota","Assalin",2019,2.08064270019531
"Zou","Za-Kpota","Assalin",2020,5.35783576965332
"Zou","Za-Kpota","Assalin",2021,12.0582962036133
"Zou","Za-Kpota","Assalin",2022,17.987922668457
"Zou","Za-Kpota","Assalin",2023,17.6761054992676
"Zou","Za-Kpota","Assalin",2024,33.2322006225586
"Zou","Za-Kpota","Kpakpamè",2012,0
"Zou","Za-Kpota","Kpakpamè",2013,0
"Zou","Za-Kpota","Kpakpamè",2015,0
"Zou","Za-Kpota","Kpakpamè",2017,0
"Zou","Za-Kpota","Kpakpamè",2018,0
"Zou","Za-Kpota","Kpakpamè",2019,0
"Zou","Za-Kpota","Kpakpamè",2020,0
"Zou","Za-Kpota","Kpakpamè",2021,0
"Zou","Za-Kpota","Kpakpamè",2022,0
"Zou","Za-Kpota","Kpakpamè",2023,0
"Zou","Za-Kpota","Kpakpamè",2024,2.2660653591156
"Zou","Za-Kpota","Kpozoun",2012,0
"Zou","Za-Kpota","Kpozoun",2013,0
"Zou","Za-Kpota","Kpozoun",2015,8.76712417602539
"Zou","Za-Kpota","Kpozoun",2017,8.01343441009521
"Zou","Za-Kpota","Kpozoun",2018,7.51456880569458
"Zou","Za-Kpota","Kpozoun",2019,1.44728779792786
"Zou","Za-Kpota","Kpozoun",2020,8.23668193817139
"Zou","Za-Kpota","Kpozoun",2021,14.9229183197021
"Zou","Za-Kpota","Kpozoun",2022,23.9803562164307
"Zou","Za-Kpota","Kpozoun",2023,22.4274730682373
"Zou","Za-Kpota","Kpozoun",2024,33.9295845031738
"Zou","Za-Kpota","Passagon",2012,0
"Zou","Za-Kpota","Passagon",2013,0
"Zou","Za-Kpota","Passagon",2015,0
"Zou","Za-Kpota","Passagon",2017,7.14787101745605
"Zou","Za-Kpota","Passagon",2018,6.06940031051636
"Zou","Za-Kpota","Passagon",2019,1.39111649990082
"Zou","Za-Kpota","Passagon",2020,2.81456971168518
"Zou","Za-Kpota","Passagon",2021,4.58297157287598
"Zou","Za-Kpota","Passagon",2022,22.5344047546387
"Zou","Za-Kpota","Passagon",2023,35.5402946472168
"Zou","Za-Kpota","Passagon",2024,49.0474472045898
"Zou","Za-Kpota","Za-Kpota",2012,1.1178982257843
"Zou","Za-Kpota","Za-Kpota",2013,1.57887387275696
"Zou","Za-Kpota","Za-Kpota",2015,4.40314626693726
"Zou","Za-Kpota","Za-Kpota",2017,4.77959728240967
"Zou","Za-Kpota","Za-Kpota",2018,1.18367624282837
"Zou","Za-Kpota","Za-Kpota",2019,3.85048007965088
"Zou","Za-Kpota","Za-Kpota",2020,3.81089663505554
"Zou","Za-Kpota","Za-Kpota",2021,5.07043600082397
"Zou","Za-Kpota","Za-Kpota",2022,6.96037197113037
"Zou","Za-Kpota","Za-Kpota",2023,9.50455951690674
"Zou","Za-Kpota","Za-Kpota",2024,28.7047119140625
"Zou","Za-Kpota","Za-Tanta",2012,0
"Zou","Za-Kpota","Za-Tanta",2013,0
"Zou","Za-Kpota","Za-Tanta",2015,0
"Zou","Za-Kpota","Za-Tanta",2017,5.69687366485596
"Zou","Za-Kpota","Za-Tanta",2018,0
"Zou","Za-Kpota","Za-Tanta",2019,0
"Zou","Za-Kpota","Za-Tanta",2020,0
"Zou","Za-Kpota","Za-Tanta",2021,0
"Zou","Za-Kpota","Za-Tanta",2022,4.11208343505859
"Zou","Za-Kpota","Za-Tanta",2023,2.77649736404419
"Zou","Za-Kpota","Za-Tanta",2024,31.2826862335205
"Zou","Za-Kpota","Zèko",2012,1.28811240196228
"Zou","Za-Kpota","Zèko",2013,1.88300716876984
"Zou","Za-Kpota","Zèko",2015,6.88649559020996
"Zou","Za-Kpota","Zèko",2017,12.1180744171143
"Zou","Za-Kpota","Zèko",2018,11.6084041595459
"Zou","Za-Kpota","Zèko",2019,6.72163200378418
"Zou","Za-Kpota","Zèko",2020,12.8081884384155
"Zou","Za-Kpota","Zèko",2021,15.8497133255005
"Zou","Za-Kpota","Zèko",2022,19.4695053100586
"Zou","Za-Kpota","Zèko",2023,19.7987804412842
"Zou","Za-Kpota","Zèko",2024,28.233362197876
"Zou","Zagnanado","Agonlin-Hou?gbo",2012,7.29501295089722
"Zou","Zagnanado","Agonlin-Hou?gbo",2013,5.93145704269409
"Zou","Zagnanado","Agonlin-Hou?gbo",2015,6.702476978302
"Zou","Zagnanado","Agonlin-Hou?gbo",2017,0
"Zou","Zagnanado","Agonlin-Hou?gbo",2018,1.05970919132233
"Zou","Zagnanado","Agonlin-Hou?gbo",2019,2.46212553977966
"Zou","Zagnanado","Agonlin-Hou?gbo",2020,3.3229775428772
"Zou","Zagnanado","Agonlin-Hou?gbo",2021,2.19297528266907
"Zou","Zagnanado","Agonlin-Hou?gbo",2022,7.8836784362793
"Zou","Zagnanado","Agonlin-Hou?gbo",2023,8.58471012115479
"Zou","Zagnanado","Agonlin-Hou?gbo",2024,11.6240329742432
"Zou","Zagnanado","Banamè",2012,0.705070853233337
"Zou","Zagnanado","Banamè",2013,0.181973561644554
"Zou","Zagnanado","Banamè",2015,0.448414891958237
"Zou","Zagnanado","Banamè",2017,0.110134772956371
"Zou","Zagnanado","Banamè",2018,0.59103661775589
"Zou","Zagnanado","Banamè",2019,0
"Zou","Zagnanado","Banamè",2020,0
"Zou","Zagnanado","Banamè",2021,0
"Zou","Zagnanado","Banamè",2022,4.14808511734009
"Zou","Zagnanado","Banamè",2023,3.06726050376892
"Zou","Zagnanado","Banamè",2024,6.99369096755981
"Zou","Zagnanado","Don-Tan",2012,4.33354330062866
"Zou","Zagnanado","Don-Tan",2013,0.531646132469177
"Zou","Zagnanado","Don-Tan",2015,1.14630711078644
"Zou","Zagnanado","Don-Tan",2017,0.417394697666168
"Zou","Zagnanado","Don-Tan",2018,2.50764966011047
"Zou","Zagnanado","Don-Tan",2019,0
"Zou","Zagnanado","Don-Tan",2020,0
"Zou","Zagnanado","Don-Tan",2021,0.621781706809998
"Zou","Zagnanado","Don-Tan",2022,3.09904408454895
"Zou","Zagnanado","Don-Tan",2023,1.87844836711884
"Zou","Zagnanado","Don-Tan",2024,6.96114921569824
"Zou","Zagnanado","Dovi-centre",2012,0
"Zou","Zagnanado","Dovi-centre",2013,0
"Zou","Zagnanado","Dovi-centre",2015,0
"Zou","Zagnanado","Dovi-centre",2017,0
"Zou","Zagnanado","Dovi-centre",2018,0
"Zou","Zagnanado","Dovi-centre",2019,0
"Zou","Zagnanado","Dovi-centre",2020,0
"Zou","Zagnanado","Dovi-centre",2021,0
"Zou","Zagnanado","Dovi-centre",2022,0
"Zou","Zagnanado","Dovi-centre",2023,0
"Zou","Zagnanado","Dovi-centre",2024,0
"Zou","Zagnanado","Kpédékpo",2012,0
"Zou","Zagnanado","Kpédékpo",2013,0
"Zou","Zagnanado","Kpédékpo",2015,0
"Zou","Zagnanado","Kpédékpo",2017,0
"Zou","Zagnanado","Kpédékpo",2018,0.143552735447884
"Zou","Zagnanado","Kpédékpo",2019,0.19184322655201
"Zou","Zagnanado","Kpédékpo",2020,0.139628276228905
"Zou","Zagnanado","Kpédékpo",2021,0
"Zou","Zagnanado","Kpédékpo",2022,0.956165075302124
"Zou","Zagnanado","Kpédékpo",2023,1.6066130399704
"Zou","Zagnanado","Kpédékpo",2024,2.45720243453979
"Zou","Zagnanado","Zagnanado",2012,22.2232780456543
"Zou","Zagnanado","Zagnanado",2013,11.0736846923828
"Zou","Zagnanado","Zagnanado",2015,20.0500545501709
"Zou","Zagnanado","Zagnanado",2017,6.53777027130127
"Zou","Zagnanado","Zagnanado",2018,8.31363391876221
"Zou","Zagnanado","Zagnanado",2019,9.34781551361084
"Zou","Zagnanado","Zagnanado",2020,12.6255025863647
"Zou","Zagnanado","Zagnanado",2021,14.6827754974365
"Zou","Zagnanado","Zagnanado",2022,19.7062969207764
"Zou","Zagnanado","Zagnanado",2023,28.6042861938477
"Zou","Zagnanado","Zagnanado",2024,41.9177360534668
"Zou","Zogbodomey","Akiza",2012,0
"Zou","Zogbodomey","Akiza",2013,0
"Zou","Zogbodomey","Akiza",2015,0
"Zou","Zogbodomey","Akiza",2017,0
"Zou","Zogbodomey","Akiza",2018,0
"Zou","Zogbodomey","Akiza",2019,0
"Zou","Zogbodomey","Akiza",2020,0
"Zou","Zogbodomey","Akiza",2021,0
"Zou","Zogbodomey","Akiza",2022,0
"Zou","Zogbodomey","Akiza",2023,0
"Zou","Zogbodomey","Akiza",2024,0
"Zou","Zogbodomey","Avlamè",2012,0
"Zou","Zogbodomey","Avlamè",2013,0
"Zou","Zogbodomey","Avlamè",2015,0
"Zou","Zogbodomey","Avlamè",2017,0
"Zou","Zogbodomey","Avlamè",2018,0
"Zou","Zogbodomey","Avlamè",2019,0
"Zou","Zogbodomey","Avlamè",2020,0
"Zou","Zogbodomey","Avlamè",2021,0
"Zou","Zogbodomey","Avlamè",2022,0
"Zou","Zogbodomey","Avlamè",2023,0
"Zou","Zogbodomey","Avlamè",2024,7.8870415687561
"Zou","Zogbodomey","Cana I",2012,11.8382987976074
"Zou","Zogbodomey","Cana I",2013,9.15099620819092
"Zou","Zogbodomey","Cana I",2015,11.2856397628784
"Zou","Zogbodomey","Cana I",2017,15.9346618652344
"Zou","Zogbodomey","Cana I",2018,14.3838129043579
"Zou","Zogbodomey","Cana I",2019,12.9433937072754
"Zou","Zogbodomey","Cana I",2020,21.9463901519775
"Zou","Zogbodomey","Cana I",2021,18.8266181945801
"Zou","Zogbodomey","Cana I",2022,37.5269165039062
"Zou","Zogbodomey","Cana I",2023,60.4090576171875
"Zou","Zogbodomey","Cana I",2024,78.0445709228516
"Zou","Zogbodomey","Cana II",2012,2.72269630432129
"Zou","Zogbodomey","Cana II",2013,3.60187339782715
"Zou","Zogbodomey","Cana II",2015,4.99467182159424
"Zou","Zogbodomey","Cana II",2017,2.57618761062622
"Zou","Zogbodomey","Cana II",2018,1.94507956504822
"Zou","Zogbodomey","Cana II",2019,1.0706399679184
"Zou","Zogbodomey","Cana II",2020,8.37065029144287
"Zou","Zogbodomey","Cana II",2021,9.73020648956299
"Zou","Zogbodomey","Cana II",2022,19.822546005249
"Zou","Zogbodomey","Cana II",2023,27.3464679718018
"Zou","Zogbodomey","Cana II",2024,36.201099395752
"Zou","Zogbodomey","Domè",2012,0
"Zou","Zogbodomey","Domè",2013,0
"Zou","Zogbodomey","Domè",2015,0
"Zou","Zogbodomey","Domè",2017,0
"Zou","Zogbodomey","Domè",2018,0
"Zou","Zogbodomey","Domè",2019,0
"Zou","Zogbodomey","Domè",2020,0
"Zou","Zogbodomey","Domè",2021,0
"Zou","Zogbodomey","Domè",2022,0
"Zou","Zogbodomey","Domè",2023,0
"Zou","Zogbodomey","Domè",2024,0
"Zou","Zogbodomey","Koussoukpa",2012,0
"Zou","Zogbodomey","Koussoukpa",2013,0
"Zou","Zogbodomey","Koussoukpa",2015,0
"Zou","Zogbodomey","Koussoukpa",2017,0
"Zou","Zogbodomey","Koussoukpa",2018,0
"Zou","Zogbodomey","Koussoukpa",2019,0
"Zou","Zogbodomey","Koussoukpa",2020,0
"Zou","Zogbodomey","Koussoukpa",2021,0
"Zou","Zogbodomey","Koussoukpa",2022,0
"Zou","Zogbodomey","Koussoukpa",2023,0
"Zou","Zogbodomey","Koussoukpa",2024,0
"Zou","Zogbodomey","Kpokissa",2012,0
"Zou","Zogbodomey","Kpokissa",2013,0
"Zou","Zogbodomey","Kpokissa",2015,0
"Zou","Zogbodomey","Kpokissa",2017,0
"Zou","Zogbodomey","Kpokissa",2018,0
"Zou","Zogbodomey","Kpokissa",2019,0
"Zou","Zogbodomey","Kpokissa",2020,0
"Zou","Zogbodomey","Kpokissa",2021,0
"Zou","Zogbodomey","Kpokissa",2022,0
"Zou","Zogbodomey","Kpokissa",2023,0
"Zou","Zogbodomey","Kpokissa",2024,0
"Zou","Zogbodomey","Massi",2012,0
"Zou","Zogbodomey","Massi",2013,0
"Zou","Zogbodomey","Massi",2015,0
"Zou","Zogbodomey","Massi",2017,0
"Zou","Zogbodomey","Massi",2018,2.09201622009277
"Zou","Zogbodomey","Massi",2019,1.16448473930359
"Zou","Zogbodomey","Massi",2020,1.67532849311829
"Zou","Zogbodomey","Massi",2021,0.515571236610413
"Zou","Zogbodomey","Massi",2022,1.67305898666382
"Zou","Zogbodomey","Massi",2023,1.02186489105225
"Zou","Zogbodomey","Massi",2024,3.80095100402832
"Zou","Zogbodomey","Tanwé-Hessou",2012,0
"Zou","Zogbodomey","Tanwé-Hessou",2013,0
"Zou","Zogbodomey","Tanwé-Hessou",2015,0
"Zou","Zogbodomey","Tanwé-Hessou",2017,0
"Zou","Zogbodomey","Tanwé-Hessou",2018,0
"Zou","Zogbodomey","Tanwé-Hessou",2019,0
"Zou","Zogbodomey","Tanwé-Hessou",2020,0
"Zou","Zogbodomey","Tanwé-Hessou",2021,0.54195910692215
"Zou","Zogbodomey","Tanwé-Hessou",2022,0.720123469829559
"Zou","Zogbodomey","Tanwé-Hessou",2023,0.707464754581451
"Zou","Zogbodomey","Tanwé-Hessou",2024,3.488361120224
"Zou","Zogbodomey","Zogbodomey",2012,8.03896999359131
"Zou","Zogbodomey","Zogbodomey",2013,3.26205444335938
"Zou","Zogbodomey","Zogbodomey",2015,4.9223690032959
"Zou","Zogbodomey","Zogbodomey",2017,7.72873497009277
"Zou","Zogbodomey","Zogbodomey",2018,10.1500692367554
"Zou","Zogbodomey","Zogbodomey",2019,8.40754413604736
"Zou","Zogbodomey","Zogbodomey",2020,17.6917400360107
"Zou","Zogbodomey","Zogbodomey",2021,18.7380104064941
"Zou","Zogbodomey","Zogbodomey",2022,40.3620452880859
"Zou","Zogbodomey","Zogbodomey",2023,40.3157005310059
"Zou","Zogbodomey","Zogbodomey",2024,80.9854049682617
"Zou","Zogbodomey","Zoukou",2012,0
"Zou","Zogbodomey","Zoukou",2013,0
"Zou","Zogbodomey","Zoukou",2015,0
"Zou","Zogbodomey","Zoukou",2017,0
"Zou","Zogbodomey","Zoukou",2018,0
"Zou","Zogbodomey","Zoukou",2019,0
"Zou","Zogbodomey","Zoukou",2020,0
"Zou","Zogbodomey","Zoukou",2021,0
"Zou","Zogbodomey","Zoukou",2022,0
"Zou","Zogbodomey","Zoukou",2023,0
"Zou","Zogbodomey","Zoukou",2024,3.26193403452635e-05
