"NAME_1","NAME_2","date","ntl_mean"
"Arusha","Arusha",2012,493.409729003906
"Arusha","Arusha",2013,484.007751464844
"Arusha","Arusha",2014,534.798217773438
"Arusha","Arusha",2015,487.052642822266
"Arusha","Arusha",2016,509.164825439453
"Arusha","Arusha",2017,504.861511230469
"Arusha","Arusha",2018,573
"Arusha","Arusha",2019,570.315307617188
"Arusha","Arusha",2020,622.942321777344
"Arusha","Arusha",2021,916.9755859375
"Arusha","Arusha",2022,1323.71032714844
"Arusha","Arusha",2023,1549.3125
"Arusha","Arusha",2024,1919.13562011719
"Arusha","Arusha Urban",2012,1547.09375
"Arusha","Arusha Urban",2013,1376.54370117188
"Arusha","Arusha Urban",2014,1374.94323730469
"Arusha","Arusha Urban",2015,1403.55969238281
"Arusha","Arusha Urban",2016,1420.1572265625
"Arusha","Arusha Urban",2017,1648.60656738281
"Arusha","Arusha Urban",2018,1705.44250488281
"Arusha","Arusha Urban",2019,1761.50891113281
"Arusha","Arusha Urban",2020,1985.765625
"Arusha","Arusha Urban",2021,2541.51220703125
"Arusha","Arusha Urban",2022,3021.30029296875
"Arusha","Arusha Urban",2023,3491.39428710938
"Arusha","Arusha Urban",2024,4095.72802734375
"Arusha","Karatu",2012,56.0686988830566
"Arusha","Karatu",2013,49.0782012939453
"Arusha","Karatu",2014,69.480354309082
"Arusha","Karatu",2015,60.8392028808594
"Arusha","Karatu",2016,58.5627098083496
"Arusha","Karatu",2017,67.3542709350586
"Arusha","Karatu",2018,68.2833709716797
"Arusha","Karatu",2019,71.9355392456055
"Arusha","Karatu",2020,72.0202102661133
"Arusha","Karatu",2021,115.476486206055
"Arusha","Karatu",2022,189.316360473633
"Arusha","Karatu",2023,229.420944213867
"Arusha","Karatu",2024,272.732360839844
"Arusha","Lake Eyasi",2012,0
"Arusha","Lake Eyasi",2013,0
"Arusha","Lake Eyasi",2014,0
"Arusha","Lake Eyasi",2015,0
"Arusha","Lake Eyasi",2016,0
"Arusha","Lake Eyasi",2017,0
"Arusha","Lake Eyasi",2018,0
"Arusha","Lake Eyasi",2019,0
"Arusha","Lake Eyasi",2020,0
"Arusha","Lake Eyasi",2021,0
"Arusha","Lake Eyasi",2022,0
"Arusha","Lake Eyasi",2023,0
"Arusha","Lake Eyasi",2024,0
"Arusha","Lake Manyara",2012,0
"Arusha","Lake Manyara",2013,0
"Arusha","Lake Manyara",2014,0
"Arusha","Lake Manyara",2015,0
"Arusha","Lake Manyara",2016,0.407556623220444
"Arusha","Lake Manyara",2017,0
"Arusha","Lake Manyara",2018,0
"Arusha","Lake Manyara",2019,0
"Arusha","Lake Manyara",2020,0
"Arusha","Lake Manyara",2021,0
"Arusha","Lake Manyara",2022,0
"Arusha","Lake Manyara",2023,0
"Arusha","Lake Manyara",2024,0
"Arusha","Longido",2012,12.6856708526611
"Arusha","Longido",2013,18.4348182678223
"Arusha","Longido",2014,27.0604515075684
"Arusha","Longido",2015,67.8308715820312
"Arusha","Longido",2016,68.0717468261719
"Arusha","Longido",2017,66.7136535644531
"Arusha","Longido",2018,83.6121978759766
"Arusha","Longido",2019,93.2872009277344
"Arusha","Longido",2020,79.1963272094727
"Arusha","Longido",2021,102.210121154785
"Arusha","Longido",2022,142.695083618164
"Arusha","Longido",2023,178.526275634766
"Arusha","Longido",2024,207.878723144531
"Arusha","Meru",2012,267.246887207031
"Arusha","Meru",2013,246.039825439453
"Arusha","Meru",2014,313.744384765625
"Arusha","Meru",2015,251.863510131836
"Arusha","Meru",2016,229.683410644531
"Arusha","Meru",2017,311.78662109375
"Arusha","Meru",2018,320.33984375
"Arusha","Meru",2019,288.83203125
"Arusha","Meru",2020,299.444671630859
"Arusha","Meru",2021,471.424987792969
"Arusha","Meru",2022,820.3134765625
"Arusha","Meru",2023,1056.43493652344
"Arusha","Meru",2024,1110.01245117188
"Arusha","Monduli",2012,53.0746726989746
"Arusha","Monduli",2013,62.6595458984375
"Arusha","Monduli",2014,72.2931518554688
"Arusha","Monduli",2015,83.1856002807617
"Arusha","Monduli",2016,36.8533668518066
"Arusha","Monduli",2017,35.9465484619141
"Arusha","Monduli",2018,46.589599609375
"Arusha","Monduli",2019,51.3854370117188
"Arusha","Monduli",2020,55.2494735717773
"Arusha","Monduli",2021,108.014610290527
"Arusha","Monduli",2022,192.632949829102
"Arusha","Monduli",2023,233.057723999023
"Arusha","Monduli",2024,278.920684814453
"Arusha","Ngorongoro",2012,10.4193639755249
"Arusha","Ngorongoro",2013,8.87111377716064
"Arusha","Ngorongoro",2014,13.4904336929321
"Arusha","Ngorongoro",2015,27.9912490844727
"Arusha","Ngorongoro",2016,14.389835357666
"Arusha","Ngorongoro",2017,18.7878360748291
"Arusha","Ngorongoro",2018,11.7243738174438
"Arusha","Ngorongoro",2019,15.9366998672485
"Arusha","Ngorongoro",2020,17.0570487976074
"Arusha","Ngorongoro",2021,25.8016300201416
"Arusha","Ngorongoro",2022,43.2747573852539
"Arusha","Ngorongoro",2023,40.3458824157715
"Arusha","Ngorongoro",2024,65.1541748046875
"Dar es Salaam","Ilala",2012,4663.76123046875
"Dar es Salaam","Ilala",2013,5027.28857421875
"Dar es Salaam","Ilala",2014,5252.91357421875
"Dar es Salaam","Ilala",2015,5585.619140625
"Dar es Salaam","Ilala",2016,6525.9248046875
"Dar es Salaam","Ilala",2017,6762.728515625
"Dar es Salaam","Ilala",2018,7364.29833984375
"Dar es Salaam","Ilala",2019,8426.712890625
"Dar es Salaam","Ilala",2020,9229.3583984375
"Dar es Salaam","Ilala",2021,10725.49609375
"Dar es Salaam","Ilala",2022,12801.45703125
"Dar es Salaam","Ilala",2023,14168.54296875
"Dar es Salaam","Ilala",2024,16059.7705078125
"Dar es Salaam","Kinondoni",2012,8714.2705078125
"Dar es Salaam","Kinondoni",2013,9044.1025390625
"Dar es Salaam","Kinondoni",2014,9276.9580078125
"Dar es Salaam","Kinondoni",2015,10034.4609375
"Dar es Salaam","Kinondoni",2016,11478.845703125
"Dar es Salaam","Kinondoni",2017,11800.767578125
"Dar es Salaam","Kinondoni",2018,12131.146484375
"Dar es Salaam","Kinondoni",2019,13312.7666015625
"Dar es Salaam","Kinondoni",2020,15017.29296875
"Dar es Salaam","Kinondoni",2021,18030.939453125
"Dar es Salaam","Kinondoni",2022,21427.517578125
"Dar es Salaam","Kinondoni",2023,24429.556640625
"Dar es Salaam","Kinondoni",2024,27444.69140625
"Dar es Salaam","Temeke",2012,4440.6005859375
"Dar es Salaam","Temeke",2013,4539.06396484375
"Dar es Salaam","Temeke",2014,4723.50244140625
"Dar es Salaam","Temeke",2015,5365.78271484375
"Dar es Salaam","Temeke",2016,6042.322265625
"Dar es Salaam","Temeke",2017,6194.25390625
"Dar es Salaam","Temeke",2018,6557.42822265625
"Dar es Salaam","Temeke",2019,7554.63720703125
"Dar es Salaam","Temeke",2020,8200.0205078125
"Dar es Salaam","Temeke",2021,9851.603515625
"Dar es Salaam","Temeke",2022,11845.1044921875
"Dar es Salaam","Temeke",2023,13648.89453125
"Dar es Salaam","Temeke",2024,16253.8828125
"Dodoma","Bahi",2012,1.79276967048645
"Dodoma","Bahi",2013,4.47450542449951
"Dodoma","Bahi",2014,4.33134984970093
"Dodoma","Bahi",2015,7.78706741333008
"Dodoma","Bahi",2016,11.957498550415
"Dodoma","Bahi",2017,16.8698501586914
"Dodoma","Bahi",2018,13.2724952697754
"Dodoma","Bahi",2019,15.6881036758423
"Dodoma","Bahi",2020,13.6596975326538
"Dodoma","Bahi",2021,84.4621887207031
"Dodoma","Bahi",2022,225.275894165039
"Dodoma","Bahi",2023,215.205459594727
"Dodoma","Bahi",2024,204.329299926758
"Dodoma","Chamwino",2012,9.98443794250488
"Dodoma","Chamwino",2013,16.6553382873535
"Dodoma","Chamwino",2014,13.1069240570068
"Dodoma","Chamwino",2015,20.413028717041
"Dodoma","Chamwino",2016,25.5552558898926
"Dodoma","Chamwino",2017,31.1706142425537
"Dodoma","Chamwino",2018,28.5832767486572
"Dodoma","Chamwino",2019,47.0575561523438
"Dodoma","Chamwino",2020,222.203491210938
"Dodoma","Chamwino",2021,422.811340332031
"Dodoma","Chamwino",2022,635.637451171875
"Dodoma","Chamwino",2023,891.604431152344
"Dodoma","Chamwino",2024,1055.61181640625
"Dodoma","Chemba",2012,1.37659072875977
"Dodoma","Chemba",2013,1.56964325904846
"Dodoma","Chemba",2014,4.5192403793335
"Dodoma","Chemba",2015,8.09015846252441
"Dodoma","Chemba",2016,7.56709957122803
"Dodoma","Chemba",2017,9.93185424804688
"Dodoma","Chemba",2018,9.60857963562012
"Dodoma","Chemba",2019,2.50855803489685
"Dodoma","Chemba",2020,3.13580274581909
"Dodoma","Chemba",2021,20.5028324127197
"Dodoma","Chemba",2022,77.3075790405273
"Dodoma","Chemba",2023,125.838172912598
"Dodoma","Chemba",2024,146.475997924805
"Dodoma","Dodoma Urban",2012,1526.11315917969
"Dodoma","Dodoma Urban",2013,1753.03759765625
"Dodoma","Dodoma Urban",2014,1726.58569335938
"Dodoma","Dodoma Urban",2015,1692.87768554688
"Dodoma","Dodoma Urban",2016,1720.42407226562
"Dodoma","Dodoma Urban",2017,1924.83251953125
"Dodoma","Dodoma Urban",2018,2224.73779296875
"Dodoma","Dodoma Urban",2019,2561.77294921875
"Dodoma","Dodoma Urban",2020,3871.27783203125
"Dodoma","Dodoma Urban",2021,5986.5009765625
"Dodoma","Dodoma Urban",2022,9098.638671875
"Dodoma","Dodoma Urban",2023,12247.2490234375
"Dodoma","Dodoma Urban",2024,14805.494140625
"Dodoma","Kondoa",2012,56.5167007446289
"Dodoma","Kondoa",2013,51.9861030578613
"Dodoma","Kondoa",2014,65.8684921264648
"Dodoma","Kondoa",2015,73.7402267456055
"Dodoma","Kondoa",2016,84.8870391845703
"Dodoma","Kondoa",2017,84.1558303833008
"Dodoma","Kondoa",2018,84.4699478149414
"Dodoma","Kondoa",2019,92.5054397583008
"Dodoma","Kondoa",2020,102.377967834473
"Dodoma","Kondoa",2021,145.773361206055
"Dodoma","Kondoa",2022,241.414916992188
"Dodoma","Kondoa",2023,286.126556396484
"Dodoma","Kondoa",2024,317.806488037109
"Dodoma","Kongwa",2012,38.7375373840332
"Dodoma","Kongwa",2013,46.491813659668
"Dodoma","Kongwa",2014,53.0154151916504
"Dodoma","Kongwa",2015,63.454158782959
"Dodoma","Kongwa",2016,68.1027221679688
"Dodoma","Kongwa",2017,72.3376235961914
"Dodoma","Kongwa",2018,73.5881652832031
"Dodoma","Kongwa",2019,65.5129165649414
"Dodoma","Kongwa",2020,77.3940505981445
"Dodoma","Kongwa",2021,175.589447021484
"Dodoma","Kongwa",2022,287.198883056641
"Dodoma","Kongwa",2023,459.936553955078
"Dodoma","Kongwa",2024,537.952575683594
"Dodoma","Mpwapwa",2012,53.6792526245117
"Dodoma","Mpwapwa",2013,49.7234001159668
"Dodoma","Mpwapwa",2014,53.870677947998
"Dodoma","Mpwapwa",2015,49.6884574890137
"Dodoma","Mpwapwa",2016,45.2853622436523
"Dodoma","Mpwapwa",2017,43.482234954834
"Dodoma","Mpwapwa",2018,47.3346214294434
"Dodoma","Mpwapwa",2019,48.2658843994141
"Dodoma","Mpwapwa",2020,82.5766830444336
"Dodoma","Mpwapwa",2021,117.269470214844
"Dodoma","Mpwapwa",2022,163.723052978516
"Dodoma","Mpwapwa",2023,225.940338134766
"Dodoma","Mpwapwa",2024,271.997985839844
"Geita","Bukombe",2012,22.4390182495117
"Geita","Bukombe",2013,26.161693572998
"Geita","Bukombe",2014,36.7517013549805
"Geita","Bukombe",2015,41.366828918457
"Geita","Bukombe",2016,43.516731262207
"Geita","Bukombe",2017,78.9266204833984
"Geita","Bukombe",2018,66.8065414428711
"Geita","Bukombe",2019,73.1112442016602
"Geita","Bukombe",2020,95.3706512451172
"Geita","Bukombe",2021,159.769775390625
"Geita","Bukombe",2022,244.502853393555
"Geita","Bukombe",2023,288.74658203125
"Geita","Bukombe",2024,361.469665527344
"Geita","Chato",2012,3.55449438095093
"Geita","Chato",2013,6.41265726089478
"Geita","Chato",2014,12.0497980117798
"Geita","Chato",2015,24.1047439575195
"Geita","Chato",2016,23.624382019043
"Geita","Chato",2017,48.7340927124023
"Geita","Chato",2018,54.1374320983887
"Geita","Chato",2019,71.8156814575195
"Geita","Chato",2020,117.519706726074
"Geita","Chato",2021,208.633422851562
"Geita","Chato",2022,368.237152099609
"Geita","Chato",2023,416.513000488281
"Geita","Chato",2024,473.034454345703
"Geita","Geita",2012,837.067443847656
"Geita","Geita",2013,819.60302734375
"Geita","Geita",2014,740.13330078125
"Geita","Geita",2015,865.633361816406
"Geita","Geita",2016,961.827453613281
"Geita","Geita",2017,1019.97375488281
"Geita","Geita",2018,1123.970703125
"Geita","Geita",2019,1165.603515625
"Geita","Geita",2020,1365.20837402344
"Geita","Geita",2021,1926.62890625
"Geita","Geita",2022,2611.46704101562
"Geita","Geita",2023,2965.1376953125
"Geita","Geita",2024,3733.80126953125
"Geita","Lake Victoria",2012,0.955750226974487
"Geita","Lake Victoria",2013,0.977501809597015
"Geita","Lake Victoria",2014,0.238532960414886
"Geita","Lake Victoria",2015,0.635289072990417
"Geita","Lake Victoria",2016,0.925996124744415
"Geita","Lake Victoria",2017,0.365492880344391
"Geita","Lake Victoria",2018,0.272340089082718
"Geita","Lake Victoria",2019,0.19085331261158
"Geita","Lake Victoria",2020,0.728446543216705
"Geita","Lake Victoria",2021,3.06383562088013
"Geita","Lake Victoria",2022,6.45474338531494
"Geita","Lake Victoria",2023,6.50507783889771
"Geita","Lake Victoria",2024,8.64264488220215
"Geita","Mbogwe",2012,8.81629943847656
"Geita","Mbogwe",2013,1.4945604801178
"Geita","Mbogwe",2014,1.2936429977417
"Geita","Mbogwe",2015,5.59717893600464
"Geita","Mbogwe",2016,4.06168937683105
"Geita","Mbogwe",2017,15.6817741394043
"Geita","Mbogwe",2018,17.3790225982666
"Geita","Mbogwe",2019,29.303394317627
"Geita","Mbogwe",2020,42.0210418701172
"Geita","Mbogwe",2021,75.2668304443359
"Geita","Mbogwe",2022,158.835479736328
"Geita","Mbogwe",2023,197.727691650391
"Geita","Mbogwe",2024,245.136001586914
"Geita","Nyang'hwale",2012,1.42699766159058
"Geita","Nyang'hwale",2013,1.60291218757629
"Geita","Nyang'hwale",2014,2.23995518684387
"Geita","Nyang'hwale",2015,4.32413196563721
"Geita","Nyang'hwale",2016,4.68030881881714
"Geita","Nyang'hwale",2017,6.3045539855957
"Geita","Nyang'hwale",2018,7.29312419891357
"Geita","Nyang'hwale",2019,8.36353874206543
"Geita","Nyang'hwale",2020,14.1893453598022
"Geita","Nyang'hwale",2021,34.5352020263672
"Geita","Nyang'hwale",2022,106.366851806641
"Geita","Nyang'hwale",2023,111.174057006836
"Geita","Nyang'hwale",2024,145.686981201172
"Iringa","Iringa Rural",2012,34.1055679321289
"Iringa","Iringa Rural",2013,54.3080749511719
"Iringa","Iringa Rural",2014,53.9226837158203
"Iringa","Iringa Rural",2015,66.2244567871094
"Iringa","Iringa Rural",2016,73.3144836425781
"Iringa","Iringa Rural",2017,69.5976638793945
"Iringa","Iringa Rural",2018,66.9815444946289
"Iringa","Iringa Rural",2019,68.9213104248047
"Iringa","Iringa Rural",2020,94.1554641723633
"Iringa","Iringa Rural",2021,149.912994384766
"Iringa","Iringa Rural",2022,269.59912109375
"Iringa","Iringa Rural",2023,395.48193359375
"Iringa","Iringa Rural",2024,411.644256591797
"Iringa","Iringa Urban",2012,446.348449707031
"Iringa","Iringa Urban",2013,477.006439208984
"Iringa","Iringa Urban",2014,473.205230712891
"Iringa","Iringa Urban",2015,506.840789794922
"Iringa","Iringa Urban",2016,584.795654296875
"Iringa","Iringa Urban",2017,588.5498046875
"Iringa","Iringa Urban",2018,630.567687988281
"Iringa","Iringa Urban",2019,719.09619140625
"Iringa","Iringa Urban",2020,845.495788574219
"Iringa","Iringa Urban",2021,1129.58020019531
"Iringa","Iringa Urban",2022,1419.64404296875
"Iringa","Iringa Urban",2023,1616.44897460938
"Iringa","Iringa Urban",2024,1737.59143066406
"Iringa","Kilolo",2012,47.2550659179688
"Iringa","Kilolo",2013,51.1624794006348
"Iringa","Kilolo",2014,51.3707008361816
"Iringa","Kilolo",2015,50.871955871582
"Iringa","Kilolo",2016,52.307258605957
"Iringa","Kilolo",2017,60.3334045410156
"Iringa","Kilolo",2018,67.5397338867188
"Iringa","Kilolo",2019,67.6359481811523
"Iringa","Kilolo",2020,71.0168228149414
"Iringa","Kilolo",2021,103.979499816895
"Iringa","Kilolo",2022,169.377838134766
"Iringa","Kilolo",2023,206.205490112305
"Iringa","Kilolo",2024,240.422546386719
"Iringa","Mafinga Town",2012,132.445938110352
"Iringa","Mafinga Town",2013,123.260398864746
"Iringa","Mafinga Town",2014,114.841926574707
"Iringa","Mafinga Town",2015,136.245269775391
"Iringa","Mafinga Town",2016,156.732070922852
"Iringa","Mafinga Town",2017,168.623352050781
"Iringa","Mafinga Town",2018,209.261352539062
"Iringa","Mafinga Town",2019,224.528305053711
"Iringa","Mafinga Town",2020,293.936767578125
"Iringa","Mafinga Town",2021,454.209320068359
"Iringa","Mafinga Town",2022,588.271850585938
"Iringa","Mafinga Town",2023,747.96630859375
"Iringa","Mafinga Town",2024,928.374389648438
"Iringa","Mufindi",2012,127.35521697998
"Iringa","Mufindi",2013,147.767227172852
"Iringa","Mufindi",2014,139.977386474609
"Iringa","Mufindi",2015,163.250030517578
"Iringa","Mufindi",2016,109.728088378906
"Iringa","Mufindi",2017,132.338241577148
"Iringa","Mufindi",2018,166.283126831055
"Iringa","Mufindi",2019,181.952407836914
"Iringa","Mufindi",2020,207.332168579102
"Iringa","Mufindi",2021,239.136993408203
"Iringa","Mufindi",2022,307.256286621094
"Iringa","Mufindi",2023,400.061187744141
"Iringa","Mufindi",2024,406.309020996094
"Kagera","Biharamulo",2012,158.656112670898
"Kagera","Biharamulo",2013,194.893569946289
"Kagera","Biharamulo",2014,136.718078613281
"Kagera","Biharamulo",2015,166.867462158203
"Kagera","Biharamulo",2016,144.694671630859
"Kagera","Biharamulo",2017,109.559150695801
"Kagera","Biharamulo",2018,89.1279449462891
"Kagera","Biharamulo",2019,100.788856506348
"Kagera","Biharamulo",2020,107.049591064453
"Kagera","Biharamulo",2021,130.101821899414
"Kagera","Biharamulo",2022,189.026489257812
"Kagera","Biharamulo",2023,291.869812011719
"Kagera","Biharamulo",2024,330.025756835938
"Kagera","Bukoba Rural",2012,5.2837290763855
"Kagera","Bukoba Rural",2013,8.35547924041748
"Kagera","Bukoba Rural",2014,8.2601900100708
"Kagera","Bukoba Rural",2015,9.06782817840576
"Kagera","Bukoba Rural",2016,6.10470008850098
"Kagera","Bukoba Rural",2017,7.37896394729614
"Kagera","Bukoba Rural",2018,12.0180606842041
"Kagera","Bukoba Rural",2019,6.23726606369019
"Kagera","Bukoba Rural",2020,13.334792137146
"Kagera","Bukoba Rural",2021,21.6488456726074
"Kagera","Bukoba Rural",2022,106.235641479492
"Kagera","Bukoba Rural",2023,131.257064819336
"Kagera","Bukoba Rural",2024,124.112144470215
"Kagera","Bukoba Urban",2012,151.556564331055
"Kagera","Bukoba Urban",2013,161.143295288086
"Kagera","Bukoba Urban",2014,181.627487182617
"Kagera","Bukoba Urban",2015,196.585311889648
"Kagera","Bukoba Urban",2016,190.407211303711
"Kagera","Bukoba Urban",2017,184.747421264648
"Kagera","Bukoba Urban",2018,201.58757019043
"Kagera","Bukoba Urban",2019,202.965972900391
"Kagera","Bukoba Urban",2020,245.39485168457
"Kagera","Bukoba Urban",2021,322.522705078125
"Kagera","Bukoba Urban",2022,463.743041992188
"Kagera","Bukoba Urban",2023,581.051391601562
"Kagera","Bukoba Urban",2024,635.336303710938
"Kagera","Karagwe",2012,46.174186706543
"Kagera","Karagwe",2013,57.9727821350098
"Kagera","Karagwe",2014,61.5199775695801
"Kagera","Karagwe",2015,38.4481391906738
"Kagera","Karagwe",2016,37.4346733093262
"Kagera","Karagwe",2017,32.2875785827637
"Kagera","Karagwe",2018,29.1336936950684
"Kagera","Karagwe",2019,29.0724353790283
"Kagera","Karagwe",2020,40.0018730163574
"Kagera","Karagwe",2021,84.7576370239258
"Kagera","Karagwe",2022,154.65754699707
"Kagera","Karagwe",2023,239.423461914062
"Kagera","Karagwe",2024,225.840286254883
"Kagera","Kyerwa",2012,0
"Kagera","Kyerwa",2013,0
"Kagera","Kyerwa",2014,0
"Kagera","Kyerwa",2015,0
"Kagera","Kyerwa",2016,0.571357905864716
"Kagera","Kyerwa",2017,1.13560485839844
"Kagera","Kyerwa",2018,2.44006633758545
"Kagera","Kyerwa",2019,8.21212673187256
"Kagera","Kyerwa",2020,16.3179550170898
"Kagera","Kyerwa",2021,23.5713310241699
"Kagera","Kyerwa",2022,57.5440711975098
"Kagera","Kyerwa",2023,79.6293792724609
"Kagera","Kyerwa",2024,78.4854965209961
"Kagera","Lake Victoria",2012,4.12969589233398
"Kagera","Lake Victoria",2013,2.71602177619934
"Kagera","Lake Victoria",2014,3.35029244422913
"Kagera","Lake Victoria",2015,5.63277387619019
"Kagera","Lake Victoria",2016,13.9602680206299
"Kagera","Lake Victoria",2017,6.27307319641113
"Kagera","Lake Victoria",2018,5.59291744232178
"Kagera","Lake Victoria",2019,3.82899141311646
"Kagera","Lake Victoria",2020,6.07313013076782
"Kagera","Lake Victoria",2021,4.7754955291748
"Kagera","Lake Victoria",2022,27.7006034851074
"Kagera","Lake Victoria",2023,35.6421356201172
"Kagera","Lake Victoria",2024,37.5411224365234
"Kagera","Missenyi",2012,30.5907573699951
"Kagera","Missenyi",2013,36.3133506774902
"Kagera","Missenyi",2014,49.5249137878418
"Kagera","Missenyi",2015,76.3452682495117
"Kagera","Missenyi",2016,66.3794326782227
"Kagera","Missenyi",2017,63.0902786254883
"Kagera","Missenyi",2018,84.5974807739258
"Kagera","Missenyi",2019,62.4847183227539
"Kagera","Missenyi",2020,78.7881164550781
"Kagera","Missenyi",2021,101.633506774902
"Kagera","Missenyi",2022,172.784027099609
"Kagera","Missenyi",2023,284.501739501953
"Kagera","Missenyi",2024,247.311141967773
"Kagera","Muleba",2012,60.4940147399902
"Kagera","Muleba",2013,43.2798957824707
"Kagera","Muleba",2014,32.5834884643555
"Kagera","Muleba",2015,37.209098815918
"Kagera","Muleba",2016,29.9464168548584
"Kagera","Muleba",2017,34.2912940979004
"Kagera","Muleba",2018,25.1782188415527
"Kagera","Muleba",2019,26.2188243865967
"Kagera","Muleba",2020,33.5639724731445
"Kagera","Muleba",2021,66.2754516601562
"Kagera","Muleba",2022,227.626800537109
"Kagera","Muleba",2023,295.965942382812
"Kagera","Muleba",2024,304.491302490234
"Kagera","Ngara",2012,25.7884693145752
"Kagera","Ngara",2013,16.8671855926514
"Kagera","Ngara",2014,27.4808006286621
"Kagera","Ngara",2015,26.4123668670654
"Kagera","Ngara",2016,40.8216209411621
"Kagera","Ngara",2017,45.3623352050781
"Kagera","Ngara",2018,41.1979217529297
"Kagera","Ngara",2019,51.9187698364258
"Kagera","Ngara",2020,71.673225402832
"Kagera","Ngara",2021,83.3823013305664
"Kagera","Ngara",2022,135.450271606445
"Kagera","Ngara",2023,208.303466796875
"Kagera","Ngara",2024,283.135589599609
"Kaskazini Pemba","Micheweni",2012,2.23895001411438
"Kaskazini Pemba","Micheweni",2013,5.15843772888184
"Kaskazini Pemba","Micheweni",2014,1.73445212841034
"Kaskazini Pemba","Micheweni",2015,5.45844268798828
"Kaskazini Pemba","Micheweni",2016,4.15013790130615
"Kaskazini Pemba","Micheweni",2017,2.8516571521759
"Kaskazini Pemba","Micheweni",2018,3.03099751472473
"Kaskazini Pemba","Micheweni",2019,3.51106357574463
"Kaskazini Pemba","Micheweni",2020,3.03535723686218
"Kaskazini Pemba","Micheweni",2021,9.70931529998779
"Kaskazini Pemba","Micheweni",2022,24.3124847412109
"Kaskazini Pemba","Micheweni",2023,59.4330749511719
"Kaskazini Pemba","Micheweni",2024,70.0866851806641
"Kaskazini Pemba","Wete",2012,28.8977718353271
"Kaskazini Pemba","Wete",2013,30.7851104736328
"Kaskazini Pemba","Wete",2014,21.0934543609619
"Kaskazini Pemba","Wete",2015,19.9072608947754
"Kaskazini Pemba","Wete",2016,17.7243881225586
"Kaskazini Pemba","Wete",2017,15.017689704895
"Kaskazini Pemba","Wete",2018,15.8947162628174
"Kaskazini Pemba","Wete",2019,12.2437038421631
"Kaskazini Pemba","Wete",2020,38.6957664489746
"Kaskazini Pemba","Wete",2021,73.9433059692383
"Kaskazini Pemba","Wete",2022,100.100509643555
"Kaskazini Pemba","Wete",2023,142.697723388672
"Kaskazini Pemba","Wete",2024,126.041137695312
"Kaskazini Unguja","Kaskazini 'A'",2012,235.629928588867
"Kaskazini Unguja","Kaskazini 'A'",2013,237.514389038086
"Kaskazini Unguja","Kaskazini 'A'",2014,193.793212890625
"Kaskazini Unguja","Kaskazini 'A'",2015,179.421676635742
"Kaskazini Unguja","Kaskazini 'A'",2016,169.427734375
"Kaskazini Unguja","Kaskazini 'A'",2017,160.363586425781
"Kaskazini Unguja","Kaskazini 'A'",2018,165.626052856445
"Kaskazini Unguja","Kaskazini 'A'",2019,207.418334960938
"Kaskazini Unguja","Kaskazini 'A'",2020,148.0751953125
"Kaskazini Unguja","Kaskazini 'A'",2021,227.91423034668
"Kaskazini Unguja","Kaskazini 'A'",2022,387.833984375
"Kaskazini Unguja","Kaskazini 'A'",2023,593.825500488281
"Kaskazini Unguja","Kaskazini 'A'",2024,722.196044921875
"Kaskazini Unguja","Kaskazini 'B'",2012,97.8171310424805
"Kaskazini Unguja","Kaskazini 'B'",2013,99.2988662719727
"Kaskazini Unguja","Kaskazini 'B'",2014,97.4302139282227
"Kaskazini Unguja","Kaskazini 'B'",2015,92.2014617919922
"Kaskazini Unguja","Kaskazini 'B'",2016,79.6019058227539
"Kaskazini Unguja","Kaskazini 'B'",2017,69.61865234375
"Kaskazini Unguja","Kaskazini 'B'",2018,63.1195487976074
"Kaskazini Unguja","Kaskazini 'B'",2019,67.5540924072266
"Kaskazini Unguja","Kaskazini 'B'",2020,64.3886413574219
"Kaskazini Unguja","Kaskazini 'B'",2021,105.530456542969
"Kaskazini Unguja","Kaskazini 'B'",2022,222.397811889648
"Kaskazini Unguja","Kaskazini 'B'",2023,348.128540039062
"Kaskazini Unguja","Kaskazini 'B'",2024,612.634887695312
"Katavi","Lake Rukwa",2012,0
"Katavi","Lake Rukwa",2013,0
"Katavi","Lake Rukwa",2014,0
"Katavi","Lake Rukwa",2015,0
"Katavi","Lake Rukwa",2016,0
"Katavi","Lake Rukwa",2017,0
"Katavi","Lake Rukwa",2018,0
"Katavi","Lake Rukwa",2019,0
"Katavi","Lake Rukwa",2020,0
"Katavi","Lake Rukwa",2021,0
"Katavi","Lake Rukwa",2022,0
"Katavi","Lake Rukwa",2023,0
"Katavi","Lake Rukwa",2024,0
"Katavi","Lake Tanganyika",2012,0
"Katavi","Lake Tanganyika",2013,0
"Katavi","Lake Tanganyika",2014,0
"Katavi","Lake Tanganyika",2015,0
"Katavi","Lake Tanganyika",2016,0
"Katavi","Lake Tanganyika",2017,0
"Katavi","Lake Tanganyika",2018,0
"Katavi","Lake Tanganyika",2019,0
"Katavi","Lake Tanganyika",2020,0
"Katavi","Lake Tanganyika",2021,0.494981706142426
"Katavi","Lake Tanganyika",2022,0.505655884742737
"Katavi","Lake Tanganyika",2023,1.33626663684845
"Katavi","Lake Tanganyika",2024,4.42668437957764
"Katavi","Mlele",2012,1.20635771751404
"Katavi","Mlele",2013,2.90739393234253
"Katavi","Mlele",2014,4.20131492614746
"Katavi","Mlele",2015,6.15927267074585
"Katavi","Mlele",2016,14.4215812683105
"Katavi","Mlele",2017,17.9567432403564
"Katavi","Mlele",2018,25.9001960754395
"Katavi","Mlele",2019,27.9017238616943
"Katavi","Mlele",2020,33.0055809020996
"Katavi","Mlele",2021,83.0539703369141
"Katavi","Mlele",2022,151.092330932617
"Katavi","Mlele",2023,232.883102416992
"Katavi","Mlele",2024,269.067504882812
"Katavi","Mpanda Rural",2012,0
"Katavi","Mpanda Rural",2013,0
"Katavi","Mpanda Rural",2014,0
"Katavi","Mpanda Rural",2015,0
"Katavi","Mpanda Rural",2016,0
"Katavi","Mpanda Rural",2017,0
"Katavi","Mpanda Rural",2018,0
"Katavi","Mpanda Rural",2019,0
"Katavi","Mpanda Rural",2020,0
"Katavi","Mpanda Rural",2021,8.98526668548584
"Katavi","Mpanda Rural",2022,25.0143814086914
"Katavi","Mpanda Rural",2023,43.5983543395996
"Katavi","Mpanda Rural",2024,54.1698303222656
"Katavi","Mpanda Urban",2012,77.3672714233398
"Katavi","Mpanda Urban",2013,80.596565246582
"Katavi","Mpanda Urban",2014,84.5601196289062
"Katavi","Mpanda Urban",2015,73.9677276611328
"Katavi","Mpanda Urban",2016,105.727607727051
"Katavi","Mpanda Urban",2017,114.475166320801
"Katavi","Mpanda Urban",2018,120.493133544922
"Katavi","Mpanda Urban",2019,120.311447143555
"Katavi","Mpanda Urban",2020,149.919387817383
"Katavi","Mpanda Urban",2021,262.223815917969
"Katavi","Mpanda Urban",2022,353.595031738281
"Katavi","Mpanda Urban",2023,472.145416259766
"Katavi","Mpanda Urban",2024,557.984008789062
"Kigoma","Buhigwe",2012,0
"Kigoma","Buhigwe",2013,0
"Kigoma","Buhigwe",2014,0
"Kigoma","Buhigwe",2015,0
"Kigoma","Buhigwe",2016,0
"Kigoma","Buhigwe",2017,0
"Kigoma","Buhigwe",2018,0
"Kigoma","Buhigwe",2019,0
"Kigoma","Buhigwe",2020,0
"Kigoma","Buhigwe",2021,0.67257022857666
"Kigoma","Buhigwe",2022,4.88144779205322
"Kigoma","Buhigwe",2023,20.6237373352051
"Kigoma","Buhigwe",2024,19.8236770629883
"Kigoma","Kakonko",2012,0
"Kigoma","Kakonko",2013,0
"Kigoma","Kakonko",2014,0
"Kigoma","Kakonko",2015,0
"Kigoma","Kakonko",2016,2.67202973365784
"Kigoma","Kakonko",2017,2.34050965309143
"Kigoma","Kakonko",2018,4.53152084350586
"Kigoma","Kakonko",2019,3.88486766815186
"Kigoma","Kakonko",2020,6.54644155502319
"Kigoma","Kakonko",2021,12.68044090271
"Kigoma","Kakonko",2022,27.3106460571289
"Kigoma","Kakonko",2023,48.2186737060547
"Kigoma","Kakonko",2024,56.4635963439941
"Kigoma","Kasulu",2012,0
"Kigoma","Kasulu",2013,0
"Kigoma","Kasulu",2014,0
"Kigoma","Kasulu",2015,0
"Kigoma","Kasulu",2016,0
"Kigoma","Kasulu",2017,0
"Kigoma","Kasulu",2018,8.44461822509766
"Kigoma","Kasulu",2019,3.79748010635376
"Kigoma","Kasulu",2020,3.32440662384033
"Kigoma","Kasulu",2021,8.38239765167236
"Kigoma","Kasulu",2022,23.0428237915039
"Kigoma","Kasulu",2023,47.1692848205566
"Kigoma","Kasulu",2024,59.753490447998
"Kigoma","Kasulu Town",2012,24.7254447937012
"Kigoma","Kasulu Town",2013,37.128101348877
"Kigoma","Kasulu Town",2014,50.996768951416
"Kigoma","Kasulu Town",2015,61.9024925231934
"Kigoma","Kasulu Town",2016,85.908073425293
"Kigoma","Kasulu Town",2017,87.0409545898438
"Kigoma","Kasulu Town",2018,110.516227722168
"Kigoma","Kasulu Town",2019,105.170936584473
"Kigoma","Kasulu Town",2020,136.278244018555
"Kigoma","Kasulu Town",2021,194.741668701172
"Kigoma","Kasulu Town",2022,267.651245117188
"Kigoma","Kasulu Town",2023,303.201843261719
"Kigoma","Kasulu Town",2024,369.326629638672
"Kigoma","Kibondo",2012,11.3138217926025
"Kigoma","Kibondo",2013,18.1230354309082
"Kigoma","Kibondo",2014,19.4875030517578
"Kigoma","Kibondo",2015,26.4514389038086
"Kigoma","Kibondo",2016,28.4047756195068
"Kigoma","Kibondo",2017,36.3753814697266
"Kigoma","Kibondo",2018,53.6385307312012
"Kigoma","Kibondo",2019,42.6368598937988
"Kigoma","Kibondo",2020,64.8628082275391
"Kigoma","Kibondo",2021,86.9089508056641
"Kigoma","Kibondo",2022,108.315086364746
"Kigoma","Kibondo",2023,152.018905639648
"Kigoma","Kibondo",2024,169.423141479492
"Kigoma","Kigoma Rural",2012,4.8287239074707
"Kigoma","Kigoma Rural",2013,7.86943674087524
"Kigoma","Kigoma Rural",2014,10.2412843704224
"Kigoma","Kigoma Rural",2015,10.7716951370239
"Kigoma","Kigoma Rural",2016,6.29541444778442
"Kigoma","Kigoma Rural",2017,9.18204593658447
"Kigoma","Kigoma Rural",2018,13.3431711196899
"Kigoma","Kigoma Rural",2019,11.0498237609863
"Kigoma","Kigoma Rural",2020,21.9593811035156
"Kigoma","Kigoma Rural",2021,43.124340057373
"Kigoma","Kigoma Rural",2022,105.422393798828
"Kigoma","Kigoma Rural",2023,146.469650268555
"Kigoma","Kigoma Rural",2024,184.82096862793
"Kigoma","Kigoma Urban",2012,272.473480224609
"Kigoma","Kigoma Urban",2013,368.095184326172
"Kigoma","Kigoma Urban",2014,404.104675292969
"Kigoma","Kigoma Urban",2015,434.252288818359
"Kigoma","Kigoma Urban",2016,437.662567138672
"Kigoma","Kigoma Urban",2017,278.552642822266
"Kigoma","Kigoma Urban",2018,304.029388427734
"Kigoma","Kigoma Urban",2019,306.562225341797
"Kigoma","Kigoma Urban",2020,359.777862548828
"Kigoma","Kigoma Urban",2021,488.868896484375
"Kigoma","Kigoma Urban",2022,648.216491699219
"Kigoma","Kigoma Urban",2023,752.542175292969
"Kigoma","Kigoma Urban",2024,839.903259277344
"Kigoma","Lake Tanganyika",2012,18.7392272949219
"Kigoma","Lake Tanganyika",2013,17.5546054840088
"Kigoma","Lake Tanganyika",2014,13.7275762557983
"Kigoma","Lake Tanganyika",2015,13.0181074142456
"Kigoma","Lake Tanganyika",2016,10.0950918197632
"Kigoma","Lake Tanganyika",2017,9.17454147338867
"Kigoma","Lake Tanganyika",2018,9.95420742034912
"Kigoma","Lake Tanganyika",2019,9.89834594726562
"Kigoma","Lake Tanganyika",2020,11.3316698074341
"Kigoma","Lake Tanganyika",2021,16.733268737793
"Kigoma","Lake Tanganyika",2022,22.0499954223633
"Kigoma","Lake Tanganyika",2023,25.0227279663086
"Kigoma","Lake Tanganyika",2024,35.8559799194336
"Kigoma","Uvinza",2012,17.5736598968506
"Kigoma","Uvinza",2013,17.0869598388672
"Kigoma","Uvinza",2014,9.0219898223877
"Kigoma","Uvinza",2015,4.52101802825928
"Kigoma","Uvinza",2016,0.622836709022522
"Kigoma","Uvinza",2017,0.58125901222229
"Kigoma","Uvinza",2018,2.65088605880737
"Kigoma","Uvinza",2019,1.83101975917816
"Kigoma","Uvinza",2020,1.40579760074615
"Kigoma","Uvinza",2021,14.0496253967285
"Kigoma","Uvinza",2022,46.2060050964355
"Kigoma","Uvinza",2023,77.2499160766602
"Kigoma","Uvinza",2024,122.916450500488
"Kilimanjaro","Hai",2012,300.445434570312
"Kilimanjaro","Hai",2013,209.957916259766
"Kilimanjaro","Hai",2014,326.985717773438
"Kilimanjaro","Hai",2015,317.796997070312
"Kilimanjaro","Hai",2016,294.640655517578
"Kilimanjaro","Hai",2017,383.508972167969
"Kilimanjaro","Hai",2018,392.062774658203
"Kilimanjaro","Hai",2019,363.189086914062
"Kilimanjaro","Hai",2020,296.29443359375
"Kilimanjaro","Hai",2021,506.974212646484
"Kilimanjaro","Hai",2022,918.824829101562
"Kilimanjaro","Hai",2023,1022.56018066406
"Kilimanjaro","Hai",2024,1214.79663085938
"Kilimanjaro","Moshi Rural",2012,390.533752441406
"Kilimanjaro","Moshi Rural",2013,280.950958251953
"Kilimanjaro","Moshi Rural",2014,340.580261230469
"Kilimanjaro","Moshi Rural",2015,317.562622070312
"Kilimanjaro","Moshi Rural",2016,311.42431640625
"Kilimanjaro","Moshi Rural",2017,312.358703613281
"Kilimanjaro","Moshi Rural",2018,287.452728271484
"Kilimanjaro","Moshi Rural",2019,232.141372680664
"Kilimanjaro","Moshi Rural",2020,282.221618652344
"Kilimanjaro","Moshi Rural",2021,582.351684570312
"Kilimanjaro","Moshi Rural",2022,1147.52136230469
"Kilimanjaro","Moshi Rural",2023,1692.70751953125
"Kilimanjaro","Moshi Rural",2024,1840.42761230469
"Kilimanjaro","Moshi Urban",2012,582.189331054688
"Kilimanjaro","Moshi Urban",2013,519.174438476562
"Kilimanjaro","Moshi Urban",2014,542.420227050781
"Kilimanjaro","Moshi Urban",2015,546.078857421875
"Kilimanjaro","Moshi Urban",2016,555.406921386719
"Kilimanjaro","Moshi Urban",2017,587.286499023438
"Kilimanjaro","Moshi Urban",2018,559.669555664062
"Kilimanjaro","Moshi Urban",2019,523.772277832031
"Kilimanjaro","Moshi Urban",2020,617.73828125
"Kilimanjaro","Moshi Urban",2021,748.062927246094
"Kilimanjaro","Moshi Urban",2022,902.10546875
"Kilimanjaro","Moshi Urban",2023,985.251953125
"Kilimanjaro","Moshi Urban",2024,1161.80529785156
"Kilimanjaro","Mwanga",2012,98.5255889892578
"Kilimanjaro","Mwanga",2013,83.6388168334961
"Kilimanjaro","Mwanga",2014,97.8364334106445
"Kilimanjaro","Mwanga",2015,65.0279388427734
"Kilimanjaro","Mwanga",2016,46.6621780395508
"Kilimanjaro","Mwanga",2017,48.2778587341309
"Kilimanjaro","Mwanga",2018,45.3572578430176
"Kilimanjaro","Mwanga",2019,23.9940853118896
"Kilimanjaro","Mwanga",2020,28.6984443664551
"Kilimanjaro","Mwanga",2021,56.2640571594238
"Kilimanjaro","Mwanga",2022,145.152740478516
"Kilimanjaro","Mwanga",2023,225.760375976562
"Kilimanjaro","Mwanga",2024,225.792297363281
"Kilimanjaro","Rombo",2012,31.2668476104736
"Kilimanjaro","Rombo",2013,31.2720947265625
"Kilimanjaro","Rombo",2014,31.5699195861816
"Kilimanjaro","Rombo",2015,19.7971420288086
"Kilimanjaro","Rombo",2016,42.5254096984863
"Kilimanjaro","Rombo",2017,30.3102855682373
"Kilimanjaro","Rombo",2018,43.8909606933594
"Kilimanjaro","Rombo",2019,26.0119667053223
"Kilimanjaro","Rombo",2020,20.2592182159424
"Kilimanjaro","Rombo",2021,34.9163360595703
"Kilimanjaro","Rombo",2022,119.372337341309
"Kilimanjaro","Rombo",2023,275.343505859375
"Kilimanjaro","Rombo",2024,267.373718261719
"Kilimanjaro","Same",2012,72.5401992797852
"Kilimanjaro","Same",2013,65.6896591186523
"Kilimanjaro","Same",2014,72.0651397705078
"Kilimanjaro","Same",2015,81.9584503173828
"Kilimanjaro","Same",2016,74.1180572509766
"Kilimanjaro","Same",2017,59.3059043884277
"Kilimanjaro","Same",2018,75.5613250732422
"Kilimanjaro","Same",2019,47.2200088500977
"Kilimanjaro","Same",2020,65.5902938842773
"Kilimanjaro","Same",2021,108.186653137207
"Kilimanjaro","Same",2022,160.699951171875
"Kilimanjaro","Same",2023,248.867706298828
"Kilimanjaro","Same",2024,243.83317565918
"Kilimanjaro","Siha",2012,10.2565059661865
"Kilimanjaro","Siha",2013,8.42706775665283
"Kilimanjaro","Siha",2014,14.0624628067017
"Kilimanjaro","Siha",2015,13.2414960861206
"Kilimanjaro","Siha",2016,12.4230079650879
"Kilimanjaro","Siha",2017,13.8928899765015
"Kilimanjaro","Siha",2018,13.046311378479
"Kilimanjaro","Siha",2019,11.5921449661255
"Kilimanjaro","Siha",2020,12.2365713119507
"Kilimanjaro","Siha",2021,37.0191307067871
"Kilimanjaro","Siha",2022,83.7354736328125
"Kilimanjaro","Siha",2023,178.359100341797
"Kilimanjaro","Siha",2024,184.604537963867
"Kusini Pemba","Chake",2012,49.441837310791
"Kusini Pemba","Chake",2013,47.7008666992188
"Kusini Pemba","Chake",2014,39.311653137207
"Kusini Pemba","Chake",2015,45.9677505493164
"Kusini Pemba","Chake",2016,36.6765441894531
"Kusini Pemba","Chake",2017,31.6851463317871
"Kusini Pemba","Chake",2018,36.7016067504883
"Kusini Pemba","Chake",2019,43.5716972351074
"Kusini Pemba","Chake",2020,87.1798095703125
"Kusini Pemba","Chake",2021,136.597579956055
"Kusini Pemba","Chake",2022,178.324768066406
"Kusini Pemba","Chake",2023,239.344451904297
"Kusini Pemba","Chake",2024,222.628997802734
"Kusini Pemba","Mkoani",2012,8.53488445281982
"Kusini Pemba","Mkoani",2013,7.83451128005981
"Kusini Pemba","Mkoani",2014,5.46292448043823
"Kusini Pemba","Mkoani",2015,7.64667510986328
"Kusini Pemba","Mkoani",2016,7.11078786849976
"Kusini Pemba","Mkoani",2017,3.98742699623108
"Kusini Pemba","Mkoani",2018,3.2757031917572
"Kusini Pemba","Mkoani",2019,4.77849912643433
"Kusini Pemba","Mkoani",2020,20.8953762054443
"Kusini Pemba","Mkoani",2021,31.3792362213135
"Kusini Pemba","Mkoani",2022,36.6100692749023
"Kusini Pemba","Mkoani",2023,58.1129188537598
"Kusini Pemba","Mkoani",2024,41.6850814819336
"Kusini Unguja","Kati",2012,73.1414642333984
"Kusini Unguja","Kati",2013,56.1099967956543
"Kusini Unguja","Kati",2014,54.0228996276855
"Kusini Unguja","Kati",2015,58.9035949707031
"Kusini Unguja","Kati",2016,55.5504455566406
"Kusini Unguja","Kati",2017,63.195125579834
"Kusini Unguja","Kati",2018,65.8814697265625
"Kusini Unguja","Kati",2019,81.3342590332031
"Kusini Unguja","Kati",2020,104.55542755127
"Kusini Unguja","Kati",2021,237.392059326172
"Kusini Unguja","Kati",2022,405.066436767578
"Kusini Unguja","Kati",2023,608.693237304688
"Kusini Unguja","Kati",2024,833.441589355469
"Kusini Unguja","Kusini",2012,117.43327331543
"Kusini Unguja","Kusini",2013,110.693305969238
"Kusini Unguja","Kusini",2014,83.9582901000977
"Kusini Unguja","Kusini",2015,87.2521438598633
"Kusini Unguja","Kusini",2016,70.1878280639648
"Kusini Unguja","Kusini",2017,72.703010559082
"Kusini Unguja","Kusini",2018,79.4850006103516
"Kusini Unguja","Kusini",2019,89.8396530151367
"Kusini Unguja","Kusini",2020,64.9459609985352
"Kusini Unguja","Kusini",2021,167.28955078125
"Kusini Unguja","Kusini",2022,285.977386474609
"Kusini Unguja","Kusini",2023,459.178344726562
"Kusini Unguja","Kusini",2024,622.465026855469
"Lindi","Kilwa",2012,111.625473022461
"Lindi","Kilwa",2013,88.4739379882812
"Lindi","Kilwa",2014,94.607048034668
"Lindi","Kilwa",2015,197.343658447266
"Lindi","Kilwa",2016,212.365676879883
"Lindi","Kilwa",2017,216.784454345703
"Lindi","Kilwa",2018,97.723030090332
"Lindi","Kilwa",2019,156.083282470703
"Lindi","Kilwa",2020,162.259887695312
"Lindi","Kilwa",2021,203.401260375977
"Lindi","Kilwa",2022,273.012176513672
"Lindi","Kilwa",2023,313.385986328125
"Lindi","Kilwa",2024,315.373443603516
"Lindi","Lindi Rural",2012,3.33931684494019
"Lindi","Lindi Rural",2013,3.76836609840393
"Lindi","Lindi Rural",2014,5.73188591003418
"Lindi","Lindi Rural",2015,6.95855140686035
"Lindi","Lindi Rural",2016,1.94876384735107
"Lindi","Lindi Rural",2017,2.36454963684082
"Lindi","Lindi Rural",2018,7.06630277633667
"Lindi","Lindi Rural",2019,8.57795906066895
"Lindi","Lindi Rural",2020,8.36857128143311
"Lindi","Lindi Rural",2021,18.7379760742188
"Lindi","Lindi Rural",2022,36.9687767028809
"Lindi","Lindi Rural",2023,47.4081764221191
"Lindi","Lindi Rural",2024,50.5674858093262
"Lindi","Lindi Urban",2012,78.0431137084961
"Lindi","Lindi Urban",2013,82.0293350219727
"Lindi","Lindi Urban",2014,74.3896789550781
"Lindi","Lindi Urban",2015,81.5026321411133
"Lindi","Lindi Urban",2016,74.7646484375
"Lindi","Lindi Urban",2017,68.4585800170898
"Lindi","Lindi Urban",2018,75.5895004272461
"Lindi","Lindi Urban",2019,88.5210342407227
"Lindi","Lindi Urban",2020,88.3428039550781
"Lindi","Lindi Urban",2021,154.194931030273
"Lindi","Lindi Urban",2022,215.424209594727
"Lindi","Lindi Urban",2023,244.93928527832
"Lindi","Lindi Urban",2024,249.7978515625
"Lindi","Liwale",2012,0
"Lindi","Liwale",2013,11.6510944366455
"Lindi","Liwale",2014,9.04725933074951
"Lindi","Liwale",2015,14.2251138687134
"Lindi","Liwale",2016,12.72642993927
"Lindi","Liwale",2017,15.4671688079834
"Lindi","Liwale",2018,21.9030418395996
"Lindi","Liwale",2019,20.0121822357178
"Lindi","Liwale",2020,25.1869487762451
"Lindi","Liwale",2021,47.4853439331055
"Lindi","Liwale",2022,64.5521469116211
"Lindi","Liwale",2023,73.5739135742188
"Lindi","Liwale",2024,88.3321304321289
"Lindi","Nachingwea",2012,46.3634185791016
"Lindi","Nachingwea",2013,39.0730209350586
"Lindi","Nachingwea",2014,33.321964263916
"Lindi","Nachingwea",2015,30.8365631103516
"Lindi","Nachingwea",2016,26.9763107299805
"Lindi","Nachingwea",2017,19.2598781585693
"Lindi","Nachingwea",2018,33.836784362793
"Lindi","Nachingwea",2019,35.4035377502441
"Lindi","Nachingwea",2020,39.8190956115723
"Lindi","Nachingwea",2021,65.5367584228516
"Lindi","Nachingwea",2022,91.6379547119141
"Lindi","Nachingwea",2023,126.411476135254
"Lindi","Nachingwea",2024,132.223236083984
"Lindi","Ruangwa",2012,8.37744903564453
"Lindi","Ruangwa",2013,9.94679546356201
"Lindi","Ruangwa",2014,7.58502674102783
"Lindi","Ruangwa",2015,10.4605951309204
"Lindi","Ruangwa",2016,10.804557800293
"Lindi","Ruangwa",2017,10.3213968276978
"Lindi","Ruangwa",2018,18.0558986663818
"Lindi","Ruangwa",2019,30.479959487915
"Lindi","Ruangwa",2020,60.7302017211914
"Lindi","Ruangwa",2021,110.512275695801
"Lindi","Ruangwa",2022,144.971618652344
"Lindi","Ruangwa",2023,174.014663696289
"Lindi","Ruangwa",2024,162.484039306641
"Manyara","Babati",2012,36.6389350891113
"Manyara","Babati",2013,35.260498046875
"Manyara","Babati",2014,41.2526512145996
"Manyara","Babati",2015,35.9351463317871
"Manyara","Babati",2016,26.6212329864502
"Manyara","Babati",2017,36.8141746520996
"Manyara","Babati",2018,42.5401802062988
"Manyara","Babati",2019,29.893648147583
"Manyara","Babati",2020,32.0335731506348
"Manyara","Babati",2021,65.059211730957
"Manyara","Babati",2022,153.797790527344
"Manyara","Babati",2023,176.053573608398
"Manyara","Babati",2024,227.32373046875
"Manyara","Babati Urban",2012,88.2665710449219
"Manyara","Babati Urban",2013,93.0826568603516
"Manyara","Babati Urban",2014,112.419677734375
"Manyara","Babati Urban",2015,115.561676025391
"Manyara","Babati Urban",2016,125.325347900391
"Manyara","Babati Urban",2017,146.491333007812
"Manyara","Babati Urban",2018,141.817276000977
"Manyara","Babati Urban",2019,138.027679443359
"Manyara","Babati Urban",2020,155.782180786133
"Manyara","Babati Urban",2021,278.581237792969
"Manyara","Babati Urban",2022,413.535400390625
"Manyara","Babati Urban",2023,449.890930175781
"Manyara","Babati Urban",2024,531.836730957031
"Manyara","Hanang",2012,24.6611213684082
"Manyara","Hanang",2013,25.33251953125
"Manyara","Hanang",2014,27.634765625
"Manyara","Hanang",2015,28.0269889831543
"Manyara","Hanang",2016,21.405912399292
"Manyara","Hanang",2017,25.3098373413086
"Manyara","Hanang",2018,30.5759181976318
"Manyara","Hanang",2019,27.387996673584
"Manyara","Hanang",2020,37.8001556396484
"Manyara","Hanang",2021,64.4506683349609
"Manyara","Hanang",2022,121.641952514648
"Manyara","Hanang",2023,133.173889160156
"Manyara","Hanang",2024,152.013458251953
"Manyara","Kiteto",2012,27.504903793335
"Manyara","Kiteto",2013,36.4596366882324
"Manyara","Kiteto",2014,42.183536529541
"Manyara","Kiteto",2015,46.1014556884766
"Manyara","Kiteto",2016,48.2233085632324
"Manyara","Kiteto",2017,56.5967674255371
"Manyara","Kiteto",2018,48.0194511413574
"Manyara","Kiteto",2019,43.7128143310547
"Manyara","Kiteto",2020,40.8838577270508
"Manyara","Kiteto",2021,60.331974029541
"Manyara","Kiteto",2022,132.082214355469
"Manyara","Kiteto",2023,192.823471069336
"Manyara","Kiteto",2024,178.655075073242
"Manyara","Lake Manyara",2012,0
"Manyara","Lake Manyara",2013,0
"Manyara","Lake Manyara",2014,0
"Manyara","Lake Manyara",2015,0
"Manyara","Lake Manyara",2016,0
"Manyara","Lake Manyara",2017,0
"Manyara","Lake Manyara",2018,0
"Manyara","Lake Manyara",2019,0
"Manyara","Lake Manyara",2020,0
"Manyara","Lake Manyara",2021,0
"Manyara","Lake Manyara",2022,0
"Manyara","Lake Manyara",2023,0
"Manyara","Lake Manyara",2024,0
"Manyara","Mbulu",2012,39.9412117004395
"Manyara","Mbulu",2013,37.3202590942383
"Manyara","Mbulu",2014,45.2109603881836
"Manyara","Mbulu",2015,45.8188858032227
"Manyara","Mbulu",2016,38.4989128112793
"Manyara","Mbulu",2017,37.860523223877
"Manyara","Mbulu",2018,49.7254943847656
"Manyara","Mbulu",2019,54.6329231262207
"Manyara","Mbulu",2020,58.1895980834961
"Manyara","Mbulu",2021,102.988441467285
"Manyara","Mbulu",2022,154.704559326172
"Manyara","Mbulu",2023,167.627166748047
"Manyara","Mbulu",2024,201.051055908203
"Manyara","Simanjiro",2012,131.615097045898
"Manyara","Simanjiro",2013,120.127250671387
"Manyara","Simanjiro",2014,112.587394714355
"Manyara","Simanjiro",2015,112.052856445312
"Manyara","Simanjiro",2016,106.465629577637
"Manyara","Simanjiro",2017,109.737411499023
"Manyara","Simanjiro",2018,92.4056854248047
"Manyara","Simanjiro",2019,72.4125442504883
"Manyara","Simanjiro",2020,115.936447143555
"Manyara","Simanjiro",2021,304.996063232422
"Manyara","Simanjiro",2022,447.182586669922
"Manyara","Simanjiro",2023,492.377990722656
"Manyara","Simanjiro",2024,496.055480957031
"Mara","Bunda",2012,68.0830841064453
"Mara","Bunda",2013,74.4929046630859
"Mara","Bunda",2014,77.2062377929688
"Mara","Bunda",2015,95.2842025756836
"Mara","Bunda",2016,92.4554214477539
"Mara","Bunda",2017,105.599006652832
"Mara","Bunda",2018,115.006332397461
"Mara","Bunda",2019,110.893890380859
"Mara","Bunda",2020,135.680541992188
"Mara","Bunda",2021,252.380996704102
"Mara","Bunda",2022,346.814544677734
"Mara","Bunda",2023,495.293487548828
"Mara","Bunda",2024,621.026489257812
"Mara","Butiama",2012,21.5890254974365
"Mara","Butiama",2013,19.1541023254395
"Mara","Butiama",2014,15.5119695663452
"Mara","Butiama",2015,19.0369262695312
"Mara","Butiama",2016,12.9416189193726
"Mara","Butiama",2017,17.7288188934326
"Mara","Butiama",2018,16.249683380127
"Mara","Butiama",2019,21.7028484344482
"Mara","Butiama",2020,18.2481575012207
"Mara","Butiama",2021,66.6804656982422
"Mara","Butiama",2022,132.793899536133
"Mara","Butiama",2023,277.182067871094
"Mara","Butiama",2024,258.932769775391
"Mara","Lake Victoria",2012,23.3933963775635
"Mara","Lake Victoria",2013,18.6899242401123
"Mara","Lake Victoria",2014,21.5622081756592
"Mara","Lake Victoria",2015,21.8503665924072
"Mara","Lake Victoria",2016,16.0306491851807
"Mara","Lake Victoria",2017,17.7747459411621
"Mara","Lake Victoria",2018,22.4460182189941
"Mara","Lake Victoria",2019,22.1848545074463
"Mara","Lake Victoria",2020,29.1885280609131
"Mara","Lake Victoria",2021,38.4500961303711
"Mara","Lake Victoria",2022,65.8362731933594
"Mara","Lake Victoria",2023,101.251899719238
"Mara","Lake Victoria",2024,94.540412902832
"Mara","Musoma Rural",2012,0
"Mara","Musoma Rural",2013,0
"Mara","Musoma Rural",2014,0.512664496898651
"Mara","Musoma Rural",2015,3.51490592956543
"Mara","Musoma Rural",2016,6.11060047149658
"Mara","Musoma Rural",2017,9.54162693023682
"Mara","Musoma Rural",2018,4.32697010040283
"Mara","Musoma Rural",2019,0
"Mara","Musoma Rural",2020,12.2072019577026
"Mara","Musoma Rural",2021,15.3823413848877
"Mara","Musoma Rural",2022,29.572961807251
"Mara","Musoma Rural",2023,65.6097106933594
"Mara","Musoma Rural",2024,30.8463039398193
"Mara","Musoma Urban",2012,215.218963623047
"Mara","Musoma Urban",2013,200.107208251953
"Mara","Musoma Urban",2014,201.407943725586
"Mara","Musoma Urban",2015,204.847091674805
"Mara","Musoma Urban",2016,203.675659179688
"Mara","Musoma Urban",2017,231.26530456543
"Mara","Musoma Urban",2018,251.19140625
"Mara","Musoma Urban",2019,260.903778076172
"Mara","Musoma Urban",2020,299.787902832031
"Mara","Musoma Urban",2021,367.760803222656
"Mara","Musoma Urban",2022,480.684814453125
"Mara","Musoma Urban",2023,561.994934082031
"Mara","Musoma Urban",2024,634.847778320312
"Mara","Rorya",2012,3.28519511222839
"Mara","Rorya",2013,4.42914056777954
"Mara","Rorya",2014,4.58944272994995
"Mara","Rorya",2015,4.32199382781982
"Mara","Rorya",2016,4.44546842575073
"Mara","Rorya",2017,8.4560079574585
"Mara","Rorya",2018,8.09056186676025
"Mara","Rorya",2019,9.61787700653076
"Mara","Rorya",2020,10.1035242080688
"Mara","Rorya",2021,24.9992713928223
"Mara","Rorya",2022,56.9982070922852
"Mara","Rorya",2023,104.200881958008
"Mara","Rorya",2024,123.513397216797
"Mara","Serengeti",2012,18.5350646972656
"Mara","Serengeti",2013,23.7623386383057
"Mara","Serengeti",2014,28.5771007537842
"Mara","Serengeti",2015,27.3508319854736
"Mara","Serengeti",2016,29.3672943115234
"Mara","Serengeti",2017,33.8243637084961
"Mara","Serengeti",2018,39.840633392334
"Mara","Serengeti",2019,38.5100898742676
"Mara","Serengeti",2020,42.1675567626953
"Mara","Serengeti",2021,70.0974578857422
"Mara","Serengeti",2022,106.026321411133
"Mara","Serengeti",2023,172.27409362793
"Mara","Serengeti",2024,245.842422485352
"Mara","Tarime",2012,635.177062988281
"Mara","Tarime",2013,662.96044921875
"Mara","Tarime",2014,766.780090332031
"Mara","Tarime",2015,785.119995117188
"Mara","Tarime",2016,728.934387207031
"Mara","Tarime",2017,923.612609863281
"Mara","Tarime",2018,1002.09484863281
"Mara","Tarime",2019,989.336975097656
"Mara","Tarime",2020,779.594299316406
"Mara","Tarime",2021,905.943420410156
"Mara","Tarime",2022,1117.20446777344
"Mara","Tarime",2023,1427.14147949219
"Mara","Tarime",2024,1657.43469238281
"Mbeya","Chunya",2012,46.9779167175293
"Mbeya","Chunya",2013,117.352836608887
"Mbeya","Chunya",2014,66.0620574951172
"Mbeya","Chunya",2015,59.6100425720215
"Mbeya","Chunya",2016,70.6512908935547
"Mbeya","Chunya",2017,81.9037094116211
"Mbeya","Chunya",2018,102.552795410156
"Mbeya","Chunya",2019,127.660385131836
"Mbeya","Chunya",2020,170.87727355957
"Mbeya","Chunya",2021,312.070404052734
"Mbeya","Chunya",2022,507.494812011719
"Mbeya","Chunya",2023,724.876220703125
"Mbeya","Chunya",2024,997.816040039062
"Mbeya","Kyela",2012,63.5548896789551
"Mbeya","Kyela",2013,66.5145874023438
"Mbeya","Kyela",2014,58.7240867614746
"Mbeya","Kyela",2015,71.8345336914062
"Mbeya","Kyela",2016,94.5115661621094
"Mbeya","Kyela",2017,99.5836181640625
"Mbeya","Kyela",2018,98.639274597168
"Mbeya","Kyela",2019,133.170913696289
"Mbeya","Kyela",2020,147.822845458984
"Mbeya","Kyela",2021,197.635330200195
"Mbeya","Kyela",2022,316.117584228516
"Mbeya","Kyela",2023,366.293853759766
"Mbeya","Kyela",2024,495.885223388672
"Mbeya","Mbarali",2012,86.210090637207
"Mbeya","Mbarali",2013,82.4778671264648
"Mbeya","Mbarali",2014,92.4394073486328
"Mbeya","Mbarali",2015,110.339286804199
"Mbeya","Mbarali",2016,135.679916381836
"Mbeya","Mbarali",2017,161.633392333984
"Mbeya","Mbarali",2018,173.668975830078
"Mbeya","Mbarali",2019,178.943450927734
"Mbeya","Mbarali",2020,234.797286987305
"Mbeya","Mbarali",2021,369.863952636719
"Mbeya","Mbarali",2022,576.070190429688
"Mbeya","Mbarali",2023,739.804809570312
"Mbeya","Mbarali",2024,770.497619628906
"Mbeya","Mbeya Rural",2012,138.889114379883
"Mbeya","Mbeya Rural",2013,140.972198486328
"Mbeya","Mbeya Rural",2014,130.970489501953
"Mbeya","Mbeya Rural",2015,160.038467407227
"Mbeya","Mbeya Rural",2016,197.523452758789
"Mbeya","Mbeya Rural",2017,181.28076171875
"Mbeya","Mbeya Rural",2018,201.836578369141
"Mbeya","Mbeya Rural",2019,190.5546875
"Mbeya","Mbeya Rural",2020,238.903335571289
"Mbeya","Mbeya Rural",2021,357.194244384766
"Mbeya","Mbeya Rural",2022,478.131866455078
"Mbeya","Mbeya Rural",2023,604.71484375
"Mbeya","Mbeya Rural",2024,725.684936523438
"Mbeya","Mbeya Urban",2012,829.856201171875
"Mbeya","Mbeya Urban",2013,829.025085449219
"Mbeya","Mbeya Urban",2014,830.296997070312
"Mbeya","Mbeya Urban",2015,901.968505859375
"Mbeya","Mbeya Urban",2016,978.046081542969
"Mbeya","Mbeya Urban",2017,1009.28582763672
"Mbeya","Mbeya Urban",2018,1133.7880859375
"Mbeya","Mbeya Urban",2019,1240.33874511719
"Mbeya","Mbeya Urban",2020,1441.75927734375
"Mbeya","Mbeya Urban",2021,1933.26806640625
"Mbeya","Mbeya Urban",2022,2368.38208007812
"Mbeya","Mbeya Urban",2023,2807.66137695312
"Mbeya","Mbeya Urban",2024,3313.0478515625
"Mbeya","Rungwe",2012,37.4851760864258
"Mbeya","Rungwe",2013,41.8572044372559
"Mbeya","Rungwe",2014,40.0584106445312
"Mbeya","Rungwe",2015,44.1401634216309
"Mbeya","Rungwe",2016,35.8748054504395
"Mbeya","Rungwe",2017,28.8084449768066
"Mbeya","Rungwe",2018,37.2332954406738
"Mbeya","Rungwe",2019,34.8005752563477
"Mbeya","Rungwe",2020,53.5819053649902
"Mbeya","Rungwe",2021,107.118202209473
"Mbeya","Rungwe",2022,200.257919311523
"Mbeya","Rungwe",2023,255.076843261719
"Mbeya","Rungwe",2024,246.390487670898
"Mjini Magharibi","Magharibi A",2012,282.720764160156
"Mjini Magharibi","Magharibi A",2013,263.992889404297
"Mjini Magharibi","Magharibi A",2014,259.023376464844
"Mjini Magharibi","Magharibi A",2015,273.665466308594
"Mjini Magharibi","Magharibi A",2016,292.549865722656
"Mjini Magharibi","Magharibi A",2017,315.311401367188
"Mjini Magharibi","Magharibi A",2018,341.367980957031
"Mjini Magharibi","Magharibi A",2019,397.485656738281
"Mjini Magharibi","Magharibi A",2020,495.954193115234
"Mjini Magharibi","Magharibi A",2021,840.727233886719
"Mjini Magharibi","Magharibi A",2022,960.780578613281
"Mjini Magharibi","Magharibi A",2023,1207.61083984375
"Mjini Magharibi","Magharibi A",2024,1445.65441894531
"Mjini Magharibi","Magharibi B",2012,519.02197265625
"Mjini Magharibi","Magharibi B",2013,500.578155517578
"Mjini Magharibi","Magharibi B",2014,559.105712890625
"Mjini Magharibi","Magharibi B",2015,603.115844726562
"Mjini Magharibi","Magharibi B",2016,635.233581542969
"Mjini Magharibi","Magharibi B",2017,671.641296386719
"Mjini Magharibi","Magharibi B",2018,827.8095703125
"Mjini Magharibi","Magharibi B",2019,928.880432128906
"Mjini Magharibi","Magharibi B",2020,1208.90344238281
"Mjini Magharibi","Magharibi B",2021,1776.19812011719
"Mjini Magharibi","Magharibi B",2022,2134.97216796875
"Mjini Magharibi","Magharibi B",2023,2395.7119140625
"Mjini Magharibi","Magharibi B",2024,2827.03295898438
"Mjini Magharibi","Mjini",2012,396.74267578125
"Mjini Magharibi","Mjini",2013,368.746765136719
"Mjini Magharibi","Mjini",2014,340.739868164062
"Mjini Magharibi","Mjini",2015,322.879547119141
"Mjini Magharibi","Mjini",2016,373.655151367188
"Mjini Magharibi","Mjini",2017,436.889892578125
"Mjini Magharibi","Mjini",2018,439.023101806641
"Mjini Magharibi","Mjini",2019,434.394439697266
"Mjini Magharibi","Mjini",2020,514.381774902344
"Mjini Magharibi","Mjini",2021,779.92529296875
"Mjini Magharibi","Mjini",2022,801.042663574219
"Mjini Magharibi","Mjini",2023,916.430908203125
"Mjini Magharibi","Mjini",2024,925.290466308594
"Morogoro","Gairo",2012,22.1111583709717
"Morogoro","Gairo",2013,27.5310020446777
"Morogoro","Gairo",2014,47.944637298584
"Morogoro","Gairo",2015,48.6725311279297
"Morogoro","Gairo",2016,52.3078880310059
"Morogoro","Gairo",2017,51.7985992431641
"Morogoro","Gairo",2018,49.7659568786621
"Morogoro","Gairo",2019,57.7633209228516
"Morogoro","Gairo",2020,60.9356727600098
"Morogoro","Gairo",2021,102.857070922852
"Morogoro","Gairo",2022,168.11669921875
"Morogoro","Gairo",2023,249.389907836914
"Morogoro","Gairo",2024,286.809387207031
"Morogoro","Kilombero",2012,186.193511962891
"Morogoro","Kilombero",2013,209.60383605957
"Morogoro","Kilombero",2014,211.068466186523
"Morogoro","Kilombero",2015,278.81787109375
"Morogoro","Kilombero",2016,249.377578735352
"Morogoro","Kilombero",2017,325.365936279297
"Morogoro","Kilombero",2018,336.780303955078
"Morogoro","Kilombero",2019,295.315338134766
"Morogoro","Kilombero",2020,372.126678466797
"Morogoro","Kilombero",2021,574.462036132812
"Morogoro","Kilombero",2022,791.886169433594
"Morogoro","Kilombero",2023,1025.126953125
"Morogoro","Kilombero",2024,1062.87756347656
"Morogoro","Kilosa",2012,179.890350341797
"Morogoro","Kilosa",2013,191.827346801758
"Morogoro","Kilosa",2014,156.210891723633
"Morogoro","Kilosa",2015,203.627380371094
"Morogoro","Kilosa",2016,193.944763183594
"Morogoro","Kilosa",2017,215.402236938477
"Morogoro","Kilosa",2018,268.617736816406
"Morogoro","Kilosa",2019,298.253479003906
"Morogoro","Kilosa",2020,447.802032470703
"Morogoro","Kilosa",2021,608.211303710938
"Morogoro","Kilosa",2022,784.707458496094
"Morogoro","Kilosa",2023,923.6494140625
"Morogoro","Kilosa",2024,878.577026367188
"Morogoro","Morogoro Rural",2012,72.4716567993164
"Morogoro","Morogoro Rural",2013,73.8363571166992
"Morogoro","Morogoro Rural",2014,57.5604705810547
"Morogoro","Morogoro Rural",2015,79.825569152832
"Morogoro","Morogoro Rural",2016,73.5284881591797
"Morogoro","Morogoro Rural",2017,59.1774597167969
"Morogoro","Morogoro Rural",2018,87.5311889648438
"Morogoro","Morogoro Rural",2019,110.506874084473
"Morogoro","Morogoro Rural",2020,147.671920776367
"Morogoro","Morogoro Rural",2021,240.404479980469
"Morogoro","Morogoro Rural",2022,303.384368896484
"Morogoro","Morogoro Rural",2023,497.121520996094
"Morogoro","Morogoro Rural",2024,527.734191894531
"Morogoro","Morogoro Urban",2012,887.374450683594
"Morogoro","Morogoro Urban",2013,930.55859375
"Morogoro","Morogoro Urban",2014,936.865051269531
"Morogoro","Morogoro Urban",2015,1045.81494140625
"Morogoro","Morogoro Urban",2016,1049.29602050781
"Morogoro","Morogoro Urban",2017,1099.59558105469
"Morogoro","Morogoro Urban",2018,1139.17297363281
"Morogoro","Morogoro Urban",2019,1252.86193847656
"Morogoro","Morogoro Urban",2020,1455.88720703125
"Morogoro","Morogoro Urban",2021,1918.55151367188
"Morogoro","Morogoro Urban",2022,2283.5400390625
"Morogoro","Morogoro Urban",2023,2694.984375
"Morogoro","Morogoro Urban",2024,2935.88940429688
"Morogoro","Mvomero",2012,123.418594360352
"Morogoro","Mvomero",2013,113.305595397949
"Morogoro","Mvomero",2014,105.189720153809
"Morogoro","Mvomero",2015,78.0418472290039
"Morogoro","Mvomero",2016,105.900741577148
"Morogoro","Mvomero",2017,82.0970916748047
"Morogoro","Mvomero",2018,109.589233398438
"Morogoro","Mvomero",2019,111.616081237793
"Morogoro","Mvomero",2020,143.917068481445
"Morogoro","Mvomero",2021,206.135925292969
"Morogoro","Mvomero",2022,343.944000244141
"Morogoro","Mvomero",2023,521.036865234375
"Morogoro","Mvomero",2024,486.275543212891
"Morogoro","Ulanga",2012,17.7568950653076
"Morogoro","Ulanga",2013,17.5824108123779
"Morogoro","Ulanga",2014,16.2493019104004
"Morogoro","Ulanga",2015,21.4025173187256
"Morogoro","Ulanga",2016,25.0294380187988
"Morogoro","Ulanga",2017,32.6615371704102
"Morogoro","Ulanga",2018,30.3328971862793
"Morogoro","Ulanga",2019,19.9398670196533
"Morogoro","Ulanga",2020,23.8979835510254
"Morogoro","Ulanga",2021,46.1082954406738
"Morogoro","Ulanga",2022,120.530403137207
"Morogoro","Ulanga",2023,148.037750244141
"Morogoro","Ulanga",2024,178.402679443359
"Mtwara","Masasi",2012,7.62220621109009
"Mtwara","Masasi",2013,6.88517332077026
"Mtwara","Masasi",2014,7.12512493133545
"Mtwara","Masasi",2015,9.42831134796143
"Mtwara","Masasi",2016,9.90816879272461
"Mtwara","Masasi",2017,7.52806901931763
"Mtwara","Masasi",2018,10.6964073181152
"Mtwara","Masasi",2019,8.80041217803955
"Mtwara","Masasi",2020,12.7653703689575
"Mtwara","Masasi",2021,27.0883712768555
"Mtwara","Masasi",2022,39.8046646118164
"Mtwara","Masasi",2023,51.017147064209
"Mtwara","Masasi",2024,67.4739990234375
"Mtwara","Masasi Town",2012,99.3444061279297
"Mtwara","Masasi Town",2013,99.3190460205078
"Mtwara","Masasi Town",2014,99.5937194824219
"Mtwara","Masasi Town",2015,101.904975891113
"Mtwara","Masasi Town",2016,111.588645935059
"Mtwara","Masasi Town",2017,97.8519744873047
"Mtwara","Masasi Town",2018,121.294578552246
"Mtwara","Masasi Town",2019,128.769058227539
"Mtwara","Masasi Town",2020,166.479309082031
"Mtwara","Masasi Town",2021,268.915924072266
"Mtwara","Masasi Town",2022,341.309173583984
"Mtwara","Masasi Town",2023,372.867645263672
"Mtwara","Masasi Town",2024,405.710357666016
"Mtwara","Mtwara Rural",2012,12.7420530319214
"Mtwara","Mtwara Rural",2013,12.1742858886719
"Mtwara","Mtwara Rural",2014,195.394424438477
"Mtwara","Mtwara Rural",2015,337.595092773438
"Mtwara","Mtwara Rural",2016,577.140441894531
"Mtwara","Mtwara Rural",2017,372.305938720703
"Mtwara","Mtwara Rural",2018,274.425720214844
"Mtwara","Mtwara Rural",2019,349.520843505859
"Mtwara","Mtwara Rural",2020,390.225372314453
"Mtwara","Mtwara Rural",2021,375.887176513672
"Mtwara","Mtwara Rural",2022,446.653625488281
"Mtwara","Mtwara Rural",2023,433.162811279297
"Mtwara","Mtwara Rural",2024,434.923370361328
"Mtwara","Mtwara Urban",2012,356.914916992188
"Mtwara","Mtwara Urban",2013,421.580596923828
"Mtwara","Mtwara Urban",2014,599.964172363281
"Mtwara","Mtwara Urban",2015,572.419616699219
"Mtwara","Mtwara Urban",2016,497.831512451172
"Mtwara","Mtwara Urban",2017,545.746032714844
"Mtwara","Mtwara Urban",2018,588.884521484375
"Mtwara","Mtwara Urban",2019,619.537414550781
"Mtwara","Mtwara Urban",2020,624.829284667969
"Mtwara","Mtwara Urban",2021,631.288208007812
"Mtwara","Mtwara Urban",2022,769.599060058594
"Mtwara","Mtwara Urban",2023,874.299438476562
"Mtwara","Mtwara Urban",2024,973.838928222656
"Mtwara","Nanyumbu",2012,0
"Mtwara","Nanyumbu",2013,0
"Mtwara","Nanyumbu",2014,3.77388548851013
"Mtwara","Nanyumbu",2015,7.88993835449219
"Mtwara","Nanyumbu",2016,6.50399589538574
"Mtwara","Nanyumbu",2017,7.87409400939941
"Mtwara","Nanyumbu",2018,9.47784614562988
"Mtwara","Nanyumbu",2019,8.02895355224609
"Mtwara","Nanyumbu",2020,14.6210975646973
"Mtwara","Nanyumbu",2021,35.2075691223145
"Mtwara","Nanyumbu",2022,48.8158073425293
"Mtwara","Nanyumbu",2023,65.3405380249023
"Mtwara","Nanyumbu",2024,61.6566848754883
"Mtwara","Newala",2012,29.7564888000488
"Mtwara","Newala",2013,33.4188346862793
"Mtwara","Newala",2014,33.4435234069824
"Mtwara","Newala",2015,37.894775390625
"Mtwara","Newala",2016,33.0932540893555
"Mtwara","Newala",2017,29.7486553192139
"Mtwara","Newala",2018,37.5861701965332
"Mtwara","Newala",2019,32.9103584289551
"Mtwara","Newala",2020,38.2438774108887
"Mtwara","Newala",2021,69.6369400024414
"Mtwara","Newala",2022,104.538024902344
"Mtwara","Newala",2023,117.52140045166
"Mtwara","Newala",2024,97.6624145507812
"Mtwara","Tandahimba",2012,18.0552787780762
"Mtwara","Tandahimba",2013,20.7721424102783
"Mtwara","Tandahimba",2014,26.9239196777344
"Mtwara","Tandahimba",2015,29.0672264099121
"Mtwara","Tandahimba",2016,36.2044982910156
"Mtwara","Tandahimba",2017,45.7111511230469
"Mtwara","Tandahimba",2018,62.3050918579102
"Mtwara","Tandahimba",2019,57.0912590026855
"Mtwara","Tandahimba",2020,53.2393341064453
"Mtwara","Tandahimba",2021,90.8063659667969
"Mtwara","Tandahimba",2022,148.631759643555
"Mtwara","Tandahimba",2023,150.897613525391
"Mtwara","Tandahimba",2024,167.178512573242
"Mwanza","Ilemela",2012,690.8173828125
"Mwanza","Ilemela",2013,743.509643554688
"Mwanza","Ilemela",2014,755.716735839844
"Mwanza","Ilemela",2015,833.074829101562
"Mwanza","Ilemela",2016,900.208557128906
"Mwanza","Ilemela",2017,954.680419921875
"Mwanza","Ilemela",2018,1020.16241455078
"Mwanza","Ilemela",2019,1137.92687988281
"Mwanza","Ilemela",2020,1487.89990234375
"Mwanza","Ilemela",2021,1972.36108398438
"Mwanza","Ilemela",2022,2459.01489257812
"Mwanza","Ilemela",2023,2849.5771484375
"Mwanza","Ilemela",2024,3241.39672851562
"Mwanza","Kwimba",2012,19.2353096008301
"Mwanza","Kwimba",2013,14.3905925750732
"Mwanza","Kwimba",2014,15.755012512207
"Mwanza","Kwimba",2015,20.412561416626
"Mwanza","Kwimba",2016,21.4435043334961
"Mwanza","Kwimba",2017,25.8716468811035
"Mwanza","Kwimba",2018,27.1099052429199
"Mwanza","Kwimba",2019,23.3390254974365
"Mwanza","Kwimba",2020,30.1880073547363
"Mwanza","Kwimba",2021,65.2306747436523
"Mwanza","Kwimba",2022,134.090347290039
"Mwanza","Kwimba",2023,190.657470703125
"Mwanza","Kwimba",2024,185.704406738281
"Mwanza","Lake Victoria",2012,116.421905517578
"Mwanza","Lake Victoria",2013,96.0439605712891
"Mwanza","Lake Victoria",2014,79.1763229370117
"Mwanza","Lake Victoria",2015,78.9457092285156
"Mwanza","Lake Victoria",2016,64.3388900756836
"Mwanza","Lake Victoria",2017,62.8373489379883
"Mwanza","Lake Victoria",2018,64.1636810302734
"Mwanza","Lake Victoria",2019,66.8539047241211
"Mwanza","Lake Victoria",2020,79.6351470947266
"Mwanza","Lake Victoria",2021,136.101547241211
"Mwanza","Lake Victoria",2022,220.993743896484
"Mwanza","Lake Victoria",2023,272.564453125
"Mwanza","Lake Victoria",2024,263.874725341797
"Mwanza","Magu",2012,44.8649406433105
"Mwanza","Magu",2013,52.3061103820801
"Mwanza","Magu",2014,65.2518615722656
"Mwanza","Magu",2015,68.4185256958008
"Mwanza","Magu",2016,75.3566436767578
"Mwanza","Magu",2017,85.4110488891602
"Mwanza","Magu",2018,99.2990951538086
"Mwanza","Magu",2019,118.210639953613
"Mwanza","Magu",2020,192.614562988281
"Mwanza","Magu",2021,335.343841552734
"Mwanza","Magu",2022,513.594360351562
"Mwanza","Magu",2023,717.978454589844
"Mwanza","Magu",2024,899.945739746094
"Mwanza","Misungwi",2012,36.2401733398438
"Mwanza","Misungwi",2013,41.0843238830566
"Mwanza","Misungwi",2014,45.4814453125
"Mwanza","Misungwi",2015,58.4809112548828
"Mwanza","Misungwi",2016,58.1317710876465
"Mwanza","Misungwi",2017,67.5197677612305
"Mwanza","Misungwi",2018,75.5724258422852
"Mwanza","Misungwi",2019,84.6385803222656
"Mwanza","Misungwi",2020,161.726928710938
"Mwanza","Misungwi",2021,290.401794433594
"Mwanza","Misungwi",2022,466.788696289062
"Mwanza","Misungwi",2023,664.237365722656
"Mwanza","Misungwi",2024,774.854064941406
"Mwanza","Nyamagana",2012,828.067749023438
"Mwanza","Nyamagana",2013,874.433349609375
"Mwanza","Nyamagana",2014,859.328063964844
"Mwanza","Nyamagana",2015,930.941589355469
"Mwanza","Nyamagana",2016,986.507873535156
"Mwanza","Nyamagana",2017,1022.87274169922
"Mwanza","Nyamagana",2018,1119.54138183594
"Mwanza","Nyamagana",2019,1271.07604980469
"Mwanza","Nyamagana",2020,1615.46838378906
"Mwanza","Nyamagana",2021,2187.61206054688
"Mwanza","Nyamagana",2022,2599.00317382812
"Mwanza","Nyamagana",2023,2997.40063476562
"Mwanza","Nyamagana",2024,3374.46020507812
"Mwanza","Sengerema",2012,58.3429908752441
"Mwanza","Sengerema",2013,64.9920883178711
"Mwanza","Sengerema",2014,67.6620330810547
"Mwanza","Sengerema",2015,91.9675598144531
"Mwanza","Sengerema",2016,102.100761413574
"Mwanza","Sengerema",2017,106.031845092773
"Mwanza","Sengerema",2018,99.6895217895508
"Mwanza","Sengerema",2019,112.184951782227
"Mwanza","Sengerema",2020,132.598083496094
"Mwanza","Sengerema",2021,235.926803588867
"Mwanza","Sengerema",2022,332.605590820312
"Mwanza","Sengerema",2023,439.373779296875
"Mwanza","Sengerema",2024,450.062103271484
"Mwanza","Ukerewe",2012,11.7368545532227
"Mwanza","Ukerewe",2013,13.5820732116699
"Mwanza","Ukerewe",2014,17.5285129547119
"Mwanza","Ukerewe",2015,23.7675914764404
"Mwanza","Ukerewe",2016,25.7819557189941
"Mwanza","Ukerewe",2017,29.4219436645508
"Mwanza","Ukerewe",2018,17.3772258758545
"Mwanza","Ukerewe",2019,27.7594356536865
"Mwanza","Ukerewe",2020,35.2695579528809
"Mwanza","Ukerewe",2021,55.7772560119629
"Mwanza","Ukerewe",2022,87.0341720581055
"Mwanza","Ukerewe",2023,122.100204467773
"Mwanza","Ukerewe",2024,123.815353393555
"Njombe","Ludewa",2012,5.27362203598022
"Njombe","Ludewa",2013,7.03593683242798
"Njombe","Ludewa",2014,9.06472778320312
"Njombe","Ludewa",2015,10.7014026641846
"Njombe","Ludewa",2016,11.8487358093262
"Njombe","Ludewa",2017,10.3315725326538
"Njombe","Ludewa",2018,10.6823644638062
"Njombe","Ludewa",2019,10.9565706253052
"Njombe","Ludewa",2020,12.6153440475464
"Njombe","Ludewa",2021,27.1361522674561
"Njombe","Ludewa",2022,44.78759765625
"Njombe","Ludewa",2023,52.2672538757324
"Njombe","Ludewa",2024,68.7281341552734
"Njombe","Makambako Town",2012,114.402038574219
"Njombe","Makambako Town",2013,130.890594482422
"Njombe","Makambako Town",2014,143.250686645508
"Njombe","Makambako Town",2015,150.484069824219
"Njombe","Makambako Town",2016,155.794952392578
"Njombe","Makambako Town",2017,180.496231079102
"Njombe","Makambako Town",2018,203.563262939453
"Njombe","Makambako Town",2019,301.818206787109
"Njombe","Makambako Town",2020,351.117980957031
"Njombe","Makambako Town",2021,494.767364501953
"Njombe","Makambako Town",2022,628.75927734375
"Njombe","Makambako Town",2023,745.100769042969
"Njombe","Makambako Town",2024,869.414489746094
"Njombe","Makete",2012,1.18492484092712
"Njombe","Makete",2013,2.41664171218872
"Njombe","Makete",2014,3.53092408180237
"Njombe","Makete",2015,3.91629981994629
"Njombe","Makete",2016,3.82257008552551
"Njombe","Makete",2017,6.54072856903076
"Njombe","Makete",2018,6.91864061355591
"Njombe","Makete",2019,11.0663547515869
"Njombe","Makete",2020,9.4591588973999
"Njombe","Makete",2021,22.0279712677002
"Njombe","Makete",2022,34.0465507507324
"Njombe","Makete",2023,48.4541969299316
"Njombe","Makete",2024,55.9175033569336
"Njombe","Njombe Rural",2012,4.10253143310547
"Njombe","Njombe Rural",2013,2.66356539726257
"Njombe","Njombe Rural",2014,2.56369209289551
"Njombe","Njombe Rural",2015,1.75791072845459
"Njombe","Njombe Rural",2016,1.79536461830139
"Njombe","Njombe Rural",2017,1.27190256118774
"Njombe","Njombe Rural",2018,2.36980628967285
"Njombe","Njombe Rural",2019,1.0579708814621
"Njombe","Njombe Rural",2020,4.01430559158325
"Njombe","Njombe Rural",2021,11.514591217041
"Njombe","Njombe Rural",2022,38.2863235473633
"Njombe","Njombe Rural",2023,58.4048461914062
"Njombe","Njombe Rural",2024,53.586498260498
"Njombe","Njombe Urban",2012,88.2388153076172
"Njombe","Njombe Urban",2013,90.5673141479492
"Njombe","Njombe Urban",2014,104.169425964355
"Njombe","Njombe Urban",2015,95.8367004394531
"Njombe","Njombe Urban",2016,107.037734985352
"Njombe","Njombe Urban",2017,145.766555786133
"Njombe","Njombe Urban",2018,150.452423095703
"Njombe","Njombe Urban",2019,189.944061279297
"Njombe","Njombe Urban",2020,250.666000366211
"Njombe","Njombe Urban",2021,345.287139892578
"Njombe","Njombe Urban",2022,492.276580810547
"Njombe","Njombe Urban",2023,633.127685546875
"Njombe","Njombe Urban",2024,702.533203125
"Njombe","Wanging'ombe",2012,7.78887224197388
"Njombe","Wanging'ombe",2013,7.04049587249756
"Njombe","Wanging'ombe",2014,10.9839744567871
"Njombe","Wanging'ombe",2015,10.5059003829956
"Njombe","Wanging'ombe",2016,10.9563312530518
"Njombe","Wanging'ombe",2017,13.5799245834351
"Njombe","Wanging'ombe",2018,15.9093818664551
"Njombe","Wanging'ombe",2019,14.3532228469849
"Njombe","Wanging'ombe",2020,20.5142936706543
"Njombe","Wanging'ombe",2021,40.4116744995117
"Njombe","Wanging'ombe",2022,89.5654983520508
"Njombe","Wanging'ombe",2023,145.136627197266
"Njombe","Wanging'ombe",2024,141.312210083008
"Pwani","Bagamoyo",2012,283.453186035156
"Pwani","Bagamoyo",2013,293.413024902344
"Pwani","Bagamoyo",2014,287.383636474609
"Pwani","Bagamoyo",2015,406.629547119141
"Pwani","Bagamoyo",2016,496.833923339844
"Pwani","Bagamoyo",2017,526.076904296875
"Pwani","Bagamoyo",2018,660.950439453125
"Pwani","Bagamoyo",2019,683.289672851562
"Pwani","Bagamoyo",2020,818.403076171875
"Pwani","Bagamoyo",2021,1314.56396484375
"Pwani","Bagamoyo",2022,2173.04150390625
"Pwani","Bagamoyo",2023,2967.49072265625
"Pwani","Bagamoyo",2024,3277.60034179688
"Pwani","Kibaha",2012,56.7144622802734
"Pwani","Kibaha",2013,65.8202133178711
"Pwani","Kibaha",2014,74.7107543945312
"Pwani","Kibaha",2015,100.487617492676
"Pwani","Kibaha",2016,117.714332580566
"Pwani","Kibaha",2017,126.229537963867
"Pwani","Kibaha",2018,273.046142578125
"Pwani","Kibaha",2019,252.226638793945
"Pwani","Kibaha",2020,233.144119262695
"Pwani","Kibaha",2021,356.675872802734
"Pwani","Kibaha",2022,522.845336914062
"Pwani","Kibaha",2023,738.604431152344
"Pwani","Kibaha",2024,894.611450195312
"Pwani","Kibaha Urban",2012,310.834503173828
"Pwani","Kibaha Urban",2013,374.902923583984
"Pwani","Kibaha Urban",2014,412.927490234375
"Pwani","Kibaha Urban",2015,528.148742675781
"Pwani","Kibaha Urban",2016,651.533264160156
"Pwani","Kibaha Urban",2017,634.799255371094
"Pwani","Kibaha Urban",2018,696.0615234375
"Pwani","Kibaha Urban",2019,791.220947265625
"Pwani","Kibaha Urban",2020,925.226928710938
"Pwani","Kibaha Urban",2021,1372.68298339844
"Pwani","Kibaha Urban",2022,2194.998046875
"Pwani","Kibaha Urban",2023,2811.70727539062
"Pwani","Kibaha Urban",2024,3467.64770507812
"Pwani","Kisarawe",2012,59.6117134094238
"Pwani","Kisarawe",2013,62.3805770874023
"Pwani","Kisarawe",2014,76.2734146118164
"Pwani","Kisarawe",2015,97.7137603759766
"Pwani","Kisarawe",2016,121.536682128906
"Pwani","Kisarawe",2017,135.784255981445
"Pwani","Kisarawe",2018,138.698425292969
"Pwani","Kisarawe",2019,177.933609008789
"Pwani","Kisarawe",2020,166.496520996094
"Pwani","Kisarawe",2021,313.526245117188
"Pwani","Kisarawe",2022,612.002197265625
"Pwani","Kisarawe",2023,843.098022460938
"Pwani","Kisarawe",2024,1008.02557373047
"Pwani","Mafia",2012,15.5261306762695
"Pwani","Mafia",2013,14.5060529708862
"Pwani","Mafia",2014,15.2116956710815
"Pwani","Mafia",2015,20.6787052154541
"Pwani","Mafia",2016,29.6756992340088
"Pwani","Mafia",2017,34.6735000610352
"Pwani","Mafia",2018,42.3865737915039
"Pwani","Mafia",2019,37.3537864685059
"Pwani","Mafia",2020,45.987232208252
"Pwani","Mafia",2021,50.2714653015137
"Pwani","Mafia",2022,67.3751525878906
"Pwani","Mafia",2023,86.3091354370117
"Pwani","Mafia",2024,106.262702941895
"Pwani","Mkuranga",2012,159.318801879883
"Pwani","Mkuranga",2013,188.003784179688
"Pwani","Mkuranga",2014,231.948638916016
"Pwani","Mkuranga",2015,318.391876220703
"Pwani","Mkuranga",2016,418.978363037109
"Pwani","Mkuranga",2017,530.58447265625
"Pwani","Mkuranga",2018,549.820861816406
"Pwani","Mkuranga",2019,725.284545898438
"Pwani","Mkuranga",2020,916.4609375
"Pwani","Mkuranga",2021,1441.595703125
"Pwani","Mkuranga",2022,2153.2998046875
"Pwani","Mkuranga",2023,2937.30786132812
"Pwani","Mkuranga",2024,3894.0498046875
"Pwani","Rufiji",2012,49.0984344482422
"Pwani","Rufiji",2013,48.2962341308594
"Pwani","Rufiji",2014,40.9684219360352
"Pwani","Rufiji",2015,45.8208274841309
"Pwani","Rufiji",2016,37.5362892150879
"Pwani","Rufiji",2017,34.8228302001953
"Pwani","Rufiji",2018,37.0189056396484
"Pwani","Rufiji",2019,71.7146301269531
"Pwani","Rufiji",2020,458.209777832031
"Pwani","Rufiji",2021,1422.51098632812
"Pwani","Rufiji",2022,1832.18908691406
"Pwani","Rufiji",2023,1644.71398925781
"Pwani","Rufiji",2024,1468.11499023438
"Rukwa","Kalambo",2012,0
"Rukwa","Kalambo",2013,0
"Rukwa","Kalambo",2014,0
"Rukwa","Kalambo",2015,0
"Rukwa","Kalambo",2016,0.556273400783539
"Rukwa","Kalambo",2017,2.74253392219543
"Rukwa","Kalambo",2018,3.69217872619629
"Rukwa","Kalambo",2019,3.49273896217346
"Rukwa","Kalambo",2020,5.69855785369873
"Rukwa","Kalambo",2021,11.3115930557251
"Rukwa","Kalambo",2022,17.5388851165771
"Rukwa","Kalambo",2023,46.1907005310059
"Rukwa","Kalambo",2024,46.0177536010742
"Rukwa","Lake Rukwa",2012,0
"Rukwa","Lake Rukwa",2013,0
"Rukwa","Lake Rukwa",2014,0
"Rukwa","Lake Rukwa",2015,0
"Rukwa","Lake Rukwa",2016,0
"Rukwa","Lake Rukwa",2017,0
"Rukwa","Lake Rukwa",2018,0
"Rukwa","Lake Rukwa",2019,0
"Rukwa","Lake Rukwa",2020,0
"Rukwa","Lake Rukwa",2021,0
"Rukwa","Lake Rukwa",2022,0
"Rukwa","Lake Rukwa",2023,0
"Rukwa","Lake Rukwa",2024,0
"Rukwa","Lake Tanganyika",2012,0
"Rukwa","Lake Tanganyika",2013,0
"Rukwa","Lake Tanganyika",2014,0
"Rukwa","Lake Tanganyika",2015,0
"Rukwa","Lake Tanganyika",2016,0
"Rukwa","Lake Tanganyika",2017,0
"Rukwa","Lake Tanganyika",2018,0
"Rukwa","Lake Tanganyika",2019,0
"Rukwa","Lake Tanganyika",2020,0
"Rukwa","Lake Tanganyika",2021,0.0253740251064301
"Rukwa","Lake Tanganyika",2022,0.730911433696747
"Rukwa","Lake Tanganyika",2023,1.38018894195557
"Rukwa","Lake Tanganyika",2024,0.366093933582306
"Rukwa","Nkasi",2012,0
"Rukwa","Nkasi",2013,3.15831828117371
"Rukwa","Nkasi",2014,5.9710168838501
"Rukwa","Nkasi",2015,6.30599641799927
"Rukwa","Nkasi",2016,13.8189840316772
"Rukwa","Nkasi",2017,16.416353225708
"Rukwa","Nkasi",2018,23.5665588378906
"Rukwa","Nkasi",2019,20.585205078125
"Rukwa","Nkasi",2020,18.7028503417969
"Rukwa","Nkasi",2021,31.9000186920166
"Rukwa","Nkasi",2022,53.0908279418945
"Rukwa","Nkasi",2023,92.7835388183594
"Rukwa","Nkasi",2024,90.1130218505859
"Rukwa","Sumbawanga Rural",2012,12.4556694030762
"Rukwa","Sumbawanga Rural",2013,22.2077159881592
"Rukwa","Sumbawanga Rural",2014,16.3508129119873
"Rukwa","Sumbawanga Rural",2015,7.53529596328735
"Rukwa","Sumbawanga Rural",2016,2.70033669471741
"Rukwa","Sumbawanga Rural",2017,3.67410159111023
"Rukwa","Sumbawanga Rural",2018,4.22353219985962
"Rukwa","Sumbawanga Rural",2019,4.42632102966309
"Rukwa","Sumbawanga Rural",2020,8.28151702880859
"Rukwa","Sumbawanga Rural",2021,24.3595314025879
"Rukwa","Sumbawanga Rural",2022,49.4330368041992
"Rukwa","Sumbawanga Rural",2023,85.0671310424805
"Rukwa","Sumbawanga Rural",2024,83.9320678710938
"Rukwa","Sumbawanga Urban",2012,153.952789306641
"Rukwa","Sumbawanga Urban",2013,173.405212402344
"Rukwa","Sumbawanga Urban",2014,198.00602722168
"Rukwa","Sumbawanga Urban",2015,192.447967529297
"Rukwa","Sumbawanga Urban",2016,202.207901000977
"Rukwa","Sumbawanga Urban",2017,234.126388549805
"Rukwa","Sumbawanga Urban",2018,252.767074584961
"Rukwa","Sumbawanga Urban",2019,275.840698242188
"Rukwa","Sumbawanga Urban",2020,315.708038330078
"Rukwa","Sumbawanga Urban",2021,403.522552490234
"Rukwa","Sumbawanga Urban",2022,526.358825683594
"Rukwa","Sumbawanga Urban",2023,623.447937011719
"Rukwa","Sumbawanga Urban",2024,770.469116210938
"Ruvuma","Mbinga",2012,50.1750068664551
"Ruvuma","Mbinga",2013,62.9894752502441
"Ruvuma","Mbinga",2014,59.1499710083008
"Ruvuma","Mbinga",2015,62.26171875
"Ruvuma","Mbinga",2016,74.9114532470703
"Ruvuma","Mbinga",2017,85.1710510253906
"Ruvuma","Mbinga",2018,70.1378936767578
"Ruvuma","Mbinga",2019,72.2646179199219
"Ruvuma","Mbinga",2020,79.3347091674805
"Ruvuma","Mbinga",2021,140.76708984375
"Ruvuma","Mbinga",2022,218.007461547852
"Ruvuma","Mbinga",2023,346.993225097656
"Ruvuma","Mbinga",2024,389.335418701172
"Ruvuma","Namtumbo",2012,8.21784782409668
"Ruvuma","Namtumbo",2013,5.78707456588745
"Ruvuma","Namtumbo",2014,0.588539361953735
"Ruvuma","Namtumbo",2015,3.87103700637817
"Ruvuma","Namtumbo",2016,5.08434247970581
"Ruvuma","Namtumbo",2017,1.68129754066467
"Ruvuma","Namtumbo",2018,0.542941212654114
"Ruvuma","Namtumbo",2019,5.10437202453613
"Ruvuma","Namtumbo",2020,6.12019395828247
"Ruvuma","Namtumbo",2021,16.8805828094482
"Ruvuma","Namtumbo",2022,30.3419609069824
"Ruvuma","Namtumbo",2023,51.0322647094727
"Ruvuma","Namtumbo",2024,31.181827545166
"Ruvuma","Nyasa",2012,0
"Ruvuma","Nyasa",2013,0
"Ruvuma","Nyasa",2014,0
"Ruvuma","Nyasa",2015,0
"Ruvuma","Nyasa",2016,5.18864822387695
"Ruvuma","Nyasa",2017,4.69241571426392
"Ruvuma","Nyasa",2018,4.70311260223389
"Ruvuma","Nyasa",2019,7.55458068847656
"Ruvuma","Nyasa",2020,7.68612670898438
"Ruvuma","Nyasa",2021,12.3145427703857
"Ruvuma","Nyasa",2022,22.1945705413818
"Ruvuma","Nyasa",2023,27.9399089813232
"Ruvuma","Nyasa",2024,24.2898426055908
"Ruvuma","Songea Rural",2012,10.8499851226807
"Ruvuma","Songea Rural",2013,9.9520263671875
"Ruvuma","Songea Rural",2014,22.4348888397217
"Ruvuma","Songea Rural",2015,25.869499206543
"Ruvuma","Songea Rural",2016,23.3024635314941
"Ruvuma","Songea Rural",2017,8.57733058929443
"Ruvuma","Songea Rural",2018,10.9897785186768
"Ruvuma","Songea Rural",2019,34.8976440429688
"Ruvuma","Songea Rural",2020,36.057258605957
"Ruvuma","Songea Rural",2021,43.6639175415039
"Ruvuma","Songea Rural",2022,63.7519836425781
"Ruvuma","Songea Rural",2023,93.1667022705078
"Ruvuma","Songea Rural",2024,97.2514038085938
"Ruvuma","Songea Urban",2012,239.757614135742
"Ruvuma","Songea Urban",2013,252.134643554688
"Ruvuma","Songea Urban",2014,265.652008056641
"Ruvuma","Songea Urban",2015,281.852630615234
"Ruvuma","Songea Urban",2016,293.761871337891
"Ruvuma","Songea Urban",2017,292.047180175781
"Ruvuma","Songea Urban",2018,298.836029052734
"Ruvuma","Songea Urban",2019,382.284973144531
"Ruvuma","Songea Urban",2020,468.723724365234
"Ruvuma","Songea Urban",2021,627.132446289062
"Ruvuma","Songea Urban",2022,736.230773925781
"Ruvuma","Songea Urban",2023,915.552856445312
"Ruvuma","Songea Urban",2024,985.382263183594
"Ruvuma","Tunduru",2012,36.6772270202637
"Ruvuma","Tunduru",2013,46.546215057373
"Ruvuma","Tunduru",2014,55.434741973877
"Ruvuma","Tunduru",2015,65.3976745605469
"Ruvuma","Tunduru",2016,77.6016464233398
"Ruvuma","Tunduru",2017,68.3207778930664
"Ruvuma","Tunduru",2018,75.2394332885742
"Ruvuma","Tunduru",2019,80.7306213378906
"Ruvuma","Tunduru",2020,86.767448425293
"Ruvuma","Tunduru",2021,117.948867797852
"Ruvuma","Tunduru",2022,155.614501953125
"Ruvuma","Tunduru",2023,193.028732299805
"Ruvuma","Tunduru",2024,198.871124267578
"Shinyanga","Kahama",2012,396.375854492188
"Shinyanga","Kahama",2013,398.6455078125
"Shinyanga","Kahama",2014,401.714019775391
"Shinyanga","Kahama",2015,405.537139892578
"Shinyanga","Kahama",2016,433.932708740234
"Shinyanga","Kahama",2017,525.699462890625
"Shinyanga","Kahama",2018,373.829406738281
"Shinyanga","Kahama",2019,355.704315185547
"Shinyanga","Kahama",2020,388.670959472656
"Shinyanga","Kahama",2021,515.37109375
"Shinyanga","Kahama",2022,960.740905761719
"Shinyanga","Kahama",2023,1022.64483642578
"Shinyanga","Kahama",2024,1026.55334472656
"Shinyanga","Kahama Town",2012,716.297607421875
"Shinyanga","Kahama Town",2013,790.435363769531
"Shinyanga","Kahama Town",2014,853.122253417969
"Shinyanga","Kahama Town",2015,909.967468261719
"Shinyanga","Kahama Town",2016,831.737976074219
"Shinyanga","Kahama Town",2017,933.1767578125
"Shinyanga","Kahama Town",2018,865.094299316406
"Shinyanga","Kahama Town",2019,937.740417480469
"Shinyanga","Kahama Town",2020,1043.07409667969
"Shinyanga","Kahama Town",2021,1295.52783203125
"Shinyanga","Kahama Town",2022,1728.09594726562
"Shinyanga","Kahama Town",2023,1850.82092285156
"Shinyanga","Kahama Town",2024,2222.4130859375
"Shinyanga","Kishapu",2012,259.902008056641
"Shinyanga","Kishapu",2013,265.366027832031
"Shinyanga","Kishapu",2014,306.839416503906
"Shinyanga","Kishapu",2015,291.348297119141
"Shinyanga","Kishapu",2016,274.347961425781
"Shinyanga","Kishapu",2017,290.695373535156
"Shinyanga","Kishapu",2018,282.751922607422
"Shinyanga","Kishapu",2019,250.045303344727
"Shinyanga","Kishapu",2020,192.274566650391
"Shinyanga","Kishapu",2021,224.882843017578
"Shinyanga","Kishapu",2022,346.005462646484
"Shinyanga","Kishapu",2023,426.67431640625
"Shinyanga","Kishapu",2024,428.406890869141
"Shinyanga","Shinyanga Rural",2012,15.5976076126099
"Shinyanga","Shinyanga Rural",2013,11.4648389816284
"Shinyanga","Shinyanga Rural",2014,9.73629474639893
"Shinyanga","Shinyanga Rural",2015,14.1088743209839
"Shinyanga","Shinyanga Rural",2016,10.5867204666138
"Shinyanga","Shinyanga Rural",2017,18.0375099182129
"Shinyanga","Shinyanga Rural",2018,20.1509075164795
"Shinyanga","Shinyanga Rural",2019,18.5160961151123
"Shinyanga","Shinyanga Rural",2020,28.6635684967041
"Shinyanga","Shinyanga Rural",2021,58.0330276489258
"Shinyanga","Shinyanga Rural",2022,153.364761352539
"Shinyanga","Shinyanga Rural",2023,221.692245483398
"Shinyanga","Shinyanga Rural",2024,272.348937988281
"Shinyanga","Shinyanga Urban",2012,354.364166259766
"Shinyanga","Shinyanga Urban",2013,389.268859863281
"Shinyanga","Shinyanga Urban",2014,379.297760009766
"Shinyanga","Shinyanga Urban",2015,406.572357177734
"Shinyanga","Shinyanga Urban",2016,408.233337402344
"Shinyanga","Shinyanga Urban",2017,459.552825927734
"Shinyanga","Shinyanga Urban",2018,472.422576904297
"Shinyanga","Shinyanga Urban",2019,538.025390625
"Shinyanga","Shinyanga Urban",2020,664.881164550781
"Shinyanga","Shinyanga Urban",2021,871.41845703125
"Shinyanga","Shinyanga Urban",2022,1124.40991210938
"Shinyanga","Shinyanga Urban",2023,1304.12634277344
"Shinyanga","Shinyanga Urban",2024,1359.48852539062
"Simiyu","Bariadi",2012,45.8519439697266
"Simiyu","Bariadi",2013,44.0425796508789
"Simiyu","Bariadi",2014,57.0830078125
"Simiyu","Bariadi",2015,58.662727355957
"Simiyu","Bariadi",2016,53.2893867492676
"Simiyu","Bariadi",2017,57.863208770752
"Simiyu","Bariadi",2018,73.1181869506836
"Simiyu","Bariadi",2019,69.4683303833008
"Simiyu","Bariadi",2020,123.264259338379
"Simiyu","Bariadi",2021,201.565216064453
"Simiyu","Bariadi",2022,278.952178955078
"Simiyu","Bariadi",2023,358.260650634766
"Simiyu","Bariadi",2024,413.245910644531
"Simiyu","Busega",2012,3.82295799255371
"Simiyu","Busega",2013,4.7377724647522
"Simiyu","Busega",2014,5.99517679214478
"Simiyu","Busega",2015,10.2211513519287
"Simiyu","Busega",2016,7.25454187393188
"Simiyu","Busega",2017,9.20290946960449
"Simiyu","Busega",2018,12.1449422836304
"Simiyu","Busega",2019,12.2657241821289
"Simiyu","Busega",2020,25.7266998291016
"Simiyu","Busega",2021,53.4598693847656
"Simiyu","Busega",2022,94.478271484375
"Simiyu","Busega",2023,144.261840820312
"Simiyu","Busega",2024,169.134902954102
"Simiyu","Itilima",2012,0.547801494598389
"Simiyu","Itilima",2013,0
"Simiyu","Itilima",2014,0
"Simiyu","Itilima",2015,0
"Simiyu","Itilima",2016,0
"Simiyu","Itilima",2017,0
"Simiyu","Itilima",2018,4.27088022232056
"Simiyu","Itilima",2019,5.04509925842285
"Simiyu","Itilima",2020,2.00394773483276
"Simiyu","Itilima",2021,6.23190975189209
"Simiyu","Itilima",2022,17.97243309021
"Simiyu","Itilima",2023,27.9423446655273
"Simiyu","Itilima",2024,30.7183475494385
"Simiyu","Lake Eyasi",2012,0
"Simiyu","Lake Eyasi",2013,0
"Simiyu","Lake Eyasi",2014,0
"Simiyu","Lake Eyasi",2015,0
"Simiyu","Lake Eyasi",2016,0
"Simiyu","Lake Eyasi",2017,0
"Simiyu","Lake Eyasi",2018,0
"Simiyu","Lake Eyasi",2019,0
"Simiyu","Lake Eyasi",2020,0
"Simiyu","Lake Eyasi",2021,0
"Simiyu","Lake Eyasi",2022,0
"Simiyu","Lake Eyasi",2023,0
"Simiyu","Lake Eyasi",2024,0
"Simiyu","Lake Victoria",2012,0
"Simiyu","Lake Victoria",2013,0
"Simiyu","Lake Victoria",2014,0
"Simiyu","Lake Victoria",2015,0
"Simiyu","Lake Victoria",2016,0
"Simiyu","Lake Victoria",2017,0
"Simiyu","Lake Victoria",2018,0
"Simiyu","Lake Victoria",2019,0
"Simiyu","Lake Victoria",2020,0.0502992458641529
"Simiyu","Lake Victoria",2021,0.187116831541061
"Simiyu","Lake Victoria",2022,1.53662419319153
"Simiyu","Lake Victoria",2023,5.13142585754395
"Simiyu","Lake Victoria",2024,6.11676740646362
"Simiyu","Maswa",2012,27.5935935974121
"Simiyu","Maswa",2013,31.991813659668
"Simiyu","Maswa",2014,33.3834037780762
"Simiyu","Maswa",2015,35.9961090087891
"Simiyu","Maswa",2016,36.2516899108887
"Simiyu","Maswa",2017,46.4488830566406
"Simiyu","Maswa",2018,42.1461448669434
"Simiyu","Maswa",2019,33.6900367736816
"Simiyu","Maswa",2020,41.2243118286133
"Simiyu","Maswa",2021,84.9557800292969
"Simiyu","Maswa",2022,139.512481689453
"Simiyu","Maswa",2023,184.62825012207
"Simiyu","Maswa",2024,200.398010253906
"Simiyu","Meatu",2012,13.6458911895752
"Simiyu","Meatu",2013,17.3533954620361
"Simiyu","Meatu",2014,15.408130645752
"Simiyu","Meatu",2015,21.1001930236816
"Simiyu","Meatu",2016,23.7640323638916
"Simiyu","Meatu",2017,32.8708305358887
"Simiyu","Meatu",2018,29.778995513916
"Simiyu","Meatu",2019,29.5199451446533
"Simiyu","Meatu",2020,37.3388252258301
"Simiyu","Meatu",2021,47.8589515686035
"Simiyu","Meatu",2022,78.1035079956055
"Simiyu","Meatu",2023,84.2350769042969
"Simiyu","Meatu",2024,78.9433212280273
"Singida","Ikungi",2012,6.44294357299805
"Singida","Ikungi",2013,7.19082641601562
"Singida","Ikungi",2014,8.94922351837158
"Singida","Ikungi",2015,9.43622589111328
"Singida","Ikungi",2016,13.5414257049561
"Singida","Ikungi",2017,13.1014785766602
"Singida","Ikungi",2018,13.8415327072144
"Singida","Ikungi",2019,14.3744764328003
"Singida","Ikungi",2020,14.2896356582642
"Singida","Ikungi",2021,28.188907623291
"Singida","Ikungi",2022,81.0981140136719
"Singida","Ikungi",2023,258.154174804688
"Singida","Ikungi",2024,313.548400878906
"Singida","Iramba",2012,29.1268501281738
"Singida","Iramba",2013,33.282772064209
"Singida","Iramba",2014,33.9029808044434
"Singida","Iramba",2015,38.2915458679199
"Singida","Iramba",2016,36.3719940185547
"Singida","Iramba",2017,49.3127212524414
"Singida","Iramba",2018,54.6291732788086
"Singida","Iramba",2019,45.4733467102051
"Singida","Iramba",2020,56.2216987609863
"Singida","Iramba",2021,86.5126800537109
"Singida","Iramba",2022,148.004730224609
"Singida","Iramba",2023,171.177871704102
"Singida","Iramba",2024,188.00520324707
"Singida","Manyoni",2012,88.9219131469727
"Singida","Manyoni",2013,100.495872497559
"Singida","Manyoni",2014,121.82958984375
"Singida","Manyoni",2015,132.816970825195
"Singida","Manyoni",2016,127.918022155762
"Singida","Manyoni",2017,132.315277099609
"Singida","Manyoni",2018,137.436584472656
"Singida","Manyoni",2019,153.554214477539
"Singida","Manyoni",2020,153.033157348633
"Singida","Manyoni",2021,239.208648681641
"Singida","Manyoni",2022,376.948669433594
"Singida","Manyoni",2023,592.874755859375
"Singida","Manyoni",2024,700.608459472656
"Singida","Mkalama",2012,3.12465262413025
"Singida","Mkalama",2013,2.28399252891541
"Singida","Mkalama",2014,3.30994415283203
"Singida","Mkalama",2015,2.57461023330688
"Singida","Mkalama",2016,4.77544116973877
"Singida","Mkalama",2017,4.56727027893066
"Singida","Mkalama",2018,7.82151651382446
"Singida","Mkalama",2019,8.20848369598389
"Singida","Mkalama",2020,9.16574668884277
"Singida","Mkalama",2021,22.4740715026855
"Singida","Mkalama",2022,55.9674415588379
"Singida","Mkalama",2023,68.2195129394531
"Singida","Mkalama",2024,67.3199234008789
"Singida","Singida Rural",2012,3.34115624427795
"Singida","Singida Rural",2013,2.53230261802673
"Singida","Singida Rural",2014,2.80112838745117
"Singida","Singida Rural",2015,3.68493938446045
"Singida","Singida Rural",2016,3.50839853286743
"Singida","Singida Rural",2017,4.04697418212891
"Singida","Singida Rural",2018,3.52685070037842
"Singida","Singida Rural",2019,3.05837965011597
"Singida","Singida Rural",2020,4.23071193695068
"Singida","Singida Rural",2021,9.2302713394165
"Singida","Singida Rural",2022,26.5550708770752
"Singida","Singida Rural",2023,31.8881187438965
"Singida","Singida Rural",2024,39.1137199401855
"Singida","Singida Urban",2012,295.399353027344
"Singida","Singida Urban",2013,314.436401367188
"Singida","Singida Urban",2014,337.457794189453
"Singida","Singida Urban",2015,413.68798828125
"Singida","Singida Urban",2016,397.113159179688
"Singida","Singida Urban",2017,422.636138916016
"Singida","Singida Urban",2018,451.823883056641
"Singida","Singida Urban",2019,470.445739746094
"Singida","Singida Urban",2020,548.197814941406
"Singida","Singida Urban",2021,777.837646484375
"Singida","Singida Urban",2022,1044.66345214844
"Singida","Singida Urban",2023,1343.38940429688
"Singida","Singida Urban",2024,1541.99743652344
"Songwe","Ileje",2012,11.299072265625
"Songwe","Ileje",2013,8.15925121307373
"Songwe","Ileje",2014,8.72300052642822
"Songwe","Ileje",2015,9.09828853607178
"Songwe","Ileje",2016,8.17859077453613
"Songwe","Ileje",2017,11.6634960174561
"Songwe","Ileje",2018,11.9485149383545
"Songwe","Ileje",2019,12.5733308792114
"Songwe","Ileje",2020,15.0259284973145
"Songwe","Ileje",2021,21.0215301513672
"Songwe","Ileje",2022,31.215482711792
"Songwe","Ileje",2023,52.3793754577637
"Songwe","Ileje",2024,51.1496543884277
"Songwe","Lake Rukwa",2012,0
"Songwe","Lake Rukwa",2013,0
"Songwe","Lake Rukwa",2014,0
"Songwe","Lake Rukwa",2015,0
"Songwe","Lake Rukwa",2016,0
"Songwe","Lake Rukwa",2017,0.361828565597534
"Songwe","Lake Rukwa",2018,0
"Songwe","Lake Rukwa",2019,0
"Songwe","Lake Rukwa",2020,0
"Songwe","Lake Rukwa",2021,0
"Songwe","Lake Rukwa",2022,0
"Songwe","Lake Rukwa",2023,0
"Songwe","Lake Rukwa",2024,0
"Songwe","Mbozi",2012,75.6828155517578
"Songwe","Mbozi",2013,81.165153503418
"Songwe","Mbozi",2014,89.1576843261719
"Songwe","Mbozi",2015,84.2637252807617
"Songwe","Mbozi",2016,98.7554702758789
"Songwe","Mbozi",2017,109.391967773438
"Songwe","Mbozi",2018,129.067565917969
"Songwe","Mbozi",2019,150.632553100586
"Songwe","Mbozi",2020,198.448608398438
"Songwe","Mbozi",2021,307.689056396484
"Songwe","Mbozi",2022,455.121765136719
"Songwe","Mbozi",2023,503.691101074219
"Songwe","Mbozi",2024,603.083618164062
"Songwe","Momba",2012,7.69686460494995
"Songwe","Momba",2013,9.74674224853516
"Songwe","Momba",2014,1.54291415214539
"Songwe","Momba",2015,0
"Songwe","Momba",2016,0
"Songwe","Momba",2017,0
"Songwe","Momba",2018,0
"Songwe","Momba",2019,0
"Songwe","Momba",2020,0.314742922782898
"Songwe","Momba",2021,0.929797232151031
"Songwe","Momba",2022,7.41291427612305
"Songwe","Momba",2023,15.1199884414673
"Songwe","Momba",2024,15.5527048110962
"Songwe","Songwe",2012,64.9447555541992
"Songwe","Songwe",2013,117.808578491211
"Songwe","Songwe",2014,104.851043701172
"Songwe","Songwe",2015,112.479873657227
"Songwe","Songwe",2016,101.951820373535
"Songwe","Songwe",2017,124.535835266113
"Songwe","Songwe",2018,143.427856445312
"Songwe","Songwe",2019,144.35075378418
"Songwe","Songwe",2020,165.521286010742
"Songwe","Songwe",2021,204.865188598633
"Songwe","Songwe",2022,297.179168701172
"Songwe","Songwe",2023,414.523223876953
"Songwe","Songwe",2024,510.8642578125
"Songwe","Tunduma",2012,164.652099609375
"Songwe","Tunduma",2013,179.700256347656
"Songwe","Tunduma",2014,220.098846435547
"Songwe","Tunduma",2015,229.366455078125
"Songwe","Tunduma",2016,254.272079467773
"Songwe","Tunduma",2017,283.548156738281
"Songwe","Tunduma",2018,324.047637939453
"Songwe","Tunduma",2019,404.155029296875
"Songwe","Tunduma",2020,474.658599853516
"Songwe","Tunduma",2021,607.628234863281
"Songwe","Tunduma",2022,759.816040039062
"Songwe","Tunduma",2023,978.390686035156
"Songwe","Tunduma",2024,1114.58752441406
"Tabora","Igunga",2012,52.0819358825684
"Tabora","Igunga",2013,52.0190811157227
"Tabora","Igunga",2014,67.1063766479492
"Tabora","Igunga",2015,66.9900207519531
"Tabora","Igunga",2016,75.7530212402344
"Tabora","Igunga",2017,93.4797134399414
"Tabora","Igunga",2018,87.0782623291016
"Tabora","Igunga",2019,97.8887176513672
"Tabora","Igunga",2020,132.968643188477
"Tabora","Igunga",2021,215.479782104492
"Tabora","Igunga",2022,337.775451660156
"Tabora","Igunga",2023,450.369873046875
"Tabora","Igunga",2024,483.870300292969
"Tabora","Kaliua",2012,4.9298095703125
"Tabora","Kaliua",2013,10.916919708252
"Tabora","Kaliua",2014,44.6168746948242
"Tabora","Kaliua",2015,45.0283241271973
"Tabora","Kaliua",2016,28.1981163024902
"Tabora","Kaliua",2017,35.4623413085938
"Tabora","Kaliua",2018,23.2764797210693
"Tabora","Kaliua",2019,34.3291549682617
"Tabora","Kaliua",2020,37.4146842956543
"Tabora","Kaliua",2021,79.4270553588867
"Tabora","Kaliua",2022,117.561813354492
"Tabora","Kaliua",2023,178.842620849609
"Tabora","Kaliua",2024,208.759689331055
"Tabora","Nzega",2012,298.579620361328
"Tabora","Nzega",2013,273.181213378906
"Tabora","Nzega",2014,285.573120117188
"Tabora","Nzega",2015,149.656204223633
"Tabora","Nzega",2016,136.163269042969
"Tabora","Nzega",2017,159.819183349609
"Tabora","Nzega",2018,150.324203491211
"Tabora","Nzega",2019,181.832214355469
"Tabora","Nzega",2020,218.323928833008
"Tabora","Nzega",2021,313.001403808594
"Tabora","Nzega",2022,469.363616943359
"Tabora","Nzega",2023,516.906494140625
"Tabora","Nzega",2024,684.577697753906
"Tabora","Sikonge",2012,26.5836353302002
"Tabora","Sikonge",2013,29.5828456878662
"Tabora","Sikonge",2014,26.3020248413086
"Tabora","Sikonge",2015,30.336009979248
"Tabora","Sikonge",2016,38.4137268066406
"Tabora","Sikonge",2017,45.2109985351562
"Tabora","Sikonge",2018,40.3408699035645
"Tabora","Sikonge",2019,36.0833625793457
"Tabora","Sikonge",2020,41.3767509460449
"Tabora","Sikonge",2021,97.3204574584961
"Tabora","Sikonge",2022,151.298187255859
"Tabora","Sikonge",2023,179.176376342773
"Tabora","Sikonge",2024,193.180221557617
"Tabora","Tabora",2012,367.876922607422
"Tabora","Tabora",2013,413.717163085938
"Tabora","Tabora",2014,437.914764404297
"Tabora","Tabora",2015,438.027557373047
"Tabora","Tabora",2016,459.0771484375
"Tabora","Tabora",2017,498.176818847656
"Tabora","Tabora",2018,458.648590087891
"Tabora","Tabora",2019,495.897430419922
"Tabora","Tabora",2020,518.997619628906
"Tabora","Tabora",2021,698.349609375
"Tabora","Tabora",2022,1029.11413574219
"Tabora","Tabora",2023,1329.75122070312
"Tabora","Tabora",2024,1518.05908203125
"Tabora","Urambo",2012,41.8614921569824
"Tabora","Urambo",2013,63.6268653869629
"Tabora","Urambo",2014,63.6206817626953
"Tabora","Urambo",2015,70.5560531616211
"Tabora","Urambo",2016,55.0900230407715
"Tabora","Urambo",2017,57.1259078979492
"Tabora","Urambo",2018,48.7477798461914
"Tabora","Urambo",2019,60.3323287963867
"Tabora","Urambo",2020,63.0255508422852
"Tabora","Urambo",2021,92.7813720703125
"Tabora","Urambo",2022,138.149459838867
"Tabora","Urambo",2023,163.524719238281
"Tabora","Urambo",2024,186.543243408203
"Tabora","Uyui",2012,9.92740535736084
"Tabora","Uyui",2013,11.9785680770874
"Tabora","Uyui",2014,16.601978302002
"Tabora","Uyui",2015,6.62741565704346
"Tabora","Uyui",2016,1.88265490531921
"Tabora","Uyui",2017,4.30169296264648
"Tabora","Uyui",2018,11.417778968811
"Tabora","Uyui",2019,15.2961292266846
"Tabora","Uyui",2020,11.9958696365356
"Tabora","Uyui",2021,24.0100631713867
"Tabora","Uyui",2022,56.0114440917969
"Tabora","Uyui",2023,69.083366394043
"Tabora","Uyui",2024,98.8047866821289
"Tanga","Handeni",2012,17.2403545379639
"Tanga","Handeni",2013,13.8835277557373
"Tanga","Handeni",2014,15.8183040618896
"Tanga","Handeni",2015,19.3730945587158
"Tanga","Handeni",2016,24.497859954834
"Tanga","Handeni",2017,29.4240951538086
"Tanga","Handeni",2018,28.6035671234131
"Tanga","Handeni",2019,19.4966297149658
"Tanga","Handeni",2020,21.9581165313721
"Tanga","Handeni",2021,42.2988815307617
"Tanga","Handeni",2022,87.6039123535156
"Tanga","Handeni",2023,133.479476928711
"Tanga","Handeni",2024,166.168304443359
"Tanga","Handeni Town",2012,54.0434684753418
"Tanga","Handeni Town",2013,48.8437232971191
"Tanga","Handeni Town",2014,51.8169975280762
"Tanga","Handeni Town",2015,55.8041763305664
"Tanga","Handeni Town",2016,53.810302734375
"Tanga","Handeni Town",2017,50.5284805297852
"Tanga","Handeni Town",2018,37.2297019958496
"Tanga","Handeni Town",2019,40.0525703430176
"Tanga","Handeni Town",2020,43.8752059936523
"Tanga","Handeni Town",2021,71.6002197265625
"Tanga","Handeni Town",2022,122.039344787598
"Tanga","Handeni Town",2023,165.630889892578
"Tanga","Handeni Town",2024,174.007049560547
"Tanga","Kilindi",2012,1.14964365959167
"Tanga","Kilindi",2013,3.01120829582214
"Tanga","Kilindi",2014,2.92030262947083
"Tanga","Kilindi",2015,7.40063047409058
"Tanga","Kilindi",2016,4.29258060455322
"Tanga","Kilindi",2017,1.96429204940796
"Tanga","Kilindi",2018,3.86722087860107
"Tanga","Kilindi",2019,2.98384404182434
"Tanga","Kilindi",2020,3.67235684394836
"Tanga","Kilindi",2021,13.5048294067383
"Tanga","Kilindi",2022,48.9420852661133
"Tanga","Kilindi",2023,149.860580444336
"Tanga","Kilindi",2024,69.3466415405273
"Tanga","Korogwe",2012,76.5091552734375
"Tanga","Korogwe",2013,105.344688415527
"Tanga","Korogwe",2014,87.9106140136719
"Tanga","Korogwe",2015,95.9977798461914
"Tanga","Korogwe",2016,55.5353469848633
"Tanga","Korogwe",2017,28.1384677886963
"Tanga","Korogwe",2018,24.7283535003662
"Tanga","Korogwe",2019,23.1532154083252
"Tanga","Korogwe",2020,24.9316482543945
"Tanga","Korogwe",2021,57.6866607666016
"Tanga","Korogwe",2022,107.463394165039
"Tanga","Korogwe",2023,147.82470703125
"Tanga","Korogwe",2024,177.774871826172
"Tanga","Korogwe Town",2012,79.6957015991211
"Tanga","Korogwe Town",2013,75.6402053833008
"Tanga","Korogwe Town",2014,64.6712799072266
"Tanga","Korogwe Town",2015,74.2577743530273
"Tanga","Korogwe Town",2016,72.6436233520508
"Tanga","Korogwe Town",2017,73.2646636962891
"Tanga","Korogwe Town",2018,74.9179458618164
"Tanga","Korogwe Town",2019,72.0118103027344
"Tanga","Korogwe Town",2020,98.5930328369141
"Tanga","Korogwe Town",2021,166.292572021484
"Tanga","Korogwe Town",2022,233.086578369141
"Tanga","Korogwe Town",2023,283.190856933594
"Tanga","Korogwe Town",2024,317.255126953125
"Tanga","Lushoto",2012,30.4079456329346
"Tanga","Lushoto",2013,29.6977710723877
"Tanga","Lushoto",2014,22.2426166534424
"Tanga","Lushoto",2015,28.3493213653564
"Tanga","Lushoto",2016,23.6914234161377
"Tanga","Lushoto",2017,23.9971179962158
"Tanga","Lushoto",2018,23.0786361694336
"Tanga","Lushoto",2019,19.5392761230469
"Tanga","Lushoto",2020,21.4400405883789
"Tanga","Lushoto",2021,38.1831703186035
"Tanga","Lushoto",2022,84.3080673217773
"Tanga","Lushoto",2023,118.173027038574
"Tanga","Lushoto",2024,102.92765045166
"Tanga","Mkinga",2012,16.4273548126221
"Tanga","Mkinga",2013,11.5175094604492
"Tanga","Mkinga",2014,9.25970363616943
"Tanga","Mkinga",2015,21.2835445404053
"Tanga","Mkinga",2016,45.88037109375
"Tanga","Mkinga",2017,32.4810752868652
"Tanga","Mkinga",2018,27.1064853668213
"Tanga","Mkinga",2019,22.1401748657227
"Tanga","Mkinga",2020,26.3611011505127
"Tanga","Mkinga",2021,37.5758972167969
"Tanga","Mkinga",2022,57.9375190734863
"Tanga","Mkinga",2023,79.9746780395508
"Tanga","Mkinga",2024,88.6202011108398
"Tanga","Muheza",2012,75.9383926391602
"Tanga","Muheza",2013,66.3802337646484
"Tanga","Muheza",2014,71.2023010253906
"Tanga","Muheza",2015,71.3119964599609
"Tanga","Muheza",2016,71.0843505859375
"Tanga","Muheza",2017,70.5862426757812
"Tanga","Muheza",2018,71.5946731567383
"Tanga","Muheza",2019,62.4495010375977
"Tanga","Muheza",2020,81.4298553466797
"Tanga","Muheza",2021,124.525863647461
"Tanga","Muheza",2022,185.701522827148
"Tanga","Muheza",2023,266.445373535156
"Tanga","Muheza",2024,262.186737060547
"Tanga","Pangani",2012,17.3398666381836
"Tanga","Pangani",2013,13.8627901077271
"Tanga","Pangani",2014,12.3591079711914
"Tanga","Pangani",2015,13.9602422714233
"Tanga","Pangani",2016,14.9839649200439
"Tanga","Pangani",2017,12.0581836700439
"Tanga","Pangani",2018,11.3327913284302
"Tanga","Pangani",2019,11.0182409286499
"Tanga","Pangani",2020,17.5048370361328
"Tanga","Pangani",2021,25.1420803070068
"Tanga","Pangani",2022,39.4955253601074
"Tanga","Pangani",2023,58.2114448547363
"Tanga","Pangani",2024,74.9467163085938
"Tanga","Tanga",2012,1036.01684570312
"Tanga","Tanga",2013,992.660034179688
"Tanga","Tanga",2014,966.648010253906
"Tanga","Tanga",2015,1036.4462890625
"Tanga","Tanga",2016,1099.80627441406
"Tanga","Tanga",2017,1005.25439453125
"Tanga","Tanga",2018,1050.16357421875
"Tanga","Tanga",2019,1050.10229492188
"Tanga","Tanga",2020,1244.27429199219
"Tanga","Tanga",2021,1681.57458496094
"Tanga","Tanga",2022,1977.90393066406
"Tanga","Tanga",2023,2296.11865234375
"Tanga","Tanga",2024,2654.06396484375
