"NAME_1","NAME_2","NAME_3","date","ntl_mean"
"Adjumani","East Moyo","Adjumani Tc",2012,0
"Adjumani","East Moyo","Adjumani Tc",2013,0
"Adjumani","East Moyo","Adjumani Tc",2014,1.15160894393921
"Adjumani","East Moyo","Adjumani Tc",2015,1.19158744812012
"Adjumani","East Moyo","Adjumani Tc",2016,1.22424602508545
"Adjumani","East Moyo","Adjumani Tc",2017,4.10594749450684
"Adjumani","East Moyo","Adjumani Tc",2018,4.94416046142578
"Adjumani","East Moyo","Adjumani Tc",2019,9.00206851959229
"Adjumani","East Moyo","Adjumani Tc",2020,9.17506885528564
"Adjumani","East Moyo","Adjumani Tc",2021,18.7709770202637
"Adjumani","East Moyo","Adjumani Tc",2022,36.9426231384277
"Adjumani","East Moyo","Adjumani Tc",2023,44.6026382446289
"Adjumani","East Moyo","Adjumani Tc",2024,71.9948577880859
"Adjumani","East Moyo","Adropi",2012,0
"Adjumani","East Moyo","Adropi",2013,0
"Adjumani","East Moyo","Adropi",2014,0
"Adjumani","East Moyo","Adropi",2015,0
"Adjumani","East Moyo","Adropi",2016,0
"Adjumani","East Moyo","Adropi",2017,0
"Adjumani","East Moyo","Adropi",2018,0
"Adjumani","East Moyo","Adropi",2019,0
"Adjumani","East Moyo","Adropi",2020,0
"Adjumani","East Moyo","Adropi",2021,0.017673134803772
"Adjumani","East Moyo","Adropi",2022,1.50600731372833
"Adjumani","East Moyo","Adropi",2023,2.63726997375488
"Adjumani","East Moyo","Adropi",2024,9.6119441986084
"Adjumani","East Moyo","Ciforo",2012,0
"Adjumani","East Moyo","Ciforo",2013,0
"Adjumani","East Moyo","Ciforo",2014,0
"Adjumani","East Moyo","Ciforo",2015,0
"Adjumani","East Moyo","Ciforo",2016,0
"Adjumani","East Moyo","Ciforo",2017,0
"Adjumani","East Moyo","Ciforo",2018,0
"Adjumani","East Moyo","Ciforo",2019,0
"Adjumani","East Moyo","Ciforo",2020,0
"Adjumani","East Moyo","Ciforo",2021,0
"Adjumani","East Moyo","Ciforo",2022,0.00857992097735405
"Adjumani","East Moyo","Ciforo",2023,0
"Adjumani","East Moyo","Ciforo",2024,0
"Adjumani","East Moyo","Dzaipi",2012,0
"Adjumani","East Moyo","Dzaipi",2013,0
"Adjumani","East Moyo","Dzaipi",2014,0
"Adjumani","East Moyo","Dzaipi",2015,0
"Adjumani","East Moyo","Dzaipi",2016,0
"Adjumani","East Moyo","Dzaipi",2017,0
"Adjumani","East Moyo","Dzaipi",2018,0
"Adjumani","East Moyo","Dzaipi",2019,0
"Adjumani","East Moyo","Dzaipi",2020,0
"Adjumani","East Moyo","Dzaipi",2021,0
"Adjumani","East Moyo","Dzaipi",2022,0
"Adjumani","East Moyo","Dzaipi",2023,0
"Adjumani","East Moyo","Dzaipi",2024,1.23930835723877
"Adjumani","East Moyo","Ofua",2012,0
"Adjumani","East Moyo","Ofua",2013,0
"Adjumani","East Moyo","Ofua",2014,0
"Adjumani","East Moyo","Ofua",2015,0
"Adjumani","East Moyo","Ofua",2016,0
"Adjumani","East Moyo","Ofua",2017,0
"Adjumani","East Moyo","Ofua",2018,0
"Adjumani","East Moyo","Ofua",2019,0
"Adjumani","East Moyo","Ofua",2020,0
"Adjumani","East Moyo","Ofua",2021,0
"Adjumani","East Moyo","Ofua",2022,0
"Adjumani","East Moyo","Ofua",2023,0
"Adjumani","East Moyo","Ofua",2024,0
"Adjumani","East Moyo","Pakelle",2012,0
"Adjumani","East Moyo","Pakelle",2013,0
"Adjumani","East Moyo","Pakelle",2014,0
"Adjumani","East Moyo","Pakelle",2015,0
"Adjumani","East Moyo","Pakelle",2016,0
"Adjumani","East Moyo","Pakelle",2017,0
"Adjumani","East Moyo","Pakelle",2018,1.36188495159149
"Adjumani","East Moyo","Pakelle",2019,1.85093212127686
"Adjumani","East Moyo","Pakelle",2020,1.74874329566956
"Adjumani","East Moyo","Pakelle",2021,7.10902786254883
"Adjumani","East Moyo","Pakelle",2022,28.6036739349365
"Adjumani","East Moyo","Pakelle",2023,34.8297729492188
"Adjumani","East Moyo","Pakelle",2024,45.1646347045898
"Apac","Kole","Aboke",2012,0
"Apac","Kole","Aboke",2013,0
"Apac","Kole","Aboke",2014,0
"Apac","Kole","Aboke",2015,0
"Apac","Kole","Aboke",2016,0
"Apac","Kole","Aboke",2017,0
"Apac","Kole","Aboke",2018,0
"Apac","Kole","Aboke",2019,0
"Apac","Kole","Aboke",2020,0
"Apac","Kole","Aboke",2021,0
"Apac","Kole","Aboke",2022,0
"Apac","Kole","Aboke",2023,0.515771150588989
"Apac","Kole","Aboke",2024,0.518486320972443
"Apac","Kole","Akalo",2012,0
"Apac","Kole","Akalo",2013,0
"Apac","Kole","Akalo",2014,0
"Apac","Kole","Akalo",2015,0
"Apac","Kole","Akalo",2016,0
"Apac","Kole","Akalo",2017,0
"Apac","Kole","Akalo",2018,0
"Apac","Kole","Akalo",2019,0
"Apac","Kole","Akalo",2020,0
"Apac","Kole","Akalo",2021,0
"Apac","Kole","Akalo",2022,1.37006807327271
"Apac","Kole","Akalo",2023,1.75833022594452
"Apac","Kole","Akalo",2024,3.80208587646484
"Apac","Kole","Alito",2012,0
"Apac","Kole","Alito",2013,0
"Apac","Kole","Alito",2014,0
"Apac","Kole","Alito",2015,0
"Apac","Kole","Alito",2016,0
"Apac","Kole","Alito",2017,0
"Apac","Kole","Alito",2018,0
"Apac","Kole","Alito",2019,0
"Apac","Kole","Alito",2020,0
"Apac","Kole","Alito",2021,0
"Apac","Kole","Alito",2022,0
"Apac","Kole","Alito",2023,0
"Apac","Kole","Alito",2024,0
"Apac","Kole","Ayer",2012,0
"Apac","Kole","Ayer",2013,0
"Apac","Kole","Ayer",2014,0
"Apac","Kole","Ayer",2015,0
"Apac","Kole","Ayer",2016,0
"Apac","Kole","Ayer",2017,0
"Apac","Kole","Ayer",2018,0
"Apac","Kole","Ayer",2019,0
"Apac","Kole","Ayer",2020,0
"Apac","Kole","Ayer",2021,0.125262200832367
"Apac","Kole","Ayer",2022,0.41641303896904
"Apac","Kole","Ayer",2023,1.22975134849548
"Apac","Kole","Ayer",2024,36.2480087280273
"Apac","Kole","Balla",2012,0
"Apac","Kole","Balla",2013,0
"Apac","Kole","Balla",2014,0
"Apac","Kole","Balla",2015,0
"Apac","Kole","Balla",2016,0
"Apac","Kole","Balla",2017,0
"Apac","Kole","Balla",2018,0
"Apac","Kole","Balla",2019,0
"Apac","Kole","Balla",2020,0
"Apac","Kole","Balla",2021,0
"Apac","Kole","Balla",2022,0
"Apac","Kole","Balla",2023,1.07778573036194
"Apac","Kole","Balla",2024,0.599561035633087
"Apac","Kwania","Abongomola",2012,0
"Apac","Kwania","Abongomola",2013,0
"Apac","Kwania","Abongomola",2014,0
"Apac","Kwania","Abongomola",2015,0
"Apac","Kwania","Abongomola",2016,0
"Apac","Kwania","Abongomola",2017,0
"Apac","Kwania","Abongomola",2018,0
"Apac","Kwania","Abongomola",2019,0
"Apac","Kwania","Abongomola",2020,0
"Apac","Kwania","Abongomola",2021,0
"Apac","Kwania","Abongomola",2022,0
"Apac","Kwania","Abongomola",2023,0
"Apac","Kwania","Abongomola",2024,0
"Apac","Kwania","Aduku",2012,0
"Apac","Kwania","Aduku",2013,0
"Apac","Kwania","Aduku",2014,0
"Apac","Kwania","Aduku",2015,0
"Apac","Kwania","Aduku",2016,0
"Apac","Kwania","Aduku",2017,0
"Apac","Kwania","Aduku",2018,0
"Apac","Kwania","Aduku",2019,0
"Apac","Kwania","Aduku",2020,0
"Apac","Kwania","Aduku",2021,0
"Apac","Kwania","Aduku",2022,0
"Apac","Kwania","Aduku",2023,1.81453788280487
"Apac","Kwania","Aduku",2024,2.94964742660522
"Apac","Kwania","Cawente",2012,0
"Apac","Kwania","Cawente",2013,0
"Apac","Kwania","Cawente",2014,0
"Apac","Kwania","Cawente",2015,0
"Apac","Kwania","Cawente",2016,0
"Apac","Kwania","Cawente",2017,0
"Apac","Kwania","Cawente",2018,0
"Apac","Kwania","Cawente",2019,0
"Apac","Kwania","Cawente",2020,0
"Apac","Kwania","Cawente",2021,0
"Apac","Kwania","Cawente",2022,0
"Apac","Kwania","Cawente",2023,0
"Apac","Kwania","Cawente",2024,0
"Apac","Kwania","Inomo",2012,0
"Apac","Kwania","Inomo",2013,0
"Apac","Kwania","Inomo",2014,0
"Apac","Kwania","Inomo",2015,0
"Apac","Kwania","Inomo",2016,0
"Apac","Kwania","Inomo",2017,0
"Apac","Kwania","Inomo",2018,0
"Apac","Kwania","Inomo",2019,0
"Apac","Kwania","Inomo",2020,0
"Apac","Kwania","Inomo",2021,0
"Apac","Kwania","Inomo",2022,0
"Apac","Kwania","Inomo",2023,0
"Apac","Kwania","Inomo",2024,0
"Apac","Kwania","Nambieso",2012,0
"Apac","Kwania","Nambieso",2013,0
"Apac","Kwania","Nambieso",2014,0
"Apac","Kwania","Nambieso",2015,0
"Apac","Kwania","Nambieso",2016,0
"Apac","Kwania","Nambieso",2017,0
"Apac","Kwania","Nambieso",2018,0
"Apac","Kwania","Nambieso",2019,0
"Apac","Kwania","Nambieso",2020,0
"Apac","Kwania","Nambieso",2021,0
"Apac","Kwania","Nambieso",2022,0
"Apac","Kwania","Nambieso",2023,0
"Apac","Kwania","Nambieso",2024,0
"Apac","Maruzi","Akokoro",2012,0
"Apac","Maruzi","Akokoro",2013,0
"Apac","Maruzi","Akokoro",2014,0
"Apac","Maruzi","Akokoro",2015,0
"Apac","Maruzi","Akokoro",2016,0
"Apac","Maruzi","Akokoro",2017,0
"Apac","Maruzi","Akokoro",2018,0
"Apac","Maruzi","Akokoro",2019,0
"Apac","Maruzi","Akokoro",2020,0
"Apac","Maruzi","Akokoro",2021,0
"Apac","Maruzi","Akokoro",2022,0
"Apac","Maruzi","Akokoro",2023,0
"Apac","Maruzi","Akokoro",2024,0
"Apac","Maruzi","Apac",2012,0
"Apac","Maruzi","Apac",2013,0
"Apac","Maruzi","Apac",2014,0
"Apac","Maruzi","Apac",2015,0
"Apac","Maruzi","Apac",2016,0
"Apac","Maruzi","Apac",2017,0
"Apac","Maruzi","Apac",2018,0
"Apac","Maruzi","Apac",2019,0
"Apac","Maruzi","Apac",2020,0
"Apac","Maruzi","Apac",2021,0
"Apac","Maruzi","Apac",2022,0.0882822200655937
"Apac","Maruzi","Apac",2023,0
"Apac","Maruzi","Apac",2024,2.63708353042603
"Apac","Maruzi","Apac Tc",2012,0.672332167625427
"Apac","Maruzi","Apac Tc",2013,1.72572898864746
"Apac","Maruzi","Apac Tc",2014,0.507831752300262
"Apac","Maruzi","Apac Tc",2015,0
"Apac","Maruzi","Apac Tc",2016,0
"Apac","Maruzi","Apac Tc",2017,0
"Apac","Maruzi","Apac Tc",2018,0
"Apac","Maruzi","Apac Tc",2019,1.18132996559143
"Apac","Maruzi","Apac Tc",2020,1.19350969791412
"Apac","Maruzi","Apac Tc",2021,1.07190012931824
"Apac","Maruzi","Apac Tc",2022,5.59674453735352
"Apac","Maruzi","Apac Tc",2023,6.5108814239502
"Apac","Maruzi","Apac Tc",2024,42.2493553161621
"Apac","Maruzi","Cegere",2012,0
"Apac","Maruzi","Cegere",2013,0
"Apac","Maruzi","Cegere",2014,0
"Apac","Maruzi","Cegere",2015,0
"Apac","Maruzi","Cegere",2016,0
"Apac","Maruzi","Cegere",2017,0
"Apac","Maruzi","Cegere",2018,0
"Apac","Maruzi","Cegere",2019,0
"Apac","Maruzi","Cegere",2020,0
"Apac","Maruzi","Cegere",2021,0
"Apac","Maruzi","Cegere",2022,0
"Apac","Maruzi","Cegere",2023,0
"Apac","Maruzi","Cegere",2024,0
"Apac","Maruzi","Ibuje",2012,0
"Apac","Maruzi","Ibuje",2013,0
"Apac","Maruzi","Ibuje",2014,0
"Apac","Maruzi","Ibuje",2015,0
"Apac","Maruzi","Ibuje",2016,0
"Apac","Maruzi","Ibuje",2017,0
"Apac","Maruzi","Ibuje",2018,0
"Apac","Maruzi","Ibuje",2019,0
"Apac","Maruzi","Ibuje",2020,0
"Apac","Maruzi","Ibuje",2021,0
"Apac","Maruzi","Ibuje",2022,0
"Apac","Maruzi","Ibuje",2023,1.39608728885651
"Apac","Maruzi","Ibuje",2024,3.19934344291687
"Apac","Oyam","Aber",2012,0
"Apac","Oyam","Aber",2013,0
"Apac","Oyam","Aber",2014,0.0965356081724167
"Apac","Oyam","Aber",2015,11.2678499221802
"Apac","Oyam","Aber",2016,21.3046627044678
"Apac","Oyam","Aber",2017,22.4853000640869
"Apac","Oyam","Aber",2018,16.1868438720703
"Apac","Oyam","Aber",2019,12.9187917709351
"Apac","Oyam","Aber",2020,8.03009605407715
"Apac","Oyam","Aber",2021,4.45946788787842
"Apac","Oyam","Aber",2022,8.60664367675781
"Apac","Oyam","Aber",2023,30.0860958099365
"Apac","Oyam","Aber",2024,52.9250335693359
"Apac","Oyam","Achaba",2012,0
"Apac","Oyam","Achaba",2013,0
"Apac","Oyam","Achaba",2014,0
"Apac","Oyam","Achaba",2015,0
"Apac","Oyam","Achaba",2016,0
"Apac","Oyam","Achaba",2017,0
"Apac","Oyam","Achaba",2018,0
"Apac","Oyam","Achaba",2019,0
"Apac","Oyam","Achaba",2020,0
"Apac","Oyam","Achaba",2021,0
"Apac","Oyam","Achaba",2022,0
"Apac","Oyam","Achaba",2023,0
"Apac","Oyam","Achaba",2024,0
"Apac","Oyam","Icheme",2012,0
"Apac","Oyam","Icheme",2013,0
"Apac","Oyam","Icheme",2014,0
"Apac","Oyam","Icheme",2015,0
"Apac","Oyam","Icheme",2016,0
"Apac","Oyam","Icheme",2017,0
"Apac","Oyam","Icheme",2018,0
"Apac","Oyam","Icheme",2019,0
"Apac","Oyam","Icheme",2020,0
"Apac","Oyam","Icheme",2021,0
"Apac","Oyam","Icheme",2022,1.84821689128876
"Apac","Oyam","Icheme",2023,2.98966264724731
"Apac","Oyam","Icheme",2024,1.60309338569641
"Apac","Oyam","Loro",2012,0
"Apac","Oyam","Loro",2013,0
"Apac","Oyam","Loro",2014,0
"Apac","Oyam","Loro",2015,0
"Apac","Oyam","Loro",2016,0
"Apac","Oyam","Loro",2017,0
"Apac","Oyam","Loro",2018,0
"Apac","Oyam","Loro",2019,0
"Apac","Oyam","Loro",2020,0
"Apac","Oyam","Loro",2021,0
"Apac","Oyam","Loro",2022,2.70537066459656
"Apac","Oyam","Loro",2023,3.61501598358154
"Apac","Oyam","Loro",2024,4.60502052307129
"Apac","Oyam","Minakulu",2012,0
"Apac","Oyam","Minakulu",2013,0
"Apac","Oyam","Minakulu",2014,0
"Apac","Oyam","Minakulu",2015,0
"Apac","Oyam","Minakulu",2016,0
"Apac","Oyam","Minakulu",2017,0
"Apac","Oyam","Minakulu",2018,0
"Apac","Oyam","Minakulu",2019,0
"Apac","Oyam","Minakulu",2020,0
"Apac","Oyam","Minakulu",2021,0
"Apac","Oyam","Minakulu",2022,0
"Apac","Oyam","Minakulu",2023,0
"Apac","Oyam","Minakulu",2024,1.77523255348206
"Apac","Oyam","Ngai",2012,0
"Apac","Oyam","Ngai",2013,0
"Apac","Oyam","Ngai",2014,0
"Apac","Oyam","Ngai",2015,0
"Apac","Oyam","Ngai",2016,0
"Apac","Oyam","Ngai",2017,0
"Apac","Oyam","Ngai",2018,0
"Apac","Oyam","Ngai",2019,0
"Apac","Oyam","Ngai",2020,0
"Apac","Oyam","Ngai",2021,0
"Apac","Oyam","Ngai",2022,0
"Apac","Oyam","Ngai",2023,0
"Apac","Oyam","Ngai",2024,0
"Apac","Oyam","Otwal",2012,0
"Apac","Oyam","Otwal",2013,0
"Apac","Oyam","Otwal",2014,0
"Apac","Oyam","Otwal",2015,0
"Apac","Oyam","Otwal",2016,0
"Apac","Oyam","Otwal",2017,0
"Apac","Oyam","Otwal",2018,0
"Apac","Oyam","Otwal",2019,0
"Apac","Oyam","Otwal",2020,0
"Apac","Oyam","Otwal",2021,0
"Apac","Oyam","Otwal",2022,0
"Apac","Oyam","Otwal",2023,0
"Apac","Oyam","Otwal",2024,0.556761682033539
"Arua","Arua Municipality","Arua Hill",2012,6.36310863494873
"Arua","Arua Municipality","Arua Hill",2013,34.6262016296387
"Arua","Arua Municipality","Arua Hill",2014,31.1799831390381
"Arua","Arua Municipality","Arua Hill",2015,31.0295867919922
"Arua","Arua Municipality","Arua Hill",2016,35.8117332458496
"Arua","Arua Municipality","Arua Hill",2017,28.5148601531982
"Arua","Arua Municipality","Arua Hill",2018,43.1586456298828
"Arua","Arua Municipality","Arua Hill",2019,48.7265205383301
"Arua","Arua Municipality","Arua Hill",2020,84.4833374023438
"Arua","Arua Municipality","Arua Hill",2021,81.4911727905273
"Arua","Arua Municipality","Arua Hill",2022,102.744750976562
"Arua","Arua Municipality","Arua Hill",2023,110.656669616699
"Arua","Arua Municipality","Arua Hill",2024,128.136566162109
"Arua","Arua Municipality","Oli River",2012,2.05994725227356
"Arua","Arua Municipality","Oli River",2013,15.6398124694824
"Arua","Arua Municipality","Oli River",2014,14.7486982345581
"Arua","Arua Municipality","Oli River",2015,12.6452121734619
"Arua","Arua Municipality","Oli River",2016,14.2068853378296
"Arua","Arua Municipality","Oli River",2017,8.6174898147583
"Arua","Arua Municipality","Oli River",2018,11.6319770812988
"Arua","Arua Municipality","Oli River",2019,11.8068628311157
"Arua","Arua Municipality","Oli River",2020,32.6628952026367
"Arua","Arua Municipality","Oli River",2021,28.2021064758301
"Arua","Arua Municipality","Oli River",2022,42.4258117675781
"Arua","Arua Municipality","Oli River",2023,44.5490417480469
"Arua","Arua Municipality","Oli River",2024,53.9251556396484
"Arua","Ayivu","Adumi",2012,0
"Arua","Ayivu","Adumi",2013,0
"Arua","Ayivu","Adumi",2014,0
"Arua","Ayivu","Adumi",2015,0
"Arua","Ayivu","Adumi",2016,0
"Arua","Ayivu","Adumi",2017,0
"Arua","Ayivu","Adumi",2018,0
"Arua","Ayivu","Adumi",2019,0
"Arua","Ayivu","Adumi",2020,0
"Arua","Ayivu","Adumi",2021,0
"Arua","Ayivu","Adumi",2022,0
"Arua","Ayivu","Adumi",2023,0
"Arua","Ayivu","Adumi",2024,0
"Arua","Ayivu","Aroi",2012,0
"Arua","Ayivu","Aroi",2013,0
"Arua","Ayivu","Aroi",2014,0
"Arua","Ayivu","Aroi",2015,0
"Arua","Ayivu","Aroi",2016,0
"Arua","Ayivu","Aroi",2017,0
"Arua","Ayivu","Aroi",2018,0
"Arua","Ayivu","Aroi",2019,0
"Arua","Ayivu","Aroi",2020,0
"Arua","Ayivu","Aroi",2021,0
"Arua","Ayivu","Aroi",2022,0
"Arua","Ayivu","Aroi",2023,0
"Arua","Ayivu","Aroi",2024,0
"Arua","Ayivu","Dadamu",2012,0.0638172701001167
"Arua","Ayivu","Dadamu",2013,0.895108640193939
"Arua","Ayivu","Dadamu",2014,1.22694432735443
"Arua","Ayivu","Dadamu",2015,1.13232433795929
"Arua","Ayivu","Dadamu",2016,2.00614976882935
"Arua","Ayivu","Dadamu",2017,0.0890960842370987
"Arua","Ayivu","Dadamu",2018,3.20309019088745
"Arua","Ayivu","Dadamu",2019,1.06862902641296
"Arua","Ayivu","Dadamu",2020,17.4051036834717
"Arua","Ayivu","Dadamu",2021,22.240161895752
"Arua","Ayivu","Dadamu",2022,43.7627258300781
"Arua","Ayivu","Dadamu",2023,53.1663856506348
"Arua","Ayivu","Dadamu",2024,52.7513961791992
"Arua","Ayivu","Manibe",2012,0
"Arua","Ayivu","Manibe",2013,0
"Arua","Ayivu","Manibe",2014,0
"Arua","Ayivu","Manibe",2015,0
"Arua","Ayivu","Manibe",2016,0
"Arua","Ayivu","Manibe",2017,0
"Arua","Ayivu","Manibe",2018,0
"Arua","Ayivu","Manibe",2019,0
"Arua","Ayivu","Manibe",2020,0
"Arua","Ayivu","Manibe",2021,0
"Arua","Ayivu","Manibe",2022,3.04789900779724
"Arua","Ayivu","Manibe",2023,1.19417822360992
"Arua","Ayivu","Manibe",2024,2.99150395393372
"Arua","Ayivu","Oluko",2012,0
"Arua","Ayivu","Oluko",2013,1.81193852424622
"Arua","Ayivu","Oluko",2014,0.354540437459946
"Arua","Ayivu","Oluko",2015,1.86785507202148
"Arua","Ayivu","Oluko",2016,8.03923797607422
"Arua","Ayivu","Oluko",2017,3.12961387634277
"Arua","Ayivu","Oluko",2018,7.98728942871094
"Arua","Ayivu","Oluko",2019,9.12382888793945
"Arua","Ayivu","Oluko",2020,44.6913566589355
"Arua","Ayivu","Oluko",2021,45.1934661865234
"Arua","Ayivu","Oluko",2022,78.1126861572266
"Arua","Ayivu","Oluko",2023,84.6437759399414
"Arua","Ayivu","Oluko",2024,86.7459869384766
"Arua","Ayivu","Pajulu",2012,0.0574722476303577
"Arua","Ayivu","Pajulu",2013,3.52962565422058
"Arua","Ayivu","Pajulu",2014,3.69662261009216
"Arua","Ayivu","Pajulu",2015,1.86774075031281
"Arua","Ayivu","Pajulu",2016,5.71144676208496
"Arua","Ayivu","Pajulu",2017,2.59796929359436
"Arua","Ayivu","Pajulu",2018,6.69183492660522
"Arua","Ayivu","Pajulu",2019,4.58192348480225
"Arua","Ayivu","Pajulu",2020,29.8714389801025
"Arua","Ayivu","Pajulu",2021,29.1516361236572
"Arua","Ayivu","Pajulu",2022,56.3120269775391
"Arua","Ayivu","Pajulu",2023,66.8522186279297
"Arua","Ayivu","Pajulu",2024,71.2582855224609
"Arua","Koboko","Koboko Tc",2012,0
"Arua","Koboko","Koboko Tc",2013,0
"Arua","Koboko","Koboko Tc",2014,0
"Arua","Koboko","Koboko Tc",2015,0
"Arua","Koboko","Koboko Tc",2016,1.15561842918396
"Arua","Koboko","Koboko Tc",2017,0
"Arua","Koboko","Koboko Tc",2018,1.69320321083069
"Arua","Koboko","Koboko Tc",2019,3.47867202758789
"Arua","Koboko","Koboko Tc",2020,11.7616844177246
"Arua","Koboko","Koboko Tc",2021,18.2356586456299
"Arua","Koboko","Koboko Tc",2022,27.5431613922119
"Arua","Koboko","Koboko Tc",2023,30.8939476013184
"Arua","Koboko","Koboko Tc",2024,28.6728820800781
"Arua","Koboko","Kuluba",2012,0
"Arua","Koboko","Kuluba",2013,0
"Arua","Koboko","Kuluba",2014,0
"Arua","Koboko","Kuluba",2015,0
"Arua","Koboko","Kuluba",2016,0
"Arua","Koboko","Kuluba",2017,0
"Arua","Koboko","Kuluba",2018,0
"Arua","Koboko","Kuluba",2019,0
"Arua","Koboko","Kuluba",2020,0
"Arua","Koboko","Kuluba",2021,0
"Arua","Koboko","Kuluba",2022,0
"Arua","Koboko","Kuluba",2023,0
"Arua","Koboko","Kuluba",2024,0
"Arua","Koboko","Lobule",2012,0
"Arua","Koboko","Lobule",2013,0
"Arua","Koboko","Lobule",2014,0
"Arua","Koboko","Lobule",2015,0
"Arua","Koboko","Lobule",2016,0
"Arua","Koboko","Lobule",2017,0
"Arua","Koboko","Lobule",2018,0
"Arua","Koboko","Lobule",2019,0
"Arua","Koboko","Lobule",2020,0
"Arua","Koboko","Lobule",2021,0
"Arua","Koboko","Lobule",2022,0.0907668694853783
"Arua","Koboko","Lobule",2023,0.124953009188175
"Arua","Koboko","Lobule",2024,0.103576354682446
"Arua","Koboko","Ludara",2012,0
"Arua","Koboko","Ludara",2013,0
"Arua","Koboko","Ludara",2014,0
"Arua","Koboko","Ludara",2015,0
"Arua","Koboko","Ludara",2016,0
"Arua","Koboko","Ludara",2017,0
"Arua","Koboko","Ludara",2018,0
"Arua","Koboko","Ludara",2019,0
"Arua","Koboko","Ludara",2020,0
"Arua","Koboko","Ludara",2021,0
"Arua","Koboko","Ludara",2022,0
"Arua","Koboko","Ludara",2023,0
"Arua","Koboko","Ludara",2024,0
"Arua","Koboko","Midia",2012,0
"Arua","Koboko","Midia",2013,0
"Arua","Koboko","Midia",2014,0
"Arua","Koboko","Midia",2015,0
"Arua","Koboko","Midia",2016,0
"Arua","Koboko","Midia",2017,0
"Arua","Koboko","Midia",2018,0
"Arua","Koboko","Midia",2019,0
"Arua","Koboko","Midia",2020,0.0929762795567513
"Arua","Koboko","Midia",2021,0.944974541664124
"Arua","Koboko","Midia",2022,5.26147508621216
"Arua","Koboko","Midia",2023,6.55265045166016
"Arua","Koboko","Midia",2024,6.90190267562866
"Arua","Madi-Okollo","Offaka",2012,0
"Arua","Madi-Okollo","Offaka",2013,0
"Arua","Madi-Okollo","Offaka",2014,0
"Arua","Madi-Okollo","Offaka",2015,0
"Arua","Madi-Okollo","Offaka",2016,0
"Arua","Madi-Okollo","Offaka",2017,0
"Arua","Madi-Okollo","Offaka",2018,0
"Arua","Madi-Okollo","Offaka",2019,0
"Arua","Madi-Okollo","Offaka",2020,0
"Arua","Madi-Okollo","Offaka",2021,0
"Arua","Madi-Okollo","Offaka",2022,0
"Arua","Madi-Okollo","Offaka",2023,0
"Arua","Madi-Okollo","Offaka",2024,0
"Arua","Madi-Okollo","Ogoko",2012,0
"Arua","Madi-Okollo","Ogoko",2013,0
"Arua","Madi-Okollo","Ogoko",2014,0
"Arua","Madi-Okollo","Ogoko",2015,0
"Arua","Madi-Okollo","Ogoko",2016,0
"Arua","Madi-Okollo","Ogoko",2017,0
"Arua","Madi-Okollo","Ogoko",2018,0
"Arua","Madi-Okollo","Ogoko",2019,0
"Arua","Madi-Okollo","Ogoko",2020,0
"Arua","Madi-Okollo","Ogoko",2021,0
"Arua","Madi-Okollo","Ogoko",2022,0
"Arua","Madi-Okollo","Ogoko",2023,0
"Arua","Madi-Okollo","Ogoko",2024,0
"Arua","Madi-Okollo","Okollo",2012,0
"Arua","Madi-Okollo","Okollo",2013,0
"Arua","Madi-Okollo","Okollo",2014,0
"Arua","Madi-Okollo","Okollo",2015,0
"Arua","Madi-Okollo","Okollo",2016,0
"Arua","Madi-Okollo","Okollo",2017,0
"Arua","Madi-Okollo","Okollo",2018,0
"Arua","Madi-Okollo","Okollo",2019,0
"Arua","Madi-Okollo","Okollo",2020,0
"Arua","Madi-Okollo","Okollo",2021,0
"Arua","Madi-Okollo","Okollo",2022,0
"Arua","Madi-Okollo","Okollo",2023,0
"Arua","Madi-Okollo","Okollo",2024,0
"Arua","Madi-Okollo","Rhino Camp",2012,0
"Arua","Madi-Okollo","Rhino Camp",2013,0
"Arua","Madi-Okollo","Rhino Camp",2014,0
"Arua","Madi-Okollo","Rhino Camp",2015,0
"Arua","Madi-Okollo","Rhino Camp",2016,0
"Arua","Madi-Okollo","Rhino Camp",2017,0
"Arua","Madi-Okollo","Rhino Camp",2018,0
"Arua","Madi-Okollo","Rhino Camp",2019,0
"Arua","Madi-Okollo","Rhino Camp",2020,0
"Arua","Madi-Okollo","Rhino Camp",2021,0
"Arua","Madi-Okollo","Rhino Camp",2022,0
"Arua","Madi-Okollo","Rhino Camp",2023,0
"Arua","Madi-Okollo","Rhino Camp",2024,0
"Arua","Madi-Okollo","Rigbo",2012,0
"Arua","Madi-Okollo","Rigbo",2013,0
"Arua","Madi-Okollo","Rigbo",2014,0
"Arua","Madi-Okollo","Rigbo",2015,0
"Arua","Madi-Okollo","Rigbo",2016,0
"Arua","Madi-Okollo","Rigbo",2017,0
"Arua","Madi-Okollo","Rigbo",2018,0
"Arua","Madi-Okollo","Rigbo",2019,0
"Arua","Madi-Okollo","Rigbo",2020,0
"Arua","Madi-Okollo","Rigbo",2021,0
"Arua","Madi-Okollo","Rigbo",2022,0
"Arua","Madi-Okollo","Rigbo",2023,0
"Arua","Madi-Okollo","Rigbo",2024,0
"Arua","Madi-Okollo","Uleppi",2012,0
"Arua","Madi-Okollo","Uleppi",2013,0
"Arua","Madi-Okollo","Uleppi",2014,0
"Arua","Madi-Okollo","Uleppi",2015,0
"Arua","Madi-Okollo","Uleppi",2016,0
"Arua","Madi-Okollo","Uleppi",2017,0
"Arua","Madi-Okollo","Uleppi",2018,0
"Arua","Madi-Okollo","Uleppi",2019,0
"Arua","Madi-Okollo","Uleppi",2020,0
"Arua","Madi-Okollo","Uleppi",2021,0
"Arua","Madi-Okollo","Uleppi",2022,0
"Arua","Madi-Okollo","Uleppi",2023,0
"Arua","Madi-Okollo","Uleppi",2024,0
"Arua","Maracha","Kijomoro",2012,0
"Arua","Maracha","Kijomoro",2013,0
"Arua","Maracha","Kijomoro",2014,0
"Arua","Maracha","Kijomoro",2015,0
"Arua","Maracha","Kijomoro",2016,0
"Arua","Maracha","Kijomoro",2017,0
"Arua","Maracha","Kijomoro",2018,0
"Arua","Maracha","Kijomoro",2019,0
"Arua","Maracha","Kijomoro",2020,0
"Arua","Maracha","Kijomoro",2021,0
"Arua","Maracha","Kijomoro",2022,0
"Arua","Maracha","Kijomoro",2023,0
"Arua","Maracha","Kijomoro",2024,0
"Arua","Maracha","Nyadri",2012,0
"Arua","Maracha","Nyadri",2013,0
"Arua","Maracha","Nyadri",2014,0
"Arua","Maracha","Nyadri",2015,0
"Arua","Maracha","Nyadri",2016,0
"Arua","Maracha","Nyadri",2017,0
"Arua","Maracha","Nyadri",2018,0
"Arua","Maracha","Nyadri",2019,0
"Arua","Maracha","Nyadri",2020,0
"Arua","Maracha","Nyadri",2021,0
"Arua","Maracha","Nyadri",2022,0
"Arua","Maracha","Nyadri",2023,0
"Arua","Maracha","Nyadri",2024,0
"Arua","Maracha","Oleba",2012,0
"Arua","Maracha","Oleba",2013,0
"Arua","Maracha","Oleba",2014,0
"Arua","Maracha","Oleba",2015,0
"Arua","Maracha","Oleba",2016,0
"Arua","Maracha","Oleba",2017,0
"Arua","Maracha","Oleba",2018,0
"Arua","Maracha","Oleba",2019,0
"Arua","Maracha","Oleba",2020,0
"Arua","Maracha","Oleba",2021,0
"Arua","Maracha","Oleba",2022,0
"Arua","Maracha","Oleba",2023,0
"Arua","Maracha","Oleba",2024,0
"Arua","Maracha","Oluffe",2012,0
"Arua","Maracha","Oluffe",2013,0
"Arua","Maracha","Oluffe",2014,0
"Arua","Maracha","Oluffe",2015,3.87671875953674
"Arua","Maracha","Oluffe",2016,4.34222316741943
"Arua","Maracha","Oluffe",2017,2.66093254089355
"Arua","Maracha","Oluffe",2018,1.95009672641754
"Arua","Maracha","Oluffe",2019,0
"Arua","Maracha","Oluffe",2020,0
"Arua","Maracha","Oluffe",2021,0
"Arua","Maracha","Oluffe",2022,0
"Arua","Maracha","Oluffe",2023,0
"Arua","Maracha","Oluffe",2024,0
"Arua","Maracha","Oluvu",2012,0
"Arua","Maracha","Oluvu",2013,0
"Arua","Maracha","Oluvu",2014,0
"Arua","Maracha","Oluvu",2015,0
"Arua","Maracha","Oluvu",2016,0
"Arua","Maracha","Oluvu",2017,0
"Arua","Maracha","Oluvu",2018,0
"Arua","Maracha","Oluvu",2019,0
"Arua","Maracha","Oluvu",2020,0
"Arua","Maracha","Oluvu",2021,0
"Arua","Maracha","Oluvu",2022,0
"Arua","Maracha","Oluvu",2023,0
"Arua","Maracha","Oluvu",2024,0
"Arua","Maracha","Tara",2012,0
"Arua","Maracha","Tara",2013,0
"Arua","Maracha","Tara",2014,0
"Arua","Maracha","Tara",2015,0
"Arua","Maracha","Tara",2016,0
"Arua","Maracha","Tara",2017,0
"Arua","Maracha","Tara",2018,0
"Arua","Maracha","Tara",2019,0
"Arua","Maracha","Tara",2020,0
"Arua","Maracha","Tara",2021,0
"Arua","Maracha","Tara",2022,0
"Arua","Maracha","Tara",2023,0
"Arua","Maracha","Tara",2024,0
"Arua","Maracha","Yivu",2012,0
"Arua","Maracha","Yivu",2013,0
"Arua","Maracha","Yivu",2014,0
"Arua","Maracha","Yivu",2015,0
"Arua","Maracha","Yivu",2016,0
"Arua","Maracha","Yivu",2017,0
"Arua","Maracha","Yivu",2018,0
"Arua","Maracha","Yivu",2019,0
"Arua","Maracha","Yivu",2020,0
"Arua","Maracha","Yivu",2021,0
"Arua","Maracha","Yivu",2022,0
"Arua","Maracha","Yivu",2023,0
"Arua","Maracha","Yivu",2024,0
"Arua","Terego","Ali-vu",2012,0
"Arua","Terego","Ali-vu",2013,0
"Arua","Terego","Ali-vu",2014,0
"Arua","Terego","Ali-vu",2015,0
"Arua","Terego","Ali-vu",2016,0
"Arua","Terego","Ali-vu",2017,0
"Arua","Terego","Ali-vu",2018,0
"Arua","Terego","Ali-vu",2019,0
"Arua","Terego","Ali-vu",2020,0
"Arua","Terego","Ali-vu",2021,0
"Arua","Terego","Ali-vu",2022,0
"Arua","Terego","Ali-vu",2023,0
"Arua","Terego","Ali-vu",2024,0
"Arua","Terego","Beleafe",2012,0
"Arua","Terego","Beleafe",2013,0
"Arua","Terego","Beleafe",2014,0
"Arua","Terego","Beleafe",2015,0
"Arua","Terego","Beleafe",2016,0
"Arua","Terego","Beleafe",2017,0
"Arua","Terego","Beleafe",2018,0
"Arua","Terego","Beleafe",2019,0
"Arua","Terego","Beleafe",2020,0
"Arua","Terego","Beleafe",2021,0
"Arua","Terego","Beleafe",2022,0
"Arua","Terego","Beleafe",2023,0
"Arua","Terego","Beleafe",2024,0
"Arua","Terego","Katrini",2012,0
"Arua","Terego","Katrini",2013,0
"Arua","Terego","Katrini",2014,0
"Arua","Terego","Katrini",2015,0
"Arua","Terego","Katrini",2016,0
"Arua","Terego","Katrini",2017,0
"Arua","Terego","Katrini",2018,0
"Arua","Terego","Katrini",2019,0
"Arua","Terego","Katrini",2020,0
"Arua","Terego","Katrini",2021,0
"Arua","Terego","Katrini",2022,0
"Arua","Terego","Katrini",2023,0
"Arua","Terego","Katrini",2024,0
"Arua","Terego","Odupi",2012,0
"Arua","Terego","Odupi",2013,0
"Arua","Terego","Odupi",2014,0
"Arua","Terego","Odupi",2015,0
"Arua","Terego","Odupi",2016,0
"Arua","Terego","Odupi",2017,0
"Arua","Terego","Odupi",2018,0
"Arua","Terego","Odupi",2019,1.05842661857605
"Arua","Terego","Odupi",2020,0
"Arua","Terego","Odupi",2021,0
"Arua","Terego","Odupi",2022,1.66966104507446
"Arua","Terego","Odupi",2023,0.532860279083252
"Arua","Terego","Odupi",2024,1.07035934925079
"Arua","Terego","Omugo",2012,0
"Arua","Terego","Omugo",2013,0
"Arua","Terego","Omugo",2014,0
"Arua","Terego","Omugo",2015,0
"Arua","Terego","Omugo",2016,0
"Arua","Terego","Omugo",2017,0
"Arua","Terego","Omugo",2018,0
"Arua","Terego","Omugo",2019,0
"Arua","Terego","Omugo",2020,0
"Arua","Terego","Omugo",2021,0
"Arua","Terego","Omugo",2022,0
"Arua","Terego","Omugo",2023,0
"Arua","Terego","Omugo",2024,0
"Arua","Terego","Uriama",2012,0
"Arua","Terego","Uriama",2013,0
"Arua","Terego","Uriama",2014,0
"Arua","Terego","Uriama",2015,0
"Arua","Terego","Uriama",2016,0
"Arua","Terego","Uriama",2017,0
"Arua","Terego","Uriama",2018,0
"Arua","Terego","Uriama",2019,0
"Arua","Terego","Uriama",2020,0
"Arua","Terego","Uriama",2021,0
"Arua","Terego","Uriama",2022,0
"Arua","Terego","Uriama",2023,0
"Arua","Terego","Uriama",2024,0
"Arua","Vurra","Ajia",2012,0
"Arua","Vurra","Ajia",2013,0
"Arua","Vurra","Ajia",2014,0.57213968038559
"Arua","Vurra","Ajia",2015,0
"Arua","Vurra","Ajia",2016,0
"Arua","Vurra","Ajia",2017,0
"Arua","Vurra","Ajia",2018,1.70894193649292
"Arua","Vurra","Ajia",2019,4.17609119415283
"Arua","Vurra","Ajia",2020,4.05426931381226
"Arua","Vurra","Ajia",2021,5.16417932510376
"Arua","Vurra","Ajia",2022,12.1234788894653
"Arua","Vurra","Ajia",2023,6.97981309890747
"Arua","Vurra","Ajia",2024,7.94536924362183
"Arua","Vurra","Arivu",2012,0
"Arua","Vurra","Arivu",2013,0
"Arua","Vurra","Arivu",2014,0
"Arua","Vurra","Arivu",2015,0
"Arua","Vurra","Arivu",2016,0
"Arua","Vurra","Arivu",2017,0
"Arua","Vurra","Arivu",2018,0
"Arua","Vurra","Arivu",2019,0
"Arua","Vurra","Arivu",2020,0
"Arua","Vurra","Arivu",2021,0
"Arua","Vurra","Arivu",2022,0
"Arua","Vurra","Arivu",2023,0
"Arua","Vurra","Arivu",2024,0
"Arua","Vurra","Logiri",2012,0
"Arua","Vurra","Logiri",2013,0
"Arua","Vurra","Logiri",2014,0
"Arua","Vurra","Logiri",2015,0
"Arua","Vurra","Logiri",2016,0
"Arua","Vurra","Logiri",2017,0
"Arua","Vurra","Logiri",2018,0
"Arua","Vurra","Logiri",2019,0
"Arua","Vurra","Logiri",2020,0
"Arua","Vurra","Logiri",2021,0
"Arua","Vurra","Logiri",2022,0
"Arua","Vurra","Logiri",2023,0
"Arua","Vurra","Logiri",2024,0
"Arua","Vurra","Vurra",2012,0
"Arua","Vurra","Vurra",2013,0
"Arua","Vurra","Vurra",2014,0
"Arua","Vurra","Vurra",2015,0.513832449913025
"Arua","Vurra","Vurra",2016,0
"Arua","Vurra","Vurra",2017,0
"Arua","Vurra","Vurra",2018,0
"Arua","Vurra","Vurra",2019,0.459866225719452
"Arua","Vurra","Vurra",2020,3.97828602790833
"Arua","Vurra","Vurra",2021,4.38379287719727
"Arua","Vurra","Vurra",2022,23.1910972595215
"Arua","Vurra","Vurra",2023,26.555383682251
"Arua","Vurra","Vurra",2024,38.9383087158203
"Bugiri","Bukooli","Banda",2012,0
"Bugiri","Bukooli","Banda",2013,0
"Bugiri","Bukooli","Banda",2014,0
"Bugiri","Bukooli","Banda",2015,0
"Bugiri","Bukooli","Banda",2016,0
"Bugiri","Bukooli","Banda",2017,0
"Bugiri","Bukooli","Banda",2018,0
"Bugiri","Bukooli","Banda",2019,0
"Bugiri","Bukooli","Banda",2020,0
"Bugiri","Bukooli","Banda",2021,0
"Bugiri","Bukooli","Banda",2022,0
"Bugiri","Bukooli","Banda",2023,0
"Bugiri","Bukooli","Banda",2024,0
"Bugiri","Bukooli","Budhaya",2012,0
"Bugiri","Bukooli","Budhaya",2013,0
"Bugiri","Bukooli","Budhaya",2014,0
"Bugiri","Bukooli","Budhaya",2015,0
"Bugiri","Bukooli","Budhaya",2016,0
"Bugiri","Bukooli","Budhaya",2017,0
"Bugiri","Bukooli","Budhaya",2018,0
"Bugiri","Bukooli","Budhaya",2019,0
"Bugiri","Bukooli","Budhaya",2020,0
"Bugiri","Bukooli","Budhaya",2021,0
"Bugiri","Bukooli","Budhaya",2022,0
"Bugiri","Bukooli","Budhaya",2023,0
"Bugiri","Bukooli","Budhaya",2024,0
"Bugiri","Bukooli","Bugiri Tc",2012,9.0789041519165
"Bugiri","Bukooli","Bugiri Tc",2013,11.171986579895
"Bugiri","Bukooli","Bugiri Tc",2014,11.7088680267334
"Bugiri","Bukooli","Bugiri Tc",2015,15.0395889282227
"Bugiri","Bukooli","Bugiri Tc",2016,10.6342906951904
"Bugiri","Bukooli","Bugiri Tc",2017,11.9967727661133
"Bugiri","Bukooli","Bugiri Tc",2018,17.9097919464111
"Bugiri","Bukooli","Bugiri Tc",2019,10.0004100799561
"Bugiri","Bukooli","Bugiri Tc",2020,17.1146469116211
"Bugiri","Bukooli","Bugiri Tc",2021,32.4716186523438
"Bugiri","Bukooli","Bugiri Tc",2022,46.1826438903809
"Bugiri","Bukooli","Bugiri Tc",2023,54.1530456542969
"Bugiri","Bukooli","Bugiri Tc",2024,60.101692199707
"Bugiri","Bukooli","Bulidha",2012,0
"Bugiri","Bukooli","Bulidha",2013,0
"Bugiri","Bukooli","Bulidha",2014,0
"Bugiri","Bukooli","Bulidha",2015,0
"Bugiri","Bukooli","Bulidha",2016,0
"Bugiri","Bukooli","Bulidha",2017,0
"Bugiri","Bukooli","Bulidha",2018,0
"Bugiri","Bukooli","Bulidha",2019,0
"Bugiri","Bukooli","Bulidha",2020,0
"Bugiri","Bukooli","Bulidha",2021,0
"Bugiri","Bukooli","Bulidha",2022,0
"Bugiri","Bukooli","Bulidha",2023,0
"Bugiri","Bukooli","Bulidha",2024,0
"Bugiri","Bukooli","Buliisa",2012,3.32306122779846
"Bugiri","Bukooli","Buliisa",2013,3.32779288291931
"Bugiri","Bukooli","Buliisa",2014,4.20166444778442
"Bugiri","Bukooli","Buliisa",2015,2.78815984725952
"Bugiri","Bukooli","Buliisa",2016,2.35062336921692
"Bugiri","Bukooli","Buliisa",2017,1.7533016204834
"Bugiri","Bukooli","Buliisa",2018,2.22587442398071
"Bugiri","Bukooli","Buliisa",2019,0
"Bugiri","Bukooli","Buliisa",2020,0
"Bugiri","Bukooli","Buliisa",2021,0
"Bugiri","Bukooli","Buliisa",2022,1.03452634811401
"Bugiri","Bukooli","Buliisa",2023,4.94008159637451
"Bugiri","Bukooli","Buliisa",2024,5.5434455871582
"Bugiri","Bukooli","Buluguyi",2012,0
"Bugiri","Bukooli","Buluguyi",2013,0
"Bugiri","Bukooli","Buluguyi",2014,0
"Bugiri","Bukooli","Buluguyi",2015,0
"Bugiri","Bukooli","Buluguyi",2016,0
"Bugiri","Bukooli","Buluguyi",2017,0
"Bugiri","Bukooli","Buluguyi",2018,0
"Bugiri","Bukooli","Buluguyi",2019,0
"Bugiri","Bukooli","Buluguyi",2020,0
"Bugiri","Bukooli","Buluguyi",2021,0
"Bugiri","Bukooli","Buluguyi",2022,0
"Bugiri","Bukooli","Buluguyi",2023,2.55178046226501
"Bugiri","Bukooli","Buluguyi",2024,2.0393500328064
"Bugiri","Bukooli","Buswale",2012,0
"Bugiri","Bukooli","Buswale",2013,0
"Bugiri","Bukooli","Buswale",2014,0
"Bugiri","Bukooli","Buswale",2015,0
"Bugiri","Bukooli","Buswale",2016,0
"Bugiri","Bukooli","Buswale",2017,0
"Bugiri","Bukooli","Buswale",2018,0
"Bugiri","Bukooli","Buswale",2019,0
"Bugiri","Bukooli","Buswale",2020,0
"Bugiri","Bukooli","Buswale",2021,0
"Bugiri","Bukooli","Buswale",2022,0
"Bugiri","Bukooli","Buswale",2023,0
"Bugiri","Bukooli","Buswale",2024,0
"Bugiri","Bukooli","Buwunga",2012,0
"Bugiri","Bukooli","Buwunga",2013,0
"Bugiri","Bukooli","Buwunga",2014,0
"Bugiri","Bukooli","Buwunga",2015,0
"Bugiri","Bukooli","Buwunga",2016,0
"Bugiri","Bukooli","Buwunga",2017,0
"Bugiri","Bukooli","Buwunga",2018,0
"Bugiri","Bukooli","Buwunga",2019,0
"Bugiri","Bukooli","Buwunga",2020,0
"Bugiri","Bukooli","Buwunga",2021,2.35696029663086
"Bugiri","Bukooli","Buwunga",2022,5.69717884063721
"Bugiri","Bukooli","Buwunga",2023,9.722412109375
"Bugiri","Bukooli","Buwunga",2024,4.69065523147583
"Bugiri","Bukooli","Buyinja",2012,0
"Bugiri","Bukooli","Buyinja",2013,0
"Bugiri","Bukooli","Buyinja",2014,0
"Bugiri","Bukooli","Buyinja",2015,0
"Bugiri","Bukooli","Buyinja",2016,0
"Bugiri","Bukooli","Buyinja",2017,0
"Bugiri","Bukooli","Buyinja",2018,0
"Bugiri","Bukooli","Buyinja",2019,2.66749501228333
"Bugiri","Bukooli","Buyinja",2020,3.12142419815063
"Bugiri","Bukooli","Buyinja",2021,3.44857382774353
"Bugiri","Bukooli","Buyinja",2022,8.36738872528076
"Bugiri","Bukooli","Buyinja",2023,9.71600437164307
"Bugiri","Bukooli","Buyinja",2024,9.81758785247803
"Bugiri","Bukooli","Iwemba",2012,0
"Bugiri","Bukooli","Iwemba",2013,0
"Bugiri","Bukooli","Iwemba",2014,0
"Bugiri","Bukooli","Iwemba",2015,0
"Bugiri","Bukooli","Iwemba",2016,0
"Bugiri","Bukooli","Iwemba",2017,0
"Bugiri","Bukooli","Iwemba",2018,0
"Bugiri","Bukooli","Iwemba",2019,0
"Bugiri","Bukooli","Iwemba",2020,0
"Bugiri","Bukooli","Iwemba",2021,0
"Bugiri","Bukooli","Iwemba",2022,0
"Bugiri","Bukooli","Iwemba",2023,0
"Bugiri","Bukooli","Iwemba",2024,0
"Bugiri","Bukooli","Kapyanga",2012,0.674440443515778
"Bugiri","Bukooli","Kapyanga",2013,0
"Bugiri","Bukooli","Kapyanga",2014,0.0592358820140362
"Bugiri","Bukooli","Kapyanga",2015,0.141437858343124
"Bugiri","Bukooli","Kapyanga",2016,0
"Bugiri","Bukooli","Kapyanga",2017,0.064651258289814
"Bugiri","Bukooli","Kapyanga",2018,0.244462102651596
"Bugiri","Bukooli","Kapyanga",2019,0.0766591355204582
"Bugiri","Bukooli","Kapyanga",2020,0.313286662101746
"Bugiri","Bukooli","Kapyanga",2021,7.18880033493042
"Bugiri","Bukooli","Kapyanga",2022,27.6919136047363
"Bugiri","Bukooli","Kapyanga",2023,62.547176361084
"Bugiri","Bukooli","Kapyanga",2024,60.5250091552734
"Bugiri","Bukooli","Muterere",2012,0
"Bugiri","Bukooli","Muterere",2013,0
"Bugiri","Bukooli","Muterere",2014,0
"Bugiri","Bukooli","Muterere",2015,0
"Bugiri","Bukooli","Muterere",2016,0
"Bugiri","Bukooli","Muterere",2017,1.35318827629089
"Bugiri","Bukooli","Muterere",2018,0
"Bugiri","Bukooli","Muterere",2019,0
"Bugiri","Bukooli","Muterere",2020,0
"Bugiri","Bukooli","Muterere",2021,0
"Bugiri","Bukooli","Muterere",2022,0
"Bugiri","Bukooli","Muterere",2023,0.567250430583954
"Bugiri","Bukooli","Muterere",2024,0
"Bugiri","Bukooli","Mutumba",2012,0
"Bugiri","Bukooli","Mutumba",2013,0
"Bugiri","Bukooli","Mutumba",2014,0
"Bugiri","Bukooli","Mutumba",2015,0
"Bugiri","Bukooli","Mutumba",2016,0
"Bugiri","Bukooli","Mutumba",2017,0
"Bugiri","Bukooli","Mutumba",2018,0
"Bugiri","Bukooli","Mutumba",2019,0
"Bugiri","Bukooli","Mutumba",2020,0
"Bugiri","Bukooli","Mutumba",2021,0
"Bugiri","Bukooli","Mutumba",2022,0
"Bugiri","Bukooli","Mutumba",2023,0
"Bugiri","Bukooli","Mutumba",2024,0
"Bugiri","Bukooli","Nabukalu",2012,0
"Bugiri","Bukooli","Nabukalu",2013,0
"Bugiri","Bukooli","Nabukalu",2014,0
"Bugiri","Bukooli","Nabukalu",2015,0
"Bugiri","Bukooli","Nabukalu",2016,0
"Bugiri","Bukooli","Nabukalu",2017,0
"Bugiri","Bukooli","Nabukalu",2018,0
"Bugiri","Bukooli","Nabukalu",2019,0
"Bugiri","Bukooli","Nabukalu",2020,0
"Bugiri","Bukooli","Nabukalu",2021,0
"Bugiri","Bukooli","Nabukalu",2022,0
"Bugiri","Bukooli","Nabukalu",2023,0
"Bugiri","Bukooli","Nabukalu",2024,0
"Bugiri","Bukooli","Nankoma",2012,0
"Bugiri","Bukooli","Nankoma",2013,0
"Bugiri","Bukooli","Nankoma",2014,0
"Bugiri","Bukooli","Nankoma",2015,0
"Bugiri","Bukooli","Nankoma",2016,0
"Bugiri","Bukooli","Nankoma",2017,0
"Bugiri","Bukooli","Nankoma",2018,0
"Bugiri","Bukooli","Nankoma",2019,0
"Bugiri","Bukooli","Nankoma",2020,0
"Bugiri","Bukooli","Nankoma",2021,0
"Bugiri","Bukooli","Nankoma",2022,0.530611991882324
"Bugiri","Bukooli","Nankoma",2023,2.45684671401978
"Bugiri","Bukooli","Nankoma",2024,2.34395456314087
"Bugiri","Bukooli","Sigulu Islands",2012,0
"Bugiri","Bukooli","Sigulu Islands",2013,0
"Bugiri","Bukooli","Sigulu Islands",2014,0
"Bugiri","Bukooli","Sigulu Islands",2015,0
"Bugiri","Bukooli","Sigulu Islands",2016,0
"Bugiri","Bukooli","Sigulu Islands",2017,0
"Bugiri","Bukooli","Sigulu Islands",2018,0
"Bugiri","Bukooli","Sigulu Islands",2019,0
"Bugiri","Bukooli","Sigulu Islands",2020,0
"Bugiri","Bukooli","Sigulu Islands",2021,0
"Bugiri","Bukooli","Sigulu Islands",2022,0
"Bugiri","Bukooli","Sigulu Islands",2023,0
"Bugiri","Bukooli","Sigulu Islands",2024,0
"Bundibugyo","Bwamba","Bubandi",2012,0
"Bundibugyo","Bwamba","Bubandi",2013,0
"Bundibugyo","Bwamba","Bubandi",2014,0
"Bundibugyo","Bwamba","Bubandi",2015,0
"Bundibugyo","Bwamba","Bubandi",2016,0
"Bundibugyo","Bwamba","Bubandi",2017,0
"Bundibugyo","Bwamba","Bubandi",2018,0
"Bundibugyo","Bwamba","Bubandi",2019,0
"Bundibugyo","Bwamba","Bubandi",2020,0
"Bundibugyo","Bwamba","Bubandi",2021,0
"Bundibugyo","Bwamba","Bubandi",2022,0.00359380012378097
"Bundibugyo","Bwamba","Bubandi",2023,0.638050615787506
"Bundibugyo","Bwamba","Bubandi",2024,0.677812337875366
"Bundibugyo","Bwamba","Bubukwanga",2012,0.965487062931061
"Bundibugyo","Bwamba","Bubukwanga",2013,3.09677243232727
"Bundibugyo","Bwamba","Bubukwanga",2014,0.0370255596935749
"Bundibugyo","Bwamba","Bubukwanga",2015,0
"Bundibugyo","Bwamba","Bubukwanga",2016,0
"Bundibugyo","Bwamba","Bubukwanga",2017,0
"Bundibugyo","Bwamba","Bubukwanga",2018,0
"Bundibugyo","Bwamba","Bubukwanga",2019,0
"Bundibugyo","Bwamba","Bubukwanga",2020,0
"Bundibugyo","Bwamba","Bubukwanga",2021,0
"Bundibugyo","Bwamba","Bubukwanga",2022,0.0333329401910305
"Bundibugyo","Bwamba","Bubukwanga",2023,0.0379333347082138
"Bundibugyo","Bwamba","Bubukwanga",2024,0.0756278708577156
"Bundibugyo","Bwamba","Bundibugyo Tc",2012,5.52597188949585
"Bundibugyo","Bwamba","Bundibugyo Tc",2013,11.1063976287842
"Bundibugyo","Bwamba","Bundibugyo Tc",2014,4.69987964630127
"Bundibugyo","Bwamba","Bundibugyo Tc",2015,5.43054437637329
"Bundibugyo","Bwamba","Bundibugyo Tc",2016,3.9982545375824
"Bundibugyo","Bwamba","Bundibugyo Tc",2017,3.78642582893372
"Bundibugyo","Bwamba","Bundibugyo Tc",2018,5.52209520339966
"Bundibugyo","Bwamba","Bundibugyo Tc",2019,4.82533073425293
"Bundibugyo","Bwamba","Bundibugyo Tc",2020,3.86117386817932
"Bundibugyo","Bwamba","Bundibugyo Tc",2021,6.8983416557312
"Bundibugyo","Bwamba","Bundibugyo Tc",2022,12.5297317504883
"Bundibugyo","Bwamba","Bundibugyo Tc",2023,13.7110748291016
"Bundibugyo","Bwamba","Bundibugyo Tc",2024,19.7490406036377
"Bundibugyo","Bwamba","Busaru",2012,0.017957765609026
"Bundibugyo","Bwamba","Busaru",2013,0
"Bundibugyo","Bwamba","Busaru",2014,0
"Bundibugyo","Bwamba","Busaru",2015,0
"Bundibugyo","Bwamba","Busaru",2016,0
"Bundibugyo","Bwamba","Busaru",2017,0
"Bundibugyo","Bwamba","Busaru",2018,0
"Bundibugyo","Bwamba","Busaru",2019,0
"Bundibugyo","Bwamba","Busaru",2020,0
"Bundibugyo","Bwamba","Busaru",2021,0.0199614763259888
"Bundibugyo","Bwamba","Busaru",2022,1.38375961780548
"Bundibugyo","Bwamba","Busaru",2023,2.76363849639893
"Bundibugyo","Bwamba","Busaru",2024,3.36509418487549
"Bundibugyo","Bwamba","Harugali",2012,0
"Bundibugyo","Bwamba","Harugali",2013,0
"Bundibugyo","Bwamba","Harugali",2014,0
"Bundibugyo","Bwamba","Harugali",2015,0
"Bundibugyo","Bwamba","Harugali",2016,0
"Bundibugyo","Bwamba","Harugali",2017,0
"Bundibugyo","Bwamba","Harugali",2018,0
"Bundibugyo","Bwamba","Harugali",2019,0
"Bundibugyo","Bwamba","Harugali",2020,0
"Bundibugyo","Bwamba","Harugali",2021,0
"Bundibugyo","Bwamba","Harugali",2022,0
"Bundibugyo","Bwamba","Harugali",2023,0
"Bundibugyo","Bwamba","Harugali",2024,0
"Bundibugyo","Bwamba","Kasitu",2012,0
"Bundibugyo","Bwamba","Kasitu",2013,0
"Bundibugyo","Bwamba","Kasitu",2014,0
"Bundibugyo","Bwamba","Kasitu",2015,0
"Bundibugyo","Bwamba","Kasitu",2016,0
"Bundibugyo","Bwamba","Kasitu",2017,0
"Bundibugyo","Bwamba","Kasitu",2018,0
"Bundibugyo","Bwamba","Kasitu",2019,0
"Bundibugyo","Bwamba","Kasitu",2020,0
"Bundibugyo","Bwamba","Kasitu",2021,0
"Bundibugyo","Bwamba","Kasitu",2022,0
"Bundibugyo","Bwamba","Kasitu",2023,0
"Bundibugyo","Bwamba","Kasitu",2024,1.04237568378448
"Bundibugyo","Bwamba","Nduguto",2012,0
"Bundibugyo","Bwamba","Nduguto",2013,0
"Bundibugyo","Bwamba","Nduguto",2014,0
"Bundibugyo","Bwamba","Nduguto",2015,0
"Bundibugyo","Bwamba","Nduguto",2016,0
"Bundibugyo","Bwamba","Nduguto",2017,0
"Bundibugyo","Bwamba","Nduguto",2018,0
"Bundibugyo","Bwamba","Nduguto",2019,0
"Bundibugyo","Bwamba","Nduguto",2020,0.695070207118988
"Bundibugyo","Bwamba","Nduguto",2021,0
"Bundibugyo","Bwamba","Nduguto",2022,0
"Bundibugyo","Bwamba","Nduguto",2023,0
"Bundibugyo","Bwamba","Nduguto",2024,0.508658051490784
"Bundibugyo","Ntoroko","Kanara",2012,0
"Bundibugyo","Ntoroko","Kanara",2013,0
"Bundibugyo","Ntoroko","Kanara",2014,0
"Bundibugyo","Ntoroko","Kanara",2015,0
"Bundibugyo","Ntoroko","Kanara",2016,0
"Bundibugyo","Ntoroko","Kanara",2017,0
"Bundibugyo","Ntoroko","Kanara",2018,0
"Bundibugyo","Ntoroko","Kanara",2019,0
"Bundibugyo","Ntoroko","Kanara",2020,0
"Bundibugyo","Ntoroko","Kanara",2021,0
"Bundibugyo","Ntoroko","Kanara",2022,0
"Bundibugyo","Ntoroko","Kanara",2023,0
"Bundibugyo","Ntoroko","Kanara",2024,0
"Bundibugyo","Ntoroko","Karugutu",2012,2.87186312675476
"Bundibugyo","Ntoroko","Karugutu",2013,2.93655920028687
"Bundibugyo","Ntoroko","Karugutu",2014,2.02749681472778
"Bundibugyo","Ntoroko","Karugutu",2015,3.95102214813232
"Bundibugyo","Ntoroko","Karugutu",2016,3.12422037124634
"Bundibugyo","Ntoroko","Karugutu",2017,0
"Bundibugyo","Ntoroko","Karugutu",2018,0
"Bundibugyo","Ntoroko","Karugutu",2019,1.99379289150238
"Bundibugyo","Ntoroko","Karugutu",2020,0
"Bundibugyo","Ntoroko","Karugutu",2021,0
"Bundibugyo","Ntoroko","Karugutu",2022,0.535453855991364
"Bundibugyo","Ntoroko","Karugutu",2023,1.72931170463562
"Bundibugyo","Ntoroko","Karugutu",2024,3.21700143814087
"Bundibugyo","Ntoroko","Rwebisengo",2012,0
"Bundibugyo","Ntoroko","Rwebisengo",2013,0
"Bundibugyo","Ntoroko","Rwebisengo",2014,0
"Bundibugyo","Ntoroko","Rwebisengo",2015,0
"Bundibugyo","Ntoroko","Rwebisengo",2016,0
"Bundibugyo","Ntoroko","Rwebisengo",2017,0
"Bundibugyo","Ntoroko","Rwebisengo",2018,0
"Bundibugyo","Ntoroko","Rwebisengo",2019,0
"Bundibugyo","Ntoroko","Rwebisengo",2020,0
"Bundibugyo","Ntoroko","Rwebisengo",2021,0
"Bundibugyo","Ntoroko","Rwebisengo",2022,0.50141716003418
"Bundibugyo","Ntoroko","Rwebisengo",2023,1.630530834198
"Bundibugyo","Ntoroko","Rwebisengo",2024,0.524082720279694
"Bushenyi","Buhweju","Bihanga",2012,0
"Bushenyi","Buhweju","Bihanga",2013,0
"Bushenyi","Buhweju","Bihanga",2014,0
"Bushenyi","Buhweju","Bihanga",2015,0
"Bushenyi","Buhweju","Bihanga",2016,0
"Bushenyi","Buhweju","Bihanga",2017,0
"Bushenyi","Buhweju","Bihanga",2018,0
"Bushenyi","Buhweju","Bihanga",2019,0
"Bushenyi","Buhweju","Bihanga",2020,0
"Bushenyi","Buhweju","Bihanga",2021,0
"Bushenyi","Buhweju","Bihanga",2022,0
"Bushenyi","Buhweju","Bihanga",2023,0
"Bushenyi","Buhweju","Bihanga",2024,0
"Bushenyi","Buhweju","Burere",2012,0
"Bushenyi","Buhweju","Burere",2013,0
"Bushenyi","Buhweju","Burere",2014,0
"Bushenyi","Buhweju","Burere",2015,0
"Bushenyi","Buhweju","Burere",2016,0
"Bushenyi","Buhweju","Burere",2017,0
"Bushenyi","Buhweju","Burere",2018,0
"Bushenyi","Buhweju","Burere",2019,0
"Bushenyi","Buhweju","Burere",2020,0
"Bushenyi","Buhweju","Burere",2021,0
"Bushenyi","Buhweju","Burere",2022,0
"Bushenyi","Buhweju","Burere",2023,1.07243251800537
"Bushenyi","Buhweju","Burere",2024,0.612138330936432
"Bushenyi","Buhweju","Karungu",2012,0
"Bushenyi","Buhweju","Karungu",2013,0
"Bushenyi","Buhweju","Karungu",2014,0
"Bushenyi","Buhweju","Karungu",2015,0
"Bushenyi","Buhweju","Karungu",2016,0
"Bushenyi","Buhweju","Karungu",2017,0
"Bushenyi","Buhweju","Karungu",2018,0
"Bushenyi","Buhweju","Karungu",2019,0
"Bushenyi","Buhweju","Karungu",2020,0
"Bushenyi","Buhweju","Karungu",2021,0
"Bushenyi","Buhweju","Karungu",2022,0
"Bushenyi","Buhweju","Karungu",2023,0.514701843261719
"Bushenyi","Buhweju","Karungu",2024,0
"Bushenyi","Buhweju","Rwengwe",2012,0
"Bushenyi","Buhweju","Rwengwe",2013,0
"Bushenyi","Buhweju","Rwengwe",2014,0
"Bushenyi","Buhweju","Rwengwe",2015,0
"Bushenyi","Buhweju","Rwengwe",2016,0
"Bushenyi","Buhweju","Rwengwe",2017,0
"Bushenyi","Buhweju","Rwengwe",2018,0
"Bushenyi","Buhweju","Rwengwe",2019,0
"Bushenyi","Buhweju","Rwengwe",2020,0
"Bushenyi","Buhweju","Rwengwe",2021,0
"Bushenyi","Buhweju","Rwengwe",2022,0
"Bushenyi","Buhweju","Rwengwe",2023,0.656679153442383
"Bushenyi","Buhweju","Rwengwe",2024,0
"Bushenyi","Bunyaruguru","Burere",2012,0
"Bushenyi","Bunyaruguru","Burere",2013,0
"Bushenyi","Bunyaruguru","Burere",2014,0
"Bushenyi","Bunyaruguru","Burere",2015,0
"Bushenyi","Bunyaruguru","Burere",2016,0
"Bushenyi","Bunyaruguru","Burere",2017,0
"Bushenyi","Bunyaruguru","Burere",2018,0
"Bushenyi","Bunyaruguru","Burere",2019,0
"Bushenyi","Bunyaruguru","Burere",2020,0
"Bushenyi","Bunyaruguru","Burere",2021,0
"Bushenyi","Bunyaruguru","Burere",2022,0
"Bushenyi","Bunyaruguru","Burere",2023,0
"Bushenyi","Bunyaruguru","Burere",2024,0
"Bushenyi","Bunyaruguru","Katerera",2012,0
"Bushenyi","Bunyaruguru","Katerera",2013,0
"Bushenyi","Bunyaruguru","Katerera",2014,0
"Bushenyi","Bunyaruguru","Katerera",2015,0
"Bushenyi","Bunyaruguru","Katerera",2016,0
"Bushenyi","Bunyaruguru","Katerera",2017,0
"Bushenyi","Bunyaruguru","Katerera",2018,0
"Bushenyi","Bunyaruguru","Katerera",2019,0
"Bushenyi","Bunyaruguru","Katerera",2020,0
"Bushenyi","Bunyaruguru","Katerera",2021,0
"Bushenyi","Bunyaruguru","Katerera",2022,4.01543712615967
"Bushenyi","Bunyaruguru","Katerera",2023,5.11922407150269
"Bushenyi","Bunyaruguru","Katerera",2024,6.21270990371704
"Bushenyi","Bunyaruguru","Katunguru",2012,0
"Bushenyi","Bunyaruguru","Katunguru",2013,0
"Bushenyi","Bunyaruguru","Katunguru",2014,0
"Bushenyi","Bunyaruguru","Katunguru",2015,0
"Bushenyi","Bunyaruguru","Katunguru",2016,0
"Bushenyi","Bunyaruguru","Katunguru",2017,0
"Bushenyi","Bunyaruguru","Katunguru",2018,0
"Bushenyi","Bunyaruguru","Katunguru",2019,0.131840467453003
"Bushenyi","Bunyaruguru","Katunguru",2020,0
"Bushenyi","Bunyaruguru","Katunguru",2021,0
"Bushenyi","Bunyaruguru","Katunguru",2022,0.161807581782341
"Bushenyi","Bunyaruguru","Katunguru",2023,0.643630146980286
"Bushenyi","Bunyaruguru","Katunguru",2024,1.29961884021759
"Bushenyi","Bunyaruguru","Kichwamba",2012,0
"Bushenyi","Bunyaruguru","Kichwamba",2013,0
"Bushenyi","Bunyaruguru","Kichwamba",2014,0
"Bushenyi","Bunyaruguru","Kichwamba",2015,0
"Bushenyi","Bunyaruguru","Kichwamba",2016,0
"Bushenyi","Bunyaruguru","Kichwamba",2017,0
"Bushenyi","Bunyaruguru","Kichwamba",2018,0
"Bushenyi","Bunyaruguru","Kichwamba",2019,0
"Bushenyi","Bunyaruguru","Kichwamba",2020,0
"Bushenyi","Bunyaruguru","Kichwamba",2021,0
"Bushenyi","Bunyaruguru","Kichwamba",2022,1.65469121932983
"Bushenyi","Bunyaruguru","Kichwamba",2023,2.66928291320801
"Bushenyi","Bunyaruguru","Kichwamba",2024,1.58654022216797
"Bushenyi","Bunyaruguru","Ryeru",2012,1.21028804779053
"Bushenyi","Bunyaruguru","Ryeru",2013,0
"Bushenyi","Bunyaruguru","Ryeru",2014,3.2220675945282
"Bushenyi","Bunyaruguru","Ryeru",2015,0
"Bushenyi","Bunyaruguru","Ryeru",2016,0
"Bushenyi","Bunyaruguru","Ryeru",2017,1.47917819023132
"Bushenyi","Bunyaruguru","Ryeru",2018,0.61296546459198
"Bushenyi","Bunyaruguru","Ryeru",2019,0
"Bushenyi","Bunyaruguru","Ryeru",2020,0
"Bushenyi","Bunyaruguru","Ryeru",2021,6.8873233795166
"Bushenyi","Bunyaruguru","Ryeru",2022,9.4755973815918
"Bushenyi","Bunyaruguru","Ryeru",2023,13.184061050415
"Bushenyi","Bunyaruguru","Ryeru",2024,7.23444223403931
"Bushenyi","Igara","Bumbaire",2012,0.82570892572403
"Bushenyi","Igara","Bumbaire",2013,0.733913660049438
"Bushenyi","Igara","Bumbaire",2014,0.172812595963478
"Bushenyi","Igara","Bumbaire",2015,0.673794209957123
"Bushenyi","Igara","Bumbaire",2016,0.51421058177948
"Bushenyi","Igara","Bumbaire",2017,0.546590507030487
"Bushenyi","Igara","Bumbaire",2018,1.40723538398743
"Bushenyi","Igara","Bumbaire",2019,0.001293042791076
"Bushenyi","Igara","Bumbaire",2020,0.00153515976853669
"Bushenyi","Igara","Bumbaire",2021,0.0682392418384552
"Bushenyi","Igara","Bumbaire",2022,5.65763282775879
"Bushenyi","Igara","Bumbaire",2023,17.7503967285156
"Bushenyi","Igara","Bumbaire",2024,15.345386505127
"Bushenyi","Igara","Bushenyi-Ishaka Tc",2012,44.3821907043457
"Bushenyi","Igara","Bushenyi-Ishaka Tc",2013,37.8857841491699
"Bushenyi","Igara","Bushenyi-Ishaka Tc",2014,38.8522453308105
"Bushenyi","Igara","Bushenyi-Ishaka Tc",2015,33.267635345459
"Bushenyi","Igara","Bushenyi-Ishaka Tc",2016,34.715934753418
"Bushenyi","Igara","Bushenyi-Ishaka Tc",2017,32.6760101318359
"Bushenyi","Igara","Bushenyi-Ishaka Tc",2018,36.1769218444824
"Bushenyi","Igara","Bushenyi-Ishaka Tc",2019,32.6452522277832
"Bushenyi","Igara","Bushenyi-Ishaka Tc",2020,43.1111335754395
"Bushenyi","Igara","Bushenyi-Ishaka Tc",2021,49.7599716186523
"Bushenyi","Igara","Bushenyi-Ishaka Tc",2022,90.4445419311523
"Bushenyi","Igara","Bushenyi-Ishaka Tc",2023,118.485595703125
"Bushenyi","Igara","Bushenyi-Ishaka Tc",2024,136.688507080078
"Bushenyi","Igara","Kakanju",2012,0
"Bushenyi","Igara","Kakanju",2013,0
"Bushenyi","Igara","Kakanju",2014,0
"Bushenyi","Igara","Kakanju",2015,0
"Bushenyi","Igara","Kakanju",2016,0
"Bushenyi","Igara","Kakanju",2017,0
"Bushenyi","Igara","Kakanju",2018,0
"Bushenyi","Igara","Kakanju",2019,0
"Bushenyi","Igara","Kakanju",2020,0
"Bushenyi","Igara","Kakanju",2021,0
"Bushenyi","Igara","Kakanju",2022,0.155155703425407
"Bushenyi","Igara","Kakanju",2023,0.749867260456085
"Bushenyi","Igara","Kakanju",2024,0.743338525295258
"Bushenyi","Igara","Kyabugimbi",2012,0
"Bushenyi","Igara","Kyabugimbi",2013,0
"Bushenyi","Igara","Kyabugimbi",2014,0
"Bushenyi","Igara","Kyabugimbi",2015,0
"Bushenyi","Igara","Kyabugimbi",2016,0
"Bushenyi","Igara","Kyabugimbi",2017,0
"Bushenyi","Igara","Kyabugimbi",2018,0
"Bushenyi","Igara","Kyabugimbi",2019,0
"Bushenyi","Igara","Kyabugimbi",2020,0.518620252609253
"Bushenyi","Igara","Kyabugimbi",2021,0
"Bushenyi","Igara","Kyabugimbi",2022,0
"Bushenyi","Igara","Kyabugimbi",2023,0
"Bushenyi","Igara","Kyabugimbi",2024,0
"Bushenyi","Igara","Kyamuhunga",2012,4.26513147354126
"Bushenyi","Igara","Kyamuhunga",2013,3.48247385025024
"Bushenyi","Igara","Kyamuhunga",2014,4.2169303894043
"Bushenyi","Igara","Kyamuhunga",2015,1.31609416007996
"Bushenyi","Igara","Kyamuhunga",2016,0.545430064201355
"Bushenyi","Igara","Kyamuhunga",2017,0.59541130065918
"Bushenyi","Igara","Kyamuhunga",2018,5.60542869567871
"Bushenyi","Igara","Kyamuhunga",2019,2.99105048179626
"Bushenyi","Igara","Kyamuhunga",2020,3.58319234848022
"Bushenyi","Igara","Kyamuhunga",2021,0
"Bushenyi","Igara","Kyamuhunga",2022,6.03831434249878
"Bushenyi","Igara","Kyamuhunga",2023,8.94476509094238
"Bushenyi","Igara","Kyamuhunga",2024,6.46699905395508
"Bushenyi","Igara","Kyeizoba",2012,1.19360911846161
"Bushenyi","Igara","Kyeizoba",2013,0
"Bushenyi","Igara","Kyeizoba",2014,0.168105229735374
"Bushenyi","Igara","Kyeizoba",2015,0.0965766981244087
"Bushenyi","Igara","Kyeizoba",2016,0.441422432661057
"Bushenyi","Igara","Kyeizoba",2017,0
"Bushenyi","Igara","Kyeizoba",2018,0
"Bushenyi","Igara","Kyeizoba",2019,0
"Bushenyi","Igara","Kyeizoba",2020,2.25364971160889
"Bushenyi","Igara","Kyeizoba",2021,13.404806137085
"Bushenyi","Igara","Kyeizoba",2022,25.6002197265625
"Bushenyi","Igara","Kyeizoba",2023,36.4872932434082
"Bushenyi","Igara","Kyeizoba",2024,27.8204288482666
"Bushenyi","Igara","Nyabubare",2012,4.52884340286255
"Bushenyi","Igara","Nyabubare",2013,1.85501158237457
"Bushenyi","Igara","Nyabubare",2014,2.23881435394287
"Bushenyi","Igara","Nyabubare",2015,1.49840939044952
"Bushenyi","Igara","Nyabubare",2016,1.56158590316772
"Bushenyi","Igara","Nyabubare",2017,1.66274261474609
"Bushenyi","Igara","Nyabubare",2018,3.32136702537537
"Bushenyi","Igara","Nyabubare",2019,1.78676521778107
"Bushenyi","Igara","Nyabubare",2020,1.93015909194946
"Bushenyi","Igara","Nyabubare",2021,4.86921262741089
"Bushenyi","Igara","Nyabubare",2022,15.7781267166138
"Bushenyi","Igara","Nyabubare",2023,24.5605297088623
"Bushenyi","Igara","Nyabubare",2024,27.5209159851074
"Bushenyi","Ruhinda","Bitereko",2012,0
"Bushenyi","Ruhinda","Bitereko",2013,0
"Bushenyi","Ruhinda","Bitereko",2014,0
"Bushenyi","Ruhinda","Bitereko",2015,0
"Bushenyi","Ruhinda","Bitereko",2016,0
"Bushenyi","Ruhinda","Bitereko",2017,0
"Bushenyi","Ruhinda","Bitereko",2018,0
"Bushenyi","Ruhinda","Bitereko",2019,0
"Bushenyi","Ruhinda","Bitereko",2020,0
"Bushenyi","Ruhinda","Bitereko",2021,0
"Bushenyi","Ruhinda","Bitereko",2022,0.551326632499695
"Bushenyi","Ruhinda","Bitereko",2023,1.16829419136047
"Bushenyi","Ruhinda","Bitereko",2024,0.609715044498444
"Bushenyi","Ruhinda","Kabira",2012,1.3301614522934
"Bushenyi","Ruhinda","Kabira",2013,0
"Bushenyi","Ruhinda","Kabira",2014,0
"Bushenyi","Ruhinda","Kabira",2015,0
"Bushenyi","Ruhinda","Kabira",2016,0
"Bushenyi","Ruhinda","Kabira",2017,0
"Bushenyi","Ruhinda","Kabira",2018,0
"Bushenyi","Ruhinda","Kabira",2019,0
"Bushenyi","Ruhinda","Kabira",2020,0
"Bushenyi","Ruhinda","Kabira",2021,0
"Bushenyi","Ruhinda","Kabira",2022,0
"Bushenyi","Ruhinda","Kabira",2023,0.995527625083923
"Bushenyi","Ruhinda","Kabira",2024,0.426791042089462
"Bushenyi","Ruhinda","Kanyabwanga",2012,0
"Bushenyi","Ruhinda","Kanyabwanga",2013,0
"Bushenyi","Ruhinda","Kanyabwanga",2014,0
"Bushenyi","Ruhinda","Kanyabwanga",2015,0
"Bushenyi","Ruhinda","Kanyabwanga",2016,0
"Bushenyi","Ruhinda","Kanyabwanga",2017,0
"Bushenyi","Ruhinda","Kanyabwanga",2018,0
"Bushenyi","Ruhinda","Kanyabwanga",2019,0
"Bushenyi","Ruhinda","Kanyabwanga",2020,0
"Bushenyi","Ruhinda","Kanyabwanga",2021,0
"Bushenyi","Ruhinda","Kanyabwanga",2022,0
"Bushenyi","Ruhinda","Kanyabwanga",2023,0
"Bushenyi","Ruhinda","Kanyabwanga",2024,0
"Bushenyi","Ruhinda","Kashenshero",2012,2.36770534515381
"Bushenyi","Ruhinda","Kashenshero",2013,1.71412467956543
"Bushenyi","Ruhinda","Kashenshero",2014,0
"Bushenyi","Ruhinda","Kashenshero",2015,0
"Bushenyi","Ruhinda","Kashenshero",2016,0
"Bushenyi","Ruhinda","Kashenshero",2017,0
"Bushenyi","Ruhinda","Kashenshero",2018,0
"Bushenyi","Ruhinda","Kashenshero",2019,0
"Bushenyi","Ruhinda","Kashenshero",2020,0
"Bushenyi","Ruhinda","Kashenshero",2021,0
"Bushenyi","Ruhinda","Kashenshero",2022,1.7392725944519
"Bushenyi","Ruhinda","Kashenshero",2023,2.97989273071289
"Bushenyi","Ruhinda","Kashenshero",2024,0
"Bushenyi","Ruhinda","Kiyanga",2012,0
"Bushenyi","Ruhinda","Kiyanga",2013,0
"Bushenyi","Ruhinda","Kiyanga",2014,0
"Bushenyi","Ruhinda","Kiyanga",2015,0
"Bushenyi","Ruhinda","Kiyanga",2016,0
"Bushenyi","Ruhinda","Kiyanga",2017,0
"Bushenyi","Ruhinda","Kiyanga",2018,0
"Bushenyi","Ruhinda","Kiyanga",2019,0
"Bushenyi","Ruhinda","Kiyanga",2020,0
"Bushenyi","Ruhinda","Kiyanga",2021,0
"Bushenyi","Ruhinda","Kiyanga",2022,0
"Bushenyi","Ruhinda","Kiyanga",2023,0
"Bushenyi","Ruhinda","Kiyanga",2024,0
"Bushenyi","Ruhinda","Mitooma",2012,0.570404529571533
"Bushenyi","Ruhinda","Mitooma",2013,0
"Bushenyi","Ruhinda","Mitooma",2014,0
"Bushenyi","Ruhinda","Mitooma",2015,0
"Bushenyi","Ruhinda","Mitooma",2016,0
"Bushenyi","Ruhinda","Mitooma",2017,0
"Bushenyi","Ruhinda","Mitooma",2018,0.0966855585575104
"Bushenyi","Ruhinda","Mitooma",2019,0
"Bushenyi","Ruhinda","Mitooma",2020,0
"Bushenyi","Ruhinda","Mitooma",2021,0
"Bushenyi","Ruhinda","Mitooma",2022,1.06233048439026
"Bushenyi","Ruhinda","Mitooma",2023,2.49506425857544
"Bushenyi","Ruhinda","Mitooma",2024,1.12940359115601
"Bushenyi","Ruhinda","Mutara",2012,0
"Bushenyi","Ruhinda","Mutara",2013,0
"Bushenyi","Ruhinda","Mutara",2014,0
"Bushenyi","Ruhinda","Mutara",2015,0
"Bushenyi","Ruhinda","Mutara",2016,0
"Bushenyi","Ruhinda","Mutara",2017,0
"Bushenyi","Ruhinda","Mutara",2018,0
"Bushenyi","Ruhinda","Mutara",2019,0
"Bushenyi","Ruhinda","Mutara",2020,0
"Bushenyi","Ruhinda","Mutara",2021,0
"Bushenyi","Ruhinda","Mutara",2022,0
"Bushenyi","Ruhinda","Mutara",2023,1.96814823150635
"Bushenyi","Ruhinda","Mutara",2024,2.49171233177185
"Bushenyi","Sheema","Bugongi",2012,1.14001059532166
"Bushenyi","Sheema","Bugongi",2013,0
"Bushenyi","Sheema","Bugongi",2014,0
"Bushenyi","Sheema","Bugongi",2015,0
"Bushenyi","Sheema","Bugongi",2016,0
"Bushenyi","Sheema","Bugongi",2017,0
"Bushenyi","Sheema","Bugongi",2018,0
"Bushenyi","Sheema","Bugongi",2019,0
"Bushenyi","Sheema","Bugongi",2020,0
"Bushenyi","Sheema","Bugongi",2021,0
"Bushenyi","Sheema","Bugongi",2022,1.57100200653076
"Bushenyi","Sheema","Bugongi",2023,3.76805448532104
"Bushenyi","Sheema","Bugongi",2024,2.56631684303284
"Bushenyi","Sheema","Kabwohe-Itender",2012,10.9083671569824
"Bushenyi","Sheema","Kabwohe-Itender",2013,12.9127731323242
"Bushenyi","Sheema","Kabwohe-Itender",2014,7.65560436248779
"Bushenyi","Sheema","Kabwohe-Itender",2015,9.84317779541016
"Bushenyi","Sheema","Kabwohe-Itender",2016,5.92276954650879
"Bushenyi","Sheema","Kabwohe-Itender",2017,6.72909927368164
"Bushenyi","Sheema","Kabwohe-Itender",2018,14.5985202789307
"Bushenyi","Sheema","Kabwohe-Itender",2019,15.3983345031738
"Bushenyi","Sheema","Kabwohe-Itender",2020,19.9787101745605
"Bushenyi","Sheema","Kabwohe-Itender",2021,22.3052177429199
"Bushenyi","Sheema","Kabwohe-Itender",2022,41.3570251464844
"Bushenyi","Sheema","Kabwohe-Itender",2023,60.4161338806152
"Bushenyi","Sheema","Kabwohe-Itender",2024,95.6589508056641
"Bushenyi","Sheema","Kagango",2012,0
"Bushenyi","Sheema","Kagango",2013,0
"Bushenyi","Sheema","Kagango",2014,0
"Bushenyi","Sheema","Kagango",2015,0
"Bushenyi","Sheema","Kagango",2016,0
"Bushenyi","Sheema","Kagango",2017,0
"Bushenyi","Sheema","Kagango",2018,0
"Bushenyi","Sheema","Kagango",2019,0
"Bushenyi","Sheema","Kagango",2020,0
"Bushenyi","Sheema","Kagango",2021,0
"Bushenyi","Sheema","Kagango",2022,0
"Bushenyi","Sheema","Kagango",2023,2.26579213142395
"Bushenyi","Sheema","Kagango",2024,7.6325511932373
"Bushenyi","Sheema","Kigarama",2012,0
"Bushenyi","Sheema","Kigarama",2013,0
"Bushenyi","Sheema","Kigarama",2014,0
"Bushenyi","Sheema","Kigarama",2015,0
"Bushenyi","Sheema","Kigarama",2016,0
"Bushenyi","Sheema","Kigarama",2017,0
"Bushenyi","Sheema","Kigarama",2018,3.40113139152527
"Bushenyi","Sheema","Kigarama",2019,0
"Bushenyi","Sheema","Kigarama",2020,0
"Bushenyi","Sheema","Kigarama",2021,1.73831617832184
"Bushenyi","Sheema","Kigarama",2022,0.628974974155426
"Bushenyi","Sheema","Kigarama",2023,3.72496223449707
"Bushenyi","Sheema","Kigarama",2024,12.2460479736328
"Bushenyi","Sheema","Kitagata",2012,1.24084901809692
"Bushenyi","Sheema","Kitagata",2013,2.55341601371765
"Bushenyi","Sheema","Kitagata",2014,0
"Bushenyi","Sheema","Kitagata",2015,0
"Bushenyi","Sheema","Kitagata",2016,0
"Bushenyi","Sheema","Kitagata",2017,0
"Bushenyi","Sheema","Kitagata",2018,0.506899356842041
"Bushenyi","Sheema","Kitagata",2019,0.516542494297028
"Bushenyi","Sheema","Kitagata",2020,1.07594227790833
"Bushenyi","Sheema","Kitagata",2021,0
"Bushenyi","Sheema","Kitagata",2022,3.55299687385559
"Bushenyi","Sheema","Kitagata",2023,6.7888126373291
"Bushenyi","Sheema","Kitagata",2024,10.443826675415
"Bushenyi","Sheema","Kyangyenyi",2012,0
"Bushenyi","Sheema","Kyangyenyi",2013,0
"Bushenyi","Sheema","Kyangyenyi",2014,0
"Bushenyi","Sheema","Kyangyenyi",2015,0
"Bushenyi","Sheema","Kyangyenyi",2016,0
"Bushenyi","Sheema","Kyangyenyi",2017,0
"Bushenyi","Sheema","Kyangyenyi",2018,0
"Bushenyi","Sheema","Kyangyenyi",2019,0
"Bushenyi","Sheema","Kyangyenyi",2020,0
"Bushenyi","Sheema","Kyangyenyi",2021,0
"Bushenyi","Sheema","Kyangyenyi",2022,0
"Bushenyi","Sheema","Kyangyenyi",2023,0
"Bushenyi","Sheema","Kyangyenyi",2024,0
"Bushenyi","Sheema","Shuuku",2012,2.71750450134277
"Bushenyi","Sheema","Shuuku",2013,0.782646238803864
"Bushenyi","Sheema","Shuuku",2014,0
"Bushenyi","Sheema","Shuuku",2015,0
"Bushenyi","Sheema","Shuuku",2016,0
"Bushenyi","Sheema","Shuuku",2017,0
"Bushenyi","Sheema","Shuuku",2018,0
"Bushenyi","Sheema","Shuuku",2019,0
"Bushenyi","Sheema","Shuuku",2020,0.0025137288030237
"Bushenyi","Sheema","Shuuku",2021,0.00293761980719864
"Bushenyi","Sheema","Shuuku",2022,0.173391744494438
"Bushenyi","Sheema","Shuuku",2023,2.55804824829102
"Bushenyi","Sheema","Shuuku",2024,1.34833097457886
"Busia","Samia-Bugwe","Buhehe",2012,0
"Busia","Samia-Bugwe","Buhehe",2013,0
"Busia","Samia-Bugwe","Buhehe",2014,0
"Busia","Samia-Bugwe","Buhehe",2015,0
"Busia","Samia-Bugwe","Buhehe",2016,0
"Busia","Samia-Bugwe","Buhehe",2017,0
"Busia","Samia-Bugwe","Buhehe",2018,0
"Busia","Samia-Bugwe","Buhehe",2019,0
"Busia","Samia-Bugwe","Buhehe",2020,0
"Busia","Samia-Bugwe","Buhehe",2021,0
"Busia","Samia-Bugwe","Buhehe",2022,0
"Busia","Samia-Bugwe","Buhehe",2023,0.440810859203339
"Busia","Samia-Bugwe","Buhehe",2024,0
"Busia","Samia-Bugwe","Bulumbi",2012,0
"Busia","Samia-Bugwe","Bulumbi",2013,0
"Busia","Samia-Bugwe","Bulumbi",2014,0
"Busia","Samia-Bugwe","Bulumbi",2015,0
"Busia","Samia-Bugwe","Bulumbi",2016,0
"Busia","Samia-Bugwe","Bulumbi",2017,0
"Busia","Samia-Bugwe","Bulumbi",2018,0
"Busia","Samia-Bugwe","Bulumbi",2019,2.15492343902588
"Busia","Samia-Bugwe","Bulumbi",2020,1.18010807037354
"Busia","Samia-Bugwe","Bulumbi",2021,1.16940236091614
"Busia","Samia-Bugwe","Bulumbi",2022,1.04204726219177
"Busia","Samia-Bugwe","Bulumbi",2023,4.73343133926392
"Busia","Samia-Bugwe","Bulumbi",2024,4.93434047698975
"Busia","Samia-Bugwe","Busia Tc",2012,42.5229911804199
"Busia","Samia-Bugwe","Busia Tc",2013,35.2192459106445
"Busia","Samia-Bugwe","Busia Tc",2014,31.7663478851318
"Busia","Samia-Bugwe","Busia Tc",2015,35.9979209899902
"Busia","Samia-Bugwe","Busia Tc",2016,32.9124412536621
"Busia","Samia-Bugwe","Busia Tc",2017,42.5753211975098
"Busia","Samia-Bugwe","Busia Tc",2018,45.2622337341309
"Busia","Samia-Bugwe","Busia Tc",2019,58.8856582641602
"Busia","Samia-Bugwe","Busia Tc",2020,61.2410202026367
"Busia","Samia-Bugwe","Busia Tc",2021,67.3543472290039
"Busia","Samia-Bugwe","Busia Tc",2022,88.1132049560547
"Busia","Samia-Bugwe","Busia Tc",2023,101.607139587402
"Busia","Samia-Bugwe","Busia Tc",2024,136.100280761719
"Busia","Samia-Bugwe","Busitema",2012,0
"Busia","Samia-Bugwe","Busitema",2013,0
"Busia","Samia-Bugwe","Busitema",2014,0
"Busia","Samia-Bugwe","Busitema",2015,0
"Busia","Samia-Bugwe","Busitema",2016,0
"Busia","Samia-Bugwe","Busitema",2017,0
"Busia","Samia-Bugwe","Busitema",2018,0
"Busia","Samia-Bugwe","Busitema",2019,0.0135582285001874
"Busia","Samia-Bugwe","Busitema",2020,0.014317742548883
"Busia","Samia-Bugwe","Busitema",2021,0.758282899856567
"Busia","Samia-Bugwe","Busitema",2022,4.25412225723267
"Busia","Samia-Bugwe","Busitema",2023,15.1246013641357
"Busia","Samia-Bugwe","Busitema",2024,25.1931209564209
"Busia","Samia-Bugwe","Buteba",2012,0
"Busia","Samia-Bugwe","Buteba",2013,0
"Busia","Samia-Bugwe","Buteba",2014,0
"Busia","Samia-Bugwe","Buteba",2015,0
"Busia","Samia-Bugwe","Buteba",2016,0
"Busia","Samia-Bugwe","Buteba",2017,0
"Busia","Samia-Bugwe","Buteba",2018,0.617444932460785
"Busia","Samia-Bugwe","Buteba",2019,1.5234249830246
"Busia","Samia-Bugwe","Buteba",2020,4.05282497406006
"Busia","Samia-Bugwe","Buteba",2021,9.5357780456543
"Busia","Samia-Bugwe","Buteba",2022,19.0557613372803
"Busia","Samia-Bugwe","Buteba",2023,37.3562812805176
"Busia","Samia-Bugwe","Buteba",2024,50.2641677856445
"Busia","Samia-Bugwe","Dabani",2012,0.481258898973465
"Busia","Samia-Bugwe","Dabani",2013,1.14628911018372
"Busia","Samia-Bugwe","Dabani",2014,1.48100066184998
"Busia","Samia-Bugwe","Dabani",2015,3.21618843078613
"Busia","Samia-Bugwe","Dabani",2016,1.83967649936676
"Busia","Samia-Bugwe","Dabani",2017,2.51522040367126
"Busia","Samia-Bugwe","Dabani",2018,7.04545783996582
"Busia","Samia-Bugwe","Dabani",2019,13.8372421264648
"Busia","Samia-Bugwe","Dabani",2020,19.3776340484619
"Busia","Samia-Bugwe","Dabani",2021,24.7630863189697
"Busia","Samia-Bugwe","Dabani",2022,48.9497146606445
"Busia","Samia-Bugwe","Dabani",2023,73.1298599243164
"Busia","Samia-Bugwe","Dabani",2024,86.6150970458984
"Busia","Samia-Bugwe","Lumino",2012,0
"Busia","Samia-Bugwe","Lumino",2013,0
"Busia","Samia-Bugwe","Lumino",2014,0
"Busia","Samia-Bugwe","Lumino",2015,0
"Busia","Samia-Bugwe","Lumino",2016,0
"Busia","Samia-Bugwe","Lumino",2017,0
"Busia","Samia-Bugwe","Lumino",2018,0
"Busia","Samia-Bugwe","Lumino",2019,0
"Busia","Samia-Bugwe","Lumino",2020,0
"Busia","Samia-Bugwe","Lumino",2021,1.34505558013916
"Busia","Samia-Bugwe","Lumino",2022,2.40787696838379
"Busia","Samia-Bugwe","Lumino",2023,4.39835739135742
"Busia","Samia-Bugwe","Lumino",2024,3.88422393798828
"Busia","Samia-Bugwe","Lunyo",2012,0
"Busia","Samia-Bugwe","Lunyo",2013,0
"Busia","Samia-Bugwe","Lunyo",2014,0
"Busia","Samia-Bugwe","Lunyo",2015,0
"Busia","Samia-Bugwe","Lunyo",2016,0
"Busia","Samia-Bugwe","Lunyo",2017,0
"Busia","Samia-Bugwe","Lunyo",2018,0
"Busia","Samia-Bugwe","Lunyo",2019,0.510670125484467
"Busia","Samia-Bugwe","Lunyo",2020,0.0427258759737015
"Busia","Samia-Bugwe","Lunyo",2021,0.59139496088028
"Busia","Samia-Bugwe","Lunyo",2022,2.92173147201538
"Busia","Samia-Bugwe","Lunyo",2023,2.12412285804749
"Busia","Samia-Bugwe","Lunyo",2024,2.38813638687134
"Busia","Samia-Bugwe","Masaba",2012,0
"Busia","Samia-Bugwe","Masaba",2013,0
"Busia","Samia-Bugwe","Masaba",2014,0
"Busia","Samia-Bugwe","Masaba",2015,0
"Busia","Samia-Bugwe","Masaba",2016,0
"Busia","Samia-Bugwe","Masaba",2017,0
"Busia","Samia-Bugwe","Masaba",2018,0
"Busia","Samia-Bugwe","Masaba",2019,0
"Busia","Samia-Bugwe","Masaba",2020,0
"Busia","Samia-Bugwe","Masaba",2021,0
"Busia","Samia-Bugwe","Masaba",2022,0
"Busia","Samia-Bugwe","Masaba",2023,0.0823668912053108
"Busia","Samia-Bugwe","Masaba",2024,0
"Busia","Samia-Bugwe","Masafu",2012,0
"Busia","Samia-Bugwe","Masafu",2013,0
"Busia","Samia-Bugwe","Masafu",2014,0
"Busia","Samia-Bugwe","Masafu",2015,0
"Busia","Samia-Bugwe","Masafu",2016,0
"Busia","Samia-Bugwe","Masafu",2017,0
"Busia","Samia-Bugwe","Masafu",2018,0
"Busia","Samia-Bugwe","Masafu",2019,0
"Busia","Samia-Bugwe","Masafu",2020,0
"Busia","Samia-Bugwe","Masafu",2021,0
"Busia","Samia-Bugwe","Masafu",2022,0
"Busia","Samia-Bugwe","Masafu",2023,1.61403143405914
"Busia","Samia-Bugwe","Masafu",2024,4.61859512329102
"Gulu","Aswa","Awach",2012,0
"Gulu","Aswa","Awach",2013,0
"Gulu","Aswa","Awach",2014,0
"Gulu","Aswa","Awach",2015,0
"Gulu","Aswa","Awach",2016,0
"Gulu","Aswa","Awach",2017,0
"Gulu","Aswa","Awach",2018,0
"Gulu","Aswa","Awach",2019,0
"Gulu","Aswa","Awach",2020,0
"Gulu","Aswa","Awach",2021,0
"Gulu","Aswa","Awach",2022,0
"Gulu","Aswa","Awach",2023,0
"Gulu","Aswa","Awach",2024,0
"Gulu","Aswa","Bungatira",2012,0
"Gulu","Aswa","Bungatira",2013,0
"Gulu","Aswa","Bungatira",2014,0
"Gulu","Aswa","Bungatira",2015,0
"Gulu","Aswa","Bungatira",2016,0
"Gulu","Aswa","Bungatira",2017,0
"Gulu","Aswa","Bungatira",2018,0
"Gulu","Aswa","Bungatira",2019,2.12690329551697
"Gulu","Aswa","Bungatira",2020,1.36645555496216
"Gulu","Aswa","Bungatira",2021,3.02435922622681
"Gulu","Aswa","Bungatira",2022,18.4331684112549
"Gulu","Aswa","Bungatira",2023,34.0995292663574
"Gulu","Aswa","Bungatira",2024,47.0271263122559
"Gulu","Aswa","Paicho",2012,0
"Gulu","Aswa","Paicho",2013,0
"Gulu","Aswa","Paicho",2014,0
"Gulu","Aswa","Paicho",2015,0.76233047246933
"Gulu","Aswa","Paicho",2016,3.00222373008728
"Gulu","Aswa","Paicho",2017,0
"Gulu","Aswa","Paicho",2018,0.502398371696472
"Gulu","Aswa","Paicho",2019,0
"Gulu","Aswa","Paicho",2020,0
"Gulu","Aswa","Paicho",2021,0
"Gulu","Aswa","Paicho",2022,1.96477651596069
"Gulu","Aswa","Paicho",2023,2.56090903282166
"Gulu","Aswa","Paicho",2024,7.16138648986816
"Gulu","Aswa","Palaro",2012,0
"Gulu","Aswa","Palaro",2013,0
"Gulu","Aswa","Palaro",2014,0
"Gulu","Aswa","Palaro",2015,0
"Gulu","Aswa","Palaro",2016,0
"Gulu","Aswa","Palaro",2017,0.00231365323998034
"Gulu","Aswa","Palaro",2018,0.0749196112155914
"Gulu","Aswa","Palaro",2019,0.482251942157745
"Gulu","Aswa","Palaro",2020,0.963313698768616
"Gulu","Aswa","Palaro",2021,0.919778227806091
"Gulu","Aswa","Palaro",2022,5.48090124130249
"Gulu","Aswa","Palaro",2023,2.9063835144043
"Gulu","Aswa","Palaro",2024,3.0186173915863
"Gulu","Aswa","Patiko",2012,0
"Gulu","Aswa","Patiko",2013,0
"Gulu","Aswa","Patiko",2014,0
"Gulu","Aswa","Patiko",2015,0
"Gulu","Aswa","Patiko",2016,0
"Gulu","Aswa","Patiko",2017,0
"Gulu","Aswa","Patiko",2018,0
"Gulu","Aswa","Patiko",2019,0
"Gulu","Aswa","Patiko",2020,0
"Gulu","Aswa","Patiko",2021,0
"Gulu","Aswa","Patiko",2022,0
"Gulu","Aswa","Patiko",2023,0
"Gulu","Aswa","Patiko",2024,0
"Gulu","Gulu","Bar-Dege",2012,18.2626361846924
"Gulu","Gulu","Bar-Dege",2013,18.8194675445557
"Gulu","Gulu","Bar-Dege",2014,13.6003255844116
"Gulu","Gulu","Bar-Dege",2015,16.7177906036377
"Gulu","Gulu","Bar-Dege",2016,19.8374004364014
"Gulu","Gulu","Bar-Dege",2017,15.8215427398682
"Gulu","Gulu","Bar-Dege",2018,15.2054920196533
"Gulu","Gulu","Bar-Dege",2019,19.4890975952148
"Gulu","Gulu","Bar-Dege",2020,22.1152896881104
"Gulu","Gulu","Bar-Dege",2021,29.3756542205811
"Gulu","Gulu","Bar-Dege",2022,53.4625778198242
"Gulu","Gulu","Bar-Dege",2023,78.2156600952148
"Gulu","Gulu","Bar-Dege",2024,105.200401306152
"Gulu","Gulu","Laroo",2012,20.6976833343506
"Gulu","Gulu","Laroo",2013,21.800220489502
"Gulu","Gulu","Laroo",2014,15.5676002502441
"Gulu","Gulu","Laroo",2015,23.7838344573975
"Gulu","Gulu","Laroo",2016,22.9326839447021
"Gulu","Gulu","Laroo",2017,26.8163833618164
"Gulu","Gulu","Laroo",2018,28.077709197998
"Gulu","Gulu","Laroo",2019,45.2686424255371
"Gulu","Gulu","Laroo",2020,52.845142364502
"Gulu","Gulu","Laroo",2021,64.2831192016602
"Gulu","Gulu","Laroo",2022,82.469856262207
"Gulu","Gulu","Laroo",2023,100.697860717773
"Gulu","Gulu","Laroo",2024,129.01774597168
"Gulu","Gulu","Layibi",2012,22.2133102416992
"Gulu","Gulu","Layibi",2013,23.7651119232178
"Gulu","Gulu","Layibi",2014,16.5024013519287
"Gulu","Gulu","Layibi",2015,27.3844108581543
"Gulu","Gulu","Layibi",2016,29.6368446350098
"Gulu","Gulu","Layibi",2017,40.1747016906738
"Gulu","Gulu","Layibi",2018,46.7920722961426
"Gulu","Gulu","Layibi",2019,66.3999938964844
"Gulu","Gulu","Layibi",2020,57.2928924560547
"Gulu","Gulu","Layibi",2021,68.2098159790039
"Gulu","Gulu","Layibi",2022,83.3442306518555
"Gulu","Gulu","Layibi",2023,103.064498901367
"Gulu","Gulu","Layibi",2024,123.866256713867
"Gulu","Gulu","Pece",2012,28.07204246521
"Gulu","Gulu","Pece",2013,30.7501888275146
"Gulu","Gulu","Pece",2014,22.0210342407227
"Gulu","Gulu","Pece",2015,30.3466415405273
"Gulu","Gulu","Pece",2016,31.8697929382324
"Gulu","Gulu","Pece",2017,39.6365165710449
"Gulu","Gulu","Pece",2018,46.958381652832
"Gulu","Gulu","Pece",2019,64.9710540771484
"Gulu","Gulu","Pece",2020,61.6585235595703
"Gulu","Gulu","Pece",2021,78.75390625
"Gulu","Gulu","Pece",2022,98.0627517700195
"Gulu","Gulu","Pece",2023,111.65454864502
"Gulu","Gulu","Pece",2024,135.067108154297
"Gulu","Kilak","Amuru",2012,0
"Gulu","Kilak","Amuru",2013,0
"Gulu","Kilak","Amuru",2014,0
"Gulu","Kilak","Amuru",2015,0
"Gulu","Kilak","Amuru",2016,0
"Gulu","Kilak","Amuru",2017,0
"Gulu","Kilak","Amuru",2018,0.505420744419098
"Gulu","Kilak","Amuru",2019,0
"Gulu","Kilak","Amuru",2020,0
"Gulu","Kilak","Amuru",2021,0
"Gulu","Kilak","Amuru",2022,0
"Gulu","Kilak","Amuru",2023,0
"Gulu","Kilak","Amuru",2024,0
"Gulu","Kilak","Atiak",2012,0
"Gulu","Kilak","Atiak",2013,3.70349097251892
"Gulu","Kilak","Atiak",2014,7.31782627105713
"Gulu","Kilak","Atiak",2015,8.98056125640869
"Gulu","Kilak","Atiak",2016,5.42461681365967
"Gulu","Kilak","Atiak",2017,3.90721297264099
"Gulu","Kilak","Atiak",2018,4.55960750579834
"Gulu","Kilak","Atiak",2019,12.5129442214966
"Gulu","Kilak","Atiak",2020,11.1729316711426
"Gulu","Kilak","Atiak",2021,15.1976194381714
"Gulu","Kilak","Atiak",2022,16.8695945739746
"Gulu","Kilak","Atiak",2023,16.5272445678711
"Gulu","Kilak","Atiak",2024,27.3421478271484
"Gulu","Kilak","Lamogi",2012,0.592988252639771
"Gulu","Kilak","Lamogi",2013,1.2642080783844
"Gulu","Kilak","Lamogi",2014,2.41858530044556
"Gulu","Kilak","Lamogi",2015,1.41629266738892
"Gulu","Kilak","Lamogi",2016,0
"Gulu","Kilak","Lamogi",2017,0
"Gulu","Kilak","Lamogi",2018,0
"Gulu","Kilak","Lamogi",2019,0
"Gulu","Kilak","Lamogi",2020,0
"Gulu","Kilak","Lamogi",2021,0
"Gulu","Kilak","Lamogi",2022,3.52872514724731
"Gulu","Kilak","Lamogi",2023,3.84983611106873
"Gulu","Kilak","Lamogi",2024,4.34957408905029
"Gulu","Kilak","Pabbo",2012,0
"Gulu","Kilak","Pabbo",2013,0
"Gulu","Kilak","Pabbo",2014,0
"Gulu","Kilak","Pabbo",2015,0
"Gulu","Kilak","Pabbo",2016,0
"Gulu","Kilak","Pabbo",2017,0
"Gulu","Kilak","Pabbo",2018,0
"Gulu","Kilak","Pabbo",2019,0
"Gulu","Kilak","Pabbo",2020,0.626187980175018
"Gulu","Kilak","Pabbo",2021,0.523068010807037
"Gulu","Kilak","Pabbo",2022,4.45590257644653
"Gulu","Kilak","Pabbo",2023,5.04804754257202
"Gulu","Kilak","Pabbo",2024,7.84667253494263
"Gulu","Nwoya","Alero",2012,0
"Gulu","Nwoya","Alero",2013,0
"Gulu","Nwoya","Alero",2014,0
"Gulu","Nwoya","Alero",2015,0
"Gulu","Nwoya","Alero",2016,0
"Gulu","Nwoya","Alero",2017,0
"Gulu","Nwoya","Alero",2018,0
"Gulu","Nwoya","Alero",2019,0
"Gulu","Nwoya","Alero",2020,0
"Gulu","Nwoya","Alero",2021,0
"Gulu","Nwoya","Alero",2022,0
"Gulu","Nwoya","Alero",2023,0
"Gulu","Nwoya","Alero",2024,0
"Gulu","Nwoya","Anaka",2012,0
"Gulu","Nwoya","Anaka",2013,0
"Gulu","Nwoya","Anaka",2014,0
"Gulu","Nwoya","Anaka",2015,0
"Gulu","Nwoya","Anaka",2016,0
"Gulu","Nwoya","Anaka",2017,0
"Gulu","Nwoya","Anaka",2018,0
"Gulu","Nwoya","Anaka",2019,0
"Gulu","Nwoya","Anaka",2020,0
"Gulu","Nwoya","Anaka",2021,0
"Gulu","Nwoya","Anaka",2022,0
"Gulu","Nwoya","Anaka",2023,11.768482208252
"Gulu","Nwoya","Anaka",2024,19.8655662536621
"Gulu","Nwoya","Koch Goma",2012,4.09577035903931
"Gulu","Nwoya","Koch Goma",2013,3.86983776092529
"Gulu","Nwoya","Koch Goma",2014,2.37598991394043
"Gulu","Nwoya","Koch Goma",2015,1.09955012798309
"Gulu","Nwoya","Koch Goma",2016,1.84702897071838
"Gulu","Nwoya","Koch Goma",2017,2.61552262306213
"Gulu","Nwoya","Koch Goma",2018,4.011794090271
"Gulu","Nwoya","Koch Goma",2019,5.35706090927124
"Gulu","Nwoya","Koch Goma",2020,1.10294044017792
"Gulu","Nwoya","Koch Goma",2021,0.0990149900317192
"Gulu","Nwoya","Koch Goma",2022,1.69321286678314
"Gulu","Nwoya","Koch Goma",2023,10.1035528182983
"Gulu","Nwoya","Koch Goma",2024,14.2428722381592
"Gulu","Nwoya","Purongo",2012,6.65357732772827
"Gulu","Nwoya","Purongo",2013,15.958890914917
"Gulu","Nwoya","Purongo",2014,27.3330917358398
"Gulu","Nwoya","Purongo",2015,11.0173244476318
"Gulu","Nwoya","Purongo",2016,3.70143890380859
"Gulu","Nwoya","Purongo",2017,4.98388290405273
"Gulu","Nwoya","Purongo",2018,6.15253305435181
"Gulu","Nwoya","Purongo",2019,4.10758066177368
"Gulu","Nwoya","Purongo",2020,12.0799407958984
"Gulu","Nwoya","Purongo",2021,5.98893308639526
"Gulu","Nwoya","Purongo",2022,18.695613861084
"Gulu","Nwoya","Purongo",2023,56.3746299743652
"Gulu","Nwoya","Purongo",2024,80.5106811523438
"Gulu","Omoro","Bobi",2012,0
"Gulu","Omoro","Bobi",2013,0
"Gulu","Omoro","Bobi",2014,0
"Gulu","Omoro","Bobi",2015,0
"Gulu","Omoro","Bobi",2016,0
"Gulu","Omoro","Bobi",2017,0
"Gulu","Omoro","Bobi",2018,0
"Gulu","Omoro","Bobi",2019,0
"Gulu","Omoro","Bobi",2020,0
"Gulu","Omoro","Bobi",2021,0
"Gulu","Omoro","Bobi",2022,0
"Gulu","Omoro","Bobi",2023,1.68583273887634
"Gulu","Omoro","Bobi",2024,1.78689503669739
"Gulu","Omoro","Koro",2012,0.302106499671936
"Gulu","Omoro","Koro",2013,0
"Gulu","Omoro","Koro",2014,0
"Gulu","Omoro","Koro",2015,1.08805096149445
"Gulu","Omoro","Koro",2016,0
"Gulu","Omoro","Koro",2017,0.00112930685281754
"Gulu","Omoro","Koro",2018,0.308566153049469
"Gulu","Omoro","Koro",2019,2.50688672065735
"Gulu","Omoro","Koro",2020,1.97513401508331
"Gulu","Omoro","Koro",2021,5.1583456993103
"Gulu","Omoro","Koro",2022,20.1658954620361
"Gulu","Omoro","Koro",2023,32.6855430603027
"Gulu","Omoro","Koro",2024,72.3815002441406
"Gulu","Omoro","Lakwana",2012,0
"Gulu","Omoro","Lakwana",2013,0
"Gulu","Omoro","Lakwana",2014,0
"Gulu","Omoro","Lakwana",2015,0
"Gulu","Omoro","Lakwana",2016,0
"Gulu","Omoro","Lakwana",2017,0
"Gulu","Omoro","Lakwana",2018,0
"Gulu","Omoro","Lakwana",2019,0
"Gulu","Omoro","Lakwana",2020,0
"Gulu","Omoro","Lakwana",2021,0
"Gulu","Omoro","Lakwana",2022,0
"Gulu","Omoro","Lakwana",2023,0
"Gulu","Omoro","Lakwana",2024,0
"Gulu","Omoro","Lalogi",2012,0
"Gulu","Omoro","Lalogi",2013,0
"Gulu","Omoro","Lalogi",2014,0
"Gulu","Omoro","Lalogi",2015,0
"Gulu","Omoro","Lalogi",2016,0
"Gulu","Omoro","Lalogi",2017,0
"Gulu","Omoro","Lalogi",2018,0
"Gulu","Omoro","Lalogi",2019,0
"Gulu","Omoro","Lalogi",2020,0
"Gulu","Omoro","Lalogi",2021,0
"Gulu","Omoro","Lalogi",2022,0
"Gulu","Omoro","Lalogi",2023,0
"Gulu","Omoro","Lalogi",2024,0
"Gulu","Omoro","Odek",2012,0
"Gulu","Omoro","Odek",2013,0
"Gulu","Omoro","Odek",2014,0
"Gulu","Omoro","Odek",2015,0
"Gulu","Omoro","Odek",2016,0
"Gulu","Omoro","Odek",2017,0
"Gulu","Omoro","Odek",2018,0
"Gulu","Omoro","Odek",2019,0
"Gulu","Omoro","Odek",2020,0
"Gulu","Omoro","Odek",2021,0
"Gulu","Omoro","Odek",2022,0
"Gulu","Omoro","Odek",2023,0
"Gulu","Omoro","Odek",2024,0
"Gulu","Omoro","Ongako",2012,0.618993580341339
"Gulu","Omoro","Ongako",2013,0.106141202151775
"Gulu","Omoro","Ongako",2014,0.033449687063694
"Gulu","Omoro","Ongako",2015,0.0245759561657906
"Gulu","Omoro","Ongako",2016,0.0480937175452709
"Gulu","Omoro","Ongako",2017,0.0514542460441589
"Gulu","Omoro","Ongako",2018,0.103102527558804
"Gulu","Omoro","Ongako",2019,0.638623833656311
"Gulu","Omoro","Ongako",2020,0.0351774841547012
"Gulu","Omoro","Ongako",2021,1.24939155578613
"Gulu","Omoro","Ongako",2022,4.51964092254639
"Gulu","Omoro","Ongako",2023,9.37489318847656
"Gulu","Omoro","Ongako",2024,15.483003616333
"Hoima","Bugahya","Buhanika",2012,0
"Hoima","Bugahya","Buhanika",2013,0
"Hoima","Bugahya","Buhanika",2014,0
"Hoima","Bugahya","Buhanika",2015,0
"Hoima","Bugahya","Buhanika",2016,0
"Hoima","Bugahya","Buhanika",2017,0
"Hoima","Bugahya","Buhanika",2018,0.0588146559894085
"Hoima","Bugahya","Buhanika",2019,2.68573331832886
"Hoima","Bugahya","Buhanika",2020,2.93928861618042
"Hoima","Bugahya","Buhanika",2021,8.62584209442139
"Hoima","Bugahya","Buhanika",2022,20.848461151123
"Hoima","Bugahya","Buhanika",2023,40.1103096008301
"Hoima","Bugahya","Buhanika",2024,71.6922149658203
"Hoima","Bugahya","Buseruka",2012,30.191499710083
"Hoima","Bugahya","Buseruka",2013,36.397834777832
"Hoima","Bugahya","Buseruka",2014,27.4853782653809
"Hoima","Bugahya","Buseruka",2015,12.7945718765259
"Hoima","Bugahya","Buseruka",2016,0.529526889324188
"Hoima","Bugahya","Buseruka",2017,0
"Hoima","Bugahya","Buseruka",2018,0
"Hoima","Bugahya","Buseruka",2019,9.40502452850342
"Hoima","Bugahya","Buseruka",2020,11.8734664916992
"Hoima","Bugahya","Buseruka",2021,14.5568475723267
"Hoima","Bugahya","Buseruka",2022,15.0096340179443
"Hoima","Bugahya","Buseruka",2023,24.5392417907715
"Hoima","Bugahya","Buseruka",2024,33.7460136413574
"Hoima","Bugahya","Busiisi",2012,0.0193491410464048
"Hoima","Bugahya","Busiisi",2013,2.39598846435547
"Hoima","Bugahya","Busiisi",2014,1.48734080791473
"Hoima","Bugahya","Busiisi",2015,0
"Hoima","Bugahya","Busiisi",2016,0
"Hoima","Bugahya","Busiisi",2017,0.109681256115437
"Hoima","Bugahya","Busiisi",2018,1.02403342723846
"Hoima","Bugahya","Busiisi",2019,1.68608105182648
"Hoima","Bugahya","Busiisi",2020,4.45101165771484
"Hoima","Bugahya","Busiisi",2021,5.01600551605225
"Hoima","Bugahya","Busiisi",2022,21.2795314788818
"Hoima","Bugahya","Busiisi",2023,42.1357612609863
"Hoima","Bugahya","Busiisi",2024,93.2368087768555
"Hoima","Bugahya","Hoima Tc",2012,47.1032524108887
"Hoima","Bugahya","Hoima Tc",2013,51.9910011291504
"Hoima","Bugahya","Hoima Tc",2014,121.889785766602
"Hoima","Bugahya","Hoima Tc",2015,47.6249351501465
"Hoima","Bugahya","Hoima Tc",2016,59.2980461120605
"Hoima","Bugahya","Hoima Tc",2017,71.1612701416016
"Hoima","Bugahya","Hoima Tc",2018,116.005981445312
"Hoima","Bugahya","Hoima Tc",2019,143.295486450195
"Hoima","Bugahya","Hoima Tc",2020,234.425109863281
"Hoima","Bugahya","Hoima Tc",2021,205.754013061523
"Hoima","Bugahya","Hoima Tc",2022,248.311721801758
"Hoima","Bugahya","Hoima Tc",2023,261.535766601562
"Hoima","Bugahya","Hoima Tc",2024,429.137969970703
"Hoima","Bugahya","Kigorobya",2012,0
"Hoima","Bugahya","Kigorobya",2013,0
"Hoima","Bugahya","Kigorobya",2014,0
"Hoima","Bugahya","Kigorobya",2015,0
"Hoima","Bugahya","Kigorobya",2016,0
"Hoima","Bugahya","Kigorobya",2017,0
"Hoima","Bugahya","Kigorobya",2018,0
"Hoima","Bugahya","Kigorobya",2019,0.099959023296833
"Hoima","Bugahya","Kigorobya",2020,0.145896002650261
"Hoima","Bugahya","Kigorobya",2021,0
"Hoima","Bugahya","Kigorobya",2022,1.36479353904724
"Hoima","Bugahya","Kigorobya",2023,2.69936323165894
"Hoima","Bugahya","Kigorobya",2024,0.614163815975189
"Hoima","Bugahya","Kigorobya Tc",2012,0
"Hoima","Bugahya","Kigorobya Tc",2013,0
"Hoima","Bugahya","Kigorobya Tc",2014,0
"Hoima","Bugahya","Kigorobya Tc",2015,0
"Hoima","Bugahya","Kigorobya Tc",2016,0
"Hoima","Bugahya","Kigorobya Tc",2017,0
"Hoima","Bugahya","Kigorobya Tc",2018,1.84180426597595
"Hoima","Bugahya","Kigorobya Tc",2019,0.419459044933319
"Hoima","Bugahya","Kigorobya Tc",2020,7.01598691940308
"Hoima","Bugahya","Kigorobya Tc",2021,2.42356705665588
"Hoima","Bugahya","Kigorobya Tc",2022,9.7699499130249
"Hoima","Bugahya","Kigorobya Tc",2023,12.003589630127
"Hoima","Bugahya","Kigorobya Tc",2024,14.5257711410522
"Hoima","Bugahya","Kitoba",2012,9.17799377441406
"Hoima","Bugahya","Kitoba",2013,10.9925098419189
"Hoima","Bugahya","Kitoba",2014,19.4579792022705
"Hoima","Bugahya","Kitoba",2015,23.4575271606445
"Hoima","Bugahya","Kitoba",2016,20.3240089416504
"Hoima","Bugahya","Kitoba",2017,16.430965423584
"Hoima","Bugahya","Kitoba",2018,13.3142490386963
"Hoima","Bugahya","Kitoba",2019,37.4860725402832
"Hoima","Bugahya","Kitoba",2020,26.0744895935059
"Hoima","Bugahya","Kitoba",2021,23.4717102050781
"Hoima","Bugahya","Kitoba",2022,33.8882827758789
"Hoima","Bugahya","Kitoba",2023,29.9749641418457
"Hoima","Bugahya","Kitoba",2024,40.8157005310059
"Hoima","Bugahya","Kyabigambire",2012,0
"Hoima","Bugahya","Kyabigambire",2013,0
"Hoima","Bugahya","Kyabigambire",2014,0
"Hoima","Bugahya","Kyabigambire",2015,0
"Hoima","Bugahya","Kyabigambire",2016,0
"Hoima","Bugahya","Kyabigambire",2017,0
"Hoima","Bugahya","Kyabigambire",2018,0
"Hoima","Bugahya","Kyabigambire",2019,0
"Hoima","Bugahya","Kyabigambire",2020,0
"Hoima","Bugahya","Kyabigambire",2021,0
"Hoima","Bugahya","Kyabigambire",2022,0
"Hoima","Bugahya","Kyabigambire",2023,0
"Hoima","Bugahya","Kyabigambire",2024,0
"Hoima","Bugahya","Kyangwali",2012,0
"Hoima","Bugahya","Kyangwali",2013,0
"Hoima","Bugahya","Kyangwali",2014,0
"Hoima","Bugahya","Kyangwali",2015,0
"Hoima","Bugahya","Kyangwali",2016,0
"Hoima","Bugahya","Kyangwali",2017,0
"Hoima","Bugahya","Kyangwali",2018,0
"Hoima","Bugahya","Kyangwali",2019,0
"Hoima","Bugahya","Kyangwali",2020,0
"Hoima","Bugahya","Kyangwali",2021,0
"Hoima","Bugahya","Kyangwali",2022,0
"Hoima","Bugahya","Kyangwali",2023,0
"Hoima","Bugahya","Kyangwali",2024,0
"Hoima","Buhaguzi","Bugambe",2012,0
"Hoima","Buhaguzi","Bugambe",2013,0
"Hoima","Buhaguzi","Bugambe",2014,0
"Hoima","Buhaguzi","Bugambe",2015,0
"Hoima","Buhaguzi","Bugambe",2016,0
"Hoima","Buhaguzi","Bugambe",2017,0
"Hoima","Buhaguzi","Bugambe",2018,0
"Hoima","Buhaguzi","Bugambe",2019,0
"Hoima","Buhaguzi","Bugambe",2020,0
"Hoima","Buhaguzi","Bugambe",2021,0
"Hoima","Buhaguzi","Bugambe",2022,0
"Hoima","Buhaguzi","Bugambe",2023,0
"Hoima","Buhaguzi","Bugambe",2024,0
"Hoima","Buhaguzi","Buhimba",2012,0
"Hoima","Buhaguzi","Buhimba",2013,0
"Hoima","Buhaguzi","Buhimba",2014,0
"Hoima","Buhaguzi","Buhimba",2015,0
"Hoima","Buhaguzi","Buhimba",2016,0
"Hoima","Buhaguzi","Buhimba",2017,0
"Hoima","Buhaguzi","Buhimba",2018,0
"Hoima","Buhaguzi","Buhimba",2019,0
"Hoima","Buhaguzi","Buhimba",2020,0
"Hoima","Buhaguzi","Buhimba",2021,0
"Hoima","Buhaguzi","Buhimba",2022,0.594449460506439
"Hoima","Buhaguzi","Buhimba",2023,2.87994050979614
"Hoima","Buhaguzi","Buhimba",2024,11.8998022079468
"Hoima","Buhaguzi","Kabwoya",2012,4.31282567977905
"Hoima","Buhaguzi","Kabwoya",2013,5.14523839950562
"Hoima","Buhaguzi","Kabwoya",2014,2.70204401016235
"Hoima","Buhaguzi","Kabwoya",2015,0.492816716432571
"Hoima","Buhaguzi","Kabwoya",2016,0.420369207859039
"Hoima","Buhaguzi","Kabwoya",2017,0.609442889690399
"Hoima","Buhaguzi","Kabwoya",2018,0.907984793186188
"Hoima","Buhaguzi","Kabwoya",2019,0.857555627822876
"Hoima","Buhaguzi","Kabwoya",2020,2.220534324646
"Hoima","Buhaguzi","Kabwoya",2021,2.58317422866821
"Hoima","Buhaguzi","Kabwoya",2022,5.96420192718506
"Hoima","Buhaguzi","Kabwoya",2023,10.0937614440918
"Hoima","Buhaguzi","Kabwoya",2024,7.39170503616333
"Hoima","Buhaguzi","Kiziranfumbi",2012,0
"Hoima","Buhaguzi","Kiziranfumbi",2013,0
"Hoima","Buhaguzi","Kiziranfumbi",2014,0
"Hoima","Buhaguzi","Kiziranfumbi",2015,0.798960566520691
"Hoima","Buhaguzi","Kiziranfumbi",2016,10.0276517868042
"Hoima","Buhaguzi","Kiziranfumbi",2017,9.14743709564209
"Hoima","Buhaguzi","Kiziranfumbi",2018,9.9817943572998
"Hoima","Buhaguzi","Kiziranfumbi",2019,8.95984363555908
"Hoima","Buhaguzi","Kiziranfumbi",2020,7.13613796234131
"Hoima","Buhaguzi","Kiziranfumbi",2021,6.85450267791748
"Hoima","Buhaguzi","Kiziranfumbi",2022,12.7087717056274
"Hoima","Buhaguzi","Kiziranfumbi",2023,15.1991167068481
"Hoima","Buhaguzi","Kiziranfumbi",2024,22.3927154541016
"Hoima","Buhaguzi","Kyangwali",2012,0
"Hoima","Buhaguzi","Kyangwali",2013,0
"Hoima","Buhaguzi","Kyangwali",2014,4.88912153244019
"Hoima","Buhaguzi","Kyangwali",2015,15.180196762085
"Hoima","Buhaguzi","Kyangwali",2016,6.44894170761108
"Hoima","Buhaguzi","Kyangwali",2017,5.52990770339966
"Hoima","Buhaguzi","Kyangwali",2018,4.13557434082031
"Hoima","Buhaguzi","Kyangwali",2019,1.59648358821869
"Hoima","Buhaguzi","Kyangwali",2020,1.00973331928253
"Hoima","Buhaguzi","Kyangwali",2021,1.42788517475128
"Hoima","Buhaguzi","Kyangwali",2022,8.69551467895508
"Hoima","Buhaguzi","Kyangwali",2023,35.5765609741211
"Hoima","Buhaguzi","Kyangwali",2024,54.470832824707
"Iganga","Bugweri","Buyanga",2012,0.700285732746124
"Iganga","Bugweri","Buyanga",2013,1.59549832344055
"Iganga","Bugweri","Buyanga",2014,1.17938613891602
"Iganga","Bugweri","Buyanga",2015,1.42835330963135
"Iganga","Bugweri","Buyanga",2016,2.63929080963135
"Iganga","Bugweri","Buyanga",2017,2.93167781829834
"Iganga","Bugweri","Buyanga",2018,1.28095364570618
"Iganga","Bugweri","Buyanga",2019,1.24643611907959
"Iganga","Bugweri","Buyanga",2020,3.44948267936707
"Iganga","Bugweri","Buyanga",2021,5.95991849899292
"Iganga","Bugweri","Buyanga",2022,13.7845010757446
"Iganga","Bugweri","Buyanga",2023,18.5654907226562
"Iganga","Bugweri","Buyanga",2024,20.2300071716309
"Iganga","Bugweri","Ibulanku",2012,0
"Iganga","Bugweri","Ibulanku",2013,0
"Iganga","Bugweri","Ibulanku",2014,0.553091585636139
"Iganga","Bugweri","Ibulanku",2015,1.09956002235413
"Iganga","Bugweri","Ibulanku",2016,0
"Iganga","Bugweri","Ibulanku",2017,0
"Iganga","Bugweri","Ibulanku",2018,0
"Iganga","Bugweri","Ibulanku",2019,0
"Iganga","Bugweri","Ibulanku",2020,4.95031833648682
"Iganga","Bugweri","Ibulanku",2021,5.34805345535278
"Iganga","Bugweri","Ibulanku",2022,6.60192203521729
"Iganga","Bugweri","Ibulanku",2023,14.0847625732422
"Iganga","Bugweri","Ibulanku",2024,12.0454692840576
"Iganga","Bugweri","Makuutu",2012,0
"Iganga","Bugweri","Makuutu",2013,0
"Iganga","Bugweri","Makuutu",2014,0
"Iganga","Bugweri","Makuutu",2015,0
"Iganga","Bugweri","Makuutu",2016,0
"Iganga","Bugweri","Makuutu",2017,0
"Iganga","Bugweri","Makuutu",2018,0
"Iganga","Bugweri","Makuutu",2019,0
"Iganga","Bugweri","Makuutu",2020,0
"Iganga","Bugweri","Makuutu",2021,0
"Iganga","Bugweri","Makuutu",2022,0.51444685459137
"Iganga","Bugweri","Makuutu",2023,0
"Iganga","Bugweri","Makuutu",2024,0
"Iganga","Bugweri","Namalemba",2012,2.65707635879517
"Iganga","Bugweri","Namalemba",2013,3.44111299514771
"Iganga","Bugweri","Namalemba",2014,1.92116761207581
"Iganga","Bugweri","Namalemba",2015,2.51888704299927
"Iganga","Bugweri","Namalemba",2016,3.07892107963562
"Iganga","Bugweri","Namalemba",2017,1.03247046470642
"Iganga","Bugweri","Namalemba",2018,1.15268981456757
"Iganga","Bugweri","Namalemba",2019,2.53376483917236
"Iganga","Bugweri","Namalemba",2020,1.09029591083527
"Iganga","Bugweri","Namalemba",2021,4.47869682312012
"Iganga","Bugweri","Namalemba",2022,12.9018459320068
"Iganga","Bugweri","Namalemba",2023,16.711109161377
"Iganga","Bugweri","Namalemba",2024,13.3416328430176
"Iganga","Busiki","Bulange",2012,0
"Iganga","Busiki","Bulange",2013,0
"Iganga","Busiki","Bulange",2014,0
"Iganga","Busiki","Bulange",2015,0
"Iganga","Busiki","Bulange",2016,0
"Iganga","Busiki","Bulange",2017,0
"Iganga","Busiki","Bulange",2018,0
"Iganga","Busiki","Bulange",2019,0
"Iganga","Busiki","Bulange",2020,0
"Iganga","Busiki","Bulange",2021,0
"Iganga","Busiki","Bulange",2022,0
"Iganga","Busiki","Bulange",2023,0
"Iganga","Busiki","Bulange",2024,0
"Iganga","Busiki","Ivukula",2012,0
"Iganga","Busiki","Ivukula",2013,0
"Iganga","Busiki","Ivukula",2014,0
"Iganga","Busiki","Ivukula",2015,0
"Iganga","Busiki","Ivukula",2016,0
"Iganga","Busiki","Ivukula",2017,0
"Iganga","Busiki","Ivukula",2018,0
"Iganga","Busiki","Ivukula",2019,0
"Iganga","Busiki","Ivukula",2020,0
"Iganga","Busiki","Ivukula",2021,0
"Iganga","Busiki","Ivukula",2022,0
"Iganga","Busiki","Ivukula",2023,0
"Iganga","Busiki","Ivukula",2024,0
"Iganga","Busiki","Kibaale",2012,0
"Iganga","Busiki","Kibaale",2013,0
"Iganga","Busiki","Kibaale",2014,0
"Iganga","Busiki","Kibaale",2015,0
"Iganga","Busiki","Kibaale",2016,0
"Iganga","Busiki","Kibaale",2017,0
"Iganga","Busiki","Kibaale",2018,0
"Iganga","Busiki","Kibaale",2019,0
"Iganga","Busiki","Kibaale",2020,0
"Iganga","Busiki","Kibaale",2021,0
"Iganga","Busiki","Kibaale",2022,0
"Iganga","Busiki","Kibaale",2023,0
"Iganga","Busiki","Kibaale",2024,2.45240354537964
"Iganga","Busiki","Magada",2012,0
"Iganga","Busiki","Magada",2013,0
"Iganga","Busiki","Magada",2014,0
"Iganga","Busiki","Magada",2015,0
"Iganga","Busiki","Magada",2016,0
"Iganga","Busiki","Magada",2017,0
"Iganga","Busiki","Magada",2018,0
"Iganga","Busiki","Magada",2019,0
"Iganga","Busiki","Magada",2020,0
"Iganga","Busiki","Magada",2021,0
"Iganga","Busiki","Magada",2022,0
"Iganga","Busiki","Magada",2023,0.770217418670654
"Iganga","Busiki","Magada",2024,2.08505463600159
"Iganga","Busiki","Namutumba",2012,1.73496341705322
"Iganga","Busiki","Namutumba",2013,3.24819374084473
"Iganga","Busiki","Namutumba",2014,2.11364269256592
"Iganga","Busiki","Namutumba",2015,2.2619776725769
"Iganga","Busiki","Namutumba",2016,2.51550149917603
"Iganga","Busiki","Namutumba",2017,3.13696932792664
"Iganga","Busiki","Namutumba",2018,1.64180326461792
"Iganga","Busiki","Namutumba",2019,3.06704998016357
"Iganga","Busiki","Namutumba",2020,1.84424448013306
"Iganga","Busiki","Namutumba",2021,1.61354959011078
"Iganga","Busiki","Namutumba",2022,9.29820537567139
"Iganga","Busiki","Namutumba",2023,17.2324314117432
"Iganga","Busiki","Namutumba",2024,20.9075908660889
"Iganga","Busiki","Nsinze",2012,0
"Iganga","Busiki","Nsinze",2013,0
"Iganga","Busiki","Nsinze",2014,0
"Iganga","Busiki","Nsinze",2015,0
"Iganga","Busiki","Nsinze",2016,0
"Iganga","Busiki","Nsinze",2017,0
"Iganga","Busiki","Nsinze",2018,0
"Iganga","Busiki","Nsinze",2019,0
"Iganga","Busiki","Nsinze",2020,0
"Iganga","Busiki","Nsinze",2021,0
"Iganga","Busiki","Nsinze",2022,0
"Iganga","Busiki","Nsinze",2023,0.00804973300546408
"Iganga","Busiki","Nsinze",2024,0.000348851695889607
"Iganga","Kigulu","Bulamagi",2012,15.8799104690552
"Iganga","Kigulu","Bulamagi",2013,17.448263168335
"Iganga","Kigulu","Bulamagi",2014,9.52036094665527
"Iganga","Kigulu","Bulamagi",2015,16.8805122375488
"Iganga","Kigulu","Bulamagi",2016,14.4948263168335
"Iganga","Kigulu","Bulamagi",2017,10.6497993469238
"Iganga","Kigulu","Bulamagi",2018,27.9106731414795
"Iganga","Kigulu","Bulamagi",2019,43.2741508483887
"Iganga","Kigulu","Bulamagi",2020,64.2057876586914
"Iganga","Kigulu","Bulamagi",2021,63.1553115844727
"Iganga","Kigulu","Bulamagi",2022,87.948486328125
"Iganga","Kigulu","Bulamagi",2023,101.396537780762
"Iganga","Kigulu","Bulamagi",2024,122.578193664551
"Iganga","Kigulu","Iganga Tc",2012,50.6283836364746
"Iganga","Kigulu","Iganga Tc",2013,57.2836303710938
"Iganga","Kigulu","Iganga Tc",2014,39.2538032531738
"Iganga","Kigulu","Iganga Tc",2015,44.1535301208496
"Iganga","Kigulu","Iganga Tc",2016,40.265983581543
"Iganga","Kigulu","Iganga Tc",2017,40.9862785339355
"Iganga","Kigulu","Iganga Tc",2018,49.5499954223633
"Iganga","Kigulu","Iganga Tc",2019,54.7739753723145
"Iganga","Kigulu","Iganga Tc",2020,61.325008392334
"Iganga","Kigulu","Iganga Tc",2021,75.6410751342773
"Iganga","Kigulu","Iganga Tc",2022,102.030044555664
"Iganga","Kigulu","Iganga Tc",2023,126.253425598145
"Iganga","Kigulu","Iganga Tc",2024,148.546691894531
"Iganga","Kigulu","Nabitende",2012,0
"Iganga","Kigulu","Nabitende",2013,0
"Iganga","Kigulu","Nabitende",2014,0
"Iganga","Kigulu","Nabitende",2015,0
"Iganga","Kigulu","Nabitende",2016,0
"Iganga","Kigulu","Nabitende",2017,0
"Iganga","Kigulu","Nabitende",2018,0
"Iganga","Kigulu","Nabitende",2019,0
"Iganga","Kigulu","Nabitende",2020,0
"Iganga","Kigulu","Nabitende",2021,0
"Iganga","Kigulu","Nabitende",2022,0
"Iganga","Kigulu","Nabitende",2023,0
"Iganga","Kigulu","Nabitende",2024,0
"Iganga","Kigulu","Nakalama",2012,3.44478368759155
"Iganga","Kigulu","Nakalama",2013,7.53392696380615
"Iganga","Kigulu","Nakalama",2014,7.23568487167358
"Iganga","Kigulu","Nakalama",2015,12.5392141342163
"Iganga","Kigulu","Nakalama",2016,9.01911926269531
"Iganga","Kigulu","Nakalama",2017,11.7398633956909
"Iganga","Kigulu","Nakalama",2018,18.6025562286377
"Iganga","Kigulu","Nakalama",2019,23.2417106628418
"Iganga","Kigulu","Nakalama",2020,37.8331451416016
"Iganga","Kigulu","Nakalama",2021,52.1888236999512
"Iganga","Kigulu","Nakalama",2022,78.7684020996094
"Iganga","Kigulu","Nakalama",2023,101.313903808594
"Iganga","Kigulu","Nakalama",2024,116.424438476562
"Iganga","Kigulu","Nakigo",2012,4.99149703979492
"Iganga","Kigulu","Nakigo",2013,5.82011699676514
"Iganga","Kigulu","Nakigo",2014,5.03358364105225
"Iganga","Kigulu","Nakigo",2015,9.72092914581299
"Iganga","Kigulu","Nakigo",2016,7.3099799156189
"Iganga","Kigulu","Nakigo",2017,7.328453540802
"Iganga","Kigulu","Nakigo",2018,12.5317306518555
"Iganga","Kigulu","Nakigo",2019,26.0151290893555
"Iganga","Kigulu","Nakigo",2020,31.8425846099854
"Iganga","Kigulu","Nakigo",2021,48.5058479309082
"Iganga","Kigulu","Nakigo",2022,64.5307083129883
"Iganga","Kigulu","Nakigo",2023,88.8313369750977
"Iganga","Kigulu","Nakigo",2024,92.9748840332031
"Iganga","Kigulu","Nambale",2012,0
"Iganga","Kigulu","Nambale",2013,0
"Iganga","Kigulu","Nambale",2014,0
"Iganga","Kigulu","Nambale",2015,0
"Iganga","Kigulu","Nambale",2016,0
"Iganga","Kigulu","Nambale",2017,0
"Iganga","Kigulu","Nambale",2018,0
"Iganga","Kigulu","Nambale",2019,0
"Iganga","Kigulu","Nambale",2020,0
"Iganga","Kigulu","Nambale",2021,0
"Iganga","Kigulu","Nambale",2022,1.25302600860596
"Iganga","Kigulu","Nambale",2023,3.02876615524292
"Iganga","Kigulu","Nambale",2024,3.28246808052063
"Iganga","Kigulu","Namungalwe",2012,0
"Iganga","Kigulu","Namungalwe",2013,0.51512086391449
"Iganga","Kigulu","Namungalwe",2014,0
"Iganga","Kigulu","Namungalwe",2015,0
"Iganga","Kigulu","Namungalwe",2016,0
"Iganga","Kigulu","Namungalwe",2017,0
"Iganga","Kigulu","Namungalwe",2018,0
"Iganga","Kigulu","Namungalwe",2019,1.10486316680908
"Iganga","Kigulu","Namungalwe",2020,0
"Iganga","Kigulu","Namungalwe",2021,0
"Iganga","Kigulu","Namungalwe",2022,2.90484142303467
"Iganga","Kigulu","Namungalwe",2023,6.49870443344116
"Iganga","Kigulu","Namungalwe",2024,6.33595037460327
"Iganga","Kigulu","Nawandala",2012,0
"Iganga","Kigulu","Nawandala",2013,0
"Iganga","Kigulu","Nawandala",2014,0
"Iganga","Kigulu","Nawandala",2015,0
"Iganga","Kigulu","Nawandala",2016,0
"Iganga","Kigulu","Nawandala",2017,0
"Iganga","Kigulu","Nawandala",2018,0
"Iganga","Kigulu","Nawandala",2019,0
"Iganga","Kigulu","Nawandala",2020,0
"Iganga","Kigulu","Nawandala",2021,0
"Iganga","Kigulu","Nawandala",2022,0
"Iganga","Kigulu","Nawandala",2023,0
"Iganga","Kigulu","Nawandala",2024,0
"Iganga","Luuka","Bukanga",2012,0
"Iganga","Luuka","Bukanga",2013,0
"Iganga","Luuka","Bukanga",2014,0
"Iganga","Luuka","Bukanga",2015,0
"Iganga","Luuka","Bukanga",2016,0
"Iganga","Luuka","Bukanga",2017,0
"Iganga","Luuka","Bukanga",2018,0
"Iganga","Luuka","Bukanga",2019,0
"Iganga","Luuka","Bukanga",2020,0
"Iganga","Luuka","Bukanga",2021,0
"Iganga","Luuka","Bukanga",2022,0.553866624832153
"Iganga","Luuka","Bukanga",2023,2.10717415809631
"Iganga","Luuka","Bukanga",2024,2.82999038696289
"Iganga","Luuka","Bukooma",2012,0
"Iganga","Luuka","Bukooma",2013,0
"Iganga","Luuka","Bukooma",2014,0
"Iganga","Luuka","Bukooma",2015,0
"Iganga","Luuka","Bukooma",2016,0
"Iganga","Luuka","Bukooma",2017,0
"Iganga","Luuka","Bukooma",2018,0
"Iganga","Luuka","Bukooma",2019,0
"Iganga","Luuka","Bukooma",2020,0
"Iganga","Luuka","Bukooma",2021,0
"Iganga","Luuka","Bukooma",2022,0
"Iganga","Luuka","Bukooma",2023,0
"Iganga","Luuka","Bukooma",2024,0
"Iganga","Luuka","Bulongo",2012,1.8354856967926
"Iganga","Luuka","Bulongo",2013,1.19675755500793
"Iganga","Luuka","Bulongo",2014,0.51218980550766
"Iganga","Luuka","Bulongo",2015,0.530325770378113
"Iganga","Luuka","Bulongo",2016,0.510489702224731
"Iganga","Luuka","Bulongo",2017,0
"Iganga","Luuka","Bulongo",2018,0
"Iganga","Luuka","Bulongo",2019,0
"Iganga","Luuka","Bulongo",2020,0
"Iganga","Luuka","Bulongo",2021,0
"Iganga","Luuka","Bulongo",2022,2.98281335830688
"Iganga","Luuka","Bulongo",2023,2.54233813285828
"Iganga","Luuka","Bulongo",2024,5.97812557220459
"Iganga","Luuka","Ikumbya",2012,0
"Iganga","Luuka","Ikumbya",2013,0
"Iganga","Luuka","Ikumbya",2014,0
"Iganga","Luuka","Ikumbya",2015,0
"Iganga","Luuka","Ikumbya",2016,0
"Iganga","Luuka","Ikumbya",2017,0
"Iganga","Luuka","Ikumbya",2018,0
"Iganga","Luuka","Ikumbya",2019,0
"Iganga","Luuka","Ikumbya",2020,0
"Iganga","Luuka","Ikumbya",2021,0
"Iganga","Luuka","Ikumbya",2022,0
"Iganga","Luuka","Ikumbya",2023,0
"Iganga","Luuka","Ikumbya",2024,0
"Iganga","Luuka","Irongo",2012,0
"Iganga","Luuka","Irongo",2013,0
"Iganga","Luuka","Irongo",2014,0
"Iganga","Luuka","Irongo",2015,0
"Iganga","Luuka","Irongo",2016,0
"Iganga","Luuka","Irongo",2017,0
"Iganga","Luuka","Irongo",2018,0
"Iganga","Luuka","Irongo",2019,0
"Iganga","Luuka","Irongo",2020,0
"Iganga","Luuka","Irongo",2021,0
"Iganga","Luuka","Irongo",2022,0
"Iganga","Luuka","Irongo",2023,0
"Iganga","Luuka","Irongo",2024,0
"Iganga","Luuka","Nawampiti",2012,0
"Iganga","Luuka","Nawampiti",2013,0
"Iganga","Luuka","Nawampiti",2014,0
"Iganga","Luuka","Nawampiti",2015,0
"Iganga","Luuka","Nawampiti",2016,0
"Iganga","Luuka","Nawampiti",2017,0
"Iganga","Luuka","Nawampiti",2018,0
"Iganga","Luuka","Nawampiti",2019,0
"Iganga","Luuka","Nawampiti",2020,0
"Iganga","Luuka","Nawampiti",2021,0
"Iganga","Luuka","Nawampiti",2022,0
"Iganga","Luuka","Nawampiti",2023,0
"Iganga","Luuka","Nawampiti",2024,0
"Iganga","Luuka","Waibuga",2012,0.963506877422333
"Iganga","Luuka","Waibuga",2013,0.88830578327179
"Iganga","Luuka","Waibuga",2014,0.337971448898315
"Iganga","Luuka","Waibuga",2015,1.8044661283493
"Iganga","Luuka","Waibuga",2016,1.2364786863327
"Iganga","Luuka","Waibuga",2017,0.76197737455368
"Iganga","Luuka","Waibuga",2018,1.96147465705872
"Iganga","Luuka","Waibuga",2019,2.08518433570862
"Iganga","Luuka","Waibuga",2020,2.39916276931763
"Iganga","Luuka","Waibuga",2021,2.29582643508911
"Iganga","Luuka","Waibuga",2022,4.22154140472412
"Iganga","Luuka","Waibuga",2023,8.21792984008789
"Iganga","Luuka","Waibuga",2024,8.91828346252441
"Jinja","Butembe","Busedde",2012,0
"Jinja","Butembe","Busedde",2013,1.06811654567719
"Jinja","Butembe","Busedde",2014,1.1685426235199
"Jinja","Butembe","Busedde",2015,2.11262226104736
"Jinja","Butembe","Busedde",2016,1.48828172683716
"Jinja","Butembe","Busedde",2017,0.754269123077393
"Jinja","Butembe","Busedde",2018,0.844678282737732
"Jinja","Butembe","Busedde",2019,1.09250521659851
"Jinja","Butembe","Busedde",2020,0.513519883155823
"Jinja","Butembe","Busedde",2021,0
"Jinja","Butembe","Busedde",2022,0.73932558298111
"Jinja","Butembe","Busedde",2023,1.35258209705353
"Jinja","Butembe","Busedde",2024,0
"Jinja","Butembe","Kakira",2012,172.384307861328
"Jinja","Butembe","Kakira",2013,175.721618652344
"Jinja","Butembe","Kakira",2014,170.163482666016
"Jinja","Butembe","Kakira",2015,187.249710083008
"Jinja","Butembe","Kakira",2016,165.470520019531
"Jinja","Butembe","Kakira",2017,172.601348876953
"Jinja","Butembe","Kakira",2018,164.755416870117
"Jinja","Butembe","Kakira",2019,187.342102050781
"Jinja","Butembe","Kakira",2020,193.427215576172
"Jinja","Butembe","Kakira",2021,191.884643554688
"Jinja","Butembe","Kakira",2022,213.27799987793
"Jinja","Butembe","Kakira",2023,255.615524291992
"Jinja","Butembe","Kakira",2024,227.5712890625
"Jinja","Butembe","Mafubira",2012,59.7605476379395
"Jinja","Butembe","Mafubira",2013,80.4763336181641
"Jinja","Butembe","Mafubira",2014,91.1432266235352
"Jinja","Butembe","Mafubira",2015,108.039840698242
"Jinja","Butembe","Mafubira",2016,110.28483581543
"Jinja","Butembe","Mafubira",2017,119.43482208252
"Jinja","Butembe","Mafubira",2018,130.5126953125
"Jinja","Butembe","Mafubira",2019,139.234634399414
"Jinja","Butembe","Mafubira",2020,145.176910400391
"Jinja","Butembe","Mafubira",2021,189.036117553711
"Jinja","Butembe","Mafubira",2022,262.293212890625
"Jinja","Butembe","Mafubira",2023,351.65234375
"Jinja","Butembe","Mafubira",2024,388.17919921875
"Jinja","Jinja","Central Division",2012,113.085105895996
"Jinja","Jinja","Central Division",2013,133.78401184082
"Jinja","Jinja","Central Division",2014,135.399658203125
"Jinja","Jinja","Central Division",2015,130.462097167969
"Jinja","Jinja","Central Division",2016,120.101997375488
"Jinja","Jinja","Central Division",2017,126.82657623291
"Jinja","Jinja","Central Division",2018,133.731567382812
"Jinja","Jinja","Central Division",2019,152.226058959961
"Jinja","Jinja","Central Division",2020,159.466064453125
"Jinja","Jinja","Central Division",2021,170.097244262695
"Jinja","Jinja","Central Division",2022,207.619155883789
"Jinja","Jinja","Central Division",2023,232.459396362305
"Jinja","Jinja","Central Division",2024,247.409851074219
"Jinja","Jinja","Masese/Walukuba",2012,119.437530517578
"Jinja","Jinja","Masese/Walukuba",2013,127.197975158691
"Jinja","Jinja","Masese/Walukuba",2014,130.952728271484
"Jinja","Jinja","Masese/Walukuba",2015,131.890716552734
"Jinja","Jinja","Masese/Walukuba",2016,147.082672119141
"Jinja","Jinja","Masese/Walukuba",2017,151.850509643555
"Jinja","Jinja","Masese/Walukuba",2018,156.862579345703
"Jinja","Jinja","Masese/Walukuba",2019,177.798843383789
"Jinja","Jinja","Masese/Walukuba",2020,177.459274291992
"Jinja","Jinja","Masese/Walukuba",2021,192.057281494141
"Jinja","Jinja","Masese/Walukuba",2022,224.848175048828
"Jinja","Jinja","Masese/Walukuba",2023,242.259887695312
"Jinja","Jinja","Masese/Walukuba",2024,291.450744628906
"Jinja","Jinja","Mpumudde/Kimaka",2012,87.3855514526367
"Jinja","Jinja","Mpumudde/Kimaka",2013,94.9940490722656
"Jinja","Jinja","Mpumudde/Kimaka",2014,94.6527786254883
"Jinja","Jinja","Mpumudde/Kimaka",2015,102.518272399902
"Jinja","Jinja","Mpumudde/Kimaka",2016,96.634162902832
"Jinja","Jinja","Mpumudde/Kimaka",2017,98.378288269043
"Jinja","Jinja","Mpumudde/Kimaka",2018,112.403594970703
"Jinja","Jinja","Mpumudde/Kimaka",2019,198.851745605469
"Jinja","Jinja","Mpumudde/Kimaka",2020,167.213989257812
"Jinja","Jinja","Mpumudde/Kimaka",2021,185.143524169922
"Jinja","Jinja","Mpumudde/Kimaka",2022,214.393997192383
"Jinja","Jinja","Mpumudde/Kimaka",2023,244.143417358398
"Jinja","Jinja","Mpumudde/Kimaka",2024,260.152923583984
"Jinja","Kagoma","Budondo",2012,20.1577205657959
"Jinja","Kagoma","Budondo",2013,7.39107370376587
"Jinja","Kagoma","Budondo",2014,4.294846534729
"Jinja","Kagoma","Budondo",2015,6.86028718948364
"Jinja","Kagoma","Budondo",2016,10.6458330154419
"Jinja","Kagoma","Budondo",2017,8.10881996154785
"Jinja","Kagoma","Budondo",2018,7.98098087310791
"Jinja","Kagoma","Budondo",2019,11.4644908905029
"Jinja","Kagoma","Budondo",2020,13.8953046798706
"Jinja","Kagoma","Budondo",2021,11.4623079299927
"Jinja","Kagoma","Budondo",2022,28.6441535949707
"Jinja","Kagoma","Budondo",2023,46.0215225219727
"Jinja","Kagoma","Budondo",2024,44.5976600646973
"Jinja","Kagoma","Butagaya",2012,0
"Jinja","Kagoma","Butagaya",2013,0
"Jinja","Kagoma","Butagaya",2014,0
"Jinja","Kagoma","Butagaya",2015,0
"Jinja","Kagoma","Butagaya",2016,0.511986792087555
"Jinja","Kagoma","Butagaya",2017,0.536331534385681
"Jinja","Kagoma","Butagaya",2018,0.616276919841766
"Jinja","Kagoma","Butagaya",2019,0
"Jinja","Kagoma","Butagaya",2020,0
"Jinja","Kagoma","Butagaya",2021,0
"Jinja","Kagoma","Butagaya",2022,0.542022049427032
"Jinja","Kagoma","Butagaya",2023,1.71051633358002
"Jinja","Kagoma","Butagaya",2024,1.39509558677673
"Jinja","Kagoma","Buwenge",2012,0
"Jinja","Kagoma","Buwenge",2013,5.5279616617554e-07
"Jinja","Kagoma","Buwenge",2014,0
"Jinja","Kagoma","Buwenge",2015,0
"Jinja","Kagoma","Buwenge",2016,0
"Jinja","Kagoma","Buwenge",2017,0
"Jinja","Kagoma","Buwenge",2018,0
"Jinja","Kagoma","Buwenge",2019,5.56363488612988e-07
"Jinja","Kagoma","Buwenge",2020,5.83390090014291e-07
"Jinja","Kagoma","Buwenge",2021,6.03186947500944e-07
"Jinja","Kagoma","Buwenge",2022,0.925055980682373
"Jinja","Kagoma","Buwenge",2023,8.07059097290039
"Jinja","Kagoma","Buwenge",2024,13.1441869735718
"Jinja","Kagoma","Buwenge Tc",2012,1.2247793674469
"Jinja","Kagoma","Buwenge Tc",2013,10.3879442214966
"Jinja","Kagoma","Buwenge Tc",2014,7.90606927871704
"Jinja","Kagoma","Buwenge Tc",2015,5.05420923233032
"Jinja","Kagoma","Buwenge Tc",2016,4.49305248260498
"Jinja","Kagoma","Buwenge Tc",2017,4.3273024559021
"Jinja","Kagoma","Buwenge Tc",2018,3.23980617523193
"Jinja","Kagoma","Buwenge Tc",2019,6.146568775177
"Jinja","Kagoma","Buwenge Tc",2020,6.88184452056885
"Jinja","Kagoma","Buwenge Tc",2021,6.05112361907959
"Jinja","Kagoma","Buwenge Tc",2022,15.4656934738159
"Jinja","Kagoma","Buwenge Tc",2023,38.5177383422852
"Jinja","Kagoma","Buwenge Tc",2024,46.0601043701172
"Jinja","Kagoma","Buyengo",2012,0
"Jinja","Kagoma","Buyengo",2013,0
"Jinja","Kagoma","Buyengo",2014,0.505460441112518
"Jinja","Kagoma","Buyengo",2015,1.10606861114502
"Jinja","Kagoma","Buyengo",2016,1.25227963924408
"Jinja","Kagoma","Buyengo",2017,1.11388123035431
"Jinja","Kagoma","Buyengo",2018,1.07372748851776
"Jinja","Kagoma","Buyengo",2019,1.07476687431335
"Jinja","Kagoma","Buyengo",2020,0
"Jinja","Kagoma","Buyengo",2021,0
"Jinja","Kagoma","Buyengo",2022,0
"Jinja","Kagoma","Buyengo",2023,0
"Jinja","Kagoma","Buyengo",2024,0.563222527503967
"Kabale","Kabale","Kabale Central",2012,38.6999015808105
"Kabale","Kabale","Kabale Central",2013,42.0381851196289
"Kabale","Kabale","Kabale Central",2014,37.1666145324707
"Kabale","Kabale","Kabale Central",2015,31.3130588531494
"Kabale","Kabale","Kabale Central",2016,38.0729179382324
"Kabale","Kabale","Kabale Central",2017,38.9908332824707
"Kabale","Kabale","Kabale Central",2018,56.0755157470703
"Kabale","Kabale","Kabale Central",2019,49.2643966674805
"Kabale","Kabale","Kabale Central",2020,50.9519996643066
"Kabale","Kabale","Kabale Central",2021,50.3238372802734
"Kabale","Kabale","Kabale Central",2022,78.3808288574219
"Kabale","Kabale","Kabale Central",2023,77.2780914306641
"Kabale","Kabale","Kabale Central",2024,86.2960205078125
"Kabale","Kabale","Kabale Northern",2012,10.1054811477661
"Kabale","Kabale","Kabale Northern",2013,10.3152770996094
"Kabale","Kabale","Kabale Northern",2014,7.17658710479736
"Kabale","Kabale","Kabale Northern",2015,5.10243606567383
"Kabale","Kabale","Kabale Northern",2016,6.45630311965942
"Kabale","Kabale","Kabale Northern",2017,4.63837337493896
"Kabale","Kabale","Kabale Northern",2018,6.84705257415771
"Kabale","Kabale","Kabale Northern",2019,6.3493275642395
"Kabale","Kabale","Kabale Northern",2020,5.36619997024536
"Kabale","Kabale","Kabale Northern",2021,6.29028749465942
"Kabale","Kabale","Kabale Northern",2022,15.4781265258789
"Kabale","Kabale","Kabale Northern",2023,22.0609264373779
"Kabale","Kabale","Kabale Northern",2024,26.162691116333
"Kabale","Kabale","Kabale Southern",2012,33.5399169921875
"Kabale","Kabale","Kabale Southern",2013,36.7161560058594
"Kabale","Kabale","Kabale Southern",2014,29.3567638397217
"Kabale","Kabale","Kabale Southern",2015,26.2201557159424
"Kabale","Kabale","Kabale Southern",2016,31.2897701263428
"Kabale","Kabale","Kabale Southern",2017,28.6851272583008
"Kabale","Kabale","Kabale Southern",2018,45.3890190124512
"Kabale","Kabale","Kabale Southern",2019,45.847412109375
"Kabale","Kabale","Kabale Southern",2020,51.7451591491699
"Kabale","Kabale","Kabale Southern",2021,49.719482421875
"Kabale","Kabale","Kabale Southern",2022,78.4780883789062
"Kabale","Kabale","Kabale Southern",2023,96.0125885009766
"Kabale","Kabale","Kabale Southern",2024,117.830413818359
"Kabale","Ndorwa","Buhara",2012,0
"Kabale","Ndorwa","Buhara",2013,0
"Kabale","Ndorwa","Buhara",2014,0
"Kabale","Ndorwa","Buhara",2015,0
"Kabale","Ndorwa","Buhara",2016,0
"Kabale","Ndorwa","Buhara",2017,0
"Kabale","Ndorwa","Buhara",2018,0
"Kabale","Ndorwa","Buhara",2019,0
"Kabale","Ndorwa","Buhara",2020,0
"Kabale","Ndorwa","Buhara",2021,0
"Kabale","Ndorwa","Buhara",2022,0
"Kabale","Ndorwa","Buhara",2023,0.534397900104523
"Kabale","Ndorwa","Buhara",2024,2.24002528190613
"Kabale","Ndorwa","Kaharo",2012,0
"Kabale","Ndorwa","Kaharo",2013,0
"Kabale","Ndorwa","Kaharo",2014,0
"Kabale","Ndorwa","Kaharo",2015,0
"Kabale","Ndorwa","Kaharo",2016,0
"Kabale","Ndorwa","Kaharo",2017,0
"Kabale","Ndorwa","Kaharo",2018,0
"Kabale","Ndorwa","Kaharo",2019,0
"Kabale","Ndorwa","Kaharo",2020,0
"Kabale","Ndorwa","Kaharo",2021,0
"Kabale","Ndorwa","Kaharo",2022,0
"Kabale","Ndorwa","Kaharo",2023,0
"Kabale","Ndorwa","Kaharo",2024,0
"Kabale","Ndorwa","Kamuganguzi",2012,3.74721312522888
"Kabale","Ndorwa","Kamuganguzi",2013,5.04196405410767
"Kabale","Ndorwa","Kamuganguzi",2014,2.83115148544312
"Kabale","Ndorwa","Kamuganguzi",2015,1.67362630367279
"Kabale","Ndorwa","Kamuganguzi",2016,0.943076014518738
"Kabale","Ndorwa","Kamuganguzi",2017,1.21669781208038
"Kabale","Ndorwa","Kamuganguzi",2018,3.29373407363892
"Kabale","Ndorwa","Kamuganguzi",2019,1.84473443031311
"Kabale","Ndorwa","Kamuganguzi",2020,3.88619089126587
"Kabale","Ndorwa","Kamuganguzi",2021,3.70190453529358
"Kabale","Ndorwa","Kamuganguzi",2022,10.0579071044922
"Kabale","Ndorwa","Kamuganguzi",2023,10.7296380996704
"Kabale","Ndorwa","Kamuganguzi",2024,9.29790782928467
"Kabale","Ndorwa","Kitumba",2012,0.607706367969513
"Kabale","Ndorwa","Kitumba",2013,2.54997229576111
"Kabale","Ndorwa","Kitumba",2014,0.51528525352478
"Kabale","Ndorwa","Kitumba",2015,0.259207189083099
"Kabale","Ndorwa","Kitumba",2016,0.541467428207397
"Kabale","Ndorwa","Kitumba",2017,0.571757137775421
"Kabale","Ndorwa","Kitumba",2018,1.30032026767731
"Kabale","Ndorwa","Kitumba",2019,5.35623836517334
"Kabale","Ndorwa","Kitumba",2020,0.404240518808365
"Kabale","Ndorwa","Kitumba",2021,1.82699179649353
"Kabale","Ndorwa","Kitumba",2022,16.135835647583
"Kabale","Ndorwa","Kitumba",2023,15.0924844741821
"Kabale","Ndorwa","Kitumba",2024,23.3962078094482
"Kabale","Ndorwa","Kyanamira",2012,0.31883642077446
"Kabale","Ndorwa","Kyanamira",2013,0.174643710255623
"Kabale","Ndorwa","Kyanamira",2014,0.549705624580383
"Kabale","Ndorwa","Kyanamira",2015,0.525355994701385
"Kabale","Ndorwa","Kyanamira",2016,0.656339526176453
"Kabale","Ndorwa","Kyanamira",2017,0.572154939174652
"Kabale","Ndorwa","Kyanamira",2018,1.28676903247833
"Kabale","Ndorwa","Kyanamira",2019,2.49061036109924
"Kabale","Ndorwa","Kyanamira",2020,4.7507209777832
"Kabale","Ndorwa","Kyanamira",2021,3.8218469619751
"Kabale","Ndorwa","Kyanamira",2022,9.0546875
"Kabale","Ndorwa","Kyanamira",2023,17.4487991333008
"Kabale","Ndorwa","Kyanamira",2024,24.2262935638428
"Kabale","Ndorwa","Maziba",2012,0
"Kabale","Ndorwa","Maziba",2013,0
"Kabale","Ndorwa","Maziba",2014,0
"Kabale","Ndorwa","Maziba",2015,0
"Kabale","Ndorwa","Maziba",2016,0
"Kabale","Ndorwa","Maziba",2017,0
"Kabale","Ndorwa","Maziba",2018,0
"Kabale","Ndorwa","Maziba",2019,0
"Kabale","Ndorwa","Maziba",2020,0
"Kabale","Ndorwa","Maziba",2021,0
"Kabale","Ndorwa","Maziba",2022,0
"Kabale","Ndorwa","Maziba",2023,0
"Kabale","Ndorwa","Maziba",2024,0
"Kabale","Ndorwa","Rubaya",2012,0
"Kabale","Ndorwa","Rubaya",2013,0
"Kabale","Ndorwa","Rubaya",2014,0
"Kabale","Ndorwa","Rubaya",2015,0
"Kabale","Ndorwa","Rubaya",2016,0
"Kabale","Ndorwa","Rubaya",2017,0
"Kabale","Ndorwa","Rubaya",2018,0
"Kabale","Ndorwa","Rubaya",2019,0
"Kabale","Ndorwa","Rubaya",2020,0
"Kabale","Ndorwa","Rubaya",2021,0
"Kabale","Ndorwa","Rubaya",2022,0
"Kabale","Ndorwa","Rubaya",2023,0
"Kabale","Ndorwa","Rubaya",2024,0
"Kabale","Rubanda","Bubaare",2012,0
"Kabale","Rubanda","Bubaare",2013,0
"Kabale","Rubanda","Bubaare",2014,0
"Kabale","Rubanda","Bubaare",2015,0
"Kabale","Rubanda","Bubaare",2016,0.521774768829346
"Kabale","Rubanda","Bubaare",2017,0
"Kabale","Rubanda","Bubaare",2018,0
"Kabale","Rubanda","Bubaare",2019,0
"Kabale","Rubanda","Bubaare",2020,0
"Kabale","Rubanda","Bubaare",2021,0
"Kabale","Rubanda","Bubaare",2022,0.00326809752732515
"Kabale","Rubanda","Bubaare",2023,0
"Kabale","Rubanda","Bubaare",2024,0.519049823284149
"Kabale","Rubanda","Bufundi",2012,0
"Kabale","Rubanda","Bufundi",2013,0
"Kabale","Rubanda","Bufundi",2014,0
"Kabale","Rubanda","Bufundi",2015,0
"Kabale","Rubanda","Bufundi",2016,0
"Kabale","Rubanda","Bufundi",2017,0
"Kabale","Rubanda","Bufundi",2018,0
"Kabale","Rubanda","Bufundi",2019,0
"Kabale","Rubanda","Bufundi",2020,0
"Kabale","Rubanda","Bufundi",2021,0
"Kabale","Rubanda","Bufundi",2022,0
"Kabale","Rubanda","Bufundi",2023,0
"Kabale","Rubanda","Bufundi",2024,0
"Kabale","Rubanda","Hamurwa",2012,0
"Kabale","Rubanda","Hamurwa",2013,0
"Kabale","Rubanda","Hamurwa",2014,0
"Kabale","Rubanda","Hamurwa",2015,0
"Kabale","Rubanda","Hamurwa",2016,0
"Kabale","Rubanda","Hamurwa",2017,0
"Kabale","Rubanda","Hamurwa",2018,0
"Kabale","Rubanda","Hamurwa",2019,0
"Kabale","Rubanda","Hamurwa",2020,0
"Kabale","Rubanda","Hamurwa",2021,0
"Kabale","Rubanda","Hamurwa",2022,0
"Kabale","Rubanda","Hamurwa",2023,0
"Kabale","Rubanda","Hamurwa",2024,0
"Kabale","Rubanda","Ikumba",2012,0
"Kabale","Rubanda","Ikumba",2013,0
"Kabale","Rubanda","Ikumba",2014,0
"Kabale","Rubanda","Ikumba",2015,0
"Kabale","Rubanda","Ikumba",2016,0
"Kabale","Rubanda","Ikumba",2017,0
"Kabale","Rubanda","Ikumba",2018,0
"Kabale","Rubanda","Ikumba",2019,0
"Kabale","Rubanda","Ikumba",2020,0
"Kabale","Rubanda","Ikumba",2021,0
"Kabale","Rubanda","Ikumba",2022,0
"Kabale","Rubanda","Ikumba",2023,0
"Kabale","Rubanda","Ikumba",2024,0
"Kabale","Rubanda","Muko",2012,0
"Kabale","Rubanda","Muko",2013,0
"Kabale","Rubanda","Muko",2014,0
"Kabale","Rubanda","Muko",2015,0
"Kabale","Rubanda","Muko",2016,0
"Kabale","Rubanda","Muko",2017,0
"Kabale","Rubanda","Muko",2018,0
"Kabale","Rubanda","Muko",2019,0
"Kabale","Rubanda","Muko",2020,0
"Kabale","Rubanda","Muko",2021,0
"Kabale","Rubanda","Muko",2022,0
"Kabale","Rubanda","Muko",2023,0
"Kabale","Rubanda","Muko",2024,0
"Kabale","Rukiga","Bukinda",2012,1.10478091239929
"Kabale","Rukiga","Bukinda",2013,1.99243903160095
"Kabale","Rukiga","Bukinda",2014,2.38142037391663
"Kabale","Rukiga","Bukinda",2015,2.53275609016418
"Kabale","Rukiga","Bukinda",2016,1.10641157627106
"Kabale","Rukiga","Bukinda",2017,0
"Kabale","Rukiga","Bukinda",2018,1.06858444213867
"Kabale","Rukiga","Bukinda",2019,3.40189027786255
"Kabale","Rukiga","Bukinda",2020,4.80407476425171
"Kabale","Rukiga","Bukinda",2021,5.83565235137939
"Kabale","Rukiga","Bukinda",2022,8.28026008605957
"Kabale","Rukiga","Bukinda",2023,13.0901117324829
"Kabale","Rukiga","Bukinda",2024,15.7761859893799
"Kabale","Rukiga","Kamwezi",2012,0
"Kabale","Rukiga","Kamwezi",2013,0
"Kabale","Rukiga","Kamwezi",2014,0
"Kabale","Rukiga","Kamwezi",2015,0
"Kabale","Rukiga","Kamwezi",2016,0
"Kabale","Rukiga","Kamwezi",2017,0
"Kabale","Rukiga","Kamwezi",2018,0
"Kabale","Rukiga","Kamwezi",2019,0
"Kabale","Rukiga","Kamwezi",2020,0
"Kabale","Rukiga","Kamwezi",2021,0
"Kabale","Rukiga","Kamwezi",2022,0
"Kabale","Rukiga","Kamwezi",2023,1.1552551984787
"Kabale","Rukiga","Kamwezi",2024,0
"Kabale","Rukiga","Kashambya",2012,0
"Kabale","Rukiga","Kashambya",2013,0
"Kabale","Rukiga","Kashambya",2014,0
"Kabale","Rukiga","Kashambya",2015,0
"Kabale","Rukiga","Kashambya",2016,0
"Kabale","Rukiga","Kashambya",2017,0
"Kabale","Rukiga","Kashambya",2018,0
"Kabale","Rukiga","Kashambya",2019,0
"Kabale","Rukiga","Kashambya",2020,0
"Kabale","Rukiga","Kashambya",2021,0
"Kabale","Rukiga","Kashambya",2022,0
"Kabale","Rukiga","Kashambya",2023,0
"Kabale","Rukiga","Kashambya",2024,0
"Kabale","Rukiga","Rwamucucu",2012,0
"Kabale","Rukiga","Rwamucucu",2013,0
"Kabale","Rukiga","Rwamucucu",2014,0
"Kabale","Rukiga","Rwamucucu",2015,0
"Kabale","Rukiga","Rwamucucu",2016,0
"Kabale","Rukiga","Rwamucucu",2017,0
"Kabale","Rukiga","Rwamucucu",2018,0
"Kabale","Rukiga","Rwamucucu",2019,0
"Kabale","Rukiga","Rwamucucu",2020,0
"Kabale","Rukiga","Rwamucucu",2021,0
"Kabale","Rukiga","Rwamucucu",2022,1.53782570362091
"Kabale","Rukiga","Rwamucucu",2023,3.59123039245605
"Kabale","Rukiga","Rwamucucu",2024,4.49657535552979
"Kabarole","Bunyangabu","Buhesi",2012,0
"Kabarole","Bunyangabu","Buhesi",2013,0
"Kabarole","Bunyangabu","Buhesi",2014,0
"Kabarole","Bunyangabu","Buhesi",2015,0
"Kabarole","Bunyangabu","Buhesi",2016,0
"Kabarole","Bunyangabu","Buhesi",2017,0
"Kabarole","Bunyangabu","Buhesi",2018,0
"Kabarole","Bunyangabu","Buhesi",2019,0
"Kabarole","Bunyangabu","Buhesi",2020,0
"Kabarole","Bunyangabu","Buhesi",2021,0
"Kabarole","Bunyangabu","Buhesi",2022,0
"Kabarole","Bunyangabu","Buhesi",2023,0
"Kabarole","Bunyangabu","Buhesi",2024,1.23189091682434
"Kabarole","Bunyangabu","Kibiito",2012,0
"Kabarole","Bunyangabu","Kibiito",2013,0
"Kabarole","Bunyangabu","Kibiito",2014,0
"Kabarole","Bunyangabu","Kibiito",2015,0
"Kabarole","Bunyangabu","Kibiito",2016,0
"Kabarole","Bunyangabu","Kibiito",2017,0
"Kabarole","Bunyangabu","Kibiito",2018,0
"Kabarole","Bunyangabu","Kibiito",2019,0
"Kabarole","Bunyangabu","Kibiito",2020,0
"Kabarole","Bunyangabu","Kibiito",2021,0.587095618247986
"Kabarole","Bunyangabu","Kibiito",2022,1.95390498638153
"Kabarole","Bunyangabu","Kibiito",2023,5.99206638336182
"Kabarole","Bunyangabu","Kibiito",2024,3.85057997703552
"Kabarole","Bunyangabu","Kisomoro",2012,0
"Kabarole","Bunyangabu","Kisomoro",2013,0
"Kabarole","Bunyangabu","Kisomoro",2014,0
"Kabarole","Bunyangabu","Kisomoro",2015,0
"Kabarole","Bunyangabu","Kisomoro",2016,0
"Kabarole","Bunyangabu","Kisomoro",2017,0
"Kabarole","Bunyangabu","Kisomoro",2018,0
"Kabarole","Bunyangabu","Kisomoro",2019,0
"Kabarole","Bunyangabu","Kisomoro",2020,0
"Kabarole","Bunyangabu","Kisomoro",2021,0
"Kabarole","Bunyangabu","Kisomoro",2022,0
"Kabarole","Bunyangabu","Kisomoro",2023,2.56147336959839
"Kabarole","Bunyangabu","Kisomoro",2024,1.65047836303711
"Kabarole","Bunyangabu","Rwiimi",2012,0
"Kabarole","Bunyangabu","Rwiimi",2013,0
"Kabarole","Bunyangabu","Rwiimi",2014,0
"Kabarole","Bunyangabu","Rwiimi",2015,0
"Kabarole","Bunyangabu","Rwiimi",2016,0
"Kabarole","Bunyangabu","Rwiimi",2017,0
"Kabarole","Bunyangabu","Rwiimi",2018,0
"Kabarole","Bunyangabu","Rwiimi",2019,4.69734859466553
"Kabarole","Bunyangabu","Rwiimi",2020,3.3521876335144
"Kabarole","Bunyangabu","Rwiimi",2021,5.65059518814087
"Kabarole","Bunyangabu","Rwiimi",2022,8.89099884033203
"Kabarole","Bunyangabu","Rwiimi",2023,16.7813873291016
"Kabarole","Bunyangabu","Rwiimi",2024,20.1261024475098
"Kabarole","Burahya","Bukuku",2012,0
"Kabarole","Burahya","Bukuku",2013,0
"Kabarole","Burahya","Bukuku",2014,0
"Kabarole","Burahya","Bukuku",2015,0
"Kabarole","Burahya","Bukuku",2016,0
"Kabarole","Burahya","Bukuku",2017,0
"Kabarole","Burahya","Bukuku",2018,0
"Kabarole","Burahya","Bukuku",2019,0
"Kabarole","Burahya","Bukuku",2020,0
"Kabarole","Burahya","Bukuku",2021,0
"Kabarole","Burahya","Bukuku",2022,0
"Kabarole","Burahya","Bukuku",2023,2.45395565032959
"Kabarole","Burahya","Bukuku",2024,0.551357865333557
"Kabarole","Burahya","Busoro",2012,0.601326107978821
"Kabarole","Burahya","Busoro",2013,0.53482985496521
"Kabarole","Burahya","Busoro",2014,1.75299215316772
"Kabarole","Burahya","Busoro",2015,1.01509237289429
"Kabarole","Burahya","Busoro",2016,1.88478183746338
"Kabarole","Burahya","Busoro",2017,2.60697603225708
"Kabarole","Burahya","Busoro",2018,1.75610113143921
"Kabarole","Burahya","Busoro",2019,0.0386124029755592
"Kabarole","Burahya","Busoro",2020,0
"Kabarole","Burahya","Busoro",2021,0
"Kabarole","Burahya","Busoro",2022,6.47105741500854
"Kabarole","Burahya","Busoro",2023,19.3487110137939
"Kabarole","Burahya","Busoro",2024,13.0097808837891
"Kabarole","Burahya","Hakibaale",2012,0.591144025325775
"Kabarole","Burahya","Hakibaale",2013,0.547439455986023
"Kabarole","Burahya","Hakibaale",2014,0.58031153678894
"Kabarole","Burahya","Hakibaale",2015,0
"Kabarole","Burahya","Hakibaale",2016,0
"Kabarole","Burahya","Hakibaale",2017,0
"Kabarole","Burahya","Hakibaale",2018,0
"Kabarole","Burahya","Hakibaale",2019,0
"Kabarole","Burahya","Hakibaale",2020,0
"Kabarole","Burahya","Hakibaale",2021,0.519352078437805
"Kabarole","Burahya","Hakibaale",2022,2.89255404472351
"Kabarole","Burahya","Hakibaale",2023,1.07130026817322
"Kabarole","Burahya","Hakibaale",2024,0
"Kabarole","Burahya","Karambi",2012,0.375082612037659
"Kabarole","Burahya","Karambi",2013,0.366970926523209
"Kabarole","Burahya","Karambi",2014,0.537158370018005
"Kabarole","Burahya","Karambi",2015,0.39397007226944
"Kabarole","Burahya","Karambi",2016,0.482854038476944
"Kabarole","Burahya","Karambi",2017,0.419291496276855
"Kabarole","Burahya","Karambi",2018,6.53743839263916
"Kabarole","Burahya","Karambi",2019,4.9267897605896
"Kabarole","Burahya","Karambi",2020,3.57656311988831
"Kabarole","Burahya","Karambi",2021,4.301589012146
"Kabarole","Burahya","Karambi",2022,24.0580558776855
"Kabarole","Burahya","Karambi",2023,43.7412414550781
"Kabarole","Burahya","Karambi",2024,36.937141418457
"Kabarole","Burahya","Kichwamba",2012,0.00312745966948569
"Kabarole","Burahya","Kichwamba",2013,1.18404448032379
"Kabarole","Burahya","Kichwamba",2014,0.00426503177732229
"Kabarole","Burahya","Kichwamba",2015,0.0180899724364281
"Kabarole","Burahya","Kichwamba",2016,0.00333596183918417
"Kabarole","Burahya","Kichwamba",2017,0.0187052171677351
"Kabarole","Burahya","Kichwamba",2018,0.00245145172812045
"Kabarole","Burahya","Kichwamba",2019,0.030327083542943
"Kabarole","Burahya","Kichwamba",2020,0.0223405957221985
"Kabarole","Burahya","Kichwamba",2021,0.0196328032761812
"Kabarole","Burahya","Kichwamba",2022,2.43413853645325
"Kabarole","Burahya","Kichwamba",2023,7.977294921875
"Kabarole","Burahya","Kichwamba",2024,6.35101842880249
"Kabarole","Burahya","Mugusu",2012,0
"Kabarole","Burahya","Mugusu",2013,0
"Kabarole","Burahya","Mugusu",2014,0
"Kabarole","Burahya","Mugusu",2015,0
"Kabarole","Burahya","Mugusu",2016,0
"Kabarole","Burahya","Mugusu",2017,0
"Kabarole","Burahya","Mugusu",2018,0
"Kabarole","Burahya","Mugusu",2019,0
"Kabarole","Burahya","Mugusu",2020,0
"Kabarole","Burahya","Mugusu",2021,0
"Kabarole","Burahya","Mugusu",2022,0
"Kabarole","Burahya","Mugusu",2023,0
"Kabarole","Burahya","Mugusu",2024,0
"Kabarole","Burahya","Ruteete",2012,0
"Kabarole","Burahya","Ruteete",2013,0
"Kabarole","Burahya","Ruteete",2014,0
"Kabarole","Burahya","Ruteete",2015,0
"Kabarole","Burahya","Ruteete",2016,0.463688313961029
"Kabarole","Burahya","Ruteete",2017,1.10465836524963
"Kabarole","Burahya","Ruteete",2018,6.85270929336548
"Kabarole","Burahya","Ruteete",2019,5.48439598083496
"Kabarole","Burahya","Ruteete",2020,4.00660610198975
"Kabarole","Burahya","Ruteete",2021,1.94740414619446
"Kabarole","Burahya","Ruteete",2022,3.19773125648499
"Kabarole","Burahya","Ruteete",2023,4.94439792633057
"Kabarole","Burahya","Ruteete",2024,1.39811038970947
"Kabarole","Burahya","Rwiimi",2012,0
"Kabarole","Burahya","Rwiimi",2013,0
"Kabarole","Burahya","Rwiimi",2014,0
"Kabarole","Burahya","Rwiimi",2015,0
"Kabarole","Burahya","Rwiimi",2016,0
"Kabarole","Burahya","Rwiimi",2017,0
"Kabarole","Burahya","Rwiimi",2018,0
"Kabarole","Burahya","Rwiimi",2019,0
"Kabarole","Burahya","Rwiimi",2020,0
"Kabarole","Burahya","Rwiimi",2021,0
"Kabarole","Burahya","Rwiimi",2022,0
"Kabarole","Burahya","Rwiimi",2023,0
"Kabarole","Burahya","Rwiimi",2024,0
"Kabarole","Fort Portal","Eastern",2012,10.7863464355469
"Kabarole","Fort Portal","Eastern",2013,15.7243528366089
"Kabarole","Fort Portal","Eastern",2014,30.3282260894775
"Kabarole","Fort Portal","Eastern",2015,17.3250007629395
"Kabarole","Fort Portal","Eastern",2016,20.6271667480469
"Kabarole","Fort Portal","Eastern",2017,22.9929599761963
"Kabarole","Fort Portal","Eastern",2018,28.5057640075684
"Kabarole","Fort Portal","Eastern",2019,35.2068786621094
"Kabarole","Fort Portal","Eastern",2020,32.5043830871582
"Kabarole","Fort Portal","Eastern",2021,33.4034233093262
"Kabarole","Fort Portal","Eastern",2022,80.8963470458984
"Kabarole","Fort Portal","Eastern",2023,99.2322998046875
"Kabarole","Fort Portal","Eastern",2024,102.817710876465
"Kabarole","Fort Portal","Southern",2012,24.9294509887695
"Kabarole","Fort Portal","Southern",2013,25.1866111755371
"Kabarole","Fort Portal","Southern",2014,29.8891067504883
"Kabarole","Fort Portal","Southern",2015,23.5363960266113
"Kabarole","Fort Portal","Southern",2016,22.617992401123
"Kabarole","Fort Portal","Southern",2017,23.7296371459961
"Kabarole","Fort Portal","Southern",2018,40.3022727966309
"Kabarole","Fort Portal","Southern",2019,56.824390411377
"Kabarole","Fort Portal","Southern",2020,55.2995414733887
"Kabarole","Fort Portal","Southern",2021,56.0678939819336
"Kabarole","Fort Portal","Southern",2022,77.1533737182617
"Kabarole","Fort Portal","Southern",2023,96.1636047363281
"Kabarole","Fort Portal","Southern",2024,110.224716186523
"Kabarole","Fort Portal","Western",2012,6.89987993240356
"Kabarole","Fort Portal","Western",2013,7.54995489120483
"Kabarole","Fort Portal","Western",2014,9.03592014312744
"Kabarole","Fort Portal","Western",2015,9.39621543884277
"Kabarole","Fort Portal","Western",2016,9.9332389831543
"Kabarole","Fort Portal","Western",2017,8.99980354309082
"Kabarole","Fort Portal","Western",2018,12.8139657974243
"Kabarole","Fort Portal","Western",2019,21.4000205993652
"Kabarole","Fort Portal","Western",2020,20.1507186889648
"Kabarole","Fort Portal","Western",2021,18.5469932556152
"Kabarole","Fort Portal","Western",2022,42.9458465576172
"Kabarole","Fort Portal","Western",2023,55.4579391479492
"Kabarole","Fort Portal","Western",2024,64.2844009399414
"Kaberamaido","Kaberamaido","Alwa",2012,0
"Kaberamaido","Kaberamaido","Alwa",2013,0
"Kaberamaido","Kaberamaido","Alwa",2014,0
"Kaberamaido","Kaberamaido","Alwa",2015,0
"Kaberamaido","Kaberamaido","Alwa",2016,0
"Kaberamaido","Kaberamaido","Alwa",2017,0
"Kaberamaido","Kaberamaido","Alwa",2018,0
"Kaberamaido","Kaberamaido","Alwa",2019,0
"Kaberamaido","Kaberamaido","Alwa",2020,0
"Kaberamaido","Kaberamaido","Alwa",2021,0
"Kaberamaido","Kaberamaido","Alwa",2022,0
"Kaberamaido","Kaberamaido","Alwa",2023,0
"Kaberamaido","Kaberamaido","Alwa",2024,0
"Kaberamaido","Kaberamaido","Kaberamaido",2012,0
"Kaberamaido","Kaberamaido","Kaberamaido",2013,0
"Kaberamaido","Kaberamaido","Kaberamaido",2014,0
"Kaberamaido","Kaberamaido","Kaberamaido",2015,0
"Kaberamaido","Kaberamaido","Kaberamaido",2016,0
"Kaberamaido","Kaberamaido","Kaberamaido",2017,0
"Kaberamaido","Kaberamaido","Kaberamaido",2018,0
"Kaberamaido","Kaberamaido","Kaberamaido",2019,0
"Kaberamaido","Kaberamaido","Kaberamaido",2020,0
"Kaberamaido","Kaberamaido","Kaberamaido",2021,0
"Kaberamaido","Kaberamaido","Kaberamaido",2022,0
"Kaberamaido","Kaberamaido","Kaberamaido",2023,0
"Kaberamaido","Kaberamaido","Kaberamaido",2024,0
"Kaberamaido","Kaberamaido","Kaberamaido Tc",2012,0
"Kaberamaido","Kaberamaido","Kaberamaido Tc",2013,0
"Kaberamaido","Kaberamaido","Kaberamaido Tc",2014,0
"Kaberamaido","Kaberamaido","Kaberamaido Tc",2015,0
"Kaberamaido","Kaberamaido","Kaberamaido Tc",2016,0
"Kaberamaido","Kaberamaido","Kaberamaido Tc",2017,0
"Kaberamaido","Kaberamaido","Kaberamaido Tc",2018,0
"Kaberamaido","Kaberamaido","Kaberamaido Tc",2019,0
"Kaberamaido","Kaberamaido","Kaberamaido Tc",2020,0
"Kaberamaido","Kaberamaido","Kaberamaido Tc",2021,0
"Kaberamaido","Kaberamaido","Kaberamaido Tc",2022,0
"Kaberamaido","Kaberamaido","Kaberamaido Tc",2023,1.09358310699463
"Kaberamaido","Kaberamaido","Kaberamaido Tc",2024,0.593157947063446
"Kaberamaido","Kaberamaido","Kobulubulu",2012,0
"Kaberamaido","Kaberamaido","Kobulubulu",2013,0
"Kaberamaido","Kaberamaido","Kobulubulu",2014,0
"Kaberamaido","Kaberamaido","Kobulubulu",2015,0
"Kaberamaido","Kaberamaido","Kobulubulu",2016,0
"Kaberamaido","Kaberamaido","Kobulubulu",2017,0
"Kaberamaido","Kaberamaido","Kobulubulu",2018,0
"Kaberamaido","Kaberamaido","Kobulubulu",2019,0
"Kaberamaido","Kaberamaido","Kobulubulu",2020,0
"Kaberamaido","Kaberamaido","Kobulubulu",2021,0
"Kaberamaido","Kaberamaido","Kobulubulu",2022,0
"Kaberamaido","Kaberamaido","Kobulubulu",2023,0
"Kaberamaido","Kaberamaido","Kobulubulu",2024,0
"Kaberamaido","Kaberamaido","Ochero",2012,0
"Kaberamaido","Kaberamaido","Ochero",2013,0
"Kaberamaido","Kaberamaido","Ochero",2014,0
"Kaberamaido","Kaberamaido","Ochero",2015,0
"Kaberamaido","Kaberamaido","Ochero",2016,0
"Kaberamaido","Kaberamaido","Ochero",2017,0
"Kaberamaido","Kaberamaido","Ochero",2018,0
"Kaberamaido","Kaberamaido","Ochero",2019,0
"Kaberamaido","Kaberamaido","Ochero",2020,0
"Kaberamaido","Kaberamaido","Ochero",2021,0
"Kaberamaido","Kaberamaido","Ochero",2022,0
"Kaberamaido","Kaberamaido","Ochero",2023,0.543226599693298
"Kaberamaido","Kaberamaido","Ochero",2024,0
"Kaberamaido","Kalaki","Anyara",2012,0
"Kaberamaido","Kalaki","Anyara",2013,0
"Kaberamaido","Kalaki","Anyara",2014,0
"Kaberamaido","Kalaki","Anyara",2015,0
"Kaberamaido","Kalaki","Anyara",2016,0
"Kaberamaido","Kalaki","Anyara",2017,0
"Kaberamaido","Kalaki","Anyara",2018,0
"Kaberamaido","Kalaki","Anyara",2019,0
"Kaberamaido","Kalaki","Anyara",2020,0
"Kaberamaido","Kalaki","Anyara",2021,0
"Kaberamaido","Kalaki","Anyara",2022,0
"Kaberamaido","Kalaki","Anyara",2023,0
"Kaberamaido","Kalaki","Anyara",2024,0
"Kaberamaido","Kalaki","Bululu",2012,0
"Kaberamaido","Kalaki","Bululu",2013,0
"Kaberamaido","Kalaki","Bululu",2014,0
"Kaberamaido","Kalaki","Bululu",2015,0
"Kaberamaido","Kalaki","Bululu",2016,0
"Kaberamaido","Kalaki","Bululu",2017,0
"Kaberamaido","Kalaki","Bululu",2018,0
"Kaberamaido","Kalaki","Bululu",2019,0
"Kaberamaido","Kalaki","Bululu",2020,0
"Kaberamaido","Kalaki","Bululu",2021,0
"Kaberamaido","Kalaki","Bululu",2022,0
"Kaberamaido","Kalaki","Bululu",2023,0
"Kaberamaido","Kalaki","Bululu",2024,0
"Kaberamaido","Kalaki","Kalaki",2012,0
"Kaberamaido","Kalaki","Kalaki",2013,0
"Kaberamaido","Kalaki","Kalaki",2014,0
"Kaberamaido","Kalaki","Kalaki",2015,0
"Kaberamaido","Kalaki","Kalaki",2016,0
"Kaberamaido","Kalaki","Kalaki",2017,0
"Kaberamaido","Kalaki","Kalaki",2018,0
"Kaberamaido","Kalaki","Kalaki",2019,0
"Kaberamaido","Kalaki","Kalaki",2020,0
"Kaberamaido","Kalaki","Kalaki",2021,0
"Kaberamaido","Kalaki","Kalaki",2022,0
"Kaberamaido","Kalaki","Kalaki",2023,0
"Kaberamaido","Kalaki","Kalaki",2024,0
"Kaberamaido","Kalaki","Otuboi",2012,0
"Kaberamaido","Kalaki","Otuboi",2013,0
"Kaberamaido","Kalaki","Otuboi",2014,0
"Kaberamaido","Kalaki","Otuboi",2015,0
"Kaberamaido","Kalaki","Otuboi",2016,0
"Kaberamaido","Kalaki","Otuboi",2017,0
"Kaberamaido","Kalaki","Otuboi",2018,0
"Kaberamaido","Kalaki","Otuboi",2019,0
"Kaberamaido","Kalaki","Otuboi",2020,0
"Kaberamaido","Kalaki","Otuboi",2021,0
"Kaberamaido","Kalaki","Otuboi",2022,0
"Kaberamaido","Kalaki","Otuboi",2023,0.513405919075012
"Kaberamaido","Kalaki","Otuboi",2024,1.5918653011322
"Kalangala","Bujumba","Bujumba",2012,4.13319444656372
"Kalangala","Bujumba","Bujumba",2013,4.22893953323364
"Kalangala","Bujumba","Bujumba",2014,1.87536025047302
"Kalangala","Bujumba","Bujumba",2015,1.2138524055481
"Kalangala","Bujumba","Bujumba",2016,0
"Kalangala","Bujumba","Bujumba",2017,0
"Kalangala","Bujumba","Bujumba",2018,0.653136372566223
"Kalangala","Bujumba","Bujumba",2019,0
"Kalangala","Bujumba","Bujumba",2020,0
"Kalangala","Bujumba","Bujumba",2021,0
"Kalangala","Bujumba","Bujumba",2022,1.15324354171753
"Kalangala","Bujumba","Bujumba",2023,2.36329460144043
"Kalangala","Bujumba","Bujumba",2024,2.24125242233276
"Kalangala","Bujumba","Kalangala Tc",2012,0
"Kalangala","Bujumba","Kalangala Tc",2013,0
"Kalangala","Bujumba","Kalangala Tc",2014,0
"Kalangala","Bujumba","Kalangala Tc",2015,0
"Kalangala","Bujumba","Kalangala Tc",2016,0
"Kalangala","Bujumba","Kalangala Tc",2017,0
"Kalangala","Bujumba","Kalangala Tc",2018,0
"Kalangala","Bujumba","Kalangala Tc",2019,1.14943790435791
"Kalangala","Bujumba","Kalangala Tc",2020,0
"Kalangala","Bujumba","Kalangala Tc",2021,1.1813280582428
"Kalangala","Bujumba","Kalangala Tc",2022,8.07843971252441
"Kalangala","Bujumba","Kalangala Tc",2023,4.14867925643921
"Kalangala","Bujumba","Kalangala Tc",2024,9.41929054260254
"Kalangala","Bujumba","Mugoye",2012,0
"Kalangala","Bujumba","Mugoye",2013,0
"Kalangala","Bujumba","Mugoye",2014,0
"Kalangala","Bujumba","Mugoye",2015,0
"Kalangala","Bujumba","Mugoye",2016,1.59297060966492
"Kalangala","Bujumba","Mugoye",2017,2.46867537498474
"Kalangala","Bujumba","Mugoye",2018,1.46350061893463
"Kalangala","Bujumba","Mugoye",2019,0
"Kalangala","Bujumba","Mugoye",2020,0
"Kalangala","Bujumba","Mugoye",2021,0
"Kalangala","Bujumba","Mugoye",2022,0
"Kalangala","Bujumba","Mugoye",2023,0
"Kalangala","Bujumba","Mugoye",2024,1.04477071762085
"Kalangala","Kyamuswa","Bubeke",2012,0
"Kalangala","Kyamuswa","Bubeke",2013,0
"Kalangala","Kyamuswa","Bubeke",2014,0
"Kalangala","Kyamuswa","Bubeke",2015,0
"Kalangala","Kyamuswa","Bubeke",2016,0
"Kalangala","Kyamuswa","Bubeke",2017,0
"Kalangala","Kyamuswa","Bubeke",2018,0
"Kalangala","Kyamuswa","Bubeke",2019,0
"Kalangala","Kyamuswa","Bubeke",2020,0
"Kalangala","Kyamuswa","Bubeke",2021,0
"Kalangala","Kyamuswa","Bubeke",2022,0
"Kalangala","Kyamuswa","Bubeke",2023,0
"Kalangala","Kyamuswa","Bubeke",2024,0
"Kalangala","Kyamuswa","Bufumira",2012,0
"Kalangala","Kyamuswa","Bufumira",2013,0
"Kalangala","Kyamuswa","Bufumira",2014,0
"Kalangala","Kyamuswa","Bufumira",2015,0
"Kalangala","Kyamuswa","Bufumira",2016,0
"Kalangala","Kyamuswa","Bufumira",2017,0
"Kalangala","Kyamuswa","Bufumira",2018,0
"Kalangala","Kyamuswa","Bufumira",2019,0
"Kalangala","Kyamuswa","Bufumira",2020,0
"Kalangala","Kyamuswa","Bufumira",2021,0
"Kalangala","Kyamuswa","Bufumira",2022,0
"Kalangala","Kyamuswa","Bufumira",2023,0
"Kalangala","Kyamuswa","Bufumira",2024,0
"Kalangala","Kyamuswa","Kyamuswa",2012,0
"Kalangala","Kyamuswa","Kyamuswa",2013,0
"Kalangala","Kyamuswa","Kyamuswa",2014,0
"Kalangala","Kyamuswa","Kyamuswa",2015,0
"Kalangala","Kyamuswa","Kyamuswa",2016,0
"Kalangala","Kyamuswa","Kyamuswa",2017,0
"Kalangala","Kyamuswa","Kyamuswa",2018,0
"Kalangala","Kyamuswa","Kyamuswa",2019,0
"Kalangala","Kyamuswa","Kyamuswa",2020,0
"Kalangala","Kyamuswa","Kyamuswa",2021,0
"Kalangala","Kyamuswa","Kyamuswa",2022,0
"Kalangala","Kyamuswa","Kyamuswa",2023,0
"Kalangala","Kyamuswa","Kyamuswa",2024,0
"Kalangala","Kyamuswa","Mazinga",2012,0
"Kalangala","Kyamuswa","Mazinga",2013,0
"Kalangala","Kyamuswa","Mazinga",2014,0
"Kalangala","Kyamuswa","Mazinga",2015,0
"Kalangala","Kyamuswa","Mazinga",2016,0
"Kalangala","Kyamuswa","Mazinga",2017,0
"Kalangala","Kyamuswa","Mazinga",2018,0
"Kalangala","Kyamuswa","Mazinga",2019,0
"Kalangala","Kyamuswa","Mazinga",2020,0
"Kalangala","Kyamuswa","Mazinga",2021,0
"Kalangala","Kyamuswa","Mazinga",2022,0
"Kalangala","Kyamuswa","Mazinga",2023,0
"Kalangala","Kyamuswa","Mazinga",2024,0
"Kampala","Kampala","Central Division",2012,1635.19311523438
"Kampala","Kampala","Central Division",2013,1639.56750488281
"Kampala","Kampala","Central Division",2014,1523.08740234375
"Kampala","Kampala","Central Division",2015,1574.95874023438
"Kampala","Kampala","Central Division",2016,1429.62658691406
"Kampala","Kampala","Central Division",2017,1507.64868164062
"Kampala","Kampala","Central Division",2018,1508.74963378906
"Kampala","Kampala","Central Division",2019,1601.45153808594
"Kampala","Kampala","Central Division",2020,1725.45678710938
"Kampala","Kampala","Central Division",2021,1696.25708007812
"Kampala","Kampala","Central Division",2022,2071.57275390625
"Kampala","Kampala","Central Division",2023,2325.6591796875
"Kampala","Kampala","Central Division",2024,2521.00610351562
"Kampala","Kampala","Kawempe Division",2012,998.517272949219
"Kampala","Kampala","Kawempe Division",2013,999.135986328125
"Kampala","Kampala","Kawempe Division",2014,884.360717773438
"Kampala","Kampala","Kawempe Division",2015,840.644470214844
"Kampala","Kampala","Kawempe Division",2016,862.33642578125
"Kampala","Kampala","Kawempe Division",2017,867.145568847656
"Kampala","Kampala","Kawempe Division",2018,940.773559570312
"Kampala","Kampala","Kawempe Division",2019,1024.96228027344
"Kampala","Kampala","Kawempe Division",2020,1034.30493164062
"Kampala","Kampala","Kawempe Division",2021,1132.3759765625
"Kampala","Kampala","Kawempe Division",2022,1521.14562988281
"Kampala","Kampala","Kawempe Division",2023,1848.36657714844
"Kampala","Kampala","Kawempe Division",2024,2036.26232910156
"Kampala","Kampala","Makindye",2012,1461.04541015625
"Kampala","Kampala","Makindye",2013,1586.11059570312
"Kampala","Kampala","Makindye",2014,1727.24865722656
"Kampala","Kampala","Makindye",2015,1580.79150390625
"Kampala","Kampala","Makindye",2016,1496.611328125
"Kampala","Kampala","Makindye",2017,1453.94348144531
"Kampala","Kampala","Makindye",2018,1486.48510742188
"Kampala","Kampala","Makindye",2019,1652.15869140625
"Kampala","Kampala","Makindye",2020,1866.01672363281
"Kampala","Kampala","Makindye",2021,2003.16882324219
"Kampala","Kampala","Makindye",2022,2465.4033203125
"Kampala","Kampala","Makindye",2023,2814.7890625
"Kampala","Kampala","Makindye",2024,3349.52514648438
"Kampala","Kampala","Nakawa Division",2012,1530.36254882812
"Kampala","Kampala","Nakawa Division",2013,1600.8876953125
"Kampala","Kampala","Nakawa Division",2014,1590.53723144531
"Kampala","Kampala","Nakawa Division",2015,1633.30212402344
"Kampala","Kampala","Nakawa Division",2016,1652.82434082031
"Kampala","Kampala","Nakawa Division",2017,1669.38342285156
"Kampala","Kampala","Nakawa Division",2018,1791.7412109375
"Kampala","Kampala","Nakawa Division",2019,1895.30712890625
"Kampala","Kampala","Nakawa Division",2020,1925.05712890625
"Kampala","Kampala","Nakawa Division",2021,2162.61206054688
"Kampala","Kampala","Nakawa Division",2022,2714.88891601562
"Kampala","Kampala","Nakawa Division",2023,3160.8828125
"Kampala","Kampala","Nakawa Division",2024,3405.23486328125
"Kampala","Kampala","Rubaga Division",2012,1237.73278808594
"Kampala","Kampala","Rubaga Division",2013,1169.62097167969
"Kampala","Kampala","Rubaga Division",2014,1183.38500976562
"Kampala","Kampala","Rubaga Division",2015,1048.34106445312
"Kampala","Kampala","Rubaga Division",2016,1026.66101074219
"Kampala","Kampala","Rubaga Division",2017,1005.54272460938
"Kampala","Kampala","Rubaga Division",2018,1123.0458984375
"Kampala","Kampala","Rubaga Division",2019,1218.60388183594
"Kampala","Kampala","Rubaga Division",2020,1244.59826660156
"Kampala","Kampala","Rubaga Division",2021,1317.42138671875
"Kampala","Kampala","Rubaga Division",2022,1719.62512207031
"Kampala","Kampala","Rubaga Division",2023,1992.82629394531
"Kampala","Kampala","Rubaga Division",2024,2389.61108398438
"Kamuli","Budiope","Bugaya",2012,0
"Kamuli","Budiope","Bugaya",2013,0
"Kamuli","Budiope","Bugaya",2014,0
"Kamuli","Budiope","Bugaya",2015,0
"Kamuli","Budiope","Bugaya",2016,0
"Kamuli","Budiope","Bugaya",2017,0
"Kamuli","Budiope","Bugaya",2018,0
"Kamuli","Budiope","Bugaya",2019,0
"Kamuli","Budiope","Bugaya",2020,0
"Kamuli","Budiope","Bugaya",2021,0
"Kamuli","Budiope","Bugaya",2022,0
"Kamuli","Budiope","Bugaya",2023,0
"Kamuli","Budiope","Bugaya",2024,0
"Kamuli","Budiope","Buyende",2012,0
"Kamuli","Budiope","Buyende",2013,0
"Kamuli","Budiope","Buyende",2014,0
"Kamuli","Budiope","Buyende",2015,0
"Kamuli","Budiope","Buyende",2016,0
"Kamuli","Budiope","Buyende",2017,0
"Kamuli","Budiope","Buyende",2018,0
"Kamuli","Budiope","Buyende",2019,0
"Kamuli","Budiope","Buyende",2020,0
"Kamuli","Budiope","Buyende",2021,0
"Kamuli","Budiope","Buyende",2022,0
"Kamuli","Budiope","Buyende",2023,0
"Kamuli","Budiope","Buyende",2024,0
"Kamuli","Budiope","Kagulu",2012,0
"Kamuli","Budiope","Kagulu",2013,0
"Kamuli","Budiope","Kagulu",2014,0
"Kamuli","Budiope","Kagulu",2015,0
"Kamuli","Budiope","Kagulu",2016,0
"Kamuli","Budiope","Kagulu",2017,0
"Kamuli","Budiope","Kagulu",2018,0
"Kamuli","Budiope","Kagulu",2019,0
"Kamuli","Budiope","Kagulu",2020,0
"Kamuli","Budiope","Kagulu",2021,0
"Kamuli","Budiope","Kagulu",2022,0
"Kamuli","Budiope","Kagulu",2023,0.501364290714264
"Kamuli","Budiope","Kagulu",2024,2.95650029182434
"Kamuli","Budiope","Kidera",2012,0
"Kamuli","Budiope","Kidera",2013,0
"Kamuli","Budiope","Kidera",2014,0
"Kamuli","Budiope","Kidera",2015,0
"Kamuli","Budiope","Kidera",2016,0
"Kamuli","Budiope","Kidera",2017,0
"Kamuli","Budiope","Kidera",2018,0
"Kamuli","Budiope","Kidera",2019,0
"Kamuli","Budiope","Kidera",2020,0
"Kamuli","Budiope","Kidera",2021,0
"Kamuli","Budiope","Kidera",2022,0
"Kamuli","Budiope","Kidera",2023,0.597439765930176
"Kamuli","Budiope","Kidera",2024,0.525498449802399
"Kamuli","Budiope","Nkondo",2012,0
"Kamuli","Budiope","Nkondo",2013,0
"Kamuli","Budiope","Nkondo",2014,0
"Kamuli","Budiope","Nkondo",2015,0
"Kamuli","Budiope","Nkondo",2016,0
"Kamuli","Budiope","Nkondo",2017,0
"Kamuli","Budiope","Nkondo",2018,0
"Kamuli","Budiope","Nkondo",2019,0
"Kamuli","Budiope","Nkondo",2020,0
"Kamuli","Budiope","Nkondo",2021,0
"Kamuli","Budiope","Nkondo",2022,0
"Kamuli","Budiope","Nkondo",2023,3.27328062057495
"Kamuli","Budiope","Nkondo",2024,21.5327529907227
"Kamuli","Bugabula","Balawoli",2012,0
"Kamuli","Bugabula","Balawoli",2013,0
"Kamuli","Bugabula","Balawoli",2014,0
"Kamuli","Bugabula","Balawoli",2015,0
"Kamuli","Bugabula","Balawoli",2016,0
"Kamuli","Bugabula","Balawoli",2017,0.576678097248077
"Kamuli","Bugabula","Balawoli",2018,0.525348842144012
"Kamuli","Bugabula","Balawoli",2019,1.18628811836243
"Kamuli","Bugabula","Balawoli",2020,1.13664388656616
"Kamuli","Bugabula","Balawoli",2021,0.548965573310852
"Kamuli","Bugabula","Balawoli",2022,1.03048515319824
"Kamuli","Bugabula","Balawoli",2023,1.49420237541199
"Kamuli","Bugabula","Balawoli",2024,3.20864486694336
"Kamuli","Bugabula","Bulopa",2012,0
"Kamuli","Bugabula","Bulopa",2013,0
"Kamuli","Bugabula","Bulopa",2014,0
"Kamuli","Bugabula","Bulopa",2015,0
"Kamuli","Bugabula","Bulopa",2016,0
"Kamuli","Bugabula","Bulopa",2017,0
"Kamuli","Bugabula","Bulopa",2018,0
"Kamuli","Bugabula","Bulopa",2019,0
"Kamuli","Bugabula","Bulopa",2020,0
"Kamuli","Bugabula","Bulopa",2021,0
"Kamuli","Bugabula","Bulopa",2022,0
"Kamuli","Bugabula","Bulopa",2023,0.524434030056
"Kamuli","Bugabula","Bulopa",2024,0
"Kamuli","Bugabula","Butansi",2012,0
"Kamuli","Bugabula","Butansi",2013,0
"Kamuli","Bugabula","Butansi",2014,0
"Kamuli","Bugabula","Butansi",2015,0
"Kamuli","Bugabula","Butansi",2016,0
"Kamuli","Bugabula","Butansi",2017,0
"Kamuli","Bugabula","Butansi",2018,0
"Kamuli","Bugabula","Butansi",2019,0
"Kamuli","Bugabula","Butansi",2020,0
"Kamuli","Bugabula","Butansi",2021,0
"Kamuli","Bugabula","Butansi",2022,0
"Kamuli","Bugabula","Butansi",2023,0
"Kamuli","Bugabula","Butansi",2024,0.946726083755493
"Kamuli","Bugabula","Kamuli Tc",2012,8.11498832702637
"Kamuli","Bugabula","Kamuli Tc",2013,11.1690120697021
"Kamuli","Bugabula","Kamuli Tc",2014,11.3957509994507
"Kamuli","Bugabula","Kamuli Tc",2015,11.6211643218994
"Kamuli","Bugabula","Kamuli Tc",2016,11.3002510070801
"Kamuli","Bugabula","Kamuli Tc",2017,14.8294544219971
"Kamuli","Bugabula","Kamuli Tc",2018,16.2188415527344
"Kamuli","Bugabula","Kamuli Tc",2019,21.513162612915
"Kamuli","Bugabula","Kamuli Tc",2020,19.764799118042
"Kamuli","Bugabula","Kamuli Tc",2021,19.3646717071533
"Kamuli","Bugabula","Kamuli Tc",2022,31.5257949829102
"Kamuli","Bugabula","Kamuli Tc",2023,47.0585327148438
"Kamuli","Bugabula","Kamuli Tc",2024,94.9890213012695
"Kamuli","Bugabula","Kitayunjwa",2012,0
"Kamuli","Bugabula","Kitayunjwa",2013,3.95809030532837
"Kamuli","Bugabula","Kitayunjwa",2014,5.15038204193115
"Kamuli","Bugabula","Kitayunjwa",2015,13.443808555603
"Kamuli","Bugabula","Kitayunjwa",2016,28.3164615631104
"Kamuli","Bugabula","Kitayunjwa",2017,33.7544975280762
"Kamuli","Bugabula","Kitayunjwa",2018,37.5713310241699
"Kamuli","Bugabula","Kitayunjwa",2019,22.0277328491211
"Kamuli","Bugabula","Kitayunjwa",2020,26.4935913085938
"Kamuli","Bugabula","Kitayunjwa",2021,24.4094829559326
"Kamuli","Bugabula","Kitayunjwa",2022,33.2244606018066
"Kamuli","Bugabula","Kitayunjwa",2023,31.8310279846191
"Kamuli","Bugabula","Kitayunjwa",2024,76.3899536132812
"Kamuli","Bugabula","Nabwigulu",2012,0.114179909229279
"Kamuli","Bugabula","Nabwigulu",2013,0.955579161643982
"Kamuli","Bugabula","Nabwigulu",2014,1.38571548461914
"Kamuli","Bugabula","Nabwigulu",2015,0.980256795883179
"Kamuli","Bugabula","Nabwigulu",2016,1.7357234954834
"Kamuli","Bugabula","Nabwigulu",2017,6.15012168884277
"Kamuli","Bugabula","Nabwigulu",2018,5.83788251876831
"Kamuli","Bugabula","Nabwigulu",2019,5.73209190368652
"Kamuli","Bugabula","Nabwigulu",2020,6.27211999893188
"Kamuli","Bugabula","Nabwigulu",2021,4.30902576446533
"Kamuli","Bugabula","Nabwigulu",2022,25.1117496490479
"Kamuli","Bugabula","Nabwigulu",2023,49.3717727661133
"Kamuli","Bugabula","Nabwigulu",2024,114.183601379395
"Kamuli","Bugabula","Namasagali",2012,0
"Kamuli","Bugabula","Namasagali",2013,0
"Kamuli","Bugabula","Namasagali",2014,0
"Kamuli","Bugabula","Namasagali",2015,0
"Kamuli","Bugabula","Namasagali",2016,0
"Kamuli","Bugabula","Namasagali",2017,0
"Kamuli","Bugabula","Namasagali",2018,0
"Kamuli","Bugabula","Namasagali",2019,0.0692120492458344
"Kamuli","Bugabula","Namasagali",2020,0.0881829559803009
"Kamuli","Bugabula","Namasagali",2021,0.737663865089417
"Kamuli","Bugabula","Namasagali",2022,0.185851857066154
"Kamuli","Bugabula","Namasagali",2023,0.151328355073929
"Kamuli","Bugabula","Namasagali",2024,0.113068640232086
"Kamuli","Bugabula","Namwendwa",2012,0
"Kamuli","Bugabula","Namwendwa",2013,0
"Kamuli","Bugabula","Namwendwa",2014,0
"Kamuli","Bugabula","Namwendwa",2015,0
"Kamuli","Bugabula","Namwendwa",2016,0
"Kamuli","Bugabula","Namwendwa",2017,0
"Kamuli","Bugabula","Namwendwa",2018,0
"Kamuli","Bugabula","Namwendwa",2019,0
"Kamuli","Bugabula","Namwendwa",2020,0
"Kamuli","Bugabula","Namwendwa",2021,0
"Kamuli","Bugabula","Namwendwa",2022,2.35744452476501
"Kamuli","Bugabula","Namwendwa",2023,4.58646154403687
"Kamuli","Bugabula","Namwendwa",2024,8.41722679138184
"Kamuli","Bulamogi","Bumanya",2012,0
"Kamuli","Bulamogi","Bumanya",2013,0
"Kamuli","Bulamogi","Bumanya",2014,0
"Kamuli","Bulamogi","Bumanya",2015,0
"Kamuli","Bulamogi","Bumanya",2016,0
"Kamuli","Bulamogi","Bumanya",2017,0
"Kamuli","Bulamogi","Bumanya",2018,0
"Kamuli","Bulamogi","Bumanya",2019,0
"Kamuli","Bulamogi","Bumanya",2020,0
"Kamuli","Bulamogi","Bumanya",2021,0
"Kamuli","Bulamogi","Bumanya",2022,0
"Kamuli","Bulamogi","Bumanya",2023,0
"Kamuli","Bulamogi","Bumanya",2024,1.10700917243958
"Kamuli","Bulamogi","Gadumire",2012,0
"Kamuli","Bulamogi","Gadumire",2013,0
"Kamuli","Bulamogi","Gadumire",2014,0
"Kamuli","Bulamogi","Gadumire",2015,0
"Kamuli","Bulamogi","Gadumire",2016,0
"Kamuli","Bulamogi","Gadumire",2017,0
"Kamuli","Bulamogi","Gadumire",2018,0
"Kamuli","Bulamogi","Gadumire",2019,0
"Kamuli","Bulamogi","Gadumire",2020,0
"Kamuli","Bulamogi","Gadumire",2021,0
"Kamuli","Bulamogi","Gadumire",2022,0
"Kamuli","Bulamogi","Gadumire",2023,0
"Kamuli","Bulamogi","Gadumire",2024,0
"Kamuli","Bulamogi","Namugongo",2012,8.2568359375
"Kamuli","Bulamogi","Namugongo",2013,41.3788871765137
"Kamuli","Bulamogi","Namugongo",2014,51.9303283691406
"Kamuli","Bulamogi","Namugongo",2015,49.0206756591797
"Kamuli","Bulamogi","Namugongo",2016,24.2565460205078
"Kamuli","Bulamogi","Namugongo",2017,21.8094387054443
"Kamuli","Bulamogi","Namugongo",2018,22.9313182830811
"Kamuli","Bulamogi","Namugongo",2019,23.1934833526611
"Kamuli","Bulamogi","Namugongo",2020,17.196138381958
"Kamuli","Bulamogi","Namugongo",2021,20.6343441009521
"Kamuli","Bulamogi","Namugongo",2022,39.0083312988281
"Kamuli","Bulamogi","Namugongo",2023,50.4512214660645
"Kamuli","Bulamogi","Namugongo",2024,64.5067596435547
"Kamuli","Bulamogi","Namwiwa",2012,0
"Kamuli","Bulamogi","Namwiwa",2013,0
"Kamuli","Bulamogi","Namwiwa",2014,0
"Kamuli","Bulamogi","Namwiwa",2015,0
"Kamuli","Bulamogi","Namwiwa",2016,0
"Kamuli","Bulamogi","Namwiwa",2017,0
"Kamuli","Bulamogi","Namwiwa",2018,0
"Kamuli","Bulamogi","Namwiwa",2019,0
"Kamuli","Bulamogi","Namwiwa",2020,0
"Kamuli","Bulamogi","Namwiwa",2021,0
"Kamuli","Bulamogi","Namwiwa",2022,0
"Kamuli","Bulamogi","Namwiwa",2023,0
"Kamuli","Bulamogi","Namwiwa",2024,0
"Kamuli","Bulamogi","Nawaikoke",2012,0
"Kamuli","Bulamogi","Nawaikoke",2013,0
"Kamuli","Bulamogi","Nawaikoke",2014,0
"Kamuli","Bulamogi","Nawaikoke",2015,0
"Kamuli","Bulamogi","Nawaikoke",2016,0
"Kamuli","Bulamogi","Nawaikoke",2017,0
"Kamuli","Bulamogi","Nawaikoke",2018,0
"Kamuli","Bulamogi","Nawaikoke",2019,0
"Kamuli","Bulamogi","Nawaikoke",2020,0
"Kamuli","Bulamogi","Nawaikoke",2021,0
"Kamuli","Bulamogi","Nawaikoke",2022,0
"Kamuli","Bulamogi","Nawaikoke",2023,0
"Kamuli","Bulamogi","Nawaikoke",2024,0
"Kamuli","Buzaaya","Bugulumbya",2012,0
"Kamuli","Buzaaya","Bugulumbya",2013,0
"Kamuli","Buzaaya","Bugulumbya",2014,0
"Kamuli","Buzaaya","Bugulumbya",2015,0
"Kamuli","Buzaaya","Bugulumbya",2016,0
"Kamuli","Buzaaya","Bugulumbya",2017,0
"Kamuli","Buzaaya","Bugulumbya",2018,0
"Kamuli","Buzaaya","Bugulumbya",2019,0
"Kamuli","Buzaaya","Bugulumbya",2020,0
"Kamuli","Buzaaya","Bugulumbya",2021,0
"Kamuli","Buzaaya","Bugulumbya",2022,0.606920897960663
"Kamuli","Buzaaya","Bugulumbya",2023,2.53345346450806
"Kamuli","Buzaaya","Bugulumbya",2024,2.5937237739563
"Kamuli","Buzaaya","Kisozi",2012,0
"Kamuli","Buzaaya","Kisozi",2013,0
"Kamuli","Buzaaya","Kisozi",2014,0
"Kamuli","Buzaaya","Kisozi",2015,7.54439163208008
"Kamuli","Buzaaya","Kisozi",2016,41.7651863098145
"Kamuli","Buzaaya","Kisozi",2017,52.1970672607422
"Kamuli","Buzaaya","Kisozi",2018,65.3134689331055
"Kamuli","Buzaaya","Kisozi",2019,36.167552947998
"Kamuli","Buzaaya","Kisozi",2020,52.739917755127
"Kamuli","Buzaaya","Kisozi",2021,29.3868045806885
"Kamuli","Buzaaya","Kisozi",2022,50.3453330993652
"Kamuli","Buzaaya","Kisozi",2023,41.6837387084961
"Kamuli","Buzaaya","Kisozi",2024,35.3695526123047
"Kamuli","Buzaaya","Mbulamuti",2012,0
"Kamuli","Buzaaya","Mbulamuti",2013,0.00531072076410055
"Kamuli","Buzaaya","Mbulamuti",2014,0.00687350565567613
"Kamuli","Buzaaya","Mbulamuti",2015,0.0161978341639042
"Kamuli","Buzaaya","Mbulamuti",2016,0.0290430653840303
"Kamuli","Buzaaya","Mbulamuti",2017,0.467570245265961
"Kamuli","Buzaaya","Mbulamuti",2018,0.470063894987106
"Kamuli","Buzaaya","Mbulamuti",2019,0.0202547274529934
"Kamuli","Buzaaya","Mbulamuti",2020,0.0268136784434319
"Kamuli","Buzaaya","Mbulamuti",2021,0.376177370548248
"Kamuli","Buzaaya","Mbulamuti",2022,0.544955730438232
"Kamuli","Buzaaya","Mbulamuti",2023,2.45254683494568
"Kamuli","Buzaaya","Mbulamuti",2024,3.78755307197571
"Kamuli","Buzaaya","Nawanyago",2012,0
"Kamuli","Buzaaya","Nawanyago",2013,0
"Kamuli","Buzaaya","Nawanyago",2014,0
"Kamuli","Buzaaya","Nawanyago",2015,0
"Kamuli","Buzaaya","Nawanyago",2016,0
"Kamuli","Buzaaya","Nawanyago",2017,0
"Kamuli","Buzaaya","Nawanyago",2018,0
"Kamuli","Buzaaya","Nawanyago",2019,0
"Kamuli","Buzaaya","Nawanyago",2020,0
"Kamuli","Buzaaya","Nawanyago",2021,0
"Kamuli","Buzaaya","Nawanyago",2022,0
"Kamuli","Buzaaya","Nawanyago",2023,1.65868639945984
"Kamuli","Buzaaya","Nawanyago",2024,4.41085004806519
"Kamuli","Buzaaya","Wankole",2012,0
"Kamuli","Buzaaya","Wankole",2013,0
"Kamuli","Buzaaya","Wankole",2014,0
"Kamuli","Buzaaya","Wankole",2015,0
"Kamuli","Buzaaya","Wankole",2016,0
"Kamuli","Buzaaya","Wankole",2017,0
"Kamuli","Buzaaya","Wankole",2018,0
"Kamuli","Buzaaya","Wankole",2019,0
"Kamuli","Buzaaya","Wankole",2020,0
"Kamuli","Buzaaya","Wankole",2021,0
"Kamuli","Buzaaya","Wankole",2022,0
"Kamuli","Buzaaya","Wankole",2023,1.25213313102722
"Kamuli","Buzaaya","Wankole",2024,3.00595617294312
"Kamwenge","Kibale","Bwiizi",2012,0
"Kamwenge","Kibale","Bwiizi",2013,0
"Kamwenge","Kibale","Bwiizi",2014,0
"Kamwenge","Kibale","Bwiizi",2015,0
"Kamwenge","Kibale","Bwiizi",2016,0
"Kamwenge","Kibale","Bwiizi",2017,0
"Kamwenge","Kibale","Bwiizi",2018,0
"Kamwenge","Kibale","Bwiizi",2019,0
"Kamwenge","Kibale","Bwiizi",2020,0
"Kamwenge","Kibale","Bwiizi",2021,0
"Kamwenge","Kibale","Bwiizi",2022,0
"Kamwenge","Kibale","Bwiizi",2023,0
"Kamwenge","Kibale","Bwiizi",2024,2.44075608253479
"Kamwenge","Kibale","Kahunge",2012,0
"Kamwenge","Kibale","Kahunge",2013,0
"Kamwenge","Kibale","Kahunge",2014,1.3952202796936
"Kamwenge","Kibale","Kahunge",2015,1.35726594924927
"Kamwenge","Kibale","Kahunge",2016,3.21901798248291
"Kamwenge","Kibale","Kahunge",2017,2.07384037971497
"Kamwenge","Kibale","Kahunge",2018,0.673737764358521
"Kamwenge","Kibale","Kahunge",2019,0
"Kamwenge","Kibale","Kahunge",2020,0
"Kamwenge","Kibale","Kahunge",2021,1.75433146953583
"Kamwenge","Kibale","Kahunge",2022,1.19293308258057
"Kamwenge","Kibale","Kahunge",2023,1.58441805839539
"Kamwenge","Kibale","Kahunge",2024,1.9250807762146
"Kamwenge","Kibale","Kamwenge",2012,0
"Kamwenge","Kibale","Kamwenge",2013,0
"Kamwenge","Kibale","Kamwenge",2014,0
"Kamwenge","Kibale","Kamwenge",2015,0
"Kamwenge","Kibale","Kamwenge",2016,0
"Kamwenge","Kibale","Kamwenge",2017,0
"Kamwenge","Kibale","Kamwenge",2018,0.586164116859436
"Kamwenge","Kibale","Kamwenge",2019,0
"Kamwenge","Kibale","Kamwenge",2020,0
"Kamwenge","Kibale","Kamwenge",2021,0.30223274230957
"Kamwenge","Kibale","Kamwenge",2022,0
"Kamwenge","Kibale","Kamwenge",2023,0.198448851704597
"Kamwenge","Kibale","Kamwenge",2024,0
"Kamwenge","Kibale","Kamwenge Tc",2012,3.55559396743774
"Kamwenge","Kibale","Kamwenge Tc",2013,5.37830877304077
"Kamwenge","Kibale","Kamwenge Tc",2014,6.50444221496582
"Kamwenge","Kibale","Kamwenge Tc",2015,4.85282897949219
"Kamwenge","Kibale","Kamwenge Tc",2016,3.44311356544495
"Kamwenge","Kibale","Kamwenge Tc",2017,0.667330145835876
"Kamwenge","Kibale","Kamwenge Tc",2018,3.07845854759216
"Kamwenge","Kibale","Kamwenge Tc",2019,5.82763338088989
"Kamwenge","Kibale","Kamwenge Tc",2020,3.16595911979675
"Kamwenge","Kibale","Kamwenge Tc",2021,15.5910730361938
"Kamwenge","Kibale","Kamwenge Tc",2022,11.7100191116333
"Kamwenge","Kibale","Kamwenge Tc",2023,15.4694204330444
"Kamwenge","Kibale","Kamwenge Tc",2024,25.4645233154297
"Kamwenge","Kibale","Nkoma",2012,0
"Kamwenge","Kibale","Nkoma",2013,1.02286243438721
"Kamwenge","Kibale","Nkoma",2014,0
"Kamwenge","Kibale","Nkoma",2015,2.25314235687256
"Kamwenge","Kibale","Nkoma",2016,0.527306020259857
"Kamwenge","Kibale","Nkoma",2017,0
"Kamwenge","Kibale","Nkoma",2018,0
"Kamwenge","Kibale","Nkoma",2019,0
"Kamwenge","Kibale","Nkoma",2020,0
"Kamwenge","Kibale","Nkoma",2021,0.656242370605469
"Kamwenge","Kibale","Nkoma",2022,2.53435945510864
"Kamwenge","Kibale","Nkoma",2023,5.28393936157227
"Kamwenge","Kibale","Nkoma",2024,10.8846778869629
"Kamwenge","Kitagwenda","Kacheche",2012,0
"Kamwenge","Kitagwenda","Kacheche",2013,0
"Kamwenge","Kitagwenda","Kacheche",2014,0
"Kamwenge","Kitagwenda","Kacheche",2015,0
"Kamwenge","Kitagwenda","Kacheche",2016,0
"Kamwenge","Kitagwenda","Kacheche",2017,0
"Kamwenge","Kitagwenda","Kacheche",2018,0
"Kamwenge","Kitagwenda","Kacheche",2019,0
"Kamwenge","Kitagwenda","Kacheche",2020,0
"Kamwenge","Kitagwenda","Kacheche",2021,0
"Kamwenge","Kitagwenda","Kacheche",2022,0
"Kamwenge","Kitagwenda","Kacheche",2023,2.22323679924011
"Kamwenge","Kitagwenda","Kacheche",2024,1.15237700939178
"Kamwenge","Kitagwenda","Mahyoro",2012,0
"Kamwenge","Kitagwenda","Mahyoro",2013,0
"Kamwenge","Kitagwenda","Mahyoro",2014,0
"Kamwenge","Kitagwenda","Mahyoro",2015,0
"Kamwenge","Kitagwenda","Mahyoro",2016,0
"Kamwenge","Kitagwenda","Mahyoro",2017,0
"Kamwenge","Kitagwenda","Mahyoro",2018,0
"Kamwenge","Kitagwenda","Mahyoro",2019,0
"Kamwenge","Kitagwenda","Mahyoro",2020,0
"Kamwenge","Kitagwenda","Mahyoro",2021,0
"Kamwenge","Kitagwenda","Mahyoro",2022,0
"Kamwenge","Kitagwenda","Mahyoro",2023,0.536295473575592
"Kamwenge","Kitagwenda","Mahyoro",2024,0.507653832435608
"Kamwenge","Kitagwenda","Ntara",2012,0
"Kamwenge","Kitagwenda","Ntara",2013,0
"Kamwenge","Kitagwenda","Ntara",2014,0
"Kamwenge","Kitagwenda","Ntara",2015,0
"Kamwenge","Kitagwenda","Ntara",2016,0
"Kamwenge","Kitagwenda","Ntara",2017,0
"Kamwenge","Kitagwenda","Ntara",2018,0
"Kamwenge","Kitagwenda","Ntara",2019,0
"Kamwenge","Kitagwenda","Ntara",2020,0
"Kamwenge","Kitagwenda","Ntara",2021,0
"Kamwenge","Kitagwenda","Ntara",2022,0
"Kamwenge","Kitagwenda","Ntara",2023,1.26753878593445
"Kamwenge","Kitagwenda","Ntara",2024,1.39272594451904
"Kamwenge","Kitagwenda","Nyabbani",2012,0
"Kamwenge","Kitagwenda","Nyabbani",2013,0
"Kamwenge","Kitagwenda","Nyabbani",2014,0
"Kamwenge","Kitagwenda","Nyabbani",2015,0
"Kamwenge","Kitagwenda","Nyabbani",2016,0
"Kamwenge","Kitagwenda","Nyabbani",2017,0
"Kamwenge","Kitagwenda","Nyabbani",2018,0
"Kamwenge","Kitagwenda","Nyabbani",2019,0
"Kamwenge","Kitagwenda","Nyabbani",2020,0
"Kamwenge","Kitagwenda","Nyabbani",2021,0
"Kamwenge","Kitagwenda","Nyabbani",2022,0
"Kamwenge","Kitagwenda","Nyabbani",2023,0
"Kamwenge","Kitagwenda","Nyabbani",2024,0
"Kanungu","Kinkiizi","Kambuga",2012,0
"Kanungu","Kinkiizi","Kambuga",2013,0
"Kanungu","Kinkiizi","Kambuga",2014,0
"Kanungu","Kinkiizi","Kambuga",2015,0
"Kanungu","Kinkiizi","Kambuga",2016,0
"Kanungu","Kinkiizi","Kambuga",2017,0
"Kanungu","Kinkiizi","Kambuga",2018,0
"Kanungu","Kinkiizi","Kambuga",2019,0
"Kanungu","Kinkiizi","Kambuga",2020,0
"Kanungu","Kinkiizi","Kambuga",2021,0
"Kanungu","Kinkiizi","Kambuga",2022,0.611915171146393
"Kanungu","Kinkiizi","Kambuga",2023,1.15605473518372
"Kanungu","Kinkiizi","Kambuga",2024,3.49187278747559
"Kanungu","Kinkiizi","Kanungu Tc",2012,0
"Kanungu","Kinkiizi","Kanungu Tc",2013,0
"Kanungu","Kinkiizi","Kanungu Tc",2014,0
"Kanungu","Kinkiizi","Kanungu Tc",2015,0
"Kanungu","Kinkiizi","Kanungu Tc",2016,0
"Kanungu","Kinkiizi","Kanungu Tc",2017,0
"Kanungu","Kinkiizi","Kanungu Tc",2018,0
"Kanungu","Kinkiizi","Kanungu Tc",2019,0
"Kanungu","Kinkiizi","Kanungu Tc",2020,0
"Kanungu","Kinkiizi","Kanungu Tc",2021,0
"Kanungu","Kinkiizi","Kanungu Tc",2022,6.18999004364014
"Kanungu","Kinkiizi","Kanungu Tc",2023,5.25784873962402
"Kanungu","Kinkiizi","Kanungu Tc",2024,5.18301153182983
"Kanungu","Kinkiizi","Kanyantorogo",2012,0
"Kanungu","Kinkiizi","Kanyantorogo",2013,0
"Kanungu","Kinkiizi","Kanyantorogo",2014,0
"Kanungu","Kinkiizi","Kanyantorogo",2015,0
"Kanungu","Kinkiizi","Kanyantorogo",2016,0
"Kanungu","Kinkiizi","Kanyantorogo",2017,0
"Kanungu","Kinkiizi","Kanyantorogo",2018,0
"Kanungu","Kinkiizi","Kanyantorogo",2019,0
"Kanungu","Kinkiizi","Kanyantorogo",2020,0
"Kanungu","Kinkiizi","Kanyantorogo",2021,0
"Kanungu","Kinkiizi","Kanyantorogo",2022,0
"Kanungu","Kinkiizi","Kanyantorogo",2023,0
"Kanungu","Kinkiizi","Kanyantorogo",2024,0
"Kanungu","Kinkiizi","Kayonza",2012,0
"Kanungu","Kinkiizi","Kayonza",2013,0
"Kanungu","Kinkiizi","Kayonza",2014,0
"Kanungu","Kinkiizi","Kayonza",2015,0
"Kanungu","Kinkiizi","Kayonza",2016,0
"Kanungu","Kinkiizi","Kayonza",2017,0
"Kanungu","Kinkiizi","Kayonza",2018,0
"Kanungu","Kinkiizi","Kayonza",2019,0
"Kanungu","Kinkiizi","Kayonza",2020,0
"Kanungu","Kinkiizi","Kayonza",2021,0
"Kanungu","Kinkiizi","Kayonza",2022,0
"Kanungu","Kinkiizi","Kayonza",2023,1.05081081390381
"Kanungu","Kinkiizi","Kayonza",2024,1.73645055294037
"Kanungu","Kinkiizi","Kihiihi",2012,1.4334911108017
"Kanungu","Kinkiizi","Kihiihi",2013,3.17763185501099
"Kanungu","Kinkiizi","Kihiihi",2014,1.07901084423065
"Kanungu","Kinkiizi","Kihiihi",2015,1.98365712165833
"Kanungu","Kinkiizi","Kihiihi",2016,2.22469997406006
"Kanungu","Kinkiizi","Kihiihi",2017,0.575079500675201
"Kanungu","Kinkiizi","Kihiihi",2018,1.20760893821716
"Kanungu","Kinkiizi","Kihiihi",2019,1.62376475334167
"Kanungu","Kinkiizi","Kihiihi",2020,1.54484498500824
"Kanungu","Kinkiizi","Kihiihi",2021,2.01777791976929
"Kanungu","Kinkiizi","Kihiihi",2022,8.80552768707275
"Kanungu","Kinkiizi","Kihiihi",2023,14.8939075469971
"Kanungu","Kinkiizi","Kihiihi",2024,21.1446723937988
"Kanungu","Kinkiizi","Kirima",2012,0
"Kanungu","Kinkiizi","Kirima",2013,0
"Kanungu","Kinkiizi","Kirima",2014,0
"Kanungu","Kinkiizi","Kirima",2015,0
"Kanungu","Kinkiizi","Kirima",2016,0
"Kanungu","Kinkiizi","Kirima",2017,0
"Kanungu","Kinkiizi","Kirima",2018,0
"Kanungu","Kinkiizi","Kirima",2019,0
"Kanungu","Kinkiizi","Kirima",2020,0
"Kanungu","Kinkiizi","Kirima",2021,0
"Kanungu","Kinkiizi","Kirima",2022,0
"Kanungu","Kinkiizi","Kirima",2023,0
"Kanungu","Kinkiizi","Kirima",2024,0.0246891286224127
"Kanungu","Kinkiizi","Mpungu",2012,0
"Kanungu","Kinkiizi","Mpungu",2013,0
"Kanungu","Kinkiizi","Mpungu",2014,0
"Kanungu","Kinkiizi","Mpungu",2015,0
"Kanungu","Kinkiizi","Mpungu",2016,0
"Kanungu","Kinkiizi","Mpungu",2017,0
"Kanungu","Kinkiizi","Mpungu",2018,0
"Kanungu","Kinkiizi","Mpungu",2019,0
"Kanungu","Kinkiizi","Mpungu",2020,0
"Kanungu","Kinkiizi","Mpungu",2021,0
"Kanungu","Kinkiizi","Mpungu",2022,0
"Kanungu","Kinkiizi","Mpungu",2023,0
"Kanungu","Kinkiizi","Mpungu",2024,0
"Kanungu","Kinkiizi","Nyamirama",2012,0
"Kanungu","Kinkiizi","Nyamirama",2013,0
"Kanungu","Kinkiizi","Nyamirama",2014,0
"Kanungu","Kinkiizi","Nyamirama",2015,0
"Kanungu","Kinkiizi","Nyamirama",2016,0
"Kanungu","Kinkiizi","Nyamirama",2017,0
"Kanungu","Kinkiizi","Nyamirama",2018,0
"Kanungu","Kinkiizi","Nyamirama",2019,0
"Kanungu","Kinkiizi","Nyamirama",2020,0
"Kanungu","Kinkiizi","Nyamirama",2021,0
"Kanungu","Kinkiizi","Nyamirama",2022,0
"Kanungu","Kinkiizi","Nyamirama",2023,0
"Kanungu","Kinkiizi","Nyamirama",2024,0
"Kanungu","Kinkiizi","Rugyeyo",2012,0
"Kanungu","Kinkiizi","Rugyeyo",2013,0
"Kanungu","Kinkiizi","Rugyeyo",2014,0
"Kanungu","Kinkiizi","Rugyeyo",2015,0
"Kanungu","Kinkiizi","Rugyeyo",2016,0
"Kanungu","Kinkiizi","Rugyeyo",2017,0
"Kanungu","Kinkiizi","Rugyeyo",2018,0
"Kanungu","Kinkiizi","Rugyeyo",2019,0
"Kanungu","Kinkiizi","Rugyeyo",2020,0
"Kanungu","Kinkiizi","Rugyeyo",2021,0
"Kanungu","Kinkiizi","Rugyeyo",2022,0
"Kanungu","Kinkiizi","Rugyeyo",2023,0
"Kanungu","Kinkiizi","Rugyeyo",2024,0
"Kanungu","Kinkiizi","Rutenga",2012,0
"Kanungu","Kinkiizi","Rutenga",2013,0
"Kanungu","Kinkiizi","Rutenga",2014,0
"Kanungu","Kinkiizi","Rutenga",2015,0
"Kanungu","Kinkiizi","Rutenga",2016,0
"Kanungu","Kinkiizi","Rutenga",2017,0
"Kanungu","Kinkiizi","Rutenga",2018,0
"Kanungu","Kinkiizi","Rutenga",2019,0
"Kanungu","Kinkiizi","Rutenga",2020,0
"Kanungu","Kinkiizi","Rutenga",2021,0
"Kanungu","Kinkiizi","Rutenga",2022,0
"Kanungu","Kinkiizi","Rutenga",2023,0
"Kanungu","Kinkiizi","Rutenga",2024,0
"Kapchorwa","Kongasis","Bukwa",2012,0
"Kapchorwa","Kongasis","Bukwa",2013,0
"Kapchorwa","Kongasis","Bukwa",2014,0
"Kapchorwa","Kongasis","Bukwa",2015,0
"Kapchorwa","Kongasis","Bukwa",2016,0
"Kapchorwa","Kongasis","Bukwa",2017,0
"Kapchorwa","Kongasis","Bukwa",2018,0
"Kapchorwa","Kongasis","Bukwa",2019,0
"Kapchorwa","Kongasis","Bukwa",2020,0
"Kapchorwa","Kongasis","Bukwa",2021,0
"Kapchorwa","Kongasis","Bukwa",2022,2.91885209083557
"Kapchorwa","Kongasis","Bukwa",2023,32.558349609375
"Kapchorwa","Kongasis","Bukwa",2024,48.1519508361816
"Kapchorwa","Kongasis","Chesower",2012,0
"Kapchorwa","Kongasis","Chesower",2013,0
"Kapchorwa","Kongasis","Chesower",2014,2.10339832305908
"Kapchorwa","Kongasis","Chesower",2015,0.510816812515259
"Kapchorwa","Kongasis","Chesower",2016,0.450798720121384
"Kapchorwa","Kongasis","Chesower",2017,0
"Kapchorwa","Kongasis","Chesower",2018,0
"Kapchorwa","Kongasis","Chesower",2019,0
"Kapchorwa","Kongasis","Chesower",2020,0
"Kapchorwa","Kongasis","Chesower",2021,0
"Kapchorwa","Kongasis","Chesower",2022,0
"Kapchorwa","Kongasis","Chesower",2023,8.80360984802246
"Kapchorwa","Kongasis","Chesower",2024,11.2686729431152
"Kapchorwa","Kongasis","Kabei",2012,0
"Kapchorwa","Kongasis","Kabei",2013,0
"Kapchorwa","Kongasis","Kabei",2014,0
"Kapchorwa","Kongasis","Kabei",2015,0
"Kapchorwa","Kongasis","Kabei",2016,0
"Kapchorwa","Kongasis","Kabei",2017,0
"Kapchorwa","Kongasis","Kabei",2018,0
"Kapchorwa","Kongasis","Kabei",2019,0
"Kapchorwa","Kongasis","Kabei",2020,0
"Kapchorwa","Kongasis","Kabei",2021,0
"Kapchorwa","Kongasis","Kabei",2022,1.13433611392975
"Kapchorwa","Kongasis","Kabei",2023,4.55017423629761
"Kapchorwa","Kongasis","Kabei",2024,4.37663602828979
"Kapchorwa","Kongasis","Suam",2012,0
"Kapchorwa","Kongasis","Suam",2013,0
"Kapchorwa","Kongasis","Suam",2014,1.12660813331604
"Kapchorwa","Kongasis","Suam",2015,0
"Kapchorwa","Kongasis","Suam",2016,0.370212256908417
"Kapchorwa","Kongasis","Suam",2017,0
"Kapchorwa","Kongasis","Suam",2018,0
"Kapchorwa","Kongasis","Suam",2019,0.789708137512207
"Kapchorwa","Kongasis","Suam",2020,0
"Kapchorwa","Kongasis","Suam",2021,0
"Kapchorwa","Kongasis","Suam",2022,0
"Kapchorwa","Kongasis","Suam",2023,4.40669298171997
"Kapchorwa","Kongasis","Suam",2024,6.14434385299683
"Kapchorwa","Kween","Benet",2012,1.97050762176514
"Kapchorwa","Kween","Benet",2013,3.63071584701538
"Kapchorwa","Kween","Benet",2014,2.55203676223755
"Kapchorwa","Kween","Benet",2015,0
"Kapchorwa","Kween","Benet",2016,0.734294056892395
"Kapchorwa","Kween","Benet",2017,0
"Kapchorwa","Kween","Benet",2018,0
"Kapchorwa","Kween","Benet",2019,0.679628252983093
"Kapchorwa","Kween","Benet",2020,0
"Kapchorwa","Kween","Benet",2021,0
"Kapchorwa","Kween","Benet",2022,0
"Kapchorwa","Kween","Benet",2023,16.2037220001221
"Kapchorwa","Kween","Benet",2024,6.8250470161438
"Kapchorwa","Kween","Binyiny",2012,0
"Kapchorwa","Kween","Binyiny",2013,0
"Kapchorwa","Kween","Binyiny",2014,0
"Kapchorwa","Kween","Binyiny",2015,0
"Kapchorwa","Kween","Binyiny",2016,0
"Kapchorwa","Kween","Binyiny",2017,0
"Kapchorwa","Kween","Binyiny",2018,0
"Kapchorwa","Kween","Binyiny",2019,0
"Kapchorwa","Kween","Binyiny",2020,0
"Kapchorwa","Kween","Binyiny",2021,0
"Kapchorwa","Kween","Binyiny",2022,0.527520596981049
"Kapchorwa","Kween","Binyiny",2023,28.054988861084
"Kapchorwa","Kween","Binyiny",2024,29.5413513183594
"Kapchorwa","Kween","Kaproron",2012,0
"Kapchorwa","Kween","Kaproron",2013,0
"Kapchorwa","Kween","Kaproron",2014,0
"Kapchorwa","Kween","Kaproron",2015,0
"Kapchorwa","Kween","Kaproron",2016,0
"Kapchorwa","Kween","Kaproron",2017,0
"Kapchorwa","Kween","Kaproron",2018,0
"Kapchorwa","Kween","Kaproron",2019,0
"Kapchorwa","Kween","Kaproron",2020,0
"Kapchorwa","Kween","Kaproron",2021,0.153106555342674
"Kapchorwa","Kween","Kaproron",2022,0
"Kapchorwa","Kween","Kaproron",2023,22.3648586273193
"Kapchorwa","Kween","Kaproron",2024,22.5453414916992
"Kapchorwa","Kween","Kwanyiny",2012,0
"Kapchorwa","Kween","Kwanyiny",2013,0
"Kapchorwa","Kween","Kwanyiny",2014,0
"Kapchorwa","Kween","Kwanyiny",2015,0
"Kapchorwa","Kween","Kwanyiny",2016,0
"Kapchorwa","Kween","Kwanyiny",2017,0
"Kapchorwa","Kween","Kwanyiny",2018,0
"Kapchorwa","Kween","Kwanyiny",2019,2.10213828086853
"Kapchorwa","Kween","Kwanyiny",2020,0.541465103626251
"Kapchorwa","Kween","Kwanyiny",2021,2.0810341835022
"Kapchorwa","Kween","Kwanyiny",2022,0.710398972034454
"Kapchorwa","Kween","Kwanyiny",2023,5.42354154586792
"Kapchorwa","Kween","Kwanyiny",2024,5.88978815078735
"Kapchorwa","Kween","Ngenge",2012,0
"Kapchorwa","Kween","Ngenge",2013,0
"Kapchorwa","Kween","Ngenge",2014,0
"Kapchorwa","Kween","Ngenge",2015,0
"Kapchorwa","Kween","Ngenge",2016,0
"Kapchorwa","Kween","Ngenge",2017,0
"Kapchorwa","Kween","Ngenge",2018,0
"Kapchorwa","Kween","Ngenge",2019,0
"Kapchorwa","Kween","Ngenge",2020,0
"Kapchorwa","Kween","Ngenge",2021,3.3903181552887
"Kapchorwa","Kween","Ngenge",2022,11.281400680542
"Kapchorwa","Kween","Ngenge",2023,16.3211078643799
"Kapchorwa","Kween","Ngenge",2024,15.4920310974121
"Kapchorwa","Tingey","Chema",2012,7.13022470474243
"Kapchorwa","Tingey","Chema",2013,5.85285377502441
"Kapchorwa","Tingey","Chema",2014,1.29682946205139
"Kapchorwa","Tingey","Chema",2015,2.20586776733398
"Kapchorwa","Tingey","Chema",2016,1.31438100337982
"Kapchorwa","Tingey","Chema",2017,1.10806345939636
"Kapchorwa","Tingey","Chema",2018,1.06259500980377
"Kapchorwa","Tingey","Chema",2019,0
"Kapchorwa","Tingey","Chema",2020,0
"Kapchorwa","Tingey","Chema",2021,0
"Kapchorwa","Tingey","Chema",2022,0.501575112342834
"Kapchorwa","Tingey","Chema",2023,3.65684533119202
"Kapchorwa","Tingey","Chema",2024,3.80669713020325
"Kapchorwa","Tingey","Kapchorwa Tc",2012,4.46992921829224
"Kapchorwa","Tingey","Kapchorwa Tc",2013,1.75251996517181
"Kapchorwa","Tingey","Kapchorwa Tc",2014,1.76886820793152
"Kapchorwa","Tingey","Kapchorwa Tc",2015,4.44036293029785
"Kapchorwa","Tingey","Kapchorwa Tc",2016,2.30438280105591
"Kapchorwa","Tingey","Kapchorwa Tc",2017,1.23401093482971
"Kapchorwa","Tingey","Kapchorwa Tc",2018,1.95216143131256
"Kapchorwa","Tingey","Kapchorwa Tc",2019,0.630506932735443
"Kapchorwa","Tingey","Kapchorwa Tc",2020,1.69647932052612
"Kapchorwa","Tingey","Kapchorwa Tc",2021,3.8117048740387
"Kapchorwa","Tingey","Kapchorwa Tc",2022,12.7023439407349
"Kapchorwa","Tingey","Kapchorwa Tc",2023,65.1356353759766
"Kapchorwa","Tingey","Kapchorwa Tc",2024,62.5963172912598
"Kapchorwa","Tingey","Kaptanya",2012,0
"Kapchorwa","Tingey","Kaptanya",2013,0
"Kapchorwa","Tingey","Kaptanya",2014,0
"Kapchorwa","Tingey","Kaptanya",2015,0
"Kapchorwa","Tingey","Kaptanya",2016,0
"Kapchorwa","Tingey","Kaptanya",2017,0
"Kapchorwa","Tingey","Kaptanya",2018,0
"Kapchorwa","Tingey","Kaptanya",2019,0
"Kapchorwa","Tingey","Kaptanya",2020,0
"Kapchorwa","Tingey","Kaptanya",2021,0
"Kapchorwa","Tingey","Kaptanya",2022,0.481394916772842
"Kapchorwa","Tingey","Kaptanya",2023,39.2670211791992
"Kapchorwa","Tingey","Kaptanya",2024,33.7224578857422
"Kapchorwa","Tingey","Kaserem",2012,0
"Kapchorwa","Tingey","Kaserem",2013,0
"Kapchorwa","Tingey","Kaserem",2014,0
"Kapchorwa","Tingey","Kaserem",2015,0
"Kapchorwa","Tingey","Kaserem",2016,0
"Kapchorwa","Tingey","Kaserem",2017,0
"Kapchorwa","Tingey","Kaserem",2018,0
"Kapchorwa","Tingey","Kaserem",2019,0
"Kapchorwa","Tingey","Kaserem",2020,0
"Kapchorwa","Tingey","Kaserem",2021,0
"Kapchorwa","Tingey","Kaserem",2022,0
"Kapchorwa","Tingey","Kaserem",2023,0
"Kapchorwa","Tingey","Kaserem",2024,0.57750415802002
"Kapchorwa","Tingey","Kawowo",2012,0.523750603199005
"Kapchorwa","Tingey","Kawowo",2013,0.372484624385834
"Kapchorwa","Tingey","Kawowo",2014,0
"Kapchorwa","Tingey","Kawowo",2015,0.197271481156349
"Kapchorwa","Tingey","Kawowo",2016,0.18101204931736
"Kapchorwa","Tingey","Kawowo",2017,0
"Kapchorwa","Tingey","Kawowo",2018,0
"Kapchorwa","Tingey","Kawowo",2019,0
"Kapchorwa","Tingey","Kawowo",2020,0
"Kapchorwa","Tingey","Kawowo",2021,1.2681086063385
"Kapchorwa","Tingey","Kawowo",2022,2.19215297698975
"Kapchorwa","Tingey","Kawowo",2023,5.70112228393555
"Kapchorwa","Tingey","Kawowo",2024,3.28215336799622
"Kapchorwa","Tingey","Sipi",2012,0
"Kapchorwa","Tingey","Sipi",2013,0
"Kapchorwa","Tingey","Sipi",2014,0
"Kapchorwa","Tingey","Sipi",2015,0
"Kapchorwa","Tingey","Sipi",2016,0
"Kapchorwa","Tingey","Sipi",2017,0
"Kapchorwa","Tingey","Sipi",2018,0
"Kapchorwa","Tingey","Sipi",2019,0
"Kapchorwa","Tingey","Sipi",2020,0
"Kapchorwa","Tingey","Sipi",2021,0
"Kapchorwa","Tingey","Sipi",2022,0
"Kapchorwa","Tingey","Sipi",2023,0
"Kapchorwa","Tingey","Sipi",2024,0
"Kapchorwa","Tingey","Tegeres",2012,0.149400278925896
"Kapchorwa","Tingey","Tegeres",2013,0.097112201154232
"Kapchorwa","Tingey","Tegeres",2014,0
"Kapchorwa","Tingey","Tegeres",2015,0.113460183143616
"Kapchorwa","Tingey","Tegeres",2016,0.0983644127845764
"Kapchorwa","Tingey","Tegeres",2017,0
"Kapchorwa","Tingey","Tegeres",2018,0.102983914315701
"Kapchorwa","Tingey","Tegeres",2019,0
"Kapchorwa","Tingey","Tegeres",2020,0.0998852103948593
"Kapchorwa","Tingey","Tegeres",2021,0.123854480683804
"Kapchorwa","Tingey","Tegeres",2022,3.33187222480774
"Kapchorwa","Tingey","Tegeres",2023,41.0476303100586
"Kapchorwa","Tingey","Tegeres",2024,35.7717094421387
"Kasese","Bukonjo","Bwera",2012,21.7226486206055
"Kasese","Bukonjo","Bwera",2013,3.17809677124023
"Kasese","Bukonjo","Bwera",2014,6.80368137359619
"Kasese","Bukonjo","Bwera",2015,5.58944272994995
"Kasese","Bukonjo","Bwera",2016,5.69305753707886
"Kasese","Bukonjo","Bwera",2017,9.42014312744141
"Kasese","Bukonjo","Bwera",2018,11.7307014465332
"Kasese","Bukonjo","Bwera",2019,9.26021480560303
"Kasese","Bukonjo","Bwera",2020,22.0763473510742
"Kasese","Bukonjo","Bwera",2021,18.4834136962891
"Kasese","Bukonjo","Bwera",2022,27.3352527618408
"Kasese","Bukonjo","Bwera",2023,33.8529090881348
"Kasese","Bukonjo","Bwera",2024,40.1718597412109
"Kasese","Bukonjo","Ihandiro",2012,0
"Kasese","Bukonjo","Ihandiro",2013,0
"Kasese","Bukonjo","Ihandiro",2014,0
"Kasese","Bukonjo","Ihandiro",2015,0
"Kasese","Bukonjo","Ihandiro",2016,0
"Kasese","Bukonjo","Ihandiro",2017,0
"Kasese","Bukonjo","Ihandiro",2018,0
"Kasese","Bukonjo","Ihandiro",2019,0
"Kasese","Bukonjo","Ihandiro",2020,0
"Kasese","Bukonjo","Ihandiro",2021,0
"Kasese","Bukonjo","Ihandiro",2022,0
"Kasese","Bukonjo","Ihandiro",2023,0
"Kasese","Bukonjo","Ihandiro",2024,0
"Kasese","Bukonjo","Karambi",2012,7.8059720993042
"Kasese","Bukonjo","Karambi",2013,9.13451290130615
"Kasese","Bukonjo","Karambi",2014,15.3544940948486
"Kasese","Bukonjo","Karambi",2015,10.9358520507812
"Kasese","Bukonjo","Karambi",2016,12.1717987060547
"Kasese","Bukonjo","Karambi",2017,8.74202442169189
"Kasese","Bukonjo","Karambi",2018,11.1587133407593
"Kasese","Bukonjo","Karambi",2019,13.0070886611938
"Kasese","Bukonjo","Karambi",2020,16.1270904541016
"Kasese","Bukonjo","Karambi",2021,23.4263668060303
"Kasese","Bukonjo","Karambi",2022,39.1985740661621
"Kasese","Bukonjo","Karambi",2023,44.7961692810059
"Kasese","Bukonjo","Karambi",2024,56.2872352600098
"Kasese","Bukonjo","Kilembe",2012,0
"Kasese","Bukonjo","Kilembe",2013,0
"Kasese","Bukonjo","Kilembe",2014,0
"Kasese","Bukonjo","Kilembe",2015,0
"Kasese","Bukonjo","Kilembe",2016,0.523251473903656
"Kasese","Bukonjo","Kilembe",2017,0.57616513967514
"Kasese","Bukonjo","Kilembe",2018,0
"Kasese","Bukonjo","Kilembe",2019,0
"Kasese","Bukonjo","Kilembe",2020,0
"Kasese","Bukonjo","Kilembe",2021,0
"Kasese","Bukonjo","Kilembe",2022,0.0979695096611977
"Kasese","Bukonjo","Kilembe",2023,0
"Kasese","Bukonjo","Kilembe",2024,0
"Kasese","Bukonjo","Kisinga",2012,0
"Kasese","Bukonjo","Kisinga",2013,0
"Kasese","Bukonjo","Kisinga",2014,0
"Kasese","Bukonjo","Kisinga",2015,0.502535343170166
"Kasese","Bukonjo","Kisinga",2016,0
"Kasese","Bukonjo","Kisinga",2017,0
"Kasese","Bukonjo","Kisinga",2018,2.56069684028625
"Kasese","Bukonjo","Kisinga",2019,2.2390022277832
"Kasese","Bukonjo","Kisinga",2020,1.32809090614319
"Kasese","Bukonjo","Kisinga",2021,2.2615180015564
"Kasese","Bukonjo","Kisinga",2022,9.6406831741333
"Kasese","Bukonjo","Kisinga",2023,16.000997543335
"Kasese","Bukonjo","Kisinga",2024,18.2806987762451
"Kasese","Bukonjo","Kitholhu",2012,0
"Kasese","Bukonjo","Kitholhu",2013,0
"Kasese","Bukonjo","Kitholhu",2014,0
"Kasese","Bukonjo","Kitholhu",2015,0
"Kasese","Bukonjo","Kitholhu",2016,0
"Kasese","Bukonjo","Kitholhu",2017,0
"Kasese","Bukonjo","Kitholhu",2018,0
"Kasese","Bukonjo","Kitholhu",2019,0
"Kasese","Bukonjo","Kitholhu",2020,0
"Kasese","Bukonjo","Kitholhu",2021,0
"Kasese","Bukonjo","Kitholhu",2022,0
"Kasese","Bukonjo","Kitholhu",2023,0
"Kasese","Bukonjo","Kitholhu",2024,0
"Kasese","Bukonjo","Kyarumba",2012,0
"Kasese","Bukonjo","Kyarumba",2013,0
"Kasese","Bukonjo","Kyarumba",2014,0
"Kasese","Bukonjo","Kyarumba",2015,0
"Kasese","Bukonjo","Kyarumba",2016,0
"Kasese","Bukonjo","Kyarumba",2017,0
"Kasese","Bukonjo","Kyarumba",2018,0
"Kasese","Bukonjo","Kyarumba",2019,0
"Kasese","Bukonjo","Kyarumba",2020,0
"Kasese","Bukonjo","Kyarumba",2021,0
"Kasese","Bukonjo","Kyarumba",2022,0.595882058143616
"Kasese","Bukonjo","Kyarumba",2023,0.931869208812714
"Kasese","Bukonjo","Kyarumba",2024,0.899900078773499
"Kasese","Bukonjo","Kyondo",2012,0
"Kasese","Bukonjo","Kyondo",2013,0
"Kasese","Bukonjo","Kyondo",2014,0
"Kasese","Bukonjo","Kyondo",2015,0
"Kasese","Bukonjo","Kyondo",2016,0
"Kasese","Bukonjo","Kyondo",2017,0
"Kasese","Bukonjo","Kyondo",2018,0
"Kasese","Bukonjo","Kyondo",2019,0.0300278756767511
"Kasese","Bukonjo","Kyondo",2020,0
"Kasese","Bukonjo","Kyondo",2021,0
"Kasese","Bukonjo","Kyondo",2022,1.35746192932129
"Kasese","Bukonjo","Kyondo",2023,1.197056889534
"Kasese","Bukonjo","Kyondo",2024,0.837767779827118
"Kasese","Bukonjo","Mahango",2012,0
"Kasese","Bukonjo","Mahango",2013,0
"Kasese","Bukonjo","Mahango",2014,0
"Kasese","Bukonjo","Mahango",2015,0
"Kasese","Bukonjo","Mahango",2016,0
"Kasese","Bukonjo","Mahango",2017,0
"Kasese","Bukonjo","Mahango",2018,0
"Kasese","Bukonjo","Mahango",2019,0
"Kasese","Bukonjo","Mahango",2020,0
"Kasese","Bukonjo","Mahango",2021,0
"Kasese","Bukonjo","Mahango",2022,0
"Kasese","Bukonjo","Mahango",2023,0
"Kasese","Bukonjo","Mahango",2024,0
"Kasese","Bukonjo","Munkunyu",2012,0
"Kasese","Bukonjo","Munkunyu",2013,0
"Kasese","Bukonjo","Munkunyu",2014,0
"Kasese","Bukonjo","Munkunyu",2015,0
"Kasese","Bukonjo","Munkunyu",2016,0
"Kasese","Bukonjo","Munkunyu",2017,0
"Kasese","Bukonjo","Munkunyu",2018,0
"Kasese","Bukonjo","Munkunyu",2019,0
"Kasese","Bukonjo","Munkunyu",2020,0
"Kasese","Bukonjo","Munkunyu",2021,0
"Kasese","Bukonjo","Munkunyu",2022,2.93599033355713
"Kasese","Bukonjo","Munkunyu",2023,2.22333478927612
"Kasese","Bukonjo","Munkunyu",2024,1.2825186252594
"Kasese","Bukonjo","Nyakiyumbu",2012,0
"Kasese","Bukonjo","Nyakiyumbu",2013,0
"Kasese","Bukonjo","Nyakiyumbu",2014,0
"Kasese","Bukonjo","Nyakiyumbu",2015,0
"Kasese","Bukonjo","Nyakiyumbu",2016,0
"Kasese","Bukonjo","Nyakiyumbu",2017,0
"Kasese","Bukonjo","Nyakiyumbu",2018,0
"Kasese","Bukonjo","Nyakiyumbu",2019,0
"Kasese","Bukonjo","Nyakiyumbu",2020,0
"Kasese","Bukonjo","Nyakiyumbu",2021,0
"Kasese","Bukonjo","Nyakiyumbu",2022,0.0679202899336815
"Kasese","Bukonjo","Nyakiyumbu",2023,0.0632678270339966
"Kasese","Bukonjo","Nyakiyumbu",2024,1.55861020088196
"Kasese","Busongora","Bugoye",2012,1.62283408641815
"Kasese","Busongora","Bugoye",2013,0.73278135061264
"Kasese","Busongora","Bugoye",2014,1.22076523303986
"Kasese","Busongora","Bugoye",2015,0.608673989772797
"Kasese","Busongora","Bugoye",2016,1.2390171289444
"Kasese","Busongora","Bugoye",2017,3.0232994556427
"Kasese","Busongora","Bugoye",2018,5.71052122116089
"Kasese","Busongora","Bugoye",2019,5.8552770614624
"Kasese","Busongora","Bugoye",2020,3.67822742462158
"Kasese","Busongora","Bugoye",2021,1.05685591697693
"Kasese","Busongora","Bugoye",2022,8.86060523986816
"Kasese","Busongora","Bugoye",2023,14.6875677108765
"Kasese","Busongora","Bugoye",2024,9.22561168670654
"Kasese","Busongora","Karusandara",2012,0
"Kasese","Busongora","Karusandara",2013,0
"Kasese","Busongora","Karusandara",2014,0
"Kasese","Busongora","Karusandara",2015,0
"Kasese","Busongora","Karusandara",2016,0.59546172618866
"Kasese","Busongora","Karusandara",2017,1.6689600944519
"Kasese","Busongora","Karusandara",2018,5.88400268554688
"Kasese","Busongora","Karusandara",2019,4.63176965713501
"Kasese","Busongora","Karusandara",2020,5.93824768066406
"Kasese","Busongora","Karusandara",2021,9.65182399749756
"Kasese","Busongora","Karusandara",2022,7.60991334915161
"Kasese","Busongora","Karusandara",2023,12.5551385879517
"Kasese","Busongora","Karusandara",2024,13.3779783248901
"Kasese","Busongora","Kasese Tc",2012,87.3679580688477
"Kasese","Busongora","Kasese Tc",2013,90.4860610961914
"Kasese","Busongora","Kasese Tc",2014,120.637718200684
"Kasese","Busongora","Kasese Tc",2015,80.6267929077148
"Kasese","Busongora","Kasese Tc",2016,98.279899597168
"Kasese","Busongora","Kasese Tc",2017,114.651023864746
"Kasese","Busongora","Kasese Tc",2018,107.694847106934
"Kasese","Busongora","Kasese Tc",2019,96.8275299072266
"Kasese","Busongora","Kasese Tc",2020,115.007843017578
"Kasese","Busongora","Kasese Tc",2021,123.843421936035
"Kasese","Busongora","Kasese Tc",2022,157.453918457031
"Kasese","Busongora","Kasese Tc",2023,193.750045776367
"Kasese","Busongora","Kasese Tc",2024,262.735656738281
"Kasese","Busongora","Katwe Kabatoro",2012,0
"Kasese","Busongora","Katwe Kabatoro",2013,0
"Kasese","Busongora","Katwe Kabatoro",2014,0.340410053730011
"Kasese","Busongora","Katwe Kabatoro",2015,0
"Kasese","Busongora","Katwe Kabatoro",2016,0
"Kasese","Busongora","Katwe Kabatoro",2017,0
"Kasese","Busongora","Katwe Kabatoro",2018,0
"Kasese","Busongora","Katwe Kabatoro",2019,0
"Kasese","Busongora","Katwe Kabatoro",2020,0
"Kasese","Busongora","Katwe Kabatoro",2021,0
"Kasese","Busongora","Katwe Kabatoro",2022,3.37348914146423
"Kasese","Busongora","Katwe Kabatoro",2023,1.18946766853333
"Kasese","Busongora","Katwe Kabatoro",2024,1.37385284900665
"Kasese","Busongora","Kilembe",2012,8.68053150177002
"Kasese","Busongora","Kilembe",2013,6.60933685302734
"Kasese","Busongora","Kilembe",2014,5.86141204833984
"Kasese","Busongora","Kilembe",2015,1.9936774969101
"Kasese","Busongora","Kilembe",2016,0.608875274658203
"Kasese","Busongora","Kilembe",2017,0.520522832870483
"Kasese","Busongora","Kilembe",2018,1.06929874420166
"Kasese","Busongora","Kilembe",2019,0.560745894908905
"Kasese","Busongora","Kilembe",2020,0
"Kasese","Busongora","Kilembe",2021,0
"Kasese","Busongora","Kilembe",2022,0.600337624549866
"Kasese","Busongora","Kilembe",2023,0.649362325668335
"Kasese","Busongora","Kilembe",2024,1.19004583358765
"Kasese","Busongora","Kitswamba",2012,66.7847290039062
"Kasese","Busongora","Kitswamba",2013,34.5661582946777
"Kasese","Busongora","Kitswamba",2014,33.8176383972168
"Kasese","Busongora","Kitswamba",2015,32.8817176818848
"Kasese","Busongora","Kitswamba",2016,34.6849555969238
"Kasese","Busongora","Kitswamba",2017,31.692195892334
"Kasese","Busongora","Kitswamba",2018,33.8677825927734
"Kasese","Busongora","Kitswamba",2019,26.9098892211914
"Kasese","Busongora","Kitswamba",2020,21.9638614654541
"Kasese","Busongora","Kitswamba",2021,20.874641418457
"Kasese","Busongora","Kitswamba",2022,34.1932792663574
"Kasese","Busongora","Kitswamba",2023,63.2695159912109
"Kasese","Busongora","Kitswamba",2024,69.9176254272461
"Kasese","Busongora","Kyabarungira",2012,0
"Kasese","Busongora","Kyabarungira",2013,0
"Kasese","Busongora","Kyabarungira",2014,0
"Kasese","Busongora","Kyabarungira",2015,0
"Kasese","Busongora","Kyabarungira",2016,0
"Kasese","Busongora","Kyabarungira",2017,0
"Kasese","Busongora","Kyabarungira",2018,0
"Kasese","Busongora","Kyabarungira",2019,0
"Kasese","Busongora","Kyabarungira",2020,0
"Kasese","Busongora","Kyabarungira",2021,0
"Kasese","Busongora","Kyabarungira",2022,0.625013709068298
"Kasese","Busongora","Kyabarungira",2023,0
"Kasese","Busongora","Kyabarungira",2024,0
"Kasese","Busongora","L.Katwe",2012,1.47520732879639
"Kasese","Busongora","L.Katwe",2013,2.26209831237793
"Kasese","Busongora","L.Katwe",2014,1.40532302856445
"Kasese","Busongora","L.Katwe",2015,0.545600354671478
"Kasese","Busongora","L.Katwe",2016,0
"Kasese","Busongora","L.Katwe",2017,0
"Kasese","Busongora","L.Katwe",2018,0
"Kasese","Busongora","L.Katwe",2019,0.925895094871521
"Kasese","Busongora","L.Katwe",2020,0.576747000217438
"Kasese","Busongora","L.Katwe",2021,0
"Kasese","Busongora","L.Katwe",2022,3.7842743396759
"Kasese","Busongora","L.Katwe",2023,2.44354462623596
"Kasese","Busongora","L.Katwe",2024,2.15646386146545
"Kasese","Busongora","Maliba",2012,0
"Kasese","Busongora","Maliba",2013,0.541166961193085
"Kasese","Busongora","Maliba",2014,0.642509579658508
"Kasese","Busongora","Maliba",2015,1.89972364902496
"Kasese","Busongora","Maliba",2016,0
"Kasese","Busongora","Maliba",2017,0
"Kasese","Busongora","Maliba",2018,1.06235563755035
"Kasese","Busongora","Maliba",2019,0.345996022224426
"Kasese","Busongora","Maliba",2020,10.9338808059692
"Kasese","Busongora","Maliba",2021,21.5097999572754
"Kasese","Busongora","Maliba",2022,19.7860984802246
"Kasese","Busongora","Maliba",2023,33.8918151855469
"Kasese","Busongora","Maliba",2024,32.6153831481934
"Kasese","Busongora","Muhokya",2012,28.8298721313477
"Kasese","Busongora","Muhokya",2013,24.647216796875
"Kasese","Busongora","Muhokya",2014,19.1101837158203
"Kasese","Busongora","Muhokya",2015,8.37664222717285
"Kasese","Busongora","Muhokya",2016,6.94662189483643
"Kasese","Busongora","Muhokya",2017,7.60608053207397
"Kasese","Busongora","Muhokya",2018,9.51197528839111
"Kasese","Busongora","Muhokya",2019,13.2895822525024
"Kasese","Busongora","Muhokya",2020,18.0215148925781
"Kasese","Busongora","Muhokya",2021,20.1636295318604
"Kasese","Busongora","Muhokya",2022,28.7427253723145
"Kasese","Busongora","Muhokya",2023,29.0495529174805
"Kasese","Busongora","Muhokya",2024,32.6195449829102
"Kasese","Busongora","Rukoki",2012,1.18279671669006
"Kasese","Busongora","Rukoki",2013,0.96009761095047
"Kasese","Busongora","Rukoki",2014,1.04997229576111
"Kasese","Busongora","Rukoki",2015,0
"Kasese","Busongora","Rukoki",2016,0.0115627432242036
"Kasese","Busongora","Rukoki",2017,0.0498875752091408
"Kasese","Busongora","Rukoki",2018,0.157499358057976
"Kasese","Busongora","Rukoki",2019,0.125913366675377
"Kasese","Busongora","Rukoki",2020,0.557104885578156
"Kasese","Busongora","Rukoki",2021,2.07312369346619
"Kasese","Busongora","Rukoki",2022,8.37895011901855
"Kasese","Busongora","Rukoki",2023,11.8504095077515
"Kasese","Busongora","Rukoki",2024,15.1863384246826
"Katakwi","Amuria","Abarilela",2012,0
"Katakwi","Amuria","Abarilela",2013,0
"Katakwi","Amuria","Abarilela",2014,0
"Katakwi","Amuria","Abarilela",2015,0
"Katakwi","Amuria","Abarilela",2016,0
"Katakwi","Amuria","Abarilela",2017,0
"Katakwi","Amuria","Abarilela",2018,0
"Katakwi","Amuria","Abarilela",2019,0
"Katakwi","Amuria","Abarilela",2020,0
"Katakwi","Amuria","Abarilela",2021,0
"Katakwi","Amuria","Abarilela",2022,0
"Katakwi","Amuria","Abarilela",2023,0
"Katakwi","Amuria","Abarilela",2024,0
"Katakwi","Amuria","Asamuk",2012,0
"Katakwi","Amuria","Asamuk",2013,0
"Katakwi","Amuria","Asamuk",2014,0
"Katakwi","Amuria","Asamuk",2015,0
"Katakwi","Amuria","Asamuk",2016,0
"Katakwi","Amuria","Asamuk",2017,0
"Katakwi","Amuria","Asamuk",2018,0
"Katakwi","Amuria","Asamuk",2019,0
"Katakwi","Amuria","Asamuk",2020,0
"Katakwi","Amuria","Asamuk",2021,0
"Katakwi","Amuria","Asamuk",2022,0
"Katakwi","Amuria","Asamuk",2023,0.274818360805511
"Katakwi","Amuria","Asamuk",2024,0.293582320213318
"Katakwi","Amuria","Kuju",2012,0
"Katakwi","Amuria","Kuju",2013,0
"Katakwi","Amuria","Kuju",2014,0
"Katakwi","Amuria","Kuju",2015,0
"Katakwi","Amuria","Kuju",2016,0
"Katakwi","Amuria","Kuju",2017,0
"Katakwi","Amuria","Kuju",2018,0
"Katakwi","Amuria","Kuju",2019,0
"Katakwi","Amuria","Kuju",2020,0
"Katakwi","Amuria","Kuju",2021,0
"Katakwi","Amuria","Kuju",2022,0.531075954437256
"Katakwi","Amuria","Kuju",2023,1.66316401958466
"Katakwi","Amuria","Kuju",2024,3.03360319137573
"Katakwi","Amuria","Morungatuny",2012,0
"Katakwi","Amuria","Morungatuny",2013,0
"Katakwi","Amuria","Morungatuny",2014,0
"Katakwi","Amuria","Morungatuny",2015,0
"Katakwi","Amuria","Morungatuny",2016,0
"Katakwi","Amuria","Morungatuny",2017,0
"Katakwi","Amuria","Morungatuny",2018,0
"Katakwi","Amuria","Morungatuny",2019,0
"Katakwi","Amuria","Morungatuny",2020,0
"Katakwi","Amuria","Morungatuny",2021,0
"Katakwi","Amuria","Morungatuny",2022,0
"Katakwi","Amuria","Morungatuny",2023,0
"Katakwi","Amuria","Morungatuny",2024,0
"Katakwi","Amuria","Orungo",2012,0
"Katakwi","Amuria","Orungo",2013,0
"Katakwi","Amuria","Orungo",2014,0
"Katakwi","Amuria","Orungo",2015,0
"Katakwi","Amuria","Orungo",2016,0
"Katakwi","Amuria","Orungo",2017,0
"Katakwi","Amuria","Orungo",2018,0
"Katakwi","Amuria","Orungo",2019,0
"Katakwi","Amuria","Orungo",2020,0
"Katakwi","Amuria","Orungo",2021,0
"Katakwi","Amuria","Orungo",2022,0
"Katakwi","Amuria","Orungo",2023,0
"Katakwi","Amuria","Orungo",2024,0
"Katakwi","Amuria","Wera",2012,0
"Katakwi","Amuria","Wera",2013,0
"Katakwi","Amuria","Wera",2014,0
"Katakwi","Amuria","Wera",2015,0
"Katakwi","Amuria","Wera",2016,0
"Katakwi","Amuria","Wera",2017,0
"Katakwi","Amuria","Wera",2018,0
"Katakwi","Amuria","Wera",2019,0
"Katakwi","Amuria","Wera",2020,0
"Katakwi","Amuria","Wera",2021,0
"Katakwi","Amuria","Wera",2022,0
"Katakwi","Amuria","Wera",2023,0
"Katakwi","Amuria","Wera",2024,0
"Katakwi","Kapelebyong","Achowa",2012,0
"Katakwi","Kapelebyong","Achowa",2013,0
"Katakwi","Kapelebyong","Achowa",2014,0
"Katakwi","Kapelebyong","Achowa",2015,0
"Katakwi","Kapelebyong","Achowa",2016,0
"Katakwi","Kapelebyong","Achowa",2017,0
"Katakwi","Kapelebyong","Achowa",2018,0
"Katakwi","Kapelebyong","Achowa",2019,0
"Katakwi","Kapelebyong","Achowa",2020,0
"Katakwi","Kapelebyong","Achowa",2021,0
"Katakwi","Kapelebyong","Achowa",2022,0
"Katakwi","Kapelebyong","Achowa",2023,0
"Katakwi","Kapelebyong","Achowa",2024,0
"Katakwi","Kapelebyong","Kapelebyong",2012,0
"Katakwi","Kapelebyong","Kapelebyong",2013,0
"Katakwi","Kapelebyong","Kapelebyong",2014,0
"Katakwi","Kapelebyong","Kapelebyong",2015,0
"Katakwi","Kapelebyong","Kapelebyong",2016,0
"Katakwi","Kapelebyong","Kapelebyong",2017,0
"Katakwi","Kapelebyong","Kapelebyong",2018,0
"Katakwi","Kapelebyong","Kapelebyong",2019,0
"Katakwi","Kapelebyong","Kapelebyong",2020,0
"Katakwi","Kapelebyong","Kapelebyong",2021,0
"Katakwi","Kapelebyong","Kapelebyong",2022,0
"Katakwi","Kapelebyong","Kapelebyong",2023,0
"Katakwi","Kapelebyong","Kapelebyong",2024,0
"Katakwi","Kapelebyong","Obalanga",2012,0
"Katakwi","Kapelebyong","Obalanga",2013,0
"Katakwi","Kapelebyong","Obalanga",2014,0
"Katakwi","Kapelebyong","Obalanga",2015,0
"Katakwi","Kapelebyong","Obalanga",2016,0
"Katakwi","Kapelebyong","Obalanga",2017,0
"Katakwi","Kapelebyong","Obalanga",2018,0
"Katakwi","Kapelebyong","Obalanga",2019,0
"Katakwi","Kapelebyong","Obalanga",2020,0
"Katakwi","Kapelebyong","Obalanga",2021,0
"Katakwi","Kapelebyong","Obalanga",2022,0
"Katakwi","Kapelebyong","Obalanga",2023,0
"Katakwi","Kapelebyong","Obalanga",2024,0
"Katakwi","Usuk","Kapujan",2012,0
"Katakwi","Usuk","Kapujan",2013,0
"Katakwi","Usuk","Kapujan",2014,0
"Katakwi","Usuk","Kapujan",2015,0
"Katakwi","Usuk","Kapujan",2016,0
"Katakwi","Usuk","Kapujan",2017,0
"Katakwi","Usuk","Kapujan",2018,0
"Katakwi","Usuk","Kapujan",2019,0
"Katakwi","Usuk","Kapujan",2020,0
"Katakwi","Usuk","Kapujan",2021,0
"Katakwi","Usuk","Kapujan",2022,0
"Katakwi","Usuk","Kapujan",2023,0
"Katakwi","Usuk","Kapujan",2024,0
"Katakwi","Usuk","Katakwi",2012,0
"Katakwi","Usuk","Katakwi",2013,0
"Katakwi","Usuk","Katakwi",2014,0
"Katakwi","Usuk","Katakwi",2015,0
"Katakwi","Usuk","Katakwi",2016,0
"Katakwi","Usuk","Katakwi",2017,3.1762101650238
"Katakwi","Usuk","Katakwi",2018,2.55652523040771
"Katakwi","Usuk","Katakwi",2019,0.880741953849792
"Katakwi","Usuk","Katakwi",2020,0
"Katakwi","Usuk","Katakwi",2021,0
"Katakwi","Usuk","Katakwi",2022,4.82550525665283
"Katakwi","Usuk","Katakwi",2023,1.11881363391876
"Katakwi","Usuk","Katakwi",2024,5.44246816635132
"Katakwi","Usuk","Katakwi Tc",2012,0
"Katakwi","Usuk","Katakwi Tc",2013,0
"Katakwi","Usuk","Katakwi Tc",2014,0
"Katakwi","Usuk","Katakwi Tc",2015,0
"Katakwi","Usuk","Katakwi Tc",2016,0
"Katakwi","Usuk","Katakwi Tc",2017,0
"Katakwi","Usuk","Katakwi Tc",2018,0
"Katakwi","Usuk","Katakwi Tc",2019,0
"Katakwi","Usuk","Katakwi Tc",2020,0
"Katakwi","Usuk","Katakwi Tc",2021,1.66410112380981
"Katakwi","Usuk","Katakwi Tc",2022,21.9479122161865
"Katakwi","Usuk","Katakwi Tc",2023,11.4327526092529
"Katakwi","Usuk","Katakwi Tc",2024,22.8087768554688
"Katakwi","Usuk","Magoro",2012,0
"Katakwi","Usuk","Magoro",2013,0
"Katakwi","Usuk","Magoro",2014,0
"Katakwi","Usuk","Magoro",2015,0
"Katakwi","Usuk","Magoro",2016,0
"Katakwi","Usuk","Magoro",2017,0
"Katakwi","Usuk","Magoro",2018,0
"Katakwi","Usuk","Magoro",2019,0
"Katakwi","Usuk","Magoro",2020,0
"Katakwi","Usuk","Magoro",2021,0
"Katakwi","Usuk","Magoro",2022,0
"Katakwi","Usuk","Magoro",2023,0
"Katakwi","Usuk","Magoro",2024,0
"Katakwi","Usuk","Ngariam",2012,0
"Katakwi","Usuk","Ngariam",2013,0
"Katakwi","Usuk","Ngariam",2014,0
"Katakwi","Usuk","Ngariam",2015,0
"Katakwi","Usuk","Ngariam",2016,0
"Katakwi","Usuk","Ngariam",2017,0
"Katakwi","Usuk","Ngariam",2018,0
"Katakwi","Usuk","Ngariam",2019,0
"Katakwi","Usuk","Ngariam",2020,0
"Katakwi","Usuk","Ngariam",2021,0
"Katakwi","Usuk","Ngariam",2022,0
"Katakwi","Usuk","Ngariam",2023,0
"Katakwi","Usuk","Ngariam",2024,0
"Katakwi","Usuk","Omodoi",2012,0
"Katakwi","Usuk","Omodoi",2013,0
"Katakwi","Usuk","Omodoi",2014,0
"Katakwi","Usuk","Omodoi",2015,0
"Katakwi","Usuk","Omodoi",2016,0
"Katakwi","Usuk","Omodoi",2017,0
"Katakwi","Usuk","Omodoi",2018,0
"Katakwi","Usuk","Omodoi",2019,0
"Katakwi","Usuk","Omodoi",2020,0
"Katakwi","Usuk","Omodoi",2021,0
"Katakwi","Usuk","Omodoi",2022,0
"Katakwi","Usuk","Omodoi",2023,0
"Katakwi","Usuk","Omodoi",2024,0
"Katakwi","Usuk","Ongongoja",2012,0
"Katakwi","Usuk","Ongongoja",2013,0
"Katakwi","Usuk","Ongongoja",2014,0
"Katakwi","Usuk","Ongongoja",2015,0
"Katakwi","Usuk","Ongongoja",2016,0
"Katakwi","Usuk","Ongongoja",2017,0
"Katakwi","Usuk","Ongongoja",2018,0
"Katakwi","Usuk","Ongongoja",2019,0
"Katakwi","Usuk","Ongongoja",2020,0
"Katakwi","Usuk","Ongongoja",2021,0
"Katakwi","Usuk","Ongongoja",2022,0
"Katakwi","Usuk","Ongongoja",2023,0
"Katakwi","Usuk","Ongongoja",2024,0
"Katakwi","Usuk","Toroma",2012,0
"Katakwi","Usuk","Toroma",2013,0
"Katakwi","Usuk","Toroma",2014,0
"Katakwi","Usuk","Toroma",2015,0
"Katakwi","Usuk","Toroma",2016,0
"Katakwi","Usuk","Toroma",2017,0
"Katakwi","Usuk","Toroma",2018,0
"Katakwi","Usuk","Toroma",2019,0
"Katakwi","Usuk","Toroma",2020,0
"Katakwi","Usuk","Toroma",2021,0
"Katakwi","Usuk","Toroma",2022,0
"Katakwi","Usuk","Toroma",2023,0
"Katakwi","Usuk","Toroma",2024,0
"Katakwi","Usuk","Usuk",2012,0
"Katakwi","Usuk","Usuk",2013,0
"Katakwi","Usuk","Usuk",2014,0
"Katakwi","Usuk","Usuk",2015,0
"Katakwi","Usuk","Usuk",2016,0
"Katakwi","Usuk","Usuk",2017,0
"Katakwi","Usuk","Usuk",2018,0
"Katakwi","Usuk","Usuk",2019,0
"Katakwi","Usuk","Usuk",2020,0
"Katakwi","Usuk","Usuk",2021,0
"Katakwi","Usuk","Usuk",2022,0
"Katakwi","Usuk","Usuk",2023,0
"Katakwi","Usuk","Usuk",2024,0
"Kayunga","Bbaale","Bbaale",2012,1.11885356903076
"Kayunga","Bbaale","Bbaale",2013,0.524390697479248
"Kayunga","Bbaale","Bbaale",2014,0.650083541870117
"Kayunga","Bbaale","Bbaale",2015,0.663694739341736
"Kayunga","Bbaale","Bbaale",2016,0
"Kayunga","Bbaale","Bbaale",2017,0.514982104301453
"Kayunga","Bbaale","Bbaale",2018,0.587634801864624
"Kayunga","Bbaale","Bbaale",2019,0
"Kayunga","Bbaale","Bbaale",2020,0
"Kayunga","Bbaale","Bbaale",2021,0
"Kayunga","Bbaale","Bbaale",2022,3.16107654571533
"Kayunga","Bbaale","Bbaale",2023,2.89186859130859
"Kayunga","Bbaale","Bbaale",2024,3.25668048858643
"Kayunga","Bbaale","Galiraya",2012,0
"Kayunga","Bbaale","Galiraya",2013,0
"Kayunga","Bbaale","Galiraya",2014,0.561065018177032
"Kayunga","Bbaale","Galiraya",2015,0
"Kayunga","Bbaale","Galiraya",2016,0
"Kayunga","Bbaale","Galiraya",2017,0
"Kayunga","Bbaale","Galiraya",2018,0
"Kayunga","Bbaale","Galiraya",2019,0
"Kayunga","Bbaale","Galiraya",2020,0
"Kayunga","Bbaale","Galiraya",2021,0
"Kayunga","Bbaale","Galiraya",2022,0
"Kayunga","Bbaale","Galiraya",2023,0
"Kayunga","Bbaale","Galiraya",2024,2.62321186065674
"Kayunga","Bbaale","Kayonza",2012,0
"Kayunga","Bbaale","Kayonza",2013,0
"Kayunga","Bbaale","Kayonza",2014,0
"Kayunga","Bbaale","Kayonza",2015,0
"Kayunga","Bbaale","Kayonza",2016,0
"Kayunga","Bbaale","Kayonza",2017,0
"Kayunga","Bbaale","Kayonza",2018,0
"Kayunga","Bbaale","Kayonza",2019,0.590290188789368
"Kayunga","Bbaale","Kayonza",2020,1.33712887763977
"Kayunga","Bbaale","Kayonza",2021,1.49425649642944
"Kayunga","Bbaale","Kayonza",2022,7.85031461715698
"Kayunga","Bbaale","Kayonza",2023,6.32116413116455
"Kayunga","Bbaale","Kayonza",2024,7.45614671707153
"Kayunga","Bbaale","Wabwoko-Kitimbwa",2012,0
"Kayunga","Bbaale","Wabwoko-Kitimbwa",2013,0
"Kayunga","Bbaale","Wabwoko-Kitimbwa",2014,0
"Kayunga","Bbaale","Wabwoko-Kitimbwa",2015,0
"Kayunga","Bbaale","Wabwoko-Kitimbwa",2016,0
"Kayunga","Bbaale","Wabwoko-Kitimbwa",2017,0
"Kayunga","Bbaale","Wabwoko-Kitimbwa",2018,0.557956337928772
"Kayunga","Bbaale","Wabwoko-Kitimbwa",2019,0
"Kayunga","Bbaale","Wabwoko-Kitimbwa",2020,0
"Kayunga","Bbaale","Wabwoko-Kitimbwa",2021,0
"Kayunga","Bbaale","Wabwoko-Kitimbwa",2022,4.11456441879272
"Kayunga","Bbaale","Wabwoko-Kitimbwa",2023,4.66801881790161
"Kayunga","Bbaale","Wabwoko-Kitimbwa",2024,6.08237361907959
"Kayunga","Ntenjeru","Busana",2012,0
"Kayunga","Ntenjeru","Busana",2013,0
"Kayunga","Ntenjeru","Busana",2014,1.14752376079559
"Kayunga","Ntenjeru","Busana",2015,72.4546279907227
"Kayunga","Ntenjeru","Busana",2016,205.894927978516
"Kayunga","Ntenjeru","Busana",2017,194.632278442383
"Kayunga","Ntenjeru","Busana",2018,152.095748901367
"Kayunga","Ntenjeru","Busana",2019,113.752532958984
"Kayunga","Ntenjeru","Busana",2020,109.135139465332
"Kayunga","Ntenjeru","Busana",2021,70.7474136352539
"Kayunga","Ntenjeru","Busana",2022,84.0308609008789
"Kayunga","Ntenjeru","Busana",2023,78.7718353271484
"Kayunga","Ntenjeru","Busana",2024,65.9344635009766
"Kayunga","Ntenjeru","Kangulumira",2012,3.0252161026001
"Kayunga","Ntenjeru","Kangulumira",2013,2.60385513305664
"Kayunga","Ntenjeru","Kangulumira",2014,3.67818760871887
"Kayunga","Ntenjeru","Kangulumira",2015,4.24552392959595
"Kayunga","Ntenjeru","Kangulumira",2016,3.26165461540222
"Kayunga","Ntenjeru","Kangulumira",2017,2.52201128005981
"Kayunga","Ntenjeru","Kangulumira",2018,3.98090553283691
"Kayunga","Ntenjeru","Kangulumira",2019,6.81156778335571
"Kayunga","Ntenjeru","Kangulumira",2020,6.28353500366211
"Kayunga","Ntenjeru","Kangulumira",2021,4.91286706924438
"Kayunga","Ntenjeru","Kangulumira",2022,20.7282962799072
"Kayunga","Ntenjeru","Kangulumira",2023,23.3148384094238
"Kayunga","Ntenjeru","Kangulumira",2024,34.4046020507812
"Kayunga","Ntenjeru","Kayunga",2012,0.808675229549408
"Kayunga","Ntenjeru","Kayunga",2013,0.999571025371552
"Kayunga","Ntenjeru","Kayunga",2014,0.889030992984772
"Kayunga","Ntenjeru","Kayunga",2015,1.036829829216
"Kayunga","Ntenjeru","Kayunga",2016,1.19845366477966
"Kayunga","Ntenjeru","Kayunga",2017,0.828278541564941
"Kayunga","Ntenjeru","Kayunga",2018,0.883755266666412
"Kayunga","Ntenjeru","Kayunga",2019,2.66617679595947
"Kayunga","Ntenjeru","Kayunga",2020,1.9239239692688
"Kayunga","Ntenjeru","Kayunga",2021,1.89177274703979
"Kayunga","Ntenjeru","Kayunga",2022,15.1911287307739
"Kayunga","Ntenjeru","Kayunga",2023,21.6753997802734
"Kayunga","Ntenjeru","Kayunga",2024,49.7841300964355
"Kayunga","Ntenjeru","Kayunga Tc",2012,11.9896430969238
"Kayunga","Ntenjeru","Kayunga Tc",2013,15.9927158355713
"Kayunga","Ntenjeru","Kayunga Tc",2014,15.3530979156494
"Kayunga","Ntenjeru","Kayunga Tc",2015,16.7323226928711
"Kayunga","Ntenjeru","Kayunga Tc",2016,15.9033937454224
"Kayunga","Ntenjeru","Kayunga Tc",2017,13.0005807876587
"Kayunga","Ntenjeru","Kayunga Tc",2018,17.2664127349854
"Kayunga","Ntenjeru","Kayunga Tc",2019,25.6346282958984
"Kayunga","Ntenjeru","Kayunga Tc",2020,37.0835380554199
"Kayunga","Ntenjeru","Kayunga Tc",2021,31.0627880096436
"Kayunga","Ntenjeru","Kayunga Tc",2022,50.9211044311523
"Kayunga","Ntenjeru","Kayunga Tc",2023,64.411750793457
"Kayunga","Ntenjeru","Kayunga Tc",2024,86.8547439575195
"Kayunga","Ntenjeru","Nazigo",2012,1.98521757125854
"Kayunga","Ntenjeru","Nazigo",2013,2.43373227119446
"Kayunga","Ntenjeru","Nazigo",2014,2.43910121917725
"Kayunga","Ntenjeru","Nazigo",2015,2.65574073791504
"Kayunga","Ntenjeru","Nazigo",2016,6.39713478088379
"Kayunga","Ntenjeru","Nazigo",2017,6.09242582321167
"Kayunga","Ntenjeru","Nazigo",2018,4.45238304138184
"Kayunga","Ntenjeru","Nazigo",2019,2.54181265830994
"Kayunga","Ntenjeru","Nazigo",2020,4.54303455352783
"Kayunga","Ntenjeru","Nazigo",2021,4.7387261390686
"Kayunga","Ntenjeru","Nazigo",2022,13.3217248916626
"Kayunga","Ntenjeru","Nazigo",2023,14.91872215271
"Kayunga","Ntenjeru","Nazigo",2024,22.1849555969238
"Kibale","Bugangaizi","Bwanswa",2012,7.65682458877563
"Kibale","Bugangaizi","Bwanswa",2013,1.73864018917084
"Kibale","Bugangaizi","Bwanswa",2014,6.81464385986328
"Kibale","Bugangaizi","Bwanswa",2015,1.85127675533295
"Kibale","Bugangaizi","Bwanswa",2016,0
"Kibale","Bugangaizi","Bwanswa",2017,9.95684909820557
"Kibale","Bugangaizi","Bwanswa",2018,1.71669673919678
"Kibale","Bugangaizi","Bwanswa",2019,0
"Kibale","Bugangaizi","Bwanswa",2020,1.39238238334656
"Kibale","Bugangaizi","Bwanswa",2021,7.67982196807861
"Kibale","Bugangaizi","Bwanswa",2022,12.938060760498
"Kibale","Bugangaizi","Bwanswa",2023,14.8105897903442
"Kibale","Bugangaizi","Bwanswa",2024,42.7326469421387
"Kibale","Bugangaizi","Kakindo",2012,0
"Kibale","Bugangaizi","Kakindo",2013,0
"Kibale","Bugangaizi","Kakindo",2014,0
"Kibale","Bugangaizi","Kakindo",2015,0
"Kibale","Bugangaizi","Kakindo",2016,0
"Kibale","Bugangaizi","Kakindo",2017,0
"Kibale","Bugangaizi","Kakindo",2018,0
"Kibale","Bugangaizi","Kakindo",2019,0.503072381019592
"Kibale","Bugangaizi","Kakindo",2020,0.538412511348724
"Kibale","Bugangaizi","Kakindo",2021,2.17574763298035
"Kibale","Bugangaizi","Kakindo",2022,2.35455131530762
"Kibale","Bugangaizi","Kakindo",2023,19.1988487243652
"Kibale","Bugangaizi","Kakindo",2024,17.6855239868164
"Kibale","Bugangaizi","Kasambya",2012,0
"Kibale","Bugangaizi","Kasambya",2013,0
"Kibale","Bugangaizi","Kasambya",2014,0
"Kibale","Bugangaizi","Kasambya",2015,0
"Kibale","Bugangaizi","Kasambya",2016,0
"Kibale","Bugangaizi","Kasambya",2017,0
"Kibale","Bugangaizi","Kasambya",2018,0
"Kibale","Bugangaizi","Kasambya",2019,0
"Kibale","Bugangaizi","Kasambya",2020,1.4959203004837
"Kibale","Bugangaizi","Kasambya",2021,1.29827189445496
"Kibale","Bugangaizi","Kasambya",2022,2.5113480091095
"Kibale","Bugangaizi","Kasambya",2023,0.633298516273499
"Kibale","Bugangaizi","Kasambya",2024,0
"Kibale","Bugangaizi","Kisiita",2012,0
"Kibale","Bugangaizi","Kisiita",2013,0
"Kibale","Bugangaizi","Kisiita",2014,0
"Kibale","Bugangaizi","Kisiita",2015,0
"Kibale","Bugangaizi","Kisiita",2016,0
"Kibale","Bugangaizi","Kisiita",2017,0
"Kibale","Bugangaizi","Kisiita",2018,0
"Kibale","Bugangaizi","Kisiita",2019,0
"Kibale","Bugangaizi","Kisiita",2020,0.546767175197601
"Kibale","Bugangaizi","Kisiita",2021,1.07777786254883
"Kibale","Bugangaizi","Kisiita",2022,2.57849717140198
"Kibale","Bugangaizi","Kisiita",2023,9.86718082427979
"Kibale","Bugangaizi","Kisiita",2024,14.9309968948364
"Kibale","Bugangaizi","Nalweyo",2012,0
"Kibale","Bugangaizi","Nalweyo",2013,0
"Kibale","Bugangaizi","Nalweyo",2014,0
"Kibale","Bugangaizi","Nalweyo",2015,0
"Kibale","Bugangaizi","Nalweyo",2016,0
"Kibale","Bugangaizi","Nalweyo",2017,0
"Kibale","Bugangaizi","Nalweyo",2018,0
"Kibale","Bugangaizi","Nalweyo",2019,6.09903287887573
"Kibale","Bugangaizi","Nalweyo",2020,7.3600172996521
"Kibale","Bugangaizi","Nalweyo",2021,5.24340963363647
"Kibale","Bugangaizi","Nalweyo",2022,3.47575950622559
"Kibale","Bugangaizi","Nalweyo",2023,13.9359722137451
"Kibale","Bugangaizi","Nalweyo",2024,8.38005542755127
"Kibale","Bugangaizi","Nkooko",2012,0
"Kibale","Bugangaizi","Nkooko",2013,0
"Kibale","Bugangaizi","Nkooko",2014,0
"Kibale","Bugangaizi","Nkooko",2015,0
"Kibale","Bugangaizi","Nkooko",2016,0
"Kibale","Bugangaizi","Nkooko",2017,0
"Kibale","Bugangaizi","Nkooko",2018,0
"Kibale","Bugangaizi","Nkooko",2019,0
"Kibale","Bugangaizi","Nkooko",2020,0
"Kibale","Bugangaizi","Nkooko",2021,5.69111824035645
"Kibale","Bugangaizi","Nkooko",2022,0
"Kibale","Bugangaizi","Nkooko",2023,3.09136533737183
"Kibale","Bugangaizi","Nkooko",2024,2.99709892272949
"Kibale","Buyaga","Bwikara",2012,0
"Kibale","Buyaga","Bwikara",2013,0
"Kibale","Buyaga","Bwikara",2014,0
"Kibale","Buyaga","Bwikara",2015,0
"Kibale","Buyaga","Bwikara",2016,0
"Kibale","Buyaga","Bwikara",2017,0
"Kibale","Buyaga","Bwikara",2018,0
"Kibale","Buyaga","Bwikara",2019,0
"Kibale","Buyaga","Bwikara",2020,0
"Kibale","Buyaga","Bwikara",2021,0.429049849510193
"Kibale","Buyaga","Bwikara",2022,4.12486791610718
"Kibale","Buyaga","Bwikara",2023,6.31962394714355
"Kibale","Buyaga","Bwikara",2024,7.90901660919189
"Kibale","Buyaga","Kagadi",2012,3.41513395309448
"Kibale","Buyaga","Kagadi",2013,2.65417432785034
"Kibale","Buyaga","Kagadi",2014,4.98467779159546
"Kibale","Buyaga","Kagadi",2015,6.28966426849365
"Kibale","Buyaga","Kagadi",2016,2.85492515563965
"Kibale","Buyaga","Kagadi",2017,4.84156894683838
"Kibale","Buyaga","Kagadi",2018,6.73091506958008
"Kibale","Buyaga","Kagadi",2019,8.13557243347168
"Kibale","Buyaga","Kagadi",2020,12.0857639312744
"Kibale","Buyaga","Kagadi",2021,16.5109767913818
"Kibale","Buyaga","Kagadi",2022,33.2405319213867
"Kibale","Buyaga","Kagadi",2023,74.0939712524414
"Kibale","Buyaga","Kagadi",2024,100.826103210449
"Kibale","Buyaga","Kiryanga",2012,0
"Kibale","Buyaga","Kiryanga",2013,0
"Kibale","Buyaga","Kiryanga",2014,0
"Kibale","Buyaga","Kiryanga",2015,0
"Kibale","Buyaga","Kiryanga",2016,0
"Kibale","Buyaga","Kiryanga",2017,0
"Kibale","Buyaga","Kiryanga",2018,0
"Kibale","Buyaga","Kiryanga",2019,0
"Kibale","Buyaga","Kiryanga",2020,0
"Kibale","Buyaga","Kiryanga",2021,0
"Kibale","Buyaga","Kiryanga",2022,0
"Kibale","Buyaga","Kiryanga",2023,1.06627309322357
"Kibale","Buyaga","Kiryanga",2024,2.78213930130005
"Kibale","Buyaga","Kyanaisoke",2012,0
"Kibale","Buyaga","Kyanaisoke",2013,0
"Kibale","Buyaga","Kyanaisoke",2014,0
"Kibale","Buyaga","Kyanaisoke",2015,0
"Kibale","Buyaga","Kyanaisoke",2016,0
"Kibale","Buyaga","Kyanaisoke",2017,0
"Kibale","Buyaga","Kyanaisoke",2018,0
"Kibale","Buyaga","Kyanaisoke",2019,0
"Kibale","Buyaga","Kyanaisoke",2020,0
"Kibale","Buyaga","Kyanaisoke",2021,0
"Kibale","Buyaga","Kyanaisoke",2022,0
"Kibale","Buyaga","Kyanaisoke",2023,1.75026226043701
"Kibale","Buyaga","Kyanaisoke",2024,3.38861465454102
"Kibale","Buyaga","Mabaale",2012,0
"Kibale","Buyaga","Mabaale",2013,0
"Kibale","Buyaga","Mabaale",2014,2.04697012901306
"Kibale","Buyaga","Mabaale",2015,0
"Kibale","Buyaga","Mabaale",2016,0
"Kibale","Buyaga","Mabaale",2017,0
"Kibale","Buyaga","Mabaale",2018,0
"Kibale","Buyaga","Mabaale",2019,0
"Kibale","Buyaga","Mabaale",2020,40.6140747070312
"Kibale","Buyaga","Mabaale",2021,0
"Kibale","Buyaga","Mabaale",2022,0.579025208950043
"Kibale","Buyaga","Mabaale",2023,1.91132664680481
"Kibale","Buyaga","Mabaale",2024,20.414945602417
"Kibale","Buyaga","Mpeefu",2012,0
"Kibale","Buyaga","Mpeefu",2013,0
"Kibale","Buyaga","Mpeefu",2014,0
"Kibale","Buyaga","Mpeefu",2015,0
"Kibale","Buyaga","Mpeefu",2016,0
"Kibale","Buyaga","Mpeefu",2017,0
"Kibale","Buyaga","Mpeefu",2018,0
"Kibale","Buyaga","Mpeefu",2019,0
"Kibale","Buyaga","Mpeefu",2020,4.86161279678345
"Kibale","Buyaga","Mpeefu",2021,0
"Kibale","Buyaga","Mpeefu",2022,2.07508707046509
"Kibale","Buyaga","Mpeefu",2023,1.943279504776
"Kibale","Buyaga","Mpeefu",2024,11.2218313217163
"Kibale","Buyaga","Muhoro",2012,0
"Kibale","Buyaga","Muhoro",2013,0
"Kibale","Buyaga","Muhoro",2014,1.11636805534363
"Kibale","Buyaga","Muhoro",2015,1.04825401306152
"Kibale","Buyaga","Muhoro",2016,0
"Kibale","Buyaga","Muhoro",2017,1.0921585559845
"Kibale","Buyaga","Muhoro",2018,0
"Kibale","Buyaga","Muhoro",2019,0
"Kibale","Buyaga","Muhoro",2020,0.629547536373138
"Kibale","Buyaga","Muhoro",2021,4.12464189529419
"Kibale","Buyaga","Muhoro",2022,15.9534101486206
"Kibale","Buyaga","Muhoro",2023,44.6893463134766
"Kibale","Buyaga","Muhoro",2024,55.8854675292969
"Kibale","Buyaga","Rugashari",2012,0
"Kibale","Buyaga","Rugashari",2013,0
"Kibale","Buyaga","Rugashari",2014,0
"Kibale","Buyaga","Rugashari",2015,0
"Kibale","Buyaga","Rugashari",2016,0
"Kibale","Buyaga","Rugashari",2017,0
"Kibale","Buyaga","Rugashari",2018,0
"Kibale","Buyaga","Rugashari",2019,0
"Kibale","Buyaga","Rugashari",2020,0
"Kibale","Buyaga","Rugashari",2021,0
"Kibale","Buyaga","Rugashari",2022,0
"Kibale","Buyaga","Rugashari",2023,0
"Kibale","Buyaga","Rugashari",2024,0.82502019405365
"Kibale","Buyanja","Bwamiramira",2012,0.693284571170807
"Kibale","Buyanja","Bwamiramira",2013,0
"Kibale","Buyanja","Bwamiramira",2014,0
"Kibale","Buyanja","Bwamiramira",2015,0
"Kibale","Buyanja","Bwamiramira",2016,0
"Kibale","Buyanja","Bwamiramira",2017,0
"Kibale","Buyanja","Bwamiramira",2018,1.80059695243835
"Kibale","Buyanja","Bwamiramira",2019,0
"Kibale","Buyanja","Bwamiramira",2020,0
"Kibale","Buyanja","Bwamiramira",2021,0
"Kibale","Buyanja","Bwamiramira",2022,0.0692701563239098
"Kibale","Buyanja","Bwamiramira",2023,2.11503195762634
"Kibale","Buyanja","Bwamiramira",2024,3.5810854434967
"Kibale","Buyanja","Kibaale Tc",2012,0
"Kibale","Buyanja","Kibaale Tc",2013,0
"Kibale","Buyanja","Kibaale Tc",2014,0.546927511692047
"Kibale","Buyanja","Kibaale Tc",2015,0.508005261421204
"Kibale","Buyanja","Kibaale Tc",2016,0
"Kibale","Buyanja","Kibaale Tc",2017,3.51122832298279
"Kibale","Buyanja","Kibaale Tc",2018,4.46550416946411
"Kibale","Buyanja","Kibaale Tc",2019,2.27097320556641
"Kibale","Buyanja","Kibaale Tc",2020,2.93855762481689
"Kibale","Buyanja","Kibaale Tc",2021,3.86295652389526
"Kibale","Buyanja","Kibaale Tc",2022,6.34180068969727
"Kibale","Buyanja","Kibaale Tc",2023,11.8636102676392
"Kibale","Buyanja","Kibaale Tc",2024,11.7224292755127
"Kibale","Buyanja","Kyebando",2012,0
"Kibale","Buyanja","Kyebando",2013,0
"Kibale","Buyanja","Kyebando",2014,0
"Kibale","Buyanja","Kyebando",2015,0
"Kibale","Buyanja","Kyebando",2016,0
"Kibale","Buyanja","Kyebando",2017,0
"Kibale","Buyanja","Kyebando",2018,0
"Kibale","Buyanja","Kyebando",2019,0
"Kibale","Buyanja","Kyebando",2020,0
"Kibale","Buyanja","Kyebando",2021,0
"Kibale","Buyanja","Kyebando",2022,0
"Kibale","Buyanja","Kyebando",2023,0
"Kibale","Buyanja","Kyebando",2024,0
"Kibale","Buyanja","Matale",2012,0
"Kibale","Buyanja","Matale",2013,0
"Kibale","Buyanja","Matale",2014,0
"Kibale","Buyanja","Matale",2015,0
"Kibale","Buyanja","Matale",2016,0
"Kibale","Buyanja","Matale",2017,0
"Kibale","Buyanja","Matale",2018,0
"Kibale","Buyanja","Matale",2019,0
"Kibale","Buyanja","Matale",2020,0
"Kibale","Buyanja","Matale",2021,0
"Kibale","Buyanja","Matale",2022,0
"Kibale","Buyanja","Matale",2023,0
"Kibale","Buyanja","Matale",2024,0
"Kibale","Buyanja","Mugarama",2012,0
"Kibale","Buyanja","Mugarama",2013,0
"Kibale","Buyanja","Mugarama",2014,0
"Kibale","Buyanja","Mugarama",2015,0
"Kibale","Buyanja","Mugarama",2016,0
"Kibale","Buyanja","Mugarama",2017,0
"Kibale","Buyanja","Mugarama",2018,1.02706718444824
"Kibale","Buyanja","Mugarama",2019,0.595734834671021
"Kibale","Buyanja","Mugarama",2020,0.548378765583038
"Kibale","Buyanja","Mugarama",2021,0
"Kibale","Buyanja","Mugarama",2022,0
"Kibale","Buyanja","Mugarama",2023,0
"Kibale","Buyanja","Mugarama",2024,1.11572694778442
"Kiboga","Kiboga","Bukomero",2012,0
"Kiboga","Kiboga","Bukomero",2013,0
"Kiboga","Kiboga","Bukomero",2014,0
"Kiboga","Kiboga","Bukomero",2015,0.541085600852966
"Kiboga","Kiboga","Bukomero",2016,0.552297472953796
"Kiboga","Kiboga","Bukomero",2017,0
"Kiboga","Kiboga","Bukomero",2018,0
"Kiboga","Kiboga","Bukomero",2019,3.14193058013916
"Kiboga","Kiboga","Bukomero",2020,3.85617160797119
"Kiboga","Kiboga","Bukomero",2021,4.41704177856445
"Kiboga","Kiboga","Bukomero",2022,17.4485206604004
"Kiboga","Kiboga","Bukomero",2023,21.1504554748535
"Kiboga","Kiboga","Bukomero",2024,25.8080177307129
"Kiboga","Kiboga","Butemba",2012,0
"Kiboga","Kiboga","Butemba",2013,0
"Kiboga","Kiboga","Butemba",2014,0
"Kiboga","Kiboga","Butemba",2015,0
"Kiboga","Kiboga","Butemba",2016,0
"Kiboga","Kiboga","Butemba",2017,0.555902719497681
"Kiboga","Kiboga","Butemba",2018,0
"Kiboga","Kiboga","Butemba",2019,0
"Kiboga","Kiboga","Butemba",2020,1.60317087173462
"Kiboga","Kiboga","Butemba",2021,1.05704438686371
"Kiboga","Kiboga","Butemba",2022,2.4435613155365
"Kiboga","Kiboga","Butemba",2023,6.11260223388672
"Kiboga","Kiboga","Butemba",2024,13.1268272399902
"Kiboga","Kiboga","Dwaniro",2012,0
"Kiboga","Kiboga","Dwaniro",2013,0
"Kiboga","Kiboga","Dwaniro",2014,0
"Kiboga","Kiboga","Dwaniro",2015,0
"Kiboga","Kiboga","Dwaniro",2016,0
"Kiboga","Kiboga","Dwaniro",2017,0
"Kiboga","Kiboga","Dwaniro",2018,0
"Kiboga","Kiboga","Dwaniro",2019,0
"Kiboga","Kiboga","Dwaniro",2020,0
"Kiboga","Kiboga","Dwaniro",2021,0
"Kiboga","Kiboga","Dwaniro",2022,0
"Kiboga","Kiboga","Dwaniro",2023,0
"Kiboga","Kiboga","Dwaniro",2024,0
"Kiboga","Kiboga","Gayaza",2012,0
"Kiboga","Kiboga","Gayaza",2013,0
"Kiboga","Kiboga","Gayaza",2014,0
"Kiboga","Kiboga","Gayaza",2015,0
"Kiboga","Kiboga","Gayaza",2016,0
"Kiboga","Kiboga","Gayaza",2017,0
"Kiboga","Kiboga","Gayaza",2018,0
"Kiboga","Kiboga","Gayaza",2019,0
"Kiboga","Kiboga","Gayaza",2020,0
"Kiboga","Kiboga","Gayaza",2021,0
"Kiboga","Kiboga","Gayaza",2022,0
"Kiboga","Kiboga","Gayaza",2023,0
"Kiboga","Kiboga","Gayaza",2024,0
"Kiboga","Kiboga","Kapeke",2012,0
"Kiboga","Kiboga","Kapeke",2013,0.568847298622131
"Kiboga","Kiboga","Kapeke",2014,0
"Kiboga","Kiboga","Kapeke",2015,0
"Kiboga","Kiboga","Kapeke",2016,0
"Kiboga","Kiboga","Kapeke",2017,0
"Kiboga","Kiboga","Kapeke",2018,0.091215118765831
"Kiboga","Kiboga","Kapeke",2019,0.110512182116508
"Kiboga","Kiboga","Kapeke",2020,0.474312633275986
"Kiboga","Kiboga","Kapeke",2021,3.55380845069885
"Kiboga","Kiboga","Kapeke",2022,14.0386114120483
"Kiboga","Kiboga","Kapeke",2023,12.0610446929932
"Kiboga","Kiboga","Kapeke",2024,31.2463912963867
"Kiboga","Kiboga","Kibiga",2012,0
"Kiboga","Kiboga","Kibiga",2013,0
"Kiboga","Kiboga","Kibiga",2014,0
"Kiboga","Kiboga","Kibiga",2015,0
"Kiboga","Kiboga","Kibiga",2016,0
"Kiboga","Kiboga","Kibiga",2017,0
"Kiboga","Kiboga","Kibiga",2018,0
"Kiboga","Kiboga","Kibiga",2019,0
"Kiboga","Kiboga","Kibiga",2020,0
"Kiboga","Kiboga","Kibiga",2021,0.617490470409393
"Kiboga","Kiboga","Kibiga",2022,0.706706762313843
"Kiboga","Kiboga","Kibiga",2023,0.668439626693726
"Kiboga","Kiboga","Kibiga",2024,2.01866507530212
"Kiboga","Kiboga","Kiboga Tc",2012,2.65747141838074
"Kiboga","Kiboga","Kiboga Tc",2013,5.3108286857605
"Kiboga","Kiboga","Kiboga Tc",2014,9.97475242614746
"Kiboga","Kiboga","Kiboga Tc",2015,8.43607997894287
"Kiboga","Kiboga","Kiboga Tc",2016,24.444314956665
"Kiboga","Kiboga","Kiboga Tc",2017,19.2975101470947
"Kiboga","Kiboga","Kiboga Tc",2018,29.6898555755615
"Kiboga","Kiboga","Kiboga Tc",2019,17.8646621704102
"Kiboga","Kiboga","Kiboga Tc",2020,34.8694725036621
"Kiboga","Kiboga","Kiboga Tc",2021,48.2824401855469
"Kiboga","Kiboga","Kiboga Tc",2022,88.4333343505859
"Kiboga","Kiboga","Kiboga Tc",2023,93.1648178100586
"Kiboga","Kiboga","Kiboga Tc",2024,142.311584472656
"Kiboga","Kiboga","Kyankwanzi",2012,0
"Kiboga","Kiboga","Kyankwanzi",2013,0
"Kiboga","Kiboga","Kyankwanzi",2014,0
"Kiboga","Kiboga","Kyankwanzi",2015,0
"Kiboga","Kiboga","Kyankwanzi",2016,0
"Kiboga","Kiboga","Kyankwanzi",2017,0
"Kiboga","Kiboga","Kyankwanzi",2018,0
"Kiboga","Kiboga","Kyankwanzi",2019,0
"Kiboga","Kiboga","Kyankwanzi",2020,0
"Kiboga","Kiboga","Kyankwanzi",2021,0
"Kiboga","Kiboga","Kyankwanzi",2022,1.28393173217773
"Kiboga","Kiboga","Kyankwanzi",2023,1.43265390396118
"Kiboga","Kiboga","Kyankwanzi",2024,2.34385752677917
"Kiboga","Kiboga","Lwamata",2012,0
"Kiboga","Kiboga","Lwamata",2013,0
"Kiboga","Kiboga","Lwamata",2014,0
"Kiboga","Kiboga","Lwamata",2015,0
"Kiboga","Kiboga","Lwamata",2016,0
"Kiboga","Kiboga","Lwamata",2017,0
"Kiboga","Kiboga","Lwamata",2018,0.578684687614441
"Kiboga","Kiboga","Lwamata",2019,0.541373908519745
"Kiboga","Kiboga","Lwamata",2020,0.57721483707428
"Kiboga","Kiboga","Lwamata",2021,2.06359887123108
"Kiboga","Kiboga","Lwamata",2022,6.03745889663696
"Kiboga","Kiboga","Lwamata",2023,10.7551031112671
"Kiboga","Kiboga","Lwamata",2024,14.0735321044922
"Kiboga","Kiboga","Mulagi",2012,0
"Kiboga","Kiboga","Mulagi",2013,0
"Kiboga","Kiboga","Mulagi",2014,0
"Kiboga","Kiboga","Mulagi",2015,0
"Kiboga","Kiboga","Mulagi",2016,0
"Kiboga","Kiboga","Mulagi",2017,0
"Kiboga","Kiboga","Mulagi",2018,0
"Kiboga","Kiboga","Mulagi",2019,0
"Kiboga","Kiboga","Mulagi",2020,0
"Kiboga","Kiboga","Mulagi",2021,0
"Kiboga","Kiboga","Mulagi",2022,1.94594037532806
"Kiboga","Kiboga","Mulagi",2023,1.50080275535583
"Kiboga","Kiboga","Mulagi",2024,3.94606614112854
"Kiboga","Kiboga","Muwanga",2012,0
"Kiboga","Kiboga","Muwanga",2013,0
"Kiboga","Kiboga","Muwanga",2014,0
"Kiboga","Kiboga","Muwanga",2015,0
"Kiboga","Kiboga","Muwanga",2016,0
"Kiboga","Kiboga","Muwanga",2017,0
"Kiboga","Kiboga","Muwanga",2018,0
"Kiboga","Kiboga","Muwanga",2019,0
"Kiboga","Kiboga","Muwanga",2020,0
"Kiboga","Kiboga","Muwanga",2021,0
"Kiboga","Kiboga","Muwanga",2022,0.630384922027588
"Kiboga","Kiboga","Muwanga",2023,1.39513874053955
"Kiboga","Kiboga","Muwanga",2024,2.50499773025513
"Kiboga","Kiboga","Nsambya",2012,0
"Kiboga","Kiboga","Nsambya",2013,0
"Kiboga","Kiboga","Nsambya",2014,0
"Kiboga","Kiboga","Nsambya",2015,0
"Kiboga","Kiboga","Nsambya",2016,0
"Kiboga","Kiboga","Nsambya",2017,0
"Kiboga","Kiboga","Nsambya",2018,0.634881675243378
"Kiboga","Kiboga","Nsambya",2019,6.32634449005127
"Kiboga","Kiboga","Nsambya",2020,12.5361585617065
"Kiboga","Kiboga","Nsambya",2021,12.5166673660278
"Kiboga","Kiboga","Nsambya",2022,10.5926952362061
"Kiboga","Kiboga","Nsambya",2023,18.351375579834
"Kiboga","Kiboga","Nsambya",2024,27.8124504089355
"Kiboga","Kiboga","Ntwetwe",2012,0
"Kiboga","Kiboga","Ntwetwe",2013,0
"Kiboga","Kiboga","Ntwetwe",2014,0
"Kiboga","Kiboga","Ntwetwe",2015,0
"Kiboga","Kiboga","Ntwetwe",2016,0
"Kiboga","Kiboga","Ntwetwe",2017,0.553985595703125
"Kiboga","Kiboga","Ntwetwe",2018,0
"Kiboga","Kiboga","Ntwetwe",2019,1.03884935379028
"Kiboga","Kiboga","Ntwetwe",2020,0.551919162273407
"Kiboga","Kiboga","Ntwetwe",2021,1.94064569473267
"Kiboga","Kiboga","Ntwetwe",2022,3.62456130981445
"Kiboga","Kiboga","Ntwetwe",2023,7.39537286758423
"Kiboga","Kiboga","Ntwetwe",2024,9.32006645202637
"Kiboga","Kiboga","Wattuba",2012,0
"Kiboga","Kiboga","Wattuba",2013,0
"Kiboga","Kiboga","Wattuba",2014,0
"Kiboga","Kiboga","Wattuba",2015,0
"Kiboga","Kiboga","Wattuba",2016,0
"Kiboga","Kiboga","Wattuba",2017,0
"Kiboga","Kiboga","Wattuba",2018,0
"Kiboga","Kiboga","Wattuba",2019,0
"Kiboga","Kiboga","Wattuba",2020,0
"Kiboga","Kiboga","Wattuba",2021,0
"Kiboga","Kiboga","Wattuba",2022,0
"Kiboga","Kiboga","Wattuba",2023,2.00595378875732
"Kiboga","Kiboga","Wattuba",2024,1.67326784133911
"Kisoro","Kisoro","Bukimbiri",2012,0
"Kisoro","Kisoro","Bukimbiri",2013,0
"Kisoro","Kisoro","Bukimbiri",2014,0
"Kisoro","Kisoro","Bukimbiri",2015,0
"Kisoro","Kisoro","Bukimbiri",2016,0
"Kisoro","Kisoro","Bukimbiri",2017,0
"Kisoro","Kisoro","Bukimbiri",2018,0
"Kisoro","Kisoro","Bukimbiri",2019,0
"Kisoro","Kisoro","Bukimbiri",2020,0
"Kisoro","Kisoro","Bukimbiri",2021,0
"Kisoro","Kisoro","Bukimbiri",2022,0
"Kisoro","Kisoro","Bukimbiri",2023,0.0248761121183634
"Kisoro","Kisoro","Bukimbiri",2024,0
"Kisoro","Kisoro","Busanza",2012,0
"Kisoro","Kisoro","Busanza",2013,0
"Kisoro","Kisoro","Busanza",2014,0
"Kisoro","Kisoro","Busanza",2015,0
"Kisoro","Kisoro","Busanza",2016,0
"Kisoro","Kisoro","Busanza",2017,0
"Kisoro","Kisoro","Busanza",2018,0
"Kisoro","Kisoro","Busanza",2019,0
"Kisoro","Kisoro","Busanza",2020,0
"Kisoro","Kisoro","Busanza",2021,0
"Kisoro","Kisoro","Busanza",2022,0
"Kisoro","Kisoro","Busanza",2023,0
"Kisoro","Kisoro","Busanza",2024,0
"Kisoro","Kisoro","Chahi",2012,2.77853798866272
"Kisoro","Kisoro","Chahi",2013,1.14975297451019
"Kisoro","Kisoro","Chahi",2014,0.943806052207947
"Kisoro","Kisoro","Chahi",2015,0.525174558162689
"Kisoro","Kisoro","Chahi",2016,2.1909613609314
"Kisoro","Kisoro","Chahi",2017,0.0445298440754414
"Kisoro","Kisoro","Chahi",2018,7.15734624862671
"Kisoro","Kisoro","Chahi",2019,5.3973183631897
"Kisoro","Kisoro","Chahi",2020,3.73976826667786
"Kisoro","Kisoro","Chahi",2021,4.85814046859741
"Kisoro","Kisoro","Chahi",2022,11.8121948242188
"Kisoro","Kisoro","Chahi",2023,14.8661394119263
"Kisoro","Kisoro","Chahi",2024,19.8506011962891
"Kisoro","Kisoro","Kanaba",2012,0
"Kisoro","Kisoro","Kanaba",2013,0
"Kisoro","Kisoro","Kanaba",2014,0
"Kisoro","Kisoro","Kanaba",2015,0
"Kisoro","Kisoro","Kanaba",2016,0
"Kisoro","Kisoro","Kanaba",2017,0
"Kisoro","Kisoro","Kanaba",2018,0
"Kisoro","Kisoro","Kanaba",2019,0
"Kisoro","Kisoro","Kanaba",2020,0
"Kisoro","Kisoro","Kanaba",2021,0
"Kisoro","Kisoro","Kanaba",2022,0
"Kisoro","Kisoro","Kanaba",2023,0
"Kisoro","Kisoro","Kanaba",2024,0
"Kisoro","Kisoro","Kirundo",2012,0
"Kisoro","Kisoro","Kirundo",2013,0
"Kisoro","Kisoro","Kirundo",2014,0
"Kisoro","Kisoro","Kirundo",2015,0
"Kisoro","Kisoro","Kirundo",2016,0
"Kisoro","Kisoro","Kirundo",2017,0
"Kisoro","Kisoro","Kirundo",2018,0
"Kisoro","Kisoro","Kirundo",2019,0
"Kisoro","Kisoro","Kirundo",2020,0
"Kisoro","Kisoro","Kirundo",2021,0
"Kisoro","Kisoro","Kirundo",2022,0
"Kisoro","Kisoro","Kirundo",2023,0.605353176593781
"Kisoro","Kisoro","Kirundo",2024,0
"Kisoro","Kisoro","Kisoro Tc",2012,11.2733488082886
"Kisoro","Kisoro","Kisoro Tc",2013,5.64274597167969
"Kisoro","Kisoro","Kisoro Tc",2014,7.38097476959229
"Kisoro","Kisoro","Kisoro Tc",2015,10.7794227600098
"Kisoro","Kisoro","Kisoro Tc",2016,11.2178411483765
"Kisoro","Kisoro","Kisoro Tc",2017,9.35275554656982
"Kisoro","Kisoro","Kisoro Tc",2018,10.5776824951172
"Kisoro","Kisoro","Kisoro Tc",2019,9.98849582672119
"Kisoro","Kisoro","Kisoro Tc",2020,6.17414093017578
"Kisoro","Kisoro","Kisoro Tc",2021,12.3570308685303
"Kisoro","Kisoro","Kisoro Tc",2022,23.8809146881104
"Kisoro","Kisoro","Kisoro Tc",2023,33.3987159729004
"Kisoro","Kisoro","Kisoro Tc",2024,39.640308380127
"Kisoro","Kisoro","Muramba",2012,0
"Kisoro","Kisoro","Muramba",2013,0
"Kisoro","Kisoro","Muramba",2014,0
"Kisoro","Kisoro","Muramba",2015,0
"Kisoro","Kisoro","Muramba",2016,0
"Kisoro","Kisoro","Muramba",2017,0
"Kisoro","Kisoro","Muramba",2018,3.35174775123596
"Kisoro","Kisoro","Muramba",2019,2.61228942871094
"Kisoro","Kisoro","Muramba",2020,0
"Kisoro","Kisoro","Muramba",2021,0
"Kisoro","Kisoro","Muramba",2022,2.22998070716858
"Kisoro","Kisoro","Muramba",2023,4.73892259597778
"Kisoro","Kisoro","Muramba",2024,3.84418487548828
"Kisoro","Kisoro","Murora",2012,0
"Kisoro","Kisoro","Murora",2013,0
"Kisoro","Kisoro","Murora",2014,0
"Kisoro","Kisoro","Murora",2015,0
"Kisoro","Kisoro","Murora",2016,0
"Kisoro","Kisoro","Murora",2017,0
"Kisoro","Kisoro","Murora",2018,0
"Kisoro","Kisoro","Murora",2019,0
"Kisoro","Kisoro","Murora",2020,0
"Kisoro","Kisoro","Murora",2021,0
"Kisoro","Kisoro","Murora",2022,0
"Kisoro","Kisoro","Murora",2023,0
"Kisoro","Kisoro","Murora",2024,0
"Kisoro","Kisoro","Nyabwishenya",2012,0
"Kisoro","Kisoro","Nyabwishenya",2013,0
"Kisoro","Kisoro","Nyabwishenya",2014,0
"Kisoro","Kisoro","Nyabwishenya",2015,0
"Kisoro","Kisoro","Nyabwishenya",2016,0
"Kisoro","Kisoro","Nyabwishenya",2017,0
"Kisoro","Kisoro","Nyabwishenya",2018,0
"Kisoro","Kisoro","Nyabwishenya",2019,0
"Kisoro","Kisoro","Nyabwishenya",2020,0
"Kisoro","Kisoro","Nyabwishenya",2021,0
"Kisoro","Kisoro","Nyabwishenya",2022,0
"Kisoro","Kisoro","Nyabwishenya",2023,0
"Kisoro","Kisoro","Nyabwishenya",2024,0
"Kisoro","Kisoro","Nyakabande",2012,0.503411114215851
"Kisoro","Kisoro","Nyakabande",2013,0.597756147384644
"Kisoro","Kisoro","Nyakabande",2014,1.47838878631592
"Kisoro","Kisoro","Nyakabande",2015,0.567862570285797
"Kisoro","Kisoro","Nyakabande",2016,0
"Kisoro","Kisoro","Nyakabande",2017,0
"Kisoro","Kisoro","Nyakabande",2018,0
"Kisoro","Kisoro","Nyakabande",2019,0
"Kisoro","Kisoro","Nyakabande",2020,0
"Kisoro","Kisoro","Nyakabande",2021,0.0097394185140729
"Kisoro","Kisoro","Nyakabande",2022,7.71802663803101
"Kisoro","Kisoro","Nyakabande",2023,5.02870798110962
"Kisoro","Kisoro","Nyakabande",2024,6.67261600494385
"Kisoro","Kisoro","Nyakinama",2012,0
"Kisoro","Kisoro","Nyakinama",2013,0
"Kisoro","Kisoro","Nyakinama",2014,0
"Kisoro","Kisoro","Nyakinama",2015,0
"Kisoro","Kisoro","Nyakinama",2016,0
"Kisoro","Kisoro","Nyakinama",2017,0
"Kisoro","Kisoro","Nyakinama",2018,0
"Kisoro","Kisoro","Nyakinama",2019,0
"Kisoro","Kisoro","Nyakinama",2020,0
"Kisoro","Kisoro","Nyakinama",2021,0
"Kisoro","Kisoro","Nyakinama",2022,0
"Kisoro","Kisoro","Nyakinama",2023,0
"Kisoro","Kisoro","Nyakinama",2024,0
"Kisoro","Kisoro","Nyarubuye",2012,0
"Kisoro","Kisoro","Nyarubuye",2013,0
"Kisoro","Kisoro","Nyarubuye",2014,0
"Kisoro","Kisoro","Nyarubuye",2015,0
"Kisoro","Kisoro","Nyarubuye",2016,0
"Kisoro","Kisoro","Nyarubuye",2017,0
"Kisoro","Kisoro","Nyarubuye",2018,0
"Kisoro","Kisoro","Nyarubuye",2019,0
"Kisoro","Kisoro","Nyarubuye",2020,0
"Kisoro","Kisoro","Nyarubuye",2021,0
"Kisoro","Kisoro","Nyarubuye",2022,0
"Kisoro","Kisoro","Nyarubuye",2023,0
"Kisoro","Kisoro","Nyarubuye",2024,0
"Kisoro","Kisoro","Nyarusiza",2012,0.525506138801575
"Kisoro","Kisoro","Nyarusiza",2013,0
"Kisoro","Kisoro","Nyarusiza",2014,0
"Kisoro","Kisoro","Nyarusiza",2015,0
"Kisoro","Kisoro","Nyarusiza",2016,0
"Kisoro","Kisoro","Nyarusiza",2017,0
"Kisoro","Kisoro","Nyarusiza",2018,0.316779553890228
"Kisoro","Kisoro","Nyarusiza",2019,0.307373613119125
"Kisoro","Kisoro","Nyarusiza",2020,0
"Kisoro","Kisoro","Nyarusiza",2021,0.383808761835098
"Kisoro","Kisoro","Nyarusiza",2022,2.04748225212097
"Kisoro","Kisoro","Nyarusiza",2023,3.70911931991577
"Kisoro","Kisoro","Nyarusiza",2024,3.95999789237976
"Kisoro","Kisoro","Nyundo",2012,0
"Kisoro","Kisoro","Nyundo",2013,0
"Kisoro","Kisoro","Nyundo",2014,0
"Kisoro","Kisoro","Nyundo",2015,0
"Kisoro","Kisoro","Nyundo",2016,0
"Kisoro","Kisoro","Nyundo",2017,0
"Kisoro","Kisoro","Nyundo",2018,0
"Kisoro","Kisoro","Nyundo",2019,0
"Kisoro","Kisoro","Nyundo",2020,0
"Kisoro","Kisoro","Nyundo",2021,0
"Kisoro","Kisoro","Nyundo",2022,0
"Kisoro","Kisoro","Nyundo",2023,0
"Kisoro","Kisoro","Nyundo",2024,0
"Kitgum","Chua","Kitgum Tc",2012,10.9658164978027
"Kitgum","Chua","Kitgum Tc",2013,7.86328268051147
"Kitgum","Chua","Kitgum Tc",2014,7.52934694290161
"Kitgum","Chua","Kitgum Tc",2015,11.5786590576172
"Kitgum","Chua","Kitgum Tc",2016,8.73884773254395
"Kitgum","Chua","Kitgum Tc",2017,8.5379114151001
"Kitgum","Chua","Kitgum Tc",2018,9.91046333312988
"Kitgum","Chua","Kitgum Tc",2019,22.855001449585
"Kitgum","Chua","Kitgum Tc",2020,20.6443119049072
"Kitgum","Chua","Kitgum Tc",2021,23.6701946258545
"Kitgum","Chua","Kitgum Tc",2022,48.8229637145996
"Kitgum","Chua","Kitgum Tc",2023,70.6991729736328
"Kitgum","Chua","Kitgum Tc",2024,95.3482055664062
"Kitgum","Chua","Kitigum Matidi",2012,0
"Kitgum","Chua","Kitigum Matidi",2013,0
"Kitgum","Chua","Kitigum Matidi",2014,0
"Kitgum","Chua","Kitigum Matidi",2015,0
"Kitgum","Chua","Kitigum Matidi",2016,0
"Kitgum","Chua","Kitigum Matidi",2017,0
"Kitgum","Chua","Kitigum Matidi",2018,0
"Kitgum","Chua","Kitigum Matidi",2019,0
"Kitgum","Chua","Kitigum Matidi",2020,0
"Kitgum","Chua","Kitigum Matidi",2021,0
"Kitgum","Chua","Kitigum Matidi",2022,0
"Kitgum","Chua","Kitigum Matidi",2023,0
"Kitgum","Chua","Kitigum Matidi",2024,0
"Kitgum","Chua","Labongo Akwang",2012,0
"Kitgum","Chua","Labongo Akwang",2013,0
"Kitgum","Chua","Labongo Akwang",2014,0
"Kitgum","Chua","Labongo Akwang",2015,0
"Kitgum","Chua","Labongo Akwang",2016,0
"Kitgum","Chua","Labongo Akwang",2017,0
"Kitgum","Chua","Labongo Akwang",2018,0
"Kitgum","Chua","Labongo Akwang",2019,0.023376390337944
"Kitgum","Chua","Labongo Akwang",2020,0
"Kitgum","Chua","Labongo Akwang",2021,0
"Kitgum","Chua","Labongo Akwang",2022,0.0218795668333769
"Kitgum","Chua","Labongo Akwang",2023,0.0325894542038441
"Kitgum","Chua","Labongo Akwang",2024,0.0502742975950241
"Kitgum","Chua","Labongo Amida",2012,0
"Kitgum","Chua","Labongo Amida",2013,0
"Kitgum","Chua","Labongo Amida",2014,0
"Kitgum","Chua","Labongo Amida",2015,0
"Kitgum","Chua","Labongo Amida",2016,0
"Kitgum","Chua","Labongo Amida",2017,0
"Kitgum","Chua","Labongo Amida",2018,0
"Kitgum","Chua","Labongo Amida",2019,0
"Kitgum","Chua","Labongo Amida",2020,0
"Kitgum","Chua","Labongo Amida",2021,0
"Kitgum","Chua","Labongo Amida",2022,0.196392625570297
"Kitgum","Chua","Labongo Amida",2023,0.350469619035721
"Kitgum","Chua","Labongo Amida",2024,1.42998087406158
"Kitgum","Chua","Labongo Layamo",2012,0
"Kitgum","Chua","Labongo Layamo",2013,0
"Kitgum","Chua","Labongo Layamo",2014,0
"Kitgum","Chua","Labongo Layamo",2015,0.554128587245941
"Kitgum","Chua","Labongo Layamo",2016,0.609610676765442
"Kitgum","Chua","Labongo Layamo",2017,1.01785230636597
"Kitgum","Chua","Labongo Layamo",2018,1.4116495847702
"Kitgum","Chua","Labongo Layamo",2019,0.734038293361664
"Kitgum","Chua","Labongo Layamo",2020,0
"Kitgum","Chua","Labongo Layamo",2021,0
"Kitgum","Chua","Labongo Layamo",2022,0
"Kitgum","Chua","Labongo Layamo",2023,0
"Kitgum","Chua","Labongo Layamo",2024,0
"Kitgum","Chua","Lagoro",2012,0
"Kitgum","Chua","Lagoro",2013,0
"Kitgum","Chua","Lagoro",2014,0
"Kitgum","Chua","Lagoro",2015,0
"Kitgum","Chua","Lagoro",2016,0
"Kitgum","Chua","Lagoro",2017,0
"Kitgum","Chua","Lagoro",2018,0
"Kitgum","Chua","Lagoro",2019,0
"Kitgum","Chua","Lagoro",2020,0
"Kitgum","Chua","Lagoro",2021,0
"Kitgum","Chua","Lagoro",2022,0
"Kitgum","Chua","Lagoro",2023,0
"Kitgum","Chua","Lagoro",2024,0
"Kitgum","Chua","Mucwini",2012,0
"Kitgum","Chua","Mucwini",2013,0
"Kitgum","Chua","Mucwini",2014,0
"Kitgum","Chua","Mucwini",2015,0
"Kitgum","Chua","Mucwini",2016,0
"Kitgum","Chua","Mucwini",2017,0
"Kitgum","Chua","Mucwini",2018,0
"Kitgum","Chua","Mucwini",2019,0
"Kitgum","Chua","Mucwini",2020,0
"Kitgum","Chua","Mucwini",2021,0
"Kitgum","Chua","Mucwini",2022,0
"Kitgum","Chua","Mucwini",2023,0
"Kitgum","Chua","Mucwini",2024,0
"Kitgum","Chua","Namokora",2012,0
"Kitgum","Chua","Namokora",2013,0
"Kitgum","Chua","Namokora",2014,0
"Kitgum","Chua","Namokora",2015,0
"Kitgum","Chua","Namokora",2016,0
"Kitgum","Chua","Namokora",2017,0
"Kitgum","Chua","Namokora",2018,0
"Kitgum","Chua","Namokora",2019,0
"Kitgum","Chua","Namokora",2020,0
"Kitgum","Chua","Namokora",2021,0
"Kitgum","Chua","Namokora",2022,0
"Kitgum","Chua","Namokora",2023,0
"Kitgum","Chua","Namokora",2024,0
"Kitgum","Chua","Omiya Anyima",2012,0
"Kitgum","Chua","Omiya Anyima",2013,0
"Kitgum","Chua","Omiya Anyima",2014,0
"Kitgum","Chua","Omiya Anyima",2015,0
"Kitgum","Chua","Omiya Anyima",2016,0
"Kitgum","Chua","Omiya Anyima",2017,0
"Kitgum","Chua","Omiya Anyima",2018,0
"Kitgum","Chua","Omiya Anyima",2019,0
"Kitgum","Chua","Omiya Anyima",2020,0
"Kitgum","Chua","Omiya Anyima",2021,0
"Kitgum","Chua","Omiya Anyima",2022,0
"Kitgum","Chua","Omiya Anyima",2023,0
"Kitgum","Chua","Omiya Anyima",2024,0
"Kitgum","Chua","Orom",2012,0
"Kitgum","Chua","Orom",2013,0
"Kitgum","Chua","Orom",2014,0
"Kitgum","Chua","Orom",2015,0
"Kitgum","Chua","Orom",2016,0
"Kitgum","Chua","Orom",2017,0
"Kitgum","Chua","Orom",2018,0
"Kitgum","Chua","Orom",2019,0
"Kitgum","Chua","Orom",2020,0
"Kitgum","Chua","Orom",2021,0
"Kitgum","Chua","Orom",2022,0
"Kitgum","Chua","Orom",2023,0
"Kitgum","Chua","Orom",2024,0
"Kitgum","Lamwo","Agoro",2012,0
"Kitgum","Lamwo","Agoro",2013,0
"Kitgum","Lamwo","Agoro",2014,0
"Kitgum","Lamwo","Agoro",2015,0
"Kitgum","Lamwo","Agoro",2016,0
"Kitgum","Lamwo","Agoro",2017,0
"Kitgum","Lamwo","Agoro",2018,0
"Kitgum","Lamwo","Agoro",2019,0
"Kitgum","Lamwo","Agoro",2020,0
"Kitgum","Lamwo","Agoro",2021,0
"Kitgum","Lamwo","Agoro",2022,0
"Kitgum","Lamwo","Agoro",2023,0
"Kitgum","Lamwo","Agoro",2024,0
"Kitgum","Lamwo","Lokung",2012,0
"Kitgum","Lamwo","Lokung",2013,0
"Kitgum","Lamwo","Lokung",2014,0
"Kitgum","Lamwo","Lokung",2015,0
"Kitgum","Lamwo","Lokung",2016,0
"Kitgum","Lamwo","Lokung",2017,0
"Kitgum","Lamwo","Lokung",2018,0
"Kitgum","Lamwo","Lokung",2019,0
"Kitgum","Lamwo","Lokung",2020,0
"Kitgum","Lamwo","Lokung",2021,0
"Kitgum","Lamwo","Lokung",2022,0
"Kitgum","Lamwo","Lokung",2023,0
"Kitgum","Lamwo","Lokung",2024,0
"Kitgum","Lamwo","Madi-Opei",2012,0
"Kitgum","Lamwo","Madi-Opei",2013,0
"Kitgum","Lamwo","Madi-Opei",2014,0
"Kitgum","Lamwo","Madi-Opei",2015,0
"Kitgum","Lamwo","Madi-Opei",2016,0
"Kitgum","Lamwo","Madi-Opei",2017,0
"Kitgum","Lamwo","Madi-Opei",2018,0
"Kitgum","Lamwo","Madi-Opei",2019,0
"Kitgum","Lamwo","Madi-Opei",2020,0
"Kitgum","Lamwo","Madi-Opei",2021,0
"Kitgum","Lamwo","Madi-Opei",2022,0
"Kitgum","Lamwo","Madi-Opei",2023,0
"Kitgum","Lamwo","Madi-Opei",2024,0
"Kitgum","Lamwo","Padibe East",2012,0
"Kitgum","Lamwo","Padibe East",2013,0
"Kitgum","Lamwo","Padibe East",2014,0
"Kitgum","Lamwo","Padibe East",2015,0
"Kitgum","Lamwo","Padibe East",2016,0
"Kitgum","Lamwo","Padibe East",2017,0
"Kitgum","Lamwo","Padibe East",2018,0
"Kitgum","Lamwo","Padibe East",2019,0
"Kitgum","Lamwo","Padibe East",2020,0
"Kitgum","Lamwo","Padibe East",2021,0
"Kitgum","Lamwo","Padibe East",2022,0.0806482806801796
"Kitgum","Lamwo","Padibe East",2023,0
"Kitgum","Lamwo","Padibe East",2024,0
"Kitgum","Lamwo","Padibe West",2012,0
"Kitgum","Lamwo","Padibe West",2013,0
"Kitgum","Lamwo","Padibe West",2014,0
"Kitgum","Lamwo","Padibe West",2015,0
"Kitgum","Lamwo","Padibe West",2016,0
"Kitgum","Lamwo","Padibe West",2017,0
"Kitgum","Lamwo","Padibe West",2018,0
"Kitgum","Lamwo","Padibe West",2019,0
"Kitgum","Lamwo","Padibe West",2020,0
"Kitgum","Lamwo","Padibe West",2021,0
"Kitgum","Lamwo","Padibe West",2022,0.4241102039814
"Kitgum","Lamwo","Padibe West",2023,0
"Kitgum","Lamwo","Padibe West",2024,0
"Kitgum","Lamwo","Palabek Gem",2012,0
"Kitgum","Lamwo","Palabek Gem",2013,0
"Kitgum","Lamwo","Palabek Gem",2014,0
"Kitgum","Lamwo","Palabek Gem",2015,0
"Kitgum","Lamwo","Palabek Gem",2016,0
"Kitgum","Lamwo","Palabek Gem",2017,0
"Kitgum","Lamwo","Palabek Gem",2018,0
"Kitgum","Lamwo","Palabek Gem",2019,0
"Kitgum","Lamwo","Palabek Gem",2020,0
"Kitgum","Lamwo","Palabek Gem",2021,0
"Kitgum","Lamwo","Palabek Gem",2022,0
"Kitgum","Lamwo","Palabek Gem",2023,0
"Kitgum","Lamwo","Palabek Gem",2024,0
"Kitgum","Lamwo","Palabek Kal",2012,0
"Kitgum","Lamwo","Palabek Kal",2013,0
"Kitgum","Lamwo","Palabek Kal",2014,0
"Kitgum","Lamwo","Palabek Kal",2015,0
"Kitgum","Lamwo","Palabek Kal",2016,0
"Kitgum","Lamwo","Palabek Kal",2017,0
"Kitgum","Lamwo","Palabek Kal",2018,0
"Kitgum","Lamwo","Palabek Kal",2019,0
"Kitgum","Lamwo","Palabek Kal",2020,1.82389235496521
"Kitgum","Lamwo","Palabek Kal",2021,1.38342237472534
"Kitgum","Lamwo","Palabek Kal",2022,1.22766304016113
"Kitgum","Lamwo","Palabek Kal",2023,0
"Kitgum","Lamwo","Palabek Kal",2024,0
"Kitgum","Lamwo","Paloga",2012,0
"Kitgum","Lamwo","Paloga",2013,0
"Kitgum","Lamwo","Paloga",2014,0
"Kitgum","Lamwo","Paloga",2015,0
"Kitgum","Lamwo","Paloga",2016,0
"Kitgum","Lamwo","Paloga",2017,0
"Kitgum","Lamwo","Paloga",2018,0
"Kitgum","Lamwo","Paloga",2019,0
"Kitgum","Lamwo","Paloga",2020,0
"Kitgum","Lamwo","Paloga",2021,0
"Kitgum","Lamwo","Paloga",2022,0
"Kitgum","Lamwo","Paloga",2023,0
"Kitgum","Lamwo","Paloga",2024,0
"Kitgum","Lamwo","Parabek Ogili",2012,0
"Kitgum","Lamwo","Parabek Ogili",2013,0
"Kitgum","Lamwo","Parabek Ogili",2014,0
"Kitgum","Lamwo","Parabek Ogili",2015,0
"Kitgum","Lamwo","Parabek Ogili",2016,0
"Kitgum","Lamwo","Parabek Ogili",2017,0
"Kitgum","Lamwo","Parabek Ogili",2018,0.639019966125488
"Kitgum","Lamwo","Parabek Ogili",2019,0
"Kitgum","Lamwo","Parabek Ogili",2020,0
"Kitgum","Lamwo","Parabek Ogili",2021,0
"Kitgum","Lamwo","Parabek Ogili",2022,0
"Kitgum","Lamwo","Parabek Ogili",2023,0
"Kitgum","Lamwo","Parabek Ogili",2024,0
"Kotido","Dodoth","Kaabong",2012,0
"Kotido","Dodoth","Kaabong",2013,0
"Kotido","Dodoth","Kaabong",2014,0
"Kotido","Dodoth","Kaabong",2015,0
"Kotido","Dodoth","Kaabong",2016,0
"Kotido","Dodoth","Kaabong",2017,0
"Kotido","Dodoth","Kaabong",2018,0
"Kotido","Dodoth","Kaabong",2019,0
"Kotido","Dodoth","Kaabong",2020,0
"Kotido","Dodoth","Kaabong",2021,0
"Kotido","Dodoth","Kaabong",2022,0
"Kotido","Dodoth","Kaabong",2023,0
"Kotido","Dodoth","Kaabong",2024,0
"Kotido","Dodoth","Kaabong T.C.",2012,0
"Kotido","Dodoth","Kaabong T.C.",2013,0
"Kotido","Dodoth","Kaabong T.C.",2014,0
"Kotido","Dodoth","Kaabong T.C.",2015,0
"Kotido","Dodoth","Kaabong T.C.",2016,0
"Kotido","Dodoth","Kaabong T.C.",2017,0
"Kotido","Dodoth","Kaabong T.C.",2018,0
"Kotido","Dodoth","Kaabong T.C.",2019,0
"Kotido","Dodoth","Kaabong T.C.",2020,0
"Kotido","Dodoth","Kaabong T.C.",2021,0
"Kotido","Dodoth","Kaabong T.C.",2022,3.17373204231262
"Kotido","Dodoth","Kaabong T.C.",2023,3.9919376373291
"Kotido","Dodoth","Kaabong T.C.",2024,6.92640495300293
"Kotido","Dodoth","Kalapata",2012,0
"Kotido","Dodoth","Kalapata",2013,0
"Kotido","Dodoth","Kalapata",2014,0
"Kotido","Dodoth","Kalapata",2015,0
"Kotido","Dodoth","Kalapata",2016,0
"Kotido","Dodoth","Kalapata",2017,0
"Kotido","Dodoth","Kalapata",2018,0
"Kotido","Dodoth","Kalapata",2019,0
"Kotido","Dodoth","Kalapata",2020,0
"Kotido","Dodoth","Kalapata",2021,0
"Kotido","Dodoth","Kalapata",2022,0
"Kotido","Dodoth","Kalapata",2023,0
"Kotido","Dodoth","Kalapata",2024,0
"Kotido","Dodoth","Kapedo",2012,0
"Kotido","Dodoth","Kapedo",2013,0
"Kotido","Dodoth","Kapedo",2014,0
"Kotido","Dodoth","Kapedo",2015,0
"Kotido","Dodoth","Kapedo",2016,0
"Kotido","Dodoth","Kapedo",2017,0
"Kotido","Dodoth","Kapedo",2018,0
"Kotido","Dodoth","Kapedo",2019,0
"Kotido","Dodoth","Kapedo",2020,0
"Kotido","Dodoth","Kapedo",2021,0
"Kotido","Dodoth","Kapedo",2022,0
"Kotido","Dodoth","Kapedo",2023,0
"Kotido","Dodoth","Kapedo",2024,0
"Kotido","Dodoth","Karenga",2012,0
"Kotido","Dodoth","Karenga",2013,0
"Kotido","Dodoth","Karenga",2014,0
"Kotido","Dodoth","Karenga",2015,0
"Kotido","Dodoth","Karenga",2016,0
"Kotido","Dodoth","Karenga",2017,0
"Kotido","Dodoth","Karenga",2018,0
"Kotido","Dodoth","Karenga",2019,0
"Kotido","Dodoth","Karenga",2020,0
"Kotido","Dodoth","Karenga",2021,0
"Kotido","Dodoth","Karenga",2022,0
"Kotido","Dodoth","Karenga",2023,0
"Kotido","Dodoth","Karenga",2024,0
"Kotido","Dodoth","Kathile",2012,0
"Kotido","Dodoth","Kathile",2013,0
"Kotido","Dodoth","Kathile",2014,0
"Kotido","Dodoth","Kathile",2015,0
"Kotido","Dodoth","Kathile",2016,0
"Kotido","Dodoth","Kathile",2017,0
"Kotido","Dodoth","Kathile",2018,0
"Kotido","Dodoth","Kathile",2019,0
"Kotido","Dodoth","Kathile",2020,0
"Kotido","Dodoth","Kathile",2021,0
"Kotido","Dodoth","Kathile",2022,0
"Kotido","Dodoth","Kathile",2023,0
"Kotido","Dodoth","Kathile",2024,0
"Kotido","Dodoth","Lolelia",2012,0
"Kotido","Dodoth","Lolelia",2013,0
"Kotido","Dodoth","Lolelia",2014,0
"Kotido","Dodoth","Lolelia",2015,0
"Kotido","Dodoth","Lolelia",2016,0
"Kotido","Dodoth","Lolelia",2017,0
"Kotido","Dodoth","Lolelia",2018,0
"Kotido","Dodoth","Lolelia",2019,0
"Kotido","Dodoth","Lolelia",2020,0
"Kotido","Dodoth","Lolelia",2021,0
"Kotido","Dodoth","Lolelia",2022,0
"Kotido","Dodoth","Lolelia",2023,0
"Kotido","Dodoth","Lolelia",2024,0
"Kotido","Dodoth","Loyoro",2012,0
"Kotido","Dodoth","Loyoro",2013,0
"Kotido","Dodoth","Loyoro",2014,0
"Kotido","Dodoth","Loyoro",2015,0
"Kotido","Dodoth","Loyoro",2016,0
"Kotido","Dodoth","Loyoro",2017,0
"Kotido","Dodoth","Loyoro",2018,0
"Kotido","Dodoth","Loyoro",2019,0
"Kotido","Dodoth","Loyoro",2020,0
"Kotido","Dodoth","Loyoro",2021,0
"Kotido","Dodoth","Loyoro",2022,0
"Kotido","Dodoth","Loyoro",2023,0
"Kotido","Dodoth","Loyoro",2024,0
"Kotido","Dodoth","Sidok",2012,0
"Kotido","Dodoth","Sidok",2013,0
"Kotido","Dodoth","Sidok",2014,0
"Kotido","Dodoth","Sidok",2015,0
"Kotido","Dodoth","Sidok",2016,0
"Kotido","Dodoth","Sidok",2017,0
"Kotido","Dodoth","Sidok",2018,0
"Kotido","Dodoth","Sidok",2019,0
"Kotido","Dodoth","Sidok",2020,0
"Kotido","Dodoth","Sidok",2021,0
"Kotido","Dodoth","Sidok",2022,0
"Kotido","Dodoth","Sidok",2023,0
"Kotido","Dodoth","Sidok",2024,0
"Kotido","Jie","Kacheri",2012,0
"Kotido","Jie","Kacheri",2013,0
"Kotido","Jie","Kacheri",2014,0
"Kotido","Jie","Kacheri",2015,0
"Kotido","Jie","Kacheri",2016,0
"Kotido","Jie","Kacheri",2017,0
"Kotido","Jie","Kacheri",2018,0
"Kotido","Jie","Kacheri",2019,0
"Kotido","Jie","Kacheri",2020,0
"Kotido","Jie","Kacheri",2021,0
"Kotido","Jie","Kacheri",2022,0
"Kotido","Jie","Kacheri",2023,0
"Kotido","Jie","Kacheri",2024,0
"Kotido","Jie","Kotido",2012,0
"Kotido","Jie","Kotido",2013,0
"Kotido","Jie","Kotido",2014,0
"Kotido","Jie","Kotido",2015,0
"Kotido","Jie","Kotido",2016,0
"Kotido","Jie","Kotido",2017,0
"Kotido","Jie","Kotido",2018,0
"Kotido","Jie","Kotido",2019,0
"Kotido","Jie","Kotido",2020,0
"Kotido","Jie","Kotido",2021,0
"Kotido","Jie","Kotido",2022,0
"Kotido","Jie","Kotido",2023,0
"Kotido","Jie","Kotido",2024,0
"Kotido","Jie","Kotido T.C.",2012,0
"Kotido","Jie","Kotido T.C.",2013,0
"Kotido","Jie","Kotido T.C.",2014,0
"Kotido","Jie","Kotido T.C.",2015,0
"Kotido","Jie","Kotido T.C.",2016,0
"Kotido","Jie","Kotido T.C.",2017,0
"Kotido","Jie","Kotido T.C.",2018,0
"Kotido","Jie","Kotido T.C.",2019,0
"Kotido","Jie","Kotido T.C.",2020,0
"Kotido","Jie","Kotido T.C.",2021,0.658399641513824
"Kotido","Jie","Kotido T.C.",2022,4.75351428985596
"Kotido","Jie","Kotido T.C.",2023,6.48755693435669
"Kotido","Jie","Kotido T.C.",2024,10.8143358230591
"Kotido","Jie","Nakaperimoru",2012,0
"Kotido","Jie","Nakaperimoru",2013,0
"Kotido","Jie","Nakaperimoru",2014,0
"Kotido","Jie","Nakaperimoru",2015,0
"Kotido","Jie","Nakaperimoru",2016,0
"Kotido","Jie","Nakaperimoru",2017,0
"Kotido","Jie","Nakaperimoru",2018,0
"Kotido","Jie","Nakaperimoru",2019,0
"Kotido","Jie","Nakaperimoru",2020,0
"Kotido","Jie","Nakaperimoru",2021,0
"Kotido","Jie","Nakaperimoru",2022,0
"Kotido","Jie","Nakaperimoru",2023,0
"Kotido","Jie","Nakaperimoru",2024,0
"Kotido","Jie","Panyangara",2012,0
"Kotido","Jie","Panyangara",2013,0
"Kotido","Jie","Panyangara",2014,0
"Kotido","Jie","Panyangara",2015,0
"Kotido","Jie","Panyangara",2016,0
"Kotido","Jie","Panyangara",2017,0
"Kotido","Jie","Panyangara",2018,0
"Kotido","Jie","Panyangara",2019,0
"Kotido","Jie","Panyangara",2020,0
"Kotido","Jie","Panyangara",2021,0
"Kotido","Jie","Panyangara",2022,0
"Kotido","Jie","Panyangara",2023,0
"Kotido","Jie","Panyangara",2024,0
"Kotido","Jie","Rengen",2012,0
"Kotido","Jie","Rengen",2013,0
"Kotido","Jie","Rengen",2014,0
"Kotido","Jie","Rengen",2015,0
"Kotido","Jie","Rengen",2016,0
"Kotido","Jie","Rengen",2017,0
"Kotido","Jie","Rengen",2018,0
"Kotido","Jie","Rengen",2019,0
"Kotido","Jie","Rengen",2020,0
"Kotido","Jie","Rengen",2021,0
"Kotido","Jie","Rengen",2022,0
"Kotido","Jie","Rengen",2023,0
"Kotido","Jie","Rengen",2024,0
"Kotido","Labwor","Abim",2012,0.523342370986938
"Kotido","Labwor","Abim",2013,0
"Kotido","Labwor","Abim",2014,0
"Kotido","Labwor","Abim",2015,0.509669363498688
"Kotido","Labwor","Abim",2016,0
"Kotido","Labwor","Abim",2017,0
"Kotido","Labwor","Abim",2018,0
"Kotido","Labwor","Abim",2019,0
"Kotido","Labwor","Abim",2020,0
"Kotido","Labwor","Abim",2021,0
"Kotido","Labwor","Abim",2022,0
"Kotido","Labwor","Abim",2023,0.543262481689453
"Kotido","Labwor","Abim",2024,0.606281697750092
"Kotido","Labwor","Alerek",2012,0
"Kotido","Labwor","Alerek",2013,0
"Kotido","Labwor","Alerek",2014,0
"Kotido","Labwor","Alerek",2015,0
"Kotido","Labwor","Alerek",2016,0
"Kotido","Labwor","Alerek",2017,0
"Kotido","Labwor","Alerek",2018,0
"Kotido","Labwor","Alerek",2019,0
"Kotido","Labwor","Alerek",2020,0
"Kotido","Labwor","Alerek",2021,0
"Kotido","Labwor","Alerek",2022,0
"Kotido","Labwor","Alerek",2023,0
"Kotido","Labwor","Alerek",2024,0
"Kotido","Labwor","Lotukei",2012,0
"Kotido","Labwor","Lotukei",2013,0
"Kotido","Labwor","Lotukei",2014,0
"Kotido","Labwor","Lotukei",2015,0
"Kotido","Labwor","Lotukei",2016,0
"Kotido","Labwor","Lotukei",2017,0
"Kotido","Labwor","Lotukei",2018,0
"Kotido","Labwor","Lotukei",2019,0
"Kotido","Labwor","Lotukei",2020,0
"Kotido","Labwor","Lotukei",2021,0
"Kotido","Labwor","Lotukei",2022,0
"Kotido","Labwor","Lotukei",2023,0
"Kotido","Labwor","Lotukei",2024,0
"Kotido","Labwor","Morulem",2012,0
"Kotido","Labwor","Morulem",2013,0
"Kotido","Labwor","Morulem",2014,0
"Kotido","Labwor","Morulem",2015,0
"Kotido","Labwor","Morulem",2016,0
"Kotido","Labwor","Morulem",2017,0
"Kotido","Labwor","Morulem",2018,0
"Kotido","Labwor","Morulem",2019,0
"Kotido","Labwor","Morulem",2020,0
"Kotido","Labwor","Morulem",2021,0
"Kotido","Labwor","Morulem",2022,0
"Kotido","Labwor","Morulem",2023,0
"Kotido","Labwor","Morulem",2024,0
"Kotido","Labwor","Nyakwae",2012,0
"Kotido","Labwor","Nyakwae",2013,0
"Kotido","Labwor","Nyakwae",2014,0
"Kotido","Labwor","Nyakwae",2015,0
"Kotido","Labwor","Nyakwae",2016,0
"Kotido","Labwor","Nyakwae",2017,0
"Kotido","Labwor","Nyakwae",2018,0
"Kotido","Labwor","Nyakwae",2019,0
"Kotido","Labwor","Nyakwae",2020,0
"Kotido","Labwor","Nyakwae",2021,0
"Kotido","Labwor","Nyakwae",2022,0
"Kotido","Labwor","Nyakwae",2023,0
"Kotido","Labwor","Nyakwae",2024,0
"Kumi","Bukedea","Bukedea",2012,0.545872390270233
"Kumi","Bukedea","Bukedea",2013,0.500984311103821
"Kumi","Bukedea","Bukedea",2014,0.533149719238281
"Kumi","Bukedea","Bukedea",2015,0
"Kumi","Bukedea","Bukedea",2016,0
"Kumi","Bukedea","Bukedea",2017,0.573975086212158
"Kumi","Bukedea","Bukedea",2018,1.65702533721924
"Kumi","Bukedea","Bukedea",2019,2.43184161186218
"Kumi","Bukedea","Bukedea",2020,1.66606068611145
"Kumi","Bukedea","Bukedea",2021,1.74421501159668
"Kumi","Bukedea","Bukedea",2022,4.03437757492065
"Kumi","Bukedea","Bukedea",2023,7.35921001434326
"Kumi","Bukedea","Bukedea",2024,14.7998056411743
"Kumi","Bukedea","Kachumbala",2012,1.1618332862854
"Kumi","Bukedea","Kachumbala",2013,2.07045316696167
"Kumi","Bukedea","Kachumbala",2014,0
"Kumi","Bukedea","Kachumbala",2015,0.51822704076767
"Kumi","Bukedea","Kachumbala",2016,0
"Kumi","Bukedea","Kachumbala",2017,1.43040466308594
"Kumi","Bukedea","Kachumbala",2018,0
"Kumi","Bukedea","Kachumbala",2019,0
"Kumi","Bukedea","Kachumbala",2020,0
"Kumi","Bukedea","Kachumbala",2021,0
"Kumi","Bukedea","Kachumbala",2022,2.94672775268555
"Kumi","Bukedea","Kachumbala",2023,5.96998500823975
"Kumi","Bukedea","Kachumbala",2024,10.9479322433472
"Kumi","Bukedea","Kidongole",2012,0
"Kumi","Bukedea","Kidongole",2013,0
"Kumi","Bukedea","Kidongole",2014,0
"Kumi","Bukedea","Kidongole",2015,0
"Kumi","Bukedea","Kidongole",2016,0
"Kumi","Bukedea","Kidongole",2017,0
"Kumi","Bukedea","Kidongole",2018,0
"Kumi","Bukedea","Kidongole",2019,0
"Kumi","Bukedea","Kidongole",2020,0
"Kumi","Bukedea","Kidongole",2021,0
"Kumi","Bukedea","Kidongole",2022,0
"Kumi","Bukedea","Kidongole",2023,0
"Kumi","Bukedea","Kidongole",2024,0
"Kumi","Bukedea","Kolir",2012,0
"Kumi","Bukedea","Kolir",2013,0
"Kumi","Bukedea","Kolir",2014,0
"Kumi","Bukedea","Kolir",2015,0
"Kumi","Bukedea","Kolir",2016,0
"Kumi","Bukedea","Kolir",2017,0
"Kumi","Bukedea","Kolir",2018,0
"Kumi","Bukedea","Kolir",2019,0
"Kumi","Bukedea","Kolir",2020,0
"Kumi","Bukedea","Kolir",2021,0
"Kumi","Bukedea","Kolir",2022,1.14616942405701
"Kumi","Bukedea","Kolir",2023,0
"Kumi","Bukedea","Kolir",2024,1.12238621711731
"Kumi","Bukedea","Malera",2012,0
"Kumi","Bukedea","Malera",2013,0
"Kumi","Bukedea","Malera",2014,0
"Kumi","Bukedea","Malera",2015,0
"Kumi","Bukedea","Malera",2016,0
"Kumi","Bukedea","Malera",2017,0
"Kumi","Bukedea","Malera",2018,0
"Kumi","Bukedea","Malera",2019,0
"Kumi","Bukedea","Malera",2020,0
"Kumi","Bukedea","Malera",2021,0
"Kumi","Bukedea","Malera",2022,0
"Kumi","Bukedea","Malera",2023,0
"Kumi","Bukedea","Malera",2024,0
"Kumi","Kumi","Atutur",2012,0
"Kumi","Kumi","Atutur",2013,0
"Kumi","Kumi","Atutur",2014,0
"Kumi","Kumi","Atutur",2015,0
"Kumi","Kumi","Atutur",2016,0
"Kumi","Kumi","Atutur",2017,0
"Kumi","Kumi","Atutur",2018,0
"Kumi","Kumi","Atutur",2019,0
"Kumi","Kumi","Atutur",2020,0
"Kumi","Kumi","Atutur",2021,0
"Kumi","Kumi","Atutur",2022,0
"Kumi","Kumi","Atutur",2023,0
"Kumi","Kumi","Atutur",2024,0
"Kumi","Kumi","Kanyum",2012,0
"Kumi","Kumi","Kanyum",2013,0
"Kumi","Kumi","Kanyum",2014,0
"Kumi","Kumi","Kanyum",2015,0
"Kumi","Kumi","Kanyum",2016,0
"Kumi","Kumi","Kanyum",2017,0
"Kumi","Kumi","Kanyum",2018,0
"Kumi","Kumi","Kanyum",2019,0
"Kumi","Kumi","Kanyum",2020,0
"Kumi","Kumi","Kanyum",2021,0
"Kumi","Kumi","Kanyum",2022,0
"Kumi","Kumi","Kanyum",2023,0
"Kumi","Kumi","Kanyum",2024,0
"Kumi","Kumi","Kumi",2012,0
"Kumi","Kumi","Kumi",2013,0
"Kumi","Kumi","Kumi",2014,0
"Kumi","Kumi","Kumi",2015,0
"Kumi","Kumi","Kumi",2016,0
"Kumi","Kumi","Kumi",2017,0
"Kumi","Kumi","Kumi",2018,0
"Kumi","Kumi","Kumi",2019,0
"Kumi","Kumi","Kumi",2020,0
"Kumi","Kumi","Kumi",2021,0
"Kumi","Kumi","Kumi",2022,0
"Kumi","Kumi","Kumi",2023,0.781447231769562
"Kumi","Kumi","Kumi",2024,1.25973391532898
"Kumi","Kumi","Kumi Tc",2012,8.07526111602783
"Kumi","Kumi","Kumi Tc",2013,10.2459030151367
"Kumi","Kumi","Kumi Tc",2014,7.52298307418823
"Kumi","Kumi","Kumi Tc",2015,9.37925052642822
"Kumi","Kumi","Kumi Tc",2016,6.21239900588989
"Kumi","Kumi","Kumi Tc",2017,8.301438331604
"Kumi","Kumi","Kumi Tc",2018,10.3345232009888
"Kumi","Kumi","Kumi Tc",2019,12.9425163269043
"Kumi","Kumi","Kumi Tc",2020,10.8963003158569
"Kumi","Kumi","Kumi Tc",2021,12.2239742279053
"Kumi","Kumi","Kumi Tc",2022,21.2281398773193
"Kumi","Kumi","Kumi Tc",2023,29.0388011932373
"Kumi","Kumi","Kumi Tc",2024,33.042594909668
"Kumi","Kumi","Mukongoro",2012,0
"Kumi","Kumi","Mukongoro",2013,0
"Kumi","Kumi","Mukongoro",2014,0
"Kumi","Kumi","Mukongoro",2015,0
"Kumi","Kumi","Mukongoro",2016,0
"Kumi","Kumi","Mukongoro",2017,0
"Kumi","Kumi","Mukongoro",2018,0
"Kumi","Kumi","Mukongoro",2019,0
"Kumi","Kumi","Mukongoro",2020,0
"Kumi","Kumi","Mukongoro",2021,0
"Kumi","Kumi","Mukongoro",2022,0
"Kumi","Kumi","Mukongoro",2023,0
"Kumi","Kumi","Mukongoro",2024,0.572830140590668
"Kumi","Kumi","Nyero",2012,0
"Kumi","Kumi","Nyero",2013,0
"Kumi","Kumi","Nyero",2014,0
"Kumi","Kumi","Nyero",2015,0
"Kumi","Kumi","Nyero",2016,0
"Kumi","Kumi","Nyero",2017,0
"Kumi","Kumi","Nyero",2018,0
"Kumi","Kumi","Nyero",2019,0
"Kumi","Kumi","Nyero",2020,0
"Kumi","Kumi","Nyero",2021,0
"Kumi","Kumi","Nyero",2022,0
"Kumi","Kumi","Nyero",2023,1.85942101478577
"Kumi","Kumi","Nyero",2024,0.557085037231445
"Kumi","Kumi","Ongino",2012,0
"Kumi","Kumi","Ongino",2013,0
"Kumi","Kumi","Ongino",2014,0
"Kumi","Kumi","Ongino",2015,0
"Kumi","Kumi","Ongino",2016,0
"Kumi","Kumi","Ongino",2017,0
"Kumi","Kumi","Ongino",2018,0
"Kumi","Kumi","Ongino",2019,0
"Kumi","Kumi","Ongino",2020,0
"Kumi","Kumi","Ongino",2021,0
"Kumi","Kumi","Ongino",2022,0
"Kumi","Kumi","Ongino",2023,0
"Kumi","Kumi","Ongino",2024,0
"Kumi","Ngora","Kapir",2012,0
"Kumi","Ngora","Kapir",2013,0
"Kumi","Ngora","Kapir",2014,0
"Kumi","Ngora","Kapir",2015,0
"Kumi","Ngora","Kapir",2016,0
"Kumi","Ngora","Kapir",2017,0
"Kumi","Ngora","Kapir",2018,0
"Kumi","Ngora","Kapir",2019,0
"Kumi","Ngora","Kapir",2020,0
"Kumi","Ngora","Kapir",2021,0
"Kumi","Ngora","Kapir",2022,0
"Kumi","Ngora","Kapir",2023,0
"Kumi","Ngora","Kapir",2024,0
"Kumi","Ngora","Kobwin",2012,0
"Kumi","Ngora","Kobwin",2013,0
"Kumi","Ngora","Kobwin",2014,0
"Kumi","Ngora","Kobwin",2015,0
"Kumi","Ngora","Kobwin",2016,0
"Kumi","Ngora","Kobwin",2017,0
"Kumi","Ngora","Kobwin",2018,0
"Kumi","Ngora","Kobwin",2019,0
"Kumi","Ngora","Kobwin",2020,0
"Kumi","Ngora","Kobwin",2021,0
"Kumi","Ngora","Kobwin",2022,0
"Kumi","Ngora","Kobwin",2023,0
"Kumi","Ngora","Kobwin",2024,0
"Kumi","Ngora","Mukura",2012,0
"Kumi","Ngora","Mukura",2013,0
"Kumi","Ngora","Mukura",2014,0
"Kumi","Ngora","Mukura",2015,0
"Kumi","Ngora","Mukura",2016,0
"Kumi","Ngora","Mukura",2017,0
"Kumi","Ngora","Mukura",2018,0
"Kumi","Ngora","Mukura",2019,0
"Kumi","Ngora","Mukura",2020,0
"Kumi","Ngora","Mukura",2021,0
"Kumi","Ngora","Mukura",2022,1.10161852836609
"Kumi","Ngora","Mukura",2023,1.68833780288696
"Kumi","Ngora","Mukura",2024,2.68818783760071
"Kumi","Ngora","Ngora",2012,0
"Kumi","Ngora","Ngora",2013,0.540392696857452
"Kumi","Ngora","Ngora",2014,0
"Kumi","Ngora","Ngora",2015,0
"Kumi","Ngora","Ngora",2016,0
"Kumi","Ngora","Ngora",2017,0
"Kumi","Ngora","Ngora",2018,0
"Kumi","Ngora","Ngora",2019,0
"Kumi","Ngora","Ngora",2020,0
"Kumi","Ngora","Ngora",2021,1.0399386882782
"Kumi","Ngora","Ngora",2022,1.84323263168335
"Kumi","Ngora","Ngora",2023,5.45593690872192
"Kumi","Ngora","Ngora",2024,5.54458427429199
"Kyenjojo","Kyaka","Hapuyo",2012,0
"Kyenjojo","Kyaka","Hapuyo",2013,0
"Kyenjojo","Kyaka","Hapuyo",2014,0
"Kyenjojo","Kyaka","Hapuyo",2015,0
"Kyenjojo","Kyaka","Hapuyo",2016,0
"Kyenjojo","Kyaka","Hapuyo",2017,0
"Kyenjojo","Kyaka","Hapuyo",2018,0
"Kyenjojo","Kyaka","Hapuyo",2019,0
"Kyenjojo","Kyaka","Hapuyo",2020,0
"Kyenjojo","Kyaka","Hapuyo",2021,0
"Kyenjojo","Kyaka","Hapuyo",2022,0
"Kyenjojo","Kyaka","Hapuyo",2023,0.519275486469269
"Kyenjojo","Kyaka","Hapuyo",2024,0.56962376832962
"Kyenjojo","Kyaka","Kakabara",2012,0
"Kyenjojo","Kyaka","Kakabara",2013,0
"Kyenjojo","Kyaka","Kakabara",2014,0
"Kyenjojo","Kyaka","Kakabara",2015,0
"Kyenjojo","Kyaka","Kakabara",2016,0
"Kyenjojo","Kyaka","Kakabara",2017,0
"Kyenjojo","Kyaka","Kakabara",2018,0
"Kyenjojo","Kyaka","Kakabara",2019,0
"Kyenjojo","Kyaka","Kakabara",2020,0
"Kyenjojo","Kyaka","Kakabara",2021,0
"Kyenjojo","Kyaka","Kakabara",2022,1.49027442932129
"Kyenjojo","Kyaka","Kakabara",2023,1.61044132709503
"Kyenjojo","Kyaka","Kakabara",2024,2.15078926086426
"Kyenjojo","Kyaka","Kasule",2012,0
"Kyenjojo","Kyaka","Kasule",2013,0
"Kyenjojo","Kyaka","Kasule",2014,0
"Kyenjojo","Kyaka","Kasule",2015,0
"Kyenjojo","Kyaka","Kasule",2016,0
"Kyenjojo","Kyaka","Kasule",2017,0
"Kyenjojo","Kyaka","Kasule",2018,0
"Kyenjojo","Kyaka","Kasule",2019,0
"Kyenjojo","Kyaka","Kasule",2020,0
"Kyenjojo","Kyaka","Kasule",2021,0
"Kyenjojo","Kyaka","Kasule",2022,0
"Kyenjojo","Kyaka","Kasule",2023,0
"Kyenjojo","Kyaka","Kasule",2024,0
"Kyenjojo","Kyaka","Kyegegwa",2012,0
"Kyenjojo","Kyaka","Kyegegwa",2013,0
"Kyenjojo","Kyaka","Kyegegwa",2014,1.40134787559509
"Kyenjojo","Kyaka","Kyegegwa",2015,1.21674799919128
"Kyenjojo","Kyaka","Kyegegwa",2016,1.85049843788147
"Kyenjojo","Kyaka","Kyegegwa",2017,2.64797687530518
"Kyenjojo","Kyaka","Kyegegwa",2018,3.88947677612305
"Kyenjojo","Kyaka","Kyegegwa",2019,2.53615045547485
"Kyenjojo","Kyaka","Kyegegwa",2020,4.64999532699585
"Kyenjojo","Kyaka","Kyegegwa",2021,9.74812412261963
"Kyenjojo","Kyaka","Kyegegwa",2022,18.028736114502
"Kyenjojo","Kyaka","Kyegegwa",2023,30.9007949829102
"Kyenjojo","Kyaka","Kyegegwa",2024,37.714672088623
"Kyenjojo","Kyaka","Mpara",2012,0
"Kyenjojo","Kyaka","Mpara",2013,0
"Kyenjojo","Kyaka","Mpara",2014,0
"Kyenjojo","Kyaka","Mpara",2015,0
"Kyenjojo","Kyaka","Mpara",2016,0
"Kyenjojo","Kyaka","Mpara",2017,0
"Kyenjojo","Kyaka","Mpara",2018,0
"Kyenjojo","Kyaka","Mpara",2019,0
"Kyenjojo","Kyaka","Mpara",2020,0
"Kyenjojo","Kyaka","Mpara",2021,1.64042115211487
"Kyenjojo","Kyaka","Mpara",2022,3.35044312477112
"Kyenjojo","Kyaka","Mpara",2023,4.76375865936279
"Kyenjojo","Kyaka","Mpara",2024,6.34611082077026
"Kyenjojo","Mwenge","Bufunjo",2012,0
"Kyenjojo","Mwenge","Bufunjo",2013,0
"Kyenjojo","Mwenge","Bufunjo",2014,0
"Kyenjojo","Mwenge","Bufunjo",2015,0
"Kyenjojo","Mwenge","Bufunjo",2016,0
"Kyenjojo","Mwenge","Bufunjo",2017,0
"Kyenjojo","Mwenge","Bufunjo",2018,0
"Kyenjojo","Mwenge","Bufunjo",2019,3.32315444946289
"Kyenjojo","Mwenge","Bufunjo",2020,7.32755517959595
"Kyenjojo","Mwenge","Bufunjo",2021,8.6662654876709
"Kyenjojo","Mwenge","Bufunjo",2022,8.12737846374512
"Kyenjojo","Mwenge","Bufunjo",2023,9.26982975006104
"Kyenjojo","Mwenge","Bufunjo",2024,10.5819044113159
"Kyenjojo","Mwenge","Bugaki",2012,0.568806946277618
"Kyenjojo","Mwenge","Bugaki",2013,1.38455879688263
"Kyenjojo","Mwenge","Bugaki",2014,1.6080174446106
"Kyenjojo","Mwenge","Bugaki",2015,0
"Kyenjojo","Mwenge","Bugaki",2016,0
"Kyenjojo","Mwenge","Bugaki",2017,4.05382442474365
"Kyenjojo","Mwenge","Bugaki",2018,2.37934970855713
"Kyenjojo","Mwenge","Bugaki",2019,2.88383984565735
"Kyenjojo","Mwenge","Bugaki",2020,1.27868485450745
"Kyenjojo","Mwenge","Bugaki",2021,0
"Kyenjojo","Mwenge","Bugaki",2022,1.21907544136047
"Kyenjojo","Mwenge","Bugaki",2023,3.24558687210083
"Kyenjojo","Mwenge","Bugaki",2024,6.37297916412354
"Kyenjojo","Mwenge","Butiiti",2012,0
"Kyenjojo","Mwenge","Butiiti",2013,0
"Kyenjojo","Mwenge","Butiiti",2014,3.27071738243103
"Kyenjojo","Mwenge","Butiiti",2015,0
"Kyenjojo","Mwenge","Butiiti",2016,0
"Kyenjojo","Mwenge","Butiiti",2017,0
"Kyenjojo","Mwenge","Butiiti",2018,0
"Kyenjojo","Mwenge","Butiiti",2019,0
"Kyenjojo","Mwenge","Butiiti",2020,0
"Kyenjojo","Mwenge","Butiiti",2021,0
"Kyenjojo","Mwenge","Butiiti",2022,0
"Kyenjojo","Mwenge","Butiiti",2023,1.97534918785095
"Kyenjojo","Mwenge","Butiiti",2024,1.70990800857544
"Kyenjojo","Mwenge","Katooke",2012,0.616259157657623
"Kyenjojo","Mwenge","Katooke",2013,0.0101359402760863
"Kyenjojo","Mwenge","Katooke",2014,0.286177217960358
"Kyenjojo","Mwenge","Katooke",2015,0
"Kyenjojo","Mwenge","Katooke",2016,0.500962734222412
"Kyenjojo","Mwenge","Katooke",2017,0
"Kyenjojo","Mwenge","Katooke",2018,0
"Kyenjojo","Mwenge","Katooke",2019,1.39399600028992
"Kyenjojo","Mwenge","Katooke",2020,0.613744854927063
"Kyenjojo","Mwenge","Katooke",2021,0.534522891044617
"Kyenjojo","Mwenge","Katooke",2022,2.37657618522644
"Kyenjojo","Mwenge","Katooke",2023,16.5524082183838
"Kyenjojo","Mwenge","Katooke",2024,17.4190826416016
"Kyenjojo","Mwenge","Kihuura",2012,0
"Kyenjojo","Mwenge","Kihuura",2013,0
"Kyenjojo","Mwenge","Kihuura",2014,1.79837584495544
"Kyenjojo","Mwenge","Kihuura",2015,0
"Kyenjojo","Mwenge","Kihuura",2016,0
"Kyenjojo","Mwenge","Kihuura",2017,0
"Kyenjojo","Mwenge","Kihuura",2018,0.634704947471619
"Kyenjojo","Mwenge","Kihuura",2019,0
"Kyenjojo","Mwenge","Kihuura",2020,0
"Kyenjojo","Mwenge","Kihuura",2021,0
"Kyenjojo","Mwenge","Kihuura",2022,3.83646702766418
"Kyenjojo","Mwenge","Kihuura",2023,5.60471391677856
"Kyenjojo","Mwenge","Kihuura",2024,12.2420215606689
"Kyenjojo","Mwenge","Kyarusozi",2012,1.40009593963623
"Kyenjojo","Mwenge","Kyarusozi",2013,1.2471878528595
"Kyenjojo","Mwenge","Kyarusozi",2014,3.13462376594543
"Kyenjojo","Mwenge","Kyarusozi",2015,1.11174976825714
"Kyenjojo","Mwenge","Kyarusozi",2016,0
"Kyenjojo","Mwenge","Kyarusozi",2017,0
"Kyenjojo","Mwenge","Kyarusozi",2018,0
"Kyenjojo","Mwenge","Kyarusozi",2019,0
"Kyenjojo","Mwenge","Kyarusozi",2020,0
"Kyenjojo","Mwenge","Kyarusozi",2021,0
"Kyenjojo","Mwenge","Kyarusozi",2022,0
"Kyenjojo","Mwenge","Kyarusozi",2023,2.1830153465271
"Kyenjojo","Mwenge","Kyarusozi",2024,2.31193995475769
"Kyenjojo","Mwenge","Kyenjojo Tc",2012,3.58248424530029
"Kyenjojo","Mwenge","Kyenjojo Tc",2013,2.37098670005798
"Kyenjojo","Mwenge","Kyenjojo Tc",2014,23.0517559051514
"Kyenjojo","Mwenge","Kyenjojo Tc",2015,2.29810094833374
"Kyenjojo","Mwenge","Kyenjojo Tc",2016,4.48815441131592
"Kyenjojo","Mwenge","Kyenjojo Tc",2017,5.09131336212158
"Kyenjojo","Mwenge","Kyenjojo Tc",2018,8.0546178817749
"Kyenjojo","Mwenge","Kyenjojo Tc",2019,7.45141696929932
"Kyenjojo","Mwenge","Kyenjojo Tc",2020,7.49589538574219
"Kyenjojo","Mwenge","Kyenjojo Tc",2021,8.44748592376709
"Kyenjojo","Mwenge","Kyenjojo Tc",2022,19.0512676239014
"Kyenjojo","Mwenge","Kyenjojo Tc",2023,43.1979484558105
"Kyenjojo","Mwenge","Kyenjojo Tc",2024,41.9137229919434
"Kyenjojo","Mwenge","Nyankwanzi",2012,0
"Kyenjojo","Mwenge","Nyankwanzi",2013,0
"Kyenjojo","Mwenge","Nyankwanzi",2014,0
"Kyenjojo","Mwenge","Nyankwanzi",2015,0
"Kyenjojo","Mwenge","Nyankwanzi",2016,0
"Kyenjojo","Mwenge","Nyankwanzi",2017,0
"Kyenjojo","Mwenge","Nyankwanzi",2018,0
"Kyenjojo","Mwenge","Nyankwanzi",2019,0
"Kyenjojo","Mwenge","Nyankwanzi",2020,0
"Kyenjojo","Mwenge","Nyankwanzi",2021,0
"Kyenjojo","Mwenge","Nyankwanzi",2022,1.99968194961548
"Kyenjojo","Mwenge","Nyankwanzi",2023,3.80217909812927
"Kyenjojo","Mwenge","Nyankwanzi",2024,1.6456218957901
"Kyenjojo","Mwenge","Nyantungo",2012,0
"Kyenjojo","Mwenge","Nyantungo",2013,0
"Kyenjojo","Mwenge","Nyantungo",2014,0
"Kyenjojo","Mwenge","Nyantungo",2015,0
"Kyenjojo","Mwenge","Nyantungo",2016,0
"Kyenjojo","Mwenge","Nyantungo",2017,0
"Kyenjojo","Mwenge","Nyantungo",2018,0
"Kyenjojo","Mwenge","Nyantungo",2019,0
"Kyenjojo","Mwenge","Nyantungo",2020,0
"Kyenjojo","Mwenge","Nyantungo",2021,0
"Kyenjojo","Mwenge","Nyantungo",2022,0
"Kyenjojo","Mwenge","Nyantungo",2023,0
"Kyenjojo","Mwenge","Nyantungo",2024,0
"Lake Albert","Lake Albert","Lake Albert",2012,0.307312667369843
"Lake Albert","Lake Albert","Lake Albert",2013,0
"Lake Albert","Lake Albert","Lake Albert",2014,0.675555467605591
"Lake Albert","Lake Albert","Lake Albert",2015,1.34160828590393
"Lake Albert","Lake Albert","Lake Albert",2016,0.415116548538208
"Lake Albert","Lake Albert","Lake Albert",2017,0.856264293193817
"Lake Albert","Lake Albert","Lake Albert",2018,0.0157136656343937
"Lake Albert","Lake Albert","Lake Albert",2019,0.00528788845986128
"Lake Albert","Lake Albert","Lake Albert",2020,0.00561596779152751
"Lake Albert","Lake Albert","Lake Albert",2021,0.00509361829608679
"Lake Albert","Lake Albert","Lake Albert",2022,1.41580200195312
"Lake Albert","Lake Albert","Lake Albert",2023,3.35819172859192
"Lake Albert","Lake Albert","Lake Albert",2024,1.96875512599945
"Lake Victoria","Lake Victoria","Lake Victoria",2012,121.481498718262
"Lake Victoria","Lake Victoria","Lake Victoria",2013,172.972503662109
"Lake Victoria","Lake Victoria","Lake Victoria",2014,248.732635498047
"Lake Victoria","Lake Victoria","Lake Victoria",2015,300.060150146484
"Lake Victoria","Lake Victoria","Lake Victoria",2016,251.612091064453
"Lake Victoria","Lake Victoria","Lake Victoria",2017,250.262512207031
"Lake Victoria","Lake Victoria","Lake Victoria",2018,284.922576904297
"Lake Victoria","Lake Victoria","Lake Victoria",2019,291.148040771484
"Lake Victoria","Lake Victoria","Lake Victoria",2020,363.248443603516
"Lake Victoria","Lake Victoria","Lake Victoria",2021,488.113555908203
"Lake Victoria","Lake Victoria","Lake Victoria",2022,799.735595703125
"Lake Victoria","Lake Victoria","Lake Victoria",2023,1044.70190429688
"Lake Victoria","Lake Victoria","Lake Victoria",2024,1118.17907714844
"Lira","Dokolo","Agwata",2012,0
"Lira","Dokolo","Agwata",2013,0
"Lira","Dokolo","Agwata",2014,0
"Lira","Dokolo","Agwata",2015,0
"Lira","Dokolo","Agwata",2016,0
"Lira","Dokolo","Agwata",2017,0
"Lira","Dokolo","Agwata",2018,0
"Lira","Dokolo","Agwata",2019,0
"Lira","Dokolo","Agwata",2020,0
"Lira","Dokolo","Agwata",2021,0
"Lira","Dokolo","Agwata",2022,0
"Lira","Dokolo","Agwata",2023,0
"Lira","Dokolo","Agwata",2024,0
"Lira","Dokolo","Bata",2012,0
"Lira","Dokolo","Bata",2013,0
"Lira","Dokolo","Bata",2014,0
"Lira","Dokolo","Bata",2015,0
"Lira","Dokolo","Bata",2016,0
"Lira","Dokolo","Bata",2017,0
"Lira","Dokolo","Bata",2018,0
"Lira","Dokolo","Bata",2019,0
"Lira","Dokolo","Bata",2020,0
"Lira","Dokolo","Bata",2021,0
"Lira","Dokolo","Bata",2022,0
"Lira","Dokolo","Bata",2023,0
"Lira","Dokolo","Bata",2024,0
"Lira","Dokolo","Dokolo",2012,0
"Lira","Dokolo","Dokolo",2013,0
"Lira","Dokolo","Dokolo",2014,0
"Lira","Dokolo","Dokolo",2015,0
"Lira","Dokolo","Dokolo",2016,0
"Lira","Dokolo","Dokolo",2017,0
"Lira","Dokolo","Dokolo",2018,0
"Lira","Dokolo","Dokolo",2019,0.571049869060516
"Lira","Dokolo","Dokolo",2020,0.555893898010254
"Lira","Dokolo","Dokolo",2021,0
"Lira","Dokolo","Dokolo",2022,2.04808259010315
"Lira","Dokolo","Dokolo",2023,3.4220142364502
"Lira","Dokolo","Dokolo",2024,4.82308101654053
"Lira","Dokolo","Kangai",2012,0
"Lira","Dokolo","Kangai",2013,0
"Lira","Dokolo","Kangai",2014,0
"Lira","Dokolo","Kangai",2015,0
"Lira","Dokolo","Kangai",2016,0
"Lira","Dokolo","Kangai",2017,0
"Lira","Dokolo","Kangai",2018,0
"Lira","Dokolo","Kangai",2019,0
"Lira","Dokolo","Kangai",2020,0
"Lira","Dokolo","Kangai",2021,0
"Lira","Dokolo","Kangai",2022,0
"Lira","Dokolo","Kangai",2023,0
"Lira","Dokolo","Kangai",2024,0
"Lira","Dokolo","Kwera",2012,0
"Lira","Dokolo","Kwera",2013,0
"Lira","Dokolo","Kwera",2014,0
"Lira","Dokolo","Kwera",2015,0
"Lira","Dokolo","Kwera",2016,0
"Lira","Dokolo","Kwera",2017,0
"Lira","Dokolo","Kwera",2018,0
"Lira","Dokolo","Kwera",2019,0
"Lira","Dokolo","Kwera",2020,0
"Lira","Dokolo","Kwera",2021,0
"Lira","Dokolo","Kwera",2022,0
"Lira","Dokolo","Kwera",2023,0
"Lira","Dokolo","Kwera",2024,0
"Lira","Erute","Adekokwok",2012,3.11179232597351
"Lira","Erute","Adekokwok",2013,3.96239352226257
"Lira","Erute","Adekokwok",2014,2.5662727355957
"Lira","Erute","Adekokwok",2015,4.42326498031616
"Lira","Erute","Adekokwok",2016,3.71097159385681
"Lira","Erute","Adekokwok",2017,3.04400324821472
"Lira","Erute","Adekokwok",2018,4.04550981521606
"Lira","Erute","Adekokwok",2019,8.26820468902588
"Lira","Erute","Adekokwok",2020,13.3018493652344
"Lira","Erute","Adekokwok",2021,22.486177444458
"Lira","Erute","Adekokwok",2022,42.2716979980469
"Lira","Erute","Adekokwok",2023,83.0006561279297
"Lira","Erute","Adekokwok",2024,147.932083129883
"Lira","Erute","Amach",2012,0
"Lira","Erute","Amach",2013,0
"Lira","Erute","Amach",2014,0
"Lira","Erute","Amach",2015,0
"Lira","Erute","Amach",2016,0
"Lira","Erute","Amach",2017,0
"Lira","Erute","Amach",2018,0
"Lira","Erute","Amach",2019,0
"Lira","Erute","Amach",2020,0
"Lira","Erute","Amach",2021,0
"Lira","Erute","Amach",2022,0
"Lira","Erute","Amach",2023,0
"Lira","Erute","Amach",2024,0
"Lira","Erute","Aromo",2012,0
"Lira","Erute","Aromo",2013,0
"Lira","Erute","Aromo",2014,0
"Lira","Erute","Aromo",2015,0
"Lira","Erute","Aromo",2016,0
"Lira","Erute","Aromo",2017,0
"Lira","Erute","Aromo",2018,0
"Lira","Erute","Aromo",2019,0
"Lira","Erute","Aromo",2020,0
"Lira","Erute","Aromo",2021,0
"Lira","Erute","Aromo",2022,0
"Lira","Erute","Aromo",2023,0
"Lira","Erute","Aromo",2024,0
"Lira","Erute","Barr",2012,0
"Lira","Erute","Barr",2013,0
"Lira","Erute","Barr",2014,0
"Lira","Erute","Barr",2015,0
"Lira","Erute","Barr",2016,0
"Lira","Erute","Barr",2017,0
"Lira","Erute","Barr",2018,0
"Lira","Erute","Barr",2019,0
"Lira","Erute","Barr",2020,0
"Lira","Erute","Barr",2021,0
"Lira","Erute","Barr",2022,0
"Lira","Erute","Barr",2023,0
"Lira","Erute","Barr",2024,0
"Lira","Erute","Lira",2012,0.482455044984818
"Lira","Erute","Lira",2013,0.163322582840919
"Lira","Erute","Lira",2014,0
"Lira","Erute","Lira",2015,0.316710710525513
"Lira","Erute","Lira",2016,0
"Lira","Erute","Lira",2017,0
"Lira","Erute","Lira",2018,1.31380271911621
"Lira","Erute","Lira",2019,2.56804370880127
"Lira","Erute","Lira",2020,2.76042890548706
"Lira","Erute","Lira",2021,9.55548667907715
"Lira","Erute","Lira",2022,28.6661205291748
"Lira","Erute","Lira",2023,50.8287773132324
"Lira","Erute","Lira",2024,97.3495712280273
"Lira","Erute","Ogur",2012,0
"Lira","Erute","Ogur",2013,0
"Lira","Erute","Ogur",2014,0
"Lira","Erute","Ogur",2015,0
"Lira","Erute","Ogur",2016,0
"Lira","Erute","Ogur",2017,0
"Lira","Erute","Ogur",2018,0
"Lira","Erute","Ogur",2019,0
"Lira","Erute","Ogur",2020,0
"Lira","Erute","Ogur",2021,0
"Lira","Erute","Ogur",2022,0.573771715164185
"Lira","Erute","Ogur",2023,3.01132202148438
"Lira","Erute","Ogur",2024,0.651595592498779
"Lira","Kyoga","Aputi",2012,0
"Lira","Kyoga","Aputi",2013,0
"Lira","Kyoga","Aputi",2014,0
"Lira","Kyoga","Aputi",2015,0
"Lira","Kyoga","Aputi",2016,0
"Lira","Kyoga","Aputi",2017,0
"Lira","Kyoga","Aputi",2018,0
"Lira","Kyoga","Aputi",2019,0
"Lira","Kyoga","Aputi",2020,0
"Lira","Kyoga","Aputi",2021,0
"Lira","Kyoga","Aputi",2022,0
"Lira","Kyoga","Aputi",2023,0
"Lira","Kyoga","Aputi",2024,0
"Lira","Kyoga","Awelo",2012,0
"Lira","Kyoga","Awelo",2013,0
"Lira","Kyoga","Awelo",2014,0
"Lira","Kyoga","Awelo",2015,0
"Lira","Kyoga","Awelo",2016,0
"Lira","Kyoga","Awelo",2017,0
"Lira","Kyoga","Awelo",2018,0
"Lira","Kyoga","Awelo",2019,0
"Lira","Kyoga","Awelo",2020,0
"Lira","Kyoga","Awelo",2021,0
"Lira","Kyoga","Awelo",2022,0
"Lira","Kyoga","Awelo",2023,0
"Lira","Kyoga","Awelo",2024,0
"Lira","Kyoga","Muntu",2012,0
"Lira","Kyoga","Muntu",2013,0
"Lira","Kyoga","Muntu",2014,0
"Lira","Kyoga","Muntu",2015,0
"Lira","Kyoga","Muntu",2016,0
"Lira","Kyoga","Muntu",2017,0
"Lira","Kyoga","Muntu",2018,0
"Lira","Kyoga","Muntu",2019,0
"Lira","Kyoga","Muntu",2020,0
"Lira","Kyoga","Muntu",2021,0
"Lira","Kyoga","Muntu",2022,0.523906171321869
"Lira","Kyoga","Muntu",2023,0.61660760641098
"Lira","Kyoga","Muntu",2024,1.42583322525024
"Lira","Kyoga","Namasale",2012,0
"Lira","Kyoga","Namasale",2013,0
"Lira","Kyoga","Namasale",2014,0
"Lira","Kyoga","Namasale",2015,0
"Lira","Kyoga","Namasale",2016,0
"Lira","Kyoga","Namasale",2017,0
"Lira","Kyoga","Namasale",2018,0
"Lira","Kyoga","Namasale",2019,0
"Lira","Kyoga","Namasale",2020,0
"Lira","Kyoga","Namasale",2021,0
"Lira","Kyoga","Namasale",2022,0
"Lira","Kyoga","Namasale",2023,0
"Lira","Kyoga","Namasale",2024,0
"Lira","Lira","Adyel",2012,21.3271903991699
"Lira","Lira","Adyel",2013,17.6290378570557
"Lira","Lira","Adyel",2014,15.7506313323975
"Lira","Lira","Adyel",2015,15.8487501144409
"Lira","Lira","Adyel",2016,11.8505277633667
"Lira","Lira","Adyel",2017,13.7882261276245
"Lira","Lira","Adyel",2018,13.0293521881104
"Lira","Lira","Adyel",2019,17.2785415649414
"Lira","Lira","Adyel",2020,21.6766338348389
"Lira","Lira","Adyel",2021,33.4610023498535
"Lira","Lira","Adyel",2022,44.258358001709
"Lira","Lira","Adyel",2023,58.6420135498047
"Lira","Lira","Adyel",2024,92.8605728149414
"Lira","Lira","Central",2012,52.6073379516602
"Lira","Lira","Central",2013,51.892219543457
"Lira","Lira","Central",2014,45.8276977539062
"Lira","Lira","Central",2015,47.3372688293457
"Lira","Lira","Central",2016,51.5522804260254
"Lira","Lira","Central",2017,53.7671356201172
"Lira","Lira","Central",2018,66.9558715820312
"Lira","Lira","Central",2019,84.7530975341797
"Lira","Lira","Central",2020,88.0527038574219
"Lira","Lira","Central",2021,100.483749389648
"Lira","Lira","Central",2022,115.416084289551
"Lira","Lira","Central",2023,142.941909790039
"Lira","Lira","Central",2024,188.801025390625
"Lira","Lira","Ojwina",2012,33.3282432556152
"Lira","Lira","Ojwina",2013,29.3392562866211
"Lira","Lira","Ojwina",2014,25.8084774017334
"Lira","Lira","Ojwina",2015,29.7802925109863
"Lira","Lira","Ojwina",2016,29.5811901092529
"Lira","Lira","Ojwina",2017,37.3996734619141
"Lira","Lira","Ojwina",2018,37.385814666748
"Lira","Lira","Ojwina",2019,47.4934959411621
"Lira","Lira","Ojwina",2020,51.5566864013672
"Lira","Lira","Ojwina",2021,63.9726219177246
"Lira","Lira","Ojwina",2022,82.1635589599609
"Lira","Lira","Ojwina",2023,114.26944732666
"Lira","Lira","Ojwina",2024,147.871917724609
"Lira","Lira","Railway",2012,15.4879770278931
"Lira","Lira","Railway",2013,18.0733604431152
"Lira","Lira","Railway",2014,14.9600009918213
"Lira","Lira","Railway",2015,15.3559541702271
"Lira","Lira","Railway",2016,16.0885372161865
"Lira","Lira","Railway",2017,15.8137741088867
"Lira","Lira","Railway",2018,15.9012060165405
"Lira","Lira","Railway",2019,19.6579971313477
"Lira","Lira","Railway",2020,24.5376567840576
"Lira","Lira","Railway",2021,34.2895469665527
"Lira","Lira","Railway",2022,44.8604507446289
"Lira","Lira","Railway",2023,54.2018890380859
"Lira","Lira","Railway",2024,72.1681213378906
"Lira","Moroto","Abako",2012,0
"Lira","Moroto","Abako",2013,0
"Lira","Moroto","Abako",2014,0
"Lira","Moroto","Abako",2015,0
"Lira","Moroto","Abako",2016,0
"Lira","Moroto","Abako",2017,0
"Lira","Moroto","Abako",2018,0
"Lira","Moroto","Abako",2019,0
"Lira","Moroto","Abako",2020,0
"Lira","Moroto","Abako",2021,0
"Lira","Moroto","Abako",2022,0
"Lira","Moroto","Abako",2023,0
"Lira","Moroto","Abako",2024,0
"Lira","Moroto","Aloi",2012,0
"Lira","Moroto","Aloi",2013,0
"Lira","Moroto","Aloi",2014,0
"Lira","Moroto","Aloi",2015,0
"Lira","Moroto","Aloi",2016,0
"Lira","Moroto","Aloi",2017,0
"Lira","Moroto","Aloi",2018,0
"Lira","Moroto","Aloi",2019,0
"Lira","Moroto","Aloi",2020,0
"Lira","Moroto","Aloi",2021,0
"Lira","Moroto","Aloi",2022,0
"Lira","Moroto","Aloi",2023,0
"Lira","Moroto","Aloi",2024,0
"Lira","Moroto","Amugo",2012,0
"Lira","Moroto","Amugo",2013,0
"Lira","Moroto","Amugo",2014,0
"Lira","Moroto","Amugo",2015,0
"Lira","Moroto","Amugo",2016,0
"Lira","Moroto","Amugo",2017,0
"Lira","Moroto","Amugo",2018,0
"Lira","Moroto","Amugo",2019,0
"Lira","Moroto","Amugo",2020,0
"Lira","Moroto","Amugo",2021,0
"Lira","Moroto","Amugo",2022,0
"Lira","Moroto","Amugo",2023,0
"Lira","Moroto","Amugo",2024,0
"Lira","Moroto","Apalla",2012,0
"Lira","Moroto","Apalla",2013,0
"Lira","Moroto","Apalla",2014,0
"Lira","Moroto","Apalla",2015,0
"Lira","Moroto","Apalla",2016,0
"Lira","Moroto","Apalla",2017,0
"Lira","Moroto","Apalla",2018,0
"Lira","Moroto","Apalla",2019,0
"Lira","Moroto","Apalla",2020,0
"Lira","Moroto","Apalla",2021,0
"Lira","Moroto","Apalla",2022,0
"Lira","Moroto","Apalla",2023,0
"Lira","Moroto","Apalla",2024,0
"Lira","Moroto","Omoro",2012,0
"Lira","Moroto","Omoro",2013,0
"Lira","Moroto","Omoro",2014,0
"Lira","Moroto","Omoro",2015,0
"Lira","Moroto","Omoro",2016,0
"Lira","Moroto","Omoro",2017,0
"Lira","Moroto","Omoro",2018,0
"Lira","Moroto","Omoro",2019,0
"Lira","Moroto","Omoro",2020,0
"Lira","Moroto","Omoro",2021,0
"Lira","Moroto","Omoro",2022,0
"Lira","Moroto","Omoro",2023,0
"Lira","Moroto","Omoro",2024,0
"Lira","Otuke","Adwari",2012,0
"Lira","Otuke","Adwari",2013,0
"Lira","Otuke","Adwari",2014,0
"Lira","Otuke","Adwari",2015,0
"Lira","Otuke","Adwari",2016,0
"Lira","Otuke","Adwari",2017,0
"Lira","Otuke","Adwari",2018,0
"Lira","Otuke","Adwari",2019,0
"Lira","Otuke","Adwari",2020,0
"Lira","Otuke","Adwari",2021,0
"Lira","Otuke","Adwari",2022,0
"Lira","Otuke","Adwari",2023,0
"Lira","Otuke","Adwari",2024,0
"Lira","Otuke","Okwang",2012,0
"Lira","Otuke","Okwang",2013,0
"Lira","Otuke","Okwang",2014,0
"Lira","Otuke","Okwang",2015,0
"Lira","Otuke","Okwang",2016,0
"Lira","Otuke","Okwang",2017,0
"Lira","Otuke","Okwang",2018,0
"Lira","Otuke","Okwang",2019,0
"Lira","Otuke","Okwang",2020,0
"Lira","Otuke","Okwang",2021,0
"Lira","Otuke","Okwang",2022,0
"Lira","Otuke","Okwang",2023,0
"Lira","Otuke","Okwang",2024,0
"Lira","Otuke","Olilim",2012,0
"Lira","Otuke","Olilim",2013,0
"Lira","Otuke","Olilim",2014,0
"Lira","Otuke","Olilim",2015,0
"Lira","Otuke","Olilim",2016,0
"Lira","Otuke","Olilim",2017,0
"Lira","Otuke","Olilim",2018,0
"Lira","Otuke","Olilim",2019,0
"Lira","Otuke","Olilim",2020,0
"Lira","Otuke","Olilim",2021,0
"Lira","Otuke","Olilim",2022,0
"Lira","Otuke","Olilim",2023,0
"Lira","Otuke","Olilim",2024,0
"Lira","Otuke","Orum",2012,0
"Lira","Otuke","Orum",2013,0
"Lira","Otuke","Orum",2014,0
"Lira","Otuke","Orum",2015,0
"Lira","Otuke","Orum",2016,0
"Lira","Otuke","Orum",2017,0
"Lira","Otuke","Orum",2018,0
"Lira","Otuke","Orum",2019,0
"Lira","Otuke","Orum",2020,0
"Lira","Otuke","Orum",2021,0
"Lira","Otuke","Orum",2022,0
"Lira","Otuke","Orum",2023,0
"Lira","Otuke","Orum",2024,0
"Luwero","Bamunanika","Bamunanika",2012,0
"Luwero","Bamunanika","Bamunanika",2013,0
"Luwero","Bamunanika","Bamunanika",2014,0
"Luwero","Bamunanika","Bamunanika",2015,0
"Luwero","Bamunanika","Bamunanika",2016,0.509370386600494
"Luwero","Bamunanika","Bamunanika",2017,0
"Luwero","Bamunanika","Bamunanika",2018,0
"Luwero","Bamunanika","Bamunanika",2019,0
"Luwero","Bamunanika","Bamunanika",2020,0
"Luwero","Bamunanika","Bamunanika",2021,0
"Luwero","Bamunanika","Bamunanika",2022,5.85459661483765
"Luwero","Bamunanika","Bamunanika",2023,8.27961730957031
"Luwero","Bamunanika","Bamunanika",2024,15.1276893615723
"Luwero","Bamunanika","Kalagala",2012,7.07658433914185
"Luwero","Bamunanika","Kalagala",2013,13.3257083892822
"Luwero","Bamunanika","Kalagala",2014,10.2035427093506
"Luwero","Bamunanika","Kalagala",2015,17.8692893981934
"Luwero","Bamunanika","Kalagala",2016,16.837739944458
"Luwero","Bamunanika","Kalagala",2017,18.5669994354248
"Luwero","Bamunanika","Kalagala",2018,20.8840312957764
"Luwero","Bamunanika","Kalagala",2019,21.6172275543213
"Luwero","Bamunanika","Kalagala",2020,33.2330665588379
"Luwero","Bamunanika","Kalagala",2021,45.2925109863281
"Luwero","Bamunanika","Kalagala",2022,174.634399414062
"Luwero","Bamunanika","Kalagala",2023,207.226791381836
"Luwero","Bamunanika","Kalagala",2024,313.700256347656
"Luwero","Bamunanika","Kamira",2012,0
"Luwero","Bamunanika","Kamira",2013,0
"Luwero","Bamunanika","Kamira",2014,0
"Luwero","Bamunanika","Kamira",2015,0
"Luwero","Bamunanika","Kamira",2016,0
"Luwero","Bamunanika","Kamira",2017,0
"Luwero","Bamunanika","Kamira",2018,0
"Luwero","Bamunanika","Kamira",2019,0
"Luwero","Bamunanika","Kamira",2020,0
"Luwero","Bamunanika","Kamira",2021,0
"Luwero","Bamunanika","Kamira",2022,1.44628381729126
"Luwero","Bamunanika","Kamira",2023,0
"Luwero","Bamunanika","Kamira",2024,2.37097644805908
"Luwero","Bamunanika","Kikyusa",2012,0
"Luwero","Bamunanika","Kikyusa",2013,1.07764542102814
"Luwero","Bamunanika","Kikyusa",2014,1.05348384380341
"Luwero","Bamunanika","Kikyusa",2015,0.584262311458588
"Luwero","Bamunanika","Kikyusa",2016,1.31182265281677
"Luwero","Bamunanika","Kikyusa",2017,1.53177642822266
"Luwero","Bamunanika","Kikyusa",2018,2.76982235908508
"Luwero","Bamunanika","Kikyusa",2019,3.20598578453064
"Luwero","Bamunanika","Kikyusa",2020,4.40899085998535
"Luwero","Bamunanika","Kikyusa",2021,7.08907747268677
"Luwero","Bamunanika","Kikyusa",2022,15.8055191040039
"Luwero","Bamunanika","Kikyusa",2023,20.0026988983154
"Luwero","Bamunanika","Kikyusa",2024,22.912914276123
"Luwero","Bamunanika","Zirobwe",2012,0
"Luwero","Bamunanika","Zirobwe",2013,0
"Luwero","Bamunanika","Zirobwe",2014,0
"Luwero","Bamunanika","Zirobwe",2015,0
"Luwero","Bamunanika","Zirobwe",2016,0
"Luwero","Bamunanika","Zirobwe",2017,1.71755599975586
"Luwero","Bamunanika","Zirobwe",2018,4.02661228179932
"Luwero","Bamunanika","Zirobwe",2019,5.09971237182617
"Luwero","Bamunanika","Zirobwe",2020,14.7505187988281
"Luwero","Bamunanika","Zirobwe",2021,10.4434413909912
"Luwero","Bamunanika","Zirobwe",2022,36.2510223388672
"Luwero","Bamunanika","Zirobwe",2023,49.2186241149902
"Luwero","Bamunanika","Zirobwe",2024,55.5100631713867
"Luwero","Katikamu","Bombo Tc",2012,13.0739574432373
"Luwero","Katikamu","Bombo Tc",2013,19.4725875854492
"Luwero","Katikamu","Bombo Tc",2014,15.8553314208984
"Luwero","Katikamu","Bombo Tc",2015,24.2834205627441
"Luwero","Katikamu","Bombo Tc",2016,19.8703060150146
"Luwero","Katikamu","Bombo Tc",2017,19.3665142059326
"Luwero","Katikamu","Bombo Tc",2018,18.989501953125
"Luwero","Katikamu","Bombo Tc",2019,22.1380977630615
"Luwero","Katikamu","Bombo Tc",2020,39.8588027954102
"Luwero","Katikamu","Bombo Tc",2021,44.8254508972168
"Luwero","Katikamu","Bombo Tc",2022,56.906005859375
"Luwero","Katikamu","Bombo Tc",2023,65.6408309936523
"Luwero","Katikamu","Bombo Tc",2024,97.7489852905273
"Luwero","Katikamu","Butuntumula",2012,0
"Luwero","Katikamu","Butuntumula",2013,0
"Luwero","Katikamu","Butuntumula",2014,0
"Luwero","Katikamu","Butuntumula",2015,8.94718360900879
"Luwero","Katikamu","Butuntumula",2016,10.2489147186279
"Luwero","Katikamu","Butuntumula",2017,11.5143251419067
"Luwero","Katikamu","Butuntumula",2018,3.53532338142395
"Luwero","Katikamu","Butuntumula",2019,4.09508991241455
"Luwero","Katikamu","Butuntumula",2020,7.63280200958252
"Luwero","Katikamu","Butuntumula",2021,17.4989852905273
"Luwero","Katikamu","Butuntumula",2022,43.491771697998
"Luwero","Katikamu","Butuntumula",2023,61.3767127990723
"Luwero","Katikamu","Butuntumula",2024,105.211547851562
"Luwero","Katikamu","Katikamu",2012,0.425874263048172
"Luwero","Katikamu","Katikamu",2013,3.05902767181396
"Luwero","Katikamu","Katikamu",2014,1.19931590557098
"Luwero","Katikamu","Katikamu",2015,8.82462120056152
"Luwero","Katikamu","Katikamu",2016,2.62094354629517
"Luwero","Katikamu","Katikamu",2017,1.45382070541382
"Luwero","Katikamu","Katikamu",2018,5.475501537323
"Luwero","Katikamu","Katikamu",2019,8.71818733215332
"Luwero","Katikamu","Katikamu",2020,22.5112648010254
"Luwero","Katikamu","Katikamu",2021,29.717716217041
"Luwero","Katikamu","Katikamu",2022,82.0295181274414
"Luwero","Katikamu","Katikamu",2023,113.47639465332
"Luwero","Katikamu","Katikamu",2024,149.054229736328
"Luwero","Katikamu","Luwero",2012,0.484005093574524
"Luwero","Katikamu","Luwero",2013,0.79518187046051
"Luwero","Katikamu","Luwero",2014,0.766130924224854
"Luwero","Katikamu","Luwero",2015,1.66711902618408
"Luwero","Katikamu","Luwero",2016,1.05068635940552
"Luwero","Katikamu","Luwero",2017,1.57293474674225
"Luwero","Katikamu","Luwero",2018,2.54062724113464
"Luwero","Katikamu","Luwero",2019,3.96422863006592
"Luwero","Katikamu","Luwero",2020,6.09369945526123
"Luwero","Katikamu","Luwero",2021,10.3626661300659
"Luwero","Katikamu","Luwero",2022,39.7224960327148
"Luwero","Katikamu","Luwero",2023,72.855842590332
"Luwero","Katikamu","Luwero",2024,104.485000610352
"Luwero","Katikamu","Luwero Tc",2012,15.5138826370239
"Luwero","Katikamu","Luwero Tc",2013,26.6276721954346
"Luwero","Katikamu","Luwero Tc",2014,26.8011932373047
"Luwero","Katikamu","Luwero Tc",2015,39.6844177246094
"Luwero","Katikamu","Luwero Tc",2016,35.3322563171387
"Luwero","Katikamu","Luwero Tc",2017,43.1227569580078
"Luwero","Katikamu","Luwero Tc",2018,50.4917221069336
"Luwero","Katikamu","Luwero Tc",2019,69.979866027832
"Luwero","Katikamu","Luwero Tc",2020,91.7022323608398
"Luwero","Katikamu","Luwero Tc",2021,114.920715332031
"Luwero","Katikamu","Luwero Tc",2022,180.302322387695
"Luwero","Katikamu","Luwero Tc",2023,224.298233032227
"Luwero","Katikamu","Luwero Tc",2024,287.256988525391
"Luwero","Katikamu","Makulubita",2012,0
"Luwero","Katikamu","Makulubita",2013,0
"Luwero","Katikamu","Makulubita",2014,0.501124680042267
"Luwero","Katikamu","Makulubita",2015,0
"Luwero","Katikamu","Makulubita",2016,0.00492367660626769
"Luwero","Katikamu","Makulubita",2017,0
"Luwero","Katikamu","Makulubita",2018,1.1976363658905
"Luwero","Katikamu","Makulubita",2019,1.20757055282593
"Luwero","Katikamu","Makulubita",2020,0
"Luwero","Katikamu","Makulubita",2021,6.14380931854248
"Luwero","Katikamu","Makulubita",2022,28.2910079956055
"Luwero","Katikamu","Makulubita",2023,28.5165233612061
"Luwero","Katikamu","Makulubita",2024,104.251258850098
"Luwero","Katikamu","Nyimbwa",2012,4.29449319839478
"Luwero","Katikamu","Nyimbwa",2013,11.1716527938843
"Luwero","Katikamu","Nyimbwa",2014,7.66951465606689
"Luwero","Katikamu","Nyimbwa",2015,16.7908039093018
"Luwero","Katikamu","Nyimbwa",2016,15.9355058670044
"Luwero","Katikamu","Nyimbwa",2017,14.6492071151733
"Luwero","Katikamu","Nyimbwa",2018,18.214864730835
"Luwero","Katikamu","Nyimbwa",2019,26.9799289703369
"Luwero","Katikamu","Nyimbwa",2020,39.0468635559082
"Luwero","Katikamu","Nyimbwa",2021,61.9025802612305
"Luwero","Katikamu","Nyimbwa",2022,157.49674987793
"Luwero","Katikamu","Nyimbwa",2023,168.014892578125
"Luwero","Katikamu","Nyimbwa",2024,265.110900878906
"Luwero","Katikamu","Wobulenzi Tc",2012,11.6375684738159
"Luwero","Katikamu","Wobulenzi Tc",2013,13.4944753646851
"Luwero","Katikamu","Wobulenzi Tc",2014,12.6936225891113
"Luwero","Katikamu","Wobulenzi Tc",2015,18.0816173553467
"Luwero","Katikamu","Wobulenzi Tc",2016,16.9908275604248
"Luwero","Katikamu","Wobulenzi Tc",2017,21.4033851623535
"Luwero","Katikamu","Wobulenzi Tc",2018,23.3843784332275
"Luwero","Katikamu","Wobulenzi Tc",2019,26.1208209991455
"Luwero","Katikamu","Wobulenzi Tc",2020,50.6039581298828
"Luwero","Katikamu","Wobulenzi Tc",2021,54.5396995544434
"Luwero","Katikamu","Wobulenzi Tc",2022,57.8409423828125
"Luwero","Katikamu","Wobulenzi Tc",2023,65.0476226806641
"Luwero","Katikamu","Wobulenzi Tc",2024,82.1185302734375
"Luwero","Nakaseke","Kapeeka",2012,0
"Luwero","Nakaseke","Kapeeka",2013,0
"Luwero","Nakaseke","Kapeeka",2014,0
"Luwero","Nakaseke","Kapeeka",2015,0
"Luwero","Nakaseke","Kapeeka",2016,0.582811713218689
"Luwero","Nakaseke","Kapeeka",2017,0.581242620944977
"Luwero","Nakaseke","Kapeeka",2018,14.5249671936035
"Luwero","Nakaseke","Kapeeka",2019,25.2128372192383
"Luwero","Nakaseke","Kapeeka",2020,34.038501739502
"Luwero","Nakaseke","Kapeeka",2021,55.3202018737793
"Luwero","Nakaseke","Kapeeka",2022,84.3314819335938
"Luwero","Nakaseke","Kapeeka",2023,105.953262329102
"Luwero","Nakaseke","Kapeeka",2024,147.932922363281
"Luwero","Nakaseke","Kasangombe",2012,0
"Luwero","Nakaseke","Kasangombe",2013,0
"Luwero","Nakaseke","Kasangombe",2014,0
"Luwero","Nakaseke","Kasangombe",2015,0
"Luwero","Nakaseke","Kasangombe",2016,0
"Luwero","Nakaseke","Kasangombe",2017,0
"Luwero","Nakaseke","Kasangombe",2018,0
"Luwero","Nakaseke","Kasangombe",2019,0
"Luwero","Nakaseke","Kasangombe",2020,2.95948958396912
"Luwero","Nakaseke","Kasangombe",2021,1.11348903179169
"Luwero","Nakaseke","Kasangombe",2022,1.67599964141846
"Luwero","Nakaseke","Kasangombe",2023,1.27229487895966
"Luwero","Nakaseke","Kasangombe",2024,4.38491535186768
"Luwero","Nakaseke","Kikamulo",2012,0
"Luwero","Nakaseke","Kikamulo",2013,1.19017469882965
"Luwero","Nakaseke","Kikamulo",2014,1.17116928100586
"Luwero","Nakaseke","Kikamulo",2015,2.34438109397888
"Luwero","Nakaseke","Kikamulo",2016,0.700356900691986
"Luwero","Nakaseke","Kikamulo",2017,0.745543777942657
"Luwero","Nakaseke","Kikamulo",2018,1.1357798576355
"Luwero","Nakaseke","Kikamulo",2019,1.38635432720184
"Luwero","Nakaseke","Kikamulo",2020,2.97302794456482
"Luwero","Nakaseke","Kikamulo",2021,3.44243454933167
"Luwero","Nakaseke","Kikamulo",2022,17.2428607940674
"Luwero","Nakaseke","Kikamulo",2023,15.6528844833374
"Luwero","Nakaseke","Kikamulo",2024,25.1806411743164
"Luwero","Nakaseke","Nakaseke",2012,0
"Luwero","Nakaseke","Nakaseke",2013,2.30825304985046
"Luwero","Nakaseke","Nakaseke",2014,0.518659889698029
"Luwero","Nakaseke","Nakaseke",2015,2.31635236740112
"Luwero","Nakaseke","Nakaseke",2016,0.565187156200409
"Luwero","Nakaseke","Nakaseke",2017,0
"Luwero","Nakaseke","Nakaseke",2018,0
"Luwero","Nakaseke","Nakaseke",2019,0.534539043903351
"Luwero","Nakaseke","Nakaseke",2020,0.594472348690033
"Luwero","Nakaseke","Nakaseke",2021,2.54861497879028
"Luwero","Nakaseke","Nakaseke",2022,10.6030263900757
"Luwero","Nakaseke","Nakaseke",2023,13.2194967269897
"Luwero","Nakaseke","Nakaseke",2024,21.0542678833008
"Luwero","Nakaseke","Ngoma",2012,0
"Luwero","Nakaseke","Ngoma",2013,0
"Luwero","Nakaseke","Ngoma",2014,0.524021565914154
"Luwero","Nakaseke","Ngoma",2015,0.513177514076233
"Luwero","Nakaseke","Ngoma",2016,0
"Luwero","Nakaseke","Ngoma",2017,0.606143474578857
"Luwero","Nakaseke","Ngoma",2018,0.703785181045532
"Luwero","Nakaseke","Ngoma",2019,1.272385597229
"Luwero","Nakaseke","Ngoma",2020,1.21168041229248
"Luwero","Nakaseke","Ngoma",2021,3.97123098373413
"Luwero","Nakaseke","Ngoma",2022,9.21753787994385
"Luwero","Nakaseke","Ngoma",2023,15.5874853134155
"Luwero","Nakaseke","Ngoma",2024,10.8122072219849
"Luwero","Nakaseke","Semuto",2012,0
"Luwero","Nakaseke","Semuto",2013,1.25815010070801
"Luwero","Nakaseke","Semuto",2014,0.532702386379242
"Luwero","Nakaseke","Semuto",2015,3.66643190383911
"Luwero","Nakaseke","Semuto",2016,2.88157343864441
"Luwero","Nakaseke","Semuto",2017,3.11537408828735
"Luwero","Nakaseke","Semuto",2018,4.26517486572266
"Luwero","Nakaseke","Semuto",2019,7.81362581253052
"Luwero","Nakaseke","Semuto",2020,9.12057304382324
"Luwero","Nakaseke","Semuto",2021,19.6498565673828
"Luwero","Nakaseke","Semuto",2022,52.1752967834473
"Luwero","Nakaseke","Semuto",2023,41.7519264221191
"Luwero","Nakaseke","Semuto",2024,83.4382553100586
"Luwero","Nakaseke","Wakyato",2012,0
"Luwero","Nakaseke","Wakyato",2013,0
"Luwero","Nakaseke","Wakyato",2014,0
"Luwero","Nakaseke","Wakyato",2015,0
"Luwero","Nakaseke","Wakyato",2016,0
"Luwero","Nakaseke","Wakyato",2017,0
"Luwero","Nakaseke","Wakyato",2018,0
"Luwero","Nakaseke","Wakyato",2019,0
"Luwero","Nakaseke","Wakyato",2020,1.68610918521881
"Luwero","Nakaseke","Wakyato",2021,0
"Luwero","Nakaseke","Wakyato",2022,0
"Luwero","Nakaseke","Wakyato",2023,0
"Luwero","Nakaseke","Wakyato",2024,3.41588425636292
"Masaka","Bukomansimbi","Bigasa",2012,0
"Masaka","Bukomansimbi","Bigasa",2013,1.28829264640808
"Masaka","Bukomansimbi","Bigasa",2014,0
"Masaka","Bukomansimbi","Bigasa",2015,0
"Masaka","Bukomansimbi","Bigasa",2016,0
"Masaka","Bukomansimbi","Bigasa",2017,0
"Masaka","Bukomansimbi","Bigasa",2018,0
"Masaka","Bukomansimbi","Bigasa",2019,0
"Masaka","Bukomansimbi","Bigasa",2020,2.08432340621948
"Masaka","Bukomansimbi","Bigasa",2021,0.800296485424042
"Masaka","Bukomansimbi","Bigasa",2022,4.76074695587158
"Masaka","Bukomansimbi","Bigasa",2023,2.19059681892395
"Masaka","Bukomansimbi","Bigasa",2024,8.72896671295166
"Masaka","Bukomansimbi","Butenga",2012,3.63108134269714
"Masaka","Bukomansimbi","Butenga",2013,3.5867075920105
"Masaka","Bukomansimbi","Butenga",2014,1.67101407051086
"Masaka","Bukomansimbi","Butenga",2015,1.08780515193939
"Masaka","Bukomansimbi","Butenga",2016,0.548043429851532
"Masaka","Bukomansimbi","Butenga",2017,1.28746712207794
"Masaka","Bukomansimbi","Butenga",2018,4.40779495239258
"Masaka","Bukomansimbi","Butenga",2019,1.05497193336487
"Masaka","Bukomansimbi","Butenga",2020,4.99091005325317
"Masaka","Bukomansimbi","Butenga",2021,3.20718050003052
"Masaka","Bukomansimbi","Butenga",2022,15.9774618148804
"Masaka","Bukomansimbi","Butenga",2023,21.2667789459229
"Masaka","Bukomansimbi","Butenga",2024,27.116174697876
"Masaka","Bukomansimbi","Kibingo",2012,0
"Masaka","Bukomansimbi","Kibingo",2013,0
"Masaka","Bukomansimbi","Kibingo",2014,0
"Masaka","Bukomansimbi","Kibingo",2015,0
"Masaka","Bukomansimbi","Kibingo",2016,0
"Masaka","Bukomansimbi","Kibingo",2017,0
"Masaka","Bukomansimbi","Kibingo",2018,0
"Masaka","Bukomansimbi","Kibingo",2019,0
"Masaka","Bukomansimbi","Kibingo",2020,0
"Masaka","Bukomansimbi","Kibingo",2021,0
"Masaka","Bukomansimbi","Kibingo",2022,1.62179231643677
"Masaka","Bukomansimbi","Kibingo",2023,2.1914050579071
"Masaka","Bukomansimbi","Kibingo",2024,4.54197835922241
"Masaka","Bukomansimbi","Kitanda",2012,0
"Masaka","Bukomansimbi","Kitanda",2013,0
"Masaka","Bukomansimbi","Kitanda",2014,0
"Masaka","Bukomansimbi","Kitanda",2015,0
"Masaka","Bukomansimbi","Kitanda",2016,0
"Masaka","Bukomansimbi","Kitanda",2017,0
"Masaka","Bukomansimbi","Kitanda",2018,0
"Masaka","Bukomansimbi","Kitanda",2019,0
"Masaka","Bukomansimbi","Kitanda",2020,0
"Masaka","Bukomansimbi","Kitanda",2021,0
"Masaka","Bukomansimbi","Kitanda",2022,0
"Masaka","Bukomansimbi","Kitanda",2023,0.223941788077354
"Masaka","Bukomansimbi","Kitanda",2024,1.27895498275757
"Masaka","Bukoto","Bukakata",2012,0
"Masaka","Bukoto","Bukakata",2013,0
"Masaka","Bukoto","Bukakata",2014,0
"Masaka","Bukoto","Bukakata",2015,0
"Masaka","Bukoto","Bukakata",2016,0
"Masaka","Bukoto","Bukakata",2017,0
"Masaka","Bukoto","Bukakata",2018,0
"Masaka","Bukoto","Bukakata",2019,0
"Masaka","Bukoto","Bukakata",2020,0
"Masaka","Bukoto","Bukakata",2021,0.871477901935577
"Masaka","Bukoto","Bukakata",2022,0.636124134063721
"Masaka","Bukoto","Bukakata",2023,0.965610444545746
"Masaka","Bukoto","Bukakata",2024,2.84633660316467
"Masaka","Bukoto","Buwunga",2012,1.00709855556488
"Masaka","Bukoto","Buwunga",2013,1.27487242221832
"Masaka","Bukoto","Buwunga",2014,1.13704311847687
"Masaka","Bukoto","Buwunga",2015,1.20165646076202
"Masaka","Bukoto","Buwunga",2016,0.955392181873322
"Masaka","Bukoto","Buwunga",2017,3.76117532141507e-05
"Masaka","Bukoto","Buwunga",2018,0.901126086711884
"Masaka","Bukoto","Buwunga",2019,1.61257290840149
"Masaka","Bukoto","Buwunga",2020,3.74578046798706
"Masaka","Bukoto","Buwunga",2021,5.39239931106567
"Masaka","Bukoto","Buwunga",2022,32.3306999206543
"Masaka","Bukoto","Buwunga",2023,32.3798713684082
"Masaka","Bukoto","Buwunga",2024,44.8748550415039
"Masaka","Bukoto","Kabonera",2012,1.42544519901276
"Masaka","Bukoto","Kabonera",2013,2.59978342056274
"Masaka","Bukoto","Kabonera",2014,3.85929083824158
"Masaka","Bukoto","Kabonera",2015,1.37783396244049
"Masaka","Bukoto","Kabonera",2016,1.34824025630951
"Masaka","Bukoto","Kabonera",2017,1.34327614307404
"Masaka","Bukoto","Kabonera",2018,2.26240205764771
"Masaka","Bukoto","Kabonera",2019,4.02258491516113
"Masaka","Bukoto","Kabonera",2020,5.34666395187378
"Masaka","Bukoto","Kabonera",2021,10.945782661438
"Masaka","Bukoto","Kabonera",2022,38.6039810180664
"Masaka","Bukoto","Kabonera",2023,53.3965263366699
"Masaka","Bukoto","Kabonera",2024,61.1174430847168
"Masaka","Bukoto","Kisekka",2012,8.53048801422119
"Masaka","Bukoto","Kisekka",2013,14.2324514389038
"Masaka","Bukoto","Kisekka",2014,16.1556510925293
"Masaka","Bukoto","Kisekka",2015,11.2956256866455
"Masaka","Bukoto","Kisekka",2016,30.6706008911133
"Masaka","Bukoto","Kisekka",2017,33.6813583374023
"Masaka","Bukoto","Kisekka",2018,29.53147315979
"Masaka","Bukoto","Kisekka",2019,13.7438173294067
"Masaka","Bukoto","Kisekka",2020,65.2083969116211
"Masaka","Bukoto","Kisekka",2021,91.376106262207
"Masaka","Bukoto","Kisekka",2022,117.538497924805
"Masaka","Bukoto","Kisekka",2023,99.3709487915039
"Masaka","Bukoto","Kisekka",2024,144.020523071289
"Masaka","Bukoto","Kkingo",2012,1.43147122859955
"Masaka","Bukoto","Kkingo",2013,2.54669451713562
"Masaka","Bukoto","Kkingo",2014,4.44980382919312
"Masaka","Bukoto","Kkingo",2015,2.0882260799408
"Masaka","Bukoto","Kkingo",2016,5.2136926651001
"Masaka","Bukoto","Kkingo",2017,3.66807007789612
"Masaka","Bukoto","Kkingo",2018,47.4080085754395
"Masaka","Bukoto","Kkingo",2019,42.504810333252
"Masaka","Bukoto","Kkingo",2020,20.3476333618164
"Masaka","Bukoto","Kkingo",2021,25.2822418212891
"Masaka","Bukoto","Kkingo",2022,50.6324310302734
"Masaka","Bukoto","Kkingo",2023,64.7033157348633
"Masaka","Bukoto","Kkingo",2024,74.3178558349609
"Masaka","Bukoto","Kyanamukaaka",2012,0
"Masaka","Bukoto","Kyanamukaaka",2013,0
"Masaka","Bukoto","Kyanamukaaka",2014,0
"Masaka","Bukoto","Kyanamukaaka",2015,0
"Masaka","Bukoto","Kyanamukaaka",2016,0
"Masaka","Bukoto","Kyanamukaaka",2017,0
"Masaka","Bukoto","Kyanamukaaka",2018,0
"Masaka","Bukoto","Kyanamukaaka",2019,0
"Masaka","Bukoto","Kyanamukaaka",2020,0
"Masaka","Bukoto","Kyanamukaaka",2021,0
"Masaka","Bukoto","Kyanamukaaka",2022,0.605988740921021
"Masaka","Bukoto","Kyanamukaaka",2023,3.60477757453918
"Masaka","Bukoto","Kyanamukaaka",2024,3.09001922607422
"Masaka","Bukoto","Kyazanga",2012,5.33441638946533
"Masaka","Bukoto","Kyazanga",2013,8.3850040435791
"Masaka","Bukoto","Kyazanga",2014,6.67397165298462
"Masaka","Bukoto","Kyazanga",2015,6.71023368835449
"Masaka","Bukoto","Kyazanga",2016,6.73669481277466
"Masaka","Bukoto","Kyazanga",2017,10.0556621551514
"Masaka","Bukoto","Kyazanga",2018,16.58083152771
"Masaka","Bukoto","Kyazanga",2019,8.49847602844238
"Masaka","Bukoto","Kyazanga",2020,28.2477169036865
"Masaka","Bukoto","Kyazanga",2021,35.9433746337891
"Masaka","Bukoto","Kyazanga",2022,61.9219055175781
"Masaka","Bukoto","Kyazanga",2023,37.8379707336426
"Masaka","Bukoto","Kyazanga",2024,68.0375671386719
"Masaka","Bukoto","Lwengo",2012,6.9844388961792
"Masaka","Bukoto","Lwengo",2013,10.3556690216064
"Masaka","Bukoto","Lwengo",2014,17.5482158660889
"Masaka","Bukoto","Lwengo",2015,10.4092283248901
"Masaka","Bukoto","Lwengo",2016,12.6793794631958
"Masaka","Bukoto","Lwengo",2017,14.4742107391357
"Masaka","Bukoto","Lwengo",2018,11.3853445053101
"Masaka","Bukoto","Lwengo",2019,13.4105682373047
"Masaka","Bukoto","Lwengo",2020,23.9128952026367
"Masaka","Bukoto","Lwengo",2021,19.5272541046143
"Masaka","Bukoto","Lwengo",2022,46.5640068054199
"Masaka","Bukoto","Lwengo",2023,45.6187400817871
"Masaka","Bukoto","Lwengo",2024,50.0852394104004
"Masaka","Bukoto","Malongo",2012,0.502738773822784
"Masaka","Bukoto","Malongo",2013,0.559938073158264
"Masaka","Bukoto","Malongo",2014,0.566142976284027
"Masaka","Bukoto","Malongo",2015,1.20728373527527
"Masaka","Bukoto","Malongo",2016,0.61629456281662
"Masaka","Bukoto","Malongo",2017,0.611830770969391
"Masaka","Bukoto","Malongo",2018,0.604153871536255
"Masaka","Bukoto","Malongo",2019,0.618679344654083
"Masaka","Bukoto","Malongo",2020,0.703734576702118
"Masaka","Bukoto","Malongo",2021,2.24562573432922
"Masaka","Bukoto","Malongo",2022,9.19412326812744
"Masaka","Bukoto","Malongo",2023,16.4425659179688
"Masaka","Bukoto","Malongo",2024,15.0230627059937
"Masaka","Bukoto","Mukungwe",2012,18.2338542938232
"Masaka","Bukoto","Mukungwe",2013,21.4518623352051
"Masaka","Bukoto","Mukungwe",2014,15.5239706039429
"Masaka","Bukoto","Mukungwe",2015,24.5775928497314
"Masaka","Bukoto","Mukungwe",2016,20.4726066589355
"Masaka","Bukoto","Mukungwe",2017,30.3444118499756
"Masaka","Bukoto","Mukungwe",2018,47.4623069763184
"Masaka","Bukoto","Mukungwe",2019,52.9143371582031
"Masaka","Bukoto","Mukungwe",2020,77.8876800537109
"Masaka","Bukoto","Mukungwe",2021,126.429634094238
"Masaka","Bukoto","Mukungwe",2022,237.372131347656
"Masaka","Bukoto","Mukungwe",2023,247.822250366211
"Masaka","Bukoto","Mukungwe",2024,316.266510009766
"Masaka","Bukoto","Ndagwe",2012,0
"Masaka","Bukoto","Ndagwe",2013,0
"Masaka","Bukoto","Ndagwe",2014,0
"Masaka","Bukoto","Ndagwe",2015,0
"Masaka","Bukoto","Ndagwe",2016,0
"Masaka","Bukoto","Ndagwe",2017,0
"Masaka","Bukoto","Ndagwe",2018,0
"Masaka","Bukoto","Ndagwe",2019,0
"Masaka","Bukoto","Ndagwe",2020,0
"Masaka","Bukoto","Ndagwe",2021,0
"Masaka","Bukoto","Ndagwe",2022,0
"Masaka","Bukoto","Ndagwe",2023,0
"Masaka","Bukoto","Ndagwe",2024,0
"Masaka","Kalungu","Bukulula",2012,0
"Masaka","Kalungu","Bukulula",2013,0
"Masaka","Kalungu","Bukulula",2014,0
"Masaka","Kalungu","Bukulula",2015,0
"Masaka","Kalungu","Bukulula",2016,0
"Masaka","Kalungu","Bukulula",2017,0
"Masaka","Kalungu","Bukulula",2018,0
"Masaka","Kalungu","Bukulula",2019,0
"Masaka","Kalungu","Bukulula",2020,2.14748048782349
"Masaka","Kalungu","Bukulula",2021,3.67326998710632
"Masaka","Kalungu","Bukulula",2022,18.3901710510254
"Masaka","Kalungu","Bukulula",2023,26.1238117218018
"Masaka","Kalungu","Bukulula",2024,35.7277870178223
"Masaka","Kalungu","Kalungu",2012,0.528767466545105
"Masaka","Kalungu","Kalungu",2013,2.05820631980896
"Masaka","Kalungu","Kalungu",2014,1.68482375144958
"Masaka","Kalungu","Kalungu",2015,1.05041229724884
"Masaka","Kalungu","Kalungu",2016,0
"Masaka","Kalungu","Kalungu",2017,0.614867568016052
"Masaka","Kalungu","Kalungu",2018,2.15677261352539
"Masaka","Kalungu","Kalungu",2019,1.68139123916626
"Masaka","Kalungu","Kalungu",2020,2.49757647514343
"Masaka","Kalungu","Kalungu",2021,4.54978370666504
"Masaka","Kalungu","Kalungu",2022,26.7516994476318
"Masaka","Kalungu","Kalungu",2023,31.5479354858398
"Masaka","Kalungu","Kalungu",2024,49.0083160400391
"Masaka","Kalungu","Kyamuliibwa",2012,0
"Masaka","Kalungu","Kyamuliibwa",2013,0.513627350330353
"Masaka","Kalungu","Kyamuliibwa",2014,0.531320512294769
"Masaka","Kalungu","Kyamuliibwa",2015,0.529169797897339
"Masaka","Kalungu","Kyamuliibwa",2016,0.832808494567871
"Masaka","Kalungu","Kyamuliibwa",2017,1.05169177055359
"Masaka","Kalungu","Kyamuliibwa",2018,0
"Masaka","Kalungu","Kyamuliibwa",2019,0
"Masaka","Kalungu","Kyamuliibwa",2020,0.501881420612335
"Masaka","Kalungu","Kyamuliibwa",2021,0.654573738574982
"Masaka","Kalungu","Kyamuliibwa",2022,9.21476554870605
"Masaka","Kalungu","Kyamuliibwa",2023,13.4225740432739
"Masaka","Kalungu","Kyamuliibwa",2024,14.2525634765625
"Masaka","Kalungu","Lukaya Tc",2012,11.4596786499023
"Masaka","Kalungu","Lukaya Tc",2013,9.16840076446533
"Masaka","Kalungu","Lukaya Tc",2014,9.33608818054199
"Masaka","Kalungu","Lukaya Tc",2015,9.30103302001953
"Masaka","Kalungu","Lukaya Tc",2016,7.98678064346313
"Masaka","Kalungu","Lukaya Tc",2017,9.96543216705322
"Masaka","Kalungu","Lukaya Tc",2018,16.6620941162109
"Masaka","Kalungu","Lukaya Tc",2019,16.6520862579346
"Masaka","Kalungu","Lukaya Tc",2020,23.7956409454346
"Masaka","Kalungu","Lukaya Tc",2021,40.260181427002
"Masaka","Kalungu","Lukaya Tc",2022,77.6867446899414
"Masaka","Kalungu","Lukaya Tc",2023,79.5444107055664
"Masaka","Kalungu","Lukaya Tc",2024,90.4467315673828
"Masaka","Kalungu","Lwabenge",2012,0.654914438724518
"Masaka","Kalungu","Lwabenge",2013,0
"Masaka","Kalungu","Lwabenge",2014,0
"Masaka","Kalungu","Lwabenge",2015,0
"Masaka","Kalungu","Lwabenge",2016,0
"Masaka","Kalungu","Lwabenge",2017,0
"Masaka","Kalungu","Lwabenge",2018,0
"Masaka","Kalungu","Lwabenge",2019,0
"Masaka","Kalungu","Lwabenge",2020,0.56986528635025
"Masaka","Kalungu","Lwabenge",2021,2.18363571166992
"Masaka","Kalungu","Lwabenge",2022,6.2611722946167
"Masaka","Kalungu","Lwabenge",2023,2.19937109947205
"Masaka","Kalungu","Lwabenge",2024,9.84468841552734
"Masaka","Masaka","Katwe/Butego",2012,70.0805435180664
"Masaka","Masaka","Katwe/Butego",2013,121.705055236816
"Masaka","Masaka","Katwe/Butego",2014,152.857421875
"Masaka","Masaka","Katwe/Butego",2015,119.304847717285
"Masaka","Masaka","Katwe/Butego",2016,131.552307128906
"Masaka","Masaka","Katwe/Butego",2017,136.633834838867
"Masaka","Masaka","Katwe/Butego",2018,96.0519027709961
"Masaka","Masaka","Katwe/Butego",2019,91.4762725830078
"Masaka","Masaka","Katwe/Butego",2020,122.65259552002
"Masaka","Masaka","Katwe/Butego",2021,155.431777954102
"Masaka","Masaka","Katwe/Butego",2022,192.145370483398
"Masaka","Masaka","Katwe/Butego",2023,196.596115112305
"Masaka","Masaka","Katwe/Butego",2024,251.574066162109
"Masaka","Masaka","Kimanya/Kyabaku",2012,58.2577476501465
"Masaka","Masaka","Kimanya/Kyabaku",2013,67.8303604125977
"Masaka","Masaka","Kimanya/Kyabaku",2014,70.9894409179688
"Masaka","Masaka","Kimanya/Kyabaku",2015,64.969108581543
"Masaka","Masaka","Kimanya/Kyabaku",2016,70.7635269165039
"Masaka","Masaka","Kimanya/Kyabaku",2017,100.738243103027
"Masaka","Masaka","Kimanya/Kyabaku",2018,86.0853042602539
"Masaka","Masaka","Kimanya/Kyabaku",2019,106.747108459473
"Masaka","Masaka","Kimanya/Kyabaku",2020,124.6259765625
"Masaka","Masaka","Kimanya/Kyabaku",2021,147.277267456055
"Masaka","Masaka","Kimanya/Kyabaku",2022,180.560546875
"Masaka","Masaka","Kimanya/Kyabaku",2023,209.874435424805
"Masaka","Masaka","Kimanya/Kyabaku",2024,267.767425537109
"Masaka","Masaka","Nyendo/Senyange",2012,93.6445236206055
"Masaka","Masaka","Nyendo/Senyange",2013,187.020233154297
"Masaka","Masaka","Nyendo/Senyange",2014,70.3857498168945
"Masaka","Masaka","Nyendo/Senyange",2015,94.284423828125
"Masaka","Masaka","Nyendo/Senyange",2016,81.5568389892578
"Masaka","Masaka","Nyendo/Senyange",2017,138.920043945312
"Masaka","Masaka","Nyendo/Senyange",2018,97.1552658081055
"Masaka","Masaka","Nyendo/Senyange",2019,100.130813598633
"Masaka","Masaka","Nyendo/Senyange",2020,158.302322387695
"Masaka","Masaka","Nyendo/Senyange",2021,213.925857543945
"Masaka","Masaka","Nyendo/Senyange",2022,236.93701171875
"Masaka","Masaka","Nyendo/Senyange",2023,216.338088989258
"Masaka","Masaka","Nyendo/Senyange",2024,300.087707519531
"Masindi","Bujenje","Budongo",2012,41.1231231689453
"Masindi","Bujenje","Budongo",2013,35.6921806335449
"Masindi","Bujenje","Budongo",2014,28.1023998260498
"Masindi","Bujenje","Budongo",2015,30.5599250793457
"Masindi","Bujenje","Budongo",2016,29.20263671875
"Masindi","Bujenje","Budongo",2017,35.9779472351074
"Masindi","Bujenje","Budongo",2018,40.5421485900879
"Masindi","Bujenje","Budongo",2019,33.148494720459
"Masindi","Bujenje","Budongo",2020,38.0850524902344
"Masindi","Bujenje","Budongo",2021,31.3216094970703
"Masindi","Bujenje","Budongo",2022,28.8114967346191
"Masindi","Bujenje","Budongo",2023,37.8312530517578
"Masindi","Bujenje","Budongo",2024,47.0455169677734
"Masindi","Bujenje","Bwijanga",2012,2.95498013496399
"Masindi","Bujenje","Bwijanga",2013,4.46879959106445
"Masindi","Bujenje","Bwijanga",2014,2.28744888305664
"Masindi","Bujenje","Bwijanga",2015,3.66579246520996
"Masindi","Bujenje","Bwijanga",2016,3.03700017929077
"Masindi","Bujenje","Bwijanga",2017,2.72025847434998
"Masindi","Bujenje","Bwijanga",2018,4.79174852371216
"Masindi","Bujenje","Bwijanga",2019,4.44123077392578
"Masindi","Bujenje","Bwijanga",2020,4.4895191192627
"Masindi","Bujenje","Bwijanga",2021,3.58933901786804
"Masindi","Bujenje","Bwijanga",2022,3.45240640640259
"Masindi","Bujenje","Bwijanga",2023,8.12158870697021
"Masindi","Bujenje","Bwijanga",2024,11.0461521148682
"Masindi","Bujenje (?)","Biiso",2012,0
"Masindi","Bujenje (?)","Biiso",2013,0
"Masindi","Bujenje (?)","Biiso",2014,0
"Masindi","Bujenje (?)","Biiso",2015,0
"Masindi","Bujenje (?)","Biiso",2016,0
"Masindi","Bujenje (?)","Biiso",2017,0
"Masindi","Bujenje (?)","Biiso",2018,0
"Masindi","Bujenje (?)","Biiso",2019,0.649120330810547
"Masindi","Bujenje (?)","Biiso",2020,0
"Masindi","Bujenje (?)","Biiso",2021,0.526530265808105
"Masindi","Bujenje (?)","Biiso",2022,9.47634983062744
"Masindi","Bujenje (?)","Biiso",2023,17.6950931549072
"Masindi","Bujenje (?)","Biiso",2024,11.2505168914795
"Masindi","Bujenje (?)","Buliisa",2012,14.4791660308838
"Masindi","Bujenje (?)","Buliisa",2013,14.8021841049194
"Masindi","Bujenje (?)","Buliisa",2014,11.2752132415771
"Masindi","Bujenje (?)","Buliisa",2015,12.979679107666
"Masindi","Bujenje (?)","Buliisa",2016,10.7374706268311
"Masindi","Bujenje (?)","Buliisa",2017,11.9709911346436
"Masindi","Bujenje (?)","Buliisa",2018,10.4230585098267
"Masindi","Bujenje (?)","Buliisa",2019,7.41524362564087
"Masindi","Bujenje (?)","Buliisa",2020,3.3203239440918
"Masindi","Bujenje (?)","Buliisa",2021,3.04173922538757
"Masindi","Bujenje (?)","Buliisa",2022,56.8021049499512
"Masindi","Bujenje (?)","Buliisa",2023,158.630920410156
"Masindi","Bujenje (?)","Buliisa",2024,325.669464111328
"Masindi","Buruli","Karujubu",2012,0
"Masindi","Buruli","Karujubu",2013,0
"Masindi","Buruli","Karujubu",2014,0
"Masindi","Buruli","Karujubu",2015,0
"Masindi","Buruli","Karujubu",2016,0
"Masindi","Buruli","Karujubu",2017,0
"Masindi","Buruli","Karujubu",2018,0
"Masindi","Buruli","Karujubu",2019,0
"Masindi","Buruli","Karujubu",2020,0
"Masindi","Buruli","Karujubu",2021,0
"Masindi","Buruli","Karujubu",2022,1.31413865089417
"Masindi","Buruli","Karujubu",2023,1.85605442523956
"Masindi","Buruli","Karujubu",2024,2.20527839660645
"Masindi","Buruli","Kimengo",2012,0
"Masindi","Buruli","Kimengo",2013,0
"Masindi","Buruli","Kimengo",2014,0
"Masindi","Buruli","Kimengo",2015,0
"Masindi","Buruli","Kimengo",2016,0
"Masindi","Buruli","Kimengo",2017,0
"Masindi","Buruli","Kimengo",2018,0
"Masindi","Buruli","Kimengo",2019,0
"Masindi","Buruli","Kimengo",2020,0
"Masindi","Buruli","Kimengo",2021,0
"Masindi","Buruli","Kimengo",2022,0
"Masindi","Buruli","Kimengo",2023,0.501061856746674
"Masindi","Buruli","Kimengo",2024,0
"Masindi","Buruli","Masindi Tc",2012,20.6727485656738
"Masindi","Buruli","Masindi Tc",2013,23.1873435974121
"Masindi","Buruli","Masindi Tc",2014,35.5978126525879
"Masindi","Buruli","Masindi Tc",2015,19.8096694946289
"Masindi","Buruli","Masindi Tc",2016,31.5990123748779
"Masindi","Buruli","Masindi Tc",2017,40.7545394897461
"Masindi","Buruli","Masindi Tc",2018,41.1720886230469
"Masindi","Buruli","Masindi Tc",2019,26.3535308837891
"Masindi","Buruli","Masindi Tc",2020,46.6099319458008
"Masindi","Buruli","Masindi Tc",2021,78.542236328125
"Masindi","Buruli","Masindi Tc",2022,124.07201385498
"Masindi","Buruli","Masindi Tc",2023,116.017387390137
"Masindi","Buruli","Masindi Tc",2024,256.283294677734
"Masindi","Buruli","Miirya",2012,1.34941625595093
"Masindi","Buruli","Miirya",2013,0.533306658267975
"Masindi","Buruli","Miirya",2014,0
"Masindi","Buruli","Miirya",2015,0.525870382785797
"Masindi","Buruli","Miirya",2016,0
"Masindi","Buruli","Miirya",2017,0
"Masindi","Buruli","Miirya",2018,0
"Masindi","Buruli","Miirya",2019,0
"Masindi","Buruli","Miirya",2020,0
"Masindi","Buruli","Miirya",2021,0.000245916075073183
"Masindi","Buruli","Miirya",2022,3.5689685344696
"Masindi","Buruli","Miirya",2023,10.6311750411987
"Masindi","Buruli","Miirya",2024,27.879919052124
"Masindi","Buruli","Nyangahya",2012,0
"Masindi","Buruli","Nyangahya",2013,0
"Masindi","Buruli","Nyangahya",2014,0.100870341062546
"Masindi","Buruli","Nyangahya",2015,0
"Masindi","Buruli","Nyangahya",2016,0.480669975280762
"Masindi","Buruli","Nyangahya",2017,0.710558652877808
"Masindi","Buruli","Nyangahya",2018,0.0310165844857693
"Masindi","Buruli","Nyangahya",2019,0.0309868305921555
"Masindi","Buruli","Nyangahya",2020,0.497985780239105
"Masindi","Buruli","Nyangahya",2021,4.39857864379883
"Masindi","Buruli","Nyangahya",2022,9.40582180023193
"Masindi","Buruli","Nyangahya",2023,12.9652643203735
"Masindi","Buruli","Nyangahya",2024,23.7962055206299
"Masindi","Buruli","Pakanyi",2012,0
"Masindi","Buruli","Pakanyi",2013,0
"Masindi","Buruli","Pakanyi",2014,0
"Masindi","Buruli","Pakanyi",2015,0
"Masindi","Buruli","Pakanyi",2016,0
"Masindi","Buruli","Pakanyi",2017,0
"Masindi","Buruli","Pakanyi",2018,0
"Masindi","Buruli","Pakanyi",2019,0
"Masindi","Buruli","Pakanyi",2020,1.12292671203613
"Masindi","Buruli","Pakanyi",2021,1.18555593490601
"Masindi","Buruli","Pakanyi",2022,5.20032405853271
"Masindi","Buruli","Pakanyi",2023,7.74314641952515
"Masindi","Buruli","Pakanyi",2024,27.7112808227539
"Masindi","Kibanda","Kigumba",2012,6.92601299285889
"Masindi","Kibanda","Kigumba",2013,8.82391834259033
"Masindi","Kibanda","Kigumba",2014,7.66871929168701
"Masindi","Kibanda","Kigumba",2015,5.26940202713013
"Masindi","Kibanda","Kigumba",2016,9.48158168792725
"Masindi","Kibanda","Kigumba",2017,6.89368629455566
"Masindi","Kibanda","Kigumba",2018,6.99274396896362
"Masindi","Kibanda","Kigumba",2019,12.9886360168457
"Masindi","Kibanda","Kigumba",2020,27.3406295776367
"Masindi","Kibanda","Kigumba",2021,17.8656730651855
"Masindi","Kibanda","Kigumba",2022,53.9259071350098
"Masindi","Kibanda","Kigumba",2023,70.4220352172852
"Masindi","Kibanda","Kigumba",2024,107.22981262207
"Masindi","Kibanda","Kiryandongo",2012,4.01766109466553
"Masindi","Kibanda","Kiryandongo",2013,5.27191495895386
"Masindi","Kibanda","Kiryandongo",2014,4.56110763549805
"Masindi","Kibanda","Kiryandongo",2015,5.63385534286499
"Masindi","Kibanda","Kiryandongo",2016,2.93707346916199
"Masindi","Kibanda","Kiryandongo",2017,5.6468505859375
"Masindi","Kibanda","Kiryandongo",2018,2.41099214553833
"Masindi","Kibanda","Kiryandongo",2019,10.1295967102051
"Masindi","Kibanda","Kiryandongo",2020,9.67754650115967
"Masindi","Kibanda","Kiryandongo",2021,17.4294395446777
"Masindi","Kibanda","Kiryandongo",2022,47.965576171875
"Masindi","Kibanda","Kiryandongo",2023,77.1809997558594
"Masindi","Kibanda","Kiryandongo",2024,82.2633056640625
"Masindi","Kibanda","Masindi Port",2012,0
"Masindi","Kibanda","Masindi Port",2013,0
"Masindi","Kibanda","Masindi Port",2014,0
"Masindi","Kibanda","Masindi Port",2015,0
"Masindi","Kibanda","Masindi Port",2016,0
"Masindi","Kibanda","Masindi Port",2017,0
"Masindi","Kibanda","Masindi Port",2018,0
"Masindi","Kibanda","Masindi Port",2019,0
"Masindi","Kibanda","Masindi Port",2020,0
"Masindi","Kibanda","Masindi Port",2021,0
"Masindi","Kibanda","Masindi Port",2022,0
"Masindi","Kibanda","Masindi Port",2023,0
"Masindi","Kibanda","Masindi Port",2024,0
"Masindi","Kibanda","Mutunda",2012,0
"Masindi","Kibanda","Mutunda",2013,0
"Masindi","Kibanda","Mutunda",2014,5.2762279510498
"Masindi","Kibanda","Mutunda",2015,77.9712219238281
"Masindi","Kibanda","Mutunda",2016,229.286422729492
"Masindi","Kibanda","Mutunda",2017,243.099411010742
"Masindi","Kibanda","Mutunda",2018,214.058685302734
"Masindi","Kibanda","Mutunda",2019,207.767974853516
"Masindi","Kibanda","Mutunda",2020,123.731498718262
"Masindi","Kibanda","Mutunda",2021,64.0939483642578
"Masindi","Kibanda","Mutunda",2022,88.1289749145508
"Masindi","Kibanda","Mutunda",2023,177.186309814453
"Masindi","Kibanda","Mutunda",2024,344.974426269531
"Mayuge","Bunya","Baitambogwe",2012,19.2631855010986
"Mayuge","Bunya","Baitambogwe",2013,24.5672836303711
"Mayuge","Bunya","Baitambogwe",2014,26.0593357086182
"Mayuge","Bunya","Baitambogwe",2015,33.4398803710938
"Mayuge","Bunya","Baitambogwe",2016,22.5020580291748
"Mayuge","Bunya","Baitambogwe",2017,23.7802619934082
"Mayuge","Bunya","Baitambogwe",2018,26.543643951416
"Mayuge","Bunya","Baitambogwe",2019,27.8285140991211
"Mayuge","Bunya","Baitambogwe",2020,31.6088066101074
"Mayuge","Bunya","Baitambogwe",2021,45.9122505187988
"Mayuge","Bunya","Baitambogwe",2022,90.8643417358398
"Mayuge","Bunya","Baitambogwe",2023,111.817665100098
"Mayuge","Bunya","Baitambogwe",2024,104.50106048584
"Mayuge","Bunya","Buwaya",2012,0
"Mayuge","Bunya","Buwaya",2013,0
"Mayuge","Bunya","Buwaya",2014,0
"Mayuge","Bunya","Buwaya",2015,0
"Mayuge","Bunya","Buwaya",2016,0
"Mayuge","Bunya","Buwaya",2017,0
"Mayuge","Bunya","Buwaya",2018,0
"Mayuge","Bunya","Buwaya",2019,0.143707796931267
"Mayuge","Bunya","Buwaya",2020,0
"Mayuge","Bunya","Buwaya",2021,0.766854584217072
"Mayuge","Bunya","Buwaya",2022,2.96167039871216
"Mayuge","Bunya","Buwaya",2023,9.59634780883789
"Mayuge","Bunya","Buwaya",2024,9.52449035644531
"Mayuge","Bunya","Imanyiro",2012,20.9721660614014
"Mayuge","Bunya","Imanyiro",2013,30.2670745849609
"Mayuge","Bunya","Imanyiro",2014,33.3859901428223
"Mayuge","Bunya","Imanyiro",2015,31.7761363983154
"Mayuge","Bunya","Imanyiro",2016,28.3074264526367
"Mayuge","Bunya","Imanyiro",2017,18.176197052002
"Mayuge","Bunya","Imanyiro",2018,16.9163780212402
"Mayuge","Bunya","Imanyiro",2019,28.3957786560059
"Mayuge","Bunya","Imanyiro",2020,33.7154006958008
"Mayuge","Bunya","Imanyiro",2021,42.7735061645508
"Mayuge","Bunya","Imanyiro",2022,67.283203125
"Mayuge","Bunya","Imanyiro",2023,56.8184967041016
"Mayuge","Bunya","Imanyiro",2024,43.641544342041
"Mayuge","Bunya","Kigandalo",2012,0
"Mayuge","Bunya","Kigandalo",2013,0
"Mayuge","Bunya","Kigandalo",2014,0
"Mayuge","Bunya","Kigandalo",2015,0
"Mayuge","Bunya","Kigandalo",2016,0
"Mayuge","Bunya","Kigandalo",2017,0
"Mayuge","Bunya","Kigandalo",2018,0
"Mayuge","Bunya","Kigandalo",2019,0
"Mayuge","Bunya","Kigandalo",2020,0
"Mayuge","Bunya","Kigandalo",2021,0
"Mayuge","Bunya","Kigandalo",2022,0
"Mayuge","Bunya","Kigandalo",2023,0
"Mayuge","Bunya","Kigandalo",2024,0
"Mayuge","Bunya","Kityerera",2012,0
"Mayuge","Bunya","Kityerera",2013,0
"Mayuge","Bunya","Kityerera",2014,0
"Mayuge","Bunya","Kityerera",2015,0
"Mayuge","Bunya","Kityerera",2016,0
"Mayuge","Bunya","Kityerera",2017,0
"Mayuge","Bunya","Kityerera",2018,0
"Mayuge","Bunya","Kityerera",2019,0
"Mayuge","Bunya","Kityerera",2020,0
"Mayuge","Bunya","Kityerera",2021,0
"Mayuge","Bunya","Kityerera",2022,0
"Mayuge","Bunya","Kityerera",2023,1.7721756696701
"Mayuge","Bunya","Kityerera",2024,2.73011207580566
"Mayuge","Bunya","Malongo",2012,0
"Mayuge","Bunya","Malongo",2013,0
"Mayuge","Bunya","Malongo",2014,0
"Mayuge","Bunya","Malongo",2015,0
"Mayuge","Bunya","Malongo",2016,0
"Mayuge","Bunya","Malongo",2017,0
"Mayuge","Bunya","Malongo",2018,0
"Mayuge","Bunya","Malongo",2019,0
"Mayuge","Bunya","Malongo",2020,0
"Mayuge","Bunya","Malongo",2021,0
"Mayuge","Bunya","Malongo",2022,0.505083918571472
"Mayuge","Bunya","Malongo",2023,0.122755378484726
"Mayuge","Bunya","Malongo",2024,0.555227637290955
"Mayuge","Bunya","Mayuge Tc",2012,5.87409353256226
"Mayuge","Bunya","Mayuge Tc",2013,6.88667821884155
"Mayuge","Bunya","Mayuge Tc",2014,4.06280565261841
"Mayuge","Bunya","Mayuge Tc",2015,5.36345624923706
"Mayuge","Bunya","Mayuge Tc",2016,6.08600854873657
"Mayuge","Bunya","Mayuge Tc",2017,5.25023555755615
"Mayuge","Bunya","Mayuge Tc",2018,7.02747678756714
"Mayuge","Bunya","Mayuge Tc",2019,10.4043884277344
"Mayuge","Bunya","Mayuge Tc",2020,8.63391971588135
"Mayuge","Bunya","Mayuge Tc",2021,12.8198022842407
"Mayuge","Bunya","Mayuge Tc",2022,16.1864204406738
"Mayuge","Bunya","Mayuge Tc",2023,28.0120868682861
"Mayuge","Bunya","Mayuge Tc",2024,28.6533107757568
"Mbale","Bubulo","Bubutu",2012,0
"Mbale","Bubulo","Bubutu",2013,0
"Mbale","Bubulo","Bubutu",2014,0
"Mbale","Bubulo","Bubutu",2015,0.510052919387817
"Mbale","Bubulo","Bubutu",2016,0
"Mbale","Bubulo","Bubutu",2017,0
"Mbale","Bubulo","Bubutu",2018,0
"Mbale","Bubulo","Bubutu",2019,0
"Mbale","Bubulo","Bubutu",2020,0
"Mbale","Bubulo","Bubutu",2021,0
"Mbale","Bubulo","Bubutu",2022,0
"Mbale","Bubulo","Bubutu",2023,0.510944902896881
"Mbale","Bubulo","Bubutu",2024,0.56242710351944
"Mbale","Bubulo","Bugobero",2012,0
"Mbale","Bubulo","Bugobero",2013,0
"Mbale","Bubulo","Bugobero",2014,0
"Mbale","Bubulo","Bugobero",2015,0
"Mbale","Bubulo","Bugobero",2016,0.52683013677597
"Mbale","Bubulo","Bugobero",2017,0
"Mbale","Bubulo","Bugobero",2018,0
"Mbale","Bubulo","Bugobero",2019,0
"Mbale","Bubulo","Bugobero",2020,0
"Mbale","Bubulo","Bugobero",2021,0.000523084367159754
"Mbale","Bubulo","Bugobero",2022,0.350633829832077
"Mbale","Bubulo","Bugobero",2023,0.358615815639496
"Mbale","Bubulo","Bugobero",2024,0.360538870096207
"Mbale","Bubulo","Bumbo",2012,0
"Mbale","Bubulo","Bumbo",2013,0.47051602602005
"Mbale","Bubulo","Bumbo",2014,0
"Mbale","Bubulo","Bumbo",2015,0.449965476989746
"Mbale","Bubulo","Bumbo",2016,0
"Mbale","Bubulo","Bumbo",2017,0
"Mbale","Bubulo","Bumbo",2018,0
"Mbale","Bubulo","Bumbo",2019,0
"Mbale","Bubulo","Bumbo",2020,0
"Mbale","Bubulo","Bumbo",2021,0
"Mbale","Bubulo","Bumbo",2022,0
"Mbale","Bubulo","Bumbo",2023,0
"Mbale","Bubulo","Bumbo",2024,0
"Mbale","Bubulo","Bumwoni",2012,0
"Mbale","Bubulo","Bumwoni",2013,2.44494271278381
"Mbale","Bubulo","Bumwoni",2014,0
"Mbale","Bubulo","Bumwoni",2015,0.597734868526459
"Mbale","Bubulo","Bumwoni",2016,4.29262924194336
"Mbale","Bubulo","Bumwoni",2017,4.47773265838623
"Mbale","Bubulo","Bumwoni",2018,2.00002217292786
"Mbale","Bubulo","Bumwoni",2019,0.534536719322205
"Mbale","Bubulo","Bumwoni",2020,0.475760579109192
"Mbale","Bubulo","Bumwoni",2021,0.51433527469635
"Mbale","Bubulo","Bumwoni",2022,1.91129195690155
"Mbale","Bubulo","Bumwoni",2023,4.01190853118896
"Mbale","Bubulo","Bumwoni",2024,6.07849597930908
"Mbale","Bubulo","Bupoto",2012,0
"Mbale","Bubulo","Bupoto",2013,0
"Mbale","Bubulo","Bupoto",2014,0
"Mbale","Bubulo","Bupoto",2015,0.561453878879547
"Mbale","Bubulo","Bupoto",2016,0
"Mbale","Bubulo","Bupoto",2017,0
"Mbale","Bubulo","Bupoto",2018,0
"Mbale","Bubulo","Bupoto",2019,0
"Mbale","Bubulo","Bupoto",2020,0
"Mbale","Bubulo","Bupoto",2021,0
"Mbale","Bubulo","Bupoto",2022,0
"Mbale","Bubulo","Bupoto",2023,0
"Mbale","Bubulo","Bupoto",2024,0
"Mbale","Bubulo","Butiru",2012,0
"Mbale","Bubulo","Butiru",2013,1.13609480857849
"Mbale","Bubulo","Butiru",2014,0
"Mbale","Bubulo","Butiru",2015,0.52809077501297
"Mbale","Bubulo","Butiru",2016,0.539079368114471
"Mbale","Bubulo","Butiru",2017,0
"Mbale","Bubulo","Butiru",2018,0
"Mbale","Bubulo","Butiru",2019,0
"Mbale","Bubulo","Butiru",2020,0
"Mbale","Bubulo","Butiru",2021,0.648358106613159
"Mbale","Bubulo","Butiru",2022,0.903893887996674
"Mbale","Bubulo","Butiru",2023,1.85009288787842
"Mbale","Bubulo","Butiru",2024,1.58841669559479
"Mbale","Bubulo","Buwabwala",2012,0
"Mbale","Bubulo","Buwabwala",2013,0
"Mbale","Bubulo","Buwabwala",2014,0
"Mbale","Bubulo","Buwabwala",2015,0
"Mbale","Bubulo","Buwabwala",2016,0
"Mbale","Bubulo","Buwabwala",2017,0
"Mbale","Bubulo","Buwabwala",2018,0
"Mbale","Bubulo","Buwabwala",2019,0
"Mbale","Bubulo","Buwabwala",2020,0
"Mbale","Bubulo","Buwabwala",2021,0
"Mbale","Bubulo","Buwabwala",2022,0
"Mbale","Bubulo","Buwabwala",2023,0
"Mbale","Bubulo","Buwabwala",2024,0
"Mbale","Bubulo","Buwagogo",2012,1.10163736343384
"Mbale","Bubulo","Buwagogo",2013,0
"Mbale","Bubulo","Buwagogo",2014,0
"Mbale","Bubulo","Buwagogo",2015,2.29132986068726
"Mbale","Bubulo","Buwagogo",2016,1.14374804496765
"Mbale","Bubulo","Buwagogo",2017,0
"Mbale","Bubulo","Buwagogo",2018,0.513710081577301
"Mbale","Bubulo","Buwagogo",2019,0
"Mbale","Bubulo","Buwagogo",2020,1.05936825275421
"Mbale","Bubulo","Buwagogo",2021,1.74311709403992
"Mbale","Bubulo","Buwagogo",2022,2.48990106582642
"Mbale","Bubulo","Buwagogo",2023,8.27588367462158
"Mbale","Bubulo","Buwagogo",2024,10.0657949447632
"Mbale","Bubulo","Kaato",2012,0
"Mbale","Bubulo","Kaato",2013,0
"Mbale","Bubulo","Kaato",2014,0
"Mbale","Bubulo","Kaato",2015,0
"Mbale","Bubulo","Kaato",2016,0
"Mbale","Bubulo","Kaato",2017,0
"Mbale","Bubulo","Kaato",2018,0
"Mbale","Bubulo","Kaato",2019,0
"Mbale","Bubulo","Kaato",2020,0
"Mbale","Bubulo","Kaato",2021,0
"Mbale","Bubulo","Kaato",2022,0
"Mbale","Bubulo","Kaato",2023,0
"Mbale","Bubulo","Kaato",2024,0
"Mbale","Bubulo","Sibanga",2012,0
"Mbale","Bubulo","Sibanga",2013,0
"Mbale","Bubulo","Sibanga",2014,0
"Mbale","Bubulo","Sibanga",2015,0
"Mbale","Bubulo","Sibanga",2016,0
"Mbale","Bubulo","Sibanga",2017,0
"Mbale","Bubulo","Sibanga",2018,0
"Mbale","Bubulo","Sibanga",2019,0
"Mbale","Bubulo","Sibanga",2020,0
"Mbale","Bubulo","Sibanga",2021,0
"Mbale","Bubulo","Sibanga",2022,0
"Mbale","Bubulo","Sibanga",2023,0.0414526909589767
"Mbale","Bubulo","Sibanga",2024,0.0401468016207218
"Mbale","Bungokho","Bufumbo",2012,0
"Mbale","Bungokho","Bufumbo",2013,0
"Mbale","Bungokho","Bufumbo",2014,0
"Mbale","Bungokho","Bufumbo",2015,0
"Mbale","Bungokho","Bufumbo",2016,4.5814471244812
"Mbale","Bungokho","Bufumbo",2017,0
"Mbale","Bungokho","Bufumbo",2018,0
"Mbale","Bungokho","Bufumbo",2019,0
"Mbale","Bungokho","Bufumbo",2020,0
"Mbale","Bungokho","Bufumbo",2021,0
"Mbale","Bungokho","Bufumbo",2022,0
"Mbale","Bungokho","Bufumbo",2023,0
"Mbale","Bungokho","Bufumbo",2024,0
"Mbale","Bungokho","Bukonde",2012,0.197074502706528
"Mbale","Bungokho","Bukonde",2013,6.94825839996338
"Mbale","Bungokho","Bukonde",2014,8.989914894104
"Mbale","Bungokho","Bukonde",2015,14.4764528274536
"Mbale","Bungokho","Bukonde",2016,13.3480243682861
"Mbale","Bungokho","Bukonde",2017,0.242353349924088
"Mbale","Bungokho","Bukonde",2018,0.630058288574219
"Mbale","Bungokho","Bukonde",2019,0.251239597797394
"Mbale","Bungokho","Bukonde",2020,0.731017112731934
"Mbale","Bungokho","Bukonde",2021,0.971385776996613
"Mbale","Bungokho","Bukonde",2022,3.96924448013306
"Mbale","Bungokho","Bukonde",2023,7.37104177474976
"Mbale","Bungokho","Bukonde",2024,17.1131172180176
"Mbale","Bungokho","Bukyiende",2012,0
"Mbale","Bungokho","Bukyiende",2013,0
"Mbale","Bungokho","Bukyiende",2014,0
"Mbale","Bungokho","Bukyiende",2015,0.338358163833618
"Mbale","Bungokho","Bukyiende",2016,0
"Mbale","Bungokho","Bukyiende",2017,0
"Mbale","Bungokho","Bukyiende",2018,0
"Mbale","Bungokho","Bukyiende",2019,0
"Mbale","Bungokho","Bukyiende",2020,0
"Mbale","Bungokho","Bukyiende",2021,0
"Mbale","Bungokho","Bukyiende",2022,0
"Mbale","Bungokho","Bukyiende",2023,1.21551394462585
"Mbale","Bungokho","Bukyiende",2024,1.19989562034607
"Mbale","Bungokho","Bungokho",2012,1.54389691352844
"Mbale","Bungokho","Bungokho",2013,3.26169276237488
"Mbale","Bungokho","Bungokho",2014,2.50471091270447
"Mbale","Bungokho","Bungokho",2015,6.03407907485962
"Mbale","Bungokho","Bungokho",2016,3.39854049682617
"Mbale","Bungokho","Bungokho",2017,2.22276329994202
"Mbale","Bungokho","Bungokho",2018,2.97635722160339
"Mbale","Bungokho","Bungokho",2019,1.98961520195007
"Mbale","Bungokho","Bungokho",2020,2.28101253509521
"Mbale","Bungokho","Bungokho",2021,5.92432546615601
"Mbale","Bungokho","Bungokho",2022,24.0916156768799
"Mbale","Bungokho","Bungokho",2023,54.7228355407715
"Mbale","Bungokho","Bungokho",2024,59.0581016540527
"Mbale","Bungokho","Bungokho-Mutoto",2012,28.0180740356445
"Mbale","Bungokho","Bungokho-Mutoto",2013,36.3893394470215
"Mbale","Bungokho","Bungokho-Mutoto",2014,28.971061706543
"Mbale","Bungokho","Bungokho-Mutoto",2015,37.4246978759766
"Mbale","Bungokho","Bungokho-Mutoto",2016,30.3792705535889
"Mbale","Bungokho","Bungokho-Mutoto",2017,25.4031639099121
"Mbale","Bungokho","Bungokho-Mutoto",2018,24.4536972045898
"Mbale","Bungokho","Bungokho-Mutoto",2019,27.8784923553467
"Mbale","Bungokho","Bungokho-Mutoto",2020,40.6472625732422
"Mbale","Bungokho","Bungokho-Mutoto",2021,61.6680297851562
"Mbale","Bungokho","Bungokho-Mutoto",2022,104.034828186035
"Mbale","Bungokho","Bungokho-Mutoto",2023,137.641220092773
"Mbale","Bungokho","Bungokho-Mutoto",2024,176.653060913086
"Mbale","Bungokho","Busano",2012,0
"Mbale","Bungokho","Busano",2013,0
"Mbale","Bungokho","Busano",2014,0
"Mbale","Bungokho","Busano",2015,0
"Mbale","Bungokho","Busano",2016,0
"Mbale","Bungokho","Busano",2017,0
"Mbale","Bungokho","Busano",2018,0
"Mbale","Bungokho","Busano",2019,0
"Mbale","Bungokho","Busano",2020,0
"Mbale","Bungokho","Busano",2021,0
"Mbale","Bungokho","Busano",2022,0
"Mbale","Bungokho","Busano",2023,0
"Mbale","Bungokho","Busano",2024,0
"Mbale","Bungokho","Busiu",2012,1.53592157363892
"Mbale","Bungokho","Busiu",2013,1.50877547264099
"Mbale","Bungokho","Busiu",2014,3.00237989425659
"Mbale","Bungokho","Busiu",2015,9.34696292877197
"Mbale","Bungokho","Busiu",2016,4.55570077896118
"Mbale","Bungokho","Busiu",2017,2.43534231185913
"Mbale","Bungokho","Busiu",2018,2.53040719032288
"Mbale","Bungokho","Busiu",2019,2.21705389022827
"Mbale","Bungokho","Busiu",2020,0.968480825424194
"Mbale","Bungokho","Busiu",2021,2.42155313491821
"Mbale","Bungokho","Busiu",2022,3.82869648933411
"Mbale","Bungokho","Busiu",2023,5.46487283706665
"Mbale","Bungokho","Busiu",2024,5.97314929962158
"Mbale","Bungokho","Busoba",2012,0
"Mbale","Bungokho","Busoba",2013,1.04874730110168
"Mbale","Bungokho","Busoba",2014,0.523356795310974
"Mbale","Bungokho","Busoba",2015,2.38335967063904
"Mbale","Bungokho","Busoba",2016,0
"Mbale","Bungokho","Busoba",2017,0
"Mbale","Bungokho","Busoba",2018,0
"Mbale","Bungokho","Busoba",2019,0
"Mbale","Bungokho","Busoba",2020,0
"Mbale","Bungokho","Busoba",2021,0
"Mbale","Bungokho","Busoba",2022,1.49654185771942
"Mbale","Bungokho","Busoba",2023,13.4550008773804
"Mbale","Bungokho","Busoba",2024,15.04856300354
"Mbale","Bungokho","Nakaloke",2012,10.3457565307617
"Mbale","Bungokho","Nakaloke",2013,12.7365341186523
"Mbale","Bungokho","Nakaloke",2014,8.44868564605713
"Mbale","Bungokho","Nakaloke",2015,11.7386016845703
"Mbale","Bungokho","Nakaloke",2016,18.1453456878662
"Mbale","Bungokho","Nakaloke",2017,10.9621658325195
"Mbale","Bungokho","Nakaloke",2018,11.7142286300659
"Mbale","Bungokho","Nakaloke",2019,10.1823444366455
"Mbale","Bungokho","Nakaloke",2020,22.0524826049805
"Mbale","Bungokho","Nakaloke",2021,35.5353927612305
"Mbale","Bungokho","Nakaloke",2022,58.5366172790527
"Mbale","Bungokho","Nakaloke",2023,102.993698120117
"Mbale","Bungokho","Nakaloke",2024,129.680847167969
"Mbale","Bungokho","Namanyonyi",2012,3.52509784698486
"Mbale","Bungokho","Namanyonyi",2013,4.8724422454834
"Mbale","Bungokho","Namanyonyi",2014,4.04592752456665
"Mbale","Bungokho","Namanyonyi",2015,6.21069812774658
"Mbale","Bungokho","Namanyonyi",2016,4.39628648757935
"Mbale","Bungokho","Namanyonyi",2017,4.82435941696167
"Mbale","Bungokho","Namanyonyi",2018,4.94883584976196
"Mbale","Bungokho","Namanyonyi",2019,3.35288453102112
"Mbale","Bungokho","Namanyonyi",2020,10.7526731491089
"Mbale","Bungokho","Namanyonyi",2021,17.1625957489014
"Mbale","Bungokho","Namanyonyi",2022,35.8285446166992
"Mbale","Bungokho","Namanyonyi",2023,59.338680267334
"Mbale","Bungokho","Namanyonyi",2024,76.0096740722656
"Mbale","Bungokho","Wanale",2012,0
"Mbale","Bungokho","Wanale",2013,0
"Mbale","Bungokho","Wanale",2014,0
"Mbale","Bungokho","Wanale",2015,0
"Mbale","Bungokho","Wanale",2016,0.0224098358303308
"Mbale","Bungokho","Wanale",2017,0
"Mbale","Bungokho","Wanale",2018,0
"Mbale","Bungokho","Wanale",2019,0
"Mbale","Bungokho","Wanale",2020,0
"Mbale","Bungokho","Wanale",2021,0
"Mbale","Bungokho","Wanale",2022,0
"Mbale","Bungokho","Wanale",2023,0
"Mbale","Bungokho","Wanale",2024,0
"Mbale","Manjiya","Bubiita",2012,0.232055947184563
"Mbale","Manjiya","Bubiita",2013,0.0889753550291061
"Mbale","Manjiya","Bubiita",2014,0
"Mbale","Manjiya","Bubiita",2015,0
"Mbale","Manjiya","Bubiita",2016,0
"Mbale","Manjiya","Bubiita",2017,0
"Mbale","Manjiya","Bubiita",2018,0
"Mbale","Manjiya","Bubiita",2019,1.11073696613312
"Mbale","Manjiya","Bubiita",2020,0
"Mbale","Manjiya","Bubiita",2021,0
"Mbale","Manjiya","Bubiita",2022,0
"Mbale","Manjiya","Bubiita",2023,0
"Mbale","Manjiya","Bubiita",2024,0
"Mbale","Manjiya","Bududa",2012,0
"Mbale","Manjiya","Bududa",2013,0
"Mbale","Manjiya","Bududa",2014,0
"Mbale","Manjiya","Bududa",2015,0.570180177688599
"Mbale","Manjiya","Bududa",2016,0
"Mbale","Manjiya","Bududa",2017,0
"Mbale","Manjiya","Bududa",2018,0
"Mbale","Manjiya","Bududa",2019,0
"Mbale","Manjiya","Bududa",2020,0
"Mbale","Manjiya","Bududa",2021,0
"Mbale","Manjiya","Bududa",2022,0
"Mbale","Manjiya","Bududa",2023,0.609158635139465
"Mbale","Manjiya","Bududa",2024,0.620379984378815
"Mbale","Manjiya","Bukibokolo",2012,0
"Mbale","Manjiya","Bukibokolo",2013,0
"Mbale","Manjiya","Bukibokolo",2014,0
"Mbale","Manjiya","Bukibokolo",2015,0
"Mbale","Manjiya","Bukibokolo",2016,0
"Mbale","Manjiya","Bukibokolo",2017,0
"Mbale","Manjiya","Bukibokolo",2018,0
"Mbale","Manjiya","Bukibokolo",2019,0
"Mbale","Manjiya","Bukibokolo",2020,0
"Mbale","Manjiya","Bukibokolo",2021,0
"Mbale","Manjiya","Bukibokolo",2022,0
"Mbale","Manjiya","Bukibokolo",2023,0
"Mbale","Manjiya","Bukibokolo",2024,0
"Mbale","Manjiya","Bukigai",2012,0
"Mbale","Manjiya","Bukigai",2013,0
"Mbale","Manjiya","Bukigai",2014,0
"Mbale","Manjiya","Bukigai",2015,0
"Mbale","Manjiya","Bukigai",2016,0
"Mbale","Manjiya","Bukigai",2017,0
"Mbale","Manjiya","Bukigai",2018,0
"Mbale","Manjiya","Bukigai",2019,0
"Mbale","Manjiya","Bukigai",2020,0
"Mbale","Manjiya","Bukigai",2021,0
"Mbale","Manjiya","Bukigai",2022,0
"Mbale","Manjiya","Bukigai",2023,0
"Mbale","Manjiya","Bukigai",2024,0
"Mbale","Manjiya","Bulucheke",2012,0
"Mbale","Manjiya","Bulucheke",2013,0
"Mbale","Manjiya","Bulucheke",2014,0
"Mbale","Manjiya","Bulucheke",2015,0
"Mbale","Manjiya","Bulucheke",2016,0
"Mbale","Manjiya","Bulucheke",2017,0
"Mbale","Manjiya","Bulucheke",2018,0
"Mbale","Manjiya","Bulucheke",2019,0
"Mbale","Manjiya","Bulucheke",2020,0
"Mbale","Manjiya","Bulucheke",2021,0
"Mbale","Manjiya","Bulucheke",2022,0
"Mbale","Manjiya","Bulucheke",2023,0
"Mbale","Manjiya","Bulucheke",2024,0
"Mbale","Manjiya","Bumayoka",2012,0
"Mbale","Manjiya","Bumayoka",2013,0
"Mbale","Manjiya","Bumayoka",2014,0
"Mbale","Manjiya","Bumayoka",2015,0
"Mbale","Manjiya","Bumayoka",2016,0
"Mbale","Manjiya","Bumayoka",2017,0
"Mbale","Manjiya","Bumayoka",2018,0
"Mbale","Manjiya","Bumayoka",2019,0
"Mbale","Manjiya","Bumayoka",2020,0
"Mbale","Manjiya","Bumayoka",2021,0
"Mbale","Manjiya","Bumayoka",2022,0
"Mbale","Manjiya","Bumayoka",2023,0
"Mbale","Manjiya","Bumayoka",2024,0
"Mbale","Manjiya","Bushika",2012,0
"Mbale","Manjiya","Bushika",2013,0
"Mbale","Manjiya","Bushika",2014,0
"Mbale","Manjiya","Bushika",2015,0
"Mbale","Manjiya","Bushika",2016,0
"Mbale","Manjiya","Bushika",2017,0
"Mbale","Manjiya","Bushika",2018,0
"Mbale","Manjiya","Bushika",2019,0
"Mbale","Manjiya","Bushika",2020,0
"Mbale","Manjiya","Bushika",2021,0
"Mbale","Manjiya","Bushika",2022,0
"Mbale","Manjiya","Bushika",2023,0
"Mbale","Manjiya","Bushika",2024,0
"Mbale","Mbale","Industrial",2012,69.4732894897461
"Mbale","Mbale","Industrial",2013,74.9538116455078
"Mbale","Mbale","Industrial",2014,72.3521423339844
"Mbale","Mbale","Industrial",2015,76.3025207519531
"Mbale","Mbale","Industrial",2016,72.3055114746094
"Mbale","Mbale","Industrial",2017,69.3854522705078
"Mbale","Mbale","Industrial",2018,72.8304824829102
"Mbale","Mbale","Industrial",2019,79.9519195556641
"Mbale","Mbale","Industrial",2020,86.4568176269531
"Mbale","Mbale","Industrial",2021,95.0758056640625
"Mbale","Mbale","Industrial",2022,123.309013366699
"Mbale","Mbale","Industrial",2023,168.590866088867
"Mbale","Mbale","Industrial",2024,201.525207519531
"Mbale","Mbale","Northern Division",2012,60.2675247192383
"Mbale","Mbale","Northern Division",2013,58.5832557678223
"Mbale","Mbale","Northern Division",2014,58.4457817077637
"Mbale","Mbale","Northern Division",2015,55.7627563476562
"Mbale","Mbale","Northern Division",2016,52.4267807006836
"Mbale","Mbale","Northern Division",2017,51.6639595031738
"Mbale","Mbale","Northern Division",2018,48.7149772644043
"Mbale","Mbale","Northern Division",2019,54.4456634521484
"Mbale","Mbale","Northern Division",2020,61.0347862243652
"Mbale","Mbale","Northern Division",2021,72.7344589233398
"Mbale","Mbale","Northern Division",2022,92.7576675415039
"Mbale","Mbale","Northern Division",2023,120.278358459473
"Mbale","Mbale","Northern Division",2024,140.061889648438
"Mbale","Mbale","Wanale Division",2012,38.0160522460938
"Mbale","Mbale","Wanale Division",2013,37.5045547485352
"Mbale","Mbale","Wanale Division",2014,37.2493705749512
"Mbale","Mbale","Wanale Division",2015,38.6564674377441
"Mbale","Mbale","Wanale Division",2016,35.906566619873
"Mbale","Mbale","Wanale Division",2017,35.8873291015625
"Mbale","Mbale","Wanale Division",2018,37.166805267334
"Mbale","Mbale","Wanale Division",2019,35.0193862915039
"Mbale","Mbale","Wanale Division",2020,36.1647415161133
"Mbale","Mbale","Wanale Division",2021,46.904899597168
"Mbale","Mbale","Wanale Division",2022,60.6638336181641
"Mbale","Mbale","Wanale Division",2023,86.2054214477539
"Mbale","Mbale","Wanale Division",2024,97.1818542480469
"Mbarara","Bukanga","Endinzi",2012,0
"Mbarara","Bukanga","Endinzi",2013,0
"Mbarara","Bukanga","Endinzi",2014,0
"Mbarara","Bukanga","Endinzi",2015,0
"Mbarara","Bukanga","Endinzi",2016,0
"Mbarara","Bukanga","Endinzi",2017,0
"Mbarara","Bukanga","Endinzi",2018,0
"Mbarara","Bukanga","Endinzi",2019,0
"Mbarara","Bukanga","Endinzi",2020,0
"Mbarara","Bukanga","Endinzi",2021,0
"Mbarara","Bukanga","Endinzi",2022,0.551987767219543
"Mbarara","Bukanga","Endinzi",2023,2.38657879829407
"Mbarara","Bukanga","Endinzi",2024,2.72741985321045
"Mbarara","Bukanga","Kashumba",2012,0
"Mbarara","Bukanga","Kashumba",2013,0
"Mbarara","Bukanga","Kashumba",2014,0
"Mbarara","Bukanga","Kashumba",2015,0
"Mbarara","Bukanga","Kashumba",2016,0
"Mbarara","Bukanga","Kashumba",2017,0
"Mbarara","Bukanga","Kashumba",2018,0.521129786968231
"Mbarara","Bukanga","Kashumba",2019,2.78789710998535
"Mbarara","Bukanga","Kashumba",2020,5.93000650405884
"Mbarara","Bukanga","Kashumba",2021,9.76787948608398
"Mbarara","Bukanga","Kashumba",2022,15.9104156494141
"Mbarara","Bukanga","Kashumba",2023,15.5740880966187
"Mbarara","Bukanga","Kashumba",2024,14.1727132797241
"Mbarara","Bukanga","Ngarama",2012,0
"Mbarara","Bukanga","Ngarama",2013,0
"Mbarara","Bukanga","Ngarama",2014,0
"Mbarara","Bukanga","Ngarama",2015,0
"Mbarara","Bukanga","Ngarama",2016,0
"Mbarara","Bukanga","Ngarama",2017,0
"Mbarara","Bukanga","Ngarama",2018,0
"Mbarara","Bukanga","Ngarama",2019,0
"Mbarara","Bukanga","Ngarama",2020,0
"Mbarara","Bukanga","Ngarama",2021,0
"Mbarara","Bukanga","Ngarama",2022,1.28274321556091
"Mbarara","Bukanga","Ngarama",2023,2.8120059967041
"Mbarara","Bukanga","Ngarama",2024,6.98840713500977
"Mbarara","Bukanga","Rugaaga",2012,0
"Mbarara","Bukanga","Rugaaga",2013,0
"Mbarara","Bukanga","Rugaaga",2014,0
"Mbarara","Bukanga","Rugaaga",2015,0
"Mbarara","Bukanga","Rugaaga",2016,0
"Mbarara","Bukanga","Rugaaga",2017,0
"Mbarara","Bukanga","Rugaaga",2018,0
"Mbarara","Bukanga","Rugaaga",2019,1.14497661590576
"Mbarara","Bukanga","Rugaaga",2020,4.8850531578064
"Mbarara","Bukanga","Rugaaga",2021,7.58525371551514
"Mbarara","Bukanga","Rugaaga",2022,11.2695236206055
"Mbarara","Bukanga","Rugaaga",2023,18.3134632110596
"Mbarara","Bukanga","Rugaaga",2024,13.5485105514526
"Mbarara","Ibanda","Bisheshe",2012,0
"Mbarara","Ibanda","Bisheshe",2013,0
"Mbarara","Ibanda","Bisheshe",2014,0
"Mbarara","Ibanda","Bisheshe",2015,0
"Mbarara","Ibanda","Bisheshe",2016,0.0467412695288658
"Mbarara","Ibanda","Bisheshe",2017,0
"Mbarara","Ibanda","Bisheshe",2018,0
"Mbarara","Ibanda","Bisheshe",2019,0
"Mbarara","Ibanda","Bisheshe",2020,0
"Mbarara","Ibanda","Bisheshe",2021,0
"Mbarara","Ibanda","Bisheshe",2022,0.0449274815618992
"Mbarara","Ibanda","Bisheshe",2023,0
"Mbarara","Ibanda","Bisheshe",2024,0
"Mbarara","Ibanda","Ibanda Tc",2012,26.0030193328857
"Mbarara","Ibanda","Ibanda Tc",2013,20.104642868042
"Mbarara","Ibanda","Ibanda Tc",2014,19.7737712860107
"Mbarara","Ibanda","Ibanda Tc",2015,16.5619735717773
"Mbarara","Ibanda","Ibanda Tc",2016,14.295729637146
"Mbarara","Ibanda","Ibanda Tc",2017,11.9447994232178
"Mbarara","Ibanda","Ibanda Tc",2018,20.0816497802734
"Mbarara","Ibanda","Ibanda Tc",2019,20.8795337677002
"Mbarara","Ibanda","Ibanda Tc",2020,34.1981964111328
"Mbarara","Ibanda","Ibanda Tc",2021,37.3002624511719
"Mbarara","Ibanda","Ibanda Tc",2022,55.9851188659668
"Mbarara","Ibanda","Ibanda Tc",2023,88.5612487792969
"Mbarara","Ibanda","Ibanda Tc",2024,103.707405090332
"Mbarara","Ibanda","Ishongororo",2012,1.28316271305084
"Mbarara","Ibanda","Ishongororo",2013,1.22493636608124
"Mbarara","Ibanda","Ishongororo",2014,0.570758521556854
"Mbarara","Ibanda","Ishongororo",2015,0.518098115921021
"Mbarara","Ibanda","Ishongororo",2016,2.00652241706848
"Mbarara","Ibanda","Ishongororo",2017,0
"Mbarara","Ibanda","Ishongororo",2018,3.9853892326355
"Mbarara","Ibanda","Ishongororo",2019,0.530242741107941
"Mbarara","Ibanda","Ishongororo",2020,2.12499403953552
"Mbarara","Ibanda","Ishongororo",2021,0.554588675498962
"Mbarara","Ibanda","Ishongororo",2022,2.8828558921814
"Mbarara","Ibanda","Ishongororo",2023,7.87291765213013
"Mbarara","Ibanda","Ishongororo",2024,9.22650718688965
"Mbarara","Ibanda","Kicuzi",2012,0
"Mbarara","Ibanda","Kicuzi",2013,0
"Mbarara","Ibanda","Kicuzi",2014,0
"Mbarara","Ibanda","Kicuzi",2015,0
"Mbarara","Ibanda","Kicuzi",2016,0
"Mbarara","Ibanda","Kicuzi",2017,0
"Mbarara","Ibanda","Kicuzi",2018,0
"Mbarara","Ibanda","Kicuzi",2019,0
"Mbarara","Ibanda","Kicuzi",2020,0
"Mbarara","Ibanda","Kicuzi",2021,0
"Mbarara","Ibanda","Kicuzi",2022,0
"Mbarara","Ibanda","Kicuzi",2023,0
"Mbarara","Ibanda","Kicuzi",2024,0
"Mbarara","Ibanda","Kikyenkye",2012,0
"Mbarara","Ibanda","Kikyenkye",2013,0
"Mbarara","Ibanda","Kikyenkye",2014,0
"Mbarara","Ibanda","Kikyenkye",2015,0
"Mbarara","Ibanda","Kikyenkye",2016,0
"Mbarara","Ibanda","Kikyenkye",2017,0
"Mbarara","Ibanda","Kikyenkye",2018,0
"Mbarara","Ibanda","Kikyenkye",2019,0
"Mbarara","Ibanda","Kikyenkye",2020,1.54485440254211
"Mbarara","Ibanda","Kikyenkye",2021,3.2888560295105
"Mbarara","Ibanda","Kikyenkye",2022,3.16913723945618
"Mbarara","Ibanda","Kikyenkye",2023,6.59381818771362
"Mbarara","Ibanda","Kikyenkye",2024,3.72609233856201
"Mbarara","Ibanda","Nyabuhikye",2012,0
"Mbarara","Ibanda","Nyabuhikye",2013,0
"Mbarara","Ibanda","Nyabuhikye",2014,0
"Mbarara","Ibanda","Nyabuhikye",2015,0
"Mbarara","Ibanda","Nyabuhikye",2016,0
"Mbarara","Ibanda","Nyabuhikye",2017,0
"Mbarara","Ibanda","Nyabuhikye",2018,0
"Mbarara","Ibanda","Nyabuhikye",2019,0
"Mbarara","Ibanda","Nyabuhikye",2020,0
"Mbarara","Ibanda","Nyabuhikye",2021,0
"Mbarara","Ibanda","Nyabuhikye",2022,0.257669061422348
"Mbarara","Ibanda","Nyabuhikye",2023,1.50699424743652
"Mbarara","Ibanda","Nyabuhikye",2024,1.1721408367157
"Mbarara","Ibanda","Nyamarebe",2012,2.44181776046753
"Mbarara","Ibanda","Nyamarebe",2013,1.7356128692627
"Mbarara","Ibanda","Nyamarebe",2014,0
"Mbarara","Ibanda","Nyamarebe",2015,0
"Mbarara","Ibanda","Nyamarebe",2016,0
"Mbarara","Ibanda","Nyamarebe",2017,0
"Mbarara","Ibanda","Nyamarebe",2018,0
"Mbarara","Ibanda","Nyamarebe",2019,0
"Mbarara","Ibanda","Nyamarebe",2020,0
"Mbarara","Ibanda","Nyamarebe",2021,0
"Mbarara","Ibanda","Nyamarebe",2022,0
"Mbarara","Ibanda","Nyamarebe",2023,0
"Mbarara","Ibanda","Nyamarebe",2024,0
"Mbarara","Ibanda","Rukiri",2012,0
"Mbarara","Ibanda","Rukiri",2013,0
"Mbarara","Ibanda","Rukiri",2014,0
"Mbarara","Ibanda","Rukiri",2015,0
"Mbarara","Ibanda","Rukiri",2016,0
"Mbarara","Ibanda","Rukiri",2017,0
"Mbarara","Ibanda","Rukiri",2018,0
"Mbarara","Ibanda","Rukiri",2019,0
"Mbarara","Ibanda","Rukiri",2020,0
"Mbarara","Ibanda","Rukiri",2021,0
"Mbarara","Ibanda","Rukiri",2022,0
"Mbarara","Ibanda","Rukiri",2023,0
"Mbarara","Ibanda","Rukiri",2024,0
"Mbarara","Isingiro","Birere",2012,5.00557708740234
"Mbarara","Isingiro","Birere",2013,5.02887916564941
"Mbarara","Isingiro","Birere",2014,3.74279618263245
"Mbarara","Isingiro","Birere",2015,3.42506527900696
"Mbarara","Isingiro","Birere",2016,2.11508178710938
"Mbarara","Isingiro","Birere",2017,1.87577569484711
"Mbarara","Isingiro","Birere",2018,4.50034141540527
"Mbarara","Isingiro","Birere",2019,7.39036273956299
"Mbarara","Isingiro","Birere",2020,12.3490362167358
"Mbarara","Isingiro","Birere",2021,20.1696681976318
"Mbarara","Isingiro","Birere",2022,41.8682594299316
"Mbarara","Isingiro","Birere",2023,77.9024200439453
"Mbarara","Isingiro","Birere",2024,93.9694671630859
"Mbarara","Isingiro","Kabingo",2012,3.13515973091125
"Mbarara","Isingiro","Kabingo",2013,3.31227684020996
"Mbarara","Isingiro","Kabingo",2014,2.65551471710205
"Mbarara","Isingiro","Kabingo",2015,3.00705194473267
"Mbarara","Isingiro","Kabingo",2016,2.67988324165344
"Mbarara","Isingiro","Kabingo",2017,2.54784035682678
"Mbarara","Isingiro","Kabingo",2018,2.82648587226868
"Mbarara","Isingiro","Kabingo",2019,3.15284466743469
"Mbarara","Isingiro","Kabingo",2020,3.92991209030151
"Mbarara","Isingiro","Kabingo",2021,8.41534233093262
"Mbarara","Isingiro","Kabingo",2022,14.1549453735352
"Mbarara","Isingiro","Kabingo",2023,19.7166843414307
"Mbarara","Isingiro","Kabingo",2024,22.5364170074463
"Mbarara","Isingiro","Kabuyanda",2012,0
"Mbarara","Isingiro","Kabuyanda",2013,0
"Mbarara","Isingiro","Kabuyanda",2014,0
"Mbarara","Isingiro","Kabuyanda",2015,0
"Mbarara","Isingiro","Kabuyanda",2016,0
"Mbarara","Isingiro","Kabuyanda",2017,0
"Mbarara","Isingiro","Kabuyanda",2018,0
"Mbarara","Isingiro","Kabuyanda",2019,0
"Mbarara","Isingiro","Kabuyanda",2020,0
"Mbarara","Isingiro","Kabuyanda",2021,0
"Mbarara","Isingiro","Kabuyanda",2022,1.87697052955627
"Mbarara","Isingiro","Kabuyanda",2023,3.88114285469055
"Mbarara","Isingiro","Kabuyanda",2024,3.93153667449951
"Mbarara","Isingiro","Kikagate",2012,0
"Mbarara","Isingiro","Kikagate",2013,0
"Mbarara","Isingiro","Kikagate",2014,0
"Mbarara","Isingiro","Kikagate",2015,0
"Mbarara","Isingiro","Kikagate",2016,0
"Mbarara","Isingiro","Kikagate",2017,0
"Mbarara","Isingiro","Kikagate",2018,0
"Mbarara","Isingiro","Kikagate",2019,25.7478294372559
"Mbarara","Isingiro","Kikagate",2020,35.1797370910645
"Mbarara","Isingiro","Kikagate",2021,28.0307674407959
"Mbarara","Isingiro","Kikagate",2022,41.2136611938477
"Mbarara","Isingiro","Kikagate",2023,29.8422985076904
"Mbarara","Isingiro","Kikagate",2024,23.1090774536133
"Mbarara","Isingiro","Masha",2012,0.79293304681778
"Mbarara","Isingiro","Masha",2013,2.79473423957825
"Mbarara","Isingiro","Masha",2014,2.92155027389526
"Mbarara","Isingiro","Masha",2015,2.78338932991028
"Mbarara","Isingiro","Masha",2016,1.16124141216278
"Mbarara","Isingiro","Masha",2017,1.78257179260254
"Mbarara","Isingiro","Masha",2018,5.35311698913574
"Mbarara","Isingiro","Masha",2019,5.50768995285034
"Mbarara","Isingiro","Masha",2020,10.9432125091553
"Mbarara","Isingiro","Masha",2021,16.0152721405029
"Mbarara","Isingiro","Masha",2022,39.117431640625
"Mbarara","Isingiro","Masha",2023,63.7033271789551
"Mbarara","Isingiro","Masha",2024,80.7152099609375
"Mbarara","Isingiro","Nyakitunda",2012,0
"Mbarara","Isingiro","Nyakitunda",2013,0
"Mbarara","Isingiro","Nyakitunda",2014,0
"Mbarara","Isingiro","Nyakitunda",2015,0
"Mbarara","Isingiro","Nyakitunda",2016,0
"Mbarara","Isingiro","Nyakitunda",2017,0
"Mbarara","Isingiro","Nyakitunda",2018,0
"Mbarara","Isingiro","Nyakitunda",2019,0
"Mbarara","Isingiro","Nyakitunda",2020,0
"Mbarara","Isingiro","Nyakitunda",2021,0
"Mbarara","Isingiro","Nyakitunda",2022,0
"Mbarara","Isingiro","Nyakitunda",2023,0
"Mbarara","Isingiro","Nyakitunda",2024,0
"Mbarara","Kashari","Bubaare",2012,0
"Mbarara","Kashari","Bubaare",2013,0
"Mbarara","Kashari","Bubaare",2014,0
"Mbarara","Kashari","Bubaare",2015,0
"Mbarara","Kashari","Bubaare",2016,0
"Mbarara","Kashari","Bubaare",2017,1.05426418781281
"Mbarara","Kashari","Bubaare",2018,0
"Mbarara","Kashari","Bubaare",2019,0
"Mbarara","Kashari","Bubaare",2020,0
"Mbarara","Kashari","Bubaare",2021,0
"Mbarara","Kashari","Bubaare",2022,2.1211462020874
"Mbarara","Kashari","Bubaare",2023,6.09423780441284
"Mbarara","Kashari","Bubaare",2024,6.92402505874634
"Mbarara","Kashari","Bukiro",2012,0
"Mbarara","Kashari","Bukiro",2013,0
"Mbarara","Kashari","Bukiro",2014,0
"Mbarara","Kashari","Bukiro",2015,0
"Mbarara","Kashari","Bukiro",2016,0
"Mbarara","Kashari","Bukiro",2017,0
"Mbarara","Kashari","Bukiro",2018,0
"Mbarara","Kashari","Bukiro",2019,0
"Mbarara","Kashari","Bukiro",2020,1.27552199363708
"Mbarara","Kashari","Bukiro",2021,0
"Mbarara","Kashari","Bukiro",2022,0
"Mbarara","Kashari","Bukiro",2023,0
"Mbarara","Kashari","Bukiro",2024,0
"Mbarara","Kashari","Kagongi",2012,0
"Mbarara","Kashari","Kagongi",2013,0
"Mbarara","Kashari","Kagongi",2014,0
"Mbarara","Kashari","Kagongi",2015,0
"Mbarara","Kashari","Kagongi",2016,0
"Mbarara","Kashari","Kagongi",2017,0
"Mbarara","Kashari","Kagongi",2018,0
"Mbarara","Kashari","Kagongi",2019,0
"Mbarara","Kashari","Kagongi",2020,0
"Mbarara","Kashari","Kagongi",2021,0
"Mbarara","Kashari","Kagongi",2022,0
"Mbarara","Kashari","Kagongi",2023,0
"Mbarara","Kashari","Kagongi",2024,0
"Mbarara","Kashari","Kakiika",2012,16.3179950714111
"Mbarara","Kashari","Kakiika",2013,24.1947498321533
"Mbarara","Kashari","Kakiika",2014,21.6558475494385
"Mbarara","Kashari","Kakiika",2015,26.1971893310547
"Mbarara","Kashari","Kakiika",2016,51.7070388793945
"Mbarara","Kashari","Kakiika",2017,38.9798431396484
"Mbarara","Kashari","Kakiika",2018,44.5571022033691
"Mbarara","Kashari","Kakiika",2019,64.6566619873047
"Mbarara","Kashari","Kakiika",2020,70.1289672851562
"Mbarara","Kashari","Kakiika",2021,89.0140151977539
"Mbarara","Kashari","Kakiika",2022,157.911880493164
"Mbarara","Kashari","Kakiika",2023,227.360092163086
"Mbarara","Kashari","Kakiika",2024,252.993133544922
"Mbarara","Kashari","Kashare",2012,0.853815495967865
"Mbarara","Kashari","Kashare",2013,0.965706884860992
"Mbarara","Kashari","Kashare",2014,16.72287940979
"Mbarara","Kashari","Kashare",2015,2.04864096641541
"Mbarara","Kashari","Kashare",2016,1.17570769786835
"Mbarara","Kashari","Kashare",2017,0
"Mbarara","Kashari","Kashare",2018,3.20443081855774
"Mbarara","Kashari","Kashare",2019,0
"Mbarara","Kashari","Kashare",2020,2.9274697303772
"Mbarara","Kashari","Kashare",2021,3.95288944244385
"Mbarara","Kashari","Kashare",2022,7.22043466567993
"Mbarara","Kashari","Kashare",2023,10.9530029296875
"Mbarara","Kashari","Kashare",2024,11.5708532333374
"Mbarara","Kashari","Rubaya",2012,3.52810549736023
"Mbarara","Kashari","Rubaya",2013,6.71846723556519
"Mbarara","Kashari","Rubaya",2014,10.633246421814
"Mbarara","Kashari","Rubaya",2015,9.33130836486816
"Mbarara","Kashari","Rubaya",2016,7.22324180603027
"Mbarara","Kashari","Rubaya",2017,11.5027208328247
"Mbarara","Kashari","Rubaya",2018,20.2455005645752
"Mbarara","Kashari","Rubaya",2019,13.4094839096069
"Mbarara","Kashari","Rubaya",2020,17.5909633636475
"Mbarara","Kashari","Rubaya",2021,30.7186298370361
"Mbarara","Kashari","Rubaya",2022,57.9264678955078
"Mbarara","Kashari","Rubaya",2023,97.9280471801758
"Mbarara","Kashari","Rubaya",2024,112.036117553711
"Mbarara","Kashari","Rubindi",2012,0.512061357498169
"Mbarara","Kashari","Rubindi",2013,0.945739984512329
"Mbarara","Kashari","Rubindi",2014,0.93963885307312
"Mbarara","Kashari","Rubindi",2015,0.912940442562103
"Mbarara","Kashari","Rubindi",2016,0.0466047339141369
"Mbarara","Kashari","Rubindi",2017,0
"Mbarara","Kashari","Rubindi",2018,0.0531964413821697
"Mbarara","Kashari","Rubindi",2019,0
"Mbarara","Kashari","Rubindi",2020,0.430954188108444
"Mbarara","Kashari","Rubindi",2021,0.44569405913353
"Mbarara","Kashari","Rubindi",2022,1.27225506305695
"Mbarara","Kashari","Rubindi",2023,4.06473684310913
"Mbarara","Kashari","Rubindi",2024,4.22642850875854
"Mbarara","Kashari","Rwanyamahembe",2012,2.03874564170837
"Mbarara","Kashari","Rwanyamahembe",2013,1.85246634483337
"Mbarara","Kashari","Rwanyamahembe",2014,1.60572671890259
"Mbarara","Kashari","Rwanyamahembe",2015,1.13866138458252
"Mbarara","Kashari","Rwanyamahembe",2016,0.523371398448944
"Mbarara","Kashari","Rwanyamahembe",2017,1.06765520572662
"Mbarara","Kashari","Rwanyamahembe",2018,1.29800724983215
"Mbarara","Kashari","Rwanyamahembe",2019,1.24086594581604
"Mbarara","Kashari","Rwanyamahembe",2020,2.17145490646362
"Mbarara","Kashari","Rwanyamahembe",2021,1.99276256561279
"Mbarara","Kashari","Rwanyamahembe",2022,6.56306076049805
"Mbarara","Kashari","Rwanyamahembe",2023,8.17149925231934
"Mbarara","Kashari","Rwanyamahembe",2024,9.51453399658203
"Mbarara","Kazo","Buremba",2012,0
"Mbarara","Kazo","Buremba",2013,0
"Mbarara","Kazo","Buremba",2014,0
"Mbarara","Kazo","Buremba",2015,0
"Mbarara","Kazo","Buremba",2016,0
"Mbarara","Kazo","Buremba",2017,0
"Mbarara","Kazo","Buremba",2018,0
"Mbarara","Kazo","Buremba",2019,0
"Mbarara","Kazo","Buremba",2020,0
"Mbarara","Kazo","Buremba",2021,0
"Mbarara","Kazo","Buremba",2022,0
"Mbarara","Kazo","Buremba",2023,0
"Mbarara","Kazo","Buremba",2024,0
"Mbarara","Kazo","Burunga",2012,0
"Mbarara","Kazo","Burunga",2013,0
"Mbarara","Kazo","Burunga",2014,0
"Mbarara","Kazo","Burunga",2015,0
"Mbarara","Kazo","Burunga",2016,0
"Mbarara","Kazo","Burunga",2017,0
"Mbarara","Kazo","Burunga",2018,0
"Mbarara","Kazo","Burunga",2019,0
"Mbarara","Kazo","Burunga",2020,0
"Mbarara","Kazo","Burunga",2021,1.1965252161026
"Mbarara","Kazo","Burunga",2022,1.95484018325806
"Mbarara","Kazo","Burunga",2023,0
"Mbarara","Kazo","Burunga",2024,0
"Mbarara","Kazo","Kanoni",2012,0.45106104016304
"Mbarara","Kazo","Kanoni",2013,0.0170323885977268
"Mbarara","Kazo","Kanoni",2014,0
"Mbarara","Kazo","Kanoni",2015,0
"Mbarara","Kazo","Kanoni",2016,0
"Mbarara","Kazo","Kanoni",2017,0
"Mbarara","Kazo","Kanoni",2018,0
"Mbarara","Kazo","Kanoni",2019,0
"Mbarara","Kazo","Kanoni",2020,0
"Mbarara","Kazo","Kanoni",2021,0
"Mbarara","Kazo","Kanoni",2022,0
"Mbarara","Kazo","Kanoni",2023,0
"Mbarara","Kazo","Kanoni",2024,0.674390137195587
"Mbarara","Kazo","Kazo",2012,0
"Mbarara","Kazo","Kazo",2013,0
"Mbarara","Kazo","Kazo",2014,0
"Mbarara","Kazo","Kazo",2015,0
"Mbarara","Kazo","Kazo",2016,0
"Mbarara","Kazo","Kazo",2017,0
"Mbarara","Kazo","Kazo",2018,0
"Mbarara","Kazo","Kazo",2019,0
"Mbarara","Kazo","Kazo",2020,0.577798843383789
"Mbarara","Kazo","Kazo",2021,0.527690291404724
"Mbarara","Kazo","Kazo",2022,7.61559391021729
"Mbarara","Kazo","Kazo",2023,11.4216032028198
"Mbarara","Kazo","Kazo",2024,7.52073097229004
"Mbarara","Kazo","Rwemikoma",2012,0
"Mbarara","Kazo","Rwemikoma",2013,0
"Mbarara","Kazo","Rwemikoma",2014,0
"Mbarara","Kazo","Rwemikoma",2015,0
"Mbarara","Kazo","Rwemikoma",2016,0
"Mbarara","Kazo","Rwemikoma",2017,0
"Mbarara","Kazo","Rwemikoma",2018,0
"Mbarara","Kazo","Rwemikoma",2019,0
"Mbarara","Kazo","Rwemikoma",2020,0
"Mbarara","Kazo","Rwemikoma",2021,0
"Mbarara","Kazo","Rwemikoma",2022,0.860170185565948
"Mbarara","Kazo","Rwemikoma",2023,0.633180797100067
"Mbarara","Kazo","Rwemikoma",2024,0
"Mbarara","Mbarara","Kakoba",2012,161.945678710938
"Mbarara","Mbarara","Kakoba",2013,168.658279418945
"Mbarara","Mbarara","Kakoba",2014,193.947082519531
"Mbarara","Mbarara","Kakoba",2015,144.00846862793
"Mbarara","Mbarara","Kakoba",2016,162.563583374023
"Mbarara","Mbarara","Kakoba",2017,220.205352783203
"Mbarara","Mbarara","Kakoba",2018,225.824111938477
"Mbarara","Mbarara","Kakoba",2019,236.878677368164
"Mbarara","Mbarara","Kakoba",2020,221.819229125977
"Mbarara","Mbarara","Kakoba",2021,261.997650146484
"Mbarara","Mbarara","Kakoba",2022,279.017791748047
"Mbarara","Mbarara","Kakoba",2023,315.582000732422
"Mbarara","Mbarara","Kakoba",2024,386.125305175781
"Mbarara","Mbarara","Kamukuzi",2012,121.102645874023
"Mbarara","Mbarara","Kamukuzi",2013,122.205085754395
"Mbarara","Mbarara","Kamukuzi",2014,119.977844238281
"Mbarara","Mbarara","Kamukuzi",2015,113.325454711914
"Mbarara","Mbarara","Kamukuzi",2016,115.73201751709
"Mbarara","Mbarara","Kamukuzi",2017,109.511871337891
"Mbarara","Mbarara","Kamukuzi",2018,132.830581665039
"Mbarara","Mbarara","Kamukuzi",2019,148.717727661133
"Mbarara","Mbarara","Kamukuzi",2020,156.918533325195
"Mbarara","Mbarara","Kamukuzi",2021,180.016403198242
"Mbarara","Mbarara","Kamukuzi",2022,226.411178588867
"Mbarara","Mbarara","Kamukuzi",2023,285.670196533203
"Mbarara","Mbarara","Kamukuzi",2024,310.003601074219
"Mbarara","Mbarara","Nyamitanga",2012,73.4723892211914
"Mbarara","Mbarara","Nyamitanga",2013,80.4529266357422
"Mbarara","Mbarara","Nyamitanga",2014,81.0289611816406
"Mbarara","Mbarara","Nyamitanga",2015,83.5564346313477
"Mbarara","Mbarara","Nyamitanga",2016,91.6707611083984
"Mbarara","Mbarara","Nyamitanga",2017,75.0111770629883
"Mbarara","Mbarara","Nyamitanga",2018,96.8468322753906
"Mbarara","Mbarara","Nyamitanga",2019,102.390342712402
"Mbarara","Mbarara","Nyamitanga",2020,122.596084594727
"Mbarara","Mbarara","Nyamitanga",2021,172.994781494141
"Mbarara","Mbarara","Nyamitanga",2022,209.244354248047
"Mbarara","Mbarara","Nyamitanga",2023,249.189102172852
"Mbarara","Mbarara","Nyamitanga",2024,282.860290527344
"Mbarara","Nyabushozi","Kanyaryeru",2012,0
"Mbarara","Nyabushozi","Kanyaryeru",2013,0
"Mbarara","Nyabushozi","Kanyaryeru",2014,0
"Mbarara","Nyabushozi","Kanyaryeru",2015,0
"Mbarara","Nyabushozi","Kanyaryeru",2016,0
"Mbarara","Nyabushozi","Kanyaryeru",2017,0
"Mbarara","Nyabushozi","Kanyaryeru",2018,0
"Mbarara","Nyabushozi","Kanyaryeru",2019,0
"Mbarara","Nyabushozi","Kanyaryeru",2020,0
"Mbarara","Nyabushozi","Kanyaryeru",2021,0
"Mbarara","Nyabushozi","Kanyaryeru",2022,0.302319884300232
"Mbarara","Nyabushozi","Kanyaryeru",2023,0.250910103321075
"Mbarara","Nyabushozi","Kanyaryeru",2024,0.0623310059309006
"Mbarara","Nyabushozi","Kashongi",2012,0
"Mbarara","Nyabushozi","Kashongi",2013,0
"Mbarara","Nyabushozi","Kashongi",2014,0
"Mbarara","Nyabushozi","Kashongi",2015,0
"Mbarara","Nyabushozi","Kashongi",2016,0
"Mbarara","Nyabushozi","Kashongi",2017,0
"Mbarara","Nyabushozi","Kashongi",2018,0
"Mbarara","Nyabushozi","Kashongi",2019,0
"Mbarara","Nyabushozi","Kashongi",2020,0
"Mbarara","Nyabushozi","Kashongi",2021,0
"Mbarara","Nyabushozi","Kashongi",2022,0
"Mbarara","Nyabushozi","Kashongi",2023,0
"Mbarara","Nyabushozi","Kashongi",2024,0
"Mbarara","Nyabushozi","Kenshunga",2012,6.356520652771
"Mbarara","Nyabushozi","Kenshunga",2013,4.16990613937378
"Mbarara","Nyabushozi","Kenshunga",2014,6.29194164276123
"Mbarara","Nyabushozi","Kenshunga",2015,18.5317611694336
"Mbarara","Nyabushozi","Kenshunga",2016,8.56357002258301
"Mbarara","Nyabushozi","Kenshunga",2017,6.43533849716187
"Mbarara","Nyabushozi","Kenshunga",2018,4.34927082061768
"Mbarara","Nyabushozi","Kenshunga",2019,5.33556461334229
"Mbarara","Nyabushozi","Kenshunga",2020,5.77073907852173
"Mbarara","Nyabushozi","Kenshunga",2021,6.82337617874146
"Mbarara","Nyabushozi","Kenshunga",2022,12.9141616821289
"Mbarara","Nyabushozi","Kenshunga",2023,23.7879199981689
"Mbarara","Nyabushozi","Kenshunga",2024,23.8415870666504
"Mbarara","Nyabushozi","Kikatsi",2012,0
"Mbarara","Nyabushozi","Kikatsi",2013,0
"Mbarara","Nyabushozi","Kikatsi",2014,0
"Mbarara","Nyabushozi","Kikatsi",2015,0
"Mbarara","Nyabushozi","Kikatsi",2016,0
"Mbarara","Nyabushozi","Kikatsi",2017,0
"Mbarara","Nyabushozi","Kikatsi",2018,0
"Mbarara","Nyabushozi","Kikatsi",2019,0
"Mbarara","Nyabushozi","Kikatsi",2020,0
"Mbarara","Nyabushozi","Kikatsi",2021,0
"Mbarara","Nyabushozi","Kikatsi",2022,0
"Mbarara","Nyabushozi","Kikatsi",2023,0
"Mbarara","Nyabushozi","Kikatsi",2024,0
"Mbarara","Nyabushozi","Kinoni",2012,0
"Mbarara","Nyabushozi","Kinoni",2013,0
"Mbarara","Nyabushozi","Kinoni",2014,0
"Mbarara","Nyabushozi","Kinoni",2015,0
"Mbarara","Nyabushozi","Kinoni",2016,0
"Mbarara","Nyabushozi","Kinoni",2017,0
"Mbarara","Nyabushozi","Kinoni",2018,0.517052710056305
"Mbarara","Nyabushozi","Kinoni",2019,0
"Mbarara","Nyabushozi","Kinoni",2020,0
"Mbarara","Nyabushozi","Kinoni",2021,6.6655125617981
"Mbarara","Nyabushozi","Kinoni",2022,1.15049183368683
"Mbarara","Nyabushozi","Kinoni",2023,3.51611566543579
"Mbarara","Nyabushozi","Kinoni",2024,6.23133277893066
"Mbarara","Nyabushozi","Nyakashashara",2012,0
"Mbarara","Nyabushozi","Nyakashashara",2013,0
"Mbarara","Nyabushozi","Nyakashashara",2014,3.2908763885498
"Mbarara","Nyabushozi","Nyakashashara",2015,3.61562156677246
"Mbarara","Nyabushozi","Nyakashashara",2016,4.23093891143799
"Mbarara","Nyabushozi","Nyakashashara",2017,3.89288377761841
"Mbarara","Nyabushozi","Nyakashashara",2018,4.30495834350586
"Mbarara","Nyabushozi","Nyakashashara",2019,5.79526710510254
"Mbarara","Nyabushozi","Nyakashashara",2020,3.83907651901245
"Mbarara","Nyabushozi","Nyakashashara",2021,3.85103535652161
"Mbarara","Nyabushozi","Nyakashashara",2022,11.6674175262451
"Mbarara","Nyabushozi","Nyakashashara",2023,14.2782316207886
"Mbarara","Nyabushozi","Nyakashashara",2024,27.2804698944092
"Mbarara","Nyabushozi","Sanga",2012,0.633430302143097
"Mbarara","Nyabushozi","Sanga",2013,0.661818265914917
"Mbarara","Nyabushozi","Sanga",2014,1.14674854278564
"Mbarara","Nyabushozi","Sanga",2015,0.620151519775391
"Mbarara","Nyabushozi","Sanga",2016,1.7581729888916
"Mbarara","Nyabushozi","Sanga",2017,0.593447208404541
"Mbarara","Nyabushozi","Sanga",2018,1.84042513370514
"Mbarara","Nyabushozi","Sanga",2019,1.23105573654175
"Mbarara","Nyabushozi","Sanga",2020,0.608854055404663
"Mbarara","Nyabushozi","Sanga",2021,4.0958776473999
"Mbarara","Nyabushozi","Sanga",2022,5.54257392883301
"Mbarara","Nyabushozi","Sanga",2023,8.91839790344238
"Mbarara","Nyabushozi","Sanga",2024,11.0607385635376
"Mbarara","Rwampara","Bugamba",2012,0
"Mbarara","Rwampara","Bugamba",2013,0
"Mbarara","Rwampara","Bugamba",2014,0
"Mbarara","Rwampara","Bugamba",2015,0
"Mbarara","Rwampara","Bugamba",2016,0
"Mbarara","Rwampara","Bugamba",2017,0
"Mbarara","Rwampara","Bugamba",2018,0
"Mbarara","Rwampara","Bugamba",2019,0
"Mbarara","Rwampara","Bugamba",2020,0
"Mbarara","Rwampara","Bugamba",2021,0
"Mbarara","Rwampara","Bugamba",2022,0
"Mbarara","Rwampara","Bugamba",2023,0
"Mbarara","Rwampara","Bugamba",2024,0
"Mbarara","Rwampara","Mwizi",2012,0
"Mbarara","Rwampara","Mwizi",2013,0
"Mbarara","Rwampara","Mwizi",2014,0
"Mbarara","Rwampara","Mwizi",2015,0
"Mbarara","Rwampara","Mwizi",2016,0
"Mbarara","Rwampara","Mwizi",2017,0
"Mbarara","Rwampara","Mwizi",2018,0
"Mbarara","Rwampara","Mwizi",2019,0
"Mbarara","Rwampara","Mwizi",2020,0
"Mbarara","Rwampara","Mwizi",2021,0
"Mbarara","Rwampara","Mwizi",2022,0
"Mbarara","Rwampara","Mwizi",2023,0
"Mbarara","Rwampara","Mwizi",2024,0
"Mbarara","Rwampara","Ndaija",2012,1.69464468955994
"Mbarara","Rwampara","Ndaija",2013,0.57621431350708
"Mbarara","Rwampara","Ndaija",2014,0
"Mbarara","Rwampara","Ndaija",2015,0
"Mbarara","Rwampara","Ndaija",2016,0
"Mbarara","Rwampara","Ndaija",2017,3.58166599273682
"Mbarara","Rwampara","Ndaija",2018,3.4126181602478
"Mbarara","Rwampara","Ndaija",2019,2.58861708641052
"Mbarara","Rwampara","Ndaija",2020,5.42922687530518
"Mbarara","Rwampara","Ndaija",2021,6.64684677124023
"Mbarara","Rwampara","Ndaija",2022,9.03816890716553
"Mbarara","Rwampara","Ndaija",2023,7.22770023345947
"Mbarara","Rwampara","Ndaija",2024,9.5617504119873
"Mbarara","Rwampara","Nyakayojo",2012,3.50146436691284
"Mbarara","Rwampara","Nyakayojo",2013,2.96878814697266
"Mbarara","Rwampara","Nyakayojo",2014,3.05481219291687
"Mbarara","Rwampara","Nyakayojo",2015,7.98416137695312
"Mbarara","Rwampara","Nyakayojo",2016,11.6273260116577
"Mbarara","Rwampara","Nyakayojo",2017,3.73620748519897
"Mbarara","Rwampara","Nyakayojo",2018,3.69340014457703
"Mbarara","Rwampara","Nyakayojo",2019,4.8725266456604
"Mbarara","Rwampara","Nyakayojo",2020,7.87350273132324
"Mbarara","Rwampara","Nyakayojo",2021,16.2798290252686
"Mbarara","Rwampara","Nyakayojo",2022,39.0883865356445
"Mbarara","Rwampara","Nyakayojo",2023,65.3492126464844
"Mbarara","Rwampara","Nyakayojo",2024,74.4790115356445
"Mbarara","Rwampara","Rugando",2012,0
"Mbarara","Rwampara","Rugando",2013,0
"Mbarara","Rwampara","Rugando",2014,0
"Mbarara","Rwampara","Rugando",2015,0
"Mbarara","Rwampara","Rugando",2016,0
"Mbarara","Rwampara","Rugando",2017,0
"Mbarara","Rwampara","Rugando",2018,0
"Mbarara","Rwampara","Rugando",2019,0
"Mbarara","Rwampara","Rugando",2020,0
"Mbarara","Rwampara","Rugando",2021,0
"Mbarara","Rwampara","Rugando",2022,1.12687790393829
"Mbarara","Rwampara","Rugando",2023,5.8870096206665
"Mbarara","Rwampara","Rugando",2024,6.27066230773926
"Moroto","Bokora","Iriiri",2012,0
"Moroto","Bokora","Iriiri",2013,0
"Moroto","Bokora","Iriiri",2014,0
"Moroto","Bokora","Iriiri",2015,0
"Moroto","Bokora","Iriiri",2016,0
"Moroto","Bokora","Iriiri",2017,0
"Moroto","Bokora","Iriiri",2018,0
"Moroto","Bokora","Iriiri",2019,0
"Moroto","Bokora","Iriiri",2020,0
"Moroto","Bokora","Iriiri",2021,0
"Moroto","Bokora","Iriiri",2022,5.75321578979492
"Moroto","Bokora","Iriiri",2023,1.24886786937714
"Moroto","Bokora","Iriiri",2024,8.50048160552979
"Moroto","Bokora","Lokopo",2012,0
"Moroto","Bokora","Lokopo",2013,0
"Moroto","Bokora","Lokopo",2014,0
"Moroto","Bokora","Lokopo",2015,0
"Moroto","Bokora","Lokopo",2016,0
"Moroto","Bokora","Lokopo",2017,0
"Moroto","Bokora","Lokopo",2018,0
"Moroto","Bokora","Lokopo",2019,0
"Moroto","Bokora","Lokopo",2020,0
"Moroto","Bokora","Lokopo",2021,0
"Moroto","Bokora","Lokopo",2022,0
"Moroto","Bokora","Lokopo",2023,0
"Moroto","Bokora","Lokopo",2024,0
"Moroto","Bokora","Lopei",2012,0
"Moroto","Bokora","Lopei",2013,0
"Moroto","Bokora","Lopei",2014,0
"Moroto","Bokora","Lopei",2015,0
"Moroto","Bokora","Lopei",2016,0
"Moroto","Bokora","Lopei",2017,0
"Moroto","Bokora","Lopei",2018,0
"Moroto","Bokora","Lopei",2019,0
"Moroto","Bokora","Lopei",2020,0
"Moroto","Bokora","Lopei",2021,0
"Moroto","Bokora","Lopei",2022,0
"Moroto","Bokora","Lopei",2023,0
"Moroto","Bokora","Lopei",2024,0
"Moroto","Bokora","Lotome",2012,0
"Moroto","Bokora","Lotome",2013,0
"Moroto","Bokora","Lotome",2014,0
"Moroto","Bokora","Lotome",2015,0
"Moroto","Bokora","Lotome",2016,0
"Moroto","Bokora","Lotome",2017,0
"Moroto","Bokora","Lotome",2018,0
"Moroto","Bokora","Lotome",2019,0
"Moroto","Bokora","Lotome",2020,0
"Moroto","Bokora","Lotome",2021,0
"Moroto","Bokora","Lotome",2022,0
"Moroto","Bokora","Lotome",2023,0
"Moroto","Bokora","Lotome",2024,0
"Moroto","Bokora","Matany",2012,0
"Moroto","Bokora","Matany",2013,0
"Moroto","Bokora","Matany",2014,0
"Moroto","Bokora","Matany",2015,0
"Moroto","Bokora","Matany",2016,0
"Moroto","Bokora","Matany",2017,0
"Moroto","Bokora","Matany",2018,0
"Moroto","Bokora","Matany",2019,0
"Moroto","Bokora","Matany",2020,1.67325103282928
"Moroto","Bokora","Matany",2021,2.64301800727844
"Moroto","Bokora","Matany",2022,10.3227052688599
"Moroto","Bokora","Matany",2023,8.23422527313232
"Moroto","Bokora","Matany",2024,10.6948585510254
"Moroto","Bokora","Ngoleriet",2012,0
"Moroto","Bokora","Ngoleriet",2013,0
"Moroto","Bokora","Ngoleriet",2014,0
"Moroto","Bokora","Ngoleriet",2015,0
"Moroto","Bokora","Ngoleriet",2016,0
"Moroto","Bokora","Ngoleriet",2017,0
"Moroto","Bokora","Ngoleriet",2018,0
"Moroto","Bokora","Ngoleriet",2019,0
"Moroto","Bokora","Ngoleriet",2020,0
"Moroto","Bokora","Ngoleriet",2021,0
"Moroto","Bokora","Ngoleriet",2022,13.3587808609009
"Moroto","Bokora","Ngoleriet",2023,7.74565887451172
"Moroto","Bokora","Ngoleriet",2024,16.548267364502
"Moroto","Matheniko","Katikekile",2012,0
"Moroto","Matheniko","Katikekile",2013,0
"Moroto","Matheniko","Katikekile",2014,0
"Moroto","Matheniko","Katikekile",2015,2.75172333203955e-05
"Moroto","Matheniko","Katikekile",2016,0
"Moroto","Matheniko","Katikekile",2017,0.299544781446457
"Moroto","Matheniko","Katikekile",2018,0
"Moroto","Matheniko","Katikekile",2019,0
"Moroto","Matheniko","Katikekile",2020,0.0130477473139763
"Moroto","Matheniko","Katikekile",2021,0.97582620382309
"Moroto","Matheniko","Katikekile",2022,3.36098790168762
"Moroto","Matheniko","Katikekile",2023,4.5474214553833
"Moroto","Matheniko","Katikekile",2024,8.30381011962891
"Moroto","Matheniko","Nadunget",2012,0.000476315239211544
"Moroto","Matheniko","Nadunget",2013,0
"Moroto","Matheniko","Nadunget",2014,0.57448410987854
"Moroto","Matheniko","Nadunget",2015,0.177489250898361
"Moroto","Matheniko","Nadunget",2016,0.198782593011856
"Moroto","Matheniko","Nadunget",2017,0.502964794635773
"Moroto","Matheniko","Nadunget",2018,0.493235409259796
"Moroto","Matheniko","Nadunget",2019,0.674848258495331
"Moroto","Matheniko","Nadunget",2020,1.76211416721344
"Moroto","Matheniko","Nadunget",2021,4.43265056610107
"Moroto","Matheniko","Nadunget",2022,20.2287006378174
"Moroto","Matheniko","Nadunget",2023,16.4438972473145
"Moroto","Matheniko","Nadunget",2024,17.9219989776611
"Moroto","Matheniko","Rupa",2012,0
"Moroto","Matheniko","Rupa",2013,0
"Moroto","Matheniko","Rupa",2014,0
"Moroto","Matheniko","Rupa",2015,0
"Moroto","Matheniko","Rupa",2016,0
"Moroto","Matheniko","Rupa",2017,0
"Moroto","Matheniko","Rupa",2018,0
"Moroto","Matheniko","Rupa",2019,1.77619361877441
"Moroto","Matheniko","Rupa",2020,3.08775424957275
"Moroto","Matheniko","Rupa",2021,8.24546051025391
"Moroto","Matheniko","Rupa",2022,6.90880727767944
"Moroto","Matheniko","Rupa",2023,6.71786117553711
"Moroto","Matheniko","Rupa",2024,2.07133007049561
"Moroto","Moroto","Northern Division",2012,0.000357418466592208
"Moroto","Moroto","Northern Division",2013,0.826007843017578
"Moroto","Moroto","Northern Division",2014,1.2279886007309
"Moroto","Moroto","Northern Division",2015,2.63833999633789
"Moroto","Moroto","Northern Division",2016,3.5588698387146
"Moroto","Moroto","Northern Division",2017,7.26696586608887
"Moroto","Moroto","Northern Division",2018,6.59643697738647
"Moroto","Moroto","Northern Division",2019,7.96212959289551
"Moroto","Moroto","Northern Division",2020,8.32785987854004
"Moroto","Moroto","Northern Division",2021,13.2451105117798
"Moroto","Moroto","Northern Division",2022,18.8211345672607
"Moroto","Moroto","Northern Division",2023,19.7340106964111
"Moroto","Moroto","Northern Division",2024,34.0922775268555
"Moroto","Moroto","Southern Division",2012,0.550264120101929
"Moroto","Moroto","Southern Division",2013,0
"Moroto","Moroto","Southern Division",2014,0.722047448158264
"Moroto","Moroto","Southern Division",2015,2.61944556236267
"Moroto","Moroto","Southern Division",2016,3.58524131774902
"Moroto","Moroto","Southern Division",2017,8.29874706268311
"Moroto","Moroto","Southern Division",2018,7.15610074996948
"Moroto","Moroto","Southern Division",2019,8.76289653778076
"Moroto","Moroto","Southern Division",2020,8.71342849731445
"Moroto","Moroto","Southern Division",2021,12.3448791503906
"Moroto","Moroto","Southern Division",2022,18.968656539917
"Moroto","Moroto","Southern Division",2023,21.7043228149414
"Moroto","Moroto","Southern Division",2024,35.5215644836426
"Moyo","Obongi","Aliba",2012,0
"Moyo","Obongi","Aliba",2013,0
"Moyo","Obongi","Aliba",2014,0
"Moyo","Obongi","Aliba",2015,0
"Moyo","Obongi","Aliba",2016,0
"Moyo","Obongi","Aliba",2017,0
"Moyo","Obongi","Aliba",2018,0
"Moyo","Obongi","Aliba",2019,0
"Moyo","Obongi","Aliba",2020,0.117723703384399
"Moyo","Obongi","Aliba",2021,0
"Moyo","Obongi","Aliba",2022,0.571587145328522
"Moyo","Obongi","Aliba",2023,0.829944968223572
"Moyo","Obongi","Aliba",2024,0
"Moyo","Obongi","Gimara",2012,0
"Moyo","Obongi","Gimara",2013,0
"Moyo","Obongi","Gimara",2014,0
"Moyo","Obongi","Gimara",2015,0
"Moyo","Obongi","Gimara",2016,0
"Moyo","Obongi","Gimara",2017,0
"Moyo","Obongi","Gimara",2018,0
"Moyo","Obongi","Gimara",2019,0
"Moyo","Obongi","Gimara",2020,0.404375940561295
"Moyo","Obongi","Gimara",2021,0.542362093925476
"Moyo","Obongi","Gimara",2022,2.86215710639954
"Moyo","Obongi","Gimara",2023,2.89304351806641
"Moyo","Obongi","Gimara",2024,0
"Moyo","Obongi","Itula",2012,0
"Moyo","Obongi","Itula",2013,0
"Moyo","Obongi","Itula",2014,0
"Moyo","Obongi","Itula",2015,0
"Moyo","Obongi","Itula",2016,0
"Moyo","Obongi","Itula",2017,0
"Moyo","Obongi","Itula",2018,0
"Moyo","Obongi","Itula",2019,0
"Moyo","Obongi","Itula",2020,0
"Moyo","Obongi","Itula",2021,0
"Moyo","Obongi","Itula",2022,0
"Moyo","Obongi","Itula",2023,0
"Moyo","Obongi","Itula",2024,0
"Moyo","West Moyo","Dufile",2012,0
"Moyo","West Moyo","Dufile",2013,0
"Moyo","West Moyo","Dufile",2014,0
"Moyo","West Moyo","Dufile",2015,0
"Moyo","West Moyo","Dufile",2016,0
"Moyo","West Moyo","Dufile",2017,0
"Moyo","West Moyo","Dufile",2018,0
"Moyo","West Moyo","Dufile",2019,0
"Moyo","West Moyo","Dufile",2020,0
"Moyo","West Moyo","Dufile",2021,0
"Moyo","West Moyo","Dufile",2022,0
"Moyo","West Moyo","Dufile",2023,0
"Moyo","West Moyo","Dufile",2024,0
"Moyo","West Moyo","Lefori",2012,0
"Moyo","West Moyo","Lefori",2013,0
"Moyo","West Moyo","Lefori",2014,0
"Moyo","West Moyo","Lefori",2015,0
"Moyo","West Moyo","Lefori",2016,0
"Moyo","West Moyo","Lefori",2017,0
"Moyo","West Moyo","Lefori",2018,0
"Moyo","West Moyo","Lefori",2019,0
"Moyo","West Moyo","Lefori",2020,0
"Moyo","West Moyo","Lefori",2021,0
"Moyo","West Moyo","Lefori",2022,0
"Moyo","West Moyo","Lefori",2023,0
"Moyo","West Moyo","Lefori",2024,0
"Moyo","West Moyo","Metu",2012,0
"Moyo","West Moyo","Metu",2013,0
"Moyo","West Moyo","Metu",2014,0
"Moyo","West Moyo","Metu",2015,0
"Moyo","West Moyo","Metu",2016,0
"Moyo","West Moyo","Metu",2017,0
"Moyo","West Moyo","Metu",2018,0
"Moyo","West Moyo","Metu",2019,0
"Moyo","West Moyo","Metu",2020,0
"Moyo","West Moyo","Metu",2021,0
"Moyo","West Moyo","Metu",2022,0.941839277744293
"Moyo","West Moyo","Metu",2023,1.72850704193115
"Moyo","West Moyo","Metu",2024,1.20714151859283
"Moyo","West Moyo","Moyo",2012,0
"Moyo","West Moyo","Moyo",2013,0
"Moyo","West Moyo","Moyo",2014,0
"Moyo","West Moyo","Moyo",2015,0
"Moyo","West Moyo","Moyo",2016,0
"Moyo","West Moyo","Moyo",2017,0
"Moyo","West Moyo","Moyo",2018,0
"Moyo","West Moyo","Moyo",2019,0
"Moyo","West Moyo","Moyo",2020,0
"Moyo","West Moyo","Moyo",2021,0
"Moyo","West Moyo","Moyo",2022,0.491501897573471
"Moyo","West Moyo","Moyo",2023,3.26764535903931
"Moyo","West Moyo","Moyo",2024,4.03585243225098
"Moyo","West Moyo","Moyo Tc",2012,0
"Moyo","West Moyo","Moyo Tc",2013,0
"Moyo","West Moyo","Moyo Tc",2014,0
"Moyo","West Moyo","Moyo Tc",2015,0
"Moyo","West Moyo","Moyo Tc",2016,0
"Moyo","West Moyo","Moyo Tc",2017,1.25995492935181
"Moyo","West Moyo","Moyo Tc",2018,1.15449810028076
"Moyo","West Moyo","Moyo Tc",2019,2.04636287689209
"Moyo","West Moyo","Moyo Tc",2020,1.03952360153198
"Moyo","West Moyo","Moyo Tc",2021,4.55384302139282
"Moyo","West Moyo","Moyo Tc",2022,10.9718132019043
"Moyo","West Moyo","Moyo Tc",2023,12.2211046218872
"Moyo","West Moyo","Moyo Tc",2024,18.5182971954346
"Mpigi","Butambala","Budde",2012,1.11928033828735
"Mpigi","Butambala","Budde",2013,2.44024705886841
"Mpigi","Butambala","Budde",2014,1.2856593132019
"Mpigi","Butambala","Budde",2015,1.36859405040741
"Mpigi","Butambala","Budde",2016,2.36173248291016
"Mpigi","Butambala","Budde",2017,0.551239192485809
"Mpigi","Butambala","Budde",2018,0.798282146453857
"Mpigi","Butambala","Budde",2019,2.44049048423767
"Mpigi","Butambala","Budde",2020,1.3054780960083
"Mpigi","Butambala","Budde",2021,2.942711353302
"Mpigi","Butambala","Budde",2022,11.8342533111572
"Mpigi","Butambala","Budde",2023,11.266284942627
"Mpigi","Butambala","Budde",2024,23.4728660583496
"Mpigi","Butambala","Bulo",2012,0
"Mpigi","Butambala","Bulo",2013,0.539062321186066
"Mpigi","Butambala","Bulo",2014,0.513135671615601
"Mpigi","Butambala","Bulo",2015,0.512364625930786
"Mpigi","Butambala","Bulo",2016,0
"Mpigi","Butambala","Bulo",2017,0
"Mpigi","Butambala","Bulo",2018,1.14518189430237
"Mpigi","Butambala","Bulo",2019,2.36361169815063
"Mpigi","Butambala","Bulo",2020,1.35665392875671
"Mpigi","Butambala","Bulo",2021,2.84031748771667
"Mpigi","Butambala","Bulo",2022,8.66478824615479
"Mpigi","Butambala","Bulo",2023,4.22452831268311
"Mpigi","Butambala","Bulo",2024,9.77072238922119
"Mpigi","Butambala","Kalamba",2012,0
"Mpigi","Butambala","Kalamba",2013,0
"Mpigi","Butambala","Kalamba",2014,0
"Mpigi","Butambala","Kalamba",2015,0
"Mpigi","Butambala","Kalamba",2016,0
"Mpigi","Butambala","Kalamba",2017,0
"Mpigi","Butambala","Kalamba",2018,0
"Mpigi","Butambala","Kalamba",2019,1.13915252685547
"Mpigi","Butambala","Kalamba",2020,0
"Mpigi","Butambala","Kalamba",2021,0
"Mpigi","Butambala","Kalamba",2022,8.601975440979
"Mpigi","Butambala","Kalamba",2023,10.8245449066162
"Mpigi","Butambala","Kalamba",2024,10.5613451004028
"Mpigi","Butambala","Kibibi",2012,0
"Mpigi","Butambala","Kibibi",2013,3.37936019897461
"Mpigi","Butambala","Kibibi",2014,1.34992933273315
"Mpigi","Butambala","Kibibi",2015,1.20449137687683
"Mpigi","Butambala","Kibibi",2016,1.3173348903656
"Mpigi","Butambala","Kibibi",2017,0.637861788272858
"Mpigi","Butambala","Kibibi",2018,5.49060678482056
"Mpigi","Butambala","Kibibi",2019,6.37927150726318
"Mpigi","Butambala","Kibibi",2020,4.34035062789917
"Mpigi","Butambala","Kibibi",2021,5.3751540184021
"Mpigi","Butambala","Kibibi",2022,18.8403358459473
"Mpigi","Butambala","Kibibi",2023,23.7515335083008
"Mpigi","Butambala","Kibibi",2024,30.1379489898682
"Mpigi","Butambala","Ngando",2012,0
"Mpigi","Butambala","Ngando",2013,0
"Mpigi","Butambala","Ngando",2014,0
"Mpigi","Butambala","Ngando",2015,0
"Mpigi","Butambala","Ngando",2016,0
"Mpigi","Butambala","Ngando",2017,0
"Mpigi","Butambala","Ngando",2018,0
"Mpigi","Butambala","Ngando",2019,0
"Mpigi","Butambala","Ngando",2020,0
"Mpigi","Butambala","Ngando",2021,0
"Mpigi","Butambala","Ngando",2022,0
"Mpigi","Butambala","Ngando",2023,1.09049010276794
"Mpigi","Butambala","Ngando",2024,0.659953355789185
"Mpigi","Gomba","Kabulasoke",2012,0
"Mpigi","Gomba","Kabulasoke",2013,0
"Mpigi","Gomba","Kabulasoke",2014,0
"Mpigi","Gomba","Kabulasoke",2015,0
"Mpigi","Gomba","Kabulasoke",2016,0
"Mpigi","Gomba","Kabulasoke",2017,0
"Mpigi","Gomba","Kabulasoke",2018,0
"Mpigi","Gomba","Kabulasoke",2019,1.09690070152283
"Mpigi","Gomba","Kabulasoke",2020,3.95052170753479
"Mpigi","Gomba","Kabulasoke",2021,6.74946212768555
"Mpigi","Gomba","Kabulasoke",2022,17.8751277923584
"Mpigi","Gomba","Kabulasoke",2023,16.8267002105713
"Mpigi","Gomba","Kabulasoke",2024,22.5508460998535
"Mpigi","Gomba","Kyegonza",2012,0
"Mpigi","Gomba","Kyegonza",2013,1.25796580314636
"Mpigi","Gomba","Kyegonza",2014,0
"Mpigi","Gomba","Kyegonza",2015,0
"Mpigi","Gomba","Kyegonza",2016,0
"Mpigi","Gomba","Kyegonza",2017,0
"Mpigi","Gomba","Kyegonza",2018,0.589856266975403
"Mpigi","Gomba","Kyegonza",2019,0.718899488449097
"Mpigi","Gomba","Kyegonza",2020,1.38252520561218
"Mpigi","Gomba","Kyegonza",2021,4.06676626205444
"Mpigi","Gomba","Kyegonza",2022,11.0099382400513
"Mpigi","Gomba","Kyegonza",2023,12.5086889266968
"Mpigi","Gomba","Kyegonza",2024,18.8069801330566
"Mpigi","Gomba","Maddu",2012,0.669219136238098
"Mpigi","Gomba","Maddu",2013,1.2392361164093
"Mpigi","Gomba","Maddu",2014,1.26558899879456
"Mpigi","Gomba","Maddu",2015,0.550939202308655
"Mpigi","Gomba","Maddu",2016,0
"Mpigi","Gomba","Maddu",2017,0
"Mpigi","Gomba","Maddu",2018,1.09437835216522
"Mpigi","Gomba","Maddu",2019,1.33723044395447
"Mpigi","Gomba","Maddu",2020,11.6342973709106
"Mpigi","Gomba","Maddu",2021,22.3645858764648
"Mpigi","Gomba","Maddu",2022,22.2754402160645
"Mpigi","Gomba","Maddu",2023,9.34802150726318
"Mpigi","Gomba","Maddu",2024,16.2614326477051
"Mpigi","Gomba","Mpenja",2012,0
"Mpigi","Gomba","Mpenja",2013,0
"Mpigi","Gomba","Mpenja",2014,0
"Mpigi","Gomba","Mpenja",2015,0
"Mpigi","Gomba","Mpenja",2016,0
"Mpigi","Gomba","Mpenja",2017,0
"Mpigi","Gomba","Mpenja",2018,0
"Mpigi","Gomba","Mpenja",2019,0
"Mpigi","Gomba","Mpenja",2020,0
"Mpigi","Gomba","Mpenja",2021,0
"Mpigi","Gomba","Mpenja",2022,1.06183624267578
"Mpigi","Gomba","Mpenja",2023,4.92899799346924
"Mpigi","Gomba","Mpenja",2024,2.96632146835327
"Mpigi","Mawokota","Buwama",2012,20.1050815582275
"Mpigi","Mawokota","Buwama",2013,13.6216354370117
"Mpigi","Mawokota","Buwama",2014,7.52943992614746
"Mpigi","Mawokota","Buwama",2015,8.13689136505127
"Mpigi","Mawokota","Buwama",2016,13.7938051223755
"Mpigi","Mawokota","Buwama",2017,9.86829566955566
"Mpigi","Mawokota","Buwama",2018,24.4686412811279
"Mpigi","Mawokota","Buwama",2019,21.2502918243408
"Mpigi","Mawokota","Buwama",2020,28.7010803222656
"Mpigi","Mawokota","Buwama",2021,28.7263259887695
"Mpigi","Mawokota","Buwama",2022,56.1325302124023
"Mpigi","Mawokota","Buwama",2023,52.968578338623
"Mpigi","Mawokota","Buwama",2024,75.7363204956055
"Mpigi","Mawokota","Kamengo",2012,1.6132116317749
"Mpigi","Mawokota","Kamengo",2013,4.14963102340698
"Mpigi","Mawokota","Kamengo",2014,2.66816425323486
"Mpigi","Mawokota","Kamengo",2015,3.90150618553162
"Mpigi","Mawokota","Kamengo",2016,5.43925380706787
"Mpigi","Mawokota","Kamengo",2017,2.13290071487427
"Mpigi","Mawokota","Kamengo",2018,9.65158843994141
"Mpigi","Mawokota","Kamengo",2019,9.79457473754883
"Mpigi","Mawokota","Kamengo",2020,9.70751953125
"Mpigi","Mawokota","Kamengo",2021,16.8513278961182
"Mpigi","Mawokota","Kamengo",2022,64.9283828735352
"Mpigi","Mawokota","Kamengo",2023,64.0256652832031
"Mpigi","Mawokota","Kamengo",2024,111.270896911621
"Mpigi","Mawokota","Kiringente",2012,424.474517822266
"Mpigi","Mawokota","Kiringente",2013,210.06494140625
"Mpigi","Mawokota","Kiringente",2014,367.196533203125
"Mpigi","Mawokota","Kiringente",2015,486.295623779297
"Mpigi","Mawokota","Kiringente",2016,414.730316162109
"Mpigi","Mawokota","Kiringente",2017,412.174865722656
"Mpigi","Mawokota","Kiringente",2018,394.688079833984
"Mpigi","Mawokota","Kiringente",2019,324.359344482422
"Mpigi","Mawokota","Kiringente",2020,302.759307861328
"Mpigi","Mawokota","Kiringente",2021,347.762603759766
"Mpigi","Mawokota","Kiringente",2022,509.643432617188
"Mpigi","Mawokota","Kiringente",2023,483.767608642578
"Mpigi","Mawokota","Kiringente",2024,515.499450683594
"Mpigi","Mawokota","Kituntu",2012,0
"Mpigi","Mawokota","Kituntu",2013,0
"Mpigi","Mawokota","Kituntu",2014,0
"Mpigi","Mawokota","Kituntu",2015,0
"Mpigi","Mawokota","Kituntu",2016,0
"Mpigi","Mawokota","Kituntu",2017,0
"Mpigi","Mawokota","Kituntu",2018,0
"Mpigi","Mawokota","Kituntu",2019,0
"Mpigi","Mawokota","Kituntu",2020,0
"Mpigi","Mawokota","Kituntu",2021,0
"Mpigi","Mawokota","Kituntu",2022,0
"Mpigi","Mawokota","Kituntu",2023,0
"Mpigi","Mawokota","Kituntu",2024,1.22654688358307
"Mpigi","Mawokota","Mpigi",2012,6.2068076133728
"Mpigi","Mawokota","Mpigi",2013,14.8498849868774
"Mpigi","Mawokota","Mpigi",2014,12.9295225143433
"Mpigi","Mawokota","Mpigi",2015,9.85420322418213
"Mpigi","Mawokota","Mpigi",2016,5.66923761367798
"Mpigi","Mawokota","Mpigi",2017,4.67416572570801
"Mpigi","Mawokota","Mpigi",2018,5.06723976135254
"Mpigi","Mawokota","Mpigi",2019,7.59811973571777
"Mpigi","Mawokota","Mpigi",2020,14.8121137619019
"Mpigi","Mawokota","Mpigi",2021,37.0408821105957
"Mpigi","Mawokota","Mpigi",2022,152.294677734375
"Mpigi","Mawokota","Mpigi",2023,159.125747680664
"Mpigi","Mawokota","Mpigi",2024,184.127670288086
"Mpigi","Mawokota","Mpigi Tc",2012,19.8473320007324
"Mpigi","Mawokota","Mpigi Tc",2013,21.8709545135498
"Mpigi","Mawokota","Mpigi Tc",2014,12.0089292526245
"Mpigi","Mawokota","Mpigi Tc",2015,15.5219116210938
"Mpigi","Mawokota","Mpigi Tc",2016,12.6293230056763
"Mpigi","Mawokota","Mpigi Tc",2017,8.5709228515625
"Mpigi","Mawokota","Mpigi Tc",2018,14.8124780654907
"Mpigi","Mawokota","Mpigi Tc",2019,21.8696269989014
"Mpigi","Mawokota","Mpigi Tc",2020,27.4770126342773
"Mpigi","Mawokota","Mpigi Tc",2021,41.269157409668
"Mpigi","Mawokota","Mpigi Tc",2022,72.143440246582
"Mpigi","Mawokota","Mpigi Tc",2023,77.5630340576172
"Mpigi","Mawokota","Mpigi Tc",2024,88.9057769775391
"Mpigi","Mawokota","Muduma",2012,2.06888103485107
"Mpigi","Mawokota","Muduma",2013,6.38778781890869
"Mpigi","Mawokota","Muduma",2014,2.71943545341492
"Mpigi","Mawokota","Muduma",2015,9.80206394195557
"Mpigi","Mawokota","Muduma",2016,7.65301656723022
"Mpigi","Mawokota","Muduma",2017,8.86984920501709
"Mpigi","Mawokota","Muduma",2018,14.04310131073
"Mpigi","Mawokota","Muduma",2019,23.0438213348389
"Mpigi","Mawokota","Muduma",2020,43.0813102722168
"Mpigi","Mawokota","Muduma",2021,67.2959594726562
"Mpigi","Mawokota","Muduma",2022,208.653656005859
"Mpigi","Mawokota","Muduma",2023,258.269653320312
"Mpigi","Mawokota","Muduma",2024,308.925964355469
"Mpigi","Mawokota","Nkozi",2012,6.56961965560913
"Mpigi","Mawokota","Nkozi",2013,9.63694095611572
"Mpigi","Mawokota","Nkozi",2014,10.5000677108765
"Mpigi","Mawokota","Nkozi",2015,11.5436353683472
"Mpigi","Mawokota","Nkozi",2016,26.4496440887451
"Mpigi","Mawokota","Nkozi",2017,25.1629581451416
"Mpigi","Mawokota","Nkozi",2018,22.8520774841309
"Mpigi","Mawokota","Nkozi",2019,17.9731674194336
"Mpigi","Mawokota","Nkozi",2020,33.6622428894043
"Mpigi","Mawokota","Nkozi",2021,31.4744720458984
"Mpigi","Mawokota","Nkozi",2022,87.517822265625
"Mpigi","Mawokota","Nkozi",2023,92.5017013549805
"Mpigi","Mawokota","Nkozi",2024,135.864120483398
"Mubende","Busujju","Butayunja",2012,0
"Mubende","Busujju","Butayunja",2013,0
"Mubende","Busujju","Butayunja",2014,0
"Mubende","Busujju","Butayunja",2015,0
"Mubende","Busujju","Butayunja",2016,0
"Mubende","Busujju","Butayunja",2017,0
"Mubende","Busujju","Butayunja",2018,0
"Mubende","Busujju","Butayunja",2019,0
"Mubende","Busujju","Butayunja",2020,0
"Mubende","Busujju","Butayunja",2021,0
"Mubende","Busujju","Butayunja",2022,1.00839841365814
"Mubende","Busujju","Butayunja",2023,0.58462131023407
"Mubende","Busujju","Butayunja",2024,0
"Mubende","Busujju","Kakindu",2012,0
"Mubende","Busujju","Kakindu",2013,0
"Mubende","Busujju","Kakindu",2014,0
"Mubende","Busujju","Kakindu",2015,0
"Mubende","Busujju","Kakindu",2016,0
"Mubende","Busujju","Kakindu",2017,0
"Mubende","Busujju","Kakindu",2018,0
"Mubende","Busujju","Kakindu",2019,0
"Mubende","Busujju","Kakindu",2020,0
"Mubende","Busujju","Kakindu",2021,0
"Mubende","Busujju","Kakindu",2022,1.21389603614807
"Mubende","Busujju","Kakindu",2023,2.39376354217529
"Mubende","Busujju","Kakindu",2024,2.47726631164551
"Mubende","Busujju","Maanyi",2012,0
"Mubende","Busujju","Maanyi",2013,0
"Mubende","Busujju","Maanyi",2014,0
"Mubende","Busujju","Maanyi",2015,0
"Mubende","Busujju","Maanyi",2016,0
"Mubende","Busujju","Maanyi",2017,0
"Mubende","Busujju","Maanyi",2018,0
"Mubende","Busujju","Maanyi",2019,0
"Mubende","Busujju","Maanyi",2020,0
"Mubende","Busujju","Maanyi",2021,0
"Mubende","Busujju","Maanyi",2022,1.00786709785461
"Mubende","Busujju","Maanyi",2023,0.505561888217926
"Mubende","Busujju","Maanyi",2024,1.5850602388382
"Mubende","Busujju","Malangala",2012,0
"Mubende","Busujju","Malangala",2013,0.544329941272736
"Mubende","Busujju","Malangala",2014,0
"Mubende","Busujju","Malangala",2015,0
"Mubende","Busujju","Malangala",2016,0
"Mubende","Busujju","Malangala",2017,0.676571071147919
"Mubende","Busujju","Malangala",2018,0.520370125770569
"Mubende","Busujju","Malangala",2019,2.83158016204834
"Mubende","Busujju","Malangala",2020,1.12211847305298
"Mubende","Busujju","Malangala",2021,6.42865753173828
"Mubende","Busujju","Malangala",2022,26.5034255981445
"Mubende","Busujju","Malangala",2023,31.9366455078125
"Mubende","Busujju","Malangala",2024,52.8516120910645
"Mubende","Buwekula","Bagezza",2012,47.1067924499512
"Mubende","Buwekula","Bagezza",2013,48.4551734924316
"Mubende","Buwekula","Bagezza",2014,47.965934753418
"Mubende","Buwekula","Bagezza",2015,17.7751121520996
"Mubende","Buwekula","Bagezza",2016,15.7854347229004
"Mubende","Buwekula","Bagezza",2017,22.0401096343994
"Mubende","Buwekula","Bagezza",2018,24.751895904541
"Mubende","Buwekula","Bagezza",2019,30.059591293335
"Mubende","Buwekula","Bagezza",2020,63.5697860717773
"Mubende","Buwekula","Bagezza",2021,107.68489074707
"Mubende","Buwekula","Bagezza",2022,98.2091827392578
"Mubende","Buwekula","Bagezza",2023,130.823196411133
"Mubende","Buwekula","Bagezza",2024,245.760528564453
"Mubende","Buwekula","Butoloogo",2012,0
"Mubende","Buwekula","Butoloogo",2013,0
"Mubende","Buwekula","Butoloogo",2014,0
"Mubende","Buwekula","Butoloogo",2015,0
"Mubende","Buwekula","Butoloogo",2016,0
"Mubende","Buwekula","Butoloogo",2017,0
"Mubende","Buwekula","Butoloogo",2018,0
"Mubende","Buwekula","Butoloogo",2019,0
"Mubende","Buwekula","Butoloogo",2020,0
"Mubende","Buwekula","Butoloogo",2021,0
"Mubende","Buwekula","Butoloogo",2022,0
"Mubende","Buwekula","Butoloogo",2023,0
"Mubende","Buwekula","Butoloogo",2024,0
"Mubende","Buwekula","Kasambya",2012,59.339054107666
"Mubende","Buwekula","Kasambya",2013,45.0226860046387
"Mubende","Buwekula","Kasambya",2014,33.3787803649902
"Mubende","Buwekula","Kasambya",2015,11.1382274627686
"Mubende","Buwekula","Kasambya",2016,66.9233779907227
"Mubende","Buwekula","Kasambya",2017,41.7809028625488
"Mubende","Buwekula","Kasambya",2018,16.0479736328125
"Mubende","Buwekula","Kasambya",2019,3.97132349014282
"Mubende","Buwekula","Kasambya",2020,42.8997344970703
"Mubende","Buwekula","Kasambya",2021,44.6786727905273
"Mubende","Buwekula","Kasambya",2022,35.8839111328125
"Mubende","Buwekula","Kasambya",2023,43.4065704345703
"Mubende","Buwekula","Kasambya",2024,145.814392089844
"Mubende","Buwekula","Kitenga",2012,0
"Mubende","Buwekula","Kitenga",2013,0
"Mubende","Buwekula","Kitenga",2014,0
"Mubende","Buwekula","Kitenga",2015,0
"Mubende","Buwekula","Kitenga",2016,0
"Mubende","Buwekula","Kitenga",2017,0
"Mubende","Buwekula","Kitenga",2018,0
"Mubende","Buwekula","Kitenga",2019,0
"Mubende","Buwekula","Kitenga",2020,0.53674578666687
"Mubende","Buwekula","Kitenga",2021,4.61501550674438
"Mubende","Buwekula","Kitenga",2022,19.0903472900391
"Mubende","Buwekula","Kitenga",2023,26.5638561248779
"Mubende","Buwekula","Kitenga",2024,28.8167037963867
"Mubende","Buwekula","Kiyuni",2012,0
"Mubende","Buwekula","Kiyuni",2013,0
"Mubende","Buwekula","Kiyuni",2014,0.721545398235321
"Mubende","Buwekula","Kiyuni",2015,0
"Mubende","Buwekula","Kiyuni",2016,0
"Mubende","Buwekula","Kiyuni",2017,0
"Mubende","Buwekula","Kiyuni",2018,0
"Mubende","Buwekula","Kiyuni",2019,0
"Mubende","Buwekula","Kiyuni",2020,0
"Mubende","Buwekula","Kiyuni",2021,0.529501736164093
"Mubende","Buwekula","Kiyuni",2022,0.781903386116028
"Mubende","Buwekula","Kiyuni",2023,7.76165533065796
"Mubende","Buwekula","Kiyuni",2024,13.1024770736694
"Mubende","Buwekula","Madudu",2012,7.32975769042969
"Mubende","Buwekula","Madudu",2013,7.57272100448608
"Mubende","Buwekula","Madudu",2014,7.67749977111816
"Mubende","Buwekula","Madudu",2015,6.44472980499268
"Mubende","Buwekula","Madudu",2016,2.40525078773499
"Mubende","Buwekula","Madudu",2017,2.0164999961853
"Mubende","Buwekula","Madudu",2018,0.557712852954865
"Mubende","Buwekula","Madudu",2019,4.29122352600098
"Mubende","Buwekula","Madudu",2020,4.21933460235596
"Mubende","Buwekula","Madudu",2021,3.50982666015625
"Mubende","Buwekula","Madudu",2022,4.21260786056519
"Mubende","Buwekula","Madudu",2023,5.47024536132812
"Mubende","Buwekula","Madudu",2024,7.38843059539795
"Mubende","Buwekula","Mubende Tc",2012,161.279479980469
"Mubende","Buwekula","Mubende Tc",2013,100.600547790527
"Mubende","Buwekula","Mubende Tc",2014,128.071884155273
"Mubende","Buwekula","Mubende Tc",2015,45.9985427856445
"Mubende","Buwekula","Mubende Tc",2016,31.6491451263428
"Mubende","Buwekula","Mubende Tc",2017,81.537467956543
"Mubende","Buwekula","Mubende Tc",2018,51.2275352478027
"Mubende","Buwekula","Mubende Tc",2019,42.8356399536133
"Mubende","Buwekula","Mubende Tc",2020,105.040100097656
"Mubende","Buwekula","Mubende Tc",2021,150.196868896484
"Mubende","Buwekula","Mubende Tc",2022,131.369277954102
"Mubende","Buwekula","Mubende Tc",2023,164.035369873047
"Mubende","Buwekula","Mubende Tc",2024,356.894989013672
"Mubende","Kassanda","Bukuya",2012,7.44744873046875
"Mubende","Kassanda","Bukuya",2013,16.6289863586426
"Mubende","Kassanda","Bukuya",2014,2.55409073829651
"Mubende","Kassanda","Bukuya",2015,7.31553745269775
"Mubende","Kassanda","Bukuya",2016,28.1942176818848
"Mubende","Kassanda","Bukuya",2017,17.6542701721191
"Mubende","Kassanda","Bukuya",2018,41.1616592407227
"Mubende","Kassanda","Bukuya",2019,5.13508749008179
"Mubende","Kassanda","Bukuya",2020,40.5172500610352
"Mubende","Kassanda","Bukuya",2021,32.1665687561035
"Mubende","Kassanda","Bukuya",2022,35.0347480773926
"Mubende","Kassanda","Bukuya",2023,46.850513458252
"Mubende","Kassanda","Bukuya",2024,166.737701416016
"Mubende","Kassanda","Kassanda",2012,2.25578689575195
"Mubende","Kassanda","Kassanda",2013,4.95654106140137
"Mubende","Kassanda","Kassanda",2014,12.4555788040161
"Mubende","Kassanda","Kassanda",2015,1.91265058517456
"Mubende","Kassanda","Kassanda",2016,10.4790554046631
"Mubende","Kassanda","Kassanda",2017,2.24343967437744
"Mubende","Kassanda","Kassanda",2018,13.2581720352173
"Mubende","Kassanda","Kassanda",2019,2.66032123565674
"Mubende","Kassanda","Kassanda",2020,13.7585191726685
"Mubende","Kassanda","Kassanda",2021,25.6537933349609
"Mubende","Kassanda","Kassanda",2022,16.4159069061279
"Mubende","Kassanda","Kassanda",2023,20.0560684204102
"Mubende","Kassanda","Kassanda",2024,44.3482780456543
"Mubende","Kassanda","Kiganda",2012,0
"Mubende","Kassanda","Kiganda",2013,0
"Mubende","Kassanda","Kiganda",2014,0.53533136844635
"Mubende","Kassanda","Kiganda",2015,1.60270690917969
"Mubende","Kassanda","Kiganda",2016,6.18626832962036
"Mubende","Kassanda","Kiganda",2017,13.9341354370117
"Mubende","Kassanda","Kiganda",2018,3.31455564498901
"Mubende","Kassanda","Kiganda",2019,2.25780439376831
"Mubende","Kassanda","Kiganda",2020,29.1113662719727
"Mubende","Kassanda","Kiganda",2021,66.668342590332
"Mubende","Kassanda","Kiganda",2022,57.4216079711914
"Mubende","Kassanda","Kiganda",2023,61.5190620422363
"Mubende","Kassanda","Kiganda",2024,126.38028717041
"Mubende","Kassanda","Myanzi",2012,0
"Mubende","Kassanda","Myanzi",2013,0
"Mubende","Kassanda","Myanzi",2014,0
"Mubende","Kassanda","Myanzi",2015,0
"Mubende","Kassanda","Myanzi",2016,0
"Mubende","Kassanda","Myanzi",2017,0
"Mubende","Kassanda","Myanzi",2018,0
"Mubende","Kassanda","Myanzi",2019,0
"Mubende","Kassanda","Myanzi",2020,0
"Mubende","Kassanda","Myanzi",2021,0.634213328361511
"Mubende","Kassanda","Myanzi",2022,6.82426309585571
"Mubende","Kassanda","Myanzi",2023,14.3754196166992
"Mubende","Kassanda","Myanzi",2024,15.4145727157593
"Mubende","Mityana","Bulera",2012,0
"Mubende","Mityana","Bulera",2013,0
"Mubende","Mityana","Bulera",2014,0
"Mubende","Mityana","Bulera",2015,0
"Mubende","Mityana","Bulera",2016,0
"Mubende","Mityana","Bulera",2017,0
"Mubende","Mityana","Bulera",2018,0
"Mubende","Mityana","Bulera",2019,0
"Mubende","Mityana","Bulera",2020,0
"Mubende","Mityana","Bulera",2021,0.551268815994263
"Mubende","Mityana","Bulera",2022,1.58481156826019
"Mubende","Mityana","Bulera",2023,5.08920288085938
"Mubende","Mityana","Bulera",2024,5.57253551483154
"Mubende","Mityana","Busimbi",2012,1.08040201663971
"Mubende","Mityana","Busimbi",2013,3.9019627571106
"Mubende","Mityana","Busimbi",2014,2.80838656425476
"Mubende","Mityana","Busimbi",2015,3.54473543167114
"Mubende","Mityana","Busimbi",2016,10.7011604309082
"Mubende","Mityana","Busimbi",2017,4.04269504547119
"Mubende","Mityana","Busimbi",2018,5.97553586959839
"Mubende","Mityana","Busimbi",2019,8.18628787994385
"Mubende","Mityana","Busimbi",2020,13.0334043502808
"Mubende","Mityana","Busimbi",2021,33.373218536377
"Mubende","Mityana","Busimbi",2022,90.1061553955078
"Mubende","Mityana","Busimbi",2023,90.2497711181641
"Mubende","Mityana","Busimbi",2024,183.926712036133
"Mubende","Mityana","Kikandwa",2012,0
"Mubende","Mityana","Kikandwa",2013,0
"Mubende","Mityana","Kikandwa",2014,0
"Mubende","Mityana","Kikandwa",2015,0
"Mubende","Mityana","Kikandwa",2016,0
"Mubende","Mityana","Kikandwa",2017,0
"Mubende","Mityana","Kikandwa",2018,0
"Mubende","Mityana","Kikandwa",2019,0
"Mubende","Mityana","Kikandwa",2020,0
"Mubende","Mityana","Kikandwa",2021,0
"Mubende","Mityana","Kikandwa",2022,3.60735726356506
"Mubende","Mityana","Kikandwa",2023,5.93254947662354
"Mubende","Mityana","Kikandwa",2024,18.7120094299316
"Mubende","Mityana","Mityana Tc",2012,83.2547225952148
"Mubende","Mityana","Mityana Tc",2013,86.2218780517578
"Mubende","Mityana","Mityana Tc",2014,93.9390411376953
"Mubende","Mityana","Mityana Tc",2015,97.5848846435547
"Mubende","Mityana","Mityana Tc",2016,298.716644287109
"Mubende","Mityana","Mityana Tc",2017,132.052597045898
"Mubende","Mityana","Mityana Tc",2018,154.389617919922
"Mubende","Mityana","Mityana Tc",2019,99.7375640869141
"Mubende","Mityana","Mityana Tc",2020,181.724197387695
"Mubende","Mityana","Mityana Tc",2021,247.281951904297
"Mubende","Mityana","Mityana Tc",2022,308.391387939453
"Mubende","Mityana","Mityana Tc",2023,282.981475830078
"Mubende","Mityana","Mityana Tc",2024,299.845611572266
"Mubende","Mityana","Ssekanyonyi",2012,1.03533625602722
"Mubende","Mityana","Ssekanyonyi",2013,1.86280953884125
"Mubende","Mityana","Ssekanyonyi",2014,2.70296859741211
"Mubende","Mityana","Ssekanyonyi",2015,2.62973928451538
"Mubende","Mityana","Ssekanyonyi",2016,22.0376567840576
"Mubende","Mityana","Ssekanyonyi",2017,3.2778434753418
"Mubende","Mityana","Ssekanyonyi",2018,4.17262125015259
"Mubende","Mityana","Ssekanyonyi",2019,6.3050274848938
"Mubende","Mityana","Ssekanyonyi",2020,43.2235679626465
"Mubende","Mityana","Ssekanyonyi",2021,34.9931678771973
"Mubende","Mityana","Ssekanyonyi",2022,100.07787322998
"Mubende","Mityana","Ssekanyonyi",2023,55.0477714538574
"Mubende","Mityana","Ssekanyonyi",2024,128.102249145508
"Mukono","Buikwe","Buikwe",2012,1.79231894016266
"Mukono","Buikwe","Buikwe",2013,1.75866901874542
"Mukono","Buikwe","Buikwe",2014,1.94532918930054
"Mukono","Buikwe","Buikwe",2015,3.94456171989441
"Mukono","Buikwe","Buikwe",2016,3.02693915367126
"Mukono","Buikwe","Buikwe",2017,1.8972270488739
"Mukono","Buikwe","Buikwe",2018,2.3422954082489
"Mukono","Buikwe","Buikwe",2019,2.32336449623108
"Mukono","Buikwe","Buikwe",2020,0
"Mukono","Buikwe","Buikwe",2021,4.58598279953003
"Mukono","Buikwe","Buikwe",2022,12.3330345153809
"Mukono","Buikwe","Buikwe",2023,13.6405000686646
"Mukono","Buikwe","Buikwe",2024,26.6673908233643
"Mukono","Buikwe","Kawolo",2012,39.1133460998535
"Mukono","Buikwe","Kawolo",2013,46.4894905090332
"Mukono","Buikwe","Kawolo",2014,45.7889442443848
"Mukono","Buikwe","Kawolo",2015,49.9808540344238
"Mukono","Buikwe","Kawolo",2016,42.1642112731934
"Mukono","Buikwe","Kawolo",2017,38.290153503418
"Mukono","Buikwe","Kawolo",2018,52.9040679931641
"Mukono","Buikwe","Kawolo",2019,69.8405227661133
"Mukono","Buikwe","Kawolo",2020,72.7588806152344
"Mukono","Buikwe","Kawolo",2021,87.6795272827148
"Mukono","Buikwe","Kawolo",2022,155.656875610352
"Mukono","Buikwe","Kawolo",2023,161.470718383789
"Mukono","Buikwe","Kawolo",2024,226.170211791992
"Mukono","Buikwe","Lugazi Tc",2012,77.5835494995117
"Mukono","Buikwe","Lugazi Tc",2013,76.6749801635742
"Mukono","Buikwe","Lugazi Tc",2014,73.4159469604492
"Mukono","Buikwe","Lugazi Tc",2015,74.9093627929688
"Mukono","Buikwe","Lugazi Tc",2016,69.3539733886719
"Mukono","Buikwe","Lugazi Tc",2017,69.0598907470703
"Mukono","Buikwe","Lugazi Tc",2018,64.9998245239258
"Mukono","Buikwe","Lugazi Tc",2019,92.1990814208984
"Mukono","Buikwe","Lugazi Tc",2020,92.8775253295898
"Mukono","Buikwe","Lugazi Tc",2021,111.26025390625
"Mukono","Buikwe","Lugazi Tc",2022,168.684051513672
"Mukono","Buikwe","Lugazi Tc",2023,159.118011474609
"Mukono","Buikwe","Lugazi Tc",2024,223.345489501953
"Mukono","Buikwe","Najja",2012,2.91615509986877
"Mukono","Buikwe","Najja",2013,2.92570328712463
"Mukono","Buikwe","Najja",2014,1.61809360980988
"Mukono","Buikwe","Najja",2015,5.33907699584961
"Mukono","Buikwe","Najja",2016,4.32836055755615
"Mukono","Buikwe","Najja",2017,3.61808204650879
"Mukono","Buikwe","Najja",2018,3.10212755203247
"Mukono","Buikwe","Najja",2019,4.97439908981323
"Mukono","Buikwe","Najja",2020,3.21751308441162
"Mukono","Buikwe","Najja",2021,3.33400225639343
"Mukono","Buikwe","Najja",2022,8.42626762390137
"Mukono","Buikwe","Najja",2023,19.4932956695557
"Mukono","Buikwe","Najja",2024,24.5501766204834
"Mukono","Buikwe","Najjembe",2012,0.612845361232758
"Mukono","Buikwe","Najjembe",2013,1.21080088615417
"Mukono","Buikwe","Najjembe",2014,0.710006892681122
"Mukono","Buikwe","Najjembe",2015,1.35610902309418
"Mukono","Buikwe","Najjembe",2016,0.746988415718079
"Mukono","Buikwe","Najjembe",2017,1.61852371692657
"Mukono","Buikwe","Najjembe",2018,0.709984421730042
"Mukono","Buikwe","Najjembe",2019,2.28326940536499
"Mukono","Buikwe","Najjembe",2020,0.625981450080872
"Mukono","Buikwe","Najjembe",2021,2.8277325630188
"Mukono","Buikwe","Najjembe",2022,15.0671758651733
"Mukono","Buikwe","Najjembe",2023,20.9247913360596
"Mukono","Buikwe","Najjembe",2024,41.7132110595703
"Mukono","Buikwe","Ngogwe",2012,2.09756445884705
"Mukono","Buikwe","Ngogwe",2013,3.14142179489136
"Mukono","Buikwe","Ngogwe",2014,1.33836936950684
"Mukono","Buikwe","Ngogwe",2015,3.93369746208191
"Mukono","Buikwe","Ngogwe",2016,1.96855974197388
"Mukono","Buikwe","Ngogwe",2017,2.3386492729187
"Mukono","Buikwe","Ngogwe",2018,1.66238617897034
"Mukono","Buikwe","Ngogwe",2019,4.85206651687622
"Mukono","Buikwe","Ngogwe",2020,3.61447644233704
"Mukono","Buikwe","Ngogwe",2021,3.86423468589783
"Mukono","Buikwe","Ngogwe",2022,19.365758895874
"Mukono","Buikwe","Ngogwe",2023,21.7307147979736
"Mukono","Buikwe","Ngogwe",2024,22.5978927612305
"Mukono","Buikwe","Njeru Tc",2012,173.914810180664
"Mukono","Buikwe","Njeru Tc",2013,181.429595947266
"Mukono","Buikwe","Njeru Tc",2014,169.703582763672
"Mukono","Buikwe","Njeru Tc",2015,202.885360717773
"Mukono","Buikwe","Njeru Tc",2016,167.796524047852
"Mukono","Buikwe","Njeru Tc",2017,204.315582275391
"Mukono","Buikwe","Njeru Tc",2018,235.509506225586
"Mukono","Buikwe","Njeru Tc",2019,360.630004882812
"Mukono","Buikwe","Njeru Tc",2020,365.557189941406
"Mukono","Buikwe","Njeru Tc",2021,411.783447265625
"Mukono","Buikwe","Njeru Tc",2022,540.991394042969
"Mukono","Buikwe","Njeru Tc",2023,649.233703613281
"Mukono","Buikwe","Njeru Tc",2024,701.156433105469
"Mukono","Buikwe","Nkonkonjeru Tc",2012,2.37449526786804
"Mukono","Buikwe","Nkonkonjeru Tc",2013,2.12163662910461
"Mukono","Buikwe","Nkonkonjeru Tc",2014,1.39671039581299
"Mukono","Buikwe","Nkonkonjeru Tc",2015,2.3121931552887
"Mukono","Buikwe","Nkonkonjeru Tc",2016,2.00999641418457
"Mukono","Buikwe","Nkonkonjeru Tc",2017,1.83095419406891
"Mukono","Buikwe","Nkonkonjeru Tc",2018,1.85896909236908
"Mukono","Buikwe","Nkonkonjeru Tc",2019,2.7893373966217
"Mukono","Buikwe","Nkonkonjeru Tc",2020,2.30657696723938
"Mukono","Buikwe","Nkonkonjeru Tc",2021,2.91654539108276
"Mukono","Buikwe","Nkonkonjeru Tc",2022,10.3122043609619
"Mukono","Buikwe","Nkonkonjeru Tc",2023,10.9927968978882
"Mukono","Buikwe","Nkonkonjeru Tc",2024,13.3279275894165
"Mukono","Buikwe","Nyenga",2012,3.43725609779358
"Mukono","Buikwe","Nyenga",2013,4.42713689804077
"Mukono","Buikwe","Nyenga",2014,5.42876148223877
"Mukono","Buikwe","Nyenga",2015,6.0711350440979
"Mukono","Buikwe","Nyenga",2016,4.20715236663818
"Mukono","Buikwe","Nyenga",2017,6.30146551132202
"Mukono","Buikwe","Nyenga",2018,3.87649178504944
"Mukono","Buikwe","Nyenga",2019,6.88480997085571
"Mukono","Buikwe","Nyenga",2020,8.46045303344727
"Mukono","Buikwe","Nyenga",2021,26.6906318664551
"Mukono","Buikwe","Nyenga",2022,79.5181274414062
"Mukono","Buikwe","Nyenga",2023,118.878547668457
"Mukono","Buikwe","Nyenga",2024,129.554458618164
"Mukono","Buikwe","Ssi-Bukunja",2012,0
"Mukono","Buikwe","Ssi-Bukunja",2013,0
"Mukono","Buikwe","Ssi-Bukunja",2014,0
"Mukono","Buikwe","Ssi-Bukunja",2015,0
"Mukono","Buikwe","Ssi-Bukunja",2016,0
"Mukono","Buikwe","Ssi-Bukunja",2017,0
"Mukono","Buikwe","Ssi-Bukunja",2018,0
"Mukono","Buikwe","Ssi-Bukunja",2019,0
"Mukono","Buikwe","Ssi-Bukunja",2020,0
"Mukono","Buikwe","Ssi-Bukunja",2021,0
"Mukono","Buikwe","Ssi-Bukunja",2022,1.05704486370087
"Mukono","Buikwe","Ssi-Bukunja",2023,2.42512226104736
"Mukono","Buikwe","Ssi-Bukunja",2024,0.64446347951889
"Mukono","Buikwe","Wakisi",2012,64.6159515380859
"Mukono","Buikwe","Wakisi",2013,40.260856628418
"Mukono","Buikwe","Wakisi",2014,35.3843841552734
"Mukono","Buikwe","Wakisi",2015,41.8841514587402
"Mukono","Buikwe","Wakisi",2016,43.6941528320312
"Mukono","Buikwe","Wakisi",2017,47.5462760925293
"Mukono","Buikwe","Wakisi",2018,46.2693138122559
"Mukono","Buikwe","Wakisi",2019,66.7876434326172
"Mukono","Buikwe","Wakisi",2020,75.5763473510742
"Mukono","Buikwe","Wakisi",2021,92.9418182373047
"Mukono","Buikwe","Wakisi",2022,131.193267822266
"Mukono","Buikwe","Wakisi",2023,133.212905883789
"Mukono","Buikwe","Wakisi",2024,155.923355102539
"Mukono","Buvuma Islands","Bugaya",2012,0
"Mukono","Buvuma Islands","Bugaya",2013,0
"Mukono","Buvuma Islands","Bugaya",2014,0
"Mukono","Buvuma Islands","Bugaya",2015,0
"Mukono","Buvuma Islands","Bugaya",2016,0
"Mukono","Buvuma Islands","Bugaya",2017,0
"Mukono","Buvuma Islands","Bugaya",2018,0
"Mukono","Buvuma Islands","Bugaya",2019,0
"Mukono","Buvuma Islands","Bugaya",2020,0
"Mukono","Buvuma Islands","Bugaya",2021,0
"Mukono","Buvuma Islands","Bugaya",2022,0
"Mukono","Buvuma Islands","Bugaya",2023,0
"Mukono","Buvuma Islands","Bugaya",2024,0.224739164113998
"Mukono","Buvuma Islands","Busamuzi",2012,0
"Mukono","Buvuma Islands","Busamuzi",2013,0
"Mukono","Buvuma Islands","Busamuzi",2014,0
"Mukono","Buvuma Islands","Busamuzi",2015,0
"Mukono","Buvuma Islands","Busamuzi",2016,0
"Mukono","Buvuma Islands","Busamuzi",2017,0
"Mukono","Buvuma Islands","Busamuzi",2018,0
"Mukono","Buvuma Islands","Busamuzi",2019,0
"Mukono","Buvuma Islands","Busamuzi",2020,0
"Mukono","Buvuma Islands","Busamuzi",2021,0
"Mukono","Buvuma Islands","Busamuzi",2022,0
"Mukono","Buvuma Islands","Busamuzi",2023,0
"Mukono","Buvuma Islands","Busamuzi",2024,0
"Mukono","Buvuma Islands","Bwema",2012,0
"Mukono","Buvuma Islands","Bwema",2013,0
"Mukono","Buvuma Islands","Bwema",2014,0
"Mukono","Buvuma Islands","Bwema",2015,0
"Mukono","Buvuma Islands","Bwema",2016,0
"Mukono","Buvuma Islands","Bwema",2017,0
"Mukono","Buvuma Islands","Bwema",2018,0
"Mukono","Buvuma Islands","Bwema",2019,0
"Mukono","Buvuma Islands","Bwema",2020,0
"Mukono","Buvuma Islands","Bwema",2021,0
"Mukono","Buvuma Islands","Bwema",2022,0
"Mukono","Buvuma Islands","Bwema",2023,0.275496393442154
"Mukono","Buvuma Islands","Bwema",2024,0
"Mukono","Buvuma Islands","Nairambi",2012,0
"Mukono","Buvuma Islands","Nairambi",2013,0
"Mukono","Buvuma Islands","Nairambi",2014,0
"Mukono","Buvuma Islands","Nairambi",2015,0
"Mukono","Buvuma Islands","Nairambi",2016,0
"Mukono","Buvuma Islands","Nairambi",2017,0
"Mukono","Buvuma Islands","Nairambi",2018,0
"Mukono","Buvuma Islands","Nairambi",2019,0
"Mukono","Buvuma Islands","Nairambi",2020,0
"Mukono","Buvuma Islands","Nairambi",2021,0
"Mukono","Buvuma Islands","Nairambi",2022,0
"Mukono","Buvuma Islands","Nairambi",2023,0
"Mukono","Buvuma Islands","Nairambi",2024,0
"Mukono","Mukono","Goma",2012,309.390533447266
"Mukono","Mukono","Goma",2013,399.747009277344
"Mukono","Mukono","Goma",2014,461.885284423828
"Mukono","Mukono","Goma",2015,541.988647460938
"Mukono","Mukono","Goma",2016,562.753112792969
"Mukono","Mukono","Goma",2017,615.716430664062
"Mukono","Mukono","Goma",2018,770.4990234375
"Mukono","Mukono","Goma",2019,950.227111816406
"Mukono","Mukono","Goma",2020,1231.4697265625
"Mukono","Mukono","Goma",2021,1524.99548339844
"Mukono","Mukono","Goma",2022,1882.00451660156
"Mukono","Mukono","Goma",2023,2225.09985351562
"Mukono","Mukono","Goma",2024,2490.04296875
"Mukono","Mukono","Kkome Islands",2012,0
"Mukono","Mukono","Kkome Islands",2013,0
"Mukono","Mukono","Kkome Islands",2014,0
"Mukono","Mukono","Kkome Islands",2015,0
"Mukono","Mukono","Kkome Islands",2016,0
"Mukono","Mukono","Kkome Islands",2017,0
"Mukono","Mukono","Kkome Islands",2018,0
"Mukono","Mukono","Kkome Islands",2019,0
"Mukono","Mukono","Kkome Islands",2020,0
"Mukono","Mukono","Kkome Islands",2021,0
"Mukono","Mukono","Kkome Islands",2022,0
"Mukono","Mukono","Kkome Islands",2023,0
"Mukono","Mukono","Kkome Islands",2024,0
"Mukono","Mukono","Kyampisi",2012,5.9040002822876
"Mukono","Mukono","Kyampisi",2013,13.5232677459717
"Mukono","Mukono","Kyampisi",2014,24.1839733123779
"Mukono","Mukono","Kyampisi",2015,22.8415565490723
"Mukono","Mukono","Kyampisi",2016,25.992733001709
"Mukono","Mukono","Kyampisi",2017,43.3717269897461
"Mukono","Mukono","Kyampisi",2018,46.3892059326172
"Mukono","Mukono","Kyampisi",2019,63.957691192627
"Mukono","Mukono","Kyampisi",2020,89.1095962524414
"Mukono","Mukono","Kyampisi",2021,152.111450195312
"Mukono","Mukono","Kyampisi",2022,339.136138916016
"Mukono","Mukono","Kyampisi",2023,463.797576904297
"Mukono","Mukono","Kyampisi",2024,573.853393554688
"Mukono","Mukono","Mukono Tc",2012,204.94645690918
"Mukono","Mukono","Mukono Tc",2013,213.625228881836
"Mukono","Mukono","Mukono Tc",2014,256.885101318359
"Mukono","Mukono","Mukono Tc",2015,242.858474731445
"Mukono","Mukono","Mukono Tc",2016,258.595062255859
"Mukono","Mukono","Mukono Tc",2017,239.064315795898
"Mukono","Mukono","Mukono Tc",2018,285.604553222656
"Mukono","Mukono","Mukono Tc",2019,336.029968261719
"Mukono","Mukono","Mukono Tc",2020,381.199676513672
"Mukono","Mukono","Mukono Tc",2021,476.126129150391
"Mukono","Mukono","Mukono Tc",2022,590.331726074219
"Mukono","Mukono","Mukono Tc",2023,673.6962890625
"Mukono","Mukono","Mukono Tc",2024,749.739685058594
"Mukono","Mukono","Nakisunga",2012,129.621398925781
"Mukono","Mukono","Nakisunga",2013,163.419143676758
"Mukono","Mukono","Nakisunga",2014,242.182632446289
"Mukono","Mukono","Nakisunga",2015,302.497406005859
"Mukono","Mukono","Nakisunga",2016,387.303436279297
"Mukono","Mukono","Nakisunga",2017,454.086242675781
"Mukono","Mukono","Nakisunga",2018,589.220642089844
"Mukono","Mukono","Nakisunga",2019,436.104309082031
"Mukono","Mukono","Nakisunga",2020,345.158386230469
"Mukono","Mukono","Nakisunga",2021,436.1826171875
"Mukono","Mukono","Nakisunga",2022,687.914855957031
"Mukono","Mukono","Nakisunga",2023,805.9736328125
"Mukono","Mukono","Nakisunga",2024,766.812744140625
"Mukono","Mukono","Nama",2012,91.9658432006836
"Mukono","Mukono","Nama",2013,117.082458496094
"Mukono","Mukono","Nama",2014,154.22688293457
"Mukono","Mukono","Nama",2015,183.934814453125
"Mukono","Mukono","Nama",2016,186.03303527832
"Mukono","Mukono","Nama",2017,188.492828369141
"Mukono","Mukono","Nama",2018,229.62370300293
"Mukono","Mukono","Nama",2019,306.874389648438
"Mukono","Mukono","Nama",2020,334.840270996094
"Mukono","Mukono","Nama",2021,437.891143798828
"Mukono","Mukono","Nama",2022,604.391662597656
"Mukono","Mukono","Nama",2023,737.908325195312
"Mukono","Mukono","Nama",2024,829.842468261719
"Mukono","Mukono","Ntenjeru",2012,2.60639309883118
"Mukono","Mukono","Ntenjeru",2013,7.70313549041748
"Mukono","Mukono","Ntenjeru",2014,12.3568029403687
"Mukono","Mukono","Ntenjeru",2015,30.3121204376221
"Mukono","Mukono","Ntenjeru",2016,22.8361778259277
"Mukono","Mukono","Ntenjeru",2017,25.5440807342529
"Mukono","Mukono","Ntenjeru",2018,25.9920845031738
"Mukono","Mukono","Ntenjeru",2019,30.6573181152344
"Mukono","Mukono","Ntenjeru",2020,42.8335876464844
"Mukono","Mukono","Ntenjeru",2021,73.5468673706055
"Mukono","Mukono","Ntenjeru",2022,234.491439819336
"Mukono","Mukono","Ntenjeru",2023,279.818267822266
"Mukono","Mukono","Ntenjeru",2024,207.920043945312
"Mukono","Nakifuma","Kasawo",2012,2.77581262588501
"Mukono","Nakifuma","Kasawo",2013,4.61621570587158
"Mukono","Nakifuma","Kasawo",2014,4.17716598510742
"Mukono","Nakifuma","Kasawo",2015,5.42096328735352
"Mukono","Nakifuma","Kasawo",2016,4.36652946472168
"Mukono","Nakifuma","Kasawo",2017,5.55921506881714
"Mukono","Nakifuma","Kasawo",2018,3.99823427200317
"Mukono","Nakifuma","Kasawo",2019,4.57682752609253
"Mukono","Nakifuma","Kasawo",2020,6.10122632980347
"Mukono","Nakifuma","Kasawo",2021,6.77316999435425
"Mukono","Nakifuma","Kasawo",2022,21.3955707550049
"Mukono","Nakifuma","Kasawo",2023,31.8957233428955
"Mukono","Nakifuma","Kasawo",2024,34.7878608703613
"Mukono","Nakifuma","Kimenyedde",2012,8.50244045257568
"Mukono","Nakifuma","Kimenyedde",2013,7.48708963394165
"Mukono","Nakifuma","Kimenyedde",2014,9.30303573608398
"Mukono","Nakifuma","Kimenyedde",2015,9.52261257171631
"Mukono","Nakifuma","Kimenyedde",2016,7.80746221542358
"Mukono","Nakifuma","Kimenyedde",2017,7.12851285934448
"Mukono","Nakifuma","Kimenyedde",2018,9.49394130706787
"Mukono","Nakifuma","Kimenyedde",2019,11.5715351104736
"Mukono","Nakifuma","Kimenyedde",2020,15.1689138412476
"Mukono","Nakifuma","Kimenyedde",2021,18.9979057312012
"Mukono","Nakifuma","Kimenyedde",2022,46.4854927062988
"Mukono","Nakifuma","Kimenyedde",2023,58.7786827087402
"Mukono","Nakifuma","Kimenyedde",2024,98.4912796020508
"Mukono","Nakifuma","Nabaale",2012,3.72475337982178
"Mukono","Nakifuma","Nabaale",2013,5.68769359588623
"Mukono","Nakifuma","Nabaale",2014,7.27897977828979
"Mukono","Nakifuma","Nabaale",2015,10.3028297424316
"Mukono","Nakifuma","Nabaale",2016,7.27996015548706
"Mukono","Nakifuma","Nabaale",2017,7.36100387573242
"Mukono","Nakifuma","Nabaale",2018,9.66749382019043
"Mukono","Nakifuma","Nabaale",2019,15.0688209533691
"Mukono","Nakifuma","Nabaale",2020,19.7162303924561
"Mukono","Nakifuma","Nabaale",2021,24.1619758605957
"Mukono","Nakifuma","Nabaale",2022,60.7818145751953
"Mukono","Nakifuma","Nabaale",2023,77.7763977050781
"Mukono","Nakifuma","Nabaale",2024,118.072273254395
"Mukono","Nakifuma","Nagojje",2012,10.5406827926636
"Mukono","Nakifuma","Nagojje",2013,10.8570508956909
"Mukono","Nakifuma","Nagojje",2014,17.2234668731689
"Mukono","Nakifuma","Nagojje",2015,26.9436283111572
"Mukono","Nakifuma","Nagojje",2016,57.6524543762207
"Mukono","Nakifuma","Nagojje",2017,57.2290267944336
"Mukono","Nakifuma","Nagojje",2018,72.5392456054688
"Mukono","Nakifuma","Nagojje",2019,74.7940063476562
"Mukono","Nakifuma","Nagojje",2020,61.6475677490234
"Mukono","Nakifuma","Nagojje",2021,81.7973175048828
"Mukono","Nakifuma","Nagojje",2022,109.598365783691
"Mukono","Nakifuma","Nagojje",2023,111.231384277344
"Mukono","Nakifuma","Nagojje",2024,114.802017211914
"Mukono","Nakifuma","Ntunda",2012,0
"Mukono","Nakifuma","Ntunda",2013,0
"Mukono","Nakifuma","Ntunda",2014,0
"Mukono","Nakifuma","Ntunda",2015,0
"Mukono","Nakifuma","Ntunda",2016,0
"Mukono","Nakifuma","Ntunda",2017,0
"Mukono","Nakifuma","Ntunda",2018,0
"Mukono","Nakifuma","Ntunda",2019,0
"Mukono","Nakifuma","Ntunda",2020,0
"Mukono","Nakifuma","Ntunda",2021,0
"Mukono","Nakifuma","Ntunda",2022,0
"Mukono","Nakifuma","Ntunda",2023,0
"Mukono","Nakifuma","Ntunda",2024,0
"Mukono","Nakifuma","Seeta-Namuganga",2012,0
"Mukono","Nakifuma","Seeta-Namuganga",2013,0
"Mukono","Nakifuma","Seeta-Namuganga",2014,0
"Mukono","Nakifuma","Seeta-Namuganga",2015,0.0609819181263447
"Mukono","Nakifuma","Seeta-Namuganga",2016,0.0644805282354355
"Mukono","Nakifuma","Seeta-Namuganga",2017,0
"Mukono","Nakifuma","Seeta-Namuganga",2018,0.0564359202980995
"Mukono","Nakifuma","Seeta-Namuganga",2019,0
"Mukono","Nakifuma","Seeta-Namuganga",2020,0
"Mukono","Nakifuma","Seeta-Namuganga",2021,0.0627141669392586
"Mukono","Nakifuma","Seeta-Namuganga",2022,1.69065093994141
"Mukono","Nakifuma","Seeta-Namuganga",2023,2.88246369361877
"Mukono","Nakifuma","Seeta-Namuganga",2024,3.10740041732788
"Nakapiripirit","Chekwii","Kakomongole",2012,0
"Nakapiripirit","Chekwii","Kakomongole",2013,0
"Nakapiripirit","Chekwii","Kakomongole",2014,0
"Nakapiripirit","Chekwii","Kakomongole",2015,0
"Nakapiripirit","Chekwii","Kakomongole",2016,0
"Nakapiripirit","Chekwii","Kakomongole",2017,0
"Nakapiripirit","Chekwii","Kakomongole",2018,0
"Nakapiripirit","Chekwii","Kakomongole",2019,0
"Nakapiripirit","Chekwii","Kakomongole",2020,0
"Nakapiripirit","Chekwii","Kakomongole",2021,0
"Nakapiripirit","Chekwii","Kakomongole",2022,0
"Nakapiripirit","Chekwii","Kakomongole",2023,0
"Nakapiripirit","Chekwii","Kakomongole",2024,0
"Nakapiripirit","Chekwii","Moruita",2012,0
"Nakapiripirit","Chekwii","Moruita",2013,0
"Nakapiripirit","Chekwii","Moruita",2014,0
"Nakapiripirit","Chekwii","Moruita",2015,0
"Nakapiripirit","Chekwii","Moruita",2016,0
"Nakapiripirit","Chekwii","Moruita",2017,0
"Nakapiripirit","Chekwii","Moruita",2018,0
"Nakapiripirit","Chekwii","Moruita",2019,0
"Nakapiripirit","Chekwii","Moruita",2020,0
"Nakapiripirit","Chekwii","Moruita",2021,0
"Nakapiripirit","Chekwii","Moruita",2022,0
"Nakapiripirit","Chekwii","Moruita",2023,0.224747851490974
"Nakapiripirit","Chekwii","Moruita",2024,0
"Nakapiripirit","Chekwii","Nakapiripirit T.C.",2012,0
"Nakapiripirit","Chekwii","Nakapiripirit T.C.",2013,0
"Nakapiripirit","Chekwii","Nakapiripirit T.C.",2014,0
"Nakapiripirit","Chekwii","Nakapiripirit T.C.",2015,0
"Nakapiripirit","Chekwii","Nakapiripirit T.C.",2016,0
"Nakapiripirit","Chekwii","Nakapiripirit T.C.",2017,0
"Nakapiripirit","Chekwii","Nakapiripirit T.C.",2018,0
"Nakapiripirit","Chekwii","Nakapiripirit T.C.",2019,0
"Nakapiripirit","Chekwii","Nakapiripirit T.C.",2020,0
"Nakapiripirit","Chekwii","Nakapiripirit T.C.",2021,0
"Nakapiripirit","Chekwii","Nakapiripirit T.C.",2022,0
"Nakapiripirit","Chekwii","Nakapiripirit T.C.",2023,1.424311876297
"Nakapiripirit","Chekwii","Nakapiripirit T.C.",2024,0
"Nakapiripirit","Chekwii","Namalu",2012,0
"Nakapiripirit","Chekwii","Namalu",2013,0
"Nakapiripirit","Chekwii","Namalu",2014,0
"Nakapiripirit","Chekwii","Namalu",2015,0
"Nakapiripirit","Chekwii","Namalu",2016,0
"Nakapiripirit","Chekwii","Namalu",2017,0
"Nakapiripirit","Chekwii","Namalu",2018,0
"Nakapiripirit","Chekwii","Namalu",2019,0
"Nakapiripirit","Chekwii","Namalu",2020,0
"Nakapiripirit","Chekwii","Namalu",2021,0
"Nakapiripirit","Chekwii","Namalu",2022,0
"Nakapiripirit","Chekwii","Namalu",2023,0
"Nakapiripirit","Chekwii","Namalu",2024,0
"Nakapiripirit","Pian","Lolachat",2012,0
"Nakapiripirit","Pian","Lolachat",2013,0
"Nakapiripirit","Pian","Lolachat",2014,0
"Nakapiripirit","Pian","Lolachat",2015,0
"Nakapiripirit","Pian","Lolachat",2016,0
"Nakapiripirit","Pian","Lolachat",2017,0
"Nakapiripirit","Pian","Lolachat",2018,0
"Nakapiripirit","Pian","Lolachat",2019,0
"Nakapiripirit","Pian","Lolachat",2020,0
"Nakapiripirit","Pian","Lolachat",2021,0
"Nakapiripirit","Pian","Lolachat",2022,0
"Nakapiripirit","Pian","Lolachat",2023,0
"Nakapiripirit","Pian","Lolachat",2024,0
"Nakapiripirit","Pian","Lorengedwat",2012,0
"Nakapiripirit","Pian","Lorengedwat",2013,0
"Nakapiripirit","Pian","Lorengedwat",2014,0
"Nakapiripirit","Pian","Lorengedwat",2015,1.50373291969299
"Nakapiripirit","Pian","Lorengedwat",2016,0
"Nakapiripirit","Pian","Lorengedwat",2017,0
"Nakapiripirit","Pian","Lorengedwat",2018,0
"Nakapiripirit","Pian","Lorengedwat",2019,0
"Nakapiripirit","Pian","Lorengedwat",2020,0
"Nakapiripirit","Pian","Lorengedwat",2021,0
"Nakapiripirit","Pian","Lorengedwat",2022,0
"Nakapiripirit","Pian","Lorengedwat",2023,0
"Nakapiripirit","Pian","Lorengedwat",2024,0
"Nakapiripirit","Pian","Nabilatuk",2012,0
"Nakapiripirit","Pian","Nabilatuk",2013,0
"Nakapiripirit","Pian","Nabilatuk",2014,0
"Nakapiripirit","Pian","Nabilatuk",2015,0
"Nakapiripirit","Pian","Nabilatuk",2016,0
"Nakapiripirit","Pian","Nabilatuk",2017,0
"Nakapiripirit","Pian","Nabilatuk",2018,0
"Nakapiripirit","Pian","Nabilatuk",2019,0
"Nakapiripirit","Pian","Nabilatuk",2020,0
"Nakapiripirit","Pian","Nabilatuk",2021,0
"Nakapiripirit","Pian","Nabilatuk",2022,0
"Nakapiripirit","Pian","Nabilatuk",2023,0
"Nakapiripirit","Pian","Nabilatuk",2024,0
"Nakapiripirit","Pokot","Amudat",2012,0
"Nakapiripirit","Pokot","Amudat",2013,0
"Nakapiripirit","Pokot","Amudat",2014,0
"Nakapiripirit","Pokot","Amudat",2015,0
"Nakapiripirit","Pokot","Amudat",2016,0
"Nakapiripirit","Pokot","Amudat",2017,0
"Nakapiripirit","Pokot","Amudat",2018,0
"Nakapiripirit","Pokot","Amudat",2019,0
"Nakapiripirit","Pokot","Amudat",2020,0
"Nakapiripirit","Pokot","Amudat",2021,0
"Nakapiripirit","Pokot","Amudat",2022,0
"Nakapiripirit","Pokot","Amudat",2023,1.23346602916718
"Nakapiripirit","Pokot","Amudat",2024,1.04568290710449
"Nakapiripirit","Pokot","Karita",2012,0
"Nakapiripirit","Pokot","Karita",2013,0
"Nakapiripirit","Pokot","Karita",2014,0
"Nakapiripirit","Pokot","Karita",2015,0
"Nakapiripirit","Pokot","Karita",2016,0
"Nakapiripirit","Pokot","Karita",2017,0
"Nakapiripirit","Pokot","Karita",2018,0
"Nakapiripirit","Pokot","Karita",2019,0
"Nakapiripirit","Pokot","Karita",2020,0
"Nakapiripirit","Pokot","Karita",2021,0
"Nakapiripirit","Pokot","Karita",2022,0
"Nakapiripirit","Pokot","Karita",2023,0
"Nakapiripirit","Pokot","Karita",2024,9.15312480926514
"Nakapiripirit","Pokot","Loroo",2012,0
"Nakapiripirit","Pokot","Loroo",2013,0
"Nakapiripirit","Pokot","Loroo",2014,0
"Nakapiripirit","Pokot","Loroo",2015,0
"Nakapiripirit","Pokot","Loroo",2016,0
"Nakapiripirit","Pokot","Loroo",2017,0
"Nakapiripirit","Pokot","Loroo",2018,0
"Nakapiripirit","Pokot","Loroo",2019,0
"Nakapiripirit","Pokot","Loroo",2020,0
"Nakapiripirit","Pokot","Loroo",2021,0
"Nakapiripirit","Pokot","Loroo",2022,0
"Nakapiripirit","Pokot","Loroo",2023,0
"Nakapiripirit","Pokot","Loroo",2024,0
"Nakasongola","Buruli","Kakooge",2012,0
"Nakasongola","Buruli","Kakooge",2013,0
"Nakasongola","Buruli","Kakooge",2014,0
"Nakasongola","Buruli","Kakooge",2015,0
"Nakasongola","Buruli","Kakooge",2016,5.12747287750244
"Nakasongola","Buruli","Kakooge",2017,7.25075197219849
"Nakasongola","Buruli","Kakooge",2018,4.28617763519287
"Nakasongola","Buruli","Kakooge",2019,7.5709810256958
"Nakasongola","Buruli","Kakooge",2020,8.87108612060547
"Nakasongola","Buruli","Kakooge",2021,10.2443227767944
"Nakasongola","Buruli","Kakooge",2022,40.1733589172363
"Nakasongola","Buruli","Kakooge",2023,27.2142028808594
"Nakasongola","Buruli","Kakooge",2024,32.2209854125977
"Nakasongola","Buruli","Kalongo",2012,0
"Nakasongola","Buruli","Kalongo",2013,0
"Nakasongola","Buruli","Kalongo",2014,0
"Nakasongola","Buruli","Kalongo",2015,0
"Nakasongola","Buruli","Kalongo",2016,0
"Nakasongola","Buruli","Kalongo",2017,0
"Nakasongola","Buruli","Kalongo",2018,0
"Nakasongola","Buruli","Kalongo",2019,0
"Nakasongola","Buruli","Kalongo",2020,0
"Nakasongola","Buruli","Kalongo",2021,0
"Nakasongola","Buruli","Kalongo",2022,0
"Nakasongola","Buruli","Kalongo",2023,0
"Nakasongola","Buruli","Kalongo",2024,0
"Nakasongola","Buruli","Kalungi",2012,0
"Nakasongola","Buruli","Kalungi",2013,0
"Nakasongola","Buruli","Kalungi",2014,0
"Nakasongola","Buruli","Kalungi",2015,0
"Nakasongola","Buruli","Kalungi",2016,0
"Nakasongola","Buruli","Kalungi",2017,0
"Nakasongola","Buruli","Kalungi",2018,0
"Nakasongola","Buruli","Kalungi",2019,0
"Nakasongola","Buruli","Kalungi",2020,0
"Nakasongola","Buruli","Kalungi",2021,0
"Nakasongola","Buruli","Kalungi",2022,0
"Nakasongola","Buruli","Kalungi",2023,0
"Nakasongola","Buruli","Kalungi",2024,0
"Nakasongola","Buruli","Lwabyata",2012,0
"Nakasongola","Buruli","Lwabyata",2013,0
"Nakasongola","Buruli","Lwabyata",2014,0
"Nakasongola","Buruli","Lwabyata",2015,0
"Nakasongola","Buruli","Lwabyata",2016,0
"Nakasongola","Buruli","Lwabyata",2017,0
"Nakasongola","Buruli","Lwabyata",2018,0
"Nakasongola","Buruli","Lwabyata",2019,0
"Nakasongola","Buruli","Lwabyata",2020,0
"Nakasongola","Buruli","Lwabyata",2021,0
"Nakasongola","Buruli","Lwabyata",2022,0
"Nakasongola","Buruli","Lwabyata",2023,0
"Nakasongola","Buruli","Lwabyata",2024,0
"Nakasongola","Buruli","Lwampanga",2012,0
"Nakasongola","Buruli","Lwampanga",2013,0
"Nakasongola","Buruli","Lwampanga",2014,0
"Nakasongola","Buruli","Lwampanga",2015,0
"Nakasongola","Buruli","Lwampanga",2016,0
"Nakasongola","Buruli","Lwampanga",2017,0
"Nakasongola","Buruli","Lwampanga",2018,0
"Nakasongola","Buruli","Lwampanga",2019,0
"Nakasongola","Buruli","Lwampanga",2020,0
"Nakasongola","Buruli","Lwampanga",2021,0
"Nakasongola","Buruli","Lwampanga",2022,1.35494923591614
"Nakasongola","Buruli","Lwampanga",2023,4.54347896575928
"Nakasongola","Buruli","Lwampanga",2024,4.18691158294678
"Nakasongola","Buruli","Nabiswera",2012,1.67327749729156
"Nakasongola","Buruli","Nabiswera",2013,2.09820461273193
"Nakasongola","Buruli","Nabiswera",2014,2.727126121521
"Nakasongola","Buruli","Nabiswera",2015,4.07761430740356
"Nakasongola","Buruli","Nabiswera",2016,2.26911997795105
"Nakasongola","Buruli","Nabiswera",2017,3.4168062210083
"Nakasongola","Buruli","Nabiswera",2018,4.25837421417236
"Nakasongola","Buruli","Nabiswera",2019,5.69013977050781
"Nakasongola","Buruli","Nabiswera",2020,5.96572732925415
"Nakasongola","Buruli","Nabiswera",2021,11.167799949646
"Nakasongola","Buruli","Nabiswera",2022,21.6026554107666
"Nakasongola","Buruli","Nabiswera",2023,26.9601631164551
"Nakasongola","Buruli","Nabiswera",2024,17.9383430480957
"Nakasongola","Buruli","Nakasongola Tc",2012,0.73698765039444
"Nakasongola","Buruli","Nakasongola Tc",2013,0.625584304332733
"Nakasongola","Buruli","Nakasongola Tc",2014,0.628138303756714
"Nakasongola","Buruli","Nakasongola Tc",2015,1.11822807788849
"Nakasongola","Buruli","Nakasongola Tc",2016,0.574183762073517
"Nakasongola","Buruli","Nakasongola Tc",2017,1.17321562767029
"Nakasongola","Buruli","Nakasongola Tc",2018,1.18764781951904
"Nakasongola","Buruli","Nakasongola Tc",2019,0.550860404968262
"Nakasongola","Buruli","Nakasongola Tc",2020,0
"Nakasongola","Buruli","Nakasongola Tc",2021,0.524996280670166
"Nakasongola","Buruli","Nakasongola Tc",2022,9.02638053894043
"Nakasongola","Buruli","Nakasongola Tc",2023,11.965386390686
"Nakasongola","Buruli","Nakasongola Tc",2024,14.9189977645874
"Nakasongola","Buruli","Nakitoma",2012,0
"Nakasongola","Buruli","Nakitoma",2013,0
"Nakasongola","Buruli","Nakitoma",2014,0
"Nakasongola","Buruli","Nakitoma",2015,0
"Nakasongola","Buruli","Nakitoma",2016,0
"Nakasongola","Buruli","Nakitoma",2017,0
"Nakasongola","Buruli","Nakitoma",2018,0
"Nakasongola","Buruli","Nakitoma",2019,0
"Nakasongola","Buruli","Nakitoma",2020,0
"Nakasongola","Buruli","Nakitoma",2021,0
"Nakasongola","Buruli","Nakitoma",2022,0.634248495101929
"Nakasongola","Buruli","Nakitoma",2023,1.86263847351074
"Nakasongola","Buruli","Nakitoma",2024,0.521070599555969
"Nakasongola","Buruli","Wabinyonyi",2012,0.59920859336853
"Nakasongola","Buruli","Wabinyonyi",2013,2.02966690063477
"Nakasongola","Buruli","Wabinyonyi",2014,1.68560528755188
"Nakasongola","Buruli","Wabinyonyi",2015,1.43386459350586
"Nakasongola","Buruli","Wabinyonyi",2016,2.84805607795715
"Nakasongola","Buruli","Wabinyonyi",2017,1.0097348690033
"Nakasongola","Buruli","Wabinyonyi",2018,0.619113087654114
"Nakasongola","Buruli","Wabinyonyi",2019,1.88999056816101
"Nakasongola","Buruli","Wabinyonyi",2020,0.52353698015213
"Nakasongola","Buruli","Wabinyonyi",2021,7.12122344970703
"Nakasongola","Buruli","Wabinyonyi",2022,25.8768749237061
"Nakasongola","Buruli","Wabinyonyi",2023,23.2926063537598
"Nakasongola","Buruli","Wabinyonyi",2024,24.7275371551514
"Nebbi","Jonam","Pakwach",2012,0
"Nebbi","Jonam","Pakwach",2013,0
"Nebbi","Jonam","Pakwach",2014,0
"Nebbi","Jonam","Pakwach",2015,0
"Nebbi","Jonam","Pakwach",2016,0
"Nebbi","Jonam","Pakwach",2017,0
"Nebbi","Jonam","Pakwach",2018,0
"Nebbi","Jonam","Pakwach",2019,0
"Nebbi","Jonam","Pakwach",2020,0
"Nebbi","Jonam","Pakwach",2021,0
"Nebbi","Jonam","Pakwach",2022,0
"Nebbi","Jonam","Pakwach",2023,0
"Nebbi","Jonam","Pakwach",2024,0
"Nebbi","Jonam","Pakwach Tc",2012,0
"Nebbi","Jonam","Pakwach Tc",2013,0
"Nebbi","Jonam","Pakwach Tc",2014,0
"Nebbi","Jonam","Pakwach Tc",2015,0
"Nebbi","Jonam","Pakwach Tc",2016,0
"Nebbi","Jonam","Pakwach Tc",2017,0
"Nebbi","Jonam","Pakwach Tc",2018,0
"Nebbi","Jonam","Pakwach Tc",2019,0
"Nebbi","Jonam","Pakwach Tc",2020,0
"Nebbi","Jonam","Pakwach Tc",2021,1.03534519672394
"Nebbi","Jonam","Pakwach Tc",2022,5.90614795684814
"Nebbi","Jonam","Pakwach Tc",2023,7.84162569046021
"Nebbi","Jonam","Pakwach Tc",2024,10.0583982467651
"Nebbi","Jonam","Panyango",2012,0
"Nebbi","Jonam","Panyango",2013,0
"Nebbi","Jonam","Panyango",2014,0
"Nebbi","Jonam","Panyango",2015,0
"Nebbi","Jonam","Panyango",2016,0
"Nebbi","Jonam","Panyango",2017,0
"Nebbi","Jonam","Panyango",2018,0
"Nebbi","Jonam","Panyango",2019,0
"Nebbi","Jonam","Panyango",2020,0
"Nebbi","Jonam","Panyango",2021,0
"Nebbi","Jonam","Panyango",2022,0
"Nebbi","Jonam","Panyango",2023,0
"Nebbi","Jonam","Panyango",2024,0
"Nebbi","Jonam","Panyimur",2012,0
"Nebbi","Jonam","Panyimur",2013,1.88641262054443
"Nebbi","Jonam","Panyimur",2014,0
"Nebbi","Jonam","Panyimur",2015,0
"Nebbi","Jonam","Panyimur",2016,0
"Nebbi","Jonam","Panyimur",2017,0
"Nebbi","Jonam","Panyimur",2018,0
"Nebbi","Jonam","Panyimur",2019,0
"Nebbi","Jonam","Panyimur",2020,0
"Nebbi","Jonam","Panyimur",2021,0
"Nebbi","Jonam","Panyimur",2022,0
"Nebbi","Jonam","Panyimur",2023,0
"Nebbi","Jonam","Panyimur",2024,0
"Nebbi","Jonam","Wadelai",2012,0
"Nebbi","Jonam","Wadelai",2013,0
"Nebbi","Jonam","Wadelai",2014,0
"Nebbi","Jonam","Wadelai",2015,0
"Nebbi","Jonam","Wadelai",2016,0
"Nebbi","Jonam","Wadelai",2017,0
"Nebbi","Jonam","Wadelai",2018,0
"Nebbi","Jonam","Wadelai",2019,0
"Nebbi","Jonam","Wadelai",2020,0
"Nebbi","Jonam","Wadelai",2021,0
"Nebbi","Jonam","Wadelai",2022,0
"Nebbi","Jonam","Wadelai",2023,0
"Nebbi","Jonam","Wadelai",2024,0
"Nebbi","Okoro","Atyak",2012,0
"Nebbi","Okoro","Atyak",2013,0
"Nebbi","Okoro","Atyak",2014,0
"Nebbi","Okoro","Atyak",2015,0
"Nebbi","Okoro","Atyak",2016,0
"Nebbi","Okoro","Atyak",2017,0
"Nebbi","Okoro","Atyak",2018,0
"Nebbi","Okoro","Atyak",2019,0
"Nebbi","Okoro","Atyak",2020,0
"Nebbi","Okoro","Atyak",2021,0
"Nebbi","Okoro","Atyak",2022,0
"Nebbi","Okoro","Atyak",2023,1.05896544456482
"Nebbi","Okoro","Atyak",2024,0
"Nebbi","Okoro","Jangokoro",2012,0
"Nebbi","Okoro","Jangokoro",2013,0
"Nebbi","Okoro","Jangokoro",2014,0
"Nebbi","Okoro","Jangokoro",2015,0
"Nebbi","Okoro","Jangokoro",2016,0
"Nebbi","Okoro","Jangokoro",2017,0
"Nebbi","Okoro","Jangokoro",2018,0
"Nebbi","Okoro","Jangokoro",2019,0
"Nebbi","Okoro","Jangokoro",2020,0
"Nebbi","Okoro","Jangokoro",2021,0
"Nebbi","Okoro","Jangokoro",2022,0
"Nebbi","Okoro","Jangokoro",2023,0
"Nebbi","Okoro","Jangokoro",2024,0
"Nebbi","Okoro","Kango",2012,0
"Nebbi","Okoro","Kango",2013,0
"Nebbi","Okoro","Kango",2014,0
"Nebbi","Okoro","Kango",2015,0
"Nebbi","Okoro","Kango",2016,0
"Nebbi","Okoro","Kango",2017,0
"Nebbi","Okoro","Kango",2018,0
"Nebbi","Okoro","Kango",2019,0
"Nebbi","Okoro","Kango",2020,0
"Nebbi","Okoro","Kango",2021,0
"Nebbi","Okoro","Kango",2022,0
"Nebbi","Okoro","Kango",2023,1.008753657341
"Nebbi","Okoro","Kango",2024,0
"Nebbi","Okoro","Nyapea",2012,0
"Nebbi","Okoro","Nyapea",2013,0
"Nebbi","Okoro","Nyapea",2014,0
"Nebbi","Okoro","Nyapea",2015,0
"Nebbi","Okoro","Nyapea",2016,0
"Nebbi","Okoro","Nyapea",2017,0
"Nebbi","Okoro","Nyapea",2018,0
"Nebbi","Okoro","Nyapea",2019,0
"Nebbi","Okoro","Nyapea",2020,0
"Nebbi","Okoro","Nyapea",2021,0
"Nebbi","Okoro","Nyapea",2022,0
"Nebbi","Okoro","Nyapea",2023,0.189102306962013
"Nebbi","Okoro","Nyapea",2024,0
"Nebbi","Okoro","Paidha",2012,0
"Nebbi","Okoro","Paidha",2013,0
"Nebbi","Okoro","Paidha",2014,0
"Nebbi","Okoro","Paidha",2015,0
"Nebbi","Okoro","Paidha",2016,1.97464370727539
"Nebbi","Okoro","Paidha",2017,0.544902205467224
"Nebbi","Okoro","Paidha",2018,0
"Nebbi","Okoro","Paidha",2019,0
"Nebbi","Okoro","Paidha",2020,0.651971042156219
"Nebbi","Okoro","Paidha",2021,0.63899952173233
"Nebbi","Okoro","Paidha",2022,0.688182711601257
"Nebbi","Okoro","Paidha",2023,3.97121906280518
"Nebbi","Okoro","Paidha",2024,0.387812793254852
"Nebbi","Okoro","Paidha Tc",2012,0
"Nebbi","Okoro","Paidha Tc",2013,6.61292457580566
"Nebbi","Okoro","Paidha Tc",2014,5.52354288101196
"Nebbi","Okoro","Paidha Tc",2015,4.51374816894531
"Nebbi","Okoro","Paidha Tc",2016,4.76447677612305
"Nebbi","Okoro","Paidha Tc",2017,2.35350275039673
"Nebbi","Okoro","Paidha Tc",2018,3.88950538635254
"Nebbi","Okoro","Paidha Tc",2019,1.20974397659302
"Nebbi","Okoro","Paidha Tc",2020,7.15181636810303
"Nebbi","Okoro","Paidha Tc",2021,5.31060600280762
"Nebbi","Okoro","Paidha Tc",2022,14.6302261352539
"Nebbi","Okoro","Paidha Tc",2023,25.5232753753662
"Nebbi","Okoro","Paidha Tc",2024,28.4102230072021
"Nebbi","Okoro","Zeu",2012,0
"Nebbi","Okoro","Zeu",2013,0
"Nebbi","Okoro","Zeu",2014,0
"Nebbi","Okoro","Zeu",2015,0
"Nebbi","Okoro","Zeu",2016,0
"Nebbi","Okoro","Zeu",2017,0
"Nebbi","Okoro","Zeu",2018,0
"Nebbi","Okoro","Zeu",2019,0
"Nebbi","Okoro","Zeu",2020,0
"Nebbi","Okoro","Zeu",2021,0
"Nebbi","Okoro","Zeu",2022,0
"Nebbi","Okoro","Zeu",2023,0.51836085319519
"Nebbi","Okoro","Zeu",2024,0
"Nebbi","Padyere","Akworo",2012,0
"Nebbi","Padyere","Akworo",2013,0
"Nebbi","Padyere","Akworo",2014,0
"Nebbi","Padyere","Akworo",2015,0
"Nebbi","Padyere","Akworo",2016,0
"Nebbi","Padyere","Akworo",2017,0
"Nebbi","Padyere","Akworo",2018,0
"Nebbi","Padyere","Akworo",2019,0
"Nebbi","Padyere","Akworo",2020,0
"Nebbi","Padyere","Akworo",2021,0
"Nebbi","Padyere","Akworo",2022,0
"Nebbi","Padyere","Akworo",2023,0
"Nebbi","Padyere","Akworo",2024,0
"Nebbi","Padyere","Erussi",2012,0
"Nebbi","Padyere","Erussi",2013,0
"Nebbi","Padyere","Erussi",2014,0
"Nebbi","Padyere","Erussi",2015,0
"Nebbi","Padyere","Erussi",2016,0
"Nebbi","Padyere","Erussi",2017,0
"Nebbi","Padyere","Erussi",2018,0
"Nebbi","Padyere","Erussi",2019,0
"Nebbi","Padyere","Erussi",2020,0
"Nebbi","Padyere","Erussi",2021,0
"Nebbi","Padyere","Erussi",2022,0
"Nebbi","Padyere","Erussi",2023,0
"Nebbi","Padyere","Erussi",2024,0.361727565526962
"Nebbi","Padyere","Kucwiny",2012,0
"Nebbi","Padyere","Kucwiny",2013,0
"Nebbi","Padyere","Kucwiny",2014,0
"Nebbi","Padyere","Kucwiny",2015,0
"Nebbi","Padyere","Kucwiny",2016,0
"Nebbi","Padyere","Kucwiny",2017,0
"Nebbi","Padyere","Kucwiny",2018,0
"Nebbi","Padyere","Kucwiny",2019,0
"Nebbi","Padyere","Kucwiny",2020,0
"Nebbi","Padyere","Kucwiny",2021,0
"Nebbi","Padyere","Kucwiny",2022,2.43498492240906
"Nebbi","Padyere","Kucwiny",2023,2.75926184654236
"Nebbi","Padyere","Kucwiny",2024,1.58383321762085
"Nebbi","Padyere","Nebbi",2012,0
"Nebbi","Padyere","Nebbi",2013,0
"Nebbi","Padyere","Nebbi",2014,0
"Nebbi","Padyere","Nebbi",2015,0
"Nebbi","Padyere","Nebbi",2016,0
"Nebbi","Padyere","Nebbi",2017,0
"Nebbi","Padyere","Nebbi",2018,0
"Nebbi","Padyere","Nebbi",2019,0
"Nebbi","Padyere","Nebbi",2020,0
"Nebbi","Padyere","Nebbi",2021,0
"Nebbi","Padyere","Nebbi",2022,0
"Nebbi","Padyere","Nebbi",2023,0.557941257953644
"Nebbi","Padyere","Nebbi",2024,0.756199419498444
"Nebbi","Padyere","Nebbi Tc",2012,0.539550721645355
"Nebbi","Padyere","Nebbi Tc",2013,10.4196758270264
"Nebbi","Padyere","Nebbi Tc",2014,10.0071659088135
"Nebbi","Padyere","Nebbi Tc",2015,16.0614948272705
"Nebbi","Padyere","Nebbi Tc",2016,3.83525037765503
"Nebbi","Padyere","Nebbi Tc",2017,1.11763024330139
"Nebbi","Padyere","Nebbi Tc",2018,2.74640512466431
"Nebbi","Padyere","Nebbi Tc",2019,1.32237601280212
"Nebbi","Padyere","Nebbi Tc",2020,4.07453393936157
"Nebbi","Padyere","Nebbi Tc",2021,6.31107664108276
"Nebbi","Padyere","Nebbi Tc",2022,23.7474956512451
"Nebbi","Padyere","Nebbi Tc",2023,36.438102722168
"Nebbi","Padyere","Nebbi Tc",2024,41.1371307373047
"Nebbi","Padyere","Nyaravur",2012,0
"Nebbi","Padyere","Nyaravur",2013,0
"Nebbi","Padyere","Nyaravur",2014,0
"Nebbi","Padyere","Nyaravur",2015,0
"Nebbi","Padyere","Nyaravur",2016,0
"Nebbi","Padyere","Nyaravur",2017,0
"Nebbi","Padyere","Nyaravur",2018,0
"Nebbi","Padyere","Nyaravur",2019,0
"Nebbi","Padyere","Nyaravur",2020,0
"Nebbi","Padyere","Nyaravur",2021,0
"Nebbi","Padyere","Nyaravur",2022,0
"Nebbi","Padyere","Nyaravur",2023,0
"Nebbi","Padyere","Nyaravur",2024,0.597440302371979
"Nebbi","Padyere","Parombo",2012,0
"Nebbi","Padyere","Parombo",2013,0
"Nebbi","Padyere","Parombo",2014,0
"Nebbi","Padyere","Parombo",2015,0
"Nebbi","Padyere","Parombo",2016,0
"Nebbi","Padyere","Parombo",2017,0
"Nebbi","Padyere","Parombo",2018,0
"Nebbi","Padyere","Parombo",2019,0
"Nebbi","Padyere","Parombo",2020,0.512587785720825
"Nebbi","Padyere","Parombo",2021,2.28176617622375
"Nebbi","Padyere","Parombo",2022,3.39526605606079
"Nebbi","Padyere","Parombo",2023,5.56844186782837
"Nebbi","Padyere","Parombo",2024,6.74371910095215
"Ntungamo","Kajara","Bwongyera",2012,0.792757451534271
"Ntungamo","Kajara","Bwongyera",2013,0
"Ntungamo","Kajara","Bwongyera",2014,0
"Ntungamo","Kajara","Bwongyera",2015,0
"Ntungamo","Kajara","Bwongyera",2016,0
"Ntungamo","Kajara","Bwongyera",2017,0
"Ntungamo","Kajara","Bwongyera",2018,0
"Ntungamo","Kajara","Bwongyera",2019,0
"Ntungamo","Kajara","Bwongyera",2020,0
"Ntungamo","Kajara","Bwongyera",2021,0
"Ntungamo","Kajara","Bwongyera",2022,0.605322122573853
"Ntungamo","Kajara","Bwongyera",2023,9.1031665802002
"Ntungamo","Kajara","Bwongyera",2024,7.24664449691772
"Ntungamo","Kajara","Ihunga",2012,0
"Ntungamo","Kajara","Ihunga",2013,0
"Ntungamo","Kajara","Ihunga",2014,0
"Ntungamo","Kajara","Ihunga",2015,0
"Ntungamo","Kajara","Ihunga",2016,0
"Ntungamo","Kajara","Ihunga",2017,0
"Ntungamo","Kajara","Ihunga",2018,0
"Ntungamo","Kajara","Ihunga",2019,0
"Ntungamo","Kajara","Ihunga",2020,0
"Ntungamo","Kajara","Ihunga",2021,0
"Ntungamo","Kajara","Ihunga",2022,0.571310460567474
"Ntungamo","Kajara","Ihunga",2023,3.97848272323608
"Ntungamo","Kajara","Ihunga",2024,3.53012919425964
"Ntungamo","Kajara","Kibatsi",2012,0
"Ntungamo","Kajara","Kibatsi",2013,0
"Ntungamo","Kajara","Kibatsi",2014,0.509094893932343
"Ntungamo","Kajara","Kibatsi",2015,0
"Ntungamo","Kajara","Kibatsi",2016,0
"Ntungamo","Kajara","Kibatsi",2017,3.03139591217041
"Ntungamo","Kajara","Kibatsi",2018,1.03144836425781
"Ntungamo","Kajara","Kibatsi",2019,0
"Ntungamo","Kajara","Kibatsi",2020,0
"Ntungamo","Kajara","Kibatsi",2021,0.545720040798187
"Ntungamo","Kajara","Kibatsi",2022,1.3020316362381
"Ntungamo","Kajara","Kibatsi",2023,2.09315729141235
"Ntungamo","Kajara","Kibatsi",2024,2.61444044113159
"Ntungamo","Kajara","Nyabihoko",2012,0.802423179149628
"Ntungamo","Kajara","Nyabihoko",2013,0
"Ntungamo","Kajara","Nyabihoko",2014,0
"Ntungamo","Kajara","Nyabihoko",2015,0
"Ntungamo","Kajara","Nyabihoko",2016,0
"Ntungamo","Kajara","Nyabihoko",2017,0
"Ntungamo","Kajara","Nyabihoko",2018,0
"Ntungamo","Kajara","Nyabihoko",2019,0
"Ntungamo","Kajara","Nyabihoko",2020,0
"Ntungamo","Kajara","Nyabihoko",2021,0
"Ntungamo","Kajara","Nyabihoko",2022,2.22372388839722
"Ntungamo","Kajara","Nyabihoko",2023,4.22330284118652
"Ntungamo","Kajara","Nyabihoko",2024,6.21731662750244
"Ntungamo","Ruhaama","Itojo",2012,1.74254894256592
"Ntungamo","Ruhaama","Itojo",2013,0.507704019546509
"Ntungamo","Ruhaama","Itojo",2014,0
"Ntungamo","Ruhaama","Itojo",2015,0
"Ntungamo","Ruhaama","Itojo",2016,0
"Ntungamo","Ruhaama","Itojo",2017,0
"Ntungamo","Ruhaama","Itojo",2018,0
"Ntungamo","Ruhaama","Itojo",2019,0
"Ntungamo","Ruhaama","Itojo",2020,0
"Ntungamo","Ruhaama","Itojo",2021,0.501889407634735
"Ntungamo","Ruhaama","Itojo",2022,2.76265597343445
"Ntungamo","Ruhaama","Itojo",2023,5.08723878860474
"Ntungamo","Ruhaama","Itojo",2024,5.41893100738525
"Ntungamo","Ruhaama","Ntungamo",2012,0
"Ntungamo","Ruhaama","Ntungamo",2013,0
"Ntungamo","Ruhaama","Ntungamo",2014,0
"Ntungamo","Ruhaama","Ntungamo",2015,0
"Ntungamo","Ruhaama","Ntungamo",2016,0
"Ntungamo","Ruhaama","Ntungamo",2017,0
"Ntungamo","Ruhaama","Ntungamo",2018,0
"Ntungamo","Ruhaama","Ntungamo",2019,0
"Ntungamo","Ruhaama","Ntungamo",2020,0
"Ntungamo","Ruhaama","Ntungamo",2021,0
"Ntungamo","Ruhaama","Ntungamo",2022,0
"Ntungamo","Ruhaama","Ntungamo",2023,2.96923017501831
"Ntungamo","Ruhaama","Ntungamo",2024,6.6032600402832
"Ntungamo","Ruhaama","Ntungamo Tc",2012,16.2008018493652
"Ntungamo","Ruhaama","Ntungamo Tc",2013,12.5545015335083
"Ntungamo","Ruhaama","Ntungamo Tc",2014,11.2331638336182
"Ntungamo","Ruhaama","Ntungamo Tc",2015,10.6912698745728
"Ntungamo","Ruhaama","Ntungamo Tc",2016,13.3201274871826
"Ntungamo","Ruhaama","Ntungamo Tc",2017,12.2440690994263
"Ntungamo","Ruhaama","Ntungamo Tc",2018,42.4378967285156
"Ntungamo","Ruhaama","Ntungamo Tc",2019,44.6234474182129
"Ntungamo","Ruhaama","Ntungamo Tc",2020,56.2561378479004
"Ntungamo","Ruhaama","Ntungamo Tc",2021,67.0554962158203
"Ntungamo","Ruhaama","Ntungamo Tc",2022,88.3804626464844
"Ntungamo","Ruhaama","Ntungamo Tc",2023,109.427680969238
"Ntungamo","Ruhaama","Ntungamo Tc",2024,111.912391662598
"Ntungamo","Ruhaama","Nyakyera",2012,0
"Ntungamo","Ruhaama","Nyakyera",2013,0
"Ntungamo","Ruhaama","Nyakyera",2014,0
"Ntungamo","Ruhaama","Nyakyera",2015,0
"Ntungamo","Ruhaama","Nyakyera",2016,0
"Ntungamo","Ruhaama","Nyakyera",2017,0
"Ntungamo","Ruhaama","Nyakyera",2018,0
"Ntungamo","Ruhaama","Nyakyera",2019,0
"Ntungamo","Ruhaama","Nyakyera",2020,0
"Ntungamo","Ruhaama","Nyakyera",2021,0
"Ntungamo","Ruhaama","Nyakyera",2022,0
"Ntungamo","Ruhaama","Nyakyera",2023,0
"Ntungamo","Ruhaama","Nyakyera",2024,2.84832906723022
"Ntungamo","Ruhaama","Ruhaama",2012,0
"Ntungamo","Ruhaama","Ruhaama",2013,0
"Ntungamo","Ruhaama","Ruhaama",2014,0
"Ntungamo","Ruhaama","Ruhaama",2015,3.56469297409058
"Ntungamo","Ruhaama","Ruhaama",2016,9.81994438171387
"Ntungamo","Ruhaama","Ruhaama",2017,10.1774578094482
"Ntungamo","Ruhaama","Ruhaama",2018,6.95662498474121
"Ntungamo","Ruhaama","Ruhaama",2019,4.39068651199341
"Ntungamo","Ruhaama","Ruhaama",2020,4.63408660888672
"Ntungamo","Ruhaama","Ruhaama",2021,9.41152954101562
"Ntungamo","Ruhaama","Ruhaama",2022,16.1262149810791
"Ntungamo","Ruhaama","Ruhaama",2023,26.2205944061279
"Ntungamo","Ruhaama","Ruhaama",2024,21.7980079650879
"Ntungamo","Ruhaama","Rukoni",2012,0
"Ntungamo","Ruhaama","Rukoni",2013,0
"Ntungamo","Ruhaama","Rukoni",2014,0
"Ntungamo","Ruhaama","Rukoni",2015,0
"Ntungamo","Ruhaama","Rukoni",2016,0
"Ntungamo","Ruhaama","Rukoni",2017,0
"Ntungamo","Ruhaama","Rukoni",2018,0
"Ntungamo","Ruhaama","Rukoni",2019,0.503279089927673
"Ntungamo","Ruhaama","Rukoni",2020,1.13697052001953
"Ntungamo","Ruhaama","Rukoni",2021,1.64017105102539
"Ntungamo","Ruhaama","Rukoni",2022,3.27453875541687
"Ntungamo","Ruhaama","Rukoni",2023,3.90467286109924
"Ntungamo","Ruhaama","Rukoni",2024,10.3421068191528
"Ntungamo","Ruhaama","Rweikiniro",2012,0
"Ntungamo","Ruhaama","Rweikiniro",2013,0
"Ntungamo","Ruhaama","Rweikiniro",2014,0
"Ntungamo","Ruhaama","Rweikiniro",2015,0
"Ntungamo","Ruhaama","Rweikiniro",2016,0
"Ntungamo","Ruhaama","Rweikiniro",2017,0
"Ntungamo","Ruhaama","Rweikiniro",2018,0
"Ntungamo","Ruhaama","Rweikiniro",2019,0
"Ntungamo","Ruhaama","Rweikiniro",2020,0
"Ntungamo","Ruhaama","Rweikiniro",2021,0
"Ntungamo","Ruhaama","Rweikiniro",2022,0
"Ntungamo","Ruhaama","Rweikiniro",2023,1.3206969499588
"Ntungamo","Ruhaama","Rweikiniro",2024,1.13864207267761
"Ntungamo","Rushenyi","Kayonza",2012,0.500466704368591
"Ntungamo","Rushenyi","Kayonza",2013,0.701940357685089
"Ntungamo","Rushenyi","Kayonza",2014,0.700655460357666
"Ntungamo","Rushenyi","Kayonza",2015,0
"Ntungamo","Rushenyi","Kayonza",2016,0
"Ntungamo","Rushenyi","Kayonza",2017,0
"Ntungamo","Rushenyi","Kayonza",2018,0
"Ntungamo","Rushenyi","Kayonza",2019,0
"Ntungamo","Rushenyi","Kayonza",2020,0
"Ntungamo","Rushenyi","Kayonza",2021,0
"Ntungamo","Rushenyi","Kayonza",2022,1.9990336894989
"Ntungamo","Rushenyi","Kayonza",2023,2.34472346305847
"Ntungamo","Rushenyi","Kayonza",2024,3.21615433692932
"Ntungamo","Rushenyi","Ngoma",2012,0.594672799110413
"Ntungamo","Rushenyi","Ngoma",2013,0
"Ntungamo","Rushenyi","Ngoma",2014,0
"Ntungamo","Rushenyi","Ngoma",2015,0
"Ntungamo","Rushenyi","Ngoma",2016,0
"Ntungamo","Rushenyi","Ngoma",2017,0
"Ntungamo","Rushenyi","Ngoma",2018,0
"Ntungamo","Rushenyi","Ngoma",2019,0
"Ntungamo","Rushenyi","Ngoma",2020,0
"Ntungamo","Rushenyi","Ngoma",2021,0
"Ntungamo","Rushenyi","Ngoma",2022,1.50097799301147
"Ntungamo","Rushenyi","Ngoma",2023,1.89496517181396
"Ntungamo","Rushenyi","Ngoma",2024,3.78153681755066
"Ntungamo","Rushenyi","Rubaare",2012,6.25087308883667
"Ntungamo","Rushenyi","Rubaare",2013,4.43429660797119
"Ntungamo","Rushenyi","Rubaare",2014,5.68428325653076
"Ntungamo","Rushenyi","Rubaare",2015,3.12738132476807
"Ntungamo","Rushenyi","Rubaare",2016,4.02543115615845
"Ntungamo","Rushenyi","Rubaare",2017,7.18662643432617
"Ntungamo","Rushenyi","Rubaare",2018,9.04626655578613
"Ntungamo","Rushenyi","Rubaare",2019,3.46760010719299
"Ntungamo","Rushenyi","Rubaare",2020,4.81003475189209
"Ntungamo","Rushenyi","Rubaare",2021,6.7250804901123
"Ntungamo","Rushenyi","Rubaare",2022,15.3086433410645
"Ntungamo","Rushenyi","Rubaare",2023,24.9754371643066
"Ntungamo","Rushenyi","Rubaare",2024,30.7558307647705
"Ntungamo","Rushenyi","Rugarama",2012,0
"Ntungamo","Rushenyi","Rugarama",2013,0
"Ntungamo","Rushenyi","Rugarama",2014,0
"Ntungamo","Rushenyi","Rugarama",2015,0
"Ntungamo","Rushenyi","Rugarama",2016,0
"Ntungamo","Rushenyi","Rugarama",2017,0
"Ntungamo","Rushenyi","Rugarama",2018,0
"Ntungamo","Rushenyi","Rugarama",2019,0
"Ntungamo","Rushenyi","Rugarama",2020,0
"Ntungamo","Rushenyi","Rugarama",2021,0
"Ntungamo","Rushenyi","Rugarama",2022,0
"Ntungamo","Rushenyi","Rugarama",2023,0
"Ntungamo","Rushenyi","Rugarama",2024,0
"Pader","Agago","Adilang",2012,0
"Pader","Agago","Adilang",2013,0
"Pader","Agago","Adilang",2014,0
"Pader","Agago","Adilang",2015,0
"Pader","Agago","Adilang",2016,0
"Pader","Agago","Adilang",2017,0
"Pader","Agago","Adilang",2018,0
"Pader","Agago","Adilang",2019,0
"Pader","Agago","Adilang",2020,0
"Pader","Agago","Adilang",2021,0
"Pader","Agago","Adilang",2022,0
"Pader","Agago","Adilang",2023,0
"Pader","Agago","Adilang",2024,0
"Pader","Agago","Lapono",2012,0
"Pader","Agago","Lapono",2013,0
"Pader","Agago","Lapono",2014,0
"Pader","Agago","Lapono",2015,0
"Pader","Agago","Lapono",2016,0
"Pader","Agago","Lapono",2017,0
"Pader","Agago","Lapono",2018,0
"Pader","Agago","Lapono",2019,0
"Pader","Agago","Lapono",2020,0
"Pader","Agago","Lapono",2021,0
"Pader","Agago","Lapono",2022,0
"Pader","Agago","Lapono",2023,0
"Pader","Agago","Lapono",2024,0
"Pader","Agago","Lira Palwo",2012,0
"Pader","Agago","Lira Palwo",2013,0
"Pader","Agago","Lira Palwo",2014,0
"Pader","Agago","Lira Palwo",2015,0
"Pader","Agago","Lira Palwo",2016,0
"Pader","Agago","Lira Palwo",2017,0
"Pader","Agago","Lira Palwo",2018,0
"Pader","Agago","Lira Palwo",2019,0
"Pader","Agago","Lira Palwo",2020,0
"Pader","Agago","Lira Palwo",2021,0
"Pader","Agago","Lira Palwo",2022,0
"Pader","Agago","Lira Palwo",2023,0
"Pader","Agago","Lira Palwo",2024,0
"Pader","Agago","Lukole",2012,0
"Pader","Agago","Lukole",2013,0
"Pader","Agago","Lukole",2014,0
"Pader","Agago","Lukole",2015,0
"Pader","Agago","Lukole",2016,0
"Pader","Agago","Lukole",2017,0
"Pader","Agago","Lukole",2018,0
"Pader","Agago","Lukole",2019,0
"Pader","Agago","Lukole",2020,0
"Pader","Agago","Lukole",2021,0
"Pader","Agago","Lukole",2022,0
"Pader","Agago","Lukole",2023,0
"Pader","Agago","Lukole",2024,0
"Pader","Agago","Omot",2012,0
"Pader","Agago","Omot",2013,0
"Pader","Agago","Omot",2014,0
"Pader","Agago","Omot",2015,0
"Pader","Agago","Omot",2016,0
"Pader","Agago","Omot",2017,0
"Pader","Agago","Omot",2018,0
"Pader","Agago","Omot",2019,0
"Pader","Agago","Omot",2020,0
"Pader","Agago","Omot",2021,0
"Pader","Agago","Omot",2022,0
"Pader","Agago","Omot",2023,0
"Pader","Agago","Omot",2024,0
"Pader","Agago","Paimol",2012,0
"Pader","Agago","Paimol",2013,0
"Pader","Agago","Paimol",2014,0
"Pader","Agago","Paimol",2015,0
"Pader","Agago","Paimol",2016,0
"Pader","Agago","Paimol",2017,0
"Pader","Agago","Paimol",2018,0
"Pader","Agago","Paimol",2019,0
"Pader","Agago","Paimol",2020,0
"Pader","Agago","Paimol",2021,0
"Pader","Agago","Paimol",2022,0
"Pader","Agago","Paimol",2023,0
"Pader","Agago","Paimol",2024,0
"Pader","Agago","Parabongo",2012,0
"Pader","Agago","Parabongo",2013,0
"Pader","Agago","Parabongo",2014,0
"Pader","Agago","Parabongo",2015,0.515274167060852
"Pader","Agago","Parabongo",2016,0
"Pader","Agago","Parabongo",2017,0
"Pader","Agago","Parabongo",2018,0
"Pader","Agago","Parabongo",2019,0
"Pader","Agago","Parabongo",2020,1.90559244155884
"Pader","Agago","Parabongo",2021,0.693394184112549
"Pader","Agago","Parabongo",2022,4.10546875
"Pader","Agago","Parabongo",2023,5.72306680679321
"Pader","Agago","Parabongo",2024,5.06882238388062
"Pader","Agago","Patongo",2012,0
"Pader","Agago","Patongo",2013,0
"Pader","Agago","Patongo",2014,0
"Pader","Agago","Patongo",2015,0
"Pader","Agago","Patongo",2016,0
"Pader","Agago","Patongo",2017,0
"Pader","Agago","Patongo",2018,0
"Pader","Agago","Patongo",2019,0
"Pader","Agago","Patongo",2020,0
"Pader","Agago","Patongo",2021,0
"Pader","Agago","Patongo",2022,0
"Pader","Agago","Patongo",2023,1.72027015686035
"Pader","Agago","Patongo",2024,1.04360198974609
"Pader","Agago","Wol",2012,0
"Pader","Agago","Wol",2013,0
"Pader","Agago","Wol",2014,0
"Pader","Agago","Wol",2015,0
"Pader","Agago","Wol",2016,0
"Pader","Agago","Wol",2017,0
"Pader","Agago","Wol",2018,0
"Pader","Agago","Wol",2019,0
"Pader","Agago","Wol",2020,0
"Pader","Agago","Wol",2021,0
"Pader","Agago","Wol",2022,0
"Pader","Agago","Wol",2023,0
"Pader","Agago","Wol",2024,0
"Pader","Aruu","Acholibur",2012,0
"Pader","Aruu","Acholibur",2013,0
"Pader","Aruu","Acholibur",2014,0
"Pader","Aruu","Acholibur",2015,0
"Pader","Aruu","Acholibur",2016,0
"Pader","Aruu","Acholibur",2017,0
"Pader","Aruu","Acholibur",2018,0
"Pader","Aruu","Acholibur",2019,0
"Pader","Aruu","Acholibur",2020,0
"Pader","Aruu","Acholibur",2021,0
"Pader","Aruu","Acholibur",2022,0
"Pader","Aruu","Acholibur",2023,0
"Pader","Aruu","Acholibur",2024,0
"Pader","Aruu","Atanga",2012,0
"Pader","Aruu","Atanga",2013,0
"Pader","Aruu","Atanga",2014,0
"Pader","Aruu","Atanga",2015,0
"Pader","Aruu","Atanga",2016,2.02905941009521
"Pader","Aruu","Atanga",2017,4.59151649475098
"Pader","Aruu","Atanga",2018,6.85547304153442
"Pader","Aruu","Atanga",2019,6.72196245193481
"Pader","Aruu","Atanga",2020,5.98593902587891
"Pader","Aruu","Atanga",2021,11.5662832260132
"Pader","Aruu","Atanga",2022,40.4330215454102
"Pader","Aruu","Atanga",2023,19.047700881958
"Pader","Aruu","Atanga",2024,24.0217952728271
"Pader","Aruu","Awere",2012,0
"Pader","Aruu","Awere",2013,0
"Pader","Aruu","Awere",2014,0
"Pader","Aruu","Awere",2015,0
"Pader","Aruu","Awere",2016,0
"Pader","Aruu","Awere",2017,0
"Pader","Aruu","Awere",2018,0
"Pader","Aruu","Awere",2019,0
"Pader","Aruu","Awere",2020,0
"Pader","Aruu","Awere",2021,0
"Pader","Aruu","Awere",2022,0
"Pader","Aruu","Awere",2023,0
"Pader","Aruu","Awere",2024,0
"Pader","Aruu","Kilak",2012,0
"Pader","Aruu","Kilak",2013,0
"Pader","Aruu","Kilak",2014,0
"Pader","Aruu","Kilak",2015,0
"Pader","Aruu","Kilak",2016,0
"Pader","Aruu","Kilak",2017,0
"Pader","Aruu","Kilak",2018,0
"Pader","Aruu","Kilak",2019,0
"Pader","Aruu","Kilak",2020,0
"Pader","Aruu","Kilak",2021,0
"Pader","Aruu","Kilak",2022,0
"Pader","Aruu","Kilak",2023,0
"Pader","Aruu","Kilak",2024,0
"Pader","Aruu","Laguti",2012,0
"Pader","Aruu","Laguti",2013,0
"Pader","Aruu","Laguti",2014,0
"Pader","Aruu","Laguti",2015,0
"Pader","Aruu","Laguti",2016,0
"Pader","Aruu","Laguti",2017,0
"Pader","Aruu","Laguti",2018,0
"Pader","Aruu","Laguti",2019,0
"Pader","Aruu","Laguti",2020,0
"Pader","Aruu","Laguti",2021,0
"Pader","Aruu","Laguti",2022,0
"Pader","Aruu","Laguti",2023,0
"Pader","Aruu","Laguti",2024,0
"Pader","Aruu","Lapul",2012,0
"Pader","Aruu","Lapul",2013,0
"Pader","Aruu","Lapul",2014,0
"Pader","Aruu","Lapul",2015,0
"Pader","Aruu","Lapul",2016,0
"Pader","Aruu","Lapul",2017,0.452035784721375
"Pader","Aruu","Lapul",2018,0
"Pader","Aruu","Lapul",2019,0
"Pader","Aruu","Lapul",2020,0
"Pader","Aruu","Lapul",2021,0.628778576850891
"Pader","Aruu","Lapul",2022,1.56991899013519
"Pader","Aruu","Lapul",2023,0.858256340026855
"Pader","Aruu","Lapul",2024,1.39696896076202
"Pader","Aruu","Pader T.C.",2012,0
"Pader","Aruu","Pader T.C.",2013,0.501023590564728
"Pader","Aruu","Pader T.C.",2014,0
"Pader","Aruu","Pader T.C.",2015,0.500755488872528
"Pader","Aruu","Pader T.C.",2016,0
"Pader","Aruu","Pader T.C.",2017,0
"Pader","Aruu","Pader T.C.",2018,0.53255820274353
"Pader","Aruu","Pader T.C.",2019,0.623544454574585
"Pader","Aruu","Pader T.C.",2020,0
"Pader","Aruu","Pader T.C.",2021,0
"Pader","Aruu","Pader T.C.",2022,1.0487447977066
"Pader","Aruu","Pader T.C.",2023,2.26970648765564
"Pader","Aruu","Pader T.C.",2024,3.47396922111511
"Pader","Aruu","Pajule",2012,0
"Pader","Aruu","Pajule",2013,0
"Pader","Aruu","Pajule",2014,0
"Pader","Aruu","Pajule",2015,0
"Pader","Aruu","Pajule",2016,0
"Pader","Aruu","Pajule",2017,0.551036238670349
"Pader","Aruu","Pajule",2018,0
"Pader","Aruu","Pajule",2019,0
"Pader","Aruu","Pajule",2020,0
"Pader","Aruu","Pajule",2021,0.839683711528778
"Pader","Aruu","Pajule",2022,1.15809273719788
"Pader","Aruu","Pajule",2023,0.391055881977081
"Pader","Aruu","Pajule",2024,1.5285884141922
"Pader","Aruu","Puranga",2012,0
"Pader","Aruu","Puranga",2013,0
"Pader","Aruu","Puranga",2014,0
"Pader","Aruu","Puranga",2015,0
"Pader","Aruu","Puranga",2016,0
"Pader","Aruu","Puranga",2017,0
"Pader","Aruu","Puranga",2018,0
"Pader","Aruu","Puranga",2019,0
"Pader","Aruu","Puranga",2020,0
"Pader","Aruu","Puranga",2021,0
"Pader","Aruu","Puranga",2022,0
"Pader","Aruu","Puranga",2023,0
"Pader","Aruu","Puranga",2024,0
"Pallisa","Budaka","Budaka",2012,0.600898444652557
"Pallisa","Budaka","Budaka",2013,1.64452338218689
"Pallisa","Budaka","Budaka",2014,0
"Pallisa","Budaka","Budaka",2015,2.34407329559326
"Pallisa","Budaka","Budaka",2016,0.531438767910004
"Pallisa","Budaka","Budaka",2017,0
"Pallisa","Budaka","Budaka",2018,0
"Pallisa","Budaka","Budaka",2019,0
"Pallisa","Budaka","Budaka",2020,0.537773668766022
"Pallisa","Budaka","Budaka",2021,3.22607278823853
"Pallisa","Budaka","Budaka",2022,9.40491962432861
"Pallisa","Budaka","Budaka",2023,17.0021133422852
"Pallisa","Budaka","Budaka",2024,24.9928607940674
"Pallisa","Budaka","Iki-Iki",2012,0
"Pallisa","Budaka","Iki-Iki",2013,0
"Pallisa","Budaka","Iki-Iki",2014,0
"Pallisa","Budaka","Iki-Iki",2015,0
"Pallisa","Budaka","Iki-Iki",2016,0
"Pallisa","Budaka","Iki-Iki",2017,0
"Pallisa","Budaka","Iki-Iki",2018,1.10992765426636
"Pallisa","Budaka","Iki-Iki",2019,0
"Pallisa","Budaka","Iki-Iki",2020,0
"Pallisa","Budaka","Iki-Iki",2021,0
"Pallisa","Budaka","Iki-Iki",2022,0
"Pallisa","Budaka","Iki-Iki",2023,1.02844929695129
"Pallisa","Budaka","Iki-Iki",2024,1.04257655143738
"Pallisa","Budaka","Kaderuna",2012,0
"Pallisa","Budaka","Kaderuna",2013,0
"Pallisa","Budaka","Kaderuna",2014,0
"Pallisa","Budaka","Kaderuna",2015,0
"Pallisa","Budaka","Kaderuna",2016,0
"Pallisa","Budaka","Kaderuna",2017,0
"Pallisa","Budaka","Kaderuna",2018,0
"Pallisa","Budaka","Kaderuna",2019,0
"Pallisa","Budaka","Kaderuna",2020,0
"Pallisa","Budaka","Kaderuna",2021,0
"Pallisa","Budaka","Kaderuna",2022,0
"Pallisa","Budaka","Kaderuna",2023,0
"Pallisa","Budaka","Kaderuna",2024,0
"Pallisa","Budaka","Kameruka",2012,0
"Pallisa","Budaka","Kameruka",2013,0
"Pallisa","Budaka","Kameruka",2014,0
"Pallisa","Budaka","Kameruka",2015,0
"Pallisa","Budaka","Kameruka",2016,0
"Pallisa","Budaka","Kameruka",2017,0
"Pallisa","Budaka","Kameruka",2018,0
"Pallisa","Budaka","Kameruka",2019,0
"Pallisa","Budaka","Kameruka",2020,0
"Pallisa","Budaka","Kameruka",2021,0
"Pallisa","Budaka","Kameruka",2022,0
"Pallisa","Budaka","Kameruka",2023,0
"Pallisa","Budaka","Kameruka",2024,0
"Pallisa","Budaka","Kamonkoli",2012,3.65611505508423
"Pallisa","Budaka","Kamonkoli",2013,3.1252715587616
"Pallisa","Budaka","Kamonkoli",2014,1.40674757957458
"Pallisa","Budaka","Kamonkoli",2015,1.24515604972839
"Pallisa","Budaka","Kamonkoli",2016,1.11523246765137
"Pallisa","Budaka","Kamonkoli",2017,0
"Pallisa","Budaka","Kamonkoli",2018,0
"Pallisa","Budaka","Kamonkoli",2019,0.551640570163727
"Pallisa","Budaka","Kamonkoli",2020,0
"Pallisa","Budaka","Kamonkoli",2021,2.80062961578369
"Pallisa","Budaka","Kamonkoli",2022,21.8645439147949
"Pallisa","Budaka","Kamonkoli",2023,33.5926628112793
"Pallisa","Budaka","Kamonkoli",2024,44.3156509399414
"Pallisa","Budaka","Lyama",2012,0
"Pallisa","Budaka","Lyama",2013,0
"Pallisa","Budaka","Lyama",2014,0
"Pallisa","Budaka","Lyama",2015,0
"Pallisa","Budaka","Lyama",2016,0
"Pallisa","Budaka","Lyama",2017,0
"Pallisa","Budaka","Lyama",2018,0
"Pallisa","Budaka","Lyama",2019,0
"Pallisa","Budaka","Lyama",2020,0
"Pallisa","Budaka","Lyama",2021,0
"Pallisa","Budaka","Lyama",2022,0
"Pallisa","Budaka","Lyama",2023,0.0228353962302208
"Pallisa","Budaka","Lyama",2024,0.545942842960358
"Pallisa","Budaka","Naboa",2012,0
"Pallisa","Budaka","Naboa",2013,0
"Pallisa","Budaka","Naboa",2014,0
"Pallisa","Budaka","Naboa",2015,0
"Pallisa","Budaka","Naboa",2016,0
"Pallisa","Budaka","Naboa",2017,0
"Pallisa","Budaka","Naboa",2018,0
"Pallisa","Budaka","Naboa",2019,0
"Pallisa","Budaka","Naboa",2020,0
"Pallisa","Budaka","Naboa",2021,0
"Pallisa","Budaka","Naboa",2022,0
"Pallisa","Budaka","Naboa",2023,1.53706121444702
"Pallisa","Budaka","Naboa",2024,0
"Pallisa","Butebo","Butebo",2012,0
"Pallisa","Butebo","Butebo",2013,0
"Pallisa","Butebo","Butebo",2014,0
"Pallisa","Butebo","Butebo",2015,0
"Pallisa","Butebo","Butebo",2016,0
"Pallisa","Butebo","Butebo",2017,0
"Pallisa","Butebo","Butebo",2018,0
"Pallisa","Butebo","Butebo",2019,0.196856945753098
"Pallisa","Butebo","Butebo",2020,0.186349645256996
"Pallisa","Butebo","Butebo",2021,0
"Pallisa","Butebo","Butebo",2022,0
"Pallisa","Butebo","Butebo",2023,0.238067448139191
"Pallisa","Butebo","Butebo",2024,0.233634904026985
"Pallisa","Butebo","Kabwangasi",2012,0
"Pallisa","Butebo","Kabwangasi",2013,0
"Pallisa","Butebo","Kabwangasi",2014,0
"Pallisa","Butebo","Kabwangasi",2015,0
"Pallisa","Butebo","Kabwangasi",2016,0
"Pallisa","Butebo","Kabwangasi",2017,0
"Pallisa","Butebo","Kabwangasi",2018,0
"Pallisa","Butebo","Kabwangasi",2019,0
"Pallisa","Butebo","Kabwangasi",2020,0
"Pallisa","Butebo","Kabwangasi",2021,0
"Pallisa","Butebo","Kabwangasi",2022,0
"Pallisa","Butebo","Kabwangasi",2023,0.313206195831299
"Pallisa","Butebo","Kabwangasi",2024,0.683933436870575
"Pallisa","Butebo","Kakoro",2012,0
"Pallisa","Butebo","Kakoro",2013,0
"Pallisa","Butebo","Kakoro",2014,0
"Pallisa","Butebo","Kakoro",2015,0
"Pallisa","Butebo","Kakoro",2016,0
"Pallisa","Butebo","Kakoro",2017,0
"Pallisa","Butebo","Kakoro",2018,0
"Pallisa","Butebo","Kakoro",2019,0
"Pallisa","Butebo","Kakoro",2020,0
"Pallisa","Butebo","Kakoro",2021,0
"Pallisa","Butebo","Kakoro",2022,0
"Pallisa","Butebo","Kakoro",2023,0
"Pallisa","Butebo","Kakoro",2024,0
"Pallisa","Butebo","Kibale",2012,0
"Pallisa","Butebo","Kibale",2013,0
"Pallisa","Butebo","Kibale",2014,0
"Pallisa","Butebo","Kibale",2015,0
"Pallisa","Butebo","Kibale",2016,0
"Pallisa","Butebo","Kibale",2017,0
"Pallisa","Butebo","Kibale",2018,0
"Pallisa","Butebo","Kibale",2019,2.61354231834412
"Pallisa","Butebo","Kibale",2020,11.8387823104858
"Pallisa","Butebo","Kibale",2021,8.66886615753174
"Pallisa","Butebo","Kibale",2022,5.74867057800293
"Pallisa","Butebo","Kibale",2023,7.30305671691895
"Pallisa","Butebo","Kibale",2024,6.57652807235718
"Pallisa","Butebo","Petete",2012,0
"Pallisa","Butebo","Petete",2013,0
"Pallisa","Butebo","Petete",2014,0
"Pallisa","Butebo","Petete",2015,0
"Pallisa","Butebo","Petete",2016,0
"Pallisa","Butebo","Petete",2017,0
"Pallisa","Butebo","Petete",2018,0
"Pallisa","Butebo","Petete",2019,0
"Pallisa","Butebo","Petete",2020,0
"Pallisa","Butebo","Petete",2021,0
"Pallisa","Butebo","Petete",2022,0
"Pallisa","Butebo","Petete",2023,0
"Pallisa","Butebo","Petete",2024,0
"Pallisa","Kibuku","Bulangira",2012,0
"Pallisa","Kibuku","Bulangira",2013,0
"Pallisa","Kibuku","Bulangira",2014,0
"Pallisa","Kibuku","Bulangira",2015,0
"Pallisa","Kibuku","Bulangira",2016,0
"Pallisa","Kibuku","Bulangira",2017,0
"Pallisa","Kibuku","Bulangira",2018,0
"Pallisa","Kibuku","Bulangira",2019,0
"Pallisa","Kibuku","Bulangira",2020,0
"Pallisa","Kibuku","Bulangira",2021,0
"Pallisa","Kibuku","Bulangira",2022,0
"Pallisa","Kibuku","Bulangira",2023,0
"Pallisa","Kibuku","Bulangira",2024,0
"Pallisa","Kibuku","Buseta",2012,0
"Pallisa","Kibuku","Buseta",2013,0
"Pallisa","Kibuku","Buseta",2014,0
"Pallisa","Kibuku","Buseta",2015,0
"Pallisa","Kibuku","Buseta",2016,0
"Pallisa","Kibuku","Buseta",2017,0
"Pallisa","Kibuku","Buseta",2018,0
"Pallisa","Kibuku","Buseta",2019,0
"Pallisa","Kibuku","Buseta",2020,0
"Pallisa","Kibuku","Buseta",2021,0
"Pallisa","Kibuku","Buseta",2022,0
"Pallisa","Kibuku","Buseta",2023,0
"Pallisa","Kibuku","Buseta",2024,0
"Pallisa","Kibuku","Kadama",2012,0
"Pallisa","Kibuku","Kadama",2013,0
"Pallisa","Kibuku","Kadama",2014,0
"Pallisa","Kibuku","Kadama",2015,0
"Pallisa","Kibuku","Kadama",2016,0
"Pallisa","Kibuku","Kadama",2017,0
"Pallisa","Kibuku","Kadama",2018,0
"Pallisa","Kibuku","Kadama",2019,0
"Pallisa","Kibuku","Kadama",2020,0
"Pallisa","Kibuku","Kadama",2021,0
"Pallisa","Kibuku","Kadama",2022,0
"Pallisa","Kibuku","Kadama",2023,3.79050898551941
"Pallisa","Kibuku","Kadama",2024,3.76761245727539
"Pallisa","Kibuku","Kagumu",2012,0
"Pallisa","Kibuku","Kagumu",2013,0
"Pallisa","Kibuku","Kagumu",2014,0
"Pallisa","Kibuku","Kagumu",2015,0
"Pallisa","Kibuku","Kagumu",2016,0
"Pallisa","Kibuku","Kagumu",2017,0
"Pallisa","Kibuku","Kagumu",2018,0
"Pallisa","Kibuku","Kagumu",2019,0
"Pallisa","Kibuku","Kagumu",2020,0
"Pallisa","Kibuku","Kagumu",2021,0
"Pallisa","Kibuku","Kagumu",2022,0
"Pallisa","Kibuku","Kagumu",2023,0
"Pallisa","Kibuku","Kagumu",2024,0
"Pallisa","Kibuku","Kibuku",2012,0
"Pallisa","Kibuku","Kibuku",2013,0
"Pallisa","Kibuku","Kibuku",2014,0
"Pallisa","Kibuku","Kibuku",2015,0
"Pallisa","Kibuku","Kibuku",2016,0
"Pallisa","Kibuku","Kibuku",2017,0
"Pallisa","Kibuku","Kibuku",2018,0
"Pallisa","Kibuku","Kibuku",2019,0
"Pallisa","Kibuku","Kibuku",2020,0
"Pallisa","Kibuku","Kibuku",2021,0
"Pallisa","Kibuku","Kibuku",2022,0
"Pallisa","Kibuku","Kibuku",2023,0
"Pallisa","Kibuku","Kibuku",2024,0
"Pallisa","Kibuku","Kirika",2012,0
"Pallisa","Kibuku","Kirika",2013,0
"Pallisa","Kibuku","Kirika",2014,0
"Pallisa","Kibuku","Kirika",2015,0
"Pallisa","Kibuku","Kirika",2016,0
"Pallisa","Kibuku","Kirika",2017,0
"Pallisa","Kibuku","Kirika",2018,0
"Pallisa","Kibuku","Kirika",2019,0
"Pallisa","Kibuku","Kirika",2020,0
"Pallisa","Kibuku","Kirika",2021,0
"Pallisa","Kibuku","Kirika",2022,0
"Pallisa","Kibuku","Kirika",2023,0
"Pallisa","Kibuku","Kirika",2024,0
"Pallisa","Kibuku","Tirinyi",2012,0
"Pallisa","Kibuku","Tirinyi",2013,0.505346298217773
"Pallisa","Kibuku","Tirinyi",2014,0.671451032161713
"Pallisa","Kibuku","Tirinyi",2015,2.08930540084839
"Pallisa","Kibuku","Tirinyi",2016,0
"Pallisa","Kibuku","Tirinyi",2017,0
"Pallisa","Kibuku","Tirinyi",2018,0
"Pallisa","Kibuku","Tirinyi",2019,0
"Pallisa","Kibuku","Tirinyi",2020,0
"Pallisa","Kibuku","Tirinyi",2021,2.53426766395569
"Pallisa","Kibuku","Tirinyi",2022,6.26191234588623
"Pallisa","Kibuku","Tirinyi",2023,7.19437217712402
"Pallisa","Kibuku","Tirinyi",2024,9.31648540496826
"Pallisa","Pallisa","Agule",2012,0
"Pallisa","Pallisa","Agule",2013,0
"Pallisa","Pallisa","Agule",2014,0
"Pallisa","Pallisa","Agule",2015,0
"Pallisa","Pallisa","Agule",2016,0
"Pallisa","Pallisa","Agule",2017,0
"Pallisa","Pallisa","Agule",2018,0
"Pallisa","Pallisa","Agule",2019,0
"Pallisa","Pallisa","Agule",2020,0
"Pallisa","Pallisa","Agule",2021,0
"Pallisa","Pallisa","Agule",2022,0
"Pallisa","Pallisa","Agule",2023,0
"Pallisa","Pallisa","Agule",2024,0
"Pallisa","Pallisa","Apopong",2012,0
"Pallisa","Pallisa","Apopong",2013,0
"Pallisa","Pallisa","Apopong",2014,0
"Pallisa","Pallisa","Apopong",2015,0
"Pallisa","Pallisa","Apopong",2016,0
"Pallisa","Pallisa","Apopong",2017,0
"Pallisa","Pallisa","Apopong",2018,0
"Pallisa","Pallisa","Apopong",2019,0
"Pallisa","Pallisa","Apopong",2020,0
"Pallisa","Pallisa","Apopong",2021,0
"Pallisa","Pallisa","Apopong",2022,0
"Pallisa","Pallisa","Apopong",2023,0
"Pallisa","Pallisa","Apopong",2024,0
"Pallisa","Pallisa","Gogonyo",2012,0
"Pallisa","Pallisa","Gogonyo",2013,0
"Pallisa","Pallisa","Gogonyo",2014,0
"Pallisa","Pallisa","Gogonyo",2015,0
"Pallisa","Pallisa","Gogonyo",2016,0
"Pallisa","Pallisa","Gogonyo",2017,0
"Pallisa","Pallisa","Gogonyo",2018,0
"Pallisa","Pallisa","Gogonyo",2019,0
"Pallisa","Pallisa","Gogonyo",2020,0
"Pallisa","Pallisa","Gogonyo",2021,0
"Pallisa","Pallisa","Gogonyo",2022,0
"Pallisa","Pallisa","Gogonyo",2023,0
"Pallisa","Pallisa","Gogonyo",2024,0
"Pallisa","Pallisa","Kameke",2012,0
"Pallisa","Pallisa","Kameke",2013,0
"Pallisa","Pallisa","Kameke",2014,0
"Pallisa","Pallisa","Kameke",2015,0
"Pallisa","Pallisa","Kameke",2016,0
"Pallisa","Pallisa","Kameke",2017,0
"Pallisa","Pallisa","Kameke",2018,0
"Pallisa","Pallisa","Kameke",2019,0
"Pallisa","Pallisa","Kameke",2020,0
"Pallisa","Pallisa","Kameke",2021,0
"Pallisa","Pallisa","Kameke",2022,0
"Pallisa","Pallisa","Kameke",2023,0
"Pallisa","Pallisa","Kameke",2024,0
"Pallisa","Pallisa","Kamuge",2012,0
"Pallisa","Pallisa","Kamuge",2013,0
"Pallisa","Pallisa","Kamuge",2014,0
"Pallisa","Pallisa","Kamuge",2015,0
"Pallisa","Pallisa","Kamuge",2016,0
"Pallisa","Pallisa","Kamuge",2017,0
"Pallisa","Pallisa","Kamuge",2018,0
"Pallisa","Pallisa","Kamuge",2019,0.0094306468963623
"Pallisa","Pallisa","Kamuge",2020,0.516914546489716
"Pallisa","Pallisa","Kamuge",2021,0
"Pallisa","Pallisa","Kamuge",2022,0
"Pallisa","Pallisa","Kamuge",2023,0.0105502493679523
"Pallisa","Pallisa","Kamuge",2024,0.327666312456131
"Pallisa","Pallisa","Kasodo",2012,0
"Pallisa","Pallisa","Kasodo",2013,0
"Pallisa","Pallisa","Kasodo",2014,0
"Pallisa","Pallisa","Kasodo",2015,0
"Pallisa","Pallisa","Kasodo",2016,0
"Pallisa","Pallisa","Kasodo",2017,0
"Pallisa","Pallisa","Kasodo",2018,0
"Pallisa","Pallisa","Kasodo",2019,0
"Pallisa","Pallisa","Kasodo",2020,0
"Pallisa","Pallisa","Kasodo",2021,0
"Pallisa","Pallisa","Kasodo",2022,0
"Pallisa","Pallisa","Kasodo",2023,0
"Pallisa","Pallisa","Kasodo",2024,0
"Pallisa","Pallisa","Pallisa",2012,0
"Pallisa","Pallisa","Pallisa",2013,0
"Pallisa","Pallisa","Pallisa",2014,0
"Pallisa","Pallisa","Pallisa",2015,0
"Pallisa","Pallisa","Pallisa",2016,0
"Pallisa","Pallisa","Pallisa",2017,0
"Pallisa","Pallisa","Pallisa",2018,0
"Pallisa","Pallisa","Pallisa",2019,0
"Pallisa","Pallisa","Pallisa",2020,0
"Pallisa","Pallisa","Pallisa",2021,0
"Pallisa","Pallisa","Pallisa",2022,0
"Pallisa","Pallisa","Pallisa",2023,0
"Pallisa","Pallisa","Pallisa",2024,0
"Pallisa","Pallisa","Pallisa Tc",2012,2.23715162277222
"Pallisa","Pallisa","Pallisa Tc",2013,2.7978630065918
"Pallisa","Pallisa","Pallisa Tc",2014,4.1101016998291
"Pallisa","Pallisa","Pallisa Tc",2015,4.66648769378662
"Pallisa","Pallisa","Pallisa Tc",2016,2.92986297607422
"Pallisa","Pallisa","Pallisa Tc",2017,2.38595986366272
"Pallisa","Pallisa","Pallisa Tc",2018,3.66894721984863
"Pallisa","Pallisa","Pallisa Tc",2019,6.24141025543213
"Pallisa","Pallisa","Pallisa Tc",2020,5.78988122940063
"Pallisa","Pallisa","Pallisa Tc",2021,6.84842205047607
"Pallisa","Pallisa","Pallisa Tc",2022,11.0881338119507
"Pallisa","Pallisa","Pallisa Tc",2023,17.7069053649902
"Pallisa","Pallisa","Pallisa Tc",2024,37.6713066101074
"Pallisa","Pallisa","Puti-Puti",2012,0
"Pallisa","Pallisa","Puti-Puti",2013,0
"Pallisa","Pallisa","Puti-Puti",2014,0
"Pallisa","Pallisa","Puti-Puti",2015,0
"Pallisa","Pallisa","Puti-Puti",2016,0
"Pallisa","Pallisa","Puti-Puti",2017,0
"Pallisa","Pallisa","Puti-Puti",2018,0
"Pallisa","Pallisa","Puti-Puti",2019,0
"Pallisa","Pallisa","Puti-Puti",2020,0
"Pallisa","Pallisa","Puti-Puti",2021,0
"Pallisa","Pallisa","Puti-Puti",2022,0
"Pallisa","Pallisa","Puti-Puti",2023,0
"Pallisa","Pallisa","Puti-Puti",2024,0
"Rakai","Kabula","Kaliiro",2012,0
"Rakai","Kabula","Kaliiro",2013,0
"Rakai","Kabula","Kaliiro",2014,1.05369937419891
"Rakai","Kabula","Kaliiro",2015,0
"Rakai","Kabula","Kaliiro",2016,0
"Rakai","Kabula","Kaliiro",2017,0
"Rakai","Kabula","Kaliiro",2018,0
"Rakai","Kabula","Kaliiro",2019,0
"Rakai","Kabula","Kaliiro",2020,0
"Rakai","Kabula","Kaliiro",2021,1.04729008674622
"Rakai","Kabula","Kaliiro",2022,0.594033658504486
"Rakai","Kabula","Kaliiro",2023,0.549956262111664
"Rakai","Kabula","Kaliiro",2024,0.673722386360168
"Rakai","Kabula","Kasagama",2012,0
"Rakai","Kabula","Kasagama",2013,0
"Rakai","Kabula","Kasagama",2014,0
"Rakai","Kabula","Kasagama",2015,0
"Rakai","Kabula","Kasagama",2016,0
"Rakai","Kabula","Kasagama",2017,0
"Rakai","Kabula","Kasagama",2018,0
"Rakai","Kabula","Kasagama",2019,0
"Rakai","Kabula","Kasagama",2020,0
"Rakai","Kabula","Kasagama",2021,0
"Rakai","Kabula","Kasagama",2022,0
"Rakai","Kabula","Kasagama",2023,0.557343780994415
"Rakai","Kabula","Kasagama",2024,0.523145735263824
"Rakai","Kabula","Kinuuka",2012,0
"Rakai","Kabula","Kinuuka",2013,0
"Rakai","Kabula","Kinuuka",2014,0
"Rakai","Kabula","Kinuuka",2015,0
"Rakai","Kabula","Kinuuka",2016,0
"Rakai","Kabula","Kinuuka",2017,0
"Rakai","Kabula","Kinuuka",2018,0
"Rakai","Kabula","Kinuuka",2019,0
"Rakai","Kabula","Kinuuka",2020,0
"Rakai","Kabula","Kinuuka",2021,0
"Rakai","Kabula","Kinuuka",2022,0
"Rakai","Kabula","Kinuuka",2023,0
"Rakai","Kabula","Kinuuka",2024,0
"Rakai","Kabula","Lyantonde",2012,3.52689909934998
"Rakai","Kabula","Lyantonde",2013,0.775725960731506
"Rakai","Kabula","Lyantonde",2014,12.8262882232666
"Rakai","Kabula","Lyantonde",2015,3.10435318946838
"Rakai","Kabula","Lyantonde",2016,3.42491102218628
"Rakai","Kabula","Lyantonde",2017,4.45606279373169
"Rakai","Kabula","Lyantonde",2018,4.26630830764771
"Rakai","Kabula","Lyantonde",2019,3.83828544616699
"Rakai","Kabula","Lyantonde",2020,6.7674560546875
"Rakai","Kabula","Lyantonde",2021,11.0068349838257
"Rakai","Kabula","Lyantonde",2022,17.6378002166748
"Rakai","Kabula","Lyantonde",2023,23.4816646575928
"Rakai","Kabula","Lyantonde",2024,20.6027221679688
"Rakai","Kabula","Lyantonde Tc",2012,21.0550880432129
"Rakai","Kabula","Lyantonde Tc",2013,11.7099447250366
"Rakai","Kabula","Lyantonde Tc",2014,78.006462097168
"Rakai","Kabula","Lyantonde Tc",2015,20.3418216705322
"Rakai","Kabula","Lyantonde Tc",2016,17.2361583709717
"Rakai","Kabula","Lyantonde Tc",2017,25.2478790283203
"Rakai","Kabula","Lyantonde Tc",2018,21.9287357330322
"Rakai","Kabula","Lyantonde Tc",2019,23.7990531921387
"Rakai","Kabula","Lyantonde Tc",2020,31.1944179534912
"Rakai","Kabula","Lyantonde Tc",2021,38.8799743652344
"Rakai","Kabula","Lyantonde Tc",2022,52.3003005981445
"Rakai","Kabula","Lyantonde Tc",2023,70.724494934082
"Rakai","Kabula","Lyantonde Tc",2024,68.3685760498047
"Rakai","Kabula","Mpumudde",2012,0
"Rakai","Kabula","Mpumudde",2013,0
"Rakai","Kabula","Mpumudde",2014,0
"Rakai","Kabula","Mpumudde",2015,0
"Rakai","Kabula","Mpumudde",2016,0
"Rakai","Kabula","Mpumudde",2017,0
"Rakai","Kabula","Mpumudde",2018,0
"Rakai","Kabula","Mpumudde",2019,0
"Rakai","Kabula","Mpumudde",2020,0
"Rakai","Kabula","Mpumudde",2021,0
"Rakai","Kabula","Mpumudde",2022,0
"Rakai","Kabula","Mpumudde",2023,0
"Rakai","Kabula","Mpumudde",2024,0
"Rakai","Kakuuto","Kakuuto",2012,4.92027378082275
"Rakai","Kakuuto","Kakuuto",2013,4.04401350021362
"Rakai","Kakuuto","Kakuuto",2014,7.19140195846558
"Rakai","Kakuuto","Kakuuto",2015,15.8790903091431
"Rakai","Kakuuto","Kakuuto",2016,10.8866024017334
"Rakai","Kakuuto","Kakuuto",2017,15.5088243484497
"Rakai","Kakuuto","Kakuuto",2018,19.4210376739502
"Rakai","Kakuuto","Kakuuto",2019,19.6406955718994
"Rakai","Kakuuto","Kakuuto",2020,23.9080009460449
"Rakai","Kakuuto","Kakuuto",2021,23.260368347168
"Rakai","Kakuuto","Kakuuto",2022,33.1854782104492
"Rakai","Kakuuto","Kakuuto",2023,41.2960205078125
"Rakai","Kakuuto","Kakuuto",2024,49.8963737487793
"Rakai","Kakuuto","Kasasa",2012,0
"Rakai","Kakuuto","Kasasa",2013,0
"Rakai","Kakuuto","Kasasa",2014,0
"Rakai","Kakuuto","Kasasa",2015,0
"Rakai","Kakuuto","Kasasa",2016,0
"Rakai","Kakuuto","Kasasa",2017,0
"Rakai","Kakuuto","Kasasa",2018,0.55278605222702
"Rakai","Kakuuto","Kasasa",2019,0
"Rakai","Kakuuto","Kasasa",2020,0
"Rakai","Kakuuto","Kasasa",2021,2.3548436164856
"Rakai","Kakuuto","Kasasa",2022,3.87376427650452
"Rakai","Kakuuto","Kasasa",2023,6.02673196792603
"Rakai","Kakuuto","Kasasa",2024,9.54375839233398
"Rakai","Kakuuto","Kibanda",2012,0
"Rakai","Kakuuto","Kibanda",2013,0
"Rakai","Kakuuto","Kibanda",2014,0
"Rakai","Kakuuto","Kibanda",2015,0
"Rakai","Kakuuto","Kibanda",2016,0
"Rakai","Kakuuto","Kibanda",2017,0
"Rakai","Kakuuto","Kibanda",2018,0
"Rakai","Kakuuto","Kibanda",2019,0
"Rakai","Kakuuto","Kibanda",2020,0
"Rakai","Kakuuto","Kibanda",2021,0
"Rakai","Kakuuto","Kibanda",2022,0.652293503284454
"Rakai","Kakuuto","Kibanda",2023,0.64241224527359
"Rakai","Kakuuto","Kibanda",2024,0.618687510490417
"Rakai","Kakuuto","Kitumba",2012,0
"Rakai","Kakuuto","Kitumba",2013,0
"Rakai","Kakuuto","Kitumba",2014,0
"Rakai","Kakuuto","Kitumba",2015,0
"Rakai","Kakuuto","Kitumba",2016,0
"Rakai","Kakuuto","Kitumba",2017,0
"Rakai","Kakuuto","Kitumba",2018,0
"Rakai","Kakuuto","Kitumba",2019,0
"Rakai","Kakuuto","Kitumba",2020,0
"Rakai","Kakuuto","Kitumba",2021,0
"Rakai","Kakuuto","Kitumba",2022,1.07247853279114
"Rakai","Kakuuto","Kitumba",2023,0.548450767993927
"Rakai","Kakuuto","Kitumba",2024,0.701136708259583
"Rakai","Kakuuto","Kyebe",2012,0
"Rakai","Kakuuto","Kyebe",2013,0
"Rakai","Kakuuto","Kyebe",2014,0
"Rakai","Kakuuto","Kyebe",2015,0
"Rakai","Kakuuto","Kyebe",2016,0
"Rakai","Kakuuto","Kyebe",2017,0
"Rakai","Kakuuto","Kyebe",2018,0
"Rakai","Kakuuto","Kyebe",2019,0
"Rakai","Kakuuto","Kyebe",2020,0
"Rakai","Kakuuto","Kyebe",2021,0
"Rakai","Kakuuto","Kyebe",2022,0
"Rakai","Kakuuto","Kyebe",2023,0.890137076377869
"Rakai","Kakuuto","Kyebe",2024,1.6411497592926
"Rakai","Kooki","Byakabanda",2012,0
"Rakai","Kooki","Byakabanda",2013,0
"Rakai","Kooki","Byakabanda",2014,0
"Rakai","Kooki","Byakabanda",2015,0
"Rakai","Kooki","Byakabanda",2016,0
"Rakai","Kooki","Byakabanda",2017,0
"Rakai","Kooki","Byakabanda",2018,0
"Rakai","Kooki","Byakabanda",2019,0
"Rakai","Kooki","Byakabanda",2020,0
"Rakai","Kooki","Byakabanda",2021,0.0526797361671925
"Rakai","Kooki","Byakabanda",2022,0.201231971383095
"Rakai","Kooki","Byakabanda",2023,0.224220737814903
"Rakai","Kooki","Byakabanda",2024,0.200786113739014
"Rakai","Kooki","Ddwaniro",2012,0
"Rakai","Kooki","Ddwaniro",2013,0
"Rakai","Kooki","Ddwaniro",2014,0
"Rakai","Kooki","Ddwaniro",2015,0
"Rakai","Kooki","Ddwaniro",2016,0
"Rakai","Kooki","Ddwaniro",2017,0
"Rakai","Kooki","Ddwaniro",2018,0
"Rakai","Kooki","Ddwaniro",2019,0
"Rakai","Kooki","Ddwaniro",2020,0
"Rakai","Kooki","Ddwaniro",2021,0
"Rakai","Kooki","Ddwaniro",2022,1.73682379722595
"Rakai","Kooki","Ddwaniro",2023,3.53621125221252
"Rakai","Kooki","Ddwaniro",2024,1.28676462173462
"Rakai","Kooki","Kacheera",2012,0
"Rakai","Kooki","Kacheera",2013,0
"Rakai","Kooki","Kacheera",2014,0
"Rakai","Kooki","Kacheera",2015,0
"Rakai","Kooki","Kacheera",2016,0
"Rakai","Kooki","Kacheera",2017,0
"Rakai","Kooki","Kacheera",2018,0
"Rakai","Kooki","Kacheera",2019,0
"Rakai","Kooki","Kacheera",2020,0
"Rakai","Kooki","Kacheera",2021,0
"Rakai","Kooki","Kacheera",2022,0.945469081401825
"Rakai","Kooki","Kacheera",2023,0.702709853649139
"Rakai","Kooki","Kacheera",2024,0
"Rakai","Kooki","Kagamba",2012,0
"Rakai","Kooki","Kagamba",2013,0
"Rakai","Kooki","Kagamba",2014,0
"Rakai","Kooki","Kagamba",2015,0
"Rakai","Kooki","Kagamba",2016,0
"Rakai","Kooki","Kagamba",2017,0
"Rakai","Kooki","Kagamba",2018,0
"Rakai","Kooki","Kagamba",2019,0
"Rakai","Kooki","Kagamba",2020,0
"Rakai","Kooki","Kagamba",2021,0.517636597156525
"Rakai","Kooki","Kagamba",2022,2.01222515106201
"Rakai","Kooki","Kagamba",2023,0.53821587562561
"Rakai","Kooki","Kagamba",2024,1.10169434547424
"Rakai","Kooki","Kyalulangira",2012,0
"Rakai","Kooki","Kyalulangira",2013,0
"Rakai","Kooki","Kyalulangira",2014,0
"Rakai","Kooki","Kyalulangira",2015,0
"Rakai","Kooki","Kyalulangira",2016,0
"Rakai","Kooki","Kyalulangira",2017,0
"Rakai","Kooki","Kyalulangira",2018,0
"Rakai","Kooki","Kyalulangira",2019,0
"Rakai","Kooki","Kyalulangira",2020,0
"Rakai","Kooki","Kyalulangira",2021,0
"Rakai","Kooki","Kyalulangira",2022,1.10314440727234
"Rakai","Kooki","Kyalulangira",2023,1.77772319316864
"Rakai","Kooki","Kyalulangira",2024,1.10371732711792
"Rakai","Kooki","Lwamaggwa",2012,0
"Rakai","Kooki","Lwamaggwa",2013,0
"Rakai","Kooki","Lwamaggwa",2014,0
"Rakai","Kooki","Lwamaggwa",2015,0
"Rakai","Kooki","Lwamaggwa",2016,0
"Rakai","Kooki","Lwamaggwa",2017,0
"Rakai","Kooki","Lwamaggwa",2018,0
"Rakai","Kooki","Lwamaggwa",2019,0
"Rakai","Kooki","Lwamaggwa",2020,0
"Rakai","Kooki","Lwamaggwa",2021,0
"Rakai","Kooki","Lwamaggwa",2022,0.526565432548523
"Rakai","Kooki","Lwamaggwa",2023,1.64107704162598
"Rakai","Kooki","Lwamaggwa",2024,0.537019312381744
"Rakai","Kooki","Lwanda",2012,0
"Rakai","Kooki","Lwanda",2013,0.693038284778595
"Rakai","Kooki","Lwanda",2014,0
"Rakai","Kooki","Lwanda",2015,0
"Rakai","Kooki","Lwanda",2016,0
"Rakai","Kooki","Lwanda",2017,0
"Rakai","Kooki","Lwanda",2018,0
"Rakai","Kooki","Lwanda",2019,0
"Rakai","Kooki","Lwanda",2020,0
"Rakai","Kooki","Lwanda",2021,0
"Rakai","Kooki","Lwanda",2022,3.39725065231323
"Rakai","Kooki","Lwanda",2023,4.01828479766846
"Rakai","Kooki","Lwanda",2024,2.70751714706421
"Rakai","Kooki","Rakai Tc",2012,0
"Rakai","Kooki","Rakai Tc",2013,1.49296832084656
"Rakai","Kooki","Rakai Tc",2014,0
"Rakai","Kooki","Rakai Tc",2015,1.58527708053589
"Rakai","Kooki","Rakai Tc",2016,4.6851692199707
"Rakai","Kooki","Rakai Tc",2017,1.19132876396179
"Rakai","Kooki","Rakai Tc",2018,13.5965404510498
"Rakai","Kooki","Rakai Tc",2019,4.29712867736816
"Rakai","Kooki","Rakai Tc",2020,0.665707468986511
"Rakai","Kooki","Rakai Tc",2021,7.75487995147705
"Rakai","Kooki","Rakai Tc",2022,14.7736349105835
"Rakai","Kooki","Rakai Tc",2023,6.55430126190186
"Rakai","Kooki","Rakai Tc",2024,17.2033214569092
"Rakai","Kyotera","Kabira",2012,0
"Rakai","Kyotera","Kabira",2013,0
"Rakai","Kyotera","Kabira",2014,0
"Rakai","Kyotera","Kabira",2015,0
"Rakai","Kyotera","Kabira",2016,0
"Rakai","Kyotera","Kabira",2017,0
"Rakai","Kyotera","Kabira",2018,0
"Rakai","Kyotera","Kabira",2019,0
"Rakai","Kyotera","Kabira",2020,0
"Rakai","Kyotera","Kabira",2021,0
"Rakai","Kyotera","Kabira",2022,0
"Rakai","Kyotera","Kabira",2023,2.85720348358154
"Rakai","Kyotera","Kabira",2024,3.29893469810486
"Rakai","Kyotera","Kalisizo",2012,14.8247747421265
"Rakai","Kyotera","Kalisizo",2013,18.9228496551514
"Rakai","Kyotera","Kalisizo",2014,21.8144721984863
"Rakai","Kyotera","Kalisizo",2015,10.5366716384888
"Rakai","Kyotera","Kalisizo",2016,21.5280647277832
"Rakai","Kyotera","Kalisizo",2017,15.5420503616333
"Rakai","Kyotera","Kalisizo",2018,18.4131870269775
"Rakai","Kyotera","Kalisizo",2019,16.9752902984619
"Rakai","Kyotera","Kalisizo",2020,32.1519966125488
"Rakai","Kyotera","Kalisizo",2021,36.4922218322754
"Rakai","Kyotera","Kalisizo",2022,57.5616073608398
"Rakai","Kyotera","Kalisizo",2023,64.7157821655273
"Rakai","Kyotera","Kalisizo",2024,65.9845123291016
"Rakai","Kyotera","Kasaali",2012,3.91161465644836
"Rakai","Kyotera","Kasaali",2013,12.0897340774536
"Rakai","Kyotera","Kasaali",2014,1.79743754863739
"Rakai","Kyotera","Kasaali",2015,2.69252681732178
"Rakai","Kyotera","Kasaali",2016,7.68294191360474
"Rakai","Kyotera","Kasaali",2017,3.96304845809937
"Rakai","Kyotera","Kasaali",2018,9.07825756072998
"Rakai","Kyotera","Kasaali",2019,9.20316886901855
"Rakai","Kyotera","Kasaali",2020,20.121265411377
"Rakai","Kyotera","Kasaali",2021,34.4733963012695
"Rakai","Kyotera","Kasaali",2022,45.9230499267578
"Rakai","Kyotera","Kasaali",2023,68.3305511474609
"Rakai","Kyotera","Kasaali",2024,67.216926574707
"Rakai","Kyotera","Kirumba",2012,0
"Rakai","Kyotera","Kirumba",2013,0.502847790718079
"Rakai","Kyotera","Kirumba",2014,0
"Rakai","Kyotera","Kirumba",2015,0
"Rakai","Kyotera","Kirumba",2016,0
"Rakai","Kyotera","Kirumba",2017,0
"Rakai","Kyotera","Kirumba",2018,0
"Rakai","Kyotera","Kirumba",2019,0
"Rakai","Kyotera","Kirumba",2020,0
"Rakai","Kyotera","Kirumba",2021,0.522401690483093
"Rakai","Kyotera","Kirumba",2022,1.22276437282562
"Rakai","Kyotera","Kirumba",2023,3.86548376083374
"Rakai","Kyotera","Kirumba",2024,4.43591547012329
"Rakai","Kyotera","Kyotera Tc",2012,38.5578727722168
"Rakai","Kyotera","Kyotera Tc",2013,16.6124973297119
"Rakai","Kyotera","Kyotera Tc",2014,17.6221008300781
"Rakai","Kyotera","Kyotera Tc",2015,12.7176141738892
"Rakai","Kyotera","Kyotera Tc",2016,32.8260955810547
"Rakai","Kyotera","Kyotera Tc",2017,25.4660472869873
"Rakai","Kyotera","Kyotera Tc",2018,30.9153366088867
"Rakai","Kyotera","Kyotera Tc",2019,21.108283996582
"Rakai","Kyotera","Kyotera Tc",2020,25.869478225708
"Rakai","Kyotera","Kyotera Tc",2021,32.1843223571777
"Rakai","Kyotera","Kyotera Tc",2022,35.6864585876465
"Rakai","Kyotera","Kyotera Tc",2023,53.7262763977051
"Rakai","Kyotera","Kyotera Tc",2024,57.2869491577148
"Rakai","Kyotera","Lwankoni",2012,0
"Rakai","Kyotera","Lwankoni",2013,0
"Rakai","Kyotera","Lwankoni",2014,0
"Rakai","Kyotera","Lwankoni",2015,0
"Rakai","Kyotera","Lwankoni",2016,0
"Rakai","Kyotera","Lwankoni",2017,0
"Rakai","Kyotera","Lwankoni",2018,0
"Rakai","Kyotera","Lwankoni",2019,0
"Rakai","Kyotera","Lwankoni",2020,0
"Rakai","Kyotera","Lwankoni",2021,0.455308347940445
"Rakai","Kyotera","Lwankoni",2022,0.771078109741211
"Rakai","Kyotera","Lwankoni",2023,2.00961184501648
"Rakai","Kyotera","Lwankoni",2024,6.7163987159729
"Rakai","Kyotera","Nabigasa",2012,0
"Rakai","Kyotera","Nabigasa",2013,0
"Rakai","Kyotera","Nabigasa",2014,0
"Rakai","Kyotera","Nabigasa",2015,0
"Rakai","Kyotera","Nabigasa",2016,0.513910293579102
"Rakai","Kyotera","Nabigasa",2017,0
"Rakai","Kyotera","Nabigasa",2018,0
"Rakai","Kyotera","Nabigasa",2019,0
"Rakai","Kyotera","Nabigasa",2020,0
"Rakai","Kyotera","Nabigasa",2021,0
"Rakai","Kyotera","Nabigasa",2022,0
"Rakai","Kyotera","Nabigasa",2023,2.17243361473083
"Rakai","Kyotera","Nabigasa",2024,1.65778636932373
"Rukungiri","Bufumbira","Bugangari",2012,0
"Rukungiri","Bufumbira","Bugangari",2013,0
"Rukungiri","Bufumbira","Bugangari",2014,0
"Rukungiri","Bufumbira","Bugangari",2015,0
"Rukungiri","Bufumbira","Bugangari",2016,0
"Rukungiri","Bufumbira","Bugangari",2017,0
"Rukungiri","Bufumbira","Bugangari",2018,0
"Rukungiri","Bufumbira","Bugangari",2019,0
"Rukungiri","Bufumbira","Bugangari",2020,0
"Rukungiri","Bufumbira","Bugangari",2021,0
"Rukungiri","Bufumbira","Bugangari",2022,0
"Rukungiri","Bufumbira","Bugangari",2023,0
"Rukungiri","Bufumbira","Bugangari",2024,0
"Rukungiri","Bufumbira","Buhunga",2012,0
"Rukungiri","Bufumbira","Buhunga",2013,0
"Rukungiri","Bufumbira","Buhunga",2014,0
"Rukungiri","Bufumbira","Buhunga",2015,0
"Rukungiri","Bufumbira","Buhunga",2016,0
"Rukungiri","Bufumbira","Buhunga",2017,0
"Rukungiri","Bufumbira","Buhunga",2018,0
"Rukungiri","Bufumbira","Buhunga",2019,0
"Rukungiri","Bufumbira","Buhunga",2020,0
"Rukungiri","Bufumbira","Buhunga",2021,0
"Rukungiri","Bufumbira","Buhunga",2022,0
"Rukungiri","Bufumbira","Buhunga",2023,0
"Rukungiri","Bufumbira","Buhunga",2024,0
"Rukungiri","Bufumbira","Bwambara",2012,0
"Rukungiri","Bufumbira","Bwambara",2013,0
"Rukungiri","Bufumbira","Bwambara",2014,0
"Rukungiri","Bufumbira","Bwambara",2015,0
"Rukungiri","Bufumbira","Bwambara",2016,0
"Rukungiri","Bufumbira","Bwambara",2017,0
"Rukungiri","Bufumbira","Bwambara",2018,0
"Rukungiri","Bufumbira","Bwambara",2019,0
"Rukungiri","Bufumbira","Bwambara",2020,0
"Rukungiri","Bufumbira","Bwambara",2021,0
"Rukungiri","Bufumbira","Bwambara",2022,0.527537286281586
"Rukungiri","Bufumbira","Bwambara",2023,0
"Rukungiri","Bufumbira","Bwambara",2024,0
"Rukungiri","Bufumbira","Kagunga",2012,0.257853507995605
"Rukungiri","Bufumbira","Kagunga",2013,0
"Rukungiri","Bufumbira","Kagunga",2014,5.4547574109165e-05
"Rukungiri","Bufumbira","Kagunga",2015,0
"Rukungiri","Bufumbira","Kagunga",2016,0
"Rukungiri","Bufumbira","Kagunga",2017,0
"Rukungiri","Bufumbira","Kagunga",2018,0
"Rukungiri","Bufumbira","Kagunga",2019,0
"Rukungiri","Bufumbira","Kagunga",2020,0.00480933021754026
"Rukungiri","Bufumbira","Kagunga",2021,6.09430862823501e-05
"Rukungiri","Bufumbira","Kagunga",2022,6.0205659866333
"Rukungiri","Bufumbira","Kagunga",2023,18.7546081542969
"Rukungiri","Bufumbira","Kagunga",2024,17.5515670776367
"Rukungiri","Bufumbira","Nyakagyeme",2012,0
"Rukungiri","Bufumbira","Nyakagyeme",2013,0
"Rukungiri","Bufumbira","Nyakagyeme",2014,0
"Rukungiri","Bufumbira","Nyakagyeme",2015,0
"Rukungiri","Bufumbira","Nyakagyeme",2016,0
"Rukungiri","Bufumbira","Nyakagyeme",2017,0
"Rukungiri","Bufumbira","Nyakagyeme",2018,0
"Rukungiri","Bufumbira","Nyakagyeme",2019,0
"Rukungiri","Bufumbira","Nyakagyeme",2020,0
"Rukungiri","Bufumbira","Nyakagyeme",2021,0
"Rukungiri","Bufumbira","Nyakagyeme",2022,0
"Rukungiri","Bufumbira","Nyakagyeme",2023,0.556783854961395
"Rukungiri","Bufumbira","Nyakagyeme",2024,0
"Rukungiri","Bufumbira","Ruhinda",2012,0
"Rukungiri","Bufumbira","Ruhinda",2013,0
"Rukungiri","Bufumbira","Ruhinda",2014,0
"Rukungiri","Bufumbira","Ruhinda",2015,0
"Rukungiri","Bufumbira","Ruhinda",2016,0
"Rukungiri","Bufumbira","Ruhinda",2017,0
"Rukungiri","Bufumbira","Ruhinda",2018,0
"Rukungiri","Bufumbira","Ruhinda",2019,0
"Rukungiri","Bufumbira","Ruhinda",2020,0
"Rukungiri","Bufumbira","Ruhinda",2021,0
"Rukungiri","Bufumbira","Ruhinda",2022,0
"Rukungiri","Bufumbira","Ruhinda",2023,0
"Rukungiri","Bufumbira","Ruhinda",2024,0
"Rukungiri","Bufumbira","Rukungiri Tc",2012,16.7547760009766
"Rukungiri","Bufumbira","Rukungiri Tc",2013,10.5209989547729
"Rukungiri","Bufumbira","Rukungiri Tc",2014,13.6551504135132
"Rukungiri","Bufumbira","Rukungiri Tc",2015,11.4206352233887
"Rukungiri","Bufumbira","Rukungiri Tc",2016,9.80352210998535
"Rukungiri","Bufumbira","Rukungiri Tc",2017,9.17812538146973
"Rukungiri","Bufumbira","Rukungiri Tc",2018,13.0610847473145
"Rukungiri","Bufumbira","Rukungiri Tc",2019,12.2995376586914
"Rukungiri","Bufumbira","Rukungiri Tc",2020,14.7664804458618
"Rukungiri","Bufumbira","Rukungiri Tc",2021,22.7140007019043
"Rukungiri","Bufumbira","Rukungiri Tc",2022,41.6956748962402
"Rukungiri","Bufumbira","Rukungiri Tc",2023,66.0348052978516
"Rukungiri","Bufumbira","Rukungiri Tc",2024,71.4068450927734
"Rukungiri","Rubabo","Buyanja",2012,1.01605772972107
"Rukungiri","Rubabo","Buyanja",2013,0.541612505912781
"Rukungiri","Rubabo","Buyanja",2014,0
"Rukungiri","Rubabo","Buyanja",2015,0
"Rukungiri","Rubabo","Buyanja",2016,0
"Rukungiri","Rubabo","Buyanja",2017,0
"Rukungiri","Rubabo","Buyanja",2018,0
"Rukungiri","Rubabo","Buyanja",2019,0
"Rukungiri","Rubabo","Buyanja",2020,0
"Rukungiri","Rubabo","Buyanja",2021,0
"Rukungiri","Rubabo","Buyanja",2022,3.52738857269287
"Rukungiri","Rubabo","Buyanja",2023,20.5929298400879
"Rukungiri","Rubabo","Buyanja",2024,12.1878118515015
"Rukungiri","Rubabo","Kebisoni",2012,0
"Rukungiri","Rubabo","Kebisoni",2013,0
"Rukungiri","Rubabo","Kebisoni",2014,0
"Rukungiri","Rubabo","Kebisoni",2015,0
"Rukungiri","Rubabo","Kebisoni",2016,0
"Rukungiri","Rubabo","Kebisoni",2017,0.849742114543915
"Rukungiri","Rubabo","Kebisoni",2018,0.635510861873627
"Rukungiri","Rubabo","Kebisoni",2019,0.516376137733459
"Rukungiri","Rubabo","Kebisoni",2020,0
"Rukungiri","Rubabo","Kebisoni",2021,1.19561004638672
"Rukungiri","Rubabo","Kebisoni",2022,1.50870406627655
"Rukungiri","Rubabo","Kebisoni",2023,13.1936941146851
"Rukungiri","Rubabo","Kebisoni",2024,10.9822206497192
"Rukungiri","Rubabo","Nyakishenyi",2012,0
"Rukungiri","Rubabo","Nyakishenyi",2013,0
"Rukungiri","Rubabo","Nyakishenyi",2014,0
"Rukungiri","Rubabo","Nyakishenyi",2015,0
"Rukungiri","Rubabo","Nyakishenyi",2016,0
"Rukungiri","Rubabo","Nyakishenyi",2017,0
"Rukungiri","Rubabo","Nyakishenyi",2018,0
"Rukungiri","Rubabo","Nyakishenyi",2019,0
"Rukungiri","Rubabo","Nyakishenyi",2020,0
"Rukungiri","Rubabo","Nyakishenyi",2021,0
"Rukungiri","Rubabo","Nyakishenyi",2022,2.24732398986816
"Rukungiri","Rubabo","Nyakishenyi",2023,0
"Rukungiri","Rubabo","Nyakishenyi",2024,0
"Rukungiri","Rubabo","Nyarushanje",2012,1.1758553981781
"Rukungiri","Rubabo","Nyarushanje",2013,0.538195192813873
"Rukungiri","Rubabo","Nyarushanje",2014,1.02260661125183
"Rukungiri","Rubabo","Nyarushanje",2015,0.554737091064453
"Rukungiri","Rubabo","Nyarushanje",2016,0
"Rukungiri","Rubabo","Nyarushanje",2017,0
"Rukungiri","Rubabo","Nyarushanje",2018,1.45559990406036
"Rukungiri","Rubabo","Nyarushanje",2019,0
"Rukungiri","Rubabo","Nyarushanje",2020,1.19988858699799
"Rukungiri","Rubabo","Nyarushanje",2021,0
"Rukungiri","Rubabo","Nyarushanje",2022,1.93974936008453
"Rukungiri","Rubabo","Nyarushanje",2023,1.88363754749298
"Rukungiri","Rubabo","Nyarushanje",2024,2.11612796783447
"Sembabule","Lwemiyaga","Lwemiyaga",2012,0
"Sembabule","Lwemiyaga","Lwemiyaga",2013,0
"Sembabule","Lwemiyaga","Lwemiyaga",2014,0
"Sembabule","Lwemiyaga","Lwemiyaga",2015,0
"Sembabule","Lwemiyaga","Lwemiyaga",2016,0
"Sembabule","Lwemiyaga","Lwemiyaga",2017,0
"Sembabule","Lwemiyaga","Lwemiyaga",2018,0
"Sembabule","Lwemiyaga","Lwemiyaga",2019,0
"Sembabule","Lwemiyaga","Lwemiyaga",2020,0
"Sembabule","Lwemiyaga","Lwemiyaga",2021,0
"Sembabule","Lwemiyaga","Lwemiyaga",2022,0
"Sembabule","Lwemiyaga","Lwemiyaga",2023,1.59650135040283
"Sembabule","Lwemiyaga","Lwemiyaga",2024,2.81418585777283
"Sembabule","Lwemiyaga","Ntusi",2012,0
"Sembabule","Lwemiyaga","Ntusi",2013,0
"Sembabule","Lwemiyaga","Ntusi",2014,0
"Sembabule","Lwemiyaga","Ntusi",2015,0
"Sembabule","Lwemiyaga","Ntusi",2016,0
"Sembabule","Lwemiyaga","Ntusi",2017,0
"Sembabule","Lwemiyaga","Ntusi",2018,0
"Sembabule","Lwemiyaga","Ntusi",2019,0
"Sembabule","Lwemiyaga","Ntusi",2020,0
"Sembabule","Lwemiyaga","Ntusi",2021,0.503606140613556
"Sembabule","Lwemiyaga","Ntusi",2022,2.06231927871704
"Sembabule","Lwemiyaga","Ntusi",2023,3.36061525344849
"Sembabule","Lwemiyaga","Ntusi",2024,3.29424810409546
"Sembabule","Mawogola","Lugusulu",2012,0
"Sembabule","Mawogola","Lugusulu",2013,0
"Sembabule","Mawogola","Lugusulu",2014,0
"Sembabule","Mawogola","Lugusulu",2015,0
"Sembabule","Mawogola","Lugusulu",2016,0
"Sembabule","Mawogola","Lugusulu",2017,0
"Sembabule","Mawogola","Lugusulu",2018,0
"Sembabule","Mawogola","Lugusulu",2019,0
"Sembabule","Mawogola","Lugusulu",2020,0
"Sembabule","Mawogola","Lugusulu",2021,0
"Sembabule","Mawogola","Lugusulu",2022,0
"Sembabule","Mawogola","Lugusulu",2023,0
"Sembabule","Mawogola","Lugusulu",2024,0.509206235408783
"Sembabule","Mawogola","Lwebitakuli",2012,1.42761492729187
"Sembabule","Mawogola","Lwebitakuli",2013,1.06105756759644
"Sembabule","Mawogola","Lwebitakuli",2014,1.62035274505615
"Sembabule","Mawogola","Lwebitakuli",2015,0
"Sembabule","Mawogola","Lwebitakuli",2016,0
"Sembabule","Mawogola","Lwebitakuli",2017,0
"Sembabule","Mawogola","Lwebitakuli",2018,0
"Sembabule","Mawogola","Lwebitakuli",2019,0
"Sembabule","Mawogola","Lwebitakuli",2020,0
"Sembabule","Mawogola","Lwebitakuli",2021,0
"Sembabule","Mawogola","Lwebitakuli",2022,1.42099368572235
"Sembabule","Mawogola","Lwebitakuli",2023,1.24560689926147
"Sembabule","Mawogola","Lwebitakuli",2024,4.01941204071045
"Sembabule","Mawogola","Mateete",2012,7.13670253753662
"Sembabule","Mawogola","Mateete",2013,11.8641386032104
"Sembabule","Mawogola","Mateete",2014,23.816987991333
"Sembabule","Mawogola","Mateete",2015,6.71631002426147
"Sembabule","Mawogola","Mateete",2016,4.84910345077515
"Sembabule","Mawogola","Mateete",2017,4.86647033691406
"Sembabule","Mawogola","Mateete",2018,2.60574007034302
"Sembabule","Mawogola","Mateete",2019,2.43165326118469
"Sembabule","Mawogola","Mateete",2020,9.95628452301025
"Sembabule","Mawogola","Mateete",2021,7.8043475151062
"Sembabule","Mawogola","Mateete",2022,11.419454574585
"Sembabule","Mawogola","Mateete",2023,16.0216541290283
"Sembabule","Mawogola","Mateete",2024,20.5660781860352
"Sembabule","Mawogola","Mijwala",2012,0
"Sembabule","Mawogola","Mijwala",2013,0
"Sembabule","Mawogola","Mijwala",2014,0
"Sembabule","Mawogola","Mijwala",2015,0
"Sembabule","Mawogola","Mijwala",2016,0
"Sembabule","Mawogola","Mijwala",2017,0
"Sembabule","Mawogola","Mijwala",2018,0
"Sembabule","Mawogola","Mijwala",2019,0
"Sembabule","Mawogola","Mijwala",2020,7.2834620475769
"Sembabule","Mawogola","Mijwala",2021,3.43199729919434
"Sembabule","Mawogola","Mijwala",2022,0.955601751804352
"Sembabule","Mawogola","Mijwala",2023,5.17040920257568
"Sembabule","Mawogola","Mijwala",2024,8.79088973999023
"Sembabule","Mawogola","Sembabule Tc",2012,1.9902970790863
"Sembabule","Mawogola","Sembabule Tc",2013,3.7541925907135
"Sembabule","Mawogola","Sembabule Tc",2014,18.144510269165
"Sembabule","Mawogola","Sembabule Tc",2015,4.29558801651001
"Sembabule","Mawogola","Sembabule Tc",2016,1.29053473472595
"Sembabule","Mawogola","Sembabule Tc",2017,1.85598993301392
"Sembabule","Mawogola","Sembabule Tc",2018,3.30135750770569
"Sembabule","Mawogola","Sembabule Tc",2019,5.41028499603271
"Sembabule","Mawogola","Sembabule Tc",2020,9.18004989624023
"Sembabule","Mawogola","Sembabule Tc",2021,14.8875532150269
"Sembabule","Mawogola","Sembabule Tc",2022,27.8260459899902
"Sembabule","Mawogola","Sembabule Tc",2023,32.4215812683105
"Sembabule","Mawogola","Sembabule Tc",2024,30.5021343231201
"Sironko","Budadiri","Buhugu",2012,0
"Sironko","Budadiri","Buhugu",2013,0
"Sironko","Budadiri","Buhugu",2014,0
"Sironko","Budadiri","Buhugu",2015,0.679210484027863
"Sironko","Budadiri","Buhugu",2016,0.622215688228607
"Sironko","Budadiri","Buhugu",2017,0
"Sironko","Budadiri","Buhugu",2018,0
"Sironko","Budadiri","Buhugu",2019,0
"Sironko","Budadiri","Buhugu",2020,0
"Sironko","Budadiri","Buhugu",2021,0
"Sironko","Budadiri","Buhugu",2022,0
"Sironko","Budadiri","Buhugu",2023,0.61039012670517
"Sironko","Budadiri","Buhugu",2024,1.63008773326874
"Sironko","Budadiri","Bukhulo",2012,0
"Sironko","Budadiri","Bukhulo",2013,0
"Sironko","Budadiri","Bukhulo",2014,0
"Sironko","Budadiri","Bukhulo",2015,0
"Sironko","Budadiri","Bukhulo",2016,0
"Sironko","Budadiri","Bukhulo",2017,0
"Sironko","Budadiri","Bukhulo",2018,0
"Sironko","Budadiri","Bukhulo",2019,0
"Sironko","Budadiri","Bukhulo",2020,0
"Sironko","Budadiri","Bukhulo",2021,0
"Sironko","Budadiri","Bukhulo",2022,1.14434361457825
"Sironko","Budadiri","Bukhulo",2023,4.96611309051514
"Sironko","Budadiri","Bukhulo",2024,7.5534496307373
"Sironko","Budadiri","Bumasifwa",2012,0
"Sironko","Budadiri","Bumasifwa",2013,0
"Sironko","Budadiri","Bumasifwa",2014,0
"Sironko","Budadiri","Bumasifwa",2015,0
"Sironko","Budadiri","Bumasifwa",2016,0
"Sironko","Budadiri","Bumasifwa",2017,0
"Sironko","Budadiri","Bumasifwa",2018,0
"Sironko","Budadiri","Bumasifwa",2019,0
"Sironko","Budadiri","Bumasifwa",2020,0
"Sironko","Budadiri","Bumasifwa",2021,0
"Sironko","Budadiri","Bumasifwa",2022,0
"Sironko","Budadiri","Bumasifwa",2023,0
"Sironko","Budadiri","Bumasifwa",2024,0
"Sironko","Budadiri","Busulani",2012,3.19938540458679
"Sironko","Budadiri","Busulani",2013,0.643044412136078
"Sironko","Budadiri","Busulani",2014,2.98224687576294
"Sironko","Budadiri","Busulani",2015,4.26086568832397
"Sironko","Budadiri","Busulani",2016,5.23448324203491
"Sironko","Budadiri","Busulani",2017,2.38443613052368
"Sironko","Budadiri","Busulani",2018,0.534821212291718
"Sironko","Budadiri","Busulani",2019,0
"Sironko","Budadiri","Busulani",2020,0
"Sironko","Budadiri","Busulani",2021,0
"Sironko","Budadiri","Busulani",2022,2.03659415245056
"Sironko","Budadiri","Busulani",2023,4.02082633972168
"Sironko","Budadiri","Busulani",2024,4.07640266418457
"Sironko","Budadiri","Butandiga",2012,0
"Sironko","Budadiri","Butandiga",2013,0
"Sironko","Budadiri","Butandiga",2014,0
"Sironko","Budadiri","Butandiga",2015,0
"Sironko","Budadiri","Butandiga",2016,0.0965006425976753
"Sironko","Budadiri","Butandiga",2017,0
"Sironko","Budadiri","Butandiga",2018,0
"Sironko","Budadiri","Butandiga",2019,0
"Sironko","Budadiri","Butandiga",2020,0
"Sironko","Budadiri","Butandiga",2021,0
"Sironko","Budadiri","Butandiga",2022,0.0575159601867199
"Sironko","Budadiri","Butandiga",2023,0.110718347132206
"Sironko","Budadiri","Butandiga",2024,0.131266877055168
"Sironko","Budadiri","Buteza",2012,0
"Sironko","Budadiri","Buteza",2013,0
"Sironko","Budadiri","Buteza",2014,0
"Sironko","Budadiri","Buteza",2015,0
"Sironko","Budadiri","Buteza",2016,0
"Sironko","Budadiri","Buteza",2017,0
"Sironko","Budadiri","Buteza",2018,0
"Sironko","Budadiri","Buteza",2019,0
"Sironko","Budadiri","Buteza",2020,0
"Sironko","Budadiri","Buteza",2021,0
"Sironko","Budadiri","Buteza",2022,0
"Sironko","Budadiri","Buteza",2023,0
"Sironko","Budadiri","Buteza",2024,0
"Sironko","Budadiri","Buwalasi",2012,0
"Sironko","Budadiri","Buwalasi",2013,0.514132916927338
"Sironko","Budadiri","Buwalasi",2014,0
"Sironko","Budadiri","Buwalasi",2015,0
"Sironko","Budadiri","Buwalasi",2016,0
"Sironko","Budadiri","Buwalasi",2017,0
"Sironko","Budadiri","Buwalasi",2018,0
"Sironko","Budadiri","Buwalasi",2019,0
"Sironko","Budadiri","Buwalasi",2020,0
"Sironko","Budadiri","Buwalasi",2021,0
"Sironko","Budadiri","Buwalasi",2022,0.275213897228241
"Sironko","Budadiri","Buwalasi",2023,3.95554971694946
"Sironko","Budadiri","Buwalasi",2024,6.50139188766479
"Sironko","Budadiri","Buyobo",2012,0
"Sironko","Budadiri","Buyobo",2013,0.507528603076935
"Sironko","Budadiri","Buyobo",2014,0
"Sironko","Budadiri","Buyobo",2015,0
"Sironko","Budadiri","Buyobo",2016,0
"Sironko","Budadiri","Buyobo",2017,0
"Sironko","Budadiri","Buyobo",2018,0
"Sironko","Budadiri","Buyobo",2019,0
"Sironko","Budadiri","Buyobo",2020,0
"Sironko","Budadiri","Buyobo",2021,0
"Sironko","Budadiri","Buyobo",2022,0
"Sironko","Budadiri","Buyobo",2023,0
"Sironko","Budadiri","Buyobo",2024,0
"Sironko","Budadiri","Sironko Tc",2012,2.79339456558228
"Sironko","Budadiri","Sironko Tc",2013,1.74539053440094
"Sironko","Budadiri","Sironko Tc",2014,1.27411162853241
"Sironko","Budadiri","Sironko Tc",2015,2.12105941772461
"Sironko","Budadiri","Sironko Tc",2016,3.0118260383606
"Sironko","Budadiri","Sironko Tc",2017,0
"Sironko","Budadiri","Sironko Tc",2018,0
"Sironko","Budadiri","Sironko Tc",2019,0
"Sironko","Budadiri","Sironko Tc",2020,0
"Sironko","Budadiri","Sironko Tc",2021,0.571571230888367
"Sironko","Budadiri","Sironko Tc",2022,5.99234628677368
"Sironko","Budadiri","Sironko Tc",2023,8.68649005889893
"Sironko","Budadiri","Sironko Tc",2024,11.6297674179077
"Sironko","Budadiri","Zesui",2012,0
"Sironko","Budadiri","Zesui",2013,0
"Sironko","Budadiri","Zesui",2014,0
"Sironko","Budadiri","Zesui",2015,0
"Sironko","Budadiri","Zesui",2016,0
"Sironko","Budadiri","Zesui",2017,0
"Sironko","Budadiri","Zesui",2018,0
"Sironko","Budadiri","Zesui",2019,0
"Sironko","Budadiri","Zesui",2020,0
"Sironko","Budadiri","Zesui",2021,0
"Sironko","Budadiri","Zesui",2022,0
"Sironko","Budadiri","Zesui",2023,0
"Sironko","Budadiri","Zesui",2024,0
"Sironko","Bulambuli","Buginyanya",2012,0
"Sironko","Bulambuli","Buginyanya",2013,0
"Sironko","Bulambuli","Buginyanya",2014,0
"Sironko","Bulambuli","Buginyanya",2015,0
"Sironko","Bulambuli","Buginyanya",2016,0
"Sironko","Bulambuli","Buginyanya",2017,0
"Sironko","Bulambuli","Buginyanya",2018,0
"Sironko","Bulambuli","Buginyanya",2019,0
"Sironko","Bulambuli","Buginyanya",2020,0
"Sironko","Bulambuli","Buginyanya",2021,0
"Sironko","Bulambuli","Buginyanya",2022,0
"Sironko","Bulambuli","Buginyanya",2023,0
"Sironko","Bulambuli","Buginyanya",2024,0
"Sironko","Bulambuli","Bukhalu",2012,1.35645580291748
"Sironko","Bulambuli","Bukhalu",2013,1.25048243999481
"Sironko","Bulambuli","Bukhalu",2014,1.19488763809204
"Sironko","Bulambuli","Bukhalu",2015,3.20730781555176
"Sironko","Bulambuli","Bukhalu",2016,1.78319931030273
"Sironko","Bulambuli","Bukhalu",2017,0
"Sironko","Bulambuli","Bukhalu",2018,0
"Sironko","Bulambuli","Bukhalu",2019,0
"Sironko","Bulambuli","Bukhalu",2020,0
"Sironko","Bulambuli","Bukhalu",2021,0
"Sironko","Bulambuli","Bukhalu",2022,0
"Sironko","Bulambuli","Bukhalu",2023,1.17137241363525
"Sironko","Bulambuli","Bukhalu",2024,1.99462223052979
"Sironko","Bulambuli","Bulago",2012,0
"Sironko","Bulambuli","Bulago",2013,0
"Sironko","Bulambuli","Bulago",2014,0
"Sironko","Bulambuli","Bulago",2015,0
"Sironko","Bulambuli","Bulago",2016,0
"Sironko","Bulambuli","Bulago",2017,0
"Sironko","Bulambuli","Bulago",2018,0
"Sironko","Bulambuli","Bulago",2019,0
"Sironko","Bulambuli","Bulago",2020,0
"Sironko","Bulambuli","Bulago",2021,0
"Sironko","Bulambuli","Bulago",2022,0
"Sironko","Bulambuli","Bulago",2023,0
"Sironko","Bulambuli","Bulago",2024,0
"Sironko","Bulambuli","Bulegeni",2012,0
"Sironko","Bulambuli","Bulegeni",2013,1.10329031944275
"Sironko","Bulambuli","Bulegeni",2014,0.681587278842926
"Sironko","Bulambuli","Bulegeni",2015,1.22898876667023
"Sironko","Bulambuli","Bulegeni",2016,0.529785692691803
"Sironko","Bulambuli","Bulegeni",2017,0
"Sironko","Bulambuli","Bulegeni",2018,0
"Sironko","Bulambuli","Bulegeni",2019,0
"Sironko","Bulambuli","Bulegeni",2020,0
"Sironko","Bulambuli","Bulegeni",2021,0
"Sironko","Bulambuli","Bulegeni",2022,0
"Sironko","Bulambuli","Bulegeni",2023,0
"Sironko","Bulambuli","Bulegeni",2024,0
"Sironko","Bulambuli","Buluganya",2012,0
"Sironko","Bulambuli","Buluganya",2013,0
"Sironko","Bulambuli","Buluganya",2014,0
"Sironko","Bulambuli","Buluganya",2015,0
"Sironko","Bulambuli","Buluganya",2016,0
"Sironko","Bulambuli","Buluganya",2017,0
"Sironko","Bulambuli","Buluganya",2018,0
"Sironko","Bulambuli","Buluganya",2019,0
"Sironko","Bulambuli","Buluganya",2020,0
"Sironko","Bulambuli","Buluganya",2021,0
"Sironko","Bulambuli","Buluganya",2022,0
"Sironko","Bulambuli","Buluganya",2023,0
"Sironko","Bulambuli","Buluganya",2024,0
"Sironko","Bulambuli","Bunambutye",2012,0
"Sironko","Bulambuli","Bunambutye",2013,0
"Sironko","Bulambuli","Bunambutye",2014,0
"Sironko","Bulambuli","Bunambutye",2015,0
"Sironko","Bulambuli","Bunambutye",2016,0
"Sironko","Bulambuli","Bunambutye",2017,0
"Sironko","Bulambuli","Bunambutye",2018,0
"Sironko","Bulambuli","Bunambutye",2019,0
"Sironko","Bulambuli","Bunambutye",2020,0
"Sironko","Bulambuli","Bunambutye",2021,0.000164674231200479
"Sironko","Bulambuli","Bunambutye",2022,0.000218486442463472
"Sironko","Bulambuli","Bunambutye",2023,0.20171320438385
"Sironko","Bulambuli","Bunambutye",2024,0.487519532442093
"Sironko","Bulambuli","Masiira",2012,0
"Sironko","Bulambuli","Masiira",2013,0
"Sironko","Bulambuli","Masiira",2014,0
"Sironko","Bulambuli","Masiira",2015,0
"Sironko","Bulambuli","Masiira",2016,0
"Sironko","Bulambuli","Masiira",2017,0
"Sironko","Bulambuli","Masiira",2018,0
"Sironko","Bulambuli","Masiira",2019,0
"Sironko","Bulambuli","Masiira",2020,0
"Sironko","Bulambuli","Masiira",2021,0
"Sironko","Bulambuli","Masiira",2022,0
"Sironko","Bulambuli","Masiira",2023,0
"Sironko","Bulambuli","Masiira",2024,0
"Sironko","Bulambuli","Muyembe",2012,0
"Sironko","Bulambuli","Muyembe",2013,0.511229634284973
"Sironko","Bulambuli","Muyembe",2014,0
"Sironko","Bulambuli","Muyembe",2015,0
"Sironko","Bulambuli","Muyembe",2016,0
"Sironko","Bulambuli","Muyembe",2017,0
"Sironko","Bulambuli","Muyembe",2018,0
"Sironko","Bulambuli","Muyembe",2019,0
"Sironko","Bulambuli","Muyembe",2020,0
"Sironko","Bulambuli","Muyembe",2021,0
"Sironko","Bulambuli","Muyembe",2022,0
"Sironko","Bulambuli","Muyembe",2023,1.74438214302063
"Sironko","Bulambuli","Muyembe",2024,3.78364109992981
"Sironko","Bulambuli","Sisiyi",2012,0
"Sironko","Bulambuli","Sisiyi",2013,0
"Sironko","Bulambuli","Sisiyi",2014,0
"Sironko","Bulambuli","Sisiyi",2015,0.518292546272278
"Sironko","Bulambuli","Sisiyi",2016,0
"Sironko","Bulambuli","Sisiyi",2017,0
"Sironko","Bulambuli","Sisiyi",2018,0
"Sironko","Bulambuli","Sisiyi",2019,0
"Sironko","Bulambuli","Sisiyi",2020,0
"Sironko","Bulambuli","Sisiyi",2021,0
"Sironko","Bulambuli","Sisiyi",2022,0
"Sironko","Bulambuli","Sisiyi",2023,0
"Sironko","Bulambuli","Sisiyi",2024,0
"Sironko","Mt. Elgon Np","Mt. Elgon Np",2012,0.183289065957069
"Sironko","Mt. Elgon Np","Mt. Elgon Np",2013,0.0507404245436192
"Sironko","Mt. Elgon Np","Mt. Elgon Np",2014,0.342518448829651
"Sironko","Mt. Elgon Np","Mt. Elgon Np",2015,0
"Sironko","Mt. Elgon Np","Mt. Elgon Np",2016,0
"Sironko","Mt. Elgon Np","Mt. Elgon Np",2017,0
"Sironko","Mt. Elgon Np","Mt. Elgon Np",2018,0
"Sironko","Mt. Elgon Np","Mt. Elgon Np",2019,0.989845454692841
"Sironko","Mt. Elgon Np","Mt. Elgon Np",2020,0
"Sironko","Mt. Elgon Np","Mt. Elgon Np",2021,0
"Sironko","Mt. Elgon Np","Mt. Elgon Np",2022,0
"Sironko","Mt. Elgon Np","Mt. Elgon Np",2023,0.148891791701317
"Sironko","Mt. Elgon Np","Mt. Elgon Np",2024,0
"Soroti","Kasilo","Bugondo",2012,0
"Soroti","Kasilo","Bugondo",2013,0
"Soroti","Kasilo","Bugondo",2014,0
"Soroti","Kasilo","Bugondo",2015,0
"Soroti","Kasilo","Bugondo",2016,0
"Soroti","Kasilo","Bugondo",2017,0
"Soroti","Kasilo","Bugondo",2018,0
"Soroti","Kasilo","Bugondo",2019,0
"Soroti","Kasilo","Bugondo",2020,0
"Soroti","Kasilo","Bugondo",2021,0
"Soroti","Kasilo","Bugondo",2022,0
"Soroti","Kasilo","Bugondo",2023,0
"Soroti","Kasilo","Bugondo",2024,0
"Soroti","Kasilo","Kadungulu",2012,0
"Soroti","Kasilo","Kadungulu",2013,0
"Soroti","Kasilo","Kadungulu",2014,0
"Soroti","Kasilo","Kadungulu",2015,0
"Soroti","Kasilo","Kadungulu",2016,0
"Soroti","Kasilo","Kadungulu",2017,0
"Soroti","Kasilo","Kadungulu",2018,0
"Soroti","Kasilo","Kadungulu",2019,0
"Soroti","Kasilo","Kadungulu",2020,0
"Soroti","Kasilo","Kadungulu",2021,0
"Soroti","Kasilo","Kadungulu",2022,0
"Soroti","Kasilo","Kadungulu",2023,0
"Soroti","Kasilo","Kadungulu",2024,0
"Soroti","Kasilo","Pingire",2012,0
"Soroti","Kasilo","Pingire",2013,0
"Soroti","Kasilo","Pingire",2014,0
"Soroti","Kasilo","Pingire",2015,0
"Soroti","Kasilo","Pingire",2016,0
"Soroti","Kasilo","Pingire",2017,0
"Soroti","Kasilo","Pingire",2018,0
"Soroti","Kasilo","Pingire",2019,0
"Soroti","Kasilo","Pingire",2020,0
"Soroti","Kasilo","Pingire",2021,0
"Soroti","Kasilo","Pingire",2022,0
"Soroti","Kasilo","Pingire",2023,0
"Soroti","Kasilo","Pingire",2024,0
"Soroti","Serere","Atiira",2012,0
"Soroti","Serere","Atiira",2013,0
"Soroti","Serere","Atiira",2014,0
"Soroti","Serere","Atiira",2015,0
"Soroti","Serere","Atiira",2016,0
"Soroti","Serere","Atiira",2017,0
"Soroti","Serere","Atiira",2018,0
"Soroti","Serere","Atiira",2019,0
"Soroti","Serere","Atiira",2020,0
"Soroti","Serere","Atiira",2021,0
"Soroti","Serere","Atiira",2022,0
"Soroti","Serere","Atiira",2023,0
"Soroti","Serere","Atiira",2024,0
"Soroti","Serere","Kateta",2012,0
"Soroti","Serere","Kateta",2013,0
"Soroti","Serere","Kateta",2014,0
"Soroti","Serere","Kateta",2015,0
"Soroti","Serere","Kateta",2016,0
"Soroti","Serere","Kateta",2017,0
"Soroti","Serere","Kateta",2018,0
"Soroti","Serere","Kateta",2019,0
"Soroti","Serere","Kateta",2020,0
"Soroti","Serere","Kateta",2021,0
"Soroti","Serere","Kateta",2022,0
"Soroti","Serere","Kateta",2023,0
"Soroti","Serere","Kateta",2024,0
"Soroti","Serere","Kyere",2012,0
"Soroti","Serere","Kyere",2013,0
"Soroti","Serere","Kyere",2014,0
"Soroti","Serere","Kyere",2015,0
"Soroti","Serere","Kyere",2016,0
"Soroti","Serere","Kyere",2017,0
"Soroti","Serere","Kyere",2018,0
"Soroti","Serere","Kyere",2019,0
"Soroti","Serere","Kyere",2020,0
"Soroti","Serere","Kyere",2021,0
"Soroti","Serere","Kyere",2022,0
"Soroti","Serere","Kyere",2023,0
"Soroti","Serere","Kyere",2024,0
"Soroti","Serere","Olio",2012,0
"Soroti","Serere","Olio",2013,0
"Soroti","Serere","Olio",2014,0
"Soroti","Serere","Olio",2015,0
"Soroti","Serere","Olio",2016,0
"Soroti","Serere","Olio",2017,0
"Soroti","Serere","Olio",2018,0
"Soroti","Serere","Olio",2019,0
"Soroti","Serere","Olio",2020,0
"Soroti","Serere","Olio",2021,0
"Soroti","Serere","Olio",2022,1.56114530563354
"Soroti","Serere","Olio",2023,4.14553451538086
"Soroti","Serere","Olio",2024,6.50928258895874
"Soroti","Soroti","Arapai",2012,0.600485026836395
"Soroti","Soroti","Arapai",2013,0
"Soroti","Soroti","Arapai",2014,0
"Soroti","Soroti","Arapai",2015,0
"Soroti","Soroti","Arapai",2016,0
"Soroti","Soroti","Arapai",2017,0
"Soroti","Soroti","Arapai",2018,0
"Soroti","Soroti","Arapai",2019,8.91197109222412
"Soroti","Soroti","Arapai",2020,3.70900344848633
"Soroti","Soroti","Arapai",2021,3.48699522018433
"Soroti","Soroti","Arapai",2022,61.0572814941406
"Soroti","Soroti","Arapai",2023,42.4953727722168
"Soroti","Soroti","Arapai",2024,54.0141448974609
"Soroti","Soroti","Asuret",2012,0
"Soroti","Soroti","Asuret",2013,0
"Soroti","Soroti","Asuret",2014,0
"Soroti","Soroti","Asuret",2015,0
"Soroti","Soroti","Asuret",2016,0
"Soroti","Soroti","Asuret",2017,0
"Soroti","Soroti","Asuret",2018,0
"Soroti","Soroti","Asuret",2019,0
"Soroti","Soroti","Asuret",2020,0
"Soroti","Soroti","Asuret",2021,0
"Soroti","Soroti","Asuret",2022,0
"Soroti","Soroti","Asuret",2023,0
"Soroti","Soroti","Asuret",2024,1.13633370399475
"Soroti","Soroti","Gweri",2012,0
"Soroti","Soroti","Gweri",2013,0
"Soroti","Soroti","Gweri",2014,0
"Soroti","Soroti","Gweri",2015,0
"Soroti","Soroti","Gweri",2016,2.2055652141571
"Soroti","Soroti","Gweri",2017,4.93168115615845
"Soroti","Soroti","Gweri",2018,2.79735517501831
"Soroti","Soroti","Gweri",2019,1.69227504730225
"Soroti","Soroti","Gweri",2020,1.48178601264954
"Soroti","Soroti","Gweri",2021,0.807741761207581
"Soroti","Soroti","Gweri",2022,1.87459897994995
"Soroti","Soroti","Gweri",2023,1.77403509616852
"Soroti","Soroti","Gweri",2024,0.785365879535675
"Soroti","Soroti","Kamuda",2012,0
"Soroti","Soroti","Kamuda",2013,0
"Soroti","Soroti","Kamuda",2014,0
"Soroti","Soroti","Kamuda",2015,0
"Soroti","Soroti","Kamuda",2016,0
"Soroti","Soroti","Kamuda",2017,0
"Soroti","Soroti","Kamuda",2018,0
"Soroti","Soroti","Kamuda",2019,0
"Soroti","Soroti","Kamuda",2020,0
"Soroti","Soroti","Kamuda",2021,0
"Soroti","Soroti","Kamuda",2022,0.0517527982592583
"Soroti","Soroti","Kamuda",2023,0.694337248802185
"Soroti","Soroti","Kamuda",2024,1.35444498062134
"Soroti","Soroti","Katine",2012,0
"Soroti","Soroti","Katine",2013,0
"Soroti","Soroti","Katine",2014,0
"Soroti","Soroti","Katine",2015,0
"Soroti","Soroti","Katine",2016,0
"Soroti","Soroti","Katine",2017,0
"Soroti","Soroti","Katine",2018,0
"Soroti","Soroti","Katine",2019,0
"Soroti","Soroti","Katine",2020,0
"Soroti","Soroti","Katine",2021,0
"Soroti","Soroti","Katine",2022,0
"Soroti","Soroti","Katine",2023,0
"Soroti","Soroti","Katine",2024,0.526647448539734
"Soroti","Soroti","Soroti",2012,0.754384815692902
"Soroti","Soroti","Soroti",2013,1.50899040699005
"Soroti","Soroti","Soroti",2014,1.33306205272675
"Soroti","Soroti","Soroti",2015,2.65240359306335
"Soroti","Soroti","Soroti",2016,2.20176768302917
"Soroti","Soroti","Soroti",2017,1.8694452047348
"Soroti","Soroti","Soroti",2018,3.07187080383301
"Soroti","Soroti","Soroti",2019,6.25975465774536
"Soroti","Soroti","Soroti",2020,8.45229816436768
"Soroti","Soroti","Soroti",2021,12.0159502029419
"Soroti","Soroti","Soroti",2022,53.3085632324219
"Soroti","Soroti","Soroti",2023,64.2715759277344
"Soroti","Soroti","Soroti",2024,114.660659790039
"Soroti","Soroti","Tubur",2012,0
"Soroti","Soroti","Tubur",2013,0
"Soroti","Soroti","Tubur",2014,0
"Soroti","Soroti","Tubur",2015,0
"Soroti","Soroti","Tubur",2016,0
"Soroti","Soroti","Tubur",2017,0
"Soroti","Soroti","Tubur",2018,0
"Soroti","Soroti","Tubur",2019,0
"Soroti","Soroti","Tubur",2020,0
"Soroti","Soroti","Tubur",2021,0
"Soroti","Soroti","Tubur",2022,0
"Soroti","Soroti","Tubur",2023,0
"Soroti","Soroti","Tubur",2024,0
"Soroti","Soroti (Municipality)","Eastern Division",2012,19.2078151702881
"Soroti","Soroti (Municipality)","Eastern Division",2013,19.2730140686035
"Soroti","Soroti (Municipality)","Eastern Division",2014,19.8732757568359
"Soroti","Soroti (Municipality)","Eastern Division",2015,20.2558746337891
"Soroti","Soroti (Municipality)","Eastern Division",2016,17.9132442474365
"Soroti","Soroti (Municipality)","Eastern Division",2017,19.8812046051025
"Soroti","Soroti (Municipality)","Eastern Division",2018,21.8907680511475
"Soroti","Soroti (Municipality)","Eastern Division",2019,27.1365852355957
"Soroti","Soroti (Municipality)","Eastern Division",2020,26.7461128234863
"Soroti","Soroti (Municipality)","Eastern Division",2021,31.0561122894287
"Soroti","Soroti (Municipality)","Eastern Division",2022,40.6650733947754
"Soroti","Soroti (Municipality)","Eastern Division",2023,68.1152648925781
"Soroti","Soroti (Municipality)","Eastern Division",2024,106.53840637207
"Soroti","Soroti (Municipality)","Northern Division",2012,6.92496681213379
"Soroti","Soroti (Municipality)","Northern Division",2013,5.81307554244995
"Soroti","Soroti (Municipality)","Northern Division",2014,6.0379753112793
"Soroti","Soroti (Municipality)","Northern Division",2015,5.49201393127441
"Soroti","Soroti (Municipality)","Northern Division",2016,5.47580909729004
"Soroti","Soroti (Municipality)","Northern Division",2017,6.50523996353149
"Soroti","Soroti (Municipality)","Northern Division",2018,8.08886051177979
"Soroti","Soroti (Municipality)","Northern Division",2019,10.330714225769
"Soroti","Soroti (Municipality)","Northern Division",2020,11.2373828887939
"Soroti","Soroti (Municipality)","Northern Division",2021,16.6481838226318
"Soroti","Soroti (Municipality)","Northern Division",2022,46.030460357666
"Soroti","Soroti (Municipality)","Northern Division",2023,63.4722862243652
"Soroti","Soroti (Municipality)","Northern Division",2024,82.6100158691406
"Soroti","Soroti (Municipality)","Western Division",2012,14.009295463562
"Soroti","Soroti (Municipality)","Western Division",2013,16.1313953399658
"Soroti","Soroti (Municipality)","Western Division",2014,11.286187171936
"Soroti","Soroti (Municipality)","Western Division",2015,17.4434242248535
"Soroti","Soroti (Municipality)","Western Division",2016,13.5777931213379
"Soroti","Soroti (Municipality)","Western Division",2017,16.7677516937256
"Soroti","Soroti (Municipality)","Western Division",2018,18.8125762939453
"Soroti","Soroti (Municipality)","Western Division",2019,25.5283813476562
"Soroti","Soroti (Municipality)","Western Division",2020,22.8444938659668
"Soroti","Soroti (Municipality)","Western Division",2021,26.0136814117432
"Soroti","Soroti (Municipality)","Western Division",2022,44.4930419921875
"Soroti","Soroti (Municipality)","Western Division",2023,57.4348526000977
"Soroti","Soroti (Municipality)","Western Division",2024,81.7616424560547
"Tororo","Bunyole","Budumba",2012,0
"Tororo","Bunyole","Budumba",2013,0
"Tororo","Bunyole","Budumba",2014,0
"Tororo","Bunyole","Budumba",2015,0
"Tororo","Bunyole","Budumba",2016,0
"Tororo","Bunyole","Budumba",2017,0
"Tororo","Bunyole","Budumba",2018,0
"Tororo","Bunyole","Budumba",2019,0
"Tororo","Bunyole","Budumba",2020,0
"Tororo","Bunyole","Budumba",2021,0
"Tororo","Bunyole","Budumba",2022,0
"Tororo","Bunyole","Budumba",2023,0
"Tororo","Bunyole","Budumba",2024,0
"Tororo","Bunyole","Busaba",2012,0
"Tororo","Bunyole","Busaba",2013,0
"Tororo","Bunyole","Busaba",2014,0
"Tororo","Bunyole","Busaba",2015,0
"Tororo","Bunyole","Busaba",2016,0
"Tororo","Bunyole","Busaba",2017,0
"Tororo","Bunyole","Busaba",2018,0
"Tororo","Bunyole","Busaba",2019,0
"Tororo","Bunyole","Busaba",2020,0
"Tororo","Bunyole","Busaba",2021,0
"Tororo","Bunyole","Busaba",2022,0
"Tororo","Bunyole","Busaba",2023,0
"Tororo","Bunyole","Busaba",2024,0
"Tororo","Bunyole","Busolwe",2012,3.13818359375
"Tororo","Bunyole","Busolwe",2013,0.609587252140045
"Tororo","Bunyole","Busolwe",2014,0
"Tororo","Bunyole","Busolwe",2015,1.11603140830994
"Tororo","Bunyole","Busolwe",2016,0
"Tororo","Bunyole","Busolwe",2017,0
"Tororo","Bunyole","Busolwe",2018,0
"Tororo","Bunyole","Busolwe",2019,0
"Tororo","Bunyole","Busolwe",2020,0
"Tororo","Bunyole","Busolwe",2021,0.558117210865021
"Tororo","Bunyole","Busolwe",2022,3.28477787971497
"Tororo","Bunyole","Busolwe",2023,4.40918636322021
"Tororo","Bunyole","Busolwe",2024,2.55037403106689
"Tororo","Bunyole","Butaleja",2012,0.516308844089508
"Tororo","Bunyole","Butaleja",2013,0
"Tororo","Bunyole","Butaleja",2014,0
"Tororo","Bunyole","Butaleja",2015,0.533295154571533
"Tororo","Bunyole","Butaleja",2016,0.536405324935913
"Tororo","Bunyole","Butaleja",2017,0
"Tororo","Bunyole","Butaleja",2018,0
"Tororo","Bunyole","Butaleja",2019,0
"Tororo","Bunyole","Butaleja",2020,0
"Tororo","Bunyole","Butaleja",2021,0
"Tororo","Bunyole","Butaleja",2022,0
"Tororo","Bunyole","Butaleja",2023,0
"Tororo","Bunyole","Butaleja",2024,0
"Tororo","Bunyole","Kachonga",2012,0.4131960272789
"Tororo","Bunyole","Kachonga",2013,0.0766368806362152
"Tororo","Bunyole","Kachonga",2014,0.0620214939117432
"Tororo","Bunyole","Kachonga",2015,0.544520497322083
"Tororo","Bunyole","Kachonga",2016,0.0615825839340687
"Tororo","Bunyole","Kachonga",2017,0
"Tororo","Bunyole","Kachonga",2018,0
"Tororo","Bunyole","Kachonga",2019,0
"Tororo","Bunyole","Kachonga",2020,0
"Tororo","Bunyole","Kachonga",2021,0
"Tororo","Bunyole","Kachonga",2022,0
"Tororo","Bunyole","Kachonga",2023,0
"Tororo","Bunyole","Kachonga",2024,0
"Tororo","Bunyole","Nawanjofu",2012,0
"Tororo","Bunyole","Nawanjofu",2013,0
"Tororo","Bunyole","Nawanjofu",2014,0
"Tororo","Bunyole","Nawanjofu",2015,0
"Tororo","Bunyole","Nawanjofu",2016,0
"Tororo","Bunyole","Nawanjofu",2017,0
"Tororo","Bunyole","Nawanjofu",2018,0
"Tororo","Bunyole","Nawanjofu",2019,0
"Tororo","Bunyole","Nawanjofu",2020,0
"Tororo","Bunyole","Nawanjofu",2021,0
"Tororo","Bunyole","Nawanjofu",2022,0
"Tororo","Bunyole","Nawanjofu",2023,0
"Tororo","Bunyole","Nawanjofu",2024,0
"Tororo","Bunyole","Nazimasa",2012,0.730410695075989
"Tororo","Bunyole","Nazimasa",2013,2.06647968292236
"Tororo","Bunyole","Nazimasa",2014,1.08730149269104
"Tororo","Bunyole","Nazimasa",2015,1.45660817623138
"Tororo","Bunyole","Nazimasa",2016,0.612419188022614
"Tororo","Bunyole","Nazimasa",2017,0
"Tororo","Bunyole","Nazimasa",2018,0.564804434776306
"Tororo","Bunyole","Nazimasa",2019,0
"Tororo","Bunyole","Nazimasa",2020,0
"Tororo","Bunyole","Nazimasa",2021,0
"Tororo","Bunyole","Nazimasa",2022,0
"Tororo","Bunyole","Nazimasa",2023,0
"Tororo","Bunyole","Nazimasa",2024,0
"Tororo","Kisoko (West Budama)","Iyolwa",2012,0
"Tororo","Kisoko (West Budama)","Iyolwa",2013,0
"Tororo","Kisoko (West Budama)","Iyolwa",2014,0
"Tororo","Kisoko (West Budama)","Iyolwa",2015,0
"Tororo","Kisoko (West Budama)","Iyolwa",2016,0
"Tororo","Kisoko (West Budama)","Iyolwa",2017,0
"Tororo","Kisoko (West Budama)","Iyolwa",2018,0
"Tororo","Kisoko (West Budama)","Iyolwa",2019,0
"Tororo","Kisoko (West Budama)","Iyolwa",2020,0
"Tororo","Kisoko (West Budama)","Iyolwa",2021,0
"Tororo","Kisoko (West Budama)","Iyolwa",2022,0
"Tororo","Kisoko (West Budama)","Iyolwa",2023,1.11765956878662
"Tororo","Kisoko (West Budama)","Iyolwa",2024,0.505333423614502
"Tororo","Kisoko (West Budama)","Kirewa",2012,0
"Tororo","Kisoko (West Budama)","Kirewa",2013,0
"Tororo","Kisoko (West Budama)","Kirewa",2014,0
"Tororo","Kisoko (West Budama)","Kirewa",2015,0
"Tororo","Kisoko (West Budama)","Kirewa",2016,0
"Tororo","Kisoko (West Budama)","Kirewa",2017,0
"Tororo","Kisoko (West Budama)","Kirewa",2018,0
"Tororo","Kisoko (West Budama)","Kirewa",2019,0
"Tororo","Kisoko (West Budama)","Kirewa",2020,0
"Tororo","Kisoko (West Budama)","Kirewa",2021,0
"Tororo","Kisoko (West Budama)","Kirewa",2022,0
"Tororo","Kisoko (West Budama)","Kirewa",2023,0
"Tororo","Kisoko (West Budama)","Kirewa",2024,0
"Tororo","Kisoko (West Budama)","Kisoko",2012,0
"Tororo","Kisoko (West Budama)","Kisoko",2013,0
"Tororo","Kisoko (West Budama)","Kisoko",2014,0
"Tororo","Kisoko (West Budama)","Kisoko",2015,0
"Tororo","Kisoko (West Budama)","Kisoko",2016,0
"Tororo","Kisoko (West Budama)","Kisoko",2017,0
"Tororo","Kisoko (West Budama)","Kisoko",2018,0
"Tororo","Kisoko (West Budama)","Kisoko",2019,0
"Tororo","Kisoko (West Budama)","Kisoko",2020,0
"Tororo","Kisoko (West Budama)","Kisoko",2021,0
"Tororo","Kisoko (West Budama)","Kisoko",2022,0
"Tororo","Kisoko (West Budama)","Kisoko",2023,0.534162402153015
"Tororo","Kisoko (West Budama)","Kisoko",2024,0
"Tororo","Kisoko (West Budama)","Mulanda",2012,0
"Tororo","Kisoko (West Budama)","Mulanda",2013,0
"Tororo","Kisoko (West Budama)","Mulanda",2014,0
"Tororo","Kisoko (West Budama)","Mulanda",2015,0
"Tororo","Kisoko (West Budama)","Mulanda",2016,0
"Tororo","Kisoko (West Budama)","Mulanda",2017,0
"Tororo","Kisoko (West Budama)","Mulanda",2018,0
"Tororo","Kisoko (West Budama)","Mulanda",2019,0
"Tororo","Kisoko (West Budama)","Mulanda",2020,0
"Tororo","Kisoko (West Budama)","Mulanda",2021,0
"Tororo","Kisoko (West Budama)","Mulanda",2022,0
"Tororo","Kisoko (West Budama)","Mulanda",2023,0
"Tororo","Kisoko (West Budama)","Mulanda",2024,0
"Tororo","Kisoko (West Budama)","Nabuyoga",2012,0
"Tororo","Kisoko (West Budama)","Nabuyoga",2013,0
"Tororo","Kisoko (West Budama)","Nabuyoga",2014,0
"Tororo","Kisoko (West Budama)","Nabuyoga",2015,0
"Tororo","Kisoko (West Budama)","Nabuyoga",2016,0
"Tororo","Kisoko (West Budama)","Nabuyoga",2017,0
"Tororo","Kisoko (West Budama)","Nabuyoga",2018,0
"Tororo","Kisoko (West Budama)","Nabuyoga",2019,0
"Tororo","Kisoko (West Budama)","Nabuyoga",2020,0
"Tororo","Kisoko (West Budama)","Nabuyoga",2021,0
"Tororo","Kisoko (West Budama)","Nabuyoga",2022,0
"Tororo","Kisoko (West Budama)","Nabuyoga",2023,0
"Tororo","Kisoko (West Budama)","Nabuyoga",2024,0
"Tororo","Kisoko (West Budama)","Nagongera",2012,0
"Tororo","Kisoko (West Budama)","Nagongera",2013,0
"Tororo","Kisoko (West Budama)","Nagongera",2014,0
"Tororo","Kisoko (West Budama)","Nagongera",2015,0
"Tororo","Kisoko (West Budama)","Nagongera",2016,0
"Tororo","Kisoko (West Budama)","Nagongera",2017,0
"Tororo","Kisoko (West Budama)","Nagongera",2018,0
"Tororo","Kisoko (West Budama)","Nagongera",2019,0
"Tororo","Kisoko (West Budama)","Nagongera",2020,0
"Tororo","Kisoko (West Budama)","Nagongera",2021,0
"Tororo","Kisoko (West Budama)","Nagongera",2022,0
"Tororo","Kisoko (West Budama)","Nagongera",2023,1.67576491832733
"Tororo","Kisoko (West Budama)","Nagongera",2024,0
"Tororo","Kisoko (West Budama)","Paya",2012,0
"Tororo","Kisoko (West Budama)","Paya",2013,0
"Tororo","Kisoko (West Budama)","Paya",2014,0
"Tororo","Kisoko (West Budama)","Paya",2015,0
"Tororo","Kisoko (West Budama)","Paya",2016,0
"Tororo","Kisoko (West Budama)","Paya",2017,0
"Tororo","Kisoko (West Budama)","Paya",2018,0
"Tororo","Kisoko (West Budama)","Paya",2019,0
"Tororo","Kisoko (West Budama)","Paya",2020,0
"Tororo","Kisoko (West Budama)","Paya",2021,0
"Tororo","Kisoko (West Budama)","Paya",2022,0
"Tororo","Kisoko (West Budama)","Paya",2023,0
"Tororo","Kisoko (West Budama)","Paya",2024,0
"Tororo","Kisoko (West Budama)","Petta",2012,0
"Tororo","Kisoko (West Budama)","Petta",2013,0
"Tororo","Kisoko (West Budama)","Petta",2014,0
"Tororo","Kisoko (West Budama)","Petta",2015,0
"Tororo","Kisoko (West Budama)","Petta",2016,0
"Tororo","Kisoko (West Budama)","Petta",2017,0
"Tororo","Kisoko (West Budama)","Petta",2018,0
"Tororo","Kisoko (West Budama)","Petta",2019,0
"Tororo","Kisoko (West Budama)","Petta",2020,0
"Tororo","Kisoko (West Budama)","Petta",2021,0
"Tororo","Kisoko (West Budama)","Petta",2022,0
"Tororo","Kisoko (West Budama)","Petta",2023,0
"Tororo","Kisoko (West Budama)","Petta",2024,0
"Tororo","Kisoko (West Budama)","Rubongi",2012,1.08008587360382
"Tororo","Kisoko (West Budama)","Rubongi",2013,1.05540978908539
"Tororo","Kisoko (West Budama)","Rubongi",2014,1.76013565063477
"Tororo","Kisoko (West Budama)","Rubongi",2015,1.25958633422852
"Tororo","Kisoko (West Budama)","Rubongi",2016,0.817629635334015
"Tororo","Kisoko (West Budama)","Rubongi",2017,8.46212863922119
"Tororo","Kisoko (West Budama)","Rubongi",2018,38.1275749206543
"Tororo","Kisoko (West Budama)","Rubongi",2019,74.3622970581055
"Tororo","Kisoko (West Budama)","Rubongi",2020,54.5787544250488
"Tororo","Kisoko (West Budama)","Rubongi",2021,46.7107620239258
"Tororo","Kisoko (West Budama)","Rubongi",2022,62.7252159118652
"Tororo","Kisoko (West Budama)","Rubongi",2023,83.0364685058594
"Tororo","Kisoko (West Budama)","Rubongi",2024,85.9567947387695
"Tororo","Tororo","Kwapa",2012,0
"Tororo","Tororo","Kwapa",2013,0
"Tororo","Tororo","Kwapa",2014,0
"Tororo","Tororo","Kwapa",2015,0
"Tororo","Tororo","Kwapa",2016,0
"Tororo","Tororo","Kwapa",2017,0
"Tororo","Tororo","Kwapa",2018,0
"Tororo","Tororo","Kwapa",2019,0
"Tororo","Tororo","Kwapa",2020,0
"Tororo","Tororo","Kwapa",2021,0
"Tororo","Tororo","Kwapa",2022,0
"Tororo","Tororo","Kwapa",2023,2.18618249893188
"Tororo","Tororo","Kwapa",2024,0.988361477851868
"Tororo","Tororo","Mella",2012,12.7215528488159
"Tororo","Tororo","Mella",2013,12.0422439575195
"Tororo","Tororo","Mella",2014,11.6162710189819
"Tororo","Tororo","Mella",2015,21.2478065490723
"Tororo","Tororo","Mella",2016,25.9934120178223
"Tororo","Tororo","Mella",2017,22.4243621826172
"Tororo","Tororo","Mella",2018,26.8443756103516
"Tororo","Tororo","Mella",2019,36.9952659606934
"Tororo","Tororo","Mella",2020,39.7278900146484
"Tororo","Tororo","Mella",2021,55.5393867492676
"Tororo","Tororo","Mella",2022,81.1333923339844
"Tororo","Tororo","Mella",2023,84.2450714111328
"Tororo","Tororo","Mella",2024,92.1102066040039
"Tororo","Tororo","Merikit",2012,0
"Tororo","Tororo","Merikit",2013,0
"Tororo","Tororo","Merikit",2014,0
"Tororo","Tororo","Merikit",2015,0.517965972423553
"Tororo","Tororo","Merikit",2016,0
"Tororo","Tororo","Merikit",2017,0
"Tororo","Tororo","Merikit",2018,0
"Tororo","Tororo","Merikit",2019,0
"Tororo","Tororo","Merikit",2020,0
"Tororo","Tororo","Merikit",2021,0
"Tororo","Tororo","Merikit",2022,0
"Tororo","Tororo","Merikit",2023,0
"Tororo","Tororo","Merikit",2024,0
"Tororo","Tororo","Molo",2012,0
"Tororo","Tororo","Molo",2013,0
"Tororo","Tororo","Molo",2014,0
"Tororo","Tororo","Molo",2015,0
"Tororo","Tororo","Molo",2016,0
"Tororo","Tororo","Molo",2017,0
"Tororo","Tororo","Molo",2018,0
"Tororo","Tororo","Molo",2019,0
"Tororo","Tororo","Molo",2020,0
"Tororo","Tororo","Molo",2021,0
"Tororo","Tororo","Molo",2022,0
"Tororo","Tororo","Molo",2023,1.07147431373596
"Tororo","Tororo","Molo",2024,0
"Tororo","Tororo","Mukuju",2012,0
"Tororo","Tororo","Mukuju",2013,0
"Tororo","Tororo","Mukuju",2014,0
"Tororo","Tororo","Mukuju",2015,0
"Tororo","Tororo","Mukuju",2016,0
"Tororo","Tororo","Mukuju",2017,9.6578311920166
"Tororo","Tororo","Mukuju",2018,28.6894550323486
"Tororo","Tororo","Mukuju",2019,37.719165802002
"Tororo","Tororo","Mukuju",2020,26.2172260284424
"Tororo","Tororo","Mukuju",2021,28.9289245605469
"Tororo","Tororo","Mukuju",2022,40.8574905395508
"Tororo","Tororo","Mukuju",2023,55.9722213745117
"Tororo","Tororo","Mukuju",2024,57.0341377258301
"Tororo","Tororo","Osukuru",2012,50.8875198364258
"Tororo","Tororo","Osukuru",2013,41.51171875
"Tororo","Tororo","Osukuru",2014,46.2567443847656
"Tororo","Tororo","Osukuru",2015,47.7553558349609
"Tororo","Tororo","Osukuru",2016,29.6862144470215
"Tororo","Tororo","Osukuru",2017,37.811695098877
"Tororo","Tororo","Osukuru",2018,33.3366813659668
"Tororo","Tororo","Osukuru",2019,65.3287963867188
"Tororo","Tororo","Osukuru",2020,45.7771148681641
"Tororo","Tororo","Osukuru",2021,82.1194839477539
"Tororo","Tororo","Osukuru",2022,109.804611206055
"Tororo","Tororo","Osukuru",2023,130.042251586914
"Tororo","Tororo","Osukuru",2024,125.737350463867
"Tororo","Tororo (Municipality)","Eastern Divisioni",2012,20.5016937255859
"Tororo","Tororo (Municipality)","Eastern Divisioni",2013,21.4266471862793
"Tororo","Tororo (Municipality)","Eastern Divisioni",2014,25.8604736328125
"Tororo","Tororo (Municipality)","Eastern Divisioni",2015,32.3254203796387
"Tororo","Tororo (Municipality)","Eastern Divisioni",2016,21.5399627685547
"Tororo","Tororo (Municipality)","Eastern Divisioni",2017,19.5360240936279
"Tororo","Tororo (Municipality)","Eastern Divisioni",2018,27.9334907531738
"Tororo","Tororo (Municipality)","Eastern Divisioni",2019,36.093132019043
"Tororo","Tororo (Municipality)","Eastern Divisioni",2020,43.0187835693359
"Tororo","Tororo (Municipality)","Eastern Divisioni",2021,64.5199890136719
"Tororo","Tororo (Municipality)","Eastern Divisioni",2022,90.5627822875977
"Tororo","Tororo (Municipality)","Eastern Divisioni",2023,114.554351806641
"Tororo","Tororo (Municipality)","Eastern Divisioni",2024,136.998245239258
"Tororo","Tororo (Municipality)","Western Divisioni",2012,16.2226676940918
"Tororo","Tororo (Municipality)","Western Divisioni",2013,18.4220314025879
"Tororo","Tororo (Municipality)","Western Divisioni",2014,15.9792928695679
"Tororo","Tororo (Municipality)","Western Divisioni",2015,18.3338508605957
"Tororo","Tororo (Municipality)","Western Divisioni",2016,17.5662708282471
"Tororo","Tororo (Municipality)","Western Divisioni",2017,15.7623062133789
"Tororo","Tororo (Municipality)","Western Divisioni",2018,21.1723022460938
"Tororo","Tororo (Municipality)","Western Divisioni",2019,32.9011764526367
"Tororo","Tororo (Municipality)","Western Divisioni",2020,28.5900325775146
"Tororo","Tororo (Municipality)","Western Divisioni",2021,38.3917198181152
"Tororo","Tororo (Municipality)","Western Divisioni",2022,47.1539840698242
"Tororo","Tororo (Municipality)","Western Divisioni",2023,78.5110702514648
"Tororo","Tororo (Municipality)","Western Divisioni",2024,98.6009140014648
"Wakiso","Busiiro","Kakiri",2012,16.3216896057129
"Wakiso","Busiiro","Kakiri",2013,23.9675846099854
"Wakiso","Busiiro","Kakiri",2014,20.7084865570068
"Wakiso","Busiiro","Kakiri",2015,31.5205402374268
"Wakiso","Busiiro","Kakiri",2016,28.8524055480957
"Wakiso","Busiiro","Kakiri",2017,32.4959373474121
"Wakiso","Busiiro","Kakiri",2018,38.6581954956055
"Wakiso","Busiiro","Kakiri",2019,60.4191131591797
"Wakiso","Busiiro","Kakiri",2020,121.376319885254
"Wakiso","Busiiro","Kakiri",2021,132.356536865234
"Wakiso","Busiiro","Kakiri",2022,335.724212646484
"Wakiso","Busiiro","Kakiri",2023,362.959564208984
"Wakiso","Busiiro","Kakiri",2024,566.100891113281
"Wakiso","Busiiro","Kasanje",2012,2.84231877326965
"Wakiso","Busiiro","Kasanje",2013,0
"Wakiso","Busiiro","Kasanje",2014,0.588006019592285
"Wakiso","Busiiro","Kasanje",2015,0
"Wakiso","Busiiro","Kasanje",2016,0
"Wakiso","Busiiro","Kasanje",2017,0
"Wakiso","Busiiro","Kasanje",2018,1.14920401573181
"Wakiso","Busiiro","Kasanje",2019,1.59471416473389
"Wakiso","Busiiro","Kasanje",2020,0
"Wakiso","Busiiro","Kasanje",2021,7.59269571304321
"Wakiso","Busiiro","Kasanje",2022,96.6082763671875
"Wakiso","Busiiro","Kasanje",2023,183.543472290039
"Wakiso","Busiiro","Kasanje",2024,208.179870605469
"Wakiso","Busiiro","Katabi-Entebbe",2012,327.602294921875
"Wakiso","Busiiro","Katabi-Entebbe",2013,358.435028076172
"Wakiso","Busiiro","Katabi-Entebbe",2014,505.522827148438
"Wakiso","Busiiro","Katabi-Entebbe",2015,538.910095214844
"Wakiso","Busiiro","Katabi-Entebbe",2016,648.459106445312
"Wakiso","Busiiro","Katabi-Entebbe",2017,641.890014648438
"Wakiso","Busiiro","Katabi-Entebbe",2018,673.762023925781
"Wakiso","Busiiro","Katabi-Entebbe",2019,690.839416503906
"Wakiso","Busiiro","Katabi-Entebbe",2020,947.870178222656
"Wakiso","Busiiro","Katabi-Entebbe",2021,1015.00469970703
"Wakiso","Busiiro","Katabi-Entebbe",2022,1267.05969238281
"Wakiso","Busiiro","Katabi-Entebbe",2023,1535.06384277344
"Wakiso","Busiiro","Katabi-Entebbe",2024,1706.01257324219
"Wakiso","Busiiro","Masulita",2012,0
"Wakiso","Busiiro","Masulita",2013,0
"Wakiso","Busiiro","Masulita",2014,0
"Wakiso","Busiiro","Masulita",2015,0
"Wakiso","Busiiro","Masulita",2016,1.62699508666992
"Wakiso","Busiiro","Masulita",2017,1.04338383674622
"Wakiso","Busiiro","Masulita",2018,1.33309400081635
"Wakiso","Busiiro","Masulita",2019,1.82822322845459
"Wakiso","Busiiro","Masulita",2020,0.533970475196838
"Wakiso","Busiiro","Masulita",2021,4.01254558563232
"Wakiso","Busiiro","Masulita",2022,22.6328582763672
"Wakiso","Busiiro","Masulita",2023,30.636079788208
"Wakiso","Busiiro","Masulita",2024,87.9364318847656
"Wakiso","Busiiro","Namayumba",2012,0
"Wakiso","Busiiro","Namayumba",2013,0
"Wakiso","Busiiro","Namayumba",2014,0
"Wakiso","Busiiro","Namayumba",2015,0
"Wakiso","Busiiro","Namayumba",2016,0
"Wakiso","Busiiro","Namayumba",2017,0.543016672134399
"Wakiso","Busiiro","Namayumba",2018,1.26782143115997
"Wakiso","Busiiro","Namayumba",2019,2.10063219070435
"Wakiso","Busiiro","Namayumba",2020,2.83851075172424
"Wakiso","Busiiro","Namayumba",2021,7.16121101379395
"Wakiso","Busiiro","Namayumba",2022,50.3217086791992
"Wakiso","Busiiro","Namayumba",2023,49.7680168151855
"Wakiso","Busiiro","Namayumba",2024,81.9829864501953
"Wakiso","Busiiro","Nsangi",2012,582.019592285156
"Wakiso","Busiiro","Nsangi",2013,660.96728515625
"Wakiso","Busiiro","Nsangi",2014,583.893798828125
"Wakiso","Busiiro","Nsangi",2015,700.353332519531
"Wakiso","Busiiro","Nsangi",2016,690.551208496094
"Wakiso","Busiiro","Nsangi",2017,757.950317382812
"Wakiso","Busiiro","Nsangi",2018,898.418029785156
"Wakiso","Busiiro","Nsangi",2019,1048.85498046875
"Wakiso","Busiiro","Nsangi",2020,1183.79614257812
"Wakiso","Busiiro","Nsangi",2021,1448.22729492188
"Wakiso","Busiiro","Nsangi",2022,1929.94616699219
"Wakiso","Busiiro","Nsangi",2023,2220.38134765625
"Wakiso","Busiiro","Nsangi",2024,2843.94555664062
"Wakiso","Busiiro","Ssisa",2012,181.709182739258
"Wakiso","Busiiro","Ssisa",2013,259.139465332031
"Wakiso","Busiiro","Ssisa",2014,279.446441650391
"Wakiso","Busiiro","Ssisa",2015,357.150543212891
"Wakiso","Busiiro","Ssisa",2016,353.236358642578
"Wakiso","Busiiro","Ssisa",2017,393.380096435547
"Wakiso","Busiiro","Ssisa",2018,503.582305908203
"Wakiso","Busiiro","Ssisa",2019,566.219116210938
"Wakiso","Busiiro","Ssisa",2020,657.170471191406
"Wakiso","Busiiro","Ssisa",2021,933.976989746094
"Wakiso","Busiiro","Ssisa",2022,1309.52856445312
"Wakiso","Busiiro","Ssisa",2023,1560.98107910156
"Wakiso","Busiiro","Ssisa",2024,2223.8056640625
"Wakiso","Busiiro","Wakiso",2012,319.598785400391
"Wakiso","Busiiro","Wakiso",2013,405.875091552734
"Wakiso","Busiiro","Wakiso",2014,410.562683105469
"Wakiso","Busiiro","Wakiso",2015,478.579559326172
"Wakiso","Busiiro","Wakiso",2016,464.872009277344
"Wakiso","Busiiro","Wakiso",2017,540.570556640625
"Wakiso","Busiiro","Wakiso",2018,655.982788085938
"Wakiso","Busiiro","Wakiso",2019,774.846923828125
"Wakiso","Busiiro","Wakiso",2020,970.562561035156
"Wakiso","Busiiro","Wakiso",2021,1245.03137207031
"Wakiso","Busiiro","Wakiso",2022,1894.21850585938
"Wakiso","Busiiro","Wakiso",2023,2138.16870117188
"Wakiso","Busiiro","Wakiso",2024,2810.4580078125
"Wakiso","Busiiro","Wakiso Tc",2012,55.6313896179199
"Wakiso","Busiiro","Wakiso Tc",2013,87.2330093383789
"Wakiso","Busiiro","Wakiso Tc",2014,85.523063659668
"Wakiso","Busiiro","Wakiso Tc",2015,103.025009155273
"Wakiso","Busiiro","Wakiso Tc",2016,106.120002746582
"Wakiso","Busiiro","Wakiso Tc",2017,105.922645568848
"Wakiso","Busiiro","Wakiso Tc",2018,138.485473632812
"Wakiso","Busiiro","Wakiso Tc",2019,174.089950561523
"Wakiso","Busiiro","Wakiso Tc",2020,207.585983276367
"Wakiso","Busiiro","Wakiso Tc",2021,254.880325317383
"Wakiso","Busiiro","Wakiso Tc",2022,349.257904052734
"Wakiso","Busiiro","Wakiso Tc",2023,406.496398925781
"Wakiso","Busiiro","Wakiso Tc",2024,488.569915771484
"Wakiso","Entebbe","Division A",2012,204.735366821289
"Wakiso","Entebbe","Division A",2013,246.408386230469
"Wakiso","Entebbe","Division A",2014,248.082046508789
"Wakiso","Entebbe","Division A",2015,250.851043701172
"Wakiso","Entebbe","Division A",2016,233.109878540039
"Wakiso","Entebbe","Division A",2017,247.176177978516
"Wakiso","Entebbe","Division A",2018,274.611328125
"Wakiso","Entebbe","Division A",2019,301.701446533203
"Wakiso","Entebbe","Division A",2020,398.846466064453
"Wakiso","Entebbe","Division A",2021,396.125549316406
"Wakiso","Entebbe","Division A",2022,432.616577148438
"Wakiso","Entebbe","Division A",2023,491.614807128906
"Wakiso","Entebbe","Division A",2024,533.728271484375
"Wakiso","Entebbe","Division B",2012,243.63752746582
"Wakiso","Entebbe","Division B",2013,272.727081298828
"Wakiso","Entebbe","Division B",2014,360.7158203125
"Wakiso","Entebbe","Division B",2015,387.326263427734
"Wakiso","Entebbe","Division B",2016,323.498504638672
"Wakiso","Entebbe","Division B",2017,332.7060546875
"Wakiso","Entebbe","Division B",2018,313.066314697266
"Wakiso","Entebbe","Division B",2019,305.52880859375
"Wakiso","Entebbe","Division B",2020,299.634002685547
"Wakiso","Entebbe","Division B",2021,377.5927734375
"Wakiso","Entebbe","Division B",2022,505.417541503906
"Wakiso","Entebbe","Division B",2023,499.092956542969
"Wakiso","Entebbe","Division B",2024,583.145141601562
"Wakiso","Jinja","Busukuma",2012,36.9283599853516
"Wakiso","Jinja","Busukuma",2013,55.4316711425781
"Wakiso","Jinja","Busukuma",2014,51.8712272644043
"Wakiso","Jinja","Busukuma",2015,66.3503494262695
"Wakiso","Jinja","Busukuma",2016,50.7254829406738
"Wakiso","Jinja","Busukuma",2017,75.9206390380859
"Wakiso","Jinja","Busukuma",2018,67.5767822265625
"Wakiso","Jinja","Busukuma",2019,82.9130630493164
"Wakiso","Jinja","Busukuma",2020,156.785614013672
"Wakiso","Jinja","Busukuma",2021,223.629974365234
"Wakiso","Jinja","Busukuma",2022,478.185241699219
"Wakiso","Jinja","Busukuma",2023,520.784362792969
"Wakiso","Jinja","Busukuma",2024,722.039794921875
"Wakiso","Jinja","Gombe",2012,29.8429527282715
"Wakiso","Jinja","Gombe",2013,57.2006645202637
"Wakiso","Jinja","Gombe",2014,50.1525955200195
"Wakiso","Jinja","Gombe",2015,78.2169189453125
"Wakiso","Jinja","Gombe",2016,69.7628402709961
"Wakiso","Jinja","Gombe",2017,102.96183013916
"Wakiso","Jinja","Gombe",2018,148.043899536133
"Wakiso","Jinja","Gombe",2019,193.156326293945
"Wakiso","Jinja","Gombe",2020,252.978134155273
"Wakiso","Jinja","Gombe",2021,369.426788330078
"Wakiso","Jinja","Gombe",2022,708.710327148438
"Wakiso","Jinja","Gombe",2023,824.87890625
"Wakiso","Jinja","Gombe",2024,1123.53894042969
"Wakiso","Jinja","Kira",2012,856.375610351562
"Wakiso","Jinja","Kira",2013,958.582275390625
"Wakiso","Jinja","Kira",2014,991.55322265625
"Wakiso","Jinja","Kira",2015,1067.44299316406
"Wakiso","Jinja","Kira",2016,1103.58740234375
"Wakiso","Jinja","Kira",2017,1196.88439941406
"Wakiso","Jinja","Kira",2018,1378.00415039062
"Wakiso","Jinja","Kira",2019,1598.6728515625
"Wakiso","Jinja","Kira",2020,1816.0888671875
"Wakiso","Jinja","Kira",2021,2158.5068359375
"Wakiso","Jinja","Kira",2022,2744.22241210938
"Wakiso","Jinja","Kira",2023,3116.98046875
"Wakiso","Jinja","Kira",2024,3635.80346679688
"Wakiso","Jinja","Nabweru",2012,555.6455078125
"Wakiso","Jinja","Nabweru",2013,581.739013671875
"Wakiso","Jinja","Nabweru",2014,511.848052978516
"Wakiso","Jinja","Nabweru",2015,527.0126953125
"Wakiso","Jinja","Nabweru",2016,489.415344238281
"Wakiso","Jinja","Nabweru",2017,546.576843261719
"Wakiso","Jinja","Nabweru",2018,612.752197265625
"Wakiso","Jinja","Nabweru",2019,737.310729980469
"Wakiso","Jinja","Nabweru",2020,794.724792480469
"Wakiso","Jinja","Nabweru",2021,909.118957519531
"Wakiso","Jinja","Nabweru",2022,1208.98376464844
"Wakiso","Jinja","Nabweru",2023,1385.92272949219
"Wakiso","Jinja","Nabweru",2024,1640.81604003906
"Wakiso","Jinja","Nangabo",2012,256.811981201172
"Wakiso","Jinja","Nangabo",2013,357.112854003906
"Wakiso","Jinja","Nangabo",2014,339.32763671875
"Wakiso","Jinja","Nangabo",2015,415.33837890625
"Wakiso","Jinja","Nangabo",2016,422.232940673828
"Wakiso","Jinja","Nangabo",2017,525.076843261719
"Wakiso","Jinja","Nangabo",2018,617.207214355469
"Wakiso","Jinja","Nangabo",2019,754.049560546875
"Wakiso","Jinja","Nangabo",2020,989.874755859375
"Wakiso","Jinja","Nangabo",2021,1229.49462890625
"Wakiso","Jinja","Nangabo",2022,1640.91284179688
"Wakiso","Jinja","Nangabo",2023,1953.98059082031
"Wakiso","Jinja","Nangabo",2024,2379.10180664062
"Wakiso","Jinja","Ssabagabo-Makindye",2012,847.872131347656
"Wakiso","Jinja","Ssabagabo-Makindye",2013,937.001525878906
"Wakiso","Jinja","Ssabagabo-Makindye",2014,922.308532714844
"Wakiso","Jinja","Ssabagabo-Makindye",2015,966.96142578125
"Wakiso","Jinja","Ssabagabo-Makindye",2016,931.017395019531
"Wakiso","Jinja","Ssabagabo-Makindye",2017,925.652893066406
"Wakiso","Jinja","Ssabagabo-Makindye",2018,1081.36865234375
"Wakiso","Jinja","Ssabagabo-Makindye",2019,1213.58764648438
"Wakiso","Jinja","Ssabagabo-Makindye",2020,1349.3818359375
"Wakiso","Jinja","Ssabagabo-Makindye",2021,1630.82360839844
"Wakiso","Jinja","Ssabagabo-Makindye",2022,2033.58312988281
"Wakiso","Jinja","Ssabagabo-Makindye",2023,2430.1123046875
"Wakiso","Jinja","Ssabagabo-Makindye",2024,3075.31201171875
"Yumbe","Aringa","Apo",2012,0
"Yumbe","Aringa","Apo",2013,0
"Yumbe","Aringa","Apo",2014,0
"Yumbe","Aringa","Apo",2015,0
"Yumbe","Aringa","Apo",2016,0
"Yumbe","Aringa","Apo",2017,0
"Yumbe","Aringa","Apo",2018,0
"Yumbe","Aringa","Apo",2019,0
"Yumbe","Aringa","Apo",2020,0
"Yumbe","Aringa","Apo",2021,0
"Yumbe","Aringa","Apo",2022,0
"Yumbe","Aringa","Apo",2023,0
"Yumbe","Aringa","Apo",2024,0
"Yumbe","Aringa","Drajani",2012,0
"Yumbe","Aringa","Drajani",2013,0
"Yumbe","Aringa","Drajani",2014,0
"Yumbe","Aringa","Drajani",2015,0
"Yumbe","Aringa","Drajani",2016,0
"Yumbe","Aringa","Drajani",2017,0
"Yumbe","Aringa","Drajani",2018,0
"Yumbe","Aringa","Drajani",2019,0
"Yumbe","Aringa","Drajani",2020,0
"Yumbe","Aringa","Drajani",2021,0.503146708011627
"Yumbe","Aringa","Drajani",2022,0
"Yumbe","Aringa","Drajani",2023,0
"Yumbe","Aringa","Drajani",2024,0
"Yumbe","Aringa","Kei",2012,0
"Yumbe","Aringa","Kei",2013,0
"Yumbe","Aringa","Kei",2014,0
"Yumbe","Aringa","Kei",2015,0
"Yumbe","Aringa","Kei",2016,0
"Yumbe","Aringa","Kei",2017,0
"Yumbe","Aringa","Kei",2018,0
"Yumbe","Aringa","Kei",2019,0
"Yumbe","Aringa","Kei",2020,0
"Yumbe","Aringa","Kei",2021,0
"Yumbe","Aringa","Kei",2022,0
"Yumbe","Aringa","Kei",2023,0
"Yumbe","Aringa","Kei",2024,0
"Yumbe","Aringa","Kuru",2012,0
"Yumbe","Aringa","Kuru",2013,0
"Yumbe","Aringa","Kuru",2014,0
"Yumbe","Aringa","Kuru",2015,0
"Yumbe","Aringa","Kuru",2016,0
"Yumbe","Aringa","Kuru",2017,0
"Yumbe","Aringa","Kuru",2018,0
"Yumbe","Aringa","Kuru",2019,0.543072700500488
"Yumbe","Aringa","Kuru",2020,1.44742822647095
"Yumbe","Aringa","Kuru",2021,1.55624771118164
"Yumbe","Aringa","Kuru",2022,5.21754550933838
"Yumbe","Aringa","Kuru",2023,4.73061895370483
"Yumbe","Aringa","Kuru",2024,7.34878778457642
"Yumbe","Aringa","Midigo",2012,0
"Yumbe","Aringa","Midigo",2013,0
"Yumbe","Aringa","Midigo",2014,0
"Yumbe","Aringa","Midigo",2015,0
"Yumbe","Aringa","Midigo",2016,0
"Yumbe","Aringa","Midigo",2017,0
"Yumbe","Aringa","Midigo",2018,0
"Yumbe","Aringa","Midigo",2019,0
"Yumbe","Aringa","Midigo",2020,0
"Yumbe","Aringa","Midigo",2021,0
"Yumbe","Aringa","Midigo",2022,0
"Yumbe","Aringa","Midigo",2023,0
"Yumbe","Aringa","Midigo",2024,0
"Yumbe","Aringa","Odravu",2012,0
"Yumbe","Aringa","Odravu",2013,0
"Yumbe","Aringa","Odravu",2014,0
"Yumbe","Aringa","Odravu",2015,0
"Yumbe","Aringa","Odravu",2016,0
"Yumbe","Aringa","Odravu",2017,0
"Yumbe","Aringa","Odravu",2018,0
"Yumbe","Aringa","Odravu",2019,0
"Yumbe","Aringa","Odravu",2020,0
"Yumbe","Aringa","Odravu",2021,0
"Yumbe","Aringa","Odravu",2022,0
"Yumbe","Aringa","Odravu",2023,0
"Yumbe","Aringa","Odravu",2024,0
"Yumbe","Aringa","Romogi",2012,0
"Yumbe","Aringa","Romogi",2013,0
"Yumbe","Aringa","Romogi",2014,0
"Yumbe","Aringa","Romogi",2015,0
"Yumbe","Aringa","Romogi",2016,0
"Yumbe","Aringa","Romogi",2017,0
"Yumbe","Aringa","Romogi",2018,4.32454252243042
"Yumbe","Aringa","Romogi",2019,2.41281962394714
"Yumbe","Aringa","Romogi",2020,4.00374031066895
"Yumbe","Aringa","Romogi",2021,0
"Yumbe","Aringa","Romogi",2022,3.27883386611938
"Yumbe","Aringa","Romogi",2023,3.0176408290863
"Yumbe","Aringa","Romogi",2024,4.15787076950073
"Yumbe","Aringa","Yumbe Tc",2012,0
"Yumbe","Aringa","Yumbe Tc",2013,0
"Yumbe","Aringa","Yumbe Tc",2014,0
"Yumbe","Aringa","Yumbe Tc",2015,0
"Yumbe","Aringa","Yumbe Tc",2016,2.21641635894775
"Yumbe","Aringa","Yumbe Tc",2017,0
"Yumbe","Aringa","Yumbe Tc",2018,1.79487633705139
"Yumbe","Aringa","Yumbe Tc",2019,0
"Yumbe","Aringa","Yumbe Tc",2020,5.69689321517944
"Yumbe","Aringa","Yumbe Tc",2021,6.70217370986938
"Yumbe","Aringa","Yumbe Tc",2022,17.2328205108643
"Yumbe","Aringa","Yumbe Tc",2023,16.9222869873047
"Yumbe","Aringa","Yumbe Tc",2024,22.6798896789551
