"NAME_1","NAME_2","NAME_3","date","ntl_mean"
"Bengo","Ambriz","Ambriz",2012,45.8238525390625
"Bengo","Ambriz","Ambriz",2013,51.3964309692383
"Bengo","Ambriz","Ambriz",2014,87.9459686279297
"Bengo","Ambriz","Ambriz",2015,62.1534042358398
"Bengo","Ambriz","Ambriz",2016,72.4569778442383
"Bengo","Ambriz","Ambriz",2017,79.7248306274414
"Bengo","Ambriz","Ambriz",2018,82.140625
"Bengo","Ambriz","Ambriz",2019,148.048416137695
"Bengo","Ambriz","Ambriz",2020,135.232971191406
"Bengo","Ambriz","Ambriz",2021,137.34049987793
"Bengo","Ambriz","Ambriz",2022,157.996536254883
"Bengo","Ambriz","Ambriz",2023,263.189392089844
"Bengo","Ambriz","Ambriz",2024,394.591888427734
"Bengo","Ambriz","Bela Vista",2012,16.5798416137695
"Bengo","Ambriz","Bela Vista",2013,18.9027557373047
"Bengo","Ambriz","Bela Vista",2014,18.7124919891357
"Bengo","Ambriz","Bela Vista",2015,7.07346630096436
"Bengo","Ambriz","Bela Vista",2016,0
"Bengo","Ambriz","Bela Vista",2017,1.00950574874878
"Bengo","Ambriz","Bela Vista",2018,0
"Bengo","Ambriz","Bela Vista",2019,0
"Bengo","Ambriz","Bela Vista",2020,0
"Bengo","Ambriz","Bela Vista",2021,0
"Bengo","Ambriz","Bela Vista",2022,0
"Bengo","Ambriz","Bela Vista",2023,1.7505419254303
"Bengo","Ambriz","Bela Vista",2024,0
"Bengo","Ambriz","Tabi",2012,6.2648344039917
"Bengo","Ambriz","Tabi",2013,6.59796094894409
"Bengo","Ambriz","Tabi",2014,2.27375078201294
"Bengo","Ambriz","Tabi",2015,0.593658268451691
"Bengo","Ambriz","Tabi",2016,0.475447088479996
"Bengo","Ambriz","Tabi",2017,4.28684854507446
"Bengo","Ambriz","Tabi",2018,0
"Bengo","Ambriz","Tabi",2019,0.450512081384659
"Bengo","Ambriz","Tabi",2020,0
"Bengo","Ambriz","Tabi",2021,1.36261308193207
"Bengo","Ambriz","Tabi",2022,1.48931431770325
"Bengo","Ambriz","Tabi",2023,2.9520161151886
"Bengo","Ambriz","Tabi",2024,17.2853221893311
"Bengo","Dande","Barra do Dande",2012,463.022064208984
"Bengo","Dande","Barra do Dande",2013,569.658386230469
"Bengo","Dande","Barra do Dande",2014,859.985473632812
"Bengo","Dande","Barra do Dande",2015,939.557006835938
"Bengo","Dande","Barra do Dande",2016,1196.91174316406
"Bengo","Dande","Barra do Dande",2017,1625.18225097656
"Bengo","Dande","Barra do Dande",2018,1374.4189453125
"Bengo","Dande","Barra do Dande",2019,1218.39392089844
"Bengo","Dande","Barra do Dande",2020,1127.5615234375
"Bengo","Dande","Barra do Dande",2021,1246.904296875
"Bengo","Dande","Barra do Dande",2022,1698.4931640625
"Bengo","Dande","Barra do Dande",2023,1998.42504882812
"Bengo","Dande","Barra do Dande",2024,1832.13806152344
"Bengo","Dande","Caxito",2012,573.754455566406
"Bengo","Dande","Caxito",2013,808.557861328125
"Bengo","Dande","Caxito",2014,1097.91162109375
"Bengo","Dande","Caxito",2015,1188.84753417969
"Bengo","Dande","Caxito",2016,1172.08862304688
"Bengo","Dande","Caxito",2017,1186.412109375
"Bengo","Dande","Caxito",2018,1187.32006835938
"Bengo","Dande","Caxito",2019,1054.88232421875
"Bengo","Dande","Caxito",2020,976.212097167969
"Bengo","Dande","Caxito",2021,983.928466796875
"Bengo","Dande","Caxito",2022,1433.67419433594
"Bengo","Dande","Caxito",2023,1467.92333984375
"Bengo","Dande","Caxito",2024,1434.57995605469
"Bengo","Dande","Kikabo",2012,2.6491379737854
"Bengo","Dande","Kikabo",2013,1.11143827438354
"Bengo","Dande","Kikabo",2014,1.62808585166931
"Bengo","Dande","Kikabo",2015,1.96924722194672
"Bengo","Dande","Kikabo",2016,17.0963172912598
"Bengo","Dande","Kikabo",2017,12.6082668304443
"Bengo","Dande","Kikabo",2018,5.23069334030151
"Bengo","Dande","Kikabo",2019,0.0546108707785606
"Bengo","Dande","Kikabo",2020,0
"Bengo","Dande","Kikabo",2021,0
"Bengo","Dande","Kikabo",2022,0
"Bengo","Dande","Kikabo",2023,0
"Bengo","Dande","Kikabo",2024,0
"Bengo","Dande","Mabubas",2012,17.738697052002
"Bengo","Dande","Mabubas",2013,19.6078319549561
"Bengo","Dande","Mabubas",2014,22.3977146148682
"Bengo","Dande","Mabubas",2015,20.7042121887207
"Bengo","Dande","Mabubas",2016,27.4949970245361
"Bengo","Dande","Mabubas",2017,6.36893653869629
"Bengo","Dande","Mabubas",2018,5.44924354553223
"Bengo","Dande","Mabubas",2019,2.03470730781555
"Bengo","Dande","Mabubas",2020,0.650297164916992
"Bengo","Dande","Mabubas",2021,5.0072135925293
"Bengo","Dande","Mabubas",2022,22.4130191802979
"Bengo","Dande","Mabubas",2023,30.3228054046631
"Bengo","Dande","Mabubas",2024,31.4187355041504
"Bengo","Dande","Ucua",2012,6.35575771331787
"Bengo","Dande","Ucua",2013,0.623223125934601
"Bengo","Dande","Ucua",2014,0
"Bengo","Dande","Ucua",2015,0
"Bengo","Dande","Ucua",2016,0
"Bengo","Dande","Ucua",2017,1.37407851219177
"Bengo","Dande","Ucua",2018,0
"Bengo","Dande","Ucua",2019,0
"Bengo","Dande","Ucua",2020,0
"Bengo","Dande","Ucua",2021,0
"Bengo","Dande","Ucua",2022,0
"Bengo","Dande","Ucua",2023,0.57623815536499
"Bengo","Dande","Ucua",2024,2.09728860855103
"Bengo","Icolo e Bengo","Bom Jesus",2012,1306.74353027344
"Bengo","Icolo e Bengo","Bom Jesus",2013,1588.97290039062
"Bengo","Icolo e Bengo","Bom Jesus",2014,2077.61279296875
"Bengo","Icolo e Bengo","Bom Jesus",2015,2235.94116210938
"Bengo","Icolo e Bengo","Bom Jesus",2016,1810.04968261719
"Bengo","Icolo e Bengo","Bom Jesus",2017,2113.68334960938
"Bengo","Icolo e Bengo","Bom Jesus",2018,2372.5517578125
"Bengo","Icolo e Bengo","Bom Jesus",2019,3193.25512695312
"Bengo","Icolo e Bengo","Bom Jesus",2020,3297.4560546875
"Bengo","Icolo e Bengo","Bom Jesus",2021,2852.86279296875
"Bengo","Icolo e Bengo","Bom Jesus",2022,3707.63061523438
"Bengo","Icolo e Bengo","Bom Jesus",2023,3912.79516601562
"Bengo","Icolo e Bengo","Bom Jesus",2024,3535.10131835938
"Bengo","Icolo e Bengo","Calomboloca",2012,4.40093326568604
"Bengo","Icolo e Bengo","Calomboloca",2013,13.7432193756104
"Bengo","Icolo e Bengo","Calomboloca",2014,95.4262161254883
"Bengo","Icolo e Bengo","Calomboloca",2015,60.8758850097656
"Bengo","Icolo e Bengo","Calomboloca",2016,32.9891052246094
"Bengo","Icolo e Bengo","Calomboloca",2017,31.6224880218506
"Bengo","Icolo e Bengo","Calomboloca",2018,18.2446918487549
"Bengo","Icolo e Bengo","Calomboloca",2019,19.022066116333
"Bengo","Icolo e Bengo","Calomboloca",2020,23.9337673187256
"Bengo","Icolo e Bengo","Calomboloca",2021,33.5171546936035
"Bengo","Icolo e Bengo","Calomboloca",2022,44.0838279724121
"Bengo","Icolo e Bengo","Calomboloca",2023,53.657886505127
"Bengo","Icolo e Bengo","Calomboloca",2024,45.4625549316406
"Bengo","Icolo e Bengo","Catete",2012,150.916732788086
"Bengo","Icolo e Bengo","Catete",2013,123.426086425781
"Bengo","Icolo e Bengo","Catete",2014,159.427047729492
"Bengo","Icolo e Bengo","Catete",2015,309.512512207031
"Bengo","Icolo e Bengo","Catete",2016,450.250518798828
"Bengo","Icolo e Bengo","Catete",2017,829.686767578125
"Bengo","Icolo e Bengo","Catete",2018,679.736083984375
"Bengo","Icolo e Bengo","Catete",2019,667.06005859375
"Bengo","Icolo e Bengo","Catete",2020,603.16650390625
"Bengo","Icolo e Bengo","Catete",2021,664.273986816406
"Bengo","Icolo e Bengo","Catete",2022,984.138916015625
"Bengo","Icolo e Bengo","Catete",2023,1063.77465820312
"Bengo","Icolo e Bengo","Catete",2024,1047.22570800781
"Bengo","Icolo e Bengo","Kabiri",2012,281.658660888672
"Bengo","Icolo e Bengo","Kabiri",2013,333.664764404297
"Bengo","Icolo e Bengo","Kabiri",2014,554.281860351562
"Bengo","Icolo e Bengo","Kabiri",2015,551.381713867188
"Bengo","Icolo e Bengo","Kabiri",2016,533.101013183594
"Bengo","Icolo e Bengo","Kabiri",2017,897.21630859375
"Bengo","Icolo e Bengo","Kabiri",2018,837.9248046875
"Bengo","Icolo e Bengo","Kabiri",2019,1012.53234863281
"Bengo","Icolo e Bengo","Kabiri",2020,1181.40307617188
"Bengo","Icolo e Bengo","Kabiri",2021,1406.20886230469
"Bengo","Icolo e Bengo","Kabiri",2022,1945.57775878906
"Bengo","Icolo e Bengo","Kabiri",2023,2149.36791992188
"Bengo","Icolo e Bengo","Kabiri",2024,1839.41943359375
"Bengo","Muxima","Dembo Chio",2012,3.19213819503784
"Bengo","Muxima","Dembo Chio",2013,2.55566501617432
"Bengo","Muxima","Dembo Chio",2014,3.88442802429199
"Bengo","Muxima","Dembo Chio",2015,12.4750061035156
"Bengo","Muxima","Dembo Chio",2016,7.61868190765381
"Bengo","Muxima","Dembo Chio",2017,9.19852542877197
"Bengo","Muxima","Dembo Chio",2018,3.25083637237549
"Bengo","Muxima","Dembo Chio",2019,0
"Bengo","Muxima","Dembo Chio",2020,0
"Bengo","Muxima","Dembo Chio",2021,0
"Bengo","Muxima","Dembo Chio",2022,0
"Bengo","Muxima","Dembo Chio",2023,6.24785852432251
"Bengo","Muxima","Dembo Chio",2024,1.64941382408142
"Bengo","Muxima","Kixinje",2012,153.777618408203
"Bengo","Muxima","Kixinje",2013,351.914520263672
"Bengo","Muxima","Kixinje",2014,624.94140625
"Bengo","Muxima","Kixinje",2015,701.019104003906
"Bengo","Muxima","Kixinje",2016,481.747314453125
"Bengo","Muxima","Kixinje",2017,212.351455688477
"Bengo","Muxima","Kixinje",2018,222.303634643555
"Bengo","Muxima","Kixinje",2019,230.632537841797
"Bengo","Muxima","Kixinje",2020,149.9013671875
"Bengo","Muxima","Kixinje",2021,148.749938964844
"Bengo","Muxima","Kixinje",2022,141.85041809082
"Bengo","Muxima","Kixinje",2023,226.568481445312
"Bengo","Muxima","Kixinje",2024,195.400466918945
"Bengo","Muxima","Mumbondo",2012,0
"Bengo","Muxima","Mumbondo",2013,0
"Bengo","Muxima","Mumbondo",2014,0
"Bengo","Muxima","Mumbondo",2015,0
"Bengo","Muxima","Mumbondo",2016,0
"Bengo","Muxima","Mumbondo",2017,0
"Bengo","Muxima","Mumbondo",2018,0
"Bengo","Muxima","Mumbondo",2019,0
"Bengo","Muxima","Mumbondo",2020,0
"Bengo","Muxima","Mumbondo",2021,0
"Bengo","Muxima","Mumbondo",2022,0
"Bengo","Muxima","Mumbondo",2023,0
"Bengo","Muxima","Mumbondo",2024,0
"Bengo","Muxima","Muxima",2012,82.8379211425781
"Bengo","Muxima","Muxima",2013,106.812149047852
"Bengo","Muxima","Muxima",2014,90.7796020507812
"Bengo","Muxima","Muxima",2015,67.4877853393555
"Bengo","Muxima","Muxima",2016,49.7041320800781
"Bengo","Muxima","Muxima",2017,67.2698822021484
"Bengo","Muxima","Muxima",2018,32.9221153259277
"Bengo","Muxima","Muxima",2019,80.357307434082
"Bengo","Muxima","Muxima",2020,20.792085647583
"Bengo","Muxima","Muxima",2021,26.3701248168945
"Bengo","Muxima","Muxima",2022,87.7477111816406
"Bengo","Muxima","Muxima",2023,180.682998657227
"Bengo","Muxima","Muxima",2024,87.0837631225586
"Bengo","Nambuangongo","Gombe",2012,4.27554893493652
"Bengo","Nambuangongo","Gombe",2013,1.93446862697601
"Bengo","Nambuangongo","Gombe",2014,2.687748670578
"Bengo","Nambuangongo","Gombe",2015,0
"Bengo","Nambuangongo","Gombe",2016,0
"Bengo","Nambuangongo","Gombe",2017,0
"Bengo","Nambuangongo","Gombe",2018,0
"Bengo","Nambuangongo","Gombe",2019,0
"Bengo","Nambuangongo","Gombe",2020,0
"Bengo","Nambuangongo","Gombe",2021,11.9693450927734
"Bengo","Nambuangongo","Gombe",2022,39.9383926391602
"Bengo","Nambuangongo","Gombe",2023,48.6641578674316
"Bengo","Nambuangongo","Gombe",2024,31.1313190460205
"Bengo","Nambuangongo","Kage",2012,1.0444667339325
"Bengo","Nambuangongo","Kage",2013,0
"Bengo","Nambuangongo","Kage",2014,0
"Bengo","Nambuangongo","Kage",2015,0
"Bengo","Nambuangongo","Kage",2016,1.15953207015991
"Bengo","Nambuangongo","Kage",2017,0
"Bengo","Nambuangongo","Kage",2018,0
"Bengo","Nambuangongo","Kage",2019,0
"Bengo","Nambuangongo","Kage",2020,0
"Bengo","Nambuangongo","Kage",2021,0
"Bengo","Nambuangongo","Kage",2022,0
"Bengo","Nambuangongo","Kage",2023,0
"Bengo","Nambuangongo","Kage",2024,0
"Bengo","Nambuangongo","Kanacassala",2012,0
"Bengo","Nambuangongo","Kanacassala",2013,0
"Bengo","Nambuangongo","Kanacassala",2014,0
"Bengo","Nambuangongo","Kanacassala",2015,0
"Bengo","Nambuangongo","Kanacassala",2016,0
"Bengo","Nambuangongo","Kanacassala",2017,0
"Bengo","Nambuangongo","Kanacassala",2018,0
"Bengo","Nambuangongo","Kanacassala",2019,0
"Bengo","Nambuangongo","Kanacassala",2020,0
"Bengo","Nambuangongo","Kanacassala",2021,0
"Bengo","Nambuangongo","Kanacassala",2022,0
"Bengo","Nambuangongo","Kanacassala",2023,0
"Bengo","Nambuangongo","Kanacassala",2024,1.70384252071381
"Bengo","Nambuangongo","Kicunzo",2012,0
"Bengo","Nambuangongo","Kicunzo",2013,0
"Bengo","Nambuangongo","Kicunzo",2014,1.43214821815491
"Bengo","Nambuangongo","Kicunzo",2015,0
"Bengo","Nambuangongo","Kicunzo",2016,2.23231959342957
"Bengo","Nambuangongo","Kicunzo",2017,1.47457695007324
"Bengo","Nambuangongo","Kicunzo",2018,0
"Bengo","Nambuangongo","Kicunzo",2019,0
"Bengo","Nambuangongo","Kicunzo",2020,0
"Bengo","Nambuangongo","Kicunzo",2021,0
"Bengo","Nambuangongo","Kicunzo",2022,0.668129444122314
"Bengo","Nambuangongo","Kicunzo",2023,3.10915756225586
"Bengo","Nambuangongo","Kicunzo",2024,1.68977642059326
"Bengo","Nambuangongo","Kixico",2012,0
"Bengo","Nambuangongo","Kixico",2013,0
"Bengo","Nambuangongo","Kixico",2014,0.50679612159729
"Bengo","Nambuangongo","Kixico",2015,0
"Bengo","Nambuangongo","Kixico",2016,0
"Bengo","Nambuangongo","Kixico",2017,0
"Bengo","Nambuangongo","Kixico",2018,0
"Bengo","Nambuangongo","Kixico",2019,0
"Bengo","Nambuangongo","Kixico",2020,0
"Bengo","Nambuangongo","Kixico",2021,0
"Bengo","Nambuangongo","Kixico",2022,0
"Bengo","Nambuangongo","Kixico",2023,1.07478857040405
"Bengo","Nambuangongo","Kixico",2024,0
"Bengo","Nambuangongo","Muxiluando",2012,0.527093946933746
"Bengo","Nambuangongo","Muxiluando",2013,0
"Bengo","Nambuangongo","Muxiluando",2014,2.55632901191711
"Bengo","Nambuangongo","Muxiluando",2015,0
"Bengo","Nambuangongo","Muxiluando",2016,0
"Bengo","Nambuangongo","Muxiluando",2017,1.08190631866455
"Bengo","Nambuangongo","Muxiluando",2018,0
"Bengo","Nambuangongo","Muxiluando",2019,0
"Bengo","Nambuangongo","Muxiluando",2020,0
"Bengo","Nambuangongo","Muxiluando",2021,0.533123135566711
"Bengo","Nambuangongo","Muxiluando",2022,0.554456472396851
"Bengo","Nambuangongo","Muxiluando",2023,1.21554446220398
"Bengo","Nambuangongo","Muxiluando",2024,1.43996071815491
"Bengo","Nambuangongo","Zala",2012,0.552902162075043
"Bengo","Nambuangongo","Zala",2013,0
"Bengo","Nambuangongo","Zala",2014,0.535527527332306
"Bengo","Nambuangongo","Zala",2015,0
"Bengo","Nambuangongo","Zala",2016,0
"Bengo","Nambuangongo","Zala",2017,10.0827703475952
"Bengo","Nambuangongo","Zala",2018,0
"Bengo","Nambuangongo","Zala",2019,0
"Bengo","Nambuangongo","Zala",2020,0
"Bengo","Nambuangongo","Zala",2021,0
"Bengo","Nambuangongo","Zala",2022,0
"Bengo","Nambuangongo","Zala",2023,1.57375741004944
"Bengo","Nambuangongo","Zala",2024,0.526018917560577
"Benguela","Balombo","Balombo",2012,5.82150554656982
"Benguela","Balombo","Balombo",2013,4.08035087585449
"Benguela","Balombo","Balombo",2014,2.64456963539124
"Benguela","Balombo","Balombo",2015,2.78562951087952
"Benguela","Balombo","Balombo",2016,0.635382354259491
"Benguela","Balombo","Balombo",2017,0
"Benguela","Balombo","Balombo",2018,0
"Benguela","Balombo","Balombo",2019,0
"Benguela","Balombo","Balombo",2020,0
"Benguela","Balombo","Balombo",2021,0
"Benguela","Balombo","Balombo",2022,3.35919952392578
"Benguela","Balombo","Balombo",2023,2.31777858734131
"Benguela","Balombo","Balombo",2024,6.31180620193481
"Benguela","Balombo","Chindumbo",2012,0
"Benguela","Balombo","Chindumbo",2013,0
"Benguela","Balombo","Chindumbo",2014,0
"Benguela","Balombo","Chindumbo",2015,0
"Benguela","Balombo","Chindumbo",2016,0
"Benguela","Balombo","Chindumbo",2017,0
"Benguela","Balombo","Chindumbo",2018,0
"Benguela","Balombo","Chindumbo",2019,0
"Benguela","Balombo","Chindumbo",2020,0
"Benguela","Balombo","Chindumbo",2021,0
"Benguela","Balombo","Chindumbo",2022,0
"Benguela","Balombo","Chindumbo",2023,0
"Benguela","Balombo","Chindumbo",2024,0
"Benguela","Balombo","Chingongo",2012,0
"Benguela","Balombo","Chingongo",2013,0
"Benguela","Balombo","Chingongo",2014,0
"Benguela","Balombo","Chingongo",2015,0
"Benguela","Balombo","Chingongo",2016,0
"Benguela","Balombo","Chingongo",2017,0
"Benguela","Balombo","Chingongo",2018,0
"Benguela","Balombo","Chingongo",2019,0
"Benguela","Balombo","Chingongo",2020,0
"Benguela","Balombo","Chingongo",2021,0
"Benguela","Balombo","Chingongo",2022,0
"Benguela","Balombo","Chingongo",2023,0
"Benguela","Balombo","Chingongo",2024,0
"Benguela","Baía Farta","Baia Farta",2012,291.944702148438
"Benguela","Baía Farta","Baia Farta",2013,387.217163085938
"Benguela","Baía Farta","Baia Farta",2014,409.322692871094
"Benguela","Baía Farta","Baia Farta",2015,397.20068359375
"Benguela","Baía Farta","Baia Farta",2016,411.683898925781
"Benguela","Baía Farta","Baia Farta",2017,345.445556640625
"Benguela","Baía Farta","Baia Farta",2018,460.864624023438
"Benguela","Baía Farta","Baia Farta",2019,875.43994140625
"Benguela","Baía Farta","Baia Farta",2020,942.363952636719
"Benguela","Baía Farta","Baia Farta",2021,1043.23815917969
"Benguela","Baía Farta","Baia Farta",2022,1257.17114257812
"Benguela","Baía Farta","Baia Farta",2023,1131.17443847656
"Benguela","Baía Farta","Baia Farta",2024,1293.11511230469
"Benguela","Baía Farta","Dombe Grande",2012,13.1022300720215
"Benguela","Baía Farta","Dombe Grande",2013,10.3384160995483
"Benguela","Baía Farta","Dombe Grande",2014,12.05748462677
"Benguela","Baía Farta","Dombe Grande",2015,4.66384363174438
"Benguela","Baía Farta","Dombe Grande",2016,2.16874361038208
"Benguela","Baía Farta","Dombe Grande",2017,1.81036674976349
"Benguela","Baía Farta","Dombe Grande",2018,0
"Benguela","Baía Farta","Dombe Grande",2019,0
"Benguela","Baía Farta","Dombe Grande",2020,0
"Benguela","Baía Farta","Dombe Grande",2021,2.89536452293396
"Benguela","Baía Farta","Dombe Grande",2022,6.31925201416016
"Benguela","Baía Farta","Dombe Grande",2023,4.17733144760132
"Benguela","Baía Farta","Dombe Grande",2024,9.96307468414307
"Benguela","Baía Farta","Ekimina",2012,0
"Benguela","Baía Farta","Ekimina",2013,0.509144902229309
"Benguela","Baía Farta","Ekimina",2014,0
"Benguela","Baía Farta","Ekimina",2015,0
"Benguela","Baía Farta","Ekimina",2016,0
"Benguela","Baía Farta","Ekimina",2017,0
"Benguela","Baía Farta","Ekimina",2018,0
"Benguela","Baía Farta","Ekimina",2019,0
"Benguela","Baía Farta","Ekimina",2020,0
"Benguela","Baía Farta","Ekimina",2021,0
"Benguela","Baía Farta","Ekimina",2022,0
"Benguela","Baía Farta","Ekimina",2023,0
"Benguela","Baía Farta","Ekimina",2024,0
"Benguela","Baía Farta","Kalahanga",2012,0
"Benguela","Baía Farta","Kalahanga",2013,0
"Benguela","Baía Farta","Kalahanga",2014,0
"Benguela","Baía Farta","Kalahanga",2015,0
"Benguela","Baía Farta","Kalahanga",2016,0
"Benguela","Baía Farta","Kalahanga",2017,0
"Benguela","Baía Farta","Kalahanga",2018,0
"Benguela","Baía Farta","Kalahanga",2019,0
"Benguela","Baía Farta","Kalahanga",2020,0.610368251800537
"Benguela","Baía Farta","Kalahanga",2021,1.78386414051056
"Benguela","Baía Farta","Kalahanga",2022,3.48106408119202
"Benguela","Baía Farta","Kalahanga",2023,7.64316749572754
"Benguela","Baía Farta","Kalahanga",2024,4.66295957565308
"Benguela","Benguela","Benguela",2012,4100.8193359375
"Benguela","Benguela","Benguela",2013,4716.54052734375
"Benguela","Benguela","Benguela",2014,4830.21533203125
"Benguela","Benguela","Benguela",2015,4239.85986328125
"Benguela","Benguela","Benguela",2016,4425.67138671875
"Benguela","Benguela","Benguela",2017,3844.01416015625
"Benguela","Benguela","Benguela",2018,4912.93359375
"Benguela","Benguela","Benguela",2019,6386.18896484375
"Benguela","Benguela","Benguela",2020,7025.6796875
"Benguela","Benguela","Benguela",2021,7643.03369140625
"Benguela","Benguela","Benguela",2022,8028.2900390625
"Benguela","Benguela","Benguela",2023,8515.95703125
"Benguela","Benguela","Benguela",2024,9186.599609375
"Benguela","Bocoio","Bocoio",2012,23.6426219940186
"Benguela","Bocoio","Bocoio",2013,12.6761817932129
"Benguela","Bocoio","Bocoio",2014,4.34092807769775
"Benguela","Bocoio","Bocoio",2015,8.5210657119751
"Benguela","Bocoio","Bocoio",2016,6.91487121582031
"Benguela","Bocoio","Bocoio",2017,0.602605819702148
"Benguela","Bocoio","Bocoio",2018,1.07947397232056
"Benguela","Bocoio","Bocoio",2019,27.8673343658447
"Benguela","Bocoio","Bocoio",2020,45.0753402709961
"Benguela","Bocoio","Bocoio",2021,118.701782226562
"Benguela","Bocoio","Bocoio",2022,133.567138671875
"Benguela","Bocoio","Bocoio",2023,167.298187255859
"Benguela","Bocoio","Bocoio",2024,144.465942382812
"Benguela","Bocoio","Cavimbe",2012,0
"Benguela","Bocoio","Cavimbe",2013,0
"Benguela","Bocoio","Cavimbe",2014,0
"Benguela","Bocoio","Cavimbe",2015,0
"Benguela","Bocoio","Cavimbe",2016,0
"Benguela","Bocoio","Cavimbe",2017,0
"Benguela","Bocoio","Cavimbe",2018,0
"Benguela","Bocoio","Cavimbe",2019,0
"Benguela","Bocoio","Cavimbe",2020,0
"Benguela","Bocoio","Cavimbe",2021,0
"Benguela","Bocoio","Cavimbe",2022,0
"Benguela","Bocoio","Cavimbe",2023,0
"Benguela","Bocoio","Cavimbe",2024,0
"Benguela","Bocoio","Chila",2012,0
"Benguela","Bocoio","Chila",2013,0
"Benguela","Bocoio","Chila",2014,0
"Benguela","Bocoio","Chila",2015,0
"Benguela","Bocoio","Chila",2016,0
"Benguela","Bocoio","Chila",2017,0
"Benguela","Bocoio","Chila",2018,0
"Benguela","Bocoio","Chila",2019,0
"Benguela","Bocoio","Chila",2020,0
"Benguela","Bocoio","Chila",2021,0
"Benguela","Bocoio","Chila",2022,0
"Benguela","Bocoio","Chila",2023,0
"Benguela","Bocoio","Chila",2024,0
"Benguela","Bocoio","Monte Belo",2012,0
"Benguela","Bocoio","Monte Belo",2013,0
"Benguela","Bocoio","Monte Belo",2014,0
"Benguela","Bocoio","Monte Belo",2015,0.50092613697052
"Benguela","Bocoio","Monte Belo",2016,0
"Benguela","Bocoio","Monte Belo",2017,0
"Benguela","Bocoio","Monte Belo",2018,0
"Benguela","Bocoio","Monte Belo",2019,0
"Benguela","Bocoio","Monte Belo",2020,0
"Benguela","Bocoio","Monte Belo",2021,0
"Benguela","Bocoio","Monte Belo",2022,0
"Benguela","Bocoio","Monte Belo",2023,1.87151694297791
"Benguela","Bocoio","Monte Belo",2024,0
"Benguela","Bocoio","Passe",2012,0
"Benguela","Bocoio","Passe",2013,0
"Benguela","Bocoio","Passe",2014,0.631879687309265
"Benguela","Bocoio","Passe",2015,0
"Benguela","Bocoio","Passe",2016,0
"Benguela","Bocoio","Passe",2017,0
"Benguela","Bocoio","Passe",2018,0
"Benguela","Bocoio","Passe",2019,0
"Benguela","Bocoio","Passe",2020,0
"Benguela","Bocoio","Passe",2021,0
"Benguela","Bocoio","Passe",2022,0
"Benguela","Bocoio","Passe",2023,0
"Benguela","Bocoio","Passe",2024,0
"Benguela","Caiambambo","Cayavi",2012,0
"Benguela","Caiambambo","Cayavi",2013,0
"Benguela","Caiambambo","Cayavi",2014,0
"Benguela","Caiambambo","Cayavi",2015,1.10096788406372
"Benguela","Caiambambo","Cayavi",2016,2.0850396156311
"Benguela","Caiambambo","Cayavi",2017,0.585020363330841
"Benguela","Caiambambo","Cayavi",2018,1.13879323005676
"Benguela","Caiambambo","Cayavi",2019,0
"Benguela","Caiambambo","Cayavi",2020,0
"Benguela","Caiambambo","Cayavi",2021,0
"Benguela","Caiambambo","Cayavi",2022,0
"Benguela","Caiambambo","Cayavi",2023,0
"Benguela","Caiambambo","Cayavi",2024,0
"Benguela","Caiambambo","Kaimbambo",2012,4.53405284881592
"Benguela","Caiambambo","Kaimbambo",2013,0
"Benguela","Caiambambo","Kaimbambo",2014,7.43485164642334
"Benguela","Caiambambo","Kaimbambo",2015,5.90881061553955
"Benguela","Caiambambo","Kaimbambo",2016,4.46620893478394
"Benguela","Caiambambo","Kaimbambo",2017,1.22684025764465
"Benguela","Caiambambo","Kaimbambo",2018,0
"Benguela","Caiambambo","Kaimbambo",2019,3.05297088623047
"Benguela","Caiambambo","Kaimbambo",2020,18.1771221160889
"Benguela","Caiambambo","Kaimbambo",2021,18.9600105285645
"Benguela","Caiambambo","Kaimbambo",2022,26.3596515655518
"Benguela","Caiambambo","Kaimbambo",2023,21.7132568359375
"Benguela","Caiambambo","Kaimbambo",2024,44.9477615356445
"Benguela","Caiambambo","Kanhamela",2012,0
"Benguela","Caiambambo","Kanhamela",2013,0
"Benguela","Caiambambo","Kanhamela",2014,0
"Benguela","Caiambambo","Kanhamela",2015,0
"Benguela","Caiambambo","Kanhamela",2016,0
"Benguela","Caiambambo","Kanhamela",2017,0
"Benguela","Caiambambo","Kanhamela",2018,0
"Benguela","Caiambambo","Kanhamela",2019,0
"Benguela","Caiambambo","Kanhamela",2020,0
"Benguela","Caiambambo","Kanhamela",2021,0
"Benguela","Caiambambo","Kanhamela",2022,0
"Benguela","Caiambambo","Kanhamela",2023,0
"Benguela","Caiambambo","Kanhamela",2024,0
"Benguela","Caiambambo","Katengue",2012,0
"Benguela","Caiambambo","Katengue",2013,4.42239952087402
"Benguela","Caiambambo","Katengue",2014,3.24505662918091
"Benguela","Caiambambo","Katengue",2015,3.14973425865173
"Benguela","Caiambambo","Katengue",2016,3.25469636917114
"Benguela","Caiambambo","Katengue",2017,1.99573171138763
"Benguela","Caiambambo","Katengue",2018,0
"Benguela","Caiambambo","Katengue",2019,0
"Benguela","Caiambambo","Katengue",2020,0
"Benguela","Caiambambo","Katengue",2021,3.65301561355591
"Benguela","Caiambambo","Katengue",2022,0.507061123847961
"Benguela","Caiambambo","Katengue",2023,0.66261625289917
"Benguela","Caiambambo","Katengue",2024,0
"Benguela","Caiambambo","Wyiagombe",2012,0
"Benguela","Caiambambo","Wyiagombe",2013,0
"Benguela","Caiambambo","Wyiagombe",2014,0
"Benguela","Caiambambo","Wyiagombe",2015,0
"Benguela","Caiambambo","Wyiagombe",2016,0.0867782756686211
"Benguela","Caiambambo","Wyiagombe",2017,0
"Benguela","Caiambambo","Wyiagombe",2018,0
"Benguela","Caiambambo","Wyiagombe",2019,0
"Benguela","Caiambambo","Wyiagombe",2020,0
"Benguela","Caiambambo","Wyiagombe",2021,0
"Benguela","Caiambambo","Wyiagombe",2022,0
"Benguela","Caiambambo","Wyiagombe",2023,0
"Benguela","Caiambambo","Wyiagombe",2024,0
"Benguela","Chongoroi","Bolonguela",2012,0
"Benguela","Chongoroi","Bolonguela",2013,0
"Benguela","Chongoroi","Bolonguela",2014,0
"Benguela","Chongoroi","Bolonguela",2015,0
"Benguela","Chongoroi","Bolonguela",2016,0
"Benguela","Chongoroi","Bolonguela",2017,0
"Benguela","Chongoroi","Bolonguela",2018,0
"Benguela","Chongoroi","Bolonguela",2019,0
"Benguela","Chongoroi","Bolonguela",2020,0.426528453826904
"Benguela","Chongoroi","Bolonguela",2021,1.28347778320312
"Benguela","Chongoroi","Bolonguela",2022,2.09251809120178
"Benguela","Chongoroi","Bolonguela",2023,5.55534791946411
"Benguela","Chongoroi","Bolonguela",2024,5.83912420272827
"Benguela","Chongoroi","Chongoroi",2012,59.8340530395508
"Benguela","Chongoroi","Chongoroi",2013,7.1207537651062
"Benguela","Chongoroi","Chongoroi",2014,3.64945888519287
"Benguela","Chongoroi","Chongoroi",2015,3.90438628196716
"Benguela","Chongoroi","Chongoroi",2016,0.607969403266907
"Benguela","Chongoroi","Chongoroi",2017,0
"Benguela","Chongoroi","Chongoroi",2018,14.0804996490479
"Benguela","Chongoroi","Chongoroi",2019,0.785951793193817
"Benguela","Chongoroi","Chongoroi",2020,0.579539179801941
"Benguela","Chongoroi","Chongoroi",2021,2.97198390960693
"Benguela","Chongoroi","Chongoroi",2022,4.66954278945923
"Benguela","Chongoroi","Chongoroi",2023,10.3878145217896
"Benguela","Chongoroi","Chongoroi",2024,1.98315286636353
"Benguela","Cubal","Cubal",2012,34.9953384399414
"Benguela","Cubal","Cubal",2013,42.6955032348633
"Benguela","Cubal","Cubal",2014,55.7252235412598
"Benguela","Cubal","Cubal",2015,23.377384185791
"Benguela","Cubal","Cubal",2016,18.6353530883789
"Benguela","Cubal","Cubal",2017,72.5547103881836
"Benguela","Cubal","Cubal",2018,12.8999404907227
"Benguela","Cubal","Cubal",2019,61.8416938781738
"Benguela","Cubal","Cubal",2020,94.0617065429688
"Benguela","Cubal","Cubal",2021,81.1683502197266
"Benguela","Cubal","Cubal",2022,93.0667572021484
"Benguela","Cubal","Cubal",2023,131.833023071289
"Benguela","Cubal","Cubal",2024,153.428192138672
"Benguela","Cubal","Kapupa",2012,8.03076839447021
"Benguela","Cubal","Kapupa",2013,3.15313315391541
"Benguela","Cubal","Kapupa",2014,0.812888205051422
"Benguela","Cubal","Kapupa",2015,32.4069519042969
"Benguela","Cubal","Kapupa",2016,7.78239583969116
"Benguela","Cubal","Kapupa",2017,9.80051040649414
"Benguela","Cubal","Kapupa",2018,2.56008577346802
"Benguela","Cubal","Kapupa",2019,1.51560389995575
"Benguela","Cubal","Kapupa",2020,6.14094305038452
"Benguela","Cubal","Kapupa",2021,13.2132539749146
"Benguela","Cubal","Kapupa",2022,0
"Benguela","Cubal","Kapupa",2023,0
"Benguela","Cubal","Kapupa",2024,0
"Benguela","Cubal","Lambala",2012,0
"Benguela","Cubal","Lambala",2013,0
"Benguela","Cubal","Lambala",2014,0
"Benguela","Cubal","Lambala",2015,0
"Benguela","Cubal","Lambala",2016,0
"Benguela","Cubal","Lambala",2017,0
"Benguela","Cubal","Lambala",2018,0
"Benguela","Cubal","Lambala",2019,0
"Benguela","Cubal","Lambala",2020,0
"Benguela","Cubal","Lambala",2021,0
"Benguela","Cubal","Lambala",2022,0
"Benguela","Cubal","Lambala",2023,0
"Benguela","Cubal","Lambala",2024,0
"Benguela","Cubal","Quendo",2012,1.49748730659485
"Benguela","Cubal","Quendo",2013,0
"Benguela","Cubal","Quendo",2014,0
"Benguela","Cubal","Quendo",2015,0
"Benguela","Cubal","Quendo",2016,0
"Benguela","Cubal","Quendo",2017,9.66997623443604
"Benguela","Cubal","Quendo",2018,8.39863681793213
"Benguela","Cubal","Quendo",2019,3.83048343658447
"Benguela","Cubal","Quendo",2020,5.64249515533447
"Benguela","Cubal","Quendo",2021,1.43826675415039
"Benguela","Cubal","Quendo",2022,0
"Benguela","Cubal","Quendo",2023,0
"Benguela","Cubal","Quendo",2024,0
"Benguela","Ganda","Babaera",2012,15.1152143478394
"Benguela","Ganda","Babaera",2013,0
"Benguela","Ganda","Babaera",2014,0
"Benguela","Ganda","Babaera",2015,0
"Benguela","Ganda","Babaera",2016,0
"Benguela","Ganda","Babaera",2017,0
"Benguela","Ganda","Babaera",2018,0
"Benguela","Ganda","Babaera",2019,0
"Benguela","Ganda","Babaera",2020,0
"Benguela","Ganda","Babaera",2021,0
"Benguela","Ganda","Babaera",2022,0
"Benguela","Ganda","Babaera",2023,0
"Benguela","Ganda","Babaera",2024,0
"Benguela","Ganda","Chikuma",2012,0
"Benguela","Ganda","Chikuma",2013,0
"Benguela","Ganda","Chikuma",2014,0
"Benguela","Ganda","Chikuma",2015,0
"Benguela","Ganda","Chikuma",2016,0
"Benguela","Ganda","Chikuma",2017,0
"Benguela","Ganda","Chikuma",2018,0
"Benguela","Ganda","Chikuma",2019,0
"Benguela","Ganda","Chikuma",2020,0
"Benguela","Ganda","Chikuma",2021,0
"Benguela","Ganda","Chikuma",2022,0
"Benguela","Ganda","Chikuma",2023,0
"Benguela","Ganda","Chikuma",2024,0
"Benguela","Ganda","Ebanga",2012,0
"Benguela","Ganda","Ebanga",2013,0
"Benguela","Ganda","Ebanga",2014,0
"Benguela","Ganda","Ebanga",2015,0
"Benguela","Ganda","Ebanga",2016,0
"Benguela","Ganda","Ebanga",2017,1.20221984386444
"Benguela","Ganda","Ebanga",2018,1.01836144924164
"Benguela","Ganda","Ebanga",2019,0.0425897054374218
"Benguela","Ganda","Ebanga",2020,0.0551901273429394
"Benguela","Ganda","Ebanga",2021,0
"Benguela","Ganda","Ebanga",2022,0
"Benguela","Ganda","Ebanga",2023,0
"Benguela","Ganda","Ebanga",2024,0
"Benguela","Ganda","Ganda",2012,14.2873029708862
"Benguela","Ganda","Ganda",2013,8.73175239562988
"Benguela","Ganda","Ganda",2014,5.96342897415161
"Benguela","Ganda","Ganda",2015,5.50288772583008
"Benguela","Ganda","Ganda",2016,13.7563037872314
"Benguela","Ganda","Ganda",2017,17.1581630706787
"Benguela","Ganda","Ganda",2018,10.4459962844849
"Benguela","Ganda","Ganda",2019,6.96171283721924
"Benguela","Ganda","Ganda",2020,27.4820861816406
"Benguela","Ganda","Ganda",2021,76.9917526245117
"Benguela","Ganda","Ganda",2022,90.2630081176758
"Benguela","Ganda","Ganda",2023,89.3219451904297
"Benguela","Ganda","Ganda",2024,143.971664428711
"Benguela","Ganda","Kaseke",2012,0
"Benguela","Ganda","Kaseke",2013,0
"Benguela","Ganda","Kaseke",2014,0.517215669155121
"Benguela","Ganda","Kaseke",2015,0.629163920879364
"Benguela","Ganda","Kaseke",2016,0
"Benguela","Ganda","Kaseke",2017,0.508585929870605
"Benguela","Ganda","Kaseke",2018,0
"Benguela","Ganda","Kaseke",2019,0
"Benguela","Ganda","Kaseke",2020,0
"Benguela","Ganda","Kaseke",2021,0
"Benguela","Ganda","Kaseke",2022,0
"Benguela","Ganda","Kaseke",2023,0
"Benguela","Ganda","Kaseke",2024,0
"Benguela","Lobito","Biopio",2012,32.8838768005371
"Benguela","Lobito","Biopio",2013,65.0655975341797
"Benguela","Lobito","Biopio",2014,68.3876419067383
"Benguela","Lobito","Biopio",2015,57.7172012329102
"Benguela","Lobito","Biopio",2016,48.2877159118652
"Benguela","Lobito","Biopio",2017,63.2262840270996
"Benguela","Lobito","Biopio",2018,49.6900405883789
"Benguela","Lobito","Biopio",2019,49.8827095031738
"Benguela","Lobito","Biopio",2020,34.8195838928223
"Benguela","Lobito","Biopio",2021,27.8462810516357
"Benguela","Lobito","Biopio",2022,43.4921646118164
"Benguela","Lobito","Biopio",2023,89.2617263793945
"Benguela","Lobito","Biopio",2024,113.725364685059
"Benguela","Lobito","Egito-Praia",2012,3.52359795570374
"Benguela","Lobito","Egito-Praia",2013,8.6179895401001
"Benguela","Lobito","Egito-Praia",2014,7.35533285140991
"Benguela","Lobito","Egito-Praia",2015,9.16786575317383
"Benguela","Lobito","Egito-Praia",2016,4.0554370880127
"Benguela","Lobito","Egito-Praia",2017,4.25674629211426
"Benguela","Lobito","Egito-Praia",2018,0.605545043945312
"Benguela","Lobito","Egito-Praia",2019,0.630041003227234
"Benguela","Lobito","Egito-Praia",2020,2.45413064956665
"Benguela","Lobito","Egito-Praia",2021,3.40843391418457
"Benguela","Lobito","Egito-Praia",2022,4.77942943572998
"Benguela","Lobito","Egito-Praia",2023,2.86894488334656
"Benguela","Lobito","Egito-Praia",2024,3.38132786750793
"Benguela","Lobito","Kanjala",2012,0
"Benguela","Lobito","Kanjala",2013,0
"Benguela","Lobito","Kanjala",2014,0
"Benguela","Lobito","Kanjala",2015,0
"Benguela","Lobito","Kanjala",2016,0
"Benguela","Lobito","Kanjala",2017,0
"Benguela","Lobito","Kanjala",2018,0
"Benguela","Lobito","Kanjala",2019,0
"Benguela","Lobito","Kanjala",2020,0
"Benguela","Lobito","Kanjala",2021,0
"Benguela","Lobito","Kanjala",2022,3.31331276893616
"Benguela","Lobito","Kanjala",2023,3.73712110519409
"Benguela","Lobito","Kanjala",2024,3.6239275932312
"Benguela","Lobito","Katumbela",2012,704.8017578125
"Benguela","Lobito","Katumbela",2013,1004.15502929688
"Benguela","Lobito","Katumbela",2014,1113.642578125
"Benguela","Lobito","Katumbela",2015,1174.2236328125
"Benguela","Lobito","Katumbela",2016,1278.67578125
"Benguela","Lobito","Katumbela",2017,1142.42346191406
"Benguela","Lobito","Katumbela",2018,1448.6201171875
"Benguela","Lobito","Katumbela",2019,1731.96899414062
"Benguela","Lobito","Katumbela",2020,2061.42846679688
"Benguela","Lobito","Katumbela",2021,2051.42456054688
"Benguela","Lobito","Katumbela",2022,2275.384765625
"Benguela","Lobito","Katumbela",2023,2189.35498046875
"Benguela","Lobito","Katumbela",2024,2319.42456054688
"Benguela","Lobito","Lobito",2012,5418.259765625
"Benguela","Lobito","Lobito",2013,6287.33251953125
"Benguela","Lobito","Lobito",2014,7252.57373046875
"Benguela","Lobito","Lobito",2015,7551.49560546875
"Benguela","Lobito","Lobito",2016,6836.72900390625
"Benguela","Lobito","Lobito",2017,5234.02734375
"Benguela","Lobito","Lobito",2018,6160.4521484375
"Benguela","Lobito","Lobito",2019,6743.4013671875
"Benguela","Lobito","Lobito",2020,7145.69775390625
"Benguela","Lobito","Lobito",2021,7603.390625
"Benguela","Lobito","Lobito",2022,8413.568359375
"Benguela","Lobito","Lobito",2023,8737.5107421875
"Benguela","Lobito","Lobito",2024,9547.5146484375
"Bié","Andulo","Andulo",2012,48.5213165283203
"Bié","Andulo","Andulo",2013,18.1091575622559
"Bié","Andulo","Andulo",2014,44.6514930725098
"Bié","Andulo","Andulo",2015,37.9590225219727
"Bié","Andulo","Andulo",2016,22.3443050384521
"Bié","Andulo","Andulo",2017,24.2446422576904
"Bié","Andulo","Andulo",2018,33.3604545593262
"Bié","Andulo","Andulo",2019,45.6798210144043
"Bié","Andulo","Andulo",2020,37.402774810791
"Bié","Andulo","Andulo",2021,51.0527153015137
"Bié","Andulo","Andulo",2022,42.8599243164062
"Bié","Andulo","Andulo",2023,69.5621566772461
"Bié","Andulo","Andulo",2024,86.8847808837891
"Bié","Andulo","Chivaulo",2012,0
"Bié","Andulo","Chivaulo",2013,0
"Bié","Andulo","Chivaulo",2014,0
"Bié","Andulo","Chivaulo",2015,0
"Bié","Andulo","Chivaulo",2016,0
"Bié","Andulo","Chivaulo",2017,0
"Bié","Andulo","Chivaulo",2018,0
"Bié","Andulo","Chivaulo",2019,0
"Bié","Andulo","Chivaulo",2020,0
"Bié","Andulo","Chivaulo",2021,0
"Bié","Andulo","Chivaulo",2022,0
"Bié","Andulo","Chivaulo",2023,0
"Bié","Andulo","Chivaulo",2024,0
"Bié","Andulo","Kalucinga",2012,0
"Bié","Andulo","Kalucinga",2013,0
"Bié","Andulo","Kalucinga",2014,0
"Bié","Andulo","Kalucinga",2015,0
"Bié","Andulo","Kalucinga",2016,0
"Bié","Andulo","Kalucinga",2017,0
"Bié","Andulo","Kalucinga",2018,0
"Bié","Andulo","Kalucinga",2019,0
"Bié","Andulo","Kalucinga",2020,0
"Bié","Andulo","Kalucinga",2021,0
"Bié","Andulo","Kalucinga",2022,0
"Bié","Andulo","Kalucinga",2023,0
"Bié","Andulo","Kalucinga",2024,0
"Bié","Andulo","Kassumbe",2012,0
"Bié","Andulo","Kassumbe",2013,0
"Bié","Andulo","Kassumbe",2014,0
"Bié","Andulo","Kassumbe",2015,0
"Bié","Andulo","Kassumbe",2016,0
"Bié","Andulo","Kassumbe",2017,0
"Bié","Andulo","Kassumbe",2018,0
"Bié","Andulo","Kassumbe",2019,0
"Bié","Andulo","Kassumbe",2020,0
"Bié","Andulo","Kassumbe",2021,0
"Bié","Andulo","Kassumbe",2022,0
"Bié","Andulo","Kassumbe",2023,0
"Bié","Andulo","Kassumbe",2024,0
"Bié","Camacupa","Kamakupa",2012,41.573673248291
"Bié","Camacupa","Kamakupa",2013,165.406463623047
"Bié","Camacupa","Kamakupa",2014,148.446197509766
"Bié","Camacupa","Kamakupa",2015,19.1143341064453
"Bié","Camacupa","Kamakupa",2016,63.151008605957
"Bié","Camacupa","Kamakupa",2017,76.8099899291992
"Bié","Camacupa","Kamakupa",2018,67.5138626098633
"Bié","Camacupa","Kamakupa",2019,173.457138061523
"Bié","Camacupa","Kamakupa",2020,107.604209899902
"Bié","Camacupa","Kamakupa",2021,165.921829223633
"Bié","Camacupa","Kamakupa",2022,54.1083106994629
"Bié","Camacupa","Kamakupa",2023,53.6844787597656
"Bié","Camacupa","Kamakupa",2024,265.537200927734
"Bié","Camacupa","Kwanza",2012,0.65221381187439
"Bié","Camacupa","Kwanza",2013,0.541839718818665
"Bié","Camacupa","Kwanza",2014,0
"Bié","Camacupa","Kwanza",2015,0
"Bié","Camacupa","Kwanza",2016,0
"Bié","Camacupa","Kwanza",2017,0
"Bié","Camacupa","Kwanza",2018,0
"Bié","Camacupa","Kwanza",2019,0
"Bié","Camacupa","Kwanza",2020,0
"Bié","Camacupa","Kwanza",2021,0
"Bié","Camacupa","Kwanza",2022,0
"Bié","Camacupa","Kwanza",2023,0
"Bié","Camacupa","Kwanza",2024,0
"Bié","Camacupa","Ringoma",2012,0
"Bié","Camacupa","Ringoma",2013,0
"Bié","Camacupa","Ringoma",2014,0
"Bié","Camacupa","Ringoma",2015,0
"Bié","Camacupa","Ringoma",2016,0
"Bié","Camacupa","Ringoma",2017,0
"Bié","Camacupa","Ringoma",2018,0
"Bié","Camacupa","Ringoma",2019,0
"Bié","Camacupa","Ringoma",2020,0
"Bié","Camacupa","Ringoma",2021,0
"Bié","Camacupa","Ringoma",2022,0
"Bié","Camacupa","Ringoma",2023,0
"Bié","Camacupa","Ringoma",2024,0
"Bié","Camacupa","ST. Antonio da Muinha",2012,0
"Bié","Camacupa","ST. Antonio da Muinha",2013,0
"Bié","Camacupa","ST. Antonio da Muinha",2014,0
"Bié","Camacupa","ST. Antonio da Muinha",2015,0
"Bié","Camacupa","ST. Antonio da Muinha",2016,0
"Bié","Camacupa","ST. Antonio da Muinha",2017,0
"Bié","Camacupa","ST. Antonio da Muinha",2018,0
"Bié","Camacupa","ST. Antonio da Muinha",2019,0
"Bié","Camacupa","ST. Antonio da Muinha",2020,0
"Bié","Camacupa","ST. Antonio da Muinha",2021,0
"Bié","Camacupa","ST. Antonio da Muinha",2022,4.35240077972412
"Bié","Camacupa","ST. Antonio da Muinha",2023,2.89289617538452
"Bié","Camacupa","ST. Antonio da Muinha",2024,5.995689868927
"Bié","Camacupa","Umpulo",2012,0
"Bié","Camacupa","Umpulo",2013,0
"Bié","Camacupa","Umpulo",2014,0
"Bié","Camacupa","Umpulo",2015,0
"Bié","Camacupa","Umpulo",2016,0
"Bié","Camacupa","Umpulo",2017,0
"Bié","Camacupa","Umpulo",2018,0
"Bié","Camacupa","Umpulo",2019,0
"Bié","Camacupa","Umpulo",2020,0
"Bié","Camacupa","Umpulo",2021,0
"Bié","Camacupa","Umpulo",2022,0
"Bié","Camacupa","Umpulo",2023,0
"Bié","Camacupa","Umpulo",2024,0
"Bié","Catabola","Chipeta",2012,0
"Bié","Catabola","Chipeta",2013,0
"Bié","Catabola","Chipeta",2014,0
"Bié","Catabola","Chipeta",2015,0
"Bié","Catabola","Chipeta",2016,0
"Bié","Catabola","Chipeta",2017,0
"Bié","Catabola","Chipeta",2018,0
"Bié","Catabola","Chipeta",2019,0
"Bié","Catabola","Chipeta",2020,0
"Bié","Catabola","Chipeta",2021,0
"Bié","Catabola","Chipeta",2022,32.4266395568848
"Bié","Catabola","Chipeta",2023,20.8998737335205
"Bié","Catabola","Chipeta",2024,20.7707366943359
"Bié","Catabola","Chiuca",2012,0
"Bié","Catabola","Chiuca",2013,0
"Bié","Catabola","Chiuca",2014,0
"Bié","Catabola","Chiuca",2015,0
"Bié","Catabola","Chiuca",2016,0
"Bié","Catabola","Chiuca",2017,0
"Bié","Catabola","Chiuca",2018,0
"Bié","Catabola","Chiuca",2019,0
"Bié","Catabola","Chiuca",2020,0
"Bié","Catabola","Chiuca",2021,0
"Bié","Catabola","Chiuca",2022,0
"Bié","Catabola","Chiuca",2023,0
"Bié","Catabola","Chiuca",2024,0
"Bié","Catabola","Kaiuera",2012,0
"Bié","Catabola","Kaiuera",2013,0
"Bié","Catabola","Kaiuera",2014,0
"Bié","Catabola","Kaiuera",2015,0
"Bié","Catabola","Kaiuera",2016,0
"Bié","Catabola","Kaiuera",2017,0
"Bié","Catabola","Kaiuera",2018,0
"Bié","Catabola","Kaiuera",2019,0
"Bié","Catabola","Kaiuera",2020,0
"Bié","Catabola","Kaiuera",2021,0
"Bié","Catabola","Kaiuera",2022,0
"Bié","Catabola","Kaiuera",2023,0
"Bié","Catabola","Kaiuera",2024,0
"Bié","Catabola","Katabola",2012,0
"Bié","Catabola","Katabola",2013,0
"Bié","Catabola","Katabola",2014,0
"Bié","Catabola","Katabola",2015,0
"Bié","Catabola","Katabola",2016,0
"Bié","Catabola","Katabola",2017,0
"Bié","Catabola","Katabola",2018,22.5624942779541
"Bié","Catabola","Katabola",2019,17.6134300231934
"Bié","Catabola","Katabola",2020,7.99249935150146
"Bié","Catabola","Katabola",2021,4.81947612762451
"Bié","Catabola","Katabola",2022,3.5405113697052
"Bié","Catabola","Katabola",2023,50.2361450195312
"Bié","Catabola","Katabola",2024,66.1911544799805
"Bié","Chinguar","Chinguar",2012,41.3447761535645
"Bié","Chinguar","Chinguar",2013,39.4629440307617
"Bié","Chinguar","Chinguar",2014,51.3319473266602
"Bié","Chinguar","Chinguar",2015,51.2010498046875
"Bié","Chinguar","Chinguar",2016,29.3418312072754
"Bié","Chinguar","Chinguar",2017,41.8474044799805
"Bié","Chinguar","Chinguar",2018,34.9758605957031
"Bié","Chinguar","Chinguar",2019,50.2558555603027
"Bié","Chinguar","Chinguar",2020,52.6172790527344
"Bié","Chinguar","Chinguar",2021,64.1748733520508
"Bié","Chinguar","Chinguar",2022,92.2395553588867
"Bié","Chinguar","Chinguar",2023,58.1450996398926
"Bié","Chinguar","Chinguar",2024,65.6218566894531
"Bié","Chinguar","Kangote",2012,0
"Bié","Chinguar","Kangote",2013,0
"Bié","Chinguar","Kangote",2014,0
"Bié","Chinguar","Kangote",2015,0
"Bié","Chinguar","Kangote",2016,0
"Bié","Chinguar","Kangote",2017,0
"Bié","Chinguar","Kangote",2018,0
"Bié","Chinguar","Kangote",2019,0
"Bié","Chinguar","Kangote",2020,0
"Bié","Chinguar","Kangote",2021,0
"Bié","Chinguar","Kangote",2022,0
"Bié","Chinguar","Kangote",2023,0
"Bié","Chinguar","Kangote",2024,0
"Bié","Chinguar","Kutato",2012,0
"Bié","Chinguar","Kutato",2013,0
"Bié","Chinguar","Kutato",2014,0
"Bié","Chinguar","Kutato",2015,0
"Bié","Chinguar","Kutato",2016,0
"Bié","Chinguar","Kutato",2017,0
"Bié","Chinguar","Kutato",2018,0
"Bié","Chinguar","Kutato",2019,0
"Bié","Chinguar","Kutato",2020,0
"Bié","Chinguar","Kutato",2021,0
"Bié","Chinguar","Kutato",2022,0
"Bié","Chinguar","Kutato",2023,0
"Bié","Chinguar","Kutato",2024,0
"Bié","Chitembo","Cachingues",2012,0
"Bié","Chitembo","Cachingues",2013,0
"Bié","Chitembo","Cachingues",2014,0
"Bié","Chitembo","Cachingues",2015,2.79982662200928
"Bié","Chitembo","Cachingues",2016,1.2904177904129
"Bié","Chitembo","Cachingues",2017,0
"Bié","Chitembo","Cachingues",2018,0
"Bié","Chitembo","Cachingues",2019,0
"Bié","Chitembo","Cachingues",2020,0.812431991100311
"Bié","Chitembo","Cachingues",2021,0
"Bié","Chitembo","Cachingues",2022,0
"Bié","Chitembo","Cachingues",2023,0
"Bié","Chitembo","Cachingues",2024,0
"Bié","Chitembo","Chitembo",2012,0
"Bié","Chitembo","Chitembo",2013,1.9775059223175
"Bié","Chitembo","Chitembo",2014,13.8038005828857
"Bié","Chitembo","Chitembo",2015,5.18791770935059
"Bié","Chitembo","Chitembo",2016,2.03965163230896
"Bié","Chitembo","Chitembo",2017,3.16715860366821
"Bié","Chitembo","Chitembo",2018,1.57762026786804
"Bié","Chitembo","Chitembo",2019,0.519172608852386
"Bié","Chitembo","Chitembo",2020,0.623548805713654
"Bié","Chitembo","Chitembo",2021,1.21752047538757
"Bié","Chitembo","Chitembo",2022,147.181259155273
"Bié","Chitembo","Chitembo",2023,175.593215942383
"Bié","Chitembo","Chitembo",2024,154.230941772461
"Bié","Chitembo","Malengue",2012,0
"Bié","Chitembo","Malengue",2013,0
"Bié","Chitembo","Malengue",2014,0
"Bié","Chitembo","Malengue",2015,0
"Bié","Chitembo","Malengue",2016,0
"Bié","Chitembo","Malengue",2017,0
"Bié","Chitembo","Malengue",2018,0
"Bié","Chitembo","Malengue",2019,0
"Bié","Chitembo","Malengue",2020,0
"Bié","Chitembo","Malengue",2021,0
"Bié","Chitembo","Malengue",2022,0
"Bié","Chitembo","Malengue",2023,0
"Bié","Chitembo","Malengue",2024,0
"Bié","Chitembo","Mumbue",2012,0
"Bié","Chitembo","Mumbue",2013,0
"Bié","Chitembo","Mumbue",2014,5.11960601806641
"Bié","Chitembo","Mumbue",2015,0
"Bié","Chitembo","Mumbue",2016,0
"Bié","Chitembo","Mumbue",2017,0
"Bié","Chitembo","Mumbue",2018,0
"Bié","Chitembo","Mumbue",2019,0
"Bié","Chitembo","Mumbue",2020,0
"Bié","Chitembo","Mumbue",2021,0
"Bié","Chitembo","Mumbue",2022,0
"Bié","Chitembo","Mumbue",2023,0
"Bié","Chitembo","Mumbue",2024,0
"Bié","Chitembo","Mutumbo",2012,0
"Bié","Chitembo","Mutumbo",2013,0
"Bié","Chitembo","Mutumbo",2014,0
"Bié","Chitembo","Mutumbo",2015,0
"Bié","Chitembo","Mutumbo",2016,0
"Bié","Chitembo","Mutumbo",2017,0
"Bié","Chitembo","Mutumbo",2018,0
"Bié","Chitembo","Mutumbo",2019,0
"Bié","Chitembo","Mutumbo",2020,0
"Bié","Chitembo","Mutumbo",2021,0
"Bié","Chitembo","Mutumbo",2022,0
"Bié","Chitembo","Mutumbo",2023,0
"Bié","Chitembo","Mutumbo",2024,0
"Bié","Chitembo","Soma Kwanza",2012,0
"Bié","Chitembo","Soma Kwanza",2013,0
"Bié","Chitembo","Soma Kwanza",2014,0
"Bié","Chitembo","Soma Kwanza",2015,0
"Bié","Chitembo","Soma Kwanza",2016,0
"Bié","Chitembo","Soma Kwanza",2017,0
"Bié","Chitembo","Soma Kwanza",2018,0
"Bié","Chitembo","Soma Kwanza",2019,0
"Bié","Chitembo","Soma Kwanza",2020,0
"Bié","Chitembo","Soma Kwanza",2021,0
"Bié","Chitembo","Soma Kwanza",2022,0
"Bié","Chitembo","Soma Kwanza",2023,1.89454424381256
"Bié","Chitembo","Soma Kwanza",2024,3.49815893173218
"Bié","Cuemba","Kuemba",2012,2.62545728683472
"Bié","Cuemba","Kuemba",2013,0.553320825099945
"Bié","Cuemba","Kuemba",2014,0
"Bié","Cuemba","Kuemba",2015,0
"Bié","Cuemba","Kuemba",2016,0
"Bié","Cuemba","Kuemba",2017,0
"Bié","Cuemba","Kuemba",2018,0
"Bié","Cuemba","Kuemba",2019,0
"Bié","Cuemba","Kuemba",2020,0
"Bié","Cuemba","Kuemba",2021,6.68947410583496
"Bié","Cuemba","Kuemba",2022,15.1103734970093
"Bié","Cuemba","Kuemba",2023,126.63444519043
"Bié","Cuemba","Kuemba",2024,69.9946594238281
"Bié","Cuemba","Luando",2012,0
"Bié","Cuemba","Luando",2013,0
"Bié","Cuemba","Luando",2014,0
"Bié","Cuemba","Luando",2015,0
"Bié","Cuemba","Luando",2016,0
"Bié","Cuemba","Luando",2017,0
"Bié","Cuemba","Luando",2018,0
"Bié","Cuemba","Luando",2019,0
"Bié","Cuemba","Luando",2020,0
"Bié","Cuemba","Luando",2021,0
"Bié","Cuemba","Luando",2022,0
"Bié","Cuemba","Luando",2023,0
"Bié","Cuemba","Luando",2024,0
"Bié","Cuemba","Munhango",2012,0
"Bié","Cuemba","Munhango",2013,0
"Bié","Cuemba","Munhango",2014,0
"Bié","Cuemba","Munhango",2015,0
"Bié","Cuemba","Munhango",2016,0
"Bié","Cuemba","Munhango",2017,0
"Bié","Cuemba","Munhango",2018,0
"Bié","Cuemba","Munhango",2019,0
"Bié","Cuemba","Munhango",2020,0
"Bié","Cuemba","Munhango",2021,0
"Bié","Cuemba","Munhango",2022,0
"Bié","Cuemba","Munhango",2023,0
"Bié","Cuemba","Munhango",2024,0
"Bié","Cuemba","Sachinemuna",2012,0
"Bié","Cuemba","Sachinemuna",2013,0
"Bié","Cuemba","Sachinemuna",2014,0
"Bié","Cuemba","Sachinemuna",2015,0
"Bié","Cuemba","Sachinemuna",2016,0
"Bié","Cuemba","Sachinemuna",2017,0
"Bié","Cuemba","Sachinemuna",2018,0
"Bié","Cuemba","Sachinemuna",2019,0
"Bié","Cuemba","Sachinemuna",2020,0
"Bié","Cuemba","Sachinemuna",2021,0
"Bié","Cuemba","Sachinemuna",2022,0
"Bié","Cuemba","Sachinemuna",2023,0
"Bié","Cuemba","Sachinemuna",2024,0
"Bié","Cunhinga","Kunhinga",2012,2.51418137550354
"Bié","Cunhinga","Kunhinga",2013,0.801263928413391
"Bié","Cunhinga","Kunhinga",2014,9.13941287994385
"Bié","Cunhinga","Kunhinga",2015,6.39043235778809
"Bié","Cunhinga","Kunhinga",2016,1.66051948070526
"Bié","Cunhinga","Kunhinga",2017,10.6468868255615
"Bié","Cunhinga","Kunhinga",2018,9.61502933502197
"Bié","Cunhinga","Kunhinga",2019,11.3080348968506
"Bié","Cunhinga","Kunhinga",2020,17.4856243133545
"Bié","Cunhinga","Kunhinga",2021,12.4173526763916
"Bié","Cunhinga","Kunhinga",2022,8.78925228118896
"Bié","Cunhinga","Kunhinga",2023,33.3691558837891
"Bié","Cunhinga","Kunhinga",2024,39.8903198242188
"Bié","Kuito","Cambandua",2012,0
"Bié","Kuito","Cambandua",2013,0
"Bié","Kuito","Cambandua",2014,0
"Bié","Kuito","Cambandua",2015,0
"Bié","Kuito","Cambandua",2016,0
"Bié","Kuito","Cambandua",2017,0
"Bié","Kuito","Cambandua",2018,0
"Bié","Kuito","Cambandua",2019,0
"Bié","Kuito","Cambandua",2020,0
"Bié","Kuito","Cambandua",2021,0
"Bié","Kuito","Cambandua",2022,0
"Bié","Kuito","Cambandua",2023,0
"Bié","Kuito","Cambandua",2024,0
"Bié","Kuito","Chicala",2012,0
"Bié","Kuito","Chicala",2013,0
"Bié","Kuito","Chicala",2014,0
"Bié","Kuito","Chicala",2015,0
"Bié","Kuito","Chicala",2016,0
"Bié","Kuito","Chicala",2017,0
"Bié","Kuito","Chicala",2018,0
"Bié","Kuito","Chicala",2019,0
"Bié","Kuito","Chicala",2020,0
"Bié","Kuito","Chicala",2021,0
"Bié","Kuito","Chicala",2022,0
"Bié","Kuito","Chicala",2023,0
"Bié","Kuito","Chicala",2024,0
"Bié","Kuito","Kuito",2012,472.225708007812
"Bié","Kuito","Kuito",2013,650.03125
"Bié","Kuito","Kuito",2014,722.273010253906
"Bié","Kuito","Kuito",2015,1041.1474609375
"Bié","Kuito","Kuito",2016,629.283752441406
"Bié","Kuito","Kuito",2017,642.274841308594
"Bié","Kuito","Kuito",2018,1338.85949707031
"Bié","Kuito","Kuito",2019,1842.73278808594
"Bié","Kuito","Kuito",2020,2080.8076171875
"Bié","Kuito","Kuito",2021,2285.43627929688
"Bié","Kuito","Kuito",2022,2617.2412109375
"Bié","Kuito","Kuito",2023,2685.52661132812
"Bié","Kuito","Kuito",2024,2815.08447265625
"Bié","Kuito","Trumba",2012,616.541625976562
"Bié","Kuito","Trumba",2013,760.5439453125
"Bié","Kuito","Trumba",2014,763.948303222656
"Bié","Kuito","Trumba",2015,682.094543457031
"Bié","Kuito","Trumba",2016,499.72509765625
"Bié","Kuito","Trumba",2017,381.512542724609
"Bié","Kuito","Trumba",2018,489.173614501953
"Bié","Kuito","Trumba",2019,869.591186523438
"Bié","Kuito","Trumba",2020,863.174865722656
"Bié","Kuito","Trumba",2021,801.694885253906
"Bié","Kuito","Trumba",2022,848.496276855469
"Bié","Kuito","Trumba",2023,850.144958496094
"Bié","Kuito","Trumba",2024,827.469604492188
"Bié","Nharea","Dando",2012,0
"Bié","Nharea","Dando",2013,0
"Bié","Nharea","Dando",2014,0
"Bié","Nharea","Dando",2015,0
"Bié","Nharea","Dando",2016,0
"Bié","Nharea","Dando",2017,0
"Bié","Nharea","Dando",2018,0.552347123622894
"Bié","Nharea","Dando",2019,0
"Bié","Nharea","Dando",2020,0
"Bié","Nharea","Dando",2021,6.28957557678223
"Bié","Nharea","Dando",2022,0
"Bié","Nharea","Dando",2023,0
"Bié","Nharea","Dando",2024,0
"Bié","Nharea","Gamba",2012,0
"Bié","Nharea","Gamba",2013,0
"Bié","Nharea","Gamba",2014,0
"Bié","Nharea","Gamba",2015,0
"Bié","Nharea","Gamba",2016,0
"Bié","Nharea","Gamba",2017,0
"Bié","Nharea","Gamba",2018,0
"Bié","Nharea","Gamba",2019,0
"Bié","Nharea","Gamba",2020,0
"Bié","Nharea","Gamba",2021,0
"Bié","Nharea","Gamba",2022,0
"Bié","Nharea","Gamba",2023,0
"Bié","Nharea","Gamba",2024,0
"Bié","Nharea","Kaiei",2012,0
"Bié","Nharea","Kaiei",2013,0
"Bié","Nharea","Kaiei",2014,0
"Bié","Nharea","Kaiei",2015,0
"Bié","Nharea","Kaiei",2016,0
"Bié","Nharea","Kaiei",2017,0
"Bié","Nharea","Kaiei",2018,0
"Bié","Nharea","Kaiei",2019,0
"Bié","Nharea","Kaiei",2020,0
"Bié","Nharea","Kaiei",2021,0
"Bié","Nharea","Kaiei",2022,0
"Bié","Nharea","Kaiei",2023,0
"Bié","Nharea","Kaiei",2024,0
"Bié","Nharea","Lubia",2012,0
"Bié","Nharea","Lubia",2013,0
"Bié","Nharea","Lubia",2014,0
"Bié","Nharea","Lubia",2015,0
"Bié","Nharea","Lubia",2016,0
"Bié","Nharea","Lubia",2017,0
"Bié","Nharea","Lubia",2018,0.166515573859215
"Bié","Nharea","Lubia",2019,0
"Bié","Nharea","Lubia",2020,0
"Bié","Nharea","Lubia",2021,0.443065941333771
"Bié","Nharea","Lubia",2022,0
"Bié","Nharea","Lubia",2023,3.7622709274292
"Bié","Nharea","Lubia",2024,12.512092590332
"Bié","Nharea","Nharea",2012,1.78863322734833
"Bié","Nharea","Nharea",2013,3.76030778884888
"Bié","Nharea","Nharea",2014,15.7605028152466
"Bié","Nharea","Nharea",2015,0.500142872333527
"Bié","Nharea","Nharea",2016,0
"Bié","Nharea","Nharea",2017,83.9712066650391
"Bié","Nharea","Nharea",2018,0
"Bié","Nharea","Nharea",2019,110.567031860352
"Bié","Nharea","Nharea",2020,13.9847316741943
"Bié","Nharea","Nharea",2021,10.8964014053345
"Bié","Nharea","Nharea",2022,26.9262046813965
"Bié","Nharea","Nharea",2023,17.7863464355469
"Bié","Nharea","Nharea",2024,22.8053340911865
"Cabinda","Belize","Belize",2012,30.8147048950195
"Cabinda","Belize","Belize",2013,35.431209564209
"Cabinda","Belize","Belize",2014,30.5126304626465
"Cabinda","Belize","Belize",2015,36.0697898864746
"Cabinda","Belize","Belize",2016,21.8341789245605
"Cabinda","Belize","Belize",2017,24.4710350036621
"Cabinda","Belize","Belize",2018,56.4681243896484
"Cabinda","Belize","Belize",2019,89.8700561523438
"Cabinda","Belize","Belize",2020,52.8346366882324
"Cabinda","Belize","Belize",2021,84.8845520019531
"Cabinda","Belize","Belize",2022,156.245300292969
"Cabinda","Belize","Belize",2023,122.015083312988
"Cabinda","Belize","Belize",2024,97.6482543945312
"Cabinda","Belize","Luali",2012,14.5937604904175
"Cabinda","Belize","Luali",2013,0
"Cabinda","Belize","Luali",2014,1.41471123695374
"Cabinda","Belize","Luali",2015,0.523325979709625
"Cabinda","Belize","Luali",2016,0
"Cabinda","Belize","Luali",2017,0
"Cabinda","Belize","Luali",2018,0.632018625736237
"Cabinda","Belize","Luali",2019,0
"Cabinda","Belize","Luali",2020,6.01555061340332
"Cabinda","Belize","Luali",2021,0
"Cabinda","Belize","Luali",2022,9.11383628845215
"Cabinda","Belize","Luali",2023,1.62010848522186
"Cabinda","Belize","Luali",2024,0.579132556915283
"Cabinda","Belize","Mikonje",2012,28.1421813964844
"Cabinda","Belize","Mikonje",2013,0
"Cabinda","Belize","Mikonje",2014,2.13671016693115
"Cabinda","Belize","Mikonje",2015,0
"Cabinda","Belize","Mikonje",2016,0
"Cabinda","Belize","Mikonje",2017,1.00734496116638
"Cabinda","Belize","Mikonje",2018,91.5159378051758
"Cabinda","Belize","Mikonje",2019,1.08028340339661
"Cabinda","Belize","Mikonje",2020,4.51096534729004
"Cabinda","Belize","Mikonje",2021,2.64714407920837
"Cabinda","Belize","Mikonje",2022,30.6443042755127
"Cabinda","Belize","Mikonje",2023,107.421363830566
"Cabinda","Belize","Mikonje",2024,25.2331848144531
"Cabinda","Buco Zau","Buco Zau",2012,128.716430664062
"Cabinda","Buco Zau","Buco Zau",2013,108.907852172852
"Cabinda","Buco Zau","Buco Zau",2014,71.1387252807617
"Cabinda","Buco Zau","Buco Zau",2015,79.1275863647461
"Cabinda","Buco Zau","Buco Zau",2016,69.7586364746094
"Cabinda","Buco Zau","Buco Zau",2017,55.7826385498047
"Cabinda","Buco Zau","Buco Zau",2018,41.7259864807129
"Cabinda","Buco Zau","Buco Zau",2019,76.952262878418
"Cabinda","Buco Zau","Buco Zau",2020,63.2837600708008
"Cabinda","Buco Zau","Buco Zau",2021,218.828308105469
"Cabinda","Buco Zau","Buco Zau",2022,388.118682861328
"Cabinda","Buco Zau","Buco Zau",2023,350.429901123047
"Cabinda","Buco Zau","Buco Zau",2024,324.403686523438
"Cabinda","Buco Zau","Nekuto",2012,36.4516983032227
"Cabinda","Buco Zau","Nekuto",2013,0.51099157333374
"Cabinda","Buco Zau","Nekuto",2014,1.09115934371948
"Cabinda","Buco Zau","Nekuto",2015,0.457301706075668
"Cabinda","Buco Zau","Nekuto",2016,0
"Cabinda","Buco Zau","Nekuto",2017,2.62676286697388
"Cabinda","Buco Zau","Nekuto",2018,0
"Cabinda","Buco Zau","Nekuto",2019,0
"Cabinda","Buco Zau","Nekuto",2020,7.15904998779297
"Cabinda","Buco Zau","Nekuto",2021,0.513007760047913
"Cabinda","Buco Zau","Nekuto",2022,4.83044290542603
"Cabinda","Buco Zau","Nekuto",2023,0
"Cabinda","Buco Zau","Nekuto",2024,0
"Cabinda","Buco Zau","Nhuca",2012,2.61417961120605
"Cabinda","Buco Zau","Nhuca",2013,0.57954329252243
"Cabinda","Buco Zau","Nhuca",2014,4.02791690826416
"Cabinda","Buco Zau","Nhuca",2015,0
"Cabinda","Buco Zau","Nhuca",2016,0
"Cabinda","Buco Zau","Nhuca",2017,0
"Cabinda","Buco Zau","Nhuca",2018,0
"Cabinda","Buco Zau","Nhuca",2019,0
"Cabinda","Buco Zau","Nhuca",2020,12.3018283843994
"Cabinda","Buco Zau","Nhuca",2021,0
"Cabinda","Buco Zau","Nhuca",2022,2.31691312789917
"Cabinda","Buco Zau","Nhuca",2023,2.02597165107727
"Cabinda","Buco Zau","Nhuca",2024,3.52346420288086
"Cabinda","Cabinda","Cabinda",2012,5175.35986328125
"Cabinda","Cabinda","Cabinda",2013,5847.4638671875
"Cabinda","Cabinda","Cabinda",2014,8870.3388671875
"Cabinda","Cabinda","Cabinda",2015,7360.18994140625
"Cabinda","Cabinda","Cabinda",2016,21669.939453125
"Cabinda","Cabinda","Cabinda",2017,12515.4794921875
"Cabinda","Cabinda","Cabinda",2018,17635.740234375
"Cabinda","Cabinda","Cabinda",2019,21383.09375
"Cabinda","Cabinda","Cabinda",2020,7786.8173828125
"Cabinda","Cabinda","Cabinda",2021,8065.10205078125
"Cabinda","Cabinda","Cabinda",2022,8752.5634765625
"Cabinda","Cabinda","Cabinda",2023,9191.87109375
"Cabinda","Cabinda","Cabinda",2024,8433.095703125
"Cabinda","Cabinda","Malembo",2012,2262.923828125
"Cabinda","Cabinda","Malembo",2013,2235.47729492188
"Cabinda","Cabinda","Malembo",2014,2375.24658203125
"Cabinda","Cabinda","Malembo",2015,2601.48120117188
"Cabinda","Cabinda","Malembo",2016,2720.79614257812
"Cabinda","Cabinda","Malembo",2017,2964.92504882812
"Cabinda","Cabinda","Malembo",2018,2462.6015625
"Cabinda","Cabinda","Malembo",2019,2085.96020507812
"Cabinda","Cabinda","Malembo",2020,1909.46887207031
"Cabinda","Cabinda","Malembo",2021,2101.26318359375
"Cabinda","Cabinda","Malembo",2022,2785.1953125
"Cabinda","Cabinda","Malembo",2023,2600.48095703125
"Cabinda","Cabinda","Malembo",2024,2943.36840820312
"Cabinda","Cabinda","Tando Zinze",2012,5.34454917907715
"Cabinda","Cabinda","Tando Zinze",2013,0.608756303787231
"Cabinda","Cabinda","Tando Zinze",2014,0
"Cabinda","Cabinda","Tando Zinze",2015,0
"Cabinda","Cabinda","Tando Zinze",2016,0
"Cabinda","Cabinda","Tando Zinze",2017,3.40330171585083
"Cabinda","Cabinda","Tando Zinze",2018,0
"Cabinda","Cabinda","Tando Zinze",2019,0
"Cabinda","Cabinda","Tando Zinze",2020,0
"Cabinda","Cabinda","Tando Zinze",2021,0
"Cabinda","Cabinda","Tando Zinze",2022,0
"Cabinda","Cabinda","Tando Zinze",2023,0.521550834178925
"Cabinda","Cabinda","Tando Zinze",2024,0
"Cabinda","Landana","Dinge",2012,3.47727012634277
"Cabinda","Landana","Dinge",2013,2.62443375587463
"Cabinda","Landana","Dinge",2014,3.86712336540222
"Cabinda","Landana","Dinge",2015,0.0600755028426647
"Cabinda","Landana","Dinge",2016,0
"Cabinda","Landana","Dinge",2017,0
"Cabinda","Landana","Dinge",2018,28.0761089324951
"Cabinda","Landana","Dinge",2019,43.5075531005859
"Cabinda","Landana","Dinge",2020,30.1506977081299
"Cabinda","Landana","Dinge",2021,25.689474105835
"Cabinda","Landana","Dinge",2022,55.6905975341797
"Cabinda","Landana","Dinge",2023,55.6475219726562
"Cabinda","Landana","Dinge",2024,58.939624786377
"Cabinda","Landana","Kakongo",2012,413.146331787109
"Cabinda","Landana","Kakongo",2013,413.383209228516
"Cabinda","Landana","Kakongo",2014,379.783142089844
"Cabinda","Landana","Kakongo",2015,344.817657470703
"Cabinda","Landana","Kakongo",2016,381.942504882812
"Cabinda","Landana","Kakongo",2017,316.921844482422
"Cabinda","Landana","Kakongo",2018,220.222366333008
"Cabinda","Landana","Kakongo",2019,366.747650146484
"Cabinda","Landana","Kakongo",2020,279.873352050781
"Cabinda","Landana","Kakongo",2021,264.043395996094
"Cabinda","Landana","Kakongo",2022,370.730834960938
"Cabinda","Landana","Kakongo",2023,369.30078125
"Cabinda","Landana","Kakongo",2024,405.989624023438
"Cabinda","Landana","Massabi",2012,39.2702674865723
"Cabinda","Landana","Massabi",2013,13.7337007522583
"Cabinda","Landana","Massabi",2014,23.7921962738037
"Cabinda","Landana","Massabi",2015,22.1040954589844
"Cabinda","Landana","Massabi",2016,7.78141498565674
"Cabinda","Landana","Massabi",2017,7.73151445388794
"Cabinda","Landana","Massabi",2018,0.0073921587318182
"Cabinda","Landana","Massabi",2019,0.361616998910904
"Cabinda","Landana","Massabi",2020,9.56012725830078
"Cabinda","Landana","Massabi",2021,42.2375717163086
"Cabinda","Landana","Massabi",2022,672.780700683594
"Cabinda","Landana","Massabi",2023,820.070495605469
"Cabinda","Landana","Massabi",2024,3076.13696289062
"Cuando Cubango","Calai","Maue",2012,0
"Cuando Cubango","Calai","Maue",2013,0
"Cuando Cubango","Calai","Maue",2014,0
"Cuando Cubango","Calai","Maue",2015,0
"Cuando Cubango","Calai","Maue",2016,0
"Cuando Cubango","Calai","Maue",2017,0
"Cuando Cubango","Calai","Maue",2018,0
"Cuando Cubango","Calai","Maue",2019,0
"Cuando Cubango","Calai","Maue",2020,0
"Cuando Cubango","Calai","Maue",2021,0
"Cuando Cubango","Calai","Maue",2022,0
"Cuando Cubango","Calai","Maue",2023,0
"Cuando Cubango","Calai","Maue",2024,0
"Cuando Cubango","Calai","kalai",2012,45.9158134460449
"Cuando Cubango","Calai","kalai",2013,55.3435173034668
"Cuando Cubango","Calai","kalai",2014,58.3045425415039
"Cuando Cubango","Calai","kalai",2015,82.4801788330078
"Cuando Cubango","Calai","kalai",2016,171.461608886719
"Cuando Cubango","Calai","kalai",2017,56.2391929626465
"Cuando Cubango","Calai","kalai",2018,59.2472686767578
"Cuando Cubango","Calai","kalai",2019,48.3345718383789
"Cuando Cubango","Calai","kalai",2020,96.2990798950195
"Cuando Cubango","Calai","kalai",2021,158.312911987305
"Cuando Cubango","Calai","kalai",2022,157.526962280273
"Cuando Cubango","Calai","kalai",2023,175.395629882812
"Cuando Cubango","Calai","kalai",2024,142.563125610352
"Cuando Cubango","Cuangar","Bondo",2012,0
"Cuando Cubango","Cuangar","Bondo",2013,0
"Cuando Cubango","Cuangar","Bondo",2014,0
"Cuando Cubango","Cuangar","Bondo",2015,0
"Cuando Cubango","Cuangar","Bondo",2016,0
"Cuando Cubango","Cuangar","Bondo",2017,0
"Cuando Cubango","Cuangar","Bondo",2018,0
"Cuando Cubango","Cuangar","Bondo",2019,0
"Cuando Cubango","Cuangar","Bondo",2020,0
"Cuando Cubango","Cuangar","Bondo",2021,0
"Cuando Cubango","Cuangar","Bondo",2022,0
"Cuando Cubango","Cuangar","Bondo",2023,0
"Cuando Cubango","Cuangar","Bondo",2024,0
"Cuando Cubango","Cuangar","Cuangar",2012,30.2226181030273
"Cuando Cubango","Cuangar","Cuangar",2013,30.9527072906494
"Cuando Cubango","Cuangar","Cuangar",2014,28.7831859588623
"Cuando Cubango","Cuangar","Cuangar",2015,31.0680351257324
"Cuando Cubango","Cuangar","Cuangar",2016,18.4007911682129
"Cuando Cubango","Cuangar","Cuangar",2017,13.1342535018921
"Cuando Cubango","Cuangar","Cuangar",2018,39.5143737792969
"Cuando Cubango","Cuangar","Cuangar",2019,53.5379219055176
"Cuando Cubango","Cuangar","Cuangar",2020,38.1716842651367
"Cuando Cubango","Cuangar","Cuangar",2021,49.9133110046387
"Cuando Cubango","Cuangar","Cuangar",2022,65.963737487793
"Cuando Cubango","Cuangar","Cuangar",2023,75.2324752807617
"Cuando Cubango","Cuangar","Cuangar",2024,72.1155700683594
"Cuando Cubango","Cuangar","Savate",2012,108.756965637207
"Cuando Cubango","Cuangar","Savate",2013,83.7575454711914
"Cuando Cubango","Cuangar","Savate",2014,90.5350494384766
"Cuando Cubango","Cuangar","Savate",2015,81.6655654907227
"Cuando Cubango","Cuangar","Savate",2016,64.1981658935547
"Cuando Cubango","Cuangar","Savate",2017,14.9909734725952
"Cuando Cubango","Cuangar","Savate",2018,9.05612850189209
"Cuando Cubango","Cuangar","Savate",2019,6.28842115402222
"Cuando Cubango","Cuangar","Savate",2020,4.67466259002686
"Cuando Cubango","Cuangar","Savate",2021,1.97701871395111
"Cuando Cubango","Cuangar","Savate",2022,3.07192277908325
"Cuando Cubango","Cuangar","Savate",2023,3.40612387657166
"Cuando Cubango","Cuangar","Savate",2024,1.92818760871887
"Cuando Cubango","Cuchi","Chinguanja",2012,0
"Cuando Cubango","Cuchi","Chinguanja",2013,0
"Cuando Cubango","Cuchi","Chinguanja",2014,0
"Cuando Cubango","Cuchi","Chinguanja",2015,0
"Cuando Cubango","Cuchi","Chinguanja",2016,0
"Cuando Cubango","Cuchi","Chinguanja",2017,0
"Cuando Cubango","Cuchi","Chinguanja",2018,0
"Cuando Cubango","Cuchi","Chinguanja",2019,0
"Cuando Cubango","Cuchi","Chinguanja",2020,0
"Cuando Cubango","Cuchi","Chinguanja",2021,0
"Cuando Cubango","Cuchi","Chinguanja",2022,0
"Cuando Cubango","Cuchi","Chinguanja",2023,0
"Cuando Cubango","Cuchi","Chinguanja",2024,0
"Cuando Cubango","Cuchi","Kuchi",2012,0
"Cuando Cubango","Cuchi","Kuchi",2013,7.41396284103394
"Cuando Cubango","Cuchi","Kuchi",2014,0
"Cuando Cubango","Cuchi","Kuchi",2015,0
"Cuando Cubango","Cuchi","Kuchi",2016,0
"Cuando Cubango","Cuchi","Kuchi",2017,0
"Cuando Cubango","Cuchi","Kuchi",2018,2.07503700256348
"Cuando Cubango","Cuchi","Kuchi",2019,1.82056653499603
"Cuando Cubango","Cuchi","Kuchi",2020,27.7774772644043
"Cuando Cubango","Cuchi","Kuchi",2021,37.0606231689453
"Cuando Cubango","Cuchi","Kuchi",2022,40.9419250488281
"Cuando Cubango","Cuchi","Kuchi",2023,39.6389846801758
"Cuando Cubango","Cuchi","Kuchi",2024,31.8067989349365
"Cuando Cubango","Cuchi","Kutato",2012,0
"Cuando Cubango","Cuchi","Kutato",2013,0
"Cuando Cubango","Cuchi","Kutato",2014,0
"Cuando Cubango","Cuchi","Kutato",2015,0
"Cuando Cubango","Cuchi","Kutato",2016,0
"Cuando Cubango","Cuchi","Kutato",2017,0
"Cuando Cubango","Cuchi","Kutato",2018,0
"Cuando Cubango","Cuchi","Kutato",2019,0
"Cuando Cubango","Cuchi","Kutato",2020,0
"Cuando Cubango","Cuchi","Kutato",2021,2.94605135917664
"Cuando Cubango","Cuchi","Kutato",2022,0
"Cuando Cubango","Cuchi","Kutato",2023,0
"Cuando Cubango","Cuchi","Kutato",2024,0
"Cuando Cubango","Cuito Cuanavale","Baixo Longa",2012,0
"Cuando Cubango","Cuito Cuanavale","Baixo Longa",2013,0
"Cuando Cubango","Cuito Cuanavale","Baixo Longa",2014,0
"Cuando Cubango","Cuito Cuanavale","Baixo Longa",2015,0
"Cuando Cubango","Cuito Cuanavale","Baixo Longa",2016,0
"Cuando Cubango","Cuito Cuanavale","Baixo Longa",2017,0
"Cuando Cubango","Cuito Cuanavale","Baixo Longa",2018,0
"Cuando Cubango","Cuito Cuanavale","Baixo Longa",2019,0
"Cuando Cubango","Cuito Cuanavale","Baixo Longa",2020,0
"Cuando Cubango","Cuito Cuanavale","Baixo Longa",2021,0
"Cuando Cubango","Cuito Cuanavale","Baixo Longa",2022,0
"Cuando Cubango","Cuito Cuanavale","Baixo Longa",2023,0
"Cuando Cubango","Cuito Cuanavale","Baixo Longa",2024,0
"Cuando Cubango","Cuito Cuanavale","Kuito Kuanavale",2012,10.8962173461914
"Cuando Cubango","Cuito Cuanavale","Kuito Kuanavale",2013,5.50165224075317
"Cuando Cubango","Cuito Cuanavale","Kuito Kuanavale",2014,1.89033734798431
"Cuando Cubango","Cuito Cuanavale","Kuito Kuanavale",2015,11.2481393814087
"Cuando Cubango","Cuito Cuanavale","Kuito Kuanavale",2016,601.03173828125
"Cuando Cubango","Cuito Cuanavale","Kuito Kuanavale",2017,504.695526123047
"Cuando Cubango","Cuito Cuanavale","Kuito Kuanavale",2018,655.45361328125
"Cuando Cubango","Cuito Cuanavale","Kuito Kuanavale",2019,578.755737304688
"Cuando Cubango","Cuito Cuanavale","Kuito Kuanavale",2020,562.889587402344
"Cuando Cubango","Cuito Cuanavale","Kuito Kuanavale",2021,439.157562255859
"Cuando Cubango","Cuito Cuanavale","Kuito Kuanavale",2022,398.13720703125
"Cuando Cubango","Cuito Cuanavale","Kuito Kuanavale",2023,369.631713867188
"Cuando Cubango","Cuito Cuanavale","Kuito Kuanavale",2024,297.756896972656
"Cuando Cubango","Cuito Cuanavale","Longa",2012,1.79688477516174
"Cuando Cubango","Cuito Cuanavale","Longa",2013,5.81049871444702
"Cuando Cubango","Cuito Cuanavale","Longa",2014,6.49589395523071
"Cuando Cubango","Cuito Cuanavale","Longa",2015,0
"Cuando Cubango","Cuito Cuanavale","Longa",2016,0
"Cuando Cubango","Cuito Cuanavale","Longa",2017,11.6859445571899
"Cuando Cubango","Cuito Cuanavale","Longa",2018,0
"Cuando Cubango","Cuito Cuanavale","Longa",2019,0
"Cuando Cubango","Cuito Cuanavale","Longa",2020,0
"Cuando Cubango","Cuito Cuanavale","Longa",2021,0
"Cuando Cubango","Cuito Cuanavale","Longa",2022,8.30697822570801
"Cuando Cubango","Cuito Cuanavale","Longa",2023,4.12140846252441
"Cuando Cubango","Cuito Cuanavale","Longa",2024,4.11268424987793
"Cuando Cubango","Cuito Cuanavale","Lupire",2012,0
"Cuando Cubango","Cuito Cuanavale","Lupire",2013,0
"Cuando Cubango","Cuito Cuanavale","Lupire",2014,0
"Cuando Cubango","Cuito Cuanavale","Lupire",2015,0
"Cuando Cubango","Cuito Cuanavale","Lupire",2016,0
"Cuando Cubango","Cuito Cuanavale","Lupire",2017,0
"Cuando Cubango","Cuito Cuanavale","Lupire",2018,0
"Cuando Cubango","Cuito Cuanavale","Lupire",2019,0
"Cuando Cubango","Cuito Cuanavale","Lupire",2020,0
"Cuando Cubango","Cuito Cuanavale","Lupire",2021,0
"Cuando Cubango","Cuito Cuanavale","Lupire",2022,0
"Cuando Cubango","Cuito Cuanavale","Lupire",2023,0
"Cuando Cubango","Cuito Cuanavale","Lupire",2024,0
"Cuando Cubango","Dirico","Dirico",2012,7.14764595031738
"Cuando Cubango","Dirico","Dirico",2013,8.40279674530029
"Cuando Cubango","Dirico","Dirico",2014,9.80185031890869
"Cuando Cubango","Dirico","Dirico",2015,7.79603004455566
"Cuando Cubango","Dirico","Dirico",2016,4.45769262313843
"Cuando Cubango","Dirico","Dirico",2017,6.46692514419556
"Cuando Cubango","Dirico","Dirico",2018,4.66868305206299
"Cuando Cubango","Dirico","Dirico",2019,4.78237771987915
"Cuando Cubango","Dirico","Dirico",2020,5.96513748168945
"Cuando Cubango","Dirico","Dirico",2021,12.5849828720093
"Cuando Cubango","Dirico","Dirico",2022,19.5646667480469
"Cuando Cubango","Dirico","Dirico",2023,14.7123394012451
"Cuando Cubango","Dirico","Dirico",2024,13.5974655151367
"Cuando Cubango","Dirico","Mucusso",2012,4.68321323394775
"Cuando Cubango","Dirico","Mucusso",2013,9.12891960144043
"Cuando Cubango","Dirico","Mucusso",2014,8.0770788192749
"Cuando Cubango","Dirico","Mucusso",2015,10.0432777404785
"Cuando Cubango","Dirico","Mucusso",2016,8.53037929534912
"Cuando Cubango","Dirico","Mucusso",2017,7.11919975280762
"Cuando Cubango","Dirico","Mucusso",2018,5.30302667617798
"Cuando Cubango","Dirico","Mucusso",2019,4.07661437988281
"Cuando Cubango","Dirico","Mucusso",2020,2.65859174728394
"Cuando Cubango","Dirico","Mucusso",2021,1.45189225673676
"Cuando Cubango","Dirico","Mucusso",2022,2.06731462478638
"Cuando Cubango","Dirico","Mucusso",2023,2.40617871284485
"Cuando Cubango","Dirico","Mucusso",2024,0.963409960269928
"Cuando Cubango","Dirico","Xa-mavera",2012,0
"Cuando Cubango","Dirico","Xa-mavera",2013,0
"Cuando Cubango","Dirico","Xa-mavera",2014,0
"Cuando Cubango","Dirico","Xa-mavera",2015,0
"Cuando Cubango","Dirico","Xa-mavera",2016,0
"Cuando Cubango","Dirico","Xa-mavera",2017,0
"Cuando Cubango","Dirico","Xa-mavera",2018,0
"Cuando Cubango","Dirico","Xa-mavera",2019,0
"Cuando Cubango","Dirico","Xa-mavera",2020,0
"Cuando Cubango","Dirico","Xa-mavera",2021,0
"Cuando Cubango","Dirico","Xa-mavera",2022,0
"Cuando Cubango","Dirico","Xa-mavera",2023,0
"Cuando Cubango","Dirico","Xa-mavera",2024,0
"Cuando Cubango","Mavinga","Kunjamba",2012,0
"Cuando Cubango","Mavinga","Kunjamba",2013,0
"Cuando Cubango","Mavinga","Kunjamba",2014,0
"Cuando Cubango","Mavinga","Kunjamba",2015,0
"Cuando Cubango","Mavinga","Kunjamba",2016,0
"Cuando Cubango","Mavinga","Kunjamba",2017,0
"Cuando Cubango","Mavinga","Kunjamba",2018,0
"Cuando Cubango","Mavinga","Kunjamba",2019,0
"Cuando Cubango","Mavinga","Kunjamba",2020,0
"Cuando Cubango","Mavinga","Kunjamba",2021,0
"Cuando Cubango","Mavinga","Kunjamba",2022,0
"Cuando Cubango","Mavinga","Kunjamba",2023,0
"Cuando Cubango","Mavinga","Kunjamba",2024,0
"Cuando Cubango","Mavinga","Kutuile",2012,0
"Cuando Cubango","Mavinga","Kutuile",2013,0
"Cuando Cubango","Mavinga","Kutuile",2014,0
"Cuando Cubango","Mavinga","Kutuile",2015,0
"Cuando Cubango","Mavinga","Kutuile",2016,0
"Cuando Cubango","Mavinga","Kutuile",2017,0
"Cuando Cubango","Mavinga","Kutuile",2018,0
"Cuando Cubango","Mavinga","Kutuile",2019,0
"Cuando Cubango","Mavinga","Kutuile",2020,0
"Cuando Cubango","Mavinga","Kutuile",2021,0
"Cuando Cubango","Mavinga","Kutuile",2022,0
"Cuando Cubango","Mavinga","Kutuile",2023,0
"Cuando Cubango","Mavinga","Kutuile",2024,0
"Cuando Cubango","Mavinga","Luengue",2012,0
"Cuando Cubango","Mavinga","Luengue",2013,0
"Cuando Cubango","Mavinga","Luengue",2014,0
"Cuando Cubango","Mavinga","Luengue",2015,0
"Cuando Cubango","Mavinga","Luengue",2016,0
"Cuando Cubango","Mavinga","Luengue",2017,0
"Cuando Cubango","Mavinga","Luengue",2018,0
"Cuando Cubango","Mavinga","Luengue",2019,0
"Cuando Cubango","Mavinga","Luengue",2020,0
"Cuando Cubango","Mavinga","Luengue",2021,0
"Cuando Cubango","Mavinga","Luengue",2022,0
"Cuando Cubango","Mavinga","Luengue",2023,0.566034913063049
"Cuando Cubango","Mavinga","Luengue",2024,0
"Cuando Cubango","Mavinga","Mavinga",2012,0
"Cuando Cubango","Mavinga","Mavinga",2013,0
"Cuando Cubango","Mavinga","Mavinga",2014,0
"Cuando Cubango","Mavinga","Mavinga",2015,0
"Cuando Cubango","Mavinga","Mavinga",2016,0
"Cuando Cubango","Mavinga","Mavinga",2017,0
"Cuando Cubango","Mavinga","Mavinga",2018,53.7256126403809
"Cuando Cubango","Mavinga","Mavinga",2019,55.1465301513672
"Cuando Cubango","Mavinga","Mavinga",2020,50.0430793762207
"Cuando Cubango","Mavinga","Mavinga",2021,35.3092346191406
"Cuando Cubango","Mavinga","Mavinga",2022,0
"Cuando Cubango","Mavinga","Mavinga",2023,0
"Cuando Cubango","Mavinga","Mavinga",2024,0
"Cuando Cubango","Menongue","Kaiundo",2012,0
"Cuando Cubango","Menongue","Kaiundo",2013,0
"Cuando Cubango","Menongue","Kaiundo",2014,0
"Cuando Cubango","Menongue","Kaiundo",2015,0
"Cuando Cubango","Menongue","Kaiundo",2016,0
"Cuando Cubango","Menongue","Kaiundo",2017,0
"Cuando Cubango","Menongue","Kaiundo",2018,0
"Cuando Cubango","Menongue","Kaiundo",2019,0
"Cuando Cubango","Menongue","Kaiundo",2020,0
"Cuando Cubango","Menongue","Kaiundo",2021,0
"Cuando Cubango","Menongue","Kaiundo",2022,0
"Cuando Cubango","Menongue","Kaiundo",2023,0
"Cuando Cubango","Menongue","Kaiundo",2024,0
"Cuando Cubango","Menongue","Kueio",2012,1.26776432991028
"Cuando Cubango","Menongue","Kueio",2013,0.520780563354492
"Cuando Cubango","Menongue","Kueio",2014,1.26124858856201
"Cuando Cubango","Menongue","Kueio",2015,0
"Cuando Cubango","Menongue","Kueio",2016,0
"Cuando Cubango","Menongue","Kueio",2017,0
"Cuando Cubango","Menongue","Kueio",2018,0
"Cuando Cubango","Menongue","Kueio",2019,0
"Cuando Cubango","Menongue","Kueio",2020,0
"Cuando Cubango","Menongue","Kueio",2021,0
"Cuando Cubango","Menongue","Kueio",2022,0
"Cuando Cubango","Menongue","Kueio",2023,0
"Cuando Cubango","Menongue","Kueio",2024,0
"Cuando Cubango","Menongue","Menongue",2012,568.376770019531
"Cuando Cubango","Menongue","Menongue",2013,928.479736328125
"Cuando Cubango","Menongue","Menongue",2014,1320.03100585938
"Cuando Cubango","Menongue","Menongue",2015,1918.19250488281
"Cuando Cubango","Menongue","Menongue",2016,1916.08032226562
"Cuando Cubango","Menongue","Menongue",2017,1696.92907714844
"Cuando Cubango","Menongue","Menongue",2018,1439.21252441406
"Cuando Cubango","Menongue","Menongue",2019,2065.810546875
"Cuando Cubango","Menongue","Menongue",2020,2246.20361328125
"Cuando Cubango","Menongue","Menongue",2021,2261.52172851562
"Cuando Cubango","Menongue","Menongue",2022,2410.7158203125
"Cuando Cubango","Menongue","Menongue",2023,2975.646484375
"Cuando Cubango","Menongue","Menongue",2024,3039.04321289062
"Cuando Cubango","Nancova","Nancova",2012,0
"Cuando Cubango","Nancova","Nancova",2013,0
"Cuando Cubango","Nancova","Nancova",2014,0
"Cuando Cubango","Nancova","Nancova",2015,0
"Cuando Cubango","Nancova","Nancova",2016,0
"Cuando Cubango","Nancova","Nancova",2017,0
"Cuando Cubango","Nancova","Nancova",2018,0
"Cuando Cubango","Nancova","Nancova",2019,0
"Cuando Cubango","Nancova","Nancova",2020,0
"Cuando Cubango","Nancova","Nancova",2021,0
"Cuando Cubango","Nancova","Nancova",2022,0
"Cuando Cubango","Nancova","Nancova",2023,0
"Cuando Cubango","Nancova","Nancova",2024,0
"Cuando Cubango","Nancova","Rito",2012,0
"Cuando Cubango","Nancova","Rito",2013,0
"Cuando Cubango","Nancova","Rito",2014,0
"Cuando Cubango","Nancova","Rito",2015,0
"Cuando Cubango","Nancova","Rito",2016,0
"Cuando Cubango","Nancova","Rito",2017,0
"Cuando Cubango","Nancova","Rito",2018,0
"Cuando Cubango","Nancova","Rito",2019,0
"Cuando Cubango","Nancova","Rito",2020,0
"Cuando Cubango","Nancova","Rito",2021,0
"Cuando Cubango","Nancova","Rito",2022,0
"Cuando Cubango","Nancova","Rito",2023,0
"Cuando Cubango","Nancova","Rito",2024,0
"Cuando Cubango","Rivungo","Luiana",2012,0
"Cuando Cubango","Rivungo","Luiana",2013,0
"Cuando Cubango","Rivungo","Luiana",2014,0
"Cuando Cubango","Rivungo","Luiana",2015,0
"Cuando Cubango","Rivungo","Luiana",2016,0
"Cuando Cubango","Rivungo","Luiana",2017,0
"Cuando Cubango","Rivungo","Luiana",2018,2.99668431282043
"Cuando Cubango","Rivungo","Luiana",2019,10.3905172348022
"Cuando Cubango","Rivungo","Luiana",2020,8.91160678863525
"Cuando Cubango","Rivungo","Luiana",2021,6.50198602676392
"Cuando Cubango","Rivungo","Luiana",2022,0.000510004116222262
"Cuando Cubango","Rivungo","Luiana",2023,0.000663147424347699
"Cuando Cubango","Rivungo","Luiana",2024,0.000537231855560094
"Cuando Cubango","Rivungo","Neriquinha",2012,0
"Cuando Cubango","Rivungo","Neriquinha",2013,0
"Cuando Cubango","Rivungo","Neriquinha",2014,0.506479263305664
"Cuando Cubango","Rivungo","Neriquinha",2015,0.625743269920349
"Cuando Cubango","Rivungo","Neriquinha",2016,0
"Cuando Cubango","Rivungo","Neriquinha",2017,0
"Cuando Cubango","Rivungo","Neriquinha",2018,9.14823913574219
"Cuando Cubango","Rivungo","Neriquinha",2019,37.6018371582031
"Cuando Cubango","Rivungo","Neriquinha",2020,32.2544021606445
"Cuando Cubango","Rivungo","Neriquinha",2021,19.6783561706543
"Cuando Cubango","Rivungo","Neriquinha",2022,0
"Cuando Cubango","Rivungo","Neriquinha",2023,0
"Cuando Cubango","Rivungo","Neriquinha",2024,0
"Cuando Cubango","Rivungo","Rivungo",2012,0
"Cuando Cubango","Rivungo","Rivungo",2013,0
"Cuando Cubango","Rivungo","Rivungo",2014,0
"Cuando Cubango","Rivungo","Rivungo",2015,0
"Cuando Cubango","Rivungo","Rivungo",2016,0
"Cuando Cubango","Rivungo","Rivungo",2017,0
"Cuando Cubango","Rivungo","Rivungo",2018,0
"Cuando Cubango","Rivungo","Rivungo",2019,0
"Cuando Cubango","Rivungo","Rivungo",2020,0
"Cuando Cubango","Rivungo","Rivungo",2021,0
"Cuando Cubango","Rivungo","Rivungo",2022,0
"Cuando Cubango","Rivungo","Rivungo",2023,0
"Cuando Cubango","Rivungo","Rivungo",2024,0
"Cuanza Norte","Ambaca","Bindo",2012,0
"Cuanza Norte","Ambaca","Bindo",2013,0
"Cuanza Norte","Ambaca","Bindo",2014,0
"Cuanza Norte","Ambaca","Bindo",2015,0
"Cuanza Norte","Ambaca","Bindo",2016,0
"Cuanza Norte","Ambaca","Bindo",2017,0
"Cuanza Norte","Ambaca","Bindo",2018,0
"Cuanza Norte","Ambaca","Bindo",2019,0
"Cuanza Norte","Ambaca","Bindo",2020,0
"Cuanza Norte","Ambaca","Bindo",2021,4.86173582077026
"Cuanza Norte","Ambaca","Bindo",2022,5.54287385940552
"Cuanza Norte","Ambaca","Bindo",2023,3.21708226203918
"Cuanza Norte","Ambaca","Bindo",2024,4.58828973770142
"Cuanza Norte","Ambaca","Kamabatela",2012,77.9133377075195
"Cuanza Norte","Ambaca","Kamabatela",2013,85.4204559326172
"Cuanza Norte","Ambaca","Kamabatela",2014,102.641059875488
"Cuanza Norte","Ambaca","Kamabatela",2015,123.325859069824
"Cuanza Norte","Ambaca","Kamabatela",2016,126.217414855957
"Cuanza Norte","Ambaca","Kamabatela",2017,151.599914550781
"Cuanza Norte","Ambaca","Kamabatela",2018,187.419036865234
"Cuanza Norte","Ambaca","Kamabatela",2019,201.654190063477
"Cuanza Norte","Ambaca","Kamabatela",2020,159.53401184082
"Cuanza Norte","Ambaca","Kamabatela",2021,174.575378417969
"Cuanza Norte","Ambaca","Kamabatela",2022,153.544815063477
"Cuanza Norte","Ambaca","Kamabatela",2023,174.50813293457
"Cuanza Norte","Ambaca","Kamabatela",2024,186.917098999023
"Cuanza Norte","Ambaca","Luinga",2012,0
"Cuanza Norte","Ambaca","Luinga",2013,1.91037881374359
"Cuanza Norte","Ambaca","Luinga",2014,1.37572991847992
"Cuanza Norte","Ambaca","Luinga",2015,1.7787184715271
"Cuanza Norte","Ambaca","Luinga",2016,0
"Cuanza Norte","Ambaca","Luinga",2017,0
"Cuanza Norte","Ambaca","Luinga",2018,0
"Cuanza Norte","Ambaca","Luinga",2019,0
"Cuanza Norte","Ambaca","Luinga",2020,0
"Cuanza Norte","Ambaca","Luinga",2021,0
"Cuanza Norte","Ambaca","Luinga",2022,0.748062491416931
"Cuanza Norte","Ambaca","Luinga",2023,0
"Cuanza Norte","Ambaca","Luinga",2024,0
"Cuanza Norte","Ambaca","Maua",2012,0
"Cuanza Norte","Ambaca","Maua",2013,0
"Cuanza Norte","Ambaca","Maua",2014,0
"Cuanza Norte","Ambaca","Maua",2015,0
"Cuanza Norte","Ambaca","Maua",2016,0
"Cuanza Norte","Ambaca","Maua",2017,0
"Cuanza Norte","Ambaca","Maua",2018,0
"Cuanza Norte","Ambaca","Maua",2019,0
"Cuanza Norte","Ambaca","Maua",2020,0.0840327516198158
"Cuanza Norte","Ambaca","Maua",2021,0
"Cuanza Norte","Ambaca","Maua",2022,0
"Cuanza Norte","Ambaca","Maua",2023,0
"Cuanza Norte","Ambaca","Maua",2024,0
"Cuanza Norte","Ambaca","Tango",2012,0
"Cuanza Norte","Ambaca","Tango",2013,0
"Cuanza Norte","Ambaca","Tango",2014,0
"Cuanza Norte","Ambaca","Tango",2015,0
"Cuanza Norte","Ambaca","Tango",2016,0
"Cuanza Norte","Ambaca","Tango",2017,0
"Cuanza Norte","Ambaca","Tango",2018,0
"Cuanza Norte","Ambaca","Tango",2019,0
"Cuanza Norte","Ambaca","Tango",2020,0
"Cuanza Norte","Ambaca","Tango",2021,0
"Cuanza Norte","Ambaca","Tango",2022,0
"Cuanza Norte","Ambaca","Tango",2023,0
"Cuanza Norte","Ambaca","Tango",2024,0
"Cuanza Norte","Banga","Aldeia Nova",2012,0
"Cuanza Norte","Banga","Aldeia Nova",2013,0
"Cuanza Norte","Banga","Aldeia Nova",2014,0
"Cuanza Norte","Banga","Aldeia Nova",2015,0
"Cuanza Norte","Banga","Aldeia Nova",2016,0
"Cuanza Norte","Banga","Aldeia Nova",2017,0
"Cuanza Norte","Banga","Aldeia Nova",2018,0
"Cuanza Norte","Banga","Aldeia Nova",2019,0
"Cuanza Norte","Banga","Aldeia Nova",2020,0
"Cuanza Norte","Banga","Aldeia Nova",2021,0
"Cuanza Norte","Banga","Aldeia Nova",2022,0
"Cuanza Norte","Banga","Aldeia Nova",2023,53.5392036437988
"Cuanza Norte","Banga","Aldeia Nova",2024,42.3278045654297
"Cuanza Norte","Banga","Banga",2012,0.504439413547516
"Cuanza Norte","Banga","Banga",2013,0
"Cuanza Norte","Banga","Banga",2014,0
"Cuanza Norte","Banga","Banga",2015,0
"Cuanza Norte","Banga","Banga",2016,0
"Cuanza Norte","Banga","Banga",2017,0
"Cuanza Norte","Banga","Banga",2018,0
"Cuanza Norte","Banga","Banga",2019,0.261361598968506
"Cuanza Norte","Banga","Banga",2020,0.559778451919556
"Cuanza Norte","Banga","Banga",2021,0
"Cuanza Norte","Banga","Banga",2022,8.55170154571533
"Cuanza Norte","Banga","Banga",2023,15.5131969451904
"Cuanza Norte","Banga","Banga",2024,8.22105598449707
"Cuanza Norte","Banga","Kaculo Kabassa",2012,7.57155179977417
"Cuanza Norte","Banga","Kaculo Kabassa",2013,0
"Cuanza Norte","Banga","Kaculo Kabassa",2014,0
"Cuanza Norte","Banga","Kaculo Kabassa",2015,1.06369876861572
"Cuanza Norte","Banga","Kaculo Kabassa",2016,0
"Cuanza Norte","Banga","Kaculo Kabassa",2017,13.421238899231
"Cuanza Norte","Banga","Kaculo Kabassa",2018,13.3662519454956
"Cuanza Norte","Banga","Kaculo Kabassa",2019,26.4739818572998
"Cuanza Norte","Banga","Kaculo Kabassa",2020,49.7130508422852
"Cuanza Norte","Banga","Kaculo Kabassa",2021,15.40833568573
"Cuanza Norte","Banga","Kaculo Kabassa",2022,108.948883056641
"Cuanza Norte","Banga","Kaculo Kabassa",2023,117.04182434082
"Cuanza Norte","Banga","Kaculo Kabassa",2024,112.041412353516
"Cuanza Norte","Banga","Kariamba",2012,0
"Cuanza Norte","Banga","Kariamba",2013,0
"Cuanza Norte","Banga","Kariamba",2014,0
"Cuanza Norte","Banga","Kariamba",2015,0
"Cuanza Norte","Banga","Kariamba",2016,0
"Cuanza Norte","Banga","Kariamba",2017,0
"Cuanza Norte","Banga","Kariamba",2018,0
"Cuanza Norte","Banga","Kariamba",2019,0
"Cuanza Norte","Banga","Kariamba",2020,0
"Cuanza Norte","Banga","Kariamba",2021,0
"Cuanza Norte","Banga","Kariamba",2022,0
"Cuanza Norte","Banga","Kariamba",2023,1.62559330463409
"Cuanza Norte","Banga","Kariamba",2024,0.0542230755090714
"Cuanza Norte","Bolongongo","Bolongongo",2012,0
"Cuanza Norte","Bolongongo","Bolongongo",2013,0
"Cuanza Norte","Bolongongo","Bolongongo",2014,0
"Cuanza Norte","Bolongongo","Bolongongo",2015,0
"Cuanza Norte","Bolongongo","Bolongongo",2016,0
"Cuanza Norte","Bolongongo","Bolongongo",2017,0
"Cuanza Norte","Bolongongo","Bolongongo",2018,0
"Cuanza Norte","Bolongongo","Bolongongo",2019,0
"Cuanza Norte","Bolongongo","Bolongongo",2020,0
"Cuanza Norte","Bolongongo","Bolongongo",2021,11.0338878631592
"Cuanza Norte","Bolongongo","Bolongongo",2022,25.2850341796875
"Cuanza Norte","Bolongongo","Bolongongo",2023,247.280471801758
"Cuanza Norte","Bolongongo","Bolongongo",2024,182.290740966797
"Cuanza Norte","Bolongongo","Kikiemba",2012,0.579396903514862
"Cuanza Norte","Bolongongo","Kikiemba",2013,0
"Cuanza Norte","Bolongongo","Kikiemba",2014,0
"Cuanza Norte","Bolongongo","Kikiemba",2015,0.543684601783752
"Cuanza Norte","Bolongongo","Kikiemba",2016,2.46213269233704
"Cuanza Norte","Bolongongo","Kikiemba",2017,21.4750194549561
"Cuanza Norte","Bolongongo","Kikiemba",2018,0.523113608360291
"Cuanza Norte","Bolongongo","Kikiemba",2019,0
"Cuanza Norte","Bolongongo","Kikiemba",2020,0.201896801590919
"Cuanza Norte","Bolongongo","Kikiemba",2021,0
"Cuanza Norte","Bolongongo","Kikiemba",2022,0
"Cuanza Norte","Bolongongo","Kikiemba",2023,0.516378581523895
"Cuanza Norte","Bolongongo","Kikiemba",2024,0
"Cuanza Norte","Bolongongo","Terreiro",2012,0
"Cuanza Norte","Bolongongo","Terreiro",2013,0
"Cuanza Norte","Bolongongo","Terreiro",2014,0
"Cuanza Norte","Bolongongo","Terreiro",2015,0
"Cuanza Norte","Bolongongo","Terreiro",2016,0
"Cuanza Norte","Bolongongo","Terreiro",2017,0
"Cuanza Norte","Bolongongo","Terreiro",2018,0
"Cuanza Norte","Bolongongo","Terreiro",2019,0
"Cuanza Norte","Bolongongo","Terreiro",2020,0
"Cuanza Norte","Bolongongo","Terreiro",2021,0
"Cuanza Norte","Bolongongo","Terreiro",2022,0
"Cuanza Norte","Bolongongo","Terreiro",2023,1.97675240039825
"Cuanza Norte","Bolongongo","Terreiro",2024,1.13261485099792
"Cuanza Norte","Bula Atumba","Bula-Atumba",2012,40.0755424499512
"Cuanza Norte","Bula Atumba","Bula-Atumba",2013,0
"Cuanza Norte","Bula Atumba","Bula-Atumba",2014,1.26810705661774
"Cuanza Norte","Bula Atumba","Bula-Atumba",2015,1.01771545410156
"Cuanza Norte","Bula Atumba","Bula-Atumba",2016,1.53984904289246
"Cuanza Norte","Bula Atumba","Bula-Atumba",2017,147.810699462891
"Cuanza Norte","Bula Atumba","Bula-Atumba",2018,0.586111962795258
"Cuanza Norte","Bula Atumba","Bula-Atumba",2019,2.69597411155701
"Cuanza Norte","Bula Atumba","Bula-Atumba",2020,41.8752288818359
"Cuanza Norte","Bula Atumba","Bula-Atumba",2021,0
"Cuanza Norte","Bula Atumba","Bula-Atumba",2022,8.88014888763428
"Cuanza Norte","Bula Atumba","Bula-Atumba",2023,6.08421516418457
"Cuanza Norte","Bula Atumba","Bula-Atumba",2024,1.60906195640564
"Cuanza Norte","Bula Atumba","Kiaje",2012,0
"Cuanza Norte","Bula Atumba","Kiaje",2013,0
"Cuanza Norte","Bula Atumba","Kiaje",2014,0
"Cuanza Norte","Bula Atumba","Kiaje",2015,0
"Cuanza Norte","Bula Atumba","Kiaje",2016,0.587045192718506
"Cuanza Norte","Bula Atumba","Kiaje",2017,0
"Cuanza Norte","Bula Atumba","Kiaje",2018,0
"Cuanza Norte","Bula Atumba","Kiaje",2019,0
"Cuanza Norte","Bula Atumba","Kiaje",2020,1.6485652923584
"Cuanza Norte","Bula Atumba","Kiaje",2021,0
"Cuanza Norte","Bula Atumba","Kiaje",2022,0
"Cuanza Norte","Bula Atumba","Kiaje",2023,0
"Cuanza Norte","Bula Atumba","Kiaje",2024,0
"Cuanza Norte","Cambambe","Danje ia Menha",2012,0.370362043380737
"Cuanza Norte","Cambambe","Danje ia Menha",2013,0.98275500535965
"Cuanza Norte","Cambambe","Danje ia Menha",2014,0
"Cuanza Norte","Cambambe","Danje ia Menha",2015,0
"Cuanza Norte","Cambambe","Danje ia Menha",2016,3.61445093154907
"Cuanza Norte","Cambambe","Danje ia Menha",2017,1.01475191116333
"Cuanza Norte","Cambambe","Danje ia Menha",2018,0
"Cuanza Norte","Cambambe","Danje ia Menha",2019,2.59490728378296
"Cuanza Norte","Cambambe","Danje ia Menha",2020,5.75624799728394
"Cuanza Norte","Cambambe","Danje ia Menha",2021,1.39871287345886
"Cuanza Norte","Cambambe","Danje ia Menha",2022,56.815013885498
"Cuanza Norte","Cambambe","Danje ia Menha",2023,62.2411613464355
"Cuanza Norte","Cambambe","Danje ia Menha",2024,45.5798454284668
"Cuanza Norte","Cambambe","Dondo",2012,644.377014160156
"Cuanza Norte","Cambambe","Dondo",2013,742.008911132812
"Cuanza Norte","Cambambe","Dondo",2014,838.588134765625
"Cuanza Norte","Cambambe","Dondo",2015,1124.29663085938
"Cuanza Norte","Cambambe","Dondo",2016,1235.97607421875
"Cuanza Norte","Cambambe","Dondo",2017,1314.16870117188
"Cuanza Norte","Cambambe","Dondo",2018,1648.81127929688
"Cuanza Norte","Cambambe","Dondo",2019,1751.44702148438
"Cuanza Norte","Cambambe","Dondo",2020,1513.5029296875
"Cuanza Norte","Cambambe","Dondo",2021,1387.00207519531
"Cuanza Norte","Cambambe","Dondo",2022,1367.12243652344
"Cuanza Norte","Cambambe","Dondo",2023,1504.27075195312
"Cuanza Norte","Cambambe","Dondo",2024,1361.46020507812
"Cuanza Norte","Cambambe","S. Pedro da Kilemba",2012,86.5649032592773
"Cuanza Norte","Cambambe","S. Pedro da Kilemba",2013,136.069198608398
"Cuanza Norte","Cambambe","S. Pedro da Kilemba",2014,352.00927734375
"Cuanza Norte","Cambambe","S. Pedro da Kilemba",2015,478.427856445312
"Cuanza Norte","Cambambe","S. Pedro da Kilemba",2016,351.332000732422
"Cuanza Norte","Cambambe","S. Pedro da Kilemba",2017,380.956970214844
"Cuanza Norte","Cambambe","S. Pedro da Kilemba",2018,341.515594482422
"Cuanza Norte","Cambambe","S. Pedro da Kilemba",2019,256.561920166016
"Cuanza Norte","Cambambe","S. Pedro da Kilemba",2020,259.865325927734
"Cuanza Norte","Cambambe","S. Pedro da Kilemba",2021,215.957229614258
"Cuanza Norte","Cambambe","S. Pedro da Kilemba",2022,262.490783691406
"Cuanza Norte","Cambambe","S. Pedro da Kilemba",2023,259.999206542969
"Cuanza Norte","Cambambe","S. Pedro da Kilemba",2024,273.4189453125
"Cuanza Norte","Cambambe","Zenza do Itombe",2012,5.27910137176514
"Cuanza Norte","Cambambe","Zenza do Itombe",2013,4.49701261520386
"Cuanza Norte","Cambambe","Zenza do Itombe",2014,12.3274269104004
"Cuanza Norte","Cambambe","Zenza do Itombe",2015,0.501020133495331
"Cuanza Norte","Cambambe","Zenza do Itombe",2016,1.33571124076843
"Cuanza Norte","Cambambe","Zenza do Itombe",2017,1.18747842311859
"Cuanza Norte","Cambambe","Zenza do Itombe",2018,61.5555381774902
"Cuanza Norte","Cambambe","Zenza do Itombe",2019,60.8272857666016
"Cuanza Norte","Cambambe","Zenza do Itombe",2020,61.7689018249512
"Cuanza Norte","Cambambe","Zenza do Itombe",2021,54.3193740844727
"Cuanza Norte","Cambambe","Zenza do Itombe",2022,63.3729667663574
"Cuanza Norte","Cambambe","Zenza do Itombe",2023,47.3151512145996
"Cuanza Norte","Cambambe","Zenza do Itombe",2024,59.4478530883789
"Cuanza Norte","Cazengo","Kanhoca",2012,4.96510696411133
"Cuanza Norte","Cazengo","Kanhoca",2013,0
"Cuanza Norte","Cazengo","Kanhoca",2014,2.08179044723511
"Cuanza Norte","Cazengo","Kanhoca",2015,0.577564835548401
"Cuanza Norte","Cazengo","Kanhoca",2016,2.72934889793396
"Cuanza Norte","Cazengo","Kanhoca",2017,22.0162944793701
"Cuanza Norte","Cazengo","Kanhoca",2018,0
"Cuanza Norte","Cazengo","Kanhoca",2019,0.540056109428406
"Cuanza Norte","Cazengo","Kanhoca",2020,1.17228078842163
"Cuanza Norte","Cazengo","Kanhoca",2021,1.01972901821136
"Cuanza Norte","Cazengo","Kanhoca",2022,19.9743499755859
"Cuanza Norte","Cazengo","Kanhoca",2023,16.1811790466309
"Cuanza Norte","Cazengo","Kanhoca",2024,5.26328372955322
"Cuanza Norte","Cazengo","Ndalatando",2012,1333.15417480469
"Cuanza Norte","Cazengo","Ndalatando",2013,1636.35473632812
"Cuanza Norte","Cazengo","Ndalatando",2014,1785.43249511719
"Cuanza Norte","Cazengo","Ndalatando",2015,1525.490234375
"Cuanza Norte","Cazengo","Ndalatando",2016,1534.74047851562
"Cuanza Norte","Cazengo","Ndalatando",2017,1634.07080078125
"Cuanza Norte","Cazengo","Ndalatando",2018,1710.47436523438
"Cuanza Norte","Cazengo","Ndalatando",2019,1825.66589355469
"Cuanza Norte","Cazengo","Ndalatando",2020,1613.5234375
"Cuanza Norte","Cazengo","Ndalatando",2021,1585.27233886719
"Cuanza Norte","Cazengo","Ndalatando",2022,1568.6083984375
"Cuanza Norte","Cazengo","Ndalatando",2023,1690.46826171875
"Cuanza Norte","Cazengo","Ndalatando",2024,1487.75048828125
"Cuanza Norte","Dembos","Kibaxe",2012,4.96779298782349
"Cuanza Norte","Dembos","Kibaxe",2013,2.66115236282349
"Cuanza Norte","Dembos","Kibaxe",2014,0.508719980716705
"Cuanza Norte","Dembos","Kibaxe",2015,0
"Cuanza Norte","Dembos","Kibaxe",2016,0.253948211669922
"Cuanza Norte","Dembos","Kibaxe",2017,0.92477560043335
"Cuanza Norte","Dembos","Kibaxe",2018,0
"Cuanza Norte","Dembos","Kibaxe",2019,0
"Cuanza Norte","Dembos","Kibaxe",2020,0
"Cuanza Norte","Dembos","Kibaxe",2021,0
"Cuanza Norte","Dembos","Kibaxe",2022,0.511986970901489
"Cuanza Norte","Dembos","Kibaxe",2023,3.59049320220947
"Cuanza Norte","Dembos","Kibaxe",2024,1.03809213638306
"Cuanza Norte","Dembos","Paredes",2012,7.79727268218994
"Cuanza Norte","Dembos","Paredes",2013,0
"Cuanza Norte","Dembos","Paredes",2014,0
"Cuanza Norte","Dembos","Paredes",2015,0
"Cuanza Norte","Dembos","Paredes",2016,0
"Cuanza Norte","Dembos","Paredes",2017,3.4275369644165
"Cuanza Norte","Dembos","Paredes",2018,0
"Cuanza Norte","Dembos","Paredes",2019,0
"Cuanza Norte","Dembos","Paredes",2020,4.40777397155762
"Cuanza Norte","Dembos","Paredes",2021,0
"Cuanza Norte","Dembos","Paredes",2022,0
"Cuanza Norte","Dembos","Paredes",2023,0
"Cuanza Norte","Dembos","Paredes",2024,0
"Cuanza Norte","Dembos","Piri",2012,0
"Cuanza Norte","Dembos","Piri",2013,0
"Cuanza Norte","Dembos","Piri",2014,0
"Cuanza Norte","Dembos","Piri",2015,0
"Cuanza Norte","Dembos","Piri",2016,0
"Cuanza Norte","Dembos","Piri",2017,0.653639018535614
"Cuanza Norte","Dembos","Piri",2018,0
"Cuanza Norte","Dembos","Piri",2019,0
"Cuanza Norte","Dembos","Piri",2020,0
"Cuanza Norte","Dembos","Piri",2021,0
"Cuanza Norte","Dembos","Piri",2022,0
"Cuanza Norte","Dembos","Piri",2023,0
"Cuanza Norte","Dembos","Piri",2024,0
"Cuanza Norte","Dembos","S. Jose das Matas",2012,1.02590942382812
"Cuanza Norte","Dembos","S. Jose das Matas",2013,0
"Cuanza Norte","Dembos","S. Jose das Matas",2014,0
"Cuanza Norte","Dembos","S. Jose das Matas",2015,0
"Cuanza Norte","Dembos","S. Jose das Matas",2016,0.528202533721924
"Cuanza Norte","Dembos","S. Jose das Matas",2017,0.536209583282471
"Cuanza Norte","Dembos","S. Jose das Matas",2018,0
"Cuanza Norte","Dembos","S. Jose das Matas",2019,0
"Cuanza Norte","Dembos","S. Jose das Matas",2020,0
"Cuanza Norte","Dembos","S. Jose das Matas",2021,0
"Cuanza Norte","Dembos","S. Jose das Matas",2022,0
"Cuanza Norte","Dembos","S. Jose das Matas",2023,0
"Cuanza Norte","Dembos","S. Jose das Matas",2024,0
"Cuanza Norte","Golungo Alto","Cerca",2012,2.92047715187073
"Cuanza Norte","Golungo Alto","Cerca",2013,0
"Cuanza Norte","Golungo Alto","Cerca",2014,1.08921945095062
"Cuanza Norte","Golungo Alto","Cerca",2015,0.519117712974548
"Cuanza Norte","Golungo Alto","Cerca",2016,7.90218734741211
"Cuanza Norte","Golungo Alto","Cerca",2017,4.30671262741089
"Cuanza Norte","Golungo Alto","Cerca",2018,0
"Cuanza Norte","Golungo Alto","Cerca",2019,0
"Cuanza Norte","Golungo Alto","Cerca",2020,0
"Cuanza Norte","Golungo Alto","Cerca",2021,0
"Cuanza Norte","Golungo Alto","Cerca",2022,0.595108509063721
"Cuanza Norte","Golungo Alto","Cerca",2023,0
"Cuanza Norte","Golungo Alto","Cerca",2024,1.07099199295044
"Cuanza Norte","Golungo Alto","Golungo Alto",2012,12.7272920608521
"Cuanza Norte","Golungo Alto","Golungo Alto",2013,8.95799732208252
"Cuanza Norte","Golungo Alto","Golungo Alto",2014,442.789154052734
"Cuanza Norte","Golungo Alto","Golungo Alto",2015,368.46240234375
"Cuanza Norte","Golungo Alto","Golungo Alto",2016,373.924957275391
"Cuanza Norte","Golungo Alto","Golungo Alto",2017,376.143524169922
"Cuanza Norte","Golungo Alto","Golungo Alto",2018,372.797058105469
"Cuanza Norte","Golungo Alto","Golungo Alto",2019,405.453460693359
"Cuanza Norte","Golungo Alto","Golungo Alto",2020,357.195678710938
"Cuanza Norte","Golungo Alto","Golungo Alto",2021,322.823333740234
"Cuanza Norte","Golungo Alto","Golungo Alto",2022,448.053100585938
"Cuanza Norte","Golungo Alto","Golungo Alto",2023,382.323120117188
"Cuanza Norte","Golungo Alto","Golungo Alto",2024,290.772216796875
"Cuanza Norte","Golungo Alto","Kanbomdo",2012,5.65787506103516
"Cuanza Norte","Golungo Alto","Kanbomdo",2013,3.93677425384521
"Cuanza Norte","Golungo Alto","Kanbomdo",2014,6.2720832824707
"Cuanza Norte","Golungo Alto","Kanbomdo",2015,0.784536302089691
"Cuanza Norte","Golungo Alto","Kanbomdo",2016,5.54315519332886
"Cuanza Norte","Golungo Alto","Kanbomdo",2017,2.86007833480835
"Cuanza Norte","Golungo Alto","Kanbomdo",2018,49.9817886352539
"Cuanza Norte","Golungo Alto","Kanbomdo",2019,45.3443984985352
"Cuanza Norte","Golungo Alto","Kanbomdo",2020,55.2119750976562
"Cuanza Norte","Golungo Alto","Kanbomdo",2021,77.2938613891602
"Cuanza Norte","Golungo Alto","Kanbomdo",2022,79.0759735107422
"Cuanza Norte","Golungo Alto","Kanbomdo",2023,68.2478866577148
"Cuanza Norte","Golungo Alto","Kanbomdo",2024,42.4790916442871
"Cuanza Norte","Golungo Alto","Kiluanje",2012,1.43411755561829
"Cuanza Norte","Golungo Alto","Kiluanje",2013,0
"Cuanza Norte","Golungo Alto","Kiluanje",2014,0
"Cuanza Norte","Golungo Alto","Kiluanje",2015,0
"Cuanza Norte","Golungo Alto","Kiluanje",2016,3.27448654174805
"Cuanza Norte","Golungo Alto","Kiluanje",2017,1.04003119468689
"Cuanza Norte","Golungo Alto","Kiluanje",2018,0
"Cuanza Norte","Golungo Alto","Kiluanje",2019,0
"Cuanza Norte","Golungo Alto","Kiluanje",2020,0
"Cuanza Norte","Golungo Alto","Kiluanje",2021,0
"Cuanza Norte","Golungo Alto","Kiluanje",2022,0
"Cuanza Norte","Golungo Alto","Kiluanje",2023,1.07407999038696
"Cuanza Norte","Golungo Alto","Kiluanje",2024,0
"Cuanza Norte","Lucala","Kiangombe",2012,0
"Cuanza Norte","Lucala","Kiangombe",2013,0
"Cuanza Norte","Lucala","Kiangombe",2014,0
"Cuanza Norte","Lucala","Kiangombe",2015,0
"Cuanza Norte","Lucala","Kiangombe",2016,0
"Cuanza Norte","Lucala","Kiangombe",2017,0
"Cuanza Norte","Lucala","Kiangombe",2018,0
"Cuanza Norte","Lucala","Kiangombe",2019,0
"Cuanza Norte","Lucala","Kiangombe",2020,0.616338312625885
"Cuanza Norte","Lucala","Kiangombe",2021,0
"Cuanza Norte","Lucala","Kiangombe",2022,0
"Cuanza Norte","Lucala","Kiangombe",2023,0.468286126852036
"Cuanza Norte","Lucala","Kiangombe",2024,0
"Cuanza Norte","Lucala","Lukala",2012,101.391006469727
"Cuanza Norte","Lucala","Lukala",2013,79.275634765625
"Cuanza Norte","Lucala","Lukala",2014,74.9010696411133
"Cuanza Norte","Lucala","Lukala",2015,80.1703720092773
"Cuanza Norte","Lucala","Lukala",2016,59.7537803649902
"Cuanza Norte","Lucala","Lukala",2017,70.0385589599609
"Cuanza Norte","Lucala","Lukala",2018,111.920387268066
"Cuanza Norte","Lucala","Lukala",2019,126.884010314941
"Cuanza Norte","Lucala","Lukala",2020,119.013381958008
"Cuanza Norte","Lucala","Lukala",2021,88.9958724975586
"Cuanza Norte","Lucala","Lukala",2022,108.137542724609
"Cuanza Norte","Lucala","Lukala",2023,209.406158447266
"Cuanza Norte","Lucala","Lukala",2024,180.21533203125
"Cuanza Norte","Ngonguembo","Camame",2012,8.92823505401611
"Cuanza Norte","Ngonguembo","Camame",2013,0
"Cuanza Norte","Ngonguembo","Camame",2014,0
"Cuanza Norte","Ngonguembo","Camame",2015,1.03577756881714
"Cuanza Norte","Ngonguembo","Camame",2016,13.4143934249878
"Cuanza Norte","Ngonguembo","Camame",2017,107.312149047852
"Cuanza Norte","Ngonguembo","Camame",2018,0
"Cuanza Norte","Ngonguembo","Camame",2019,0
"Cuanza Norte","Ngonguembo","Camame",2020,7.39413166046143
"Cuanza Norte","Ngonguembo","Camame",2021,0
"Cuanza Norte","Ngonguembo","Camame",2022,0
"Cuanza Norte","Ngonguembo","Camame",2023,0
"Cuanza Norte","Ngonguembo","Camame",2024,0
"Cuanza Norte","Ngonguembo","Kilombo dos Dembos",2012,32.3419227600098
"Cuanza Norte","Ngonguembo","Kilombo dos Dembos",2013,0
"Cuanza Norte","Ngonguembo","Kilombo dos Dembos",2014,0.586366891860962
"Cuanza Norte","Ngonguembo","Kilombo dos Dembos",2015,9.70153331756592
"Cuanza Norte","Ngonguembo","Kilombo dos Dembos",2016,0
"Cuanza Norte","Ngonguembo","Kilombo dos Dembos",2017,98.365608215332
"Cuanza Norte","Ngonguembo","Kilombo dos Dembos",2018,0
"Cuanza Norte","Ngonguembo","Kilombo dos Dembos",2019,0
"Cuanza Norte","Ngonguembo","Kilombo dos Dembos",2020,0.564347743988037
"Cuanza Norte","Ngonguembo","Kilombo dos Dembos",2021,0
"Cuanza Norte","Ngonguembo","Kilombo dos Dembos",2022,5.07162141799927
"Cuanza Norte","Ngonguembo","Kilombo dos Dembos",2023,286.667449951172
"Cuanza Norte","Ngonguembo","Kilombo dos Dembos",2024,194.731735229492
"Cuanza Norte","Pango Aluquém","Kazua",2012,0.501655161380768
"Cuanza Norte","Pango Aluquém","Kazua",2013,0.536631643772125
"Cuanza Norte","Pango Aluquém","Kazua",2014,0.0298045258969069
"Cuanza Norte","Pango Aluquém","Kazua",2015,0.043918039649725
"Cuanza Norte","Pango Aluquém","Kazua",2016,0
"Cuanza Norte","Pango Aluquém","Kazua",2017,0
"Cuanza Norte","Pango Aluquém","Kazua",2018,0
"Cuanza Norte","Pango Aluquém","Kazua",2019,0
"Cuanza Norte","Pango Aluquém","Kazua",2020,0.573160827159882
"Cuanza Norte","Pango Aluquém","Kazua",2021,0
"Cuanza Norte","Pango Aluquém","Kazua",2022,1.17804718017578
"Cuanza Norte","Pango Aluquém","Kazua",2023,2.99297380447388
"Cuanza Norte","Pango Aluquém","Kazua",2024,0
"Cuanza Norte","Pango Aluquém","Pango-Aluquem",2012,75.699104309082
"Cuanza Norte","Pango Aluquém","Pango-Aluquem",2013,1.05975127220154
"Cuanza Norte","Pango Aluquém","Pango-Aluquem",2014,31.1107864379883
"Cuanza Norte","Pango Aluquém","Pango-Aluquem",2015,7.83544063568115
"Cuanza Norte","Pango Aluquém","Pango-Aluquem",2016,7.00022459030151
"Cuanza Norte","Pango Aluquém","Pango-Aluquem",2017,1.49281919002533
"Cuanza Norte","Pango Aluquém","Pango-Aluquem",2018,0
"Cuanza Norte","Pango Aluquém","Pango-Aluquem",2019,0
"Cuanza Norte","Pango Aluquém","Pango-Aluquem",2020,3.35142827033997
"Cuanza Norte","Pango Aluquém","Pango-Aluquem",2021,0.531922042369843
"Cuanza Norte","Pango Aluquém","Pango-Aluquem",2022,0
"Cuanza Norte","Pango Aluquém","Pango-Aluquem",2023,4.85374641418457
"Cuanza Norte","Pango Aluquém","Pango-Aluquem",2024,1.25259435176849
"Cuanza Norte","Quiculungo","Kiculungo",2012,0
"Cuanza Norte","Quiculungo","Kiculungo",2013,0
"Cuanza Norte","Quiculungo","Kiculungo",2014,0
"Cuanza Norte","Quiculungo","Kiculungo",2015,0
"Cuanza Norte","Quiculungo","Kiculungo",2016,0
"Cuanza Norte","Quiculungo","Kiculungo",2017,0
"Cuanza Norte","Quiculungo","Kiculungo",2018,70.5096664428711
"Cuanza Norte","Quiculungo","Kiculungo",2019,79.8328475952148
"Cuanza Norte","Quiculungo","Kiculungo",2020,69.9175338745117
"Cuanza Norte","Quiculungo","Kiculungo",2021,85.4886627197266
"Cuanza Norte","Quiculungo","Kiculungo",2022,83.4851531982422
"Cuanza Norte","Quiculungo","Kiculungo",2023,399.566802978516
"Cuanza Norte","Quiculungo","Kiculungo",2024,288.548370361328
"Cuanza Norte","Samba Cajú","Samba Caju",2012,68.5123291015625
"Cuanza Norte","Samba Cajú","Samba Caju",2013,42.2668571472168
"Cuanza Norte","Samba Cajú","Samba Caju",2014,49.5485687255859
"Cuanza Norte","Samba Cajú","Samba Caju",2015,61.03173828125
"Cuanza Norte","Samba Cajú","Samba Caju",2016,38.8218193054199
"Cuanza Norte","Samba Cajú","Samba Caju",2017,39.6598243713379
"Cuanza Norte","Samba Cajú","Samba Caju",2018,53.502555847168
"Cuanza Norte","Samba Cajú","Samba Caju",2019,47.3083267211914
"Cuanza Norte","Samba Cajú","Samba Caju",2020,49.814582824707
"Cuanza Norte","Samba Cajú","Samba Caju",2021,51.9252128601074
"Cuanza Norte","Samba Cajú","Samba Caju",2022,83.3200302124023
"Cuanza Norte","Samba Cajú","Samba Caju",2023,95.8064346313477
"Cuanza Norte","Samba Cajú","Samba Caju",2024,78.0966720581055
"Cuanza Norte","Samba Cajú","Samba Lukala",2012,0
"Cuanza Norte","Samba Cajú","Samba Lukala",2013,0
"Cuanza Norte","Samba Cajú","Samba Lukala",2014,0
"Cuanza Norte","Samba Cajú","Samba Lukala",2015,0
"Cuanza Norte","Samba Cajú","Samba Lukala",2016,0
"Cuanza Norte","Samba Cajú","Samba Lukala",2017,0
"Cuanza Norte","Samba Cajú","Samba Lukala",2018,13.1692209243774
"Cuanza Norte","Samba Cajú","Samba Lukala",2019,10.1683692932129
"Cuanza Norte","Samba Cajú","Samba Lukala",2020,11.9909000396729
"Cuanza Norte","Samba Cajú","Samba Lukala",2021,11.1081495285034
"Cuanza Norte","Samba Cajú","Samba Lukala",2022,7.70004796981812
"Cuanza Norte","Samba Cajú","Samba Lukala",2023,7.22119188308716
"Cuanza Norte","Samba Cajú","Samba Lukala",2024,8.82716274261475
"Cuanza Sul","Amboim","Assango",2012,0.702171683311462
"Cuanza Sul","Amboim","Assango",2013,0
"Cuanza Sul","Amboim","Assango",2014,0
"Cuanza Sul","Amboim","Assango",2015,0
"Cuanza Sul","Amboim","Assango",2016,0.069219633936882
"Cuanza Sul","Amboim","Assango",2017,0.119708761572838
"Cuanza Sul","Amboim","Assango",2018,0.487802803516388
"Cuanza Sul","Amboim","Assango",2019,1.66732621192932
"Cuanza Sul","Amboim","Assango",2020,1.47649526596069
"Cuanza Sul","Amboim","Assango",2021,5.7791895866394
"Cuanza Sul","Amboim","Assango",2022,7.95913219451904
"Cuanza Sul","Amboim","Assango",2023,12.809455871582
"Cuanza Sul","Amboim","Assango",2024,8.03929901123047
"Cuanza Sul","Amboim","Gabela",2012,950.780700683594
"Cuanza Sul","Amboim","Gabela",2013,1044.92504882812
"Cuanza Sul","Amboim","Gabela",2014,990.549560546875
"Cuanza Sul","Amboim","Gabela",2015,922.162841796875
"Cuanza Sul","Amboim","Gabela",2016,846.192016601562
"Cuanza Sul","Amboim","Gabela",2017,833.399841308594
"Cuanza Sul","Amboim","Gabela",2018,810.683044433594
"Cuanza Sul","Amboim","Gabela",2019,907.279296875
"Cuanza Sul","Amboim","Gabela",2020,837.709411621094
"Cuanza Sul","Amboim","Gabela",2021,927.243041992188
"Cuanza Sul","Amboim","Gabela",2022,1146.38037109375
"Cuanza Sul","Amboim","Gabela",2023,1080.28259277344
"Cuanza Sul","Amboim","Gabela",2024,1056.74499511719
"Cuanza Sul","Cassongue","Atome",2012,0
"Cuanza Sul","Cassongue","Atome",2013,0
"Cuanza Sul","Cassongue","Atome",2014,0
"Cuanza Sul","Cassongue","Atome",2015,0
"Cuanza Sul","Cassongue","Atome",2016,0
"Cuanza Sul","Cassongue","Atome",2017,0
"Cuanza Sul","Cassongue","Atome",2018,0
"Cuanza Sul","Cassongue","Atome",2019,0
"Cuanza Sul","Cassongue","Atome",2020,0
"Cuanza Sul","Cassongue","Atome",2021,0
"Cuanza Sul","Cassongue","Atome",2022,0
"Cuanza Sul","Cassongue","Atome",2023,0
"Cuanza Sul","Cassongue","Atome",2024,0
"Cuanza Sul","Cassongue","Dumbi",2012,0
"Cuanza Sul","Cassongue","Dumbi",2013,0
"Cuanza Sul","Cassongue","Dumbi",2014,0
"Cuanza Sul","Cassongue","Dumbi",2015,0
"Cuanza Sul","Cassongue","Dumbi",2016,0
"Cuanza Sul","Cassongue","Dumbi",2017,0
"Cuanza Sul","Cassongue","Dumbi",2018,0
"Cuanza Sul","Cassongue","Dumbi",2019,0
"Cuanza Sul","Cassongue","Dumbi",2020,0
"Cuanza Sul","Cassongue","Dumbi",2021,0
"Cuanza Sul","Cassongue","Dumbi",2022,0
"Cuanza Sul","Cassongue","Dumbi",2023,0
"Cuanza Sul","Cassongue","Dumbi",2024,0
"Cuanza Sul","Cassongue","Kassongue",2012,1.60528719425201
"Cuanza Sul","Cassongue","Kassongue",2013,2.93430209159851
"Cuanza Sul","Cassongue","Kassongue",2014,8.65985870361328
"Cuanza Sul","Cassongue","Kassongue",2015,5.93667221069336
"Cuanza Sul","Cassongue","Kassongue",2016,6.85241794586182
"Cuanza Sul","Cassongue","Kassongue",2017,34.8059844970703
"Cuanza Sul","Cassongue","Kassongue",2018,9.878662109375
"Cuanza Sul","Cassongue","Kassongue",2019,6.04374694824219
"Cuanza Sul","Cassongue","Kassongue",2020,22.5025825500488
"Cuanza Sul","Cassongue","Kassongue",2021,6.13042593002319
"Cuanza Sul","Cassongue","Kassongue",2022,6.60572719573975
"Cuanza Sul","Cassongue","Kassongue",2023,10.8592805862427
"Cuanza Sul","Cassongue","Kassongue",2024,6.91740751266479
"Cuanza Sul","Cassongue","Pambangala",2012,0
"Cuanza Sul","Cassongue","Pambangala",2013,0
"Cuanza Sul","Cassongue","Pambangala",2014,0
"Cuanza Sul","Cassongue","Pambangala",2015,0
"Cuanza Sul","Cassongue","Pambangala",2016,0
"Cuanza Sul","Cassongue","Pambangala",2017,0
"Cuanza Sul","Cassongue","Pambangala",2018,0
"Cuanza Sul","Cassongue","Pambangala",2019,0
"Cuanza Sul","Cassongue","Pambangala",2020,0
"Cuanza Sul","Cassongue","Pambangala",2021,0
"Cuanza Sul","Cassongue","Pambangala",2022,0
"Cuanza Sul","Cassongue","Pambangala",2023,0
"Cuanza Sul","Cassongue","Pambangala",2024,0
"Cuanza Sul","Conda","Konda",2012,0
"Cuanza Sul","Conda","Konda",2013,13.6288633346558
"Cuanza Sul","Conda","Konda",2014,0
"Cuanza Sul","Conda","Konda",2015,0
"Cuanza Sul","Conda","Konda",2016,4.58721876144409
"Cuanza Sul","Conda","Konda",2017,2.64534497261047
"Cuanza Sul","Conda","Konda",2018,2.02036905288696
"Cuanza Sul","Conda","Konda",2019,11.0418424606323
"Cuanza Sul","Conda","Konda",2020,22.785982131958
"Cuanza Sul","Conda","Konda",2021,41.4907646179199
"Cuanza Sul","Conda","Konda",2022,41.3396377563477
"Cuanza Sul","Conda","Konda",2023,34.2486419677734
"Cuanza Sul","Conda","Konda",2024,31.1831817626953
"Cuanza Sul","Conda","Kunju",2012,0
"Cuanza Sul","Conda","Kunju",2013,0
"Cuanza Sul","Conda","Kunju",2014,0
"Cuanza Sul","Conda","Kunju",2015,0
"Cuanza Sul","Conda","Kunju",2016,0
"Cuanza Sul","Conda","Kunju",2017,0
"Cuanza Sul","Conda","Kunju",2018,0
"Cuanza Sul","Conda","Kunju",2019,0
"Cuanza Sul","Conda","Kunju",2020,0
"Cuanza Sul","Conda","Kunju",2021,0
"Cuanza Sul","Conda","Kunju",2022,0
"Cuanza Sul","Conda","Kunju",2023,0
"Cuanza Sul","Conda","Kunju",2024,0
"Cuanza Sul","Ebo","Conde",2012,0
"Cuanza Sul","Ebo","Conde",2013,0
"Cuanza Sul","Ebo","Conde",2014,0
"Cuanza Sul","Ebo","Conde",2015,0
"Cuanza Sul","Ebo","Conde",2016,0
"Cuanza Sul","Ebo","Conde",2017,0
"Cuanza Sul","Ebo","Conde",2018,0
"Cuanza Sul","Ebo","Conde",2019,0
"Cuanza Sul","Ebo","Conde",2020,0
"Cuanza Sul","Ebo","Conde",2021,0.693731367588043
"Cuanza Sul","Ebo","Conde",2022,2.4773154258728
"Cuanza Sul","Ebo","Conde",2023,0.621149718761444
"Cuanza Sul","Ebo","Conde",2024,0
"Cuanza Sul","Ebo","Ebo",2012,2.85022068023682
"Cuanza Sul","Ebo","Ebo",2013,22.1465797424316
"Cuanza Sul","Ebo","Ebo",2014,15.708158493042
"Cuanza Sul","Ebo","Ebo",2015,2.31318688392639
"Cuanza Sul","Ebo","Ebo",2016,1.30020093917847
"Cuanza Sul","Ebo","Ebo",2017,9.89878749847412
"Cuanza Sul","Ebo","Ebo",2018,9.83482933044434
"Cuanza Sul","Ebo","Ebo",2019,0.694943189620972
"Cuanza Sul","Ebo","Ebo",2020,18.0882549285889
"Cuanza Sul","Ebo","Ebo",2021,10.9139060974121
"Cuanza Sul","Ebo","Ebo",2022,16.771312713623
"Cuanza Sul","Ebo","Ebo",2023,27.9204235076904
"Cuanza Sul","Ebo","Ebo",2024,27.1237487792969
"Cuanza Sul","Ebo","Kassanje",2012,0
"Cuanza Sul","Ebo","Kassanje",2013,0
"Cuanza Sul","Ebo","Kassanje",2014,0
"Cuanza Sul","Ebo","Kassanje",2015,0
"Cuanza Sul","Ebo","Kassanje",2016,0
"Cuanza Sul","Ebo","Kassanje",2017,0
"Cuanza Sul","Ebo","Kassanje",2018,0
"Cuanza Sul","Ebo","Kassanje",2019,0
"Cuanza Sul","Ebo","Kassanje",2020,0
"Cuanza Sul","Ebo","Kassanje",2021,0
"Cuanza Sul","Ebo","Kassanje",2022,0
"Cuanza Sul","Ebo","Kassanje",2023,0
"Cuanza Sul","Ebo","Kassanje",2024,0
"Cuanza Sul","Libolo","Kabuta",2012,0
"Cuanza Sul","Libolo","Kabuta",2013,0.375740528106689
"Cuanza Sul","Libolo","Kabuta",2014,0
"Cuanza Sul","Libolo","Kabuta",2015,2.67919301986694
"Cuanza Sul","Libolo","Kabuta",2016,3.03346180915833
"Cuanza Sul","Libolo","Kabuta",2017,3.5896143913269
"Cuanza Sul","Libolo","Kabuta",2018,3.69986414909363
"Cuanza Sul","Libolo","Kabuta",2019,1.19804048538208
"Cuanza Sul","Libolo","Kabuta",2020,1.58166444301605
"Cuanza Sul","Libolo","Kabuta",2021,3.04868030548096
"Cuanza Sul","Libolo","Kabuta",2022,4.47700548171997
"Cuanza Sul","Libolo","Kabuta",2023,7.92069578170776
"Cuanza Sul","Libolo","Kabuta",2024,17.6836471557617
"Cuanza Sul","Libolo","Kalulo",2012,265.461120605469
"Cuanza Sul","Libolo","Kalulo",2013,243.612686157227
"Cuanza Sul","Libolo","Kalulo",2014,243.01155090332
"Cuanza Sul","Libolo","Kalulo",2015,325.185485839844
"Cuanza Sul","Libolo","Kalulo",2016,324.919830322266
"Cuanza Sul","Libolo","Kalulo",2017,304.540771484375
"Cuanza Sul","Libolo","Kalulo",2018,293.017547607422
"Cuanza Sul","Libolo","Kalulo",2019,284.557739257812
"Cuanza Sul","Libolo","Kalulo",2020,281.143432617188
"Cuanza Sul","Libolo","Kalulo",2021,574.8408203125
"Cuanza Sul","Libolo","Kalulo",2022,560.193542480469
"Cuanza Sul","Libolo","Kalulo",2023,496.151000976562
"Cuanza Sul","Libolo","Kalulo",2024,384.513275146484
"Cuanza Sul","Libolo","Kissongo",2012,0
"Cuanza Sul","Libolo","Kissongo",2013,8.61609935760498
"Cuanza Sul","Libolo","Kissongo",2014,98.2916259765625
"Cuanza Sul","Libolo","Kissongo",2015,332.983276367188
"Cuanza Sul","Libolo","Kissongo",2016,419.89453125
"Cuanza Sul","Libolo","Kissongo",2017,249.406341552734
"Cuanza Sul","Libolo","Kissongo",2018,143.653884887695
"Cuanza Sul","Libolo","Kissongo",2019,107.333557128906
"Cuanza Sul","Libolo","Kissongo",2020,109.739906311035
"Cuanza Sul","Libolo","Kissongo",2021,87.4884185791016
"Cuanza Sul","Libolo","Kissongo",2022,77.4362258911133
"Cuanza Sul","Libolo","Kissongo",2023,89.3150863647461
"Cuanza Sul","Libolo","Kissongo",2024,90.9890365600586
"Cuanza Sul","Libolo","Munenga",2012,6.70645713806152
"Cuanza Sul","Libolo","Munenga",2013,14.4101428985596
"Cuanza Sul","Libolo","Munenga",2014,9.14263439178467
"Cuanza Sul","Libolo","Munenga",2015,7.591392993927
"Cuanza Sul","Libolo","Munenga",2016,9.8826732635498
"Cuanza Sul","Libolo","Munenga",2017,15.4176292419434
"Cuanza Sul","Libolo","Munenga",2018,7.68201971054077
"Cuanza Sul","Libolo","Munenga",2019,5.09970378875732
"Cuanza Sul","Libolo","Munenga",2020,6.11476230621338
"Cuanza Sul","Libolo","Munenga",2021,7.12434864044189
"Cuanza Sul","Libolo","Munenga",2022,16.2308902740479
"Cuanza Sul","Libolo","Munenga",2023,15.7339811325073
"Cuanza Sul","Libolo","Munenga",2024,11.4529342651367
"Cuanza Sul","Mussende","Kienha",2012,41.5427474975586
"Cuanza Sul","Mussende","Kienha",2013,36.6070823669434
"Cuanza Sul","Mussende","Kienha",2014,84.2353515625
"Cuanza Sul","Mussende","Kienha",2015,77.1347427368164
"Cuanza Sul","Mussende","Kienha",2016,74.7265090942383
"Cuanza Sul","Mussende","Kienha",2017,73.3869552612305
"Cuanza Sul","Mussende","Kienha",2018,47.354377746582
"Cuanza Sul","Mussende","Kienha",2019,47.500919342041
"Cuanza Sul","Mussende","Kienha",2020,32.2372894287109
"Cuanza Sul","Mussende","Kienha",2021,41.541332244873
"Cuanza Sul","Mussende","Kienha",2022,49.2125816345215
"Cuanza Sul","Mussende","Kienha",2023,67.0744094848633
"Cuanza Sul","Mussende","Kienha",2024,68.4503860473633
"Cuanza Sul","Mussende","Mussende",2012,8.80222797393799
"Cuanza Sul","Mussende","Mussende",2013,13.7896718978882
"Cuanza Sul","Mussende","Mussende",2014,18.1968536376953
"Cuanza Sul","Mussende","Mussende",2015,11.0105228424072
"Cuanza Sul","Mussende","Mussende",2016,10.2279586791992
"Cuanza Sul","Mussende","Mussende",2017,7.22605609893799
"Cuanza Sul","Mussende","Mussende",2018,4.8038158416748
"Cuanza Sul","Mussende","Mussende",2019,11.8407392501831
"Cuanza Sul","Mussende","Mussende",2020,12.5538816452026
"Cuanza Sul","Mussende","Mussende",2021,14.0639410018921
"Cuanza Sul","Mussende","Mussende",2022,22.2595558166504
"Cuanza Sul","Mussende","Mussende",2023,113.056915283203
"Cuanza Sul","Mussende","Mussende",2024,86.2741928100586
"Cuanza Sul","Mussende","Sao Lucas",2012,0
"Cuanza Sul","Mussende","Sao Lucas",2013,0
"Cuanza Sul","Mussende","Sao Lucas",2014,0
"Cuanza Sul","Mussende","Sao Lucas",2015,0
"Cuanza Sul","Mussende","Sao Lucas",2016,0
"Cuanza Sul","Mussende","Sao Lucas",2017,0
"Cuanza Sul","Mussende","Sao Lucas",2018,0
"Cuanza Sul","Mussende","Sao Lucas",2019,0
"Cuanza Sul","Mussende","Sao Lucas",2020,0
"Cuanza Sul","Mussende","Sao Lucas",2021,0
"Cuanza Sul","Mussende","Sao Lucas",2022,0
"Cuanza Sul","Mussende","Sao Lucas",2023,0
"Cuanza Sul","Mussende","Sao Lucas",2024,0
"Cuanza Sul","Porto Amboim","Kapolo",2012,1.07436001300812
"Cuanza Sul","Porto Amboim","Kapolo",2013,4.33811473846436
"Cuanza Sul","Porto Amboim","Kapolo",2014,6.10134506225586
"Cuanza Sul","Porto Amboim","Kapolo",2015,6.79255390167236
"Cuanza Sul","Porto Amboim","Kapolo",2016,4.09273910522461
"Cuanza Sul","Porto Amboim","Kapolo",2017,3.25524258613586
"Cuanza Sul","Porto Amboim","Kapolo",2018,2.34164714813232
"Cuanza Sul","Porto Amboim","Kapolo",2019,3.4555082321167
"Cuanza Sul","Porto Amboim","Kapolo",2020,3.27889442443848
"Cuanza Sul","Porto Amboim","Kapolo",2021,6.52939319610596
"Cuanza Sul","Porto Amboim","Kapolo",2022,15.1028318405151
"Cuanza Sul","Porto Amboim","Kapolo",2023,16.1038722991943
"Cuanza Sul","Porto Amboim","Kapolo",2024,23.2656936645508
"Cuanza Sul","Porto Amboim","Porto Amboim",2012,1037.03723144531
"Cuanza Sul","Porto Amboim","Porto Amboim",2013,1467.16003417969
"Cuanza Sul","Porto Amboim","Porto Amboim",2014,1790.04040527344
"Cuanza Sul","Porto Amboim","Porto Amboim",2015,1841.25256347656
"Cuanza Sul","Porto Amboim","Porto Amboim",2016,1705.51147460938
"Cuanza Sul","Porto Amboim","Porto Amboim",2017,1761.20141601562
"Cuanza Sul","Porto Amboim","Porto Amboim",2018,1852.00354003906
"Cuanza Sul","Porto Amboim","Porto Amboim",2019,1915.41845703125
"Cuanza Sul","Porto Amboim","Porto Amboim",2020,1691.91333007812
"Cuanza Sul","Porto Amboim","Porto Amboim",2021,1689.76586914062
"Cuanza Sul","Porto Amboim","Porto Amboim",2022,1860.10327148438
"Cuanza Sul","Porto Amboim","Porto Amboim",2023,1712.41674804688
"Cuanza Sul","Porto Amboim","Porto Amboim",2024,1693.66809082031
"Cuanza Sul","Quibala","Kariango",2012,1.97217881679535
"Cuanza Sul","Quibala","Kariango",2013,8.96756267547607
"Cuanza Sul","Quibala","Kariango",2014,7.40151882171631
"Cuanza Sul","Quibala","Kariango",2015,2.02783703804016
"Cuanza Sul","Quibala","Kariango",2016,0
"Cuanza Sul","Quibala","Kariango",2017,0
"Cuanza Sul","Quibala","Kariango",2018,0
"Cuanza Sul","Quibala","Kariango",2019,0
"Cuanza Sul","Quibala","Kariango",2020,0
"Cuanza Sul","Quibala","Kariango",2021,0
"Cuanza Sul","Quibala","Kariango",2022,0
"Cuanza Sul","Quibala","Kariango",2023,0
"Cuanza Sul","Quibala","Kariango",2024,0
"Cuanza Sul","Quibala","Kibala",2012,41.6380615234375
"Cuanza Sul","Quibala","Kibala",2013,41.186637878418
"Cuanza Sul","Quibala","Kibala",2014,40.5427131652832
"Cuanza Sul","Quibala","Kibala",2015,62.5115394592285
"Cuanza Sul","Quibala","Kibala",2016,73.7472381591797
"Cuanza Sul","Quibala","Kibala",2017,104.396278381348
"Cuanza Sul","Quibala","Kibala",2018,99.8933334350586
"Cuanza Sul","Quibala","Kibala",2019,96.8826522827148
"Cuanza Sul","Quibala","Kibala",2020,110.580871582031
"Cuanza Sul","Quibala","Kibala",2021,315.804901123047
"Cuanza Sul","Quibala","Kibala",2022,389.026733398438
"Cuanza Sul","Quibala","Kibala",2023,376.816925048828
"Cuanza Sul","Quibala","Kibala",2024,355.099639892578
"Cuanza Sul","Quibala","Lonhe",2012,0
"Cuanza Sul","Quibala","Lonhe",2013,0
"Cuanza Sul","Quibala","Lonhe",2014,0
"Cuanza Sul","Quibala","Lonhe",2015,0
"Cuanza Sul","Quibala","Lonhe",2016,0
"Cuanza Sul","Quibala","Lonhe",2017,0.584317266941071
"Cuanza Sul","Quibala","Lonhe",2018,1.10605597496033
"Cuanza Sul","Quibala","Lonhe",2019,0
"Cuanza Sul","Quibala","Lonhe",2020,0
"Cuanza Sul","Quibala","Lonhe",2021,0
"Cuanza Sul","Quibala","Lonhe",2022,0
"Cuanza Sul","Quibala","Lonhe",2023,0
"Cuanza Sul","Quibala","Lonhe",2024,0
"Cuanza Sul","Quibala","Ndala Kachimbo",2012,0.543529748916626
"Cuanza Sul","Quibala","Ndala Kachimbo",2013,0
"Cuanza Sul","Quibala","Ndala Kachimbo",2014,0
"Cuanza Sul","Quibala","Ndala Kachimbo",2015,0
"Cuanza Sul","Quibala","Ndala Kachimbo",2016,0
"Cuanza Sul","Quibala","Ndala Kachimbo",2017,2.44027853012085
"Cuanza Sul","Quibala","Ndala Kachimbo",2018,0.536576926708221
"Cuanza Sul","Quibala","Ndala Kachimbo",2019,12.1016216278076
"Cuanza Sul","Quibala","Ndala Kachimbo",2020,7.3493800163269
"Cuanza Sul","Quibala","Ndala Kachimbo",2021,7.66526031494141
"Cuanza Sul","Quibala","Ndala Kachimbo",2022,8.61501789093018
"Cuanza Sul","Quibala","Ndala Kachimbo",2023,7.22565174102783
"Cuanza Sul","Quibala","Ndala Kachimbo",2024,7.70727491378784
"Cuanza Sul","Quilenda","Kilenda",2012,0
"Cuanza Sul","Quilenda","Kilenda",2013,0
"Cuanza Sul","Quilenda","Kilenda",2014,0
"Cuanza Sul","Quilenda","Kilenda",2015,0
"Cuanza Sul","Quilenda","Kilenda",2016,0
"Cuanza Sul","Quilenda","Kilenda",2017,0
"Cuanza Sul","Quilenda","Kilenda",2018,0
"Cuanza Sul","Quilenda","Kilenda",2019,0
"Cuanza Sul","Quilenda","Kilenda",2020,0
"Cuanza Sul","Quilenda","Kilenda",2021,0
"Cuanza Sul","Quilenda","Kilenda",2022,0.415669947862625
"Cuanza Sul","Quilenda","Kilenda",2023,0.384939312934875
"Cuanza Sul","Quilenda","Kilenda",2024,0
"Cuanza Sul","Quilenda","Kirimbo",2012,2.89401364326477
"Cuanza Sul","Quilenda","Kirimbo",2013,3.06291818618774
"Cuanza Sul","Quilenda","Kirimbo",2014,4.65230083465576
"Cuanza Sul","Quilenda","Kirimbo",2015,3.44487690925598
"Cuanza Sul","Quilenda","Kirimbo",2016,1.60659420490265
"Cuanza Sul","Quilenda","Kirimbo",2017,1.31114828586578
"Cuanza Sul","Quilenda","Kirimbo",2018,0
"Cuanza Sul","Quilenda","Kirimbo",2019,27.4733295440674
"Cuanza Sul","Quilenda","Kirimbo",2020,25.9811782836914
"Cuanza Sul","Quilenda","Kirimbo",2021,11.0557107925415
"Cuanza Sul","Quilenda","Kirimbo",2022,16.3209781646729
"Cuanza Sul","Quilenda","Kirimbo",2023,17.4227809906006
"Cuanza Sul","Quilenda","Kirimbo",2024,8.89272117614746
"Cuanza Sul","Seles","Amboiva",2012,2.3752646446228
"Cuanza Sul","Seles","Amboiva",2013,2.67659711837769
"Cuanza Sul","Seles","Amboiva",2014,1.7239978313446
"Cuanza Sul","Seles","Amboiva",2015,0
"Cuanza Sul","Seles","Amboiva",2016,0
"Cuanza Sul","Seles","Amboiva",2017,0
"Cuanza Sul","Seles","Amboiva",2018,0
"Cuanza Sul","Seles","Amboiva",2019,0
"Cuanza Sul","Seles","Amboiva",2020,1.3238000869751
"Cuanza Sul","Seles","Amboiva",2021,1.73887300491333
"Cuanza Sul","Seles","Amboiva",2022,2.5080783367157
"Cuanza Sul","Seles","Amboiva",2023,1.93721389770508
"Cuanza Sul","Seles","Amboiva",2024,0
"Cuanza Sul","Seles","Botera",2012,0
"Cuanza Sul","Seles","Botera",2013,0
"Cuanza Sul","Seles","Botera",2014,0
"Cuanza Sul","Seles","Botera",2015,0
"Cuanza Sul","Seles","Botera",2016,0
"Cuanza Sul","Seles","Botera",2017,0
"Cuanza Sul","Seles","Botera",2018,0
"Cuanza Sul","Seles","Botera",2019,0
"Cuanza Sul","Seles","Botera",2020,0
"Cuanza Sul","Seles","Botera",2021,0
"Cuanza Sul","Seles","Botera",2022,0
"Cuanza Sul","Seles","Botera",2023,0
"Cuanza Sul","Seles","Botera",2024,0
"Cuanza Sul","Seles","Ucu-Seles",2012,22.3327331542969
"Cuanza Sul","Seles","Ucu-Seles",2013,55.9820823669434
"Cuanza Sul","Seles","Ucu-Seles",2014,44.0488891601562
"Cuanza Sul","Seles","Ucu-Seles",2015,11.8233575820923
"Cuanza Sul","Seles","Ucu-Seles",2016,3.69486284255981
"Cuanza Sul","Seles","Ucu-Seles",2017,20.1878604888916
"Cuanza Sul","Seles","Ucu-Seles",2018,26.299711227417
"Cuanza Sul","Seles","Ucu-Seles",2019,4.51323461532593
"Cuanza Sul","Seles","Ucu-Seles",2020,27.3013725280762
"Cuanza Sul","Seles","Ucu-Seles",2021,24.080286026001
"Cuanza Sul","Seles","Ucu-Seles",2022,38.896297454834
"Cuanza Sul","Seles","Ucu-Seles",2023,34.6103286743164
"Cuanza Sul","Seles","Ucu-Seles",2024,24.9615821838379
"Cuanza Sul","Sumbe","Gangula",2012,241.593109130859
"Cuanza Sul","Sumbe","Gangula",2013,218.620574951172
"Cuanza Sul","Sumbe","Gangula",2014,472.639495849609
"Cuanza Sul","Sumbe","Gangula",2015,315.027465820312
"Cuanza Sul","Sumbe","Gangula",2016,258.299346923828
"Cuanza Sul","Sumbe","Gangula",2017,282.890350341797
"Cuanza Sul","Sumbe","Gangula",2018,260.636535644531
"Cuanza Sul","Sumbe","Gangula",2019,258.981079101562
"Cuanza Sul","Sumbe","Gangula",2020,255.233245849609
"Cuanza Sul","Sumbe","Gangula",2021,272.443084716797
"Cuanza Sul","Sumbe","Gangula",2022,309.400695800781
"Cuanza Sul","Sumbe","Gangula",2023,275.043212890625
"Cuanza Sul","Sumbe","Gangula",2024,301.612274169922
"Cuanza Sul","Sumbe","Gungo",2012,0
"Cuanza Sul","Sumbe","Gungo",2013,0
"Cuanza Sul","Sumbe","Gungo",2014,0
"Cuanza Sul","Sumbe","Gungo",2015,0
"Cuanza Sul","Sumbe","Gungo",2016,0
"Cuanza Sul","Sumbe","Gungo",2017,0
"Cuanza Sul","Sumbe","Gungo",2018,0
"Cuanza Sul","Sumbe","Gungo",2019,0
"Cuanza Sul","Sumbe","Gungo",2020,0
"Cuanza Sul","Sumbe","Gungo",2021,0
"Cuanza Sul","Sumbe","Gungo",2022,0
"Cuanza Sul","Sumbe","Gungo",2023,0
"Cuanza Sul","Sumbe","Gungo",2024,0.503667294979095
"Cuanza Sul","Sumbe","Kikombo",2012,5.17495203018188
"Cuanza Sul","Sumbe","Kikombo",2013,24.7719688415527
"Cuanza Sul","Sumbe","Kikombo",2014,18.7377643585205
"Cuanza Sul","Sumbe","Kikombo",2015,11.3261480331421
"Cuanza Sul","Sumbe","Kikombo",2016,17.0358486175537
"Cuanza Sul","Sumbe","Kikombo",2017,37.4651832580566
"Cuanza Sul","Sumbe","Kikombo",2018,31.6309852600098
"Cuanza Sul","Sumbe","Kikombo",2019,27.4801731109619
"Cuanza Sul","Sumbe","Kikombo",2020,25.3381519317627
"Cuanza Sul","Sumbe","Kikombo",2021,31.0681419372559
"Cuanza Sul","Sumbe","Kikombo",2022,24.2486476898193
"Cuanza Sul","Sumbe","Kikombo",2023,38.6410217285156
"Cuanza Sul","Sumbe","Kikombo",2024,42.5148658752441
"Cuanza Sul","Sumbe","Sumbe",2012,1842.78881835938
"Cuanza Sul","Sumbe","Sumbe",2013,2180.17651367188
"Cuanza Sul","Sumbe","Sumbe",2014,2465.4306640625
"Cuanza Sul","Sumbe","Sumbe",2015,2921.509765625
"Cuanza Sul","Sumbe","Sumbe",2016,2842.28247070312
"Cuanza Sul","Sumbe","Sumbe",2017,2967.60620117188
"Cuanza Sul","Sumbe","Sumbe",2018,3391.162109375
"Cuanza Sul","Sumbe","Sumbe",2019,3531.236328125
"Cuanza Sul","Sumbe","Sumbe",2020,3704.29663085938
"Cuanza Sul","Sumbe","Sumbe",2021,3866.65234375
"Cuanza Sul","Sumbe","Sumbe",2022,3564.54052734375
"Cuanza Sul","Sumbe","Sumbe",2023,3623.54443359375
"Cuanza Sul","Sumbe","Sumbe",2024,3782.00903320312
"Cuanza Sul","Waku Kungo","Kissanga Kungo",2012,120.18041229248
"Cuanza Sul","Waku Kungo","Kissanga Kungo",2013,112.708717346191
"Cuanza Sul","Waku Kungo","Kissanga Kungo",2014,87.7137222290039
"Cuanza Sul","Waku Kungo","Kissanga Kungo",2015,65.707878112793
"Cuanza Sul","Waku Kungo","Kissanga Kungo",2016,13.6082344055176
"Cuanza Sul","Waku Kungo","Kissanga Kungo",2017,8.52285766601562
"Cuanza Sul","Waku Kungo","Kissanga Kungo",2018,3.47388505935669
"Cuanza Sul","Waku Kungo","Kissanga Kungo",2019,68.0688781738281
"Cuanza Sul","Waku Kungo","Kissanga Kungo",2020,74.9996871948242
"Cuanza Sul","Waku Kungo","Kissanga Kungo",2021,114.14372253418
"Cuanza Sul","Waku Kungo","Kissanga Kungo",2022,115.927055358887
"Cuanza Sul","Waku Kungo","Kissanga Kungo",2023,116.429664611816
"Cuanza Sul","Waku Kungo","Kissanga Kungo",2024,104.207481384277
"Cuanza Sul","Waku Kungo","Sanga",2012,1.73911416530609
"Cuanza Sul","Waku Kungo","Sanga",2013,1.40346097946167
"Cuanza Sul","Waku Kungo","Sanga",2014,1.91081428527832
"Cuanza Sul","Waku Kungo","Sanga",2015,4.28690910339355
"Cuanza Sul","Waku Kungo","Sanga",2016,2.70540261268616
"Cuanza Sul","Waku Kungo","Sanga",2017,2.35024213790894
"Cuanza Sul","Waku Kungo","Sanga",2018,1.74709141254425
"Cuanza Sul","Waku Kungo","Sanga",2019,1.69664967060089
"Cuanza Sul","Waku Kungo","Sanga",2020,2.74282312393188
"Cuanza Sul","Waku Kungo","Sanga",2021,2.30331826210022
"Cuanza Sul","Waku Kungo","Sanga",2022,1.09731960296631
"Cuanza Sul","Waku Kungo","Sanga",2023,2.01910519599915
"Cuanza Sul","Waku Kungo","Sanga",2024,4.82206583023071
"Cuanza Sul","Waku Kungo","Waco Kungo",2012,111.849708557129
"Cuanza Sul","Waku Kungo","Waco Kungo",2013,187.274993896484
"Cuanza Sul","Waku Kungo","Waco Kungo",2014,164.650238037109
"Cuanza Sul","Waku Kungo","Waco Kungo",2015,137.950744628906
"Cuanza Sul","Waku Kungo","Waco Kungo",2016,94.5646667480469
"Cuanza Sul","Waku Kungo","Waco Kungo",2017,61.7675819396973
"Cuanza Sul","Waku Kungo","Waco Kungo",2018,55.0772018432617
"Cuanza Sul","Waku Kungo","Waco Kungo",2019,397.513214111328
"Cuanza Sul","Waku Kungo","Waco Kungo",2020,468.215545654297
"Cuanza Sul","Waku Kungo","Waco Kungo",2021,677.147094726562
"Cuanza Sul","Waku Kungo","Waco Kungo",2022,634.669860839844
"Cuanza Sul","Waku Kungo","Waco Kungo",2023,699.984008789062
"Cuanza Sul","Waku Kungo","Waco Kungo",2024,725.082397460938
"Cunene","Cahama","Kahama",2012,2.54349851608276
"Cunene","Cahama","Kahama",2013,2.93042016029358
"Cunene","Cahama","Kahama",2014,3.562744140625
"Cunene","Cahama","Kahama",2015,4.5014500617981
"Cunene","Cahama","Kahama",2016,0
"Cunene","Cahama","Kahama",2017,0
"Cunene","Cahama","Kahama",2018,0
"Cunene","Cahama","Kahama",2019,0
"Cunene","Cahama","Kahama",2020,0
"Cunene","Cahama","Kahama",2021,0
"Cunene","Cahama","Kahama",2022,0
"Cunene","Cahama","Kahama",2023,0
"Cunene","Cahama","Kahama",2024,40.5116691589355
"Cunene","Cahama","Otchinjau",2012,0
"Cunene","Cahama","Otchinjau",2013,0
"Cunene","Cahama","Otchinjau",2014,0
"Cunene","Cahama","Otchinjau",2015,0
"Cunene","Cahama","Otchinjau",2016,0
"Cunene","Cahama","Otchinjau",2017,0
"Cunene","Cahama","Otchinjau",2018,0
"Cunene","Cahama","Otchinjau",2019,0
"Cunene","Cahama","Otchinjau",2020,0
"Cunene","Cahama","Otchinjau",2021,0
"Cunene","Cahama","Otchinjau",2022,0
"Cunene","Cahama","Otchinjau",2023,0
"Cunene","Cahama","Otchinjau",2024,0
"Cunene","Cuanhama","Evale",2012,0
"Cunene","Cuanhama","Evale",2013,0
"Cunene","Cuanhama","Evale",2014,0
"Cunene","Cuanhama","Evale",2015,0
"Cunene","Cuanhama","Evale",2016,0
"Cunene","Cuanhama","Evale",2017,0
"Cunene","Cuanhama","Evale",2018,0.505060911178589
"Cunene","Cuanhama","Evale",2019,0
"Cunene","Cuanhama","Evale",2020,0
"Cunene","Cuanhama","Evale",2021,0
"Cunene","Cuanhama","Evale",2022,0.502362906932831
"Cunene","Cuanhama","Evale",2023,0
"Cunene","Cuanhama","Evale",2024,0
"Cunene","Cuanhama","Kafima",2012,0
"Cunene","Cuanhama","Kafima",2013,0
"Cunene","Cuanhama","Kafima",2014,0
"Cunene","Cuanhama","Kafima",2015,0
"Cunene","Cuanhama","Kafima",2016,0
"Cunene","Cuanhama","Kafima",2017,0
"Cunene","Cuanhama","Kafima",2018,0
"Cunene","Cuanhama","Kafima",2019,0
"Cunene","Cuanhama","Kafima",2020,0
"Cunene","Cuanhama","Kafima",2021,0
"Cunene","Cuanhama","Kafima",2022,0
"Cunene","Cuanhama","Kafima",2023,0
"Cunene","Cuanhama","Kafima",2024,0
"Cunene","Cuanhama","Mongua",2012,0
"Cunene","Cuanhama","Mongua",2013,2.91740322113037
"Cunene","Cuanhama","Mongua",2014,0.988926827907562
"Cunene","Cuanhama","Mongua",2015,1.89116644859314
"Cunene","Cuanhama","Mongua",2016,0
"Cunene","Cuanhama","Mongua",2017,0
"Cunene","Cuanhama","Mongua",2018,0
"Cunene","Cuanhama","Mongua",2019,0
"Cunene","Cuanhama","Mongua",2020,0
"Cunene","Cuanhama","Mongua",2021,2.82502102851868
"Cunene","Cuanhama","Mongua",2022,2.1647629737854
"Cunene","Cuanhama","Mongua",2023,1.47544002532959
"Cunene","Cuanhama","Mongua",2024,2.73738574981689
"Cunene","Cuanhama","Onjiva",2012,1336.25207519531
"Cunene","Cuanhama","Onjiva",2013,1736.63989257812
"Cunene","Cuanhama","Onjiva",2014,3389.00561523438
"Cunene","Cuanhama","Onjiva",2015,3935.8837890625
"Cunene","Cuanhama","Onjiva",2016,4159.35791015625
"Cunene","Cuanhama","Onjiva",2017,3624.27465820312
"Cunene","Cuanhama","Onjiva",2018,3156.85278320312
"Cunene","Cuanhama","Onjiva",2019,3301.60229492188
"Cunene","Cuanhama","Onjiva",2020,2935.29321289062
"Cunene","Cuanhama","Onjiva",2021,2890.11596679688
"Cunene","Cuanhama","Onjiva",2022,3386.18310546875
"Cunene","Cuanhama","Onjiva",2023,3671.93432617188
"Cunene","Cuanhama","Onjiva",2024,3619.32641601562
"Cunene","Cuanhama","Oximolo",2012,0
"Cunene","Cuanhama","Oximolo",2013,0
"Cunene","Cuanhama","Oximolo",2014,0
"Cunene","Cuanhama","Oximolo",2015,0
"Cunene","Cuanhama","Oximolo",2016,0
"Cunene","Cuanhama","Oximolo",2017,0
"Cunene","Cuanhama","Oximolo",2018,0
"Cunene","Cuanhama","Oximolo",2019,0
"Cunene","Cuanhama","Oximolo",2020,0
"Cunene","Cuanhama","Oximolo",2021,0
"Cunene","Cuanhama","Oximolo",2022,0
"Cunene","Cuanhama","Oximolo",2023,0
"Cunene","Cuanhama","Oximolo",2024,0
"Cunene","Curoca","Chitado",2012,67.1587295532227
"Cunene","Curoca","Chitado",2013,103.172622680664
"Cunene","Curoca","Chitado",2014,134.793930053711
"Cunene","Curoca","Chitado",2015,121.204231262207
"Cunene","Curoca","Chitado",2016,125.345695495605
"Cunene","Curoca","Chitado",2017,102.061668395996
"Cunene","Curoca","Chitado",2018,101.291007995605
"Cunene","Curoca","Chitado",2019,91.8673782348633
"Cunene","Curoca","Chitado",2020,83.8333969116211
"Cunene","Curoca","Chitado",2021,82.5138473510742
"Cunene","Curoca","Chitado",2022,96.6926803588867
"Cunene","Curoca","Chitado",2023,92.7509536743164
"Cunene","Curoca","Chitado",2024,92.7730560302734
"Cunene","Curoca","Onkokwa",2012,0
"Cunene","Curoca","Onkokwa",2013,0
"Cunene","Curoca","Onkokwa",2014,0
"Cunene","Curoca","Onkokwa",2015,0
"Cunene","Curoca","Onkokwa",2016,0
"Cunene","Curoca","Onkokwa",2017,0
"Cunene","Curoca","Onkokwa",2018,0
"Cunene","Curoca","Onkokwa",2019,0
"Cunene","Curoca","Onkokwa",2020,0
"Cunene","Curoca","Onkokwa",2021,0
"Cunene","Curoca","Onkokwa",2022,0
"Cunene","Curoca","Onkokwa",2023,0
"Cunene","Curoca","Onkokwa",2024,0
"Cunene","Cuvelai","Kalonga",2012,0
"Cunene","Cuvelai","Kalonga",2013,0
"Cunene","Cuvelai","Kalonga",2014,0
"Cunene","Cuvelai","Kalonga",2015,0
"Cunene","Cuvelai","Kalonga",2016,1.12789118289948
"Cunene","Cuvelai","Kalonga",2017,0
"Cunene","Cuvelai","Kalonga",2018,0
"Cunene","Cuvelai","Kalonga",2019,0.511201143264771
"Cunene","Cuvelai","Kalonga",2020,0.582158446311951
"Cunene","Cuvelai","Kalonga",2021,1.73256134986877
"Cunene","Cuvelai","Kalonga",2022,0
"Cunene","Cuvelai","Kalonga",2023,1.58787763118744
"Cunene","Cuvelai","Kalonga",2024,0
"Cunene","Cuvelai","Kuvati",2012,0
"Cunene","Cuvelai","Kuvati",2013,0
"Cunene","Cuvelai","Kuvati",2014,0
"Cunene","Cuvelai","Kuvati",2015,0
"Cunene","Cuvelai","Kuvati",2016,0
"Cunene","Cuvelai","Kuvati",2017,0
"Cunene","Cuvelai","Kuvati",2018,0
"Cunene","Cuvelai","Kuvati",2019,0
"Cunene","Cuvelai","Kuvati",2020,0
"Cunene","Cuvelai","Kuvati",2021,0
"Cunene","Cuvelai","Kuvati",2022,0
"Cunene","Cuvelai","Kuvati",2023,0.506455659866333
"Cunene","Cuvelai","Kuvati",2024,5.5512433052063
"Cunene","Cuvelai","Kuvelai",2012,14.0107259750366
"Cunene","Cuvelai","Kuvelai",2013,18.1519718170166
"Cunene","Cuvelai","Kuvelai",2014,14.9946479797363
"Cunene","Cuvelai","Kuvelai",2015,0
"Cunene","Cuvelai","Kuvelai",2016,0
"Cunene","Cuvelai","Kuvelai",2017,0
"Cunene","Cuvelai","Kuvelai",2018,0.568259418010712
"Cunene","Cuvelai","Kuvelai",2019,0
"Cunene","Cuvelai","Kuvelai",2020,0
"Cunene","Cuvelai","Kuvelai",2021,5.23714780807495
"Cunene","Cuvelai","Kuvelai",2022,27.5168228149414
"Cunene","Cuvelai","Kuvelai",2023,110.400856018066
"Cunene","Cuvelai","Kuvelai",2024,128.491836547852
"Cunene","Cuvelai","Mupa",2012,2.00684690475464
"Cunene","Cuvelai","Mupa",2013,5.19892883300781
"Cunene","Cuvelai","Mupa",2014,4.49524354934692
"Cunene","Cuvelai","Mupa",2015,1.86523199081421
"Cunene","Cuvelai","Mupa",2016,1.26540994644165
"Cunene","Cuvelai","Mupa",2017,0
"Cunene","Cuvelai","Mupa",2018,0
"Cunene","Cuvelai","Mupa",2019,0
"Cunene","Cuvelai","Mupa",2020,0
"Cunene","Cuvelai","Mupa",2021,0
"Cunene","Cuvelai","Mupa",2022,0.562132060527802
"Cunene","Cuvelai","Mupa",2023,0
"Cunene","Cuvelai","Mupa",2024,0
"Cunene","Namakunde","Namakunde",2012,1035.15295410156
"Cunene","Namakunde","Namakunde",2013,1663.98071289062
"Cunene","Namakunde","Namakunde",2014,946.874389648438
"Cunene","Namakunde","Namakunde",2015,878.565612792969
"Cunene","Namakunde","Namakunde",2016,969.591918945312
"Cunene","Namakunde","Namakunde",2017,781.397094726562
"Cunene","Namakunde","Namakunde",2018,728.126220703125
"Cunene","Namakunde","Namakunde",2019,840.071899414062
"Cunene","Namakunde","Namakunde",2020,670.171936035156
"Cunene","Namakunde","Namakunde",2021,581.851379394531
"Cunene","Namakunde","Namakunde",2022,818.019104003906
"Cunene","Namakunde","Namakunde",2023,917.196105957031
"Cunene","Namakunde","Namakunde",2024,885.661865234375
"Cunene","Namakunde","Shiede",2012,0
"Cunene","Namakunde","Shiede",2013,0
"Cunene","Namakunde","Shiede",2014,0
"Cunene","Namakunde","Shiede",2015,0
"Cunene","Namakunde","Shiede",2016,0
"Cunene","Namakunde","Shiede",2017,0
"Cunene","Namakunde","Shiede",2018,0
"Cunene","Namakunde","Shiede",2019,0
"Cunene","Namakunde","Shiede",2020,0
"Cunene","Namakunde","Shiede",2021,0
"Cunene","Namakunde","Shiede",2022,0
"Cunene","Namakunde","Shiede",2023,0
"Cunene","Namakunde","Shiede",2024,0
"Cunene","Ombadja","Humbe",2012,0
"Cunene","Ombadja","Humbe",2013,0
"Cunene","Ombadja","Humbe",2014,0
"Cunene","Ombadja","Humbe",2015,0
"Cunene","Ombadja","Humbe",2016,0
"Cunene","Ombadja","Humbe",2017,0
"Cunene","Ombadja","Humbe",2018,0
"Cunene","Ombadja","Humbe",2019,0
"Cunene","Ombadja","Humbe",2020,0
"Cunene","Ombadja","Humbe",2021,0
"Cunene","Ombadja","Humbe",2022,0
"Cunene","Ombadja","Humbe",2023,0
"Cunene","Ombadja","Humbe",2024,0
"Cunene","Ombadja","Mukope",2012,0
"Cunene","Ombadja","Mukope",2013,0
"Cunene","Ombadja","Mukope",2014,2.94902300834656
"Cunene","Ombadja","Mukope",2015,2.09683442115784
"Cunene","Ombadja","Mukope",2016,0
"Cunene","Ombadja","Mukope",2017,0
"Cunene","Ombadja","Mukope",2018,0
"Cunene","Ombadja","Mukope",2019,0
"Cunene","Ombadja","Mukope",2020,0
"Cunene","Ombadja","Mukope",2021,17.1900520324707
"Cunene","Ombadja","Mukope",2022,14.9901657104492
"Cunene","Ombadja","Mukope",2023,12.2154111862183
"Cunene","Ombadja","Mukope",2024,10.7627372741699
"Cunene","Ombadja","Naulila",2012,0.775501906871796
"Cunene","Ombadja","Naulila",2013,1.4042671918869
"Cunene","Ombadja","Naulila",2014,1.38496375083923
"Cunene","Ombadja","Naulila",2015,6.20559883117676
"Cunene","Ombadja","Naulila",2016,4.52686452865601
"Cunene","Ombadja","Naulila",2017,2.1217577457428
"Cunene","Ombadja","Naulila",2018,1.15015459060669
"Cunene","Ombadja","Naulila",2019,0.840086400508881
"Cunene","Ombadja","Naulila",2020,1.49658012390137
"Cunene","Ombadja","Naulila",2021,1.77528381347656
"Cunene","Ombadja","Naulila",2022,3.39811611175537
"Cunene","Ombadja","Naulila",2023,6.77859544754028
"Cunene","Ombadja","Naulila",2024,4.62441682815552
"Cunene","Ombadja","Ombala yo Mungu",2012,0
"Cunene","Ombadja","Ombala yo Mungu",2013,0.294820159673691
"Cunene","Ombadja","Ombala yo Mungu",2014,0.378820687532425
"Cunene","Ombadja","Ombala yo Mungu",2015,4.68452739715576
"Cunene","Ombadja","Ombala yo Mungu",2016,5.08812236785889
"Cunene","Ombadja","Ombala yo Mungu",2017,3.53358387947083
"Cunene","Ombadja","Ombala yo Mungu",2018,4.67723035812378
"Cunene","Ombadja","Ombala yo Mungu",2019,5.05498600006104
"Cunene","Ombadja","Ombala yo Mungu",2020,1.64357399940491
"Cunene","Ombadja","Ombala yo Mungu",2021,1.59822595119476
"Cunene","Ombadja","Ombala yo Mungu",2022,1.37143206596375
"Cunene","Ombadja","Ombala yo Mungu",2023,0.330213725566864
"Cunene","Ombadja","Ombala yo Mungu",2024,0.374909788370132
"Cunene","Ombadja","Xangongo",2012,32.969799041748
"Cunene","Ombadja","Xangongo",2013,20.384407043457
"Cunene","Ombadja","Xangongo",2014,87.5622940063477
"Cunene","Ombadja","Xangongo",2015,274.306549072266
"Cunene","Ombadja","Xangongo",2016,330.012664794922
"Cunene","Ombadja","Xangongo",2017,325.093933105469
"Cunene","Ombadja","Xangongo",2018,241.877670288086
"Cunene","Ombadja","Xangongo",2019,270.998229980469
"Cunene","Ombadja","Xangongo",2020,328.100036621094
"Cunene","Ombadja","Xangongo",2021,328.574523925781
"Cunene","Ombadja","Xangongo",2022,377.383331298828
"Cunene","Ombadja","Xangongo",2023,412.039764404297
"Cunene","Ombadja","Xangongo",2024,416.934661865234
"Huambo","Bailundo","Bailundo",2012,13.0139875411987
"Huambo","Bailundo","Bailundo",2013,35.2605934143066
"Huambo","Bailundo","Bailundo",2014,71.4727020263672
"Huambo","Bailundo","Bailundo",2015,85.8887786865234
"Huambo","Bailundo","Bailundo",2016,43.1810302734375
"Huambo","Bailundo","Bailundo",2017,53.8620681762695
"Huambo","Bailundo","Bailundo",2018,56.3685760498047
"Huambo","Bailundo","Bailundo",2019,41.3069801330566
"Huambo","Bailundo","Bailundo",2020,56.856689453125
"Huambo","Bailundo","Bailundo",2021,77.8415069580078
"Huambo","Bailundo","Bailundo",2022,533.972534179688
"Huambo","Bailundo","Bailundo",2023,477.681945800781
"Huambo","Bailundo","Bailundo",2024,588.041625976562
"Huambo","Bailundo","Bimbe",2012,0
"Huambo","Bailundo","Bimbe",2013,0
"Huambo","Bailundo","Bimbe",2014,0
"Huambo","Bailundo","Bimbe",2015,0
"Huambo","Bailundo","Bimbe",2016,0
"Huambo","Bailundo","Bimbe",2017,0
"Huambo","Bailundo","Bimbe",2018,0
"Huambo","Bailundo","Bimbe",2019,0
"Huambo","Bailundo","Bimbe",2020,0
"Huambo","Bailundo","Bimbe",2021,0
"Huambo","Bailundo","Bimbe",2022,0
"Huambo","Bailundo","Bimbe",2023,0
"Huambo","Bailundo","Bimbe",2024,0
"Huambo","Bailundo","Hengue",2012,0
"Huambo","Bailundo","Hengue",2013,0
"Huambo","Bailundo","Hengue",2014,0
"Huambo","Bailundo","Hengue",2015,0
"Huambo","Bailundo","Hengue",2016,0
"Huambo","Bailundo","Hengue",2017,0
"Huambo","Bailundo","Hengue",2018,0
"Huambo","Bailundo","Hengue",2019,0
"Huambo","Bailundo","Hengue",2020,0
"Huambo","Bailundo","Hengue",2021,0
"Huambo","Bailundo","Hengue",2022,0
"Huambo","Bailundo","Hengue",2023,0
"Huambo","Bailundo","Hengue",2024,0
"Huambo","Bailundo","Lunge",2012,0
"Huambo","Bailundo","Lunge",2013,0
"Huambo","Bailundo","Lunge",2014,0
"Huambo","Bailundo","Lunge",2015,0
"Huambo","Bailundo","Lunge",2016,1.11750268936157
"Huambo","Bailundo","Lunge",2017,3.85949563980103
"Huambo","Bailundo","Lunge",2018,24.5756435394287
"Huambo","Bailundo","Lunge",2019,55.7877578735352
"Huambo","Bailundo","Lunge",2020,32.6193923950195
"Huambo","Bailundo","Lunge",2021,20.8963470458984
"Huambo","Bailundo","Lunge",2022,11.8488912582397
"Huambo","Bailundo","Lunge",2023,5.12798690795898
"Huambo","Bailundo","Lunge",2024,2.2368175983429
"Huambo","Bailundo","Luvemba",2012,0
"Huambo","Bailundo","Luvemba",2013,0
"Huambo","Bailundo","Luvemba",2014,0
"Huambo","Bailundo","Luvemba",2015,0
"Huambo","Bailundo","Luvemba",2016,0
"Huambo","Bailundo","Luvemba",2017,0
"Huambo","Bailundo","Luvemba",2018,0
"Huambo","Bailundo","Luvemba",2019,0
"Huambo","Bailundo","Luvemba",2020,0
"Huambo","Bailundo","Luvemba",2021,0
"Huambo","Bailundo","Luvemba",2022,0
"Huambo","Bailundo","Luvemba",2023,0
"Huambo","Bailundo","Luvemba",2024,0
"Huambo","Catchiungo","Chinhama",2012,0
"Huambo","Catchiungo","Chinhama",2013,0
"Huambo","Catchiungo","Chinhama",2014,0
"Huambo","Catchiungo","Chinhama",2015,0
"Huambo","Catchiungo","Chinhama",2016,0
"Huambo","Catchiungo","Chinhama",2017,0
"Huambo","Catchiungo","Chinhama",2018,0
"Huambo","Catchiungo","Chinhama",2019,0
"Huambo","Catchiungo","Chinhama",2020,0
"Huambo","Catchiungo","Chinhama",2021,0
"Huambo","Catchiungo","Chinhama",2022,0
"Huambo","Catchiungo","Chinhama",2023,0
"Huambo","Catchiungo","Chinhama",2024,0
"Huambo","Catchiungo","Chiumbo",2012,0
"Huambo","Catchiungo","Chiumbo",2013,0
"Huambo","Catchiungo","Chiumbo",2014,0
"Huambo","Catchiungo","Chiumbo",2015,0
"Huambo","Catchiungo","Chiumbo",2016,0
"Huambo","Catchiungo","Chiumbo",2017,0
"Huambo","Catchiungo","Chiumbo",2018,1.90280997753143
"Huambo","Catchiungo","Chiumbo",2019,30.5315628051758
"Huambo","Catchiungo","Chiumbo",2020,13.8148527145386
"Huambo","Catchiungo","Chiumbo",2021,6.47670555114746
"Huambo","Catchiungo","Chiumbo",2022,2.87942028045654
"Huambo","Catchiungo","Chiumbo",2023,0
"Huambo","Catchiungo","Chiumbo",2024,0
"Huambo","Catchiungo","Kachiungo",2012,0.583343207836151
"Huambo","Catchiungo","Kachiungo",2013,7.02014017105103
"Huambo","Catchiungo","Kachiungo",2014,13.7835502624512
"Huambo","Catchiungo","Kachiungo",2015,1.38959646224976
"Huambo","Catchiungo","Kachiungo",2016,0.606566965579987
"Huambo","Catchiungo","Kachiungo",2017,39.8935089111328
"Huambo","Catchiungo","Kachiungo",2018,10.6578512191772
"Huambo","Catchiungo","Kachiungo",2019,7.37855863571167
"Huambo","Catchiungo","Kachiungo",2020,12.602484703064
"Huambo","Catchiungo","Kachiungo",2021,16.5351486206055
"Huambo","Catchiungo","Kachiungo",2022,37.9681015014648
"Huambo","Catchiungo","Kachiungo",2023,38.1198387145996
"Huambo","Catchiungo","Kachiungo",2024,22.6199073791504
"Huambo","Caála","Kaala",2012,314.453735351562
"Huambo","Caála","Kaala",2013,700.6708984375
"Huambo","Caála","Kaala",2014,710.564208984375
"Huambo","Caála","Kaala",2015,739.68212890625
"Huambo","Caála","Kaala",2016,671.318115234375
"Huambo","Caála","Kaala",2017,622.463745117188
"Huambo","Caála","Kaala",2018,550.383056640625
"Huambo","Caála","Kaala",2019,722.041870117188
"Huambo","Caála","Kaala",2020,1267.6953125
"Huambo","Caála","Kaala",2021,1547.900390625
"Huambo","Caála","Kaala",2022,1596.13623046875
"Huambo","Caála","Kaala",2023,1563.39074707031
"Huambo","Caála","Kaala",2024,1579.64038085938
"Huambo","Caála","Kalenga",2012,7.15351057052612
"Huambo","Caála","Kalenga",2013,2.99064111709595
"Huambo","Caála","Kalenga",2014,2.11050462722778
"Huambo","Caála","Kalenga",2015,0.364726006984711
"Huambo","Caála","Kalenga",2016,2.02737140655518
"Huambo","Caála","Kalenga",2017,1.24897384643555
"Huambo","Caála","Kalenga",2018,0.868499398231506
"Huambo","Caála","Kalenga",2019,0.109029516577721
"Huambo","Caála","Kalenga",2020,0.0906826853752136
"Huambo","Caála","Kalenga",2021,0.491274565458298
"Huambo","Caála","Kalenga",2022,80.1986389160156
"Huambo","Caála","Kalenga",2023,101.500015258789
"Huambo","Caála","Kalenga",2024,77.8245162963867
"Huambo","Caála","Kalima",2012,289.216522216797
"Huambo","Caála","Kalima",2013,253.805160522461
"Huambo","Caála","Kalima",2014,238.158111572266
"Huambo","Caála","Kalima",2015,150.696640014648
"Huambo","Caála","Kalima",2016,140.070816040039
"Huambo","Caála","Kalima",2017,111.071884155273
"Huambo","Caála","Kalima",2018,80.4682769775391
"Huambo","Caála","Kalima",2019,70.9052734375
"Huambo","Caála","Kalima",2020,81.3505096435547
"Huambo","Caála","Kalima",2021,67.1042022705078
"Huambo","Caála","Kalima",2022,64.3047943115234
"Huambo","Caála","Kalima",2023,60.674430847168
"Huambo","Caála","Kalima",2024,67.5977172851562
"Huambo","Caála","Katata",2012,0
"Huambo","Caála","Katata",2013,0
"Huambo","Caála","Katata",2014,0
"Huambo","Caála","Katata",2015,0
"Huambo","Caála","Katata",2016,0
"Huambo","Caála","Katata",2017,0
"Huambo","Caála","Katata",2018,3.27863502502441
"Huambo","Caála","Katata",2019,4.58637619018555
"Huambo","Caála","Katata",2020,1.87720382213593
"Huambo","Caála","Katata",2021,1.72311639785767
"Huambo","Caála","Katata",2022,1.62127065658569
"Huambo","Caála","Katata",2023,0
"Huambo","Caála","Katata",2024,0
"Huambo","Ekunha","Ekunha",2012,0
"Huambo","Ekunha","Ekunha",2013,0
"Huambo","Ekunha","Ekunha",2014,3.72722053527832
"Huambo","Ekunha","Ekunha",2015,0.582622110843658
"Huambo","Ekunha","Ekunha",2016,4.39447975158691
"Huambo","Ekunha","Ekunha",2017,1.90756499767303
"Huambo","Ekunha","Ekunha",2018,0
"Huambo","Ekunha","Ekunha",2019,0
"Huambo","Ekunha","Ekunha",2020,0
"Huambo","Ekunha","Ekunha",2021,0
"Huambo","Ekunha","Ekunha",2022,2.97547769546509
"Huambo","Ekunha","Ekunha",2023,0
"Huambo","Ekunha","Ekunha",2024,86.605827331543
"Huambo","Ekunha","Tchipeio",2012,0
"Huambo","Ekunha","Tchipeio",2013,0
"Huambo","Ekunha","Tchipeio",2014,0
"Huambo","Ekunha","Tchipeio",2015,0
"Huambo","Ekunha","Tchipeio",2016,0
"Huambo","Ekunha","Tchipeio",2017,0
"Huambo","Ekunha","Tchipeio",2018,0
"Huambo","Ekunha","Tchipeio",2019,0
"Huambo","Ekunha","Tchipeio",2020,0
"Huambo","Ekunha","Tchipeio",2021,0
"Huambo","Ekunha","Tchipeio",2022,0
"Huambo","Ekunha","Tchipeio",2023,0
"Huambo","Ekunha","Tchipeio",2024,0
"Huambo","Huambo","Chipipa",2012,0
"Huambo","Huambo","Chipipa",2013,3.15398383140564
"Huambo","Huambo","Chipipa",2014,0.554861724376678
"Huambo","Huambo","Chipipa",2015,0
"Huambo","Huambo","Chipipa",2016,0.500932216644287
"Huambo","Huambo","Chipipa",2017,0
"Huambo","Huambo","Chipipa",2018,0
"Huambo","Huambo","Chipipa",2019,0
"Huambo","Huambo","Chipipa",2020,0
"Huambo","Huambo","Chipipa",2021,3.03408145904541
"Huambo","Huambo","Chipipa",2022,2.53233480453491
"Huambo","Huambo","Chipipa",2023,0
"Huambo","Huambo","Chipipa",2024,0
"Huambo","Huambo","Huambo",2012,3361.63330078125
"Huambo","Huambo","Huambo",2013,4121.3447265625
"Huambo","Huambo","Huambo",2014,4398.17919921875
"Huambo","Huambo","Huambo",2015,4606.2890625
"Huambo","Huambo","Huambo",2016,4019.98510742188
"Huambo","Huambo","Huambo",2017,4528.24267578125
"Huambo","Huambo","Huambo",2018,5636.06494140625
"Huambo","Huambo","Huambo",2019,6475.208984375
"Huambo","Huambo","Huambo",2020,5996.18359375
"Huambo","Huambo","Huambo",2021,5774.2294921875
"Huambo","Huambo","Huambo",2022,5692.7177734375
"Huambo","Huambo","Huambo",2023,5554.64599609375
"Huambo","Huambo","Huambo",2024,6176.93017578125
"Huambo","Huambo","Kalima",2012,61.526554107666
"Huambo","Huambo","Kalima",2013,277.991363525391
"Huambo","Huambo","Kalima",2014,352.195587158203
"Huambo","Huambo","Kalima",2015,263.449340820312
"Huambo","Huambo","Kalima",2016,365.120758056641
"Huambo","Huambo","Kalima",2017,1044.73608398438
"Huambo","Huambo","Kalima",2018,1033.91918945312
"Huambo","Huambo","Kalima",2019,1188.43688964844
"Huambo","Huambo","Kalima",2020,1134.9560546875
"Huambo","Huambo","Kalima",2021,1092.60327148438
"Huambo","Huambo","Kalima",2022,1116.11352539062
"Huambo","Huambo","Kalima",2023,1100.34680175781
"Huambo","Huambo","Kalima",2024,1148.07116699219
"Huambo","Londuimbale","Alto Uama",2012,1.54152810573578
"Huambo","Londuimbale","Alto Uama",2013,12.2315368652344
"Huambo","Londuimbale","Alto Uama",2014,21.8892459869385
"Huambo","Londuimbale","Alto Uama",2015,8.59805774688721
"Huambo","Londuimbale","Alto Uama",2016,4.54031562805176
"Huambo","Londuimbale","Alto Uama",2017,0
"Huambo","Londuimbale","Alto Uama",2018,0
"Huambo","Londuimbale","Alto Uama",2019,0
"Huambo","Londuimbale","Alto Uama",2020,6.64442920684814
"Huambo","Londuimbale","Alto Uama",2021,0.525075018405914
"Huambo","Londuimbale","Alto Uama",2022,6.60726118087769
"Huambo","Londuimbale","Alto Uama",2023,3.80561447143555
"Huambo","Londuimbale","Alto Uama",2024,2.77463126182556
"Huambo","Londuimbale","Galanga",2012,0
"Huambo","Londuimbale","Galanga",2013,0
"Huambo","Londuimbale","Galanga",2014,0
"Huambo","Londuimbale","Galanga",2015,0
"Huambo","Londuimbale","Galanga",2016,0
"Huambo","Londuimbale","Galanga",2017,0
"Huambo","Londuimbale","Galanga",2018,0
"Huambo","Londuimbale","Galanga",2019,0
"Huambo","Londuimbale","Galanga",2020,0
"Huambo","Londuimbale","Galanga",2021,0
"Huambo","Londuimbale","Galanga",2022,0
"Huambo","Londuimbale","Galanga",2023,0
"Huambo","Londuimbale","Galanga",2024,0
"Huambo","Londuimbale","Kumbila",2012,0
"Huambo","Londuimbale","Kumbila",2013,0
"Huambo","Londuimbale","Kumbila",2014,0
"Huambo","Londuimbale","Kumbila",2015,0
"Huambo","Londuimbale","Kumbila",2016,0
"Huambo","Londuimbale","Kumbila",2017,0
"Huambo","Londuimbale","Kumbila",2018,0
"Huambo","Londuimbale","Kumbila",2019,0
"Huambo","Londuimbale","Kumbila",2020,0
"Huambo","Londuimbale","Kumbila",2021,0
"Huambo","Londuimbale","Kumbila",2022,0
"Huambo","Londuimbale","Kumbila",2023,0
"Huambo","Londuimbale","Kumbila",2024,0
"Huambo","Londuimbale","Londuimbali",2012,0
"Huambo","Londuimbale","Londuimbali",2013,3.40407729148865
"Huambo","Londuimbale","Londuimbali",2014,1.94970202445984
"Huambo","Londuimbale","Londuimbali",2015,0
"Huambo","Londuimbale","Londuimbali",2016,0
"Huambo","Londuimbale","Londuimbali",2017,10.2562799453735
"Huambo","Londuimbale","Londuimbali",2018,0
"Huambo","Londuimbale","Londuimbali",2019,59.3497619628906
"Huambo","Londuimbale","Londuimbali",2020,69.5819244384766
"Huambo","Londuimbale","Londuimbali",2021,78.0768280029297
"Huambo","Londuimbale","Londuimbali",2022,70.7662658691406
"Huambo","Londuimbale","Londuimbali",2023,68.4197311401367
"Huambo","Londuimbale","Londuimbali",2024,71.2568817138672
"Huambo","Londuimbale","Ussoke",2012,0
"Huambo","Londuimbale","Ussoke",2013,0
"Huambo","Londuimbale","Ussoke",2014,1.09117221832275
"Huambo","Londuimbale","Ussoke",2015,0
"Huambo","Londuimbale","Ussoke",2016,0
"Huambo","Londuimbale","Ussoke",2017,0
"Huambo","Londuimbale","Ussoke",2018,0
"Huambo","Londuimbale","Ussoke",2019,0
"Huambo","Londuimbale","Ussoke",2020,0
"Huambo","Londuimbale","Ussoke",2021,0
"Huambo","Londuimbale","Ussoke",2022,0
"Huambo","Londuimbale","Ussoke",2023,0
"Huambo","Londuimbale","Ussoke",2024,0
"Huambo","Longonjo","Chilata",2012,0
"Huambo","Longonjo","Chilata",2013,0
"Huambo","Longonjo","Chilata",2014,0
"Huambo","Longonjo","Chilata",2015,0
"Huambo","Longonjo","Chilata",2016,0
"Huambo","Longonjo","Chilata",2017,0
"Huambo","Longonjo","Chilata",2018,0
"Huambo","Longonjo","Chilata",2019,0
"Huambo","Longonjo","Chilata",2020,0
"Huambo","Longonjo","Chilata",2021,0
"Huambo","Longonjo","Chilata",2022,0
"Huambo","Longonjo","Chilata",2023,0
"Huambo","Longonjo","Chilata",2024,0
"Huambo","Longonjo","Katabola",2012,0
"Huambo","Longonjo","Katabola",2013,0
"Huambo","Longonjo","Katabola",2014,0
"Huambo","Longonjo","Katabola",2015,0
"Huambo","Longonjo","Katabola",2016,0
"Huambo","Longonjo","Katabola",2017,0
"Huambo","Longonjo","Katabola",2018,0
"Huambo","Longonjo","Katabola",2019,0
"Huambo","Longonjo","Katabola",2020,0
"Huambo","Longonjo","Katabola",2021,0
"Huambo","Longonjo","Katabola",2022,0
"Huambo","Longonjo","Katabola",2023,0
"Huambo","Longonjo","Katabola",2024,0
"Huambo","Longonjo","Lepi",2012,12.3286104202271
"Huambo","Longonjo","Lepi",2013,0
"Huambo","Longonjo","Lepi",2014,0
"Huambo","Longonjo","Lepi",2015,0
"Huambo","Longonjo","Lepi",2016,0
"Huambo","Longonjo","Lepi",2017,0
"Huambo","Longonjo","Lepi",2018,0
"Huambo","Longonjo","Lepi",2019,0
"Huambo","Longonjo","Lepi",2020,0
"Huambo","Longonjo","Lepi",2021,0
"Huambo","Longonjo","Lepi",2022,2.69736552238464
"Huambo","Longonjo","Lepi",2023,0
"Huambo","Longonjo","Lepi",2024,0
"Huambo","Longonjo","Longonjo",2012,0
"Huambo","Longonjo","Longonjo",2013,0
"Huambo","Longonjo","Longonjo",2014,0
"Huambo","Longonjo","Longonjo",2015,0
"Huambo","Longonjo","Longonjo",2016,0
"Huambo","Longonjo","Longonjo",2017,10.7858066558838
"Huambo","Longonjo","Longonjo",2018,7.00228452682495
"Huambo","Longonjo","Longonjo",2019,43.357048034668
"Huambo","Longonjo","Longonjo",2020,62.0303573608398
"Huambo","Longonjo","Longonjo",2021,66.3064117431641
"Huambo","Longonjo","Longonjo",2022,69.8887481689453
"Huambo","Longonjo","Longonjo",2023,67.257682800293
"Huambo","Longonjo","Longonjo",2024,76.9181671142578
"Huambo","Mungo","Kambuengo",2012,1.34716129302979
"Huambo","Mungo","Kambuengo",2013,3.66971182823181
"Huambo","Mungo","Kambuengo",2014,2.30438995361328
"Huambo","Mungo","Kambuengo",2015,0
"Huambo","Mungo","Kambuengo",2016,0
"Huambo","Mungo","Kambuengo",2017,0
"Huambo","Mungo","Kambuengo",2018,0
"Huambo","Mungo","Kambuengo",2019,0
"Huambo","Mungo","Kambuengo",2020,0
"Huambo","Mungo","Kambuengo",2021,0
"Huambo","Mungo","Kambuengo",2022,0
"Huambo","Mungo","Kambuengo",2023,0
"Huambo","Mungo","Kambuengo",2024,0
"Huambo","Mungo","Mungo",2012,1.02373337745667
"Huambo","Mungo","Mungo",2013,0
"Huambo","Mungo","Mungo",2014,1.37676918506622
"Huambo","Mungo","Mungo",2015,1.11917114257812
"Huambo","Mungo","Mungo",2016,0
"Huambo","Mungo","Mungo",2017,0
"Huambo","Mungo","Mungo",2018,0
"Huambo","Mungo","Mungo",2019,3.14080429077148
"Huambo","Mungo","Mungo",2020,0
"Huambo","Mungo","Mungo",2021,1.65026247501373
"Huambo","Mungo","Mungo",2022,3.45537185668945
"Huambo","Mungo","Mungo",2023,0.79126638174057
"Huambo","Mungo","Mungo",2024,14.8982400894165
"Huambo","Tchicala-Tcholoanga","Hungulo",2012,0
"Huambo","Tchicala-Tcholoanga","Hungulo",2013,0
"Huambo","Tchicala-Tcholoanga","Hungulo",2014,0
"Huambo","Tchicala-Tcholoanga","Hungulo",2015,0
"Huambo","Tchicala-Tcholoanga","Hungulo",2016,0
"Huambo","Tchicala-Tcholoanga","Hungulo",2017,0
"Huambo","Tchicala-Tcholoanga","Hungulo",2018,0
"Huambo","Tchicala-Tcholoanga","Hungulo",2019,0
"Huambo","Tchicala-Tcholoanga","Hungulo",2020,0
"Huambo","Tchicala-Tcholoanga","Hungulo",2021,0
"Huambo","Tchicala-Tcholoanga","Hungulo",2022,0
"Huambo","Tchicala-Tcholoanga","Hungulo",2023,0
"Huambo","Tchicala-Tcholoanga","Hungulo",2024,0
"Huambo","Tchicala-Tcholoanga","Mbave",2012,0
"Huambo","Tchicala-Tcholoanga","Mbave",2013,0
"Huambo","Tchicala-Tcholoanga","Mbave",2014,0
"Huambo","Tchicala-Tcholoanga","Mbave",2015,0
"Huambo","Tchicala-Tcholoanga","Mbave",2016,0
"Huambo","Tchicala-Tcholoanga","Mbave",2017,0
"Huambo","Tchicala-Tcholoanga","Mbave",2018,0
"Huambo","Tchicala-Tcholoanga","Mbave",2019,0
"Huambo","Tchicala-Tcholoanga","Mbave",2020,0
"Huambo","Tchicala-Tcholoanga","Mbave",2021,0
"Huambo","Tchicala-Tcholoanga","Mbave",2022,0
"Huambo","Tchicala-Tcholoanga","Mbave",2023,0
"Huambo","Tchicala-Tcholoanga","Mbave",2024,0
"Huambo","Tchicala-Tcholoanga","Sambo",2012,0
"Huambo","Tchicala-Tcholoanga","Sambo",2013,0
"Huambo","Tchicala-Tcholoanga","Sambo",2014,0
"Huambo","Tchicala-Tcholoanga","Sambo",2015,0
"Huambo","Tchicala-Tcholoanga","Sambo",2016,0
"Huambo","Tchicala-Tcholoanga","Sambo",2017,0
"Huambo","Tchicala-Tcholoanga","Sambo",2018,0
"Huambo","Tchicala-Tcholoanga","Sambo",2019,0
"Huambo","Tchicala-Tcholoanga","Sambo",2020,0
"Huambo","Tchicala-Tcholoanga","Sambo",2021,0.546037554740906
"Huambo","Tchicala-Tcholoanga","Sambo",2022,0
"Huambo","Tchicala-Tcholoanga","Sambo",2023,0
"Huambo","Tchicala-Tcholoanga","Sambo",2024,0
"Huambo","Tchicala-Tcholoanga","Thicala-Thilohanga",2012,0
"Huambo","Tchicala-Tcholoanga","Thicala-Thilohanga",2013,0
"Huambo","Tchicala-Tcholoanga","Thicala-Thilohanga",2014,0
"Huambo","Tchicala-Tcholoanga","Thicala-Thilohanga",2015,1.11976611614227
"Huambo","Tchicala-Tcholoanga","Thicala-Thilohanga",2016,0
"Huambo","Tchicala-Tcholoanga","Thicala-Thilohanga",2017,15.4900941848755
"Huambo","Tchicala-Tcholoanga","Thicala-Thilohanga",2018,16.8002147674561
"Huambo","Tchicala-Tcholoanga","Thicala-Thilohanga",2019,25.6743659973145
"Huambo","Tchicala-Tcholoanga","Thicala-Thilohanga",2020,21.0287322998047
"Huambo","Tchicala-Tcholoanga","Thicala-Thilohanga",2021,20.1731719970703
"Huambo","Tchicala-Tcholoanga","Thicala-Thilohanga",2022,27.9731903076172
"Huambo","Tchicala-Tcholoanga","Thicala-Thilohanga",2023,19.0315608978271
"Huambo","Tchicala-Tcholoanga","Thicala-Thilohanga",2024,11.9331703186035
"Huambo","Tchindjenje","Chiaca",2012,0
"Huambo","Tchindjenje","Chiaca",2013,0
"Huambo","Tchindjenje","Chiaca",2014,0
"Huambo","Tchindjenje","Chiaca",2015,0
"Huambo","Tchindjenje","Chiaca",2016,0
"Huambo","Tchindjenje","Chiaca",2017,0
"Huambo","Tchindjenje","Chiaca",2018,0
"Huambo","Tchindjenje","Chiaca",2019,0
"Huambo","Tchindjenje","Chiaca",2020,0
"Huambo","Tchindjenje","Chiaca",2021,0
"Huambo","Tchindjenje","Chiaca",2022,0
"Huambo","Tchindjenje","Chiaca",2023,0
"Huambo","Tchindjenje","Chiaca",2024,0
"Huambo","Tchindjenje","Chinjenje",2012,0
"Huambo","Tchindjenje","Chinjenje",2013,11.488338470459
"Huambo","Tchindjenje","Chinjenje",2014,10.7093410491943
"Huambo","Tchindjenje","Chinjenje",2015,6.27625274658203
"Huambo","Tchindjenje","Chinjenje",2016,2.72772169113159
"Huambo","Tchindjenje","Chinjenje",2017,0.510006785392761
"Huambo","Tchindjenje","Chinjenje",2018,0
"Huambo","Tchindjenje","Chinjenje",2019,8.85109615325928
"Huambo","Tchindjenje","Chinjenje",2020,34.7853202819824
"Huambo","Tchindjenje","Chinjenje",2021,39.8679084777832
"Huambo","Tchindjenje","Chinjenje",2022,10.8868360519409
"Huambo","Tchindjenje","Chinjenje",2023,12.4914712905884
"Huambo","Tchindjenje","Chinjenje",2024,0
"Huambo","Ukuma","Kakoma",2012,0
"Huambo","Ukuma","Kakoma",2013,0
"Huambo","Ukuma","Kakoma",2014,0
"Huambo","Ukuma","Kakoma",2015,0
"Huambo","Ukuma","Kakoma",2016,0
"Huambo","Ukuma","Kakoma",2017,0
"Huambo","Ukuma","Kakoma",2018,0
"Huambo","Ukuma","Kakoma",2019,0
"Huambo","Ukuma","Kakoma",2020,0
"Huambo","Ukuma","Kakoma",2021,0
"Huambo","Ukuma","Kakoma",2022,0
"Huambo","Ukuma","Kakoma",2023,0
"Huambo","Ukuma","Kakoma",2024,0
"Huambo","Ukuma","Mundundo",2012,0
"Huambo","Ukuma","Mundundo",2013,0
"Huambo","Ukuma","Mundundo",2014,0
"Huambo","Ukuma","Mundundo",2015,0
"Huambo","Ukuma","Mundundo",2016,0
"Huambo","Ukuma","Mundundo",2017,0
"Huambo","Ukuma","Mundundo",2018,0
"Huambo","Ukuma","Mundundo",2019,0
"Huambo","Ukuma","Mundundo",2020,0
"Huambo","Ukuma","Mundundo",2021,0
"Huambo","Ukuma","Mundundo",2022,0
"Huambo","Ukuma","Mundundo",2023,0
"Huambo","Ukuma","Mundundo",2024,0
"Huambo","Ukuma","Ukuma",2012,0.516630172729492
"Huambo","Ukuma","Ukuma",2013,0
"Huambo","Ukuma","Ukuma",2014,1.97635102272034
"Huambo","Ukuma","Ukuma",2015,0
"Huambo","Ukuma","Ukuma",2016,0
"Huambo","Ukuma","Ukuma",2017,14.2939357757568
"Huambo","Ukuma","Ukuma",2018,19.1747951507568
"Huambo","Ukuma","Ukuma",2019,13.9945344924927
"Huambo","Ukuma","Ukuma",2020,25.6807098388672
"Huambo","Ukuma","Ukuma",2021,23.9353084564209
"Huambo","Ukuma","Ukuma",2022,19.0628852844238
"Huambo","Ukuma","Ukuma",2023,11.561222076416
"Huambo","Ukuma","Ukuma",2024,18.785099029541
"Huíla","Caconda","Gungue",2012,0
"Huíla","Caconda","Gungue",2013,0
"Huíla","Caconda","Gungue",2014,0
"Huíla","Caconda","Gungue",2015,0
"Huíla","Caconda","Gungue",2016,0
"Huíla","Caconda","Gungue",2017,0
"Huíla","Caconda","Gungue",2018,0
"Huíla","Caconda","Gungue",2019,0
"Huíla","Caconda","Gungue",2020,0
"Huíla","Caconda","Gungue",2021,0
"Huíla","Caconda","Gungue",2022,0
"Huíla","Caconda","Gungue",2023,0
"Huíla","Caconda","Gungue",2024,0
"Huíla","Caconda","Kakonda",2012,0
"Huíla","Caconda","Kakonda",2013,9.08489036560059
"Huíla","Caconda","Kakonda",2014,12.399845123291
"Huíla","Caconda","Kakonda",2015,0
"Huíla","Caconda","Kakonda",2016,0
"Huíla","Caconda","Kakonda",2017,0
"Huíla","Caconda","Kakonda",2018,0
"Huíla","Caconda","Kakonda",2019,0
"Huíla","Caconda","Kakonda",2020,0
"Huíla","Caconda","Kakonda",2021,0
"Huíla","Caconda","Kakonda",2022,1.22368013858795
"Huíla","Caconda","Kakonda",2023,4.78685522079468
"Huíla","Caconda","Kakonda",2024,1.71245980262756
"Huíla","Caconda","Kusse",2012,0.505743801593781
"Huíla","Caconda","Kusse",2013,0
"Huíla","Caconda","Kusse",2014,0
"Huíla","Caconda","Kusse",2015,0
"Huíla","Caconda","Kusse",2016,0
"Huíla","Caconda","Kusse",2017,0
"Huíla","Caconda","Kusse",2018,0
"Huíla","Caconda","Kusse",2019,0
"Huíla","Caconda","Kusse",2020,0
"Huíla","Caconda","Kusse",2021,0
"Huíla","Caconda","Kusse",2022,0
"Huíla","Caconda","Kusse",2023,0
"Huíla","Caconda","Kusse",2024,0
"Huíla","Caconda","Uaba",2012,0
"Huíla","Caconda","Uaba",2013,0
"Huíla","Caconda","Uaba",2014,0
"Huíla","Caconda","Uaba",2015,0
"Huíla","Caconda","Uaba",2016,0
"Huíla","Caconda","Uaba",2017,0
"Huíla","Caconda","Uaba",2018,0
"Huíla","Caconda","Uaba",2019,0
"Huíla","Caconda","Uaba",2020,0
"Huíla","Caconda","Uaba",2021,0
"Huíla","Caconda","Uaba",2022,0
"Huíla","Caconda","Uaba",2023,0
"Huíla","Caconda","Uaba",2024,0
"Huíla","Caluquembe","Kalepi",2012,0
"Huíla","Caluquembe","Kalepi",2013,0
"Huíla","Caluquembe","Kalepi",2014,0
"Huíla","Caluquembe","Kalepi",2015,0
"Huíla","Caluquembe","Kalepi",2016,0
"Huíla","Caluquembe","Kalepi",2017,0
"Huíla","Caluquembe","Kalepi",2018,0
"Huíla","Caluquembe","Kalepi",2019,0
"Huíla","Caluquembe","Kalepi",2020,0
"Huíla","Caluquembe","Kalepi",2021,0
"Huíla","Caluquembe","Kalepi",2022,0
"Huíla","Caluquembe","Kalepi",2023,0
"Huíla","Caluquembe","Kalepi",2024,0
"Huíla","Caluquembe","Kalukembe",2012,4.54947900772095
"Huíla","Caluquembe","Kalukembe",2013,6.35318470001221
"Huíla","Caluquembe","Kalukembe",2014,5.24284076690674
"Huíla","Caluquembe","Kalukembe",2015,5.26749229431152
"Huíla","Caluquembe","Kalukembe",2016,4.38009357452393
"Huíla","Caluquembe","Kalukembe",2017,2.91356348991394
"Huíla","Caluquembe","Kalukembe",2018,1.81798696517944
"Huíla","Caluquembe","Kalukembe",2019,0.651801884174347
"Huíla","Caluquembe","Kalukembe",2020,0
"Huíla","Caluquembe","Kalukembe",2021,4.74289512634277
"Huíla","Caluquembe","Kalukembe",2022,9.8292179107666
"Huíla","Caluquembe","Kalukembe",2023,5.90512943267822
"Huíla","Caluquembe","Kalukembe",2024,11.2789669036865
"Huíla","Caluquembe","Ngola",2012,1.30364549160004
"Huíla","Caluquembe","Ngola",2013,0
"Huíla","Caluquembe","Ngola",2014,0
"Huíla","Caluquembe","Ngola",2015,0
"Huíla","Caluquembe","Ngola",2016,0
"Huíla","Caluquembe","Ngola",2017,0
"Huíla","Caluquembe","Ngola",2018,0
"Huíla","Caluquembe","Ngola",2019,0
"Huíla","Caluquembe","Ngola",2020,0
"Huíla","Caluquembe","Ngola",2021,0
"Huíla","Caluquembe","Ngola",2022,0
"Huíla","Caluquembe","Ngola",2023,0
"Huíla","Caluquembe","Ngola",2024,0
"Huíla","Chibia","Chibia",2012,81.2695159912109
"Huíla","Chibia","Chibia",2013,64.3722839355469
"Huíla","Chibia","Chibia",2014,85.5585327148438
"Huíla","Chibia","Chibia",2015,88.0906677246094
"Huíla","Chibia","Chibia",2016,141.860321044922
"Huíla","Chibia","Chibia",2017,87.6913833618164
"Huíla","Chibia","Chibia",2018,99.1608352661133
"Huíla","Chibia","Chibia",2019,112.056190490723
"Huíla","Chibia","Chibia",2020,155.848693847656
"Huíla","Chibia","Chibia",2021,199.333129882812
"Huíla","Chibia","Chibia",2022,250.01936340332
"Huíla","Chibia","Chibia",2023,272.359283447266
"Huíla","Chibia","Chibia",2024,313.912780761719
"Huíla","Chibia","Jau",2012,0
"Huíla","Chibia","Jau",2013,0
"Huíla","Chibia","Jau",2014,0
"Huíla","Chibia","Jau",2015,0
"Huíla","Chibia","Jau",2016,0
"Huíla","Chibia","Jau",2017,0
"Huíla","Chibia","Jau",2018,0
"Huíla","Chibia","Jau",2019,0
"Huíla","Chibia","Jau",2020,0
"Huíla","Chibia","Jau",2021,0
"Huíla","Chibia","Jau",2022,0
"Huíla","Chibia","Jau",2023,0
"Huíla","Chibia","Jau",2024,0
"Huíla","Chibia","Kapunda Kavilongo",2012,0
"Huíla","Chibia","Kapunda Kavilongo",2013,0
"Huíla","Chibia","Kapunda Kavilongo",2014,0
"Huíla","Chibia","Kapunda Kavilongo",2015,0
"Huíla","Chibia","Kapunda Kavilongo",2016,0
"Huíla","Chibia","Kapunda Kavilongo",2017,0
"Huíla","Chibia","Kapunda Kavilongo",2018,0
"Huíla","Chibia","Kapunda Kavilongo",2019,0
"Huíla","Chibia","Kapunda Kavilongo",2020,0
"Huíla","Chibia","Kapunda Kavilongo",2021,0
"Huíla","Chibia","Kapunda Kavilongo",2022,1.65545809268951
"Huíla","Chibia","Kapunda Kavilongo",2023,4.26050329208374
"Huíla","Chibia","Kapunda Kavilongo",2024,2.28866386413574
"Huíla","Chibia","Kihita",2012,0
"Huíla","Chibia","Kihita",2013,0
"Huíla","Chibia","Kihita",2014,0.503860294818878
"Huíla","Chibia","Kihita",2015,0.635271787643433
"Huíla","Chibia","Kihita",2016,0
"Huíla","Chibia","Kihita",2017,0
"Huíla","Chibia","Kihita",2018,0
"Huíla","Chibia","Kihita",2019,0
"Huíla","Chibia","Kihita",2020,1.78670716285706
"Huíla","Chibia","Kihita",2021,4.66344118118286
"Huíla","Chibia","Kihita",2022,7.00002241134644
"Huíla","Chibia","Kihita",2023,7.55014514923096
"Huíla","Chibia","Kihita",2024,21.7577819824219
"Huíla","Chicomba","Chicomba",2012,1.12552714347839
"Huíla","Chicomba","Chicomba",2013,0
"Huíla","Chicomba","Chicomba",2014,0
"Huíla","Chicomba","Chicomba",2015,0
"Huíla","Chicomba","Chicomba",2016,0
"Huíla","Chicomba","Chicomba",2017,0
"Huíla","Chicomba","Chicomba",2018,0
"Huíla","Chicomba","Chicomba",2019,0
"Huíla","Chicomba","Chicomba",2020,0
"Huíla","Chicomba","Chicomba",2021,0
"Huíla","Chicomba","Chicomba",2022,0
"Huíla","Chicomba","Chicomba",2023,0
"Huíla","Chicomba","Chicomba",2024,0
"Huíla","Chicomba","Cutenda",2012,0
"Huíla","Chicomba","Cutenda",2013,0
"Huíla","Chicomba","Cutenda",2014,0
"Huíla","Chicomba","Cutenda",2015,0
"Huíla","Chicomba","Cutenda",2016,0
"Huíla","Chicomba","Cutenda",2017,0
"Huíla","Chicomba","Cutenda",2018,0
"Huíla","Chicomba","Cutenda",2019,0
"Huíla","Chicomba","Cutenda",2020,0
"Huíla","Chicomba","Cutenda",2021,0
"Huíla","Chicomba","Cutenda",2022,0
"Huíla","Chicomba","Cutenda",2023,0
"Huíla","Chicomba","Cutenda",2024,0
"Huíla","Chipindo","Bambi",2012,0
"Huíla","Chipindo","Bambi",2013,0
"Huíla","Chipindo","Bambi",2014,0
"Huíla","Chipindo","Bambi",2015,0
"Huíla","Chipindo","Bambi",2016,0
"Huíla","Chipindo","Bambi",2017,0
"Huíla","Chipindo","Bambi",2018,0
"Huíla","Chipindo","Bambi",2019,0
"Huíla","Chipindo","Bambi",2020,0
"Huíla","Chipindo","Bambi",2021,0
"Huíla","Chipindo","Bambi",2022,0
"Huíla","Chipindo","Bambi",2023,0
"Huíla","Chipindo","Bambi",2024,0
"Huíla","Chipindo","Chipindo",2012,0
"Huíla","Chipindo","Chipindo",2013,0
"Huíla","Chipindo","Chipindo",2014,7.65666103363037
"Huíla","Chipindo","Chipindo",2015,10.4902992248535
"Huíla","Chipindo","Chipindo",2016,2.65611338615417
"Huíla","Chipindo","Chipindo",2017,0
"Huíla","Chipindo","Chipindo",2018,1.54031550884247
"Huíla","Chipindo","Chipindo",2019,6.9333233833313
"Huíla","Chipindo","Chipindo",2020,8.50784397125244
"Huíla","Chipindo","Chipindo",2021,20.5965003967285
"Huíla","Chipindo","Chipindo",2022,23.649600982666
"Huíla","Chipindo","Chipindo",2023,29.6912784576416
"Huíla","Chipindo","Chipindo",2024,27.5689888000488
"Huíla","Gambos","Chiange",2012,0
"Huíla","Gambos","Chiange",2013,0
"Huíla","Gambos","Chiange",2014,0
"Huíla","Gambos","Chiange",2015,0
"Huíla","Gambos","Chiange",2016,0
"Huíla","Gambos","Chiange",2017,0
"Huíla","Gambos","Chiange",2018,0
"Huíla","Gambos","Chiange",2019,0
"Huíla","Gambos","Chiange",2020,0
"Huíla","Gambos","Chiange",2021,0
"Huíla","Gambos","Chiange",2022,11.5717697143555
"Huíla","Gambos","Chiange",2023,42.1506156921387
"Huíla","Gambos","Chiange",2024,48.7381248474121
"Huíla","Gambos","Chimbemba",2012,2.25895881652832
"Huíla","Gambos","Chimbemba",2013,5.34750270843506
"Huíla","Gambos","Chimbemba",2014,3.54652428627014
"Huíla","Gambos","Chimbemba",2015,0.910426318645477
"Huíla","Gambos","Chimbemba",2016,0.511606872081757
"Huíla","Gambos","Chimbemba",2017,0
"Huíla","Gambos","Chimbemba",2018,0
"Huíla","Gambos","Chimbemba",2019,0.660735726356506
"Huíla","Gambos","Chimbemba",2020,0
"Huíla","Gambos","Chimbemba",2021,0.481077015399933
"Huíla","Gambos","Chimbemba",2022,0
"Huíla","Gambos","Chimbemba",2023,0
"Huíla","Gambos","Chimbemba",2024,0
"Huíla","Humpata","Humpata",2012,1398.48107910156
"Huíla","Humpata","Humpata",2013,1786.72619628906
"Huíla","Humpata","Humpata",2014,2275.11840820312
"Huíla","Humpata","Humpata",2015,2500.5576171875
"Huíla","Humpata","Humpata",2016,2827.17724609375
"Huíla","Humpata","Humpata",2017,2517.74072265625
"Huíla","Humpata","Humpata",2018,2692.78784179688
"Huíla","Humpata","Humpata",2019,2599.32153320312
"Huíla","Humpata","Humpata",2020,2748.81591796875
"Huíla","Humpata","Humpata",2021,3078.09790039062
"Huíla","Humpata","Humpata",2022,3320.67163085938
"Huíla","Humpata","Humpata",2023,3611.55151367188
"Huíla","Humpata","Humpata",2024,3498.37622070312
"Huíla","Jamba","Dongo",2012,2.6355128288269
"Huíla","Jamba","Dongo",2013,1.84737646579742
"Huíla","Jamba","Dongo",2014,0.779963791370392
"Huíla","Jamba","Dongo",2015,1.69203686714172
"Huíla","Jamba","Dongo",2016,0
"Huíla","Jamba","Dongo",2017,0
"Huíla","Jamba","Dongo",2018,0
"Huíla","Jamba","Dongo",2019,0
"Huíla","Jamba","Dongo",2020,0
"Huíla","Jamba","Dongo",2021,0
"Huíla","Jamba","Dongo",2022,0
"Huíla","Jamba","Dongo",2023,0
"Huíla","Jamba","Dongo",2024,0
"Huíla","Jamba","Jamba",2012,6.54649209976196
"Huíla","Jamba","Jamba",2013,15.0581817626953
"Huíla","Jamba","Jamba",2014,4.48859405517578
"Huíla","Jamba","Jamba",2015,2.3716025352478
"Huíla","Jamba","Jamba",2016,0
"Huíla","Jamba","Jamba",2017,0
"Huíla","Jamba","Jamba",2018,0
"Huíla","Jamba","Jamba",2019,0
"Huíla","Jamba","Jamba",2020,0
"Huíla","Jamba","Jamba",2021,2.33918380737305
"Huíla","Jamba","Jamba",2022,12.7736892700195
"Huíla","Jamba","Jamba",2023,73.5799255371094
"Huíla","Jamba","Jamba",2024,22.1340465545654
"Huíla","Jamba","Kassinga",2012,0.647859632968903
"Huíla","Jamba","Kassinga",2013,5.52942562103271
"Huíla","Jamba","Kassinga",2014,3.06228685379028
"Huíla","Jamba","Kassinga",2015,0
"Huíla","Jamba","Kassinga",2016,0
"Huíla","Jamba","Kassinga",2017,0
"Huíla","Jamba","Kassinga",2018,0
"Huíla","Jamba","Kassinga",2019,0
"Huíla","Jamba","Kassinga",2020,0
"Huíla","Jamba","Kassinga",2021,0
"Huíla","Jamba","Kassinga",2022,2.49965810775757
"Huíla","Jamba","Kassinga",2023,2.23538494110107
"Huíla","Jamba","Kassinga",2024,2.59811520576477
"Huíla","Kuvango","Galangue",2012,0
"Huíla","Kuvango","Galangue",2013,0
"Huíla","Kuvango","Galangue",2014,0
"Huíla","Kuvango","Galangue",2015,0
"Huíla","Kuvango","Galangue",2016,0
"Huíla","Kuvango","Galangue",2017,0
"Huíla","Kuvango","Galangue",2018,0
"Huíla","Kuvango","Galangue",2019,0
"Huíla","Kuvango","Galangue",2020,0
"Huíla","Kuvango","Galangue",2021,0
"Huíla","Kuvango","Galangue",2022,0
"Huíla","Kuvango","Galangue",2023,0
"Huíla","Kuvango","Galangue",2024,0
"Huíla","Kuvango","Kuvango",2012,1.57659101486206
"Huíla","Kuvango","Kuvango",2013,1.93056273460388
"Huíla","Kuvango","Kuvango",2014,0
"Huíla","Kuvango","Kuvango",2015,0
"Huíla","Kuvango","Kuvango",2016,2.14350318908691
"Huíla","Kuvango","Kuvango",2017,3.17221736907959
"Huíla","Kuvango","Kuvango",2018,9.9313268661499
"Huíla","Kuvango","Kuvango",2019,13.8860702514648
"Huíla","Kuvango","Kuvango",2020,23.7463855743408
"Huíla","Kuvango","Kuvango",2021,63.1098213195801
"Huíla","Kuvango","Kuvango",2022,22.3475666046143
"Huíla","Kuvango","Kuvango",2023,28.467004776001
"Huíla","Kuvango","Kuvango",2024,19.9108695983887
"Huíla","Kuvango","Vikungo",2012,0
"Huíla","Kuvango","Vikungo",2013,0
"Huíla","Kuvango","Vikungo",2014,0
"Huíla","Kuvango","Vikungo",2015,0
"Huíla","Kuvango","Vikungo",2016,0
"Huíla","Kuvango","Vikungo",2017,0
"Huíla","Kuvango","Vikungo",2018,0
"Huíla","Kuvango","Vikungo",2019,0
"Huíla","Kuvango","Vikungo",2020,0
"Huíla","Kuvango","Vikungo",2021,0
"Huíla","Kuvango","Vikungo",2022,0
"Huíla","Kuvango","Vikungo",2023,0
"Huíla","Kuvango","Vikungo",2024,0
"Huíla","Lubango","Cacula",2012,0
"Huíla","Lubango","Cacula",2013,0
"Huíla","Lubango","Cacula",2014,0
"Huíla","Lubango","Cacula",2015,0
"Huíla","Lubango","Cacula",2016,0
"Huíla","Lubango","Cacula",2017,0
"Huíla","Lubango","Cacula",2018,0
"Huíla","Lubango","Cacula",2019,0
"Huíla","Lubango","Cacula",2020,0
"Huíla","Lubango","Cacula",2021,0
"Huíla","Lubango","Cacula",2022,0
"Huíla","Lubango","Cacula",2023,0
"Huíla","Lubango","Cacula",2024,0
"Huíla","Lubango","Hoque",2012,0
"Huíla","Lubango","Hoque",2013,0
"Huíla","Lubango","Hoque",2014,3.25280356407166
"Huíla","Lubango","Hoque",2015,0
"Huíla","Lubango","Hoque",2016,0
"Huíla","Lubango","Hoque",2017,0
"Huíla","Lubango","Hoque",2018,2.80739331245422
"Huíla","Lubango","Hoque",2019,1.76444673538208
"Huíla","Lubango","Hoque",2020,0
"Huíla","Lubango","Hoque",2021,0
"Huíla","Lubango","Hoque",2022,0.566504299640656
"Huíla","Lubango","Hoque",2023,0
"Huíla","Lubango","Hoque",2024,21.1564693450928
"Huíla","Lubango","Huila",2012,13.0931587219238
"Huíla","Lubango","Huila",2013,59.0020523071289
"Huíla","Lubango","Huila",2014,57.2744102478027
"Huíla","Lubango","Huila",2015,99.8806304931641
"Huíla","Lubango","Huila",2016,121.506050109863
"Huíla","Lubango","Huila",2017,96.261589050293
"Huíla","Lubango","Huila",2018,85.2314224243164
"Huíla","Lubango","Huila",2019,89.0628967285156
"Huíla","Lubango","Huila",2020,77.5343551635742
"Huíla","Lubango","Huila",2021,151.216842651367
"Huíla","Lubango","Huila",2022,241.639419555664
"Huíla","Lubango","Huila",2023,359.44091796875
"Huíla","Lubango","Huila",2024,575.695251464844
"Huíla","Lubango","Lubango",2012,3356.15283203125
"Huíla","Lubango","Lubango",2013,4686.177734375
"Huíla","Lubango","Lubango",2014,6274.291015625
"Huíla","Lubango","Lubango",2015,6976.37939453125
"Huíla","Lubango","Lubango",2016,7119.22509765625
"Huíla","Lubango","Lubango",2017,6256.3515625
"Huíla","Lubango","Lubango",2018,6327.7158203125
"Huíla","Lubango","Lubango",2019,6681.4140625
"Huíla","Lubango","Lubango",2020,8389.4716796875
"Huíla","Lubango","Lubango",2021,7395.35009765625
"Huíla","Lubango","Lubango",2022,11118.10546875
"Huíla","Lubango","Lubango",2023,14548.0205078125
"Huíla","Lubango","Lubango",2024,13917.05859375
"Huíla","Matala","Kapelongo",2012,30.2367115020752
"Huíla","Matala","Kapelongo",2013,51.0593490600586
"Huíla","Matala","Kapelongo",2014,61.0353546142578
"Huíla","Matala","Kapelongo",2015,52.2816047668457
"Huíla","Matala","Kapelongo",2016,44.8483619689941
"Huíla","Matala","Kapelongo",2017,16.7574157714844
"Huíla","Matala","Kapelongo",2018,42.2024078369141
"Huíla","Matala","Kapelongo",2019,38.5356254577637
"Huíla","Matala","Kapelongo",2020,35.9376754760742
"Huíla","Matala","Kapelongo",2021,26.6112251281738
"Huíla","Matala","Kapelongo",2022,35.6691284179688
"Huíla","Matala","Kapelongo",2023,52.6443252563477
"Huíla","Matala","Kapelongo",2024,53.1259574890137
"Huíla","Matala","Matala",2012,373.245269775391
"Huíla","Matala","Matala",2013,453.122955322266
"Huíla","Matala","Matala",2014,717.540466308594
"Huíla","Matala","Matala",2015,630.833862304688
"Huíla","Matala","Matala",2016,697.484497070312
"Huíla","Matala","Matala",2017,475.131622314453
"Huíla","Matala","Matala",2018,681.229187011719
"Huíla","Matala","Matala",2019,647.248962402344
"Huíla","Matala","Matala",2020,701.434387207031
"Huíla","Matala","Matala",2021,700.219787597656
"Huíla","Matala","Matala",2022,1202.38757324219
"Huíla","Matala","Matala",2023,1484.03491210938
"Huíla","Matala","Matala",2024,1489.04638671875
"Huíla","Matala","Mulondo",2012,0
"Huíla","Matala","Mulondo",2013,0
"Huíla","Matala","Mulondo",2014,0
"Huíla","Matala","Mulondo",2015,0
"Huíla","Matala","Mulondo",2016,0
"Huíla","Matala","Mulondo",2017,0
"Huíla","Matala","Mulondo",2018,0
"Huíla","Matala","Mulondo",2019,0
"Huíla","Matala","Mulondo",2020,0
"Huíla","Matala","Mulondo",2021,0
"Huíla","Matala","Mulondo",2022,0
"Huíla","Matala","Mulondo",2023,0
"Huíla","Matala","Mulondo",2024,0
"Huíla","Quilengues","Dinde",2012,0
"Huíla","Quilengues","Dinde",2013,0
"Huíla","Quilengues","Dinde",2014,0
"Huíla","Quilengues","Dinde",2015,0
"Huíla","Quilengues","Dinde",2016,0
"Huíla","Quilengues","Dinde",2017,0
"Huíla","Quilengues","Dinde",2018,0
"Huíla","Quilengues","Dinde",2019,0
"Huíla","Quilengues","Dinde",2020,0
"Huíla","Quilengues","Dinde",2021,0
"Huíla","Quilengues","Dinde",2022,0
"Huíla","Quilengues","Dinde",2023,0
"Huíla","Quilengues","Dinde",2024,0
"Huíla","Quilengues","Impulo",2012,0
"Huíla","Quilengues","Impulo",2013,0
"Huíla","Quilengues","Impulo",2014,0
"Huíla","Quilengues","Impulo",2015,0
"Huíla","Quilengues","Impulo",2016,0
"Huíla","Quilengues","Impulo",2017,0
"Huíla","Quilengues","Impulo",2018,0
"Huíla","Quilengues","Impulo",2019,0
"Huíla","Quilengues","Impulo",2020,0
"Huíla","Quilengues","Impulo",2021,0
"Huíla","Quilengues","Impulo",2022,0
"Huíla","Quilengues","Impulo",2023,0
"Huíla","Quilengues","Impulo",2024,0
"Huíla","Quilengues","Kilengue",2012,46.204418182373
"Huíla","Quilengues","Kilengue",2013,40.5409088134766
"Huíla","Quilengues","Kilengue",2014,33.4521255493164
"Huíla","Quilengues","Kilengue",2015,2.14333343505859
"Huíla","Quilengues","Kilengue",2016,0
"Huíla","Quilengues","Kilengue",2017,0
"Huíla","Quilengues","Kilengue",2018,0
"Huíla","Quilengues","Kilengue",2019,9.83894920349121
"Huíla","Quilengues","Kilengue",2020,27.0545539855957
"Huíla","Quilengues","Kilengue",2021,4.24436283111572
"Huíla","Quilengues","Kilengue",2022,0
"Huíla","Quilengues","Kilengue",2023,1.81533575057983
"Huíla","Quilengues","Kilengue",2024,2.6372082233429
"Huíla","Tchipungo","Tchipungo",2012,5.07197284698486
"Huíla","Tchipungo","Tchipungo",2013,4.13980388641357
"Huíla","Tchipungo","Tchipungo",2014,0.517899394035339
"Huíla","Tchipungo","Tchipungo",2015,1.20431089401245
"Huíla","Tchipungo","Tchipungo",2016,43.383243560791
"Huíla","Tchipungo","Tchipungo",2017,10.5101804733276
"Huíla","Tchipungo","Tchipungo",2018,44.4209136962891
"Huíla","Tchipungo","Tchipungo",2019,82.8361511230469
"Huíla","Tchipungo","Tchipungo",2020,109.534996032715
"Huíla","Tchipungo","Tchipungo",2021,95.4014739990234
"Huíla","Tchipungo","Tchipungo",2022,150.926315307617
"Huíla","Tchipungo","Tchipungo",2023,197.852188110352
"Huíla","Tchipungo","Tchipungo",2024,224.581176757812
"Luanda","Cacuaco","Cacuaco",2012,2559.47119140625
"Luanda","Cacuaco","Cacuaco",2013,3040.10571289062
"Luanda","Cacuaco","Cacuaco",2014,3174.99072265625
"Luanda","Cacuaco","Cacuaco",2015,2661.44482421875
"Luanda","Cacuaco","Cacuaco",2016,3054.83837890625
"Luanda","Cacuaco","Cacuaco",2017,3391.16967773438
"Luanda","Cacuaco","Cacuaco",2018,3985.89379882812
"Luanda","Cacuaco","Cacuaco",2019,4178.076171875
"Luanda","Cacuaco","Cacuaco",2020,3753.40698242188
"Luanda","Cacuaco","Cacuaco",2021,3712.29223632812
"Luanda","Cacuaco","Cacuaco",2022,3930.58984375
"Luanda","Cacuaco","Cacuaco",2023,3960.63159179688
"Luanda","Cacuaco","Cacuaco",2024,3929.37890625
"Luanda","Cacuaco","Funda",2012,4931.91552734375
"Luanda","Cacuaco","Funda",2013,5084.96630859375
"Luanda","Cacuaco","Funda",2014,6033.0625
"Luanda","Cacuaco","Funda",2015,5933.63623046875
"Luanda","Cacuaco","Funda",2016,6732.7177734375
"Luanda","Cacuaco","Funda",2017,7357.89892578125
"Luanda","Cacuaco","Funda",2018,8512.822265625
"Luanda","Cacuaco","Funda",2019,8924.73828125
"Luanda","Cacuaco","Funda",2020,8461.0341796875
"Luanda","Cacuaco","Funda",2021,8654.427734375
"Luanda","Cacuaco","Funda",2022,9077.8251953125
"Luanda","Cacuaco","Funda",2023,9530.447265625
"Luanda","Cacuaco","Funda",2024,9239.4365234375
"Luanda","Cacuaco","Kikolo",2012,3519.787109375
"Luanda","Cacuaco","Kikolo",2013,4774.4755859375
"Luanda","Cacuaco","Kikolo",2014,4432.05322265625
"Luanda","Cacuaco","Kikolo",2015,4114.9423828125
"Luanda","Cacuaco","Kikolo",2016,4907.5302734375
"Luanda","Cacuaco","Kikolo",2017,5126.47900390625
"Luanda","Cacuaco","Kikolo",2018,5697.14794921875
"Luanda","Cacuaco","Kikolo",2019,5974.78125
"Luanda","Cacuaco","Kikolo",2020,4978.36962890625
"Luanda","Cacuaco","Kikolo",2021,5197.0107421875
"Luanda","Cacuaco","Kikolo",2022,5451.55078125
"Luanda","Cacuaco","Kikolo",2023,5006.197265625
"Luanda","Cacuaco","Kikolo",2024,5105.515625
"Luanda","Cazenga","Cazenga",2012,1556.99194335938
"Luanda","Cazenga","Cazenga",2013,2815.59741210938
"Luanda","Cazenga","Cazenga",2014,2762.595703125
"Luanda","Cazenga","Cazenga",2015,2188.06103515625
"Luanda","Cazenga","Cazenga",2016,2364.25708007812
"Luanda","Cazenga","Cazenga",2017,2375.93505859375
"Luanda","Cazenga","Cazenga",2018,2728.12573242188
"Luanda","Cazenga","Cazenga",2019,2707.67724609375
"Luanda","Cazenga","Cazenga",2020,2372.04174804688
"Luanda","Cazenga","Cazenga",2021,2340.02416992188
"Luanda","Cazenga","Cazenga",2022,2321.87841796875
"Luanda","Cazenga","Cazenga",2023,2154.20922851562
"Luanda","Cazenga","Cazenga",2024,2288.50659179688
"Luanda","Cazenga","Hoji Ya Henda",2012,2105.6552734375
"Luanda","Cazenga","Hoji Ya Henda",2013,3021.59399414062
"Luanda","Cazenga","Hoji Ya Henda",2014,3044.2509765625
"Luanda","Cazenga","Hoji Ya Henda",2015,2164.20288085938
"Luanda","Cazenga","Hoji Ya Henda",2016,2364.82641601562
"Luanda","Cazenga","Hoji Ya Henda",2017,2465.4775390625
"Luanda","Cazenga","Hoji Ya Henda",2018,2754.30737304688
"Luanda","Cazenga","Hoji Ya Henda",2019,2889.65307617188
"Luanda","Cazenga","Hoji Ya Henda",2020,2472.30981445312
"Luanda","Cazenga","Hoji Ya Henda",2021,2535.2783203125
"Luanda","Cazenga","Hoji Ya Henda",2022,2544.53442382812
"Luanda","Cazenga","Hoji Ya Henda",2023,2392.9228515625
"Luanda","Cazenga","Hoji Ya Henda",2024,2545.17578125
"Luanda","Cazenga","Tala Hadi",2012,2131.9287109375
"Luanda","Cazenga","Tala Hadi",2013,3348.41796875
"Luanda","Cazenga","Tala Hadi",2014,3152.52978515625
"Luanda","Cazenga","Tala Hadi",2015,2629.80639648438
"Luanda","Cazenga","Tala Hadi",2016,2803.93408203125
"Luanda","Cazenga","Tala Hadi",2017,2651.8212890625
"Luanda","Cazenga","Tala Hadi",2018,2989.80786132812
"Luanda","Cazenga","Tala Hadi",2019,3024.78833007812
"Luanda","Cazenga","Tala Hadi",2020,2564.0244140625
"Luanda","Cazenga","Tala Hadi",2021,2561.14331054688
"Luanda","Cazenga","Tala Hadi",2022,2549.36328125
"Luanda","Cazenga","Tala Hadi",2023,2332.28173828125
"Luanda","Cazenga","Tala Hadi",2024,2537.89672851562
"Luanda","Ingombota","Ilha do Cabo",2012,599.253662109375
"Luanda","Ingombota","Ilha do Cabo",2013,587.988891601562
"Luanda","Ingombota","Ilha do Cabo",2014,534.792541503906
"Luanda","Ingombota","Ilha do Cabo",2015,445.913452148438
"Luanda","Ingombota","Ilha do Cabo",2016,488.892456054688
"Luanda","Ingombota","Ilha do Cabo",2017,449.312377929688
"Luanda","Ingombota","Ilha do Cabo",2018,507.543579101562
"Luanda","Ingombota","Ilha do Cabo",2019,467.174591064453
"Luanda","Ingombota","Ilha do Cabo",2020,486.512573242188
"Luanda","Ingombota","Ilha do Cabo",2021,490.387390136719
"Luanda","Ingombota","Ilha do Cabo",2022,489.66552734375
"Luanda","Ingombota","Ilha do Cabo",2023,419.453643798828
"Luanda","Ingombota","Ilha do Cabo",2024,434.254913330078
"Luanda","Ingombota","Ingombota",2012,627.715026855469
"Luanda","Ingombota","Ingombota",2013,665.287536621094
"Luanda","Ingombota","Ingombota",2014,648.306091308594
"Luanda","Ingombota","Ingombota",2015,526.80029296875
"Luanda","Ingombota","Ingombota",2016,641.201477050781
"Luanda","Ingombota","Ingombota",2017,680.125122070312
"Luanda","Ingombota","Ingombota",2018,645.311462402344
"Luanda","Ingombota","Ingombota",2019,680.522827148438
"Luanda","Ingombota","Ingombota",2020,676.457763671875
"Luanda","Ingombota","Ingombota",2021,628.201171875
"Luanda","Ingombota","Ingombota",2022,726.355834960938
"Luanda","Ingombota","Ingombota",2023,629.838562011719
"Luanda","Ingombota","Ingombota",2024,737.213439941406
"Luanda","Ingombota","Kinanga",2012,838.240112304688
"Luanda","Ingombota","Kinanga",2013,1172.66174316406
"Luanda","Ingombota","Kinanga",2014,1038.14013671875
"Luanda","Ingombota","Kinanga",2015,984.803588867188
"Luanda","Ingombota","Kinanga",2016,1017.65161132812
"Luanda","Ingombota","Kinanga",2017,995.955078125
"Luanda","Ingombota","Kinanga",2018,916.529235839844
"Luanda","Ingombota","Kinanga",2019,950.666870117188
"Luanda","Ingombota","Kinanga",2020,839.894287109375
"Luanda","Ingombota","Kinanga",2021,883.803039550781
"Luanda","Ingombota","Kinanga",2022,994.973266601562
"Luanda","Ingombota","Kinanga",2023,984.912170410156
"Luanda","Ingombota","Kinanga",2024,1065.99426269531
"Luanda","Ingombota","Maculusso",2012,717.171447753906
"Luanda","Ingombota","Maculusso",2013,719.193542480469
"Luanda","Ingombota","Maculusso",2014,681.678161621094
"Luanda","Ingombota","Maculusso",2015,557.516540527344
"Luanda","Ingombota","Maculusso",2016,521.371459960938
"Luanda","Ingombota","Maculusso",2017,520.406982421875
"Luanda","Ingombota","Maculusso",2018,577.181945800781
"Luanda","Ingombota","Maculusso",2019,657.796752929688
"Luanda","Ingombota","Maculusso",2020,622.876586914062
"Luanda","Ingombota","Maculusso",2021,637.079772949219
"Luanda","Ingombota","Maculusso",2022,652.41943359375
"Luanda","Ingombota","Maculusso",2023,539.08984375
"Luanda","Ingombota","Maculusso",2024,545.114929199219
"Luanda","Ingombota","Patrice Lumumba",2012,2340.23950195312
"Luanda","Ingombota","Patrice Lumumba",2013,2230.2626953125
"Luanda","Ingombota","Patrice Lumumba",2014,2248.767578125
"Luanda","Ingombota","Patrice Lumumba",2015,1867.97680664062
"Luanda","Ingombota","Patrice Lumumba",2016,2072.01879882812
"Luanda","Ingombota","Patrice Lumumba",2017,1930.52099609375
"Luanda","Ingombota","Patrice Lumumba",2018,2083.48828125
"Luanda","Ingombota","Patrice Lumumba",2019,2000.86108398438
"Luanda","Ingombota","Patrice Lumumba",2020,1992.81921386719
"Luanda","Ingombota","Patrice Lumumba",2021,2000.47802734375
"Luanda","Ingombota","Patrice Lumumba",2022,1919.81677246094
"Luanda","Ingombota","Patrice Lumumba",2023,1590.62573242188
"Luanda","Ingombota","Patrice Lumumba",2024,1703.49816894531
"Luanda","Kilamba Kiaxi","Kilamba Kiaxi",2012,11371.39453125
"Luanda","Kilamba Kiaxi","Kilamba Kiaxi",2013,16912.65625
"Luanda","Kilamba Kiaxi","Kilamba Kiaxi",2014,18545.275390625
"Luanda","Kilamba Kiaxi","Kilamba Kiaxi",2015,14517.193359375
"Luanda","Kilamba Kiaxi","Kilamba Kiaxi",2016,15941.552734375
"Luanda","Kilamba Kiaxi","Kilamba Kiaxi",2017,16398.587890625
"Luanda","Kilamba Kiaxi","Kilamba Kiaxi",2018,18353.73046875
"Luanda","Kilamba Kiaxi","Kilamba Kiaxi",2019,19043.029296875
"Luanda","Kilamba Kiaxi","Kilamba Kiaxi",2020,16468.318359375
"Luanda","Kilamba Kiaxi","Kilamba Kiaxi",2021,17008.22265625
"Luanda","Kilamba Kiaxi","Kilamba Kiaxi",2022,17178.140625
"Luanda","Kilamba Kiaxi","Kilamba Kiaxi",2023,15705.4990234375
"Luanda","Kilamba Kiaxi","Kilamba Kiaxi",2024,16509.16015625
"Luanda","Maianga","Cassequel",2012,1363.8427734375
"Luanda","Maianga","Cassequel",2013,1403.70324707031
"Luanda","Maianga","Cassequel",2014,1487.28784179688
"Luanda","Maianga","Cassequel",2015,1126.99182128906
"Luanda","Maianga","Cassequel",2016,1137.54699707031
"Luanda","Maianga","Cassequel",2017,1114.3896484375
"Luanda","Maianga","Cassequel",2018,1282.24987792969
"Luanda","Maianga","Cassequel",2019,1353.29382324219
"Luanda","Maianga","Cassequel",2020,1224.38488769531
"Luanda","Maianga","Cassequel",2021,1213.60717773438
"Luanda","Maianga","Cassequel",2022,1282.10693359375
"Luanda","Maianga","Cassequel",2023,1215.37890625
"Luanda","Maianga","Cassequel",2024,1202.50061035156
"Luanda","Maianga","Maianga",2012,1021.98559570312
"Luanda","Maianga","Maianga",2013,1052.57702636719
"Luanda","Maianga","Maianga",2014,1059.21948242188
"Luanda","Maianga","Maianga",2015,895.377380371094
"Luanda","Maianga","Maianga",2016,871.695922851562
"Luanda","Maianga","Maianga",2017,859.205810546875
"Luanda","Maianga","Maianga",2018,951.378967285156
"Luanda","Maianga","Maianga",2019,979.067749023438
"Luanda","Maianga","Maianga",2020,1035.91296386719
"Luanda","Maianga","Maianga",2021,1001.83990478516
"Luanda","Maianga","Maianga",2022,1002.27276611328
"Luanda","Maianga","Maianga",2023,933.927734375
"Luanda","Maianga","Maianga",2024,929.363952636719
"Luanda","Maianga","Prenda",2012,4642.58447265625
"Luanda","Maianga","Prenda",2013,5351.2685546875
"Luanda","Maianga","Prenda",2014,6008.1591796875
"Luanda","Maianga","Prenda",2015,4794.845703125
"Luanda","Maianga","Prenda",2016,5064.5439453125
"Luanda","Maianga","Prenda",2017,5234.8046875
"Luanda","Maianga","Prenda",2018,5883.54638671875
"Luanda","Maianga","Prenda",2019,5706.68701171875
"Luanda","Maianga","Prenda",2020,5004.58056640625
"Luanda","Maianga","Prenda",2021,5151.9609375
"Luanda","Maianga","Prenda",2022,5414.443359375
"Luanda","Maianga","Prenda",2023,5152.9609375
"Luanda","Maianga","Prenda",2024,5161.38232421875
"Luanda","Rangel","Marcal",2012,376.901397705078
"Luanda","Rangel","Marcal",2013,421.811737060547
"Luanda","Rangel","Marcal",2014,409.602996826172
"Luanda","Rangel","Marcal",2015,315.098236083984
"Luanda","Rangel","Marcal",2016,327.955780029297
"Luanda","Rangel","Marcal",2017,339.243194580078
"Luanda","Rangel","Marcal",2018,388.567779541016
"Luanda","Rangel","Marcal",2019,394.316345214844
"Luanda","Rangel","Marcal",2020,338.406433105469
"Luanda","Rangel","Marcal",2021,350.519683837891
"Luanda","Rangel","Marcal",2022,364.572937011719
"Luanda","Rangel","Marcal",2023,329.150848388672
"Luanda","Rangel","Marcal",2024,337.898864746094
"Luanda","Rangel","Rangel",2012,511.676361083984
"Luanda","Rangel","Rangel",2013,641.51171875
"Luanda","Rangel","Rangel",2014,632.122680664062
"Luanda","Rangel","Rangel",2015,486.520660400391
"Luanda","Rangel","Rangel",2016,490.070465087891
"Luanda","Rangel","Rangel",2017,484.386047363281
"Luanda","Rangel","Rangel",2018,603.925659179688
"Luanda","Rangel","Rangel",2019,588.892639160156
"Luanda","Rangel","Rangel",2020,502.9384765625
"Luanda","Rangel","Rangel",2021,481.888488769531
"Luanda","Rangel","Rangel",2022,493.349212646484
"Luanda","Rangel","Rangel",2023,446.979217529297
"Luanda","Rangel","Rangel",2024,474.741149902344
"Luanda","Rangel","Terra Nova",2012,1245.01184082031
"Luanda","Rangel","Terra Nova",2013,1323.54260253906
"Luanda","Rangel","Terra Nova",2014,1302.38525390625
"Luanda","Rangel","Terra Nova",2015,1016.51086425781
"Luanda","Rangel","Terra Nova",2016,1040.05541992188
"Luanda","Rangel","Terra Nova",2017,1008.71618652344
"Luanda","Rangel","Terra Nova",2018,1228.693359375
"Luanda","Rangel","Terra Nova",2019,1234.69689941406
"Luanda","Rangel","Terra Nova",2020,1092.1650390625
"Luanda","Rangel","Terra Nova",2021,1170.67333984375
"Luanda","Rangel","Terra Nova",2022,1154.02783203125
"Luanda","Rangel","Terra Nova",2023,1065.78149414062
"Luanda","Rangel","Terra Nova",2024,1074.31604003906
"Luanda","Samba","Benfica",2012,3443.99243164062
"Luanda","Samba","Benfica",2013,4961.45166015625
"Luanda","Samba","Benfica",2014,6076.13720703125
"Luanda","Samba","Benfica",2015,6434.45556640625
"Luanda","Samba","Benfica",2016,6442.41015625
"Luanda","Samba","Benfica",2017,8065.27734375
"Luanda","Samba","Benfica",2018,9679.791015625
"Luanda","Samba","Benfica",2019,11383.69140625
"Luanda","Samba","Benfica",2020,10877.7451171875
"Luanda","Samba","Benfica",2021,12250.294921875
"Luanda","Samba","Benfica",2022,13452.875
"Luanda","Samba","Benfica",2023,13347.6533203125
"Luanda","Samba","Benfica",2024,14395.58203125
"Luanda","Samba","Futungo de Belas",2012,8247.7978515625
"Luanda","Samba","Futungo de Belas",2013,10441.525390625
"Luanda","Samba","Futungo de Belas",2014,11237.2333984375
"Luanda","Samba","Futungo de Belas",2015,10045.5224609375
"Luanda","Samba","Futungo de Belas",2016,10872.4873046875
"Luanda","Samba","Futungo de Belas",2017,11590.7265625
"Luanda","Samba","Futungo de Belas",2018,12930.8896484375
"Luanda","Samba","Futungo de Belas",2019,13599.4306640625
"Luanda","Samba","Futungo de Belas",2020,12130.65234375
"Luanda","Samba","Futungo de Belas",2021,12495.5908203125
"Luanda","Samba","Futungo de Belas",2022,13271.810546875
"Luanda","Samba","Futungo de Belas",2023,12874.677734375
"Luanda","Samba","Futungo de Belas",2024,13670.0234375
"Luanda","Samba","Mussulo",2012,245.720550537109
"Luanda","Samba","Mussulo",2013,272.249603271484
"Luanda","Samba","Mussulo",2014,276.306121826172
"Luanda","Samba","Mussulo",2015,271.132110595703
"Luanda","Samba","Mussulo",2016,243.248382568359
"Luanda","Samba","Mussulo",2017,253.211776733398
"Luanda","Samba","Mussulo",2018,227.957489013672
"Luanda","Samba","Mussulo",2019,245.269927978516
"Luanda","Samba","Mussulo",2020,224.545700073242
"Luanda","Samba","Mussulo",2021,252.371765136719
"Luanda","Samba","Mussulo",2022,340.794555664062
"Luanda","Samba","Mussulo",2023,320.383209228516
"Luanda","Samba","Mussulo",2024,265.1328125
"Luanda","Samba","Samba",2012,446.897521972656
"Luanda","Samba","Samba",2013,496.291625976562
"Luanda","Samba","Samba",2014,544.01611328125
"Luanda","Samba","Samba",2015,421.611419677734
"Luanda","Samba","Samba",2016,448.137115478516
"Luanda","Samba","Samba",2017,464.929504394531
"Luanda","Samba","Samba",2018,513.669128417969
"Luanda","Samba","Samba",2019,528.085083007812
"Luanda","Samba","Samba",2020,443.780334472656
"Luanda","Samba","Samba",2021,479.350769042969
"Luanda","Samba","Samba",2022,503.601257324219
"Luanda","Samba","Samba",2023,455.670227050781
"Luanda","Samba","Samba",2024,470.0087890625
"Luanda","Sambizanga","N'gola Kilwanji",2012,1928.828125
"Luanda","Sambizanga","N'gola Kilwanji",2013,2503.73071289062
"Luanda","Sambizanga","N'gola Kilwanji",2014,2468.42797851562
"Luanda","Sambizanga","N'gola Kilwanji",2015,1977.23962402344
"Luanda","Sambizanga","N'gola Kilwanji",2016,2162.3154296875
"Luanda","Sambizanga","N'gola Kilwanji",2017,2238.16918945312
"Luanda","Sambizanga","N'gola Kilwanji",2018,2484.48779296875
"Luanda","Sambizanga","N'gola Kilwanji",2019,2429.4541015625
"Luanda","Sambizanga","N'gola Kilwanji",2020,2127.07934570312
"Luanda","Sambizanga","N'gola Kilwanji",2021,2118.68310546875
"Luanda","Sambizanga","N'gola Kilwanji",2022,2742.71411132812
"Luanda","Sambizanga","N'gola Kilwanji",2023,2604.375
"Luanda","Sambizanga","N'gola Kilwanji",2024,3569.1533203125
"Luanda","Sambizanga","Sambizanga",2012,835.585876464844
"Luanda","Sambizanga","Sambizanga",2013,996.308532714844
"Luanda","Sambizanga","Sambizanga",2014,1038.3408203125
"Luanda","Sambizanga","Sambizanga",2015,788.282592773438
"Luanda","Sambizanga","Sambizanga",2016,815.325439453125
"Luanda","Sambizanga","Sambizanga",2017,874.747192382812
"Luanda","Sambizanga","Sambizanga",2018,966.09716796875
"Luanda","Sambizanga","Sambizanga",2019,955.344421386719
"Luanda","Sambizanga","Sambizanga",2020,862.295959472656
"Luanda","Sambizanga","Sambizanga",2021,863.136901855469
"Luanda","Sambizanga","Sambizanga",2022,810.311828613281
"Luanda","Sambizanga","Sambizanga",2023,767.628845214844
"Luanda","Sambizanga","Sambizanga",2024,815.298217773438
"Luanda","Viana","Calumbo",2012,1503.55627441406
"Luanda","Viana","Calumbo",2013,1894.53601074219
"Luanda","Viana","Calumbo",2014,3860.052734375
"Luanda","Viana","Calumbo",2015,3557.86474609375
"Luanda","Viana","Calumbo",2016,3325.71484375
"Luanda","Viana","Calumbo",2017,3111.17626953125
"Luanda","Viana","Calumbo",2018,3417.93408203125
"Luanda","Viana","Calumbo",2019,5192.80078125
"Luanda","Viana","Calumbo",2020,5241.71630859375
"Luanda","Viana","Calumbo",2021,5574.20166015625
"Luanda","Viana","Calumbo",2022,5823.7314453125
"Luanda","Viana","Calumbo",2023,5184.8251953125
"Luanda","Viana","Calumbo",2024,5455.484375
"Luanda","Viana","Viana",2012,330.455688476562
"Luanda","Viana","Viana",2013,349.444061279297
"Luanda","Viana","Viana",2014,418.542358398438
"Luanda","Viana","Viana",2015,206.499969482422
"Luanda","Viana","Viana",2016,193.449142456055
"Luanda","Viana","Viana",2017,404.940673828125
"Luanda","Viana","Viana",2018,361.083801269531
"Luanda","Viana","Viana",2019,467.272064208984
"Luanda","Viana","Viana",2020,537.21630859375
"Luanda","Viana","Viana",2021,492.675323486328
"Luanda","Viana","Viana",2022,1058.384765625
"Luanda","Viana","Viana",2023,1155.08386230469
"Luanda","Viana","Viana",2024,807.771728515625
"Luanda","Viana","Viana Sede",2012,34483.90234375
"Luanda","Viana","Viana Sede",2013,45079
"Luanda","Viana","Viana Sede",2014,53302.203125
"Luanda","Viana","Viana Sede",2015,46397.203125
"Luanda","Viana","Viana Sede",2016,50083.6328125
"Luanda","Viana","Viana Sede",2017,51218.6171875
"Luanda","Viana","Viana Sede",2018,60086.9375
"Luanda","Viana","Viana Sede",2019,63032.72265625
"Luanda","Viana","Viana Sede",2020,59789.30078125
"Luanda","Viana","Viana Sede",2021,62061.3359375
"Luanda","Viana","Viana Sede",2022,65897.15625
"Luanda","Viana","Viana Sede",2023,63237.66796875
"Luanda","Viana","Viana Sede",2024,67476.25
"Lunda Norte","Cambulo","Kachimo",2012,0
"Lunda Norte","Cambulo","Kachimo",2013,0
"Lunda Norte","Cambulo","Kachimo",2014,0.458170205354691
"Lunda Norte","Cambulo","Kachimo",2015,1.5608936548233
"Lunda Norte","Cambulo","Kachimo",2016,0.76786595582962
"Lunda Norte","Cambulo","Kachimo",2017,0
"Lunda Norte","Cambulo","Kachimo",2018,3.27529788017273
"Lunda Norte","Cambulo","Kachimo",2019,5.03619623184204
"Lunda Norte","Cambulo","Kachimo",2020,3.96615147590637
"Lunda Norte","Cambulo","Kachimo",2021,7.2538857460022
"Lunda Norte","Cambulo","Kachimo",2022,4.66757154464722
"Lunda Norte","Cambulo","Kachimo",2023,8.26665019989014
"Lunda Norte","Cambulo","Kachimo",2024,10.943431854248
"Lunda Norte","Cambulo","Kambulo",2012,138.579467773438
"Lunda Norte","Cambulo","Kambulo",2013,109.762237548828
"Lunda Norte","Cambulo","Kambulo",2014,153.671249389648
"Lunda Norte","Cambulo","Kambulo",2015,161.020645141602
"Lunda Norte","Cambulo","Kambulo",2016,165.225677490234
"Lunda Norte","Cambulo","Kambulo",2017,99.9347610473633
"Lunda Norte","Cambulo","Kambulo",2018,93.1812210083008
"Lunda Norte","Cambulo","Kambulo",2019,73.2729339599609
"Lunda Norte","Cambulo","Kambulo",2020,121.138664245605
"Lunda Norte","Cambulo","Kambulo",2021,151.319580078125
"Lunda Norte","Cambulo","Kambulo",2022,238.039779663086
"Lunda Norte","Cambulo","Kambulo",2023,432.009857177734
"Lunda Norte","Cambulo","Kambulo",2024,521.351013183594
"Lunda Norte","Cambulo","Kanzar",2012,3.7755229473114
"Lunda Norte","Cambulo","Kanzar",2013,9.04459285736084
"Lunda Norte","Cambulo","Kanzar",2014,8.00998783111572
"Lunda Norte","Cambulo","Kanzar",2015,5.21501922607422
"Lunda Norte","Cambulo","Kanzar",2016,18.6185646057129
"Lunda Norte","Cambulo","Kanzar",2017,14.0102882385254
"Lunda Norte","Cambulo","Kanzar",2018,42.7966995239258
"Lunda Norte","Cambulo","Kanzar",2019,32.6800498962402
"Lunda Norte","Cambulo","Kanzar",2020,28.3420906066895
"Lunda Norte","Cambulo","Kanzar",2021,100.090866088867
"Lunda Norte","Cambulo","Kanzar",2022,172.539505004883
"Lunda Norte","Cambulo","Kanzar",2023,257.694610595703
"Lunda Norte","Cambulo","Kanzar",2024,442.091033935547
"Lunda Norte","Cambulo","Luia",2012,0
"Lunda Norte","Cambulo","Luia",2013,0
"Lunda Norte","Cambulo","Luia",2014,0
"Lunda Norte","Cambulo","Luia",2015,0
"Lunda Norte","Cambulo","Luia",2016,0
"Lunda Norte","Cambulo","Luia",2017,0
"Lunda Norte","Cambulo","Luia",2018,0
"Lunda Norte","Cambulo","Luia",2019,0
"Lunda Norte","Cambulo","Luia",2020,0
"Lunda Norte","Cambulo","Luia",2021,0
"Lunda Norte","Cambulo","Luia",2022,0
"Lunda Norte","Cambulo","Luia",2023,0
"Lunda Norte","Cambulo","Luia",2024,0
"Lunda Norte","Capenda","Kapenda Kamulemba",2012,0
"Lunda Norte","Capenda","Kapenda Kamulemba",2013,6.17326354980469
"Lunda Norte","Capenda","Kapenda Kamulemba",2014,15.0974950790405
"Lunda Norte","Capenda","Kapenda Kamulemba",2015,11.2176790237427
"Lunda Norte","Capenda","Kapenda Kamulemba",2016,1.96357488632202
"Lunda Norte","Capenda","Kapenda Kamulemba",2017,3.64245772361755
"Lunda Norte","Capenda","Kapenda Kamulemba",2018,1.00361132621765
"Lunda Norte","Capenda","Kapenda Kamulemba",2019,1.39086902141571
"Lunda Norte","Capenda","Kapenda Kamulemba",2020,0
"Lunda Norte","Capenda","Kapenda Kamulemba",2021,39.1334953308105
"Lunda Norte","Capenda","Kapenda Kamulemba",2022,55.5229263305664
"Lunda Norte","Capenda","Kapenda Kamulemba",2023,72.5433044433594
"Lunda Norte","Capenda","Kapenda Kamulemba",2024,66.621940612793
"Lunda Norte","Capenda","Xinge",2012,0
"Lunda Norte","Capenda","Xinge",2013,0
"Lunda Norte","Capenda","Xinge",2014,0.572413206100464
"Lunda Norte","Capenda","Xinge",2015,0
"Lunda Norte","Capenda","Xinge",2016,2.44028282165527
"Lunda Norte","Capenda","Xinge",2017,2.9500207901001
"Lunda Norte","Capenda","Xinge",2018,14.1127681732178
"Lunda Norte","Capenda","Xinge",2019,22.1420745849609
"Lunda Norte","Capenda","Xinge",2020,16.721263885498
"Lunda Norte","Capenda","Xinge",2021,75.0144348144531
"Lunda Norte","Capenda","Xinge",2022,86.3179779052734
"Lunda Norte","Capenda","Xinge",2023,91.416259765625
"Lunda Norte","Capenda","Xinge",2024,113.096466064453
"Lunda Norte","Caungula","Camaxilo",2012,0
"Lunda Norte","Caungula","Camaxilo",2013,0
"Lunda Norte","Caungula","Camaxilo",2014,3.44315075874329
"Lunda Norte","Caungula","Camaxilo",2015,1.27140879631042
"Lunda Norte","Caungula","Camaxilo",2016,0
"Lunda Norte","Caungula","Camaxilo",2017,0
"Lunda Norte","Caungula","Camaxilo",2018,0
"Lunda Norte","Caungula","Camaxilo",2019,0
"Lunda Norte","Caungula","Camaxilo",2020,0
"Lunda Norte","Caungula","Camaxilo",2021,0
"Lunda Norte","Caungula","Camaxilo",2022,0
"Lunda Norte","Caungula","Camaxilo",2023,0
"Lunda Norte","Caungula","Camaxilo",2024,0
"Lunda Norte","Caungula","Kaungula",2012,0
"Lunda Norte","Caungula","Kaungula",2013,10.7787084579468
"Lunda Norte","Caungula","Kaungula",2014,11.3806858062744
"Lunda Norte","Caungula","Kaungula",2015,10.4933567047119
"Lunda Norte","Caungula","Kaungula",2016,4.70704174041748
"Lunda Norte","Caungula","Kaungula",2017,1.72927129268646
"Lunda Norte","Caungula","Kaungula",2018,0
"Lunda Norte","Caungula","Kaungula",2019,0
"Lunda Norte","Caungula","Kaungula",2020,0
"Lunda Norte","Caungula","Kaungula",2021,0
"Lunda Norte","Caungula","Kaungula",2022,2.35910844802856
"Lunda Norte","Caungula","Kaungula",2023,31.4362926483154
"Lunda Norte","Caungula","Kaungula",2024,13.7208118438721
"Lunda Norte","Chitato","Chitato",2012,28.2672691345215
"Lunda Norte","Chitato","Chitato",2013,31.7953472137451
"Lunda Norte","Chitato","Chitato",2014,61.2202186584473
"Lunda Norte","Chitato","Chitato",2015,48.589241027832
"Lunda Norte","Chitato","Chitato",2016,41.8911285400391
"Lunda Norte","Chitato","Chitato",2017,28.0343036651611
"Lunda Norte","Chitato","Chitato",2018,17.4225578308105
"Lunda Norte","Chitato","Chitato",2019,12.8327884674072
"Lunda Norte","Chitato","Chitato",2020,14.9902667999268
"Lunda Norte","Chitato","Chitato",2021,8.27331066131592
"Lunda Norte","Chitato","Chitato",2022,9.03152275085449
"Lunda Norte","Chitato","Chitato",2023,22.4313316345215
"Lunda Norte","Chitato","Chitato",2024,24.0325164794922
"Lunda Norte","Chitato","Lovua",2012,0
"Lunda Norte","Chitato","Lovua",2013,15.9698181152344
"Lunda Norte","Chitato","Lovua",2014,0
"Lunda Norte","Chitato","Lovua",2015,0
"Lunda Norte","Chitato","Lovua",2016,0
"Lunda Norte","Chitato","Lovua",2017,0
"Lunda Norte","Chitato","Lovua",2018,0
"Lunda Norte","Chitato","Lovua",2019,0
"Lunda Norte","Chitato","Lovua",2020,0
"Lunda Norte","Chitato","Lovua",2021,18.2609901428223
"Lunda Norte","Chitato","Lovua",2022,11.6327447891235
"Lunda Norte","Chitato","Lovua",2023,6.11592578887939
"Lunda Norte","Chitato","Lovua",2024,5.20346403121948
"Lunda Norte","Chitato","Luachimo",2012,1156.04809570312
"Lunda Norte","Chitato","Luachimo",2013,1185.28454589844
"Lunda Norte","Chitato","Luachimo",2014,2001.48596191406
"Lunda Norte","Chitato","Luachimo",2015,1917.05712890625
"Lunda Norte","Chitato","Luachimo",2016,1881.05639648438
"Lunda Norte","Chitato","Luachimo",2017,1344.95031738281
"Lunda Norte","Chitato","Luachimo",2018,1108.69689941406
"Lunda Norte","Chitato","Luachimo",2019,962.218811035156
"Lunda Norte","Chitato","Luachimo",2020,1094.25610351562
"Lunda Norte","Chitato","Luachimo",2021,899.220275878906
"Lunda Norte","Chitato","Luachimo",2022,807.964782714844
"Lunda Norte","Chitato","Luachimo",2023,1407.77368164062
"Lunda Norte","Chitato","Luachimo",2024,1607.38928222656
"Lunda Norte","Cuango","Cuango",2012,64.8924713134766
"Lunda Norte","Cuango","Cuango",2013,61.965705871582
"Lunda Norte","Cuango","Cuango",2014,73.1578674316406
"Lunda Norte","Cuango","Cuango",2015,67.7738418579102
"Lunda Norte","Cuango","Cuango",2016,109.904479980469
"Lunda Norte","Cuango","Cuango",2017,132.147018432617
"Lunda Norte","Cuango","Cuango",2018,131.415237426758
"Lunda Norte","Cuango","Cuango",2019,59.2123374938965
"Lunda Norte","Cuango","Cuango",2020,55.0252151489258
"Lunda Norte","Cuango","Cuango",2021,94.7213897705078
"Lunda Norte","Cuango","Cuango",2022,123.875152587891
"Lunda Norte","Cuango","Cuango",2023,149.656280517578
"Lunda Norte","Cuango","Cuango",2024,148.673187255859
"Lunda Norte","Cuango","Luremo",2012,47.561222076416
"Lunda Norte","Cuango","Luremo",2013,41.7692489624023
"Lunda Norte","Cuango","Luremo",2014,35.1243667602539
"Lunda Norte","Cuango","Luremo",2015,17.0196151733398
"Lunda Norte","Cuango","Luremo",2016,3.97517728805542
"Lunda Norte","Cuango","Luremo",2017,21.6649341583252
"Lunda Norte","Cuango","Luremo",2018,15.1247577667236
"Lunda Norte","Cuango","Luremo",2019,18.0200347900391
"Lunda Norte","Cuango","Luremo",2020,18.9846725463867
"Lunda Norte","Cuango","Luremo",2021,16.2357521057129
"Lunda Norte","Cuango","Luremo",2022,24.5809326171875
"Lunda Norte","Cuango","Luremo",2023,49.5822677612305
"Lunda Norte","Cuango","Luremo",2024,25.9449996948242
"Lunda Norte","Cuilo","Caluango",2012,0
"Lunda Norte","Cuilo","Caluango",2013,0
"Lunda Norte","Cuilo","Caluango",2014,0
"Lunda Norte","Cuilo","Caluango",2015,0
"Lunda Norte","Cuilo","Caluango",2016,0
"Lunda Norte","Cuilo","Caluango",2017,0
"Lunda Norte","Cuilo","Caluango",2018,0
"Lunda Norte","Cuilo","Caluango",2019,0
"Lunda Norte","Cuilo","Caluango",2020,0
"Lunda Norte","Cuilo","Caluango",2021,0
"Lunda Norte","Cuilo","Caluango",2022,0
"Lunda Norte","Cuilo","Caluango",2023,0
"Lunda Norte","Cuilo","Caluango",2024,0
"Lunda Norte","Cuilo","Cuilo",2012,0
"Lunda Norte","Cuilo","Cuilo",2013,15.5650539398193
"Lunda Norte","Cuilo","Cuilo",2014,42.6449203491211
"Lunda Norte","Cuilo","Cuilo",2015,37.5524711608887
"Lunda Norte","Cuilo","Cuilo",2016,46.1069793701172
"Lunda Norte","Cuilo","Cuilo",2017,0
"Lunda Norte","Cuilo","Cuilo",2018,0
"Lunda Norte","Cuilo","Cuilo",2019,0
"Lunda Norte","Cuilo","Cuilo",2020,1.43183350563049
"Lunda Norte","Cuilo","Cuilo",2021,1.12813425064087
"Lunda Norte","Cuilo","Cuilo",2022,1.30835461616516
"Lunda Norte","Cuilo","Cuilo",2023,1.04553318023682
"Lunda Norte","Cuilo","Cuilo",2024,5.06948232650757
"Lunda Norte","Lubalo","Luangue",2012,0
"Lunda Norte","Lubalo","Luangue",2013,0
"Lunda Norte","Lubalo","Luangue",2014,0
"Lunda Norte","Lubalo","Luangue",2015,0
"Lunda Norte","Lubalo","Luangue",2016,0
"Lunda Norte","Lubalo","Luangue",2017,0
"Lunda Norte","Lubalo","Luangue",2018,0
"Lunda Norte","Lubalo","Luangue",2019,0
"Lunda Norte","Lubalo","Luangue",2020,0
"Lunda Norte","Lubalo","Luangue",2021,0
"Lunda Norte","Lubalo","Luangue",2022,0
"Lunda Norte","Lubalo","Luangue",2023,0
"Lunda Norte","Lubalo","Luangue",2024,0
"Lunda Norte","Lubalo","Lubalo",2012,0
"Lunda Norte","Lubalo","Lubalo",2013,0
"Lunda Norte","Lubalo","Lubalo",2014,0
"Lunda Norte","Lubalo","Lubalo",2015,0
"Lunda Norte","Lubalo","Lubalo",2016,0
"Lunda Norte","Lubalo","Lubalo",2017,0
"Lunda Norte","Lubalo","Lubalo",2018,0
"Lunda Norte","Lubalo","Lubalo",2019,0
"Lunda Norte","Lubalo","Lubalo",2020,0
"Lunda Norte","Lubalo","Lubalo",2021,0
"Lunda Norte","Lubalo","Lubalo",2022,0.500283062458038
"Lunda Norte","Lubalo","Lubalo",2023,0
"Lunda Norte","Lubalo","Lubalo",2024,0
"Lunda Norte","Lubalo","Muvulage",2012,0
"Lunda Norte","Lubalo","Muvulage",2013,0
"Lunda Norte","Lubalo","Muvulage",2014,0
"Lunda Norte","Lubalo","Muvulage",2015,0
"Lunda Norte","Lubalo","Muvulage",2016,0
"Lunda Norte","Lubalo","Muvulage",2017,0
"Lunda Norte","Lubalo","Muvulage",2018,0
"Lunda Norte","Lubalo","Muvulage",2019,0
"Lunda Norte","Lubalo","Muvulage",2020,0
"Lunda Norte","Lubalo","Muvulage",2021,0
"Lunda Norte","Lubalo","Muvulage",2022,0
"Lunda Norte","Lubalo","Muvulage",2023,0
"Lunda Norte","Lubalo","Muvulage",2024,0
"Lunda Norte","Lucapa","Camissombo",2012,36.9700241088867
"Lunda Norte","Lucapa","Camissombo",2013,56.9547233581543
"Lunda Norte","Lucapa","Camissombo",2014,56.8003768920898
"Lunda Norte","Lucapa","Camissombo",2015,55.2545776367188
"Lunda Norte","Lucapa","Camissombo",2016,45.6964836120605
"Lunda Norte","Lucapa","Camissombo",2017,50.038158416748
"Lunda Norte","Lucapa","Camissombo",2018,45.4337882995605
"Lunda Norte","Lucapa","Camissombo",2019,53.7339630126953
"Lunda Norte","Lucapa","Camissombo",2020,50.2286720275879
"Lunda Norte","Lucapa","Camissombo",2021,106.726142883301
"Lunda Norte","Lucapa","Camissombo",2022,251.208969116211
"Lunda Norte","Lucapa","Camissombo",2023,271.925170898438
"Lunda Norte","Lucapa","Camissombo",2024,265.580474853516
"Lunda Norte","Lucapa","Capaia",2012,125.677085876465
"Lunda Norte","Lucapa","Capaia",2013,128.070861816406
"Lunda Norte","Lucapa","Capaia",2014,104.624954223633
"Lunda Norte","Lucapa","Capaia",2015,81.009895324707
"Lunda Norte","Lucapa","Capaia",2016,74.4339752197266
"Lunda Norte","Lucapa","Capaia",2017,50.5243110656738
"Lunda Norte","Lucapa","Capaia",2018,78.1154251098633
"Lunda Norte","Lucapa","Capaia",2019,64.8382949829102
"Lunda Norte","Lucapa","Capaia",2020,65.1501770019531
"Lunda Norte","Lucapa","Capaia",2021,51.6119651794434
"Lunda Norte","Lucapa","Capaia",2022,119.29377746582
"Lunda Norte","Lucapa","Capaia",2023,122.03205871582
"Lunda Norte","Lucapa","Capaia",2024,93.2792892456055
"Lunda Norte","Lucapa","Lucapa",2012,59.9201583862305
"Lunda Norte","Lucapa","Lucapa",2013,98.464729309082
"Lunda Norte","Lucapa","Lucapa",2014,125.260566711426
"Lunda Norte","Lucapa","Lucapa",2015,125.168739318848
"Lunda Norte","Lucapa","Lucapa",2016,120.391784667969
"Lunda Norte","Lucapa","Lucapa",2017,87.3030471801758
"Lunda Norte","Lucapa","Lucapa",2018,106.407493591309
"Lunda Norte","Lucapa","Lucapa",2019,47.2324447631836
"Lunda Norte","Lucapa","Lucapa",2020,53.5323638916016
"Lunda Norte","Lucapa","Lucapa",2021,129.010971069336
"Lunda Norte","Lucapa","Lucapa",2022,134.065673828125
"Lunda Norte","Lucapa","Lucapa",2023,157.548736572266
"Lunda Norte","Lucapa","Lucapa",2024,147.03776550293
"Lunda Norte","Lucapa","Xa-Cassau",2012,14.4057846069336
"Lunda Norte","Lucapa","Xa-Cassau",2013,33.1181831359863
"Lunda Norte","Lucapa","Xa-Cassau",2014,26.9963722229004
"Lunda Norte","Lucapa","Xa-Cassau",2015,21.4601573944092
"Lunda Norte","Lucapa","Xa-Cassau",2016,2.46869254112244
"Lunda Norte","Lucapa","Xa-Cassau",2017,0.930497288703918
"Lunda Norte","Lucapa","Xa-Cassau",2018,6.20380687713623
"Lunda Norte","Lucapa","Xa-Cassau",2019,2.20245313644409
"Lunda Norte","Lucapa","Xa-Cassau",2020,0
"Lunda Norte","Lucapa","Xa-Cassau",2021,0
"Lunda Norte","Lucapa","Xa-Cassau",2022,4.11299848556519
"Lunda Norte","Lucapa","Xa-Cassau",2023,110.956497192383
"Lunda Norte","Lucapa","Xa-Cassau",2024,112.248146057129
"Lunda Norte","Xá Muteba","Cassange",2012,21.6774425506592
"Lunda Norte","Xá Muteba","Cassange",2013,20.221923828125
"Lunda Norte","Xá Muteba","Cassange",2014,13.0046215057373
"Lunda Norte","Xá Muteba","Cassange",2015,2.431480884552
"Lunda Norte","Xá Muteba","Cassange",2016,0.531192362308502
"Lunda Norte","Xá Muteba","Cassange",2017,3.8742835521698
"Lunda Norte","Xá Muteba","Cassange",2018,7.88079023361206
"Lunda Norte","Xá Muteba","Cassange",2019,7.86052894592285
"Lunda Norte","Xá Muteba","Cassange",2020,3.50974225997925
"Lunda Norte","Xá Muteba","Cassange",2021,6.47273445129395
"Lunda Norte","Xá Muteba","Cassange",2022,5.1174521446228
"Lunda Norte","Xá Muteba","Cassange",2023,4.78351497650146
"Lunda Norte","Xá Muteba","Cassange",2024,2.47038888931274
"Lunda Norte","Xá Muteba","Iongo",2012,35.0667495727539
"Lunda Norte","Xá Muteba","Iongo",2013,42.606517791748
"Lunda Norte","Xá Muteba","Iongo",2014,36.0652389526367
"Lunda Norte","Xá Muteba","Iongo",2015,25.6729278564453
"Lunda Norte","Xá Muteba","Iongo",2016,14.8477983474731
"Lunda Norte","Xá Muteba","Iongo",2017,28.3426761627197
"Lunda Norte","Xá Muteba","Iongo",2018,50.3489608764648
"Lunda Norte","Xá Muteba","Iongo",2019,47.6648216247559
"Lunda Norte","Xá Muteba","Iongo",2020,44.7284317016602
"Lunda Norte","Xá Muteba","Iongo",2021,43.9138679504395
"Lunda Norte","Xá Muteba","Iongo",2022,58.2120819091797
"Lunda Norte","Xá Muteba","Iongo",2023,78.1809997558594
"Lunda Norte","Xá Muteba","Iongo",2024,64.2219924926758
"Lunda Norte","Xá Muteba","Quitapa",2012,0
"Lunda Norte","Xá Muteba","Quitapa",2013,0
"Lunda Norte","Xá Muteba","Quitapa",2014,0
"Lunda Norte","Xá Muteba","Quitapa",2015,0
"Lunda Norte","Xá Muteba","Quitapa",2016,0
"Lunda Norte","Xá Muteba","Quitapa",2017,0
"Lunda Norte","Xá Muteba","Quitapa",2018,0
"Lunda Norte","Xá Muteba","Quitapa",2019,0
"Lunda Norte","Xá Muteba","Quitapa",2020,0
"Lunda Norte","Xá Muteba","Quitapa",2021,0
"Lunda Norte","Xá Muteba","Quitapa",2022,0
"Lunda Norte","Xá Muteba","Quitapa",2023,0
"Lunda Norte","Xá Muteba","Quitapa",2024,0
"Lunda Norte","Xá Muteba","XaMuteba",2012,45.0486793518066
"Lunda Norte","Xá Muteba","XaMuteba",2013,37.6042022705078
"Lunda Norte","Xá Muteba","XaMuteba",2014,55.1711349487305
"Lunda Norte","Xá Muteba","XaMuteba",2015,53.476676940918
"Lunda Norte","Xá Muteba","XaMuteba",2016,63.7942161560059
"Lunda Norte","Xá Muteba","XaMuteba",2017,52.9403839111328
"Lunda Norte","Xá Muteba","XaMuteba",2018,56.2063026428223
"Lunda Norte","Xá Muteba","XaMuteba",2019,39.7389297485352
"Lunda Norte","Xá Muteba","XaMuteba",2020,40.2280960083008
"Lunda Norte","Xá Muteba","XaMuteba",2021,45.1114692687988
"Lunda Norte","Xá Muteba","XaMuteba",2022,46.5542182922363
"Lunda Norte","Xá Muteba","XaMuteba",2023,116.536590576172
"Lunda Norte","Xá Muteba","XaMuteba",2024,102.146255493164
"Lunda Sul","Cacolo","Alto-Chicapa",2012,0
"Lunda Sul","Cacolo","Alto-Chicapa",2013,0
"Lunda Sul","Cacolo","Alto-Chicapa",2014,0
"Lunda Sul","Cacolo","Alto-Chicapa",2015,0
"Lunda Sul","Cacolo","Alto-Chicapa",2016,0
"Lunda Sul","Cacolo","Alto-Chicapa",2017,0
"Lunda Sul","Cacolo","Alto-Chicapa",2018,0
"Lunda Sul","Cacolo","Alto-Chicapa",2019,0
"Lunda Sul","Cacolo","Alto-Chicapa",2020,0
"Lunda Sul","Cacolo","Alto-Chicapa",2021,0
"Lunda Sul","Cacolo","Alto-Chicapa",2022,0
"Lunda Sul","Cacolo","Alto-Chicapa",2023,0
"Lunda Sul","Cacolo","Alto-Chicapa",2024,2.21499562263489
"Lunda Sul","Cacolo","Cacolo",2012,3.27358436584473
"Lunda Sul","Cacolo","Cacolo",2013,4.51979541778564
"Lunda Sul","Cacolo","Cacolo",2014,2.76810932159424
"Lunda Sul","Cacolo","Cacolo",2015,3.86154222488403
"Lunda Sul","Cacolo","Cacolo",2016,7.57888221740723
"Lunda Sul","Cacolo","Cacolo",2017,8.41243553161621
"Lunda Sul","Cacolo","Cacolo",2018,0
"Lunda Sul","Cacolo","Cacolo",2019,0
"Lunda Sul","Cacolo","Cacolo",2020,0
"Lunda Sul","Cacolo","Cacolo",2021,25.4416427612305
"Lunda Sul","Cacolo","Cacolo",2022,52.6485023498535
"Lunda Sul","Cacolo","Cacolo",2023,53.6641502380371
"Lunda Sul","Cacolo","Cacolo",2024,29.6431694030762
"Lunda Sul","Cacolo","Cucumbi",2012,0
"Lunda Sul","Cacolo","Cucumbi",2013,0
"Lunda Sul","Cacolo","Cucumbi",2014,0
"Lunda Sul","Cacolo","Cucumbi",2015,0
"Lunda Sul","Cacolo","Cucumbi",2016,0
"Lunda Sul","Cacolo","Cucumbi",2017,0
"Lunda Sul","Cacolo","Cucumbi",2018,0
"Lunda Sul","Cacolo","Cucumbi",2019,0
"Lunda Sul","Cacolo","Cucumbi",2020,0
"Lunda Sul","Cacolo","Cucumbi",2021,0
"Lunda Sul","Cacolo","Cucumbi",2022,0
"Lunda Sul","Cacolo","Cucumbi",2023,0
"Lunda Sul","Cacolo","Cucumbi",2024,0
"Lunda Sul","Cacolo","Xassengue",2012,0
"Lunda Sul","Cacolo","Xassengue",2013,0
"Lunda Sul","Cacolo","Xassengue",2014,0
"Lunda Sul","Cacolo","Xassengue",2015,0
"Lunda Sul","Cacolo","Xassengue",2016,0
"Lunda Sul","Cacolo","Xassengue",2017,0
"Lunda Sul","Cacolo","Xassengue",2018,0
"Lunda Sul","Cacolo","Xassengue",2019,0
"Lunda Sul","Cacolo","Xassengue",2020,0
"Lunda Sul","Cacolo","Xassengue",2021,0
"Lunda Sul","Cacolo","Xassengue",2022,0
"Lunda Sul","Cacolo","Xassengue",2023,0
"Lunda Sul","Cacolo","Xassengue",2024,0
"Lunda Sul","Dala","Cazage",2012,13.4886798858643
"Lunda Sul","Dala","Cazage",2013,0
"Lunda Sul","Dala","Cazage",2014,0
"Lunda Sul","Dala","Cazage",2015,0
"Lunda Sul","Dala","Cazage",2016,0
"Lunda Sul","Dala","Cazage",2017,0
"Lunda Sul","Dala","Cazage",2018,0
"Lunda Sul","Dala","Cazage",2019,0
"Lunda Sul","Dala","Cazage",2020,0
"Lunda Sul","Dala","Cazage",2021,0
"Lunda Sul","Dala","Cazage",2022,0
"Lunda Sul","Dala","Cazage",2023,0
"Lunda Sul","Dala","Cazage",2024,0
"Lunda Sul","Dala","Dala",2012,1.97040677070618
"Lunda Sul","Dala","Dala",2013,14.3316049575806
"Lunda Sul","Dala","Dala",2014,16.0558910369873
"Lunda Sul","Dala","Dala",2015,16.1300926208496
"Lunda Sul","Dala","Dala",2016,30.1444263458252
"Lunda Sul","Dala","Dala",2017,68.0998077392578
"Lunda Sul","Dala","Dala",2018,66.1114730834961
"Lunda Sul","Dala","Dala",2019,57.4999542236328
"Lunda Sul","Dala","Dala",2020,51.9112968444824
"Lunda Sul","Dala","Dala",2021,53.1292037963867
"Lunda Sul","Dala","Dala",2022,55.2477722167969
"Lunda Sul","Dala","Dala",2023,77.5258941650391
"Lunda Sul","Dala","Dala",2024,73.4844741821289
"Lunda Sul","Dala","Luma Cassai",2012,0
"Lunda Sul","Dala","Luma Cassai",2013,0
"Lunda Sul","Dala","Luma Cassai",2014,0
"Lunda Sul","Dala","Luma Cassai",2015,0
"Lunda Sul","Dala","Luma Cassai",2016,0
"Lunda Sul","Dala","Luma Cassai",2017,0
"Lunda Sul","Dala","Luma Cassai",2018,0
"Lunda Sul","Dala","Luma Cassai",2019,0
"Lunda Sul","Dala","Luma Cassai",2020,0
"Lunda Sul","Dala","Luma Cassai",2021,0
"Lunda Sul","Dala","Luma Cassai",2022,0
"Lunda Sul","Dala","Luma Cassai",2023,0
"Lunda Sul","Dala","Luma Cassai",2024,0
"Lunda Sul","Muconda","Cassai",2012,0
"Lunda Sul","Muconda","Cassai",2013,0
"Lunda Sul","Muconda","Cassai",2014,0.479709714651108
"Lunda Sul","Muconda","Cassai",2015,0
"Lunda Sul","Muconda","Cassai",2016,0
"Lunda Sul","Muconda","Cassai",2017,0
"Lunda Sul","Muconda","Cassai",2018,0
"Lunda Sul","Muconda","Cassai",2019,0
"Lunda Sul","Muconda","Cassai",2020,0
"Lunda Sul","Muconda","Cassai",2021,0
"Lunda Sul","Muconda","Cassai",2022,0
"Lunda Sul","Muconda","Cassai",2023,0
"Lunda Sul","Muconda","Cassai",2024,0
"Lunda Sul","Muconda","Chiluange",2012,0
"Lunda Sul","Muconda","Chiluange",2013,0
"Lunda Sul","Muconda","Chiluange",2014,0
"Lunda Sul","Muconda","Chiluange",2015,0
"Lunda Sul","Muconda","Chiluange",2016,0
"Lunda Sul","Muconda","Chiluange",2017,0
"Lunda Sul","Muconda","Chiluange",2018,0
"Lunda Sul","Muconda","Chiluange",2019,0
"Lunda Sul","Muconda","Chiluange",2020,0
"Lunda Sul","Muconda","Chiluange",2021,0
"Lunda Sul","Muconda","Chiluange",2022,0
"Lunda Sul","Muconda","Chiluange",2023,0
"Lunda Sul","Muconda","Chiluange",2024,0
"Lunda Sul","Muconda","Muconda",2012,8.56013774871826
"Lunda Sul","Muconda","Muconda",2013,8.06542015075684
"Lunda Sul","Muconda","Muconda",2014,6.97598743438721
"Lunda Sul","Muconda","Muconda",2015,3.18924927711487
"Lunda Sul","Muconda","Muconda",2016,0.542145907878876
"Lunda Sul","Muconda","Muconda",2017,0
"Lunda Sul","Muconda","Muconda",2018,0
"Lunda Sul","Muconda","Muconda",2019,0
"Lunda Sul","Muconda","Muconda",2020,0
"Lunda Sul","Muconda","Muconda",2021,0
"Lunda Sul","Muconda","Muconda",2022,0
"Lunda Sul","Muconda","Muconda",2023,0
"Lunda Sul","Muconda","Muconda",2024,0
"Lunda Sul","Muconda","Muriege",2012,0
"Lunda Sul","Muconda","Muriege",2013,0
"Lunda Sul","Muconda","Muriege",2014,0
"Lunda Sul","Muconda","Muriege",2015,0.649787306785583
"Lunda Sul","Muconda","Muriege",2016,0
"Lunda Sul","Muconda","Muriege",2017,1.66754376888275
"Lunda Sul","Muconda","Muriege",2018,15.3172721862793
"Lunda Sul","Muconda","Muriege",2019,15.9059658050537
"Lunda Sul","Muconda","Muriege",2020,11.1614465713501
"Lunda Sul","Muconda","Muriege",2021,11.5106534957886
"Lunda Sul","Muconda","Muriege",2022,0.528911113739014
"Lunda Sul","Muconda","Muriege",2023,0
"Lunda Sul","Muconda","Muriege",2024,0
"Lunda Sul","Saurimo","Mona Quimbundo",2012,0
"Lunda Sul","Saurimo","Mona Quimbundo",2013,0
"Lunda Sul","Saurimo","Mona Quimbundo",2014,0
"Lunda Sul","Saurimo","Mona Quimbundo",2015,0
"Lunda Sul","Saurimo","Mona Quimbundo",2016,3.19511985778809
"Lunda Sul","Saurimo","Mona Quimbundo",2017,83.3739318847656
"Lunda Sul","Saurimo","Mona Quimbundo",2018,149.924865722656
"Lunda Sul","Saurimo","Mona Quimbundo",2019,138.252975463867
"Lunda Sul","Saurimo","Mona Quimbundo",2020,101.178131103516
"Lunda Sul","Saurimo","Mona Quimbundo",2021,135.546966552734
"Lunda Sul","Saurimo","Mona Quimbundo",2022,235.002731323242
"Lunda Sul","Saurimo","Mona Quimbundo",2023,257.151672363281
"Lunda Sul","Saurimo","Mona Quimbundo",2024,368.456176757812
"Lunda Sul","Saurimo","Saurimo",2012,3046.52221679688
"Lunda Sul","Saurimo","Saurimo",2013,3306.49633789062
"Lunda Sul","Saurimo","Saurimo",2014,3690.0693359375
"Lunda Sul","Saurimo","Saurimo",2015,3549.64501953125
"Lunda Sul","Saurimo","Saurimo",2016,3269.697265625
"Lunda Sul","Saurimo","Saurimo",2017,2594.17358398438
"Lunda Sul","Saurimo","Saurimo",2018,2951.13525390625
"Lunda Sul","Saurimo","Saurimo",2019,2887.78198242188
"Lunda Sul","Saurimo","Saurimo",2020,3075.0185546875
"Lunda Sul","Saurimo","Saurimo",2021,3652.21264648438
"Lunda Sul","Saurimo","Saurimo",2022,4664.56591796875
"Lunda Sul","Saurimo","Saurimo",2023,4873.99609375
"Lunda Sul","Saurimo","Saurimo",2024,4858.01953125
"Lunda Sul","Saurimo","Sombo",2012,0
"Lunda Sul","Saurimo","Sombo",2013,0
"Lunda Sul","Saurimo","Sombo",2014,0
"Lunda Sul","Saurimo","Sombo",2015,0
"Lunda Sul","Saurimo","Sombo",2016,0
"Lunda Sul","Saurimo","Sombo",2017,0
"Lunda Sul","Saurimo","Sombo",2018,0
"Lunda Sul","Saurimo","Sombo",2019,0
"Lunda Sul","Saurimo","Sombo",2020,0
"Lunda Sul","Saurimo","Sombo",2021,0
"Lunda Sul","Saurimo","Sombo",2022,0
"Lunda Sul","Saurimo","Sombo",2023,0
"Lunda Sul","Saurimo","Sombo",2024,0
"Malanje","Cacuzo","Cacuso",2012,187.944046020508
"Malanje","Cacuzo","Cacuso",2013,243.375885009766
"Malanje","Cacuzo","Cacuso",2014,263.556274414062
"Malanje","Cacuzo","Cacuso",2015,303.886016845703
"Malanje","Cacuzo","Cacuso",2016,309.131469726562
"Malanje","Cacuzo","Cacuso",2017,327.320190429688
"Malanje","Cacuzo","Cacuso",2018,315.173004150391
"Malanje","Cacuzo","Cacuso",2019,331.177429199219
"Malanje","Cacuzo","Cacuso",2020,271.860015869141
"Malanje","Cacuzo","Cacuso",2021,290.223114013672
"Malanje","Cacuzo","Cacuso",2022,316.436828613281
"Malanje","Cacuzo","Cacuso",2023,379.475708007812
"Malanje","Cacuzo","Cacuso",2024,343.052032470703
"Malanje","Cacuzo","Kizenga",2012,52.9132652282715
"Malanje","Cacuzo","Kizenga",2013,30.8625221252441
"Malanje","Cacuzo","Kizenga",2014,30.5826778411865
"Malanje","Cacuzo","Kizenga",2015,45.200870513916
"Malanje","Cacuzo","Kizenga",2016,39.4481887817383
"Malanje","Cacuzo","Kizenga",2017,39.0861473083496
"Malanje","Cacuzo","Kizenga",2018,41.4159736633301
"Malanje","Cacuzo","Kizenga",2019,40.8633308410645
"Malanje","Cacuzo","Kizenga",2020,56.146785736084
"Malanje","Cacuzo","Kizenga",2021,48.909984588623
"Malanje","Cacuzo","Kizenga",2022,94.7519607543945
"Malanje","Cacuzo","Kizenga",2023,184.455871582031
"Malanje","Cacuzo","Kizenga",2024,155.919708251953
"Malanje","Cacuzo","Lombe",2012,1.77794742584229
"Malanje","Cacuzo","Lombe",2013,8.01388454437256
"Malanje","Cacuzo","Lombe",2014,2.83886885643005
"Malanje","Cacuzo","Lombe",2015,15.0381011962891
"Malanje","Cacuzo","Lombe",2016,12.2636852264404
"Malanje","Cacuzo","Lombe",2017,5.92731237411499
"Malanje","Cacuzo","Lombe",2018,21.5988864898682
"Malanje","Cacuzo","Lombe",2019,35.2660064697266
"Malanje","Cacuzo","Lombe",2020,24.3502998352051
"Malanje","Cacuzo","Lombe",2021,27.748441696167
"Malanje","Cacuzo","Lombe",2022,28.7170276641846
"Malanje","Cacuzo","Lombe",2023,31.1799201965332
"Malanje","Cacuzo","Lombe",2024,24.7579860687256
"Malanje","Cacuzo","Pungo-Andongo",2012,160.938232421875
"Malanje","Cacuzo","Pungo-Andongo",2013,361.851440429688
"Malanje","Cacuzo","Pungo-Andongo",2014,810.206726074219
"Malanje","Cacuzo","Pungo-Andongo",2015,1298.66760253906
"Malanje","Cacuzo","Pungo-Andongo",2016,1551.88427734375
"Malanje","Cacuzo","Pungo-Andongo",2017,1191.23608398438
"Malanje","Cacuzo","Pungo-Andongo",2018,823.415405273438
"Malanje","Cacuzo","Pungo-Andongo",2019,685.479614257812
"Malanje","Cacuzo","Pungo-Andongo",2020,656.121032714844
"Malanje","Cacuzo","Pungo-Andongo",2021,610.147399902344
"Malanje","Cacuzo","Pungo-Andongo",2022,591.10107421875
"Malanje","Cacuzo","Pungo-Andongo",2023,580.958435058594
"Malanje","Cacuzo","Pungo-Andongo",2024,458.800811767578
"Malanje","Calandula","Calandula",2012,46.2615966796875
"Malanje","Calandula","Calandula",2013,34.915397644043
"Malanje","Calandula","Calandula",2014,17.575963973999
"Malanje","Calandula","Calandula",2015,5.39975166320801
"Malanje","Calandula","Calandula",2016,1.2160233259201
"Malanje","Calandula","Calandula",2017,0
"Malanje","Calandula","Calandula",2018,0
"Malanje","Calandula","Calandula",2019,0
"Malanje","Calandula","Calandula",2020,20.2664890289307
"Malanje","Calandula","Calandula",2021,25.4973907470703
"Malanje","Calandula","Calandula",2022,54.6332473754883
"Malanje","Calandula","Calandula",2023,87.7743606567383
"Malanje","Calandula","Calandula",2024,72.363899230957
"Malanje","Calandula","Kateco-Kangola",2012,0
"Malanje","Calandula","Kateco-Kangola",2013,0
"Malanje","Calandula","Kateco-Kangola",2014,0
"Malanje","Calandula","Kateco-Kangola",2015,0
"Malanje","Calandula","Kateco-Kangola",2016,0
"Malanje","Calandula","Kateco-Kangola",2017,0
"Malanje","Calandula","Kateco-Kangola",2018,0
"Malanje","Calandula","Kateco-Kangola",2019,1.03950166702271
"Malanje","Calandula","Kateco-Kangola",2020,3.7122950553894
"Malanje","Calandula","Kateco-Kangola",2021,14.8411264419556
"Malanje","Calandula","Kateco-Kangola",2022,13.2823829650879
"Malanje","Calandula","Kateco-Kangola",2023,13.5367822647095
"Malanje","Calandula","Kateco-Kangola",2024,10.6567697525024
"Malanje","Calandula","Kinge",2012,0
"Malanje","Calandula","Kinge",2013,0
"Malanje","Calandula","Kinge",2014,0
"Malanje","Calandula","Kinge",2015,0
"Malanje","Calandula","Kinge",2016,0
"Malanje","Calandula","Kinge",2017,0
"Malanje","Calandula","Kinge",2018,0
"Malanje","Calandula","Kinge",2019,0
"Malanje","Calandula","Kinge",2020,0
"Malanje","Calandula","Kinge",2021,0
"Malanje","Calandula","Kinge",2022,0
"Malanje","Calandula","Kinge",2023,0
"Malanje","Calandula","Kinge",2024,0
"Malanje","Calandula","Kota",2012,10.830530166626
"Malanje","Calandula","Kota",2013,6.97631788253784
"Malanje","Calandula","Kota",2014,5.50369215011597
"Malanje","Calandula","Kota",2015,1.28126513957977
"Malanje","Calandula","Kota",2016,0.10998260229826
"Malanje","Calandula","Kota",2017,0
"Malanje","Calandula","Kota",2018,0
"Malanje","Calandula","Kota",2019,0
"Malanje","Calandula","Kota",2020,6.37033987045288
"Malanje","Calandula","Kota",2021,12.7631187438965
"Malanje","Calandula","Kota",2022,16.4826698303223
"Malanje","Calandula","Kota",2023,25.0052680969238
"Malanje","Calandula","Kota",2024,20.0172939300537
"Malanje","Calandula","Kuale",2012,0
"Malanje","Calandula","Kuale",2013,0
"Malanje","Calandula","Kuale",2014,0
"Malanje","Calandula","Kuale",2015,0
"Malanje","Calandula","Kuale",2016,0
"Malanje","Calandula","Kuale",2017,0
"Malanje","Calandula","Kuale",2018,0
"Malanje","Calandula","Kuale",2019,0.256547570228577
"Malanje","Calandula","Kuale",2020,2.80769515037537
"Malanje","Calandula","Kuale",2021,4.12008047103882
"Malanje","Calandula","Kuale",2022,6.5433235168457
"Malanje","Calandula","Kuale",2023,6.65846395492554
"Malanje","Calandula","Kuale",2024,6.27992010116577
"Malanje","Cambundi-Catembo","Dumba Kabango",2012,2.13472509384155
"Malanje","Cambundi-Catembo","Dumba Kabango",2013,3.19277095794678
"Malanje","Cambundi-Catembo","Dumba Kabango",2014,0
"Malanje","Cambundi-Catembo","Dumba Kabango",2015,0
"Malanje","Cambundi-Catembo","Dumba Kabango",2016,0
"Malanje","Cambundi-Catembo","Dumba Kabango",2017,0
"Malanje","Cambundi-Catembo","Dumba Kabango",2018,0
"Malanje","Cambundi-Catembo","Dumba Kabango",2019,0
"Malanje","Cambundi-Catembo","Dumba Kabango",2020,0
"Malanje","Cambundi-Catembo","Dumba Kabango",2021,0
"Malanje","Cambundi-Catembo","Dumba Kabango",2022,0
"Malanje","Cambundi-Catembo","Dumba Kabango",2023,0
"Malanje","Cambundi-Catembo","Dumba Kabango",2024,0
"Malanje","Cambundi-Catembo","Kambundi-Katembo",2012,0
"Malanje","Cambundi-Catembo","Kambundi-Katembo",2013,0
"Malanje","Cambundi-Catembo","Kambundi-Katembo",2014,0
"Malanje","Cambundi-Catembo","Kambundi-Katembo",2015,10.924919128418
"Malanje","Cambundi-Catembo","Kambundi-Katembo",2016,0
"Malanje","Cambundi-Catembo","Kambundi-Katembo",2017,2.61651277542114
"Malanje","Cambundi-Catembo","Kambundi-Katembo",2018,6.22643232345581
"Malanje","Cambundi-Catembo","Kambundi-Katembo",2019,1.96082174777985
"Malanje","Cambundi-Catembo","Kambundi-Katembo",2020,0.550275862216949
"Malanje","Cambundi-Catembo","Kambundi-Katembo",2021,0
"Malanje","Cambundi-Catembo","Kambundi-Katembo",2022,14.0627498626709
"Malanje","Cambundi-Catembo","Kambundi-Katembo",2023,15.9710912704468
"Malanje","Cambundi-Catembo","Kambundi-Katembo",2024,5.24897289276123
"Malanje","Cambundi-Catembo","Tala-Mungongo",2012,0
"Malanje","Cambundi-Catembo","Tala-Mungongo",2013,0
"Malanje","Cambundi-Catembo","Tala-Mungongo",2014,0
"Malanje","Cambundi-Catembo","Tala-Mungongo",2015,0
"Malanje","Cambundi-Catembo","Tala-Mungongo",2016,0
"Malanje","Cambundi-Catembo","Tala-Mungongo",2017,0
"Malanje","Cambundi-Catembo","Tala-Mungongo",2018,0
"Malanje","Cambundi-Catembo","Tala-Mungongo",2019,0
"Malanje","Cambundi-Catembo","Tala-Mungongo",2020,0
"Malanje","Cambundi-Catembo","Tala-Mungongo",2021,0
"Malanje","Cambundi-Catembo","Tala-Mungongo",2022,0
"Malanje","Cambundi-Catembo","Tala-Mungongo",2023,0
"Malanje","Cambundi-Catembo","Tala-Mungongo",2024,0
"Malanje","Cangandala","Cangandala",2012,5.28306722640991
"Malanje","Cangandala","Cangandala",2013,0.596764206886292
"Malanje","Cangandala","Cangandala",2014,3.50809097290039
"Malanje","Cangandala","Cangandala",2015,2.17254209518433
"Malanje","Cangandala","Cangandala",2016,2.61055421829224
"Malanje","Cangandala","Cangandala",2017,5.80032968521118
"Malanje","Cangandala","Cangandala",2018,6.81652355194092
"Malanje","Cangandala","Cangandala",2019,20.308385848999
"Malanje","Cangandala","Cangandala",2020,17.6808547973633
"Malanje","Cangandala","Cangandala",2021,0.527473092079163
"Malanje","Cangandala","Cangandala",2022,9.9977331161499
"Malanje","Cangandala","Cangandala",2023,209.86213684082
"Malanje","Cangandala","Cangandala",2024,247.693817138672
"Malanje","Cangandala","Caribo",2012,0
"Malanje","Cangandala","Caribo",2013,0
"Malanje","Cangandala","Caribo",2014,0
"Malanje","Cangandala","Caribo",2015,0
"Malanje","Cangandala","Caribo",2016,0
"Malanje","Cangandala","Caribo",2017,0
"Malanje","Cangandala","Caribo",2018,0
"Malanje","Cangandala","Caribo",2019,0
"Malanje","Cangandala","Caribo",2020,0
"Malanje","Cangandala","Caribo",2021,0
"Malanje","Cangandala","Caribo",2022,0
"Malanje","Cangandala","Caribo",2023,0
"Malanje","Cangandala","Caribo",2024,0
"Malanje","Cangandala","Kulamagia",2012,0
"Malanje","Cangandala","Kulamagia",2013,0
"Malanje","Cangandala","Kulamagia",2014,0
"Malanje","Cangandala","Kulamagia",2015,0
"Malanje","Cangandala","Kulamagia",2016,0
"Malanje","Cangandala","Kulamagia",2017,0
"Malanje","Cangandala","Kulamagia",2018,0
"Malanje","Cangandala","Kulamagia",2019,0
"Malanje","Cangandala","Kulamagia",2020,0
"Malanje","Cangandala","Kulamagia",2021,0
"Malanje","Cangandala","Kulamagia",2022,0
"Malanje","Cangandala","Kulamagia",2023,0
"Malanje","Cangandala","Kulamagia",2024,0
"Malanje","Cangandala","Mbembo",2012,0
"Malanje","Cangandala","Mbembo",2013,0
"Malanje","Cangandala","Mbembo",2014,0
"Malanje","Cangandala","Mbembo",2015,0
"Malanje","Cangandala","Mbembo",2016,0
"Malanje","Cangandala","Mbembo",2017,0
"Malanje","Cangandala","Mbembo",2018,0
"Malanje","Cangandala","Mbembo",2019,0
"Malanje","Cangandala","Mbembo",2020,0
"Malanje","Cangandala","Mbembo",2021,0
"Malanje","Cangandala","Mbembo",2022,0
"Malanje","Cangandala","Mbembo",2023,0
"Malanje","Cangandala","Mbembo",2024,0
"Malanje","Caombo","Bange-Angola",2012,0
"Malanje","Caombo","Bange-Angola",2013,0
"Malanje","Caombo","Bange-Angola",2014,0
"Malanje","Caombo","Bange-Angola",2015,0.707387268543243
"Malanje","Caombo","Bange-Angola",2016,0
"Malanje","Caombo","Bange-Angola",2017,0
"Malanje","Caombo","Bange-Angola",2018,0
"Malanje","Caombo","Bange-Angola",2019,0
"Malanje","Caombo","Bange-Angola",2020,0
"Malanje","Caombo","Bange-Angola",2021,0.386492162942886
"Malanje","Caombo","Bange-Angola",2022,1.57995200157166
"Malanje","Caombo","Bange-Angola",2023,1.19854390621185
"Malanje","Caombo","Bange-Angola",2024,0.915761470794678
"Malanje","Caombo","Kahombo",2012,2.58487057685852
"Malanje","Caombo","Kahombo",2013,0.630562305450439
"Malanje","Caombo","Kahombo",2014,0
"Malanje","Caombo","Kahombo",2015,0
"Malanje","Caombo","Kahombo",2016,0
"Malanje","Caombo","Kahombo",2017,0
"Malanje","Caombo","Kahombo",2018,0
"Malanje","Caombo","Kahombo",2019,0
"Malanje","Caombo","Kahombo",2020,1.34111928939819
"Malanje","Caombo","Kahombo",2021,7.8674144744873
"Malanje","Caombo","Kahombo",2022,8.80795001983643
"Malanje","Caombo","Kahombo",2023,16.2168159484863
"Malanje","Caombo","Kahombo",2024,5.21956968307495
"Malanje","Caombo","Kambo",2012,0
"Malanje","Caombo","Kambo",2013,0
"Malanje","Caombo","Kambo",2014,0
"Malanje","Caombo","Kambo",2015,0
"Malanje","Caombo","Kambo",2016,0
"Malanje","Caombo","Kambo",2017,0
"Malanje","Caombo","Kambo",2018,0
"Malanje","Caombo","Kambo",2019,0
"Malanje","Caombo","Kambo",2020,0
"Malanje","Caombo","Kambo",2021,0
"Malanje","Caombo","Kambo",2022,0
"Malanje","Caombo","Kambo",2023,0
"Malanje","Caombo","Kambo",2024,0
"Malanje","Caombo","Mikanda",2012,0
"Malanje","Caombo","Mikanda",2013,0
"Malanje","Caombo","Mikanda",2014,0
"Malanje","Caombo","Mikanda",2015,0
"Malanje","Caombo","Mikanda",2016,0
"Malanje","Caombo","Mikanda",2017,0
"Malanje","Caombo","Mikanda",2018,0
"Malanje","Caombo","Mikanda",2019,0
"Malanje","Caombo","Mikanda",2020,0
"Malanje","Caombo","Mikanda",2021,0
"Malanje","Caombo","Mikanda",2022,0
"Malanje","Caombo","Mikanda",2023,0
"Malanje","Caombo","Mikanda",2024,0
"Malanje","Cuaba Nzogo","Kiwaba-Ngozi",2012,2.19213390350342
"Malanje","Cuaba Nzogo","Kiwaba-Ngozi",2013,4.12569761276245
"Malanje","Cuaba Nzogo","Kiwaba-Ngozi",2014,0
"Malanje","Cuaba Nzogo","Kiwaba-Ngozi",2015,0
"Malanje","Cuaba Nzogo","Kiwaba-Ngozi",2016,0
"Malanje","Cuaba Nzogo","Kiwaba-Ngozi",2017,0
"Malanje","Cuaba Nzogo","Kiwaba-Ngozi",2018,0
"Malanje","Cuaba Nzogo","Kiwaba-Ngozi",2019,0
"Malanje","Cuaba Nzogo","Kiwaba-Ngozi",2020,0
"Malanje","Cuaba Nzogo","Kiwaba-Ngozi",2021,0
"Malanje","Cuaba Nzogo","Kiwaba-Ngozi",2022,0
"Malanje","Cuaba Nzogo","Kiwaba-Ngozi",2023,0
"Malanje","Cuaba Nzogo","Kiwaba-Ngozi",2024,0
"Malanje","Cuaba Nzogo","Mufuma",2012,0.560803890228271
"Malanje","Cuaba Nzogo","Mufuma",2013,0.597600042819977
"Malanje","Cuaba Nzogo","Mufuma",2014,0
"Malanje","Cuaba Nzogo","Mufuma",2015,12.7062644958496
"Malanje","Cuaba Nzogo","Mufuma",2016,0
"Malanje","Cuaba Nzogo","Mufuma",2017,0
"Malanje","Cuaba Nzogo","Mufuma",2018,0
"Malanje","Cuaba Nzogo","Mufuma",2019,0
"Malanje","Cuaba Nzogo","Mufuma",2020,0
"Malanje","Cuaba Nzogo","Mufuma",2021,0
"Malanje","Cuaba Nzogo","Mufuma",2022,3.16421484947205
"Malanje","Cuaba Nzogo","Mufuma",2023,0
"Malanje","Cuaba Nzogo","Mufuma",2024,0
"Malanje","Cunda-dia-Baza","Kunda-Dia-Baze",2012,0
"Malanje","Cunda-dia-Baza","Kunda-Dia-Baze",2013,0
"Malanje","Cunda-dia-Baza","Kunda-Dia-Baze",2014,0
"Malanje","Cunda-dia-Baza","Kunda-Dia-Baze",2015,0
"Malanje","Cunda-dia-Baza","Kunda-Dia-Baze",2016,0
"Malanje","Cunda-dia-Baza","Kunda-Dia-Baze",2017,0
"Malanje","Cunda-dia-Baza","Kunda-Dia-Baze",2018,0
"Malanje","Cunda-dia-Baza","Kunda-Dia-Baze",2019,0
"Malanje","Cunda-dia-Baza","Kunda-Dia-Baze",2020,0
"Malanje","Cunda-dia-Baza","Kunda-Dia-Baze",2021,2.27522802352905
"Malanje","Cunda-dia-Baza","Kunda-Dia-Baze",2022,1.49421906471252
"Malanje","Cunda-dia-Baza","Kunda-Dia-Baze",2023,15.8741426467896
"Malanje","Cunda-dia-Baza","Kunda-Dia-Baze",2024,0
"Malanje","Cunda-dia-Baza","Lemba",2012,0
"Malanje","Cunda-dia-Baza","Lemba",2013,0
"Malanje","Cunda-dia-Baza","Lemba",2014,0
"Malanje","Cunda-dia-Baza","Lemba",2015,0
"Malanje","Cunda-dia-Baza","Lemba",2016,0
"Malanje","Cunda-dia-Baza","Lemba",2017,0
"Malanje","Cunda-dia-Baza","Lemba",2018,0
"Malanje","Cunda-dia-Baza","Lemba",2019,0
"Malanje","Cunda-dia-Baza","Lemba",2020,0
"Malanje","Cunda-dia-Baza","Lemba",2021,0
"Malanje","Cunda-dia-Baza","Lemba",2022,0
"Malanje","Cunda-dia-Baza","Lemba",2023,0
"Malanje","Cunda-dia-Baza","Lemba",2024,0
"Malanje","Cunda-dia-Baza","Milando",2012,0
"Malanje","Cunda-dia-Baza","Milando",2013,0
"Malanje","Cunda-dia-Baza","Milando",2014,0
"Malanje","Cunda-dia-Baza","Milando",2015,0
"Malanje","Cunda-dia-Baza","Milando",2016,0
"Malanje","Cunda-dia-Baza","Milando",2017,0
"Malanje","Cunda-dia-Baza","Milando",2018,0.305138498544693
"Malanje","Cunda-dia-Baza","Milando",2019,0
"Malanje","Cunda-dia-Baza","Milando",2020,0
"Malanje","Cunda-dia-Baza","Milando",2021,0.547783970832825
"Malanje","Cunda-dia-Baza","Milando",2022,0
"Malanje","Cunda-dia-Baza","Milando",2023,0.588765144348145
"Malanje","Cunda-dia-Baza","Milando",2024,3.98748755455017
"Malanje","Luquembo","Dombo",2012,0
"Malanje","Luquembo","Dombo",2013,0
"Malanje","Luquembo","Dombo",2014,0
"Malanje","Luquembo","Dombo",2015,0
"Malanje","Luquembo","Dombo",2016,0
"Malanje","Luquembo","Dombo",2017,0
"Malanje","Luquembo","Dombo",2018,0
"Malanje","Luquembo","Dombo",2019,0
"Malanje","Luquembo","Dombo",2020,0
"Malanje","Luquembo","Dombo",2021,0
"Malanje","Luquembo","Dombo",2022,0
"Malanje","Luquembo","Dombo",2023,0
"Malanje","Luquembo","Dombo",2024,0
"Malanje","Luquembo","Kapunda",2012,0
"Malanje","Luquembo","Kapunda",2013,0
"Malanje","Luquembo","Kapunda",2014,0
"Malanje","Luquembo","Kapunda",2015,0
"Malanje","Luquembo","Kapunda",2016,0
"Malanje","Luquembo","Kapunda",2017,0
"Malanje","Luquembo","Kapunda",2018,0
"Malanje","Luquembo","Kapunda",2019,0
"Malanje","Luquembo","Kapunda",2020,0
"Malanje","Luquembo","Kapunda",2021,0
"Malanje","Luquembo","Kapunda",2022,0
"Malanje","Luquembo","Kapunda",2023,0
"Malanje","Luquembo","Kapunda",2024,0
"Malanje","Luquembo","Kimbango",2012,0
"Malanje","Luquembo","Kimbango",2013,0
"Malanje","Luquembo","Kimbango",2014,0
"Malanje","Luquembo","Kimbango",2015,0
"Malanje","Luquembo","Kimbango",2016,0
"Malanje","Luquembo","Kimbango",2017,0
"Malanje","Luquembo","Kimbango",2018,0
"Malanje","Luquembo","Kimbango",2019,0
"Malanje","Luquembo","Kimbango",2020,0
"Malanje","Luquembo","Kimbango",2021,0
"Malanje","Luquembo","Kimbango",2022,0
"Malanje","Luquembo","Kimbango",2023,0
"Malanje","Luquembo","Kimbango",2024,0
"Malanje","Luquembo","Luquembo",2012,8.01721572875977
"Malanje","Luquembo","Luquembo",2013,4.55575799942017
"Malanje","Luquembo","Luquembo",2014,0.52599710226059
"Malanje","Luquembo","Luquembo",2015,0
"Malanje","Luquembo","Luquembo",2016,0
"Malanje","Luquembo","Luquembo",2017,0
"Malanje","Luquembo","Luquembo",2018,0
"Malanje","Luquembo","Luquembo",2019,0
"Malanje","Luquembo","Luquembo",2020,0
"Malanje","Luquembo","Luquembo",2021,0
"Malanje","Luquembo","Luquembo",2022,0
"Malanje","Luquembo","Luquembo",2023,42.2050590515137
"Malanje","Luquembo","Luquembo",2024,24.3255939483643
"Malanje","Malanje","Cambaxe",2012,0
"Malanje","Malanje","Cambaxe",2013,0
"Malanje","Malanje","Cambaxe",2014,0
"Malanje","Malanje","Cambaxe",2015,0
"Malanje","Malanje","Cambaxe",2016,0
"Malanje","Malanje","Cambaxe",2017,0
"Malanje","Malanje","Cambaxe",2018,0
"Malanje","Malanje","Cambaxe",2019,0
"Malanje","Malanje","Cambaxe",2020,0
"Malanje","Malanje","Cambaxe",2021,0
"Malanje","Malanje","Cambaxe",2022,0
"Malanje","Malanje","Cambaxe",2023,0
"Malanje","Malanje","Cambaxe",2024,0
"Malanje","Malanje","Cambondo",2012,0
"Malanje","Malanje","Cambondo",2013,0
"Malanje","Malanje","Cambondo",2014,0
"Malanje","Malanje","Cambondo",2015,0
"Malanje","Malanje","Cambondo",2016,0
"Malanje","Malanje","Cambondo",2017,0
"Malanje","Malanje","Cambondo",2018,0
"Malanje","Malanje","Cambondo",2019,0
"Malanje","Malanje","Cambondo",2020,0
"Malanje","Malanje","Cambondo",2021,0
"Malanje","Malanje","Cambondo",2022,0
"Malanje","Malanje","Cambondo",2023,0
"Malanje","Malanje","Cambondo",2024,0
"Malanje","Malanje","Kangando",2012,0
"Malanje","Malanje","Kangando",2013,0
"Malanje","Malanje","Kangando",2014,0
"Malanje","Malanje","Kangando",2015,0
"Malanje","Malanje","Kangando",2016,0
"Malanje","Malanje","Kangando",2017,0
"Malanje","Malanje","Kangando",2018,0
"Malanje","Malanje","Kangando",2019,0
"Malanje","Malanje","Kangando",2020,0
"Malanje","Malanje","Kangando",2021,0
"Malanje","Malanje","Kangando",2022,0
"Malanje","Malanje","Kangando",2023,0
"Malanje","Malanje","Kangando",2024,0
"Malanje","Malanje","Kimbamba",2012,0
"Malanje","Malanje","Kimbamba",2013,0
"Malanje","Malanje","Kimbamba",2014,0
"Malanje","Malanje","Kimbamba",2015,0
"Malanje","Malanje","Kimbamba",2016,0
"Malanje","Malanje","Kimbamba",2017,0
"Malanje","Malanje","Kimbamba",2018,0
"Malanje","Malanje","Kimbamba",2019,0
"Malanje","Malanje","Kimbamba",2020,0
"Malanje","Malanje","Kimbamba",2021,0
"Malanje","Malanje","Kimbamba",2022,0
"Malanje","Malanje","Kimbamba",2023,0
"Malanje","Malanje","Kimbamba",2024,0
"Malanje","Malanje","Malanje",2012,2642.59985351562
"Malanje","Malanje","Malanje",2013,2655.2333984375
"Malanje","Malanje","Malanje",2014,3288.46459960938
"Malanje","Malanje","Malanje",2015,3285.17236328125
"Malanje","Malanje","Malanje",2016,3121.71215820312
"Malanje","Malanje","Malanje",2017,3024.03149414062
"Malanje","Malanje","Malanje",2018,3638.51196289062
"Malanje","Malanje","Malanje",2019,3769.52783203125
"Malanje","Malanje","Malanje",2020,3380.14306640625
"Malanje","Malanje","Malanje",2021,3328.81201171875
"Malanje","Malanje","Malanje",2022,3396.98657226562
"Malanje","Malanje","Malanje",2023,4269.7607421875
"Malanje","Malanje","Malanje",2024,4709.0078125
"Malanje","Malanje","Ngola-Luige",2012,0
"Malanje","Malanje","Ngola-Luige",2013,0
"Malanje","Malanje","Ngola-Luige",2014,0
"Malanje","Malanje","Ngola-Luige",2015,0
"Malanje","Malanje","Ngola-Luige",2016,0
"Malanje","Malanje","Ngola-Luige",2017,0
"Malanje","Malanje","Ngola-Luige",2018,0
"Malanje","Malanje","Ngola-Luige",2019,0
"Malanje","Malanje","Ngola-Luige",2020,0
"Malanje","Malanje","Ngola-Luige",2021,0
"Malanje","Malanje","Ngola-Luige",2022,0
"Malanje","Malanje","Ngola-Luige",2023,0
"Malanje","Malanje","Ngola-Luige",2024,0
"Malanje","Marimba","Kabombo",2012,0
"Malanje","Marimba","Kabombo",2013,0
"Malanje","Marimba","Kabombo",2014,0
"Malanje","Marimba","Kabombo",2015,0
"Malanje","Marimba","Kabombo",2016,0
"Malanje","Marimba","Kabombo",2017,0
"Malanje","Marimba","Kabombo",2018,0
"Malanje","Marimba","Kabombo",2019,0
"Malanje","Marimba","Kabombo",2020,0
"Malanje","Marimba","Kabombo",2021,0
"Malanje","Marimba","Kabombo",2022,0
"Malanje","Marimba","Kabombo",2023,0
"Malanje","Marimba","Kabombo",2024,0
"Malanje","Marimba","Marimba",2012,1.9063880443573
"Malanje","Marimba","Marimba",2013,0
"Malanje","Marimba","Marimba",2014,0
"Malanje","Marimba","Marimba",2015,0
"Malanje","Marimba","Marimba",2016,0
"Malanje","Marimba","Marimba",2017,13.7702589035034
"Malanje","Marimba","Marimba",2018,0
"Malanje","Marimba","Marimba",2019,0
"Malanje","Marimba","Marimba",2020,0
"Malanje","Marimba","Marimba",2021,1.01256966590881
"Malanje","Marimba","Marimba",2022,2.41846799850464
"Malanje","Marimba","Marimba",2023,1.83503985404968
"Malanje","Marimba","Marimba",2024,5.17193460464478
"Malanje","Marimba","Tembo-Aluma",2012,0
"Malanje","Marimba","Tembo-Aluma",2013,0
"Malanje","Marimba","Tembo-Aluma",2014,0
"Malanje","Marimba","Tembo-Aluma",2015,0.0393023192882538
"Malanje","Marimba","Tembo-Aluma",2016,0
"Malanje","Marimba","Tembo-Aluma",2017,0
"Malanje","Marimba","Tembo-Aluma",2018,0
"Malanje","Marimba","Tembo-Aluma",2019,0
"Malanje","Marimba","Tembo-Aluma",2020,0
"Malanje","Marimba","Tembo-Aluma",2021,0
"Malanje","Marimba","Tembo-Aluma",2022,0
"Malanje","Marimba","Tembo-Aluma",2023,0
"Malanje","Marimba","Tembo-Aluma",2024,0
"Malanje","Massango","Kihuhu",2012,0
"Malanje","Massango","Kihuhu",2013,0
"Malanje","Massango","Kihuhu",2014,0
"Malanje","Massango","Kihuhu",2015,0
"Malanje","Massango","Kihuhu",2016,0
"Malanje","Massango","Kihuhu",2017,0
"Malanje","Massango","Kihuhu",2018,0
"Malanje","Massango","Kihuhu",2019,0
"Malanje","Massango","Kihuhu",2020,0
"Malanje","Massango","Kihuhu",2021,0
"Malanje","Massango","Kihuhu",2022,0
"Malanje","Massango","Kihuhu",2023,0
"Malanje","Massango","Kihuhu",2024,0.548031866550446
"Malanje","Massango","Kinguengue",2012,0
"Malanje","Massango","Kinguengue",2013,0
"Malanje","Massango","Kinguengue",2014,0
"Malanje","Massango","Kinguengue",2015,0
"Malanje","Massango","Kinguengue",2016,0
"Malanje","Massango","Kinguengue",2017,0
"Malanje","Massango","Kinguengue",2018,0
"Malanje","Massango","Kinguengue",2019,0
"Malanje","Massango","Kinguengue",2020,0
"Malanje","Massango","Kinguengue",2021,0
"Malanje","Massango","Kinguengue",2022,0
"Malanje","Massango","Kinguengue",2023,0
"Malanje","Massango","Kinguengue",2024,0
"Malanje","Massango","Massango",2012,0.670270323753357
"Malanje","Massango","Massango",2013,2.78043603897095
"Malanje","Massango","Massango",2014,2.36649084091187
"Malanje","Massango","Massango",2015,0
"Malanje","Massango","Massango",2016,0
"Malanje","Massango","Massango",2017,0
"Malanje","Massango","Massango",2018,0
"Malanje","Massango","Massango",2019,0
"Malanje","Massango","Massango",2020,0
"Malanje","Massango","Massango",2021,0
"Malanje","Massango","Massango",2022,0
"Malanje","Massango","Massango",2023,0.505302906036377
"Malanje","Massango","Massango",2024,8.556640625
"Malanje","Mucari","Catala",2012,0.806041538715363
"Malanje","Mucari","Catala",2013,3.74757480621338
"Malanje","Mucari","Catala",2014,1.62408304214478
"Malanje","Mucari","Catala",2015,33.9317893981934
"Malanje","Mucari","Catala",2016,16.7235088348389
"Malanje","Mucari","Catala",2017,6.28406476974487
"Malanje","Mucari","Catala",2018,5.91142416000366
"Malanje","Mucari","Catala",2019,3.94256782531738
"Malanje","Mucari","Catala",2020,6.10371065139771
"Malanje","Mucari","Catala",2021,4.02402114868164
"Malanje","Mucari","Catala",2022,0.517208993434906
"Malanje","Mucari","Catala",2023,5.20974922180176
"Malanje","Mucari","Catala",2024,2.04373788833618
"Malanje","Mucari","Caxinga",2012,0
"Malanje","Mucari","Caxinga",2013,0
"Malanje","Mucari","Caxinga",2014,0
"Malanje","Mucari","Caxinga",2015,0
"Malanje","Mucari","Caxinga",2016,0
"Malanje","Mucari","Caxinga",2017,6.64115524291992
"Malanje","Mucari","Caxinga",2018,1.71283173561096
"Malanje","Mucari","Caxinga",2019,0
"Malanje","Mucari","Caxinga",2020,0
"Malanje","Mucari","Caxinga",2021,0
"Malanje","Mucari","Caxinga",2022,0
"Malanje","Mucari","Caxinga",2023,0
"Malanje","Mucari","Caxinga",2024,5.43741703033447
"Malanje","Mucari","Mucari",2012,0
"Malanje","Mucari","Mucari",2013,0
"Malanje","Mucari","Mucari",2014,0
"Malanje","Mucari","Mucari",2015,0.532021999359131
"Malanje","Mucari","Mucari",2016,0
"Malanje","Mucari","Mucari",2017,0.823750078678131
"Malanje","Mucari","Mucari",2018,2.03551650047302
"Malanje","Mucari","Mucari",2019,2.60463929176331
"Malanje","Mucari","Mucari",2020,1.5409129858017
"Malanje","Mucari","Mucari",2021,33.6705551147461
"Malanje","Mucari","Mucari",2022,31.6547775268555
"Malanje","Mucari","Mucari",2023,13.9863243103027
"Malanje","Mucari","Mucari",2024,19.2305297851562
"Malanje","Mucari","Muquixi",2012,0
"Malanje","Mucari","Muquixi",2013,0
"Malanje","Mucari","Muquixi",2014,0
"Malanje","Mucari","Muquixi",2015,0
"Malanje","Mucari","Muquixi",2016,0
"Malanje","Mucari","Muquixi",2017,0
"Malanje","Mucari","Muquixi",2018,0
"Malanje","Mucari","Muquixi",2019,0
"Malanje","Mucari","Muquixi",2020,0
"Malanje","Mucari","Muquixi",2021,0
"Malanje","Mucari","Muquixi",2022,0
"Malanje","Mucari","Muquixi",2023,0
"Malanje","Mucari","Muquixi",2024,0
"Malanje","Quela","Moma",2012,0
"Malanje","Quela","Moma",2013,0
"Malanje","Quela","Moma",2014,0
"Malanje","Quela","Moma",2015,0
"Malanje","Quela","Moma",2016,0
"Malanje","Quela","Moma",2017,0
"Malanje","Quela","Moma",2018,0
"Malanje","Quela","Moma",2019,0
"Malanje","Quela","Moma",2020,0
"Malanje","Quela","Moma",2021,0
"Malanje","Quela","Moma",2022,0
"Malanje","Quela","Moma",2023,0
"Malanje","Quela","Moma",2024,0
"Malanje","Quela","Quela",2012,0
"Malanje","Quela","Quela",2013,0
"Malanje","Quela","Quela",2014,0
"Malanje","Quela","Quela",2015,0
"Malanje","Quela","Quela",2016,0
"Malanje","Quela","Quela",2017,0
"Malanje","Quela","Quela",2018,0
"Malanje","Quela","Quela",2019,0
"Malanje","Quela","Quela",2020,0
"Malanje","Quela","Quela",2021,0
"Malanje","Quela","Quela",2022,0
"Malanje","Quela","Quela",2023,0
"Malanje","Quela","Quela",2024,0
"Malanje","Quela","Xandele",2012,3.27551412582397
"Malanje","Quela","Xandele",2013,3.06313419342041
"Malanje","Quela","Xandele",2014,6.26175355911255
"Malanje","Quela","Xandele",2015,0
"Malanje","Quela","Xandele",2016,0
"Malanje","Quela","Xandele",2017,0.722612202167511
"Malanje","Quela","Xandele",2018,4.11250114440918
"Malanje","Quela","Xandele",2019,2.53801655769348
"Malanje","Quela","Xandele",2020,9.18897247314453
"Malanje","Quela","Xandele",2021,4.46157455444336
"Malanje","Quela","Xandele",2022,3.69935750961304
"Malanje","Quela","Xandele",2023,8.13484573364258
"Malanje","Quela","Xandele",2024,41.090461730957
"Malanje","Quirima","Quirima",2012,9.97115898132324
"Malanje","Quirima","Quirima",2013,7.90531539916992
"Malanje","Quirima","Quirima",2014,3.85372996330261
"Malanje","Quirima","Quirima",2015,0
"Malanje","Quirima","Quirima",2016,0
"Malanje","Quirima","Quirima",2017,0
"Malanje","Quirima","Quirima",2018,0
"Malanje","Quirima","Quirima",2019,0
"Malanje","Quirima","Quirima",2020,0.530514180660248
"Malanje","Quirima","Quirima",2021,0
"Malanje","Quirima","Quirima",2022,0
"Malanje","Quirima","Quirima",2023,3.52792930603027
"Malanje","Quirima","Quirima",2024,15.1304168701172
"Malanje","Quirima","Sautari",2012,0
"Malanje","Quirima","Sautari",2013,0
"Malanje","Quirima","Sautari",2014,0
"Malanje","Quirima","Sautari",2015,0
"Malanje","Quirima","Sautari",2016,0
"Malanje","Quirima","Sautari",2017,0
"Malanje","Quirima","Sautari",2018,0
"Malanje","Quirima","Sautari",2019,0
"Malanje","Quirima","Sautari",2020,0
"Malanje","Quirima","Sautari",2021,0
"Malanje","Quirima","Sautari",2022,0
"Malanje","Quirima","Sautari",2023,0
"Malanje","Quirima","Sautari",2024,0
"Moxico","Alto Zambeze","Alto Zambeze",2012,13.25621509552
"Moxico","Alto Zambeze","Alto Zambeze",2013,29.5653686523438
"Moxico","Alto Zambeze","Alto Zambeze",2014,25.7952499389648
"Moxico","Alto Zambeze","Alto Zambeze",2015,10.402886390686
"Moxico","Alto Zambeze","Alto Zambeze",2016,0
"Moxico","Alto Zambeze","Alto Zambeze",2017,0
"Moxico","Alto Zambeze","Alto Zambeze",2018,0
"Moxico","Alto Zambeze","Alto Zambeze",2019,0
"Moxico","Alto Zambeze","Alto Zambeze",2020,0
"Moxico","Alto Zambeze","Alto Zambeze",2021,1.87607598304749
"Moxico","Alto Zambeze","Alto Zambeze",2022,3.11937427520752
"Moxico","Alto Zambeze","Alto Zambeze",2023,3.6948413848877
"Moxico","Alto Zambeze","Alto Zambeze",2024,4.44696426391602
"Moxico","Alto Zambeze","Caianda",2012,0
"Moxico","Alto Zambeze","Caianda",2013,0
"Moxico","Alto Zambeze","Caianda",2014,0
"Moxico","Alto Zambeze","Caianda",2015,0
"Moxico","Alto Zambeze","Caianda",2016,0
"Moxico","Alto Zambeze","Caianda",2017,0
"Moxico","Alto Zambeze","Caianda",2018,0
"Moxico","Alto Zambeze","Caianda",2019,0
"Moxico","Alto Zambeze","Caianda",2020,0
"Moxico","Alto Zambeze","Caianda",2021,0
"Moxico","Alto Zambeze","Caianda",2022,0
"Moxico","Alto Zambeze","Caianda",2023,0
"Moxico","Alto Zambeze","Caianda",2024,0
"Moxico","Alto Zambeze","Calunda",2012,0
"Moxico","Alto Zambeze","Calunda",2013,0
"Moxico","Alto Zambeze","Calunda",2014,0
"Moxico","Alto Zambeze","Calunda",2015,0
"Moxico","Alto Zambeze","Calunda",2016,0
"Moxico","Alto Zambeze","Calunda",2017,0
"Moxico","Alto Zambeze","Calunda",2018,0
"Moxico","Alto Zambeze","Calunda",2019,0
"Moxico","Alto Zambeze","Calunda",2020,0
"Moxico","Alto Zambeze","Calunda",2021,0
"Moxico","Alto Zambeze","Calunda",2022,0
"Moxico","Alto Zambeze","Calunda",2023,0
"Moxico","Alto Zambeze","Calunda",2024,0
"Moxico","Alto Zambeze","Kaquengue",2012,0
"Moxico","Alto Zambeze","Kaquengue",2013,0
"Moxico","Alto Zambeze","Kaquengue",2014,0.551429510116577
"Moxico","Alto Zambeze","Kaquengue",2015,0
"Moxico","Alto Zambeze","Kaquengue",2016,0
"Moxico","Alto Zambeze","Kaquengue",2017,0
"Moxico","Alto Zambeze","Kaquengue",2018,0
"Moxico","Alto Zambeze","Kaquengue",2019,0
"Moxico","Alto Zambeze","Kaquengue",2020,0
"Moxico","Alto Zambeze","Kaquengue",2021,0
"Moxico","Alto Zambeze","Kaquengue",2022,0
"Moxico","Alto Zambeze","Kaquengue",2023,0
"Moxico","Alto Zambeze","Kaquengue",2024,0
"Moxico","Alto Zambeze","Kavungo",2012,0
"Moxico","Alto Zambeze","Kavungo",2013,0
"Moxico","Alto Zambeze","Kavungo",2014,0
"Moxico","Alto Zambeze","Kavungo",2015,0
"Moxico","Alto Zambeze","Kavungo",2016,0
"Moxico","Alto Zambeze","Kavungo",2017,0
"Moxico","Alto Zambeze","Kavungo",2018,0
"Moxico","Alto Zambeze","Kavungo",2019,0
"Moxico","Alto Zambeze","Kavungo",2020,0
"Moxico","Alto Zambeze","Kavungo",2021,0
"Moxico","Alto Zambeze","Kavungo",2022,0
"Moxico","Alto Zambeze","Kavungo",2023,0
"Moxico","Alto Zambeze","Kavungo",2024,0
"Moxico","Alto Zambeze","Lovua",2012,0
"Moxico","Alto Zambeze","Lovua",2013,0
"Moxico","Alto Zambeze","Lovua",2014,0
"Moxico","Alto Zambeze","Lovua",2015,0
"Moxico","Alto Zambeze","Lovua",2016,0
"Moxico","Alto Zambeze","Lovua",2017,0
"Moxico","Alto Zambeze","Lovua",2018,0
"Moxico","Alto Zambeze","Lovua",2019,0
"Moxico","Alto Zambeze","Lovua",2020,0
"Moxico","Alto Zambeze","Lovua",2021,0
"Moxico","Alto Zambeze","Lovua",2022,0
"Moxico","Alto Zambeze","Lovua",2023,0
"Moxico","Alto Zambeze","Lovua",2024,0
"Moxico","Alto Zambeze","Lumbala",2012,0
"Moxico","Alto Zambeze","Lumbala",2013,0
"Moxico","Alto Zambeze","Lumbala",2014,0
"Moxico","Alto Zambeze","Lumbala",2015,0
"Moxico","Alto Zambeze","Lumbala",2016,0
"Moxico","Alto Zambeze","Lumbala",2017,0
"Moxico","Alto Zambeze","Lumbala",2018,0
"Moxico","Alto Zambeze","Lumbala",2019,0
"Moxico","Alto Zambeze","Lumbala",2020,0
"Moxico","Alto Zambeze","Lumbala",2021,0
"Moxico","Alto Zambeze","Lumbala",2022,0
"Moxico","Alto Zambeze","Lumbala",2023,0
"Moxico","Alto Zambeze","Lumbala",2024,0
"Moxico","Alto Zambeze","Mucondo",2012,0
"Moxico","Alto Zambeze","Mucondo",2013,0
"Moxico","Alto Zambeze","Mucondo",2014,0
"Moxico","Alto Zambeze","Mucondo",2015,0
"Moxico","Alto Zambeze","Mucondo",2016,0
"Moxico","Alto Zambeze","Mucondo",2017,0
"Moxico","Alto Zambeze","Mucondo",2018,0
"Moxico","Alto Zambeze","Mucondo",2019,0
"Moxico","Alto Zambeze","Mucondo",2020,0
"Moxico","Alto Zambeze","Mucondo",2021,0
"Moxico","Alto Zambeze","Mucondo",2022,0
"Moxico","Alto Zambeze","Mucondo",2023,0
"Moxico","Alto Zambeze","Mucondo",2024,0
"Moxico","Camanongue","Camanongue",2012,1.54755663871765
"Moxico","Camanongue","Camanongue",2013,3.30241632461548
"Moxico","Camanongue","Camanongue",2014,1.71395683288574
"Moxico","Camanongue","Camanongue",2015,1.09531307220459
"Moxico","Camanongue","Camanongue",2016,0
"Moxico","Camanongue","Camanongue",2017,2.37989282608032
"Moxico","Camanongue","Camanongue",2018,0
"Moxico","Camanongue","Camanongue",2019,73.064582824707
"Moxico","Camanongue","Camanongue",2020,70.504020690918
"Moxico","Camanongue","Camanongue",2021,70.7300109863281
"Moxico","Camanongue","Camanongue",2022,76.3022155761719
"Moxico","Camanongue","Camanongue",2023,341.793579101562
"Moxico","Camanongue","Camanongue",2024,355.734588623047
"Moxico","Cameia","Kameia",2012,0
"Moxico","Cameia","Kameia",2013,0
"Moxico","Cameia","Kameia",2014,0
"Moxico","Cameia","Kameia",2015,0
"Moxico","Cameia","Kameia",2016,0
"Moxico","Cameia","Kameia",2017,0
"Moxico","Cameia","Kameia",2018,0
"Moxico","Cameia","Kameia",2019,0
"Moxico","Cameia","Kameia",2020,0
"Moxico","Cameia","Kameia",2021,1.91156983375549
"Moxico","Cameia","Kameia",2022,1.86847865581512
"Moxico","Cameia","Kameia",2023,0
"Moxico","Cameia","Kameia",2024,0
"Moxico","Luau","Luau",2012,13.4190816879272
"Moxico","Luau","Luau",2013,20.4692344665527
"Moxico","Luau","Luau",2014,18.1143226623535
"Moxico","Luau","Luau",2015,161.244964599609
"Moxico","Luau","Luau",2016,158.778991699219
"Moxico","Luau","Luau",2017,53.0020065307617
"Moxico","Luau","Luau",2018,150.183807373047
"Moxico","Luau","Luau",2019,175.31591796875
"Moxico","Luau","Luau",2020,166.670303344727
"Moxico","Luau","Luau",2021,118.554359436035
"Moxico","Luau","Luau",2022,82.7589492797852
"Moxico","Luau","Luau",2023,114.515258789062
"Moxico","Luau","Luau",2024,145.669418334961
"Moxico","Lucano","Lago-Dilolo",2012,0
"Moxico","Lucano","Lago-Dilolo",2013,0
"Moxico","Lucano","Lago-Dilolo",2014,0
"Moxico","Lucano","Lago-Dilolo",2015,0
"Moxico","Lucano","Lago-Dilolo",2016,0
"Moxico","Lucano","Lago-Dilolo",2017,0
"Moxico","Lucano","Lago-Dilolo",2018,0
"Moxico","Lucano","Lago-Dilolo",2019,0
"Moxico","Lucano","Lago-Dilolo",2020,0
"Moxico","Lucano","Lago-Dilolo",2021,0
"Moxico","Lucano","Lago-Dilolo",2022,0
"Moxico","Lucano","Lago-Dilolo",2023,0
"Moxico","Lucano","Lago-Dilolo",2024,0
"Moxico","Lucano","Luacano",2012,0
"Moxico","Lucano","Luacano",2013,0
"Moxico","Lucano","Luacano",2014,0
"Moxico","Lucano","Luacano",2015,0
"Moxico","Lucano","Luacano",2016,0
"Moxico","Lucano","Luacano",2017,0
"Moxico","Lucano","Luacano",2018,0
"Moxico","Lucano","Luacano",2019,0
"Moxico","Lucano","Luacano",2020,0
"Moxico","Lucano","Luacano",2021,5.22022724151611
"Moxico","Lucano","Luacano",2022,2.85141801834106
"Moxico","Lucano","Luacano",2023,0
"Moxico","Lucano","Luacano",2024,0
"Moxico","Luchazes","Cangombe",2012,0
"Moxico","Luchazes","Cangombe",2013,0
"Moxico","Luchazes","Cangombe",2014,0
"Moxico","Luchazes","Cangombe",2015,0
"Moxico","Luchazes","Cangombe",2016,0
"Moxico","Luchazes","Cangombe",2017,0
"Moxico","Luchazes","Cangombe",2018,0
"Moxico","Luchazes","Cangombe",2019,0
"Moxico","Luchazes","Cangombe",2020,0
"Moxico","Luchazes","Cangombe",2021,0
"Moxico","Luchazes","Cangombe",2022,0
"Moxico","Luchazes","Cangombe",2023,0
"Moxico","Luchazes","Cangombe",2024,0
"Moxico","Luchazes","Cassamba",2012,0
"Moxico","Luchazes","Cassamba",2013,0
"Moxico","Luchazes","Cassamba",2014,0
"Moxico","Luchazes","Cassamba",2015,0
"Moxico","Luchazes","Cassamba",2016,0
"Moxico","Luchazes","Cassamba",2017,0
"Moxico","Luchazes","Cassamba",2018,0
"Moxico","Luchazes","Cassamba",2019,0
"Moxico","Luchazes","Cassamba",2020,0
"Moxico","Luchazes","Cassamba",2021,0
"Moxico","Luchazes","Cassamba",2022,0
"Moxico","Luchazes","Cassamba",2023,0
"Moxico","Luchazes","Cassamba",2024,0
"Moxico","Luchazes","Luchazes",2012,0
"Moxico","Luchazes","Luchazes",2013,0
"Moxico","Luchazes","Luchazes",2014,0
"Moxico","Luchazes","Luchazes",2015,0
"Moxico","Luchazes","Luchazes",2016,0
"Moxico","Luchazes","Luchazes",2017,0
"Moxico","Luchazes","Luchazes",2018,0
"Moxico","Luchazes","Luchazes",2019,0
"Moxico","Luchazes","Luchazes",2020,0
"Moxico","Luchazes","Luchazes",2021,0
"Moxico","Luchazes","Luchazes",2022,0
"Moxico","Luchazes","Luchazes",2023,0
"Moxico","Luchazes","Luchazes",2024,0
"Moxico","Luchazes","Muie",2012,0
"Moxico","Luchazes","Muie",2013,0
"Moxico","Luchazes","Muie",2014,0
"Moxico","Luchazes","Muie",2015,0
"Moxico","Luchazes","Muie",2016,0
"Moxico","Luchazes","Muie",2017,0
"Moxico","Luchazes","Muie",2018,0
"Moxico","Luchazes","Muie",2019,0
"Moxico","Luchazes","Muie",2020,0
"Moxico","Luchazes","Muie",2021,0
"Moxico","Luchazes","Muie",2022,0
"Moxico","Luchazes","Muie",2023,0
"Moxico","Luchazes","Muie",2024,0
"Moxico","Luchazes","Tempue",2012,0
"Moxico","Luchazes","Tempue",2013,0
"Moxico","Luchazes","Tempue",2014,0
"Moxico","Luchazes","Tempue",2015,0
"Moxico","Luchazes","Tempue",2016,0
"Moxico","Luchazes","Tempue",2017,0
"Moxico","Luchazes","Tempue",2018,0
"Moxico","Luchazes","Tempue",2019,0
"Moxico","Luchazes","Tempue",2020,0
"Moxico","Luchazes","Tempue",2021,0
"Moxico","Luchazes","Tempue",2022,0
"Moxico","Luchazes","Tempue",2023,0
"Moxico","Luchazes","Tempue",2024,0
"Moxico","Lumbala-Nguimbo","Chiume",2012,0
"Moxico","Lumbala-Nguimbo","Chiume",2013,0
"Moxico","Lumbala-Nguimbo","Chiume",2014,0
"Moxico","Lumbala-Nguimbo","Chiume",2015,0
"Moxico","Lumbala-Nguimbo","Chiume",2016,0
"Moxico","Lumbala-Nguimbo","Chiume",2017,0
"Moxico","Lumbala-Nguimbo","Chiume",2018,0
"Moxico","Lumbala-Nguimbo","Chiume",2019,0
"Moxico","Lumbala-Nguimbo","Chiume",2020,0
"Moxico","Lumbala-Nguimbo","Chiume",2021,0
"Moxico","Lumbala-Nguimbo","Chiume",2022,0
"Moxico","Lumbala-Nguimbo","Chiume",2023,0
"Moxico","Lumbala-Nguimbo","Chiume",2024,0
"Moxico","Lumbala-Nguimbo","Lumbala-Nguimbo",2012,0
"Moxico","Lumbala-Nguimbo","Lumbala-Nguimbo",2013,1.39671981334686
"Moxico","Lumbala-Nguimbo","Lumbala-Nguimbo",2014,1.60783648490906
"Moxico","Lumbala-Nguimbo","Lumbala-Nguimbo",2015,0.541385889053345
"Moxico","Lumbala-Nguimbo","Lumbala-Nguimbo",2016,0
"Moxico","Lumbala-Nguimbo","Lumbala-Nguimbo",2017,0
"Moxico","Lumbala-Nguimbo","Lumbala-Nguimbo",2018,0
"Moxico","Lumbala-Nguimbo","Lumbala-Nguimbo",2019,0
"Moxico","Lumbala-Nguimbo","Lumbala-Nguimbo",2020,0
"Moxico","Lumbala-Nguimbo","Lumbala-Nguimbo",2021,0
"Moxico","Lumbala-Nguimbo","Lumbala-Nguimbo",2022,0
"Moxico","Lumbala-Nguimbo","Lumbala-Nguimbo",2023,0
"Moxico","Lumbala-Nguimbo","Lumbala-Nguimbo",2024,0
"Moxico","Lumbala-Nguimbo","Lutembo",2012,0
"Moxico","Lumbala-Nguimbo","Lutembo",2013,0
"Moxico","Lumbala-Nguimbo","Lutembo",2014,0
"Moxico","Lumbala-Nguimbo","Lutembo",2015,0
"Moxico","Lumbala-Nguimbo","Lutembo",2016,0
"Moxico","Lumbala-Nguimbo","Lutembo",2017,0
"Moxico","Lumbala-Nguimbo","Lutembo",2018,0
"Moxico","Lumbala-Nguimbo","Lutembo",2019,0
"Moxico","Lumbala-Nguimbo","Lutembo",2020,0
"Moxico","Lumbala-Nguimbo","Lutembo",2021,0
"Moxico","Lumbala-Nguimbo","Lutembo",2022,0
"Moxico","Lumbala-Nguimbo","Lutembo",2023,0
"Moxico","Lumbala-Nguimbo","Lutembo",2024,0
"Moxico","Lumbala-Nguimbo","Luvuei",2012,0
"Moxico","Lumbala-Nguimbo","Luvuei",2013,10.3090915679932
"Moxico","Lumbala-Nguimbo","Luvuei",2014,17.1660385131836
"Moxico","Lumbala-Nguimbo","Luvuei",2015,8.02999401092529
"Moxico","Lumbala-Nguimbo","Luvuei",2016,0
"Moxico","Lumbala-Nguimbo","Luvuei",2017,0
"Moxico","Lumbala-Nguimbo","Luvuei",2018,0
"Moxico","Lumbala-Nguimbo","Luvuei",2019,0
"Moxico","Lumbala-Nguimbo","Luvuei",2020,0
"Moxico","Lumbala-Nguimbo","Luvuei",2021,0
"Moxico","Lumbala-Nguimbo","Luvuei",2022,0
"Moxico","Lumbala-Nguimbo","Luvuei",2023,0
"Moxico","Lumbala-Nguimbo","Luvuei",2024,0
"Moxico","Lumbala-Nguimbo","Mussuma",2012,0
"Moxico","Lumbala-Nguimbo","Mussuma",2013,0
"Moxico","Lumbala-Nguimbo","Mussuma",2014,0
"Moxico","Lumbala-Nguimbo","Mussuma",2015,0
"Moxico","Lumbala-Nguimbo","Mussuma",2016,0
"Moxico","Lumbala-Nguimbo","Mussuma",2017,0
"Moxico","Lumbala-Nguimbo","Mussuma",2018,0
"Moxico","Lumbala-Nguimbo","Mussuma",2019,0
"Moxico","Lumbala-Nguimbo","Mussuma",2020,0
"Moxico","Lumbala-Nguimbo","Mussuma",2021,0
"Moxico","Lumbala-Nguimbo","Mussuma",2022,0
"Moxico","Lumbala-Nguimbo","Mussuma",2023,0
"Moxico","Lumbala-Nguimbo","Mussuma",2024,0
"Moxico","Lumbala-Nguimbo","Ninda",2012,3.49871277809143
"Moxico","Lumbala-Nguimbo","Ninda",2013,3.92237567901611
"Moxico","Lumbala-Nguimbo","Ninda",2014,4.36786270141602
"Moxico","Lumbala-Nguimbo","Ninda",2015,5.03686046600342
"Moxico","Lumbala-Nguimbo","Ninda",2016,6.1743426322937
"Moxico","Lumbala-Nguimbo","Ninda",2017,7.95075988769531
"Moxico","Lumbala-Nguimbo","Ninda",2018,5.15578699111938
"Moxico","Lumbala-Nguimbo","Ninda",2019,0.870088994503021
"Moxico","Lumbala-Nguimbo","Ninda",2020,0
"Moxico","Lumbala-Nguimbo","Ninda",2021,0
"Moxico","Lumbala-Nguimbo","Ninda",2022,0
"Moxico","Lumbala-Nguimbo","Ninda",2023,0
"Moxico","Lumbala-Nguimbo","Ninda",2024,0
"Moxico","Lumbala-Nguimbo","Sessa",2012,0
"Moxico","Lumbala-Nguimbo","Sessa",2013,0
"Moxico","Lumbala-Nguimbo","Sessa",2014,0
"Moxico","Lumbala-Nguimbo","Sessa",2015,0
"Moxico","Lumbala-Nguimbo","Sessa",2016,0
"Moxico","Lumbala-Nguimbo","Sessa",2017,0
"Moxico","Lumbala-Nguimbo","Sessa",2018,0
"Moxico","Lumbala-Nguimbo","Sessa",2019,0
"Moxico","Lumbala-Nguimbo","Sessa",2020,0
"Moxico","Lumbala-Nguimbo","Sessa",2021,0
"Moxico","Lumbala-Nguimbo","Sessa",2022,0
"Moxico","Lumbala-Nguimbo","Sessa",2023,0
"Moxico","Lumbala-Nguimbo","Sessa",2024,0
"Moxico","Léua","Leua",2012,0
"Moxico","Léua","Leua",2013,0
"Moxico","Léua","Leua",2014,0
"Moxico","Léua","Leua",2015,0
"Moxico","Léua","Leua",2016,0
"Moxico","Léua","Leua",2017,0
"Moxico","Léua","Leua",2018,0
"Moxico","Léua","Leua",2019,0
"Moxico","Léua","Leua",2020,0
"Moxico","Léua","Leua",2021,0
"Moxico","Léua","Leua",2022,0
"Moxico","Léua","Leua",2023,0
"Moxico","Léua","Leua",2024,0
"Moxico","Léua","Liangongo",2012,0
"Moxico","Léua","Liangongo",2013,0
"Moxico","Léua","Liangongo",2014,0
"Moxico","Léua","Liangongo",2015,0
"Moxico","Léua","Liangongo",2016,0
"Moxico","Léua","Liangongo",2017,0
"Moxico","Léua","Liangongo",2018,0
"Moxico","Léua","Liangongo",2019,0
"Moxico","Léua","Liangongo",2020,0
"Moxico","Léua","Liangongo",2021,0
"Moxico","Léua","Liangongo",2022,0
"Moxico","Léua","Liangongo",2023,0
"Moxico","Léua","Liangongo",2024,0
"Moxico","Moxico","Kangumbe",2012,0
"Moxico","Moxico","Kangumbe",2013,0
"Moxico","Moxico","Kangumbe",2014,0
"Moxico","Moxico","Kangumbe",2015,0
"Moxico","Moxico","Kangumbe",2016,0
"Moxico","Moxico","Kangumbe",2017,0
"Moxico","Moxico","Kangumbe",2018,0
"Moxico","Moxico","Kangumbe",2019,0
"Moxico","Moxico","Kangumbe",2020,0
"Moxico","Moxico","Kangumbe",2021,0
"Moxico","Moxico","Kangumbe",2022,0
"Moxico","Moxico","Kangumbe",2023,0
"Moxico","Moxico","Kangumbe",2024,0
"Moxico","Moxico","Lucusse",2012,0
"Moxico","Moxico","Lucusse",2013,3.344642162323
"Moxico","Moxico","Lucusse",2014,1.65270447731018
"Moxico","Moxico","Lucusse",2015,1.11152315139771
"Moxico","Moxico","Lucusse",2016,0
"Moxico","Moxico","Lucusse",2017,0
"Moxico","Moxico","Lucusse",2018,0
"Moxico","Moxico","Lucusse",2019,0
"Moxico","Moxico","Lucusse",2020,0
"Moxico","Moxico","Lucusse",2021,0
"Moxico","Moxico","Lucusse",2022,0
"Moxico","Moxico","Lucusse",2023,0
"Moxico","Moxico","Lucusse",2024,0
"Moxico","Moxico","Luena",2012,434.771057128906
"Moxico","Moxico","Luena",2013,704.676879882812
"Moxico","Moxico","Luena",2014,897.047058105469
"Moxico","Moxico","Luena",2015,799.741638183594
"Moxico","Moxico","Luena",2016,1099.25720214844
"Moxico","Moxico","Luena",2017,1234.96557617188
"Moxico","Moxico","Luena",2018,1593.34912109375
"Moxico","Moxico","Luena",2019,1678.25073242188
"Moxico","Moxico","Luena",2020,1984.572265625
"Moxico","Moxico","Luena",2021,1968.07385253906
"Moxico","Moxico","Luena",2022,2207.18481445312
"Moxico","Moxico","Luena",2023,2374.79638671875
"Moxico","Moxico","Luena",2024,2211.974609375
"Moxico","Moxico","Lutuai",2012,0
"Moxico","Moxico","Lutuai",2013,0
"Moxico","Moxico","Lutuai",2014,0
"Moxico","Moxico","Lutuai",2015,0
"Moxico","Moxico","Lutuai",2016,0
"Moxico","Moxico","Lutuai",2017,0
"Moxico","Moxico","Lutuai",2018,0
"Moxico","Moxico","Lutuai",2019,0
"Moxico","Moxico","Lutuai",2020,0
"Moxico","Moxico","Lutuai",2021,0
"Moxico","Moxico","Lutuai",2022,0
"Moxico","Moxico","Lutuai",2023,0
"Moxico","Moxico","Lutuai",2024,0
"Namibe","Bibala","Bibala",2012,58.4095153808594
"Namibe","Bibala","Bibala",2013,46.6116523742676
"Namibe","Bibala","Bibala",2014,77.7989959716797
"Namibe","Bibala","Bibala",2015,89.7324371337891
"Namibe","Bibala","Bibala",2016,75.1641006469727
"Namibe","Bibala","Bibala",2017,76.0290451049805
"Namibe","Bibala","Bibala",2018,83.365608215332
"Namibe","Bibala","Bibala",2019,89.9534378051758
"Namibe","Bibala","Bibala",2020,86.8886795043945
"Namibe","Bibala","Bibala",2021,162.490295410156
"Namibe","Bibala","Bibala",2022,170.732452392578
"Namibe","Bibala","Bibala",2023,151.548370361328
"Namibe","Bibala","Bibala",2024,138.092407226562
"Namibe","Bibala","Caitou",2012,0
"Namibe","Bibala","Caitou",2013,0
"Namibe","Bibala","Caitou",2014,0
"Namibe","Bibala","Caitou",2015,0
"Namibe","Bibala","Caitou",2016,0
"Namibe","Bibala","Caitou",2017,0
"Namibe","Bibala","Caitou",2018,0
"Namibe","Bibala","Caitou",2019,0
"Namibe","Bibala","Caitou",2020,0
"Namibe","Bibala","Caitou",2021,0
"Namibe","Bibala","Caitou",2022,0
"Namibe","Bibala","Caitou",2023,0
"Namibe","Bibala","Caitou",2024,0
"Namibe","Bibala","Lola",2012,0
"Namibe","Bibala","Lola",2013,0
"Namibe","Bibala","Lola",2014,0
"Namibe","Bibala","Lola",2015,0
"Namibe","Bibala","Lola",2016,0
"Namibe","Bibala","Lola",2017,0
"Namibe","Bibala","Lola",2018,0
"Namibe","Bibala","Lola",2019,0
"Namibe","Bibala","Lola",2020,0
"Namibe","Bibala","Lola",2021,0
"Namibe","Bibala","Lola",2022,0
"Namibe","Bibala","Lola",2023,0
"Namibe","Bibala","Lola",2024,0
"Namibe","Bibala","Munhino",2012,0.654315531253815
"Namibe","Bibala","Munhino",2013,1.19346308708191
"Namibe","Bibala","Munhino",2014,1.14957523345947
"Namibe","Bibala","Munhino",2015,3.72520232200623
"Namibe","Bibala","Munhino",2016,0
"Namibe","Bibala","Munhino",2017,0.550990879535675
"Namibe","Bibala","Munhino",2018,0
"Namibe","Bibala","Munhino",2019,0
"Namibe","Bibala","Munhino",2020,0
"Namibe","Bibala","Munhino",2021,0
"Namibe","Bibala","Munhino",2022,2.62293839454651
"Namibe","Bibala","Munhino",2023,10.6324777603149
"Namibe","Bibala","Munhino",2024,18.3658180236816
"Namibe","Camacuio","Camacuio",2012,0
"Namibe","Camacuio","Camacuio",2013,0.539903938770294
"Namibe","Camacuio","Camacuio",2014,0
"Namibe","Camacuio","Camacuio",2015,0
"Namibe","Camacuio","Camacuio",2016,0
"Namibe","Camacuio","Camacuio",2017,0
"Namibe","Camacuio","Camacuio",2018,0
"Namibe","Camacuio","Camacuio",2019,0
"Namibe","Camacuio","Camacuio",2020,0
"Namibe","Camacuio","Camacuio",2021,0
"Namibe","Camacuio","Camacuio",2022,0
"Namibe","Camacuio","Camacuio",2023,0
"Namibe","Camacuio","Camacuio",2024,0
"Namibe","Camacuio","Chingo",2012,0
"Namibe","Camacuio","Chingo",2013,0
"Namibe","Camacuio","Chingo",2014,0
"Namibe","Camacuio","Chingo",2015,0
"Namibe","Camacuio","Chingo",2016,0
"Namibe","Camacuio","Chingo",2017,0
"Namibe","Camacuio","Chingo",2018,0
"Namibe","Camacuio","Chingo",2019,0
"Namibe","Camacuio","Chingo",2020,0
"Namibe","Camacuio","Chingo",2021,0
"Namibe","Camacuio","Chingo",2022,0
"Namibe","Camacuio","Chingo",2023,0
"Namibe","Camacuio","Chingo",2024,0
"Namibe","Camacuio","Chinquite",2012,0
"Namibe","Camacuio","Chinquite",2013,0
"Namibe","Camacuio","Chinquite",2014,0
"Namibe","Camacuio","Chinquite",2015,0
"Namibe","Camacuio","Chinquite",2016,0
"Namibe","Camacuio","Chinquite",2017,0
"Namibe","Camacuio","Chinquite",2018,0
"Namibe","Camacuio","Chinquite",2019,0
"Namibe","Camacuio","Chinquite",2020,0
"Namibe","Camacuio","Chinquite",2021,0
"Namibe","Camacuio","Chinquite",2022,0
"Namibe","Camacuio","Chinquite",2023,0
"Namibe","Camacuio","Chinquite",2024,0
"Namibe","Namibe","Bentiaba",2012,0
"Namibe","Namibe","Bentiaba",2013,1.13832259178162
"Namibe","Namibe","Bentiaba",2014,36.5643157958984
"Namibe","Namibe","Bentiaba",2015,37.1087989807129
"Namibe","Namibe","Bentiaba",2016,18.4497871398926
"Namibe","Namibe","Bentiaba",2017,14.9127979278564
"Namibe","Namibe","Bentiaba",2018,14.3648262023926
"Namibe","Namibe","Bentiaba",2019,19.0150527954102
"Namibe","Namibe","Bentiaba",2020,17.073787689209
"Namibe","Namibe","Bentiaba",2021,12.5155925750732
"Namibe","Namibe","Bentiaba",2022,11.6596775054932
"Namibe","Namibe","Bentiaba",2023,10.5969381332397
"Namibe","Namibe","Bentiaba",2024,4.08201932907104
"Namibe","Namibe","Lucira",2012,5.96471881866455
"Namibe","Namibe","Lucira",2013,4.44193935394287
"Namibe","Namibe","Lucira",2014,14.5382680892944
"Namibe","Namibe","Lucira",2015,10.3553495407104
"Namibe","Namibe","Lucira",2016,7.53929042816162
"Namibe","Namibe","Lucira",2017,6.2968430519104
"Namibe","Namibe","Lucira",2018,4.39586448669434
"Namibe","Namibe","Lucira",2019,5.0688419342041
"Namibe","Namibe","Lucira",2020,5.82712936401367
"Namibe","Namibe","Lucira",2021,4.64420795440674
"Namibe","Namibe","Lucira",2022,7.54871082305908
"Namibe","Namibe","Lucira",2023,9.16083240509033
"Namibe","Namibe","Lucira",2024,4.87702608108521
"Namibe","Namibe","Namibe",2012,2797.974609375
"Namibe","Namibe","Namibe",2013,4155.82275390625
"Namibe","Namibe","Namibe",2014,4852.17236328125
"Namibe","Namibe","Namibe",2015,4579.55615234375
"Namibe","Namibe","Namibe",2016,4208.2783203125
"Namibe","Namibe","Namibe",2017,3829.72143554688
"Namibe","Namibe","Namibe",2018,4981.529296875
"Namibe","Namibe","Namibe",2019,5368.0498046875
"Namibe","Namibe","Namibe",2020,5529.3974609375
"Namibe","Namibe","Namibe",2021,5364.189453125
"Namibe","Namibe","Namibe",2022,5810.4384765625
"Namibe","Namibe","Namibe",2023,5857.20556640625
"Namibe","Namibe","Namibe",2024,5925.14453125
"Namibe","Tombwa","Baia dos Tigres",2012,0
"Namibe","Tombwa","Baia dos Tigres",2013,0
"Namibe","Tombwa","Baia dos Tigres",2014,0
"Namibe","Tombwa","Baia dos Tigres",2015,0
"Namibe","Tombwa","Baia dos Tigres",2016,0
"Namibe","Tombwa","Baia dos Tigres",2017,0
"Namibe","Tombwa","Baia dos Tigres",2018,0
"Namibe","Tombwa","Baia dos Tigres",2019,0
"Namibe","Tombwa","Baia dos Tigres",2020,0
"Namibe","Tombwa","Baia dos Tigres",2021,0
"Namibe","Tombwa","Baia dos Tigres",2022,0
"Namibe","Tombwa","Baia dos Tigres",2023,0
"Namibe","Tombwa","Baia dos Tigres",2024,0
"Namibe","Tombwa","Tombua",2012,207.909149169922
"Namibe","Tombwa","Tombua",2013,293.401733398438
"Namibe","Tombwa","Tombua",2014,330.323089599609
"Namibe","Tombwa","Tombua",2015,262.625885009766
"Namibe","Tombwa","Tombua",2016,270.794036865234
"Namibe","Tombwa","Tombua",2017,334.399017333984
"Namibe","Tombwa","Tombua",2018,328.000610351562
"Namibe","Tombwa","Tombua",2019,340.454925537109
"Namibe","Tombwa","Tombua",2020,248.876190185547
"Namibe","Tombwa","Tombua",2021,384.768890380859
"Namibe","Tombwa","Tombua",2022,530.521667480469
"Namibe","Tombwa","Tombua",2023,652.74853515625
"Namibe","Tombwa","Tombua",2024,642.895385742188
"Namibe","Virei","Cahinde",2012,0
"Namibe","Virei","Cahinde",2013,0
"Namibe","Virei","Cahinde",2014,0
"Namibe","Virei","Cahinde",2015,0
"Namibe","Virei","Cahinde",2016,0
"Namibe","Virei","Cahinde",2017,0
"Namibe","Virei","Cahinde",2018,0
"Namibe","Virei","Cahinde",2019,0
"Namibe","Virei","Cahinde",2020,0
"Namibe","Virei","Cahinde",2021,0
"Namibe","Virei","Cahinde",2022,0
"Namibe","Virei","Cahinde",2023,0
"Namibe","Virei","Cahinde",2024,0
"Namibe","Virei","Virei",2012,0
"Namibe","Virei","Virei",2013,1.18680310249329
"Namibe","Virei","Virei",2014,0
"Namibe","Virei","Virei",2015,1.60637044906616
"Namibe","Virei","Virei",2016,0.0960142984986305
"Namibe","Virei","Virei",2017,0
"Namibe","Virei","Virei",2018,0
"Namibe","Virei","Virei",2019,0.622878015041351
"Namibe","Virei","Virei",2020,0.535919964313507
"Namibe","Virei","Virei",2021,0.743065416812897
"Namibe","Virei","Virei",2022,1.22944104671478
"Namibe","Virei","Virei",2023,0.502045869827271
"Namibe","Virei","Virei",2024,0
"Uíge","Alto Cauale","Bengo",2012,0
"Uíge","Alto Cauale","Bengo",2013,0
"Uíge","Alto Cauale","Bengo",2014,0
"Uíge","Alto Cauale","Bengo",2015,0
"Uíge","Alto Cauale","Bengo",2016,0
"Uíge","Alto Cauale","Bengo",2017,0
"Uíge","Alto Cauale","Bengo",2018,0
"Uíge","Alto Cauale","Bengo",2019,0
"Uíge","Alto Cauale","Bengo",2020,0
"Uíge","Alto Cauale","Bengo",2021,0
"Uíge","Alto Cauale","Bengo",2022,0
"Uíge","Alto Cauale","Bengo",2023,0
"Uíge","Alto Cauale","Bengo",2024,0
"Uíge","Alto Cauale","Caiongo",2012,0
"Uíge","Alto Cauale","Caiongo",2013,0
"Uíge","Alto Cauale","Caiongo",2014,0
"Uíge","Alto Cauale","Caiongo",2015,0
"Uíge","Alto Cauale","Caiongo",2016,0
"Uíge","Alto Cauale","Caiongo",2017,0.654407680034637
"Uíge","Alto Cauale","Caiongo",2018,0
"Uíge","Alto Cauale","Caiongo",2019,0
"Uíge","Alto Cauale","Caiongo",2020,0
"Uíge","Alto Cauale","Caiongo",2021,0
"Uíge","Alto Cauale","Caiongo",2022,0
"Uíge","Alto Cauale","Caiongo",2023,0
"Uíge","Alto Cauale","Caiongo",2024,0
"Uíge","Alto Cauale","Kangola",2012,0
"Uíge","Alto Cauale","Kangola",2013,0
"Uíge","Alto Cauale","Kangola",2014,0
"Uíge","Alto Cauale","Kangola",2015,0
"Uíge","Alto Cauale","Kangola",2016,0
"Uíge","Alto Cauale","Kangola",2017,0
"Uíge","Alto Cauale","Kangola",2018,0
"Uíge","Alto Cauale","Kangola",2019,0
"Uíge","Alto Cauale","Kangola",2020,0
"Uíge","Alto Cauale","Kangola",2021,1.50210070610046
"Uíge","Alto Cauale","Kangola",2022,7.39675521850586
"Uíge","Alto Cauale","Kangola",2023,7.43966960906982
"Uíge","Alto Cauale","Kangola",2024,7.17713594436646
"Uíge","Ambuila","Kimpetelu",2012,0
"Uíge","Ambuila","Kimpetelu",2013,0
"Uíge","Ambuila","Kimpetelu",2014,0
"Uíge","Ambuila","Kimpetelu",2015,0
"Uíge","Ambuila","Kimpetelu",2016,0
"Uíge","Ambuila","Kimpetelu",2017,0
"Uíge","Ambuila","Kimpetelu",2018,0
"Uíge","Ambuila","Kimpetelu",2019,0
"Uíge","Ambuila","Kimpetelu",2020,0
"Uíge","Ambuila","Kimpetelu",2021,0
"Uíge","Ambuila","Kimpetelu",2022,0
"Uíge","Ambuila","Kimpetelu",2023,2.14507174491882
"Uíge","Ambuila","Kimpetelu",2024,0
"Uíge","Ambuila","Sede Mantoyo",2012,0
"Uíge","Ambuila","Sede Mantoyo",2013,0
"Uíge","Ambuila","Sede Mantoyo",2014,0
"Uíge","Ambuila","Sede Mantoyo",2015,0
"Uíge","Ambuila","Sede Mantoyo",2016,0
"Uíge","Ambuila","Sede Mantoyo",2017,0
"Uíge","Ambuila","Sede Mantoyo",2018,0
"Uíge","Ambuila","Sede Mantoyo",2019,0
"Uíge","Ambuila","Sede Mantoyo",2020,0
"Uíge","Ambuila","Sede Mantoyo",2021,0
"Uíge","Ambuila","Sede Mantoyo",2022,0
"Uíge","Ambuila","Sede Mantoyo",2023,0
"Uíge","Ambuila","Sede Mantoyo",2024,0
"Uíge","Bembe","Bembe",2012,3.19946241378784
"Uíge","Bembe","Bembe",2013,1.5966203212738
"Uíge","Bembe","Bembe",2014,1.17584538459778
"Uíge","Bembe","Bembe",2015,0
"Uíge","Bembe","Bembe",2016,0
"Uíge","Bembe","Bembe",2017,0
"Uíge","Bembe","Bembe",2018,0
"Uíge","Bembe","Bembe",2019,0
"Uíge","Bembe","Bembe",2020,0
"Uíge","Bembe","Bembe",2021,0
"Uíge","Bembe","Bembe",2022,0
"Uíge","Bembe","Bembe",2023,0
"Uíge","Bembe","Bembe",2024,0
"Uíge","Bembe","Lucunga",2012,0
"Uíge","Bembe","Lucunga",2013,0
"Uíge","Bembe","Lucunga",2014,0
"Uíge","Bembe","Lucunga",2015,0
"Uíge","Bembe","Lucunga",2016,0
"Uíge","Bembe","Lucunga",2017,0
"Uíge","Bembe","Lucunga",2018,0
"Uíge","Bembe","Lucunga",2019,0
"Uíge","Bembe","Lucunga",2020,0
"Uíge","Bembe","Lucunga",2021,0
"Uíge","Bembe","Lucunga",2022,0
"Uíge","Bembe","Lucunga",2023,0
"Uíge","Bembe","Lucunga",2024,0
"Uíge","Bembe","Mabaia",2012,0
"Uíge","Bembe","Mabaia",2013,0
"Uíge","Bembe","Mabaia",2014,0
"Uíge","Bembe","Mabaia",2015,0
"Uíge","Bembe","Mabaia",2016,0
"Uíge","Bembe","Mabaia",2017,0
"Uíge","Bembe","Mabaia",2018,0
"Uíge","Bembe","Mabaia",2019,0
"Uíge","Bembe","Mabaia",2020,0
"Uíge","Bembe","Mabaia",2021,0.595917701721191
"Uíge","Bembe","Mabaia",2022,0
"Uíge","Bembe","Mabaia",2023,0
"Uíge","Bembe","Mabaia",2024,0.500661730766296
"Uíge","Buengas","Buengas",2012,0
"Uíge","Buengas","Buengas",2013,0
"Uíge","Buengas","Buengas",2014,0
"Uíge","Buengas","Buengas",2015,0
"Uíge","Buengas","Buengas",2016,0
"Uíge","Buengas","Buengas",2017,0
"Uíge","Buengas","Buengas",2018,0
"Uíge","Buengas","Buengas",2019,0
"Uíge","Buengas","Buengas",2020,0
"Uíge","Buengas","Buengas",2021,0
"Uíge","Buengas","Buengas",2022,0
"Uíge","Buengas","Buengas",2023,0
"Uíge","Buengas","Buengas",2024,0
"Uíge","Buengas","Camboso",2012,0
"Uíge","Buengas","Camboso",2013,0
"Uíge","Buengas","Camboso",2014,0
"Uíge","Buengas","Camboso",2015,0
"Uíge","Buengas","Camboso",2016,0
"Uíge","Buengas","Camboso",2017,0
"Uíge","Buengas","Camboso",2018,0
"Uíge","Buengas","Camboso",2019,0
"Uíge","Buengas","Camboso",2020,0
"Uíge","Buengas","Camboso",2021,0
"Uíge","Buengas","Camboso",2022,0
"Uíge","Buengas","Camboso",2023,0
"Uíge","Buengas","Camboso",2024,0
"Uíge","Buengas","Quimbianda",2012,0
"Uíge","Buengas","Quimbianda",2013,0
"Uíge","Buengas","Quimbianda",2014,0
"Uíge","Buengas","Quimbianda",2015,0
"Uíge","Buengas","Quimbianda",2016,0
"Uíge","Buengas","Quimbianda",2017,0
"Uíge","Buengas","Quimbianda",2018,0
"Uíge","Buengas","Quimbianda",2019,0
"Uíge","Buengas","Quimbianda",2020,0
"Uíge","Buengas","Quimbianda",2021,0
"Uíge","Buengas","Quimbianda",2022,0
"Uíge","Buengas","Quimbianda",2023,0
"Uíge","Buengas","Quimbianda",2024,0
"Uíge","Bungo","Bungo",2012,0
"Uíge","Bungo","Bungo",2013,0.595730781555176
"Uíge","Bungo","Bungo",2014,0.560566484928131
"Uíge","Bungo","Bungo",2015,0.508085072040558
"Uíge","Bungo","Bungo",2016,0
"Uíge","Bungo","Bungo",2017,0
"Uíge","Bungo","Bungo",2018,0
"Uíge","Bungo","Bungo",2019,0
"Uíge","Bungo","Bungo",2020,0
"Uíge","Bungo","Bungo",2021,0
"Uíge","Bungo","Bungo",2022,0
"Uíge","Bungo","Bungo",2023,1.70305943489075
"Uíge","Bungo","Bungo",2024,0
"Uíge","Damba","Damba",2012,27.9345397949219
"Uíge","Damba","Damba",2013,2.77640771865845
"Uíge","Damba","Damba",2014,5.12006425857544
"Uíge","Damba","Damba",2015,0
"Uíge","Damba","Damba",2016,0
"Uíge","Damba","Damba",2017,0
"Uíge","Damba","Damba",2018,0
"Uíge","Damba","Damba",2019,0
"Uíge","Damba","Damba",2020,0
"Uíge","Damba","Damba",2021,0
"Uíge","Damba","Damba",2022,0
"Uíge","Damba","Damba",2023,0
"Uíge","Damba","Damba",2024,0
"Uíge","Damba","Lemboa",2012,0
"Uíge","Damba","Lemboa",2013,0
"Uíge","Damba","Lemboa",2014,0
"Uíge","Damba","Lemboa",2015,0
"Uíge","Damba","Lemboa",2016,0
"Uíge","Damba","Lemboa",2017,0
"Uíge","Damba","Lemboa",2018,0
"Uíge","Damba","Lemboa",2019,0
"Uíge","Damba","Lemboa",2020,0
"Uíge","Damba","Lemboa",2021,0
"Uíge","Damba","Lemboa",2022,0
"Uíge","Damba","Lemboa",2023,0
"Uíge","Damba","Lemboa",2024,0
"Uíge","Damba","N'soso",2012,1.30318379402161
"Uíge","Damba","N'soso",2013,0
"Uíge","Damba","N'soso",2014,0
"Uíge","Damba","N'soso",2015,0
"Uíge","Damba","N'soso",2016,0
"Uíge","Damba","N'soso",2017,0
"Uíge","Damba","N'soso",2018,0
"Uíge","Damba","N'soso",2019,0
"Uíge","Damba","N'soso",2020,0
"Uíge","Damba","N'soso",2021,0
"Uíge","Damba","N'soso",2022,0
"Uíge","Damba","N'soso",2023,0
"Uíge","Damba","N'soso",2024,0
"Uíge","Damba","Nkama-Ntambu",2012,0
"Uíge","Damba","Nkama-Ntambu",2013,0
"Uíge","Damba","Nkama-Ntambu",2014,0
"Uíge","Damba","Nkama-Ntambu",2015,0
"Uíge","Damba","Nkama-Ntambu",2016,0
"Uíge","Damba","Nkama-Ntambu",2017,0
"Uíge","Damba","Nkama-Ntambu",2018,0
"Uíge","Damba","Nkama-Ntambu",2019,0
"Uíge","Damba","Nkama-Ntambu",2020,0
"Uíge","Damba","Nkama-Ntambu",2021,0
"Uíge","Damba","Nkama-Ntambu",2022,0
"Uíge","Damba","Nkama-Ntambu",2023,0
"Uíge","Damba","Nkama-Ntambu",2024,0
"Uíge","Damba","Nkuso",2012,0
"Uíge","Damba","Nkuso",2013,0
"Uíge","Damba","Nkuso",2014,0
"Uíge","Damba","Nkuso",2015,0
"Uíge","Damba","Nkuso",2016,0
"Uíge","Damba","Nkuso",2017,0
"Uíge","Damba","Nkuso",2018,0
"Uíge","Damba","Nkuso",2019,0
"Uíge","Damba","Nkuso",2020,0
"Uíge","Damba","Nkuso",2021,0
"Uíge","Damba","Nkuso",2022,0
"Uíge","Damba","Nkuso",2023,0
"Uíge","Damba","Nkuso",2024,0
"Uíge","Maquela do Zombo","Beu",2012,0
"Uíge","Maquela do Zombo","Beu",2013,0
"Uíge","Maquela do Zombo","Beu",2014,0
"Uíge","Maquela do Zombo","Beu",2015,0
"Uíge","Maquela do Zombo","Beu",2016,0
"Uíge","Maquela do Zombo","Beu",2017,0
"Uíge","Maquela do Zombo","Beu",2018,0
"Uíge","Maquela do Zombo","Beu",2019,0
"Uíge","Maquela do Zombo","Beu",2020,0
"Uíge","Maquela do Zombo","Beu",2021,0
"Uíge","Maquela do Zombo","Beu",2022,0
"Uíge","Maquela do Zombo","Beu",2023,0
"Uíge","Maquela do Zombo","Beu",2024,0
"Uíge","Maquela do Zombo","Kibocolu",2012,0.516749560832977
"Uíge","Maquela do Zombo","Kibocolu",2013,0
"Uíge","Maquela do Zombo","Kibocolu",2014,0
"Uíge","Maquela do Zombo","Kibocolu",2015,0
"Uíge","Maquela do Zombo","Kibocolu",2016,0
"Uíge","Maquela do Zombo","Kibocolu",2017,0
"Uíge","Maquela do Zombo","Kibocolu",2018,0
"Uíge","Maquela do Zombo","Kibocolu",2019,0
"Uíge","Maquela do Zombo","Kibocolu",2020,0
"Uíge","Maquela do Zombo","Kibocolu",2021,0
"Uíge","Maquela do Zombo","Kibocolu",2022,0
"Uíge","Maquela do Zombo","Kibocolu",2023,2.38545846939087
"Uíge","Maquela do Zombo","Kibocolu",2024,2.6329300403595
"Uíge","Maquela do Zombo","Kuilu Futa",2012,0
"Uíge","Maquela do Zombo","Kuilu Futa",2013,0
"Uíge","Maquela do Zombo","Kuilu Futa",2014,0
"Uíge","Maquela do Zombo","Kuilu Futa",2015,0
"Uíge","Maquela do Zombo","Kuilu Futa",2016,0
"Uíge","Maquela do Zombo","Kuilu Futa",2017,0
"Uíge","Maquela do Zombo","Kuilu Futa",2018,0
"Uíge","Maquela do Zombo","Kuilu Futa",2019,0
"Uíge","Maquela do Zombo","Kuilu Futa",2020,0
"Uíge","Maquela do Zombo","Kuilu Futa",2021,0
"Uíge","Maquela do Zombo","Kuilu Futa",2022,0
"Uíge","Maquela do Zombo","Kuilu Futa",2023,0
"Uíge","Maquela do Zombo","Kuilu Futa",2024,0
"Uíge","Maquela do Zombo","Maquela do Zombo",2012,466.269195556641
"Uíge","Maquela do Zombo","Maquela do Zombo",2013,482.518920898438
"Uíge","Maquela do Zombo","Maquela do Zombo",2014,553.145324707031
"Uíge","Maquela do Zombo","Maquela do Zombo",2015,724.440124511719
"Uíge","Maquela do Zombo","Maquela do Zombo",2016,612.649536132812
"Uíge","Maquela do Zombo","Maquela do Zombo",2017,532.378662109375
"Uíge","Maquela do Zombo","Maquela do Zombo",2018,528.291320800781
"Uíge","Maquela do Zombo","Maquela do Zombo",2019,503.500152587891
"Uíge","Maquela do Zombo","Maquela do Zombo",2020,446.358367919922
"Uíge","Maquela do Zombo","Maquela do Zombo",2021,441.186065673828
"Uíge","Maquela do Zombo","Maquela do Zombo",2022,387.750793457031
"Uíge","Maquela do Zombo","Maquela do Zombo",2023,366.459899902344
"Uíge","Maquela do Zombo","Maquela do Zombo",2024,394.1591796875
"Uíge","Maquela do Zombo","Sakandika",2012,0
"Uíge","Maquela do Zombo","Sakandika",2013,0
"Uíge","Maquela do Zombo","Sakandika",2014,0
"Uíge","Maquela do Zombo","Sakandika",2015,0
"Uíge","Maquela do Zombo","Sakandika",2016,0
"Uíge","Maquela do Zombo","Sakandika",2017,0
"Uíge","Maquela do Zombo","Sakandika",2018,0
"Uíge","Maquela do Zombo","Sakandika",2019,0
"Uíge","Maquela do Zombo","Sakandika",2020,0
"Uíge","Maquela do Zombo","Sakandika",2021,0
"Uíge","Maquela do Zombo","Sakandika",2022,0
"Uíge","Maquela do Zombo","Sakandika",2023,0
"Uíge","Maquela do Zombo","Sakandika",2024,0
"Uíge","Milunga","Macocola",2012,0
"Uíge","Milunga","Macocola",2013,0
"Uíge","Milunga","Macocola",2014,0
"Uíge","Milunga","Macocola",2015,0
"Uíge","Milunga","Macocola",2016,0
"Uíge","Milunga","Macocola",2017,0
"Uíge","Milunga","Macocola",2018,0
"Uíge","Milunga","Macocola",2019,0
"Uíge","Milunga","Macocola",2020,0
"Uíge","Milunga","Macocola",2021,0
"Uíge","Milunga","Macocola",2022,0
"Uíge","Milunga","Macocola",2023,0.699538230895996
"Uíge","Milunga","Macocola",2024,0
"Uíge","Milunga","Macolo",2012,0
"Uíge","Milunga","Macolo",2013,0
"Uíge","Milunga","Macolo",2014,0
"Uíge","Milunga","Macolo",2015,0
"Uíge","Milunga","Macolo",2016,0
"Uíge","Milunga","Macolo",2017,0
"Uíge","Milunga","Macolo",2018,0
"Uíge","Milunga","Macolo",2019,0
"Uíge","Milunga","Macolo",2020,0
"Uíge","Milunga","Macolo",2021,0
"Uíge","Milunga","Macolo",2022,0
"Uíge","Milunga","Macolo",2023,0
"Uíge","Milunga","Macolo",2024,0
"Uíge","Milunga","Massau",2012,0
"Uíge","Milunga","Massau",2013,0
"Uíge","Milunga","Massau",2014,0
"Uíge","Milunga","Massau",2015,0
"Uíge","Milunga","Massau",2016,0
"Uíge","Milunga","Massau",2017,0
"Uíge","Milunga","Massau",2018,0
"Uíge","Milunga","Massau",2019,0
"Uíge","Milunga","Massau",2020,0
"Uíge","Milunga","Massau",2021,0
"Uíge","Milunga","Massau",2022,0
"Uíge","Milunga","Massau",2023,0
"Uíge","Milunga","Massau",2024,0
"Uíge","Milunga","Milunga",2012,0
"Uíge","Milunga","Milunga",2013,0
"Uíge","Milunga","Milunga",2014,0
"Uíge","Milunga","Milunga",2015,0
"Uíge","Milunga","Milunga",2016,0
"Uíge","Milunga","Milunga",2017,0
"Uíge","Milunga","Milunga",2018,0
"Uíge","Milunga","Milunga",2019,0
"Uíge","Milunga","Milunga",2020,0
"Uíge","Milunga","Milunga",2021,0
"Uíge","Milunga","Milunga",2022,0
"Uíge","Milunga","Milunga",2023,0
"Uíge","Milunga","Milunga",2024,0
"Uíge","Mucaba","Quinzala",2012,0
"Uíge","Mucaba","Quinzala",2013,0
"Uíge","Mucaba","Quinzala",2014,1.19620323181152
"Uíge","Mucaba","Quinzala",2015,0
"Uíge","Mucaba","Quinzala",2016,0
"Uíge","Mucaba","Quinzala",2017,0
"Uíge","Mucaba","Quinzala",2018,0
"Uíge","Mucaba","Quinzala",2019,0
"Uíge","Mucaba","Quinzala",2020,0
"Uíge","Mucaba","Quinzala",2021,0
"Uíge","Mucaba","Quinzala",2022,0
"Uíge","Mucaba","Quinzala",2023,0
"Uíge","Mucaba","Quinzala",2024,0
"Uíge","Mucaba","Uando",2012,0
"Uíge","Mucaba","Uando",2013,0
"Uíge","Mucaba","Uando",2014,0
"Uíge","Mucaba","Uando",2015,0
"Uíge","Mucaba","Uando",2016,0
"Uíge","Mucaba","Uando",2017,0
"Uíge","Mucaba","Uando",2018,0
"Uíge","Mucaba","Uando",2019,0
"Uíge","Mucaba","Uando",2020,0
"Uíge","Mucaba","Uando",2021,0
"Uíge","Mucaba","Uando",2022,0
"Uíge","Mucaba","Uando",2023,0
"Uíge","Mucaba","Uando",2024,0
"Uíge","Negage","Dimuca",2012,0
"Uíge","Negage","Dimuca",2013,0
"Uíge","Negage","Dimuca",2014,0
"Uíge","Negage","Dimuca",2015,0
"Uíge","Negage","Dimuca",2016,0
"Uíge","Negage","Dimuca",2017,0
"Uíge","Negage","Dimuca",2018,0
"Uíge","Negage","Dimuca",2019,0
"Uíge","Negage","Dimuca",2020,0
"Uíge","Negage","Dimuca",2021,0
"Uíge","Negage","Dimuca",2022,0
"Uíge","Negage","Dimuca",2023,0
"Uíge","Negage","Dimuca",2024,0
"Uíge","Negage","Kisseke",2012,1.59001445770264
"Uíge","Negage","Kisseke",2013,0
"Uíge","Negage","Kisseke",2014,0
"Uíge","Negage","Kisseke",2015,0
"Uíge","Negage","Kisseke",2016,0
"Uíge","Negage","Kisseke",2017,0
"Uíge","Negage","Kisseke",2018,0
"Uíge","Negage","Kisseke",2019,0
"Uíge","Negage","Kisseke",2020,0
"Uíge","Negage","Kisseke",2021,0
"Uíge","Negage","Kisseke",2022,0
"Uíge","Negage","Kisseke",2023,0
"Uíge","Negage","Kisseke",2024,0
"Uíge","Negage","Negage",2012,170.022003173828
"Uíge","Negage","Negage",2013,197.397384643555
"Uíge","Negage","Negage",2014,204.929382324219
"Uíge","Negage","Negage",2015,283.322509765625
"Uíge","Negage","Negage",2016,233.69091796875
"Uíge","Negage","Negage",2017,286.914031982422
"Uíge","Negage","Negage",2018,316.543182373047
"Uíge","Negage","Negage",2019,348.644165039062
"Uíge","Negage","Negage",2020,287.211547851562
"Uíge","Negage","Negage",2021,294.494354248047
"Uíge","Negage","Negage",2022,243.830703735352
"Uíge","Negage","Negage",2023,245.782104492188
"Uíge","Negage","Negage",2024,278.942596435547
"Uíge","Puri","Puri",2012,0
"Uíge","Puri","Puri",2013,0
"Uíge","Puri","Puri",2014,0
"Uíge","Puri","Puri",2015,0
"Uíge","Puri","Puri",2016,0.660085141658783
"Uíge","Puri","Puri",2017,0
"Uíge","Puri","Puri",2018,1.31085181236267
"Uíge","Puri","Puri",2019,0
"Uíge","Puri","Puri",2020,0.72047483921051
"Uíge","Puri","Puri",2021,0
"Uíge","Puri","Puri",2022,0
"Uíge","Puri","Puri",2023,0
"Uíge","Puri","Puri",2024,1.33499586582184
"Uíge","Quimbele","Alto-Zaza",2012,0
"Uíge","Quimbele","Alto-Zaza",2013,0
"Uíge","Quimbele","Alto-Zaza",2014,0
"Uíge","Quimbele","Alto-Zaza",2015,0
"Uíge","Quimbele","Alto-Zaza",2016,0
"Uíge","Quimbele","Alto-Zaza",2017,0
"Uíge","Quimbele","Alto-Zaza",2018,0
"Uíge","Quimbele","Alto-Zaza",2019,0
"Uíge","Quimbele","Alto-Zaza",2020,0
"Uíge","Quimbele","Alto-Zaza",2021,0
"Uíge","Quimbele","Alto-Zaza",2022,0
"Uíge","Quimbele","Alto-Zaza",2023,0
"Uíge","Quimbele","Alto-Zaza",2024,0
"Uíge","Quimbele","Cuango",2012,0
"Uíge","Quimbele","Cuango",2013,0
"Uíge","Quimbele","Cuango",2014,0
"Uíge","Quimbele","Cuango",2015,0
"Uíge","Quimbele","Cuango",2016,0
"Uíge","Quimbele","Cuango",2017,0
"Uíge","Quimbele","Cuango",2018,0
"Uíge","Quimbele","Cuango",2019,0
"Uíge","Quimbele","Cuango",2020,0
"Uíge","Quimbele","Cuango",2021,0
"Uíge","Quimbele","Cuango",2022,0
"Uíge","Quimbele","Cuango",2023,0
"Uíge","Quimbele","Cuango",2024,0
"Uíge","Quimbele","Icoca",2012,0
"Uíge","Quimbele","Icoca",2013,0
"Uíge","Quimbele","Icoca",2014,0
"Uíge","Quimbele","Icoca",2015,0
"Uíge","Quimbele","Icoca",2016,0
"Uíge","Quimbele","Icoca",2017,0
"Uíge","Quimbele","Icoca",2018,0
"Uíge","Quimbele","Icoca",2019,0
"Uíge","Quimbele","Icoca",2020,0
"Uíge","Quimbele","Icoca",2021,0
"Uíge","Quimbele","Icoca",2022,0
"Uíge","Quimbele","Icoca",2023,0
"Uíge","Quimbele","Icoca",2024,0
"Uíge","Quimbele","Quimbele",2012,0
"Uíge","Quimbele","Quimbele",2013,2.94104027748108
"Uíge","Quimbele","Quimbele",2014,3.15734434127808
"Uíge","Quimbele","Quimbele",2015,0
"Uíge","Quimbele","Quimbele",2016,0
"Uíge","Quimbele","Quimbele",2017,0
"Uíge","Quimbele","Quimbele",2018,0
"Uíge","Quimbele","Quimbele",2019,0
"Uíge","Quimbele","Quimbele",2020,0
"Uíge","Quimbele","Quimbele",2021,0
"Uíge","Quimbele","Quimbele",2022,0
"Uíge","Quimbele","Quimbele",2023,0
"Uíge","Quimbele","Quimbele",2024,0
"Uíge","Quitexe","Cambambe",2012,0
"Uíge","Quitexe","Cambambe",2013,0
"Uíge","Quitexe","Cambambe",2014,0
"Uíge","Quitexe","Cambambe",2015,0
"Uíge","Quitexe","Cambambe",2016,0
"Uíge","Quitexe","Cambambe",2017,0.515700280666351
"Uíge","Quitexe","Cambambe",2018,0
"Uíge","Quitexe","Cambambe",2019,0
"Uíge","Quitexe","Cambambe",2020,0
"Uíge","Quitexe","Cambambe",2021,0
"Uíge","Quitexe","Cambambe",2022,0
"Uíge","Quitexe","Cambambe",2023,0
"Uíge","Quitexe","Cambambe",2024,0
"Uíge","Quitexe","Quifuafua",2012,0
"Uíge","Quitexe","Quifuafua",2013,3.40694427490234
"Uíge","Quitexe","Quifuafua",2014,3.75650930404663
"Uíge","Quitexe","Quifuafua",2015,0
"Uíge","Quitexe","Quifuafua",2016,0.50583690404892
"Uíge","Quitexe","Quifuafua",2017,1.02912044525146
"Uíge","Quitexe","Quifuafua",2018,0
"Uíge","Quitexe","Quifuafua",2019,0
"Uíge","Quitexe","Quifuafua",2020,0
"Uíge","Quitexe","Quifuafua",2021,0
"Uíge","Quitexe","Quifuafua",2022,0
"Uíge","Quitexe","Quifuafua",2023,0.539402723312378
"Uíge","Quitexe","Quifuafua",2024,0
"Uíge","Quitexe","Quitende",2012,0
"Uíge","Quitexe","Quitende",2013,0
"Uíge","Quitexe","Quitende",2014,0
"Uíge","Quitexe","Quitende",2015,0.657972455024719
"Uíge","Quitexe","Quitende",2016,0.547535836696625
"Uíge","Quitexe","Quitende",2017,0
"Uíge","Quitexe","Quitende",2018,0
"Uíge","Quitexe","Quitende",2019,0
"Uíge","Quitexe","Quitende",2020,0
"Uíge","Quitexe","Quitende",2021,0
"Uíge","Quitexe","Quitende",2022,0
"Uíge","Quitexe","Quitende",2023,0
"Uíge","Quitexe","Quitende",2024,0
"Uíge","Quitexe","Quitexe",2012,6.53063201904297
"Uíge","Quitexe","Quitexe",2013,3.05277729034424
"Uíge","Quitexe","Quitexe",2014,1.28435611724854
"Uíge","Quitexe","Quitexe",2015,0
"Uíge","Quitexe","Quitexe",2016,0
"Uíge","Quitexe","Quitexe",2017,0
"Uíge","Quitexe","Quitexe",2018,2.4897665977478
"Uíge","Quitexe","Quitexe",2019,0
"Uíge","Quitexe","Quitexe",2020,0
"Uíge","Quitexe","Quitexe",2021,0
"Uíge","Quitexe","Quitexe",2022,1.75317144393921
"Uíge","Quitexe","Quitexe",2023,4.01868391036987
"Uíge","Quitexe","Quitexe",2024,0
"Uíge","Sanza Pombo","Alfandega",2012,0
"Uíge","Sanza Pombo","Alfandega",2013,0
"Uíge","Sanza Pombo","Alfandega",2014,4.56804609298706
"Uíge","Sanza Pombo","Alfandega",2015,8.38019943237305
"Uíge","Sanza Pombo","Alfandega",2016,2.60634016990662
"Uíge","Sanza Pombo","Alfandega",2017,9.15890502929688
"Uíge","Sanza Pombo","Alfandega",2018,0
"Uíge","Sanza Pombo","Alfandega",2019,0
"Uíge","Sanza Pombo","Alfandega",2020,0
"Uíge","Sanza Pombo","Alfandega",2021,0
"Uíge","Sanza Pombo","Alfandega",2022,0
"Uíge","Sanza Pombo","Alfandega",2023,2.71040606498718
"Uíge","Sanza Pombo","Alfandega",2024,3.93563723564148
"Uíge","Sanza Pombo","Cuilo Pombo",2012,0
"Uíge","Sanza Pombo","Cuilo Pombo",2013,0
"Uíge","Sanza Pombo","Cuilo Pombo",2014,0
"Uíge","Sanza Pombo","Cuilo Pombo",2015,0
"Uíge","Sanza Pombo","Cuilo Pombo",2016,0
"Uíge","Sanza Pombo","Cuilo Pombo",2017,0
"Uíge","Sanza Pombo","Cuilo Pombo",2018,0
"Uíge","Sanza Pombo","Cuilo Pombo",2019,0
"Uíge","Sanza Pombo","Cuilo Pombo",2020,0
"Uíge","Sanza Pombo","Cuilo Pombo",2021,0
"Uíge","Sanza Pombo","Cuilo Pombo",2022,0
"Uíge","Sanza Pombo","Cuilo Pombo",2023,0
"Uíge","Sanza Pombo","Cuilo Pombo",2024,0
"Uíge","Sanza Pombo","Sanza Pombo",2012,2.6047101020813
"Uíge","Sanza Pombo","Sanza Pombo",2013,4.41018962860107
"Uíge","Sanza Pombo","Sanza Pombo",2014,10.3462343215942
"Uíge","Sanza Pombo","Sanza Pombo",2015,5.983802318573
"Uíge","Sanza Pombo","Sanza Pombo",2016,5.3643217086792
"Uíge","Sanza Pombo","Sanza Pombo",2017,9.07529067993164
"Uíge","Sanza Pombo","Sanza Pombo",2018,5.69016933441162
"Uíge","Sanza Pombo","Sanza Pombo",2019,4.55989789962769
"Uíge","Sanza Pombo","Sanza Pombo",2020,111.130424499512
"Uíge","Sanza Pombo","Sanza Pombo",2021,98.2717361450195
"Uíge","Sanza Pombo","Sanza Pombo",2022,76.7980728149414
"Uíge","Sanza Pombo","Sanza Pombo",2023,83.1248550415039
"Uíge","Sanza Pombo","Sanza Pombo",2024,99.7503509521484
"Uíge","Sanza Pombo","Uamba",2012,0
"Uíge","Sanza Pombo","Uamba",2013,0
"Uíge","Sanza Pombo","Uamba",2014,0
"Uíge","Sanza Pombo","Uamba",2015,0
"Uíge","Sanza Pombo","Uamba",2016,0
"Uíge","Sanza Pombo","Uamba",2017,0
"Uíge","Sanza Pombo","Uamba",2018,0
"Uíge","Sanza Pombo","Uamba",2019,0
"Uíge","Sanza Pombo","Uamba",2020,0
"Uíge","Sanza Pombo","Uamba",2021,0
"Uíge","Sanza Pombo","Uamba",2022,0
"Uíge","Sanza Pombo","Uamba",2023,0
"Uíge","Sanza Pombo","Uamba",2024,0
"Uíge","Songo","Kinvuenga",2012,0
"Uíge","Songo","Kinvuenga",2013,0
"Uíge","Songo","Kinvuenga",2014,0
"Uíge","Songo","Kinvuenga",2015,0
"Uíge","Songo","Kinvuenga",2016,0
"Uíge","Songo","Kinvuenga",2017,0
"Uíge","Songo","Kinvuenga",2018,0
"Uíge","Songo","Kinvuenga",2019,0
"Uíge","Songo","Kinvuenga",2020,0
"Uíge","Songo","Kinvuenga",2021,0
"Uíge","Songo","Kinvuenga",2022,0
"Uíge","Songo","Kinvuenga",2023,0
"Uíge","Songo","Kinvuenga",2024,0
"Uíge","Songo","Songo",2012,0.506294548511505
"Uíge","Songo","Songo",2013,0
"Uíge","Songo","Songo",2014,0
"Uíge","Songo","Songo",2015,0
"Uíge","Songo","Songo",2016,0
"Uíge","Songo","Songo",2017,0
"Uíge","Songo","Songo",2018,0
"Uíge","Songo","Songo",2019,0
"Uíge","Songo","Songo",2020,0
"Uíge","Songo","Songo",2021,0.709268152713776
"Uíge","Songo","Songo",2022,0
"Uíge","Songo","Songo",2023,0
"Uíge","Songo","Songo",2024,0.516045987606049
"Uíge","Uíge","Uige",2012,1889.02294921875
"Uíge","Uíge","Uige",2013,2262.35888671875
"Uíge","Uíge","Uige",2014,2247.72778320312
"Uíge","Uíge","Uige",2015,2978.31909179688
"Uíge","Uíge","Uige",2016,2524.10180664062
"Uíge","Uíge","Uige",2017,2566.61157226562
"Uíge","Uíge","Uige",2018,2952.59594726562
"Uíge","Uíge","Uige",2019,3621.978515625
"Uíge","Uíge","Uige",2020,3240.27954101562
"Uíge","Uíge","Uige",2021,3315.072265625
"Uíge","Uíge","Uige",2022,2912.08740234375
"Uíge","Uíge","Uige",2023,3114.83544921875
"Uíge","Uíge","Uige",2024,3100.00268554688
"Zaire","Cuimba","Buela",2012,0
"Zaire","Cuimba","Buela",2013,0
"Zaire","Cuimba","Buela",2014,1.01546967029572
"Zaire","Cuimba","Buela",2015,0
"Zaire","Cuimba","Buela",2016,0
"Zaire","Cuimba","Buela",2017,0
"Zaire","Cuimba","Buela",2018,0
"Zaire","Cuimba","Buela",2019,0
"Zaire","Cuimba","Buela",2020,0.387859463691711
"Zaire","Cuimba","Buela",2021,0.76807689666748
"Zaire","Cuimba","Buela",2022,0.773588061332703
"Zaire","Cuimba","Buela",2023,6.49941873550415
"Zaire","Cuimba","Buela",2024,5.6463451385498
"Zaire","Cuimba","Serra da Kanda",2012,31.3497428894043
"Zaire","Cuimba","Serra da Kanda",2013,40.215446472168
"Zaire","Cuimba","Serra da Kanda",2014,58.4096031188965
"Zaire","Cuimba","Serra da Kanda",2015,19.3346614837646
"Zaire","Cuimba","Serra da Kanda",2016,8.62574100494385
"Zaire","Cuimba","Serra da Kanda",2017,15.2148532867432
"Zaire","Cuimba","Serra da Kanda",2018,8.99869632720947
"Zaire","Cuimba","Serra da Kanda",2019,25.4992179870605
"Zaire","Cuimba","Serra da Kanda",2020,101.922653198242
"Zaire","Cuimba","Serra da Kanda",2021,170.227340698242
"Zaire","Cuimba","Serra da Kanda",2022,171.687973022461
"Zaire","Cuimba","Serra da Kanda",2023,236.621597290039
"Zaire","Cuimba","Serra da Kanda",2024,250.101226806641
"Zaire","M'Banza Congo","Kiende",2012,9.29569435119629
"Zaire","M'Banza Congo","Kiende",2013,4.45343780517578
"Zaire","M'Banza Congo","Kiende",2014,1.0145058631897
"Zaire","M'Banza Congo","Kiende",2015,2.50435638427734
"Zaire","M'Banza Congo","Kiende",2016,0
"Zaire","M'Banza Congo","Kiende",2017,0
"Zaire","M'Banza Congo","Kiende",2018,0
"Zaire","M'Banza Congo","Kiende",2019,0
"Zaire","M'Banza Congo","Kiende",2020,0
"Zaire","M'Banza Congo","Kiende",2021,0
"Zaire","M'Banza Congo","Kiende",2022,0
"Zaire","M'Banza Congo","Kiende",2023,0
"Zaire","M'Banza Congo","Kiende",2024,5.82261371612549
"Zaire","M'Banza Congo","Luvo",2012,0
"Zaire","M'Banza Congo","Luvo",2013,0.076091580092907
"Zaire","M'Banza Congo","Luvo",2014,0.082336314022541
"Zaire","M'Banza Congo","Luvo",2015,0
"Zaire","M'Banza Congo","Luvo",2016,0
"Zaire","M'Banza Congo","Luvo",2017,0.0717781707644463
"Zaire","M'Banza Congo","Luvo",2018,0
"Zaire","M'Banza Congo","Luvo",2019,1.30276584625244
"Zaire","M'Banza Congo","Luvo",2020,0
"Zaire","M'Banza Congo","Luvo",2021,0
"Zaire","M'Banza Congo","Luvo",2022,0
"Zaire","M'Banza Congo","Luvo",2023,0.076918788254261
"Zaire","M'Banza Congo","Luvo",2024,0.0960405394434929
"Zaire","M'Banza Congo","Madimba",2012,0
"Zaire","M'Banza Congo","Madimba",2013,0
"Zaire","M'Banza Congo","Madimba",2014,1.75295281410217
"Zaire","M'Banza Congo","Madimba",2015,0.535406410694122
"Zaire","M'Banza Congo","Madimba",2016,0
"Zaire","M'Banza Congo","Madimba",2017,148.947967529297
"Zaire","M'Banza Congo","Madimba",2018,0
"Zaire","M'Banza Congo","Madimba",2019,0
"Zaire","M'Banza Congo","Madimba",2020,0
"Zaire","M'Banza Congo","Madimba",2021,0
"Zaire","M'Banza Congo","Madimba",2022,0
"Zaire","M'Banza Congo","Madimba",2023,0.542954444885254
"Zaire","M'Banza Congo","Madimba",2024,2.35320401191711
"Zaire","M'Banza Congo","Mbanza Congo",2012,451.136505126953
"Zaire","M'Banza Congo","Mbanza Congo",2013,780.938415527344
"Zaire","M'Banza Congo","Mbanza Congo",2014,881.830078125
"Zaire","M'Banza Congo","Mbanza Congo",2015,688.44091796875
"Zaire","M'Banza Congo","Mbanza Congo",2016,701.467590332031
"Zaire","M'Banza Congo","Mbanza Congo",2017,1081.66259765625
"Zaire","M'Banza Congo","Mbanza Congo",2018,1605.66223144531
"Zaire","M'Banza Congo","Mbanza Congo",2019,1694.66528320312
"Zaire","M'Banza Congo","Mbanza Congo",2020,1442.13354492188
"Zaire","M'Banza Congo","Mbanza Congo",2021,1550.87280273438
"Zaire","M'Banza Congo","Mbanza Congo",2022,1507.60424804688
"Zaire","M'Banza Congo","Mbanza Congo",2023,1824.45727539062
"Zaire","M'Banza Congo","Mbanza Congo",2024,2019.95690917969
"Zaire","N'Zeto","Kindege",2012,0.0832415744662285
"Zaire","N'Zeto","Kindege",2013,1.84840488433838
"Zaire","N'Zeto","Kindege",2014,0.591582179069519
"Zaire","N'Zeto","Kindege",2015,3.38056564331055
"Zaire","N'Zeto","Kindege",2016,2.21208930015564
"Zaire","N'Zeto","Kindege",2017,0
"Zaire","N'Zeto","Kindege",2018,7.41202974319458
"Zaire","N'Zeto","Kindege",2019,0
"Zaire","N'Zeto","Kindege",2020,0
"Zaire","N'Zeto","Kindege",2021,2.20331501960754
"Zaire","N'Zeto","Kindege",2022,0
"Zaire","N'Zeto","Kindege",2023,0
"Zaire","N'Zeto","Kindege",2024,1.56331729888916
"Zaire","N'Zeto","Musserra",2012,4.04140663146973
"Zaire","N'Zeto","Musserra",2013,10.4547166824341
"Zaire","N'Zeto","Musserra",2014,3.00891184806824
"Zaire","N'Zeto","Musserra",2015,7.98634338378906
"Zaire","N'Zeto","Musserra",2016,1.68933701515198
"Zaire","N'Zeto","Musserra",2017,0
"Zaire","N'Zeto","Musserra",2018,0
"Zaire","N'Zeto","Musserra",2019,0
"Zaire","N'Zeto","Musserra",2020,5.06255960464478
"Zaire","N'Zeto","Musserra",2021,5.34748983383179
"Zaire","N'Zeto","Musserra",2022,8.65631294250488
"Zaire","N'Zeto","Musserra",2023,11.8041191101074
"Zaire","N'Zeto","Musserra",2024,8.57750415802002
"Zaire","N'Zeto","Nzeto",2012,119.686714172363
"Zaire","N'Zeto","Nzeto",2013,116.276885986328
"Zaire","N'Zeto","Nzeto",2014,333.004821777344
"Zaire","N'Zeto","Nzeto",2015,173.96142578125
"Zaire","N'Zeto","Nzeto",2016,226.360977172852
"Zaire","N'Zeto","Nzeto",2017,711.617065429688
"Zaire","N'Zeto","Nzeto",2018,677.554626464844
"Zaire","N'Zeto","Nzeto",2019,694.333679199219
"Zaire","N'Zeto","Nzeto",2020,594.837158203125
"Zaire","N'Zeto","Nzeto",2021,645.857421875
"Zaire","N'Zeto","Nzeto",2022,768.02001953125
"Zaire","N'Zeto","Nzeto",2023,680.148681640625
"Zaire","N'Zeto","Nzeto",2024,614.500183105469
"Zaire","N'Zeto","Quibala Norte",2012,2.02556610107422
"Zaire","N'Zeto","Quibala Norte",2013,0
"Zaire","N'Zeto","Quibala Norte",2014,0
"Zaire","N'Zeto","Quibala Norte",2015,0
"Zaire","N'Zeto","Quibala Norte",2016,1.57735288143158
"Zaire","N'Zeto","Quibala Norte",2017,13.6319208145142
"Zaire","N'Zeto","Quibala Norte",2018,2.10370922088623
"Zaire","N'Zeto","Quibala Norte",2019,0
"Zaire","N'Zeto","Quibala Norte",2020,0
"Zaire","N'Zeto","Quibala Norte",2021,0.528678894042969
"Zaire","N'Zeto","Quibala Norte",2022,0
"Zaire","N'Zeto","Quibala Norte",2023,1.04154849052429
"Zaire","N'Zeto","Quibala Norte",2024,2.17419815063477
"Zaire","Noqui","Lufico",2012,0
"Zaire","Noqui","Lufico",2013,0
"Zaire","Noqui","Lufico",2014,0
"Zaire","Noqui","Lufico",2015,0
"Zaire","Noqui","Lufico",2016,0
"Zaire","Noqui","Lufico",2017,0
"Zaire","Noqui","Lufico",2018,0
"Zaire","Noqui","Lufico",2019,0
"Zaire","Noqui","Lufico",2020,0
"Zaire","Noqui","Lufico",2021,0
"Zaire","Noqui","Lufico",2022,0
"Zaire","Noqui","Lufico",2023,0
"Zaire","Noqui","Lufico",2024,0
"Zaire","Noqui","Lulendo",2012,19.7362976074219
"Zaire","Noqui","Lulendo",2013,15.7597227096558
"Zaire","Noqui","Lulendo",2014,14.0373096466064
"Zaire","Noqui","Lulendo",2015,10.1346883773804
"Zaire","Noqui","Lulendo",2016,15.4161443710327
"Zaire","Noqui","Lulendo",2017,27.8330993652344
"Zaire","Noqui","Lulendo",2018,7.46981811523438
"Zaire","Noqui","Lulendo",2019,7.23703336715698
"Zaire","Noqui","Lulendo",2020,8.52386093139648
"Zaire","Noqui","Lulendo",2021,16.2792434692383
"Zaire","Noqui","Lulendo",2022,27.8643836975098
"Zaire","Noqui","Lulendo",2023,27.2753963470459
"Zaire","Noqui","Lulendo",2024,21.9210300445557
"Zaire","Noqui","Noqui",2012,91.8630294799805
"Zaire","Noqui","Noqui",2013,65.1321487426758
"Zaire","Noqui","Noqui",2014,73.0801315307617
"Zaire","Noqui","Noqui",2015,53.7486877441406
"Zaire","Noqui","Noqui",2016,83.4433288574219
"Zaire","Noqui","Noqui",2017,82.3400344848633
"Zaire","Noqui","Noqui",2018,72.4215316772461
"Zaire","Noqui","Noqui",2019,59.7450180053711
"Zaire","Noqui","Noqui",2020,80.1982650756836
"Zaire","Noqui","Noqui",2021,66.6448745727539
"Zaire","Noqui","Noqui",2022,137.133712768555
"Zaire","Noqui","Noqui",2023,205.583786010742
"Zaire","Noqui","Noqui",2024,160.929321289062
"Zaire","Soyo","Kelo",2012,1298.10583496094
"Zaire","Soyo","Kelo",2013,1085.93432617188
"Zaire","Soyo","Kelo",2014,660.737060546875
"Zaire","Soyo","Kelo",2015,13.0056304931641
"Zaire","Soyo","Kelo",2016,618.658386230469
"Zaire","Soyo","Kelo",2017,405.440216064453
"Zaire","Soyo","Kelo",2018,502.680114746094
"Zaire","Soyo","Kelo",2019,403.371246337891
"Zaire","Soyo","Kelo",2020,492.133056640625
"Zaire","Soyo","Kelo",2021,345.456451416016
"Zaire","Soyo","Kelo",2022,303.095977783203
"Zaire","Soyo","Kelo",2023,218.671585083008
"Zaire","Soyo","Kelo",2024,44.7279014587402
"Zaire","Soyo","Pedra do Feitico",2012,48.6343536376953
"Zaire","Soyo","Pedra do Feitico",2013,51.5282440185547
"Zaire","Soyo","Pedra do Feitico",2014,52.285530090332
"Zaire","Soyo","Pedra do Feitico",2015,55.2434730529785
"Zaire","Soyo","Pedra do Feitico",2016,55.0197219848633
"Zaire","Soyo","Pedra do Feitico",2017,48.6971893310547
"Zaire","Soyo","Pedra do Feitico",2018,28.6936740875244
"Zaire","Soyo","Pedra do Feitico",2019,31.8949737548828
"Zaire","Soyo","Pedra do Feitico",2020,46.2140960693359
"Zaire","Soyo","Pedra do Feitico",2021,50.5853958129883
"Zaire","Soyo","Pedra do Feitico",2022,86.0874328613281
"Zaire","Soyo","Pedra do Feitico",2023,84.6060104370117
"Zaire","Soyo","Pedra do Feitico",2024,68.1389007568359
"Zaire","Soyo","Soyo",2012,13689.66796875
"Zaire","Soyo","Soyo",2013,25133.41015625
"Zaire","Soyo","Soyo",2014,13430.24609375
"Zaire","Soyo","Soyo",2015,4102.955078125
"Zaire","Soyo","Soyo",2016,32508.517578125
"Zaire","Soyo","Soyo",2017,14612.8740234375
"Zaire","Soyo","Soyo",2018,14819.498046875
"Zaire","Soyo","Soyo",2019,13824.8046875
"Zaire","Soyo","Soyo",2020,20385.310546875
"Zaire","Soyo","Soyo",2021,15792.5947265625
"Zaire","Soyo","Soyo",2022,14331.9560546875
"Zaire","Soyo","Soyo",2023,9781.3798828125
"Zaire","Soyo","Soyo",2024,12065.4970703125
"Zaire","Soyo","Sumba",2012,6.47387170791626
"Zaire","Soyo","Sumba",2013,2.35742497444153
"Zaire","Soyo","Sumba",2014,0
"Zaire","Soyo","Sumba",2015,0.614469826221466
"Zaire","Soyo","Sumba",2016,11.8972406387329
"Zaire","Soyo","Sumba",2017,0
"Zaire","Soyo","Sumba",2018,0
"Zaire","Soyo","Sumba",2019,0
"Zaire","Soyo","Sumba",2020,0.00662066694349051
"Zaire","Soyo","Sumba",2021,0
"Zaire","Soyo","Sumba",2022,0.00603584898635745
"Zaire","Soyo","Sumba",2023,0
"Zaire","Soyo","Sumba",2024,3.45774674415588
"Zaire","Tomboco","Kingombe",2012,0
"Zaire","Tomboco","Kingombe",2013,0
"Zaire","Tomboco","Kingombe",2014,0
"Zaire","Tomboco","Kingombe",2015,0
"Zaire","Tomboco","Kingombe",2016,0
"Zaire","Tomboco","Kingombe",2017,10.3160381317139
"Zaire","Tomboco","Kingombe",2018,11.4610986709595
"Zaire","Tomboco","Kingombe",2019,0
"Zaire","Tomboco","Kingombe",2020,0
"Zaire","Tomboco","Kingombe",2021,0
"Zaire","Tomboco","Kingombe",2022,0
"Zaire","Tomboco","Kingombe",2023,0
"Zaire","Tomboco","Kingombe",2024,0.526096522808075
"Zaire","Tomboco","Kinzau",2012,27.8704090118408
"Zaire","Tomboco","Kinzau",2013,44.0456085205078
"Zaire","Tomboco","Kinzau",2014,26.1007308959961
"Zaire","Tomboco","Kinzau",2015,15.6563844680786
"Zaire","Tomboco","Kinzau",2016,20.9074630737305
"Zaire","Tomboco","Kinzau",2017,32.8579750061035
"Zaire","Tomboco","Kinzau",2018,19.880744934082
"Zaire","Tomboco","Kinzau",2019,47.1904029846191
"Zaire","Tomboco","Kinzau",2020,26.5745105743408
"Zaire","Tomboco","Kinzau",2021,48.0581512451172
"Zaire","Tomboco","Kinzau",2022,64.9369125366211
"Zaire","Tomboco","Kinzau",2023,101.35481262207
"Zaire","Tomboco","Kinzau",2024,83.1647415161133
"Zaire","Tomboco","Quiximba",2012,1.03548431396484
"Zaire","Tomboco","Quiximba",2013,0
"Zaire","Tomboco","Quiximba",2014,1.50700044631958
"Zaire","Tomboco","Quiximba",2015,12.3371782302856
"Zaire","Tomboco","Quiximba",2016,8.27717590332031
"Zaire","Tomboco","Quiximba",2017,3.98203611373901
"Zaire","Tomboco","Quiximba",2018,2.11826729774475
"Zaire","Tomboco","Quiximba",2019,2.07024168968201
"Zaire","Tomboco","Quiximba",2020,14.4157152175903
"Zaire","Tomboco","Quiximba",2021,25.2055568695068
"Zaire","Tomboco","Quiximba",2022,20.0980319976807
"Zaire","Tomboco","Quiximba",2023,20.0180721282959
"Zaire","Tomboco","Quiximba",2024,27.6684455871582
"Zaire","Tomboco","Tomboco",2012,46.3116302490234
"Zaire","Tomboco","Tomboco",2013,85.4059906005859
"Zaire","Tomboco","Tomboco",2014,67.3749313354492
"Zaire","Tomboco","Tomboco",2015,18.2496719360352
"Zaire","Tomboco","Tomboco",2016,18.8882179260254
"Zaire","Tomboco","Tomboco",2017,25.066873550415
"Zaire","Tomboco","Tomboco",2018,13.8852071762085
"Zaire","Tomboco","Tomboco",2019,11.9536056518555
"Zaire","Tomboco","Tomboco",2020,54.4815330505371
"Zaire","Tomboco","Tomboco",2021,101.117073059082
"Zaire","Tomboco","Tomboco",2022,138.082702636719
"Zaire","Tomboco","Tomboco",2023,140.093032836914
"Zaire","Tomboco","Tomboco",2024,147.838424682617
