"NAME_1","NAME_2","NAME_3","date","ntl_mean"
"Chaouia - Ouardigha","Ben Slimane","Ben Slimane",2012,3286.46362304688
"Chaouia - Ouardigha","Ben Slimane","Ben Slimane",2013,3282.3037109375
"Chaouia - Ouardigha","Ben Slimane","Ben Slimane",2014,3905.705078125
"Chaouia - Ouardigha","Ben Slimane","Ben Slimane",2015,4844.8583984375
"Chaouia - Ouardigha","Ben Slimane","Ben Slimane",2016,4647.84716796875
"Chaouia - Ouardigha","Ben Slimane","Ben Slimane",2017,5125.2392578125
"Chaouia - Ouardigha","Ben Slimane","Ben Slimane",2018,5257.42578125
"Chaouia - Ouardigha","Ben Slimane","Ben Slimane",2019,6138.96728515625
"Chaouia - Ouardigha","Ben Slimane","Ben Slimane",2020,6377.4208984375
"Chaouia - Ouardigha","Ben Slimane","Ben Slimane",2021,7086.2294921875
"Chaouia - Ouardigha","Ben Slimane","Ben Slimane",2022,8694.951171875
"Chaouia - Ouardigha","Ben Slimane","Ben Slimane",2023,9282.1650390625
"Chaouia - Ouardigha","Ben Slimane","Ben Slimane",2024,8658.59765625
"Chaouia - Ouardigha","Ben Slimane","Bouznika",2012,3214.9736328125
"Chaouia - Ouardigha","Ben Slimane","Bouznika",2013,3026.41015625
"Chaouia - Ouardigha","Ben Slimane","Bouznika",2014,3553.3251953125
"Chaouia - Ouardigha","Ben Slimane","Bouznika",2015,4665.72216796875
"Chaouia - Ouardigha","Ben Slimane","Bouznika",2016,5202.5537109375
"Chaouia - Ouardigha","Ben Slimane","Bouznika",2017,5358.4345703125
"Chaouia - Ouardigha","Ben Slimane","Bouznika",2018,5810.4189453125
"Chaouia - Ouardigha","Ben Slimane","Bouznika",2019,6402.9873046875
"Chaouia - Ouardigha","Ben Slimane","Bouznika",2020,6896.90869140625
"Chaouia - Ouardigha","Ben Slimane","Bouznika",2021,7441.056640625
"Chaouia - Ouardigha","Ben Slimane","Bouznika",2022,7968.0673828125
"Chaouia - Ouardigha","Ben Slimane","Bouznika",2023,8469.4609375
"Chaouia - Ouardigha","Ben Slimane","Bouznika",2024,8730.828125
"Chaouia - Ouardigha","Ben Slimane","NA (Ben Slimane)",2012,2.17106628417969
"Chaouia - Ouardigha","Ben Slimane","NA (Ben Slimane)",2013,0.0159700252115726
"Chaouia - Ouardigha","Ben Slimane","NA (Ben Slimane)",2014,0
"Chaouia - Ouardigha","Ben Slimane","NA (Ben Slimane)",2015,1.1286529302597
"Chaouia - Ouardigha","Ben Slimane","NA (Ben Slimane)",2016,0.697364628314972
"Chaouia - Ouardigha","Ben Slimane","NA (Ben Slimane)",2017,1.7688285112381
"Chaouia - Ouardigha","Ben Slimane","NA (Ben Slimane)",2018,1.80731415748596
"Chaouia - Ouardigha","Ben Slimane","NA (Ben Slimane)",2019,1.26793539524078
"Chaouia - Ouardigha","Ben Slimane","NA (Ben Slimane)",2020,2.51187801361084
"Chaouia - Ouardigha","Ben Slimane","NA (Ben Slimane)",2021,4.96927404403687
"Chaouia - Ouardigha","Ben Slimane","NA (Ben Slimane)",2022,6.23586320877075
"Chaouia - Ouardigha","Ben Slimane","NA (Ben Slimane)",2023,6.23469161987305
"Chaouia - Ouardigha","Ben Slimane","NA (Ben Slimane)",2024,5.52497434616089
"Chaouia - Ouardigha","Ben Slimane","NA (Bouznika)",2012,1516.15405273438
"Chaouia - Ouardigha","Ben Slimane","NA (Bouznika)",2013,1749.68811035156
"Chaouia - Ouardigha","Ben Slimane","NA (Bouznika)",2014,2406.7265625
"Chaouia - Ouardigha","Ben Slimane","NA (Bouznika)",2015,2791.65600585938
"Chaouia - Ouardigha","Ben Slimane","NA (Bouznika)",2016,2953.96704101562
"Chaouia - Ouardigha","Ben Slimane","NA (Bouznika)",2017,3178.64990234375
"Chaouia - Ouardigha","Ben Slimane","NA (Bouznika)",2018,3295.72509765625
"Chaouia - Ouardigha","Ben Slimane","NA (Bouznika)",2019,3756.31079101562
"Chaouia - Ouardigha","Ben Slimane","NA (Bouznika)",2020,3974.70874023438
"Chaouia - Ouardigha","Ben Slimane","NA (Bouznika)",2021,4167.1376953125
"Chaouia - Ouardigha","Ben Slimane","NA (Bouznika)",2022,4449.265625
"Chaouia - Ouardigha","Ben Slimane","NA (Bouznika)",2023,4657.328125
"Chaouia - Ouardigha","Ben Slimane","NA (Bouznika)",2024,4810.27392578125
"Chaouia - Ouardigha","Khouribga","Bejaad",2012,1359.37377929688
"Chaouia - Ouardigha","Khouribga","Bejaad",2013,1723.89013671875
"Chaouia - Ouardigha","Khouribga","Bejaad",2014,1669.08508300781
"Chaouia - Ouardigha","Khouribga","Bejaad",2015,1921.1328125
"Chaouia - Ouardigha","Khouribga","Bejaad",2016,1890.56115722656
"Chaouia - Ouardigha","Khouribga","Bejaad",2017,2029.67419433594
"Chaouia - Ouardigha","Khouribga","Bejaad",2018,1909.17211914062
"Chaouia - Ouardigha","Khouribga","Bejaad",2019,2163.22778320312
"Chaouia - Ouardigha","Khouribga","Bejaad",2020,2097.02197265625
"Chaouia - Ouardigha","Khouribga","Bejaad",2021,2223.39794921875
"Chaouia - Ouardigha","Khouribga","Bejaad",2022,2220.51953125
"Chaouia - Ouardigha","Khouribga","Bejaad",2023,2117.458984375
"Chaouia - Ouardigha","Khouribga","Bejaad",2024,2181.08520507812
"Chaouia - Ouardigha","Khouribga","Khouribga",2012,11343.466796875
"Chaouia - Ouardigha","Khouribga","Khouribga",2013,10943.0400390625
"Chaouia - Ouardigha","Khouribga","Khouribga",2014,11548.0302734375
"Chaouia - Ouardigha","Khouribga","Khouribga",2015,12965.9833984375
"Chaouia - Ouardigha","Khouribga","Khouribga",2016,13843.0068359375
"Chaouia - Ouardigha","Khouribga","Khouribga",2017,14778.72265625
"Chaouia - Ouardigha","Khouribga","Khouribga",2018,13750.2470703125
"Chaouia - Ouardigha","Khouribga","Khouribga",2019,15546.0322265625
"Chaouia - Ouardigha","Khouribga","Khouribga",2020,16542.751953125
"Chaouia - Ouardigha","Khouribga","Khouribga",2021,16563.236328125
"Chaouia - Ouardigha","Khouribga","Khouribga",2022,17136.37890625
"Chaouia - Ouardigha","Khouribga","Khouribga",2023,18023.341796875
"Chaouia - Ouardigha","Khouribga","Khouribga",2024,17627.041015625
"Chaouia - Ouardigha","Khouribga","NA (Bejaad)",2012,199.329666137695
"Chaouia - Ouardigha","Khouribga","NA (Bejaad)",2013,337.165496826172
"Chaouia - Ouardigha","Khouribga","NA (Bejaad)",2014,337.369781494141
"Chaouia - Ouardigha","Khouribga","NA (Bejaad)",2015,389.404388427734
"Chaouia - Ouardigha","Khouribga","NA (Bejaad)",2016,363.651947021484
"Chaouia - Ouardigha","Khouribga","NA (Bejaad)",2017,422.276580810547
"Chaouia - Ouardigha","Khouribga","NA (Bejaad)",2018,414.206970214844
"Chaouia - Ouardigha","Khouribga","NA (Bejaad)",2019,635.581115722656
"Chaouia - Ouardigha","Khouribga","NA (Bejaad)",2020,635.272338867188
"Chaouia - Ouardigha","Khouribga","NA (Bejaad)",2021,610.0166015625
"Chaouia - Ouardigha","Khouribga","NA (Bejaad)",2022,584.756652832031
"Chaouia - Ouardigha","Khouribga","NA (Bejaad)",2023,520.873779296875
"Chaouia - Ouardigha","Khouribga","NA (Bejaad)",2024,534.481994628906
"Chaouia - Ouardigha","Khouribga","NA (Boujniba)",2012,4.10165977478027
"Chaouia - Ouardigha","Khouribga","NA (Boujniba)",2013,2.09309005737305
"Chaouia - Ouardigha","Khouribga","NA (Boujniba)",2014,3.30410099029541
"Chaouia - Ouardigha","Khouribga","NA (Boujniba)",2015,3.18346738815308
"Chaouia - Ouardigha","Khouribga","NA (Boujniba)",2016,5.23153400421143
"Chaouia - Ouardigha","Khouribga","NA (Boujniba)",2017,6.51433229446411
"Chaouia - Ouardigha","Khouribga","NA (Boujniba)",2018,8.28743648529053
"Chaouia - Ouardigha","Khouribga","NA (Boujniba)",2019,6.4073748588562
"Chaouia - Ouardigha","Khouribga","NA (Boujniba)",2020,11.4062395095825
"Chaouia - Ouardigha","Khouribga","NA (Boujniba)",2021,15.2653970718384
"Chaouia - Ouardigha","Khouribga","NA (Boujniba)",2022,17.6636753082275
"Chaouia - Ouardigha","Khouribga","NA (Boujniba)",2023,19.7614727020264
"Chaouia - Ouardigha","Khouribga","NA (Boujniba)",2024,18.3597049713135
"Chaouia - Ouardigha","Khouribga","NA (Hattane)",2012,0.418654173612595
"Chaouia - Ouardigha","Khouribga","NA (Hattane)",2013,7.73626379668713e-05
"Chaouia - Ouardigha","Khouribga","NA (Hattane)",2014,0.627843856811523
"Chaouia - Ouardigha","Khouribga","NA (Hattane)",2015,0.604871571063995
"Chaouia - Ouardigha","Khouribga","NA (Hattane)",2016,6.01760721206665
"Chaouia - Ouardigha","Khouribga","NA (Hattane)",2017,4.56785488128662
"Chaouia - Ouardigha","Khouribga","NA (Hattane)",2018,0.589801490306854
"Chaouia - Ouardigha","Khouribga","NA (Hattane)",2019,0.00031675340142101
"Chaouia - Ouardigha","Khouribga","NA (Hattane)",2020,0.0135328499600291
"Chaouia - Ouardigha","Khouribga","NA (Hattane)",2021,0.208275377750397
"Chaouia - Ouardigha","Khouribga","NA (Hattane)",2022,1.19063746929169
"Chaouia - Ouardigha","Khouribga","NA (Hattane)",2023,8.14437007904053
"Chaouia - Ouardigha","Khouribga","NA (Hattane)",2024,1.08127593994141
"Chaouia - Ouardigha","Khouribga","NA (Khouribga)",2012,375.218597412109
"Chaouia - Ouardigha","Khouribga","NA (Khouribga)",2013,333.144897460938
"Chaouia - Ouardigha","Khouribga","NA (Khouribga)",2014,339.384521484375
"Chaouia - Ouardigha","Khouribga","NA (Khouribga)",2015,386.222106933594
"Chaouia - Ouardigha","Khouribga","NA (Khouribga)",2016,428.18212890625
"Chaouia - Ouardigha","Khouribga","NA (Khouribga)",2017,532.825561523438
"Chaouia - Ouardigha","Khouribga","NA (Khouribga)",2018,539.09521484375
"Chaouia - Ouardigha","Khouribga","NA (Khouribga)",2019,619.49267578125
"Chaouia - Ouardigha","Khouribga","NA (Khouribga)",2020,593.913818359375
"Chaouia - Ouardigha","Khouribga","NA (Khouribga)",2021,613.390502929688
"Chaouia - Ouardigha","Khouribga","NA (Khouribga)",2022,732.287475585938
"Chaouia - Ouardigha","Khouribga","NA (Khouribga)",2023,895.565551757812
"Chaouia - Ouardigha","Khouribga","NA (Khouribga)",2024,1246.86706542969
"Chaouia - Ouardigha","Khouribga","NA (Ouad Zem)",2012,43.3864669799805
"Chaouia - Ouardigha","Khouribga","NA (Ouad Zem)",2013,28.0860252380371
"Chaouia - Ouardigha","Khouribga","NA (Ouad Zem)",2014,64.8135528564453
"Chaouia - Ouardigha","Khouribga","NA (Ouad Zem)",2015,81.320556640625
"Chaouia - Ouardigha","Khouribga","NA (Ouad Zem)",2016,70.8784713745117
"Chaouia - Ouardigha","Khouribga","NA (Ouad Zem)",2017,94.7543334960938
"Chaouia - Ouardigha","Khouribga","NA (Ouad Zem)",2018,79.7258148193359
"Chaouia - Ouardigha","Khouribga","NA (Ouad Zem)",2019,86.0241851806641
"Chaouia - Ouardigha","Khouribga","NA (Ouad Zem)",2020,104.986930847168
"Chaouia - Ouardigha","Khouribga","NA (Ouad Zem)",2021,108.114013671875
"Chaouia - Ouardigha","Khouribga","NA (Ouad Zem)",2022,123.571342468262
"Chaouia - Ouardigha","Khouribga","NA (Ouad Zem)",2023,119.238868713379
"Chaouia - Ouardigha","Khouribga","NA (Ouad Zem)",2024,118.117729187012
"Chaouia - Ouardigha","Khouribga","Ouad Zem",2012,3131.27368164062
"Chaouia - Ouardigha","Khouribga","Ouad Zem",2013,3020.65112304688
"Chaouia - Ouardigha","Khouribga","Ouad Zem",2014,3344.16235351562
"Chaouia - Ouardigha","Khouribga","Ouad Zem",2015,3735.46948242188
"Chaouia - Ouardigha","Khouribga","Ouad Zem",2016,3825.42163085938
"Chaouia - Ouardigha","Khouribga","Ouad Zem",2017,4070.44995117188
"Chaouia - Ouardigha","Khouribga","Ouad Zem",2018,3625.1279296875
"Chaouia - Ouardigha","Khouribga","Ouad Zem",2019,4191.12060546875
"Chaouia - Ouardigha","Khouribga","Ouad Zem",2020,4126.25634765625
"Chaouia - Ouardigha","Khouribga","Ouad Zem",2021,4143.23486328125
"Chaouia - Ouardigha","Khouribga","Ouad Zem",2022,4435.36328125
"Chaouia - Ouardigha","Khouribga","Ouad Zem",2023,4427.7255859375
"Chaouia - Ouardigha","Khouribga","Ouad Zem",2024,4352.49365234375
"Chaouia - Ouardigha","Settat","Ben Ahmed",2012,3482.640625
"Chaouia - Ouardigha","Settat","Ben Ahmed",2013,3169.99145507812
"Chaouia - Ouardigha","Settat","Ben Ahmed",2014,3569.822265625
"Chaouia - Ouardigha","Settat","Ben Ahmed",2015,3965.68334960938
"Chaouia - Ouardigha","Settat","Ben Ahmed",2016,4015.12963867188
"Chaouia - Ouardigha","Settat","Ben Ahmed",2017,4465.55615234375
"Chaouia - Ouardigha","Settat","Ben Ahmed",2018,3909.01513671875
"Chaouia - Ouardigha","Settat","Ben Ahmed",2019,4136.6533203125
"Chaouia - Ouardigha","Settat","Ben Ahmed",2020,3914.2958984375
"Chaouia - Ouardigha","Settat","Ben Ahmed",2021,4825.49853515625
"Chaouia - Ouardigha","Settat","Ben Ahmed",2022,5780.806640625
"Chaouia - Ouardigha","Settat","Ben Ahmed",2023,6380.84521484375
"Chaouia - Ouardigha","Settat","Ben Ahmed",2024,5566.39697265625
"Chaouia - Ouardigha","Settat","Berrechid",2012,8942.25
"Chaouia - Ouardigha","Settat","Berrechid",2013,9285.111328125
"Chaouia - Ouardigha","Settat","Berrechid",2014,10746.75390625
"Chaouia - Ouardigha","Settat","Berrechid",2015,11292.3740234375
"Chaouia - Ouardigha","Settat","Berrechid",2016,11524.76953125
"Chaouia - Ouardigha","Settat","Berrechid",2017,13162.8515625
"Chaouia - Ouardigha","Settat","Berrechid",2018,14404.5107421875
"Chaouia - Ouardigha","Settat","Berrechid",2019,16536.70703125
"Chaouia - Ouardigha","Settat","Berrechid",2020,16626.9453125
"Chaouia - Ouardigha","Settat","Berrechid",2021,17965.884765625
"Chaouia - Ouardigha","Settat","Berrechid",2022,20126.146484375
"Chaouia - Ouardigha","Settat","Berrechid",2023,21883.666015625
"Chaouia - Ouardigha","Settat","Berrechid",2024,22137.4921875
"Chaouia - Ouardigha","Settat","El Borouj",2012,878.005981445312
"Chaouia - Ouardigha","Settat","El Borouj",2013,815.723693847656
"Chaouia - Ouardigha","Settat","El Borouj",2014,811.682250976562
"Chaouia - Ouardigha","Settat","El Borouj",2015,865.177368164062
"Chaouia - Ouardigha","Settat","El Borouj",2016,930.748962402344
"Chaouia - Ouardigha","Settat","El Borouj",2017,941.669799804688
"Chaouia - Ouardigha","Settat","El Borouj",2018,1078.74633789062
"Chaouia - Ouardigha","Settat","El Borouj",2019,1355.03002929688
"Chaouia - Ouardigha","Settat","El Borouj",2020,1201.79772949219
"Chaouia - Ouardigha","Settat","El Borouj",2021,1264.85852050781
"Chaouia - Ouardigha","Settat","El Borouj",2022,1547.94360351562
"Chaouia - Ouardigha","Settat","El Borouj",2023,1875.09985351562
"Chaouia - Ouardigha","Settat","El Borouj",2024,1695.89587402344
"Chaouia - Ouardigha","Settat","El Gara",2012,2337.328125
"Chaouia - Ouardigha","Settat","El Gara",2013,2369.98583984375
"Chaouia - Ouardigha","Settat","El Gara",2014,2765.0390625
"Chaouia - Ouardigha","Settat","El Gara",2015,3308.00634765625
"Chaouia - Ouardigha","Settat","El Gara",2016,3448.85693359375
"Chaouia - Ouardigha","Settat","El Gara",2017,3700.19702148438
"Chaouia - Ouardigha","Settat","El Gara",2018,3738.6240234375
"Chaouia - Ouardigha","Settat","El Gara",2019,4454.6416015625
"Chaouia - Ouardigha","Settat","El Gara",2020,4857.6416015625
"Chaouia - Ouardigha","Settat","El Gara",2021,5638.1015625
"Chaouia - Ouardigha","Settat","El Gara",2022,6617.53369140625
"Chaouia - Ouardigha","Settat","El Gara",2023,7332.982421875
"Chaouia - Ouardigha","Settat","El Gara",2024,7198.05810546875
"Chaouia - Ouardigha","Settat","NA (Ben Ahmed)",2012,21.1778812408447
"Chaouia - Ouardigha","Settat","NA (Ben Ahmed)",2013,21.6184577941895
"Chaouia - Ouardigha","Settat","NA (Ben Ahmed)",2014,25.732328414917
"Chaouia - Ouardigha","Settat","NA (Ben Ahmed)",2015,31.4153423309326
"Chaouia - Ouardigha","Settat","NA (Ben Ahmed)",2016,30.4169025421143
"Chaouia - Ouardigha","Settat","NA (Ben Ahmed)",2017,32.6240615844727
"Chaouia - Ouardigha","Settat","NA (Ben Ahmed)",2018,33.6575126647949
"Chaouia - Ouardigha","Settat","NA (Ben Ahmed)",2019,35.5542411804199
"Chaouia - Ouardigha","Settat","NA (Ben Ahmed)",2020,29.9746971130371
"Chaouia - Ouardigha","Settat","NA (Ben Ahmed)",2021,43.4163284301758
"Chaouia - Ouardigha","Settat","NA (Ben Ahmed)",2022,45.4623680114746
"Chaouia - Ouardigha","Settat","NA (Ben Ahmed)",2023,46.0782089233398
"Chaouia - Ouardigha","Settat","NA (Ben Ahmed)",2024,44.0871505737305
"Chaouia - Ouardigha","Settat","NA (Berrechid)",2012,2413.8115234375
"Chaouia - Ouardigha","Settat","NA (Berrechid)",2013,2518.33032226562
"Chaouia - Ouardigha","Settat","NA (Berrechid)",2014,2556.72900390625
"Chaouia - Ouardigha","Settat","NA (Berrechid)",2015,2825.28344726562
"Chaouia - Ouardigha","Settat","NA (Berrechid)",2016,3094.826171875
"Chaouia - Ouardigha","Settat","NA (Berrechid)",2017,3029.84887695312
"Chaouia - Ouardigha","Settat","NA (Berrechid)",2018,2996.94287109375
"Chaouia - Ouardigha","Settat","NA (Berrechid)",2019,3167.50341796875
"Chaouia - Ouardigha","Settat","NA (Berrechid)",2020,3299.91015625
"Chaouia - Ouardigha","Settat","NA (Berrechid)",2021,3387.1767578125
"Chaouia - Ouardigha","Settat","NA (Berrechid)",2022,3597.95141601562
"Chaouia - Ouardigha","Settat","NA (Berrechid)",2023,3718.34790039062
"Chaouia - Ouardigha","Settat","NA (Berrechid)",2024,3640.2001953125
"Chaouia - Ouardigha","Settat","NA (El Borouj)",2012,0
"Chaouia - Ouardigha","Settat","NA (El Borouj)",2013,0
"Chaouia - Ouardigha","Settat","NA (El Borouj)",2014,0
"Chaouia - Ouardigha","Settat","NA (El Borouj)",2015,0
"Chaouia - Ouardigha","Settat","NA (El Borouj)",2016,0
"Chaouia - Ouardigha","Settat","NA (El Borouj)",2017,0
"Chaouia - Ouardigha","Settat","NA (El Borouj)",2018,0
"Chaouia - Ouardigha","Settat","NA (El Borouj)",2019,0
"Chaouia - Ouardigha","Settat","NA (El Borouj)",2020,0
"Chaouia - Ouardigha","Settat","NA (El Borouj)",2021,0
"Chaouia - Ouardigha","Settat","NA (El Borouj)",2022,0
"Chaouia - Ouardigha","Settat","NA (El Borouj)",2023,0
"Chaouia - Ouardigha","Settat","NA (El Borouj)",2024,0
"Chaouia - Ouardigha","Settat","NA (El Gara)",2012,0.417641073465347
"Chaouia - Ouardigha","Settat","NA (El Gara)",2013,0
"Chaouia - Ouardigha","Settat","NA (El Gara)",2014,0
"Chaouia - Ouardigha","Settat","NA (El Gara)",2015,0
"Chaouia - Ouardigha","Settat","NA (El Gara)",2016,0
"Chaouia - Ouardigha","Settat","NA (El Gara)",2017,0
"Chaouia - Ouardigha","Settat","NA (El Gara)",2018,0
"Chaouia - Ouardigha","Settat","NA (El Gara)",2019,0.431675732135773
"Chaouia - Ouardigha","Settat","NA (El Gara)",2020,0
"Chaouia - Ouardigha","Settat","NA (El Gara)",2021,0
"Chaouia - Ouardigha","Settat","NA (El Gara)",2022,0
"Chaouia - Ouardigha","Settat","NA (El Gara)",2023,1.53545391559601
"Chaouia - Ouardigha","Settat","NA (El Gara)",2024,0.446105301380157
"Chaouia - Ouardigha","Settat","NA (Loulad)",2012,5.89016056060791
"Chaouia - Ouardigha","Settat","NA (Loulad)",2013,2.29713320732117
"Chaouia - Ouardigha","Settat","NA (Loulad)",2014,4.70092296600342
"Chaouia - Ouardigha","Settat","NA (Loulad)",2015,3.60704278945923
"Chaouia - Ouardigha","Settat","NA (Loulad)",2016,6.53222036361694
"Chaouia - Ouardigha","Settat","NA (Loulad)",2017,6.59027719497681
"Chaouia - Ouardigha","Settat","NA (Loulad)",2018,5.75288677215576
"Chaouia - Ouardigha","Settat","NA (Loulad)",2019,16.7883377075195
"Chaouia - Ouardigha","Settat","NA (Loulad)",2020,13.9620399475098
"Chaouia - Ouardigha","Settat","NA (Loulad)",2021,21.9362773895264
"Chaouia - Ouardigha","Settat","NA (Loulad)",2022,27.019100189209
"Chaouia - Ouardigha","Settat","NA (Loulad)",2023,27.9232902526855
"Chaouia - Ouardigha","Settat","NA (Loulad)",2024,27.9785709381104
"Chaouia - Ouardigha","Settat","NA (Oulad Abbou)",2012,93.7446746826172
"Chaouia - Ouardigha","Settat","NA (Oulad Abbou)",2013,80.5547714233398
"Chaouia - Ouardigha","Settat","NA (Oulad Abbou)",2014,100.62313079834
"Chaouia - Ouardigha","Settat","NA (Oulad Abbou)",2015,109.422645568848
"Chaouia - Ouardigha","Settat","NA (Oulad Abbou)",2016,103.61563873291
"Chaouia - Ouardigha","Settat","NA (Oulad Abbou)",2017,105.56999206543
"Chaouia - Ouardigha","Settat","NA (Oulad Abbou)",2018,84.9415435791016
"Chaouia - Ouardigha","Settat","NA (Oulad Abbou)",2019,114.590919494629
"Chaouia - Ouardigha","Settat","NA (Oulad Abbou)",2020,112.051055908203
"Chaouia - Ouardigha","Settat","NA (Oulad Abbou)",2021,121.343200683594
"Chaouia - Ouardigha","Settat","NA (Oulad Abbou)",2022,118.669967651367
"Chaouia - Ouardigha","Settat","NA (Oulad Abbou)",2023,109.773780822754
"Chaouia - Ouardigha","Settat","NA (Oulad Abbou)",2024,118.239181518555
"Chaouia - Ouardigha","Settat","NA (Oulad M'Rah)",2012,55.0157279968262
"Chaouia - Ouardigha","Settat","NA (Oulad M'Rah)",2013,52.7107238769531
"Chaouia - Ouardigha","Settat","NA (Oulad M'Rah)",2014,49.6902503967285
"Chaouia - Ouardigha","Settat","NA (Oulad M'Rah)",2015,50.9164390563965
"Chaouia - Ouardigha","Settat","NA (Oulad M'Rah)",2016,47.526294708252
"Chaouia - Ouardigha","Settat","NA (Oulad M'Rah)",2017,52.4052772521973
"Chaouia - Ouardigha","Settat","NA (Oulad M'Rah)",2018,50.5036468505859
"Chaouia - Ouardigha","Settat","NA (Oulad M'Rah)",2019,51.3251495361328
"Chaouia - Ouardigha","Settat","NA (Oulad M'Rah)",2020,55.8444747924805
"Chaouia - Ouardigha","Settat","NA (Oulad M'Rah)",2021,71.1134567260742
"Chaouia - Ouardigha","Settat","NA (Oulad M'Rah)",2022,71.3823394775391
"Chaouia - Ouardigha","Settat","NA (Oulad M'Rah)",2023,73.9801635742188
"Chaouia - Ouardigha","Settat","NA (Oulad M'Rah)",2024,71.9276962280273
"Chaouia - Ouardigha","Settat","NA (Settat)",2012,1741.576171875
"Chaouia - Ouardigha","Settat","NA (Settat)",2013,1955.28637695312
"Chaouia - Ouardigha","Settat","NA (Settat)",2014,1905.00549316406
"Chaouia - Ouardigha","Settat","NA (Settat)",2015,2024.51989746094
"Chaouia - Ouardigha","Settat","NA (Settat)",2016,2189.68774414062
"Chaouia - Ouardigha","Settat","NA (Settat)",2017,2546.24853515625
"Chaouia - Ouardigha","Settat","NA (Settat)",2018,2653.87915039062
"Chaouia - Ouardigha","Settat","NA (Settat)",2019,2980.69995117188
"Chaouia - Ouardigha","Settat","NA (Settat)",2020,2836.98168945312
"Chaouia - Ouardigha","Settat","NA (Settat)",2021,3136.32690429688
"Chaouia - Ouardigha","Settat","NA (Settat)",2022,3322.611328125
"Chaouia - Ouardigha","Settat","NA (Settat)",2023,3201.49609375
"Chaouia - Ouardigha","Settat","NA (Settat)",2024,3073.44653320312
"Chaouia - Ouardigha","Settat","Settat",2012,3266.58837890625
"Chaouia - Ouardigha","Settat","Settat",2013,4389.1044921875
"Chaouia - Ouardigha","Settat","Settat",2014,4539.080078125
"Chaouia - Ouardigha","Settat","Settat",2015,5314.619140625
"Chaouia - Ouardigha","Settat","Settat",2016,5765.4501953125
"Chaouia - Ouardigha","Settat","Settat",2017,7139.82470703125
"Chaouia - Ouardigha","Settat","Settat",2018,6869.2294921875
"Chaouia - Ouardigha","Settat","Settat",2019,8288.7939453125
"Chaouia - Ouardigha","Settat","Settat",2020,7306.7158203125
"Chaouia - Ouardigha","Settat","Settat",2021,7491.376953125
"Chaouia - Ouardigha","Settat","Settat",2022,8647.615234375
"Chaouia - Ouardigha","Settat","Settat",2023,9424.65625
"Chaouia - Ouardigha","Settat","Settat",2024,8792.521484375
"Doukkala - Abda","El Jadida","Azemmour",2012,2575.541015625
"Doukkala - Abda","El Jadida","Azemmour",2013,2388.80688476562
"Doukkala - Abda","El Jadida","Azemmour",2014,3109.97485351562
"Doukkala - Abda","El Jadida","Azemmour",2015,3183.94921875
"Doukkala - Abda","El Jadida","Azemmour",2016,2961.78759765625
"Doukkala - Abda","El Jadida","Azemmour",2017,3788.59765625
"Doukkala - Abda","El Jadida","Azemmour",2018,3918.91845703125
"Doukkala - Abda","El Jadida","Azemmour",2019,4337.03857421875
"Doukkala - Abda","El Jadida","Azemmour",2020,4140.90234375
"Doukkala - Abda","El Jadida","Azemmour",2021,4512.25634765625
"Doukkala - Abda","El Jadida","Azemmour",2022,5957.63037109375
"Doukkala - Abda","El Jadida","Azemmour",2023,6988.11181640625
"Doukkala - Abda","El Jadida","Azemmour",2024,6527.17236328125
"Doukkala - Abda","El Jadida","El Jadida",2012,5450.6611328125
"Doukkala - Abda","El Jadida","El Jadida",2013,5378.36572265625
"Doukkala - Abda","El Jadida","El Jadida",2014,6420.107421875
"Doukkala - Abda","El Jadida","El Jadida",2015,7262.716796875
"Doukkala - Abda","El Jadida","El Jadida",2016,8302.59375
"Doukkala - Abda","El Jadida","El Jadida",2017,10016.4970703125
"Doukkala - Abda","El Jadida","El Jadida",2018,11344.427734375
"Doukkala - Abda","El Jadida","El Jadida",2019,11844.23046875
"Doukkala - Abda","El Jadida","El Jadida",2020,13300.8095703125
"Doukkala - Abda","El Jadida","El Jadida",2021,13244.25
"Doukkala - Abda","El Jadida","El Jadida",2022,15668.7119140625
"Doukkala - Abda","El Jadida","El Jadida",2023,18837.548828125
"Doukkala - Abda","El Jadida","El Jadida",2024,17699.130859375
"Doukkala - Abda","El Jadida","NA (Azemmour)",2012,128.258972167969
"Doukkala - Abda","El Jadida","NA (Azemmour)",2013,162.913162231445
"Doukkala - Abda","El Jadida","NA (Azemmour)",2014,168.600799560547
"Doukkala - Abda","El Jadida","NA (Azemmour)",2015,192.190658569336
"Doukkala - Abda","El Jadida","NA (Azemmour)",2016,183.54084777832
"Doukkala - Abda","El Jadida","NA (Azemmour)",2017,200.188507080078
"Doukkala - Abda","El Jadida","NA (Azemmour)",2018,232.702407836914
"Doukkala - Abda","El Jadida","NA (Azemmour)",2019,287.888916015625
"Doukkala - Abda","El Jadida","NA (Azemmour)",2020,288.828247070312
"Doukkala - Abda","El Jadida","NA (Azemmour)",2021,255.33479309082
"Doukkala - Abda","El Jadida","NA (Azemmour)",2022,261.749145507812
"Doukkala - Abda","El Jadida","NA (Azemmour)",2023,286.091613769531
"Doukkala - Abda","El Jadida","NA (Azemmour)",2024,264.922973632812
"Doukkala - Abda","El Jadida","NA (El Jadida)",2012,5619.16357421875
"Doukkala - Abda","El Jadida","NA (El Jadida)",2013,5969.099609375
"Doukkala - Abda","El Jadida","NA (El Jadida)",2014,6361.365234375
"Doukkala - Abda","El Jadida","NA (El Jadida)",2015,6656.13720703125
"Doukkala - Abda","El Jadida","NA (El Jadida)",2016,6262.90087890625
"Doukkala - Abda","El Jadida","NA (El Jadida)",2017,6599.22998046875
"Doukkala - Abda","El Jadida","NA (El Jadida)",2018,7396.62841796875
"Doukkala - Abda","El Jadida","NA (El Jadida)",2019,7911.07568359375
"Doukkala - Abda","El Jadida","NA (El Jadida)",2020,8443.5546875
"Doukkala - Abda","El Jadida","NA (El Jadida)",2021,8043.59765625
"Doukkala - Abda","El Jadida","NA (El Jadida)",2022,8402.328125
"Doukkala - Abda","El Jadida","NA (El Jadida)",2023,9009.380859375
"Doukkala - Abda","El Jadida","NA (El Jadida)",2024,8587.251953125
"Doukkala - Abda","El Jadida","NA (Lbir Jdid)",2012,501.572082519531
"Doukkala - Abda","El Jadida","NA (Lbir Jdid)",2013,606.458862304688
"Doukkala - Abda","El Jadida","NA (Lbir Jdid)",2014,595.296691894531
"Doukkala - Abda","El Jadida","NA (Lbir Jdid)",2015,671.055786132812
"Doukkala - Abda","El Jadida","NA (Lbir Jdid)",2016,694.527160644531
"Doukkala - Abda","El Jadida","NA (Lbir Jdid)",2017,739.107177734375
"Doukkala - Abda","El Jadida","NA (Lbir Jdid)",2018,789.489990234375
"Doukkala - Abda","El Jadida","NA (Lbir Jdid)",2019,842.833923339844
"Doukkala - Abda","El Jadida","NA (Lbir Jdid)",2020,768.546203613281
"Doukkala - Abda","El Jadida","NA (Lbir Jdid)",2021,748.981506347656
"Doukkala - Abda","El Jadida","NA (Lbir Jdid)",2022,787.885559082031
"Doukkala - Abda","El Jadida","NA (Lbir Jdid)",2023,840.082092285156
"Doukkala - Abda","El Jadida","NA (Lbir Jdid)",2024,844.47314453125
"Doukkala - Abda","El Jadida","NA (Sidi Bennour)",2012,691.669921875
"Doukkala - Abda","El Jadida","NA (Sidi Bennour)",2013,689.414855957031
"Doukkala - Abda","El Jadida","NA (Sidi Bennour)",2014,695.457641601562
"Doukkala - Abda","El Jadida","NA (Sidi Bennour)",2015,746.929260253906
"Doukkala - Abda","El Jadida","NA (Sidi Bennour)",2016,900.034729003906
"Doukkala - Abda","El Jadida","NA (Sidi Bennour)",2017,932.44580078125
"Doukkala - Abda","El Jadida","NA (Sidi Bennour)",2018,940.319152832031
"Doukkala - Abda","El Jadida","NA (Sidi Bennour)",2019,1447.72338867188
"Doukkala - Abda","El Jadida","NA (Sidi Bennour)",2020,1375.091796875
"Doukkala - Abda","El Jadida","NA (Sidi Bennour)",2021,1339.94799804688
"Doukkala - Abda","El Jadida","NA (Sidi Bennour)",2022,1392.65112304688
"Doukkala - Abda","El Jadida","NA (Sidi Bennour)",2023,1204.52587890625
"Doukkala - Abda","El Jadida","NA (Sidi Bennour)",2024,1458.15832519531
"Doukkala - Abda","El Jadida","NA (Zemamra)",2012,17.2498035430908
"Doukkala - Abda","El Jadida","NA (Zemamra)",2013,12.0616836547852
"Doukkala - Abda","El Jadida","NA (Zemamra)",2014,15.8732900619507
"Doukkala - Abda","El Jadida","NA (Zemamra)",2015,17.1325454711914
"Doukkala - Abda","El Jadida","NA (Zemamra)",2016,9.04354476928711
"Doukkala - Abda","El Jadida","NA (Zemamra)",2017,17.6387920379639
"Doukkala - Abda","El Jadida","NA (Zemamra)",2018,18.8304500579834
"Doukkala - Abda","El Jadida","NA (Zemamra)",2019,16.3480682373047
"Doukkala - Abda","El Jadida","NA (Zemamra)",2020,19.7276725769043
"Doukkala - Abda","El Jadida","NA (Zemamra)",2021,30.1853466033936
"Doukkala - Abda","El Jadida","NA (Zemamra)",2022,39.0657920837402
"Doukkala - Abda","El Jadida","NA (Zemamra)",2023,39.5013122558594
"Doukkala - Abda","El Jadida","NA (Zemamra)",2024,43.7402114868164
"Doukkala - Abda","El Jadida","Sidi Bennou",2012,1170.20349121094
"Doukkala - Abda","El Jadida","Sidi Bennou",2013,910.152099609375
"Doukkala - Abda","El Jadida","Sidi Bennou",2014,1043.82604980469
"Doukkala - Abda","El Jadida","Sidi Bennou",2015,1247.00073242188
"Doukkala - Abda","El Jadida","Sidi Bennou",2016,1309.20910644531
"Doukkala - Abda","El Jadida","Sidi Bennou",2017,1453.93542480469
"Doukkala - Abda","El Jadida","Sidi Bennou",2018,1538.68017578125
"Doukkala - Abda","El Jadida","Sidi Bennou",2019,1862.2568359375
"Doukkala - Abda","El Jadida","Sidi Bennou",2020,1784.05627441406
"Doukkala - Abda","El Jadida","Sidi Bennou",2021,2145.11303710938
"Doukkala - Abda","El Jadida","Sidi Bennou",2022,3157.3193359375
"Doukkala - Abda","El Jadida","Sidi Bennou",2023,3266.07373046875
"Doukkala - Abda","El Jadida","Sidi Bennou",2024,3165.9482421875
"Doukkala - Abda","El Jadida","Sidi Smail",2012,856.966918945312
"Doukkala - Abda","El Jadida","Sidi Smail",2013,798.026062011719
"Doukkala - Abda","El Jadida","Sidi Smail",2014,891.341796875
"Doukkala - Abda","El Jadida","Sidi Smail",2015,1003.19689941406
"Doukkala - Abda","El Jadida","Sidi Smail",2016,800.234191894531
"Doukkala - Abda","El Jadida","Sidi Smail",2017,1030.78308105469
"Doukkala - Abda","El Jadida","Sidi Smail",2018,1188.22033691406
"Doukkala - Abda","El Jadida","Sidi Smail",2019,1620.42651367188
"Doukkala - Abda","El Jadida","Sidi Smail",2020,1445.03503417969
"Doukkala - Abda","El Jadida","Sidi Smail",2021,1649.74926757812
"Doukkala - Abda","El Jadida","Sidi Smail",2022,2296.82739257812
"Doukkala - Abda","El Jadida","Sidi Smail",2023,2540.39770507812
"Doukkala - Abda","El Jadida","Sidi Smail",2024,2167.81518554688
"Doukkala - Abda","El Jadida","Zemamra",2012,1331.52355957031
"Doukkala - Abda","El Jadida","Zemamra",2013,1128.19958496094
"Doukkala - Abda","El Jadida","Zemamra",2014,1222.33117675781
"Doukkala - Abda","El Jadida","Zemamra",2015,1371.9873046875
"Doukkala - Abda","El Jadida","Zemamra",2016,1338.794921875
"Doukkala - Abda","El Jadida","Zemamra",2017,1363.6591796875
"Doukkala - Abda","El Jadida","Zemamra",2018,1367.21264648438
"Doukkala - Abda","El Jadida","Zemamra",2019,1500.96533203125
"Doukkala - Abda","El Jadida","Zemamra",2020,1631.83288574219
"Doukkala - Abda","El Jadida","Zemamra",2021,1855.71435546875
"Doukkala - Abda","El Jadida","Zemamra",2022,2271.55395507812
"Doukkala - Abda","El Jadida","Zemamra",2023,2332.65673828125
"Doukkala - Abda","El Jadida","Zemamra",2024,2091.95092773438
"Doukkala - Abda","Safi","Abda",2012,259.572723388672
"Doukkala - Abda","Safi","Abda",2013,260.281585693359
"Doukkala - Abda","Safi","Abda",2014,278.078369140625
"Doukkala - Abda","Safi","Abda",2015,338.665649414062
"Doukkala - Abda","Safi","Abda",2016,423.683410644531
"Doukkala - Abda","Safi","Abda",2017,591.806457519531
"Doukkala - Abda","Safi","Abda",2018,547.5224609375
"Doukkala - Abda","Safi","Abda",2019,444.945373535156
"Doukkala - Abda","Safi","Abda",2020,407.539398193359
"Doukkala - Abda","Safi","Abda",2021,594.145141601562
"Doukkala - Abda","Safi","Abda",2022,782.238525390625
"Doukkala - Abda","Safi","Abda",2023,845.961791992188
"Doukkala - Abda","Safi","Abda",2024,650.915588378906
"Doukkala - Abda","Safi","Ahmar",2012,4650.65380859375
"Doukkala - Abda","Safi","Ahmar",2013,5443.794921875
"Doukkala - Abda","Safi","Ahmar",2014,5634.287109375
"Doukkala - Abda","Safi","Ahmar",2015,5682.20654296875
"Doukkala - Abda","Safi","Ahmar",2016,5403.96923828125
"Doukkala - Abda","Safi","Ahmar",2017,5670.70458984375
"Doukkala - Abda","Safi","Ahmar",2018,5737.21826171875
"Doukkala - Abda","Safi","Ahmar",2019,5940.36181640625
"Doukkala - Abda","Safi","Ahmar",2020,5942.2841796875
"Doukkala - Abda","Safi","Ahmar",2021,6401.85693359375
"Doukkala - Abda","Safi","Ahmar",2022,7387.0439453125
"Doukkala - Abda","Safi","Ahmar",2023,7467.41162109375
"Doukkala - Abda","Safi","Ahmar",2024,7049.837890625
"Doukkala - Abda","Safi","Gzoula",2012,3639.69189453125
"Doukkala - Abda","Safi","Gzoula",2013,3973.19189453125
"Doukkala - Abda","Safi","Gzoula",2014,3819.90771484375
"Doukkala - Abda","Safi","Gzoula",2015,3941.48706054688
"Doukkala - Abda","Safi","Gzoula",2016,4342.9326171875
"Doukkala - Abda","Safi","Gzoula",2017,4604.265625
"Doukkala - Abda","Safi","Gzoula",2018,4800.8125
"Doukkala - Abda","Safi","Gzoula",2019,5098.41259765625
"Doukkala - Abda","Safi","Gzoula",2020,4730.09033203125
"Doukkala - Abda","Safi","Gzoula",2021,5125.91064453125
"Doukkala - Abda","Safi","Gzoula",2022,5776.9833984375
"Doukkala - Abda","Safi","Gzoula",2023,5944.68505859375
"Doukkala - Abda","Safi","Gzoula",2024,5829.56787109375
"Doukkala - Abda","Safi","Hrara",2012,681.550476074219
"Doukkala - Abda","Safi","Hrara",2013,530.733947753906
"Doukkala - Abda","Safi","Hrara",2014,534.874145507812
"Doukkala - Abda","Safi","Hrara",2015,658.085571289062
"Doukkala - Abda","Safi","Hrara",2016,733.24609375
"Doukkala - Abda","Safi","Hrara",2017,740.380493164062
"Doukkala - Abda","Safi","Hrara",2018,930.498229980469
"Doukkala - Abda","Safi","Hrara",2019,946.5966796875
"Doukkala - Abda","Safi","Hrara",2020,950.787048339844
"Doukkala - Abda","Safi","Hrara",2021,1007.3671875
"Doukkala - Abda","Safi","Hrara",2022,1224.79528808594
"Doukkala - Abda","Safi","Hrara",2023,1330.09130859375
"Doukkala - Abda","Safi","Hrara",2024,1338.01354980469
"Doukkala - Abda","Safi","NA (Asfi Biyada)",2012,2035.27722167969
"Doukkala - Abda","Safi","NA (Asfi Biyada)",2013,2171.44384765625
"Doukkala - Abda","Safi","NA (Asfi Biyada)",2014,2125.24047851562
"Doukkala - Abda","Safi","NA (Asfi Biyada)",2015,2522.14282226562
"Doukkala - Abda","Safi","NA (Asfi Biyada)",2016,2389.978515625
"Doukkala - Abda","Safi","NA (Asfi Biyada)",2017,2411.1005859375
"Doukkala - Abda","Safi","NA (Asfi Biyada)",2018,2463.244140625
"Doukkala - Abda","Safi","NA (Asfi Biyada)",2019,2676.36279296875
"Doukkala - Abda","Safi","NA (Asfi Biyada)",2020,2700.51977539062
"Doukkala - Abda","Safi","NA (Asfi Biyada)",2021,2793.95971679688
"Doukkala - Abda","Safi","NA (Asfi Biyada)",2022,3146.96533203125
"Doukkala - Abda","Safi","NA (Asfi Biyada)",2023,3320.19360351562
"Doukkala - Abda","Safi","NA (Asfi Biyada)",2024,2991.83325195312
"Doukkala - Abda","Safi","NA (Asfi Boudheb)",2012,1535.77722167969
"Doukkala - Abda","Safi","NA (Asfi Boudheb)",2013,1630.89660644531
"Doukkala - Abda","Safi","NA (Asfi Boudheb)",2014,1504.48034667969
"Doukkala - Abda","Safi","NA (Asfi Boudheb)",2015,1593.95922851562
"Doukkala - Abda","Safi","NA (Asfi Boudheb)",2016,1912.75280761719
"Doukkala - Abda","Safi","NA (Asfi Boudheb)",2017,1717.15942382812
"Doukkala - Abda","Safi","NA (Asfi Boudheb)",2018,1707.42663574219
"Doukkala - Abda","Safi","NA (Asfi Boudheb)",2019,1730.26281738281
"Doukkala - Abda","Safi","NA (Asfi Boudheb)",2020,1661.36877441406
"Doukkala - Abda","Safi","NA (Asfi Boudheb)",2021,1646.96887207031
"Doukkala - Abda","Safi","NA (Asfi Boudheb)",2022,1778.44152832031
"Doukkala - Abda","Safi","NA (Asfi Boudheb)",2023,1790.23937988281
"Doukkala - Abda","Safi","NA (Asfi Boudheb)",2024,1728.89916992188
"Doukkala - Abda","Safi","NA (Asfi Zaouia)",2012,2944.6328125
"Doukkala - Abda","Safi","NA (Asfi Zaouia)",2013,3014.51171875
"Doukkala - Abda","Safi","NA (Asfi Zaouia)",2014,2745.5498046875
"Doukkala - Abda","Safi","NA (Asfi Zaouia)",2015,2965.89331054688
"Doukkala - Abda","Safi","NA (Asfi Zaouia)",2016,3097.54077148438
"Doukkala - Abda","Safi","NA (Asfi Zaouia)",2017,3305.21655273438
"Doukkala - Abda","Safi","NA (Asfi Zaouia)",2018,3475.59106445312
"Doukkala - Abda","Safi","NA (Asfi Zaouia)",2019,3691.8076171875
"Doukkala - Abda","Safi","NA (Asfi Zaouia)",2020,3634.57348632812
"Doukkala - Abda","Safi","NA (Asfi Zaouia)",2021,3570.93774414062
"Doukkala - Abda","Safi","NA (Asfi Zaouia)",2022,3707.62475585938
"Doukkala - Abda","Safi","NA (Asfi Zaouia)",2023,3947.15405273438
"Doukkala - Abda","Safi","NA (Asfi Zaouia)",2024,3628.51440429688
"Doukkala - Abda","Safi","NA (Echemmaia)",2012,283.662872314453
"Doukkala - Abda","Safi","NA (Echemmaia)",2013,292.275665283203
"Doukkala - Abda","Safi","NA (Echemmaia)",2014,432.555114746094
"Doukkala - Abda","Safi","NA (Echemmaia)",2015,607.663024902344
"Doukkala - Abda","Safi","NA (Echemmaia)",2016,917.072998046875
"Doukkala - Abda","Safi","NA (Echemmaia)",2017,1017.14154052734
"Doukkala - Abda","Safi","NA (Echemmaia)",2018,985.28515625
"Doukkala - Abda","Safi","NA (Echemmaia)",2019,970.730529785156
"Doukkala - Abda","Safi","NA (Echemmaia)",2020,994.621459960938
"Doukkala - Abda","Safi","NA (Echemmaia)",2021,922.826416015625
"Doukkala - Abda","Safi","NA (Echemmaia)",2022,936.429870605469
"Doukkala - Abda","Safi","NA (Echemmaia)",2023,879.175170898438
"Doukkala - Abda","Safi","NA (Echemmaia)",2024,836.438354492188
"Doukkala - Abda","Safi","NA (Jamaat Shaim)",2012,245.528900146484
"Doukkala - Abda","Safi","NA (Jamaat Shaim)",2013,289.894012451172
"Doukkala - Abda","Safi","NA (Jamaat Shaim)",2014,290.089019775391
"Doukkala - Abda","Safi","NA (Jamaat Shaim)",2015,315.788482666016
"Doukkala - Abda","Safi","NA (Jamaat Shaim)",2016,334.351623535156
"Doukkala - Abda","Safi","NA (Jamaat Shaim)",2017,329.828430175781
"Doukkala - Abda","Safi","NA (Jamaat Shaim)",2018,287.281372070312
"Doukkala - Abda","Safi","NA (Jamaat Shaim)",2019,284.788116455078
"Doukkala - Abda","Safi","NA (Jamaat Shaim)",2020,517.451049804688
"Doukkala - Abda","Safi","NA (Jamaat Shaim)",2021,578.012023925781
"Doukkala - Abda","Safi","NA (Jamaat Shaim)",2022,599.754821777344
"Doukkala - Abda","Safi","NA (Jamaat Shaim)",2023,474.434112548828
"Doukkala - Abda","Safi","NA (Jamaat Shaim)",2024,408.184020996094
"Doukkala - Abda","Safi","NA (Sebt Gzoula)",2012,16.7900104522705
"Doukkala - Abda","Safi","NA (Sebt Gzoula)",2013,13.293927192688
"Doukkala - Abda","Safi","NA (Sebt Gzoula)",2014,14.8204917907715
"Doukkala - Abda","Safi","NA (Sebt Gzoula)",2015,17.8268451690674
"Doukkala - Abda","Safi","NA (Sebt Gzoula)",2016,26.0046787261963
"Doukkala - Abda","Safi","NA (Sebt Gzoula)",2017,39.8061294555664
"Doukkala - Abda","Safi","NA (Sebt Gzoula)",2018,32.2384414672852
"Doukkala - Abda","Safi","NA (Sebt Gzoula)",2019,41.6681976318359
"Doukkala - Abda","Safi","NA (Sebt Gzoula)",2020,25.0477523803711
"Doukkala - Abda","Safi","NA (Sebt Gzoula)",2021,46.4806137084961
"Doukkala - Abda","Safi","NA (Sebt Gzoula)",2022,55.5943717956543
"Doukkala - Abda","Safi","NA (Sebt Gzoula)",2023,120.077537536621
"Doukkala - Abda","Safi","NA (Sebt Gzoula)",2024,96.9766235351562
"Doukkala - Abda","Safi","NA (Youssoufia)",2012,3.93851137161255
"Doukkala - Abda","Safi","NA (Youssoufia)",2013,2.4293966293335
"Doukkala - Abda","Safi","NA (Youssoufia)",2014,2.67303419113159
"Doukkala - Abda","Safi","NA (Youssoufia)",2015,2.45065140724182
"Doukkala - Abda","Safi","NA (Youssoufia)",2016,0.717165470123291
"Doukkala - Abda","Safi","NA (Youssoufia)",2017,1.7151802778244
"Doukkala - Abda","Safi","NA (Youssoufia)",2018,0.998337090015411
"Doukkala - Abda","Safi","NA (Youssoufia)",2019,0.882694840431213
"Doukkala - Abda","Safi","NA (Youssoufia)",2020,0.732788026332855
"Doukkala - Abda","Safi","NA (Youssoufia)",2021,1.8183366060257
"Doukkala - Abda","Safi","NA (Youssoufia)",2022,6.71200799942017
"Doukkala - Abda","Safi","NA (Youssoufia)",2023,12.0076236724854
"Doukkala - Abda","Safi","NA (Youssoufia)",2024,6.03001880645752
"Fès - Boulemane","Boulemane","Boulemane",2012,425.809234619141
"Fès - Boulemane","Boulemane","Boulemane",2013,521.521240234375
"Fès - Boulemane","Boulemane","Boulemane",2014,606.293334960938
"Fès - Boulemane","Boulemane","Boulemane",2015,655.308532714844
"Fès - Boulemane","Boulemane","Boulemane",2016,744.843505859375
"Fès - Boulemane","Boulemane","Boulemane",2017,821.502624511719
"Fès - Boulemane","Boulemane","Boulemane",2018,755.788513183594
"Fès - Boulemane","Boulemane","Boulemane",2019,928.198913574219
"Fès - Boulemane","Boulemane","Boulemane",2020,838.648681640625
"Fès - Boulemane","Boulemane","Boulemane",2021,971.994018554688
"Fès - Boulemane","Boulemane","Boulemane",2022,1037.85437011719
"Fès - Boulemane","Boulemane","Boulemane",2023,1074.00280761719
"Fès - Boulemane","Boulemane","Boulemane",2024,937.255065917969
"Fès - Boulemane","Boulemane","Missour",2012,1876.21740722656
"Fès - Boulemane","Boulemane","Missour",2013,1940.45458984375
"Fès - Boulemane","Boulemane","Missour",2014,1992.76684570312
"Fès - Boulemane","Boulemane","Missour",2015,2079.958984375
"Fès - Boulemane","Boulemane","Missour",2016,2168.0078125
"Fès - Boulemane","Boulemane","Missour",2017,2277.33178710938
"Fès - Boulemane","Boulemane","Missour",2018,2218.01831054688
"Fès - Boulemane","Boulemane","Missour",2019,2539.880859375
"Fès - Boulemane","Boulemane","Missour",2020,2518.03955078125
"Fès - Boulemane","Boulemane","Missour",2021,2569.25830078125
"Fès - Boulemane","Boulemane","Missour",2022,2593.89770507812
"Fès - Boulemane","Boulemane","Missour",2023,2803.95092773438
"Fès - Boulemane","Boulemane","Missour",2024,2782.46801757812
"Fès - Boulemane","Boulemane","NA (Boulemane)",2012,11.5969438552856
"Fès - Boulemane","Boulemane","NA (Boulemane)",2013,16.2138442993164
"Fès - Boulemane","Boulemane","NA (Boulemane)",2014,21.1404838562012
"Fès - Boulemane","Boulemane","NA (Boulemane)",2015,20.8855876922607
"Fès - Boulemane","Boulemane","NA (Boulemane)",2016,23.7394847869873
"Fès - Boulemane","Boulemane","NA (Boulemane)",2017,24.9561519622803
"Fès - Boulemane","Boulemane","NA (Boulemane)",2018,29.6311855316162
"Fès - Boulemane","Boulemane","NA (Boulemane)",2019,22.286075592041
"Fès - Boulemane","Boulemane","NA (Boulemane)",2020,26.073616027832
"Fès - Boulemane","Boulemane","NA (Boulemane)",2021,39.0983047485352
"Fès - Boulemane","Boulemane","NA (Boulemane)",2022,38.3661079406738
"Fès - Boulemane","Boulemane","NA (Boulemane)",2023,39.0077438354492
"Fès - Boulemane","Boulemane","NA (Boulemane)",2024,36.359790802002
"Fès - Boulemane","Boulemane","NA (Imouzzer Marmoucha)",2012,20.3389759063721
"Fès - Boulemane","Boulemane","NA (Imouzzer Marmoucha)",2013,20.4913997650146
"Fès - Boulemane","Boulemane","NA (Imouzzer Marmoucha)",2014,22.2313861846924
"Fès - Boulemane","Boulemane","NA (Imouzzer Marmoucha)",2015,27.3665561676025
"Fès - Boulemane","Boulemane","NA (Imouzzer Marmoucha)",2016,48.9966201782227
"Fès - Boulemane","Boulemane","NA (Imouzzer Marmoucha)",2017,45.8067626953125
"Fès - Boulemane","Boulemane","NA (Imouzzer Marmoucha)",2018,43.9736976623535
"Fès - Boulemane","Boulemane","NA (Imouzzer Marmoucha)",2019,48.554370880127
"Fès - Boulemane","Boulemane","NA (Imouzzer Marmoucha)",2020,41.5865783691406
"Fès - Boulemane","Boulemane","NA (Imouzzer Marmoucha)",2021,44.0241661071777
"Fès - Boulemane","Boulemane","NA (Imouzzer Marmoucha)",2022,47.3472213745117
"Fès - Boulemane","Boulemane","NA (Imouzzer Marmoucha)",2023,53.2615013122559
"Fès - Boulemane","Boulemane","NA (Imouzzer Marmoucha)",2024,49.633617401123
"Fès - Boulemane","Boulemane","NA (Missour)",2012,7.78760719299316
"Fès - Boulemane","Boulemane","NA (Missour)",2013,3.23972845077515
"Fès - Boulemane","Boulemane","NA (Missour)",2014,7.42695569992065
"Fès - Boulemane","Boulemane","NA (Missour)",2015,4.68562746047974
"Fès - Boulemane","Boulemane","NA (Missour)",2016,5.86250019073486
"Fès - Boulemane","Boulemane","NA (Missour)",2017,8.78843307495117
"Fès - Boulemane","Boulemane","NA (Missour)",2018,10.1177406311035
"Fès - Boulemane","Boulemane","NA (Missour)",2019,10.8247966766357
"Fès - Boulemane","Boulemane","NA (Missour)",2020,13.2861518859863
"Fès - Boulemane","Boulemane","NA (Missour)",2021,19.5717220306396
"Fès - Boulemane","Boulemane","NA (Missour)",2022,19.5772094726562
"Fès - Boulemane","Boulemane","NA (Missour)",2023,21.7626457214355
"Fès - Boulemane","Boulemane","NA (Missour)",2024,19.4079818725586
"Fès - Boulemane","Boulemane","NA (Outat El Haj)",2012,307.0810546875
"Fès - Boulemane","Boulemane","NA (Outat El Haj)",2013,378.787689208984
"Fès - Boulemane","Boulemane","NA (Outat El Haj)",2014,364.876861572266
"Fès - Boulemane","Boulemane","NA (Outat El Haj)",2015,406.720672607422
"Fès - Boulemane","Boulemane","NA (Outat El Haj)",2016,444.597869873047
"Fès - Boulemane","Boulemane","NA (Outat El Haj)",2017,506.943023681641
"Fès - Boulemane","Boulemane","NA (Outat El Haj)",2018,496.351959228516
"Fès - Boulemane","Boulemane","NA (Outat El Haj)",2019,517.963439941406
"Fès - Boulemane","Boulemane","NA (Outat El Haj)",2020,540.213317871094
"Fès - Boulemane","Boulemane","NA (Outat El Haj)",2021,629.941223144531
"Fès - Boulemane","Boulemane","NA (Outat El Haj)",2022,728.330383300781
"Fès - Boulemane","Boulemane","NA (Outat El Haj)",2023,722.125793457031
"Fès - Boulemane","Boulemane","NA (Outat El Haj)",2024,623.783569335938
"Fès - Boulemane","Boulemane","Outat El Ha",2012,628.324645996094
"Fès - Boulemane","Boulemane","Outat El Ha",2013,676.184997558594
"Fès - Boulemane","Boulemane","Outat El Ha",2014,723.690673828125
"Fès - Boulemane","Boulemane","Outat El Ha",2015,841.524841308594
"Fès - Boulemane","Boulemane","Outat El Ha",2016,1024.5888671875
"Fès - Boulemane","Boulemane","Outat El Ha",2017,1082.01159667969
"Fès - Boulemane","Boulemane","Outat El Ha",2018,1176.65100097656
"Fès - Boulemane","Boulemane","Outat El Ha",2019,1223.16064453125
"Fès - Boulemane","Boulemane","Outat El Ha",2020,1132.96423339844
"Fès - Boulemane","Boulemane","Outat El Ha",2021,1337.76940917969
"Fès - Boulemane","Boulemane","Outat El Ha",2022,1495.55017089844
"Fès - Boulemane","Boulemane","Outat El Ha",2023,1619.5625
"Fès - Boulemane","Boulemane","Outat El Ha",2024,1293.5556640625
"Fès - Boulemane","Fès","NA (Agdal)",2012,4765.6533203125
"Fès - Boulemane","Fès","NA (Agdal)",2013,4783.0419921875
"Fès - Boulemane","Fès","NA (Agdal)",2014,4733.3203125
"Fès - Boulemane","Fès","NA (Agdal)",2015,4877.31494140625
"Fès - Boulemane","Fès","NA (Agdal)",2016,5162.63916015625
"Fès - Boulemane","Fès","NA (Agdal)",2017,5622.80908203125
"Fès - Boulemane","Fès","NA (Agdal)",2018,5204.87548828125
"Fès - Boulemane","Fès","NA (Agdal)",2019,5406.6044921875
"Fès - Boulemane","Fès","NA (Agdal)",2020,5491.791015625
"Fès - Boulemane","Fès","NA (Agdal)",2021,5672.4345703125
"Fès - Boulemane","Fès","NA (Agdal)",2022,5811.27490234375
"Fès - Boulemane","Fès","NA (Agdal)",2023,5870.505859375
"Fès - Boulemane","Fès","NA (Agdal)",2024,6316.1123046875
"Fès - Boulemane","Fès","NA (Fes Medina)",2012,1466.64331054688
"Fès - Boulemane","Fès","NA (Fes Medina)",2013,1528.66418457031
"Fès - Boulemane","Fès","NA (Fes Medina)",2014,1628.88049316406
"Fès - Boulemane","Fès","NA (Fes Medina)",2015,1635.75524902344
"Fès - Boulemane","Fès","NA (Fes Medina)",2016,1771.1240234375
"Fès - Boulemane","Fès","NA (Fes Medina)",2017,1903.26416015625
"Fès - Boulemane","Fès","NA (Fes Medina)",2018,1844.02978515625
"Fès - Boulemane","Fès","NA (Fes Medina)",2019,1936.02404785156
"Fès - Boulemane","Fès","NA (Fes Medina)",2020,1887.29064941406
"Fès - Boulemane","Fès","NA (Fes Medina)",2021,1973.68298339844
"Fès - Boulemane","Fès","NA (Fes Medina)",2022,2057.46020507812
"Fès - Boulemane","Fès","NA (Fes Medina)",2023,2188.93359375
"Fès - Boulemane","Fès","NA (Fes Medina)",2024,2386.42626953125
"Fès - Boulemane","Fès","NA (Machouar Fes El Jadid)",2012,1365.02319335938
"Fès - Boulemane","Fès","NA (Machouar Fes El Jadid)",2013,1189.75854492188
"Fès - Boulemane","Fès","NA (Machouar Fes El Jadid)",2014,1122.37951660156
"Fès - Boulemane","Fès","NA (Machouar Fes El Jadid)",2015,1083.23693847656
"Fès - Boulemane","Fès","NA (Machouar Fes El Jadid)",2016,1083.23889160156
"Fès - Boulemane","Fès","NA (Machouar Fes El Jadid)",2017,1232.88415527344
"Fès - Boulemane","Fès","NA (Machouar Fes El Jadid)",2018,1056.20178222656
"Fès - Boulemane","Fès","NA (Machouar Fes El Jadid)",2019,1359.83581542969
"Fès - Boulemane","Fès","NA (Machouar Fes El Jadid)",2020,1410.25891113281
"Fès - Boulemane","Fès","NA (Machouar Fes El Jadid)",2021,1439.81420898438
"Fès - Boulemane","Fès","NA (Machouar Fes El Jadid)",2022,1234.44653320312
"Fès - Boulemane","Fès","NA (Machouar Fes El Jadid)",2023,1164.5068359375
"Fès - Boulemane","Fès","NA (Machouar Fes El Jadid)",2024,1311.91979980469
"Fès - Boulemane","Fès","NA (Saiss)",2012,2880.73046875
"Fès - Boulemane","Fès","NA (Saiss)",2013,3203.07690429688
"Fès - Boulemane","Fès","NA (Saiss)",2014,3069.958984375
"Fès - Boulemane","Fès","NA (Saiss)",2015,2960.25927734375
"Fès - Boulemane","Fès","NA (Saiss)",2016,3059.28588867188
"Fès - Boulemane","Fès","NA (Saiss)",2017,3366.74438476562
"Fès - Boulemane","Fès","NA (Saiss)",2018,3219.6875
"Fès - Boulemane","Fès","NA (Saiss)",2019,3378.28637695312
"Fès - Boulemane","Fès","NA (Saiss)",2020,3391.12280273438
"Fès - Boulemane","Fès","NA (Saiss)",2021,3585.89721679688
"Fès - Boulemane","Fès","NA (Saiss)",2022,3611.83056640625
"Fès - Boulemane","Fès","NA (Saiss)",2023,3809.53491210938
"Fès - Boulemane","Fès","NA (Saiss)",2024,4046.05249023438
"Fès - Boulemane","Fès","Oulad Tayeb",2012,1176.21337890625
"Fès - Boulemane","Fès","Oulad Tayeb",2013,1405.16271972656
"Fès - Boulemane","Fès","Oulad Tayeb",2014,1594.51672363281
"Fès - Boulemane","Fès","Oulad Tayeb",2015,1732.24169921875
"Fès - Boulemane","Fès","Oulad Tayeb",2016,1929.30017089844
"Fès - Boulemane","Fès","Oulad Tayeb",2017,2306.94311523438
"Fès - Boulemane","Fès","Oulad Tayeb",2018,2243.63671875
"Fès - Boulemane","Fès","Oulad Tayeb",2019,2292.24560546875
"Fès - Boulemane","Fès","Oulad Tayeb",2020,2354.8857421875
"Fès - Boulemane","Fès","Oulad Tayeb",2021,2768.57690429688
"Fès - Boulemane","Fès","Oulad Tayeb",2022,2981.28442382812
"Fès - Boulemane","Fès","Oulad Tayeb",2023,3027.00170898438
"Fès - Boulemane","Fès","Oulad Tayeb",2024,3035.3642578125
"Fès - Boulemane","Fès","Sans nom",2012,944.362548828125
"Fès - Boulemane","Fès","Sans nom",2013,959.480651855469
"Fès - Boulemane","Fès","Sans nom",2014,1229.68029785156
"Fès - Boulemane","Fès","Sans nom",2015,1208.35241699219
"Fès - Boulemane","Fès","Sans nom",2016,1331.48657226562
"Fès - Boulemane","Fès","Sans nom",2017,1483.67028808594
"Fès - Boulemane","Fès","Sans nom",2018,1536.107421875
"Fès - Boulemane","Fès","Sans nom",2019,1678.23718261719
"Fès - Boulemane","Fès","Sans nom",2020,1939.51342773438
"Fès - Boulemane","Fès","Sans nom",2021,2193.12158203125
"Fès - Boulemane","Fès","Sans nom",2022,2700.12719726562
"Fès - Boulemane","Fès","Sans nom",2023,3134.63623046875
"Fès - Boulemane","Fès","Sans nom",2024,2842.11547851562
"Fès - Boulemane","Sefrou","El Menzel",2012,529.561218261719
"Fès - Boulemane","Sefrou","El Menzel",2013,504.511413574219
"Fès - Boulemane","Sefrou","El Menzel",2014,513.302062988281
"Fès - Boulemane","Sefrou","El Menzel",2015,622.53759765625
"Fès - Boulemane","Sefrou","El Menzel",2016,707.130310058594
"Fès - Boulemane","Sefrou","El Menzel",2017,770.516662597656
"Fès - Boulemane","Sefrou","El Menzel",2018,748.440368652344
"Fès - Boulemane","Sefrou","El Menzel",2019,908.074951171875
"Fès - Boulemane","Sefrou","El Menzel",2020,833.10009765625
"Fès - Boulemane","Sefrou","El Menzel",2021,1140.38854980469
"Fès - Boulemane","Sefrou","El Menzel",2022,1279.15588378906
"Fès - Boulemane","Sefrou","El Menzel",2023,1557.93872070312
"Fès - Boulemane","Sefrou","El Menzel",2024,1272.45715332031
"Fès - Boulemane","Sefrou","Imouzzer Ka",2012,1308.37902832031
"Fès - Boulemane","Sefrou","Imouzzer Ka",2013,1369.75012207031
"Fès - Boulemane","Sefrou","Imouzzer Ka",2014,1699.19677734375
"Fès - Boulemane","Sefrou","Imouzzer Ka",2015,2164.68212890625
"Fès - Boulemane","Sefrou","Imouzzer Ka",2016,2551.31665039062
"Fès - Boulemane","Sefrou","Imouzzer Ka",2017,2547.296875
"Fès - Boulemane","Sefrou","Imouzzer Ka",2018,2370.56616210938
"Fès - Boulemane","Sefrou","Imouzzer Ka",2019,2448.595703125
"Fès - Boulemane","Sefrou","Imouzzer Ka",2020,2282.13208007812
"Fès - Boulemane","Sefrou","Imouzzer Ka",2021,2552.90258789062
"Fès - Boulemane","Sefrou","Imouzzer Ka",2022,2750.19384765625
"Fès - Boulemane","Sefrou","Imouzzer Ka",2023,2868.50366210938
"Fès - Boulemane","Sefrou","Imouzzer Ka",2024,2910.01220703125
"Fès - Boulemane","Sefrou","NA (Bhalil)",2012,121.37035369873
"Fès - Boulemane","Sefrou","NA (Bhalil)",2013,124.128601074219
"Fès - Boulemane","Sefrou","NA (Bhalil)",2014,113.438522338867
"Fès - Boulemane","Sefrou","NA (Bhalil)",2015,121.293029785156
"Fès - Boulemane","Sefrou","NA (Bhalil)",2016,118.54598236084
"Fès - Boulemane","Sefrou","NA (Bhalil)",2017,119.803146362305
"Fès - Boulemane","Sefrou","NA (Bhalil)",2018,114.927589416504
"Fès - Boulemane","Sefrou","NA (Bhalil)",2019,102.439331054688
"Fès - Boulemane","Sefrou","NA (Bhalil)",2020,102.619117736816
"Fès - Boulemane","Sefrou","NA (Bhalil)",2021,94.8636703491211
"Fès - Boulemane","Sefrou","NA (Bhalil)",2022,122.90811920166
"Fès - Boulemane","Sefrou","NA (Bhalil)",2023,120.194519042969
"Fès - Boulemane","Sefrou","NA (Bhalil)",2024,121.881782531738
"Fès - Boulemane","Sefrou","NA (El Menzel)",2012,471.373870849609
"Fès - Boulemane","Sefrou","NA (El Menzel)",2013,513.439819335938
"Fès - Boulemane","Sefrou","NA (El Menzel)",2014,505.148071289062
"Fès - Boulemane","Sefrou","NA (El Menzel)",2015,536.097778320312
"Fès - Boulemane","Sefrou","NA (El Menzel)",2016,611.517883300781
"Fès - Boulemane","Sefrou","NA (El Menzel)",2017,613.602600097656
"Fès - Boulemane","Sefrou","NA (El Menzel)",2018,498.292358398438
"Fès - Boulemane","Sefrou","NA (El Menzel)",2019,511.434051513672
"Fès - Boulemane","Sefrou","NA (El Menzel)",2020,541.498474121094
"Fès - Boulemane","Sefrou","NA (El Menzel)",2021,536.559509277344
"Fès - Boulemane","Sefrou","NA (El Menzel)",2022,503.419006347656
"Fès - Boulemane","Sefrou","NA (El Menzel)",2023,424.338043212891
"Fès - Boulemane","Sefrou","NA (El Menzel)",2024,374.432739257812
"Fès - Boulemane","Sefrou","NA (Imouzzer Kandar)",2012,46.1313171386719
"Fès - Boulemane","Sefrou","NA (Imouzzer Kandar)",2013,55.683910369873
"Fès - Boulemane","Sefrou","NA (Imouzzer Kandar)",2014,62.5232200622559
"Fès - Boulemane","Sefrou","NA (Imouzzer Kandar)",2015,82.5815963745117
"Fès - Boulemane","Sefrou","NA (Imouzzer Kandar)",2016,83.8389205932617
"Fès - Boulemane","Sefrou","NA (Imouzzer Kandar)",2017,72.4588088989258
"Fès - Boulemane","Sefrou","NA (Imouzzer Kandar)",2018,81.4953460693359
"Fès - Boulemane","Sefrou","NA (Imouzzer Kandar)",2019,102.976043701172
"Fès - Boulemane","Sefrou","NA (Imouzzer Kandar)",2020,113.528594970703
"Fès - Boulemane","Sefrou","NA (Imouzzer Kandar)",2021,106.076377868652
"Fès - Boulemane","Sefrou","NA (Imouzzer Kandar)",2022,110.765319824219
"Fès - Boulemane","Sefrou","NA (Imouzzer Kandar)",2023,106.441558837891
"Fès - Boulemane","Sefrou","NA (Imouzzer Kandar)",2024,102.011512756348
"Fès - Boulemane","Sefrou","NA (Ribate El Kheir)",2012,126.361381530762
"Fès - Boulemane","Sefrou","NA (Ribate El Kheir)",2013,119.525756835938
"Fès - Boulemane","Sefrou","NA (Ribate El Kheir)",2014,119.184852600098
"Fès - Boulemane","Sefrou","NA (Ribate El Kheir)",2015,145.176956176758
"Fès - Boulemane","Sefrou","NA (Ribate El Kheir)",2016,162.736404418945
"Fès - Boulemane","Sefrou","NA (Ribate El Kheir)",2017,178.577041625977
"Fès - Boulemane","Sefrou","NA (Ribate El Kheir)",2018,174.869079589844
"Fès - Boulemane","Sefrou","NA (Ribate El Kheir)",2019,198.819305419922
"Fès - Boulemane","Sefrou","NA (Ribate El Kheir)",2020,212.866180419922
"Fès - Boulemane","Sefrou","NA (Ribate El Kheir)",2021,259.171905517578
"Fès - Boulemane","Sefrou","NA (Ribate El Kheir)",2022,262.442260742188
"Fès - Boulemane","Sefrou","NA (Ribate El Kheir)",2023,254.035079956055
"Fès - Boulemane","Sefrou","NA (Ribate El Kheir)",2024,233.843368530273
"Fès - Boulemane","Sefrou","NA (Sefrou)",2012,1419.16711425781
"Fès - Boulemane","Sefrou","NA (Sefrou)",2013,1679.22607421875
"Fès - Boulemane","Sefrou","NA (Sefrou)",2014,1703.82629394531
"Fès - Boulemane","Sefrou","NA (Sefrou)",2015,1810.66748046875
"Fès - Boulemane","Sefrou","NA (Sefrou)",2016,1987.04235839844
"Fès - Boulemane","Sefrou","NA (Sefrou)",2017,2081.32666015625
"Fès - Boulemane","Sefrou","NA (Sefrou)",2018,2040.80200195312
"Fès - Boulemane","Sefrou","NA (Sefrou)",2019,1931.96105957031
"Fès - Boulemane","Sefrou","NA (Sefrou)",2020,1971.52709960938
"Fès - Boulemane","Sefrou","NA (Sefrou)",2021,1959.48693847656
"Fès - Boulemane","Sefrou","NA (Sefrou)",2022,1968.21130371094
"Fès - Boulemane","Sefrou","NA (Sefrou)",2023,2075.1171875
"Fès - Boulemane","Sefrou","NA (Sefrou)",2024,2114.16625976562
"Fès - Boulemane","Sefrou","Sefrou",2012,1316.87292480469
"Fès - Boulemane","Sefrou","Sefrou",2013,1485.34631347656
"Fès - Boulemane","Sefrou","Sefrou",2014,1675.45434570312
"Fès - Boulemane","Sefrou","Sefrou",2015,1914.7265625
"Fès - Boulemane","Sefrou","Sefrou",2016,1935.69030761719
"Fès - Boulemane","Sefrou","Sefrou",2017,2043.97302246094
"Fès - Boulemane","Sefrou","Sefrou",2018,2016.291015625
"Fès - Boulemane","Sefrou","Sefrou",2019,1838.92028808594
"Fès - Boulemane","Sefrou","Sefrou",2020,1841.28820800781
"Fès - Boulemane","Sefrou","Sefrou",2021,2154.85766601562
"Fès - Boulemane","Sefrou","Sefrou",2022,2586.99462890625
"Fès - Boulemane","Sefrou","Sefrou",2023,2974.22290039062
"Fès - Boulemane","Sefrou","Sefrou",2024,2561.884765625
"Fès - Boulemane","Zouagha-Moulay Yacoub","Moulay Yaco",2012,4332.75244140625
"Fès - Boulemane","Zouagha-Moulay Yacoub","Moulay Yaco",2013,4410.73095703125
"Fès - Boulemane","Zouagha-Moulay Yacoub","Moulay Yaco",2014,6441.72705078125
"Fès - Boulemane","Zouagha-Moulay Yacoub","Moulay Yaco",2015,7295.06005859375
"Fès - Boulemane","Zouagha-Moulay Yacoub","Moulay Yaco",2016,9620.208984375
"Fès - Boulemane","Zouagha-Moulay Yacoub","Moulay Yaco",2017,11116.0712890625
"Fès - Boulemane","Zouagha-Moulay Yacoub","Moulay Yaco",2018,10908.5751953125
"Fès - Boulemane","Zouagha-Moulay Yacoub","Moulay Yaco",2019,12387.1474609375
"Fès - Boulemane","Zouagha-Moulay Yacoub","Moulay Yaco",2020,12423.19140625
"Fès - Boulemane","Zouagha-Moulay Yacoub","Moulay Yaco",2021,13184.673828125
"Fès - Boulemane","Zouagha-Moulay Yacoub","Moulay Yaco",2022,12883.123046875
"Fès - Boulemane","Zouagha-Moulay Yacoub","Moulay Yaco",2023,12465.8447265625
"Fès - Boulemane","Zouagha-Moulay Yacoub","Moulay Yaco",2024,12542.8740234375
"Fès - Boulemane","Zouagha-Moulay Yacoub","NA (Moulay Yacoub)",2012,46.7085609436035
"Fès - Boulemane","Zouagha-Moulay Yacoub","NA (Moulay Yacoub)",2013,39.5537261962891
"Fès - Boulemane","Zouagha-Moulay Yacoub","NA (Moulay Yacoub)",2014,44.6794357299805
"Fès - Boulemane","Zouagha-Moulay Yacoub","NA (Moulay Yacoub)",2015,55.8909454345703
"Fès - Boulemane","Zouagha-Moulay Yacoub","NA (Moulay Yacoub)",2016,38.9259300231934
"Fès - Boulemane","Zouagha-Moulay Yacoub","NA (Moulay Yacoub)",2017,39.3715782165527
"Fès - Boulemane","Zouagha-Moulay Yacoub","NA (Moulay Yacoub)",2018,45.1340026855469
"Fès - Boulemane","Zouagha-Moulay Yacoub","NA (Moulay Yacoub)",2019,47.0762100219727
"Fès - Boulemane","Zouagha-Moulay Yacoub","NA (Moulay Yacoub)",2020,40.2959403991699
"Fès - Boulemane","Zouagha-Moulay Yacoub","NA (Moulay Yacoub)",2021,46.1133651733398
"Fès - Boulemane","Zouagha-Moulay Yacoub","NA (Moulay Yacoub)",2022,43.2953033447266
"Fès - Boulemane","Zouagha-Moulay Yacoub","NA (Moulay Yacoub)",2023,38.7318572998047
"Fès - Boulemane","Zouagha-Moulay Yacoub","NA (Moulay Yacoub)",2024,33.8356971740723
"Fès - Boulemane","Zouagha-Moulay Yacoub","NA (Zouagha)",2012,9039.7177734375
"Fès - Boulemane","Zouagha-Moulay Yacoub","NA (Zouagha)",2013,9730.490234375
"Fès - Boulemane","Zouagha-Moulay Yacoub","NA (Zouagha)",2014,11406.9296875
"Fès - Boulemane","Zouagha-Moulay Yacoub","NA (Zouagha)",2015,11273.544921875
"Fès - Boulemane","Zouagha-Moulay Yacoub","NA (Zouagha)",2016,12753.34375
"Fès - Boulemane","Zouagha-Moulay Yacoub","NA (Zouagha)",2017,14008.6123046875
"Fès - Boulemane","Zouagha-Moulay Yacoub","NA (Zouagha)",2018,13203.361328125
"Fès - Boulemane","Zouagha-Moulay Yacoub","NA (Zouagha)",2019,14950.966796875
"Fès - Boulemane","Zouagha-Moulay Yacoub","NA (Zouagha)",2020,15346.6474609375
"Fès - Boulemane","Zouagha-Moulay Yacoub","NA (Zouagha)",2021,15187.5654296875
"Fès - Boulemane","Zouagha-Moulay Yacoub","NA (Zouagha)",2022,15283.90625
"Fès - Boulemane","Zouagha-Moulay Yacoub","NA (Zouagha)",2023,15273.67578125
"Fès - Boulemane","Zouagha-Moulay Yacoub","NA (Zouagha)",2024,15529.580078125
"Fès - Boulemane","Zouagha-Moulay Yacoub","Oulad Jemaa",2012,214.332489013672
"Fès - Boulemane","Zouagha-Moulay Yacoub","Oulad Jemaa",2013,164.112335205078
"Fès - Boulemane","Zouagha-Moulay Yacoub","Oulad Jemaa",2014,209.779266357422
"Fès - Boulemane","Zouagha-Moulay Yacoub","Oulad Jemaa",2015,309.096343994141
"Fès - Boulemane","Zouagha-Moulay Yacoub","Oulad Jemaa",2016,376.415924072266
"Fès - Boulemane","Zouagha-Moulay Yacoub","Oulad Jemaa",2017,375.204711914062
"Fès - Boulemane","Zouagha-Moulay Yacoub","Oulad Jemaa",2018,440.411010742188
"Fès - Boulemane","Zouagha-Moulay Yacoub","Oulad Jemaa",2019,431.356292724609
"Fès - Boulemane","Zouagha-Moulay Yacoub","Oulad Jemaa",2020,378.745727539062
"Fès - Boulemane","Zouagha-Moulay Yacoub","Oulad Jemaa",2021,528.470092773438
"Fès - Boulemane","Zouagha-Moulay Yacoub","Oulad Jemaa",2022,653.321166992188
"Fès - Boulemane","Zouagha-Moulay Yacoub","Oulad Jemaa",2023,880.411376953125
"Fès - Boulemane","Zouagha-Moulay Yacoub","Oulad Jemaa",2024,555.559631347656
"Gharb - Chrarda - Béni Hssen","Kénitra","Kenitra Ban",2012,5134.283203125
"Gharb - Chrarda - Béni Hssen","Kénitra","Kenitra Ban",2013,6033.21240234375
"Gharb - Chrarda - Béni Hssen","Kénitra","Kenitra Ban",2014,7124.48486328125
"Gharb - Chrarda - Béni Hssen","Kénitra","Kenitra Ban",2015,7572.60498046875
"Gharb - Chrarda - Béni Hssen","Kénitra","Kenitra Ban",2016,7564.494140625
"Gharb - Chrarda - Béni Hssen","Kénitra","Kenitra Ban",2017,8460.619140625
"Gharb - Chrarda - Béni Hssen","Kénitra","Kenitra Ban",2018,8535.8837890625
"Gharb - Chrarda - Béni Hssen","Kénitra","Kenitra Ban",2019,9137.2333984375
"Gharb - Chrarda - Béni Hssen","Kénitra","Kenitra Ban",2020,10065.95703125
"Gharb - Chrarda - Béni Hssen","Kénitra","Kenitra Ban",2021,10526.5322265625
"Gharb - Chrarda - Béni Hssen","Kénitra","Kenitra Ban",2022,11364.830078125
"Gharb - Chrarda - Béni Hssen","Kénitra","Kenitra Ban",2023,12420.021484375
"Gharb - Chrarda - Béni Hssen","Kénitra","Kenitra Ban",2024,12249.76171875
"Gharb - Chrarda - Béni Hssen","Kénitra","NA (Kenitra Maamoura)",2012,6000.64892578125
"Gharb - Chrarda - Béni Hssen","Kénitra","NA (Kenitra Maamoura)",2013,6252.6591796875
"Gharb - Chrarda - Béni Hssen","Kénitra","NA (Kenitra Maamoura)",2014,7227.00390625
"Gharb - Chrarda - Béni Hssen","Kénitra","NA (Kenitra Maamoura)",2015,7487.39697265625
"Gharb - Chrarda - Béni Hssen","Kénitra","NA (Kenitra Maamoura)",2016,7234.22900390625
"Gharb - Chrarda - Béni Hssen","Kénitra","NA (Kenitra Maamoura)",2017,7343.6904296875
"Gharb - Chrarda - Béni Hssen","Kénitra","NA (Kenitra Maamoura)",2018,7365.53173828125
"Gharb - Chrarda - Béni Hssen","Kénitra","NA (Kenitra Maamoura)",2019,7275.26025390625
"Gharb - Chrarda - Béni Hssen","Kénitra","NA (Kenitra Maamoura)",2020,7530.40234375
"Gharb - Chrarda - Béni Hssen","Kénitra","NA (Kenitra Maamoura)",2021,7297.333984375
"Gharb - Chrarda - Béni Hssen","Kénitra","NA (Kenitra Maamoura)",2022,6988.98486328125
"Gharb - Chrarda - Béni Hssen","Kénitra","NA (Kenitra Maamoura)",2023,7204.2578125
"Gharb - Chrarda - Béni Hssen","Kénitra","NA (Kenitra Maamoura)",2024,7036.875
"Gharb - Chrarda - Béni Hssen","Kénitra","NA (Kenitra Saknia)",2012,5180.2021484375
"Gharb - Chrarda - Béni Hssen","Kénitra","NA (Kenitra Saknia)",2013,5671.701171875
"Gharb - Chrarda - Béni Hssen","Kénitra","NA (Kenitra Saknia)",2014,6070.20068359375
"Gharb - Chrarda - Béni Hssen","Kénitra","NA (Kenitra Saknia)",2015,6229.435546875
"Gharb - Chrarda - Béni Hssen","Kénitra","NA (Kenitra Saknia)",2016,6142.3330078125
"Gharb - Chrarda - Béni Hssen","Kénitra","NA (Kenitra Saknia)",2017,6508.10498046875
"Gharb - Chrarda - Béni Hssen","Kénitra","NA (Kenitra Saknia)",2018,6589.96923828125
"Gharb - Chrarda - Béni Hssen","Kénitra","NA (Kenitra Saknia)",2019,6983.83837890625
"Gharb - Chrarda - Béni Hssen","Kénitra","NA (Kenitra Saknia)",2020,7520.96044921875
"Gharb - Chrarda - Béni Hssen","Kénitra","NA (Kenitra Saknia)",2021,7302.38623046875
"Gharb - Chrarda - Béni Hssen","Kénitra","NA (Kenitra Saknia)",2022,7396.392578125
"Gharb - Chrarda - Béni Hssen","Kénitra","NA (Kenitra Saknia)",2023,7636.6728515625
"Gharb - Chrarda - Béni Hssen","Kénitra","NA (Kenitra Saknia)",2024,7926.46728515625
"Gharb - Chrarda - Béni Hssen","Kénitra","NA (Mehdia)",2012,16.4054317474365
"Gharb - Chrarda - Béni Hssen","Kénitra","NA (Mehdia)",2013,13.7233057022095
"Gharb - Chrarda - Béni Hssen","Kénitra","NA (Mehdia)",2014,21.2311515808105
"Gharb - Chrarda - Béni Hssen","Kénitra","NA (Mehdia)",2015,18.9261322021484
"Gharb - Chrarda - Béni Hssen","Kénitra","NA (Mehdia)",2016,18.8850517272949
"Gharb - Chrarda - Béni Hssen","Kénitra","NA (Mehdia)",2017,20.4670314788818
"Gharb - Chrarda - Béni Hssen","Kénitra","NA (Mehdia)",2018,24.3567638397217
"Gharb - Chrarda - Béni Hssen","Kénitra","NA (Mehdia)",2019,18.1705150604248
"Gharb - Chrarda - Béni Hssen","Kénitra","NA (Mehdia)",2020,18.4285945892334
"Gharb - Chrarda - Béni Hssen","Kénitra","NA (Mehdia)",2021,24.7698612213135
"Gharb - Chrarda - Béni Hssen","Kénitra","NA (Mehdia)",2022,23.5649013519287
"Gharb - Chrarda - Béni Hssen","Kénitra","NA (Mehdia)",2023,25.6754188537598
"Gharb - Chrarda - Béni Hssen","Kénitra","NA (Mehdia)",2024,23.0820903778076
"Gharb - Chrarda - Béni Hssen","Kénitra","NA (Sidi Slimane)",2012,1.27208781242371
"Gharb - Chrarda - Béni Hssen","Kénitra","NA (Sidi Slimane)",2013,0.54968386888504
"Gharb - Chrarda - Béni Hssen","Kénitra","NA (Sidi Slimane)",2014,0.612580835819244
"Gharb - Chrarda - Béni Hssen","Kénitra","NA (Sidi Slimane)",2015,0.518259942531586
"Gharb - Chrarda - Béni Hssen","Kénitra","NA (Sidi Slimane)",2016,1.71953976154327
"Gharb - Chrarda - Béni Hssen","Kénitra","NA (Sidi Slimane)",2017,3.35696697235107
"Gharb - Chrarda - Béni Hssen","Kénitra","NA (Sidi Slimane)",2018,1.18021976947784
"Gharb - Chrarda - Béni Hssen","Kénitra","NA (Sidi Slimane)",2019,0.811178803443909
"Gharb - Chrarda - Béni Hssen","Kénitra","NA (Sidi Slimane)",2020,1.20911574363708
"Gharb - Chrarda - Béni Hssen","Kénitra","NA (Sidi Slimane)",2021,1.61201989650726
"Gharb - Chrarda - Béni Hssen","Kénitra","NA (Sidi Slimane)",2022,6.2283763885498
"Gharb - Chrarda - Béni Hssen","Kénitra","NA (Sidi Slimane)",2023,19.5008735656738
"Gharb - Chrarda - Béni Hssen","Kénitra","NA (Sidi Slimane)",2024,9.2354564666748
"Gharb - Chrarda - Béni Hssen","Kénitra","NA (Sidi Yahya El Gharb)",2012,9.49454307556152
"Gharb - Chrarda - Béni Hssen","Kénitra","NA (Sidi Yahya El Gharb)",2013,10.7072877883911
"Gharb - Chrarda - Béni Hssen","Kénitra","NA (Sidi Yahya El Gharb)",2014,20.2468719482422
"Gharb - Chrarda - Béni Hssen","Kénitra","NA (Sidi Yahya El Gharb)",2015,21.8935794830322
"Gharb - Chrarda - Béni Hssen","Kénitra","NA (Sidi Yahya El Gharb)",2016,12.3814296722412
"Gharb - Chrarda - Béni Hssen","Kénitra","NA (Sidi Yahya El Gharb)",2017,18.8661632537842
"Gharb - Chrarda - Béni Hssen","Kénitra","NA (Sidi Yahya El Gharb)",2018,21.6720504760742
"Gharb - Chrarda - Béni Hssen","Kénitra","NA (Sidi Yahya El Gharb)",2019,18.550573348999
"Gharb - Chrarda - Béni Hssen","Kénitra","NA (Sidi Yahya El Gharb)",2020,19.040225982666
"Gharb - Chrarda - Béni Hssen","Kénitra","NA (Sidi Yahya El Gharb)",2021,11.058403968811
"Gharb - Chrarda - Béni Hssen","Kénitra","NA (Sidi Yahya El Gharb)",2022,13.1634159088135
"Gharb - Chrarda - Béni Hssen","Kénitra","NA (Sidi Yahya El Gharb)",2023,51.8893737792969
"Gharb - Chrarda - Béni Hssen","Kénitra","NA (Sidi Yahya El Gharb)",2024,17.6177272796631
"Gharb - Chrarda - Béni Hssen","Kénitra","NA (Souk Arbaa)",2012,216.438980102539
"Gharb - Chrarda - Béni Hssen","Kénitra","NA (Souk Arbaa)",2013,200.139221191406
"Gharb - Chrarda - Béni Hssen","Kénitra","NA (Souk Arbaa)",2014,206.808349609375
"Gharb - Chrarda - Béni Hssen","Kénitra","NA (Souk Arbaa)",2015,213.088745117188
"Gharb - Chrarda - Béni Hssen","Kénitra","NA (Souk Arbaa)",2016,217.144317626953
"Gharb - Chrarda - Béni Hssen","Kénitra","NA (Souk Arbaa)",2017,209.946166992188
"Gharb - Chrarda - Béni Hssen","Kénitra","NA (Souk Arbaa)",2018,237.30436706543
"Gharb - Chrarda - Béni Hssen","Kénitra","NA (Souk Arbaa)",2019,239.564315795898
"Gharb - Chrarda - Béni Hssen","Kénitra","NA (Souk Arbaa)",2020,222.733139038086
"Gharb - Chrarda - Béni Hssen","Kénitra","NA (Souk Arbaa)",2021,214.381774902344
"Gharb - Chrarda - Béni Hssen","Kénitra","NA (Souk Arbaa)",2022,263.957153320312
"Gharb - Chrarda - Béni Hssen","Kénitra","NA (Souk Arbaa)",2023,296.096893310547
"Gharb - Chrarda - Béni Hssen","Kénitra","NA (Souk Arbaa)",2024,304.460388183594
"Gharb - Chrarda - Béni Hssen","Kénitra","Sidi Sliman",2012,4161.12548828125
"Gharb - Chrarda - Béni Hssen","Kénitra","Sidi Sliman",2013,4038.39868164062
"Gharb - Chrarda - Béni Hssen","Kénitra","Sidi Sliman",2014,4465.55712890625
"Gharb - Chrarda - Béni Hssen","Kénitra","Sidi Sliman",2015,5055.13134765625
"Gharb - Chrarda - Béni Hssen","Kénitra","Sidi Sliman",2016,5403.5791015625
"Gharb - Chrarda - Béni Hssen","Kénitra","Sidi Sliman",2017,5434.07958984375
"Gharb - Chrarda - Béni Hssen","Kénitra","Sidi Sliman",2018,5654.7705078125
"Gharb - Chrarda - Béni Hssen","Kénitra","Sidi Sliman",2019,5806.43603515625
"Gharb - Chrarda - Béni Hssen","Kénitra","Sidi Sliman",2020,5273.13037109375
"Gharb - Chrarda - Béni Hssen","Kénitra","Sidi Sliman",2021,4874.59423828125
"Gharb - Chrarda - Béni Hssen","Kénitra","Sidi Sliman",2022,5172.5322265625
"Gharb - Chrarda - Béni Hssen","Kénitra","Sidi Sliman",2023,5865.45849609375
"Gharb - Chrarda - Béni Hssen","Kénitra","Sidi Sliman",2024,5646.06396484375
"Gharb - Chrarda - Béni Hssen","Kénitra","Souk Arbaa",2012,1310.24487304688
"Gharb - Chrarda - Béni Hssen","Kénitra","Souk Arbaa",2013,1447.02087402344
"Gharb - Chrarda - Béni Hssen","Kénitra","Souk Arbaa",2014,1565.22875976562
"Gharb - Chrarda - Béni Hssen","Kénitra","Souk Arbaa",2015,1651.37670898438
"Gharb - Chrarda - Béni Hssen","Kénitra","Souk Arbaa",2016,1734.07409667969
"Gharb - Chrarda - Béni Hssen","Kénitra","Souk Arbaa",2017,1684.06811523438
"Gharb - Chrarda - Béni Hssen","Kénitra","Souk Arbaa",2018,1809.94665527344
"Gharb - Chrarda - Béni Hssen","Kénitra","Souk Arbaa",2019,1871.97631835938
"Gharb - Chrarda - Béni Hssen","Kénitra","Souk Arbaa",2020,1781.66516113281
"Gharb - Chrarda - Béni Hssen","Kénitra","Souk Arbaa",2021,1827.25354003906
"Gharb - Chrarda - Béni Hssen","Kénitra","Souk Arbaa",2022,2421.78442382812
"Gharb - Chrarda - Béni Hssen","Kénitra","Souk Arbaa",2023,2605.00903320312
"Gharb - Chrarda - Béni Hssen","Kénitra","Souk Arbaa",2024,2641.83251953125
"Gharb - Chrarda - Béni Hssen","Kénitra","Souk Tlat E",2012,1142.29858398438
"Gharb - Chrarda - Béni Hssen","Kénitra","Souk Tlat E",2013,1168.72644042969
"Gharb - Chrarda - Béni Hssen","Kénitra","Souk Tlat E",2014,1438.92492675781
"Gharb - Chrarda - Béni Hssen","Kénitra","Souk Tlat E",2015,1445.17248535156
"Gharb - Chrarda - Béni Hssen","Kénitra","Souk Tlat E",2016,1409.61010742188
"Gharb - Chrarda - Béni Hssen","Kénitra","Souk Tlat E",2017,1311.79748535156
"Gharb - Chrarda - Béni Hssen","Kénitra","Souk Tlat E",2018,1473.23669433594
"Gharb - Chrarda - Béni Hssen","Kénitra","Souk Tlat E",2019,1698.94250488281
"Gharb - Chrarda - Béni Hssen","Kénitra","Souk Tlat E",2020,1468.78466796875
"Gharb - Chrarda - Béni Hssen","Kénitra","Souk Tlat E",2021,2243.49731445312
"Gharb - Chrarda - Béni Hssen","Kénitra","Souk Tlat E",2022,3105.16870117188
"Gharb - Chrarda - Béni Hssen","Kénitra","Souk Tlat E",2023,3473.85473632812
"Gharb - Chrarda - Béni Hssen","Kénitra","Souk Tlat E",2024,2871.42749023438
"Gharb - Chrarda - Béni Hssen","Sidi Kacem","Had Kourt",2012,1404.5810546875
"Gharb - Chrarda - Béni Hssen","Sidi Kacem","Had Kourt",2013,1290.73718261719
"Gharb - Chrarda - Béni Hssen","Sidi Kacem","Had Kourt",2014,1288.43713378906
"Gharb - Chrarda - Béni Hssen","Sidi Kacem","Had Kourt",2015,1332.77734375
"Gharb - Chrarda - Béni Hssen","Sidi Kacem","Had Kourt",2016,1359.37060546875
"Gharb - Chrarda - Béni Hssen","Sidi Kacem","Had Kourt",2017,1402.43566894531
"Gharb - Chrarda - Béni Hssen","Sidi Kacem","Had Kourt",2018,1431.71374511719
"Gharb - Chrarda - Béni Hssen","Sidi Kacem","Had Kourt",2019,1666.25561523438
"Gharb - Chrarda - Béni Hssen","Sidi Kacem","Had Kourt",2020,1622.49047851562
"Gharb - Chrarda - Béni Hssen","Sidi Kacem","Had Kourt",2021,1774.51916503906
"Gharb - Chrarda - Béni Hssen","Sidi Kacem","Had Kourt",2022,2095.67553710938
"Gharb - Chrarda - Béni Hssen","Sidi Kacem","Had Kourt",2023,2381.25610351562
"Gharb - Chrarda - Béni Hssen","Sidi Kacem","Had Kourt",2024,1981.2548828125
"Gharb - Chrarda - Béni Hssen","Sidi Kacem","Mechra Belk",2012,1396.53283691406
"Gharb - Chrarda - Béni Hssen","Sidi Kacem","Mechra Belk",2013,1302.94201660156
"Gharb - Chrarda - Béni Hssen","Sidi Kacem","Mechra Belk",2014,1496.40441894531
"Gharb - Chrarda - Béni Hssen","Sidi Kacem","Mechra Belk",2015,1449.71423339844
"Gharb - Chrarda - Béni Hssen","Sidi Kacem","Mechra Belk",2016,1717.3759765625
"Gharb - Chrarda - Béni Hssen","Sidi Kacem","Mechra Belk",2017,1835.15698242188
"Gharb - Chrarda - Béni Hssen","Sidi Kacem","Mechra Belk",2018,1892.95581054688
"Gharb - Chrarda - Béni Hssen","Sidi Kacem","Mechra Belk",2019,2088.83056640625
"Gharb - Chrarda - Béni Hssen","Sidi Kacem","Mechra Belk",2020,1847.85620117188
"Gharb - Chrarda - Béni Hssen","Sidi Kacem","Mechra Belk",2021,2130.13598632812
"Gharb - Chrarda - Béni Hssen","Sidi Kacem","Mechra Belk",2022,2179.89892578125
"Gharb - Chrarda - Béni Hssen","Sidi Kacem","Mechra Belk",2023,2038.76049804688
"Gharb - Chrarda - Béni Hssen","Sidi Kacem","Mechra Belk",2024,1641.51123046875
"Gharb - Chrarda - Béni Hssen","Sidi Kacem","NA (Dar Gueddari)",2012,0.140641793608665
"Gharb - Chrarda - Béni Hssen","Sidi Kacem","NA (Dar Gueddari)",2013,0.259972870349884
"Gharb - Chrarda - Béni Hssen","Sidi Kacem","NA (Dar Gueddari)",2014,1.24600863456726
"Gharb - Chrarda - Béni Hssen","Sidi Kacem","NA (Dar Gueddari)",2015,1.14202296733856
"Gharb - Chrarda - Béni Hssen","Sidi Kacem","NA (Dar Gueddari)",2016,1.10773515701294
"Gharb - Chrarda - Béni Hssen","Sidi Kacem","NA (Dar Gueddari)",2017,0.205530986189842
"Gharb - Chrarda - Béni Hssen","Sidi Kacem","NA (Dar Gueddari)",2018,0.584464013576508
"Gharb - Chrarda - Béni Hssen","Sidi Kacem","NA (Dar Gueddari)",2019,0.133867740631104
"Gharb - Chrarda - Béni Hssen","Sidi Kacem","NA (Dar Gueddari)",2020,0.0715265870094299
"Gharb - Chrarda - Béni Hssen","Sidi Kacem","NA (Dar Gueddari)",2021,0.420057535171509
"Gharb - Chrarda - Béni Hssen","Sidi Kacem","NA (Dar Gueddari)",2022,0.682381749153137
"Gharb - Chrarda - Béni Hssen","Sidi Kacem","NA (Dar Gueddari)",2023,5.47772026062012
"Gharb - Chrarda - Béni Hssen","Sidi Kacem","NA (Dar Gueddari)",2024,1.77085089683533
"Gharb - Chrarda - Béni Hssen","Sidi Kacem","NA (Had Kourt)",2012,14.0383415222168
"Gharb - Chrarda - Béni Hssen","Sidi Kacem","NA (Had Kourt)",2013,12.9977598190308
"Gharb - Chrarda - Béni Hssen","Sidi Kacem","NA (Had Kourt)",2014,17.0290927886963
"Gharb - Chrarda - Béni Hssen","Sidi Kacem","NA (Had Kourt)",2015,20.7503337860107
"Gharb - Chrarda - Béni Hssen","Sidi Kacem","NA (Had Kourt)",2016,26.7377853393555
"Gharb - Chrarda - Béni Hssen","Sidi Kacem","NA (Had Kourt)",2017,37.154239654541
"Gharb - Chrarda - Béni Hssen","Sidi Kacem","NA (Had Kourt)",2018,37.5829010009766
"Gharb - Chrarda - Béni Hssen","Sidi Kacem","NA (Had Kourt)",2019,39.6562423706055
"Gharb - Chrarda - Béni Hssen","Sidi Kacem","NA (Had Kourt)",2020,35.2370414733887
"Gharb - Chrarda - Béni Hssen","Sidi Kacem","NA (Had Kourt)",2021,48.5581932067871
"Gharb - Chrarda - Béni Hssen","Sidi Kacem","NA (Had Kourt)",2022,54.2467994689941
"Gharb - Chrarda - Béni Hssen","Sidi Kacem","NA (Had Kourt)",2023,58.1129951477051
"Gharb - Chrarda - Béni Hssen","Sidi Kacem","NA (Had Kourt)",2024,49.5582084655762
"Gharb - Chrarda - Béni Hssen","Sidi Kacem","NA (Jorf El Melha)",2012,48.2397842407227
"Gharb - Chrarda - Béni Hssen","Sidi Kacem","NA (Jorf El Melha)",2013,20.4120826721191
"Gharb - Chrarda - Béni Hssen","Sidi Kacem","NA (Jorf El Melha)",2014,32.5407485961914
"Gharb - Chrarda - Béni Hssen","Sidi Kacem","NA (Jorf El Melha)",2015,28.9382228851318
"Gharb - Chrarda - Béni Hssen","Sidi Kacem","NA (Jorf El Melha)",2016,34.9946441650391
"Gharb - Chrarda - Béni Hssen","Sidi Kacem","NA (Jorf El Melha)",2017,26.0854625701904
"Gharb - Chrarda - Béni Hssen","Sidi Kacem","NA (Jorf El Melha)",2018,34.386962890625
"Gharb - Chrarda - Béni Hssen","Sidi Kacem","NA (Jorf El Melha)",2019,27.3099422454834
"Gharb - Chrarda - Béni Hssen","Sidi Kacem","NA (Jorf El Melha)",2020,22.4478874206543
"Gharb - Chrarda - Béni Hssen","Sidi Kacem","NA (Jorf El Melha)",2021,45.7467346191406
"Gharb - Chrarda - Béni Hssen","Sidi Kacem","NA (Jorf El Melha)",2022,45.7906684875488
"Gharb - Chrarda - Béni Hssen","Sidi Kacem","NA (Jorf El Melha)",2023,59.1824073791504
"Gharb - Chrarda - Béni Hssen","Sidi Kacem","NA (Jorf El Melha)",2024,51.5245323181152
"Gharb - Chrarda - Béni Hssen","Sidi Kacem","NA (Mechraa Bel Ksiri)",2012,0
"Gharb - Chrarda - Béni Hssen","Sidi Kacem","NA (Mechraa Bel Ksiri)",2013,0
"Gharb - Chrarda - Béni Hssen","Sidi Kacem","NA (Mechraa Bel Ksiri)",2014,0.504776537418365
"Gharb - Chrarda - Béni Hssen","Sidi Kacem","NA (Mechraa Bel Ksiri)",2015,0.616029560565948
"Gharb - Chrarda - Béni Hssen","Sidi Kacem","NA (Mechraa Bel Ksiri)",2016,0.104258522391319
"Gharb - Chrarda - Béni Hssen","Sidi Kacem","NA (Mechraa Bel Ksiri)",2017,0
"Gharb - Chrarda - Béni Hssen","Sidi Kacem","NA (Mechraa Bel Ksiri)",2018,0
"Gharb - Chrarda - Béni Hssen","Sidi Kacem","NA (Mechraa Bel Ksiri)",2019,0
"Gharb - Chrarda - Béni Hssen","Sidi Kacem","NA (Mechraa Bel Ksiri)",2020,0
"Gharb - Chrarda - Béni Hssen","Sidi Kacem","NA (Mechraa Bel Ksiri)",2021,0.505868136882782
"Gharb - Chrarda - Béni Hssen","Sidi Kacem","NA (Mechraa Bel Ksiri)",2022,1.45638144016266
"Gharb - Chrarda - Béni Hssen","Sidi Kacem","NA (Mechraa Bel Ksiri)",2023,3.17204213142395
"Gharb - Chrarda - Béni Hssen","Sidi Kacem","NA (Mechraa Bel Ksiri)",2024,1.27746105194092
"Gharb - Chrarda - Béni Hssen","Sidi Kacem","NA (Ouezzane)",2012,37.0267562866211
"Gharb - Chrarda - Béni Hssen","Sidi Kacem","NA (Ouezzane)",2013,27.0541133880615
"Gharb - Chrarda - Béni Hssen","Sidi Kacem","NA (Ouezzane)",2014,31.279899597168
"Gharb - Chrarda - Béni Hssen","Sidi Kacem","NA (Ouezzane)",2015,29.2979774475098
"Gharb - Chrarda - Béni Hssen","Sidi Kacem","NA (Ouezzane)",2016,34.8166084289551
"Gharb - Chrarda - Béni Hssen","Sidi Kacem","NA (Ouezzane)",2017,35.8223838806152
"Gharb - Chrarda - Béni Hssen","Sidi Kacem","NA (Ouezzane)",2018,31.3846817016602
"Gharb - Chrarda - Béni Hssen","Sidi Kacem","NA (Ouezzane)",2019,26.8971214294434
"Gharb - Chrarda - Béni Hssen","Sidi Kacem","NA (Ouezzane)",2020,27.0291557312012
"Gharb - Chrarda - Béni Hssen","Sidi Kacem","NA (Ouezzane)",2021,36.1487274169922
"Gharb - Chrarda - Béni Hssen","Sidi Kacem","NA (Ouezzane)",2022,42.5540962219238
"Gharb - Chrarda - Béni Hssen","Sidi Kacem","NA (Ouezzane)",2023,46.1462898254395
"Gharb - Chrarda - Béni Hssen","Sidi Kacem","NA (Ouezzane)",2024,47.9534301757812
"Gharb - Chrarda - Béni Hssen","Sidi Kacem","NA (Sidi Kacem)",2012,31.2086524963379
"Gharb - Chrarda - Béni Hssen","Sidi Kacem","NA (Sidi Kacem)",2013,23.6374244689941
"Gharb - Chrarda - Béni Hssen","Sidi Kacem","NA (Sidi Kacem)",2014,32.7889251708984
"Gharb - Chrarda - Béni Hssen","Sidi Kacem","NA (Sidi Kacem)",2015,38.430233001709
"Gharb - Chrarda - Béni Hssen","Sidi Kacem","NA (Sidi Kacem)",2016,42.4582824707031
"Gharb - Chrarda - Béni Hssen","Sidi Kacem","NA (Sidi Kacem)",2017,40.2947311401367
"Gharb - Chrarda - Béni Hssen","Sidi Kacem","NA (Sidi Kacem)",2018,50.8798332214355
"Gharb - Chrarda - Béni Hssen","Sidi Kacem","NA (Sidi Kacem)",2019,45.4290924072266
"Gharb - Chrarda - Béni Hssen","Sidi Kacem","NA (Sidi Kacem)",2020,41.0252456665039
"Gharb - Chrarda - Béni Hssen","Sidi Kacem","NA (Sidi Kacem)",2021,60.5191917419434
"Gharb - Chrarda - Béni Hssen","Sidi Kacem","NA (Sidi Kacem)",2022,76.4389266967773
"Gharb - Chrarda - Béni Hssen","Sidi Kacem","NA (Sidi Kacem)",2023,87.4126815795898
"Gharb - Chrarda - Béni Hssen","Sidi Kacem","NA (Sidi Kacem)",2024,73.3439636230469
"Gharb - Chrarda - Béni Hssen","Sidi Kacem","Ouezzane",2012,1387.0986328125
"Gharb - Chrarda - Béni Hssen","Sidi Kacem","Ouezzane",2013,1321.99304199219
"Gharb - Chrarda - Béni Hssen","Sidi Kacem","Ouezzane",2014,1631.8564453125
"Gharb - Chrarda - Béni Hssen","Sidi Kacem","Ouezzane",2015,1751.83312988281
"Gharb - Chrarda - Béni Hssen","Sidi Kacem","Ouezzane",2016,2019.72045898438
"Gharb - Chrarda - Béni Hssen","Sidi Kacem","Ouezzane",2017,2223.68432617188
"Gharb - Chrarda - Béni Hssen","Sidi Kacem","Ouezzane",2018,2164.02026367188
"Gharb - Chrarda - Béni Hssen","Sidi Kacem","Ouezzane",2019,2293.58764648438
"Gharb - Chrarda - Béni Hssen","Sidi Kacem","Ouezzane",2020,2424.37744140625
"Gharb - Chrarda - Béni Hssen","Sidi Kacem","Ouezzane",2021,2861.02709960938
"Gharb - Chrarda - Béni Hssen","Sidi Kacem","Ouezzane",2022,3349.05981445312
"Gharb - Chrarda - Béni Hssen","Sidi Kacem","Ouezzane",2023,3586.37622070312
"Gharb - Chrarda - Béni Hssen","Sidi Kacem","Ouezzane",2024,3506.37084960938
"Gharb - Chrarda - Béni Hssen","Sidi Kacem","Sidi Kacem",2012,2707.8076171875
"Gharb - Chrarda - Béni Hssen","Sidi Kacem","Sidi Kacem",2013,2686.11669921875
"Gharb - Chrarda - Béni Hssen","Sidi Kacem","Sidi Kacem",2014,2662.24829101562
"Gharb - Chrarda - Béni Hssen","Sidi Kacem","Sidi Kacem",2015,2741.48364257812
"Gharb - Chrarda - Béni Hssen","Sidi Kacem","Sidi Kacem",2016,2884.9541015625
"Gharb - Chrarda - Béni Hssen","Sidi Kacem","Sidi Kacem",2017,2853.76538085938
"Gharb - Chrarda - Béni Hssen","Sidi Kacem","Sidi Kacem",2018,3033.158203125
"Gharb - Chrarda - Béni Hssen","Sidi Kacem","Sidi Kacem",2019,3145.85424804688
"Gharb - Chrarda - Béni Hssen","Sidi Kacem","Sidi Kacem",2020,3037.17236328125
"Gharb - Chrarda - Béni Hssen","Sidi Kacem","Sidi Kacem",2021,3088.33471679688
"Gharb - Chrarda - Béni Hssen","Sidi Kacem","Sidi Kacem",2022,3365.24340820312
"Gharb - Chrarda - Béni Hssen","Sidi Kacem","Sidi Kacem",2023,3425.69409179688
"Gharb - Chrarda - Béni Hssen","Sidi Kacem","Sidi Kacem",2024,3284.74609375
"Grand Casablanca","Casablanca","Bouskoura",2012,7579.7294921875
"Grand Casablanca","Casablanca","Bouskoura",2013,8988.423828125
"Grand Casablanca","Casablanca","Bouskoura",2014,12610.8505859375
"Grand Casablanca","Casablanca","Bouskoura",2015,15741.83984375
"Grand Casablanca","Casablanca","Bouskoura",2016,17161.818359375
"Grand Casablanca","Casablanca","Bouskoura",2017,19184.263671875
"Grand Casablanca","Casablanca","Bouskoura",2018,20190.1484375
"Grand Casablanca","Casablanca","Bouskoura",2019,21680.962890625
"Grand Casablanca","Casablanca","Bouskoura",2020,22001.37890625
"Grand Casablanca","Casablanca","Bouskoura",2021,22718.138671875
"Grand Casablanca","Casablanca","Bouskoura",2022,23738.71875
"Grand Casablanca","Casablanca","Bouskoura",2023,25575.734375
"Grand Casablanca","Casablanca","Bouskoura",2024,27378.87890625
"Grand Casablanca","Casablanca","Mediouna",2012,3288.171875
"Grand Casablanca","Casablanca","Mediouna",2013,3864.36206054688
"Grand Casablanca","Casablanca","Mediouna",2014,4148.451171875
"Grand Casablanca","Casablanca","Mediouna",2015,4301.087890625
"Grand Casablanca","Casablanca","Mediouna",2016,4760.3623046875
"Grand Casablanca","Casablanca","Mediouna",2017,5186.83154296875
"Grand Casablanca","Casablanca","Mediouna",2018,5216.06884765625
"Grand Casablanca","Casablanca","Mediouna",2019,5650.67236328125
"Grand Casablanca","Casablanca","Mediouna",2020,6129.03564453125
"Grand Casablanca","Casablanca","Mediouna",2021,7098.1396484375
"Grand Casablanca","Casablanca","Mediouna",2022,7692.0234375
"Grand Casablanca","Casablanca","Mediouna",2023,7931.6611328125
"Grand Casablanca","Casablanca","Mediouna",2024,7797.61083984375
"Grand Casablanca","Casablanca","NA (Ahl Laghlam)",2012,806.221557617188
"Grand Casablanca","Casablanca","NA (Ahl Laghlam)",2013,947.510192871094
"Grand Casablanca","Casablanca","NA (Ahl Laghlam)",2014,1231.62719726562
"Grand Casablanca","Casablanca","NA (Ahl Laghlam)",2015,1473.66528320312
"Grand Casablanca","Casablanca","NA (Ahl Laghlam)",2016,1512.18762207031
"Grand Casablanca","Casablanca","NA (Ahl Laghlam)",2017,1516.37231445312
"Grand Casablanca","Casablanca","NA (Ahl Laghlam)",2018,1454.56311035156
"Grand Casablanca","Casablanca","NA (Ahl Laghlam)",2019,1574.93493652344
"Grand Casablanca","Casablanca","NA (Ahl Laghlam)",2020,1734.34814453125
"Grand Casablanca","Casablanca","NA (Ahl Laghlam)",2021,1900.15881347656
"Grand Casablanca","Casablanca","NA (Ahl Laghlam)",2022,2093.99194335938
"Grand Casablanca","Casablanca","NA (Ahl Laghlam)",2023,2221.4306640625
"Grand Casablanca","Casablanca","NA (Ahl Laghlam)",2024,2120.46997070312
"Grand Casablanca","Casablanca","NA (Ain Chock)",2012,3010.83544921875
"Grand Casablanca","Casablanca","NA (Ain Chock)",2013,3022.6884765625
"Grand Casablanca","Casablanca","NA (Ain Chock)",2014,2989.46923828125
"Grand Casablanca","Casablanca","NA (Ain Chock)",2015,3214.2998046875
"Grand Casablanca","Casablanca","NA (Ain Chock)",2016,3231.5556640625
"Grand Casablanca","Casablanca","NA (Ain Chock)",2017,3256.51123046875
"Grand Casablanca","Casablanca","NA (Ain Chock)",2018,3214.17578125
"Grand Casablanca","Casablanca","NA (Ain Chock)",2019,3293.7607421875
"Grand Casablanca","Casablanca","NA (Ain Chock)",2020,3484.93041992188
"Grand Casablanca","Casablanca","NA (Ain Chock)",2021,3676.884765625
"Grand Casablanca","Casablanca","NA (Ain Chock)",2022,4039.2236328125
"Grand Casablanca","Casablanca","NA (Ain Chock)",2023,4188.4013671875
"Grand Casablanca","Casablanca","NA (Ain Chock)",2024,4423.07421875
"Grand Casablanca","Casablanca","NA (Ain Harrouda)",2012,2458.47143554688
"Grand Casablanca","Casablanca","NA (Ain Harrouda)",2013,2647.23291015625
"Grand Casablanca","Casablanca","NA (Ain Harrouda)",2014,2734.95947265625
"Grand Casablanca","Casablanca","NA (Ain Harrouda)",2015,2973.55908203125
"Grand Casablanca","Casablanca","NA (Ain Harrouda)",2016,3114.45849609375
"Grand Casablanca","Casablanca","NA (Ain Harrouda)",2017,3026.26049804688
"Grand Casablanca","Casablanca","NA (Ain Harrouda)",2018,3099.66015625
"Grand Casablanca","Casablanca","NA (Ain Harrouda)",2019,3192.669921875
"Grand Casablanca","Casablanca","NA (Ain Harrouda)",2020,3310.05810546875
"Grand Casablanca","Casablanca","NA (Ain Harrouda)",2021,3812.9619140625
"Grand Casablanca","Casablanca","NA (Ain Harrouda)",2022,3839.55395507812
"Grand Casablanca","Casablanca","NA (Ain Harrouda)",2023,4279.14013671875
"Grand Casablanca","Casablanca","NA (Ain Harrouda)",2024,4461.09521484375
"Grand Casablanca","Casablanca","NA (Ain Sebaa)",2012,7141.22314453125
"Grand Casablanca","Casablanca","NA (Ain Sebaa)",2013,7208.310546875
"Grand Casablanca","Casablanca","NA (Ain Sebaa)",2014,7499.298828125
"Grand Casablanca","Casablanca","NA (Ain Sebaa)",2015,8210.5458984375
"Grand Casablanca","Casablanca","NA (Ain Sebaa)",2016,8166.4990234375
"Grand Casablanca","Casablanca","NA (Ain Sebaa)",2017,8169.162109375
"Grand Casablanca","Casablanca","NA (Ain Sebaa)",2018,8461.5205078125
"Grand Casablanca","Casablanca","NA (Ain Sebaa)",2019,8421.0087890625
"Grand Casablanca","Casablanca","NA (Ain Sebaa)",2020,8423.6015625
"Grand Casablanca","Casablanca","NA (Ain Sebaa)",2021,8726.953125
"Grand Casablanca","Casablanca","NA (Ain Sebaa)",2022,8881.060546875
"Grand Casablanca","Casablanca","NA (Ain Sebaa)",2023,9148.125
"Grand Casablanca","Casablanca","NA (Ain Sebaa)",2024,9207.033203125
"Grand Casablanca","Casablanca","NA (Al Fida)",2012,764.876831054688
"Grand Casablanca","Casablanca","NA (Al Fida)",2013,799.705200195312
"Grand Casablanca","Casablanca","NA (Al Fida)",2014,822.639099121094
"Grand Casablanca","Casablanca","NA (Al Fida)",2015,899.410217285156
"Grand Casablanca","Casablanca","NA (Al Fida)",2016,909.23046875
"Grand Casablanca","Casablanca","NA (Al Fida)",2017,922.485412597656
"Grand Casablanca","Casablanca","NA (Al Fida)",2018,968.383728027344
"Grand Casablanca","Casablanca","NA (Al Fida)",2019,989.024719238281
"Grand Casablanca","Casablanca","NA (Al Fida)",2020,995.607849121094
"Grand Casablanca","Casablanca","NA (Al Fida)",2021,1038.79638671875
"Grand Casablanca","Casablanca","NA (Al Fida)",2022,1036.19006347656
"Grand Casablanca","Casablanca","NA (Al Fida)",2023,1054.13562011719
"Grand Casablanca","Casablanca","NA (Al Fida)",2024,1097.39770507812
"Grand Casablanca","Casablanca","NA (Al Idrissia)",2012,780.299865722656
"Grand Casablanca","Casablanca","NA (Al Idrissia)",2013,788.153686523438
"Grand Casablanca","Casablanca","NA (Al Idrissia)",2014,813.091369628906
"Grand Casablanca","Casablanca","NA (Al Idrissia)",2015,967.15966796875
"Grand Casablanca","Casablanca","NA (Al Idrissia)",2016,974.984436035156
"Grand Casablanca","Casablanca","NA (Al Idrissia)",2017,936.214660644531
"Grand Casablanca","Casablanca","NA (Al Idrissia)",2018,951.822143554688
"Grand Casablanca","Casablanca","NA (Al Idrissia)",2019,927.697082519531
"Grand Casablanca","Casablanca","NA (Al Idrissia)",2020,946.532775878906
"Grand Casablanca","Casablanca","NA (Al Idrissia)",2021,957.632934570312
"Grand Casablanca","Casablanca","NA (Al Idrissia)",2022,995.153198242188
"Grand Casablanca","Casablanca","NA (Al Idrissia)",2023,1031.29443359375
"Grand Casablanca","Casablanca","NA (Al Idrissia)",2024,1072.0908203125
"Grand Casablanca","Casablanca","NA (Anfa)",2012,5829.63818359375
"Grand Casablanca","Casablanca","NA (Anfa)",2013,5880.53369140625
"Grand Casablanca","Casablanca","NA (Anfa)",2014,5958.5673828125
"Grand Casablanca","Casablanca","NA (Anfa)",2015,6264.00244140625
"Grand Casablanca","Casablanca","NA (Anfa)",2016,5967.2744140625
"Grand Casablanca","Casablanca","NA (Anfa)",2017,5847.60595703125
"Grand Casablanca","Casablanca","NA (Anfa)",2018,6206.73974609375
"Grand Casablanca","Casablanca","NA (Anfa)",2019,5923.349609375
"Grand Casablanca","Casablanca","NA (Anfa)",2020,5610.353515625
"Grand Casablanca","Casablanca","NA (Anfa)",2021,5680.6591796875
"Grand Casablanca","Casablanca","NA (Anfa)",2022,5901.3974609375
"Grand Casablanca","Casablanca","NA (Anfa)",2023,5936.9873046875
"Grand Casablanca","Casablanca","NA (Anfa)",2024,6647.1484375
"Grand Casablanca","Casablanca","NA (Assoukhour Assawda)",2012,3355.82641601562
"Grand Casablanca","Casablanca","NA (Assoukhour Assawda)",2013,3581.6572265625
"Grand Casablanca","Casablanca","NA (Assoukhour Assawda)",2014,3766.58227539062
"Grand Casablanca","Casablanca","NA (Assoukhour Assawda)",2015,4013.8671875
"Grand Casablanca","Casablanca","NA (Assoukhour Assawda)",2016,4048.8779296875
"Grand Casablanca","Casablanca","NA (Assoukhour Assawda)",2017,4027.38842773438
"Grand Casablanca","Casablanca","NA (Assoukhour Assawda)",2018,4039.47216796875
"Grand Casablanca","Casablanca","NA (Assoukhour Assawda)",2019,4124.51220703125
"Grand Casablanca","Casablanca","NA (Assoukhour Assawda)",2020,4116.78271484375
"Grand Casablanca","Casablanca","NA (Assoukhour Assawda)",2021,4294.46728515625
"Grand Casablanca","Casablanca","NA (Assoukhour Assawda)",2022,4506.328125
"Grand Casablanca","Casablanca","NA (Assoukhour Assawda)",2023,4586.68505859375
"Grand Casablanca","Casablanca","NA (Assoukhour Assawda)",2024,4626.07275390625
"Grand Casablanca","Casablanca","NA (Ben Msick)",2012,1485.13232421875
"Grand Casablanca","Casablanca","NA (Ben Msick)",2013,1534.21398925781
"Grand Casablanca","Casablanca","NA (Ben Msick)",2014,1539.14514160156
"Grand Casablanca","Casablanca","NA (Ben Msick)",2015,1730.16711425781
"Grand Casablanca","Casablanca","NA (Ben Msick)",2016,1756.55688476562
"Grand Casablanca","Casablanca","NA (Ben Msick)",2017,1678.84973144531
"Grand Casablanca","Casablanca","NA (Ben Msick)",2018,1761.48681640625
"Grand Casablanca","Casablanca","NA (Ben Msick)",2019,1739.13391113281
"Grand Casablanca","Casablanca","NA (Ben Msick)",2020,1830.50634765625
"Grand Casablanca","Casablanca","NA (Ben Msick)",2021,1935.61108398438
"Grand Casablanca","Casablanca","NA (Ben Msick)",2022,1996.74267578125
"Grand Casablanca","Casablanca","NA (Ben Msick)",2023,2099.2978515625
"Grand Casablanca","Casablanca","NA (Ben Msick)",2024,2150.76123046875
"Grand Casablanca","Casablanca","NA (Bou Chentouf)",2012,1029.12744140625
"Grand Casablanca","Casablanca","NA (Bou Chentouf)",2013,1083.72546386719
"Grand Casablanca","Casablanca","NA (Bou Chentouf)",2014,1038.96496582031
"Grand Casablanca","Casablanca","NA (Bou Chentouf)",2015,1232.939453125
"Grand Casablanca","Casablanca","NA (Bou Chentouf)",2016,1280.55358886719
"Grand Casablanca","Casablanca","NA (Bou Chentouf)",2017,1195.43994140625
"Grand Casablanca","Casablanca","NA (Bou Chentouf)",2018,1223.85375976562
"Grand Casablanca","Casablanca","NA (Bou Chentouf)",2019,1224.99377441406
"Grand Casablanca","Casablanca","NA (Bou Chentouf)",2020,1186.63391113281
"Grand Casablanca","Casablanca","NA (Bou Chentouf)",2021,1226.40515136719
"Grand Casablanca","Casablanca","NA (Bou Chentouf)",2022,1291.71545410156
"Grand Casablanca","Casablanca","NA (Bou Chentouf)",2023,1339.27258300781
"Grand Casablanca","Casablanca","NA (Bou Chentouf)",2024,1358.86413574219
"Grand Casablanca","Casablanca","NA (El Maarif)",2012,4404.5732421875
"Grand Casablanca","Casablanca","NA (El Maarif)",2013,4730.6083984375
"Grand Casablanca","Casablanca","NA (El Maarif)",2014,4649.91357421875
"Grand Casablanca","Casablanca","NA (El Maarif)",2015,4927.80419921875
"Grand Casablanca","Casablanca","NA (El Maarif)",2016,4873.21533203125
"Grand Casablanca","Casablanca","NA (El Maarif)",2017,4808.8369140625
"Grand Casablanca","Casablanca","NA (El Maarif)",2018,5096.20458984375
"Grand Casablanca","Casablanca","NA (El Maarif)",2019,5103.20361328125
"Grand Casablanca","Casablanca","NA (El Maarif)",2020,4951.57861328125
"Grand Casablanca","Casablanca","NA (El Maarif)",2021,5005.0478515625
"Grand Casablanca","Casablanca","NA (El Maarif)",2022,5186.25341796875
"Grand Casablanca","Casablanca","NA (El Maarif)",2023,5430.0419921875
"Grand Casablanca","Casablanca","NA (El Maarif)",2024,5954.37548828125
"Grand Casablanca","Casablanca","NA (Hay Hassani)",2012,4675.6640625
"Grand Casablanca","Casablanca","NA (Hay Hassani)",2013,4949.29296875
"Grand Casablanca","Casablanca","NA (Hay Hassani)",2014,5183.8427734375
"Grand Casablanca","Casablanca","NA (Hay Hassani)",2015,5654.34521484375
"Grand Casablanca","Casablanca","NA (Hay Hassani)",2016,5433.48095703125
"Grand Casablanca","Casablanca","NA (Hay Hassani)",2017,5278.2666015625
"Grand Casablanca","Casablanca","NA (Hay Hassani)",2018,5363.79833984375
"Grand Casablanca","Casablanca","NA (Hay Hassani)",2019,5286.88427734375
"Grand Casablanca","Casablanca","NA (Hay Hassani)",2020,5237.95166015625
"Grand Casablanca","Casablanca","NA (Hay Hassani)",2021,5265.10009765625
"Grand Casablanca","Casablanca","NA (Hay Hassani)",2022,5498.04296875
"Grand Casablanca","Casablanca","NA (Hay Hassani)",2023,5851.5791015625
"Grand Casablanca","Casablanca","NA (Hay Hassani)",2024,6666.80810546875
"Grand Casablanca","Casablanca","NA (Hay Mohammadi)",2012,1876.14697265625
"Grand Casablanca","Casablanca","NA (Hay Mohammadi)",2013,1853.26721191406
"Grand Casablanca","Casablanca","NA (Hay Mohammadi)",2014,1902.71203613281
"Grand Casablanca","Casablanca","NA (Hay Mohammadi)",2015,2004.32629394531
"Grand Casablanca","Casablanca","NA (Hay Mohammadi)",2016,2042.19738769531
"Grand Casablanca","Casablanca","NA (Hay Mohammadi)",2017,1976.33288574219
"Grand Casablanca","Casablanca","NA (Hay Mohammadi)",2018,1996.30798339844
"Grand Casablanca","Casablanca","NA (Hay Mohammadi)",2019,1970.44641113281
"Grand Casablanca","Casablanca","NA (Hay Mohammadi)",2020,2003.87609863281
"Grand Casablanca","Casablanca","NA (Hay Mohammadi)",2021,2120.4765625
"Grand Casablanca","Casablanca","NA (Hay Mohammadi)",2022,2247.7548828125
"Grand Casablanca","Casablanca","NA (Hay Mohammadi)",2023,2242.1220703125
"Grand Casablanca","Casablanca","NA (Hay Mohammadi)",2024,2243.51440429688
"Grand Casablanca","Casablanca","NA (Lissasfa)",2012,2417.23828125
"Grand Casablanca","Casablanca","NA (Lissasfa)",2013,2360.67944335938
"Grand Casablanca","Casablanca","NA (Lissasfa)",2014,2856.08447265625
"Grand Casablanca","Casablanca","NA (Lissasfa)",2015,3630.00805664062
"Grand Casablanca","Casablanca","NA (Lissasfa)",2016,3456.73315429688
"Grand Casablanca","Casablanca","NA (Lissasfa)",2017,3266.92553710938
"Grand Casablanca","Casablanca","NA (Lissasfa)",2018,3204.44897460938
"Grand Casablanca","Casablanca","NA (Lissasfa)",2019,3032.71313476562
"Grand Casablanca","Casablanca","NA (Lissasfa)",2020,3147.13159179688
"Grand Casablanca","Casablanca","NA (Lissasfa)",2021,3094.33032226562
"Grand Casablanca","Casablanca","NA (Lissasfa)",2022,3221.47119140625
"Grand Casablanca","Casablanca","NA (Lissasfa)",2023,3442.857421875
"Grand Casablanca","Casablanca","NA (Lissasfa)",2024,3574.26708984375
"Grand Casablanca","Casablanca","NA (Machouar Casablanca)",2012,256.701263427734
"Grand Casablanca","Casablanca","NA (Machouar Casablanca)",2013,260.216369628906
"Grand Casablanca","Casablanca","NA (Machouar Casablanca)",2014,262.892944335938
"Grand Casablanca","Casablanca","NA (Machouar Casablanca)",2015,285.721435546875
"Grand Casablanca","Casablanca","NA (Machouar Casablanca)",2016,281.434173583984
"Grand Casablanca","Casablanca","NA (Machouar Casablanca)",2017,279.497802734375
"Grand Casablanca","Casablanca","NA (Machouar Casablanca)",2018,282.5234375
"Grand Casablanca","Casablanca","NA (Machouar Casablanca)",2019,291.551574707031
"Grand Casablanca","Casablanca","NA (Machouar Casablanca)",2020,293.028228759766
"Grand Casablanca","Casablanca","NA (Machouar Casablanca)",2021,310.527313232422
"Grand Casablanca","Casablanca","NA (Machouar Casablanca)",2022,300.904632568359
"Grand Casablanca","Casablanca","NA (Machouar Casablanca)",2023,317.652862548828
"Grand Casablanca","Casablanca","NA (Machouar Casablanca)",2024,328.15087890625
"Grand Casablanca","Casablanca","NA (Mediouna)",2012,183.490341186523
"Grand Casablanca","Casablanca","NA (Mediouna)",2013,191.990081787109
"Grand Casablanca","Casablanca","NA (Mediouna)",2014,196.616638183594
"Grand Casablanca","Casablanca","NA (Mediouna)",2015,219.05908203125
"Grand Casablanca","Casablanca","NA (Mediouna)",2016,289.105499267578
"Grand Casablanca","Casablanca","NA (Mediouna)",2017,283.971771240234
"Grand Casablanca","Casablanca","NA (Mediouna)",2018,260.150726318359
"Grand Casablanca","Casablanca","NA (Mediouna)",2019,307.851287841797
"Grand Casablanca","Casablanca","NA (Mediouna)",2020,349.985931396484
"Grand Casablanca","Casablanca","NA (Mediouna)",2021,387.593719482422
"Grand Casablanca","Casablanca","NA (Mediouna)",2022,458.449676513672
"Grand Casablanca","Casablanca","NA (Mediouna)",2023,485.592041015625
"Grand Casablanca","Casablanca","NA (Mediouna)",2024,597.560791015625
"Grand Casablanca","Casablanca","NA (Mers Sultan)",2012,911.220703125
"Grand Casablanca","Casablanca","NA (Mers Sultan)",2013,895.512084960938
"Grand Casablanca","Casablanca","NA (Mers Sultan)",2014,908.05859375
"Grand Casablanca","Casablanca","NA (Mers Sultan)",2015,980.968566894531
"Grand Casablanca","Casablanca","NA (Mers Sultan)",2016,998.844116210938
"Grand Casablanca","Casablanca","NA (Mers Sultan)",2017,973.9619140625
"Grand Casablanca","Casablanca","NA (Mers Sultan)",2018,989.696899414062
"Grand Casablanca","Casablanca","NA (Mers Sultan)",2019,1003.83142089844
"Grand Casablanca","Casablanca","NA (Mers Sultan)",2020,1003.32611083984
"Grand Casablanca","Casablanca","NA (Mers Sultan)",2021,1056.62548828125
"Grand Casablanca","Casablanca","NA (Mers Sultan)",2022,1023.45880126953
"Grand Casablanca","Casablanca","NA (Mers Sultan)",2023,1059.20971679688
"Grand Casablanca","Casablanca","NA (Mers Sultan)",2024,1156.21826171875
"Grand Casablanca","Casablanca","NA (Moulay Rachid)",2012,2273.9033203125
"Grand Casablanca","Casablanca","NA (Moulay Rachid)",2013,2307.57763671875
"Grand Casablanca","Casablanca","NA (Moulay Rachid)",2014,2514.73486328125
"Grand Casablanca","Casablanca","NA (Moulay Rachid)",2015,2850.49755859375
"Grand Casablanca","Casablanca","NA (Moulay Rachid)",2016,2636.03735351562
"Grand Casablanca","Casablanca","NA (Moulay Rachid)",2017,2604.30102539062
"Grand Casablanca","Casablanca","NA (Moulay Rachid)",2018,2754.55346679688
"Grand Casablanca","Casablanca","NA (Moulay Rachid)",2019,2810.802734375
"Grand Casablanca","Casablanca","NA (Moulay Rachid)",2020,2978.412109375
"Grand Casablanca","Casablanca","NA (Moulay Rachid)",2021,3205.29174804688
"Grand Casablanca","Casablanca","NA (Moulay Rachid)",2022,3404.0546875
"Grand Casablanca","Casablanca","NA (Moulay Rachid)",2023,3529.13354492188
"Grand Casablanca","Casablanca","NA (Moulay Rachid)",2024,3699.06469726562
"Grand Casablanca","Casablanca","NA (Moulay Youssef)",2012,1727.03430175781
"Grand Casablanca","Casablanca","NA (Moulay Youssef)",2013,1769.83703613281
"Grand Casablanca","Casablanca","NA (Moulay Youssef)",2014,1737.67749023438
"Grand Casablanca","Casablanca","NA (Moulay Youssef)",2015,1842.52990722656
"Grand Casablanca","Casablanca","NA (Moulay Youssef)",2016,1887.63659667969
"Grand Casablanca","Casablanca","NA (Moulay Youssef)",2017,1733.0771484375
"Grand Casablanca","Casablanca","NA (Moulay Youssef)",2018,1996.60485839844
"Grand Casablanca","Casablanca","NA (Moulay Youssef)",2019,1933.31677246094
"Grand Casablanca","Casablanca","NA (Moulay Youssef)",2020,1805.03466796875
"Grand Casablanca","Casablanca","NA (Moulay Youssef)",2021,1794.93933105469
"Grand Casablanca","Casablanca","NA (Moulay Youssef)",2022,1733.51940917969
"Grand Casablanca","Casablanca","NA (Moulay Youssef)",2023,1830.51794433594
"Grand Casablanca","Casablanca","NA (Moulay Youssef)",2024,1844.81103515625
"Grand Casablanca","Casablanca","NA (Nouaceur)",2012,3596.2119140625
"Grand Casablanca","Casablanca","NA (Nouaceur)",2013,4006.2958984375
"Grand Casablanca","Casablanca","NA (Nouaceur)",2014,4747.384765625
"Grand Casablanca","Casablanca","NA (Nouaceur)",2015,5097.77197265625
"Grand Casablanca","Casablanca","NA (Nouaceur)",2016,5936.9189453125
"Grand Casablanca","Casablanca","NA (Nouaceur)",2017,6439.3154296875
"Grand Casablanca","Casablanca","NA (Nouaceur)",2018,6279.52978515625
"Grand Casablanca","Casablanca","NA (Nouaceur)",2019,6630.05517578125
"Grand Casablanca","Casablanca","NA (Nouaceur)",2020,6537.765625
"Grand Casablanca","Casablanca","NA (Nouaceur)",2021,6130.77099609375
"Grand Casablanca","Casablanca","NA (Nouaceur)",2022,6452.77001953125
"Grand Casablanca","Casablanca","NA (Nouaceur)",2023,6953.99755859375
"Grand Casablanca","Casablanca","NA (Nouaceur)",2024,7379.15771484375
"Grand Casablanca","Casablanca","NA (Salmia)",2012,173.945465087891
"Grand Casablanca","Casablanca","NA (Salmia)",2013,290.246917724609
"Grand Casablanca","Casablanca","NA (Salmia)",2014,289.9501953125
"Grand Casablanca","Casablanca","NA (Salmia)",2015,287.689178466797
"Grand Casablanca","Casablanca","NA (Salmia)",2016,299.433532714844
"Grand Casablanca","Casablanca","NA (Salmia)",2017,358.961883544922
"Grand Casablanca","Casablanca","NA (Salmia)",2018,370.139709472656
"Grand Casablanca","Casablanca","NA (Salmia)",2019,331.618591308594
"Grand Casablanca","Casablanca","NA (Salmia)",2020,351.688171386719
"Grand Casablanca","Casablanca","NA (Salmia)",2021,376.3076171875
"Grand Casablanca","Casablanca","NA (Salmia)",2022,391.483489990234
"Grand Casablanca","Casablanca","NA (Salmia)",2023,463.92919921875
"Grand Casablanca","Casablanca","NA (Salmia)",2024,438.063598632812
"Grand Casablanca","Casablanca","NA (Sbata)",2012,287.171783447266
"Grand Casablanca","Casablanca","NA (Sbata)",2013,381.457122802734
"Grand Casablanca","Casablanca","NA (Sbata)",2014,425.319000244141
"Grand Casablanca","Casablanca","NA (Sbata)",2015,427.694488525391
"Grand Casablanca","Casablanca","NA (Sbata)",2016,526.474365234375
"Grand Casablanca","Casablanca","NA (Sbata)",2017,564.255920410156
"Grand Casablanca","Casablanca","NA (Sbata)",2018,550.306762695312
"Grand Casablanca","Casablanca","NA (Sbata)",2019,488.141998291016
"Grand Casablanca","Casablanca","NA (Sbata)",2020,521.773742675781
"Grand Casablanca","Casablanca","NA (Sbata)",2021,557.354919433594
"Grand Casablanca","Casablanca","NA (Sbata)",2022,555.217712402344
"Grand Casablanca","Casablanca","NA (Sbata)",2023,625.292541503906
"Grand Casablanca","Casablanca","NA (Sbata)",2024,726.117065429688
"Grand Casablanca","Casablanca","NA (Sidi Belyout)",2012,4608.556640625
"Grand Casablanca","Casablanca","NA (Sidi Belyout)",2013,4901.9931640625
"Grand Casablanca","Casablanca","NA (Sidi Belyout)",2014,4967.5068359375
"Grand Casablanca","Casablanca","NA (Sidi Belyout)",2015,5184.0048828125
"Grand Casablanca","Casablanca","NA (Sidi Belyout)",2016,4969.77734375
"Grand Casablanca","Casablanca","NA (Sidi Belyout)",2017,4893.5068359375
"Grand Casablanca","Casablanca","NA (Sidi Belyout)",2018,5144.3720703125
"Grand Casablanca","Casablanca","NA (Sidi Belyout)",2019,5059.50390625
"Grand Casablanca","Casablanca","NA (Sidi Belyout)",2020,4861.7236328125
"Grand Casablanca","Casablanca","NA (Sidi Belyout)",2021,4959.755859375
"Grand Casablanca","Casablanca","NA (Sidi Belyout)",2022,4820.05224609375
"Grand Casablanca","Casablanca","NA (Sidi Belyout)",2023,5130.45458984375
"Grand Casablanca","Casablanca","NA (Sidi Belyout)",2024,5600.9931640625
"Grand Casablanca","Casablanca","NA (Sidi Bernoussi)",2012,4597.81494140625
"Grand Casablanca","Casablanca","NA (Sidi Bernoussi)",2013,4695.9912109375
"Grand Casablanca","Casablanca","NA (Sidi Bernoussi)",2014,4887.1552734375
"Grand Casablanca","Casablanca","NA (Sidi Bernoussi)",2015,5405.51123046875
"Grand Casablanca","Casablanca","NA (Sidi Bernoussi)",2016,5387.796875
"Grand Casablanca","Casablanca","NA (Sidi Bernoussi)",2017,5218.140625
"Grand Casablanca","Casablanca","NA (Sidi Bernoussi)",2018,5294.6962890625
"Grand Casablanca","Casablanca","NA (Sidi Bernoussi)",2019,5439.91845703125
"Grand Casablanca","Casablanca","NA (Sidi Bernoussi)",2020,5503.72021484375
"Grand Casablanca","Casablanca","NA (Sidi Bernoussi)",2021,5880.240234375
"Grand Casablanca","Casablanca","NA (Sidi Bernoussi)",2022,6069.38916015625
"Grand Casablanca","Casablanca","NA (Sidi Bernoussi)",2023,6558.81689453125
"Grand Casablanca","Casablanca","NA (Sidi Bernoussi)",2024,6684.4462890625
"Grand Casablanca","Casablanca","NA (Sidi Maarouf)",2012,2628.38354492188
"Grand Casablanca","Casablanca","NA (Sidi Maarouf)",2013,2701.1181640625
"Grand Casablanca","Casablanca","NA (Sidi Maarouf)",2014,2979.095703125
"Grand Casablanca","Casablanca","NA (Sidi Maarouf)",2015,3211.51391601562
"Grand Casablanca","Casablanca","NA (Sidi Maarouf)",2016,3290.57885742188
"Grand Casablanca","Casablanca","NA (Sidi Maarouf)",2017,3401.23779296875
"Grand Casablanca","Casablanca","NA (Sidi Maarouf)",2018,3470.32495117188
"Grand Casablanca","Casablanca","NA (Sidi Maarouf)",2019,3781.72583007812
"Grand Casablanca","Casablanca","NA (Sidi Maarouf)",2020,4343.462890625
"Grand Casablanca","Casablanca","NA (Sidi Maarouf)",2021,4408.62060546875
"Grand Casablanca","Casablanca","NA (Sidi Maarouf)",2022,4614.58837890625
"Grand Casablanca","Casablanca","NA (Sidi Maarouf)",2023,4703.69384765625
"Grand Casablanca","Casablanca","NA (Sidi Maarouf)",2024,5103.931640625
"Grand Casablanca","Casablanca","NA (Sidi Moumen)",2012,2991.11254882812
"Grand Casablanca","Casablanca","NA (Sidi Moumen)",2013,3404.23706054688
"Grand Casablanca","Casablanca","NA (Sidi Moumen)",2014,3827.3779296875
"Grand Casablanca","Casablanca","NA (Sidi Moumen)",2015,4214.62109375
"Grand Casablanca","Casablanca","NA (Sidi Moumen)",2016,4121.3564453125
"Grand Casablanca","Casablanca","NA (Sidi Moumen)",2017,4112.80810546875
"Grand Casablanca","Casablanca","NA (Sidi Moumen)",2018,4078.67456054688
"Grand Casablanca","Casablanca","NA (Sidi Moumen)",2019,4089.22314453125
"Grand Casablanca","Casablanca","NA (Sidi Moumen)",2020,4168.3896484375
"Grand Casablanca","Casablanca","NA (Sidi Moumen)",2021,4359.40771484375
"Grand Casablanca","Casablanca","NA (Sidi Moumen)",2022,4558.29296875
"Grand Casablanca","Casablanca","NA (Sidi Moumen)",2023,4560.4765625
"Grand Casablanca","Casablanca","NA (Sidi Moumen)",2024,4443.92724609375
"Grand Casablanca","Casablanca","NA (Sidi Othmane)",2012,2209.83984375
"Grand Casablanca","Casablanca","NA (Sidi Othmane)",2013,2249.99926757812
"Grand Casablanca","Casablanca","NA (Sidi Othmane)",2014,2426.56323242188
"Grand Casablanca","Casablanca","NA (Sidi Othmane)",2015,2733.86279296875
"Grand Casablanca","Casablanca","NA (Sidi Othmane)",2016,2698.42724609375
"Grand Casablanca","Casablanca","NA (Sidi Othmane)",2017,2606.947265625
"Grand Casablanca","Casablanca","NA (Sidi Othmane)",2018,2803.25708007812
"Grand Casablanca","Casablanca","NA (Sidi Othmane)",2019,2999.83251953125
"Grand Casablanca","Casablanca","NA (Sidi Othmane)",2020,3218.90966796875
"Grand Casablanca","Casablanca","NA (Sidi Othmane)",2021,3350.86206054688
"Grand Casablanca","Casablanca","NA (Sidi Othmane)",2022,3523.41333007812
"Grand Casablanca","Casablanca","NA (Sidi Othmane)",2023,3620.22900390625
"Grand Casablanca","Casablanca","NA (Sidi Othmane)",2024,3868.10473632812
"Grand Casablanca","Casablanca","NA (Tit Mellil)",2012,685.266662597656
"Grand Casablanca","Casablanca","NA (Tit Mellil)",2013,826.7646484375
"Grand Casablanca","Casablanca","NA (Tit Mellil)",2014,770.597717285156
"Grand Casablanca","Casablanca","NA (Tit Mellil)",2015,852.020935058594
"Grand Casablanca","Casablanca","NA (Tit Mellil)",2016,1103.66882324219
"Grand Casablanca","Casablanca","NA (Tit Mellil)",2017,1115.796875
"Grand Casablanca","Casablanca","NA (Tit Mellil)",2018,1063.91882324219
"Grand Casablanca","Casablanca","NA (Tit Mellil)",2019,1102.06872558594
"Grand Casablanca","Casablanca","NA (Tit Mellil)",2020,1101.86193847656
"Grand Casablanca","Casablanca","NA (Tit Mellil)",2021,1106.29943847656
"Grand Casablanca","Casablanca","NA (Tit Mellil)",2022,1269.95581054688
"Grand Casablanca","Casablanca","NA (Tit Mellil)",2023,1222.88171386719
"Grand Casablanca","Casablanca","NA (Tit Mellil)",2024,1181.43542480469
"Grand Casablanca","Casablanca","Tit Mellil",2012,2603.240234375
"Grand Casablanca","Casablanca","Tit Mellil",2013,2668.99462890625
"Grand Casablanca","Casablanca","Tit Mellil",2014,3098.52807617188
"Grand Casablanca","Casablanca","Tit Mellil",2015,3610.3779296875
"Grand Casablanca","Casablanca","Tit Mellil",2016,4066.51025390625
"Grand Casablanca","Casablanca","Tit Mellil",2017,4334.74951171875
"Grand Casablanca","Casablanca","Tit Mellil",2018,4360.31787109375
"Grand Casablanca","Casablanca","Tit Mellil",2019,4968.52490234375
"Grand Casablanca","Casablanca","Tit Mellil",2020,6047.0576171875
"Grand Casablanca","Casablanca","Tit Mellil",2021,6748.75048828125
"Grand Casablanca","Casablanca","Tit Mellil",2022,7905.25732421875
"Grand Casablanca","Casablanca","Tit Mellil",2023,8588.625
"Grand Casablanca","Casablanca","Tit Mellil",2024,8326.353515625
"Grand Casablanca","Mohammedia","NA (Mohammedia)",2012,7178.8955078125
"Grand Casablanca","Mohammedia","NA (Mohammedia)",2013,7524.63427734375
"Grand Casablanca","Mohammedia","NA (Mohammedia)",2014,8515.5908203125
"Grand Casablanca","Mohammedia","NA (Mohammedia)",2015,8997.7001953125
"Grand Casablanca","Mohammedia","NA (Mohammedia)",2016,8709.94140625
"Grand Casablanca","Mohammedia","NA (Mohammedia)",2017,8136.69970703125
"Grand Casablanca","Mohammedia","NA (Mohammedia)",2018,8476.4423828125
"Grand Casablanca","Mohammedia","NA (Mohammedia)",2019,10176.001953125
"Grand Casablanca","Mohammedia","NA (Mohammedia)",2020,10499.3916015625
"Grand Casablanca","Mohammedia","NA (Mohammedia)",2021,10224.25390625
"Grand Casablanca","Mohammedia","NA (Mohammedia)",2022,10389.2734375
"Grand Casablanca","Mohammedia","NA (Mohammedia)",2023,10358.275390625
"Grand Casablanca","Mohammedia","NA (Mohammedia)",2024,10267.462890625
"Guelmim - Es-Semara","Assa-Zag","Assa",2012,759.504028320312
"Guelmim - Es-Semara","Assa-Zag","Assa",2013,887.44677734375
"Guelmim - Es-Semara","Assa-Zag","Assa",2014,828.011840820312
"Guelmim - Es-Semara","Assa-Zag","Assa",2015,790.434997558594
"Guelmim - Es-Semara","Assa-Zag","Assa",2016,897.473388671875
"Guelmim - Es-Semara","Assa-Zag","Assa",2017,1131.06115722656
"Guelmim - Es-Semara","Assa-Zag","Assa",2018,1154.62829589844
"Guelmim - Es-Semara","Assa-Zag","Assa",2019,1514.15197753906
"Guelmim - Es-Semara","Assa-Zag","Assa",2020,1464.21459960938
"Guelmim - Es-Semara","Assa-Zag","Assa",2021,1661.53930664062
"Guelmim - Es-Semara","Assa-Zag","Assa",2022,1842.74011230469
"Guelmim - Es-Semara","Assa-Zag","Assa",2023,1627.64685058594
"Guelmim - Es-Semara","Assa-Zag","Assa",2024,1885.6904296875
"Guelmim - Es-Semara","Assa-Zag","NA (Assa)",2012,0
"Guelmim - Es-Semara","Assa-Zag","NA (Assa)",2013,0
"Guelmim - Es-Semara","Assa-Zag","NA (Assa)",2014,0
"Guelmim - Es-Semara","Assa-Zag","NA (Assa)",2015,0
"Guelmim - Es-Semara","Assa-Zag","NA (Assa)",2016,0
"Guelmim - Es-Semara","Assa-Zag","NA (Assa)",2017,0
"Guelmim - Es-Semara","Assa-Zag","NA (Assa)",2018,0
"Guelmim - Es-Semara","Assa-Zag","NA (Assa)",2019,0
"Guelmim - Es-Semara","Assa-Zag","NA (Assa)",2020,0
"Guelmim - Es-Semara","Assa-Zag","NA (Assa)",2021,0
"Guelmim - Es-Semara","Assa-Zag","NA (Assa)",2022,0
"Guelmim - Es-Semara","Assa-Zag","NA (Assa)",2023,0
"Guelmim - Es-Semara","Assa-Zag","NA (Assa)",2024,0
"Guelmim - Es-Semara","Assa-Zag","NA (Zag)",2012,179.129058837891
"Guelmim - Es-Semara","Assa-Zag","NA (Zag)",2013,165.819625854492
"Guelmim - Es-Semara","Assa-Zag","NA (Zag)",2014,149.076629638672
"Guelmim - Es-Semara","Assa-Zag","NA (Zag)",2015,230.899917602539
"Guelmim - Es-Semara","Assa-Zag","NA (Zag)",2016,275.066925048828
"Guelmim - Es-Semara","Assa-Zag","NA (Zag)",2017,279.371490478516
"Guelmim - Es-Semara","Assa-Zag","NA (Zag)",2018,268.344177246094
"Guelmim - Es-Semara","Assa-Zag","NA (Zag)",2019,317.996002197266
"Guelmim - Es-Semara","Assa-Zag","NA (Zag)",2020,267.988739013672
"Guelmim - Es-Semara","Assa-Zag","NA (Zag)",2021,262.716857910156
"Guelmim - Es-Semara","Assa-Zag","NA (Zag)",2022,291.931335449219
"Guelmim - Es-Semara","Assa-Zag","NA (Zag)",2023,309.529174804688
"Guelmim - Es-Semara","Assa-Zag","NA (Zag)",2024,242.003005981445
"Guelmim - Es-Semara","Assa-Zag","Zag",2012,0
"Guelmim - Es-Semara","Assa-Zag","Zag",2013,0
"Guelmim - Es-Semara","Assa-Zag","Zag",2014,0
"Guelmim - Es-Semara","Assa-Zag","Zag",2015,0
"Guelmim - Es-Semara","Assa-Zag","Zag",2016,0
"Guelmim - Es-Semara","Assa-Zag","Zag",2017,0
"Guelmim - Es-Semara","Assa-Zag","Zag",2018,0
"Guelmim - Es-Semara","Assa-Zag","Zag",2019,0
"Guelmim - Es-Semara","Assa-Zag","Zag",2020,0
"Guelmim - Es-Semara","Assa-Zag","Zag",2021,2.0668683052063
"Guelmim - Es-Semara","Assa-Zag","Zag",2022,0.546937882900238
"Guelmim - Es-Semara","Assa-Zag","Zag",2023,9.2099027633667
"Guelmim - Es-Semara","Assa-Zag","Zag",2024,6.35705232620239
"Guelmim - Es-Semara","Guelmim","Bouizakarne",2012,734.520141601562
"Guelmim - Es-Semara","Guelmim","Bouizakarne",2013,691.490905761719
"Guelmim - Es-Semara","Guelmim","Bouizakarne",2014,876.713317871094
"Guelmim - Es-Semara","Guelmim","Bouizakarne",2015,983.43310546875
"Guelmim - Es-Semara","Guelmim","Bouizakarne",2016,1038.2841796875
"Guelmim - Es-Semara","Guelmim","Bouizakarne",2017,970.6455078125
"Guelmim - Es-Semara","Guelmim","Bouizakarne",2018,982.969116210938
"Guelmim - Es-Semara","Guelmim","Bouizakarne",2019,1130.72009277344
"Guelmim - Es-Semara","Guelmim","Bouizakarne",2020,970.353637695312
"Guelmim - Es-Semara","Guelmim","Bouizakarne",2021,1186.40502929688
"Guelmim - Es-Semara","Guelmim","Bouizakarne",2022,1302.9306640625
"Guelmim - Es-Semara","Guelmim","Bouizakarne",2023,1259.28991699219
"Guelmim - Es-Semara","Guelmim","Bouizakarne",2024,1283.45153808594
"Guelmim - Es-Semara","Guelmim","Guelmim",2012,3702.51904296875
"Guelmim - Es-Semara","Guelmim","Guelmim",2013,3909.25634765625
"Guelmim - Es-Semara","Guelmim","Guelmim",2014,4203.53076171875
"Guelmim - Es-Semara","Guelmim","Guelmim",2015,4165.6572265625
"Guelmim - Es-Semara","Guelmim","Guelmim",2016,4489.8798828125
"Guelmim - Es-Semara","Guelmim","Guelmim",2017,4754.57666015625
"Guelmim - Es-Semara","Guelmim","Guelmim",2018,4211.31787109375
"Guelmim - Es-Semara","Guelmim","Guelmim",2019,4483.67578125
"Guelmim - Es-Semara","Guelmim","Guelmim",2020,4795.6962890625
"Guelmim - Es-Semara","Guelmim","Guelmim",2021,5455.23046875
"Guelmim - Es-Semara","Guelmim","Guelmim",2022,5687.61474609375
"Guelmim - Es-Semara","Guelmim","Guelmim",2023,5776.80615234375
"Guelmim - Es-Semara","Guelmim","Guelmim",2024,5757.60107421875
"Guelmim - Es-Semara","Guelmim","NA (Bouizakarne)",2012,1.42119801044464
"Guelmim - Es-Semara","Guelmim","NA (Bouizakarne)",2013,0.892712652683258
"Guelmim - Es-Semara","Guelmim","NA (Bouizakarne)",2014,2.32056212425232
"Guelmim - Es-Semara","Guelmim","NA (Bouizakarne)",2015,1.65758144855499
"Guelmim - Es-Semara","Guelmim","NA (Bouizakarne)",2016,41.2529678344727
"Guelmim - Es-Semara","Guelmim","NA (Bouizakarne)",2017,40.0628929138184
"Guelmim - Es-Semara","Guelmim","NA (Bouizakarne)",2018,34.6772117614746
"Guelmim - Es-Semara","Guelmim","NA (Bouizakarne)",2019,35.6006393432617
"Guelmim - Es-Semara","Guelmim","NA (Bouizakarne)",2020,48.1606788635254
"Guelmim - Es-Semara","Guelmim","NA (Bouizakarne)",2021,50.8080749511719
"Guelmim - Es-Semara","Guelmim","NA (Bouizakarne)",2022,53.5483818054199
"Guelmim - Es-Semara","Guelmim","NA (Bouizakarne)",2023,53.3726997375488
"Guelmim - Es-Semara","Guelmim","NA (Bouizakarne)",2024,48.5289916992188
"Guelmim - Es-Semara","Guelmim","NA (Guelmim)",2012,39.462947845459
"Guelmim - Es-Semara","Guelmim","NA (Guelmim)",2013,29.6447257995605
"Guelmim - Es-Semara","Guelmim","NA (Guelmim)",2014,37.1792907714844
"Guelmim - Es-Semara","Guelmim","NA (Guelmim)",2015,32.1037864685059
"Guelmim - Es-Semara","Guelmim","NA (Guelmim)",2016,40.093921661377
"Guelmim - Es-Semara","Guelmim","NA (Guelmim)",2017,33.0240898132324
"Guelmim - Es-Semara","Guelmim","NA (Guelmim)",2018,29.8394908905029
"Guelmim - Es-Semara","Guelmim","NA (Guelmim)",2019,29.9085807800293
"Guelmim - Es-Semara","Guelmim","NA (Guelmim)",2020,35.4711494445801
"Guelmim - Es-Semara","Guelmim","NA (Guelmim)",2021,45.9927711486816
"Guelmim - Es-Semara","Guelmim","NA (Guelmim)",2022,70.4289321899414
"Guelmim - Es-Semara","Guelmim","NA (Guelmim)",2023,76.9562225341797
"Guelmim - Es-Semara","Guelmim","NA (Guelmim)",2024,49.5350914001465
"Guelmim - Es-Semara","Tan-Tan","Msied",2012,92.0407791137695
"Guelmim - Es-Semara","Tan-Tan","Msied",2013,93.6720428466797
"Guelmim - Es-Semara","Tan-Tan","Msied",2014,99.8977508544922
"Guelmim - Es-Semara","Tan-Tan","Msied",2015,91.4412994384766
"Guelmim - Es-Semara","Tan-Tan","Msied",2016,99.4821243286133
"Guelmim - Es-Semara","Tan-Tan","Msied",2017,115.054756164551
"Guelmim - Es-Semara","Tan-Tan","Msied",2018,106.09992980957
"Guelmim - Es-Semara","Tan-Tan","Msied",2019,130.45361328125
"Guelmim - Es-Semara","Tan-Tan","Msied",2020,128.228744506836
"Guelmim - Es-Semara","Tan-Tan","Msied",2021,138.443618774414
"Guelmim - Es-Semara","Tan-Tan","Msied",2022,174.61474609375
"Guelmim - Es-Semara","Tan-Tan","Msied",2023,163.765686035156
"Guelmim - Es-Semara","Tan-Tan","Msied",2024,114.212341308594
"Guelmim - Es-Semara","Tan-Tan","NA (El Ouatia)",2012,799.323974609375
"Guelmim - Es-Semara","Tan-Tan","NA (El Ouatia)",2013,770.330871582031
"Guelmim - Es-Semara","Tan-Tan","NA (El Ouatia)",2014,677.299011230469
"Guelmim - Es-Semara","Tan-Tan","NA (El Ouatia)",2015,731.328552246094
"Guelmim - Es-Semara","Tan-Tan","NA (El Ouatia)",2016,730.117309570312
"Guelmim - Es-Semara","Tan-Tan","NA (El Ouatia)",2017,952.475524902344
"Guelmim - Es-Semara","Tan-Tan","NA (El Ouatia)",2018,986.609924316406
"Guelmim - Es-Semara","Tan-Tan","NA (El Ouatia)",2019,1040.27783203125
"Guelmim - Es-Semara","Tan-Tan","NA (El Ouatia)",2020,931.271484375
"Guelmim - Es-Semara","Tan-Tan","NA (El Ouatia)",2021,1230.65905761719
"Guelmim - Es-Semara","Tan-Tan","NA (El Ouatia)",2022,1130.59399414062
"Guelmim - Es-Semara","Tan-Tan","NA (El Ouatia)",2023,1009.41674804688
"Guelmim - Es-Semara","Tan-Tan","NA (El Ouatia)",2024,912.023986816406
"Guelmim - Es-Semara","Tan-Tan","NA (Tan-Tan)",2012,0
"Guelmim - Es-Semara","Tan-Tan","NA (Tan-Tan)",2013,0
"Guelmim - Es-Semara","Tan-Tan","NA (Tan-Tan)",2014,0
"Guelmim - Es-Semara","Tan-Tan","NA (Tan-Tan)",2015,0
"Guelmim - Es-Semara","Tan-Tan","NA (Tan-Tan)",2016,0
"Guelmim - Es-Semara","Tan-Tan","NA (Tan-Tan)",2017,0
"Guelmim - Es-Semara","Tan-Tan","NA (Tan-Tan)",2018,0
"Guelmim - Es-Semara","Tan-Tan","NA (Tan-Tan)",2019,0
"Guelmim - Es-Semara","Tan-Tan","NA (Tan-Tan)",2020,0
"Guelmim - Es-Semara","Tan-Tan","NA (Tan-Tan)",2021,0
"Guelmim - Es-Semara","Tan-Tan","NA (Tan-Tan)",2022,0
"Guelmim - Es-Semara","Tan-Tan","NA (Tan-Tan)",2023,0
"Guelmim - Es-Semara","Tan-Tan","NA (Tan-Tan)",2024,0
"Guelmim - Es-Semara","Tan-Tan","Tan-Tan",2012,1910.52954101562
"Guelmim - Es-Semara","Tan-Tan","Tan-Tan",2013,1834.91552734375
"Guelmim - Es-Semara","Tan-Tan","Tan-Tan",2014,1766.09704589844
"Guelmim - Es-Semara","Tan-Tan","Tan-Tan",2015,2158.46533203125
"Guelmim - Es-Semara","Tan-Tan","Tan-Tan",2016,2192.25708007812
"Guelmim - Es-Semara","Tan-Tan","Tan-Tan",2017,2063.19287109375
"Guelmim - Es-Semara","Tan-Tan","Tan-Tan",2018,2099.66186523438
"Guelmim - Es-Semara","Tan-Tan","Tan-Tan",2019,2195.9423828125
"Guelmim - Es-Semara","Tan-Tan","Tan-Tan",2020,2484.0615234375
"Guelmim - Es-Semara","Tan-Tan","Tan-Tan",2021,2401.9169921875
"Guelmim - Es-Semara","Tan-Tan","Tan-Tan",2022,2324.93286132812
"Guelmim - Es-Semara","Tan-Tan","Tan-Tan",2023,2335.8828125
"Guelmim - Es-Semara","Tan-Tan","Tan-Tan",2024,2073.10424804688
"Guelmim - Es-Semara","Tata","Akka",2012,151.808135986328
"Guelmim - Es-Semara","Tata","Akka",2013,155.784332275391
"Guelmim - Es-Semara","Tata","Akka",2014,233.62060546875
"Guelmim - Es-Semara","Tata","Akka",2015,227.981231689453
"Guelmim - Es-Semara","Tata","Akka",2016,232.815765380859
"Guelmim - Es-Semara","Tata","Akka",2017,359.343322753906
"Guelmim - Es-Semara","Tata","Akka",2018,363.27880859375
"Guelmim - Es-Semara","Tata","Akka",2019,386.914703369141
"Guelmim - Es-Semara","Tata","Akka",2020,379.79833984375
"Guelmim - Es-Semara","Tata","Akka",2021,393.525268554688
"Guelmim - Es-Semara","Tata","Akka",2022,392.771270751953
"Guelmim - Es-Semara","Tata","Akka",2023,401.733947753906
"Guelmim - Es-Semara","Tata","Akka",2024,349.908081054688
"Guelmim - Es-Semara","Tata","Foum Zguid",2012,92.4787368774414
"Guelmim - Es-Semara","Tata","Foum Zguid",2013,84.408447265625
"Guelmim - Es-Semara","Tata","Foum Zguid",2014,143.677963256836
"Guelmim - Es-Semara","Tata","Foum Zguid",2015,177.580184936523
"Guelmim - Es-Semara","Tata","Foum Zguid",2016,215.919189453125
"Guelmim - Es-Semara","Tata","Foum Zguid",2017,185.307342529297
"Guelmim - Es-Semara","Tata","Foum Zguid",2018,177.918502807617
"Guelmim - Es-Semara","Tata","Foum Zguid",2019,161.028442382812
"Guelmim - Es-Semara","Tata","Foum Zguid",2020,163.79817199707
"Guelmim - Es-Semara","Tata","Foum Zguid",2021,290.061096191406
"Guelmim - Es-Semara","Tata","Foum Zguid",2022,290.705841064453
"Guelmim - Es-Semara","Tata","Foum Zguid",2023,249.763717651367
"Guelmim - Es-Semara","Tata","Foum Zguid",2024,283.361846923828
"Guelmim - Es-Semara","Tata","NA (Akka)",2012,130.074844360352
"Guelmim - Es-Semara","Tata","NA (Akka)",2013,146.299896240234
"Guelmim - Es-Semara","Tata","NA (Akka)",2014,148.601959228516
"Guelmim - Es-Semara","Tata","NA (Akka)",2015,215.18196105957
"Guelmim - Es-Semara","Tata","NA (Akka)",2016,194.17204284668
"Guelmim - Es-Semara","Tata","NA (Akka)",2017,193.230743408203
"Guelmim - Es-Semara","Tata","NA (Akka)",2018,213.288864135742
"Guelmim - Es-Semara","Tata","NA (Akka)",2019,199.01155090332
"Guelmim - Es-Semara","Tata","NA (Akka)",2020,243.498443603516
"Guelmim - Es-Semara","Tata","NA (Akka)",2021,303.542846679688
"Guelmim - Es-Semara","Tata","NA (Akka)",2022,386.522064208984
"Guelmim - Es-Semara","Tata","NA (Akka)",2023,323.460876464844
"Guelmim - Es-Semara","Tata","NA (Akka)",2024,272.285552978516
"Guelmim - Es-Semara","Tata","NA (Fam El Hisn)",2012,22.8990383148193
"Guelmim - Es-Semara","Tata","NA (Fam El Hisn)",2013,26.7068099975586
"Guelmim - Es-Semara","Tata","NA (Fam El Hisn)",2014,27.6620903015137
"Guelmim - Es-Semara","Tata","NA (Fam El Hisn)",2015,25.6430740356445
"Guelmim - Es-Semara","Tata","NA (Fam El Hisn)",2016,26.4936904907227
"Guelmim - Es-Semara","Tata","NA (Fam El Hisn)",2017,24.5043659210205
"Guelmim - Es-Semara","Tata","NA (Fam El Hisn)",2018,26.5743541717529
"Guelmim - Es-Semara","Tata","NA (Fam El Hisn)",2019,24.6458377838135
"Guelmim - Es-Semara","Tata","NA (Fam El Hisn)",2020,21.365406036377
"Guelmim - Es-Semara","Tata","NA (Fam El Hisn)",2021,31.1609535217285
"Guelmim - Es-Semara","Tata","NA (Fam El Hisn)",2022,46.4323654174805
"Guelmim - Es-Semara","Tata","NA (Fam El Hisn)",2023,59.0065422058105
"Guelmim - Es-Semara","Tata","NA (Fam El Hisn)",2024,55.1089706420898
"Guelmim - Es-Semara","Tata","NA (Foum Zguid)",2012,0
"Guelmim - Es-Semara","Tata","NA (Foum Zguid)",2013,0
"Guelmim - Es-Semara","Tata","NA (Foum Zguid)",2014,0.0877707302570343
"Guelmim - Es-Semara","Tata","NA (Foum Zguid)",2015,0
"Guelmim - Es-Semara","Tata","NA (Foum Zguid)",2016,0
"Guelmim - Es-Semara","Tata","NA (Foum Zguid)",2017,0
"Guelmim - Es-Semara","Tata","NA (Foum Zguid)",2018,0.0980977192521095
"Guelmim - Es-Semara","Tata","NA (Foum Zguid)",2019,0.103274919092655
"Guelmim - Es-Semara","Tata","NA (Foum Zguid)",2020,0.10572012513876
"Guelmim - Es-Semara","Tata","NA (Foum Zguid)",2021,2.97004222869873
"Guelmim - Es-Semara","Tata","NA (Foum Zguid)",2022,3.95289325714111
"Guelmim - Es-Semara","Tata","NA (Foum Zguid)",2023,6.63512325286865
"Guelmim - Es-Semara","Tata","NA (Foum Zguid)",2024,3.93106245994568
"Guelmim - Es-Semara","Tata","NA (Tata)",2012,569.239562988281
"Guelmim - Es-Semara","Tata","NA (Tata)",2013,639.6630859375
"Guelmim - Es-Semara","Tata","NA (Tata)",2014,738.123413085938
"Guelmim - Es-Semara","Tata","NA (Tata)",2015,873.830810546875
"Guelmim - Es-Semara","Tata","NA (Tata)",2016,795.455932617188
"Guelmim - Es-Semara","Tata","NA (Tata)",2017,939.917724609375
"Guelmim - Es-Semara","Tata","NA (Tata)",2018,892.072631835938
"Guelmim - Es-Semara","Tata","NA (Tata)",2019,872.962585449219
"Guelmim - Es-Semara","Tata","NA (Tata)",2020,950.86572265625
"Guelmim - Es-Semara","Tata","NA (Tata)",2021,1055.53308105469
"Guelmim - Es-Semara","Tata","NA (Tata)",2022,1054.30944824219
"Guelmim - Es-Semara","Tata","NA (Tata)",2023,904.549865722656
"Guelmim - Es-Semara","Tata","NA (Tata)",2024,992.23583984375
"Guelmim - Es-Semara","Tata","Tata",2012,19.0468044281006
"Guelmim - Es-Semara","Tata","Tata",2013,6.76918935775757
"Guelmim - Es-Semara","Tata","Tata",2014,12.4753160476685
"Guelmim - Es-Semara","Tata","Tata",2015,36.6152725219727
"Guelmim - Es-Semara","Tata","Tata",2016,27.8116493225098
"Guelmim - Es-Semara","Tata","Tata",2017,34.4865875244141
"Guelmim - Es-Semara","Tata","Tata",2018,34.9756889343262
"Guelmim - Es-Semara","Tata","Tata",2019,45.6610946655273
"Guelmim - Es-Semara","Tata","Tata",2020,46.341796875
"Guelmim - Es-Semara","Tata","Tata",2021,50.9675331115723
"Guelmim - Es-Semara","Tata","Tata",2022,67.6547317504883
"Guelmim - Es-Semara","Tata","Tata",2023,55.9780960083008
"Guelmim - Es-Semara","Tata","Tata",2024,50.7124290466309
"Laâyoune - Boujdour - Sakia El H","Laâyoune","Tarfaya",2012,468.796081542969
"Laâyoune - Boujdour - Sakia El H","Laâyoune","Tarfaya",2013,596.261352539062
"Laâyoune - Boujdour - Sakia El H","Laâyoune","Tarfaya",2014,683.045959472656
"Laâyoune - Boujdour - Sakia El H","Laâyoune","Tarfaya",2015,668.620971679688
"Laâyoune - Boujdour - Sakia El H","Laâyoune","Tarfaya",2016,630.195556640625
"Laâyoune - Boujdour - Sakia El H","Laâyoune","Tarfaya",2017,740.470642089844
"Laâyoune - Boujdour - Sakia El H","Laâyoune","Tarfaya",2018,633.390319824219
"Laâyoune - Boujdour - Sakia El H","Laâyoune","Tarfaya",2019,651.75830078125
"Laâyoune - Boujdour - Sakia El H","Laâyoune","Tarfaya",2020,631.722351074219
"Laâyoune - Boujdour - Sakia El H","Laâyoune","Tarfaya",2021,736.73779296875
"Laâyoune - Boujdour - Sakia El H","Laâyoune","Tarfaya",2022,915.185607910156
"Laâyoune - Boujdour - Sakia El H","Laâyoune","Tarfaya",2023,1042.43041992188
"Laâyoune - Boujdour - Sakia El H","Laâyoune","Tarfaya",2024,902.789001464844
"Marrakech - Tensift - Al Haouz","Al Haouz","Ait Ourir",2012,593.403564453125
"Marrakech - Tensift - Al Haouz","Al Haouz","Ait Ourir",2013,605.807983398438
"Marrakech - Tensift - Al Haouz","Al Haouz","Ait Ourir",2014,1003.81359863281
"Marrakech - Tensift - Al Haouz","Al Haouz","Ait Ourir",2015,1268.57421875
"Marrakech - Tensift - Al Haouz","Al Haouz","Ait Ourir",2016,1513.48937988281
"Marrakech - Tensift - Al Haouz","Al Haouz","Ait Ourir",2017,1594.45166015625
"Marrakech - Tensift - Al Haouz","Al Haouz","Ait Ourir",2018,1414.50390625
"Marrakech - Tensift - Al Haouz","Al Haouz","Ait Ourir",2019,1565.17529296875
"Marrakech - Tensift - Al Haouz","Al Haouz","Ait Ourir",2020,1292.31921386719
"Marrakech - Tensift - Al Haouz","Al Haouz","Ait Ourir",2021,1511.20300292969
"Marrakech - Tensift - Al Haouz","Al Haouz","Ait Ourir",2022,2030.02795410156
"Marrakech - Tensift - Al Haouz","Al Haouz","Ait Ourir",2023,2233.6640625
"Marrakech - Tensift - Al Haouz","Al Haouz","Ait Ourir",2024,1971.51123046875
"Marrakech - Tensift - Al Haouz","Al Haouz","Amizmiz",2012,332.849822998047
"Marrakech - Tensift - Al Haouz","Al Haouz","Amizmiz",2013,352.464660644531
"Marrakech - Tensift - Al Haouz","Al Haouz","Amizmiz",2014,471.238525390625
"Marrakech - Tensift - Al Haouz","Al Haouz","Amizmiz",2015,668.388549804688
"Marrakech - Tensift - Al Haouz","Al Haouz","Amizmiz",2016,668.333984375
"Marrakech - Tensift - Al Haouz","Al Haouz","Amizmiz",2017,588.183715820312
"Marrakech - Tensift - Al Haouz","Al Haouz","Amizmiz",2018,494.725830078125
"Marrakech - Tensift - Al Haouz","Al Haouz","Amizmiz",2019,572.316101074219
"Marrakech - Tensift - Al Haouz","Al Haouz","Amizmiz",2020,512.707580566406
"Marrakech - Tensift - Al Haouz","Al Haouz","Amizmiz",2021,490.163208007812
"Marrakech - Tensift - Al Haouz","Al Haouz","Amizmiz",2022,570.425048828125
"Marrakech - Tensift - Al Haouz","Al Haouz","Amizmiz",2023,639.553039550781
"Marrakech - Tensift - Al Haouz","Al Haouz","Amizmiz",2024,592.859497070312
"Marrakech - Tensift - Al Haouz","Al Haouz","Asni",2012,63.5728530883789
"Marrakech - Tensift - Al Haouz","Al Haouz","Asni",2013,54.9660339355469
"Marrakech - Tensift - Al Haouz","Al Haouz","Asni",2014,104.204765319824
"Marrakech - Tensift - Al Haouz","Al Haouz","Asni",2015,180.055282592773
"Marrakech - Tensift - Al Haouz","Al Haouz","Asni",2016,176.152603149414
"Marrakech - Tensift - Al Haouz","Al Haouz","Asni",2017,157.749099731445
"Marrakech - Tensift - Al Haouz","Al Haouz","Asni",2018,136.390319824219
"Marrakech - Tensift - Al Haouz","Al Haouz","Asni",2019,141.648849487305
"Marrakech - Tensift - Al Haouz","Al Haouz","Asni",2020,83.3928070068359
"Marrakech - Tensift - Al Haouz","Al Haouz","Asni",2021,93.6436614990234
"Marrakech - Tensift - Al Haouz","Al Haouz","Asni",2022,135.705780029297
"Marrakech - Tensift - Al Haouz","Al Haouz","Asni",2023,178.33088684082
"Marrakech - Tensift - Al Haouz","Al Haouz","Asni",2024,202.246398925781
"Marrakech - Tensift - Al Haouz","Al Haouz","NA (Ait Ourir)",2012,443.472839355469
"Marrakech - Tensift - Al Haouz","Al Haouz","NA (Ait Ourir)",2013,469.209747314453
"Marrakech - Tensift - Al Haouz","Al Haouz","NA (Ait Ourir)",2014,483.785278320312
"Marrakech - Tensift - Al Haouz","Al Haouz","NA (Ait Ourir)",2015,685.871337890625
"Marrakech - Tensift - Al Haouz","Al Haouz","NA (Ait Ourir)",2016,834.535095214844
"Marrakech - Tensift - Al Haouz","Al Haouz","NA (Ait Ourir)",2017,784.869262695312
"Marrakech - Tensift - Al Haouz","Al Haouz","NA (Ait Ourir)",2018,816.343078613281
"Marrakech - Tensift - Al Haouz","Al Haouz","NA (Ait Ourir)",2019,847.562561035156
"Marrakech - Tensift - Al Haouz","Al Haouz","NA (Ait Ourir)",2020,822.542846679688
"Marrakech - Tensift - Al Haouz","Al Haouz","NA (Ait Ourir)",2021,761.669677734375
"Marrakech - Tensift - Al Haouz","Al Haouz","NA (Ait Ourir)",2022,691.379638671875
"Marrakech - Tensift - Al Haouz","Al Haouz","NA (Ait Ourir)",2023,604.716003417969
"Marrakech - Tensift - Al Haouz","Al Haouz","NA (Ait Ourir)",2024,536.010925292969
"Marrakech - Tensift - Al Haouz","Al Haouz","Tahannaout",2012,1210.61303710938
"Marrakech - Tensift - Al Haouz","Al Haouz","Tahannaout",2013,1373.79028320312
"Marrakech - Tensift - Al Haouz","Al Haouz","Tahannaout",2014,1998.267578125
"Marrakech - Tensift - Al Haouz","Al Haouz","Tahannaout",2015,1910.92651367188
"Marrakech - Tensift - Al Haouz","Al Haouz","Tahannaout",2016,1929.72216796875
"Marrakech - Tensift - Al Haouz","Al Haouz","Tahannaout",2017,1935.50390625
"Marrakech - Tensift - Al Haouz","Al Haouz","Tahannaout",2018,1747.43737792969
"Marrakech - Tensift - Al Haouz","Al Haouz","Tahannaout",2019,1793.70532226562
"Marrakech - Tensift - Al Haouz","Al Haouz","Tahannaout",2020,1666.62109375
"Marrakech - Tensift - Al Haouz","Al Haouz","Tahannaout",2021,1895.89855957031
"Marrakech - Tensift - Al Haouz","Al Haouz","Tahannaout",2022,2173.20483398438
"Marrakech - Tensift - Al Haouz","Al Haouz","Tahannaout",2023,2321.93286132812
"Marrakech - Tensift - Al Haouz","Al Haouz","Tahannaout",2024,2457.91650390625
"Marrakech - Tensift - Al Haouz","Chichaoua","Chichaoua",2012,1714.61279296875
"Marrakech - Tensift - Al Haouz","Chichaoua","Chichaoua",2013,1667.22509765625
"Marrakech - Tensift - Al Haouz","Chichaoua","Chichaoua",2014,1706.84191894531
"Marrakech - Tensift - Al Haouz","Chichaoua","Chichaoua",2015,1709.80615234375
"Marrakech - Tensift - Al Haouz","Chichaoua","Chichaoua",2016,2086.92822265625
"Marrakech - Tensift - Al Haouz","Chichaoua","Chichaoua",2017,2236.69506835938
"Marrakech - Tensift - Al Haouz","Chichaoua","Chichaoua",2018,2241.73193359375
"Marrakech - Tensift - Al Haouz","Chichaoua","Chichaoua",2019,2296.7763671875
"Marrakech - Tensift - Al Haouz","Chichaoua","Chichaoua",2020,2198.03515625
"Marrakech - Tensift - Al Haouz","Chichaoua","Chichaoua",2021,2248.19702148438
"Marrakech - Tensift - Al Haouz","Chichaoua","Chichaoua",2022,2591.04370117188
"Marrakech - Tensift - Al Haouz","Chichaoua","Chichaoua",2023,2783.45678710938
"Marrakech - Tensift - Al Haouz","Chichaoua","Chichaoua",2024,2600.60913085938
"Marrakech - Tensift - Al Haouz","Chichaoua","Imintanoute",2012,398.826904296875
"Marrakech - Tensift - Al Haouz","Chichaoua","Imintanoute",2013,303.138732910156
"Marrakech - Tensift - Al Haouz","Chichaoua","Imintanoute",2014,349.451629638672
"Marrakech - Tensift - Al Haouz","Chichaoua","Imintanoute",2015,305.697235107422
"Marrakech - Tensift - Al Haouz","Chichaoua","Imintanoute",2016,308.283447265625
"Marrakech - Tensift - Al Haouz","Chichaoua","Imintanoute",2017,303.643402099609
"Marrakech - Tensift - Al Haouz","Chichaoua","Imintanoute",2018,280.385162353516
"Marrakech - Tensift - Al Haouz","Chichaoua","Imintanoute",2019,334.011962890625
"Marrakech - Tensift - Al Haouz","Chichaoua","Imintanoute",2020,338.01953125
"Marrakech - Tensift - Al Haouz","Chichaoua","Imintanoute",2021,341.976257324219
"Marrakech - Tensift - Al Haouz","Chichaoua","Imintanoute",2022,483.468811035156
"Marrakech - Tensift - Al Haouz","Chichaoua","Imintanoute",2023,646.998718261719
"Marrakech - Tensift - Al Haouz","Chichaoua","Imintanoute",2024,589.498046875
"Marrakech - Tensift - Al Haouz","Chichaoua","Majjat",2012,258.047149658203
"Marrakech - Tensift - Al Haouz","Chichaoua","Majjat",2013,216.927642822266
"Marrakech - Tensift - Al Haouz","Chichaoua","Majjat",2014,320.952850341797
"Marrakech - Tensift - Al Haouz","Chichaoua","Majjat",2015,302.430236816406
"Marrakech - Tensift - Al Haouz","Chichaoua","Majjat",2016,378.52099609375
"Marrakech - Tensift - Al Haouz","Chichaoua","Majjat",2017,297.672821044922
"Marrakech - Tensift - Al Haouz","Chichaoua","Majjat",2018,219.561676025391
"Marrakech - Tensift - Al Haouz","Chichaoua","Majjat",2019,254.372268676758
"Marrakech - Tensift - Al Haouz","Chichaoua","Majjat",2020,248.957473754883
"Marrakech - Tensift - Al Haouz","Chichaoua","Majjat",2021,409.972442626953
"Marrakech - Tensift - Al Haouz","Chichaoua","Majjat",2022,555.655883789062
"Marrakech - Tensift - Al Haouz","Chichaoua","Majjat",2023,688.78564453125
"Marrakech - Tensift - Al Haouz","Chichaoua","Majjat",2024,572.46875
"Marrakech - Tensift - Al Haouz","Chichaoua","Mtouga",2012,333.510925292969
"Marrakech - Tensift - Al Haouz","Chichaoua","Mtouga",2013,246.271209716797
"Marrakech - Tensift - Al Haouz","Chichaoua","Mtouga",2014,282.871734619141
"Marrakech - Tensift - Al Haouz","Chichaoua","Mtouga",2015,288.717926025391
"Marrakech - Tensift - Al Haouz","Chichaoua","Mtouga",2016,332.763397216797
"Marrakech - Tensift - Al Haouz","Chichaoua","Mtouga",2017,265.290649414062
"Marrakech - Tensift - Al Haouz","Chichaoua","Mtouga",2018,214.403457641602
"Marrakech - Tensift - Al Haouz","Chichaoua","Mtouga",2019,201.493713378906
"Marrakech - Tensift - Al Haouz","Chichaoua","Mtouga",2020,163.544311523438
"Marrakech - Tensift - Al Haouz","Chichaoua","Mtouga",2021,229.839889526367
"Marrakech - Tensift - Al Haouz","Chichaoua","Mtouga",2022,416.491882324219
"Marrakech - Tensift - Al Haouz","Chichaoua","Mtouga",2023,580.00732421875
"Marrakech - Tensift - Al Haouz","Chichaoua","Mtouga",2024,413.201782226562
"Marrakech - Tensift - Al Haouz","Chichaoua","NA (Chichaoua)",2012,471.616638183594
"Marrakech - Tensift - Al Haouz","Chichaoua","NA (Chichaoua)",2013,504.324127197266
"Marrakech - Tensift - Al Haouz","Chichaoua","NA (Chichaoua)",2014,498.283721923828
"Marrakech - Tensift - Al Haouz","Chichaoua","NA (Chichaoua)",2015,482.629089355469
"Marrakech - Tensift - Al Haouz","Chichaoua","NA (Chichaoua)",2016,633.578796386719
"Marrakech - Tensift - Al Haouz","Chichaoua","NA (Chichaoua)",2017,633.663757324219
"Marrakech - Tensift - Al Haouz","Chichaoua","NA (Chichaoua)",2018,625.13916015625
"Marrakech - Tensift - Al Haouz","Chichaoua","NA (Chichaoua)",2019,846.373596191406
"Marrakech - Tensift - Al Haouz","Chichaoua","NA (Chichaoua)",2020,794.62890625
"Marrakech - Tensift - Al Haouz","Chichaoua","NA (Chichaoua)",2021,847.857543945312
"Marrakech - Tensift - Al Haouz","Chichaoua","NA (Chichaoua)",2022,819.675170898438
"Marrakech - Tensift - Al Haouz","Chichaoua","NA (Chichaoua)",2023,757.302917480469
"Marrakech - Tensift - Al Haouz","Chichaoua","NA (Chichaoua)",2024,765.23046875
"Marrakech - Tensift - Al Haouz","Chichaoua","NA (Imintanoute)",2012,650.875183105469
"Marrakech - Tensift - Al Haouz","Chichaoua","NA (Imintanoute)",2013,849.3505859375
"Marrakech - Tensift - Al Haouz","Chichaoua","NA (Imintanoute)",2014,829.806884765625
"Marrakech - Tensift - Al Haouz","Chichaoua","NA (Imintanoute)",2015,781.276428222656
"Marrakech - Tensift - Al Haouz","Chichaoua","NA (Imintanoute)",2016,851.702453613281
"Marrakech - Tensift - Al Haouz","Chichaoua","NA (Imintanoute)",2017,756.600341796875
"Marrakech - Tensift - Al Haouz","Chichaoua","NA (Imintanoute)",2018,660.47802734375
"Marrakech - Tensift - Al Haouz","Chichaoua","NA (Imintanoute)",2019,751.631225585938
"Marrakech - Tensift - Al Haouz","Chichaoua","NA (Imintanoute)",2020,765.228698730469
"Marrakech - Tensift - Al Haouz","Chichaoua","NA (Imintanoute)",2021,743.132873535156
"Marrakech - Tensift - Al Haouz","Chichaoua","NA (Imintanoute)",2022,870.049255371094
"Marrakech - Tensift - Al Haouz","Chichaoua","NA (Imintanoute)",2023,942.560913085938
"Marrakech - Tensift - Al Haouz","Chichaoua","NA (Imintanoute)",2024,858.439208984375
"Marrakech - Tensift - Al Haouz","El Kelaâ des Sraghna","El Kelaa Sr",2012,2578.96118164062
"Marrakech - Tensift - Al Haouz","El Kelaâ des Sraghna","El Kelaa Sr",2013,2679.51708984375
"Marrakech - Tensift - Al Haouz","El Kelaâ des Sraghna","El Kelaa Sr",2014,2889.17822265625
"Marrakech - Tensift - Al Haouz","El Kelaâ des Sraghna","El Kelaa Sr",2015,2887.54418945312
"Marrakech - Tensift - Al Haouz","El Kelaâ des Sraghna","El Kelaa Sr",2016,2911.95263671875
"Marrakech - Tensift - Al Haouz","El Kelaâ des Sraghna","El Kelaa Sr",2017,3197.36938476562
"Marrakech - Tensift - Al Haouz","El Kelaâ des Sraghna","El Kelaa Sr",2018,3170.01538085938
"Marrakech - Tensift - Al Haouz","El Kelaâ des Sraghna","El Kelaa Sr",2019,3727.32543945312
"Marrakech - Tensift - Al Haouz","El Kelaâ des Sraghna","El Kelaa Sr",2020,3348.45776367188
"Marrakech - Tensift - Al Haouz","El Kelaâ des Sraghna","El Kelaa Sr",2021,3327.08642578125
"Marrakech - Tensift - Al Haouz","El Kelaâ des Sraghna","El Kelaa Sr",2022,4234.85400390625
"Marrakech - Tensift - Al Haouz","El Kelaâ des Sraghna","El Kelaa Sr",2023,4716.20947265625
"Marrakech - Tensift - Al Haouz","El Kelaâ des Sraghna","El Kelaa Sr",2024,4238.17138671875
"Marrakech - Tensift - Al Haouz","El Kelaâ des Sraghna","Laattaouia",2012,2110.4482421875
"Marrakech - Tensift - Al Haouz","El Kelaâ des Sraghna","Laattaouia",2013,2220.60986328125
"Marrakech - Tensift - Al Haouz","El Kelaâ des Sraghna","Laattaouia",2014,2876.86108398438
"Marrakech - Tensift - Al Haouz","El Kelaâ des Sraghna","Laattaouia",2015,3349.56372070312
"Marrakech - Tensift - Al Haouz","El Kelaâ des Sraghna","Laattaouia",2016,3273.09252929688
"Marrakech - Tensift - Al Haouz","El Kelaâ des Sraghna","Laattaouia",2017,3541.4638671875
"Marrakech - Tensift - Al Haouz","El Kelaâ des Sraghna","Laattaouia",2018,3535.04077148438
"Marrakech - Tensift - Al Haouz","El Kelaâ des Sraghna","Laattaouia",2019,3799.38232421875
"Marrakech - Tensift - Al Haouz","El Kelaâ des Sraghna","Laattaouia",2020,3370.8427734375
"Marrakech - Tensift - Al Haouz","El Kelaâ des Sraghna","Laattaouia",2021,3354.61669921875
"Marrakech - Tensift - Al Haouz","El Kelaâ des Sraghna","Laattaouia",2022,3866.82397460938
"Marrakech - Tensift - Al Haouz","El Kelaâ des Sraghna","Laattaouia",2023,4286.880859375
"Marrakech - Tensift - Al Haouz","El Kelaâ des Sraghna","Laattaouia",2024,3691.01147460938
"Marrakech - Tensift - Al Haouz","El Kelaâ des Sraghna","NA (Ben Guerir)",2012,21.066333770752
"Marrakech - Tensift - Al Haouz","El Kelaâ des Sraghna","NA (Ben Guerir)",2013,18.7993507385254
"Marrakech - Tensift - Al Haouz","El Kelaâ des Sraghna","NA (Ben Guerir)",2014,23.1638774871826
"Marrakech - Tensift - Al Haouz","El Kelaâ des Sraghna","NA (Ben Guerir)",2015,24.2780075073242
"Marrakech - Tensift - Al Haouz","El Kelaâ des Sraghna","NA (Ben Guerir)",2016,30.393346786499
"Marrakech - Tensift - Al Haouz","El Kelaâ des Sraghna","NA (Ben Guerir)",2017,26.7097663879395
"Marrakech - Tensift - Al Haouz","El Kelaâ des Sraghna","NA (Ben Guerir)",2018,31.5392074584961
"Marrakech - Tensift - Al Haouz","El Kelaâ des Sraghna","NA (Ben Guerir)",2019,25.9299869537354
"Marrakech - Tensift - Al Haouz","El Kelaâ des Sraghna","NA (Ben Guerir)",2020,20.9683322906494
"Marrakech - Tensift - Al Haouz","El Kelaâ des Sraghna","NA (Ben Guerir)",2021,43.2943458557129
"Marrakech - Tensift - Al Haouz","El Kelaâ des Sraghna","NA (Ben Guerir)",2022,70.0919342041016
"Marrakech - Tensift - Al Haouz","El Kelaâ des Sraghna","NA (Ben Guerir)",2023,98.415657043457
"Marrakech - Tensift - Al Haouz","El Kelaâ des Sraghna","NA (Ben Guerir)",2024,74.8741149902344
"Marrakech - Tensift - Al Haouz","El Kelaâ des Sraghna","NA (Kelaat Sraghna)",2012,1958.42431640625
"Marrakech - Tensift - Al Haouz","El Kelaâ des Sraghna","NA (Kelaat Sraghna)",2013,1991.45666503906
"Marrakech - Tensift - Al Haouz","El Kelaâ des Sraghna","NA (Kelaat Sraghna)",2014,2142.421875
"Marrakech - Tensift - Al Haouz","El Kelaâ des Sraghna","NA (Kelaat Sraghna)",2015,2038.63635253906
"Marrakech - Tensift - Al Haouz","El Kelaâ des Sraghna","NA (Kelaat Sraghna)",2016,2019.87451171875
"Marrakech - Tensift - Al Haouz","El Kelaâ des Sraghna","NA (Kelaat Sraghna)",2017,2202.0498046875
"Marrakech - Tensift - Al Haouz","El Kelaâ des Sraghna","NA (Kelaat Sraghna)",2018,1964.62390136719
"Marrakech - Tensift - Al Haouz","El Kelaâ des Sraghna","NA (Kelaat Sraghna)",2019,2090.08178710938
"Marrakech - Tensift - Al Haouz","El Kelaâ des Sraghna","NA (Kelaat Sraghna)",2020,1948.51318359375
"Marrakech - Tensift - Al Haouz","El Kelaâ des Sraghna","NA (Kelaat Sraghna)",2021,1809.02075195312
"Marrakech - Tensift - Al Haouz","El Kelaâ des Sraghna","NA (Kelaat Sraghna)",2022,1806.78649902344
"Marrakech - Tensift - Al Haouz","El Kelaâ des Sraghna","NA (Kelaat Sraghna)",2023,1902.16198730469
"Marrakech - Tensift - Al Haouz","El Kelaâ des Sraghna","NA (Kelaat Sraghna)",2024,1845.57421875
"Marrakech - Tensift - Al Haouz","El Kelaâ des Sraghna","NA (Laataouia)",2012,11.4720144271851
"Marrakech - Tensift - Al Haouz","El Kelaâ des Sraghna","NA (Laataouia)",2013,8.71376037597656
"Marrakech - Tensift - Al Haouz","El Kelaâ des Sraghna","NA (Laataouia)",2014,17.7486991882324
"Marrakech - Tensift - Al Haouz","El Kelaâ des Sraghna","NA (Laataouia)",2015,26.5984973907471
"Marrakech - Tensift - Al Haouz","El Kelaâ des Sraghna","NA (Laataouia)",2016,24.7555236816406
"Marrakech - Tensift - Al Haouz","El Kelaâ des Sraghna","NA (Laataouia)",2017,28.7187080383301
"Marrakech - Tensift - Al Haouz","El Kelaâ des Sraghna","NA (Laataouia)",2018,25.9704933166504
"Marrakech - Tensift - Al Haouz","El Kelaâ des Sraghna","NA (Laataouia)",2019,25.4075469970703
"Marrakech - Tensift - Al Haouz","El Kelaâ des Sraghna","NA (Laataouia)",2020,18.0537433624268
"Marrakech - Tensift - Al Haouz","El Kelaâ des Sraghna","NA (Laataouia)",2021,23.6325664520264
"Marrakech - Tensift - Al Haouz","El Kelaâ des Sraghna","NA (Laataouia)",2022,29.4640064239502
"Marrakech - Tensift - Al Haouz","El Kelaâ des Sraghna","NA (Laataouia)",2023,49.7818450927734
"Marrakech - Tensift - Al Haouz","El Kelaâ des Sraghna","NA (Laataouia)",2024,32.2405586242676
"Marrakech - Tensift - Al Haouz","El Kelaâ des Sraghna","NA (Sidi Rahhal)",2012,231.516693115234
"Marrakech - Tensift - Al Haouz","El Kelaâ des Sraghna","NA (Sidi Rahhal)",2013,224.686950683594
"Marrakech - Tensift - Al Haouz","El Kelaâ des Sraghna","NA (Sidi Rahhal)",2014,242.372467041016
"Marrakech - Tensift - Al Haouz","El Kelaâ des Sraghna","NA (Sidi Rahhal)",2015,243.081649780273
"Marrakech - Tensift - Al Haouz","El Kelaâ des Sraghna","NA (Sidi Rahhal)",2016,278.178863525391
"Marrakech - Tensift - Al Haouz","El Kelaâ des Sraghna","NA (Sidi Rahhal)",2017,385.994049072266
"Marrakech - Tensift - Al Haouz","El Kelaâ des Sraghna","NA (Sidi Rahhal)",2018,304.162231445312
"Marrakech - Tensift - Al Haouz","El Kelaâ des Sraghna","NA (Sidi Rahhal)",2019,279.830841064453
"Marrakech - Tensift - Al Haouz","El Kelaâ des Sraghna","NA (Sidi Rahhal)",2020,245.756576538086
"Marrakech - Tensift - Al Haouz","El Kelaâ des Sraghna","NA (Sidi Rahhal)",2021,257.322814941406
"Marrakech - Tensift - Al Haouz","El Kelaâ des Sraghna","NA (Sidi Rahhal)",2022,325.765747070312
"Marrakech - Tensift - Al Haouz","El Kelaâ des Sraghna","NA (Sidi Rahhal)",2023,337.183471679688
"Marrakech - Tensift - Al Haouz","El Kelaâ des Sraghna","NA (Sidi Rahhal)",2024,280.198577880859
"Marrakech - Tensift - Al Haouz","El Kelaâ des Sraghna","NA (Tamallalt)",2012,49.9483909606934
"Marrakech - Tensift - Al Haouz","El Kelaâ des Sraghna","NA (Tamallalt)",2013,35.4391441345215
"Marrakech - Tensift - Al Haouz","El Kelaâ des Sraghna","NA (Tamallalt)",2014,49.2913856506348
"Marrakech - Tensift - Al Haouz","El Kelaâ des Sraghna","NA (Tamallalt)",2015,107.601104736328
"Marrakech - Tensift - Al Haouz","El Kelaâ des Sraghna","NA (Tamallalt)",2016,92.9771575927734
"Marrakech - Tensift - Al Haouz","El Kelaâ des Sraghna","NA (Tamallalt)",2017,134.771347045898
"Marrakech - Tensift - Al Haouz","El Kelaâ des Sraghna","NA (Tamallalt)",2018,115.811309814453
"Marrakech - Tensift - Al Haouz","El Kelaâ des Sraghna","NA (Tamallalt)",2019,95.5755081176758
"Marrakech - Tensift - Al Haouz","El Kelaâ des Sraghna","NA (Tamallalt)",2020,101.684745788574
"Marrakech - Tensift - Al Haouz","El Kelaâ des Sraghna","NA (Tamallalt)",2021,98.4094161987305
"Marrakech - Tensift - Al Haouz","El Kelaâ des Sraghna","NA (Tamallalt)",2022,115.816314697266
"Marrakech - Tensift - Al Haouz","El Kelaâ des Sraghna","NA (Tamallalt)",2023,107.176971435547
"Marrakech - Tensift - Al Haouz","El Kelaâ des Sraghna","NA (Tamallalt)",2024,100.204055786133
"Marrakech - Tensift - Al Haouz","El Kelaâ des Sraghna","Rehamna",2012,4109.7587890625
"Marrakech - Tensift - Al Haouz","El Kelaâ des Sraghna","Rehamna",2013,5088.1865234375
"Marrakech - Tensift - Al Haouz","El Kelaâ des Sraghna","Rehamna",2014,5613.6572265625
"Marrakech - Tensift - Al Haouz","El Kelaâ des Sraghna","Rehamna",2015,5975.18896484375
"Marrakech - Tensift - Al Haouz","El Kelaâ des Sraghna","Rehamna",2016,6702.9443359375
"Marrakech - Tensift - Al Haouz","El Kelaâ des Sraghna","Rehamna",2017,7186.2021484375
"Marrakech - Tensift - Al Haouz","El Kelaâ des Sraghna","Rehamna",2018,6250.57568359375
"Marrakech - Tensift - Al Haouz","El Kelaâ des Sraghna","Rehamna",2019,7126.85009765625
"Marrakech - Tensift - Al Haouz","El Kelaâ des Sraghna","Rehamna",2020,7029.71875
"Marrakech - Tensift - Al Haouz","El Kelaâ des Sraghna","Rehamna",2021,7411.45068359375
"Marrakech - Tensift - Al Haouz","El Kelaâ des Sraghna","Rehamna",2022,8922.4404296875
"Marrakech - Tensift - Al Haouz","El Kelaâ des Sraghna","Rehamna",2023,10586.7333984375
"Marrakech - Tensift - Al Haouz","El Kelaâ des Sraghna","Rehamna",2024,11370.091796875
"Marrakech - Tensift - Al Haouz","El Kelaâ des Sraghna","Sidi Bou Ot",2012,1326.61096191406
"Marrakech - Tensift - Al Haouz","El Kelaâ des Sraghna","Sidi Bou Ot",2013,1734.609375
"Marrakech - Tensift - Al Haouz","El Kelaâ des Sraghna","Sidi Bou Ot",2014,1900.95935058594
"Marrakech - Tensift - Al Haouz","El Kelaâ des Sraghna","Sidi Bou Ot",2015,1808.52282714844
"Marrakech - Tensift - Al Haouz","El Kelaâ des Sraghna","Sidi Bou Ot",2016,1884.78955078125
"Marrakech - Tensift - Al Haouz","El Kelaâ des Sraghna","Sidi Bou Ot",2017,1877.21826171875
"Marrakech - Tensift - Al Haouz","El Kelaâ des Sraghna","Sidi Bou Ot",2018,1800.82287597656
"Marrakech - Tensift - Al Haouz","El Kelaâ des Sraghna","Sidi Bou Ot",2019,2112.11254882812
"Marrakech - Tensift - Al Haouz","El Kelaâ des Sraghna","Sidi Bou Ot",2020,2286.39306640625
"Marrakech - Tensift - Al Haouz","El Kelaâ des Sraghna","Sidi Bou Ot",2021,2432.45141601562
"Marrakech - Tensift - Al Haouz","El Kelaâ des Sraghna","Sidi Bou Ot",2022,3398.58618164062
"Marrakech - Tensift - Al Haouz","El Kelaâ des Sraghna","Sidi Bou Ot",2023,3954.83349609375
"Marrakech - Tensift - Al Haouz","El Kelaâ des Sraghna","Sidi Bou Ot",2024,4179.08251953125
"Marrakech - Tensift - Al Haouz","Essaouira","Essaouira",2012,936.772705078125
"Marrakech - Tensift - Al Haouz","Essaouira","Essaouira",2013,1018.15393066406
"Marrakech - Tensift - Al Haouz","Essaouira","Essaouira",2014,1124.16955566406
"Marrakech - Tensift - Al Haouz","Essaouira","Essaouira",2015,1167.390625
"Marrakech - Tensift - Al Haouz","Essaouira","Essaouira",2016,1040.3330078125
"Marrakech - Tensift - Al Haouz","Essaouira","Essaouira",2017,1102.35083007812
"Marrakech - Tensift - Al Haouz","Essaouira","Essaouira",2018,982.466064453125
"Marrakech - Tensift - Al Haouz","Essaouira","Essaouira",2019,1043.9140625
"Marrakech - Tensift - Al Haouz","Essaouira","Essaouira",2020,929.438232421875
"Marrakech - Tensift - Al Haouz","Essaouira","Essaouira",2021,959.8818359375
"Marrakech - Tensift - Al Haouz","Essaouira","Essaouira",2022,1285.00756835938
"Marrakech - Tensift - Al Haouz","Essaouira","Essaouira",2023,1516.38159179688
"Marrakech - Tensift - Al Haouz","Essaouira","Essaouira",2024,1504.13342285156
"Marrakech - Tensift - Al Haouz","Essaouira","NA (Ait Daoud)",2012,50.757022857666
"Marrakech - Tensift - Al Haouz","Essaouira","NA (Ait Daoud)",2013,63.1320648193359
"Marrakech - Tensift - Al Haouz","Essaouira","NA (Ait Daoud)",2014,56.4776992797852
"Marrakech - Tensift - Al Haouz","Essaouira","NA (Ait Daoud)",2015,84.0341491699219
"Marrakech - Tensift - Al Haouz","Essaouira","NA (Ait Daoud)",2016,123.783309936523
"Marrakech - Tensift - Al Haouz","Essaouira","NA (Ait Daoud)",2017,73.4751510620117
"Marrakech - Tensift - Al Haouz","Essaouira","NA (Ait Daoud)",2018,21.554759979248
"Marrakech - Tensift - Al Haouz","Essaouira","NA (Ait Daoud)",2019,17.7029647827148
"Marrakech - Tensift - Al Haouz","Essaouira","NA (Ait Daoud)",2020,30.3122959136963
"Marrakech - Tensift - Al Haouz","Essaouira","NA (Ait Daoud)",2021,63.8113327026367
"Marrakech - Tensift - Al Haouz","Essaouira","NA (Ait Daoud)",2022,65.9702301025391
"Marrakech - Tensift - Al Haouz","Essaouira","NA (Ait Daoud)",2023,83.1977462768555
"Marrakech - Tensift - Al Haouz","Essaouira","NA (Ait Daoud)",2024,84.5945205688477
"Marrakech - Tensift - Al Haouz","Essaouira","NA (El Hanchane)",2012,2.95765590667725
"Marrakech - Tensift - Al Haouz","Essaouira","NA (El Hanchane)",2013,2.39867758750916
"Marrakech - Tensift - Al Haouz","Essaouira","NA (El Hanchane)",2014,5.88865661621094
"Marrakech - Tensift - Al Haouz","Essaouira","NA (El Hanchane)",2015,3.09486961364746
"Marrakech - Tensift - Al Haouz","Essaouira","NA (El Hanchane)",2016,1.45938980579376
"Marrakech - Tensift - Al Haouz","Essaouira","NA (El Hanchane)",2017,1.14699578285217
"Marrakech - Tensift - Al Haouz","Essaouira","NA (El Hanchane)",2018,0.617713510990143
"Marrakech - Tensift - Al Haouz","Essaouira","NA (El Hanchane)",2019,0.133989244699478
"Marrakech - Tensift - Al Haouz","Essaouira","NA (El Hanchane)",2020,0.0773047283291817
"Marrakech - Tensift - Al Haouz","Essaouira","NA (El Hanchane)",2021,0.0868691205978394
"Marrakech - Tensift - Al Haouz","Essaouira","NA (El Hanchane)",2022,1.88917410373688
"Marrakech - Tensift - Al Haouz","Essaouira","NA (El Hanchane)",2023,7.34344863891602
"Marrakech - Tensift - Al Haouz","Essaouira","NA (El Hanchane)",2024,3.17470407485962
"Marrakech - Tensift - Al Haouz","Essaouira","NA (Essaouira)",2012,2222.20776367188
"Marrakech - Tensift - Al Haouz","Essaouira","NA (Essaouira)",2013,2586.54223632812
"Marrakech - Tensift - Al Haouz","Essaouira","NA (Essaouira)",2014,3089.35522460938
"Marrakech - Tensift - Al Haouz","Essaouira","NA (Essaouira)",2015,3445.74584960938
"Marrakech - Tensift - Al Haouz","Essaouira","NA (Essaouira)",2016,3086.89916992188
"Marrakech - Tensift - Al Haouz","Essaouira","NA (Essaouira)",2017,2978.50439453125
"Marrakech - Tensift - Al Haouz","Essaouira","NA (Essaouira)",2018,3083.96118164062
"Marrakech - Tensift - Al Haouz","Essaouira","NA (Essaouira)",2019,3098.90576171875
"Marrakech - Tensift - Al Haouz","Essaouira","NA (Essaouira)",2020,2833.37890625
"Marrakech - Tensift - Al Haouz","Essaouira","NA (Essaouira)",2021,2652.505859375
"Marrakech - Tensift - Al Haouz","Essaouira","NA (Essaouira)",2022,2633.88623046875
"Marrakech - Tensift - Al Haouz","Essaouira","NA (Essaouira)",2023,2817.69775390625
"Marrakech - Tensift - Al Haouz","Essaouira","NA (Essaouira)",2024,3108.73120117188
"Marrakech - Tensift - Al Haouz","Essaouira","NA (Talmest)",2012,9.93367671966553
"Marrakech - Tensift - Al Haouz","Essaouira","NA (Talmest)",2013,8.89426136016846
"Marrakech - Tensift - Al Haouz","Essaouira","NA (Talmest)",2014,7.53117418289185
"Marrakech - Tensift - Al Haouz","Essaouira","NA (Talmest)",2015,6.99275350570679
"Marrakech - Tensift - Al Haouz","Essaouira","NA (Talmest)",2016,5.44508457183838
"Marrakech - Tensift - Al Haouz","Essaouira","NA (Talmest)",2017,4.75259876251221
"Marrakech - Tensift - Al Haouz","Essaouira","NA (Talmest)",2018,4.95738315582275
"Marrakech - Tensift - Al Haouz","Essaouira","NA (Talmest)",2019,4.13767528533936
"Marrakech - Tensift - Al Haouz","Essaouira","NA (Talmest)",2020,4.0222487449646
"Marrakech - Tensift - Al Haouz","Essaouira","NA (Talmest)",2021,4.53789567947388
"Marrakech - Tensift - Al Haouz","Essaouira","NA (Talmest)",2022,8.03609848022461
"Marrakech - Tensift - Al Haouz","Essaouira","NA (Talmest)",2023,9.0635347366333
"Marrakech - Tensift - Al Haouz","Essaouira","NA (Talmest)",2024,6.24081134796143
"Marrakech - Tensift - Al Haouz","Essaouira","NA (Tamanar)",2012,91.2365570068359
"Marrakech - Tensift - Al Haouz","Essaouira","NA (Tamanar)",2013,102.661392211914
"Marrakech - Tensift - Al Haouz","Essaouira","NA (Tamanar)",2014,224.204116821289
"Marrakech - Tensift - Al Haouz","Essaouira","NA (Tamanar)",2015,187.690521240234
"Marrakech - Tensift - Al Haouz","Essaouira","NA (Tamanar)",2016,146.001647949219
"Marrakech - Tensift - Al Haouz","Essaouira","NA (Tamanar)",2017,136.976699829102
"Marrakech - Tensift - Al Haouz","Essaouira","NA (Tamanar)",2018,159.41064453125
"Marrakech - Tensift - Al Haouz","Essaouira","NA (Tamanar)",2019,179.875061035156
"Marrakech - Tensift - Al Haouz","Essaouira","NA (Tamanar)",2020,184.201187133789
"Marrakech - Tensift - Al Haouz","Essaouira","NA (Tamanar)",2021,155.502212524414
"Marrakech - Tensift - Al Haouz","Essaouira","NA (Tamanar)",2022,164.140686035156
"Marrakech - Tensift - Al Haouz","Essaouira","NA (Tamanar)",2023,190.570404052734
"Marrakech - Tensift - Al Haouz","Essaouira","NA (Tamanar)",2024,175.361953735352
"Marrakech - Tensift - Al Haouz","Essaouira","Tamanar",2012,768.488403320312
"Marrakech - Tensift - Al Haouz","Essaouira","Tamanar",2013,742.476623535156
"Marrakech - Tensift - Al Haouz","Essaouira","Tamanar",2014,1005.04516601562
"Marrakech - Tensift - Al Haouz","Essaouira","Tamanar",2015,1250.55065917969
"Marrakech - Tensift - Al Haouz","Essaouira","Tamanar",2016,1125.03979492188
"Marrakech - Tensift - Al Haouz","Essaouira","Tamanar",2017,1138.04333496094
"Marrakech - Tensift - Al Haouz","Essaouira","Tamanar",2018,1203.64343261719
"Marrakech - Tensift - Al Haouz","Essaouira","Tamanar",2019,1336.74731445312
"Marrakech - Tensift - Al Haouz","Essaouira","Tamanar",2020,1135.97509765625
"Marrakech - Tensift - Al Haouz","Essaouira","Tamanar",2021,1219.50524902344
"Marrakech - Tensift - Al Haouz","Essaouira","Tamanar",2022,1450.73596191406
"Marrakech - Tensift - Al Haouz","Essaouira","Tamanar",2023,1622.72143554688
"Marrakech - Tensift - Al Haouz","Essaouira","Tamanar",2024,1521.890625
"Marrakech - Tensift - Al Haouz","Marrakech","Bour",2012,4962.3212890625
"Marrakech - Tensift - Al Haouz","Marrakech","Bour",2013,4860.80224609375
"Marrakech - Tensift - Al Haouz","Marrakech","Bour",2014,5477.59033203125
"Marrakech - Tensift - Al Haouz","Marrakech","Bour",2015,5736.60205078125
"Marrakech - Tensift - Al Haouz","Marrakech","Bour",2016,5946.4150390625
"Marrakech - Tensift - Al Haouz","Marrakech","Bour",2017,6411.9931640625
"Marrakech - Tensift - Al Haouz","Marrakech","Bour",2018,6206.46435546875
"Marrakech - Tensift - Al Haouz","Marrakech","Bour",2019,6780.8505859375
"Marrakech - Tensift - Al Haouz","Marrakech","Bour",2020,6528.6044921875
"Marrakech - Tensift - Al Haouz","Marrakech","Bour",2021,7269.84716796875
"Marrakech - Tensift - Al Haouz","Marrakech","Bour",2022,8412.2412109375
"Marrakech - Tensift - Al Haouz","Marrakech","Bour",2023,8915.9326171875
"Marrakech - Tensift - Al Haouz","Marrakech","Bour",2024,8598.5478515625
"Marrakech - Tensift - Al Haouz","Marrakech","Loudaya",2012,7384.25390625
"Marrakech - Tensift - Al Haouz","Marrakech","Loudaya",2013,7617.787109375
"Marrakech - Tensift - Al Haouz","Marrakech","Loudaya",2014,8215.2041015625
"Marrakech - Tensift - Al Haouz","Marrakech","Loudaya",2015,8618.6962890625
"Marrakech - Tensift - Al Haouz","Marrakech","Loudaya",2016,9547.6123046875
"Marrakech - Tensift - Al Haouz","Marrakech","Loudaya",2017,10084.177734375
"Marrakech - Tensift - Al Haouz","Marrakech","Loudaya",2018,9818.5556640625
"Marrakech - Tensift - Al Haouz","Marrakech","Loudaya",2019,10406.5302734375
"Marrakech - Tensift - Al Haouz","Marrakech","Loudaya",2020,10299.7451171875
"Marrakech - Tensift - Al Haouz","Marrakech","Loudaya",2021,10022.951171875
"Marrakech - Tensift - Al Haouz","Marrakech","Loudaya",2022,9543.443359375
"Marrakech - Tensift - Al Haouz","Marrakech","Loudaya",2023,10790.66796875
"Marrakech - Tensift - Al Haouz","Marrakech","Loudaya",2024,10901.5576171875
"Marrakech - Tensift - Al Haouz","Marrakech","NA (Annakhil)",2012,5708.125
"Marrakech - Tensift - Al Haouz","Marrakech","NA (Annakhil)",2013,5427.361328125
"Marrakech - Tensift - Al Haouz","Marrakech","NA (Annakhil)",2014,5390.14990234375
"Marrakech - Tensift - Al Haouz","Marrakech","NA (Annakhil)",2015,5539.55908203125
"Marrakech - Tensift - Al Haouz","Marrakech","NA (Annakhil)",2016,5877.65673828125
"Marrakech - Tensift - Al Haouz","Marrakech","NA (Annakhil)",2017,5997.00927734375
"Marrakech - Tensift - Al Haouz","Marrakech","NA (Annakhil)",2018,5844.08154296875
"Marrakech - Tensift - Al Haouz","Marrakech","NA (Annakhil)",2019,6014.22509765625
"Marrakech - Tensift - Al Haouz","Marrakech","NA (Annakhil)",2020,5271.6767578125
"Marrakech - Tensift - Al Haouz","Marrakech","NA (Annakhil)",2021,4788.1533203125
"Marrakech - Tensift - Al Haouz","Marrakech","NA (Annakhil)",2022,4770.849609375
"Marrakech - Tensift - Al Haouz","Marrakech","NA (Annakhil)",2023,5301.619140625
"Marrakech - Tensift - Al Haouz","Marrakech","NA (Annakhil)",2024,5662.35546875
"Marrakech - Tensift - Al Haouz","Marrakech","NA (Machouar Kasba)",2012,1121.79113769531
"Marrakech - Tensift - Al Haouz","Marrakech","NA (Machouar Kasba)",2013,1119.51574707031
"Marrakech - Tensift - Al Haouz","Marrakech","NA (Machouar Kasba)",2014,1128.56005859375
"Marrakech - Tensift - Al Haouz","Marrakech","NA (Machouar Kasba)",2015,1145.99291992188
"Marrakech - Tensift - Al Haouz","Marrakech","NA (Machouar Kasba)",2016,1268.7783203125
"Marrakech - Tensift - Al Haouz","Marrakech","NA (Machouar Kasba)",2017,1339.61291503906
"Marrakech - Tensift - Al Haouz","Marrakech","NA (Machouar Kasba)",2018,1205.18615722656
"Marrakech - Tensift - Al Haouz","Marrakech","NA (Machouar Kasba)",2019,1350.2724609375
"Marrakech - Tensift - Al Haouz","Marrakech","NA (Machouar Kasba)",2020,1224.10815429688
"Marrakech - Tensift - Al Haouz","Marrakech","NA (Machouar Kasba)",2021,1212.82177734375
"Marrakech - Tensift - Al Haouz","Marrakech","NA (Machouar Kasba)",2022,1345.44897460938
"Marrakech - Tensift - Al Haouz","Marrakech","NA (Machouar Kasba)",2023,1433.25512695312
"Marrakech - Tensift - Al Haouz","Marrakech","NA (Machouar Kasba)",2024,1493.61987304688
"Marrakech - Tensift - Al Haouz","Marrakech","NA (Marrakech Medina)",2012,1794.77734375
"Marrakech - Tensift - Al Haouz","Marrakech","NA (Marrakech Medina)",2013,1727.76672363281
"Marrakech - Tensift - Al Haouz","Marrakech","NA (Marrakech Medina)",2014,1763.23986816406
"Marrakech - Tensift - Al Haouz","Marrakech","NA (Marrakech Medina)",2015,1716.63391113281
"Marrakech - Tensift - Al Haouz","Marrakech","NA (Marrakech Medina)",2016,1797.126953125
"Marrakech - Tensift - Al Haouz","Marrakech","NA (Marrakech Medina)",2017,2248.98583984375
"Marrakech - Tensift - Al Haouz","Marrakech","NA (Marrakech Medina)",2018,1815.03723144531
"Marrakech - Tensift - Al Haouz","Marrakech","NA (Marrakech Medina)",2019,1853.73254394531
"Marrakech - Tensift - Al Haouz","Marrakech","NA (Marrakech Medina)",2020,1624.35009765625
"Marrakech - Tensift - Al Haouz","Marrakech","NA (Marrakech Medina)",2021,1408.63708496094
"Marrakech - Tensift - Al Haouz","Marrakech","NA (Marrakech Medina)",2022,1420.06567382812
"Marrakech - Tensift - Al Haouz","Marrakech","NA (Marrakech Medina)",2023,1507.21569824219
"Marrakech - Tensift - Al Haouz","Marrakech","NA (Marrakech Medina)",2024,1530.07763671875
"Marrakech - Tensift - Al Haouz","Marrakech","NA (Menara Gueliz)",2012,24622.220703125
"Marrakech - Tensift - Al Haouz","Marrakech","NA (Menara Gueliz)",2013,24376.724609375
"Marrakech - Tensift - Al Haouz","Marrakech","NA (Menara Gueliz)",2014,24370.859375
"Marrakech - Tensift - Al Haouz","Marrakech","NA (Menara Gueliz)",2015,25204.822265625
"Marrakech - Tensift - Al Haouz","Marrakech","NA (Menara Gueliz)",2016,26362.80078125
"Marrakech - Tensift - Al Haouz","Marrakech","NA (Menara Gueliz)",2017,27595.78515625
"Marrakech - Tensift - Al Haouz","Marrakech","NA (Menara Gueliz)",2018,25942.072265625
"Marrakech - Tensift - Al Haouz","Marrakech","NA (Menara Gueliz)",2019,26915.75390625
"Marrakech - Tensift - Al Haouz","Marrakech","NA (Menara Gueliz)",2020,25039.115234375
"Marrakech - Tensift - Al Haouz","Marrakech","NA (Menara Gueliz)",2021,21717.267578125
"Marrakech - Tensift - Al Haouz","Marrakech","NA (Menara Gueliz)",2022,20417.421875
"Marrakech - Tensift - Al Haouz","Marrakech","NA (Menara Gueliz)",2023,21542.677734375
"Marrakech - Tensift - Al Haouz","Marrakech","NA (Menara Gueliz)",2024,22335.837890625
"Marrakech - Tensift - Al Haouz","Marrakech","NA (Sidi Youssef Ben Ali)",2012,836.77685546875
"Marrakech - Tensift - Al Haouz","Marrakech","NA (Sidi Youssef Ben Ali)",2013,831.499145507812
"Marrakech - Tensift - Al Haouz","Marrakech","NA (Sidi Youssef Ben Ali)",2014,1075.95666503906
"Marrakech - Tensift - Al Haouz","Marrakech","NA (Sidi Youssef Ben Ali)",2015,1197.01611328125
"Marrakech - Tensift - Al Haouz","Marrakech","NA (Sidi Youssef Ben Ali)",2016,1338.0634765625
"Marrakech - Tensift - Al Haouz","Marrakech","NA (Sidi Youssef Ben Ali)",2017,1436.2001953125
"Marrakech - Tensift - Al Haouz","Marrakech","NA (Sidi Youssef Ben Ali)",2018,1316.15246582031
"Marrakech - Tensift - Al Haouz","Marrakech","NA (Sidi Youssef Ben Ali)",2019,1449.83142089844
"Marrakech - Tensift - Al Haouz","Marrakech","NA (Sidi Youssef Ben Ali)",2020,1311.56884765625
"Marrakech - Tensift - Al Haouz","Marrakech","NA (Sidi Youssef Ben Ali)",2021,1386.16662597656
"Marrakech - Tensift - Al Haouz","Marrakech","NA (Sidi Youssef Ben Ali)",2022,1562.0771484375
"Marrakech - Tensift - Al Haouz","Marrakech","NA (Sidi Youssef Ben Ali)",2023,1641.21069335938
"Marrakech - Tensift - Al Haouz","Marrakech","NA (Sidi Youssef Ben Ali)",2024,1524.2685546875
"Meknès - Tafilalet","El Hajeb","Agourai",2012,512.67138671875
"Meknès - Tafilalet","El Hajeb","Agourai",2013,417.111267089844
"Meknès - Tafilalet","El Hajeb","Agourai",2014,461.714080810547
"Meknès - Tafilalet","El Hajeb","Agourai",2015,656.914306640625
"Meknès - Tafilalet","El Hajeb","Agourai",2016,814.316711425781
"Meknès - Tafilalet","El Hajeb","Agourai",2017,880.167053222656
"Meknès - Tafilalet","El Hajeb","Agourai",2018,905.68310546875
"Meknès - Tafilalet","El Hajeb","Agourai",2019,933.668029785156
"Meknès - Tafilalet","El Hajeb","Agourai",2020,905.149475097656
"Meknès - Tafilalet","El Hajeb","Agourai",2021,1016.41558837891
"Meknès - Tafilalet","El Hajeb","Agourai",2022,1130.19848632812
"Meknès - Tafilalet","El Hajeb","Agourai",2023,1489.3955078125
"Meknès - Tafilalet","El Hajeb","Agourai",2024,1369.67309570312
"Meknès - Tafilalet","El Hajeb","Ain Taoujda",2012,2343.96142578125
"Meknès - Tafilalet","El Hajeb","Ain Taoujda",2013,2262.76196289062
"Meknès - Tafilalet","El Hajeb","Ain Taoujda",2014,2435.93432617188
"Meknès - Tafilalet","El Hajeb","Ain Taoujda",2015,2658.1845703125
"Meknès - Tafilalet","El Hajeb","Ain Taoujda",2016,2875.59350585938
"Meknès - Tafilalet","El Hajeb","Ain Taoujda",2017,2754.98266601562
"Meknès - Tafilalet","El Hajeb","Ain Taoujda",2018,2684.60888671875
"Meknès - Tafilalet","El Hajeb","Ain Taoujda",2019,2814.02563476562
"Meknès - Tafilalet","El Hajeb","Ain Taoujda",2020,2645.263671875
"Meknès - Tafilalet","El Hajeb","Ain Taoujda",2021,3063.24780273438
"Meknès - Tafilalet","El Hajeb","Ain Taoujda",2022,3515.63671875
"Meknès - Tafilalet","El Hajeb","Ain Taoujda",2023,3937.95678710938
"Meknès - Tafilalet","El Hajeb","Ain Taoujda",2024,3757.24291992188
"Meknès - Tafilalet","El Hajeb","El Hajeb",2012,1593.66125488281
"Meknès - Tafilalet","El Hajeb","El Hajeb",2013,1630.69104003906
"Meknès - Tafilalet","El Hajeb","El Hajeb",2014,1762.42224121094
"Meknès - Tafilalet","El Hajeb","El Hajeb",2015,1775.94580078125
"Meknès - Tafilalet","El Hajeb","El Hajeb",2016,1793.232421875
"Meknès - Tafilalet","El Hajeb","El Hajeb",2017,1952.36987304688
"Meknès - Tafilalet","El Hajeb","El Hajeb",2018,1938.681640625
"Meknès - Tafilalet","El Hajeb","El Hajeb",2019,2201.47924804688
"Meknès - Tafilalet","El Hajeb","El Hajeb",2020,2261.14428710938
"Meknès - Tafilalet","El Hajeb","El Hajeb",2021,2730.06420898438
"Meknès - Tafilalet","El Hajeb","El Hajeb",2022,3267.90014648438
"Meknès - Tafilalet","El Hajeb","El Hajeb",2023,3681.42211914062
"Meknès - Tafilalet","El Hajeb","El Hajeb",2024,3773.22387695312
"Meknès - Tafilalet","El Hajeb","NA (Agourai)",2012,90.8441009521484
"Meknès - Tafilalet","El Hajeb","NA (Agourai)",2013,85.3374786376953
"Meknès - Tafilalet","El Hajeb","NA (Agourai)",2014,150.018676757812
"Meknès - Tafilalet","El Hajeb","NA (Agourai)",2015,189.46337890625
"Meknès - Tafilalet","El Hajeb","NA (Agourai)",2016,211.453857421875
"Meknès - Tafilalet","El Hajeb","NA (Agourai)",2017,241.631088256836
"Meknès - Tafilalet","El Hajeb","NA (Agourai)",2018,217.233413696289
"Meknès - Tafilalet","El Hajeb","NA (Agourai)",2019,244.313278198242
"Meknès - Tafilalet","El Hajeb","NA (Agourai)",2020,207.77473449707
"Meknès - Tafilalet","El Hajeb","NA (Agourai)",2021,209.039642333984
"Meknès - Tafilalet","El Hajeb","NA (Agourai)",2022,219.132965087891
"Meknès - Tafilalet","El Hajeb","NA (Agourai)",2023,209.955795288086
"Meknès - Tafilalet","El Hajeb","NA (Agourai)",2024,177.825149536133
"Meknès - Tafilalet","El Hajeb","NA (Ain Taoujdate)",2012,153.410202026367
"Meknès - Tafilalet","El Hajeb","NA (Ain Taoujdate)",2013,200.505554199219
"Meknès - Tafilalet","El Hajeb","NA (Ain Taoujdate)",2014,201.514236450195
"Meknès - Tafilalet","El Hajeb","NA (Ain Taoujdate)",2015,208.324005126953
"Meknès - Tafilalet","El Hajeb","NA (Ain Taoujdate)",2016,143.905319213867
"Meknès - Tafilalet","El Hajeb","NA (Ain Taoujdate)",2017,136.027572631836
"Meknès - Tafilalet","El Hajeb","NA (Ain Taoujdate)",2018,126.229446411133
"Meknès - Tafilalet","El Hajeb","NA (Ain Taoujdate)",2019,135.404449462891
"Meknès - Tafilalet","El Hajeb","NA (Ain Taoujdate)",2020,141.345916748047
"Meknès - Tafilalet","El Hajeb","NA (Ain Taoujdate)",2021,134.79606628418
"Meknès - Tafilalet","El Hajeb","NA (Ain Taoujdate)",2022,135.874557495117
"Meknès - Tafilalet","El Hajeb","NA (Ain Taoujdate)",2023,128.945327758789
"Meknès - Tafilalet","El Hajeb","NA (Ain Taoujdate)",2024,127.77449798584
"Meknès - Tafilalet","El Hajeb","NA (El Hajeb)",2012,6.53558874130249
"Meknès - Tafilalet","El Hajeb","NA (El Hajeb)",2013,1.82826781272888
"Meknès - Tafilalet","El Hajeb","NA (El Hajeb)",2014,3.87299942970276
"Meknès - Tafilalet","El Hajeb","NA (El Hajeb)",2015,4.17262506484985
"Meknès - Tafilalet","El Hajeb","NA (El Hajeb)",2016,3.82099723815918
"Meknès - Tafilalet","El Hajeb","NA (El Hajeb)",2017,5.52783918380737
"Meknès - Tafilalet","El Hajeb","NA (El Hajeb)",2018,5.95347023010254
"Meknès - Tafilalet","El Hajeb","NA (El Hajeb)",2019,5.49896574020386
"Meknès - Tafilalet","El Hajeb","NA (El Hajeb)",2020,8.38817310333252
"Meknès - Tafilalet","El Hajeb","NA (El Hajeb)",2021,9.60361099243164
"Meknès - Tafilalet","El Hajeb","NA (El Hajeb)",2022,13.5688037872314
"Meknès - Tafilalet","El Hajeb","NA (El Hajeb)",2023,29.9505634307861
"Meknès - Tafilalet","El Hajeb","NA (El Hajeb)",2024,22.4162578582764
"Meknès - Tafilalet","El Hajeb","NA (Sbaa Aiyoun)",2012,489.410766601562
"Meknès - Tafilalet","El Hajeb","NA (Sbaa Aiyoun)",2013,491.909149169922
"Meknès - Tafilalet","El Hajeb","NA (Sbaa Aiyoun)",2014,551.536865234375
"Meknès - Tafilalet","El Hajeb","NA (Sbaa Aiyoun)",2015,564.812194824219
"Meknès - Tafilalet","El Hajeb","NA (Sbaa Aiyoun)",2016,583.005798339844
"Meknès - Tafilalet","El Hajeb","NA (Sbaa Aiyoun)",2017,519.565002441406
"Meknès - Tafilalet","El Hajeb","NA (Sbaa Aiyoun)",2018,482.187622070312
"Meknès - Tafilalet","El Hajeb","NA (Sbaa Aiyoun)",2019,499.074493408203
"Meknès - Tafilalet","El Hajeb","NA (Sbaa Aiyoun)",2020,470.291839599609
"Meknès - Tafilalet","El Hajeb","NA (Sbaa Aiyoun)",2021,510.412292480469
"Meknès - Tafilalet","El Hajeb","NA (Sbaa Aiyoun)",2022,539.798889160156
"Meknès - Tafilalet","El Hajeb","NA (Sbaa Aiyoun)",2023,581.748168945312
"Meknès - Tafilalet","El Hajeb","NA (Sbaa Aiyoun)",2024,607.342651367188
"Meknès - Tafilalet","Errachidia","Arfoud",2012,1664.08984375
"Meknès - Tafilalet","Errachidia","Arfoud",2013,1685.56750488281
"Meknès - Tafilalet","Errachidia","Arfoud",2014,1644.54541015625
"Meknès - Tafilalet","Errachidia","Arfoud",2015,1615.77734375
"Meknès - Tafilalet","Errachidia","Arfoud",2016,1651.95617675781
"Meknès - Tafilalet","Errachidia","Arfoud",2017,1614.15637207031
"Meknès - Tafilalet","Errachidia","Arfoud",2018,1660.27502441406
"Meknès - Tafilalet","Errachidia","Arfoud",2019,1584.83581542969
"Meknès - Tafilalet","Errachidia","Arfoud",2020,1631.63342285156
"Meknès - Tafilalet","Errachidia","Arfoud",2021,1736.98706054688
"Meknès - Tafilalet","Errachidia","Arfoud",2022,1791.28198242188
"Meknès - Tafilalet","Errachidia","Arfoud",2023,2004.28198242188
"Meknès - Tafilalet","Errachidia","Arfoud",2024,2058.93383789062
"Meknès - Tafilalet","Errachidia","Assoul",2012,7.04809284210205
"Meknès - Tafilalet","Errachidia","Assoul",2013,8.96216678619385
"Meknès - Tafilalet","Errachidia","Assoul",2014,9.8105354309082
"Meknès - Tafilalet","Errachidia","Assoul",2015,9.83997631072998
"Meknès - Tafilalet","Errachidia","Assoul",2016,20.7234840393066
"Meknès - Tafilalet","Errachidia","Assoul",2017,30.3747272491455
"Meknès - Tafilalet","Errachidia","Assoul",2018,28.9836578369141
"Meknès - Tafilalet","Errachidia","Assoul",2019,49.5753631591797
"Meknès - Tafilalet","Errachidia","Assoul",2020,37.4895248413086
"Meknès - Tafilalet","Errachidia","Assoul",2021,48.0439720153809
"Meknès - Tafilalet","Errachidia","Assoul",2022,57.3841896057129
"Meknès - Tafilalet","Errachidia","Assoul",2023,107.32137298584
"Meknès - Tafilalet","Errachidia","Assoul",2024,97.2402801513672
"Meknès - Tafilalet","Errachidia","Errachidia",2012,4427.0283203125
"Meknès - Tafilalet","Errachidia","Errachidia",2013,5186.875
"Meknès - Tafilalet","Errachidia","Errachidia",2014,5048.89892578125
"Meknès - Tafilalet","Errachidia","Errachidia",2015,5269.98974609375
"Meknès - Tafilalet","Errachidia","Errachidia",2016,5591.4873046875
"Meknès - Tafilalet","Errachidia","Errachidia",2017,5915.423828125
"Meknès - Tafilalet","Errachidia","Errachidia",2018,5779.0732421875
"Meknès - Tafilalet","Errachidia","Errachidia",2019,6705.54931640625
"Meknès - Tafilalet","Errachidia","Errachidia",2020,6264.6650390625
"Meknès - Tafilalet","Errachidia","Errachidia",2021,6356.861328125
"Meknès - Tafilalet","Errachidia","Errachidia",2022,7206.41796875
"Meknès - Tafilalet","Errachidia","Errachidia",2023,7576.15869140625
"Meknès - Tafilalet","Errachidia","Errachidia",2024,7961.73046875
"Meknès - Tafilalet","Errachidia","Errich",2012,611.073303222656
"Meknès - Tafilalet","Errachidia","Errich",2013,727.490844726562
"Meknès - Tafilalet","Errachidia","Errich",2014,807.002197265625
"Meknès - Tafilalet","Errachidia","Errich",2015,1105.14147949219
"Meknès - Tafilalet","Errachidia","Errich",2016,1305.2451171875
"Meknès - Tafilalet","Errachidia","Errich",2017,1355.44616699219
"Meknès - Tafilalet","Errachidia","Errich",2018,1213.13903808594
"Meknès - Tafilalet","Errachidia","Errich",2019,1198.52978515625
"Meknès - Tafilalet","Errachidia","Errich",2020,1040.90905761719
"Meknès - Tafilalet","Errachidia","Errich",2021,1062.00549316406
"Meknès - Tafilalet","Errachidia","Errich",2022,1156.77368164062
"Meknès - Tafilalet","Errachidia","Errich",2023,1152.89953613281
"Meknès - Tafilalet","Errachidia","Errich",2024,1148.83898925781
"Meknès - Tafilalet","Errachidia","Errissani",2012,98.9897384643555
"Meknès - Tafilalet","Errachidia","Errissani",2013,153.427368164062
"Meknès - Tafilalet","Errachidia","Errissani",2014,130.034332275391
"Meknès - Tafilalet","Errachidia","Errissani",2015,124.566635131836
"Meknès - Tafilalet","Errachidia","Errissani",2016,111.883743286133
"Meknès - Tafilalet","Errachidia","Errissani",2017,125.40454864502
"Meknès - Tafilalet","Errachidia","Errissani",2018,169.489791870117
"Meknès - Tafilalet","Errachidia","Errissani",2019,224.421890258789
"Meknès - Tafilalet","Errachidia","Errissani",2020,199.249160766602
"Meknès - Tafilalet","Errachidia","Errissani",2021,320.165130615234
"Meknès - Tafilalet","Errachidia","Errissani",2022,372.747344970703
"Meknès - Tafilalet","Errachidia","Errissani",2023,498.4580078125
"Meknès - Tafilalet","Errachidia","Errissani",2024,469.994873046875
"Meknès - Tafilalet","Errachidia","Goulmima",2012,1365.19140625
"Meknès - Tafilalet","Errachidia","Goulmima",2013,1602.52746582031
"Meknès - Tafilalet","Errachidia","Goulmima",2014,1773.8115234375
"Meknès - Tafilalet","Errachidia","Goulmima",2015,2046.96667480469
"Meknès - Tafilalet","Errachidia","Goulmima",2016,2031.15197753906
"Meknès - Tafilalet","Errachidia","Goulmima",2017,2155.1884765625
"Meknès - Tafilalet","Errachidia","Goulmima",2018,1943.25390625
"Meknès - Tafilalet","Errachidia","Goulmima",2019,2021.48278808594
"Meknès - Tafilalet","Errachidia","Goulmima",2020,1957.38525390625
"Meknès - Tafilalet","Errachidia","Goulmima",2021,2137.2890625
"Meknès - Tafilalet","Errachidia","Goulmima",2022,2134.49096679688
"Meknès - Tafilalet","Errachidia","Goulmima",2023,2198.84838867188
"Meknès - Tafilalet","Errachidia","Goulmima",2024,2266.32495117188
"Meknès - Tafilalet","Errachidia","Imilchil",2012,15.1500406265259
"Meknès - Tafilalet","Errachidia","Imilchil",2013,14.8895053863525
"Meknès - Tafilalet","Errachidia","Imilchil",2014,7.35694646835327
"Meknès - Tafilalet","Errachidia","Imilchil",2015,28.4118671417236
"Meknès - Tafilalet","Errachidia","Imilchil",2016,40.7895736694336
"Meknès - Tafilalet","Errachidia","Imilchil",2017,67.1042251586914
"Meknès - Tafilalet","Errachidia","Imilchil",2018,192.897201538086
"Meknès - Tafilalet","Errachidia","Imilchil",2019,273.291625976562
"Meknès - Tafilalet","Errachidia","Imilchil",2020,184.176376342773
"Meknès - Tafilalet","Errachidia","Imilchil",2021,184.979156494141
"Meknès - Tafilalet","Errachidia","Imilchil",2022,201.557510375977
"Meknès - Tafilalet","Errachidia","Imilchil",2023,214.339080810547
"Meknès - Tafilalet","Errachidia","Imilchil",2024,190.201782226562
"Meknès - Tafilalet","Errachidia","NA (Arfoud)",2012,50.6346702575684
"Meknès - Tafilalet","Errachidia","NA (Arfoud)",2013,56.2624282836914
"Meknès - Tafilalet","Errachidia","NA (Arfoud)",2014,55.2804412841797
"Meknès - Tafilalet","Errachidia","NA (Arfoud)",2015,49.7290191650391
"Meknès - Tafilalet","Errachidia","NA (Arfoud)",2016,45.6512641906738
"Meknès - Tafilalet","Errachidia","NA (Arfoud)",2017,50.1708679199219
"Meknès - Tafilalet","Errachidia","NA (Arfoud)",2018,63.9350471496582
"Meknès - Tafilalet","Errachidia","NA (Arfoud)",2019,68.6607513427734
"Meknès - Tafilalet","Errachidia","NA (Arfoud)",2020,47.911563873291
"Meknès - Tafilalet","Errachidia","NA (Arfoud)",2021,110.554054260254
"Meknès - Tafilalet","Errachidia","NA (Arfoud)",2022,142.095077514648
"Meknès - Tafilalet","Errachidia","NA (Arfoud)",2023,157.412582397461
"Meknès - Tafilalet","Errachidia","NA (Arfoud)",2024,150.758590698242
"Meknès - Tafilalet","Errachidia","NA (Boudnib)",2012,44.5728645324707
"Meknès - Tafilalet","Errachidia","NA (Boudnib)",2013,59.9863128662109
"Meknès - Tafilalet","Errachidia","NA (Boudnib)",2014,52.3557929992676
"Meknès - Tafilalet","Errachidia","NA (Boudnib)",2015,47.7888641357422
"Meknès - Tafilalet","Errachidia","NA (Boudnib)",2016,52.8000602722168
"Meknès - Tafilalet","Errachidia","NA (Boudnib)",2017,59.6603546142578
"Meknès - Tafilalet","Errachidia","NA (Boudnib)",2018,66.6867370605469
"Meknès - Tafilalet","Errachidia","NA (Boudnib)",2019,69.3708419799805
"Meknès - Tafilalet","Errachidia","NA (Boudnib)",2020,63.0050773620605
"Meknès - Tafilalet","Errachidia","NA (Boudnib)",2021,81.5260391235352
"Meknès - Tafilalet","Errachidia","NA (Boudnib)",2022,99.5331420898438
"Meknès - Tafilalet","Errachidia","NA (Boudnib)",2023,103.533493041992
"Meknès - Tafilalet","Errachidia","NA (Boudnib)",2024,101.011337280273
"Meknès - Tafilalet","Errachidia","NA (Errachidia)",2012,61.5397071838379
"Meknès - Tafilalet","Errachidia","NA (Errachidia)",2013,63.9293556213379
"Meknès - Tafilalet","Errachidia","NA (Errachidia)",2014,75.6802673339844
"Meknès - Tafilalet","Errachidia","NA (Errachidia)",2015,75.7798385620117
"Meknès - Tafilalet","Errachidia","NA (Errachidia)",2016,71.7646713256836
"Meknès - Tafilalet","Errachidia","NA (Errachidia)",2017,86.3934097290039
"Meknès - Tafilalet","Errachidia","NA (Errachidia)",2018,104.017150878906
"Meknès - Tafilalet","Errachidia","NA (Errachidia)",2019,160.100311279297
"Meknès - Tafilalet","Errachidia","NA (Errachidia)",2020,136.804946899414
"Meknès - Tafilalet","Errachidia","NA (Errachidia)",2021,144.555572509766
"Meknès - Tafilalet","Errachidia","NA (Errachidia)",2022,179.714462280273
"Meknès - Tafilalet","Errachidia","NA (Errachidia)",2023,201.932037353516
"Meknès - Tafilalet","Errachidia","NA (Errachidia)",2024,204.790298461914
"Meknès - Tafilalet","Errachidia","NA (Errich)",2012,5.31252098083496
"Meknès - Tafilalet","Errachidia","NA (Errich)",2013,3.87063002586365
"Meknès - Tafilalet","Errachidia","NA (Errich)",2014,3.24921703338623
"Meknès - Tafilalet","Errachidia","NA (Errich)",2015,7.05463886260986
"Meknès - Tafilalet","Errachidia","NA (Errich)",2016,8.13235282897949
"Meknès - Tafilalet","Errachidia","NA (Errich)",2017,5.38674926757812
"Meknès - Tafilalet","Errachidia","NA (Errich)",2018,5.47829580307007
"Meknès - Tafilalet","Errachidia","NA (Errich)",2019,5.77625560760498
"Meknès - Tafilalet","Errachidia","NA (Errich)",2020,3.25440502166748
"Meknès - Tafilalet","Errachidia","NA (Errich)",2021,4.95208740234375
"Meknès - Tafilalet","Errachidia","NA (Errich)",2022,8.27133464813232
"Meknès - Tafilalet","Errachidia","NA (Errich)",2023,8.20486831665039
"Meknès - Tafilalet","Errachidia","NA (Errich)",2024,6.50417280197144
"Meknès - Tafilalet","Errachidia","NA (Goulmima)",2012,135.093063354492
"Meknès - Tafilalet","Errachidia","NA (Goulmima)",2013,145.595367431641
"Meknès - Tafilalet","Errachidia","NA (Goulmima)",2014,137.165618896484
"Meknès - Tafilalet","Errachidia","NA (Goulmima)",2015,134.218505859375
"Meknès - Tafilalet","Errachidia","NA (Goulmima)",2016,134.336776733398
"Meknès - Tafilalet","Errachidia","NA (Goulmima)",2017,119.42561340332
"Meknès - Tafilalet","Errachidia","NA (Goulmima)",2018,119.887847900391
"Meknès - Tafilalet","Errachidia","NA (Goulmima)",2019,125.628517150879
"Meknès - Tafilalet","Errachidia","NA (Goulmima)",2020,116.826271057129
"Meknès - Tafilalet","Errachidia","NA (Goulmima)",2021,106.643508911133
"Meknès - Tafilalet","Errachidia","NA (Goulmima)",2022,117.584434509277
"Meknès - Tafilalet","Errachidia","NA (Goulmima)",2023,114.041114807129
"Meknès - Tafilalet","Errachidia","NA (Goulmima)",2024,113.324577331543
"Meknès - Tafilalet","Errachidia","NA (Jorf)",2012,14.7111749649048
"Meknès - Tafilalet","Errachidia","NA (Jorf)",2013,18.1088237762451
"Meknès - Tafilalet","Errachidia","NA (Jorf)",2014,15.1385450363159
"Meknès - Tafilalet","Errachidia","NA (Jorf)",2015,13.6425275802612
"Meknès - Tafilalet","Errachidia","NA (Jorf)",2016,13.028169631958
"Meknès - Tafilalet","Errachidia","NA (Jorf)",2017,12.0452337265015
"Meknès - Tafilalet","Errachidia","NA (Jorf)",2018,12.1716861724854
"Meknès - Tafilalet","Errachidia","NA (Jorf)",2019,9.69228076934814
"Meknès - Tafilalet","Errachidia","NA (Jorf)",2020,16.4097309112549
"Meknès - Tafilalet","Errachidia","NA (Jorf)",2021,22.6064910888672
"Meknès - Tafilalet","Errachidia","NA (Jorf)",2022,17.274242401123
"Meknès - Tafilalet","Errachidia","NA (Jorf)",2023,28.1252250671387
"Meknès - Tafilalet","Errachidia","NA (Jorf)",2024,29.5348510742188
"Meknès - Tafilalet","Errachidia","NA (Moulay Ali Cherif)",2012,528.166625976562
"Meknès - Tafilalet","Errachidia","NA (Moulay Ali Cherif)",2013,622.35498046875
"Meknès - Tafilalet","Errachidia","NA (Moulay Ali Cherif)",2014,532.723266601562
"Meknès - Tafilalet","Errachidia","NA (Moulay Ali Cherif)",2015,522.027770996094
"Meknès - Tafilalet","Errachidia","NA (Moulay Ali Cherif)",2016,464.173034667969
"Meknès - Tafilalet","Errachidia","NA (Moulay Ali Cherif)",2017,481.820831298828
"Meknès - Tafilalet","Errachidia","NA (Moulay Ali Cherif)",2018,579.402648925781
"Meknès - Tafilalet","Errachidia","NA (Moulay Ali Cherif)",2019,648.115112304688
"Meknès - Tafilalet","Errachidia","NA (Moulay Ali Cherif)",2020,649.995300292969
"Meknès - Tafilalet","Errachidia","NA (Moulay Ali Cherif)",2021,667.017639160156
"Meknès - Tafilalet","Errachidia","NA (Moulay Ali Cherif)",2022,673.851318359375
"Meknès - Tafilalet","Errachidia","NA (Moulay Ali Cherif)",2023,626.404663085938
"Meknès - Tafilalet","Errachidia","NA (Moulay Ali Cherif)",2024,618.176330566406
"Meknès - Tafilalet","Errachidia","NA (Tinejdad)",2012,22.5280284881592
"Meknès - Tafilalet","Errachidia","NA (Tinejdad)",2013,21.3546886444092
"Meknès - Tafilalet","Errachidia","NA (Tinejdad)",2014,19.6900997161865
"Meknès - Tafilalet","Errachidia","NA (Tinejdad)",2015,19.2138938903809
"Meknès - Tafilalet","Errachidia","NA (Tinejdad)",2016,17.8774719238281
"Meknès - Tafilalet","Errachidia","NA (Tinejdad)",2017,18.7300605773926
"Meknès - Tafilalet","Errachidia","NA (Tinejdad)",2018,15.7733640670776
"Meknès - Tafilalet","Errachidia","NA (Tinejdad)",2019,28.6181259155273
"Meknès - Tafilalet","Errachidia","NA (Tinejdad)",2020,22.1700077056885
"Meknès - Tafilalet","Errachidia","NA (Tinejdad)",2021,21.9180393218994
"Meknès - Tafilalet","Errachidia","NA (Tinejdad)",2022,25.4440536499023
"Meknès - Tafilalet","Errachidia","NA (Tinejdad)",2023,28.5286045074463
"Meknès - Tafilalet","Errachidia","NA (Tinejdad)",2024,20.9221515655518
"Meknès - Tafilalet","Ifrane","Azrou",2012,2759.025390625
"Meknès - Tafilalet","Ifrane","Azrou",2013,2612.85986328125
"Meknès - Tafilalet","Ifrane","Azrou",2014,2787.53979492188
"Meknès - Tafilalet","Ifrane","Azrou",2015,2838.58325195312
"Meknès - Tafilalet","Ifrane","Azrou",2016,2705.69604492188
"Meknès - Tafilalet","Ifrane","Azrou",2017,2859.68408203125
"Meknès - Tafilalet","Ifrane","Azrou",2018,2907.14672851562
"Meknès - Tafilalet","Ifrane","Azrou",2019,3098.69897460938
"Meknès - Tafilalet","Ifrane","Azrou",2020,2989.50366210938
"Meknès - Tafilalet","Ifrane","Azrou",2021,3441.06396484375
"Meknès - Tafilalet","Ifrane","Azrou",2022,3970.69262695312
"Meknès - Tafilalet","Ifrane","Azrou",2023,4506.52880859375
"Meknès - Tafilalet","Ifrane","Azrou",2024,4699.6669921875
"Meknès - Tafilalet","Ifrane","NA (Azrou)",2012,20.9906673431396
"Meknès - Tafilalet","Ifrane","NA (Azrou)",2013,16.5062923431396
"Meknès - Tafilalet","Ifrane","NA (Azrou)",2014,15.3182315826416
"Meknès - Tafilalet","Ifrane","NA (Azrou)",2015,19.7035999298096
"Meknès - Tafilalet","Ifrane","NA (Azrou)",2016,20.9491329193115
"Meknès - Tafilalet","Ifrane","NA (Azrou)",2017,21.4950160980225
"Meknès - Tafilalet","Ifrane","NA (Azrou)",2018,19.8582649230957
"Meknès - Tafilalet","Ifrane","NA (Azrou)",2019,22.8557586669922
"Meknès - Tafilalet","Ifrane","NA (Azrou)",2020,20.000997543335
"Meknès - Tafilalet","Ifrane","NA (Azrou)",2021,31.8048534393311
"Meknès - Tafilalet","Ifrane","NA (Azrou)",2022,39.8757743835449
"Meknès - Tafilalet","Ifrane","NA (Azrou)",2023,42.5592002868652
"Meknès - Tafilalet","Ifrane","NA (Azrou)",2024,39.1375045776367
"Meknès - Tafilalet","Ifrane","NA (Ifrane)",2012,1244.98620605469
"Meknès - Tafilalet","Ifrane","NA (Ifrane)",2013,1084.26770019531
"Meknès - Tafilalet","Ifrane","NA (Ifrane)",2014,1010.74340820312
"Meknès - Tafilalet","Ifrane","NA (Ifrane)",2015,989.712951660156
"Meknès - Tafilalet","Ifrane","NA (Ifrane)",2016,1072.73559570312
"Meknès - Tafilalet","Ifrane","NA (Ifrane)",2017,1160.91259765625
"Meknès - Tafilalet","Ifrane","NA (Ifrane)",2018,1670.84692382812
"Meknès - Tafilalet","Ifrane","NA (Ifrane)",2019,1763.90844726562
"Meknès - Tafilalet","Ifrane","NA (Ifrane)",2020,1586.71606445312
"Meknès - Tafilalet","Ifrane","NA (Ifrane)",2021,1961.37561035156
"Meknès - Tafilalet","Ifrane","NA (Ifrane)",2022,2180.04760742188
"Meknès - Tafilalet","Ifrane","NA (Ifrane)",2023,2345.57104492188
"Meknès - Tafilalet","Ifrane","NA (Ifrane)",2024,2319.5595703125
"Meknès - Tafilalet","Khénifra","El Kbab",2012,680.642944335938
"Meknès - Tafilalet","Khénifra","El Kbab",2013,658.915954589844
"Meknès - Tafilalet","Khénifra","El Kbab",2014,696.011596679688
"Meknès - Tafilalet","Khénifra","El Kbab",2015,801.423889160156
"Meknès - Tafilalet","Khénifra","El Kbab",2016,912.393188476562
"Meknès - Tafilalet","Khénifra","El Kbab",2017,959.768737792969
"Meknès - Tafilalet","Khénifra","El Kbab",2018,939.158386230469
"Meknès - Tafilalet","Khénifra","El Kbab",2019,927.127319335938
"Meknès - Tafilalet","Khénifra","El Kbab",2020,897.065246582031
"Meknès - Tafilalet","Khénifra","El Kbab",2021,904.204711914062
"Meknès - Tafilalet","Khénifra","El Kbab",2022,1049.88500976562
"Meknès - Tafilalet","Khénifra","El Kbab",2023,1102.25891113281
"Meknès - Tafilalet","Khénifra","El Kbab",2024,1135.21301269531
"Meknès - Tafilalet","Khénifra","Khenifra",2012,2728.71484375
"Meknès - Tafilalet","Khénifra","Khenifra",2013,2908.87158203125
"Meknès - Tafilalet","Khénifra","Khenifra",2014,3050.53271484375
"Meknès - Tafilalet","Khénifra","Khenifra",2015,3303.69580078125
"Meknès - Tafilalet","Khénifra","Khenifra",2016,3455.58081054688
"Meknès - Tafilalet","Khénifra","Khenifra",2017,3584.66186523438
"Meknès - Tafilalet","Khénifra","Khenifra",2018,3480.59545898438
"Meknès - Tafilalet","Khénifra","Khenifra",2019,3717.46069335938
"Meknès - Tafilalet","Khénifra","Khenifra",2020,3589.416015625
"Meknès - Tafilalet","Khénifra","Khenifra",2021,3969.443359375
"Meknès - Tafilalet","Khénifra","Khenifra",2022,4545.9453125
"Meknès - Tafilalet","Khénifra","Khenifra",2023,4813.3466796875
"Meknès - Tafilalet","Khénifra","Khenifra",2024,5103.07373046875
"Meknès - Tafilalet","Khénifra","Midelt",2012,1833.64477539062
"Meknès - Tafilalet","Khénifra","Midelt",2013,2030.09643554688
"Meknès - Tafilalet","Khénifra","Midelt",2014,2469.54541015625
"Meknès - Tafilalet","Khénifra","Midelt",2015,3411.71484375
"Meknès - Tafilalet","Khénifra","Midelt",2016,4049.78540039062
"Meknès - Tafilalet","Khénifra","Midelt",2017,4450.55078125
"Meknès - Tafilalet","Khénifra","Midelt",2018,3859.01708984375
"Meknès - Tafilalet","Khénifra","Midelt",2019,4320.96044921875
"Meknès - Tafilalet","Khénifra","Midelt",2020,4077.33032226562
"Meknès - Tafilalet","Khénifra","Midelt",2021,3892.5849609375
"Meknès - Tafilalet","Khénifra","Midelt",2022,4115.43310546875
"Meknès - Tafilalet","Khénifra","Midelt",2023,3950.08715820312
"Meknès - Tafilalet","Khénifra","Midelt",2024,4071.48950195312
"Meknès - Tafilalet","Khénifra","NA (Khenifra)",2012,712.730102539062
"Meknès - Tafilalet","Khénifra","NA (Khenifra)",2013,750.140686035156
"Meknès - Tafilalet","Khénifra","NA (Khenifra)",2014,732.598449707031
"Meknès - Tafilalet","Khénifra","NA (Khenifra)",2015,786.397705078125
"Meknès - Tafilalet","Khénifra","NA (Khenifra)",2016,776.345886230469
"Meknès - Tafilalet","Khénifra","NA (Khenifra)",2017,846.586303710938
"Meknès - Tafilalet","Khénifra","NA (Khenifra)",2018,771.854614257812
"Meknès - Tafilalet","Khénifra","NA (Khenifra)",2019,766.062194824219
"Meknès - Tafilalet","Khénifra","NA (Khenifra)",2020,774.391235351562
"Meknès - Tafilalet","Khénifra","NA (Khenifra)",2021,834.761047363281
"Meknès - Tafilalet","Khénifra","NA (Khenifra)",2022,991.405151367188
"Meknès - Tafilalet","Khénifra","NA (Khenifra)",2023,1005.39361572266
"Meknès - Tafilalet","Khénifra","NA (Khenifra)",2024,1140.50537109375
"Meknès - Tafilalet","Khénifra","NA (M'Rirt)",2012,1.82085657119751
"Meknès - Tafilalet","Khénifra","NA (M'Rirt)",2013,0
"Meknès - Tafilalet","Khénifra","NA (M'Rirt)",2014,3.15654706954956
"Meknès - Tafilalet","Khénifra","NA (M'Rirt)",2015,4.8112998008728
"Meknès - Tafilalet","Khénifra","NA (M'Rirt)",2016,4.12107133865356
"Meknès - Tafilalet","Khénifra","NA (M'Rirt)",2017,4.67567729949951
"Meknès - Tafilalet","Khénifra","NA (M'Rirt)",2018,6.95892429351807
"Meknès - Tafilalet","Khénifra","NA (M'Rirt)",2019,7.70213222503662
"Meknès - Tafilalet","Khénifra","NA (M'Rirt)",2020,8.64210605621338
"Meknès - Tafilalet","Khénifra","NA (M'Rirt)",2021,13.5539970397949
"Meknès - Tafilalet","Khénifra","NA (M'Rirt)",2022,18.0249061584473
"Meknès - Tafilalet","Khénifra","NA (M'Rirt)",2023,21.7284622192383
"Meknès - Tafilalet","Khénifra","NA (M'Rirt)",2024,18.5442333221436
"Meknès - Tafilalet","Khénifra","NA (Midelt)",2012,759.878967285156
"Meknès - Tafilalet","Khénifra","NA (Midelt)",2013,1089.51977539062
"Meknès - Tafilalet","Khénifra","NA (Midelt)",2014,1170.22094726562
"Meknès - Tafilalet","Khénifra","NA (Midelt)",2015,1433.978515625
"Meknès - Tafilalet","Khénifra","NA (Midelt)",2016,1658.64379882812
"Meknès - Tafilalet","Khénifra","NA (Midelt)",2017,1756.62524414062
"Meknès - Tafilalet","Khénifra","NA (Midelt)",2018,1538.43151855469
"Meknès - Tafilalet","Khénifra","NA (Midelt)",2019,1779.58508300781
"Meknès - Tafilalet","Khénifra","NA (Midelt)",2020,1644.29174804688
"Meknès - Tafilalet","Khénifra","NA (Midelt)",2021,1554.76745605469
"Meknès - Tafilalet","Khénifra","NA (Midelt)",2022,1531.3271484375
"Meknès - Tafilalet","Khénifra","NA (Midelt)",2023,1351.84704589844
"Meknès - Tafilalet","Khénifra","NA (Midelt)",2024,1519.26501464844
"Meknès - Tafilalet","Meknès","Ain Orma",2012,1239.80407714844
"Meknès - Tafilalet","Meknès","Ain Orma",2013,1177.68957519531
"Meknès - Tafilalet","Meknès","Ain Orma",2014,1286.51831054688
"Meknès - Tafilalet","Meknès","Ain Orma",2015,1494.70458984375
"Meknès - Tafilalet","Meknès","Ain Orma",2016,1574.18188476562
"Meknès - Tafilalet","Meknès","Ain Orma",2017,1496.6962890625
"Meknès - Tafilalet","Meknès","Ain Orma",2018,1499.77685546875
"Meknès - Tafilalet","Meknès","Ain Orma",2019,1605.94665527344
"Meknès - Tafilalet","Meknès","Ain Orma",2020,1577.78527832031
"Meknès - Tafilalet","Meknès","Ain Orma",2021,1780.01928710938
"Meknès - Tafilalet","Meknès","Ain Orma",2022,1861.23461914062
"Meknès - Tafilalet","Meknès","Ain Orma",2023,2275.97875976562
"Meknès - Tafilalet","Meknès","Ain Orma",2024,2209.65844726562
"Meknès - Tafilalet","Meknès","Meknes Banl",2012,6439.88037109375
"Meknès - Tafilalet","Meknès","Meknes Banl",2013,6118.3681640625
"Meknès - Tafilalet","Meknès","Meknes Banl",2014,6458.3349609375
"Meknès - Tafilalet","Meknès","Meknes Banl",2015,6876.49462890625
"Meknès - Tafilalet","Meknès","Meknes Banl",2016,7140.40673828125
"Meknès - Tafilalet","Meknès","Meknes Banl",2017,7319.4775390625
"Meknès - Tafilalet","Meknès","Meknes Banl",2018,7002.02001953125
"Meknès - Tafilalet","Meknès","Meknes Banl",2019,7867.64306640625
"Meknès - Tafilalet","Meknès","Meknes Banl",2020,7796.39111328125
"Meknès - Tafilalet","Meknès","Meknes Banl",2021,8024.5341796875
"Meknès - Tafilalet","Meknès","Meknes Banl",2022,8395.3662109375
"Meknès - Tafilalet","Meknès","Meknes Banl",2023,8488.55859375
"Meknès - Tafilalet","Meknès","Meknes Banl",2024,8286.029296875
"Meknès - Tafilalet","Meknès","NA (Al Ismailia)",2012,1960.39025878906
"Meknès - Tafilalet","Meknès","NA (Al Ismailia)",2013,1729.67736816406
"Meknès - Tafilalet","Meknès","NA (Al Ismailia)",2014,1677.02209472656
"Meknès - Tafilalet","Meknès","NA (Al Ismailia)",2015,1850.28967285156
"Meknès - Tafilalet","Meknès","NA (Al Ismailia)",2016,1795.23315429688
"Meknès - Tafilalet","Meknès","NA (Al Ismailia)",2017,1915.98156738281
"Meknès - Tafilalet","Meknès","NA (Al Ismailia)",2018,1727.37231445312
"Meknès - Tafilalet","Meknès","NA (Al Ismailia)",2019,1885.17077636719
"Meknès - Tafilalet","Meknès","NA (Al Ismailia)",2020,1760.69091796875
"Meknès - Tafilalet","Meknès","NA (Al Ismailia)",2021,1685.15246582031
"Meknès - Tafilalet","Meknès","NA (Al Ismailia)",2022,1673.74450683594
"Meknès - Tafilalet","Meknès","NA (Al Ismailia)",2023,1670.45556640625
"Meknès - Tafilalet","Meknès","NA (Al Ismailia)",2024,1759.78039550781
"Meknès - Tafilalet","Meknès","NA (Al Machouar Stina)",2012,193.891510009766
"Meknès - Tafilalet","Meknès","NA (Al Machouar Stina)",2013,159.394134521484
"Meknès - Tafilalet","Meknès","NA (Al Machouar Stina)",2014,153.190353393555
"Meknès - Tafilalet","Meknès","NA (Al Machouar Stina)",2015,164.858428955078
"Meknès - Tafilalet","Meknès","NA (Al Machouar Stina)",2016,158.370559692383
"Meknès - Tafilalet","Meknès","NA (Al Machouar Stina)",2017,141.531539916992
"Meknès - Tafilalet","Meknès","NA (Al Machouar Stina)",2018,132.168045043945
"Meknès - Tafilalet","Meknès","NA (Al Machouar Stina)",2019,123.410865783691
"Meknès - Tafilalet","Meknès","NA (Al Machouar Stina)",2020,153.987747192383
"Meknès - Tafilalet","Meknès","NA (Al Machouar Stina)",2021,146.902420043945
"Meknès - Tafilalet","Meknès","NA (Al Machouar Stina)",2022,151.980850219727
"Meknès - Tafilalet","Meknès","NA (Al Machouar Stina)",2023,160.551986694336
"Meknès - Tafilalet","Meknès","NA (Al Machouar Stina)",2024,186.850357055664
"Meknès - Tafilalet","Meknès","NA (Boufakrane)",2012,29.3593883514404
"Meknès - Tafilalet","Meknès","NA (Boufakrane)",2013,18.7163524627686
"Meknès - Tafilalet","Meknès","NA (Boufakrane)",2014,23.9221496582031
"Meknès - Tafilalet","Meknès","NA (Boufakrane)",2015,30.4880962371826
"Meknès - Tafilalet","Meknès","NA (Boufakrane)",2016,38.2976455688477
"Meknès - Tafilalet","Meknès","NA (Boufakrane)",2017,32.8178558349609
"Meknès - Tafilalet","Meknès","NA (Boufakrane)",2018,50.2274742126465
"Meknès - Tafilalet","Meknès","NA (Boufakrane)",2019,43.6748008728027
"Meknès - Tafilalet","Meknès","NA (Boufakrane)",2020,43.1367645263672
"Meknès - Tafilalet","Meknès","NA (Boufakrane)",2021,65.2354507446289
"Meknès - Tafilalet","Meknès","NA (Boufakrane)",2022,73.7774429321289
"Meknès - Tafilalet","Meknès","NA (Boufakrane)",2023,88.5438919067383
"Meknès - Tafilalet","Meknès","NA (Boufakrane)",2024,95.662239074707
"Meknès - Tafilalet","Meknès","NA (Hamrya)",2012,2945.85131835938
"Meknès - Tafilalet","Meknès","NA (Hamrya)",2013,2761.14990234375
"Meknès - Tafilalet","Meknès","NA (Hamrya)",2014,3006.54907226562
"Meknès - Tafilalet","Meknès","NA (Hamrya)",2015,3171.97998046875
"Meknès - Tafilalet","Meknès","NA (Hamrya)",2016,3117.61450195312
"Meknès - Tafilalet","Meknès","NA (Hamrya)",2017,3156.28100585938
"Meknès - Tafilalet","Meknès","NA (Hamrya)",2018,2865.78564453125
"Meknès - Tafilalet","Meknès","NA (Hamrya)",2019,3025.52856445312
"Meknès - Tafilalet","Meknès","NA (Hamrya)",2020,3082.94653320312
"Meknès - Tafilalet","Meknès","NA (Hamrya)",2021,3022.42431640625
"Meknès - Tafilalet","Meknès","NA (Hamrya)",2022,2949.32861328125
"Meknès - Tafilalet","Meknès","NA (Hamrya)",2023,2804.21215820312
"Meknès - Tafilalet","Meknès","NA (Hamrya)",2024,3004.35913085938
"Meknès - Tafilalet","Meknès","NA (Maknassat Azzaytoun)",2012,4022.841796875
"Meknès - Tafilalet","Meknès","NA (Maknassat Azzaytoun)",2013,4129.29052734375
"Meknès - Tafilalet","Meknès","NA (Maknassat Azzaytoun)",2014,4059.50659179688
"Meknès - Tafilalet","Meknès","NA (Maknassat Azzaytoun)",2015,4576.6845703125
"Meknès - Tafilalet","Meknès","NA (Maknassat Azzaytoun)",2016,4264.8515625
"Meknès - Tafilalet","Meknès","NA (Maknassat Azzaytoun)",2017,3879.92700195312
"Meknès - Tafilalet","Meknès","NA (Maknassat Azzaytoun)",2018,3552.02270507812
"Meknès - Tafilalet","Meknès","NA (Maknassat Azzaytoun)",2019,3834.43041992188
"Meknès - Tafilalet","Meknès","NA (Maknassat Azzaytoun)",2020,3778.00073242188
"Meknès - Tafilalet","Meknès","NA (Maknassat Azzaytoun)",2021,3474.79931640625
"Meknès - Tafilalet","Meknès","NA (Maknassat Azzaytoun)",2022,3628.55859375
"Meknès - Tafilalet","Meknès","NA (Maknassat Azzaytoun)",2023,3596.47583007812
"Meknès - Tafilalet","Meknès","NA (Maknassat Azzaytoun)",2024,4082.24609375
"Meknès - Tafilalet","Meknès","NA (Moulay Idriss Zerhoun)",2012,161.644775390625
"Meknès - Tafilalet","Meknès","NA (Moulay Idriss Zerhoun)",2013,168.134140014648
"Meknès - Tafilalet","Meknès","NA (Moulay Idriss Zerhoun)",2014,183.354675292969
"Meknès - Tafilalet","Meknès","NA (Moulay Idriss Zerhoun)",2015,193.335784912109
"Meknès - Tafilalet","Meknès","NA (Moulay Idriss Zerhoun)",2016,199.346862792969
"Meknès - Tafilalet","Meknès","NA (Moulay Idriss Zerhoun)",2017,195.602523803711
"Meknès - Tafilalet","Meknès","NA (Moulay Idriss Zerhoun)",2018,184.559295654297
"Meknès - Tafilalet","Meknès","NA (Moulay Idriss Zerhoun)",2019,198.089126586914
"Meknès - Tafilalet","Meknès","NA (Moulay Idriss Zerhoun)",2020,177.932876586914
"Meknès - Tafilalet","Meknès","NA (Moulay Idriss Zerhoun)",2021,146.016754150391
"Meknès - Tafilalet","Meknès","NA (Moulay Idriss Zerhoun)",2022,178.553985595703
"Meknès - Tafilalet","Meknès","NA (Moulay Idriss Zerhoun)",2023,181.343444824219
"Meknès - Tafilalet","Meknès","NA (Moulay Idriss Zerhoun)",2024,178.503555297852
"Meknès - Tafilalet","Meknès","NA (Ouislane)",2012,531.071838378906
"Meknès - Tafilalet","Meknès","NA (Ouislane)",2013,476.857604980469
"Meknès - Tafilalet","Meknès","NA (Ouislane)",2014,457.345184326172
"Meknès - Tafilalet","Meknès","NA (Ouislane)",2015,495.559265136719
"Meknès - Tafilalet","Meknès","NA (Ouislane)",2016,667.770568847656
"Meknès - Tafilalet","Meknès","NA (Ouislane)",2017,730.486022949219
"Meknès - Tafilalet","Meknès","NA (Ouislane)",2018,559.028015136719
"Meknès - Tafilalet","Meknès","NA (Ouislane)",2019,574.794921875
"Meknès - Tafilalet","Meknès","NA (Ouislane)",2020,614.685424804688
"Meknès - Tafilalet","Meknès","NA (Ouislane)",2021,621.788757324219
"Meknès - Tafilalet","Meknès","NA (Ouislane)",2022,574.613952636719
"Meknès - Tafilalet","Meknès","NA (Ouislane)",2023,540.493957519531
"Meknès - Tafilalet","Meknès","NA (Ouislane)",2024,585.810119628906
"Meknès - Tafilalet","Meknès","NA (Toulal)",2012,163.348815917969
"Meknès - Tafilalet","Meknès","NA (Toulal)",2013,132.988403320312
"Meknès - Tafilalet","Meknès","NA (Toulal)",2014,200.385284423828
"Meknès - Tafilalet","Meknès","NA (Toulal)",2015,225.118591308594
"Meknès - Tafilalet","Meknès","NA (Toulal)",2016,224.278167724609
"Meknès - Tafilalet","Meknès","NA (Toulal)",2017,258.757110595703
"Meknès - Tafilalet","Meknès","NA (Toulal)",2018,216.080413818359
"Meknès - Tafilalet","Meknès","NA (Toulal)",2019,229.191436767578
"Meknès - Tafilalet","Meknès","NA (Toulal)",2020,209.360656738281
"Meknès - Tafilalet","Meknès","NA (Toulal)",2021,226.364212036133
"Meknès - Tafilalet","Meknès","NA (Toulal)",2022,230.339965820312
"Meknès - Tafilalet","Meknès","NA (Toulal)",2023,254.736358642578
"Meknès - Tafilalet","Meknès","NA (Toulal)",2024,236.173141479492
"Meknès - Tafilalet","Meknès","Zerhoun",2012,220.109161376953
"Meknès - Tafilalet","Meknès","Zerhoun",2013,192.211502075195
"Meknès - Tafilalet","Meknès","Zerhoun",2014,242.258392333984
"Meknès - Tafilalet","Meknès","Zerhoun",2015,274.542114257812
"Meknès - Tafilalet","Meknès","Zerhoun",2016,288.098175048828
"Meknès - Tafilalet","Meknès","Zerhoun",2017,278.306549072266
"Meknès - Tafilalet","Meknès","Zerhoun",2018,244.478210449219
"Meknès - Tafilalet","Meknès","Zerhoun",2019,243.805892944336
"Meknès - Tafilalet","Meknès","Zerhoun",2020,228.970016479492
"Meknès - Tafilalet","Meknès","Zerhoun",2021,294.293548583984
"Meknès - Tafilalet","Meknès","Zerhoun",2022,410.774047851562
"Meknès - Tafilalet","Meknès","Zerhoun",2023,526.9970703125
"Meknès - Tafilalet","Meknès","Zerhoun",2024,395.513885498047
"Oriental","Berkane Taourirt","Ahfir",2012,3879.28930664062
"Oriental","Berkane Taourirt","Ahfir",2013,3522.21997070312
"Oriental","Berkane Taourirt","Ahfir",2014,4351.00146484375
"Oriental","Berkane Taourirt","Ahfir",2015,4603.50244140625
"Oriental","Berkane Taourirt","Ahfir",2016,4755.6533203125
"Oriental","Berkane Taourirt","Ahfir",2017,4765.12060546875
"Oriental","Berkane Taourirt","Ahfir",2018,4519.61474609375
"Oriental","Berkane Taourirt","Ahfir",2019,4567.0166015625
"Oriental","Berkane Taourirt","Ahfir",2020,5053.28515625
"Oriental","Berkane Taourirt","Ahfir",2021,5753.86376953125
"Oriental","Berkane Taourirt","Ahfir",2022,6257.58740234375
"Oriental","Berkane Taourirt","Ahfir",2023,6229.1220703125
"Oriental","Berkane Taourirt","Ahfir",2024,6149.18408203125
"Oriental","Berkane Taourirt","Aklim",2012,5346.662109375
"Oriental","Berkane Taourirt","Aklim",2013,5728.90966796875
"Oriental","Berkane Taourirt","Aklim",2014,6302.27392578125
"Oriental","Berkane Taourirt","Aklim",2015,6194.05859375
"Oriental","Berkane Taourirt","Aklim",2016,6428.14599609375
"Oriental","Berkane Taourirt","Aklim",2017,6184.474609375
"Oriental","Berkane Taourirt","Aklim",2018,6539.7666015625
"Oriental","Berkane Taourirt","Aklim",2019,6668.87451171875
"Oriental","Berkane Taourirt","Aklim",2020,6470.7861328125
"Oriental","Berkane Taourirt","Aklim",2021,7077.095703125
"Oriental","Berkane Taourirt","Aklim",2022,7870.39111328125
"Oriental","Berkane Taourirt","Aklim",2023,9278.5498046875
"Oriental","Berkane Taourirt","Aklim",2024,9218.7333984375
"Oriental","Berkane Taourirt","El Aioun",2012,1403.22631835938
"Oriental","Berkane Taourirt","El Aioun",2013,1584.42297363281
"Oriental","Berkane Taourirt","El Aioun",2014,1798.76318359375
"Oriental","Berkane Taourirt","El Aioun",2015,1836.10681152344
"Oriental","Berkane Taourirt","El Aioun",2016,2011.75134277344
"Oriental","Berkane Taourirt","El Aioun",2017,1886.14099121094
"Oriental","Berkane Taourirt","El Aioun",2018,1898.70971679688
"Oriental","Berkane Taourirt","El Aioun",2019,2051.2236328125
"Oriental","Berkane Taourirt","El Aioun",2020,2068.43090820312
"Oriental","Berkane Taourirt","El Aioun",2021,2305.8525390625
"Oriental","Berkane Taourirt","El Aioun",2022,2669.4541015625
"Oriental","Berkane Taourirt","El Aioun",2023,3230.80322265625
"Oriental","Berkane Taourirt","El Aioun",2024,3460.779296875
"Oriental","Berkane Taourirt","NA (Ahfir)",2012,766.478637695312
"Oriental","Berkane Taourirt","NA (Ahfir)",2013,807.902709960938
"Oriental","Berkane Taourirt","NA (Ahfir)",2014,898.589050292969
"Oriental","Berkane Taourirt","NA (Ahfir)",2015,893.797180175781
"Oriental","Berkane Taourirt","NA (Ahfir)",2016,1025.40808105469
"Oriental","Berkane Taourirt","NA (Ahfir)",2017,1082.0439453125
"Oriental","Berkane Taourirt","NA (Ahfir)",2018,1170.91589355469
"Oriental","Berkane Taourirt","NA (Ahfir)",2019,1251.24621582031
"Oriental","Berkane Taourirt","NA (Ahfir)",2020,1246.98815917969
"Oriental","Berkane Taourirt","NA (Ahfir)",2021,1139.42687988281
"Oriental","Berkane Taourirt","NA (Ahfir)",2022,892.851135253906
"Oriental","Berkane Taourirt","NA (Ahfir)",2023,932.70263671875
"Oriental","Berkane Taourirt","NA (Ahfir)",2024,970.766235351562
"Oriental","Berkane Taourirt","NA (Ain Erreggada)",2012,54.3215026855469
"Oriental","Berkane Taourirt","NA (Ain Erreggada)",2013,63.849609375
"Oriental","Berkane Taourirt","NA (Ain Erreggada)",2014,68.4241409301758
"Oriental","Berkane Taourirt","NA (Ain Erreggada)",2015,67.5106735229492
"Oriental","Berkane Taourirt","NA (Ain Erreggada)",2016,79.7029800415039
"Oriental","Berkane Taourirt","NA (Ain Erreggada)",2017,85.1744613647461
"Oriental","Berkane Taourirt","NA (Ain Erreggada)",2018,84.7798690795898
"Oriental","Berkane Taourirt","NA (Ain Erreggada)",2019,77.0887145996094
"Oriental","Berkane Taourirt","NA (Ain Erreggada)",2020,86.7209625244141
"Oriental","Berkane Taourirt","NA (Ain Erreggada)",2021,94.77001953125
"Oriental","Berkane Taourirt","NA (Ain Erreggada)",2022,91.2878952026367
"Oriental","Berkane Taourirt","NA (Ain Erreggada)",2023,88.3368606567383
"Oriental","Berkane Taourirt","NA (Ain Erreggada)",2024,72.6416625976562
"Oriental","Berkane Taourirt","NA (Aklim)",2012,14.5885133743286
"Oriental","Berkane Taourirt","NA (Aklim)",2013,11.0247840881348
"Oriental","Berkane Taourirt","NA (Aklim)",2014,17.9855899810791
"Oriental","Berkane Taourirt","NA (Aklim)",2015,11.5059804916382
"Oriental","Berkane Taourirt","NA (Aklim)",2016,6.59300136566162
"Oriental","Berkane Taourirt","NA (Aklim)",2017,8.97393417358398
"Oriental","Berkane Taourirt","NA (Aklim)",2018,11.0573043823242
"Oriental","Berkane Taourirt","NA (Aklim)",2019,17.5560836791992
"Oriental","Berkane Taourirt","NA (Aklim)",2020,9.72878551483154
"Oriental","Berkane Taourirt","NA (Aklim)",2021,18.8011989593506
"Oriental","Berkane Taourirt","NA (Aklim)",2022,17.8612003326416
"Oriental","Berkane Taourirt","NA (Aklim)",2023,21.8494853973389
"Oriental","Berkane Taourirt","NA (Aklim)",2024,18.3839073181152
"Oriental","Berkane Taourirt","NA (Berkane)",2012,776.260803222656
"Oriental","Berkane Taourirt","NA (Berkane)",2013,836.141784667969
"Oriental","Berkane Taourirt","NA (Berkane)",2014,907.96484375
"Oriental","Berkane Taourirt","NA (Berkane)",2015,1124.53210449219
"Oriental","Berkane Taourirt","NA (Berkane)",2016,1320.85290527344
"Oriental","Berkane Taourirt","NA (Berkane)",2017,1352.06359863281
"Oriental","Berkane Taourirt","NA (Berkane)",2018,1480.3623046875
"Oriental","Berkane Taourirt","NA (Berkane)",2019,1674.87219238281
"Oriental","Berkane Taourirt","NA (Berkane)",2020,1641.88830566406
"Oriental","Berkane Taourirt","NA (Berkane)",2021,1595.45568847656
"Oriental","Berkane Taourirt","NA (Berkane)",2022,1791.43029785156
"Oriental","Berkane Taourirt","NA (Berkane)",2023,2459.95092773438
"Oriental","Berkane Taourirt","NA (Berkane)",2024,2344.49291992188
"Oriental","Berkane Taourirt","NA (El Aioun Sidi Mellouk)",2012,40.8703117370605
"Oriental","Berkane Taourirt","NA (El Aioun Sidi Mellouk)",2013,46.5546646118164
"Oriental","Berkane Taourirt","NA (El Aioun Sidi Mellouk)",2014,63.5948486328125
"Oriental","Berkane Taourirt","NA (El Aioun Sidi Mellouk)",2015,64.6256942749023
"Oriental","Berkane Taourirt","NA (El Aioun Sidi Mellouk)",2016,84.4357833862305
"Oriental","Berkane Taourirt","NA (El Aioun Sidi Mellouk)",2017,92.9762573242188
"Oriental","Berkane Taourirt","NA (El Aioun Sidi Mellouk)",2018,82.7080230712891
"Oriental","Berkane Taourirt","NA (El Aioun Sidi Mellouk)",2019,93.8127288818359
"Oriental","Berkane Taourirt","NA (El Aioun Sidi Mellouk)",2020,91.1835403442383
"Oriental","Berkane Taourirt","NA (El Aioun Sidi Mellouk)",2021,100.340408325195
"Oriental","Berkane Taourirt","NA (El Aioun Sidi Mellouk)",2022,116.429359436035
"Oriental","Berkane Taourirt","NA (El Aioun Sidi Mellouk)",2023,134.444030761719
"Oriental","Berkane Taourirt","NA (El Aioun Sidi Mellouk)",2024,130.554244995117
"Oriental","Berkane Taourirt","NA (Saidia)",2012,2096.19213867188
"Oriental","Berkane Taourirt","NA (Saidia)",2013,2404.0849609375
"Oriental","Berkane Taourirt","NA (Saidia)",2014,2648.41455078125
"Oriental","Berkane Taourirt","NA (Saidia)",2015,2538.0205078125
"Oriental","Berkane Taourirt","NA (Saidia)",2016,2568.88598632812
"Oriental","Berkane Taourirt","NA (Saidia)",2017,2464.47998046875
"Oriental","Berkane Taourirt","NA (Saidia)",2018,2277.83569335938
"Oriental","Berkane Taourirt","NA (Saidia)",2019,2334.8095703125
"Oriental","Berkane Taourirt","NA (Saidia)",2020,2169.67578125
"Oriental","Berkane Taourirt","NA (Saidia)",2021,2233.15771484375
"Oriental","Berkane Taourirt","NA (Saidia)",2022,2268.63671875
"Oriental","Berkane Taourirt","NA (Saidia)",2023,2440.22583007812
"Oriental","Berkane Taourirt","NA (Saidia)",2024,2439.94946289062
"Oriental","Berkane Taourirt","NA (Sidi Slimane Echcherraa)",2012,8.78230285644531
"Oriental","Berkane Taourirt","NA (Sidi Slimane Echcherraa)",2013,7.06649971008301
"Oriental","Berkane Taourirt","NA (Sidi Slimane Echcherraa)",2014,9.54297351837158
"Oriental","Berkane Taourirt","NA (Sidi Slimane Echcherraa)",2015,10.9428615570068
"Oriental","Berkane Taourirt","NA (Sidi Slimane Echcherraa)",2016,6.65107536315918
"Oriental","Berkane Taourirt","NA (Sidi Slimane Echcherraa)",2017,7.51501750946045
"Oriental","Berkane Taourirt","NA (Sidi Slimane Echcherraa)",2018,7.93034887313843
"Oriental","Berkane Taourirt","NA (Sidi Slimane Echcherraa)",2019,9.26121997833252
"Oriental","Berkane Taourirt","NA (Sidi Slimane Echcherraa)",2020,7.8297233581543
"Oriental","Berkane Taourirt","NA (Sidi Slimane Echcherraa)",2021,9.33182430267334
"Oriental","Berkane Taourirt","NA (Sidi Slimane Echcherraa)",2022,20.4846649169922
"Oriental","Berkane Taourirt","NA (Sidi Slimane Echcherraa)",2023,30.7640438079834
"Oriental","Berkane Taourirt","NA (Sidi Slimane Echcherraa)",2024,21.8398723602295
"Oriental","Berkane Taourirt","NA (Taourirt)",2012,1702.42407226562
"Oriental","Berkane Taourirt","NA (Taourirt)",2013,2164.94384765625
"Oriental","Berkane Taourirt","NA (Taourirt)",2014,2135.09887695312
"Oriental","Berkane Taourirt","NA (Taourirt)",2015,2199.82958984375
"Oriental","Berkane Taourirt","NA (Taourirt)",2016,2285.54345703125
"Oriental","Berkane Taourirt","NA (Taourirt)",2017,2049.244140625
"Oriental","Berkane Taourirt","NA (Taourirt)",2018,1963.21301269531
"Oriental","Berkane Taourirt","NA (Taourirt)",2019,2339.2587890625
"Oriental","Berkane Taourirt","NA (Taourirt)",2020,2352.32885742188
"Oriental","Berkane Taourirt","NA (Taourirt)",2021,2206.89404296875
"Oriental","Berkane Taourirt","NA (Taourirt)",2022,2121.81372070312
"Oriental","Berkane Taourirt","NA (Taourirt)",2023,2153.5146484375
"Oriental","Berkane Taourirt","NA (Taourirt)",2024,2186.02685546875
"Oriental","Berkane Taourirt","Taourirt",2012,2580.50415039062
"Oriental","Berkane Taourirt","Taourirt",2013,2742.4716796875
"Oriental","Berkane Taourirt","Taourirt",2014,2709.87866210938
"Oriental","Berkane Taourirt","Taourirt",2015,2833.64282226562
"Oriental","Berkane Taourirt","Taourirt",2016,3095.03564453125
"Oriental","Berkane Taourirt","Taourirt",2017,2888.06787109375
"Oriental","Berkane Taourirt","Taourirt",2018,3060.00463867188
"Oriental","Berkane Taourirt","Taourirt",2019,3443.83129882812
"Oriental","Berkane Taourirt","Taourirt",2020,3049.71630859375
"Oriental","Berkane Taourirt","Taourirt",2021,3059.55639648438
"Oriental","Berkane Taourirt","Taourirt",2022,3165.66552734375
"Oriental","Berkane Taourirt","Taourirt",2023,3493.482421875
"Oriental","Berkane Taourirt","Taourirt",2024,3338.9052734375
"Oriental","Figuig","Bni Tadjite",2012,605.283264160156
"Oriental","Figuig","Bni Tadjite",2013,612.34033203125
"Oriental","Figuig","Bni Tadjite",2014,937.567993164062
"Oriental","Figuig","Bni Tadjite",2015,945.394714355469
"Oriental","Figuig","Bni Tadjite",2016,885.756774902344
"Oriental","Figuig","Bni Tadjite",2017,959.458251953125
"Oriental","Figuig","Bni Tadjite",2018,1015.92651367188
"Oriental","Figuig","Bni Tadjite",2019,1092.92504882812
"Oriental","Figuig","Bni Tadjite",2020,873.370178222656
"Oriental","Figuig","Bni Tadjite",2021,1091.08459472656
"Oriental","Figuig","Bni Tadjite",2022,1217.05285644531
"Oriental","Figuig","Bni Tadjite",2023,1229.69592285156
"Oriental","Figuig","Bni Tadjite",2024,1170.24584960938
"Oriental","Figuig","Figuig",2012,383.128875732422
"Oriental","Figuig","Figuig",2013,532.867126464844
"Oriental","Figuig","Figuig",2014,511.632293701172
"Oriental","Figuig","Figuig",2015,553.587585449219
"Oriental","Figuig","Figuig",2016,567.703369140625
"Oriental","Figuig","Figuig",2017,519.498901367188
"Oriental","Figuig","Figuig",2018,528.027282714844
"Oriental","Figuig","Figuig",2019,520.890075683594
"Oriental","Figuig","Figuig",2020,488.756805419922
"Oriental","Figuig","Figuig",2021,578.5947265625
"Oriental","Figuig","Figuig",2022,700.974487304688
"Oriental","Figuig","Figuig",2023,695.847412109375
"Oriental","Figuig","Figuig",2024,851.989685058594
"Oriental","Figuig","NA (Bouarfa)",2012,1769.37487792969
"Oriental","Figuig","NA (Bouarfa)",2013,1980.57043457031
"Oriental","Figuig","NA (Bouarfa)",2014,2209.24096679688
"Oriental","Figuig","NA (Bouarfa)",2015,2316.4833984375
"Oriental","Figuig","NA (Bouarfa)",2016,2059.3798828125
"Oriental","Figuig","NA (Bouarfa)",2017,2062.15307617188
"Oriental","Figuig","NA (Bouarfa)",2018,2058.05786132812
"Oriental","Figuig","NA (Bouarfa)",2019,2622.59228515625
"Oriental","Figuig","NA (Bouarfa)",2020,2993.57250976562
"Oriental","Figuig","NA (Bouarfa)",2021,3041.12133789062
"Oriental","Figuig","NA (Bouarfa)",2022,2893.6826171875
"Oriental","Figuig","NA (Bouarfa)",2023,2795.30981445312
"Oriental","Figuig","NA (Bouarfa)",2024,2891.23950195312
"Oriental","Figuig","NA (Figuig)",2012,522.779174804688
"Oriental","Figuig","NA (Figuig)",2013,729.435668945312
"Oriental","Figuig","NA (Figuig)",2014,1035.61340332031
"Oriental","Figuig","NA (Figuig)",2015,1399.02087402344
"Oriental","Figuig","NA (Figuig)",2016,1304.03186035156
"Oriental","Figuig","NA (Figuig)",2017,1264.03393554688
"Oriental","Figuig","NA (Figuig)",2018,1145.46435546875
"Oriental","Figuig","NA (Figuig)",2019,1342.14685058594
"Oriental","Figuig","NA (Figuig)",2020,1358.64709472656
"Oriental","Figuig","NA (Figuig)",2021,1340.30200195312
"Oriental","Figuig","NA (Figuig)",2022,1150.32531738281
"Oriental","Figuig","NA (Figuig)",2023,1113.01110839844
"Oriental","Figuig","NA (Figuig)",2024,1182.96789550781
"Oriental","Jerada","Ain Bni Mat",2012,1249.09680175781
"Oriental","Jerada","Ain Bni Mat",2013,1224.20031738281
"Oriental","Jerada","Ain Bni Mat",2014,1238.13647460938
"Oriental","Jerada","Ain Bni Mat",2015,1260.00903320312
"Oriental","Jerada","Ain Bni Mat",2016,1312.41955566406
"Oriental","Jerada","Ain Bni Mat",2017,1387.45776367188
"Oriental","Jerada","Ain Bni Mat",2018,1410.28527832031
"Oriental","Jerada","Ain Bni Mat",2019,1489.46740722656
"Oriental","Jerada","Ain Bni Mat",2020,1439.61315917969
"Oriental","Jerada","Ain Bni Mat",2021,1355.81005859375
"Oriental","Jerada","Ain Bni Mat",2022,1262.18432617188
"Oriental","Jerada","Ain Bni Mat",2023,1320.46960449219
"Oriental","Jerada","Ain Bni Mat",2024,1232.94409179688
"Oriental","Jerada","Debdou",2012,50.7929840087891
"Oriental","Jerada","Debdou",2013,63.8174438476562
"Oriental","Jerada","Debdou",2014,70.1998596191406
"Oriental","Jerada","Debdou",2015,66.0256042480469
"Oriental","Jerada","Debdou",2016,83.789176940918
"Oriental","Jerada","Debdou",2017,79.9814910888672
"Oriental","Jerada","Debdou",2018,92.8662567138672
"Oriental","Jerada","Debdou",2019,112.859199523926
"Oriental","Jerada","Debdou",2020,185.560913085938
"Oriental","Jerada","Debdou",2021,216.357162475586
"Oriental","Jerada","Debdou",2022,236.219589233398
"Oriental","Jerada","Debdou",2023,258.364990234375
"Oriental","Jerada","Debdou",2024,233.811813354492
"Oriental","Jerada","Jerada Banl",2012,1596.11877441406
"Oriental","Jerada","Jerada Banl",2013,1395.04565429688
"Oriental","Jerada","Jerada Banl",2014,1547.81030273438
"Oriental","Jerada","Jerada Banl",2015,1546.12451171875
"Oriental","Jerada","Jerada Banl",2016,1667.16430664062
"Oriental","Jerada","Jerada Banl",2017,1680.03637695312
"Oriental","Jerada","Jerada Banl",2018,1837.47131347656
"Oriental","Jerada","Jerada Banl",2019,2028.28942871094
"Oriental","Jerada","Jerada Banl",2020,1911.08605957031
"Oriental","Jerada","Jerada Banl",2021,2017.24731445312
"Oriental","Jerada","Jerada Banl",2022,2272.65795898438
"Oriental","Jerada","Jerada Banl",2023,2397.46826171875
"Oriental","Jerada","Jerada Banl",2024,2214.17626953125
"Oriental","Jerada","NA (Ain Bni Mathar)",2012,0
"Oriental","Jerada","NA (Ain Bni Mathar)",2013,0
"Oriental","Jerada","NA (Ain Bni Mathar)",2014,0
"Oriental","Jerada","NA (Ain Bni Mathar)",2015,0
"Oriental","Jerada","NA (Ain Bni Mathar)",2016,0
"Oriental","Jerada","NA (Ain Bni Mathar)",2017,0
"Oriental","Jerada","NA (Ain Bni Mathar)",2018,0
"Oriental","Jerada","NA (Ain Bni Mathar)",2019,0
"Oriental","Jerada","NA (Ain Bni Mathar)",2020,0
"Oriental","Jerada","NA (Ain Bni Mathar)",2021,0
"Oriental","Jerada","NA (Ain Bni Mathar)",2022,0
"Oriental","Jerada","NA (Ain Bni Mathar)",2023,0
"Oriental","Jerada","NA (Ain Bni Mathar)",2024,0
"Oriental","Jerada","NA (Debdou)",2012,131.298248291016
"Oriental","Jerada","NA (Debdou)",2013,149.637802124023
"Oriental","Jerada","NA (Debdou)",2014,194.336700439453
"Oriental","Jerada","NA (Debdou)",2015,205.403045654297
"Oriental","Jerada","NA (Debdou)",2016,226.451583862305
"Oriental","Jerada","NA (Debdou)",2017,200.067993164062
"Oriental","Jerada","NA (Debdou)",2018,180.367538452148
"Oriental","Jerada","NA (Debdou)",2019,185.978042602539
"Oriental","Jerada","NA (Debdou)",2020,206.097290039062
"Oriental","Jerada","NA (Debdou)",2021,192.533706665039
"Oriental","Jerada","NA (Debdou)",2022,194.325119018555
"Oriental","Jerada","NA (Debdou)",2023,194.795318603516
"Oriental","Jerada","NA (Debdou)",2024,205.292785644531
"Oriental","Jerada","NA (Jrada)",2012,1025.28881835938
"Oriental","Jerada","NA (Jrada)",2013,978.372497558594
"Oriental","Jerada","NA (Jrada)",2014,1012.34765625
"Oriental","Jerada","NA (Jrada)",2015,1042.98205566406
"Oriental","Jerada","NA (Jrada)",2016,1026.34301757812
"Oriental","Jerada","NA (Jrada)",2017,1082.30981445312
"Oriental","Jerada","NA (Jrada)",2018,1049.07885742188
"Oriental","Jerada","NA (Jrada)",2019,1109.39904785156
"Oriental","Jerada","NA (Jrada)",2020,1094.79821777344
"Oriental","Jerada","NA (Jrada)",2021,1082.39099121094
"Oriental","Jerada","NA (Jrada)",2022,1085.51245117188
"Oriental","Jerada","NA (Jrada)",2023,1080.86376953125
"Oriental","Jerada","NA (Jrada)",2024,1165.32507324219
"Oriental","Jerada","NA (Touissit)",2012,0
"Oriental","Jerada","NA (Touissit)",2013,0
"Oriental","Jerada","NA (Touissit)",2014,0
"Oriental","Jerada","NA (Touissit)",2015,0
"Oriental","Jerada","NA (Touissit)",2016,0
"Oriental","Jerada","NA (Touissit)",2017,0
"Oriental","Jerada","NA (Touissit)",2018,0
"Oriental","Jerada","NA (Touissit)",2019,0
"Oriental","Jerada","NA (Touissit)",2020,0.406241238117218
"Oriental","Jerada","NA (Touissit)",2021,0.404202371835709
"Oriental","Jerada","NA (Touissit)",2022,0.955660283565521
"Oriental","Jerada","NA (Touissit)",2023,0.992368459701538
"Oriental","Jerada","NA (Touissit)",2024,0.4295314848423
"Oriental","Nador","Driouch",2012,5964.60498046875
"Oriental","Nador","Driouch",2013,6693.748046875
"Oriental","Nador","Driouch",2014,8134.35498046875
"Oriental","Nador","Driouch",2015,8132.97119140625
"Oriental","Nador","Driouch",2016,8965.0830078125
"Oriental","Nador","Driouch",2017,8490.1279296875
"Oriental","Nador","Driouch",2018,8183.150390625
"Oriental","Nador","Driouch",2019,8832.779296875
"Oriental","Nador","Driouch",2020,7915.4833984375
"Oriental","Nador","Driouch",2021,8690.6455078125
"Oriental","Nador","Driouch",2022,9588.9853515625
"Oriental","Nador","Driouch",2023,8506.126953125
"Oriental","Nador","Driouch",2024,8473.06640625
"Oriental","Nador","Guelaia",2012,13836.427734375
"Oriental","Nador","Guelaia",2013,12949.1787109375
"Oriental","Nador","Guelaia",2014,14792.408203125
"Oriental","Nador","Guelaia",2015,15430.7900390625
"Oriental","Nador","Guelaia",2016,15646.8916015625
"Oriental","Nador","Guelaia",2017,15654.927734375
"Oriental","Nador","Guelaia",2018,17053.30859375
"Oriental","Nador","Guelaia",2019,18014.453125
"Oriental","Nador","Guelaia",2020,17522.796875
"Oriental","Nador","Guelaia",2021,18206.341796875
"Oriental","Nador","Guelaia",2022,18138.92578125
"Oriental","Nador","Guelaia",2023,19200.19921875
"Oriental","Nador","Guelaia",2024,18784.576171875
"Oriental","Nador","Louta",2012,2766.7138671875
"Oriental","Nador","Louta",2013,2659.91674804688
"Oriental","Nador","Louta",2014,3014.83935546875
"Oriental","Nador","Louta",2015,3181.95361328125
"Oriental","Nador","Louta",2016,3444.6201171875
"Oriental","Nador","Louta",2017,3099.52416992188
"Oriental","Nador","Louta",2018,3021.50512695312
"Oriental","Nador","Louta",2019,3450.24340820312
"Oriental","Nador","Louta",2020,3262.900390625
"Oriental","Nador","Louta",2021,4050.470703125
"Oriental","Nador","Louta",2022,4421.7724609375
"Oriental","Nador","Louta",2023,5363.0673828125
"Oriental","Nador","Louta",2024,4521.63623046875
"Oriental","Nador","NA (Al Aaroui)",2012,1988.81677246094
"Oriental","Nador","NA (Al Aaroui)",2013,1959.80078125
"Oriental","Nador","NA (Al Aaroui)",2014,2265.47216796875
"Oriental","Nador","NA (Al Aaroui)",2015,2397.4345703125
"Oriental","Nador","NA (Al Aaroui)",2016,2809.98852539062
"Oriental","Nador","NA (Al Aaroui)",2017,3232.22314453125
"Oriental","Nador","NA (Al Aaroui)",2018,3398.67626953125
"Oriental","Nador","NA (Al Aaroui)",2019,3381.43359375
"Oriental","Nador","NA (Al Aaroui)",2020,3533.86694335938
"Oriental","Nador","NA (Al Aaroui)",2021,3888.99975585938
"Oriental","Nador","NA (Al Aaroui)",2022,4335.328125
"Oriental","Nador","NA (Al Aaroui)",2023,5055.38720703125
"Oriental","Nador","NA (Al Aaroui)",2024,4791.09326171875
"Oriental","Nador","NA (Bni Ansar)",2012,2737.79052734375
"Oriental","Nador","NA (Bni Ansar)",2013,2695.52758789062
"Oriental","Nador","NA (Bni Ansar)",2014,2701.35913085938
"Oriental","Nador","NA (Bni Ansar)",2015,2786.12939453125
"Oriental","Nador","NA (Bni Ansar)",2016,2753.57836914062
"Oriental","Nador","NA (Bni Ansar)",2017,2601.33520507812
"Oriental","Nador","NA (Bni Ansar)",2018,2720.84814453125
"Oriental","Nador","NA (Bni Ansar)",2019,2701.23046875
"Oriental","Nador","NA (Bni Ansar)",2020,2701.11376953125
"Oriental","Nador","NA (Bni Ansar)",2021,2570.97387695312
"Oriental","Nador","NA (Bni Ansar)",2022,2638.65600585938
"Oriental","Nador","NA (Bni Ansar)",2023,2756.2607421875
"Oriental","Nador","NA (Bni Ansar)",2024,3007.87670898438
"Oriental","Nador","NA (Nador)",2012,3906.36352539062
"Oriental","Nador","NA (Nador)",2013,3712.31811523438
"Oriental","Nador","NA (Nador)",2014,3536.7734375
"Oriental","Nador","NA (Nador)",2015,3461.84399414062
"Oriental","Nador","NA (Nador)",2016,3576.10791015625
"Oriental","Nador","NA (Nador)",2017,3790.47631835938
"Oriental","Nador","NA (Nador)",2018,4214.5966796875
"Oriental","Nador","NA (Nador)",2019,4909.69140625
"Oriental","Nador","NA (Nador)",2020,4937.81005859375
"Oriental","Nador","NA (Nador)",2021,4948.236328125
"Oriental","Nador","NA (Nador)",2022,4757.271484375
"Oriental","Nador","NA (Nador)",2023,4752.791015625
"Oriental","Nador","NA (Nador)",2024,4758.45166015625
"Oriental","Nador","NA (Zaio)",2012,685.291076660156
"Oriental","Nador","NA (Zaio)",2013,965.444274902344
"Oriental","Nador","NA (Zaio)",2014,996.947021484375
"Oriental","Nador","NA (Zaio)",2015,1058.06799316406
"Oriental","Nador","NA (Zaio)",2016,1232.66809082031
"Oriental","Nador","NA (Zaio)",2017,1454.83190917969
"Oriental","Nador","NA (Zaio)",2018,1368.896484375
"Oriental","Nador","NA (Zaio)",2019,1481.31115722656
"Oriental","Nador","NA (Zaio)",2020,1418.56567382812
"Oriental","Nador","NA (Zaio)",2021,1473.18676757812
"Oriental","Nador","NA (Zaio)",2022,1491.10778808594
"Oriental","Nador","NA (Zaio)",2023,1468.50561523438
"Oriental","Nador","NA (Zaio)",2024,1465.29650878906
"Oriental","Nador","NA (Zeghanghane)",2012,1884.54968261719
"Oriental","Nador","NA (Zeghanghane)",2013,1833.9814453125
"Oriental","Nador","NA (Zeghanghane)",2014,2165.80932617188
"Oriental","Nador","NA (Zeghanghane)",2015,2217.60302734375
"Oriental","Nador","NA (Zeghanghane)",2016,1994.57495117188
"Oriental","Nador","NA (Zeghanghane)",2017,1887.63623046875
"Oriental","Nador","NA (Zeghanghane)",2018,1907.70837402344
"Oriental","Nador","NA (Zeghanghane)",2019,1833.67712402344
"Oriental","Nador","NA (Zeghanghane)",2020,1845.90649414062
"Oriental","Nador","NA (Zeghanghane)",2021,1832.30932617188
"Oriental","Nador","NA (Zeghanghane)",2022,1979.86572265625
"Oriental","Nador","NA (Zeghanghane)",2023,2110.17700195312
"Oriental","Nador","NA (Zeghanghane)",2024,2046.89672851562
"Oriental","Nador","Rif",2012,3532.81298828125
"Oriental","Nador","Rif",2013,3820.15942382812
"Oriental","Nador","Rif",2014,5125.5
"Oriental","Nador","Rif",2015,5222.65673828125
"Oriental","Nador","Rif",2016,5794.248046875
"Oriental","Nador","Rif",2017,5363.13671875
"Oriental","Nador","Rif",2018,5434.39794921875
"Oriental","Nador","Rif",2019,6012.43359375
"Oriental","Nador","Rif",2020,5140.1884765625
"Oriental","Nador","Rif",2021,6090.40380859375
"Oriental","Nador","Rif",2022,6729.90380859375
"Oriental","Nador","Rif",2023,6894.91552734375
"Oriental","Nador","Rif",2024,6938.81591796875
"Oriental","Oujda Angad","NA (Bni Drar)",2012,1.19221997261047
"Oriental","Oujda Angad","NA (Bni Drar)",2013,1.1356828212738
"Oriental","Oujda Angad","NA (Bni Drar)",2014,5.98525810241699
"Oriental","Oujda Angad","NA (Bni Drar)",2015,10.338716506958
"Oriental","Oujda Angad","NA (Bni Drar)",2016,12.9955759048462
"Oriental","Oujda Angad","NA (Bni Drar)",2017,14.9719877243042
"Oriental","Oujda Angad","NA (Bni Drar)",2018,20.5947589874268
"Oriental","Oujda Angad","NA (Bni Drar)",2019,10.93639087677
"Oriental","Oujda Angad","NA (Bni Drar)",2020,9.21167850494385
"Oriental","Oujda Angad","NA (Bni Drar)",2021,23.136100769043
"Oriental","Oujda Angad","NA (Bni Drar)",2022,24.7968406677246
"Oriental","Oujda Angad","NA (Bni Drar)",2023,25.1851215362549
"Oriental","Oujda Angad","NA (Bni Drar)",2024,12.7635746002197
"Oriental","Oujda Angad","NA (Neima)",2012,0
"Oriental","Oujda Angad","NA (Neima)",2013,0.259820014238358
"Oriental","Oujda Angad","NA (Neima)",2014,0
"Oriental","Oujda Angad","NA (Neima)",2015,0.195289805531502
"Oriental","Oujda Angad","NA (Neima)",2016,0
"Oriental","Oujda Angad","NA (Neima)",2017,0
"Oriental","Oujda Angad","NA (Neima)",2018,0.0247679576277733
"Oriental","Oujda Angad","NA (Neima)",2019,0.259040087461472
"Oriental","Oujda Angad","NA (Neima)",2020,0.0237480532377958
"Oriental","Oujda Angad","NA (Neima)",2021,0.269194304943085
"Oriental","Oujda Angad","NA (Neima)",2022,0.514333665370941
"Oriental","Oujda Angad","NA (Neima)",2023,1.88838517665863
"Oriental","Oujda Angad","NA (Neima)",2024,0.244868606328964
"Oriental","Oujda Angad","NA (Ouad Ennachef Sidi Maafa)",2012,9199.8623046875
"Oriental","Oujda Angad","NA (Ouad Ennachef Sidi Maafa)",2013,10309.58203125
"Oriental","Oujda Angad","NA (Ouad Ennachef Sidi Maafa)",2014,11330.857421875
"Oriental","Oujda Angad","NA (Ouad Ennachef Sidi Maafa)",2015,11459.5849609375
"Oriental","Oujda Angad","NA (Ouad Ennachef Sidi Maafa)",2016,12208.0234375
"Oriental","Oujda Angad","NA (Ouad Ennachef Sidi Maafa)",2017,12272.0107421875
"Oriental","Oujda Angad","NA (Ouad Ennachef Sidi Maafa)",2018,11564.3427734375
"Oriental","Oujda Angad","NA (Ouad Ennachef Sidi Maafa)",2019,11766.5224609375
"Oriental","Oujda Angad","NA (Ouad Ennachef Sidi Maafa)",2020,11415.75
"Oriental","Oujda Angad","NA (Ouad Ennachef Sidi Maafa)",2021,10910.7255859375
"Oriental","Oujda Angad","NA (Ouad Ennachef Sidi Maafa)",2022,10636.3681640625
"Oriental","Oujda Angad","NA (Ouad Ennachef Sidi Maafa)",2023,10281.6474609375
"Oriental","Oujda Angad","NA (Ouad Ennachef Sidi Maafa)",2024,10558.271484375
"Oriental","Oujda Angad","NA (Oujda Sidi Ziane)",2012,2633.11694335938
"Oriental","Oujda Angad","NA (Oujda Sidi Ziane)",2013,2921.53686523438
"Oriental","Oujda Angad","NA (Oujda Sidi Ziane)",2014,3231.23779296875
"Oriental","Oujda Angad","NA (Oujda Sidi Ziane)",2015,3662.7470703125
"Oriental","Oujda Angad","NA (Oujda Sidi Ziane)",2016,3867.25
"Oriental","Oujda Angad","NA (Oujda Sidi Ziane)",2017,4024.9462890625
"Oriental","Oujda Angad","NA (Oujda Sidi Ziane)",2018,3718.93920898438
"Oriental","Oujda Angad","NA (Oujda Sidi Ziane)",2019,3956.15966796875
"Oriental","Oujda Angad","NA (Oujda Sidi Ziane)",2020,3951.17260742188
"Oriental","Oujda Angad","NA (Oujda Sidi Ziane)",2021,3975.6591796875
"Oriental","Oujda Angad","NA (Oujda Sidi Ziane)",2022,3872.90234375
"Oriental","Oujda Angad","NA (Oujda Sidi Ziane)",2023,3938.978515625
"Oriental","Oujda Angad","NA (Oujda Sidi Ziane)",2024,4047.62866210938
"Oriental","Oujda Angad","NA (Sidi Driss El Qadi)",2012,5144.91357421875
"Oriental","Oujda Angad","NA (Sidi Driss El Qadi)",2013,6478.17236328125
"Oriental","Oujda Angad","NA (Sidi Driss El Qadi)",2014,7556.39892578125
"Oriental","Oujda Angad","NA (Sidi Driss El Qadi)",2015,7562.23828125
"Oriental","Oujda Angad","NA (Sidi Driss El Qadi)",2016,7913.56201171875
"Oriental","Oujda Angad","NA (Sidi Driss El Qadi)",2017,8027.3603515625
"Oriental","Oujda Angad","NA (Sidi Driss El Qadi)",2018,7678.75
"Oriental","Oujda Angad","NA (Sidi Driss El Qadi)",2019,7412.72607421875
"Oriental","Oujda Angad","NA (Sidi Driss El Qadi)",2020,6827.85986328125
"Oriental","Oujda Angad","NA (Sidi Driss El Qadi)",2021,6767.6728515625
"Oriental","Oujda Angad","NA (Sidi Driss El Qadi)",2022,6753.7470703125
"Oriental","Oujda Angad","NA (Sidi Driss El Qadi)",2023,6868.25
"Oriental","Oujda Angad","NA (Sidi Driss El Qadi)",2024,7066.134765625
"Oriental","Oujda Angad","NA (Sidi Yahya)",2012,30.4063568115234
"Oriental","Oujda Angad","NA (Sidi Yahya)",2013,28.3186149597168
"Oriental","Oujda Angad","NA (Sidi Yahya)",2014,42.5562019348145
"Oriental","Oujda Angad","NA (Sidi Yahya)",2015,48.6455345153809
"Oriental","Oujda Angad","NA (Sidi Yahya)",2016,51.2870979309082
"Oriental","Oujda Angad","NA (Sidi Yahya)",2017,58.6099014282227
"Oriental","Oujda Angad","NA (Sidi Yahya)",2018,66.7181015014648
"Oriental","Oujda Angad","NA (Sidi Yahya)",2019,66.1666717529297
"Oriental","Oujda Angad","NA (Sidi Yahya)",2020,68.7872009277344
"Oriental","Oujda Angad","NA (Sidi Yahya)",2021,80.1946868896484
"Oriental","Oujda Angad","NA (Sidi Yahya)",2022,80.0520248413086
"Oriental","Oujda Angad","NA (Sidi Yahya)",2023,76.3395004272461
"Oriental","Oujda Angad","NA (Sidi Yahya)",2024,82.7157516479492
"Oriental","Oujda Angad","Oujda Banli",2012,4322.66162109375
"Oriental","Oujda Angad","Oujda Banli",2013,5257.90576171875
"Oriental","Oujda Angad","Oujda Banli",2014,7530.20947265625
"Oriental","Oujda Angad","Oujda Banli",2015,7682.52294921875
"Oriental","Oujda Angad","Oujda Banli",2016,8383.1279296875
"Oriental","Oujda Angad","Oujda Banli",2017,8805.4951171875
"Oriental","Oujda Angad","Oujda Banli",2018,9102.62109375
"Oriental","Oujda Angad","Oujda Banli",2019,8769.8095703125
"Oriental","Oujda Angad","Oujda Banli",2020,7964.07763671875
"Oriental","Oujda Angad","Oujda Banli",2021,8362.4765625
"Oriental","Oujda Angad","Oujda Banli",2022,9389.001953125
"Oriental","Oujda Angad","Oujda Banli",2023,8847.443359375
"Oriental","Oujda Angad","Oujda Banli",2024,8738.751953125
"Rabat - Salé - Zemmour - Zaer","Khémisset","Khemisset",2012,3378.00830078125
"Rabat - Salé - Zemmour - Zaer","Khémisset","Khemisset",2013,3525.93310546875
"Rabat - Salé - Zemmour - Zaer","Khémisset","Khemisset",2014,3608.80712890625
"Rabat - Salé - Zemmour - Zaer","Khémisset","Khemisset",2015,3759.77197265625
"Rabat - Salé - Zemmour - Zaer","Khémisset","Khemisset",2016,3755.1103515625
"Rabat - Salé - Zemmour - Zaer","Khémisset","Khemisset",2017,4183.990234375
"Rabat - Salé - Zemmour - Zaer","Khémisset","Khemisset",2018,3876.03637695312
"Rabat - Salé - Zemmour - Zaer","Khémisset","Khemisset",2019,4361.94677734375
"Rabat - Salé - Zemmour - Zaer","Khémisset","Khemisset",2020,4333.43505859375
"Rabat - Salé - Zemmour - Zaer","Khémisset","Khemisset",2021,4523.60009765625
"Rabat - Salé - Zemmour - Zaer","Khémisset","Khemisset",2022,4831.5576171875
"Rabat - Salé - Zemmour - Zaer","Khémisset","Khemisset",2023,4382.01025390625
"Rabat - Salé - Zemmour - Zaer","Khémisset","Khemisset",2024,4193.6748046875
"Rabat - Salé - Zemmour - Zaer","Khémisset","NA (Khemisset)",2012,112.524269104004
"Rabat - Salé - Zemmour - Zaer","Khémisset","NA (Khemisset)",2013,111.976264953613
"Rabat - Salé - Zemmour - Zaer","Khémisset","NA (Khemisset)",2014,110.86003112793
"Rabat - Salé - Zemmour - Zaer","Khémisset","NA (Khemisset)",2015,122.474884033203
"Rabat - Salé - Zemmour - Zaer","Khémisset","NA (Khemisset)",2016,121.085678100586
"Rabat - Salé - Zemmour - Zaer","Khémisset","NA (Khemisset)",2017,130.056686401367
"Rabat - Salé - Zemmour - Zaer","Khémisset","NA (Khemisset)",2018,132.302764892578
"Rabat - Salé - Zemmour - Zaer","Khémisset","NA (Khemisset)",2019,212.463104248047
"Rabat - Salé - Zemmour - Zaer","Khémisset","NA (Khemisset)",2020,187.966339111328
"Rabat - Salé - Zemmour - Zaer","Khémisset","NA (Khemisset)",2021,199.514770507812
"Rabat - Salé - Zemmour - Zaer","Khémisset","NA (Khemisset)",2022,195.131881713867
"Rabat - Salé - Zemmour - Zaer","Khémisset","NA (Khemisset)",2023,186.259674072266
"Rabat - Salé - Zemmour - Zaer","Khémisset","NA (Khemisset)",2024,161.92170715332
"Rabat - Salé - Zemmour - Zaer","Khémisset","NA (Rommani)",2012,0
"Rabat - Salé - Zemmour - Zaer","Khémisset","NA (Rommani)",2013,0
"Rabat - Salé - Zemmour - Zaer","Khémisset","NA (Rommani)",2014,0
"Rabat - Salé - Zemmour - Zaer","Khémisset","NA (Rommani)",2015,0.322920888662338
"Rabat - Salé - Zemmour - Zaer","Khémisset","NA (Rommani)",2016,0
"Rabat - Salé - Zemmour - Zaer","Khémisset","NA (Rommani)",2017,0
"Rabat - Salé - Zemmour - Zaer","Khémisset","NA (Rommani)",2018,0
"Rabat - Salé - Zemmour - Zaer","Khémisset","NA (Rommani)",2019,0.014178903773427
"Rabat - Salé - Zemmour - Zaer","Khémisset","NA (Rommani)",2020,0
"Rabat - Salé - Zemmour - Zaer","Khémisset","NA (Rommani)",2021,0.216856122016907
"Rabat - Salé - Zemmour - Zaer","Khémisset","NA (Rommani)",2022,1.94234025478363
"Rabat - Salé - Zemmour - Zaer","Khémisset","NA (Rommani)",2023,2.67496752738953
"Rabat - Salé - Zemmour - Zaer","Khémisset","NA (Rommani)",2024,1.47327053546906
"Rabat - Salé - Zemmour - Zaer","Khémisset","NA (Tiflet)",2012,206.495056152344
"Rabat - Salé - Zemmour - Zaer","Khémisset","NA (Tiflet)",2013,191.180099487305
"Rabat - Salé - Zemmour - Zaer","Khémisset","NA (Tiflet)",2014,219.180450439453
"Rabat - Salé - Zemmour - Zaer","Khémisset","NA (Tiflet)",2015,222.16471862793
"Rabat - Salé - Zemmour - Zaer","Khémisset","NA (Tiflet)",2016,323.350250244141
"Rabat - Salé - Zemmour - Zaer","Khémisset","NA (Tiflet)",2017,368.530395507812
"Rabat - Salé - Zemmour - Zaer","Khémisset","NA (Tiflet)",2018,351.12939453125
"Rabat - Salé - Zemmour - Zaer","Khémisset","NA (Tiflet)",2019,425.318084716797
"Rabat - Salé - Zemmour - Zaer","Khémisset","NA (Tiflet)",2020,475.720825195312
"Rabat - Salé - Zemmour - Zaer","Khémisset","NA (Tiflet)",2021,531.723693847656
"Rabat - Salé - Zemmour - Zaer","Khémisset","NA (Tiflet)",2022,547.334045410156
"Rabat - Salé - Zemmour - Zaer","Khémisset","NA (Tiflet)",2023,535.381713867188
"Rabat - Salé - Zemmour - Zaer","Khémisset","NA (Tiflet)",2024,653.467163085938
"Rabat - Salé - Zemmour - Zaer","Khémisset","Oulmes",2012,625.157531738281
"Rabat - Salé - Zemmour - Zaer","Khémisset","Oulmes",2013,840.483154296875
"Rabat - Salé - Zemmour - Zaer","Khémisset","Oulmes",2014,885.723083496094
"Rabat - Salé - Zemmour - Zaer","Khémisset","Oulmes",2015,921.252746582031
"Rabat - Salé - Zemmour - Zaer","Khémisset","Oulmes",2016,1018.21685791016
"Rabat - Salé - Zemmour - Zaer","Khémisset","Oulmes",2017,1364.2421875
"Rabat - Salé - Zemmour - Zaer","Khémisset","Oulmes",2018,1246.65966796875
"Rabat - Salé - Zemmour - Zaer","Khémisset","Oulmes",2019,1289.24499511719
"Rabat - Salé - Zemmour - Zaer","Khémisset","Oulmes",2020,1699.23693847656
"Rabat - Salé - Zemmour - Zaer","Khémisset","Oulmes",2021,1799.28662109375
"Rabat - Salé - Zemmour - Zaer","Khémisset","Oulmes",2022,1968.779296875
"Rabat - Salé - Zemmour - Zaer","Khémisset","Oulmes",2023,1340.57958984375
"Rabat - Salé - Zemmour - Zaer","Khémisset","Oulmes",2024,1628.03540039062
"Rabat - Salé - Zemmour - Zaer","Khémisset","Rommani",2012,622.582153320312
"Rabat - Salé - Zemmour - Zaer","Khémisset","Rommani",2013,636.888549804688
"Rabat - Salé - Zemmour - Zaer","Khémisset","Rommani",2014,683.019897460938
"Rabat - Salé - Zemmour - Zaer","Khémisset","Rommani",2015,739.779968261719
"Rabat - Salé - Zemmour - Zaer","Khémisset","Rommani",2016,925.927856445312
"Rabat - Salé - Zemmour - Zaer","Khémisset","Rommani",2017,978.312194824219
"Rabat - Salé - Zemmour - Zaer","Khémisset","Rommani",2018,867.037048339844
"Rabat - Salé - Zemmour - Zaer","Khémisset","Rommani",2019,1205.25817871094
"Rabat - Salé - Zemmour - Zaer","Khémisset","Rommani",2020,1085.8876953125
"Rabat - Salé - Zemmour - Zaer","Khémisset","Rommani",2021,1137.27819824219
"Rabat - Salé - Zemmour - Zaer","Khémisset","Rommani",2022,1317.69116210938
"Rabat - Salé - Zemmour - Zaer","Khémisset","Rommani",2023,1516.28405761719
"Rabat - Salé - Zemmour - Zaer","Khémisset","Rommani",2024,1436.23217773438
"Rabat - Salé - Zemmour - Zaer","Khémisset","Tiflet",2012,1890.7412109375
"Rabat - Salé - Zemmour - Zaer","Khémisset","Tiflet",2013,1915.51220703125
"Rabat - Salé - Zemmour - Zaer","Khémisset","Tiflet",2014,2216.46313476562
"Rabat - Salé - Zemmour - Zaer","Khémisset","Tiflet",2015,2650.6171875
"Rabat - Salé - Zemmour - Zaer","Khémisset","Tiflet",2016,2896.55712890625
"Rabat - Salé - Zemmour - Zaer","Khémisset","Tiflet",2017,3832.22998046875
"Rabat - Salé - Zemmour - Zaer","Khémisset","Tiflet",2018,3812.27392578125
"Rabat - Salé - Zemmour - Zaer","Khémisset","Tiflet",2019,4777.31298828125
"Rabat - Salé - Zemmour - Zaer","Khémisset","Tiflet",2020,6160.94580078125
"Rabat - Salé - Zemmour - Zaer","Khémisset","Tiflet",2021,6185.44921875
"Rabat - Salé - Zemmour - Zaer","Khémisset","Tiflet",2022,7008.1923828125
"Rabat - Salé - Zemmour - Zaer","Khémisset","Tiflet",2023,6439.8984375
"Rabat - Salé - Zemmour - Zaer","Khémisset","Tiflet",2024,6882.2197265625
"Rabat - Salé - Zemmour - Zaer","Rabat","NA (Agdal Riyad)",2012,5196.76025390625
"Rabat - Salé - Zemmour - Zaer","Rabat","NA (Agdal Riyad)",2013,5067.3515625
"Rabat - Salé - Zemmour - Zaer","Rabat","NA (Agdal Riyad)",2014,5076.310546875
"Rabat - Salé - Zemmour - Zaer","Rabat","NA (Agdal Riyad)",2015,6323.4306640625
"Rabat - Salé - Zemmour - Zaer","Rabat","NA (Agdal Riyad)",2016,6964.3642578125
"Rabat - Salé - Zemmour - Zaer","Rabat","NA (Agdal Riyad)",2017,7453.4912109375
"Rabat - Salé - Zemmour - Zaer","Rabat","NA (Agdal Riyad)",2018,8093.39892578125
"Rabat - Salé - Zemmour - Zaer","Rabat","NA (Agdal Riyad)",2019,9362.763671875
"Rabat - Salé - Zemmour - Zaer","Rabat","NA (Agdal Riyad)",2020,9482.72265625
"Rabat - Salé - Zemmour - Zaer","Rabat","NA (Agdal Riyad)",2021,8591.923828125
"Rabat - Salé - Zemmour - Zaer","Rabat","NA (Agdal Riyad)",2022,11645.171875
"Rabat - Salé - Zemmour - Zaer","Rabat","NA (Agdal Riyad)",2023,12774.9423828125
"Rabat - Salé - Zemmour - Zaer","Rabat","NA (Agdal Riyad)",2024,12726.3896484375
"Rabat - Salé - Zemmour - Zaer","Rabat","NA (El Youssoufia)",2012,7225.3642578125
"Rabat - Salé - Zemmour - Zaer","Rabat","NA (El Youssoufia)",2013,7144.439453125
"Rabat - Salé - Zemmour - Zaer","Rabat","NA (El Youssoufia)",2014,7512.7724609375
"Rabat - Salé - Zemmour - Zaer","Rabat","NA (El Youssoufia)",2015,8265.1572265625
"Rabat - Salé - Zemmour - Zaer","Rabat","NA (El Youssoufia)",2016,9569.451171875
"Rabat - Salé - Zemmour - Zaer","Rabat","NA (El Youssoufia)",2017,10765.2998046875
"Rabat - Salé - Zemmour - Zaer","Rabat","NA (El Youssoufia)",2018,10919.623046875
"Rabat - Salé - Zemmour - Zaer","Rabat","NA (El Youssoufia)",2019,12048.50390625
"Rabat - Salé - Zemmour - Zaer","Rabat","NA (El Youssoufia)",2020,12584.5947265625
"Rabat - Salé - Zemmour - Zaer","Rabat","NA (El Youssoufia)",2021,12661.9970703125
"Rabat - Salé - Zemmour - Zaer","Rabat","NA (El Youssoufia)",2022,12863.0869140625
"Rabat - Salé - Zemmour - Zaer","Rabat","NA (El Youssoufia)",2023,13440.904296875
"Rabat - Salé - Zemmour - Zaer","Rabat","NA (El Youssoufia)",2024,13924.1533203125
"Rabat - Salé - Zemmour - Zaer","Rabat","NA (Rabat Hassan)",2012,4454.31787109375
"Rabat - Salé - Zemmour - Zaer","Rabat","NA (Rabat Hassan)",2013,4238.416015625
"Rabat - Salé - Zemmour - Zaer","Rabat","NA (Rabat Hassan)",2014,4256.14501953125
"Rabat - Salé - Zemmour - Zaer","Rabat","NA (Rabat Hassan)",2015,4592.45166015625
"Rabat - Salé - Zemmour - Zaer","Rabat","NA (Rabat Hassan)",2016,4888.58056640625
"Rabat - Salé - Zemmour - Zaer","Rabat","NA (Rabat Hassan)",2017,5106.068359375
"Rabat - Salé - Zemmour - Zaer","Rabat","NA (Rabat Hassan)",2018,5562.474609375
"Rabat - Salé - Zemmour - Zaer","Rabat","NA (Rabat Hassan)",2019,5888.251953125
"Rabat - Salé - Zemmour - Zaer","Rabat","NA (Rabat Hassan)",2020,6847.90234375
"Rabat - Salé - Zemmour - Zaer","Rabat","NA (Rabat Hassan)",2021,6299.3056640625
"Rabat - Salé - Zemmour - Zaer","Rabat","NA (Rabat Hassan)",2022,10431.1474609375
"Rabat - Salé - Zemmour - Zaer","Rabat","NA (Rabat Hassan)",2023,13696.5048828125
"Rabat - Salé - Zemmour - Zaer","Rabat","NA (Rabat Hassan)",2024,13877.0625
"Rabat - Salé - Zemmour - Zaer","Rabat","NA (Touarga)",2012,828.607238769531
"Rabat - Salé - Zemmour - Zaer","Rabat","NA (Touarga)",2013,795.589477539062
"Rabat - Salé - Zemmour - Zaer","Rabat","NA (Touarga)",2014,842.994323730469
"Rabat - Salé - Zemmour - Zaer","Rabat","NA (Touarga)",2015,865.728210449219
"Rabat - Salé - Zemmour - Zaer","Rabat","NA (Touarga)",2016,850.243225097656
"Rabat - Salé - Zemmour - Zaer","Rabat","NA (Touarga)",2017,1010.75732421875
"Rabat - Salé - Zemmour - Zaer","Rabat","NA (Touarga)",2018,1231.80029296875
"Rabat - Salé - Zemmour - Zaer","Rabat","NA (Touarga)",2019,1353.24377441406
"Rabat - Salé - Zemmour - Zaer","Rabat","NA (Touarga)",2020,1404.90966796875
"Rabat - Salé - Zemmour - Zaer","Rabat","NA (Touarga)",2021,1362.705078125
"Rabat - Salé - Zemmour - Zaer","Rabat","NA (Touarga)",2022,1832.62634277344
"Rabat - Salé - Zemmour - Zaer","Rabat","NA (Touarga)",2023,2092.72729492188
"Rabat - Salé - Zemmour - Zaer","Rabat","NA (Touarga)",2024,2038.24438476562
"Rabat - Salé - Zemmour - Zaer","Rabat","NA (Yacoub El Mansour)",2012,6708.2216796875
"Rabat - Salé - Zemmour - Zaer","Rabat","NA (Yacoub El Mansour)",2013,6575.1796875
"Rabat - Salé - Zemmour - Zaer","Rabat","NA (Yacoub El Mansour)",2014,6657.33203125
"Rabat - Salé - Zemmour - Zaer","Rabat","NA (Yacoub El Mansour)",2015,7167.74951171875
"Rabat - Salé - Zemmour - Zaer","Rabat","NA (Yacoub El Mansour)",2016,10026.5205078125
"Rabat - Salé - Zemmour - Zaer","Rabat","NA (Yacoub El Mansour)",2017,10980.265625
"Rabat - Salé - Zemmour - Zaer","Rabat","NA (Yacoub El Mansour)",2018,11883.111328125
"Rabat - Salé - Zemmour - Zaer","Rabat","NA (Yacoub El Mansour)",2019,12757.4267578125
"Rabat - Salé - Zemmour - Zaer","Rabat","NA (Yacoub El Mansour)",2020,13581.2236328125
"Rabat - Salé - Zemmour - Zaer","Rabat","NA (Yacoub El Mansour)",2021,13141.05859375
"Rabat - Salé - Zemmour - Zaer","Rabat","NA (Yacoub El Mansour)",2022,13557.1826171875
"Rabat - Salé - Zemmour - Zaer","Rabat","NA (Yacoub El Mansour)",2023,13878.3701171875
"Rabat - Salé - Zemmour - Zaer","Rabat","NA (Yacoub El Mansour)",2024,14540.2568359375
"Rabat - Salé - Zemmour - Zaer","Salé","NA (Hssaine)",2012,5121.97705078125
"Rabat - Salé - Zemmour - Zaer","Salé","NA (Hssaine)",2013,5038.25537109375
"Rabat - Salé - Zemmour - Zaer","Salé","NA (Hssaine)",2014,4719.3271484375
"Rabat - Salé - Zemmour - Zaer","Salé","NA (Hssaine)",2015,4769.255859375
"Rabat - Salé - Zemmour - Zaer","Salé","NA (Hssaine)",2016,4831.5966796875
"Rabat - Salé - Zemmour - Zaer","Salé","NA (Hssaine)",2017,5466.85107421875
"Rabat - Salé - Zemmour - Zaer","Salé","NA (Hssaine)",2018,5324.94873046875
"Rabat - Salé - Zemmour - Zaer","Salé","NA (Hssaine)",2019,5422.61669921875
"Rabat - Salé - Zemmour - Zaer","Salé","NA (Hssaine)",2020,5971.45849609375
"Rabat - Salé - Zemmour - Zaer","Salé","NA (Hssaine)",2021,6361.54248046875
"Rabat - Salé - Zemmour - Zaer","Salé","NA (Hssaine)",2022,7339.7197265625
"Rabat - Salé - Zemmour - Zaer","Salé","NA (Hssaine)",2023,8150.65087890625
"Rabat - Salé - Zemmour - Zaer","Salé","NA (Hssaine)",2024,8180.3779296875
"Rabat - Salé - Zemmour - Zaer","Salé","NA (Sale Bab Lamrissa)",2012,3691.27099609375
"Rabat - Salé - Zemmour - Zaer","Salé","NA (Sale Bab Lamrissa)",2013,3513.13354492188
"Rabat - Salé - Zemmour - Zaer","Salé","NA (Sale Bab Lamrissa)",2014,3642.63647460938
"Rabat - Salé - Zemmour - Zaer","Salé","NA (Sale Bab Lamrissa)",2015,3426.15795898438
"Rabat - Salé - Zemmour - Zaer","Salé","NA (Sale Bab Lamrissa)",2016,3534.81030273438
"Rabat - Salé - Zemmour - Zaer","Salé","NA (Sale Bab Lamrissa)",2017,3349.53735351562
"Rabat - Salé - Zemmour - Zaer","Salé","NA (Sale Bab Lamrissa)",2018,3220.1591796875
"Rabat - Salé - Zemmour - Zaer","Salé","NA (Sale Bab Lamrissa)",2019,3222.84057617188
"Rabat - Salé - Zemmour - Zaer","Salé","NA (Sale Bab Lamrissa)",2020,3446.97045898438
"Rabat - Salé - Zemmour - Zaer","Salé","NA (Sale Bab Lamrissa)",2021,3603.076171875
"Rabat - Salé - Zemmour - Zaer","Salé","NA (Sale Bab Lamrissa)",2022,4200.919921875
"Rabat - Salé - Zemmour - Zaer","Salé","NA (Sale Bab Lamrissa)",2023,4645.37353515625
"Rabat - Salé - Zemmour - Zaer","Salé","NA (Sale Bab Lamrissa)",2024,4336.0380859375
"Rabat - Salé - Zemmour - Zaer","Salé","NA (Sale Bettana)",2012,1939.28759765625
"Rabat - Salé - Zemmour - Zaer","Salé","NA (Sale Bettana)",2013,1830.24450683594
"Rabat - Salé - Zemmour - Zaer","Salé","NA (Sale Bettana)",2014,1699.38537597656
"Rabat - Salé - Zemmour - Zaer","Salé","NA (Sale Bettana)",2015,1686.52429199219
"Rabat - Salé - Zemmour - Zaer","Salé","NA (Sale Bettana)",2016,1688.69665527344
"Rabat - Salé - Zemmour - Zaer","Salé","NA (Sale Bettana)",2017,1607.44055175781
"Rabat - Salé - Zemmour - Zaer","Salé","NA (Sale Bettana)",2018,1688.59350585938
"Rabat - Salé - Zemmour - Zaer","Salé","NA (Sale Bettana)",2019,1785.50646972656
"Rabat - Salé - Zemmour - Zaer","Salé","NA (Sale Bettana)",2020,2107.51708984375
"Rabat - Salé - Zemmour - Zaer","Salé","NA (Sale Bettana)",2021,2142.53637695312
"Rabat - Salé - Zemmour - Zaer","Salé","NA (Sale Bettana)",2022,2490.78515625
"Rabat - Salé - Zemmour - Zaer","Salé","NA (Sale Bettana)",2023,2666.5849609375
"Rabat - Salé - Zemmour - Zaer","Salé","NA (Sale Bettana)",2024,2519.79541015625
"Rabat - Salé - Zemmour - Zaer","Salé","NA (Sale Laayayda)",2012,1078.57824707031
"Rabat - Salé - Zemmour - Zaer","Salé","NA (Sale Laayayda)",2013,1158.97351074219
"Rabat - Salé - Zemmour - Zaer","Salé","NA (Sale Laayayda)",2014,1285.77282714844
"Rabat - Salé - Zemmour - Zaer","Salé","NA (Sale Laayayda)",2015,1304.11474609375
"Rabat - Salé - Zemmour - Zaer","Salé","NA (Sale Laayayda)",2016,1493.94104003906
"Rabat - Salé - Zemmour - Zaer","Salé","NA (Sale Laayayda)",2017,1663.72143554688
"Rabat - Salé - Zemmour - Zaer","Salé","NA (Sale Laayayda)",2018,1720.15051269531
"Rabat - Salé - Zemmour - Zaer","Salé","NA (Sale Laayayda)",2019,1855.60986328125
"Rabat - Salé - Zemmour - Zaer","Salé","NA (Sale Laayayda)",2020,1967.38427734375
"Rabat - Salé - Zemmour - Zaer","Salé","NA (Sale Laayayda)",2021,2112.06567382812
"Rabat - Salé - Zemmour - Zaer","Salé","NA (Sale Laayayda)",2022,2316.98852539062
"Rabat - Salé - Zemmour - Zaer","Salé","NA (Sale Laayayda)",2023,2435.19091796875
"Rabat - Salé - Zemmour - Zaer","Salé","NA (Sale Laayayda)",2024,2509.43090820312
"Rabat - Salé - Zemmour - Zaer","Salé","NA (Sale Tabriquet)",2012,3047.35083007812
"Rabat - Salé - Zemmour - Zaer","Salé","NA (Sale Tabriquet)",2013,3048.7119140625
"Rabat - Salé - Zemmour - Zaer","Salé","NA (Sale Tabriquet)",2014,3004.59204101562
"Rabat - Salé - Zemmour - Zaer","Salé","NA (Sale Tabriquet)",2015,2855.10400390625
"Rabat - Salé - Zemmour - Zaer","Salé","NA (Sale Tabriquet)",2016,2671.22534179688
"Rabat - Salé - Zemmour - Zaer","Salé","NA (Sale Tabriquet)",2017,2627.9658203125
"Rabat - Salé - Zemmour - Zaer","Salé","NA (Sale Tabriquet)",2018,2466.67822265625
"Rabat - Salé - Zemmour - Zaer","Salé","NA (Sale Tabriquet)",2019,2487.521484375
"Rabat - Salé - Zemmour - Zaer","Salé","NA (Sale Tabriquet)",2020,2698.15209960938
"Rabat - Salé - Zemmour - Zaer","Salé","NA (Sale Tabriquet)",2021,2877.65502929688
"Rabat - Salé - Zemmour - Zaer","Salé","NA (Sale Tabriquet)",2022,3057.82250976562
"Rabat - Salé - Zemmour - Zaer","Salé","NA (Sale Tabriquet)",2023,3314.21850585938
"Rabat - Salé - Zemmour - Zaer","Salé","NA (Sale Tabriquet)",2024,3307.34497070312
"Rabat - Salé - Zemmour - Zaer","Salé","Sale Banlie",2012,1299.22229003906
"Rabat - Salé - Zemmour - Zaer","Salé","Sale Banlie",2013,1306.4130859375
"Rabat - Salé - Zemmour - Zaer","Salé","Sale Banlie",2014,1785.30212402344
"Rabat - Salé - Zemmour - Zaer","Salé","Sale Banlie",2015,1912.1103515625
"Rabat - Salé - Zemmour - Zaer","Salé","Sale Banlie",2016,2192.4677734375
"Rabat - Salé - Zemmour - Zaer","Salé","Sale Banlie",2017,2604.0498046875
"Rabat - Salé - Zemmour - Zaer","Salé","Sale Banlie",2018,2688.5029296875
"Rabat - Salé - Zemmour - Zaer","Salé","Sale Banlie",2019,3041.9404296875
"Rabat - Salé - Zemmour - Zaer","Salé","Sale Banlie",2020,3256.54931640625
"Rabat - Salé - Zemmour - Zaer","Salé","Sale Banlie",2021,3638.35766601562
"Rabat - Salé - Zemmour - Zaer","Salé","Sale Banlie",2022,4275.3466796875
"Rabat - Salé - Zemmour - Zaer","Salé","Sale Banlie",2023,4777.291015625
"Rabat - Salé - Zemmour - Zaer","Salé","Sale Banlie",2024,4571.35107421875
"Rabat - Salé - Zemmour - Zaer","Skhirate-Témara","Ain El Aoud",2012,3901.91479492188
"Rabat - Salé - Zemmour - Zaer","Skhirate-Témara","Ain El Aoud",2013,3655.51904296875
"Rabat - Salé - Zemmour - Zaer","Skhirate-Témara","Ain El Aoud",2014,4308.76123046875
"Rabat - Salé - Zemmour - Zaer","Skhirate-Témara","Ain El Aoud",2015,4696.2109375
"Rabat - Salé - Zemmour - Zaer","Skhirate-Témara","Ain El Aoud",2016,5977.73095703125
"Rabat - Salé - Zemmour - Zaer","Skhirate-Témara","Ain El Aoud",2017,6608.611328125
"Rabat - Salé - Zemmour - Zaer","Skhirate-Témara","Ain El Aoud",2018,6519.79833984375
"Rabat - Salé - Zemmour - Zaer","Skhirate-Témara","Ain El Aoud",2019,7260.76513671875
"Rabat - Salé - Zemmour - Zaer","Skhirate-Témara","Ain El Aoud",2020,7800.3017578125
"Rabat - Salé - Zemmour - Zaer","Skhirate-Témara","Ain El Aoud",2021,8186.03271484375
"Rabat - Salé - Zemmour - Zaer","Skhirate-Témara","Ain El Aoud",2022,9461.8798828125
"Rabat - Salé - Zemmour - Zaer","Skhirate-Témara","Ain El Aoud",2023,10371.9287109375
"Rabat - Salé - Zemmour - Zaer","Skhirate-Témara","Ain El Aoud",2024,10920.5595703125
"Rabat - Salé - Zemmour - Zaer","Skhirate-Témara","NA (Ain El Aouda)",2012,1552.69836425781
"Rabat - Salé - Zemmour - Zaer","Skhirate-Témara","NA (Ain El Aouda)",2013,1657.06164550781
"Rabat - Salé - Zemmour - Zaer","Skhirate-Témara","NA (Ain El Aouda)",2014,1735.82312011719
"Rabat - Salé - Zemmour - Zaer","Skhirate-Témara","NA (Ain El Aouda)",2015,2058.19067382812
"Rabat - Salé - Zemmour - Zaer","Skhirate-Témara","NA (Ain El Aouda)",2016,2117.88671875
"Rabat - Salé - Zemmour - Zaer","Skhirate-Témara","NA (Ain El Aouda)",2017,2365.36791992188
"Rabat - Salé - Zemmour - Zaer","Skhirate-Témara","NA (Ain El Aouda)",2018,2352.98754882812
"Rabat - Salé - Zemmour - Zaer","Skhirate-Témara","NA (Ain El Aouda)",2019,2878.9833984375
"Rabat - Salé - Zemmour - Zaer","Skhirate-Témara","NA (Ain El Aouda)",2020,3249.12646484375
"Rabat - Salé - Zemmour - Zaer","Skhirate-Témara","NA (Ain El Aouda)",2021,3196.53271484375
"Rabat - Salé - Zemmour - Zaer","Skhirate-Témara","NA (Ain El Aouda)",2022,4162.30908203125
"Rabat - Salé - Zemmour - Zaer","Skhirate-Témara","NA (Ain El Aouda)",2023,4381.94677734375
"Rabat - Salé - Zemmour - Zaer","Skhirate-Témara","NA (Ain El Aouda)",2024,4444.99755859375
"Rabat - Salé - Zemmour - Zaer","Skhirate-Témara","NA (Harhoura)",2012,1743.6240234375
"Rabat - Salé - Zemmour - Zaer","Skhirate-Témara","NA (Harhoura)",2013,1695.798828125
"Rabat - Salé - Zemmour - Zaer","Skhirate-Témara","NA (Harhoura)",2014,1760.99731445312
"Rabat - Salé - Zemmour - Zaer","Skhirate-Témara","NA (Harhoura)",2015,1893.505859375
"Rabat - Salé - Zemmour - Zaer","Skhirate-Témara","NA (Harhoura)",2016,2344.6591796875
"Rabat - Salé - Zemmour - Zaer","Skhirate-Témara","NA (Harhoura)",2017,2435.39526367188
"Rabat - Salé - Zemmour - Zaer","Skhirate-Témara","NA (Harhoura)",2018,2645.86767578125
"Rabat - Salé - Zemmour - Zaer","Skhirate-Témara","NA (Harhoura)",2019,2640.06909179688
"Rabat - Salé - Zemmour - Zaer","Skhirate-Témara","NA (Harhoura)",2020,2716.94287109375
"Rabat - Salé - Zemmour - Zaer","Skhirate-Témara","NA (Harhoura)",2021,2870.40698242188
"Rabat - Salé - Zemmour - Zaer","Skhirate-Témara","NA (Harhoura)",2022,3340.95288085938
"Rabat - Salé - Zemmour - Zaer","Skhirate-Témara","NA (Harhoura)",2023,3594.42578125
"Rabat - Salé - Zemmour - Zaer","Skhirate-Témara","NA (Harhoura)",2024,3906.0400390625
"Rabat - Salé - Zemmour - Zaer","Skhirate-Témara","NA (Skhirate)",2012,1470.04016113281
"Rabat - Salé - Zemmour - Zaer","Skhirate-Témara","NA (Skhirate)",2013,1711.4873046875
"Rabat - Salé - Zemmour - Zaer","Skhirate-Témara","NA (Skhirate)",2014,1706.61645507812
"Rabat - Salé - Zemmour - Zaer","Skhirate-Témara","NA (Skhirate)",2015,1853.84497070312
"Rabat - Salé - Zemmour - Zaer","Skhirate-Témara","NA (Skhirate)",2016,1914.99182128906
"Rabat - Salé - Zemmour - Zaer","Skhirate-Témara","NA (Skhirate)",2017,1982.87341308594
"Rabat - Salé - Zemmour - Zaer","Skhirate-Témara","NA (Skhirate)",2018,2151.3642578125
"Rabat - Salé - Zemmour - Zaer","Skhirate-Témara","NA (Skhirate)",2019,2312.275390625
"Rabat - Salé - Zemmour - Zaer","Skhirate-Témara","NA (Skhirate)",2020,2327.9365234375
"Rabat - Salé - Zemmour - Zaer","Skhirate-Témara","NA (Skhirate)",2021,2362.201171875
"Rabat - Salé - Zemmour - Zaer","Skhirate-Témara","NA (Skhirate)",2022,2673.28247070312
"Rabat - Salé - Zemmour - Zaer","Skhirate-Témara","NA (Skhirate)",2023,3236.79443359375
"Rabat - Salé - Zemmour - Zaer","Skhirate-Témara","NA (Skhirate)",2024,3839.9453125
"Rabat - Salé - Zemmour - Zaer","Skhirate-Témara","NA (Temara)",2012,4905.7177734375
"Rabat - Salé - Zemmour - Zaer","Skhirate-Témara","NA (Temara)",2013,4919.56787109375
"Rabat - Salé - Zemmour - Zaer","Skhirate-Témara","NA (Temara)",2014,4777.9326171875
"Rabat - Salé - Zemmour - Zaer","Skhirate-Témara","NA (Temara)",2015,5386.609375
"Rabat - Salé - Zemmour - Zaer","Skhirate-Témara","NA (Temara)",2016,5743.44775390625
"Rabat - Salé - Zemmour - Zaer","Skhirate-Témara","NA (Temara)",2017,5904.8876953125
"Rabat - Salé - Zemmour - Zaer","Skhirate-Témara","NA (Temara)",2018,6022.3212890625
"Rabat - Salé - Zemmour - Zaer","Skhirate-Témara","NA (Temara)",2019,5978.486328125
"Rabat - Salé - Zemmour - Zaer","Skhirate-Témara","NA (Temara)",2020,5992.1064453125
"Rabat - Salé - Zemmour - Zaer","Skhirate-Témara","NA (Temara)",2021,5776.72900390625
"Rabat - Salé - Zemmour - Zaer","Skhirate-Témara","NA (Temara)",2022,5996.6552734375
"Rabat - Salé - Zemmour - Zaer","Skhirate-Témara","NA (Temara)",2023,6663.84326171875
"Rabat - Salé - Zemmour - Zaer","Skhirate-Témara","NA (Temara)",2024,7454.67822265625
"Rabat - Salé - Zemmour - Zaer","Skhirate-Témara","Temara",2012,6298.998046875
"Rabat - Salé - Zemmour - Zaer","Skhirate-Témara","Temara",2013,6672.06982421875
"Rabat - Salé - Zemmour - Zaer","Skhirate-Témara","Temara",2014,6704.53955078125
"Rabat - Salé - Zemmour - Zaer","Skhirate-Témara","Temara",2015,7820.3212890625
"Rabat - Salé - Zemmour - Zaer","Skhirate-Témara","Temara",2016,8459.4541015625
"Rabat - Salé - Zemmour - Zaer","Skhirate-Témara","Temara",2017,8831.8994140625
"Rabat - Salé - Zemmour - Zaer","Skhirate-Témara","Temara",2018,8777.7890625
"Rabat - Salé - Zemmour - Zaer","Skhirate-Témara","Temara",2019,9162.8203125
"Rabat - Salé - Zemmour - Zaer","Skhirate-Témara","Temara",2020,9861.6298828125
"Rabat - Salé - Zemmour - Zaer","Skhirate-Témara","Temara",2021,10769.205078125
"Rabat - Salé - Zemmour - Zaer","Skhirate-Témara","Temara",2022,11809.296875
"Rabat - Salé - Zemmour - Zaer","Skhirate-Témara","Temara",2023,12250.4072265625
"Rabat - Salé - Zemmour - Zaer","Skhirate-Témara","Temara",2024,12790.7109375
"Souss - Massa - Draâ","Agadir-Ida ou Tanane","Agadir Banl",2012,5400.66943359375
"Souss - Massa - Draâ","Agadir-Ida ou Tanane","Agadir Banl",2013,5132.79296875
"Souss - Massa - Draâ","Agadir-Ida ou Tanane","Agadir Banl",2014,5496.23974609375
"Souss - Massa - Draâ","Agadir-Ida ou Tanane","Agadir Banl",2015,5687.68896484375
"Souss - Massa - Draâ","Agadir-Ida ou Tanane","Agadir Banl",2016,6284.85498046875
"Souss - Massa - Draâ","Agadir-Ida ou Tanane","Agadir Banl",2017,6665.5732421875
"Souss - Massa - Draâ","Agadir-Ida ou Tanane","Agadir Banl",2018,7144.76904296875
"Souss - Massa - Draâ","Agadir-Ida ou Tanane","Agadir Banl",2019,7655.169921875
"Souss - Massa - Draâ","Agadir-Ida ou Tanane","Agadir Banl",2020,8381.009765625
"Souss - Massa - Draâ","Agadir-Ida ou Tanane","Agadir Banl",2021,8663.021484375
"Souss - Massa - Draâ","Agadir-Ida ou Tanane","Agadir Banl",2022,9851.98046875
"Souss - Massa - Draâ","Agadir-Ida ou Tanane","Agadir Banl",2023,10271.9541015625
"Souss - Massa - Draâ","Agadir-Ida ou Tanane","Agadir Banl",2024,11176.7529296875
"Souss - Massa - Draâ","Agadir-Ida ou Tanane","NA (Agadir)",2012,14682.8896484375
"Souss - Massa - Draâ","Agadir-Ida ou Tanane","NA (Agadir)",2013,13833.1279296875
"Souss - Massa - Draâ","Agadir-Ida ou Tanane","NA (Agadir)",2014,12878.111328125
"Souss - Massa - Draâ","Agadir-Ida ou Tanane","NA (Agadir)",2015,12798.9130859375
"Souss - Massa - Draâ","Agadir-Ida ou Tanane","NA (Agadir)",2016,13008.986328125
"Souss - Massa - Draâ","Agadir-Ida ou Tanane","NA (Agadir)",2017,12650.6044921875
"Souss - Massa - Draâ","Agadir-Ida ou Tanane","NA (Agadir)",2018,12630.1142578125
"Souss - Massa - Draâ","Agadir-Ida ou Tanane","NA (Agadir)",2019,12635.109375
"Souss - Massa - Draâ","Agadir-Ida ou Tanane","NA (Agadir)",2020,12160.548828125
"Souss - Massa - Draâ","Agadir-Ida ou Tanane","NA (Agadir)",2021,11799.1572265625
"Souss - Massa - Draâ","Agadir-Ida ou Tanane","NA (Agadir)",2022,13223.2587890625
"Souss - Massa - Draâ","Agadir-Ida ou Tanane","NA (Agadir)",2023,14659.626953125
"Souss - Massa - Draâ","Agadir-Ida ou Tanane","NA (Agadir)",2024,16540.44140625
"Souss - Massa - Draâ","Agadir-Ida ou Tanane","NA (Anza)",2012,1829.48986816406
"Souss - Massa - Draâ","Agadir-Ida ou Tanane","NA (Anza)",2013,1871.4423828125
"Souss - Massa - Draâ","Agadir-Ida ou Tanane","NA (Anza)",2014,1760.11779785156
"Souss - Massa - Draâ","Agadir-Ida ou Tanane","NA (Anza)",2015,1707.16540527344
"Souss - Massa - Draâ","Agadir-Ida ou Tanane","NA (Anza)",2016,1805.38549804688
"Souss - Massa - Draâ","Agadir-Ida ou Tanane","NA (Anza)",2017,1711.50024414062
"Souss - Massa - Draâ","Agadir-Ida ou Tanane","NA (Anza)",2018,1765.30187988281
"Souss - Massa - Draâ","Agadir-Ida ou Tanane","NA (Anza)",2019,1925.89733886719
"Souss - Massa - Draâ","Agadir-Ida ou Tanane","NA (Anza)",2020,1908.22375488281
"Souss - Massa - Draâ","Agadir-Ida ou Tanane","NA (Anza)",2021,1763.36682128906
"Souss - Massa - Draâ","Agadir-Ida ou Tanane","NA (Anza)",2022,1868.58581542969
"Souss - Massa - Draâ","Agadir-Ida ou Tanane","NA (Anza)",2023,2026.67224121094
"Souss - Massa - Draâ","Agadir-Ida ou Tanane","NA (Anza)",2024,2775.44848632812
"Souss - Massa - Draâ","Agadir-Ida ou Tanane","NA (Bensergao)",2012,4524.13330078125
"Souss - Massa - Draâ","Agadir-Ida ou Tanane","NA (Bensergao)",2013,4309.70361328125
"Souss - Massa - Draâ","Agadir-Ida ou Tanane","NA (Bensergao)",2014,4056.18676757812
"Souss - Massa - Draâ","Agadir-Ida ou Tanane","NA (Bensergao)",2015,4222.86279296875
"Souss - Massa - Draâ","Agadir-Ida ou Tanane","NA (Bensergao)",2016,4153.75830078125
"Souss - Massa - Draâ","Agadir-Ida ou Tanane","NA (Bensergao)",2017,4186.4326171875
"Souss - Massa - Draâ","Agadir-Ida ou Tanane","NA (Bensergao)",2018,4205.30126953125
"Souss - Massa - Draâ","Agadir-Ida ou Tanane","NA (Bensergao)",2019,4370.78076171875
"Souss - Massa - Draâ","Agadir-Ida ou Tanane","NA (Bensergao)",2020,4348.83251953125
"Souss - Massa - Draâ","Agadir-Ida ou Tanane","NA (Bensergao)",2021,4295.81201171875
"Souss - Massa - Draâ","Agadir-Ida ou Tanane","NA (Bensergao)",2022,4361.44921875
"Souss - Massa - Draâ","Agadir-Ida ou Tanane","NA (Bensergao)",2023,4339.07568359375
"Souss - Massa - Draâ","Agadir-Ida ou Tanane","NA (Bensergao)",2024,4492.13525390625
"Souss - Massa - Draâ","Agadir-Ida ou Tanane","NA (Tikouine)",2012,1805.3701171875
"Souss - Massa - Draâ","Agadir-Ida ou Tanane","NA (Tikouine)",2013,1859.92883300781
"Souss - Massa - Draâ","Agadir-Ida ou Tanane","NA (Tikouine)",2014,1968.25671386719
"Souss - Massa - Draâ","Agadir-Ida ou Tanane","NA (Tikouine)",2015,2311.04248046875
"Souss - Massa - Draâ","Agadir-Ida ou Tanane","NA (Tikouine)",2016,2472.09936523438
"Souss - Massa - Draâ","Agadir-Ida ou Tanane","NA (Tikouine)",2017,2453.90698242188
"Souss - Massa - Draâ","Agadir-Ida ou Tanane","NA (Tikouine)",2018,2389.78442382812
"Souss - Massa - Draâ","Agadir-Ida ou Tanane","NA (Tikouine)",2019,2515.67626953125
"Souss - Massa - Draâ","Agadir-Ida ou Tanane","NA (Tikouine)",2020,2494.12109375
"Souss - Massa - Draâ","Agadir-Ida ou Tanane","NA (Tikouine)",2021,2542.37817382812
"Souss - Massa - Draâ","Agadir-Ida ou Tanane","NA (Tikouine)",2022,3003.3173828125
"Souss - Massa - Draâ","Agadir-Ida ou Tanane","NA (Tikouine)",2023,2804.88916015625
"Souss - Massa - Draâ","Agadir-Ida ou Tanane","NA (Tikouine)",2024,2857.27197265625
"Souss - Massa - Draâ","Chtouka-Aït Baha","Ait Baha",2012,192.115676879883
"Souss - Massa - Draâ","Chtouka-Aït Baha","Ait Baha",2013,170.846862792969
"Souss - Massa - Draâ","Chtouka-Aït Baha","Ait Baha",2014,180.176147460938
"Souss - Massa - Draâ","Chtouka-Aït Baha","Ait Baha",2015,183.494293212891
"Souss - Massa - Draâ","Chtouka-Aït Baha","Ait Baha",2016,171.952163696289
"Souss - Massa - Draâ","Chtouka-Aït Baha","Ait Baha",2017,168.63591003418
"Souss - Massa - Draâ","Chtouka-Aït Baha","Ait Baha",2018,153.22770690918
"Souss - Massa - Draâ","Chtouka-Aït Baha","Ait Baha",2019,187.752655029297
"Souss - Massa - Draâ","Chtouka-Aït Baha","Ait Baha",2020,234.667556762695
"Souss - Massa - Draâ","Chtouka-Aït Baha","Ait Baha",2021,284.714538574219
"Souss - Massa - Draâ","Chtouka-Aït Baha","Ait Baha",2022,286.598785400391
"Souss - Massa - Draâ","Chtouka-Aït Baha","Ait Baha",2023,266.701812744141
"Souss - Massa - Draâ","Chtouka-Aït Baha","Ait Baha",2024,246.90934753418
"Souss - Massa - Draâ","Chtouka-Aït Baha","Belfaa Mass",2012,797.015502929688
"Souss - Massa - Draâ","Chtouka-Aït Baha","Belfaa Mass",2013,791.064208984375
"Souss - Massa - Draâ","Chtouka-Aït Baha","Belfaa Mass",2014,1090.01623535156
"Souss - Massa - Draâ","Chtouka-Aït Baha","Belfaa Mass",2015,1236.0830078125
"Souss - Massa - Draâ","Chtouka-Aït Baha","Belfaa Mass",2016,1442.42456054688
"Souss - Massa - Draâ","Chtouka-Aït Baha","Belfaa Mass",2017,1515.24816894531
"Souss - Massa - Draâ","Chtouka-Aït Baha","Belfaa Mass",2018,1389.29699707031
"Souss - Massa - Draâ","Chtouka-Aït Baha","Belfaa Mass",2019,1317.38293457031
"Souss - Massa - Draâ","Chtouka-Aït Baha","Belfaa Mass",2020,1187.97326660156
"Souss - Massa - Draâ","Chtouka-Aït Baha","Belfaa Mass",2021,1642.63354492188
"Souss - Massa - Draâ","Chtouka-Aït Baha","Belfaa Mass",2022,2315.21997070312
"Souss - Massa - Draâ","Chtouka-Aït Baha","Belfaa Mass",2023,2372.390625
"Souss - Massa - Draâ","Chtouka-Aït Baha","Belfaa Mass",2024,2143.068359375
"Souss - Massa - Draâ","Chtouka-Aït Baha","Biougra",2012,3778.76000976562
"Souss - Massa - Draâ","Chtouka-Aït Baha","Biougra",2013,3641.60668945312
"Souss - Massa - Draâ","Chtouka-Aït Baha","Biougra",2014,4247.775390625
"Souss - Massa - Draâ","Chtouka-Aït Baha","Biougra",2015,4891.10546875
"Souss - Massa - Draâ","Chtouka-Aït Baha","Biougra",2016,4984.5400390625
"Souss - Massa - Draâ","Chtouka-Aït Baha","Biougra",2017,5212.8623046875
"Souss - Massa - Draâ","Chtouka-Aït Baha","Biougra",2018,5250.52001953125
"Souss - Massa - Draâ","Chtouka-Aït Baha","Biougra",2019,5636.96142578125
"Souss - Massa - Draâ","Chtouka-Aït Baha","Biougra",2020,5457.09130859375
"Souss - Massa - Draâ","Chtouka-Aït Baha","Biougra",2021,5821.2236328125
"Souss - Massa - Draâ","Chtouka-Aït Baha","Biougra",2022,6784.54296875
"Souss - Massa - Draâ","Chtouka-Aït Baha","Biougra",2023,7015.708984375
"Souss - Massa - Draâ","Chtouka-Aït Baha","Biougra",2024,6889.9443359375
"Souss - Massa - Draâ","Chtouka-Aït Baha","NA (Ait Baha)",2012,21.3411598205566
"Souss - Massa - Draâ","Chtouka-Aït Baha","NA (Ait Baha)",2013,19.2467727661133
"Souss - Massa - Draâ","Chtouka-Aït Baha","NA (Ait Baha)",2014,19.5291118621826
"Souss - Massa - Draâ","Chtouka-Aït Baha","NA (Ait Baha)",2015,21.6293964385986
"Souss - Massa - Draâ","Chtouka-Aït Baha","NA (Ait Baha)",2016,16.9689292907715
"Souss - Massa - Draâ","Chtouka-Aït Baha","NA (Ait Baha)",2017,19.5662460327148
"Souss - Massa - Draâ","Chtouka-Aït Baha","NA (Ait Baha)",2018,17.458065032959
"Souss - Massa - Draâ","Chtouka-Aït Baha","NA (Ait Baha)",2019,19.0578784942627
"Souss - Massa - Draâ","Chtouka-Aït Baha","NA (Ait Baha)",2020,22.8737182617188
"Souss - Massa - Draâ","Chtouka-Aït Baha","NA (Ait Baha)",2021,33.3774337768555
"Souss - Massa - Draâ","Chtouka-Aït Baha","NA (Ait Baha)",2022,33.3407554626465
"Souss - Massa - Draâ","Chtouka-Aït Baha","NA (Ait Baha)",2023,24.8769683837891
"Souss - Massa - Draâ","Chtouka-Aït Baha","NA (Ait Baha)",2024,19.5895824432373
"Souss - Massa - Draâ","Chtouka-Aït Baha","NA (Biougra)",2012,593.101135253906
"Souss - Massa - Draâ","Chtouka-Aït Baha","NA (Biougra)",2013,650.830444335938
"Souss - Massa - Draâ","Chtouka-Aït Baha","NA (Biougra)",2014,683.051940917969
"Souss - Massa - Draâ","Chtouka-Aït Baha","NA (Biougra)",2015,799.070251464844
"Souss - Massa - Draâ","Chtouka-Aït Baha","NA (Biougra)",2016,872.780944824219
"Souss - Massa - Draâ","Chtouka-Aït Baha","NA (Biougra)",2017,979.450500488281
"Souss - Massa - Draâ","Chtouka-Aït Baha","NA (Biougra)",2018,968.489440917969
"Souss - Massa - Draâ","Chtouka-Aït Baha","NA (Biougra)",2019,1099.39904785156
"Souss - Massa - Draâ","Chtouka-Aït Baha","NA (Biougra)",2020,1069.91442871094
"Souss - Massa - Draâ","Chtouka-Aït Baha","NA (Biougra)",2021,1026.12329101562
"Souss - Massa - Draâ","Chtouka-Aït Baha","NA (Biougra)",2022,966.928588867188
"Souss - Massa - Draâ","Chtouka-Aït Baha","NA (Biougra)",2023,913.691955566406
"Souss - Massa - Draâ","Chtouka-Aït Baha","NA (Biougra)",2024,909.273254394531
"Souss - Massa - Draâ","Inezgane-Aït Melloul","Ait Melloul",2012,3050.93896484375
"Souss - Massa - Draâ","Inezgane-Aït Melloul","Ait Melloul",2013,3245.55541992188
"Souss - Massa - Draâ","Inezgane-Aït Melloul","Ait Melloul",2014,3455.67309570312
"Souss - Massa - Draâ","Inezgane-Aït Melloul","Ait Melloul",2015,3767.8828125
"Souss - Massa - Draâ","Inezgane-Aït Melloul","Ait Melloul",2016,3967.3955078125
"Souss - Massa - Draâ","Inezgane-Aït Melloul","Ait Melloul",2017,4099.70751953125
"Souss - Massa - Draâ","Inezgane-Aït Melloul","Ait Melloul",2018,4180.0888671875
"Souss - Massa - Draâ","Inezgane-Aït Melloul","Ait Melloul",2019,4393.7861328125
"Souss - Massa - Draâ","Inezgane-Aït Melloul","Ait Melloul",2020,4208.92333984375
"Souss - Massa - Draâ","Inezgane-Aït Melloul","Ait Melloul",2021,4593.8837890625
"Souss - Massa - Draâ","Inezgane-Aït Melloul","Ait Melloul",2022,4883.77099609375
"Souss - Massa - Draâ","Inezgane-Aït Melloul","Ait Melloul",2023,4788.783203125
"Souss - Massa - Draâ","Inezgane-Aït Melloul","Ait Melloul",2024,4859.1298828125
"Souss - Massa - Draâ","Inezgane-Aït Melloul","NA (Ait Melloul)",2012,3438.07836914062
"Souss - Massa - Draâ","Inezgane-Aït Melloul","NA (Ait Melloul)",2013,3588.82348632812
"Souss - Massa - Draâ","Inezgane-Aït Melloul","NA (Ait Melloul)",2014,3375.71899414062
"Souss - Massa - Draâ","Inezgane-Aït Melloul","NA (Ait Melloul)",2015,3656.51782226562
"Souss - Massa - Draâ","Inezgane-Aït Melloul","NA (Ait Melloul)",2016,3790.6767578125
"Souss - Massa - Draâ","Inezgane-Aït Melloul","NA (Ait Melloul)",2017,3936.76220703125
"Souss - Massa - Draâ","Inezgane-Aït Melloul","NA (Ait Melloul)",2018,3917.41357421875
"Souss - Massa - Draâ","Inezgane-Aït Melloul","NA (Ait Melloul)",2019,4110.7451171875
"Souss - Massa - Draâ","Inezgane-Aït Melloul","NA (Ait Melloul)",2020,4003.48364257812
"Souss - Massa - Draâ","Inezgane-Aït Melloul","NA (Ait Melloul)",2021,3989.9736328125
"Souss - Massa - Draâ","Inezgane-Aït Melloul","NA (Ait Melloul)",2022,3828.36938476562
"Souss - Massa - Draâ","Inezgane-Aït Melloul","NA (Ait Melloul)",2023,3485.7763671875
"Souss - Massa - Draâ","Inezgane-Aït Melloul","NA (Ait Melloul)",2024,3457.18920898438
"Souss - Massa - Draâ","Inezgane-Aït Melloul","NA (Dcheira El Jihadia)",2012,3254.015625
"Souss - Massa - Draâ","Inezgane-Aït Melloul","NA (Dcheira El Jihadia)",2013,3294.73413085938
"Souss - Massa - Draâ","Inezgane-Aït Melloul","NA (Dcheira El Jihadia)",2014,3113.12036132812
"Souss - Massa - Draâ","Inezgane-Aït Melloul","NA (Dcheira El Jihadia)",2015,3246.68188476562
"Souss - Massa - Draâ","Inezgane-Aït Melloul","NA (Dcheira El Jihadia)",2016,3458.89916992188
"Souss - Massa - Draâ","Inezgane-Aït Melloul","NA (Dcheira El Jihadia)",2017,3563.9658203125
"Souss - Massa - Draâ","Inezgane-Aït Melloul","NA (Dcheira El Jihadia)",2018,3693.98803710938
"Souss - Massa - Draâ","Inezgane-Aït Melloul","NA (Dcheira El Jihadia)",2019,3940.3994140625
"Souss - Massa - Draâ","Inezgane-Aït Melloul","NA (Dcheira El Jihadia)",2020,4142.42138671875
"Souss - Massa - Draâ","Inezgane-Aït Melloul","NA (Dcheira El Jihadia)",2021,4137.05908203125
"Souss - Massa - Draâ","Inezgane-Aït Melloul","NA (Dcheira El Jihadia)",2022,4191.40283203125
"Souss - Massa - Draâ","Inezgane-Aït Melloul","NA (Dcheira El Jihadia)",2023,4069.7958984375
"Souss - Massa - Draâ","Inezgane-Aït Melloul","NA (Dcheira El Jihadia)",2024,4345.19921875
"Souss - Massa - Draâ","Inezgane-Aït Melloul","NA (Inezgane)",2012,1371.01354980469
"Souss - Massa - Draâ","Inezgane-Aït Melloul","NA (Inezgane)",2013,1517.20068359375
"Souss - Massa - Draâ","Inezgane-Aït Melloul","NA (Inezgane)",2014,1471.72570800781
"Souss - Massa - Draâ","Inezgane-Aït Melloul","NA (Inezgane)",2015,1629.52673339844
"Souss - Massa - Draâ","Inezgane-Aït Melloul","NA (Inezgane)",2016,1715.80493164062
"Souss - Massa - Draâ","Inezgane-Aït Melloul","NA (Inezgane)",2017,1742.89892578125
"Souss - Massa - Draâ","Inezgane-Aït Melloul","NA (Inezgane)",2018,1800.740234375
"Souss - Massa - Draâ","Inezgane-Aït Melloul","NA (Inezgane)",2019,1898.44921875
"Souss - Massa - Draâ","Inezgane-Aït Melloul","NA (Inezgane)",2020,1884.01965332031
"Souss - Massa - Draâ","Inezgane-Aït Melloul","NA (Inezgane)",2021,1943.48559570312
"Souss - Massa - Draâ","Inezgane-Aït Melloul","NA (Inezgane)",2022,1903.46716308594
"Souss - Massa - Draâ","Inezgane-Aït Melloul","NA (Inezgane)",2023,1880.73010253906
"Souss - Massa - Draâ","Inezgane-Aït Melloul","NA (Inezgane)",2024,1916.80419921875
"Souss - Massa - Draâ","Ouarzazate","Amerzgane",2012,754.181213378906
"Souss - Massa - Draâ","Ouarzazate","Amerzgane",2013,687.721984863281
"Souss - Massa - Draâ","Ouarzazate","Amerzgane",2014,701.446166992188
"Souss - Massa - Draâ","Ouarzazate","Amerzgane",2015,825.429260253906
"Souss - Massa - Draâ","Ouarzazate","Amerzgane",2016,940.87451171875
"Souss - Massa - Draâ","Ouarzazate","Amerzgane",2017,946.122253417969
"Souss - Massa - Draâ","Ouarzazate","Amerzgane",2018,881.831481933594
"Souss - Massa - Draâ","Ouarzazate","Amerzgane",2019,1054.75012207031
"Souss - Massa - Draâ","Ouarzazate","Amerzgane",2020,968.070129394531
"Souss - Massa - Draâ","Ouarzazate","Amerzgane",2021,1049.8759765625
"Souss - Massa - Draâ","Ouarzazate","Amerzgane",2022,1247.47521972656
"Souss - Massa - Draâ","Ouarzazate","Amerzgane",2023,1310.57824707031
"Souss - Massa - Draâ","Ouarzazate","Amerzgane",2024,1166.03784179688
"Souss - Massa - Draâ","Ouarzazate","Boumalne Da",2012,2076.74658203125
"Souss - Massa - Draâ","Ouarzazate","Boumalne Da",2013,2427.26293945312
"Souss - Massa - Draâ","Ouarzazate","Boumalne Da",2014,2984.41284179688
"Souss - Massa - Draâ","Ouarzazate","Boumalne Da",2015,3167.61547851562
"Souss - Massa - Draâ","Ouarzazate","Boumalne Da",2016,3197.97680664062
"Souss - Massa - Draâ","Ouarzazate","Boumalne Da",2017,3257.8310546875
"Souss - Massa - Draâ","Ouarzazate","Boumalne Da",2018,3270.89184570312
"Souss - Massa - Draâ","Ouarzazate","Boumalne Da",2019,3149.630859375
"Souss - Massa - Draâ","Ouarzazate","Boumalne Da",2020,3748.38403320312
"Souss - Massa - Draâ","Ouarzazate","Boumalne Da",2021,4329.54052734375
"Souss - Massa - Draâ","Ouarzazate","Boumalne Da",2022,4450.08837890625
"Souss - Massa - Draâ","Ouarzazate","Boumalne Da",2023,4861.48681640625
"Souss - Massa - Draâ","Ouarzazate","Boumalne Da",2024,5260.65380859375
"Souss - Massa - Draâ","Ouarzazate","NA (Boumalne Dades)",2012,38.2686653137207
"Souss - Massa - Draâ","Ouarzazate","NA (Boumalne Dades)",2013,36.7757301330566
"Souss - Massa - Draâ","Ouarzazate","NA (Boumalne Dades)",2014,3.63334012031555
"Souss - Massa - Draâ","Ouarzazate","NA (Boumalne Dades)",2015,1.22074961662292
"Souss - Massa - Draâ","Ouarzazate","NA (Boumalne Dades)",2016,1.67900598049164
"Souss - Massa - Draâ","Ouarzazate","NA (Boumalne Dades)",2017,0.583943724632263
"Souss - Massa - Draâ","Ouarzazate","NA (Boumalne Dades)",2018,0
"Souss - Massa - Draâ","Ouarzazate","NA (Boumalne Dades)",2019,0.505749583244324
"Souss - Massa - Draâ","Ouarzazate","NA (Boumalne Dades)",2020,0
"Souss - Massa - Draâ","Ouarzazate","NA (Boumalne Dades)",2021,0.589289486408234
"Souss - Massa - Draâ","Ouarzazate","NA (Boumalne Dades)",2022,1.7387273311615
"Souss - Massa - Draâ","Ouarzazate","NA (Boumalne Dades)",2023,15.0772666931152
"Souss - Massa - Draâ","Ouarzazate","NA (Boumalne Dades)",2024,7.02605724334717
"Souss - Massa - Draâ","Ouarzazate","NA (Kalaat M'Gouna)",2012,35.9700202941895
"Souss - Massa - Draâ","Ouarzazate","NA (Kalaat M'Gouna)",2013,48.4722290039062
"Souss - Massa - Draâ","Ouarzazate","NA (Kalaat M'Gouna)",2014,114.826225280762
"Souss - Massa - Draâ","Ouarzazate","NA (Kalaat M'Gouna)",2015,84.6452713012695
"Souss - Massa - Draâ","Ouarzazate","NA (Kalaat M'Gouna)",2016,83.4663772583008
"Souss - Massa - Draâ","Ouarzazate","NA (Kalaat M'Gouna)",2017,60.6035766601562
"Souss - Massa - Draâ","Ouarzazate","NA (Kalaat M'Gouna)",2018,55.5925140380859
"Souss - Massa - Draâ","Ouarzazate","NA (Kalaat M'Gouna)",2019,43.5708427429199
"Souss - Massa - Draâ","Ouarzazate","NA (Kalaat M'Gouna)",2020,41.7654609680176
"Souss - Massa - Draâ","Ouarzazate","NA (Kalaat M'Gouna)",2021,42.9999122619629
"Souss - Massa - Draâ","Ouarzazate","NA (Kalaat M'Gouna)",2022,51.3516006469727
"Souss - Massa - Draâ","Ouarzazate","NA (Kalaat M'Gouna)",2023,26.5462055206299
"Souss - Massa - Draâ","Ouarzazate","NA (Kalaat M'Gouna)",2024,27.3081378936768
"Souss - Massa - Draâ","Ouarzazate","NA (Ouarzazate)",2012,405.000946044922
"Souss - Massa - Draâ","Ouarzazate","NA (Ouarzazate)",2013,412.842651367188
"Souss - Massa - Draâ","Ouarzazate","NA (Ouarzazate)",2014,419.296112060547
"Souss - Massa - Draâ","Ouarzazate","NA (Ouarzazate)",2015,432.669006347656
"Souss - Massa - Draâ","Ouarzazate","NA (Ouarzazate)",2016,453.087036132812
"Souss - Massa - Draâ","Ouarzazate","NA (Ouarzazate)",2017,460.826995849609
"Souss - Massa - Draâ","Ouarzazate","NA (Ouarzazate)",2018,460.943176269531
"Souss - Massa - Draâ","Ouarzazate","NA (Ouarzazate)",2019,512.954040527344
"Souss - Massa - Draâ","Ouarzazate","NA (Ouarzazate)",2020,458.884460449219
"Souss - Massa - Draâ","Ouarzazate","NA (Ouarzazate)",2021,519.069091796875
"Souss - Massa - Draâ","Ouarzazate","NA (Ouarzazate)",2022,567.772399902344
"Souss - Massa - Draâ","Ouarzazate","NA (Ouarzazate)",2023,651.98291015625
"Souss - Massa - Draâ","Ouarzazate","NA (Ouarzazate)",2024,694.020324707031
"Souss - Massa - Draâ","Ouarzazate","NA (Taznakht)",2012,22.0082225799561
"Souss - Massa - Draâ","Ouarzazate","NA (Taznakht)",2013,31.3247833251953
"Souss - Massa - Draâ","Ouarzazate","NA (Taznakht)",2014,40.8419151306152
"Souss - Massa - Draâ","Ouarzazate","NA (Taznakht)",2015,51.7158813476562
"Souss - Massa - Draâ","Ouarzazate","NA (Taznakht)",2016,74.3628616333008
"Souss - Massa - Draâ","Ouarzazate","NA (Taznakht)",2017,80.9212112426758
"Souss - Massa - Draâ","Ouarzazate","NA (Taznakht)",2018,76.3610458374023
"Souss - Massa - Draâ","Ouarzazate","NA (Taznakht)",2019,104.428810119629
"Souss - Massa - Draâ","Ouarzazate","NA (Taznakht)",2020,121.916259765625
"Souss - Massa - Draâ","Ouarzazate","NA (Taznakht)",2021,122.575965881348
"Souss - Massa - Draâ","Ouarzazate","NA (Taznakht)",2022,127.113594055176
"Souss - Massa - Draâ","Ouarzazate","NA (Taznakht)",2023,134.501770019531
"Souss - Massa - Draâ","Ouarzazate","NA (Taznakht)",2024,113.417739868164
"Souss - Massa - Draâ","Ouarzazate","NA (Tinghir)",2012,0
"Souss - Massa - Draâ","Ouarzazate","NA (Tinghir)",2013,0
"Souss - Massa - Draâ","Ouarzazate","NA (Tinghir)",2014,0
"Souss - Massa - Draâ","Ouarzazate","NA (Tinghir)",2015,0
"Souss - Massa - Draâ","Ouarzazate","NA (Tinghir)",2016,0
"Souss - Massa - Draâ","Ouarzazate","NA (Tinghir)",2017,0
"Souss - Massa - Draâ","Ouarzazate","NA (Tinghir)",2018,0
"Souss - Massa - Draâ","Ouarzazate","NA (Tinghir)",2019,0
"Souss - Massa - Draâ","Ouarzazate","NA (Tinghir)",2020,0.485201776027679
"Souss - Massa - Draâ","Ouarzazate","NA (Tinghir)",2021,0.563817024230957
"Souss - Massa - Draâ","Ouarzazate","NA (Tinghir)",2022,0.0332974828779697
"Souss - Massa - Draâ","Ouarzazate","NA (Tinghir)",2023,1.53694927692413
"Souss - Massa - Draâ","Ouarzazate","NA (Tinghir)",2024,0.612984240055084
"Souss - Massa - Draâ","Ouarzazate","Ouarzazate",2012,3370.1787109375
"Souss - Massa - Draâ","Ouarzazate","Ouarzazate",2013,3582.77416992188
"Souss - Massa - Draâ","Ouarzazate","Ouarzazate",2014,3530.79052734375
"Souss - Massa - Draâ","Ouarzazate","Ouarzazate",2015,3688.26635742188
"Souss - Massa - Draâ","Ouarzazate","Ouarzazate",2016,4101.02490234375
"Souss - Massa - Draâ","Ouarzazate","Ouarzazate",2017,4075.73950195312
"Souss - Massa - Draâ","Ouarzazate","Ouarzazate",2018,4346.5
"Souss - Massa - Draâ","Ouarzazate","Ouarzazate",2019,4336.4072265625
"Souss - Massa - Draâ","Ouarzazate","Ouarzazate",2020,4085.15380859375
"Souss - Massa - Draâ","Ouarzazate","Ouarzazate",2021,3856.25439453125
"Souss - Massa - Draâ","Ouarzazate","Ouarzazate",2022,3748.85522460938
"Souss - Massa - Draâ","Ouarzazate","Ouarzazate",2023,3919.29614257812
"Souss - Massa - Draâ","Ouarzazate","Ouarzazate",2024,4044.6455078125
"Souss - Massa - Draâ","Ouarzazate","Zagora",2012,363.277557373047
"Souss - Massa - Draâ","Ouarzazate","Zagora",2013,407.240905761719
"Souss - Massa - Draâ","Ouarzazate","Zagora",2014,570.786437988281
"Souss - Massa - Draâ","Ouarzazate","Zagora",2015,631.488037109375
"Souss - Massa - Draâ","Ouarzazate","Zagora",2016,605.450439453125
"Souss - Massa - Draâ","Ouarzazate","Zagora",2017,794.068481445312
"Souss - Massa - Draâ","Ouarzazate","Zagora",2018,749.724548339844
"Souss - Massa - Draâ","Ouarzazate","Zagora",2019,854.200378417969
"Souss - Massa - Draâ","Ouarzazate","Zagora",2020,759.01806640625
"Souss - Massa - Draâ","Ouarzazate","Zagora",2021,763.140075683594
"Souss - Massa - Draâ","Ouarzazate","Zagora",2022,778.27587890625
"Souss - Massa - Draâ","Ouarzazate","Zagora",2023,803.778076171875
"Souss - Massa - Draâ","Ouarzazate","Zagora",2024,858.430053710938
"Souss - Massa - Draâ","Taroudannt","Igherm",2012,8.74976444244385
"Souss - Massa - Draâ","Taroudannt","Igherm",2013,8.92763137817383
"Souss - Massa - Draâ","Taroudannt","Igherm",2014,16.6588249206543
"Souss - Massa - Draâ","Taroudannt","Igherm",2015,17.2802658081055
"Souss - Massa - Draâ","Taroudannt","Igherm",2016,16.1830253601074
"Souss - Massa - Draâ","Taroudannt","Igherm",2017,16.2753086090088
"Souss - Massa - Draâ","Taroudannt","Igherm",2018,14.7356815338135
"Souss - Massa - Draâ","Taroudannt","Igherm",2019,28.3689098358154
"Souss - Massa - Draâ","Taroudannt","Igherm",2020,38.108283996582
"Souss - Massa - Draâ","Taroudannt","Igherm",2021,39.4741249084473
"Souss - Massa - Draâ","Taroudannt","Igherm",2022,33.2492713928223
"Souss - Massa - Draâ","Taroudannt","Igherm",2023,42.4875793457031
"Souss - Massa - Draâ","Taroudannt","Igherm",2024,93.8373031616211
"Souss - Massa - Draâ","Taroudannt","NA (Ait Iaaza)",2012,593.160461425781
"Souss - Massa - Draâ","Taroudannt","NA (Ait Iaaza)",2013,547.672424316406
"Souss - Massa - Draâ","Taroudannt","NA (Ait Iaaza)",2014,616.459716796875
"Souss - Massa - Draâ","Taroudannt","NA (Ait Iaaza)",2015,671.730407714844
"Souss - Massa - Draâ","Taroudannt","NA (Ait Iaaza)",2016,622.000610351562
"Souss - Massa - Draâ","Taroudannt","NA (Ait Iaaza)",2017,585.348693847656
"Souss - Massa - Draâ","Taroudannt","NA (Ait Iaaza)",2018,548.561401367188
"Souss - Massa - Draâ","Taroudannt","NA (Ait Iaaza)",2019,536.522766113281
"Souss - Massa - Draâ","Taroudannt","NA (Ait Iaaza)",2020,554.287353515625
"Souss - Massa - Draâ","Taroudannt","NA (Ait Iaaza)",2021,600.578186035156
"Souss - Massa - Draâ","Taroudannt","NA (Ait Iaaza)",2022,672.459777832031
"Souss - Massa - Draâ","Taroudannt","NA (Ait Iaaza)",2023,710.947998046875
"Souss - Massa - Draâ","Taroudannt","NA (Ait Iaaza)",2024,763.848571777344
"Souss - Massa - Draâ","Taroudannt","NA (El Guerdane)",2012,227.59977722168
"Souss - Massa - Draâ","Taroudannt","NA (El Guerdane)",2013,250.157913208008
"Souss - Massa - Draâ","Taroudannt","NA (El Guerdane)",2014,276.095642089844
"Souss - Massa - Draâ","Taroudannt","NA (El Guerdane)",2015,272.323852539062
"Souss - Massa - Draâ","Taroudannt","NA (El Guerdane)",2016,268.299011230469
"Souss - Massa - Draâ","Taroudannt","NA (El Guerdane)",2017,282.267700195312
"Souss - Massa - Draâ","Taroudannt","NA (El Guerdane)",2018,295.698486328125
"Souss - Massa - Draâ","Taroudannt","NA (El Guerdane)",2019,302.639251708984
"Souss - Massa - Draâ","Taroudannt","NA (El Guerdane)",2020,390.7216796875
"Souss - Massa - Draâ","Taroudannt","NA (El Guerdane)",2021,391.699066162109
"Souss - Massa - Draâ","Taroudannt","NA (El Guerdane)",2022,457.372680664062
"Souss - Massa - Draâ","Taroudannt","NA (El Guerdane)",2023,426.389923095703
"Souss - Massa - Draâ","Taroudannt","NA (El Guerdane)",2024,453.898193359375
"Souss - Massa - Draâ","Taroudannt","NA (Igherm)",2012,83.0234909057617
"Souss - Massa - Draâ","Taroudannt","NA (Igherm)",2013,88.5072021484375
"Souss - Massa - Draâ","Taroudannt","NA (Igherm)",2014,88.5269241333008
"Souss - Massa - Draâ","Taroudannt","NA (Igherm)",2015,107.428520202637
"Souss - Massa - Draâ","Taroudannt","NA (Igherm)",2016,110.27433013916
"Souss - Massa - Draâ","Taroudannt","NA (Igherm)",2017,114.80150604248
"Souss - Massa - Draâ","Taroudannt","NA (Igherm)",2018,116.997047424316
"Souss - Massa - Draâ","Taroudannt","NA (Igherm)",2019,149.363632202148
"Souss - Massa - Draâ","Taroudannt","NA (Igherm)",2020,176.729934692383
"Souss - Massa - Draâ","Taroudannt","NA (Igherm)",2021,159.294372558594
"Souss - Massa - Draâ","Taroudannt","NA (Igherm)",2022,137.022552490234
"Souss - Massa - Draâ","Taroudannt","NA (Igherm)",2023,135.384994506836
"Souss - Massa - Draâ","Taroudannt","NA (Igherm)",2024,114.994262695312
"Souss - Massa - Draâ","Taroudannt","NA (Oulad Berhil)",2012,225.814682006836
"Souss - Massa - Draâ","Taroudannt","NA (Oulad Berhil)",2013,229.999862670898
"Souss - Massa - Draâ","Taroudannt","NA (Oulad Berhil)",2014,253.037734985352
"Souss - Massa - Draâ","Taroudannt","NA (Oulad Berhil)",2015,251.829162597656
"Souss - Massa - Draâ","Taroudannt","NA (Oulad Berhil)",2016,271.309997558594
"Souss - Massa - Draâ","Taroudannt","NA (Oulad Berhil)",2017,264.936309814453
"Souss - Massa - Draâ","Taroudannt","NA (Oulad Berhil)",2018,255.140594482422
"Souss - Massa - Draâ","Taroudannt","NA (Oulad Berhil)",2019,238.09326171875
"Souss - Massa - Draâ","Taroudannt","NA (Oulad Berhil)",2020,235.589965820312
"Souss - Massa - Draâ","Taroudannt","NA (Oulad Berhil)",2021,234.809127807617
"Souss - Massa - Draâ","Taroudannt","NA (Oulad Berhil)",2022,285.928009033203
"Souss - Massa - Draâ","Taroudannt","NA (Oulad Berhil)",2023,385.599517822266
"Souss - Massa - Draâ","Taroudannt","NA (Oulad Berhil)",2024,415.362060546875
"Souss - Massa - Draâ","Taroudannt","NA (Oulad Teima)",2012,1677.09448242188
"Souss - Massa - Draâ","Taroudannt","NA (Oulad Teima)",2013,1734.64453125
"Souss - Massa - Draâ","Taroudannt","NA (Oulad Teima)",2014,1646.74279785156
"Souss - Massa - Draâ","Taroudannt","NA (Oulad Teima)",2015,1692.73071289062
"Souss - Massa - Draâ","Taroudannt","NA (Oulad Teima)",2016,1804.43920898438
"Souss - Massa - Draâ","Taroudannt","NA (Oulad Teima)",2017,1774.60607910156
"Souss - Massa - Draâ","Taroudannt","NA (Oulad Teima)",2018,1780.04895019531
"Souss - Massa - Draâ","Taroudannt","NA (Oulad Teima)",2019,1930.1025390625
"Souss - Massa - Draâ","Taroudannt","NA (Oulad Teima)",2020,1974.02490234375
"Souss - Massa - Draâ","Taroudannt","NA (Oulad Teima)",2021,1806.42895507812
"Souss - Massa - Draâ","Taroudannt","NA (Oulad Teima)",2022,1859.45166015625
"Souss - Massa - Draâ","Taroudannt","NA (Oulad Teima)",2023,1856.09729003906
"Souss - Massa - Draâ","Taroudannt","NA (Oulad Teima)",2024,1943.47094726562
"Souss - Massa - Draâ","Taroudannt","NA (Taliouine)",2012,138.83283996582
"Souss - Massa - Draâ","Taroudannt","NA (Taliouine)",2013,174.525344848633
"Souss - Massa - Draâ","Taroudannt","NA (Taliouine)",2014,217.790390014648
"Souss - Massa - Draâ","Taroudannt","NA (Taliouine)",2015,228.87158203125
"Souss - Massa - Draâ","Taroudannt","NA (Taliouine)",2016,188.571517944336
"Souss - Massa - Draâ","Taroudannt","NA (Taliouine)",2017,175.212738037109
"Souss - Massa - Draâ","Taroudannt","NA (Taliouine)",2018,151.360244750977
"Souss - Massa - Draâ","Taroudannt","NA (Taliouine)",2019,162.94841003418
"Souss - Massa - Draâ","Taroudannt","NA (Taliouine)",2020,135.560760498047
"Souss - Massa - Draâ","Taroudannt","NA (Taliouine)",2021,143.552352905273
"Souss - Massa - Draâ","Taroudannt","NA (Taliouine)",2022,195.230270385742
"Souss - Massa - Draâ","Taroudannt","NA (Taliouine)",2023,196.116622924805
"Souss - Massa - Draâ","Taroudannt","NA (Taliouine)",2024,194.698165893555
"Souss - Massa - Draâ","Taroudannt","NA (Taroudannt)",2012,1471.35705566406
"Souss - Massa - Draâ","Taroudannt","NA (Taroudannt)",2013,1497.00891113281
"Souss - Massa - Draâ","Taroudannt","NA (Taroudannt)",2014,1623.44995117188
"Souss - Massa - Draâ","Taroudannt","NA (Taroudannt)",2015,1654.23779296875
"Souss - Massa - Draâ","Taroudannt","NA (Taroudannt)",2016,1566.97082519531
"Souss - Massa - Draâ","Taroudannt","NA (Taroudannt)",2017,1539.50671386719
"Souss - Massa - Draâ","Taroudannt","NA (Taroudannt)",2018,1494.40051269531
"Souss - Massa - Draâ","Taroudannt","NA (Taroudannt)",2019,1477.11608886719
"Souss - Massa - Draâ","Taroudannt","NA (Taroudannt)",2020,1527.89733886719
"Souss - Massa - Draâ","Taroudannt","NA (Taroudannt)",2021,1438.02478027344
"Souss - Massa - Draâ","Taroudannt","NA (Taroudannt)",2022,1540.93212890625
"Souss - Massa - Draâ","Taroudannt","NA (Taroudannt)",2023,1497.33154296875
"Souss - Massa - Draâ","Taroudannt","NA (Taroudannt)",2024,1629.00134277344
"Souss - Massa - Draâ","Taroudannt","Oulad Berhi",2012,433.365447998047
"Souss - Massa - Draâ","Taroudannt","Oulad Berhi",2013,392.152191162109
"Souss - Massa - Draâ","Taroudannt","Oulad Berhi",2014,571.554138183594
"Souss - Massa - Draâ","Taroudannt","Oulad Berhi",2015,512.663879394531
"Souss - Massa - Draâ","Taroudannt","Oulad Berhi",2016,508.792846679688
"Souss - Massa - Draâ","Taroudannt","Oulad Berhi",2017,588.961853027344
"Souss - Massa - Draâ","Taroudannt","Oulad Berhi",2018,607.522338867188
"Souss - Massa - Draâ","Taroudannt","Oulad Berhi",2019,646.11767578125
"Souss - Massa - Draâ","Taroudannt","Oulad Berhi",2020,453.259338378906
"Souss - Massa - Draâ","Taroudannt","Oulad Berhi",2021,531.210876464844
"Souss - Massa - Draâ","Taroudannt","Oulad Berhi",2022,714.814697265625
"Souss - Massa - Draâ","Taroudannt","Oulad Berhi",2023,945.414978027344
"Souss - Massa - Draâ","Taroudannt","Oulad Berhi",2024,922.041931152344
"Souss - Massa - Draâ","Taroudannt","Oulad Teima",2012,1739.95629882812
"Souss - Massa - Draâ","Taroudannt","Oulad Teima",2013,1630.4990234375
"Souss - Massa - Draâ","Taroudannt","Oulad Teima",2014,2137.92700195312
"Souss - Massa - Draâ","Taroudannt","Oulad Teima",2015,2169.45336914062
"Souss - Massa - Draâ","Taroudannt","Oulad Teima",2016,1947.49377441406
"Souss - Massa - Draâ","Taroudannt","Oulad Teima",2017,1645.36938476562
"Souss - Massa - Draâ","Taroudannt","Oulad Teima",2018,1729.92846679688
"Souss - Massa - Draâ","Taroudannt","Oulad Teima",2019,1898.40295410156
"Souss - Massa - Draâ","Taroudannt","Oulad Teima",2020,2087.37060546875
"Souss - Massa - Draâ","Taroudannt","Oulad Teima",2021,2385.4287109375
"Souss - Massa - Draâ","Taroudannt","Oulad Teima",2022,3543.6943359375
"Souss - Massa - Draâ","Taroudannt","Oulad Teima",2023,4187.1494140625
"Souss - Massa - Draâ","Taroudannt","Oulad Teima",2024,3990.82275390625
"Souss - Massa - Draâ","Taroudannt","Taliouine",2012,7.37995529174805
"Souss - Massa - Draâ","Taroudannt","Taliouine",2013,9.13491249084473
"Souss - Massa - Draâ","Taroudannt","Taliouine",2014,18.6424541473389
"Souss - Massa - Draâ","Taroudannt","Taliouine",2015,32.2484970092773
"Souss - Massa - Draâ","Taroudannt","Taliouine",2016,19.7894401550293
"Souss - Massa - Draâ","Taroudannt","Taliouine",2017,16.4617404937744
"Souss - Massa - Draâ","Taroudannt","Taliouine",2018,12.9570865631104
"Souss - Massa - Draâ","Taroudannt","Taliouine",2019,11.2124223709106
"Souss - Massa - Draâ","Taroudannt","Taliouine",2020,15.8490800857544
"Souss - Massa - Draâ","Taroudannt","Taliouine",2021,65.4803314208984
"Souss - Massa - Draâ","Taroudannt","Taliouine",2022,121.514709472656
"Souss - Massa - Draâ","Taroudannt","Taliouine",2023,161.066360473633
"Souss - Massa - Draâ","Taroudannt","Taliouine",2024,211.974105834961
"Souss - Massa - Draâ","Taroudannt","Taroudannt",2012,1026.54736328125
"Souss - Massa - Draâ","Taroudannt","Taroudannt",2013,862.731811523438
"Souss - Massa - Draâ","Taroudannt","Taroudannt",2014,1111.39733886719
"Souss - Massa - Draâ","Taroudannt","Taroudannt",2015,1131.43688964844
"Souss - Massa - Draâ","Taroudannt","Taroudannt",2016,1054.81945800781
"Souss - Massa - Draâ","Taroudannt","Taroudannt",2017,1009.96203613281
"Souss - Massa - Draâ","Taroudannt","Taroudannt",2018,965.995849609375
"Souss - Massa - Draâ","Taroudannt","Taroudannt",2019,996.565979003906
"Souss - Massa - Draâ","Taroudannt","Taroudannt",2020,946.596374511719
"Souss - Massa - Draâ","Taroudannt","Taroudannt",2021,1157.14404296875
"Souss - Massa - Draâ","Taroudannt","Taroudannt",2022,1562.70861816406
"Souss - Massa - Draâ","Taroudannt","Taroudannt",2023,1772.44482421875
"Souss - Massa - Draâ","Taroudannt","Taroudannt",2024,1774.29174804688
"Souss - Massa - Draâ","Tiznit","Anezi",2012,72.9938049316406
"Souss - Massa - Draâ","Tiznit","Anezi",2013,54.7315635681152
"Souss - Massa - Draâ","Tiznit","Anezi",2014,96.4759063720703
"Souss - Massa - Draâ","Tiznit","Anezi",2015,112.81990814209
"Souss - Massa - Draâ","Tiznit","Anezi",2016,103.523544311523
"Souss - Massa - Draâ","Tiznit","Anezi",2017,103.214683532715
"Souss - Massa - Draâ","Tiznit","Anezi",2018,93.5463485717773
"Souss - Massa - Draâ","Tiznit","Anezi",2019,121.844627380371
"Souss - Massa - Draâ","Tiznit","Anezi",2020,99.6581344604492
"Souss - Massa - Draâ","Tiznit","Anezi",2021,98.6161651611328
"Souss - Massa - Draâ","Tiznit","Anezi",2022,162.817718505859
"Souss - Massa - Draâ","Tiznit","Anezi",2023,152.279937744141
"Souss - Massa - Draâ","Tiznit","Anezi",2024,159.152954101562
"Souss - Massa - Draâ","Tiznit","Ifni",2012,299.384094238281
"Souss - Massa - Draâ","Tiznit","Ifni",2013,322.097381591797
"Souss - Massa - Draâ","Tiznit","Ifni",2014,361.347930908203
"Souss - Massa - Draâ","Tiznit","Ifni",2015,422.659606933594
"Souss - Massa - Draâ","Tiznit","Ifni",2016,392.762084960938
"Souss - Massa - Draâ","Tiznit","Ifni",2017,468.490814208984
"Souss - Massa - Draâ","Tiznit","Ifni",2018,451.148345947266
"Souss - Massa - Draâ","Tiznit","Ifni",2019,423.176055908203
"Souss - Massa - Draâ","Tiznit","Ifni",2020,369.047668457031
"Souss - Massa - Draâ","Tiznit","Ifni",2021,447.352294921875
"Souss - Massa - Draâ","Tiznit","Ifni",2022,543.587341308594
"Souss - Massa - Draâ","Tiznit","Ifni",2023,752.279663085938
"Souss - Massa - Draâ","Tiznit","Ifni",2024,671.383728027344
"Souss - Massa - Draâ","Tiznit","Lakhsas",2012,79.0203399658203
"Souss - Massa - Draâ","Tiznit","Lakhsas",2013,66.5959014892578
"Souss - Massa - Draâ","Tiznit","Lakhsas",2014,67.7078704833984
"Souss - Massa - Draâ","Tiznit","Lakhsas",2015,57.7072677612305
"Souss - Massa - Draâ","Tiznit","Lakhsas",2016,58.2801628112793
"Souss - Massa - Draâ","Tiznit","Lakhsas",2017,59.7996482849121
"Souss - Massa - Draâ","Tiznit","Lakhsas",2018,62.4425086975098
"Souss - Massa - Draâ","Tiznit","Lakhsas",2019,97.1175689697266
"Souss - Massa - Draâ","Tiznit","Lakhsas",2020,87.7605361938477
"Souss - Massa - Draâ","Tiznit","Lakhsas",2021,110.500160217285
"Souss - Massa - Draâ","Tiznit","Lakhsas",2022,134.785980224609
"Souss - Massa - Draâ","Tiznit","Lakhsas",2023,169.894989013672
"Souss - Massa - Draâ","Tiznit","Lakhsas",2024,177.558563232422
"Souss - Massa - Draâ","Tiznit","NA (Lakhsas)",2012,153.456283569336
"Souss - Massa - Draâ","Tiznit","NA (Lakhsas)",2013,157.394668579102
"Souss - Massa - Draâ","Tiznit","NA (Lakhsas)",2014,174.050567626953
"Souss - Massa - Draâ","Tiznit","NA (Lakhsas)",2015,171.589553833008
"Souss - Massa - Draâ","Tiznit","NA (Lakhsas)",2016,188.530715942383
"Souss - Massa - Draâ","Tiznit","NA (Lakhsas)",2017,217.903091430664
"Souss - Massa - Draâ","Tiznit","NA (Lakhsas)",2018,214.347244262695
"Souss - Massa - Draâ","Tiznit","NA (Lakhsas)",2019,223.055679321289
"Souss - Massa - Draâ","Tiznit","NA (Lakhsas)",2020,205.408493041992
"Souss - Massa - Draâ","Tiznit","NA (Lakhsas)",2021,175.137466430664
"Souss - Massa - Draâ","Tiznit","NA (Lakhsas)",2022,193.086959838867
"Souss - Massa - Draâ","Tiznit","NA (Lakhsas)",2023,223.960540771484
"Souss - Massa - Draâ","Tiznit","NA (Lakhsas)",2024,218.81608581543
"Souss - Massa - Draâ","Tiznit","NA (Sidi Ifni)",2012,763.649780273438
"Souss - Massa - Draâ","Tiznit","NA (Sidi Ifni)",2013,766.296325683594
"Souss - Massa - Draâ","Tiznit","NA (Sidi Ifni)",2014,783.975891113281
"Souss - Massa - Draâ","Tiznit","NA (Sidi Ifni)",2015,835.601867675781
"Souss - Massa - Draâ","Tiznit","NA (Sidi Ifni)",2016,779.822082519531
"Souss - Massa - Draâ","Tiznit","NA (Sidi Ifni)",2017,816.518005371094
"Souss - Massa - Draâ","Tiznit","NA (Sidi Ifni)",2018,763.75
"Souss - Massa - Draâ","Tiznit","NA (Sidi Ifni)",2019,811.104919433594
"Souss - Massa - Draâ","Tiznit","NA (Sidi Ifni)",2020,827.45751953125
"Souss - Massa - Draâ","Tiznit","NA (Sidi Ifni)",2021,898.304321289062
"Souss - Massa - Draâ","Tiznit","NA (Sidi Ifni)",2022,867.257507324219
"Souss - Massa - Draâ","Tiznit","NA (Sidi Ifni)",2023,876.191162109375
"Souss - Massa - Draâ","Tiznit","NA (Sidi Ifni)",2024,1001.28601074219
"Souss - Massa - Draâ","Tiznit","NA (Tafraout)",2012,688.111328125
"Souss - Massa - Draâ","Tiznit","NA (Tafraout)",2013,576.36181640625
"Souss - Massa - Draâ","Tiznit","NA (Tafraout)",2014,544.606994628906
"Souss - Massa - Draâ","Tiznit","NA (Tafraout)",2015,580.205200195312
"Souss - Massa - Draâ","Tiznit","NA (Tafraout)",2016,504.554077148438
"Souss - Massa - Draâ","Tiznit","NA (Tafraout)",2017,476.890167236328
"Souss - Massa - Draâ","Tiznit","NA (Tafraout)",2018,378.275634765625
"Souss - Massa - Draâ","Tiznit","NA (Tafraout)",2019,402.137359619141
"Souss - Massa - Draâ","Tiznit","NA (Tafraout)",2020,385.330596923828
"Souss - Massa - Draâ","Tiznit","NA (Tafraout)",2021,399.509796142578
"Souss - Massa - Draâ","Tiznit","NA (Tafraout)",2022,445.443054199219
"Souss - Massa - Draâ","Tiznit","NA (Tafraout)",2023,456.915069580078
"Souss - Massa - Draâ","Tiznit","NA (Tafraout)",2024,446.366363525391
"Souss - Massa - Draâ","Tiznit","NA (Tiznit)",2012,2486.87036132812
"Souss - Massa - Draâ","Tiznit","NA (Tiznit)",2013,2569.73046875
"Souss - Massa - Draâ","Tiznit","NA (Tiznit)",2014,2865.17138671875
"Souss - Massa - Draâ","Tiznit","NA (Tiznit)",2015,3151.45361328125
"Souss - Massa - Draâ","Tiznit","NA (Tiznit)",2016,3336.9873046875
"Souss - Massa - Draâ","Tiznit","NA (Tiznit)",2017,3807.30908203125
"Souss - Massa - Draâ","Tiznit","NA (Tiznit)",2018,3419.94580078125
"Souss - Massa - Draâ","Tiznit","NA (Tiznit)",2019,3927.34716796875
"Souss - Massa - Draâ","Tiznit","NA (Tiznit)",2020,3968.88989257812
"Souss - Massa - Draâ","Tiznit","NA (Tiznit)",2021,3784.00122070312
"Souss - Massa - Draâ","Tiznit","NA (Tiznit)",2022,4272.94921875
"Souss - Massa - Draâ","Tiznit","NA (Tiznit)",2023,4236.2080078125
"Souss - Massa - Draâ","Tiznit","NA (Tiznit)",2024,4093.18090820312
"Souss - Massa - Draâ","Tiznit","Tafraout",2012,82.0266647338867
"Souss - Massa - Draâ","Tiznit","Tafraout",2013,62.7736282348633
"Souss - Massa - Draâ","Tiznit","Tafraout",2014,68.2005615234375
"Souss - Massa - Draâ","Tiznit","Tafraout",2015,77.3436508178711
"Souss - Massa - Draâ","Tiznit","Tafraout",2016,66.5468978881836
"Souss - Massa - Draâ","Tiznit","Tafraout",2017,51.8318939208984
"Souss - Massa - Draâ","Tiznit","Tafraout",2018,66.5363235473633
"Souss - Massa - Draâ","Tiznit","Tafraout",2019,85.298698425293
"Souss - Massa - Draâ","Tiznit","Tafraout",2020,78.9901962280273
"Souss - Massa - Draâ","Tiznit","Tafraout",2021,140.813217163086
"Souss - Massa - Draâ","Tiznit","Tafraout",2022,150.872207641602
"Souss - Massa - Draâ","Tiznit","Tafraout",2023,189.883636474609
"Souss - Massa - Draâ","Tiznit","Tafraout",2024,180.906295776367
"Souss - Massa - Draâ","Tiznit","Tiznit",2012,237.486022949219
"Souss - Massa - Draâ","Tiznit","Tiznit",2013,223.643112182617
"Souss - Massa - Draâ","Tiznit","Tiznit",2014,392.264495849609
"Souss - Massa - Draâ","Tiznit","Tiznit",2015,401.134765625
"Souss - Massa - Draâ","Tiznit","Tiznit",2016,366.993469238281
"Souss - Massa - Draâ","Tiznit","Tiznit",2017,336.059875488281
"Souss - Massa - Draâ","Tiznit","Tiznit",2018,310.915252685547
"Souss - Massa - Draâ","Tiznit","Tiznit",2019,363.708160400391
"Souss - Massa - Draâ","Tiznit","Tiznit",2020,318.669525146484
"Souss - Massa - Draâ","Tiznit","Tiznit",2021,462.210906982422
"Souss - Massa - Draâ","Tiznit","Tiznit",2022,713.15185546875
"Souss - Massa - Draâ","Tiznit","Tiznit",2023,696.414367675781
"Souss - Massa - Draâ","Tiznit","Tiznit",2024,695.959716796875
"Souss - Massa - Draâ","Zagora","NA (Agdz)",2012,83.5259628295898
"Souss - Massa - Draâ","Zagora","NA (Agdz)",2013,86.3080368041992
"Souss - Massa - Draâ","Zagora","NA (Agdz)",2014,196.939086914062
"Souss - Massa - Draâ","Zagora","NA (Agdz)",2015,178.546005249023
"Souss - Massa - Draâ","Zagora","NA (Agdz)",2016,193.725143432617
"Souss - Massa - Draâ","Zagora","NA (Agdz)",2017,221.119812011719
"Souss - Massa - Draâ","Zagora","NA (Agdz)",2018,210.620834350586
"Souss - Massa - Draâ","Zagora","NA (Agdz)",2019,209.309646606445
"Souss - Massa - Draâ","Zagora","NA (Agdz)",2020,212.458633422852
"Souss - Massa - Draâ","Zagora","NA (Agdz)",2021,195.719909667969
"Souss - Massa - Draâ","Zagora","NA (Agdz)",2022,186.666213989258
"Souss - Massa - Draâ","Zagora","NA (Agdz)",2023,175.139831542969
"Souss - Massa - Draâ","Zagora","NA (Agdz)",2024,160.165908813477
"Souss - Massa - Draâ","Zagora","NA (Zagora)",2012,1458.94519042969
"Souss - Massa - Draâ","Zagora","NA (Zagora)",2013,1393.20642089844
"Souss - Massa - Draâ","Zagora","NA (Zagora)",2014,1395.40832519531
"Souss - Massa - Draâ","Zagora","NA (Zagora)",2015,1397.37890625
"Souss - Massa - Draâ","Zagora","NA (Zagora)",2016,1214.21875
"Souss - Massa - Draâ","Zagora","NA (Zagora)",2017,1354.58081054688
"Souss - Massa - Draâ","Zagora","NA (Zagora)",2018,1310.43176269531
"Souss - Massa - Draâ","Zagora","NA (Zagora)",2019,1485.45385742188
"Souss - Massa - Draâ","Zagora","NA (Zagora)",2020,1566.8017578125
"Souss - Massa - Draâ","Zagora","NA (Zagora)",2021,1617.31103515625
"Souss - Massa - Draâ","Zagora","NA (Zagora)",2022,1558.52697753906
"Souss - Massa - Draâ","Zagora","NA (Zagora)",2023,1777.43994140625
"Souss - Massa - Draâ","Zagora","NA (Zagora)",2024,1785.40014648438
"Souss - Massa - Draâ","Zagora","Zagora",2012,87.2818222045898
"Souss - Massa - Draâ","Zagora","Zagora",2013,166.705825805664
"Souss - Massa - Draâ","Zagora","Zagora",2014,185.186874389648
"Souss - Massa - Draâ","Zagora","Zagora",2015,124.534912109375
"Souss - Massa - Draâ","Zagora","Zagora",2016,137.735748291016
"Souss - Massa - Draâ","Zagora","Zagora",2017,76.8778305053711
"Souss - Massa - Draâ","Zagora","Zagora",2018,82.0551147460938
"Souss - Massa - Draâ","Zagora","Zagora",2019,79.0201873779297
"Souss - Massa - Draâ","Zagora","Zagora",2020,51.696647644043
"Souss - Massa - Draâ","Zagora","Zagora",2021,41.508861541748
"Souss - Massa - Draâ","Zagora","Zagora",2022,54.6267356872559
"Souss - Massa - Draâ","Zagora","Zagora",2023,45.8547172546387
"Souss - Massa - Draâ","Zagora","Zagora",2024,53.5328941345215
"Tadla - Azilal","Azilal","Azilal",2012,167.07160949707
"Tadla - Azilal","Azilal","Azilal",2013,212.735321044922
"Tadla - Azilal","Azilal","Azilal",2014,239.175674438477
"Tadla - Azilal","Azilal","Azilal",2015,255.746505737305
"Tadla - Azilal","Azilal","Azilal",2016,230.551910400391
"Tadla - Azilal","Azilal","Azilal",2017,268.351013183594
"Tadla - Azilal","Azilal","Azilal",2018,264.714691162109
"Tadla - Azilal","Azilal","Azilal",2019,282.889465332031
"Tadla - Azilal","Azilal","Azilal",2020,239.65364074707
"Tadla - Azilal","Azilal","Azilal",2021,304.415557861328
"Tadla - Azilal","Azilal","Azilal",2022,409.656921386719
"Tadla - Azilal","Azilal","Azilal",2023,463.897552490234
"Tadla - Azilal","Azilal","Azilal",2024,507.564910888672
"Tadla - Azilal","Azilal","Bzou",2012,914.726135253906
"Tadla - Azilal","Azilal","Bzou",2013,861.280700683594
"Tadla - Azilal","Azilal","Bzou",2014,1363.80065917969
"Tadla - Azilal","Azilal","Bzou",2015,1490.4072265625
"Tadla - Azilal","Azilal","Bzou",2016,1647.24780273438
"Tadla - Azilal","Azilal","Bzou",2017,1742.76782226562
"Tadla - Azilal","Azilal","Bzou",2018,1570.51440429688
"Tadla - Azilal","Azilal","Bzou",2019,1526.72265625
"Tadla - Azilal","Azilal","Bzou",2020,1280.54284667969
"Tadla - Azilal","Azilal","Bzou",2021,1553.81005859375
"Tadla - Azilal","Azilal","Bzou",2022,2103.41040039062
"Tadla - Azilal","Azilal","Bzou",2023,2457.11206054688
"Tadla - Azilal","Azilal","Bzou",2024,2148.88354492188
"Tadla - Azilal","Azilal","Demnate",2012,1006.14190673828
"Tadla - Azilal","Azilal","Demnate",2013,1022.65789794922
"Tadla - Azilal","Azilal","Demnate",2014,1058.57531738281
"Tadla - Azilal","Azilal","Demnate",2015,1070.64208984375
"Tadla - Azilal","Azilal","Demnate",2016,1139.279296875
"Tadla - Azilal","Azilal","Demnate",2017,1209.00036621094
"Tadla - Azilal","Azilal","Demnate",2018,1248.115234375
"Tadla - Azilal","Azilal","Demnate",2019,1252.59484863281
"Tadla - Azilal","Azilal","Demnate",2020,1068.27575683594
"Tadla - Azilal","Azilal","Demnate",2021,1276.8251953125
"Tadla - Azilal","Azilal","Demnate",2022,1644.66491699219
"Tadla - Azilal","Azilal","Demnate",2023,1813.88146972656
"Tadla - Azilal","Azilal","Demnate",2024,1712.72485351562
"Tadla - Azilal","Azilal","NA (Azilal)",2012,1682.82336425781
"Tadla - Azilal","Azilal","NA (Azilal)",2013,1857.00415039062
"Tadla - Azilal","Azilal","NA (Azilal)",2014,1896.02319335938
"Tadla - Azilal","Azilal","NA (Azilal)",2015,2011.65100097656
"Tadla - Azilal","Azilal","NA (Azilal)",2016,2005.38391113281
"Tadla - Azilal","Azilal","NA (Azilal)",2017,2110.9208984375
"Tadla - Azilal","Azilal","NA (Azilal)",2018,2019.43420410156
"Tadla - Azilal","Azilal","NA (Azilal)",2019,2227.1123046875
"Tadla - Azilal","Azilal","NA (Azilal)",2020,2132.56396484375
"Tadla - Azilal","Azilal","NA (Azilal)",2021,2338.30395507812
"Tadla - Azilal","Azilal","NA (Azilal)",2022,2459.51953125
"Tadla - Azilal","Azilal","NA (Azilal)",2023,2442.5400390625
"Tadla - Azilal","Azilal","NA (Azilal)",2024,2378.13427734375
"Tadla - Azilal","Azilal","NA (Demnate)",2012,0
"Tadla - Azilal","Azilal","NA (Demnate)",2013,0
"Tadla - Azilal","Azilal","NA (Demnate)",2014,0
"Tadla - Azilal","Azilal","NA (Demnate)",2015,0
"Tadla - Azilal","Azilal","NA (Demnate)",2016,0.0686474293470383
"Tadla - Azilal","Azilal","NA (Demnate)",2017,0
"Tadla - Azilal","Azilal","NA (Demnate)",2018,0.0664694085717201
"Tadla - Azilal","Azilal","NA (Demnate)",2019,0
"Tadla - Azilal","Azilal","NA (Demnate)",2020,0
"Tadla - Azilal","Azilal","NA (Demnate)",2021,1.02791666984558
"Tadla - Azilal","Azilal","NA (Demnate)",2022,4.73833417892456
"Tadla - Azilal","Azilal","NA (Demnate)",2023,9.11543464660645
"Tadla - Azilal","Azilal","NA (Demnate)",2024,4.06008434295654
"Tadla - Azilal","Azilal","Ouaouizaght",2012,1454.41748046875
"Tadla - Azilal","Azilal","Ouaouizaght",2013,1452.89489746094
"Tadla - Azilal","Azilal","Ouaouizaght",2014,1595.26000976562
"Tadla - Azilal","Azilal","Ouaouizaght",2015,1804.08166503906
"Tadla - Azilal","Azilal","Ouaouizaght",2016,1833.86352539062
"Tadla - Azilal","Azilal","Ouaouizaght",2017,1789.18090820312
"Tadla - Azilal","Azilal","Ouaouizaght",2018,1760.07006835938
"Tadla - Azilal","Azilal","Ouaouizaght",2019,1744.05493164062
"Tadla - Azilal","Azilal","Ouaouizaght",2020,1693.65124511719
"Tadla - Azilal","Azilal","Ouaouizaght",2021,1937.65173339844
"Tadla - Azilal","Azilal","Ouaouizaght",2022,2066.08544921875
"Tadla - Azilal","Azilal","Ouaouizaght",2023,2060.49853515625
"Tadla - Azilal","Azilal","Ouaouizaght",2024,2133.21362304688
"Tadla - Azilal","Béni Mellal","Beni Mellal",2012,4999.1435546875
"Tadla - Azilal","Béni Mellal","Beni Mellal",2013,4855.66552734375
"Tadla - Azilal","Béni Mellal","Beni Mellal",2014,6234.28466796875
"Tadla - Azilal","Béni Mellal","Beni Mellal",2015,6948.9921875
"Tadla - Azilal","Béni Mellal","Beni Mellal",2016,7383.697265625
"Tadla - Azilal","Béni Mellal","Beni Mellal",2017,7687.5673828125
"Tadla - Azilal","Béni Mellal","Beni Mellal",2018,7667.25439453125
"Tadla - Azilal","Béni Mellal","Beni Mellal",2019,7840.9833984375
"Tadla - Azilal","Béni Mellal","Beni Mellal",2020,8298.0703125
"Tadla - Azilal","Béni Mellal","Beni Mellal",2021,9389.2978515625
"Tadla - Azilal","Béni Mellal","Beni Mellal",2022,10189.9384765625
"Tadla - Azilal","Béni Mellal","Beni Mellal",2023,10559.677734375
"Tadla - Azilal","Béni Mellal","Beni Mellal",2024,11155.50390625
"Tadla - Azilal","Béni Mellal","Bni Moussa",2012,4290.943359375
"Tadla - Azilal","Béni Mellal","Bni Moussa",2013,4521.22705078125
"Tadla - Azilal","Béni Mellal","Bni Moussa",2014,5088.86376953125
"Tadla - Azilal","Béni Mellal","Bni Moussa",2015,5192.60791015625
"Tadla - Azilal","Béni Mellal","Bni Moussa",2016,5569.8291015625
"Tadla - Azilal","Béni Mellal","Bni Moussa",2017,5718.48388671875
"Tadla - Azilal","Béni Mellal","Bni Moussa",2018,5070.2099609375
"Tadla - Azilal","Béni Mellal","Bni Moussa",2019,4521.7265625
"Tadla - Azilal","Béni Mellal","Bni Moussa",2020,3750.033203125
"Tadla - Azilal","Béni Mellal","Bni Moussa",2021,4276.9912109375
"Tadla - Azilal","Béni Mellal","Bni Moussa",2022,5384.4267578125
"Tadla - Azilal","Béni Mellal","Bni Moussa",2023,6169.4951171875
"Tadla - Azilal","Béni Mellal","Bni Moussa",2024,6337.96142578125
"Tadla - Azilal","Béni Mellal","El Ksiba",2012,1027.54284667969
"Tadla - Azilal","Béni Mellal","El Ksiba",2013,1044.30688476562
"Tadla - Azilal","Béni Mellal","El Ksiba",2014,1146.32019042969
"Tadla - Azilal","Béni Mellal","El Ksiba",2015,1281.61657714844
"Tadla - Azilal","Béni Mellal","El Ksiba",2016,1528.296875
"Tadla - Azilal","Béni Mellal","El Ksiba",2017,1660.26989746094
"Tadla - Azilal","Béni Mellal","El Ksiba",2018,1827.78698730469
"Tadla - Azilal","Béni Mellal","El Ksiba",2019,1863.28234863281
"Tadla - Azilal","Béni Mellal","El Ksiba",2020,1764.42761230469
"Tadla - Azilal","Béni Mellal","El Ksiba",2021,2020.91845703125
"Tadla - Azilal","Béni Mellal","El Ksiba",2022,2410.45532226562
"Tadla - Azilal","Béni Mellal","El Ksiba",2023,2702.71875
"Tadla - Azilal","Béni Mellal","El Ksiba",2024,2436.81787109375
"Tadla - Azilal","Béni Mellal","Fquih Ben S",2012,5384.83935546875
"Tadla - Azilal","Béni Mellal","Fquih Ben S",2013,5416.05908203125
"Tadla - Azilal","Béni Mellal","Fquih Ben S",2014,6087.15771484375
"Tadla - Azilal","Béni Mellal","Fquih Ben S",2015,6344.2216796875
"Tadla - Azilal","Béni Mellal","Fquih Ben S",2016,7658.33349609375
"Tadla - Azilal","Béni Mellal","Fquih Ben S",2017,7895.40576171875
"Tadla - Azilal","Béni Mellal","Fquih Ben S",2018,8096.458984375
"Tadla - Azilal","Béni Mellal","Fquih Ben S",2019,8873.53125
"Tadla - Azilal","Béni Mellal","Fquih Ben S",2020,8770.9375
"Tadla - Azilal","Béni Mellal","Fquih Ben S",2021,9633.8525390625
"Tadla - Azilal","Béni Mellal","Fquih Ben S",2022,10217.1044921875
"Tadla - Azilal","Béni Mellal","Fquih Ben S",2023,10445.8095703125
"Tadla - Azilal","Béni Mellal","Fquih Ben S",2024,9832.90234375
"Tadla - Azilal","Béni Mellal","Kasba Tadla",2012,1386.99548339844
"Tadla - Azilal","Béni Mellal","Kasba Tadla",2013,1394.25866699219
"Tadla - Azilal","Béni Mellal","Kasba Tadla",2014,1815.58276367188
"Tadla - Azilal","Béni Mellal","Kasba Tadla",2015,1949.71057128906
"Tadla - Azilal","Béni Mellal","Kasba Tadla",2016,2045.59582519531
"Tadla - Azilal","Béni Mellal","Kasba Tadla",2017,2270.25537109375
"Tadla - Azilal","Béni Mellal","Kasba Tadla",2018,2504.64965820312
"Tadla - Azilal","Béni Mellal","Kasba Tadla",2019,2631.994140625
"Tadla - Azilal","Béni Mellal","Kasba Tadla",2020,2641.19213867188
"Tadla - Azilal","Béni Mellal","Kasba Tadla",2021,2930.22314453125
"Tadla - Azilal","Béni Mellal","Kasba Tadla",2022,3189.4189453125
"Tadla - Azilal","Béni Mellal","Kasba Tadla",2023,3546.18359375
"Tadla - Azilal","Béni Mellal","Kasba Tadla",2024,3358.04565429688
"Tadla - Azilal","Béni Mellal","NA (Beni Mellal)",2012,2302.5986328125
"Tadla - Azilal","Béni Mellal","NA (Beni Mellal)",2013,2343.54614257812
"Tadla - Azilal","Béni Mellal","NA (Beni Mellal)",2014,2730.65087890625
"Tadla - Azilal","Béni Mellal","NA (Beni Mellal)",2015,2842.13354492188
"Tadla - Azilal","Béni Mellal","NA (Beni Mellal)",2016,2848.87939453125
"Tadla - Azilal","Béni Mellal","NA (Beni Mellal)",2017,2806.48876953125
"Tadla - Azilal","Béni Mellal","NA (Beni Mellal)",2018,2726.14404296875
"Tadla - Azilal","Béni Mellal","NA (Beni Mellal)",2019,2694.89599609375
"Tadla - Azilal","Béni Mellal","NA (Beni Mellal)",2020,2720.22900390625
"Tadla - Azilal","Béni Mellal","NA (Beni Mellal)",2021,2791.73681640625
"Tadla - Azilal","Béni Mellal","NA (Beni Mellal)",2022,2846.68139648438
"Tadla - Azilal","Béni Mellal","NA (Beni Mellal)",2023,2892.90698242188
"Tadla - Azilal","Béni Mellal","NA (Beni Mellal)",2024,3022.46630859375
"Tadla - Azilal","Béni Mellal","NA (El Ksiba)",2012,80.7884063720703
"Tadla - Azilal","Béni Mellal","NA (El Ksiba)",2013,80.7122344970703
"Tadla - Azilal","Béni Mellal","NA (El Ksiba)",2014,82.2812194824219
"Tadla - Azilal","Béni Mellal","NA (El Ksiba)",2015,97.9365081787109
"Tadla - Azilal","Béni Mellal","NA (El Ksiba)",2016,160.503570556641
"Tadla - Azilal","Béni Mellal","NA (El Ksiba)",2017,206.213714599609
"Tadla - Azilal","Béni Mellal","NA (El Ksiba)",2018,245.177719116211
"Tadla - Azilal","Béni Mellal","NA (El Ksiba)",2019,248.226089477539
"Tadla - Azilal","Béni Mellal","NA (El Ksiba)",2020,249.713973999023
"Tadla - Azilal","Béni Mellal","NA (El Ksiba)",2021,234.547515869141
"Tadla - Azilal","Béni Mellal","NA (El Ksiba)",2022,240.193664550781
"Tadla - Azilal","Béni Mellal","NA (El Ksiba)",2023,229.202575683594
"Tadla - Azilal","Béni Mellal","NA (El Ksiba)",2024,231.227920532227
"Tadla - Azilal","Béni Mellal","NA (Fquih Ben Salah)",2012,86.7202529907227
"Tadla - Azilal","Béni Mellal","NA (Fquih Ben Salah)",2013,86.0370407104492
"Tadla - Azilal","Béni Mellal","NA (Fquih Ben Salah)",2014,89.9861145019531
"Tadla - Azilal","Béni Mellal","NA (Fquih Ben Salah)",2015,92.9673614501953
"Tadla - Azilal","Béni Mellal","NA (Fquih Ben Salah)",2016,102.341987609863
"Tadla - Azilal","Béni Mellal","NA (Fquih Ben Salah)",2017,119.260520935059
"Tadla - Azilal","Béni Mellal","NA (Fquih Ben Salah)",2018,141.731887817383
"Tadla - Azilal","Béni Mellal","NA (Fquih Ben Salah)",2019,156.948257446289
"Tadla - Azilal","Béni Mellal","NA (Fquih Ben Salah)",2020,163.680145263672
"Tadla - Azilal","Béni Mellal","NA (Fquih Ben Salah)",2021,191.655120849609
"Tadla - Azilal","Béni Mellal","NA (Fquih Ben Salah)",2022,192.344543457031
"Tadla - Azilal","Béni Mellal","NA (Fquih Ben Salah)",2023,189.864410400391
"Tadla - Azilal","Béni Mellal","NA (Fquih Ben Salah)",2024,174.626678466797
"Tadla - Azilal","Béni Mellal","NA (Kasba Tadla)",2012,616.930297851562
"Tadla - Azilal","Béni Mellal","NA (Kasba Tadla)",2013,717.567749023438
"Tadla - Azilal","Béni Mellal","NA (Kasba Tadla)",2014,833.889404296875
"Tadla - Azilal","Béni Mellal","NA (Kasba Tadla)",2015,874.225646972656
"Tadla - Azilal","Béni Mellal","NA (Kasba Tadla)",2016,949.712646484375
"Tadla - Azilal","Béni Mellal","NA (Kasba Tadla)",2017,1027.50048828125
"Tadla - Azilal","Béni Mellal","NA (Kasba Tadla)",2018,1058.86071777344
"Tadla - Azilal","Béni Mellal","NA (Kasba Tadla)",2019,1216.28259277344
"Tadla - Azilal","Béni Mellal","NA (Kasba Tadla)",2020,1235.62097167969
"Tadla - Azilal","Béni Mellal","NA (Kasba Tadla)",2021,1276.74609375
"Tadla - Azilal","Béni Mellal","NA (Kasba Tadla)",2022,1293.18640136719
"Tadla - Azilal","Béni Mellal","NA (Kasba Tadla)",2023,1248.28698730469
"Tadla - Azilal","Béni Mellal","NA (Kasba Tadla)",2024,1428.16333007812
"Tadla - Azilal","Béni Mellal","NA (Oulad Ayad)",2012,223.214508056641
"Tadla - Azilal","Béni Mellal","NA (Oulad Ayad)",2013,216.236557006836
"Tadla - Azilal","Béni Mellal","NA (Oulad Ayad)",2014,248.381195068359
"Tadla - Azilal","Béni Mellal","NA (Oulad Ayad)",2015,248.184844970703
"Tadla - Azilal","Béni Mellal","NA (Oulad Ayad)",2016,264.005584716797
"Tadla - Azilal","Béni Mellal","NA (Oulad Ayad)",2017,279.372650146484
"Tadla - Azilal","Béni Mellal","NA (Oulad Ayad)",2018,269.377532958984
"Tadla - Azilal","Béni Mellal","NA (Oulad Ayad)",2019,141.742813110352
"Tadla - Azilal","Béni Mellal","NA (Oulad Ayad)",2020,94.6718673706055
"Tadla - Azilal","Béni Mellal","NA (Oulad Ayad)",2021,125.426528930664
"Tadla - Azilal","Béni Mellal","NA (Oulad Ayad)",2022,173.309524536133
"Tadla - Azilal","Béni Mellal","NA (Oulad Ayad)",2023,195.901229858398
"Tadla - Azilal","Béni Mellal","NA (Oulad Ayad)",2024,175.711074829102
"Tadla - Azilal","Béni Mellal","NA (Souk Sebt Oulad Nemma)",2012,96.2281723022461
"Tadla - Azilal","Béni Mellal","NA (Souk Sebt Oulad Nemma)",2013,88.5580062866211
"Tadla - Azilal","Béni Mellal","NA (Souk Sebt Oulad Nemma)",2014,101.884117126465
"Tadla - Azilal","Béni Mellal","NA (Souk Sebt Oulad Nemma)",2015,93.5640869140625
"Tadla - Azilal","Béni Mellal","NA (Souk Sebt Oulad Nemma)",2016,91.8729248046875
"Tadla - Azilal","Béni Mellal","NA (Souk Sebt Oulad Nemma)",2017,85.891975402832
"Tadla - Azilal","Béni Mellal","NA (Souk Sebt Oulad Nemma)",2018,102.990631103516
"Tadla - Azilal","Béni Mellal","NA (Souk Sebt Oulad Nemma)",2019,99.2725372314453
"Tadla - Azilal","Béni Mellal","NA (Souk Sebt Oulad Nemma)",2020,88.6297073364258
"Tadla - Azilal","Béni Mellal","NA (Souk Sebt Oulad Nemma)",2021,95.6096343994141
"Tadla - Azilal","Béni Mellal","NA (Souk Sebt Oulad Nemma)",2022,103.523040771484
"Tadla - Azilal","Béni Mellal","NA (Souk Sebt Oulad Nemma)",2023,162.038818359375
"Tadla - Azilal","Béni Mellal","NA (Souk Sebt Oulad Nemma)",2024,170.665069580078
"Tadla - Azilal","Béni Mellal","NA (Zaouiat Cheikh)",2012,345.39697265625
"Tadla - Azilal","Béni Mellal","NA (Zaouiat Cheikh)",2013,364.677062988281
"Tadla - Azilal","Béni Mellal","NA (Zaouiat Cheikh)",2014,380.254669189453
"Tadla - Azilal","Béni Mellal","NA (Zaouiat Cheikh)",2015,387.431518554688
"Tadla - Azilal","Béni Mellal","NA (Zaouiat Cheikh)",2016,362.481750488281
"Tadla - Azilal","Béni Mellal","NA (Zaouiat Cheikh)",2017,354.623229980469
"Tadla - Azilal","Béni Mellal","NA (Zaouiat Cheikh)",2018,326.283996582031
"Tadla - Azilal","Béni Mellal","NA (Zaouiat Cheikh)",2019,382.955993652344
"Tadla - Azilal","Béni Mellal","NA (Zaouiat Cheikh)",2020,382.611480712891
"Tadla - Azilal","Béni Mellal","NA (Zaouiat Cheikh)",2021,379.332977294922
"Tadla - Azilal","Béni Mellal","NA (Zaouiat Cheikh)",2022,403.150817871094
"Tadla - Azilal","Béni Mellal","NA (Zaouiat Cheikh)",2023,378.876434326172
"Tadla - Azilal","Béni Mellal","NA (Zaouiat Cheikh)",2024,359.481994628906
"Tanger - Tétouan","Chefchaouen","Bab Berred",2012,285.825347900391
"Tanger - Tétouan","Chefchaouen","Bab Berred",2013,229.067657470703
"Tanger - Tétouan","Chefchaouen","Bab Berred",2014,347.127075195312
"Tanger - Tétouan","Chefchaouen","Bab Berred",2015,412.037811279297
"Tanger - Tétouan","Chefchaouen","Bab Berred",2016,483.297546386719
"Tanger - Tétouan","Chefchaouen","Bab Berred",2017,569.761840820312
"Tanger - Tétouan","Chefchaouen","Bab Berred",2018,534.245483398438
"Tanger - Tétouan","Chefchaouen","Bab Berred",2019,1092.27026367188
"Tanger - Tétouan","Chefchaouen","Bab Berred",2020,1407.50573730469
"Tanger - Tétouan","Chefchaouen","Bab Berred",2021,1721.98388671875
"Tanger - Tétouan","Chefchaouen","Bab Berred",2022,1776.07275390625
"Tanger - Tétouan","Chefchaouen","Bab Berred",2023,1907.26831054688
"Tanger - Tétouan","Chefchaouen","Bab Berred",2024,2101.95141601562
"Tanger - Tétouan","Chefchaouen","Bab Taza",2012,647.364868164062
"Tanger - Tétouan","Chefchaouen","Bab Taza",2013,549.623168945312
"Tanger - Tétouan","Chefchaouen","Bab Taza",2014,790.259155273438
"Tanger - Tétouan","Chefchaouen","Bab Taza",2015,752.353698730469
"Tanger - Tétouan","Chefchaouen","Bab Taza",2016,781.688842773438
"Tanger - Tétouan","Chefchaouen","Bab Taza",2017,854.934814453125
"Tanger - Tétouan","Chefchaouen","Bab Taza",2018,875.87451171875
"Tanger - Tétouan","Chefchaouen","Bab Taza",2019,1161.94128417969
"Tanger - Tétouan","Chefchaouen","Bab Taza",2020,1454.25744628906
"Tanger - Tétouan","Chefchaouen","Bab Taza",2021,1743.39282226562
"Tanger - Tétouan","Chefchaouen","Bab Taza",2022,1750.86572265625
"Tanger - Tétouan","Chefchaouen","Bab Taza",2023,1621.64428710938
"Tanger - Tétouan","Chefchaouen","Bab Taza",2024,1789.62646484375
"Tanger - Tétouan","Chefchaouen","Bou Ahmed",2012,113.29517364502
"Tanger - Tétouan","Chefchaouen","Bou Ahmed",2013,160.333160400391
"Tanger - Tétouan","Chefchaouen","Bou Ahmed",2014,262.871124267578
"Tanger - Tétouan","Chefchaouen","Bou Ahmed",2015,290.079498291016
"Tanger - Tétouan","Chefchaouen","Bou Ahmed",2016,452.596343994141
"Tanger - Tétouan","Chefchaouen","Bou Ahmed",2017,441.697082519531
"Tanger - Tétouan","Chefchaouen","Bou Ahmed",2018,442.713928222656
"Tanger - Tétouan","Chefchaouen","Bou Ahmed",2019,862.667541503906
"Tanger - Tétouan","Chefchaouen","Bou Ahmed",2020,1495.70910644531
"Tanger - Tétouan","Chefchaouen","Bou Ahmed",2021,1524.93713378906
"Tanger - Tétouan","Chefchaouen","Bou Ahmed",2022,1465.64575195312
"Tanger - Tétouan","Chefchaouen","Bou Ahmed",2023,1466.509765625
"Tanger - Tétouan","Chefchaouen","Bou Ahmed",2024,1574.90307617188
"Tanger - Tétouan","Chefchaouen","Moqrissat",2012,205.642532348633
"Tanger - Tétouan","Chefchaouen","Moqrissat",2013,164.009246826172
"Tanger - Tétouan","Chefchaouen","Moqrissat",2014,174.300827026367
"Tanger - Tétouan","Chefchaouen","Moqrissat",2015,189.988494873047
"Tanger - Tétouan","Chefchaouen","Moqrissat",2016,230.437316894531
"Tanger - Tétouan","Chefchaouen","Moqrissat",2017,212.702194213867
"Tanger - Tétouan","Chefchaouen","Moqrissat",2018,190.314895629883
"Tanger - Tétouan","Chefchaouen","Moqrissat",2019,243.92333984375
"Tanger - Tétouan","Chefchaouen","Moqrissat",2020,188.027526855469
"Tanger - Tétouan","Chefchaouen","Moqrissat",2021,193.100143432617
"Tanger - Tétouan","Chefchaouen","Moqrissat",2022,276.220001220703
"Tanger - Tétouan","Chefchaouen","Moqrissat",2023,288.259216308594
"Tanger - Tétouan","Chefchaouen","Moqrissat",2024,286.026153564453
"Tanger - Tétouan","Chefchaouen","NA (Chefchaouene)",2012,1153.83740234375
"Tanger - Tétouan","Chefchaouen","NA (Chefchaouene)",2013,1308.9423828125
"Tanger - Tétouan","Chefchaouen","NA (Chefchaouene)",2014,1308.51208496094
"Tanger - Tétouan","Chefchaouen","NA (Chefchaouene)",2015,1237.87780761719
"Tanger - Tétouan","Chefchaouen","NA (Chefchaouene)",2016,1176.16955566406
"Tanger - Tétouan","Chefchaouen","NA (Chefchaouene)",2017,1187.65490722656
"Tanger - Tétouan","Chefchaouen","NA (Chefchaouene)",2018,1195.57202148438
"Tanger - Tétouan","Chefchaouen","NA (Chefchaouene)",2019,1208.53967285156
"Tanger - Tétouan","Chefchaouen","NA (Chefchaouene)",2020,1222.29113769531
"Tanger - Tétouan","Chefchaouen","NA (Chefchaouene)",2021,1173.11608886719
"Tanger - Tétouan","Chefchaouen","NA (Chefchaouene)",2022,1070.63391113281
"Tanger - Tétouan","Chefchaouen","NA (Chefchaouene)",2023,1174.47729492188
"Tanger - Tétouan","Chefchaouen","NA (Chefchaouene)",2024,1231.8642578125
"Tanger - Tétouan","Fahs Anjra","Fahs",2012,3954.20166015625
"Tanger - Tétouan","Fahs Anjra","Fahs",2013,3790.40014648438
"Tanger - Tétouan","Fahs Anjra","Fahs",2014,4414.39208984375
"Tanger - Tétouan","Fahs Anjra","Fahs",2015,5519.31005859375
"Tanger - Tétouan","Fahs Anjra","Fahs",2016,6503.40869140625
"Tanger - Tétouan","Fahs Anjra","Fahs",2017,8941.1767578125
"Tanger - Tétouan","Fahs Anjra","Fahs",2018,9321.767578125
"Tanger - Tétouan","Fahs Anjra","Fahs",2019,10667.4111328125
"Tanger - Tétouan","Fahs Anjra","Fahs",2020,10889.3837890625
"Tanger - Tétouan","Fahs Anjra","Fahs",2021,11997.283203125
"Tanger - Tétouan","Fahs Anjra","Fahs",2022,11908.98046875
"Tanger - Tétouan","Fahs Anjra","Fahs",2023,12515.4482421875
"Tanger - Tétouan","Fahs Anjra","Fahs",2024,12895.74609375
"Tanger - Tétouan","Fahs Anjra","NA (Bni Makada)",2012,4126.119140625
"Tanger - Tétouan","Fahs Anjra","NA (Bni Makada)",2013,4919.75732421875
"Tanger - Tétouan","Fahs Anjra","NA (Bni Makada)",2014,6678.18505859375
"Tanger - Tétouan","Fahs Anjra","NA (Bni Makada)",2015,7789.3251953125
"Tanger - Tétouan","Fahs Anjra","NA (Bni Makada)",2016,8279.6279296875
"Tanger - Tétouan","Fahs Anjra","NA (Bni Makada)",2017,8809.865234375
"Tanger - Tétouan","Fahs Anjra","NA (Bni Makada)",2018,8653.5078125
"Tanger - Tétouan","Fahs Anjra","NA (Bni Makada)",2019,9465.533203125
"Tanger - Tétouan","Fahs Anjra","NA (Bni Makada)",2020,9731.208984375
"Tanger - Tétouan","Fahs Anjra","NA (Bni Makada)",2021,9903.3837890625
"Tanger - Tétouan","Fahs Anjra","NA (Bni Makada)",2022,9700.6552734375
"Tanger - Tétouan","Fahs Anjra","NA (Bni Makada)",2023,9543.669921875
"Tanger - Tétouan","Fahs Anjra","NA (Bni Makada)",2024,9144.298828125
"Tanger - Tétouan","Larache","Ksar El Keb",2012,3453.81518554688
"Tanger - Tétouan","Larache","Ksar El Keb",2013,3238.14184570312
"Tanger - Tétouan","Larache","Ksar El Keb",2014,3638.85888671875
"Tanger - Tétouan","Larache","Ksar El Keb",2015,3752.63500976562
"Tanger - Tétouan","Larache","Ksar El Keb",2016,3909.80004882812
"Tanger - Tétouan","Larache","Ksar El Keb",2017,4132.22265625
"Tanger - Tétouan","Larache","Ksar El Keb",2018,4364.9736328125
"Tanger - Tétouan","Larache","Ksar El Keb",2019,4363.61083984375
"Tanger - Tétouan","Larache","Ksar El Keb",2020,4020.80151367188
"Tanger - Tétouan","Larache","Ksar El Keb",2021,4278.44091796875
"Tanger - Tétouan","Larache","Ksar El Keb",2022,4898.97998046875
"Tanger - Tétouan","Larache","Ksar El Keb",2023,4857.3125
"Tanger - Tétouan","Larache","Ksar El Keb",2024,4575.04443359375
"Tanger - Tétouan","Larache","Larache",2012,561.972778320312
"Tanger - Tétouan","Larache","Larache",2013,621.57470703125
"Tanger - Tétouan","Larache","Larache",2014,817.375366210938
"Tanger - Tétouan","Larache","Larache",2015,896.359008789062
"Tanger - Tétouan","Larache","Larache",2016,935.431091308594
"Tanger - Tétouan","Larache","Larache",2017,994.068786621094
"Tanger - Tétouan","Larache","Larache",2018,1057.48449707031
"Tanger - Tétouan","Larache","Larache",2019,1139.96044921875
"Tanger - Tétouan","Larache","Larache",2020,1067.94079589844
"Tanger - Tétouan","Larache","Larache",2021,1728.03161621094
"Tanger - Tétouan","Larache","Larache",2022,1690.31591796875
"Tanger - Tétouan","Larache","Larache",2023,1753.69909667969
"Tanger - Tétouan","Larache","Larache",2024,1551.86547851562
"Tanger - Tétouan","Larache","NA (Ksar El Kebir)",2012,496.893524169922
"Tanger - Tétouan","Larache","NA (Ksar El Kebir)",2013,422.672454833984
"Tanger - Tétouan","Larache","NA (Ksar El Kebir)",2014,466.94482421875
"Tanger - Tétouan","Larache","NA (Ksar El Kebir)",2015,558.616638183594
"Tanger - Tétouan","Larache","NA (Ksar El Kebir)",2016,599.448974609375
"Tanger - Tétouan","Larache","NA (Ksar El Kebir)",2017,825.081481933594
"Tanger - Tétouan","Larache","NA (Ksar El Kebir)",2018,1019.33465576172
"Tanger - Tétouan","Larache","NA (Ksar El Kebir)",2019,1011.10443115234
"Tanger - Tétouan","Larache","NA (Ksar El Kebir)",2020,964.221984863281
"Tanger - Tétouan","Larache","NA (Ksar El Kebir)",2021,980.965515136719
"Tanger - Tétouan","Larache","NA (Ksar El Kebir)",2022,1021.96966552734
"Tanger - Tétouan","Larache","NA (Ksar El Kebir)",2023,853.931213378906
"Tanger - Tétouan","Larache","NA (Ksar El Kebir)",2024,869.839599609375
"Tanger - Tétouan","Larache","NA (Larache)",2012,3119.77172851562
"Tanger - Tétouan","Larache","NA (Larache)",2013,3255.4599609375
"Tanger - Tétouan","Larache","NA (Larache)",2014,3603.18359375
"Tanger - Tétouan","Larache","NA (Larache)",2015,3616.37377929688
"Tanger - Tétouan","Larache","NA (Larache)",2016,3903.60815429688
"Tanger - Tétouan","Larache","NA (Larache)",2017,4168.85400390625
"Tanger - Tétouan","Larache","NA (Larache)",2018,4154.04150390625
"Tanger - Tétouan","Larache","NA (Larache)",2019,4208.958984375
"Tanger - Tétouan","Larache","NA (Larache)",2020,3825.95043945312
"Tanger - Tétouan","Larache","NA (Larache)",2021,3854.05859375
"Tanger - Tétouan","Larache","NA (Larache)",2022,4296.39306640625
"Tanger - Tétouan","Larache","NA (Larache)",2023,4241.04150390625
"Tanger - Tétouan","Larache","NA (Larache)",2024,4205.11865234375
"Tanger - Tétouan","Tanger-Assilah","Assilah",2012,307.373504638672
"Tanger - Tétouan","Tanger-Assilah","Assilah",2013,368.111480712891
"Tanger - Tétouan","Tanger-Assilah","Assilah",2014,532.332763671875
"Tanger - Tétouan","Tanger-Assilah","Assilah",2015,851.1494140625
"Tanger - Tétouan","Tanger-Assilah","Assilah",2016,708.507202148438
"Tanger - Tétouan","Tanger-Assilah","Assilah",2017,768.163757324219
"Tanger - Tétouan","Tanger-Assilah","Assilah",2018,792.601501464844
"Tanger - Tétouan","Tanger-Assilah","Assilah",2019,795.469970703125
"Tanger - Tétouan","Tanger-Assilah","Assilah",2020,646.972717285156
"Tanger - Tétouan","Tanger-Assilah","Assilah",2021,819.556030273438
"Tanger - Tétouan","Tanger-Assilah","Assilah",2022,1254.02783203125
"Tanger - Tétouan","Tanger-Assilah","Assilah",2023,1815.90100097656
"Tanger - Tétouan","Tanger-Assilah","Assilah",2024,1444.13940429688
"Tanger - Tétouan","Tanger-Assilah","Boukhalef",2012,5312.3701171875
"Tanger - Tétouan","Tanger-Assilah","Boukhalef",2013,5854.0224609375
"Tanger - Tétouan","Tanger-Assilah","Boukhalef",2014,7593.6298828125
"Tanger - Tétouan","Tanger-Assilah","Boukhalef",2015,9984.97265625
"Tanger - Tétouan","Tanger-Assilah","Boukhalef",2016,11787.224609375
"Tanger - Tétouan","Tanger-Assilah","Boukhalef",2017,12226.6767578125
"Tanger - Tétouan","Tanger-Assilah","Boukhalef",2018,11587.74609375
"Tanger - Tétouan","Tanger-Assilah","Boukhalef",2019,11624.8076171875
"Tanger - Tétouan","Tanger-Assilah","Boukhalef",2020,11787.33984375
"Tanger - Tétouan","Tanger-Assilah","Boukhalef",2021,13982.4267578125
"Tanger - Tétouan","Tanger-Assilah","Boukhalef",2022,16340.177734375
"Tanger - Tétouan","Tanger-Assilah","Boukhalef",2023,18280.486328125
"Tanger - Tétouan","Tanger-Assilah","Boukhalef",2024,18181.57421875
"Tanger - Tétouan","Tanger-Assilah","NA (Assilah)",2012,1966.64465332031
"Tanger - Tétouan","Tanger-Assilah","NA (Assilah)",2013,2118.228515625
"Tanger - Tétouan","Tanger-Assilah","NA (Assilah)",2014,2030.72216796875
"Tanger - Tétouan","Tanger-Assilah","NA (Assilah)",2015,1970.40991210938
"Tanger - Tétouan","Tanger-Assilah","NA (Assilah)",2016,1941.99011230469
"Tanger - Tétouan","Tanger-Assilah","NA (Assilah)",2017,1965.39001464844
"Tanger - Tétouan","Tanger-Assilah","NA (Assilah)",2018,1817.79528808594
"Tanger - Tétouan","Tanger-Assilah","NA (Assilah)",2019,1787.35339355469
"Tanger - Tétouan","Tanger-Assilah","NA (Assilah)",2020,1697.19140625
"Tanger - Tétouan","Tanger-Assilah","NA (Assilah)",2021,1735.34851074219
"Tanger - Tétouan","Tanger-Assilah","NA (Assilah)",2022,2211.56494140625
"Tanger - Tétouan","Tanger-Assilah","NA (Assilah)",2023,2195.97412109375
"Tanger - Tétouan","Tanger-Assilah","NA (Assilah)",2024,2458.96508789062
"Tanger - Tétouan","Tanger-Assilah","NA (Charf)",2012,10600.7568359375
"Tanger - Tétouan","Tanger-Assilah","NA (Charf)",2013,11475.7001953125
"Tanger - Tétouan","Tanger-Assilah","NA (Charf)",2014,12856.2021484375
"Tanger - Tétouan","Tanger-Assilah","NA (Charf)",2015,14720.54296875
"Tanger - Tétouan","Tanger-Assilah","NA (Charf)",2016,18218.373046875
"Tanger - Tétouan","Tanger-Assilah","NA (Charf)",2017,19711.103515625
"Tanger - Tétouan","Tanger-Assilah","NA (Charf)",2018,20764.119140625
"Tanger - Tétouan","Tanger-Assilah","NA (Charf)",2019,21878.294921875
"Tanger - Tétouan","Tanger-Assilah","NA (Charf)",2020,22090.283203125
"Tanger - Tétouan","Tanger-Assilah","NA (Charf)",2021,22709.357421875
"Tanger - Tétouan","Tanger-Assilah","NA (Charf)",2022,21964.021484375
"Tanger - Tétouan","Tanger-Assilah","NA (Charf)",2023,21461.29296875
"Tanger - Tétouan","Tanger-Assilah","NA (Charf)",2024,21804.388671875
"Tanger - Tétouan","Tanger-Assilah","NA (Tanger)",2012,4815.607421875
"Tanger - Tétouan","Tanger-Assilah","NA (Tanger)",2013,5349.09765625
"Tanger - Tétouan","Tanger-Assilah","NA (Tanger)",2014,7023.34912109375
"Tanger - Tétouan","Tanger-Assilah","NA (Tanger)",2015,8427.0703125
"Tanger - Tétouan","Tanger-Assilah","NA (Tanger)",2016,9350.1630859375
"Tanger - Tétouan","Tanger-Assilah","NA (Tanger)",2017,10722.2685546875
"Tanger - Tétouan","Tanger-Assilah","NA (Tanger)",2018,11228.5830078125
"Tanger - Tétouan","Tanger-Assilah","NA (Tanger)",2019,11814.140625
"Tanger - Tétouan","Tanger-Assilah","NA (Tanger)",2020,12078.654296875
"Tanger - Tétouan","Tanger-Assilah","NA (Tanger)",2021,12448.2353515625
"Tanger - Tétouan","Tanger-Assilah","NA (Tanger)",2022,12430.7412109375
"Tanger - Tétouan","Tanger-Assilah","NA (Tanger)",2023,12280.5283203125
"Tanger - Tétouan","Tanger-Assilah","NA (Tanger)",2024,11997.6787109375
"Tanger - Tétouan","Tétouan","Jebala",2012,6757.32373046875
"Tanger - Tétouan","Tétouan","Jebala",2013,6945.53466796875
"Tanger - Tétouan","Tétouan","Jebala",2014,7447.79541015625
"Tanger - Tétouan","Tétouan","Jebala",2015,7614.89404296875
"Tanger - Tétouan","Tétouan","Jebala",2016,8533.740234375
"Tanger - Tétouan","Tétouan","Jebala",2017,9358.259765625
"Tanger - Tétouan","Tétouan","Jebala",2018,10312.3837890625
"Tanger - Tétouan","Tétouan","Jebala",2019,11968.3984375
"Tanger - Tétouan","Tétouan","Jebala",2020,11298.6064453125
"Tanger - Tétouan","Tétouan","Jebala",2021,12106.2060546875
"Tanger - Tétouan","Tétouan","Jebala",2022,12493.76171875
"Tanger - Tétouan","Tétouan","Jebala",2023,13419.806640625
"Tanger - Tétouan","Tétouan","Jebala",2024,13165.2412109375
"Tanger - Tétouan","Tétouan","NA (Fnidq)",2012,3833.78051757812
"Tanger - Tétouan","Tétouan","NA (Fnidq)",2013,4173.6728515625
"Tanger - Tétouan","Tétouan","NA (Fnidq)",2014,4861.5234375
"Tanger - Tétouan","Tétouan","NA (Fnidq)",2015,5525.7802734375
"Tanger - Tétouan","Tétouan","NA (Fnidq)",2016,5626.0654296875
"Tanger - Tétouan","Tétouan","NA (Fnidq)",2017,5528.50390625
"Tanger - Tétouan","Tétouan","NA (Fnidq)",2018,5328.2529296875
"Tanger - Tétouan","Tétouan","NA (Fnidq)",2019,5142.8876953125
"Tanger - Tétouan","Tétouan","NA (Fnidq)",2020,4930.24365234375
"Tanger - Tétouan","Tétouan","NA (Fnidq)",2021,4747.814453125
"Tanger - Tétouan","Tétouan","NA (Fnidq)",2022,4289.3251953125
"Tanger - Tétouan","Tétouan","NA (Fnidq)",2023,4054.30834960938
"Tanger - Tétouan","Tétouan","NA (Fnidq)",2024,3916.77563476562
"Tanger - Tétouan","Tétouan","NA (M'Diq)",2012,4614.10595703125
"Tanger - Tétouan","Tétouan","NA (M'Diq)",2013,4706.9951171875
"Tanger - Tétouan","Tétouan","NA (M'Diq)",2014,5200.630859375
"Tanger - Tétouan","Tétouan","NA (M'Diq)",2015,4958.39599609375
"Tanger - Tétouan","Tétouan","NA (M'Diq)",2016,5668.06494140625
"Tanger - Tétouan","Tétouan","NA (M'Diq)",2017,5821.13525390625
"Tanger - Tétouan","Tétouan","NA (M'Diq)",2018,6007.00439453125
"Tanger - Tétouan","Tétouan","NA (M'Diq)",2019,5903.4404296875
"Tanger - Tétouan","Tétouan","NA (M'Diq)",2020,5803.63720703125
"Tanger - Tétouan","Tétouan","NA (M'Diq)",2021,5400.642578125
"Tanger - Tétouan","Tétouan","NA (M'Diq)",2022,4674.2216796875
"Tanger - Tétouan","Tétouan","NA (M'Diq)",2023,4515.60595703125
"Tanger - Tétouan","Tétouan","NA (M'Diq)",2024,4434.78125
"Tanger - Tétouan","Tétouan","NA (Martil)",2012,5774.236328125
"Tanger - Tétouan","Tétouan","NA (Martil)",2013,6209.10986328125
"Tanger - Tétouan","Tétouan","NA (Martil)",2014,7383.84619140625
"Tanger - Tétouan","Tétouan","NA (Martil)",2015,8425.1201171875
"Tanger - Tétouan","Tétouan","NA (Martil)",2016,8944.4462890625
"Tanger - Tétouan","Tétouan","NA (Martil)",2017,9011.390625
"Tanger - Tétouan","Tétouan","NA (Martil)",2018,8694.708984375
"Tanger - Tétouan","Tétouan","NA (Martil)",2019,8983.3017578125
"Tanger - Tétouan","Tétouan","NA (Martil)",2020,8455.1171875
"Tanger - Tétouan","Tétouan","NA (Martil)",2021,7723.66259765625
"Tanger - Tétouan","Tétouan","NA (Martil)",2022,7101.2138671875
"Tanger - Tétouan","Tétouan","NA (Martil)",2023,6384.6455078125
"Tanger - Tétouan","Tétouan","NA (Martil)",2024,6376.39892578125
"Tanger - Tétouan","Tétouan","NA (Ouad Laou)",2012,545.306396484375
"Tanger - Tétouan","Tétouan","NA (Ouad Laou)",2013,761.54345703125
"Tanger - Tétouan","Tétouan","NA (Ouad Laou)",2014,1317.35668945312
"Tanger - Tétouan","Tétouan","NA (Ouad Laou)",2015,1372.861328125
"Tanger - Tétouan","Tétouan","NA (Ouad Laou)",2016,1315.505859375
"Tanger - Tétouan","Tétouan","NA (Ouad Laou)",2017,1268.28283691406
"Tanger - Tétouan","Tétouan","NA (Ouad Laou)",2018,1073.23193359375
"Tanger - Tétouan","Tétouan","NA (Ouad Laou)",2019,1189.21765136719
"Tanger - Tétouan","Tétouan","NA (Ouad Laou)",2020,1196.84289550781
"Tanger - Tétouan","Tétouan","NA (Ouad Laou)",2021,1315.36560058594
"Tanger - Tétouan","Tétouan","NA (Ouad Laou)",2022,1221.51794433594
"Tanger - Tétouan","Tétouan","NA (Ouad Laou)",2023,1110.85388183594
"Tanger - Tétouan","Tétouan","NA (Ouad Laou)",2024,1173.58837890625
"Tanger - Tétouan","Tétouan","NA (Tetouan Al Azhar)",2012,7840.20166015625
"Tanger - Tétouan","Tétouan","NA (Tetouan Al Azhar)",2013,8284.123046875
"Tanger - Tétouan","Tétouan","NA (Tetouan Al Azhar)",2014,8225.7568359375
"Tanger - Tétouan","Tétouan","NA (Tetouan Al Azhar)",2015,8392.1318359375
"Tanger - Tétouan","Tétouan","NA (Tetouan Al Azhar)",2016,8940.7412109375
"Tanger - Tétouan","Tétouan","NA (Tetouan Al Azhar)",2017,9814.3232421875
"Tanger - Tétouan","Tétouan","NA (Tetouan Al Azhar)",2018,9854.958984375
"Tanger - Tétouan","Tétouan","NA (Tetouan Al Azhar)",2019,8954.1220703125
"Tanger - Tétouan","Tétouan","NA (Tetouan Al Azhar)",2020,6876.6259765625
"Tanger - Tétouan","Tétouan","NA (Tetouan Al Azhar)",2021,6639.79296875
"Tanger - Tétouan","Tétouan","NA (Tetouan Al Azhar)",2022,6293.47998046875
"Tanger - Tétouan","Tétouan","NA (Tetouan Al Azhar)",2023,5433.34765625
"Tanger - Tétouan","Tétouan","NA (Tetouan Al Azhar)",2024,5359.99951171875
"Tanger - Tétouan","Tétouan","NA (Tetouan Sidi Al Mandri)",2012,5650.7470703125
"Tanger - Tétouan","Tétouan","NA (Tetouan Sidi Al Mandri)",2013,6072.63525390625
"Tanger - Tétouan","Tétouan","NA (Tetouan Sidi Al Mandri)",2014,6245.9951171875
"Tanger - Tétouan","Tétouan","NA (Tetouan Sidi Al Mandri)",2015,6533.30517578125
"Tanger - Tétouan","Tétouan","NA (Tetouan Sidi Al Mandri)",2016,7595.861328125
"Tanger - Tétouan","Tétouan","NA (Tetouan Sidi Al Mandri)",2017,9326.6669921875
"Tanger - Tétouan","Tétouan","NA (Tetouan Sidi Al Mandri)",2018,9537.22265625
"Tanger - Tétouan","Tétouan","NA (Tetouan Sidi Al Mandri)",2019,9134.044921875
"Tanger - Tétouan","Tétouan","NA (Tetouan Sidi Al Mandri)",2020,6545.939453125
"Tanger - Tétouan","Tétouan","NA (Tetouan Sidi Al Mandri)",2021,6327.9765625
"Tanger - Tétouan","Tétouan","NA (Tetouan Sidi Al Mandri)",2022,5898.529296875
"Tanger - Tétouan","Tétouan","NA (Tetouan Sidi Al Mandri)",2023,4909.81689453125
"Tanger - Tétouan","Tétouan","NA (Tetouan Sidi Al Mandri)",2024,4735.42578125
"Tanger - Tétouan","Tétouan","Tetouan",2012,1657.34094238281
"Tanger - Tétouan","Tétouan","Tetouan",2013,1467.19763183594
"Tanger - Tétouan","Tétouan","Tetouan",2014,1808.65881347656
"Tanger - Tétouan","Tétouan","Tetouan",2015,1965.94079589844
"Tanger - Tétouan","Tétouan","Tetouan",2016,2395.35595703125
"Tanger - Tétouan","Tétouan","Tetouan",2017,2503.515625
"Tanger - Tétouan","Tétouan","Tetouan",2018,2655.28637695312
"Tanger - Tétouan","Tétouan","Tetouan",2019,2707.89331054688
"Tanger - Tétouan","Tétouan","Tetouan",2020,2728.08129882812
"Tanger - Tétouan","Tétouan","Tetouan",2021,3160.51171875
"Tanger - Tétouan","Tétouan","Tetouan",2022,3226.845703125
"Tanger - Tétouan","Tétouan","Tetouan",2023,3441.00024414062
"Tanger - Tétouan","Tétouan","Tetouan",2024,3025.46655273438
"Taza - Al Hoceima - Taounate","Al Hoceïma","Bni Boufrah",2012,91.5194320678711
"Taza - Al Hoceima - Taounate","Al Hoceïma","Bni Boufrah",2013,87.919075012207
"Taza - Al Hoceima - Taounate","Al Hoceïma","Bni Boufrah",2014,106.696868896484
"Taza - Al Hoceima - Taounate","Al Hoceïma","Bni Boufrah",2015,124.600036621094
"Taza - Al Hoceima - Taounate","Al Hoceïma","Bni Boufrah",2016,152.084915161133
"Taza - Al Hoceima - Taounate","Al Hoceïma","Bni Boufrah",2017,149.587585449219
"Taza - Al Hoceima - Taounate","Al Hoceïma","Bni Boufrah",2018,164.462219238281
"Taza - Al Hoceima - Taounate","Al Hoceïma","Bni Boufrah",2019,184.388961791992
"Taza - Al Hoceima - Taounate","Al Hoceïma","Bni Boufrah",2020,163.913833618164
"Taza - Al Hoceima - Taounate","Al Hoceïma","Bni Boufrah",2021,354.851104736328
"Taza - Al Hoceima - Taounate","Al Hoceïma","Bni Boufrah",2022,500.388946533203
"Taza - Al Hoceima - Taounate","Al Hoceïma","Bni Boufrah",2023,440.772277832031
"Taza - Al Hoceima - Taounate","Al Hoceïma","Bni Boufrah",2024,414.392761230469
"Taza - Al Hoceima - Taounate","Al Hoceïma","Bni Ouriagh",2012,3521.56860351562
"Taza - Al Hoceima - Taounate","Al Hoceïma","Bni Ouriagh",2013,3331.15063476562
"Taza - Al Hoceima - Taounate","Al Hoceïma","Bni Ouriagh",2014,3674.19848632812
"Taza - Al Hoceima - Taounate","Al Hoceïma","Bni Ouriagh",2015,3685.05541992188
"Taza - Al Hoceima - Taounate","Al Hoceïma","Bni Ouriagh",2016,4292.00048828125
"Taza - Al Hoceima - Taounate","Al Hoceïma","Bni Ouriagh",2017,4254.892578125
"Taza - Al Hoceima - Taounate","Al Hoceïma","Bni Ouriagh",2018,7726.49560546875
"Taza - Al Hoceima - Taounate","Al Hoceïma","Bni Ouriagh",2019,8460.2841796875
"Taza - Al Hoceima - Taounate","Al Hoceïma","Bni Ouriagh",2020,8234.9404296875
"Taza - Al Hoceima - Taounate","Al Hoceïma","Bni Ouriagh",2021,8968.8720703125
"Taza - Al Hoceima - Taounate","Al Hoceïma","Bni Ouriagh",2022,8880.1044921875
"Taza - Al Hoceima - Taounate","Al Hoceïma","Bni Ouriagh",2023,8924.8603515625
"Taza - Al Hoceima - Taounate","Al Hoceïma","Bni Ouriagh",2024,9231.30078125
"Taza - Al Hoceima - Taounate","Al Hoceïma","NA (Al Hoceima)",2012,2294.70874023438
"Taza - Al Hoceima - Taounate","Al Hoceïma","NA (Al Hoceima)",2013,2247.20727539062
"Taza - Al Hoceima - Taounate","Al Hoceïma","NA (Al Hoceima)",2014,2012.89599609375
"Taza - Al Hoceima - Taounate","Al Hoceïma","NA (Al Hoceima)",2015,2014.60485839844
"Taza - Al Hoceima - Taounate","Al Hoceïma","NA (Al Hoceima)",2016,2316.24365234375
"Taza - Al Hoceima - Taounate","Al Hoceïma","NA (Al Hoceima)",2017,2282.52465820312
"Taza - Al Hoceima - Taounate","Al Hoceïma","NA (Al Hoceima)",2018,2626.6865234375
"Taza - Al Hoceima - Taounate","Al Hoceïma","NA (Al Hoceima)",2019,2814.85034179688
"Taza - Al Hoceima - Taounate","Al Hoceïma","NA (Al Hoceima)",2020,3012.85375976562
"Taza - Al Hoceima - Taounate","Al Hoceïma","NA (Al Hoceima)",2021,2908.90551757812
"Taza - Al Hoceima - Taounate","Al Hoceïma","NA (Al Hoceima)",2022,2909.3232421875
"Taza - Al Hoceima - Taounate","Al Hoceïma","NA (Al Hoceima)",2023,2941.01782226562
"Taza - Al Hoceima - Taounate","Al Hoceïma","NA (Al Hoceima)",2024,3086.88671875
"Taza - Al Hoceima - Taounate","Al Hoceïma","NA (Bni Bouayach)",2012,649.119812011719
"Taza - Al Hoceima - Taounate","Al Hoceïma","NA (Bni Bouayach)",2013,729.917236328125
"Taza - Al Hoceima - Taounate","Al Hoceïma","NA (Bni Bouayach)",2014,775.538391113281
"Taza - Al Hoceima - Taounate","Al Hoceïma","NA (Bni Bouayach)",2015,918.230590820312
"Taza - Al Hoceima - Taounate","Al Hoceïma","NA (Bni Bouayach)",2016,1293.59399414062
"Taza - Al Hoceima - Taounate","Al Hoceïma","NA (Bni Bouayach)",2017,1389.21716308594
"Taza - Al Hoceima - Taounate","Al Hoceïma","NA (Bni Bouayach)",2018,1683.14709472656
"Taza - Al Hoceima - Taounate","Al Hoceïma","NA (Bni Bouayach)",2019,2108.57153320312
"Taza - Al Hoceima - Taounate","Al Hoceïma","NA (Bni Bouayach)",2020,1829.57055664062
"Taza - Al Hoceima - Taounate","Al Hoceïma","NA (Bni Bouayach)",2021,2122.66381835938
"Taza - Al Hoceima - Taounate","Al Hoceïma","NA (Bni Bouayach)",2022,2420.31860351562
"Taza - Al Hoceima - Taounate","Al Hoceïma","NA (Bni Bouayach)",2023,2042.41052246094
"Taza - Al Hoceima - Taounate","Al Hoceïma","NA (Bni Bouayach)",2024,1865.46862792969
"Taza - Al Hoceima - Taounate","Al Hoceïma","NA (Imzouren)",2012,1651.15881347656
"Taza - Al Hoceima - Taounate","Al Hoceïma","NA (Imzouren)",2013,1979.68383789062
"Taza - Al Hoceima - Taounate","Al Hoceïma","NA (Imzouren)",2014,2646.54321289062
"Taza - Al Hoceima - Taounate","Al Hoceïma","NA (Imzouren)",2015,2817.48803710938
"Taza - Al Hoceima - Taounate","Al Hoceïma","NA (Imzouren)",2016,3319.18920898438
"Taza - Al Hoceima - Taounate","Al Hoceïma","NA (Imzouren)",2017,3297.89526367188
"Taza - Al Hoceima - Taounate","Al Hoceïma","NA (Imzouren)",2018,3893.24829101562
"Taza - Al Hoceima - Taounate","Al Hoceïma","NA (Imzouren)",2019,4372.60791015625
"Taza - Al Hoceima - Taounate","Al Hoceïma","NA (Imzouren)",2020,3919.25805664062
"Taza - Al Hoceima - Taounate","Al Hoceïma","NA (Imzouren)",2021,3782.76953125
"Taza - Al Hoceima - Taounate","Al Hoceïma","NA (Imzouren)",2022,3634.71606445312
"Taza - Al Hoceima - Taounate","Al Hoceïma","NA (Imzouren)",2023,3503.3818359375
"Taza - Al Hoceima - Taounate","Al Hoceïma","NA (Imzouren)",2024,3393.54174804688
"Taza - Al Hoceima - Taounate","Al Hoceïma","NA (Targuist)",2012,773.822509765625
"Taza - Al Hoceima - Taounate","Al Hoceïma","NA (Targuist)",2013,743.029113769531
"Taza - Al Hoceima - Taounate","Al Hoceïma","NA (Targuist)",2014,973.128051757812
"Taza - Al Hoceima - Taounate","Al Hoceïma","NA (Targuist)",2015,1328.65417480469
"Taza - Al Hoceima - Taounate","Al Hoceïma","NA (Targuist)",2016,1380.35363769531
"Taza - Al Hoceima - Taounate","Al Hoceïma","NA (Targuist)",2017,1715.69616699219
"Taza - Al Hoceima - Taounate","Al Hoceïma","NA (Targuist)",2018,1650.8798828125
"Taza - Al Hoceima - Taounate","Al Hoceïma","NA (Targuist)",2019,1694.52197265625
"Taza - Al Hoceima - Taounate","Al Hoceïma","NA (Targuist)",2020,1393.80236816406
"Taza - Al Hoceima - Taounate","Al Hoceïma","NA (Targuist)",2021,1323.87939453125
"Taza - Al Hoceima - Taounate","Al Hoceïma","NA (Targuist)",2022,1422.47839355469
"Taza - Al Hoceima - Taounate","Al Hoceïma","NA (Targuist)",2023,1325.56140136719
"Taza - Al Hoceima - Taounate","Al Hoceïma","NA (Targuist)",2024,1324.78112792969
"Taza - Al Hoceima - Taounate","Al Hoceïma","Targuist",2012,501.999908447266
"Taza - Al Hoceima - Taounate","Al Hoceïma","Targuist",2013,382.089691162109
"Taza - Al Hoceima - Taounate","Al Hoceïma","Targuist",2014,476.661437988281
"Taza - Al Hoceima - Taounate","Al Hoceïma","Targuist",2015,534.658264160156
"Taza - Al Hoceima - Taounate","Al Hoceïma","Targuist",2016,548.992431640625
"Taza - Al Hoceima - Taounate","Al Hoceïma","Targuist",2017,620.993835449219
"Taza - Al Hoceima - Taounate","Al Hoceïma","Targuist",2018,620.782043457031
"Taza - Al Hoceima - Taounate","Al Hoceïma","Targuist",2019,782.057250976562
"Taza - Al Hoceima - Taounate","Al Hoceïma","Targuist",2020,604.410217285156
"Taza - Al Hoceima - Taounate","Al Hoceïma","Targuist",2021,906.771545410156
"Taza - Al Hoceima - Taounate","Al Hoceïma","Targuist",2022,1273.90844726562
"Taza - Al Hoceima - Taounate","Al Hoceïma","Targuist",2023,1654.51953125
"Taza - Al Hoceima - Taounate","Al Hoceïma","Targuist",2024,1191.01989746094
"Taza - Al Hoceima - Taounate","Taounate","Ghafsai",2012,979.443298339844
"Taza - Al Hoceima - Taounate","Taounate","Ghafsai",2013,861.776062011719
"Taza - Al Hoceima - Taounate","Taounate","Ghafsai",2014,964.990356445312
"Taza - Al Hoceima - Taounate","Taounate","Ghafsai",2015,1036.77453613281
"Taza - Al Hoceima - Taounate","Taounate","Ghafsai",2016,1008.67980957031
"Taza - Al Hoceima - Taounate","Taounate","Ghafsai",2017,1043.07336425781
"Taza - Al Hoceima - Taounate","Taounate","Ghafsai",2018,856.869934082031
"Taza - Al Hoceima - Taounate","Taounate","Ghafsai",2019,858.618591308594
"Taza - Al Hoceima - Taounate","Taounate","Ghafsai",2020,717.378723144531
"Taza - Al Hoceima - Taounate","Taounate","Ghafsai",2021,897.414611816406
"Taza - Al Hoceima - Taounate","Taounate","Ghafsai",2022,1108.34423828125
"Taza - Al Hoceima - Taounate","Taounate","Ghafsai",2023,1123.69067382812
"Taza - Al Hoceima - Taounate","Taounate","Ghafsai",2024,981.59130859375
"Taza - Al Hoceima - Taounate","Taounate","Kariat Ba M",2012,865.453552246094
"Taza - Al Hoceima - Taounate","Taounate","Kariat Ba M",2013,907.448425292969
"Taza - Al Hoceima - Taounate","Taounate","Kariat Ba M",2014,1075.57165527344
"Taza - Al Hoceima - Taounate","Taounate","Kariat Ba M",2015,1428.71215820312
"Taza - Al Hoceima - Taounate","Taounate","Kariat Ba M",2016,1601.01013183594
"Taza - Al Hoceima - Taounate","Taounate","Kariat Ba M",2017,1621.84704589844
"Taza - Al Hoceima - Taounate","Taounate","Kariat Ba M",2018,1518.88635253906
"Taza - Al Hoceima - Taounate","Taounate","Kariat Ba M",2019,1527.50329589844
"Taza - Al Hoceima - Taounate","Taounate","Kariat Ba M",2020,1365.95166015625
"Taza - Al Hoceima - Taounate","Taounate","Kariat Ba M",2021,1466.21508789062
"Taza - Al Hoceima - Taounate","Taounate","Kariat Ba M",2022,1791.0576171875
"Taza - Al Hoceima - Taounate","Taounate","Kariat Ba M",2023,1662.59375
"Taza - Al Hoceima - Taounate","Taounate","Kariat Ba M",2024,1296.27429199219
"Taza - Al Hoceima - Taounate","Taounate","NA (Ghafsai)",2012,161.814315795898
"Taza - Al Hoceima - Taounate","Taounate","NA (Ghafsai)",2013,174.38313293457
"Taza - Al Hoceima - Taounate","Taounate","NA (Ghafsai)",2014,192.66633605957
"Taza - Al Hoceima - Taounate","Taounate","NA (Ghafsai)",2015,286.240386962891
"Taza - Al Hoceima - Taounate","Taounate","NA (Ghafsai)",2016,375.006042480469
"Taza - Al Hoceima - Taounate","Taounate","NA (Ghafsai)",2017,404.000854492188
"Taza - Al Hoceima - Taounate","Taounate","NA (Ghafsai)",2018,285.94970703125
"Taza - Al Hoceima - Taounate","Taounate","NA (Ghafsai)",2019,259.329925537109
"Taza - Al Hoceima - Taounate","Taounate","NA (Ghafsai)",2020,258.803527832031
"Taza - Al Hoceima - Taounate","Taounate","NA (Ghafsai)",2021,267.541595458984
"Taza - Al Hoceima - Taounate","Taounate","NA (Ghafsai)",2022,260.263732910156
"Taza - Al Hoceima - Taounate","Taounate","NA (Ghafsai)",2023,253.151016235352
"Taza - Al Hoceima - Taounate","Taounate","NA (Ghafsai)",2024,234.143890380859
"Taza - Al Hoceima - Taounate","Taounate","NA (Kariat Ba Mohamed)",2012,14.035026550293
"Taza - Al Hoceima - Taounate","Taounate","NA (Kariat Ba Mohamed)",2013,9.12221813201904
"Taza - Al Hoceima - Taounate","Taounate","NA (Kariat Ba Mohamed)",2014,19.6168117523193
"Taza - Al Hoceima - Taounate","Taounate","NA (Kariat Ba Mohamed)",2015,23.4369945526123
"Taza - Al Hoceima - Taounate","Taounate","NA (Kariat Ba Mohamed)",2016,30.731372833252
"Taza - Al Hoceima - Taounate","Taounate","NA (Kariat Ba Mohamed)",2017,36.2614631652832
"Taza - Al Hoceima - Taounate","Taounate","NA (Kariat Ba Mohamed)",2018,42.6038780212402
"Taza - Al Hoceima - Taounate","Taounate","NA (Kariat Ba Mohamed)",2019,33.7573318481445
"Taza - Al Hoceima - Taounate","Taounate","NA (Kariat Ba Mohamed)",2020,27.5563335418701
"Taza - Al Hoceima - Taounate","Taounate","NA (Kariat Ba Mohamed)",2021,56.2075538635254
"Taza - Al Hoceima - Taounate","Taounate","NA (Kariat Ba Mohamed)",2022,69.5492477416992
"Taza - Al Hoceima - Taounate","Taounate","NA (Kariat Ba Mohamed)",2023,79.1287307739258
"Taza - Al Hoceima - Taounate","Taounate","NA (Kariat Ba Mohamed)",2024,56.0107612609863
"Taza - Al Hoceima - Taounate","Taounate","NA (Taouante)",2012,1430.83740234375
"Taza - Al Hoceima - Taounate","Taounate","NA (Taouante)",2013,1381.10766601562
"Taza - Al Hoceima - Taounate","Taounate","NA (Taouante)",2014,1376.57958984375
"Taza - Al Hoceima - Taounate","Taounate","NA (Taouante)",2015,1372.28820800781
"Taza - Al Hoceima - Taounate","Taounate","NA (Taouante)",2016,1507.04296875
"Taza - Al Hoceima - Taounate","Taounate","NA (Taouante)",2017,1582.26501464844
"Taza - Al Hoceima - Taounate","Taounate","NA (Taouante)",2018,1494.14685058594
"Taza - Al Hoceima - Taounate","Taounate","NA (Taouante)",2019,1493.92907714844
"Taza - Al Hoceima - Taounate","Taounate","NA (Taouante)",2020,1654.55151367188
"Taza - Al Hoceima - Taounate","Taounate","NA (Taouante)",2021,1767.66723632812
"Taza - Al Hoceima - Taounate","Taounate","NA (Taouante)",2022,1725.71826171875
"Taza - Al Hoceima - Taounate","Taounate","NA (Taouante)",2023,1624.62573242188
"Taza - Al Hoceima - Taounate","Taounate","NA (Taouante)",2024,1556.63708496094
"Taza - Al Hoceima - Taounate","Taounate","NA (Thar Essouk)",2012,0.0141714354977012
"Taza - Al Hoceima - Taounate","Taounate","NA (Thar Essouk)",2013,0.0100284013897181
"Taza - Al Hoceima - Taounate","Taounate","NA (Thar Essouk)",2014,0.013865627348423
"Taza - Al Hoceima - Taounate","Taounate","NA (Thar Essouk)",2015,0.848861992359161
"Taza - Al Hoceima - Taounate","Taounate","NA (Thar Essouk)",2016,0.931935727596283
"Taza - Al Hoceima - Taounate","Taounate","NA (Thar Essouk)",2017,1.00549697875977
"Taza - Al Hoceima - Taounate","Taounate","NA (Thar Essouk)",2018,1.46726894378662
"Taza - Al Hoceima - Taounate","Taounate","NA (Thar Essouk)",2019,1.62614190578461
"Taza - Al Hoceima - Taounate","Taounate","NA (Thar Essouk)",2020,1.34393095970154
"Taza - Al Hoceima - Taounate","Taounate","NA (Thar Essouk)",2021,5.3174295425415
"Taza - Al Hoceima - Taounate","Taounate","NA (Thar Essouk)",2022,6.27405691146851
"Taza - Al Hoceima - Taounate","Taounate","NA (Thar Essouk)",2023,6.76001787185669
"Taza - Al Hoceima - Taounate","Taounate","NA (Thar Essouk)",2024,2.38136672973633
"Taza - Al Hoceima - Taounate","Taounate","NA (Tissa)",2012,167.409851074219
"Taza - Al Hoceima - Taounate","Taounate","NA (Tissa)",2013,190.254943847656
"Taza - Al Hoceima - Taounate","Taounate","NA (Tissa)",2014,202.368194580078
"Taza - Al Hoceima - Taounate","Taounate","NA (Tissa)",2015,316.189666748047
"Taza - Al Hoceima - Taounate","Taounate","NA (Tissa)",2016,473.243988037109
"Taza - Al Hoceima - Taounate","Taounate","NA (Tissa)",2017,475.086761474609
"Taza - Al Hoceima - Taounate","Taounate","NA (Tissa)",2018,410.840484619141
"Taza - Al Hoceima - Taounate","Taounate","NA (Tissa)",2019,409.608459472656
"Taza - Al Hoceima - Taounate","Taounate","NA (Tissa)",2020,403.818603515625
"Taza - Al Hoceima - Taounate","Taounate","NA (Tissa)",2021,401.789093017578
"Taza - Al Hoceima - Taounate","Taounate","NA (Tissa)",2022,427.527954101562
"Taza - Al Hoceima - Taounate","Taounate","NA (Tissa)",2023,380.184631347656
"Taza - Al Hoceima - Taounate","Taounate","NA (Tissa)",2024,336.817962646484
"Taza - Al Hoceima - Taounate","Taounate","Taounate",2012,1039.14819335938
"Taza - Al Hoceima - Taounate","Taounate","Taounate",2013,876.847351074219
"Taza - Al Hoceima - Taounate","Taounate","Taounate",2014,1023.20367431641
"Taza - Al Hoceima - Taounate","Taounate","Taounate",2015,1024.07666015625
"Taza - Al Hoceima - Taounate","Taounate","Taounate",2016,1172.04553222656
"Taza - Al Hoceima - Taounate","Taounate","Taounate",2017,1155.40234375
"Taza - Al Hoceima - Taounate","Taounate","Taounate",2018,1242.64758300781
"Taza - Al Hoceima - Taounate","Taounate","Taounate",2019,1368.6923828125
"Taza - Al Hoceima - Taounate","Taounate","Taounate",2020,1307.91784667969
"Taza - Al Hoceima - Taounate","Taounate","Taounate",2021,1567.17077636719
"Taza - Al Hoceima - Taounate","Taounate","Taounate",2022,1916.44787597656
"Taza - Al Hoceima - Taounate","Taounate","Taounate",2023,2342.66748046875
"Taza - Al Hoceima - Taounate","Taounate","Taounate",2024,1870.40478515625
"Taza - Al Hoceima - Taounate","Taounate","Tissa",2012,539.726928710938
"Taza - Al Hoceima - Taounate","Taounate","Tissa",2013,493.762878417969
"Taza - Al Hoceima - Taounate","Taounate","Tissa",2014,608.889526367188
"Taza - Al Hoceima - Taounate","Taounate","Tissa",2015,761.350219726562
"Taza - Al Hoceima - Taounate","Taounate","Tissa",2016,989.749328613281
"Taza - Al Hoceima - Taounate","Taounate","Tissa",2017,1041.17431640625
"Taza - Al Hoceima - Taounate","Taounate","Tissa",2018,1020.90295410156
"Taza - Al Hoceima - Taounate","Taounate","Tissa",2019,1122.51550292969
"Taza - Al Hoceima - Taounate","Taounate","Tissa",2020,984.380065917969
"Taza - Al Hoceima - Taounate","Taounate","Tissa",2021,1152.115234375
"Taza - Al Hoceima - Taounate","Taounate","Tissa",2022,1591.14978027344
"Taza - Al Hoceima - Taounate","Taounate","Tissa",2023,1899.67797851562
"Taza - Al Hoceima - Taounate","Taounate","Tissa",2024,1329.26708984375
"Taza - Al Hoceima - Taounate","Taza","Aknoul",2012,725.813354492188
"Taza - Al Hoceima - Taounate","Taza","Aknoul",2013,784.099914550781
"Taza - Al Hoceima - Taounate","Taza","Aknoul",2014,1044.23266601562
"Taza - Al Hoceima - Taounate","Taza","Aknoul",2015,1014.67706298828
"Taza - Al Hoceima - Taounate","Taza","Aknoul",2016,1010.00653076172
"Taza - Al Hoceima - Taounate","Taza","Aknoul",2017,1010.53332519531
"Taza - Al Hoceima - Taounate","Taza","Aknoul",2018,982.999633789062
"Taza - Al Hoceima - Taounate","Taza","Aknoul",2019,1054.01025390625
"Taza - Al Hoceima - Taounate","Taza","Aknoul",2020,970.619750976562
"Taza - Al Hoceima - Taounate","Taza","Aknoul",2021,1316.15576171875
"Taza - Al Hoceima - Taounate","Taza","Aknoul",2022,1612.89733886719
"Taza - Al Hoceima - Taounate","Taza","Aknoul",2023,1351.73254394531
"Taza - Al Hoceima - Taounate","Taza","Aknoul",2024,1161.11047363281
"Taza - Al Hoceima - Taounate","Taza","Guercif",2012,1212.99584960938
"Taza - Al Hoceima - Taounate","Taza","Guercif",2013,1408.93591308594
"Taza - Al Hoceima - Taounate","Taza","Guercif",2014,1720.33386230469
"Taza - Al Hoceima - Taounate","Taza","Guercif",2015,1962.83435058594
"Taza - Al Hoceima - Taounate","Taza","Guercif",2016,2210.47973632812
"Taza - Al Hoceima - Taounate","Taza","Guercif",2017,2389.13256835938
"Taza - Al Hoceima - Taounate","Taza","Guercif",2018,2523.97265625
"Taza - Al Hoceima - Taounate","Taza","Guercif",2019,2571.33911132812
"Taza - Al Hoceima - Taounate","Taza","Guercif",2020,2514.455078125
"Taza - Al Hoceima - Taounate","Taza","Guercif",2021,2993.19091796875
"Taza - Al Hoceima - Taounate","Taza","Guercif",2022,3387.38745117188
"Taza - Al Hoceima - Taounate","Taza","Guercif",2023,3413.30834960938
"Taza - Al Hoceima - Taounate","Taza","Guercif",2024,2605.5810546875
"Taza - Al Hoceima - Taounate","Taza","NA (Aknoul)",2012,3.35948300361633
"Taza - Al Hoceima - Taounate","Taza","NA (Aknoul)",2013,3.49108195304871
"Taza - Al Hoceima - Taounate","Taza","NA (Aknoul)",2014,7.54970455169678
"Taza - Al Hoceima - Taounate","Taza","NA (Aknoul)",2015,6.99887990951538
"Taza - Al Hoceima - Taounate","Taza","NA (Aknoul)",2016,5.79692316055298
"Taza - Al Hoceima - Taounate","Taza","NA (Aknoul)",2017,6.47180032730103
"Taza - Al Hoceima - Taounate","Taza","NA (Aknoul)",2018,9.04887676239014
"Taza - Al Hoceima - Taounate","Taza","NA (Aknoul)",2019,10.6788377761841
"Taza - Al Hoceima - Taounate","Taza","NA (Aknoul)",2020,10.551869392395
"Taza - Al Hoceima - Taounate","Taza","NA (Aknoul)",2021,14.4351615905762
"Taza - Al Hoceima - Taounate","Taza","NA (Aknoul)",2022,20.1546211242676
"Taza - Al Hoceima - Taounate","Taza","NA (Aknoul)",2023,24.0069713592529
"Taza - Al Hoceima - Taounate","Taza","NA (Aknoul)",2024,25.8674831390381
"Taza - Al Hoceima - Taounate","Taza","NA (Guercif)",2012,2089.93481445312
"Taza - Al Hoceima - Taounate","Taza","NA (Guercif)",2013,2402.9658203125
"Taza - Al Hoceima - Taounate","Taza","NA (Guercif)",2014,2458.41772460938
"Taza - Al Hoceima - Taounate","Taza","NA (Guercif)",2015,2552.5654296875
"Taza - Al Hoceima - Taounate","Taza","NA (Guercif)",2016,3153.03271484375
"Taza - Al Hoceima - Taounate","Taza","NA (Guercif)",2017,3194.37622070312
"Taza - Al Hoceima - Taounate","Taza","NA (Guercif)",2018,3476.3681640625
"Taza - Al Hoceima - Taounate","Taza","NA (Guercif)",2019,3617.77880859375
"Taza - Al Hoceima - Taounate","Taza","NA (Guercif)",2020,3787.56958007812
"Taza - Al Hoceima - Taounate","Taza","NA (Guercif)",2021,3701.197265625
"Taza - Al Hoceima - Taounate","Taza","NA (Guercif)",2022,3509.92846679688
"Taza - Al Hoceima - Taounate","Taza","NA (Guercif)",2023,3222.90209960938
"Taza - Al Hoceima - Taounate","Taza","NA (Guercif)",2024,2974.33837890625
"Taza - Al Hoceima - Taounate","Taza","NA (Ouad Amlil)",2012,116.524528503418
"Taza - Al Hoceima - Taounate","Taza","NA (Ouad Amlil)",2013,108.870452880859
"Taza - Al Hoceima - Taounate","Taza","NA (Ouad Amlil)",2014,108.063407897949
"Taza - Al Hoceima - Taounate","Taza","NA (Ouad Amlil)",2015,121.542007446289
"Taza - Al Hoceima - Taounate","Taza","NA (Ouad Amlil)",2016,121.080078125
"Taza - Al Hoceima - Taounate","Taza","NA (Ouad Amlil)",2017,117.461990356445
"Taza - Al Hoceima - Taounate","Taza","NA (Ouad Amlil)",2018,110.95287322998
"Taza - Al Hoceima - Taounate","Taza","NA (Ouad Amlil)",2019,109.763725280762
"Taza - Al Hoceima - Taounate","Taza","NA (Ouad Amlil)",2020,112.13516998291
"Taza - Al Hoceima - Taounate","Taza","NA (Ouad Amlil)",2021,90.9856872558594
"Taza - Al Hoceima - Taounate","Taza","NA (Ouad Amlil)",2022,104.802055358887
"Taza - Al Hoceima - Taounate","Taza","NA (Ouad Amlil)",2023,116.689384460449
"Taza - Al Hoceima - Taounate","Taza","NA (Ouad Amlil)",2024,114.789863586426
"Taza - Al Hoceima - Taounate","Taza","NA (Tahla)",2012,334.476837158203
"Taza - Al Hoceima - Taounate","Taza","NA (Tahla)",2013,374.048187255859
"Taza - Al Hoceima - Taounate","Taza","NA (Tahla)",2014,360.091522216797
"Taza - Al Hoceima - Taounate","Taza","NA (Tahla)",2015,437.357208251953
"Taza - Al Hoceima - Taounate","Taza","NA (Tahla)",2016,475.767150878906
"Taza - Al Hoceima - Taounate","Taza","NA (Tahla)",2017,586.882202148438
"Taza - Al Hoceima - Taounate","Taza","NA (Tahla)",2018,613.463195800781
"Taza - Al Hoceima - Taounate","Taza","NA (Tahla)",2019,814.09033203125
"Taza - Al Hoceima - Taounate","Taza","NA (Tahla)",2020,821.441284179688
"Taza - Al Hoceima - Taounate","Taza","NA (Tahla)",2021,889.876159667969
"Taza - Al Hoceima - Taounate","Taza","NA (Tahla)",2022,898.916137695312
"Taza - Al Hoceima - Taounate","Taza","NA (Tahla)",2023,830.2578125
"Taza - Al Hoceima - Taounate","Taza","NA (Tahla)",2024,732.619201660156
"Taza - Al Hoceima - Taounate","Taza","NA (Taza Al Oulia)",2012,2716.00634765625
"Taza - Al Hoceima - Taounate","Taza","NA (Taza Al Oulia)",2013,2910.32470703125
"Taza - Al Hoceima - Taounate","Taza","NA (Taza Al Oulia)",2014,3008.56884765625
"Taza - Al Hoceima - Taounate","Taza","NA (Taza Al Oulia)",2015,2915.05712890625
"Taza - Al Hoceima - Taounate","Taza","NA (Taza Al Oulia)",2016,3491.21118164062
"Taza - Al Hoceima - Taounate","Taza","NA (Taza Al Oulia)",2017,3510.34619140625
"Taza - Al Hoceima - Taounate","Taza","NA (Taza Al Oulia)",2018,3025.22412109375
"Taza - Al Hoceima - Taounate","Taza","NA (Taza Al Oulia)",2019,3004.61328125
"Taza - Al Hoceima - Taounate","Taza","NA (Taza Al Oulia)",2020,2946.12377929688
"Taza - Al Hoceima - Taounate","Taza","NA (Taza Al Oulia)",2021,3020.349609375
"Taza - Al Hoceima - Taounate","Taza","NA (Taza Al Oulia)",2022,3215.67749023438
"Taza - Al Hoceima - Taounate","Taza","NA (Taza Al Oulia)",2023,3350.90771484375
"Taza - Al Hoceima - Taounate","Taza","NA (Taza Al Oulia)",2024,3066.0322265625
"Taza - Al Hoceima - Taounate","Taza","NA (Taza El Jadida)",2012,1924.9765625
"Taza - Al Hoceima - Taounate","Taza","NA (Taza El Jadida)",2013,2245.23583984375
"Taza - Al Hoceima - Taounate","Taza","NA (Taza El Jadida)",2014,2203.2734375
"Taza - Al Hoceima - Taounate","Taza","NA (Taza El Jadida)",2015,2112.39282226562
"Taza - Al Hoceima - Taounate","Taza","NA (Taza El Jadida)",2016,2351.68798828125
"Taza - Al Hoceima - Taounate","Taza","NA (Taza El Jadida)",2017,2413.71899414062
"Taza - Al Hoceima - Taounate","Taza","NA (Taza El Jadida)",2018,1964.55554199219
"Taza - Al Hoceima - Taounate","Taza","NA (Taza El Jadida)",2019,1977.70837402344
"Taza - Al Hoceima - Taounate","Taza","NA (Taza El Jadida)",2020,1931.94299316406
"Taza - Al Hoceima - Taounate","Taza","NA (Taza El Jadida)",2021,1868.06298828125
"Taza - Al Hoceima - Taounate","Taza","NA (Taza El Jadida)",2022,1945.19384765625
"Taza - Al Hoceima - Taounate","Taza","NA (Taza El Jadida)",2023,2022.42041015625
"Taza - Al Hoceima - Taounate","Taza","NA (Taza El Jadida)",2024,1865.75915527344
"Taza - Al Hoceima - Taounate","Taza","Ouad Amlil",2012,732.255065917969
"Taza - Al Hoceima - Taounate","Taza","Ouad Amlil",2013,758.656433105469
"Taza - Al Hoceima - Taounate","Taza","Ouad Amlil",2014,890.936889648438
"Taza - Al Hoceima - Taounate","Taza","Ouad Amlil",2015,1008.82000732422
"Taza - Al Hoceima - Taounate","Taza","Ouad Amlil",2016,1017.90789794922
"Taza - Al Hoceima - Taounate","Taza","Ouad Amlil",2017,1063.59423828125
"Taza - Al Hoceima - Taounate","Taza","Ouad Amlil",2018,1155.40368652344
"Taza - Al Hoceima - Taounate","Taza","Ouad Amlil",2019,1257.46618652344
"Taza - Al Hoceima - Taounate","Taza","Ouad Amlil",2020,1189.79248046875
"Taza - Al Hoceima - Taounate","Taza","Ouad Amlil",2021,1179.38366699219
"Taza - Al Hoceima - Taounate","Taza","Ouad Amlil",2022,1344.11206054688
"Taza - Al Hoceima - Taounate","Taza","Ouad Amlil",2023,1498.78662109375
"Taza - Al Hoceima - Taounate","Taza","Ouad Amlil",2024,1432.87097167969
"Taza - Al Hoceima - Taounate","Taza","Tahla",2012,468.430328369141
"Taza - Al Hoceima - Taounate","Taza","Tahla",2013,455.739685058594
"Taza - Al Hoceima - Taounate","Taza","Tahla",2014,445.873138427734
"Taza - Al Hoceima - Taounate","Taza","Tahla",2015,498.406646728516
"Taza - Al Hoceima - Taounate","Taza","Tahla",2016,481.047821044922
"Taza - Al Hoceima - Taounate","Taza","Tahla",2017,545.526794433594
"Taza - Al Hoceima - Taounate","Taza","Tahla",2018,530.929138183594
"Taza - Al Hoceima - Taounate","Taza","Tahla",2019,882.407958984375
"Taza - Al Hoceima - Taounate","Taza","Tahla",2020,862.890869140625
"Taza - Al Hoceima - Taounate","Taza","Tahla",2021,929.435546875
"Taza - Al Hoceima - Taounate","Taza","Tahla",2022,1097.69995117188
"Taza - Al Hoceima - Taounate","Taza","Tahla",2023,1152.06567382812
"Taza - Al Hoceima - Taounate","Taza","Tahla",2024,937.89111328125
"Taza - Al Hoceima - Taounate","Taza","Tainaste",2012,45.9092979431152
"Taza - Al Hoceima - Taounate","Taza","Tainaste",2013,39.4864463806152
"Taza - Al Hoceima - Taounate","Taza","Tainaste",2014,60.1824531555176
"Taza - Al Hoceima - Taounate","Taza","Tainaste",2015,59.428394317627
"Taza - Al Hoceima - Taounate","Taza","Tainaste",2016,64.4383850097656
"Taza - Al Hoceima - Taounate","Taza","Tainaste",2017,69.7260360717773
"Taza - Al Hoceima - Taounate","Taza","Tainaste",2018,55.0593948364258
"Taza - Al Hoceima - Taounate","Taza","Tainaste",2019,70.9655303955078
"Taza - Al Hoceima - Taounate","Taza","Tainaste",2020,72.7359085083008
"Taza - Al Hoceima - Taounate","Taza","Tainaste",2021,110.102828979492
"Taza - Al Hoceima - Taounate","Taza","Tainaste",2022,219.803176879883
"Taza - Al Hoceima - Taounate","Taza","Tainaste",2023,251.368087768555
"Taza - Al Hoceima - Taounate","Taza","Tainaste",2024,213.108276367188
"Taza - Al Hoceima - Taounate","Taza","Taza",2012,804.5146484375
"Taza - Al Hoceima - Taounate","Taza","Taza",2013,759.495056152344
"Taza - Al Hoceima - Taounate","Taza","Taza",2014,818.634033203125
"Taza - Al Hoceima - Taounate","Taza","Taza",2015,957.510864257812
"Taza - Al Hoceima - Taounate","Taza","Taza",2016,1163.80346679688
"Taza - Al Hoceima - Taounate","Taza","Taza",2017,1175.70361328125
"Taza - Al Hoceima - Taounate","Taza","Taza",2018,1072.81384277344
"Taza - Al Hoceima - Taounate","Taza","Taza",2019,1162.94165039062
"Taza - Al Hoceima - Taounate","Taza","Taza",2020,1078.32653808594
"Taza - Al Hoceima - Taounate","Taza","Taza",2021,1332.37475585938
"Taza - Al Hoceima - Taounate","Taza","Taza",2022,1760.16625976562
"Taza - Al Hoceima - Taounate","Taza","Taza",2023,2217.07250976562
"Taza - Al Hoceima - Taounate","Taza","Taza",2024,1781.80834960938
