"NAME_1","NAME_2","date","ntl_mean"
"Abia","Aba North",2012,528.473388671875
"Abia","Aba North",2013,474.429382324219
"Abia","Aba North",2014,502.029144287109
"Abia","Aba North",2015,496.499725341797
"Abia","Aba North",2016,407.1591796875
"Abia","Aba North",2017,302.859283447266
"Abia","Aba North",2018,305.080749511719
"Abia","Aba North",2019,233.303558349609
"Abia","Aba North",2020,207.815658569336
"Abia","Aba North",2021,226.846649169922
"Abia","Aba North",2022,317.907806396484
"Abia","Aba North",2023,317.016967773438
"Abia","Aba North",2024,260.251953125
"Abia","Aba South",2012,938.731689453125
"Abia","Aba South",2013,833.083862304688
"Abia","Aba South",2014,734.837097167969
"Abia","Aba South",2015,763.810729980469
"Abia","Aba South",2016,610.714233398438
"Abia","Aba South",2017,422.433349609375
"Abia","Aba South",2018,402.829162597656
"Abia","Aba South",2019,239.554428100586
"Abia","Aba South",2020,161.586685180664
"Abia","Aba South",2021,180.963165283203
"Abia","Aba South",2022,407.694305419922
"Abia","Aba South",2023,374.014801025391
"Abia","Aba South",2024,295.467559814453
"Abia","Arochukwu",2012,126.180801391602
"Abia","Arochukwu",2013,18.5710849761963
"Abia","Arochukwu",2014,224.368713378906
"Abia","Arochukwu",2015,198.931259155273
"Abia","Arochukwu",2016,207.508728027344
"Abia","Arochukwu",2017,75.3089218139648
"Abia","Arochukwu",2018,8.08769989013672
"Abia","Arochukwu",2019,116.471664428711
"Abia","Arochukwu",2020,79.5539779663086
"Abia","Arochukwu",2021,92.0673446655273
"Abia","Arochukwu",2022,165.139907836914
"Abia","Arochukwu",2023,201.268371582031
"Abia","Arochukwu",2024,156.247787475586
"Abia","Bende",2012,127.510406494141
"Abia","Bende",2013,201.285385131836
"Abia","Bende",2014,104.356964111328
"Abia","Bende",2015,136.068710327148
"Abia","Bende",2016,14.177056312561
"Abia","Bende",2017,13.3434886932373
"Abia","Bende",2018,8.97656440734863
"Abia","Bende",2019,25.4093246459961
"Abia","Bende",2020,65.2242431640625
"Abia","Bende",2021,38.2008399963379
"Abia","Bende",2022,38.4379425048828
"Abia","Bende",2023,67.4638977050781
"Abia","Bende",2024,76.1496887207031
"Abia","Ikwuano",2012,65.6825637817383
"Abia","Ikwuano",2013,49.3201484680176
"Abia","Ikwuano",2014,41.5797805786133
"Abia","Ikwuano",2015,34.0092315673828
"Abia","Ikwuano",2016,10.1426000595093
"Abia","Ikwuano",2017,6.01590538024902
"Abia","Ikwuano",2018,6.46981763839722
"Abia","Ikwuano",2019,9.74161243438721
"Abia","Ikwuano",2020,26.0248165130615
"Abia","Ikwuano",2021,31.2666931152344
"Abia","Ikwuano",2022,88.8952560424805
"Abia","Ikwuano",2023,69.8838348388672
"Abia","Ikwuano",2024,90.7671203613281
"Abia","Isiala Ngwa North",2012,342.033966064453
"Abia","Isiala Ngwa North",2013,109.519584655762
"Abia","Isiala Ngwa North",2014,124.178634643555
"Abia","Isiala Ngwa North",2015,159.676071166992
"Abia","Isiala Ngwa North",2016,23.6593837738037
"Abia","Isiala Ngwa North",2017,18.9671897888184
"Abia","Isiala Ngwa North",2018,6.69046926498413
"Abia","Isiala Ngwa North",2019,9.32927989959717
"Abia","Isiala Ngwa North",2020,2.64506483078003
"Abia","Isiala Ngwa North",2021,0.527604162693024
"Abia","Isiala Ngwa North",2022,10.4189863204956
"Abia","Isiala Ngwa North",2023,10.9991836547852
"Abia","Isiala Ngwa North",2024,18.5457096099854
"Abia","Isiala Ngwa South",2012,105.573066711426
"Abia","Isiala Ngwa South",2013,67.8747329711914
"Abia","Isiala Ngwa South",2014,113.24072265625
"Abia","Isiala Ngwa South",2015,111.809844970703
"Abia","Isiala Ngwa South",2016,150.792633056641
"Abia","Isiala Ngwa South",2017,74.8810958862305
"Abia","Isiala Ngwa South",2018,4.7070460319519
"Abia","Isiala Ngwa South",2019,0
"Abia","Isiala Ngwa South",2020,3.38205766677856
"Abia","Isiala Ngwa South",2021,11.100715637207
"Abia","Isiala Ngwa South",2022,4.53444671630859
"Abia","Isiala Ngwa South",2023,6.47771167755127
"Abia","Isiala Ngwa South",2024,31.4146251678467
"Abia","Isuikwuato",2012,34.1907958984375
"Abia","Isuikwuato",2013,65.0515060424805
"Abia","Isuikwuato",2014,21.8607425689697
"Abia","Isuikwuato",2015,44.1930122375488
"Abia","Isuikwuato",2016,8.5010814666748
"Abia","Isuikwuato",2017,2.24077558517456
"Abia","Isuikwuato",2018,0
"Abia","Isuikwuato",2019,4.1666054725647
"Abia","Isuikwuato",2020,8.72773742675781
"Abia","Isuikwuato",2021,16.0431213378906
"Abia","Isuikwuato",2022,0.513076901435852
"Abia","Isuikwuato",2023,11.39368724823
"Abia","Isuikwuato",2024,36.344913482666
"Abia","Obi Ngwa",2012,1299.07470703125
"Abia","Obi Ngwa",2013,1101.97924804688
"Abia","Obi Ngwa",2014,1357.67199707031
"Abia","Obi Ngwa",2015,1465.73046875
"Abia","Obi Ngwa",2016,1585.11608886719
"Abia","Obi Ngwa",2017,1057.01721191406
"Abia","Obi Ngwa",2018,843.188049316406
"Abia","Obi Ngwa",2019,621.726135253906
"Abia","Obi Ngwa",2020,809.456115722656
"Abia","Obi Ngwa",2021,742.208129882812
"Abia","Obi Ngwa",2022,1230.41528320312
"Abia","Obi Ngwa",2023,1138.15173339844
"Abia","Obi Ngwa",2024,850.40234375
"Abia","Ohafia",2012,143.114059448242
"Abia","Ohafia",2013,139.364059448242
"Abia","Ohafia",2014,130.178375244141
"Abia","Ohafia",2015,159.918029785156
"Abia","Ohafia",2016,73.7505645751953
"Abia","Ohafia",2017,48.8819770812988
"Abia","Ohafia",2018,7.14439105987549
"Abia","Ohafia",2019,5.05312871932983
"Abia","Ohafia",2020,34.2774620056152
"Abia","Ohafia",2021,8.63949394226074
"Abia","Ohafia",2022,41.5627136230469
"Abia","Ohafia",2023,60.7354011535645
"Abia","Ohafia",2024,116.186386108398
"Abia","Osisioma Ngwa",2012,1038.69787597656
"Abia","Osisioma Ngwa",2013,1010.04644775391
"Abia","Osisioma Ngwa",2014,758.175598144531
"Abia","Osisioma Ngwa",2015,951.534301757812
"Abia","Osisioma Ngwa",2016,821.092956542969
"Abia","Osisioma Ngwa",2017,468.729553222656
"Abia","Osisioma Ngwa",2018,404.474273681641
"Abia","Osisioma Ngwa",2019,318.539428710938
"Abia","Osisioma Ngwa",2020,292.811828613281
"Abia","Osisioma Ngwa",2021,347.949645996094
"Abia","Osisioma Ngwa",2022,560.601440429688
"Abia","Osisioma Ngwa",2023,614.108459472656
"Abia","Osisioma Ngwa",2024,558.411560058594
"Abia","Ugwunagbo",2012,94.0529174804688
"Abia","Ugwunagbo",2013,63.6669425964355
"Abia","Ugwunagbo",2014,16.2302665710449
"Abia","Ugwunagbo",2015,73.932746887207
"Abia","Ugwunagbo",2016,34.236270904541
"Abia","Ugwunagbo",2017,36.8416938781738
"Abia","Ugwunagbo",2018,1.54369163513184
"Abia","Ugwunagbo",2019,3.07837080955505
"Abia","Ugwunagbo",2020,0
"Abia","Ugwunagbo",2021,0.52763307094574
"Abia","Ugwunagbo",2022,30.2747058868408
"Abia","Ugwunagbo",2023,49.117603302002
"Abia","Ugwunagbo",2024,18.935001373291
"Abia","Ukwa East",2012,83.6265411376953
"Abia","Ukwa East",2013,20.60671043396
"Abia","Ukwa East",2014,31.4969787597656
"Abia","Ukwa East",2015,25.044075012207
"Abia","Ukwa East",2016,11.6019058227539
"Abia","Ukwa East",2017,0.712190210819244
"Abia","Ukwa East",2018,0
"Abia","Ukwa East",2019,0.519953966140747
"Abia","Ukwa East",2020,0.000611473922617733
"Abia","Ukwa East",2021,0.560172200202942
"Abia","Ukwa East",2022,3.08973383903503
"Abia","Ukwa East",2023,84.0505905151367
"Abia","Ukwa East",2024,29.6622200012207
"Abia","Ukwa West",2012,3997.70654296875
"Abia","Ukwa West",2013,1822.86682128906
"Abia","Ukwa West",2014,2258.35083007812
"Abia","Ukwa West",2015,2174.25268554688
"Abia","Ukwa West",2016,1487.44750976562
"Abia","Ukwa West",2017,1485.38061523438
"Abia","Ukwa West",2018,2743.50024414062
"Abia","Ukwa West",2019,3310.5478515625
"Abia","Ukwa West",2020,1570.4072265625
"Abia","Ukwa West",2021,2897.24487304688
"Abia","Ukwa West",2022,974.781372070312
"Abia","Ukwa West",2023,3842.76245117188
"Abia","Ukwa West",2024,5841.23486328125
"Abia","Umu Nneochi",2012,8.60726356506348
"Abia","Umu Nneochi",2013,9.38757419586182
"Abia","Umu Nneochi",2014,9.77831172943115
"Abia","Umu Nneochi",2015,14.1566858291626
"Abia","Umu Nneochi",2016,4.17890167236328
"Abia","Umu Nneochi",2017,1.74211287498474
"Abia","Umu Nneochi",2018,0
"Abia","Umu Nneochi",2019,0
"Abia","Umu Nneochi",2020,3.16625618934631
"Abia","Umu Nneochi",2021,1.75109171867371
"Abia","Umu Nneochi",2022,41.6887702941895
"Abia","Umu Nneochi",2023,4.63384580612183
"Abia","Umu Nneochi",2024,25.041316986084
"Abia","Umuahia North",2012,992.107788085938
"Abia","Umuahia North",2013,951.811462402344
"Abia","Umuahia North",2014,908.753295898438
"Abia","Umuahia North",2015,1148.11608886719
"Abia","Umuahia North",2016,867.155212402344
"Abia","Umuahia North",2017,378.342895507812
"Abia","Umuahia North",2018,297.519073486328
"Abia","Umuahia North",2019,414.725769042969
"Abia","Umuahia North",2020,687.174194335938
"Abia","Umuahia North",2021,957.133544921875
"Abia","Umuahia North",2022,1162.61401367188
"Abia","Umuahia North",2023,1242.98046875
"Abia","Umuahia North",2024,1230.60107421875
"Abia","Umuahia South",2012,264.601165771484
"Abia","Umuahia South",2013,216.307632446289
"Abia","Umuahia South",2014,168.503982543945
"Abia","Umuahia South",2015,207.391754150391
"Abia","Umuahia South",2016,99.4822235107422
"Abia","Umuahia South",2017,16.5948581695557
"Abia","Umuahia South",2018,5.10506153106689
"Abia","Umuahia South",2019,2.36249589920044
"Abia","Umuahia South",2020,41.6015701293945
"Abia","Umuahia South",2021,34.8114280700684
"Abia","Umuahia South",2022,153.484558105469
"Abia","Umuahia South",2023,143.023834228516
"Abia","Umuahia South",2024,147.06755065918
"Adamawa","Demsa",2012,342.024261474609
"Adamawa","Demsa",2013,303.925933837891
"Adamawa","Demsa",2014,336.473449707031
"Adamawa","Demsa",2015,661.605895996094
"Adamawa","Demsa",2016,700.286499023438
"Adamawa","Demsa",2017,903.933715820312
"Adamawa","Demsa",2018,1174.9775390625
"Adamawa","Demsa",2019,1143.39660644531
"Adamawa","Demsa",2020,1248.6298828125
"Adamawa","Demsa",2021,1386.28918457031
"Adamawa","Demsa",2022,1830.33264160156
"Adamawa","Demsa",2023,1672.89001464844
"Adamawa","Demsa",2024,1056.57775878906
"Adamawa","Fufore",2012,13.6704988479614
"Adamawa","Fufore",2013,12.8292951583862
"Adamawa","Fufore",2014,10.4626207351685
"Adamawa","Fufore",2015,17.3024520874023
"Adamawa","Fufore",2016,40.5288505554199
"Adamawa","Fufore",2017,89.7973251342773
"Adamawa","Fufore",2018,85.6075820922852
"Adamawa","Fufore",2019,54.9947471618652
"Adamawa","Fufore",2020,45.3428688049316
"Adamawa","Fufore",2021,79.2901611328125
"Adamawa","Fufore",2022,143.550903320312
"Adamawa","Fufore",2023,116.098983764648
"Adamawa","Fufore",2024,42.7183456420898
"Adamawa","Ganye",2012,1.83297395706177
"Adamawa","Ganye",2013,0
"Adamawa","Ganye",2014,0
"Adamawa","Ganye",2015,0
"Adamawa","Ganye",2016,0
"Adamawa","Ganye",2017,31.349308013916
"Adamawa","Ganye",2018,120.31436920166
"Adamawa","Ganye",2019,104.748397827148
"Adamawa","Ganye",2020,71.8760147094727
"Adamawa","Ganye",2021,91.5093994140625
"Adamawa","Ganye",2022,99.4082489013672
"Adamawa","Ganye",2023,99.3495178222656
"Adamawa","Ganye",2024,35.3868980407715
"Adamawa","Girie",2012,1.80891191959381
"Adamawa","Girie",2013,1.10721552371979
"Adamawa","Girie",2014,0
"Adamawa","Girie",2015,25.3658561706543
"Adamawa","Girie",2016,42.0246124267578
"Adamawa","Girie",2017,26.9553604125977
"Adamawa","Girie",2018,18.6985473632812
"Adamawa","Girie",2019,37.0013847351074
"Adamawa","Girie",2020,20.5882167816162
"Adamawa","Girie",2021,36.9781646728516
"Adamawa","Girie",2022,65.5023956298828
"Adamawa","Girie",2023,54.8116226196289
"Adamawa","Girie",2024,56.7475662231445
"Adamawa","Gombi",2012,6.92050695419312
"Adamawa","Gombi",2013,8.13306713104248
"Adamawa","Gombi",2014,10.8052883148193
"Adamawa","Gombi",2015,52.6454086303711
"Adamawa","Gombi",2016,90.9063186645508
"Adamawa","Gombi",2017,143.270645141602
"Adamawa","Gombi",2018,157.309631347656
"Adamawa","Gombi",2019,130.43537902832
"Adamawa","Gombi",2020,98.349479675293
"Adamawa","Gombi",2021,125.175270080566
"Adamawa","Gombi",2022,199.903503417969
"Adamawa","Gombi",2023,164.40119934082
"Adamawa","Gombi",2024,105.707969665527
"Adamawa","Guyuk",2012,20.5077266693115
"Adamawa","Guyuk",2013,35.1625442504883
"Adamawa","Guyuk",2014,20.517219543457
"Adamawa","Guyuk",2015,38.9917373657227
"Adamawa","Guyuk",2016,28.4964122772217
"Adamawa","Guyuk",2017,36.7440338134766
"Adamawa","Guyuk",2018,54.7169799804688
"Adamawa","Guyuk",2019,35.8538017272949
"Adamawa","Guyuk",2020,37.8559417724609
"Adamawa","Guyuk",2021,18.9191780090332
"Adamawa","Guyuk",2022,38.7897872924805
"Adamawa","Guyuk",2023,20.0317497253418
"Adamawa","Guyuk",2024,11.9175691604614
"Adamawa","Hong",2012,1.93652641773224
"Adamawa","Hong",2013,0.342098087072372
"Adamawa","Hong",2014,0
"Adamawa","Hong",2015,0
"Adamawa","Hong",2016,75.9524307250977
"Adamawa","Hong",2017,52.5604057312012
"Adamawa","Hong",2018,37.467945098877
"Adamawa","Hong",2019,53.0278854370117
"Adamawa","Hong",2020,39.3071250915527
"Adamawa","Hong",2021,110.07740020752
"Adamawa","Hong",2022,151.278701782227
"Adamawa","Hong",2023,179.772430419922
"Adamawa","Hong",2024,164.911529541016
"Adamawa","Jada",2012,0
"Adamawa","Jada",2013,0
"Adamawa","Jada",2014,0
"Adamawa","Jada",2015,0
"Adamawa","Jada",2016,0
"Adamawa","Jada",2017,3.3886079788208
"Adamawa","Jada",2018,11.4075860977173
"Adamawa","Jada",2019,10.2541761398315
"Adamawa","Jada",2020,8.21313858032227
"Adamawa","Jada",2021,5.61743211746216
"Adamawa","Jada",2022,6.11568689346313
"Adamawa","Jada",2023,1.66208469867706
"Adamawa","Jada",2024,0
"Adamawa","Lamurde",2012,152.209671020508
"Adamawa","Lamurde",2013,119.899604797363
"Adamawa","Lamurde",2014,97.1464080810547
"Adamawa","Lamurde",2015,133.292587280273
"Adamawa","Lamurde",2016,151.22053527832
"Adamawa","Lamurde",2017,168.154556274414
"Adamawa","Lamurde",2018,167.316711425781
"Adamawa","Lamurde",2019,137.241806030273
"Adamawa","Lamurde",2020,126.799057006836
"Adamawa","Lamurde",2021,109.952117919922
"Adamawa","Lamurde",2022,149.585968017578
"Adamawa","Lamurde",2023,191.316741943359
"Adamawa","Lamurde",2024,198.368865966797
"Adamawa","Madagali",2012,0
"Adamawa","Madagali",2013,0
"Adamawa","Madagali",2014,0
"Adamawa","Madagali",2015,0
"Adamawa","Madagali",2016,0
"Adamawa","Madagali",2017,0
"Adamawa","Madagali",2018,0
"Adamawa","Madagali",2019,0
"Adamawa","Madagali",2020,0
"Adamawa","Madagali",2021,0
"Adamawa","Madagali",2022,0
"Adamawa","Madagali",2023,9.92498970031738
"Adamawa","Madagali",2024,14.5909414291382
"Adamawa","Maiha",2012,0
"Adamawa","Maiha",2013,0
"Adamawa","Maiha",2014,0
"Adamawa","Maiha",2015,0
"Adamawa","Maiha",2016,0
"Adamawa","Maiha",2017,0
"Adamawa","Maiha",2018,0
"Adamawa","Maiha",2019,0
"Adamawa","Maiha",2020,0
"Adamawa","Maiha",2021,0
"Adamawa","Maiha",2022,0
"Adamawa","Maiha",2023,1.02343833446503
"Adamawa","Maiha",2024,1.97015488083707e-05
"Adamawa","Mayo-Belwa",2012,3.89409208297729
"Adamawa","Mayo-Belwa",2013,10.3656301498413
"Adamawa","Mayo-Belwa",2014,0
"Adamawa","Mayo-Belwa",2015,56.2905197143555
"Adamawa","Mayo-Belwa",2016,13.7215642929077
"Adamawa","Mayo-Belwa",2017,130.625183105469
"Adamawa","Mayo-Belwa",2018,244.977355957031
"Adamawa","Mayo-Belwa",2019,271.328735351562
"Adamawa","Mayo-Belwa",2020,164.573822021484
"Adamawa","Mayo-Belwa",2021,239.045837402344
"Adamawa","Mayo-Belwa",2022,254.912460327148
"Adamawa","Mayo-Belwa",2023,206.370834350586
"Adamawa","Mayo-Belwa",2024,71.4836349487305
"Adamawa","Michika",2012,0
"Adamawa","Michika",2013,0
"Adamawa","Michika",2014,0
"Adamawa","Michika",2015,0
"Adamawa","Michika",2016,0
"Adamawa","Michika",2017,0
"Adamawa","Michika",2018,0
"Adamawa","Michika",2019,0
"Adamawa","Michika",2020,0
"Adamawa","Michika",2021,0
"Adamawa","Michika",2022,0
"Adamawa","Michika",2023,0.552026093006134
"Adamawa","Michika",2024,2.84248518943787
"Adamawa","Mubi North",2012,15.1703386306763
"Adamawa","Mubi North",2013,8.5927791595459
"Adamawa","Mubi North",2014,2.39294195175171
"Adamawa","Mubi North",2015,2.17295670509338
"Adamawa","Mubi North",2016,70.2295303344727
"Adamawa","Mubi North",2017,47.9284515380859
"Adamawa","Mubi North",2018,35.9527473449707
"Adamawa","Mubi North",2019,39.5113639831543
"Adamawa","Mubi North",2020,25.0542678833008
"Adamawa","Mubi North",2021,73.778923034668
"Adamawa","Mubi North",2022,118.316543579102
"Adamawa","Mubi North",2023,158.555709838867
"Adamawa","Mubi North",2024,143.862594604492
"Adamawa","Mubi South",2012,0
"Adamawa","Mubi South",2013,0
"Adamawa","Mubi South",2014,0
"Adamawa","Mubi South",2015,0
"Adamawa","Mubi South",2016,0
"Adamawa","Mubi South",2017,0
"Adamawa","Mubi South",2018,0
"Adamawa","Mubi South",2019,0
"Adamawa","Mubi South",2020,0
"Adamawa","Mubi South",2021,0
"Adamawa","Mubi South",2022,0
"Adamawa","Mubi South",2023,0
"Adamawa","Mubi South",2024,0
"Adamawa","Numan",2012,22.6058902740479
"Adamawa","Numan",2013,28.8741264343262
"Adamawa","Numan",2014,1.13469660282135
"Adamawa","Numan",2015,42.3806266784668
"Adamawa","Numan",2016,23.4839878082275
"Adamawa","Numan",2017,100.672302246094
"Adamawa","Numan",2018,175.117538452148
"Adamawa","Numan",2019,150.856948852539
"Adamawa","Numan",2020,150.638214111328
"Adamawa","Numan",2021,133.403305053711
"Adamawa","Numan",2022,170.587020874023
"Adamawa","Numan",2023,140.204040527344
"Adamawa","Numan",2024,87.25
"Adamawa","Shelleng",2012,0
"Adamawa","Shelleng",2013,0
"Adamawa","Shelleng",2014,0
"Adamawa","Shelleng",2015,0
"Adamawa","Shelleng",2016,0
"Adamawa","Shelleng",2017,1.17367029190063
"Adamawa","Shelleng",2018,2.18818426132202
"Adamawa","Shelleng",2019,2.35344457626343
"Adamawa","Shelleng",2020,2.54799556732178
"Adamawa","Shelleng",2021,0
"Adamawa","Shelleng",2022,0.668385744094849
"Adamawa","Shelleng",2023,0
"Adamawa","Shelleng",2024,0
"Adamawa","Song",2012,1.06547498703003
"Adamawa","Song",2013,0
"Adamawa","Song",2014,0
"Adamawa","Song",2015,0
"Adamawa","Song",2016,15.421778678894
"Adamawa","Song",2017,5.5839262008667
"Adamawa","Song",2018,6.01370000839233
"Adamawa","Song",2019,8.04206943511963
"Adamawa","Song",2020,1.31307601928711
"Adamawa","Song",2021,3.22143054008484
"Adamawa","Song",2022,50.2358856201172
"Adamawa","Song",2023,28.043529510498
"Adamawa","Song",2024,22.346399307251
"Adamawa","Teungo",2012,0
"Adamawa","Teungo",2013,0
"Adamawa","Teungo",2014,0
"Adamawa","Teungo",2015,0
"Adamawa","Teungo",2016,0
"Adamawa","Teungo",2017,0
"Adamawa","Teungo",2018,0
"Adamawa","Teungo",2019,0
"Adamawa","Teungo",2020,0
"Adamawa","Teungo",2021,5.29470682144165
"Adamawa","Teungo",2022,22.4850425720215
"Adamawa","Teungo",2023,14.1208686828613
"Adamawa","Teungo",2024,2.95791339874268
"Adamawa","Yola North",2012,298.819946289062
"Adamawa","Yola North",2013,269.788330078125
"Adamawa","Yola North",2014,265.139739990234
"Adamawa","Yola North",2015,437.760650634766
"Adamawa","Yola North",2016,448.861328125
"Adamawa","Yola North",2017,506.937805175781
"Adamawa","Yola North",2018,691.768676757812
"Adamawa","Yola North",2019,750.209899902344
"Adamawa","Yola North",2020,836.805114746094
"Adamawa","Yola North",2021,854.163879394531
"Adamawa","Yola North",2022,988.917663574219
"Adamawa","Yola North",2023,907.698791503906
"Adamawa","Yola North",2024,729.749755859375
"Adamawa","Yola South",2012,233.234405517578
"Adamawa","Yola South",2013,247.329849243164
"Adamawa","Yola South",2014,218.835723876953
"Adamawa","Yola South",2015,295.248321533203
"Adamawa","Yola South",2016,352.394409179688
"Adamawa","Yola South",2017,448.935821533203
"Adamawa","Yola South",2018,465.446044921875
"Adamawa","Yola South",2019,467.728118896484
"Adamawa","Yola South",2020,466.084533691406
"Adamawa","Yola South",2021,549.693664550781
"Adamawa","Yola South",2022,682.01611328125
"Adamawa","Yola South",2023,647.616882324219
"Adamawa","Yola South",2024,500.749908447266
"Akwa Ibom","Abak",2012,144.502380371094
"Akwa Ibom","Abak",2013,62.7346000671387
"Akwa Ibom","Abak",2014,86.1704711914062
"Akwa Ibom","Abak",2015,24.3495349884033
"Akwa Ibom","Abak",2016,9.97453498840332
"Akwa Ibom","Abak",2017,4.02412414550781
"Akwa Ibom","Abak",2018,0
"Akwa Ibom","Abak",2019,0
"Akwa Ibom","Abak",2020,2.24527215957642
"Akwa Ibom","Abak",2021,0
"Akwa Ibom","Abak",2022,9.73295307159424
"Akwa Ibom","Abak",2023,13.2783718109131
"Akwa Ibom","Abak",2024,31.0279064178467
"Akwa Ibom","Eastern Obolo",2012,73.0645294189453
"Akwa Ibom","Eastern Obolo",2013,65.3924865722656
"Akwa Ibom","Eastern Obolo",2014,75.7591934204102
"Akwa Ibom","Eastern Obolo",2015,4.83775901794434
"Akwa Ibom","Eastern Obolo",2016,6.95419359207153
"Akwa Ibom","Eastern Obolo",2017,0.384316653013229
"Akwa Ibom","Eastern Obolo",2018,0
"Akwa Ibom","Eastern Obolo",2019,1.94731140136719
"Akwa Ibom","Eastern Obolo",2020,5.18578052520752
"Akwa Ibom","Eastern Obolo",2021,29.6395130157471
"Akwa Ibom","Eastern Obolo",2022,176.47184753418
"Akwa Ibom","Eastern Obolo",2023,806.228332519531
"Akwa Ibom","Eastern Obolo",2024,3832.41796875
"Akwa Ibom","Eket",2012,2742.525390625
"Akwa Ibom","Eket",2013,2414.02392578125
"Akwa Ibom","Eket",2014,2764.626953125
"Akwa Ibom","Eket",2015,2819.0087890625
"Akwa Ibom","Eket",2016,2616.13842773438
"Akwa Ibom","Eket",2017,2009.49560546875
"Akwa Ibom","Eket",2018,1405.28039550781
"Akwa Ibom","Eket",2019,1224.77917480469
"Akwa Ibom","Eket",2020,803.669982910156
"Akwa Ibom","Eket",2021,1249.619140625
"Akwa Ibom","Eket",2022,1219.53466796875
"Akwa Ibom","Eket",2023,1254.80187988281
"Akwa Ibom","Eket",2024,1171.24438476562
"Akwa Ibom","Esit Eket",2012,1328.708984375
"Akwa Ibom","Esit Eket",2013,1434.85571289062
"Akwa Ibom","Esit Eket",2014,1517.44970703125
"Akwa Ibom","Esit Eket",2015,1417.75695800781
"Akwa Ibom","Esit Eket",2016,1494.412109375
"Akwa Ibom","Esit Eket",2017,1385.60485839844
"Akwa Ibom","Esit Eket",2018,744.502990722656
"Akwa Ibom","Esit Eket",2019,717.671630859375
"Akwa Ibom","Esit Eket",2020,744.799987792969
"Akwa Ibom","Esit Eket",2021,1723.69775390625
"Akwa Ibom","Esit Eket",2022,1732.64184570312
"Akwa Ibom","Esit Eket",2023,1266.00415039062
"Akwa Ibom","Esit Eket",2024,1369.33862304688
"Akwa Ibom","Essien Udim",2012,56.1690559387207
"Akwa Ibom","Essien Udim",2013,26.6379375457764
"Akwa Ibom","Essien Udim",2014,52.2787895202637
"Akwa Ibom","Essien Udim",2015,74.7346878051758
"Akwa Ibom","Essien Udim",2016,81.1276397705078
"Akwa Ibom","Essien Udim",2017,11.0671215057373
"Akwa Ibom","Essien Udim",2018,3.44968247413635
"Akwa Ibom","Essien Udim",2019,4.82755136489868
"Akwa Ibom","Essien Udim",2020,4.94264602661133
"Akwa Ibom","Essien Udim",2021,1.21344375610352
"Akwa Ibom","Essien Udim",2022,20.1056175231934
"Akwa Ibom","Essien Udim",2023,18.6774749755859
"Akwa Ibom","Essien Udim",2024,34.2205123901367
"Akwa Ibom","Etim Ekpo",2012,1.44446861743927
"Akwa Ibom","Etim Ekpo",2013,1.20303690433502
"Akwa Ibom","Etim Ekpo",2014,2.32462668418884
"Akwa Ibom","Etim Ekpo",2015,2.64594221115112
"Akwa Ibom","Etim Ekpo",2016,0
"Akwa Ibom","Etim Ekpo",2017,0
"Akwa Ibom","Etim Ekpo",2018,0
"Akwa Ibom","Etim Ekpo",2019,0
"Akwa Ibom","Etim Ekpo",2020,0
"Akwa Ibom","Etim Ekpo",2021,0
"Akwa Ibom","Etim Ekpo",2022,0
"Akwa Ibom","Etim Ekpo",2023,0
"Akwa Ibom","Etim Ekpo",2024,0.818361759185791
"Akwa Ibom","Etinan",2012,49.5825119018555
"Akwa Ibom","Etinan",2013,0.530962646007538
"Akwa Ibom","Etinan",2014,189.47737121582
"Akwa Ibom","Etinan",2015,27.6865196228027
"Akwa Ibom","Etinan",2016,3.83292269706726
"Akwa Ibom","Etinan",2017,1.184779047966
"Akwa Ibom","Etinan",2018,0.649813234806061
"Akwa Ibom","Etinan",2019,0.553068459033966
"Akwa Ibom","Etinan",2020,16.880786895752
"Akwa Ibom","Etinan",2021,45.8176879882812
"Akwa Ibom","Etinan",2022,46.7134399414062
"Akwa Ibom","Etinan",2023,49.0245895385742
"Akwa Ibom","Etinan",2024,28.5145969390869
"Akwa Ibom","Ibeno",2012,20428.142578125
"Akwa Ibom","Ibeno",2013,35019.23046875
"Akwa Ibom","Ibeno",2014,35539.0078125
"Akwa Ibom","Ibeno",2015,45508.38671875
"Akwa Ibom","Ibeno",2016,37807.23046875
"Akwa Ibom","Ibeno",2017,31177.5625
"Akwa Ibom","Ibeno",2018,33075.203125
"Akwa Ibom","Ibeno",2019,23173.5234375
"Akwa Ibom","Ibeno",2020,16266.7392578125
"Akwa Ibom","Ibeno",2021,18616.84765625
"Akwa Ibom","Ibeno",2022,18486.13671875
"Akwa Ibom","Ibeno",2023,21496.2734375
"Akwa Ibom","Ibeno",2024,13436.8203125
"Akwa Ibom","Ibesikpo Asutan",2012,348.062561035156
"Akwa Ibom","Ibesikpo Asutan",2013,180.877487182617
"Akwa Ibom","Ibesikpo Asutan",2014,255.811431884766
"Akwa Ibom","Ibesikpo Asutan",2015,343.678985595703
"Akwa Ibom","Ibesikpo Asutan",2016,310.430938720703
"Akwa Ibom","Ibesikpo Asutan",2017,168.579788208008
"Akwa Ibom","Ibesikpo Asutan",2018,127.120414733887
"Akwa Ibom","Ibesikpo Asutan",2019,154.241790771484
"Akwa Ibom","Ibesikpo Asutan",2020,115.319396972656
"Akwa Ibom","Ibesikpo Asutan",2021,198.545516967773
"Akwa Ibom","Ibesikpo Asutan",2022,270.953643798828
"Akwa Ibom","Ibesikpo Asutan",2023,283.945587158203
"Akwa Ibom","Ibesikpo Asutan",2024,309.435516357422
"Akwa Ibom","Ibiono Ibom",2012,448.683166503906
"Akwa Ibom","Ibiono Ibom",2013,142.669998168945
"Akwa Ibom","Ibiono Ibom",2014,108.661880493164
"Akwa Ibom","Ibiono Ibom",2015,308.206237792969
"Akwa Ibom","Ibiono Ibom",2016,222.400054931641
"Akwa Ibom","Ibiono Ibom",2017,32.3142509460449
"Akwa Ibom","Ibiono Ibom",2018,11.4875993728638
"Akwa Ibom","Ibiono Ibom",2019,1.29240846633911
"Akwa Ibom","Ibiono Ibom",2020,41.573169708252
"Akwa Ibom","Ibiono Ibom",2021,58.4811210632324
"Akwa Ibom","Ibiono Ibom",2022,54.9243621826172
"Akwa Ibom","Ibiono Ibom",2023,8.05263519287109
"Akwa Ibom","Ibiono Ibom",2024,47.6755218505859
"Akwa Ibom","Ika",2012,9.66555976867676
"Akwa Ibom","Ika",2013,0.505977988243103
"Akwa Ibom","Ika",2014,0
"Akwa Ibom","Ika",2015,0
"Akwa Ibom","Ika",2016,1.78352332115173
"Akwa Ibom","Ika",2017,0
"Akwa Ibom","Ika",2018,0
"Akwa Ibom","Ika",2019,0
"Akwa Ibom","Ika",2020,0.899506866931915
"Akwa Ibom","Ika",2021,0
"Akwa Ibom","Ika",2022,1.99619054794312
"Akwa Ibom","Ika",2023,0.50311416387558
"Akwa Ibom","Ika",2024,1.55543541908264
"Akwa Ibom","Ikono",2012,6.49692678451538
"Akwa Ibom","Ikono",2013,1.60497438907623
"Akwa Ibom","Ikono",2014,25.7614116668701
"Akwa Ibom","Ikono",2015,287.966094970703
"Akwa Ibom","Ikono",2016,150.741455078125
"Akwa Ibom","Ikono",2017,1.30565094947815
"Akwa Ibom","Ikono",2018,15.9135684967041
"Akwa Ibom","Ikono",2019,5.26725435256958
"Akwa Ibom","Ikono",2020,39.8105049133301
"Akwa Ibom","Ikono",2021,10.0962343215942
"Akwa Ibom","Ikono",2022,11.5269498825073
"Akwa Ibom","Ikono",2023,19.8376865386963
"Akwa Ibom","Ikono",2024,42.818473815918
"Akwa Ibom","Ikot Abasi",2012,667.544616699219
"Akwa Ibom","Ikot Abasi",2013,580.780944824219
"Akwa Ibom","Ikot Abasi",2014,372.152221679688
"Akwa Ibom","Ikot Abasi",2015,57.6017951965332
"Akwa Ibom","Ikot Abasi",2016,90.8080825805664
"Akwa Ibom","Ikot Abasi",2017,43.7939338684082
"Akwa Ibom","Ikot Abasi",2018,36.3467826843262
"Akwa Ibom","Ikot Abasi",2019,37.8598556518555
"Akwa Ibom","Ikot Abasi",2020,83.8693618774414
"Akwa Ibom","Ikot Abasi",2021,57.2221603393555
"Akwa Ibom","Ikot Abasi",2022,131.601364135742
"Akwa Ibom","Ikot Abasi",2023,149.328262329102
"Akwa Ibom","Ikot Abasi",2024,377.050415039062
"Akwa Ibom","Ikot Ekpene",2012,119.932472229004
"Akwa Ibom","Ikot Ekpene",2013,105.36124420166
"Akwa Ibom","Ikot Ekpene",2014,167.308959960938
"Akwa Ibom","Ikot Ekpene",2015,358.828155517578
"Akwa Ibom","Ikot Ekpene",2016,263.1962890625
"Akwa Ibom","Ikot Ekpene",2017,99.109977722168
"Akwa Ibom","Ikot Ekpene",2018,57.7987861633301
"Akwa Ibom","Ikot Ekpene",2019,37.7140769958496
"Akwa Ibom","Ikot Ekpene",2020,114.209449768066
"Akwa Ibom","Ikot Ekpene",2021,67.081298828125
"Akwa Ibom","Ikot Ekpene",2022,73.4002075195312
"Akwa Ibom","Ikot Ekpene",2023,118.442962646484
"Akwa Ibom","Ikot Ekpene",2024,191.837844848633
"Akwa Ibom","Ini",2012,3.71572232246399
"Akwa Ibom","Ini",2013,0
"Akwa Ibom","Ini",2014,6.36905670166016
"Akwa Ibom","Ini",2015,53.9322814941406
"Akwa Ibom","Ini",2016,25.9385471343994
"Akwa Ibom","Ini",2017,0.522736608982086
"Akwa Ibom","Ini",2018,4.31675338745117
"Akwa Ibom","Ini",2019,2.01745104789734
"Akwa Ibom","Ini",2020,0.391189962625504
"Akwa Ibom","Ini",2021,4.10107040405273
"Akwa Ibom","Ini",2022,4.91142082214355
"Akwa Ibom","Ini",2023,5.51162958145142
"Akwa Ibom","Ini",2024,9.90188407897949
"Akwa Ibom","Itu",2012,1102.77160644531
"Akwa Ibom","Itu",2013,760.965454101562
"Akwa Ibom","Itu",2014,856.654846191406
"Akwa Ibom","Itu",2015,1014.00201416016
"Akwa Ibom","Itu",2016,830.295166015625
"Akwa Ibom","Itu",2017,492.447357177734
"Akwa Ibom","Itu",2018,179.378494262695
"Akwa Ibom","Itu",2019,116.689277648926
"Akwa Ibom","Itu",2020,427.65771484375
"Akwa Ibom","Itu",2021,378.703674316406
"Akwa Ibom","Itu",2022,430.5888671875
"Akwa Ibom","Itu",2023,362.935333251953
"Akwa Ibom","Itu",2024,545.653503417969
"Akwa Ibom","Mbo",2012,31.3951225280762
"Akwa Ibom","Mbo",2013,23.1862888336182
"Akwa Ibom","Mbo",2014,45.231029510498
"Akwa Ibom","Mbo",2015,267.202270507812
"Akwa Ibom","Mbo",2016,401.781188964844
"Akwa Ibom","Mbo",2017,420.102691650391
"Akwa Ibom","Mbo",2018,192.86213684082
"Akwa Ibom","Mbo",2019,237.502349853516
"Akwa Ibom","Mbo",2020,128.283798217773
"Akwa Ibom","Mbo",2021,349.485992431641
"Akwa Ibom","Mbo",2022,186.05908203125
"Akwa Ibom","Mbo",2023,229.474090576172
"Akwa Ibom","Mbo",2024,305.573120117188
"Akwa Ibom","Mkpat Enin",2012,1.34025716781616
"Akwa Ibom","Mkpat Enin",2013,3.07122707366943
"Akwa Ibom","Mkpat Enin",2014,140.092758178711
"Akwa Ibom","Mkpat Enin",2015,16.8936920166016
"Akwa Ibom","Mkpat Enin",2016,12.004487991333
"Akwa Ibom","Mkpat Enin",2017,0
"Akwa Ibom","Mkpat Enin",2018,1.46540451049805
"Akwa Ibom","Mkpat Enin",2019,0
"Akwa Ibom","Mkpat Enin",2020,10.5827445983887
"Akwa Ibom","Mkpat Enin",2021,0.554245889186859
"Akwa Ibom","Mkpat Enin",2022,17.1897449493408
"Akwa Ibom","Mkpat Enin",2023,44.8603019714355
"Akwa Ibom","Mkpat Enin",2024,427.288543701172
"Akwa Ibom","Nsit Atai",2012,50.161563873291
"Akwa Ibom","Nsit Atai",2013,0.368610680103302
"Akwa Ibom","Nsit Atai",2014,19.688289642334
"Akwa Ibom","Nsit Atai",2015,9.86983680725098
"Akwa Ibom","Nsit Atai",2016,1.80336010456085
"Akwa Ibom","Nsit Atai",2017,0
"Akwa Ibom","Nsit Atai",2018,0.941838562488556
"Akwa Ibom","Nsit Atai",2019,0
"Akwa Ibom","Nsit Atai",2020,0
"Akwa Ibom","Nsit Atai",2021,0.508515059947968
"Akwa Ibom","Nsit Atai",2022,0.207452788949013
"Akwa Ibom","Nsit Atai",2023,0.0110928630456328
"Akwa Ibom","Nsit Atai",2024,0
"Akwa Ibom","Nsit Ibom",2012,18.7540721893311
"Akwa Ibom","Nsit Ibom",2013,0.00845321919769049
"Akwa Ibom","Nsit Ibom",2014,84.7822875976562
"Akwa Ibom","Nsit Ibom",2015,1.27442562580109
"Akwa Ibom","Nsit Ibom",2016,0.618127048015594
"Akwa Ibom","Nsit Ibom",2017,0.574191749095917
"Akwa Ibom","Nsit Ibom",2018,1.19373428821564
"Akwa Ibom","Nsit Ibom",2019,0.575188457965851
"Akwa Ibom","Nsit Ibom",2020,1.62989366054535
"Akwa Ibom","Nsit Ibom",2021,0.571498095989227
"Akwa Ibom","Nsit Ibom",2022,9.39618587493896
"Akwa Ibom","Nsit Ibom",2023,4.17564249038696
"Akwa Ibom","Nsit Ibom",2024,3.20565867424011
"Akwa Ibom","Nsit Ubium",2012,213.200866699219
"Akwa Ibom","Nsit Ubium",2013,88.4804992675781
"Akwa Ibom","Nsit Ubium",2014,289.665191650391
"Akwa Ibom","Nsit Ubium",2015,130.525924682617
"Akwa Ibom","Nsit Ubium",2016,90.9886856079102
"Akwa Ibom","Nsit Ubium",2017,47.8906784057617
"Akwa Ibom","Nsit Ubium",2018,0.37707257270813
"Akwa Ibom","Nsit Ubium",2019,4.50829410552979
"Akwa Ibom","Nsit Ubium",2020,0.540229916572571
"Akwa Ibom","Nsit Ubium",2021,3.97771096229553
"Akwa Ibom","Nsit Ubium",2022,26.5941638946533
"Akwa Ibom","Nsit Ubium",2023,58.051399230957
"Akwa Ibom","Nsit Ubium",2024,86.4039916992188
"Akwa Ibom","Obot Akara",2012,2.25441122055054
"Akwa Ibom","Obot Akara",2013,0
"Akwa Ibom","Obot Akara",2014,1.73567056655884
"Akwa Ibom","Obot Akara",2015,1.69443535804749
"Akwa Ibom","Obot Akara",2016,10.5662527084351
"Akwa Ibom","Obot Akara",2017,0
"Akwa Ibom","Obot Akara",2018,0
"Akwa Ibom","Obot Akara",2019,0.763219833374023
"Akwa Ibom","Obot Akara",2020,0.730989396572113
"Akwa Ibom","Obot Akara",2021,0
"Akwa Ibom","Obot Akara",2022,0
"Akwa Ibom","Obot Akara",2023,0
"Akwa Ibom","Obot Akara",2024,0
"Akwa Ibom","Okobo",2012,33.8997611999512
"Akwa Ibom","Okobo",2013,9.67630290985107
"Akwa Ibom","Okobo",2014,17.224536895752
"Akwa Ibom","Okobo",2015,26.7930374145508
"Akwa Ibom","Okobo",2016,6.18022441864014
"Akwa Ibom","Okobo",2017,2.99560689926147
"Akwa Ibom","Okobo",2018,0
"Akwa Ibom","Okobo",2019,1.1116156578064
"Akwa Ibom","Okobo",2020,0.467848390340805
"Akwa Ibom","Okobo",2021,0.488088726997375
"Akwa Ibom","Okobo",2022,6.2758412361145
"Akwa Ibom","Okobo",2023,9.99983692169189
"Akwa Ibom","Okobo",2024,19.124267578125
"Akwa Ibom","Onna",2012,109.525680541992
"Akwa Ibom","Onna",2013,213.623077392578
"Akwa Ibom","Onna",2014,346.422546386719
"Akwa Ibom","Onna",2015,351.645935058594
"Akwa Ibom","Onna",2016,219.72102355957
"Akwa Ibom","Onna",2017,99.0951232910156
"Akwa Ibom","Onna",2018,36.4157943725586
"Akwa Ibom","Onna",2019,11.5079708099365
"Akwa Ibom","Onna",2020,108.749351501465
"Akwa Ibom","Onna",2021,214.820343017578
"Akwa Ibom","Onna",2022,258.335388183594
"Akwa Ibom","Onna",2023,273.871459960938
"Akwa Ibom","Onna",2024,440.209442138672
"Akwa Ibom","Oron",2012,70.0850296020508
"Akwa Ibom","Oron",2013,19.291088104248
"Akwa Ibom","Oron",2014,99.7254180908203
"Akwa Ibom","Oron",2015,43.2264518737793
"Akwa Ibom","Oron",2016,16.4116191864014
"Akwa Ibom","Oron",2017,2.10316753387451
"Akwa Ibom","Oron",2018,0
"Akwa Ibom","Oron",2019,1.11217880249023
"Akwa Ibom","Oron",2020,26.0923118591309
"Akwa Ibom","Oron",2021,28.6574287414551
"Akwa Ibom","Oron",2022,52.8420372009277
"Akwa Ibom","Oron",2023,40.8030281066895
"Akwa Ibom","Oron",2024,30.5191879272461
"Akwa Ibom","Oruk Anam",2012,0
"Akwa Ibom","Oruk Anam",2013,0
"Akwa Ibom","Oruk Anam",2014,0
"Akwa Ibom","Oruk Anam",2015,0.00110424379818141
"Akwa Ibom","Oruk Anam",2016,0
"Akwa Ibom","Oruk Anam",2017,0
"Akwa Ibom","Oruk Anam",2018,0
"Akwa Ibom","Oruk Anam",2019,0
"Akwa Ibom","Oruk Anam",2020,0
"Akwa Ibom","Oruk Anam",2021,0
"Akwa Ibom","Oruk Anam",2022,0
"Akwa Ibom","Oruk Anam",2023,0
"Akwa Ibom","Oruk Anam",2024,0
"Akwa Ibom","Udung Uko",2012,4.93778419494629
"Akwa Ibom","Udung Uko",2013,1.06124126911163
"Akwa Ibom","Udung Uko",2014,3.38756537437439
"Akwa Ibom","Udung Uko",2015,0.60534542798996
"Akwa Ibom","Udung Uko",2016,0
"Akwa Ibom","Udung Uko",2017,0
"Akwa Ibom","Udung Uko",2018,0
"Akwa Ibom","Udung Uko",2019,0
"Akwa Ibom","Udung Uko",2020,0
"Akwa Ibom","Udung Uko",2021,0
"Akwa Ibom","Udung Uko",2022,0
"Akwa Ibom","Udung Uko",2023,8.51311492919922
"Akwa Ibom","Udung Uko",2024,27.2016544342041
"Akwa Ibom","Ukanafun",2012,0.587129414081573
"Akwa Ibom","Ukanafun",2013,0
"Akwa Ibom","Ukanafun",2014,0.540340542793274
"Akwa Ibom","Ukanafun",2015,0.0909452587366104
"Akwa Ibom","Ukanafun",2016,0
"Akwa Ibom","Ukanafun",2017,0
"Akwa Ibom","Ukanafun",2018,0
"Akwa Ibom","Ukanafun",2019,0
"Akwa Ibom","Ukanafun",2020,0
"Akwa Ibom","Ukanafun",2021,0
"Akwa Ibom","Ukanafun",2022,0
"Akwa Ibom","Ukanafun",2023,0
"Akwa Ibom","Ukanafun",2024,3.79195690155029
"Akwa Ibom","Uruan",2012,434.263092041016
"Akwa Ibom","Uruan",2013,267.225341796875
"Akwa Ibom","Uruan",2014,326.157257080078
"Akwa Ibom","Uruan",2015,300.042053222656
"Akwa Ibom","Uruan",2016,242.814788818359
"Akwa Ibom","Uruan",2017,97.3797607421875
"Akwa Ibom","Uruan",2018,74.2638854980469
"Akwa Ibom","Uruan",2019,114.056701660156
"Akwa Ibom","Uruan",2020,185.485443115234
"Akwa Ibom","Uruan",2021,170.682373046875
"Akwa Ibom","Uruan",2022,363.469329833984
"Akwa Ibom","Uruan",2023,314.829498291016
"Akwa Ibom","Uruan",2024,393.504150390625
"Akwa Ibom","Urue Offong",2012,48.2248725891113
"Akwa Ibom","Urue Offong",2013,1.19946396350861
"Akwa Ibom","Urue Offong",2014,19.7471103668213
"Akwa Ibom","Urue Offong",2015,10.3497753143311
"Akwa Ibom","Urue Offong",2016,4.97118139266968
"Akwa Ibom","Urue Offong",2017,0.543453991413116
"Akwa Ibom","Urue Offong",2018,0
"Akwa Ibom","Urue Offong",2019,0
"Akwa Ibom","Urue Offong",2020,0
"Akwa Ibom","Urue Offong",2021,0
"Akwa Ibom","Urue Offong",2022,0.50460422039032
"Akwa Ibom","Urue Offong",2023,0
"Akwa Ibom","Urue Offong",2024,0.355792105197906
"Akwa Ibom","Uyo",2012,3030.50805664062
"Akwa Ibom","Uyo",2013,2616.15844726562
"Akwa Ibom","Uyo",2014,3018.26733398438
"Akwa Ibom","Uyo",2015,2756.3427734375
"Akwa Ibom","Uyo",2016,2314.28100585938
"Akwa Ibom","Uyo",2017,1824.8505859375
"Akwa Ibom","Uyo",2018,1681.89135742188
"Akwa Ibom","Uyo",2019,1839.73352050781
"Akwa Ibom","Uyo",2020,1653.76245117188
"Akwa Ibom","Uyo",2021,1966.84692382812
"Akwa Ibom","Uyo",2022,2281.41186523438
"Akwa Ibom","Uyo",2023,2451.60864257812
"Akwa Ibom","Uyo",2024,2321.80981445312
"Anambra","Aguata",2012,514.147644042969
"Anambra","Aguata",2013,202.669158935547
"Anambra","Aguata",2014,132.582672119141
"Anambra","Aguata",2015,140.415069580078
"Anambra","Aguata",2016,140.340911865234
"Anambra","Aguata",2017,176.417449951172
"Anambra","Aguata",2018,164.91423034668
"Anambra","Aguata",2019,509.109619140625
"Anambra","Aguata",2020,721.741271972656
"Anambra","Aguata",2021,492.794189453125
"Anambra","Aguata",2022,674.979736328125
"Anambra","Aguata",2023,699.997985839844
"Anambra","Aguata",2024,605.348449707031
"Anambra","Anambra East",2012,913.187927246094
"Anambra","Anambra East",2013,1005.99304199219
"Anambra","Anambra East",2014,908.919250488281
"Anambra","Anambra East",2015,1073.220703125
"Anambra","Anambra East",2016,821.832214355469
"Anambra","Anambra East",2017,825.392517089844
"Anambra","Anambra East",2018,967.109802246094
"Anambra","Anambra East",2019,1237.689453125
"Anambra","Anambra East",2020,1608.79284667969
"Anambra","Anambra East",2021,1738.05517578125
"Anambra","Anambra East",2022,1570.53308105469
"Anambra","Anambra East",2023,1519.25720214844
"Anambra","Anambra East",2024,1277.03515625
"Anambra","Anambra West",2012,70.8152389526367
"Anambra","Anambra West",2013,98.2498168945312
"Anambra","Anambra West",2014,78.6838455200195
"Anambra","Anambra West",2015,77.6790390014648
"Anambra","Anambra West",2016,31.4036197662354
"Anambra","Anambra West",2017,30.9527416229248
"Anambra","Anambra West",2018,25.7158718109131
"Anambra","Anambra West",2019,29.9315052032471
"Anambra","Anambra West",2020,33.1759490966797
"Anambra","Anambra West",2021,50.7238693237305
"Anambra","Anambra West",2022,51.9594192504883
"Anambra","Anambra West",2023,69.2788391113281
"Anambra","Anambra West",2024,64.1091003417969
"Anambra","Anaocha",2012,127.114608764648
"Anambra","Anaocha",2013,206.84797668457
"Anambra","Anaocha",2014,166.198043823242
"Anambra","Anaocha",2015,87.3726196289062
"Anambra","Anaocha",2016,92.7856903076172
"Anambra","Anaocha",2017,88.1301498413086
"Anambra","Anaocha",2018,93.8985366821289
"Anambra","Anaocha",2019,576.396789550781
"Anambra","Anaocha",2020,637.134887695312
"Anambra","Anaocha",2021,639.422668457031
"Anambra","Anaocha",2022,640.728698730469
"Anambra","Anaocha",2023,645.187866210938
"Anambra","Anaocha",2024,591.866149902344
"Anambra","Awka North",2012,69.2491912841797
"Anambra","Awka North",2013,156.006912231445
"Anambra","Awka North",2014,253.630798339844
"Anambra","Awka North",2015,234.756286621094
"Anambra","Awka North",2016,190.931655883789
"Anambra","Awka North",2017,291.186981201172
"Anambra","Awka North",2018,383.646179199219
"Anambra","Awka North",2019,576.5322265625
"Anambra","Awka North",2020,641.763366699219
"Anambra","Awka North",2021,674.784973144531
"Anambra","Awka North",2022,608.5703125
"Anambra","Awka North",2023,690.897583007812
"Anambra","Awka North",2024,626.963928222656
"Anambra","Awka South",2012,1264.70874023438
"Anambra","Awka South",2013,1197.41918945312
"Anambra","Awka South",2014,1086.61999511719
"Anambra","Awka South",2015,1103.66735839844
"Anambra","Awka South",2016,1069.16064453125
"Anambra","Awka South",2017,1389.82141113281
"Anambra","Awka South",2018,1422.7109375
"Anambra","Awka South",2019,1807.56494140625
"Anambra","Awka South",2020,1768.17590332031
"Anambra","Awka South",2021,2055.9921875
"Anambra","Awka South",2022,1973.64868164062
"Anambra","Awka South",2023,2016.9072265625
"Anambra","Awka South",2024,1788.71423339844
"Anambra","Ayamelum",2012,113.064971923828
"Anambra","Ayamelum",2013,1099.8310546875
"Anambra","Ayamelum",2014,812.839904785156
"Anambra","Ayamelum",2015,718.541442871094
"Anambra","Ayamelum",2016,0
"Anambra","Ayamelum",2017,0
"Anambra","Ayamelum",2018,0
"Anambra","Ayamelum",2019,0
"Anambra","Ayamelum",2020,3.10927629470825
"Anambra","Ayamelum",2021,0
"Anambra","Ayamelum",2022,1.90243601799011
"Anambra","Ayamelum",2023,28.7715015411377
"Anambra","Ayamelum",2024,9.61778259277344
"Anambra","Dunukofia",2012,165.944519042969
"Anambra","Dunukofia",2013,152.520431518555
"Anambra","Dunukofia",2014,180.821136474609
"Anambra","Dunukofia",2015,150.624084472656
"Anambra","Dunukofia",2016,98.1861801147461
"Anambra","Dunukofia",2017,163.620819091797
"Anambra","Dunukofia",2018,144.977737426758
"Anambra","Dunukofia",2019,220.085876464844
"Anambra","Dunukofia",2020,253.911087036133
"Anambra","Dunukofia",2021,312.694000244141
"Anambra","Dunukofia",2022,347.203002929688
"Anambra","Dunukofia",2023,469.002502441406
"Anambra","Dunukofia",2024,409.515747070312
"Anambra","Ekwusigo",2012,153.709686279297
"Anambra","Ekwusigo",2013,234.150039672852
"Anambra","Ekwusigo",2014,378.441528320312
"Anambra","Ekwusigo",2015,359.147003173828
"Anambra","Ekwusigo",2016,350.890563964844
"Anambra","Ekwusigo",2017,185.722686767578
"Anambra","Ekwusigo",2018,105.758834838867
"Anambra","Ekwusigo",2019,290.762329101562
"Anambra","Ekwusigo",2020,299.826110839844
"Anambra","Ekwusigo",2021,243.750900268555
"Anambra","Ekwusigo",2022,380.306762695312
"Anambra","Ekwusigo",2023,435.407867431641
"Anambra","Ekwusigo",2024,404.824432373047
"Anambra","Idemili North",2012,803.244140625
"Anambra","Idemili North",2013,831.399169921875
"Anambra","Idemili North",2014,538.534423828125
"Anambra","Idemili North",2015,705.768920898438
"Anambra","Idemili North",2016,703.2509765625
"Anambra","Idemili North",2017,626.938171386719
"Anambra","Idemili North",2018,545.461242675781
"Anambra","Idemili North",2019,766.732421875
"Anambra","Idemili North",2020,881.638793945312
"Anambra","Idemili North",2021,819.499633789062
"Anambra","Idemili North",2022,834.192260742188
"Anambra","Idemili North",2023,868.002136230469
"Anambra","Idemili North",2024,771.255981445312
"Anambra","Idemili South",2012,315.469970703125
"Anambra","Idemili South",2013,568.734069824219
"Anambra","Idemili South",2014,563.005859375
"Anambra","Idemili South",2015,443.095001220703
"Anambra","Idemili South",2016,519.71533203125
"Anambra","Idemili South",2017,436.783813476562
"Anambra","Idemili South",2018,474.305480957031
"Anambra","Idemili South",2019,806.79296875
"Anambra","Idemili South",2020,824.90380859375
"Anambra","Idemili South",2021,831.244262695312
"Anambra","Idemili South",2022,865.110229492188
"Anambra","Idemili South",2023,931.9091796875
"Anambra","Idemili South",2024,794.483642578125
"Anambra","Ihiala",2012,149.920272827148
"Anambra","Ihiala",2013,122.843994140625
"Anambra","Ihiala",2014,43.3373985290527
"Anambra","Ihiala",2015,8.72547626495361
"Anambra","Ihiala",2016,4.63760709762573
"Anambra","Ihiala",2017,9.7637767791748
"Anambra","Ihiala",2018,9.95772075653076
"Anambra","Ihiala",2019,39.9225044250488
"Anambra","Ihiala",2020,61.6565742492676
"Anambra","Ihiala",2021,44.5107498168945
"Anambra","Ihiala",2022,117.174598693848
"Anambra","Ihiala",2023,68.0531463623047
"Anambra","Ihiala",2024,169.768478393555
"Anambra","Njikoka",2012,354.571929931641
"Anambra","Njikoka",2013,143.115875244141
"Anambra","Njikoka",2014,205.038024902344
"Anambra","Njikoka",2015,131.802444458008
"Anambra","Njikoka",2016,184.849472045898
"Anambra","Njikoka",2017,313.617858886719
"Anambra","Njikoka",2018,310.494201660156
"Anambra","Njikoka",2019,463.696563720703
"Anambra","Njikoka",2020,430.735504150391
"Anambra","Njikoka",2021,544.343017578125
"Anambra","Njikoka",2022,705.446228027344
"Anambra","Njikoka",2023,751.615539550781
"Anambra","Njikoka",2024,682.469360351562
"Anambra","Nnewi North",2012,317.842132568359
"Anambra","Nnewi North",2013,436.397216796875
"Anambra","Nnewi North",2014,448.868469238281
"Anambra","Nnewi North",2015,342.816436767578
"Anambra","Nnewi North",2016,378.017791748047
"Anambra","Nnewi North",2017,356.166412353516
"Anambra","Nnewi North",2018,366.038696289062
"Anambra","Nnewi North",2019,445.647186279297
"Anambra","Nnewi North",2020,518.297485351562
"Anambra","Nnewi North",2021,542.95556640625
"Anambra","Nnewi North",2022,633.371887207031
"Anambra","Nnewi North",2023,645.40869140625
"Anambra","Nnewi North",2024,569.541076660156
"Anambra","Nnewi South",2012,317.168853759766
"Anambra","Nnewi South",2013,368.884307861328
"Anambra","Nnewi South",2014,350.186187744141
"Anambra","Nnewi South",2015,232.391357421875
"Anambra","Nnewi South",2016,221.471801757812
"Anambra","Nnewi South",2017,184.097320556641
"Anambra","Nnewi South",2018,173.103515625
"Anambra","Nnewi South",2019,418.731109619141
"Anambra","Nnewi South",2020,468.530822753906
"Anambra","Nnewi South",2021,353.451904296875
"Anambra","Nnewi South",2022,494.378173828125
"Anambra","Nnewi South",2023,437.991546630859
"Anambra","Nnewi South",2024,491.000030517578
"Anambra","Ogbaru",2012,819.466430664062
"Anambra","Ogbaru",2013,620.182006835938
"Anambra","Ogbaru",2014,207.764724731445
"Anambra","Ogbaru",2015,202.520889282227
"Anambra","Ogbaru",2016,463.010864257812
"Anambra","Ogbaru",2017,1435.34887695312
"Anambra","Ogbaru",2018,1730.95983886719
"Anambra","Ogbaru",2019,952.099853515625
"Anambra","Ogbaru",2020,1491.56103515625
"Anambra","Ogbaru",2021,869.291625976562
"Anambra","Ogbaru",2022,2989.17749023438
"Anambra","Ogbaru",2023,9890.396484375
"Anambra","Ogbaru",2024,15694.38671875
"Anambra","Onitsha North",2012,619.940856933594
"Anambra","Onitsha North",2013,667.998779296875
"Anambra","Onitsha North",2014,642.304870605469
"Anambra","Onitsha North",2015,690.1904296875
"Anambra","Onitsha North",2016,598.562805175781
"Anambra","Onitsha North",2017,452.425872802734
"Anambra","Onitsha North",2018,343.366790771484
"Anambra","Onitsha North",2019,407.571563720703
"Anambra","Onitsha North",2020,505.18701171875
"Anambra","Onitsha North",2021,538.987609863281
"Anambra","Onitsha North",2022,537.268920898438
"Anambra","Onitsha North",2023,528.632141113281
"Anambra","Onitsha North",2024,555.148803710938
"Anambra","Onitsha South",2012,36.8433990478516
"Anambra","Onitsha South",2013,55.3329200744629
"Anambra","Onitsha South",2014,48.6257476806641
"Anambra","Onitsha South",2015,73.1811599731445
"Anambra","Onitsha South",2016,50.276912689209
"Anambra","Onitsha South",2017,21.8456611633301
"Anambra","Onitsha South",2018,16.1083087921143
"Anambra","Onitsha South",2019,29.4484024047852
"Anambra","Onitsha South",2020,42.8219451904297
"Anambra","Onitsha South",2021,49.1452407836914
"Anambra","Onitsha South",2022,62.1131820678711
"Anambra","Onitsha South",2023,65.8175582885742
"Anambra","Onitsha South",2024,61.33203125
"Anambra","Orumba North",2012,406.136260986328
"Anambra","Orumba North",2013,373.814086914062
"Anambra","Orumba North",2014,195.390472412109
"Anambra","Orumba North",2015,369.614837646484
"Anambra","Orumba North",2016,226.664672851562
"Anambra","Orumba North",2017,313.9228515625
"Anambra","Orumba North",2018,266.115905761719
"Anambra","Orumba North",2019,433.651580810547
"Anambra","Orumba North",2020,700.783874511719
"Anambra","Orumba North",2021,667.050048828125
"Anambra","Orumba North",2022,909.678833007812
"Anambra","Orumba North",2023,725.217041015625
"Anambra","Orumba North",2024,570.150268554688
"Anambra","Orumba South",2012,47.1640510559082
"Anambra","Orumba South",2013,0
"Anambra","Orumba South",2014,0
"Anambra","Orumba South",2015,0
"Anambra","Orumba South",2016,0
"Anambra","Orumba South",2017,0
"Anambra","Orumba South",2018,25.7893161773682
"Anambra","Orumba South",2019,43.6997680664062
"Anambra","Orumba South",2020,201.527008056641
"Anambra","Orumba South",2021,67.5914459228516
"Anambra","Orumba South",2022,183.962554931641
"Anambra","Orumba South",2023,64.8468399047852
"Anambra","Orumba South",2024,95.3308944702148
"Anambra","Oyi",2012,1015.17022705078
"Anambra","Oyi",2013,1037.74084472656
"Anambra","Oyi",2014,1082.60815429688
"Anambra","Oyi",2015,936.257690429688
"Anambra","Oyi",2016,716.852294921875
"Anambra","Oyi",2017,767.014587402344
"Anambra","Oyi",2018,735.805908203125
"Anambra","Oyi",2019,787.625610351562
"Anambra","Oyi",2020,1072.36120605469
"Anambra","Oyi",2021,1271.10729980469
"Anambra","Oyi",2022,1293.12878417969
"Anambra","Oyi",2023,1322.58666992188
"Anambra","Oyi",2024,1153.77160644531
"Bauchi","Alkaleri",2012,8.12592697143555
"Bauchi","Alkaleri",2013,51.8002281188965
"Bauchi","Alkaleri",2014,28.883228302002
"Bauchi","Alkaleri",2015,7.9446816444397
"Bauchi","Alkaleri",2016,44.1479339599609
"Bauchi","Alkaleri",2017,14.5402154922485
"Bauchi","Alkaleri",2018,0.527150273323059
"Bauchi","Alkaleri",2019,10.5568571090698
"Bauchi","Alkaleri",2020,0.534351170063019
"Bauchi","Alkaleri",2021,0.502809286117554
"Bauchi","Alkaleri",2022,22.6350269317627
"Bauchi","Alkaleri",2023,29.8068084716797
"Bauchi","Alkaleri",2024,19.4765796661377
"Bauchi","Bauchi",2012,2003.90625
"Bauchi","Bauchi",2013,2344.00390625
"Bauchi","Bauchi",2014,2410.67236328125
"Bauchi","Bauchi",2015,2243.84692382812
"Bauchi","Bauchi",2016,1817.56042480469
"Bauchi","Bauchi",2017,1425.24047851562
"Bauchi","Bauchi",2018,1611.87182617188
"Bauchi","Bauchi",2019,1462.82299804688
"Bauchi","Bauchi",2020,1762.5107421875
"Bauchi","Bauchi",2021,2420.7275390625
"Bauchi","Bauchi",2022,3177.17431640625
"Bauchi","Bauchi",2023,2594.6171875
"Bauchi","Bauchi",2024,2589.1552734375
"Bauchi","Bogoro",2012,0
"Bauchi","Bogoro",2013,1.81146025657654
"Bauchi","Bogoro",2014,0
"Bauchi","Bogoro",2015,0
"Bauchi","Bogoro",2016,0
"Bauchi","Bogoro",2017,0
"Bauchi","Bogoro",2018,0
"Bauchi","Bogoro",2019,0
"Bauchi","Bogoro",2020,0
"Bauchi","Bogoro",2021,0
"Bauchi","Bogoro",2022,0
"Bauchi","Bogoro",2023,0.515715420246124
"Bauchi","Bogoro",2024,0
"Bauchi","Damban",2012,39.6463890075684
"Bauchi","Damban",2013,9.98139095306396
"Bauchi","Damban",2014,14.2084560394287
"Bauchi","Damban",2015,16.882266998291
"Bauchi","Damban",2016,18.3083877563477
"Bauchi","Damban",2017,27.7621898651123
"Bauchi","Damban",2018,0
"Bauchi","Damban",2019,0
"Bauchi","Damban",2020,0
"Bauchi","Damban",2021,4.78111505508423
"Bauchi","Damban",2022,28.73996925354
"Bauchi","Damban",2023,21.3154029846191
"Bauchi","Damban",2024,14.089542388916
"Bauchi","Darazo",2012,2.92941427230835
"Bauchi","Darazo",2013,0
"Bauchi","Darazo",2014,0
"Bauchi","Darazo",2015,12.9974699020386
"Bauchi","Darazo",2016,20.9843635559082
"Bauchi","Darazo",2017,0
"Bauchi","Darazo",2018,0
"Bauchi","Darazo",2019,1.07729482650757
"Bauchi","Darazo",2020,2.67938470840454
"Bauchi","Darazo",2021,2.5402843952179
"Bauchi","Darazo",2022,30.8181667327881
"Bauchi","Darazo",2023,10.4068174362183
"Bauchi","Darazo",2024,32.683219909668
"Bauchi","Dass",2012,2.55185699462891
"Bauchi","Dass",2013,0
"Bauchi","Dass",2014,0
"Bauchi","Dass",2015,10.0457458496094
"Bauchi","Dass",2016,0
"Bauchi","Dass",2017,0
"Bauchi","Dass",2018,0
"Bauchi","Dass",2019,0
"Bauchi","Dass",2020,0
"Bauchi","Dass",2021,0
"Bauchi","Dass",2022,4.54176044464111
"Bauchi","Dass",2023,12.8519172668457
"Bauchi","Dass",2024,2.73862719535828
"Bauchi","Gamawa",2012,15.3975439071655
"Bauchi","Gamawa",2013,1.8167439699173
"Bauchi","Gamawa",2014,1.25020718574524
"Bauchi","Gamawa",2015,13.0555658340454
"Bauchi","Gamawa",2016,24.0895709991455
"Bauchi","Gamawa",2017,9.88654804229736
"Bauchi","Gamawa",2018,1.15154564380646
"Bauchi","Gamawa",2019,0
"Bauchi","Gamawa",2020,0.582731604576111
"Bauchi","Gamawa",2021,3.84197092056274
"Bauchi","Gamawa",2022,23.4960384368896
"Bauchi","Gamawa",2023,17.5526084899902
"Bauchi","Gamawa",2024,3.94558906555176
"Bauchi","Ganjuwa",2012,0.583600401878357
"Bauchi","Ganjuwa",2013,25.8011798858643
"Bauchi","Ganjuwa",2014,3.06096029281616
"Bauchi","Ganjuwa",2015,1.31606662273407
"Bauchi","Ganjuwa",2016,23.8733005523682
"Bauchi","Ganjuwa",2017,0.00479309121146798
"Bauchi","Ganjuwa",2018,0
"Bauchi","Ganjuwa",2019,0
"Bauchi","Ganjuwa",2020,0.574999392032623
"Bauchi","Ganjuwa",2021,9.16393947601318
"Bauchi","Ganjuwa",2022,32.9055633544922
"Bauchi","Ganjuwa",2023,39.0150299072266
"Bauchi","Ganjuwa",2024,43.6319122314453
"Bauchi","Giade",2012,1.64522528648376
"Bauchi","Giade",2013,0
"Bauchi","Giade",2014,0
"Bauchi","Giade",2015,0.34685230255127
"Bauchi","Giade",2016,0
"Bauchi","Giade",2017,0
"Bauchi","Giade",2018,0
"Bauchi","Giade",2019,0
"Bauchi","Giade",2020,0.640453219413757
"Bauchi","Giade",2021,0
"Bauchi","Giade",2022,5.42364501953125
"Bauchi","Giade",2023,13.7778186798096
"Bauchi","Giade",2024,9.34848880767822
"Bauchi","Itas/Gadau",2012,4.8144907951355
"Bauchi","Itas/Gadau",2013,3.14173936843872
"Bauchi","Itas/Gadau",2014,3.70618367195129
"Bauchi","Itas/Gadau",2015,3.85373854637146
"Bauchi","Itas/Gadau",2016,1.86662971973419
"Bauchi","Itas/Gadau",2017,0
"Bauchi","Itas/Gadau",2018,0
"Bauchi","Itas/Gadau",2019,0
"Bauchi","Itas/Gadau",2020,0
"Bauchi","Itas/Gadau",2021,6.66699981689453
"Bauchi","Itas/Gadau",2022,29.5642204284668
"Bauchi","Itas/Gadau",2023,31.8590507507324
"Bauchi","Itas/Gadau",2024,20.2726669311523
"Bauchi","Jama'are",2012,8.56667041778564
"Bauchi","Jama'are",2013,0.508307933807373
"Bauchi","Jama'are",2014,14.7347946166992
"Bauchi","Jama'are",2015,0
"Bauchi","Jama'are",2016,3.06478071212769
"Bauchi","Jama'are",2017,0
"Bauchi","Jama'are",2018,0
"Bauchi","Jama'are",2019,0
"Bauchi","Jama'are",2020,0
"Bauchi","Jama'are",2021,0.564538598060608
"Bauchi","Jama'are",2022,14.1236209869385
"Bauchi","Jama'are",2023,32.0782585144043
"Bauchi","Jama'are",2024,27.1899032592773
"Bauchi","Katagum",2012,254.470932006836
"Bauchi","Katagum",2013,267.655883789062
"Bauchi","Katagum",2014,319.134735107422
"Bauchi","Katagum",2015,359.085754394531
"Bauchi","Katagum",2016,276.772521972656
"Bauchi","Katagum",2017,118.663047790527
"Bauchi","Katagum",2018,133.808578491211
"Bauchi","Katagum",2019,159.524993896484
"Bauchi","Katagum",2020,292.526458740234
"Bauchi","Katagum",2021,407.890777587891
"Bauchi","Katagum",2022,604.719665527344
"Bauchi","Katagum",2023,601.53369140625
"Bauchi","Katagum",2024,556.033996582031
"Bauchi","Kirfi",2012,55.4259757995605
"Bauchi","Kirfi",2013,71.5627822875977
"Bauchi","Kirfi",2014,73.0935440063477
"Bauchi","Kirfi",2015,38.4412040710449
"Bauchi","Kirfi",2016,32.2986679077148
"Bauchi","Kirfi",2017,16.186824798584
"Bauchi","Kirfi",2018,0
"Bauchi","Kirfi",2019,2.01852869987488
"Bauchi","Kirfi",2020,2.43407344818115
"Bauchi","Kirfi",2021,0.516119539737701
"Bauchi","Kirfi",2022,6.47470140457153
"Bauchi","Kirfi",2023,10.9485635757446
"Bauchi","Kirfi",2024,3.54036164283752
"Bauchi","Misau",2012,17.7648143768311
"Bauchi","Misau",2013,24.1075305938721
"Bauchi","Misau",2014,21.0980033874512
"Bauchi","Misau",2015,24.0184574127197
"Bauchi","Misau",2016,0
"Bauchi","Misau",2017,1.1912727355957
"Bauchi","Misau",2018,0
"Bauchi","Misau",2019,0
"Bauchi","Misau",2020,4.27061033248901
"Bauchi","Misau",2021,5.70535326004028
"Bauchi","Misau",2022,42.5877876281738
"Bauchi","Misau",2023,72.2426223754883
"Bauchi","Misau",2024,65.9623031616211
"Bauchi","Ningi",2012,1.84368133544922
"Bauchi","Ningi",2013,28.9582386016846
"Bauchi","Ningi",2014,7.49609231948853
"Bauchi","Ningi",2015,6.98631143569946
"Bauchi","Ningi",2016,37.165901184082
"Bauchi","Ningi",2017,0
"Bauchi","Ningi",2018,0
"Bauchi","Ningi",2019,0
"Bauchi","Ningi",2020,1.11804986000061
"Bauchi","Ningi",2021,3.17860078811646
"Bauchi","Ningi",2022,20.0236625671387
"Bauchi","Ningi",2023,42.4935493469238
"Bauchi","Ningi",2024,23.4369506835938
"Bauchi","Shira",2012,0
"Bauchi","Shira",2013,0
"Bauchi","Shira",2014,0
"Bauchi","Shira",2015,0.154559746384621
"Bauchi","Shira",2016,0
"Bauchi","Shira",2017,0
"Bauchi","Shira",2018,0
"Bauchi","Shira",2019,0
"Bauchi","Shira",2020,0
"Bauchi","Shira",2021,0
"Bauchi","Shira",2022,4.14992809295654
"Bauchi","Shira",2023,12.8697662353516
"Bauchi","Shira",2024,16.156078338623
"Bauchi","Tafawa-Balewa",2012,2.61245679855347
"Bauchi","Tafawa-Balewa",2013,1.72656500339508
"Bauchi","Tafawa-Balewa",2014,1.657106757164
"Bauchi","Tafawa-Balewa",2015,0.517378032207489
"Bauchi","Tafawa-Balewa",2016,0
"Bauchi","Tafawa-Balewa",2017,0
"Bauchi","Tafawa-Balewa",2018,0
"Bauchi","Tafawa-Balewa",2019,0
"Bauchi","Tafawa-Balewa",2020,0
"Bauchi","Tafawa-Balewa",2021,0
"Bauchi","Tafawa-Balewa",2022,0
"Bauchi","Tafawa-Balewa",2023,5.51574039459229
"Bauchi","Tafawa-Balewa",2024,0
"Bauchi","Toro",2012,327.169799804688
"Bauchi","Toro",2013,192.920684814453
"Bauchi","Toro",2014,283.933135986328
"Bauchi","Toro",2015,217.411712646484
"Bauchi","Toro",2016,66.8119735717773
"Bauchi","Toro",2017,34.542724609375
"Bauchi","Toro",2018,106.793746948242
"Bauchi","Toro",2019,54.921760559082
"Bauchi","Toro",2020,81.7236099243164
"Bauchi","Toro",2021,141.091781616211
"Bauchi","Toro",2022,184.26985168457
"Bauchi","Toro",2023,182.005004882812
"Bauchi","Toro",2024,96.152587890625
"Bauchi","Warji",2012,0
"Bauchi","Warji",2013,0.518403589725494
"Bauchi","Warji",2014,0
"Bauchi","Warji",2015,0
"Bauchi","Warji",2016,4.58338069915771
"Bauchi","Warji",2017,0
"Bauchi","Warji",2018,0
"Bauchi","Warji",2019,0
"Bauchi","Warji",2020,0
"Bauchi","Warji",2021,0
"Bauchi","Warji",2022,0
"Bauchi","Warji",2023,0
"Bauchi","Warji",2024,0
"Bauchi","Zaki",2012,14.1009588241577
"Bauchi","Zaki",2013,3.55786299705505
"Bauchi","Zaki",2014,3.668377161026
"Bauchi","Zaki",2015,0.505971014499664
"Bauchi","Zaki",2016,0
"Bauchi","Zaki",2017,3.91554403305054
"Bauchi","Zaki",2018,0.675627410411835
"Bauchi","Zaki",2019,0
"Bauchi","Zaki",2020,0
"Bauchi","Zaki",2021,0
"Bauchi","Zaki",2022,4.93003702163696
"Bauchi","Zaki",2023,4.28458976745605
"Bauchi","Zaki",2024,0.67345005273819
"Bayelsa","Brass",2012,21710.328125
"Bayelsa","Brass",2013,9981.71484375
"Bayelsa","Brass",2014,12964.1572265625
"Bayelsa","Brass",2015,12893.7197265625
"Bayelsa","Brass",2016,19360.12109375
"Bayelsa","Brass",2017,16387.412109375
"Bayelsa","Brass",2018,17514.220703125
"Bayelsa","Brass",2019,12265.89453125
"Bayelsa","Brass",2020,14212.9453125
"Bayelsa","Brass",2021,18704.18359375
"Bayelsa","Brass",2022,11359.45703125
"Bayelsa","Brass",2023,9350.0068359375
"Bayelsa","Brass",2024,11015.171875
"Bayelsa","Ekeremor",2012,32377.541015625
"Bayelsa","Ekeremor",2013,26564.703125
"Bayelsa","Ekeremor",2014,20310.21875
"Bayelsa","Ekeremor",2015,30832.220703125
"Bayelsa","Ekeremor",2016,14986.5810546875
"Bayelsa","Ekeremor",2017,10935.326171875
"Bayelsa","Ekeremor",2018,21722.1484375
"Bayelsa","Ekeremor",2019,15803.5224609375
"Bayelsa","Ekeremor",2020,8394.7998046875
"Bayelsa","Ekeremor",2021,5139.07421875
"Bayelsa","Ekeremor",2022,4407.88671875
"Bayelsa","Ekeremor",2023,7481.140625
"Bayelsa","Ekeremor",2024,8099.396484375
"Bayelsa","Kolokuma/Opokuma",2012,212.299697875977
"Bayelsa","Kolokuma/Opokuma",2013,426.351593017578
"Bayelsa","Kolokuma/Opokuma",2014,407.200500488281
"Bayelsa","Kolokuma/Opokuma",2015,355.461700439453
"Bayelsa","Kolokuma/Opokuma",2016,311.670471191406
"Bayelsa","Kolokuma/Opokuma",2017,587.544799804688
"Bayelsa","Kolokuma/Opokuma",2018,360.66748046875
"Bayelsa","Kolokuma/Opokuma",2019,171.653656005859
"Bayelsa","Kolokuma/Opokuma",2020,134.500030517578
"Bayelsa","Kolokuma/Opokuma",2021,55.246883392334
"Bayelsa","Kolokuma/Opokuma",2022,140.798721313477
"Bayelsa","Kolokuma/Opokuma",2023,207.222152709961
"Bayelsa","Kolokuma/Opokuma",2024,503.100616455078
"Bayelsa","Nembe",2012,10544.837890625
"Bayelsa","Nembe",2013,11581.796875
"Bayelsa","Nembe",2014,10375.185546875
"Bayelsa","Nembe",2015,15300.0908203125
"Bayelsa","Nembe",2016,27331.822265625
"Bayelsa","Nembe",2017,40702.421875
"Bayelsa","Nembe",2018,45066.69921875
"Bayelsa","Nembe",2019,23179.263671875
"Bayelsa","Nembe",2020,24671.69140625
"Bayelsa","Nembe",2021,22830.921875
"Bayelsa","Nembe",2022,7975.31494140625
"Bayelsa","Nembe",2023,6524.4453125
"Bayelsa","Nembe",2024,15808.4619140625
"Bayelsa","Ogbia",2012,3643.22094726562
"Bayelsa","Ogbia",2013,3125.62915039062
"Bayelsa","Ogbia",2014,2852.58618164062
"Bayelsa","Ogbia",2015,2042.2451171875
"Bayelsa","Ogbia",2016,3006.1875
"Bayelsa","Ogbia",2017,3965.92504882812
"Bayelsa","Ogbia",2018,4671.6826171875
"Bayelsa","Ogbia",2019,2089.32153320312
"Bayelsa","Ogbia",2020,841.659790039062
"Bayelsa","Ogbia",2021,251.831680297852
"Bayelsa","Ogbia",2022,488.664428710938
"Bayelsa","Ogbia",2023,473.5361328125
"Bayelsa","Ogbia",2024,932.014404296875
"Bayelsa","Sagbama",2012,672.691772460938
"Bayelsa","Sagbama",2013,636.073120117188
"Bayelsa","Sagbama",2014,184.599517822266
"Bayelsa","Sagbama",2015,381.890289306641
"Bayelsa","Sagbama",2016,287.345031738281
"Bayelsa","Sagbama",2017,179.918121337891
"Bayelsa","Sagbama",2018,156.687057495117
"Bayelsa","Sagbama",2019,180.628875732422
"Bayelsa","Sagbama",2020,136.272613525391
"Bayelsa","Sagbama",2021,99.1827850341797
"Bayelsa","Sagbama",2022,175.704925537109
"Bayelsa","Sagbama",2023,75.5510864257812
"Bayelsa","Sagbama",2024,329.365447998047
"Bayelsa","Southern Ijaw",2012,22990.638671875
"Bayelsa","Southern Ijaw",2013,13162.876953125
"Bayelsa","Southern Ijaw",2014,6867.755859375
"Bayelsa","Southern Ijaw",2015,3998.21044921875
"Bayelsa","Southern Ijaw",2016,4170.52197265625
"Bayelsa","Southern Ijaw",2017,4783.861328125
"Bayelsa","Southern Ijaw",2018,22583.009765625
"Bayelsa","Southern Ijaw",2019,45354.9453125
"Bayelsa","Southern Ijaw",2020,47642.140625
"Bayelsa","Southern Ijaw",2021,28734.275390625
"Bayelsa","Southern Ijaw",2022,17598.458984375
"Bayelsa","Southern Ijaw",2023,8764.76171875
"Bayelsa","Southern Ijaw",2024,7336.09521484375
"Bayelsa","Yenagoa",2012,11449.181640625
"Bayelsa","Yenagoa",2013,10297.673828125
"Bayelsa","Yenagoa",2014,10231.1201171875
"Bayelsa","Yenagoa",2015,11642.4423828125
"Bayelsa","Yenagoa",2016,9837.0546875
"Bayelsa","Yenagoa",2017,11643.015625
"Bayelsa","Yenagoa",2018,10446.0009765625
"Bayelsa","Yenagoa",2019,7021.02880859375
"Bayelsa","Yenagoa",2020,8134.23095703125
"Bayelsa","Yenagoa",2021,3892.02416992188
"Bayelsa","Yenagoa",2022,4140.716796875
"Bayelsa","Yenagoa",2023,3892.11206054688
"Bayelsa","Yenagoa",2024,6806.3046875
"Benue","Ado",2012,7.25339889526367
"Benue","Ado",2013,2.38879084587097
"Benue","Ado",2014,0
"Benue","Ado",2015,2.02324438095093
"Benue","Ado",2016,0
"Benue","Ado",2017,3.67629170417786
"Benue","Ado",2018,5.7180438041687
"Benue","Ado",2019,2.61481809616089
"Benue","Ado",2020,19.8721580505371
"Benue","Ado",2021,5.02377986907959
"Benue","Ado",2022,29.3561630249023
"Benue","Ado",2023,6.12736463546753
"Benue","Ado",2024,1.02438497543335
"Benue","Agatu",2012,0
"Benue","Agatu",2013,0
"Benue","Agatu",2014,0
"Benue","Agatu",2015,0
"Benue","Agatu",2016,0
"Benue","Agatu",2017,0
"Benue","Agatu",2018,0
"Benue","Agatu",2019,0
"Benue","Agatu",2020,0
"Benue","Agatu",2021,0
"Benue","Agatu",2022,0
"Benue","Agatu",2023,0
"Benue","Agatu",2024,0
"Benue","Apa",2012,1.07867503166199
"Benue","Apa",2013,0
"Benue","Apa",2014,0
"Benue","Apa",2015,0
"Benue","Apa",2016,0
"Benue","Apa",2017,0
"Benue","Apa",2018,0
"Benue","Apa",2019,0
"Benue","Apa",2020,0
"Benue","Apa",2021,0
"Benue","Apa",2022,0
"Benue","Apa",2023,0
"Benue","Apa",2024,0
"Benue","Bukuru",2012,30.4598693847656
"Benue","Bukuru",2013,50.625545501709
"Benue","Bukuru",2014,12.7793874740601
"Benue","Bukuru",2015,38.4247550964355
"Benue","Bukuru",2016,64.5251083374023
"Benue","Bukuru",2017,5.28575944900513
"Benue","Bukuru",2018,24.597297668457
"Benue","Bukuru",2019,11.0535726547241
"Benue","Bukuru",2020,18.141170501709
"Benue","Bukuru",2021,16.8102970123291
"Benue","Bukuru",2022,32.8600654602051
"Benue","Bukuru",2023,28.7688369750977
"Benue","Bukuru",2024,28.6996841430664
"Benue","Gboko",2012,731.878723144531
"Benue","Gboko",2013,692.817626953125
"Benue","Gboko",2014,520.022583007812
"Benue","Gboko",2015,856.638000488281
"Benue","Gboko",2016,1044.30212402344
"Benue","Gboko",2017,765.734680175781
"Benue","Gboko",2018,750.829467773438
"Benue","Gboko",2019,751.369018554688
"Benue","Gboko",2020,759.527648925781
"Benue","Gboko",2021,858.246276855469
"Benue","Gboko",2022,927.179321289062
"Benue","Gboko",2023,834.477355957031
"Benue","Gboko",2024,927.488159179688
"Benue","Guma",2012,84.4540252685547
"Benue","Guma",2013,81.6908340454102
"Benue","Guma",2014,46.572940826416
"Benue","Guma",2015,101.929389953613
"Benue","Guma",2016,61.8612251281738
"Benue","Guma",2017,58.0853309631348
"Benue","Guma",2018,63.8225631713867
"Benue","Guma",2019,66.1393966674805
"Benue","Guma",2020,47.2676467895508
"Benue","Guma",2021,28.490665435791
"Benue","Guma",2022,65.5359191894531
"Benue","Guma",2023,60.018367767334
"Benue","Guma",2024,53.2355690002441
"Benue","Gwer East",2012,134.963607788086
"Benue","Gwer East",2013,85.4522171020508
"Benue","Gwer East",2014,40.7170104980469
"Benue","Gwer East",2015,160.38737487793
"Benue","Gwer East",2016,143.961502075195
"Benue","Gwer East",2017,48.8360786437988
"Benue","Gwer East",2018,73.0596542358398
"Benue","Gwer East",2019,46.7008590698242
"Benue","Gwer East",2020,28.458438873291
"Benue","Gwer East",2021,43.7409172058105
"Benue","Gwer East",2022,45.8176536560059
"Benue","Gwer East",2023,18.9521179199219
"Benue","Gwer East",2024,31.0602645874023
"Benue","Gwer West",2012,34.1313056945801
"Benue","Gwer West",2013,11.4198207855225
"Benue","Gwer West",2014,0.68360036611557
"Benue","Gwer West",2015,43.231517791748
"Benue","Gwer West",2016,34.2928504943848
"Benue","Gwer West",2017,0
"Benue","Gwer West",2018,2.82147002220154
"Benue","Gwer West",2019,13.9055309295654
"Benue","Gwer West",2020,14.6841077804565
"Benue","Gwer West",2021,15.1719989776611
"Benue","Gwer West",2022,2.37143754959106
"Benue","Gwer West",2023,0
"Benue","Gwer West",2024,0
"Benue","Katsina-Ala",2012,51.8130493164062
"Benue","Katsina-Ala",2013,87.3581314086914
"Benue","Katsina-Ala",2014,14.4936428070068
"Benue","Katsina-Ala",2015,62.6293525695801
"Benue","Katsina-Ala",2016,99.8488616943359
"Benue","Katsina-Ala",2017,17.9963665008545
"Benue","Katsina-Ala",2018,3.41392803192139
"Benue","Katsina-Ala",2019,23.100606918335
"Benue","Katsina-Ala",2020,52.1553039550781
"Benue","Katsina-Ala",2021,47.9470024108887
"Benue","Katsina-Ala",2022,45.0847434997559
"Benue","Katsina-Ala",2023,69.5635452270508
"Benue","Katsina-Ala",2024,61.1696701049805
"Benue","Konshisha",2012,18.9471073150635
"Benue","Konshisha",2013,37.1611099243164
"Benue","Konshisha",2014,7.38956928253174
"Benue","Konshisha",2015,55.130672454834
"Benue","Konshisha",2016,35.9358367919922
"Benue","Konshisha",2017,1.94758987426758
"Benue","Konshisha",2018,0.52560567855835
"Benue","Konshisha",2019,3.27885890007019
"Benue","Konshisha",2020,5.16583824157715
"Benue","Konshisha",2021,9.64840412139893
"Benue","Konshisha",2022,3.57587885856628
"Benue","Konshisha",2023,0
"Benue","Konshisha",2024,3.01982593536377
"Benue","Kwande",2012,9.01457500457764
"Benue","Kwande",2013,9.79220104217529
"Benue","Kwande",2014,6.27278614044189
"Benue","Kwande",2015,12.0311708450317
"Benue","Kwande",2016,11.6033344268799
"Benue","Kwande",2017,4.4095778465271
"Benue","Kwande",2018,4.97785043716431
"Benue","Kwande",2019,1.98205780982971
"Benue","Kwande",2020,5.47016000747681
"Benue","Kwande",2021,1.52965545654297
"Benue","Kwande",2022,5.34144115447998
"Benue","Kwande",2023,6.62213945388794
"Benue","Kwande",2024,10.5321617126465
"Benue","Logo",2012,12.0295829772949
"Benue","Logo",2013,5.60653972625732
"Benue","Logo",2014,5.50593376159668
"Benue","Logo",2015,35.5834999084473
"Benue","Logo",2016,67.7243423461914
"Benue","Logo",2017,4.00570726394653
"Benue","Logo",2018,5.76360750198364
"Benue","Logo",2019,26.8324584960938
"Benue","Logo",2020,24.320140838623
"Benue","Logo",2021,36.720516204834
"Benue","Logo",2022,31.4025020599365
"Benue","Logo",2023,23.8180656433105
"Benue","Logo",2024,26.1987857818604
"Benue","Makurdi",2012,2164.63842773438
"Benue","Makurdi",2013,1863.43212890625
"Benue","Makurdi",2014,1377.55737304688
"Benue","Makurdi",2015,2053.08422851562
"Benue","Makurdi",2016,2291.10009765625
"Benue","Makurdi",2017,1488.41613769531
"Benue","Makurdi",2018,1070.20056152344
"Benue","Makurdi",2019,1232.42346191406
"Benue","Makurdi",2020,1465.56323242188
"Benue","Makurdi",2021,1901.02355957031
"Benue","Makurdi",2022,2284.44189453125
"Benue","Makurdi",2023,2459.38696289062
"Benue","Makurdi",2024,2365.83959960938
"Benue","Obi",2012,30.963680267334
"Benue","Obi",2013,35.9547119140625
"Benue","Obi",2014,6.11084794998169
"Benue","Obi",2015,43.0065078735352
"Benue","Obi",2016,39.084228515625
"Benue","Obi",2017,27.0208263397217
"Benue","Obi",2018,34.7203178405762
"Benue","Obi",2019,24.4964065551758
"Benue","Obi",2020,20.8645935058594
"Benue","Obi",2021,12.0995149612427
"Benue","Obi",2022,20.8489627838135
"Benue","Obi",2023,3.16704511642456
"Benue","Obi",2024,3.44349479675293
"Benue","Ogbadibo",2012,47.9587287902832
"Benue","Ogbadibo",2013,23.7364711761475
"Benue","Ogbadibo",2014,9.60518264770508
"Benue","Ogbadibo",2015,30.9788036346436
"Benue","Ogbadibo",2016,14.629469871521
"Benue","Ogbadibo",2017,0
"Benue","Ogbadibo",2018,0
"Benue","Ogbadibo",2019,0.519296765327454
"Benue","Ogbadibo",2020,9.67095279693604
"Benue","Ogbadibo",2021,0
"Benue","Ogbadibo",2022,1.19747173786163
"Benue","Ogbadibo",2023,16.3003711700439
"Benue","Ogbadibo",2024,4.06204986572266
"Benue","Ohimini",2012,4.16600465774536
"Benue","Ohimini",2013,6.04052829742432
"Benue","Ohimini",2014,0.289911776781082
"Benue","Ohimini",2015,2.98146343231201
"Benue","Ohimini",2016,7.6274995803833
"Benue","Ohimini",2017,9.64293479919434
"Benue","Ohimini",2018,3.52418804168701
"Benue","Ohimini",2019,4.18804788589478
"Benue","Ohimini",2020,5.08309984207153
"Benue","Ohimini",2021,5.25254344940186
"Benue","Ohimini",2022,15.4446878433228
"Benue","Ohimini",2023,9.45176696777344
"Benue","Ohimini",2024,9.65105724334717
"Benue","Oju",2012,90.5270156860352
"Benue","Oju",2013,81.3702239990234
"Benue","Oju",2014,30.6245975494385
"Benue","Oju",2015,118.076805114746
"Benue","Oju",2016,107.289108276367
"Benue","Oju",2017,51.4293937683105
"Benue","Oju",2018,65.5631866455078
"Benue","Oju",2019,50.3560638427734
"Benue","Oju",2020,58.8975563049316
"Benue","Oju",2021,3.64029574394226
"Benue","Oju",2022,50.4809799194336
"Benue","Oju",2023,4.05651712417603
"Benue","Oju",2024,8.06323719024658
"Benue","Okpokwu",2012,2.17530083656311
"Benue","Okpokwu",2013,20.0925045013428
"Benue","Okpokwu",2014,0
"Benue","Okpokwu",2015,0
"Benue","Okpokwu",2016,0
"Benue","Okpokwu",2017,0
"Benue","Okpokwu",2018,0.561123728752136
"Benue","Okpokwu",2019,0
"Benue","Okpokwu",2020,0
"Benue","Okpokwu",2021,0
"Benue","Okpokwu",2022,1.56510853767395
"Benue","Okpokwu",2023,0
"Benue","Okpokwu",2024,0
"Benue","Otukpo",2012,571.784729003906
"Benue","Otukpo",2013,617.758911132812
"Benue","Otukpo",2014,470.923889160156
"Benue","Otukpo",2015,709.510681152344
"Benue","Otukpo",2016,839.968811035156
"Benue","Otukpo",2017,794.194641113281
"Benue","Otukpo",2018,620.261047363281
"Benue","Otukpo",2019,690.99658203125
"Benue","Otukpo",2020,623.932678222656
"Benue","Otukpo",2021,633.96435546875
"Benue","Otukpo",2022,629.642822265625
"Benue","Otukpo",2023,520.759033203125
"Benue","Otukpo",2024,482.98974609375
"Benue","Tarka",2012,118.072494506836
"Benue","Tarka",2013,127.873741149902
"Benue","Tarka",2014,80.7215881347656
"Benue","Tarka",2015,93.7584915161133
"Benue","Tarka",2016,116.167472839355
"Benue","Tarka",2017,62.6181983947754
"Benue","Tarka",2018,113.158599853516
"Benue","Tarka",2019,114.220726013184
"Benue","Tarka",2020,82.2681884765625
"Benue","Tarka",2021,94.2611312866211
"Benue","Tarka",2022,115.399139404297
"Benue","Tarka",2023,79.4667358398438
"Benue","Tarka",2024,78.8331604003906
"Benue","Ukum",2012,14.3699331283569
"Benue","Ukum",2013,9.54398345947266
"Benue","Ukum",2014,18.3333625793457
"Benue","Ukum",2015,48.5909233093262
"Benue","Ukum",2016,66.4386138916016
"Benue","Ukum",2017,8.86212253570557
"Benue","Ukum",2018,11.493408203125
"Benue","Ukum",2019,14.2162656784058
"Benue","Ukum",2020,15.445839881897
"Benue","Ukum",2021,8.17496585845947
"Benue","Ukum",2022,23.3634471893311
"Benue","Ukum",2023,31.9276695251465
"Benue","Ukum",2024,42.3798027038574
"Benue","Ushongo",2012,13.0965642929077
"Benue","Ushongo",2013,39.172981262207
"Benue","Ushongo",2014,16.8189868927002
"Benue","Ushongo",2015,72.4911499023438
"Benue","Ushongo",2016,56.7408905029297
"Benue","Ushongo",2017,20.0150012969971
"Benue","Ushongo",2018,4.69883060455322
"Benue","Ushongo",2019,16.4776763916016
"Benue","Ushongo",2020,44.8328857421875
"Benue","Ushongo",2021,68.1655883789062
"Benue","Ushongo",2022,65.5982894897461
"Benue","Ushongo",2023,47.503963470459
"Benue","Ushongo",2024,59.9531440734863
"Benue","Vande Ikya",2012,4.86983394622803
"Benue","Vande Ikya",2013,13.2028179168701
"Benue","Vande Ikya",2014,2.42940425872803
"Benue","Vande Ikya",2015,9.8368034362793
"Benue","Vande Ikya",2016,16.944522857666
"Benue","Vande Ikya",2017,0
"Benue","Vande Ikya",2018,0
"Benue","Vande Ikya",2019,0
"Benue","Vande Ikya",2020,13.6161317825317
"Benue","Vande Ikya",2021,3.24068999290466
"Benue","Vande Ikya",2022,4.80757093429565
"Benue","Vande Ikya",2023,14.8044271469116
"Benue","Vande Ikya",2024,19.5245742797852
"Borno","Abadam",2012,0
"Borno","Abadam",2013,18.059045791626
"Borno","Abadam",2014,2.8892297744751
"Borno","Abadam",2015,0
"Borno","Abadam",2016,0
"Borno","Abadam",2017,0
"Borno","Abadam",2018,0
"Borno","Abadam",2019,0
"Borno","Abadam",2020,0
"Borno","Abadam",2021,0
"Borno","Abadam",2022,0
"Borno","Abadam",2023,0
"Borno","Abadam",2024,0
"Borno","Askira/Uba",2012,0
"Borno","Askira/Uba",2013,3.80237030982971
"Borno","Askira/Uba",2014,1.03664529323578
"Borno","Askira/Uba",2015,0
"Borno","Askira/Uba",2016,0
"Borno","Askira/Uba",2017,0
"Borno","Askira/Uba",2018,0
"Borno","Askira/Uba",2019,0
"Borno","Askira/Uba",2020,0
"Borno","Askira/Uba",2021,2.29814124107361
"Borno","Askira/Uba",2022,8.77867031097412
"Borno","Askira/Uba",2023,24.4644813537598
"Borno","Askira/Uba",2024,27.5820350646973
"Borno","Bama",2012,4.7131929397583
"Borno","Bama",2013,0.266215682029724
"Borno","Bama",2014,0
"Borno","Bama",2015,0
"Borno","Bama",2016,0
"Borno","Bama",2017,0
"Borno","Bama",2018,0
"Borno","Bama",2019,0
"Borno","Bama",2020,0
"Borno","Bama",2021,0.272221177816391
"Borno","Bama",2022,2.78919839859009
"Borno","Bama",2023,5.20397806167603
"Borno","Bama",2024,6.62588930130005
"Borno","Bayo",2012,14.4402112960815
"Borno","Bayo",2013,0.515229940414429
"Borno","Bayo",2014,0
"Borno","Bayo",2015,18.1367511749268
"Borno","Bayo",2016,28.7515144348145
"Borno","Bayo",2017,36.1828155517578
"Borno","Bayo",2018,46.1280784606934
"Borno","Bayo",2019,41.0552177429199
"Borno","Bayo",2020,24.9895343780518
"Borno","Bayo",2021,37.0793418884277
"Borno","Bayo",2022,67.6746292114258
"Borno","Bayo",2023,66.9713897705078
"Borno","Bayo",2024,62.5165023803711
"Borno","Biu",2012,297.912048339844
"Borno","Biu",2013,246.825180053711
"Borno","Biu",2014,180.007400512695
"Borno","Biu",2015,207.911956787109
"Borno","Biu",2016,291.410858154297
"Borno","Biu",2017,289.295654296875
"Borno","Biu",2018,316.700592041016
"Borno","Biu",2019,298.794281005859
"Borno","Biu",2020,247.024047851562
"Borno","Biu",2021,300.84619140625
"Borno","Biu",2022,339.834197998047
"Borno","Biu",2023,369.054504394531
"Borno","Biu",2024,414.343200683594
"Borno","Chibok",2012,0
"Borno","Chibok",2013,1.7094132900238
"Borno","Chibok",2014,0
"Borno","Chibok",2015,0
"Borno","Chibok",2016,0
"Borno","Chibok",2017,0
"Borno","Chibok",2018,0
"Borno","Chibok",2019,0
"Borno","Chibok",2020,0
"Borno","Chibok",2021,0
"Borno","Chibok",2022,0
"Borno","Chibok",2023,7.28446388244629
"Borno","Chibok",2024,10.7011795043945
"Borno","Damboa",2012,220.912872314453
"Borno","Damboa",2013,155.349899291992
"Borno","Damboa",2014,74.5837020874023
"Borno","Damboa",2015,0
"Borno","Damboa",2016,0
"Borno","Damboa",2017,0
"Borno","Damboa",2018,0
"Borno","Damboa",2019,0
"Borno","Damboa",2020,0
"Borno","Damboa",2021,0
"Borno","Damboa",2022,0
"Borno","Damboa",2023,14.630166053772
"Borno","Damboa",2024,25.1643676757812
"Borno","Dikwa",2012,0
"Borno","Dikwa",2013,0
"Borno","Dikwa",2014,0
"Borno","Dikwa",2015,0
"Borno","Dikwa",2016,0
"Borno","Dikwa",2017,0
"Borno","Dikwa",2018,0
"Borno","Dikwa",2019,0
"Borno","Dikwa",2020,0
"Borno","Dikwa",2021,0
"Borno","Dikwa",2022,1.6269143819809
"Borno","Dikwa",2023,6.18229961395264
"Borno","Dikwa",2024,5.62845230102539
"Borno","Gubio",2012,35.1148529052734
"Borno","Gubio",2013,12.7245388031006
"Borno","Gubio",2014,6.69467067718506
"Borno","Gubio",2015,0
"Borno","Gubio",2016,0
"Borno","Gubio",2017,3.29220700263977
"Borno","Gubio",2018,6.77935409545898
"Borno","Gubio",2019,6.33986616134644
"Borno","Gubio",2020,3.90253281593323
"Borno","Gubio",2021,0
"Borno","Gubio",2022,9.48919105529785
"Borno","Gubio",2023,10.0833082199097
"Borno","Gubio",2024,10.860164642334
"Borno","Guzamala",2012,0
"Borno","Guzamala",2013,0
"Borno","Guzamala",2014,0
"Borno","Guzamala",2015,0
"Borno","Guzamala",2016,0
"Borno","Guzamala",2017,0
"Borno","Guzamala",2018,0
"Borno","Guzamala",2019,1.10364365577698
"Borno","Guzamala",2020,0
"Borno","Guzamala",2021,31.3633518218994
"Borno","Guzamala",2022,80.9640350341797
"Borno","Guzamala",2023,136.922500610352
"Borno","Guzamala",2024,146.963439941406
"Borno","Gwoza",2012,3.4946174621582
"Borno","Gwoza",2013,3.66830992698669
"Borno","Gwoza",2014,1.71109175682068
"Borno","Gwoza",2015,0
"Borno","Gwoza",2016,0
"Borno","Gwoza",2017,0
"Borno","Gwoza",2018,0
"Borno","Gwoza",2019,0
"Borno","Gwoza",2020,0
"Borno","Gwoza",2021,0
"Borno","Gwoza",2022,1.09683060646057
"Borno","Gwoza",2023,42.5224914550781
"Borno","Gwoza",2024,64.2610092163086
"Borno","Hawul",2012,100.166793823242
"Borno","Hawul",2013,92.1752700805664
"Borno","Hawul",2014,50.4190368652344
"Borno","Hawul",2015,51.4198226928711
"Borno","Hawul",2016,94.6267471313477
"Borno","Hawul",2017,106.718452453613
"Borno","Hawul",2018,124.902160644531
"Borno","Hawul",2019,144.105209350586
"Borno","Hawul",2020,80.6759567260742
"Borno","Hawul",2021,129.894653320312
"Borno","Hawul",2022,145.89176940918
"Borno","Hawul",2023,179.954330444336
"Borno","Hawul",2024,196.751892089844
"Borno","Jere",2012,90.6300659179688
"Borno","Jere",2013,82.9808044433594
"Borno","Jere",2014,36.1774597167969
"Borno","Jere",2015,64.2181930541992
"Borno","Jere",2016,134.894348144531
"Borno","Jere",2017,252.234954833984
"Borno","Jere",2018,348.274780273438
"Borno","Jere",2019,388.152587890625
"Borno","Jere",2020,469.410339355469
"Borno","Jere",2021,166.850006103516
"Borno","Jere",2022,210.391448974609
"Borno","Jere",2023,584.311340332031
"Borno","Jere",2024,454.611389160156
"Borno","Kaga",2012,0
"Borno","Kaga",2013,0
"Borno","Kaga",2014,0
"Borno","Kaga",2015,0
"Borno","Kaga",2016,0
"Borno","Kaga",2017,0
"Borno","Kaga",2018,0
"Borno","Kaga",2019,0
"Borno","Kaga",2020,0
"Borno","Kaga",2021,0
"Borno","Kaga",2022,1.09388327598572
"Borno","Kaga",2023,3.47478795051575
"Borno","Kaga",2024,11.4153432846069
"Borno","Kala/Balge",2012,0
"Borno","Kala/Balge",2013,0
"Borno","Kala/Balge",2014,0
"Borno","Kala/Balge",2015,0
"Borno","Kala/Balge",2016,0
"Borno","Kala/Balge",2017,2.10925221443176
"Borno","Kala/Balge",2018,0
"Borno","Kala/Balge",2019,0
"Borno","Kala/Balge",2020,0
"Borno","Kala/Balge",2021,0
"Borno","Kala/Balge",2022,3.01014280319214
"Borno","Kala/Balge",2023,7.80604553222656
"Borno","Kala/Balge",2024,9.25384616851807
"Borno","Konduga",2012,446.804138183594
"Borno","Konduga",2013,395.962951660156
"Borno","Konduga",2014,420.628509521484
"Borno","Konduga",2015,943.829650878906
"Borno","Konduga",2016,1215.99609375
"Borno","Konduga",2017,1746.71606445312
"Borno","Konduga",2018,2306.76416015625
"Borno","Konduga",2019,2696.7236328125
"Borno","Konduga",2020,2699.28540039062
"Borno","Konduga",2021,1377.74536132812
"Borno","Konduga",2022,1012.2275390625
"Borno","Konduga",2023,2157.56201171875
"Borno","Konduga",2024,1974.08728027344
"Borno","Kukawa",2012,7.07590246200562
"Borno","Kukawa",2013,2.80104875564575
"Borno","Kukawa",2014,1.13298809528351
"Borno","Kukawa",2015,0
"Borno","Kukawa",2016,0
"Borno","Kukawa",2017,0
"Borno","Kukawa",2018,0
"Borno","Kukawa",2019,0
"Borno","Kukawa",2020,0
"Borno","Kukawa",2021,7.18383264541626
"Borno","Kukawa",2022,7.24346733093262
"Borno","Kukawa",2023,13.5812921524048
"Borno","Kukawa",2024,9.59135150909424
"Borno","Kwaya Kusar",2012,2.39667963981628
"Borno","Kwaya Kusar",2013,0
"Borno","Kwaya Kusar",2014,0
"Borno","Kwaya Kusar",2015,2.44350361824036
"Borno","Kwaya Kusar",2016,5.9398889541626
"Borno","Kwaya Kusar",2017,8.45247459411621
"Borno","Kwaya Kusar",2018,27.6297817230225
"Borno","Kwaya Kusar",2019,34.1873741149902
"Borno","Kwaya Kusar",2020,8.29428768157959
"Borno","Kwaya Kusar",2021,9.2465648651123
"Borno","Kwaya Kusar",2022,22.5801086425781
"Borno","Kwaya Kusar",2023,18.3966217041016
"Borno","Kwaya Kusar",2024,14.3229703903198
"Borno","Lake Chad",2012,0
"Borno","Lake Chad",2013,0
"Borno","Lake Chad",2014,0
"Borno","Lake Chad",2015,0
"Borno","Lake Chad",2016,0
"Borno","Lake Chad",2017,0
"Borno","Lake Chad",2018,0
"Borno","Lake Chad",2019,0
"Borno","Lake Chad",2020,0
"Borno","Lake Chad",2021,0
"Borno","Lake Chad",2022,0.908300220966339
"Borno","Lake Chad",2023,1.45342862606049
"Borno","Lake Chad",2024,0.848867237567902
"Borno","Mafa",2012,0
"Borno","Mafa",2013,0
"Borno","Mafa",2014,0
"Borno","Mafa",2015,0
"Borno","Mafa",2016,0
"Borno","Mafa",2017,0
"Borno","Mafa",2018,0
"Borno","Mafa",2019,0
"Borno","Mafa",2020,0
"Borno","Mafa",2021,0
"Borno","Mafa",2022,11.6345434188843
"Borno","Mafa",2023,34.4746894836426
"Borno","Mafa",2024,32.0695762634277
"Borno","Magumeri",2012,22.2327499389648
"Borno","Magumeri",2013,15.744439125061
"Borno","Magumeri",2014,2.80662822723389
"Borno","Magumeri",2015,0
"Borno","Magumeri",2016,0.558825254440308
"Borno","Magumeri",2017,1.34915471076965
"Borno","Magumeri",2018,1.1866443157196
"Borno","Magumeri",2019,1.5141361951828
"Borno","Magumeri",2020,1.11810350418091
"Borno","Magumeri",2021,0
"Borno","Magumeri",2022,5.6360821723938
"Borno","Magumeri",2023,7.16749238967896
"Borno","Magumeri",2024,16.6533470153809
"Borno","Maiduguri",2012,422.547271728516
"Borno","Maiduguri",2013,388.852508544922
"Borno","Maiduguri",2014,425.713592529297
"Borno","Maiduguri",2015,783.302429199219
"Borno","Maiduguri",2016,1080.09362792969
"Borno","Maiduguri",2017,1652.759765625
"Borno","Maiduguri",2018,1768.23449707031
"Borno","Maiduguri",2019,1911.83996582031
"Borno","Maiduguri",2020,2023.81091308594
"Borno","Maiduguri",2021,1032.93566894531
"Borno","Maiduguri",2022,843.707153320312
"Borno","Maiduguri",2023,1710.14184570312
"Borno","Maiduguri",2024,1234.40466308594
"Borno","Marte",2012,0
"Borno","Marte",2013,0
"Borno","Marte",2014,0
"Borno","Marte",2015,0
"Borno","Marte",2016,0
"Borno","Marte",2017,0
"Borno","Marte",2018,1.88233923912048
"Borno","Marte",2019,1.28578388690948
"Borno","Marte",2020,1.36117315292358
"Borno","Marte",2021,0
"Borno","Marte",2022,7.92839336395264
"Borno","Marte",2023,5.97449111938477
"Borno","Marte",2024,13.2439231872559
"Borno","Mobbar",2012,113.215751647949
"Borno","Mobbar",2013,83.7332763671875
"Borno","Mobbar",2014,45.0103645324707
"Borno","Mobbar",2015,0
"Borno","Mobbar",2016,0
"Borno","Mobbar",2017,0
"Borno","Mobbar",2018,5.06956720352173
"Borno","Mobbar",2019,8.39181137084961
"Borno","Mobbar",2020,2.59058117866516
"Borno","Mobbar",2021,0
"Borno","Mobbar",2022,0
"Borno","Mobbar",2023,7.79369592666626
"Borno","Mobbar",2024,10.1490163803101
"Borno","Monguno",2012,0
"Borno","Monguno",2013,0
"Borno","Monguno",2014,0
"Borno","Monguno",2015,0
"Borno","Monguno",2016,0
"Borno","Monguno",2017,0
"Borno","Monguno",2018,0
"Borno","Monguno",2019,0
"Borno","Monguno",2020,0
"Borno","Monguno",2021,0
"Borno","Monguno",2022,1.39070188999176
"Borno","Monguno",2023,5.36327743530273
"Borno","Monguno",2024,1.9747428894043
"Borno","Ngala",2012,0
"Borno","Ngala",2013,0
"Borno","Ngala",2014,0
"Borno","Ngala",2015,0
"Borno","Ngala",2016,0
"Borno","Ngala",2017,3.48034477233887
"Borno","Ngala",2018,0
"Borno","Ngala",2019,0
"Borno","Ngala",2020,0
"Borno","Ngala",2021,0
"Borno","Ngala",2022,14.9594163894653
"Borno","Ngala",2023,23.6253604888916
"Borno","Ngala",2024,24.0970306396484
"Borno","Nganzai",2012,0
"Borno","Nganzai",2013,0
"Borno","Nganzai",2014,0
"Borno","Nganzai",2015,0
"Borno","Nganzai",2016,0
"Borno","Nganzai",2017,0
"Borno","Nganzai",2018,0
"Borno","Nganzai",2019,0
"Borno","Nganzai",2020,0
"Borno","Nganzai",2021,1.29710936546326
"Borno","Nganzai",2022,47.5290260314941
"Borno","Nganzai",2023,39.4382667541504
"Borno","Nganzai",2024,28.1786518096924
"Borno","Shani",2012,0
"Borno","Shani",2013,1.07814288139343
"Borno","Shani",2014,2.05615377426147
"Borno","Shani",2015,0
"Borno","Shani",2016,12.3820419311523
"Borno","Shani",2017,8.54314231872559
"Borno","Shani",2018,18.1612777709961
"Borno","Shani",2019,23.2628288269043
"Borno","Shani",2020,12.0645599365234
"Borno","Shani",2021,29.5454254150391
"Borno","Shani",2022,54.3966865539551
"Borno","Shani",2023,56.184253692627
"Borno","Shani",2024,48.4348907470703
"Cross River","Abi",2012,98.228874206543
"Cross River","Abi",2013,63.9383430480957
"Cross River","Abi",2014,12.4754028320312
"Cross River","Abi",2015,13.0683403015137
"Cross River","Abi",2016,21.7553176879883
"Cross River","Abi",2017,2.48100090026855
"Cross River","Abi",2018,0
"Cross River","Abi",2019,3.61686754226685
"Cross River","Abi",2020,2.59459829330444
"Cross River","Abi",2021,6.39686012268066
"Cross River","Abi",2022,4.27258348464966
"Cross River","Abi",2023,7.02670049667358
"Cross River","Abi",2024,19.0567626953125
"Cross River","Akamkpa",2012,376.292663574219
"Cross River","Akamkpa",2013,315.894897460938
"Cross River","Akamkpa",2014,434.931976318359
"Cross River","Akamkpa",2015,435.023651123047
"Cross River","Akamkpa",2016,457.152587890625
"Cross River","Akamkpa",2017,447.122009277344
"Cross River","Akamkpa",2018,290.899291992188
"Cross River","Akamkpa",2019,292.440338134766
"Cross River","Akamkpa",2020,406.692169189453
"Cross River","Akamkpa",2021,267.605407714844
"Cross River","Akamkpa",2022,306.609283447266
"Cross River","Akamkpa",2023,379.475036621094
"Cross River","Akamkpa",2024,441.604705810547
"Cross River","Akpabuyo",2012,936.41796875
"Cross River","Akpabuyo",2013,760.506042480469
"Cross River","Akpabuyo",2014,804.632934570312
"Cross River","Akpabuyo",2015,656.067138671875
"Cross River","Akpabuyo",2016,800.714111328125
"Cross River","Akpabuyo",2017,630.066589355469
"Cross River","Akpabuyo",2018,596.088195800781
"Cross River","Akpabuyo",2019,739.78515625
"Cross River","Akpabuyo",2020,692.110534667969
"Cross River","Akpabuyo",2021,742.067565917969
"Cross River","Akpabuyo",2022,662.041687011719
"Cross River","Akpabuyo",2023,821.635131835938
"Cross River","Akpabuyo",2024,802.895629882812
"Cross River","Bakassi",2012,5.82404088973999
"Cross River","Bakassi",2013,0.538525223731995
"Cross River","Bakassi",2014,4.0680832862854
"Cross River","Bakassi",2015,1.16936230659485
"Cross River","Bakassi",2016,0.509688794612885
"Cross River","Bakassi",2017,0
"Cross River","Bakassi",2018,0.708423912525177
"Cross River","Bakassi",2019,0
"Cross River","Bakassi",2020,1.64706408977509
"Cross River","Bakassi",2021,0
"Cross River","Bakassi",2022,5.15142917633057
"Cross River","Bakassi",2023,1.29090452194214
"Cross River","Bakassi",2024,1.66680002212524
"Cross River","Bekwarra",2012,0
"Cross River","Bekwarra",2013,0.504421651363373
"Cross River","Bekwarra",2014,0
"Cross River","Bekwarra",2015,0
"Cross River","Bekwarra",2016,0
"Cross River","Bekwarra",2017,0
"Cross River","Bekwarra",2018,0
"Cross River","Bekwarra",2019,0
"Cross River","Bekwarra",2020,0
"Cross River","Bekwarra",2021,0
"Cross River","Bekwarra",2022,0.522037923336029
"Cross River","Bekwarra",2023,1.47636783123016
"Cross River","Bekwarra",2024,2.66602802276611
"Cross River","Biase",2012,14.2868728637695
"Cross River","Biase",2013,3.8298544883728
"Cross River","Biase",2014,3.77933788299561
"Cross River","Biase",2015,2.96655893325806
"Cross River","Biase",2016,14.1105499267578
"Cross River","Biase",2017,0.53633052110672
"Cross River","Biase",2018,0
"Cross River","Biase",2019,1.70086145401001
"Cross River","Biase",2020,0
"Cross River","Biase",2021,0
"Cross River","Biase",2022,1.15686058998108
"Cross River","Biase",2023,0.525117814540863
"Cross River","Biase",2024,1.62566864490509
"Cross River","Boki",2012,0
"Cross River","Boki",2013,0
"Cross River","Boki",2014,0
"Cross River","Boki",2015,0
"Cross River","Boki",2016,0.550828218460083
"Cross River","Boki",2017,0
"Cross River","Boki",2018,0
"Cross River","Boki",2019,0
"Cross River","Boki",2020,0
"Cross River","Boki",2021,0
"Cross River","Boki",2022,0
"Cross River","Boki",2023,0
"Cross River","Boki",2024,0
"Cross River","Calabar",2012,2458.15063476562
"Cross River","Calabar",2013,2140.17602539062
"Cross River","Calabar",2014,1865.37243652344
"Cross River","Calabar",2015,1830.95703125
"Cross River","Calabar",2016,2134.2822265625
"Cross River","Calabar",2017,1784.46862792969
"Cross River","Calabar",2018,1519.1376953125
"Cross River","Calabar",2019,1888.6689453125
"Cross River","Calabar",2020,1544.1962890625
"Cross River","Calabar",2021,1792.22766113281
"Cross River","Calabar",2022,1503.49694824219
"Cross River","Calabar",2023,1782.29663085938
"Cross River","Calabar",2024,1713.47766113281
"Cross River","Calabar South",2012,34.8379249572754
"Cross River","Calabar South",2013,3.26367735862732
"Cross River","Calabar South",2014,18.4724540710449
"Cross River","Calabar South",2015,13.5830326080322
"Cross River","Calabar South",2016,19.9120407104492
"Cross River","Calabar South",2017,2.9204695224762
"Cross River","Calabar South",2018,0
"Cross River","Calabar South",2019,2.78161764144897
"Cross River","Calabar South",2020,8.57447624206543
"Cross River","Calabar South",2021,9.52549362182617
"Cross River","Calabar South",2022,7.9934515953064
"Cross River","Calabar South",2023,12.8428049087524
"Cross River","Calabar South",2024,6.4028491973877
"Cross River","Etung",2012,0
"Cross River","Etung",2013,0
"Cross River","Etung",2014,0
"Cross River","Etung",2015,0
"Cross River","Etung",2016,0
"Cross River","Etung",2017,0
"Cross River","Etung",2018,0
"Cross River","Etung",2019,0
"Cross River","Etung",2020,0
"Cross River","Etung",2021,0
"Cross River","Etung",2022,0
"Cross River","Etung",2023,0
"Cross River","Etung",2024,0.0226731859147549
"Cross River","Ikom",2012,19.5232162475586
"Cross River","Ikom",2013,12.6538095474243
"Cross River","Ikom",2014,11.6621255874634
"Cross River","Ikom",2015,19.1148262023926
"Cross River","Ikom",2016,10.527379989624
"Cross River","Ikom",2017,11.0257511138916
"Cross River","Ikom",2018,2.48431086540222
"Cross River","Ikom",2019,11.0862464904785
"Cross River","Ikom",2020,13.1585035324097
"Cross River","Ikom",2021,30.393726348877
"Cross River","Ikom",2022,65.1640396118164
"Cross River","Ikom",2023,50.6484107971191
"Cross River","Ikom",2024,56.1103782653809
"Cross River","Obanliku",2012,0.0644385144114494
"Cross River","Obanliku",2013,2.49567627906799
"Cross River","Obanliku",2014,0
"Cross River","Obanliku",2015,0
"Cross River","Obanliku",2016,42.9818458557129
"Cross River","Obanliku",2017,0
"Cross River","Obanliku",2018,0.00258277799002826
"Cross River","Obanliku",2019,0.471604079008102
"Cross River","Obanliku",2020,2.58518648147583
"Cross River","Obanliku",2021,0.0509936958551407
"Cross River","Obanliku",2022,13.4090137481689
"Cross River","Obanliku",2023,16.2677249908447
"Cross River","Obanliku",2024,24.8893928527832
"Cross River","Obubra",2012,6.85390710830688
"Cross River","Obubra",2013,2.849036693573
"Cross River","Obubra",2014,3.58294153213501
"Cross River","Obubra",2015,0
"Cross River","Obubra",2016,9.27536010742188
"Cross River","Obubra",2017,0
"Cross River","Obubra",2018,0
"Cross River","Obubra",2019,0.715420305728912
"Cross River","Obubra",2020,0
"Cross River","Obubra",2021,0
"Cross River","Obubra",2022,1.47539710998535
"Cross River","Obubra",2023,2.29213571548462
"Cross River","Obubra",2024,10.0149507522583
"Cross River","Obudu",2012,1.13759744167328
"Cross River","Obudu",2013,0.906634330749512
"Cross River","Obudu",2014,0
"Cross River","Obudu",2015,0
"Cross River","Obudu",2016,76.8437194824219
"Cross River","Obudu",2017,0
"Cross River","Obudu",2018,1.81175148487091
"Cross River","Obudu",2019,2.351478099823
"Cross River","Obudu",2020,7.174156665802
"Cross River","Obudu",2021,0.500366270542145
"Cross River","Obudu",2022,10.2679681777954
"Cross River","Obudu",2023,13.5983247756958
"Cross River","Obudu",2024,24.1766815185547
"Cross River","Odukpani",2012,62.4563369750977
"Cross River","Odukpani",2013,8.210524559021
"Cross River","Odukpani",2014,47.2558288574219
"Cross River","Odukpani",2015,28.4236011505127
"Cross River","Odukpani",2016,34.8921165466309
"Cross River","Odukpani",2017,38.2799224853516
"Cross River","Odukpani",2018,17.1907558441162
"Cross River","Odukpani",2019,27.6389141082764
"Cross River","Odukpani",2020,33.2733154296875
"Cross River","Odukpani",2021,20.8262004852295
"Cross River","Odukpani",2022,36.0770797729492
"Cross River","Odukpani",2023,31.3440113067627
"Cross River","Odukpani",2024,35.5448989868164
"Cross River","Ogoja",2012,21.0390625
"Cross River","Ogoja",2013,39.102123260498
"Cross River","Ogoja",2014,21.5309410095215
"Cross River","Ogoja",2015,26.2062816619873
"Cross River","Ogoja",2016,13.420316696167
"Cross River","Ogoja",2017,0.601765990257263
"Cross River","Ogoja",2018,0
"Cross River","Ogoja",2019,5.32330179214478
"Cross River","Ogoja",2020,2.29657530784607
"Cross River","Ogoja",2021,4.71964931488037
"Cross River","Ogoja",2022,31.2337703704834
"Cross River","Ogoja",2023,39.5160484313965
"Cross River","Ogoja",2024,62.1503257751465
"Cross River","Yakurr",2012,29.9520874023438
"Cross River","Yakurr",2013,31.8284320831299
"Cross River","Yakurr",2014,20.4796676635742
"Cross River","Yakurr",2015,22.2318668365479
"Cross River","Yakurr",2016,42.2748756408691
"Cross River","Yakurr",2017,23.6618938446045
"Cross River","Yakurr",2018,0
"Cross River","Yakurr",2019,8.34772682189941
"Cross River","Yakurr",2020,10.1617603302002
"Cross River","Yakurr",2021,6.71221446990967
"Cross River","Yakurr",2022,29.9842052459717
"Cross River","Yakurr",2023,15.6695156097412
"Cross River","Yakurr",2024,46.1241111755371
"Cross River","Yala",2012,4.10078430175781
"Cross River","Yala",2013,21.1440334320068
"Cross River","Yala",2014,7.34898900985718
"Cross River","Yala",2015,20.4755363464355
"Cross River","Yala",2016,9.14413070678711
"Cross River","Yala",2017,3.19467353820801
"Cross River","Yala",2018,0
"Cross River","Yala",2019,1.21808898448944
"Cross River","Yala",2020,4.48491477966309
"Cross River","Yala",2021,1.86369180679321
"Cross River","Yala",2022,9.15970230102539
"Cross River","Yala",2023,12.9821615219116
"Cross River","Yala",2024,28.1186561584473
"Delta","Aniocha North",2012,51.6462440490723
"Delta","Aniocha North",2013,71.4218597412109
"Delta","Aniocha North",2014,37.5297355651855
"Delta","Aniocha North",2015,21.6813373565674
"Delta","Aniocha North",2016,32.2609214782715
"Delta","Aniocha North",2017,28.5850448608398
"Delta","Aniocha North",2018,42.5059814453125
"Delta","Aniocha North",2019,70.0975494384766
"Delta","Aniocha North",2020,177.803604125977
"Delta","Aniocha North",2021,198.636444091797
"Delta","Aniocha North",2022,141.726806640625
"Delta","Aniocha North",2023,172.013946533203
"Delta","Aniocha North",2024,160.825119018555
"Delta","Aniocha South",2012,107.066535949707
"Delta","Aniocha South",2013,113.654235839844
"Delta","Aniocha South",2014,43.0894050598145
"Delta","Aniocha South",2015,14.8171949386597
"Delta","Aniocha South",2016,11.2500057220459
"Delta","Aniocha South",2017,11.9925031661987
"Delta","Aniocha South",2018,3.43930840492249
"Delta","Aniocha South",2019,19.4648609161377
"Delta","Aniocha South",2020,74.3442687988281
"Delta","Aniocha South",2021,70.7659149169922
"Delta","Aniocha South",2022,212.639587402344
"Delta","Aniocha South",2023,330.879333496094
"Delta","Aniocha South",2024,294.289764404297
"Delta","Bomadi",2012,16.0904808044434
"Delta","Bomadi",2013,30.7626476287842
"Delta","Bomadi",2014,21.2676620483398
"Delta","Bomadi",2015,15.2574443817139
"Delta","Bomadi",2016,5.0247106552124
"Delta","Bomadi",2017,8.60146808624268
"Delta","Bomadi",2018,1.25735926628113
"Delta","Bomadi",2019,0.536496639251709
"Delta","Bomadi",2020,0
"Delta","Bomadi",2021,0.955330848693848
"Delta","Bomadi",2022,8.59726810455322
"Delta","Bomadi",2023,2.13955283164978
"Delta","Bomadi",2024,13.7825155258179
"Delta","Burutu",2012,3691.0263671875
"Delta","Burutu",2013,3133.47729492188
"Delta","Burutu",2014,2144.63623046875
"Delta","Burutu",2015,3306.05834960938
"Delta","Burutu",2016,1847.30261230469
"Delta","Burutu",2017,1722.62512207031
"Delta","Burutu",2018,2303.7802734375
"Delta","Burutu",2019,2033.654296875
"Delta","Burutu",2020,1685.24047851562
"Delta","Burutu",2021,1633.29504394531
"Delta","Burutu",2022,1919.59204101562
"Delta","Burutu",2023,1777.56103515625
"Delta","Burutu",2024,1569.40295410156
"Delta","Ethiope East",2012,379.235717773438
"Delta","Ethiope East",2013,471.877990722656
"Delta","Ethiope East",2014,328.472930908203
"Delta","Ethiope East",2015,203.669387817383
"Delta","Ethiope East",2016,107.308837890625
"Delta","Ethiope East",2017,189.990356445312
"Delta","Ethiope East",2018,87.9733810424805
"Delta","Ethiope East",2019,171.587814331055
"Delta","Ethiope East",2020,205.998916625977
"Delta","Ethiope East",2021,343.477783203125
"Delta","Ethiope East",2022,731.611389160156
"Delta","Ethiope East",2023,797.678588867188
"Delta","Ethiope East",2024,893.109741210938
"Delta","Ethiope West",2012,5595.47412109375
"Delta","Ethiope West",2013,5593.05322265625
"Delta","Ethiope West",2014,4014.65209960938
"Delta","Ethiope West",2015,4932.20703125
"Delta","Ethiope West",2016,1774.74987792969
"Delta","Ethiope West",2017,1924.85461425781
"Delta","Ethiope West",2018,4259.181640625
"Delta","Ethiope West",2019,3318.07348632812
"Delta","Ethiope West",2020,3671.50561523438
"Delta","Ethiope West",2021,2812.60595703125
"Delta","Ethiope West",2022,2904.56494140625
"Delta","Ethiope West",2023,3424.630859375
"Delta","Ethiope West",2024,3307.8037109375
"Delta","Ika North-East",2012,179.637985229492
"Delta","Ika North-East",2013,78.7452239990234
"Delta","Ika North-East",2014,12.2108182907104
"Delta","Ika North-East",2015,19.7735710144043
"Delta","Ika North-East",2016,18.0271129608154
"Delta","Ika North-East",2017,43.4784088134766
"Delta","Ika North-East",2018,57.151496887207
"Delta","Ika North-East",2019,140.94792175293
"Delta","Ika North-East",2020,184.51823425293
"Delta","Ika North-East",2021,160.389587402344
"Delta","Ika North-East",2022,229.697601318359
"Delta","Ika North-East",2023,499.053131103516
"Delta","Ika North-East",2024,388.314086914062
"Delta","Ika South",2012,98.4047164916992
"Delta","Ika South",2013,97.4599304199219
"Delta","Ika South",2014,92.8892211914062
"Delta","Ika South",2015,127.38005065918
"Delta","Ika South",2016,156.654418945312
"Delta","Ika South",2017,256.534942626953
"Delta","Ika South",2018,171.10758972168
"Delta","Ika South",2019,1226.00769042969
"Delta","Ika South",2020,4798.0927734375
"Delta","Ika South",2021,2195.53173828125
"Delta","Ika South",2022,1736.56030273438
"Delta","Ika South",2023,2264.0859375
"Delta","Ika South",2024,2200.95629882812
"Delta","Isoko North",2012,5681.25390625
"Delta","Isoko North",2013,7335.0068359375
"Delta","Isoko North",2014,4532.98681640625
"Delta","Isoko North",2015,4083.56372070312
"Delta","Isoko North",2016,1599.97094726562
"Delta","Isoko North",2017,1201.85852050781
"Delta","Isoko North",2018,5775.4375
"Delta","Isoko North",2019,11479.5009765625
"Delta","Isoko North",2020,17722.109375
"Delta","Isoko North",2021,12799.5966796875
"Delta","Isoko North",2022,12818.46875
"Delta","Isoko North",2023,11705.4150390625
"Delta","Isoko North",2024,8965.3466796875
"Delta","Isoko South",2012,4064.56689453125
"Delta","Isoko South",2013,14822.7568359375
"Delta","Isoko South",2014,4258.1650390625
"Delta","Isoko South",2015,2138.25830078125
"Delta","Isoko South",2016,996.021911621094
"Delta","Isoko South",2017,957.333801269531
"Delta","Isoko South",2018,6043.38037109375
"Delta","Isoko South",2019,11027.65234375
"Delta","Isoko South",2020,9938.689453125
"Delta","Isoko South",2021,4634.7958984375
"Delta","Isoko South",2022,5465.50390625
"Delta","Isoko South",2023,5476.69189453125
"Delta","Isoko South",2024,6330.14697265625
"Delta","Ndokwa East",2012,22889.46875
"Delta","Ndokwa East",2013,29587.19140625
"Delta","Ndokwa East",2014,20297.046875
"Delta","Ndokwa East",2015,31835.111328125
"Delta","Ndokwa East",2016,45575.8046875
"Delta","Ndokwa East",2017,87124.2421875
"Delta","Ndokwa East",2018,126264.1171875
"Delta","Ndokwa East",2019,75641.8671875
"Delta","Ndokwa East",2020,77527.125
"Delta","Ndokwa East",2021,58173.21875
"Delta","Ndokwa East",2022,44353.59765625
"Delta","Ndokwa East",2023,31395.44140625
"Delta","Ndokwa East",2024,24006.669921875
"Delta","Ndokwa West",2012,3380.1220703125
"Delta","Ndokwa West",2013,12914.6875
"Delta","Ndokwa West",2014,10493.955078125
"Delta","Ndokwa West",2015,27559.13671875
"Delta","Ndokwa West",2016,35036.05078125
"Delta","Ndokwa West",2017,32028.443359375
"Delta","Ndokwa West",2018,36652.0390625
"Delta","Ndokwa West",2019,37322.0859375
"Delta","Ndokwa West",2020,38114.2890625
"Delta","Ndokwa West",2021,41504.44921875
"Delta","Ndokwa West",2022,30355.8125
"Delta","Ndokwa West",2023,21995.603515625
"Delta","Ndokwa West",2024,19908.75
"Delta","Okpe",2012,791.507934570312
"Delta","Okpe",2013,951.670349121094
"Delta","Okpe",2014,913.101440429688
"Delta","Okpe",2015,826.313415527344
"Delta","Okpe",2016,566.442077636719
"Delta","Okpe",2017,500.249450683594
"Delta","Okpe",2018,430.346008300781
"Delta","Okpe",2019,387.569763183594
"Delta","Okpe",2020,382.820434570312
"Delta","Okpe",2021,541.496887207031
"Delta","Okpe",2022,677.919982910156
"Delta","Okpe",2023,883.014404296875
"Delta","Okpe",2024,721.947143554688
"Delta","Oshimili North",2012,705.571899414062
"Delta","Oshimili North",2013,744.16455078125
"Delta","Oshimili North",2014,435.045440673828
"Delta","Oshimili North",2015,256.209808349609
"Delta","Oshimili North",2016,325.227447509766
"Delta","Oshimili North",2017,302.953948974609
"Delta","Oshimili North",2018,285.556976318359
"Delta","Oshimili North",2019,393.960388183594
"Delta","Oshimili North",2020,492.667724609375
"Delta","Oshimili North",2021,830.561828613281
"Delta","Oshimili North",2022,1272.23779296875
"Delta","Oshimili North",2023,1519.85717773438
"Delta","Oshimili North",2024,1638.78491210938
"Delta","Oshimili South",2012,2363.37646484375
"Delta","Oshimili South",2013,2083.4736328125
"Delta","Oshimili South",2014,1464.26135253906
"Delta","Oshimili South",2015,1120.04553222656
"Delta","Oshimili South",2016,1155.28955078125
"Delta","Oshimili South",2017,1247.72204589844
"Delta","Oshimili South",2018,1176.02307128906
"Delta","Oshimili South",2019,1338.75952148438
"Delta","Oshimili South",2020,1443.90734863281
"Delta","Oshimili South",2021,1809.73937988281
"Delta","Oshimili South",2022,1990.55737304688
"Delta","Oshimili South",2023,2093.22583007812
"Delta","Oshimili South",2024,1998.34362792969
"Delta","Patani",2012,26.6635799407959
"Delta","Patani",2013,37.0256309509277
"Delta","Patani",2014,6.8982834815979
"Delta","Patani",2015,9.59007167816162
"Delta","Patani",2016,1.60939145088196
"Delta","Patani",2017,2.74504280090332
"Delta","Patani",2018,0
"Delta","Patani",2019,0
"Delta","Patani",2020,0
"Delta","Patani",2021,2.32576179504395
"Delta","Patani",2022,4.95920419692993
"Delta","Patani",2023,6.14330577850342
"Delta","Patani",2024,14.6880674362183
"Delta","Sapele",2012,23238.0703125
"Delta","Sapele",2013,28221.8125
"Delta","Sapele",2014,14463.77734375
"Delta","Sapele",2015,22965.619140625
"Delta","Sapele",2016,8146.81884765625
"Delta","Sapele",2017,12600.693359375
"Delta","Sapele",2018,32886.984375
"Delta","Sapele",2019,19762.078125
"Delta","Sapele",2020,23927.134765625
"Delta","Sapele",2021,20131.408203125
"Delta","Sapele",2022,19276.0546875
"Delta","Sapele",2023,15465.2353515625
"Delta","Sapele",2024,17609.2890625
"Delta","Udu",2012,5075.97607421875
"Delta","Udu",2013,5546.9970703125
"Delta","Udu",2014,5284.4765625
"Delta","Udu",2015,4333.29443359375
"Delta","Udu",2016,3207.1689453125
"Delta","Udu",2017,3770.17114257812
"Delta","Udu",2018,5249.990234375
"Delta","Udu",2019,5730.07177734375
"Delta","Udu",2020,6067.55859375
"Delta","Udu",2021,8047.56103515625
"Delta","Udu",2022,7147.67236328125
"Delta","Udu",2023,7793.375
"Delta","Udu",2024,3640.60375976562
"Delta","Ughelli North",2012,5516.97705078125
"Delta","Ughelli North",2013,5055.8740234375
"Delta","Ughelli North",2014,4126.68408203125
"Delta","Ughelli North",2015,4288.88720703125
"Delta","Ughelli North",2016,3802.12329101562
"Delta","Ughelli North",2017,3583.75463867188
"Delta","Ughelli North",2018,5296.10302734375
"Delta","Ughelli North",2019,8558.2158203125
"Delta","Ughelli North",2020,12060.4443359375
"Delta","Ughelli North",2021,12828.9521484375
"Delta","Ughelli North",2022,17420.80859375
"Delta","Ughelli North",2023,19772.244140625
"Delta","Ughelli North",2024,18711.349609375
"Delta","Ughelli South",2012,7625.68896484375
"Delta","Ughelli South",2013,11320.5537109375
"Delta","Ughelli South",2014,9798.7392578125
"Delta","Ughelli South",2015,8517.9169921875
"Delta","Ughelli South",2016,5560.015625
"Delta","Ughelli South",2017,12704.9013671875
"Delta","Ughelli South",2018,16206.646484375
"Delta","Ughelli South",2019,12446.7021484375
"Delta","Ughelli South",2020,15241.171875
"Delta","Ughelli South",2021,18681.412109375
"Delta","Ughelli South",2022,9860.6845703125
"Delta","Ughelli South",2023,15933.1201171875
"Delta","Ughelli South",2024,12965.734375
"Delta","Ukwuani",2012,16778.9453125
"Delta","Ukwuani",2013,13098.4853515625
"Delta","Ukwuani",2014,18525.775390625
"Delta","Ukwuani",2015,17125.908203125
"Delta","Ukwuani",2016,15870.310546875
"Delta","Ukwuani",2017,24402.193359375
"Delta","Ukwuani",2018,23261.375
"Delta","Ukwuani",2019,29666.693359375
"Delta","Ukwuani",2020,22074.43359375
"Delta","Ukwuani",2021,4864.83935546875
"Delta","Ukwuani",2022,2096.92407226562
"Delta","Ukwuani",2023,1824.43664550781
"Delta","Ukwuani",2024,1799.05969238281
"Delta","Uvwie",2012,4242.7998046875
"Delta","Uvwie",2013,4163.7822265625
"Delta","Uvwie",2014,4024.33764648438
"Delta","Uvwie",2015,2956.04077148438
"Delta","Uvwie",2016,2469.14111328125
"Delta","Uvwie",2017,1824.04284667969
"Delta","Uvwie",2018,2348.61206054688
"Delta","Uvwie",2019,1819.26452636719
"Delta","Uvwie",2020,1522.75549316406
"Delta","Uvwie",2021,1865.21264648438
"Delta","Uvwie",2022,2081.62548828125
"Delta","Uvwie",2023,2136.65991210938
"Delta","Uvwie",2024,2042.70227050781
"Delta","Warri North",2012,46595.18359375
"Delta","Warri North",2013,20593.33984375
"Delta","Warri North",2014,4499.146484375
"Delta","Warri North",2015,5316.94091796875
"Delta","Warri North",2016,11889.8818359375
"Delta","Warri North",2017,5487.61181640625
"Delta","Warri North",2018,19316.716796875
"Delta","Warri North",2019,13288.80078125
"Delta","Warri North",2020,10913.248046875
"Delta","Warri North",2021,6803.43310546875
"Delta","Warri North",2022,16838.74609375
"Delta","Warri North",2023,25031.00390625
"Delta","Warri North",2024,47564.4609375
"Delta","Warri South",2012,6107.4130859375
"Delta","Warri South",2013,6714.78173828125
"Delta","Warri South",2014,7191.44189453125
"Delta","Warri South",2015,4438.5732421875
"Delta","Warri South",2016,4871.56201171875
"Delta","Warri South",2017,2438.99877929688
"Delta","Warri South",2018,6515.3603515625
"Delta","Warri South",2019,3511.57202148438
"Delta","Warri South",2020,1775.5498046875
"Delta","Warri South",2021,1702.91833496094
"Delta","Warri South",2022,1902.03576660156
"Delta","Warri South",2023,2045.41235351562
"Delta","Warri South",2024,2109.53051757812
"Delta","Warri South-West",2012,43812.57421875
"Delta","Warri South-West",2013,33636.18359375
"Delta","Warri South-West",2014,32645.505859375
"Delta","Warri South-West",2015,38207.42578125
"Delta","Warri South-West",2016,27957.921875
"Delta","Warri South-West",2017,30066.169921875
"Delta","Warri South-West",2018,77924.96875
"Delta","Warri South-West",2019,48703.265625
"Delta","Warri South-West",2020,50155.10546875
"Delta","Warri South-West",2021,38132.9375
"Delta","Warri South-West",2022,26583.6796875
"Delta","Warri South-West",2023,27898.068359375
"Delta","Warri South-West",2024,23715.939453125
"Ebonyi","Abakaliki",2012,250.400894165039
"Ebonyi","Abakaliki",2013,290.818786621094
"Ebonyi","Abakaliki",2014,178.350891113281
"Ebonyi","Abakaliki",2015,395.143524169922
"Ebonyi","Abakaliki",2016,376.036193847656
"Ebonyi","Abakaliki",2017,602.389221191406
"Ebonyi","Abakaliki",2018,765.452209472656
"Ebonyi","Abakaliki",2019,1029.72766113281
"Ebonyi","Abakaliki",2020,1447.45849609375
"Ebonyi","Abakaliki",2021,1357.05480957031
"Ebonyi","Abakaliki",2022,1014.24658203125
"Ebonyi","Abakaliki",2023,798.890686035156
"Ebonyi","Abakaliki",2024,737.193786621094
"Ebonyi","Afikpo North",2012,107.27326965332
"Ebonyi","Afikpo North",2013,125.013130187988
"Ebonyi","Afikpo North",2014,62.0589370727539
"Ebonyi","Afikpo North",2015,23.1014003753662
"Ebonyi","Afikpo North",2016,16.4088115692139
"Ebonyi","Afikpo North",2017,1.50231397151947
"Ebonyi","Afikpo North",2018,0
"Ebonyi","Afikpo North",2019,26.0756149291992
"Ebonyi","Afikpo North",2020,33.1990623474121
"Ebonyi","Afikpo North",2021,35.2317428588867
"Ebonyi","Afikpo North",2022,56.1142730712891
"Ebonyi","Afikpo North",2023,78.9541168212891
"Ebonyi","Afikpo North",2024,79.2929229736328
"Ebonyi","Afikpo South",2012,15.5739316940308
"Ebonyi","Afikpo South",2013,1.44142746925354
"Ebonyi","Afikpo South",2014,1.22335422039032
"Ebonyi","Afikpo South",2015,0.399971276521683
"Ebonyi","Afikpo South",2016,0
"Ebonyi","Afikpo South",2017,0
"Ebonyi","Afikpo South",2018,0
"Ebonyi","Afikpo South",2019,1.02752184867859
"Ebonyi","Afikpo South",2020,12.8169384002686
"Ebonyi","Afikpo South",2021,0
"Ebonyi","Afikpo South",2022,13.1654195785522
"Ebonyi","Afikpo South",2023,21.8900585174561
"Ebonyi","Afikpo South",2024,32.7614860534668
"Ebonyi","Ebonyi",2012,884.719970703125
"Ebonyi","Ebonyi",2013,856.506958007812
"Ebonyi","Ebonyi",2014,554.403869628906
"Ebonyi","Ebonyi",2015,975.421020507812
"Ebonyi","Ebonyi",2016,837.892883300781
"Ebonyi","Ebonyi",2017,965.395690917969
"Ebonyi","Ebonyi",2018,1334.08679199219
"Ebonyi","Ebonyi",2019,1304.18994140625
"Ebonyi","Ebonyi",2020,1402.53259277344
"Ebonyi","Ebonyi",2021,1120.81555175781
"Ebonyi","Ebonyi",2022,850.256103515625
"Ebonyi","Ebonyi",2023,766.8544921875
"Ebonyi","Ebonyi",2024,842.929016113281
"Ebonyi","Ezza North",2012,2.56656169891357
"Ebonyi","Ezza North",2013,5.56639051437378
"Ebonyi","Ezza North",2014,0
"Ebonyi","Ezza North",2015,1.08332550525665
"Ebonyi","Ezza North",2016,0
"Ebonyi","Ezza North",2017,0.510861575603485
"Ebonyi","Ezza North",2018,14.5688514709473
"Ebonyi","Ezza North",2019,19.4058399200439
"Ebonyi","Ezza North",2020,27.3742618560791
"Ebonyi","Ezza North",2021,8.71630954742432
"Ebonyi","Ezza North",2022,3.47524356842041
"Ebonyi","Ezza North",2023,2.02217316627502
"Ebonyi","Ezza North",2024,7.7803430557251
"Ebonyi","Ezza South",2012,22.3546657562256
"Ebonyi","Ezza South",2013,19.6263008117676
"Ebonyi","Ezza South",2014,5.06983947753906
"Ebonyi","Ezza South",2015,8.38902473449707
"Ebonyi","Ezza South",2016,12.5687007904053
"Ebonyi","Ezza South",2017,8.84403133392334
"Ebonyi","Ezza South",2018,2.33380603790283
"Ebonyi","Ezza South",2019,17.9580726623535
"Ebonyi","Ezza South",2020,55.3733062744141
"Ebonyi","Ezza South",2021,16.4026374816895
"Ebonyi","Ezza South",2022,31.8415870666504
"Ebonyi","Ezza South",2023,35.1158905029297
"Ebonyi","Ezza South",2024,37.9775886535645
"Ebonyi","Ikwo",2012,13.2144422531128
"Ebonyi","Ikwo",2013,6.02941799163818
"Ebonyi","Ikwo",2014,0.505630135536194
"Ebonyi","Ikwo",2015,1.48654568195343
"Ebonyi","Ikwo",2016,9.88005638122559
"Ebonyi","Ikwo",2017,8.7917537689209
"Ebonyi","Ikwo",2018,0
"Ebonyi","Ikwo",2019,12.7796306610107
"Ebonyi","Ikwo",2020,33.8350524902344
"Ebonyi","Ikwo",2021,31.2714958190918
"Ebonyi","Ikwo",2022,5.8820366859436
"Ebonyi","Ikwo",2023,1.73053371906281
"Ebonyi","Ikwo",2024,3.31698179244995
"Ebonyi","Ishielu",2012,22.5647048950195
"Ebonyi","Ishielu",2013,36.3034019470215
"Ebonyi","Ishielu",2014,29.7889175415039
"Ebonyi","Ishielu",2015,67.1472473144531
"Ebonyi","Ishielu",2016,28.3486709594727
"Ebonyi","Ishielu",2017,8.51921558380127
"Ebonyi","Ishielu",2018,10.8157482147217
"Ebonyi","Ishielu",2019,17.7587890625
"Ebonyi","Ishielu",2020,17.0512619018555
"Ebonyi","Ishielu",2021,1.89079785346985
"Ebonyi","Ishielu",2022,15.2880840301514
"Ebonyi","Ishielu",2023,34.4414367675781
"Ebonyi","Ishielu",2024,29.3436794281006
"Ebonyi","Ivo",2012,160.435745239258
"Ebonyi","Ivo",2013,148.222244262695
"Ebonyi","Ivo",2014,92.0647354125977
"Ebonyi","Ivo",2015,99.9888000488281
"Ebonyi","Ivo",2016,31.0475540161133
"Ebonyi","Ivo",2017,0
"Ebonyi","Ivo",2018,0
"Ebonyi","Ivo",2019,2.46679830551147
"Ebonyi","Ivo",2020,13.1006288528442
"Ebonyi","Ivo",2021,15.5671129226685
"Ebonyi","Ivo",2022,15.2399911880493
"Ebonyi","Ivo",2023,23.6557388305664
"Ebonyi","Ivo",2024,32.6400184631348
"Ebonyi","Izzi",2012,6.28724670410156
"Ebonyi","Izzi",2013,27.8659706115723
"Ebonyi","Izzi",2014,2.8980565071106
"Ebonyi","Izzi",2015,28.1443843841553
"Ebonyi","Izzi",2016,19.0830783843994
"Ebonyi","Izzi",2017,7.5349383354187
"Ebonyi","Izzi",2018,4.19027376174927
"Ebonyi","Izzi",2019,2.31661438941956
"Ebonyi","Izzi",2020,7.88529014587402
"Ebonyi","Izzi",2021,4.42381858825684
"Ebonyi","Izzi",2022,6.3133807182312
"Ebonyi","Izzi",2023,16.9071178436279
"Ebonyi","Izzi",2024,16.3162384033203
"Ebonyi","Ohaozara",2012,11.6949739456177
"Ebonyi","Ohaozara",2013,5.48171854019165
"Ebonyi","Ohaozara",2014,0
"Ebonyi","Ohaozara",2015,0.803307414054871
"Ebonyi","Ohaozara",2016,20.4846267700195
"Ebonyi","Ohaozara",2017,89.9656829833984
"Ebonyi","Ohaozara",2018,157.783477783203
"Ebonyi","Ohaozara",2019,156.091918945312
"Ebonyi","Ohaozara",2020,140.045715332031
"Ebonyi","Ohaozara",2021,126.317489624023
"Ebonyi","Ohaozara",2022,206.695785522461
"Ebonyi","Ohaozara",2023,238.891006469727
"Ebonyi","Ohaozara",2024,248.266036987305
"Ebonyi","Ohaukwu",2012,186.076950073242
"Ebonyi","Ohaukwu",2013,203.181488037109
"Ebonyi","Ohaukwu",2014,124.513130187988
"Ebonyi","Ohaukwu",2015,135.598526000977
"Ebonyi","Ohaukwu",2016,198.545837402344
"Ebonyi","Ohaukwu",2017,57.4203453063965
"Ebonyi","Ohaukwu",2018,76.72021484375
"Ebonyi","Ohaukwu",2019,106.136032104492
"Ebonyi","Ohaukwu",2020,106.980667114258
"Ebonyi","Ohaukwu",2021,46.727466583252
"Ebonyi","Ohaukwu",2022,70.4835891723633
"Ebonyi","Ohaukwu",2023,43.694694519043
"Ebonyi","Ohaukwu",2024,82.3700180053711
"Ebonyi","Onicha",2012,4.57871103286743
"Ebonyi","Onicha",2013,7.60807323455811
"Ebonyi","Onicha",2014,4.88674020767212
"Ebonyi","Onicha",2015,2.86667513847351
"Ebonyi","Onicha",2016,3.21631932258606
"Ebonyi","Onicha",2017,1.18284857273102
"Ebonyi","Onicha",2018,0
"Ebonyi","Onicha",2019,8.87155151367188
"Ebonyi","Onicha",2020,28.9062061309814
"Ebonyi","Onicha",2021,21.403392791748
"Ebonyi","Onicha",2022,20.5380935668945
"Ebonyi","Onicha",2023,11.9839916229248
"Ebonyi","Onicha",2024,14.4194278717041
"Edo","Akoko-Edo",2012,261.428558349609
"Edo","Akoko-Edo",2013,235.418991088867
"Edo","Akoko-Edo",2014,261.397979736328
"Edo","Akoko-Edo",2015,244.907348632812
"Edo","Akoko-Edo",2016,177.371490478516
"Edo","Akoko-Edo",2017,54.3908920288086
"Edo","Akoko-Edo",2018,128.781967163086
"Edo","Akoko-Edo",2019,167.108459472656
"Edo","Akoko-Edo",2020,129.356079101562
"Edo","Akoko-Edo",2021,76.7218246459961
"Edo","Akoko-Edo",2022,176.597290039062
"Edo","Akoko-Edo",2023,92.0338973999023
"Edo","Akoko-Edo",2024,119.06322479248
"Edo","Egor",2012,2384.81103515625
"Edo","Egor",2013,2115.8818359375
"Edo","Egor",2014,1068.13525390625
"Edo","Egor",2015,811.234619140625
"Edo","Egor",2016,474.678771972656
"Edo","Egor",2017,484.331329345703
"Edo","Egor",2018,271.140594482422
"Edo","Egor",2019,385.419158935547
"Edo","Egor",2020,503.156280517578
"Edo","Egor",2021,665.298095703125
"Edo","Egor",2022,800.677001953125
"Edo","Egor",2023,975.366943359375
"Edo","Egor",2024,665.977172851562
"Edo","Esan Central",2012,112.542945861816
"Edo","Esan Central",2013,136.635467529297
"Edo","Esan Central",2014,206.933700561523
"Edo","Esan Central",2015,160.853652954102
"Edo","Esan Central",2016,64.5066223144531
"Edo","Esan Central",2017,39.8984756469727
"Edo","Esan Central",2018,25.2475910186768
"Edo","Esan Central",2019,24.2783889770508
"Edo","Esan Central",2020,27.5579681396484
"Edo","Esan Central",2021,60.1502571105957
"Edo","Esan Central",2022,68.1776885986328
"Edo","Esan Central",2023,101.052452087402
"Edo","Esan Central",2024,171.551803588867
"Edo","Esan North-East",2012,369.870544433594
"Edo","Esan North-East",2013,317.67578125
"Edo","Esan North-East",2014,210.593322753906
"Edo","Esan North-East",2015,249.224105834961
"Edo","Esan North-East",2016,158.524078369141
"Edo","Esan North-East",2017,119.822006225586
"Edo","Esan North-East",2018,60.2917060852051
"Edo","Esan North-East",2019,50.657543182373
"Edo","Esan North-East",2020,97.6008377075195
"Edo","Esan North-East",2021,161.61572265625
"Edo","Esan North-East",2022,221.638214111328
"Edo","Esan North-East",2023,226.844207763672
"Edo","Esan North-East",2024,404.573852539062
"Edo","Esan South-East",2012,69.7330322265625
"Edo","Esan South-East",2013,13.7821264266968
"Edo","Esan South-East",2014,15.6630382537842
"Edo","Esan South-East",2015,49.9137229919434
"Edo","Esan South-East",2016,37.5251617431641
"Edo","Esan South-East",2017,23.5705394744873
"Edo","Esan South-East",2018,14.6350450515747
"Edo","Esan South-East",2019,13.4581212997437
"Edo","Esan South-East",2020,6.56676006317139
"Edo","Esan South-East",2021,29.4356994628906
"Edo","Esan South-East",2022,74.5870895385742
"Edo","Esan South-East",2023,71.0968627929688
"Edo","Esan South-East",2024,69.2533416748047
"Edo","Esan West",2012,510.560424804688
"Edo","Esan West",2013,506.085235595703
"Edo","Esan West",2014,640.835815429688
"Edo","Esan West",2015,450.33642578125
"Edo","Esan West",2016,208.218170166016
"Edo","Esan West",2017,102.283538818359
"Edo","Esan West",2018,111.771636962891
"Edo","Esan West",2019,69.5500564575195
"Edo","Esan West",2020,47.5021896362305
"Edo","Esan West",2021,118.439315795898
"Edo","Esan West",2022,211.730026245117
"Edo","Esan West",2023,239.210006713867
"Edo","Esan West",2024,419.947631835938
"Edo","Etsako Central",2012,2.23735547065735
"Edo","Etsako Central",2013,1.05440247058868
"Edo","Etsako Central",2014,0
"Edo","Etsako Central",2015,1.0188707113266
"Edo","Etsako Central",2016,0
"Edo","Etsako Central",2017,5.6728515625
"Edo","Etsako Central",2018,0.506406128406525
"Edo","Etsako Central",2019,34.9356269836426
"Edo","Etsako Central",2020,16.8508014678955
"Edo","Etsako Central",2021,9.36913967132568
"Edo","Etsako Central",2022,15.338357925415
"Edo","Etsako Central",2023,22.1967468261719
"Edo","Etsako Central",2024,78.2486267089844
"Edo","Etsako East",2012,317.642791748047
"Edo","Etsako East",2013,435.876525878906
"Edo","Etsako East",2014,616.984741210938
"Edo","Etsako East",2015,255.493804931641
"Edo","Etsako East",2016,260.854278564453
"Edo","Etsako East",2017,318.300109863281
"Edo","Etsako East",2018,369.626434326172
"Edo","Etsako East",2019,645.581420898438
"Edo","Etsako East",2020,483.862579345703
"Edo","Etsako East",2021,596.117980957031
"Edo","Etsako East",2022,950.698791503906
"Edo","Etsako East",2023,891.299560546875
"Edo","Etsako East",2024,988.637329101562
"Edo","Etsako West",2012,566.923217773438
"Edo","Etsako West",2013,645.626037597656
"Edo","Etsako West",2014,536.816589355469
"Edo","Etsako West",2015,508.965057373047
"Edo","Etsako West",2016,322.408325195312
"Edo","Etsako West",2017,385.349456787109
"Edo","Etsako West",2018,277.857269287109
"Edo","Etsako West",2019,432.369171142578
"Edo","Etsako West",2020,443.472412109375
"Edo","Etsako West",2021,445.718688964844
"Edo","Etsako West",2022,825.492919921875
"Edo","Etsako West",2023,680.415893554688
"Edo","Etsako West",2024,976.061096191406
"Edo","Igueben",2012,142.781112670898
"Edo","Igueben",2013,26.1231727600098
"Edo","Igueben",2014,47.0066413879395
"Edo","Igueben",2015,95.7952117919922
"Edo","Igueben",2016,119.999992370605
"Edo","Igueben",2017,21.9225196838379
"Edo","Igueben",2018,8.97711372375488
"Edo","Igueben",2019,14.117504119873
"Edo","Igueben",2020,35.460262298584
"Edo","Igueben",2021,35.3498039245605
"Edo","Igueben",2022,36.0683059692383
"Edo","Igueben",2023,50.183650970459
"Edo","Igueben",2024,49.8391227722168
"Edo","Ikpoba-Okha",2012,66944.953125
"Edo","Ikpoba-Okha",2013,23513.158203125
"Edo","Ikpoba-Okha",2014,16538.28515625
"Edo","Ikpoba-Okha",2015,17085.9375
"Edo","Ikpoba-Okha",2016,7824.32421875
"Edo","Ikpoba-Okha",2017,12011.263671875
"Edo","Ikpoba-Okha",2018,31005.533203125
"Edo","Ikpoba-Okha",2019,24951.65234375
"Edo","Ikpoba-Okha",2020,26980.52734375
"Edo","Ikpoba-Okha",2021,20888.21875
"Edo","Ikpoba-Okha",2022,16141.5732421875
"Edo","Ikpoba-Okha",2023,22807.232421875
"Edo","Ikpoba-Okha",2024,23402.138671875
"Edo","Oredo",2012,2837.58984375
"Edo","Oredo",2013,2751.93286132812
"Edo","Oredo",2014,1927.84228515625
"Edo","Oredo",2015,1527.85119628906
"Edo","Oredo",2016,899.647033691406
"Edo","Oredo",2017,805.010925292969
"Edo","Oredo",2018,718.078430175781
"Edo","Oredo",2019,678.926391601562
"Edo","Oredo",2020,1059.1318359375
"Edo","Oredo",2021,1319.98181152344
"Edo","Oredo",2022,1746.57482910156
"Edo","Oredo",2023,2097.5732421875
"Edo","Oredo",2024,2027.08361816406
"Edo","Orhionmwon",2012,19010.82421875
"Edo","Orhionmwon",2013,24403.91015625
"Edo","Orhionmwon",2014,40418.90625
"Edo","Orhionmwon",2015,34950.84375
"Edo","Orhionmwon",2016,15617.587890625
"Edo","Orhionmwon",2017,18987.884765625
"Edo","Orhionmwon",2018,32193.75390625
"Edo","Orhionmwon",2019,31021.984375
"Edo","Orhionmwon",2020,18806.7265625
"Edo","Orhionmwon",2021,23201.578125
"Edo","Orhionmwon",2022,12316.904296875
"Edo","Orhionmwon",2023,15378.6875
"Edo","Orhionmwon",2024,18455.759765625
"Edo","Ovia North-East",2012,6791.31201171875
"Edo","Ovia North-East",2013,6640.97802734375
"Edo","Ovia North-East",2014,4250.65966796875
"Edo","Ovia North-East",2015,5151.10400390625
"Edo","Ovia North-East",2016,3918.66088867188
"Edo","Ovia North-East",2017,4050.8212890625
"Edo","Ovia North-East",2018,7095.73486328125
"Edo","Ovia North-East",2019,4630.7294921875
"Edo","Ovia North-East",2020,4080.15209960938
"Edo","Ovia North-East",2021,2269.1728515625
"Edo","Ovia North-East",2022,6823.419921875
"Edo","Ovia North-East",2023,6788.04736328125
"Edo","Ovia North-East",2024,4954.35107421875
"Edo","Ovia South-West",2012,329.553558349609
"Edo","Ovia South-West",2013,337.261901855469
"Edo","Ovia South-West",2014,300.911285400391
"Edo","Ovia South-West",2015,249.327667236328
"Edo","Ovia South-West",2016,257.150573730469
"Edo","Ovia South-West",2017,192.583267211914
"Edo","Ovia South-West",2018,189.564163208008
"Edo","Ovia South-West",2019,164.075225830078
"Edo","Ovia South-West",2020,244.706970214844
"Edo","Ovia South-West",2021,102.70768737793
"Edo","Ovia South-West",2022,320.704498291016
"Edo","Ovia South-West",2023,464.317962646484
"Edo","Ovia South-West",2024,297.337799072266
"Edo","Owan East",2012,39.5264015197754
"Edo","Owan East",2013,46.6104965209961
"Edo","Owan East",2014,151.001770019531
"Edo","Owan East",2015,43.0157203674316
"Edo","Owan East",2016,20.4625453948975
"Edo","Owan East",2017,52.8466453552246
"Edo","Owan East",2018,5.33267211914062
"Edo","Owan East",2019,26.7016181945801
"Edo","Owan East",2020,22.0957088470459
"Edo","Owan East",2021,13.4134645462036
"Edo","Owan East",2022,49.5784072875977
"Edo","Owan East",2023,46.9562492370605
"Edo","Owan East",2024,83.0398025512695
"Edo","Owan West",2012,8.57107925415039
"Edo","Owan West",2013,28.109561920166
"Edo","Owan West",2014,156.259872436523
"Edo","Owan West",2015,54.6031036376953
"Edo","Owan West",2016,93.9131851196289
"Edo","Owan West",2017,89.2344665527344
"Edo","Owan West",2018,7.63626337051392
"Edo","Owan West",2019,27.0260143280029
"Edo","Owan West",2020,66.9570007324219
"Edo","Owan West",2021,26.0501594543457
"Edo","Owan West",2022,27.368335723877
"Edo","Owan West",2023,26.0029907226562
"Edo","Owan West",2024,86.4382400512695
"Edo","Uhunmwonde",2012,1509.73291015625
"Edo","Uhunmwonde",2013,1225.91003417969
"Edo","Uhunmwonde",2014,1050.86181640625
"Edo","Uhunmwonde",2015,768.351989746094
"Edo","Uhunmwonde",2016,854.291564941406
"Edo","Uhunmwonde",2017,750.74609375
"Edo","Uhunmwonde",2018,599.777099609375
"Edo","Uhunmwonde",2019,537.876037597656
"Edo","Uhunmwonde",2020,790.271545410156
"Edo","Uhunmwonde",2021,1199.69995117188
"Edo","Uhunmwonde",2022,1969.64990234375
"Edo","Uhunmwonde",2023,1858.72082519531
"Edo","Uhunmwonde",2024,2243.69262695312
"Ekiti","Ado-Ekiti",2012,600.623901367188
"Ekiti","Ado-Ekiti",2013,858.508544921875
"Ekiti","Ado-Ekiti",2014,717.724487304688
"Ekiti","Ado-Ekiti",2015,601.13525390625
"Ekiti","Ado-Ekiti",2016,499.591888427734
"Ekiti","Ado-Ekiti",2017,398.858428955078
"Ekiti","Ado-Ekiti",2018,810.780517578125
"Ekiti","Ado-Ekiti",2019,986.25
"Ekiti","Ado-Ekiti",2020,959.438110351562
"Ekiti","Ado-Ekiti",2021,829.344360351562
"Ekiti","Ado-Ekiti",2022,937.361206054688
"Ekiti","Ado-Ekiti",2023,1396.72546386719
"Ekiti","Ado-Ekiti",2024,1226.66137695312
"Ekiti","Efon",2012,26.5883865356445
"Ekiti","Efon",2013,34.7804260253906
"Ekiti","Efon",2014,63.354549407959
"Ekiti","Efon",2015,54.0207862854004
"Ekiti","Efon",2016,0
"Ekiti","Efon",2017,20.3101558685303
"Ekiti","Efon",2018,36.7971229553223
"Ekiti","Efon",2019,12.3387451171875
"Ekiti","Efon",2020,37.7164764404297
"Ekiti","Efon",2021,2.93477439880371
"Ekiti","Efon",2022,55.5028839111328
"Ekiti","Efon",2023,24.2795944213867
"Ekiti","Efon",2024,21.7740631103516
"Ekiti","Ekiti East",2012,34.6780128479004
"Ekiti","Ekiti East",2013,52.0863609313965
"Ekiti","Ekiti East",2014,0
"Ekiti","Ekiti East",2015,0
"Ekiti","Ekiti East",2016,0
"Ekiti","Ekiti East",2017,0
"Ekiti","Ekiti East",2018,0
"Ekiti","Ekiti East",2019,0
"Ekiti","Ekiti East",2020,0
"Ekiti","Ekiti East",2021,0
"Ekiti","Ekiti East",2022,24.911304473877
"Ekiti","Ekiti East",2023,44.4099349975586
"Ekiti","Ekiti East",2024,33.3183097839355
"Ekiti","Ekiti South-West",2012,79.99755859375
"Ekiti","Ekiti South-West",2013,19.7255249023438
"Ekiti","Ekiti South-West",2014,26.10764503479
"Ekiti","Ekiti South-West",2015,7.1374044418335
"Ekiti","Ekiti South-West",2016,32.982982635498
"Ekiti","Ekiti South-West",2017,13.1665506362915
"Ekiti","Ekiti South-West",2018,11.6406450271606
"Ekiti","Ekiti South-West",2019,14.5969524383545
"Ekiti","Ekiti South-West",2020,22.563835144043
"Ekiti","Ekiti South-West",2021,22.2453498840332
"Ekiti","Ekiti South-West",2022,19.3131790161133
"Ekiti","Ekiti South-West",2023,13.3000955581665
"Ekiti","Ekiti South-West",2024,31.7998332977295
"Ekiti","Ekiti West",2012,85.1650924682617
"Ekiti","Ekiti West",2013,52.2810745239258
"Ekiti","Ekiti West",2014,73.7252502441406
"Ekiti","Ekiti West",2015,15.610408782959
"Ekiti","Ekiti West",2016,2.78735947608948
"Ekiti","Ekiti West",2017,0
"Ekiti","Ekiti West",2018,2.12010431289673
"Ekiti","Ekiti West",2019,1.34905827045441
"Ekiti","Ekiti West",2020,5.0179877281189
"Ekiti","Ekiti West",2021,5.11895370483398
"Ekiti","Ekiti West",2022,3.73911285400391
"Ekiti","Ekiti West",2023,20.6447162628174
"Ekiti","Ekiti West",2024,28.3987846374512
"Ekiti","Emure/Ise/Orun",2012,5.46506309509277
"Ekiti","Emure/Ise/Orun",2013,2.28076338768005
"Ekiti","Emure/Ise/Orun",2014,8.94635486602783
"Ekiti","Emure/Ise/Orun",2015,1.83392405509949
"Ekiti","Emure/Ise/Orun",2016,3.37076687812805
"Ekiti","Emure/Ise/Orun",2017,1.7232311964035
"Ekiti","Emure/Ise/Orun",2018,1.02812266349792
"Ekiti","Emure/Ise/Orun",2019,1.80719196796417
"Ekiti","Emure/Ise/Orun",2020,0
"Ekiti","Emure/Ise/Orun",2021,0
"Ekiti","Emure/Ise/Orun",2022,26.2716312408447
"Ekiti","Emure/Ise/Orun",2023,10.0009231567383
"Ekiti","Emure/Ise/Orun",2024,7.20590496063232
"Ekiti","Gboyin",2012,18.2273635864258
"Ekiti","Gboyin",2013,20.1587085723877
"Ekiti","Gboyin",2014,29.4140033721924
"Ekiti","Gboyin",2015,0
"Ekiti","Gboyin",2016,0
"Ekiti","Gboyin",2017,0
"Ekiti","Gboyin",2018,0
"Ekiti","Gboyin",2019,0
"Ekiti","Gboyin",2020,0
"Ekiti","Gboyin",2021,0
"Ekiti","Gboyin",2022,3.98655128479004
"Ekiti","Gboyin",2023,8.40398788452148
"Ekiti","Gboyin",2024,6.17077255249023
"Ekiti","Ido-Osi",2012,80.2922286987305
"Ekiti","Ido-Osi",2013,45.6941719055176
"Ekiti","Ido-Osi",2014,44.5552101135254
"Ekiti","Ido-Osi",2015,71.178466796875
"Ekiti","Ido-Osi",2016,0
"Ekiti","Ido-Osi",2017,32.8397026062012
"Ekiti","Ido-Osi",2018,8.81045627593994
"Ekiti","Ido-Osi",2019,1.65643167495728
"Ekiti","Ido-Osi",2020,20.1606559753418
"Ekiti","Ido-Osi",2021,2.16611957550049
"Ekiti","Ido-Osi",2022,10.8409690856934
"Ekiti","Ido-Osi",2023,64.175910949707
"Ekiti","Ido-Osi",2024,33.2555961608887
"Ekiti","Ijero",2012,37.3137588500977
"Ekiti","Ijero",2013,5.04537534713745
"Ekiti","Ijero",2014,22.7562885284424
"Ekiti","Ijero",2015,44.1123123168945
"Ekiti","Ijero",2016,0
"Ekiti","Ijero",2017,8.71133613586426
"Ekiti","Ijero",2018,0.51555860042572
"Ekiti","Ijero",2019,0
"Ekiti","Ijero",2020,10.9481019973755
"Ekiti","Ijero",2021,1.61919343471527
"Ekiti","Ijero",2022,1.59276020526886
"Ekiti","Ijero",2023,25.4605007171631
"Ekiti","Ijero",2024,6.04895639419556
"Ekiti","Ikere",2012,235.389755249023
"Ekiti","Ikere",2013,125.801788330078
"Ekiti","Ikere",2014,158.661437988281
"Ekiti","Ikere",2015,218.52522277832
"Ekiti","Ikere",2016,172.278076171875
"Ekiti","Ikere",2017,80.7612609863281
"Ekiti","Ikere",2018,225.38313293457
"Ekiti","Ikere",2019,189.032699584961
"Ekiti","Ikere",2020,150.713684082031
"Ekiti","Ikere",2021,141.061218261719
"Ekiti","Ikere",2022,257.682830810547
"Ekiti","Ikere",2023,189.203125
"Ekiti","Ikere",2024,156.768783569336
"Ekiti","Ikole",2012,15.6123466491699
"Ekiti","Ikole",2013,81.540641784668
"Ekiti","Ikole",2014,27.4791736602783
"Ekiti","Ikole",2015,2.88395142555237
"Ekiti","Ikole",2016,0
"Ekiti","Ikole",2017,0
"Ekiti","Ikole",2018,0
"Ekiti","Ikole",2019,0
"Ekiti","Ikole",2020,0
"Ekiti","Ikole",2021,12.2455968856812
"Ekiti","Ikole",2022,0
"Ekiti","Ikole",2023,0.551205694675446
"Ekiti","Ikole",2024,1.76519501209259
"Ekiti","Ilejemeje",2012,1.18171274662018
"Ekiti","Ilejemeje",2013,3.19253754615784
"Ekiti","Ilejemeje",2014,14.6787118911743
"Ekiti","Ilejemeje",2015,16.187520980835
"Ekiti","Ilejemeje",2016,0
"Ekiti","Ilejemeje",2017,1.22366619110107
"Ekiti","Ilejemeje",2018,0.953180015087128
"Ekiti","Ilejemeje",2019,0
"Ekiti","Ilejemeje",2020,1.64228856563568
"Ekiti","Ilejemeje",2021,0.508118331432343
"Ekiti","Ilejemeje",2022,0.528727471828461
"Ekiti","Ilejemeje",2023,2.59439301490784
"Ekiti","Ilejemeje",2024,4.77064085006714
"Ekiti","Irepodun/Ifelodun",2012,229.041015625
"Ekiti","Irepodun/Ifelodun",2013,192.630447387695
"Ekiti","Irepodun/Ifelodun",2014,152.708190917969
"Ekiti","Irepodun/Ifelodun",2015,90.6363983154297
"Ekiti","Irepodun/Ifelodun",2016,74.7519836425781
"Ekiti","Irepodun/Ifelodun",2017,60.3761405944824
"Ekiti","Irepodun/Ifelodun",2018,84.8678359985352
"Ekiti","Irepodun/Ifelodun",2019,110.148864746094
"Ekiti","Irepodun/Ifelodun",2020,142.266403198242
"Ekiti","Irepodun/Ifelodun",2021,165.564117431641
"Ekiti","Irepodun/Ifelodun",2022,214.524261474609
"Ekiti","Irepodun/Ifelodun",2023,332.577392578125
"Ekiti","Irepodun/Ifelodun",2024,287.169097900391
"Ekiti","Ise/Orun",2012,25.3952579498291
"Ekiti","Ise/Orun",2013,19.8056182861328
"Ekiti","Ise/Orun",2014,22.2408599853516
"Ekiti","Ise/Orun",2015,22.2736301422119
"Ekiti","Ise/Orun",2016,9.94156169891357
"Ekiti","Ise/Orun",2017,9.73792934417725
"Ekiti","Ise/Orun",2018,9.52059459686279
"Ekiti","Ise/Orun",2019,11.6783638000488
"Ekiti","Ise/Orun",2020,9.44656467437744
"Ekiti","Ise/Orun",2021,6.94010782241821
"Ekiti","Ise/Orun",2022,31.9922828674316
"Ekiti","Ise/Orun",2023,15.9523296356201
"Ekiti","Ise/Orun",2024,9.21000289916992
"Ekiti","Moba",2012,27.4526996612549
"Ekiti","Moba",2013,19.7735347747803
"Ekiti","Moba",2014,48.7602081298828
"Ekiti","Moba",2015,45.4479789733887
"Ekiti","Moba",2016,1.6237678527832
"Ekiti","Moba",2017,23.7027359008789
"Ekiti","Moba",2018,48.6933288574219
"Ekiti","Moba",2019,30.652624130249
"Ekiti","Moba",2020,43.3772850036621
"Ekiti","Moba",2021,48.7323799133301
"Ekiti","Moba",2022,33.9997520446777
"Ekiti","Moba",2023,50.9211769104004
"Ekiti","Moba",2024,43.404956817627
"Ekiti","Oye",2012,16.4672222137451
"Ekiti","Oye",2013,33.2328643798828
"Ekiti","Oye",2014,18.5689487457275
"Ekiti","Oye",2015,12.8308925628662
"Ekiti","Oye",2016,0
"Ekiti","Oye",2017,0
"Ekiti","Oye",2018,1.12278509140015
"Ekiti","Oye",2019,1.26677894592285
"Ekiti","Oye",2020,0
"Ekiti","Oye",2021,17.7583789825439
"Ekiti","Oye",2022,3.9644603729248
"Ekiti","Oye",2023,12.8565139770508
"Ekiti","Oye",2024,19.1685352325439
"Enugu","Aninri",2012,33.3193473815918
"Enugu","Aninri",2013,6.21434879302979
"Enugu","Aninri",2014,1.59849309921265
"Enugu","Aninri",2015,9.49597644805908
"Enugu","Aninri",2016,4.48797178268433
"Enugu","Aninri",2017,3.84588122367859
"Enugu","Aninri",2018,0
"Enugu","Aninri",2019,0
"Enugu","Aninri",2020,0.979787349700928
"Enugu","Aninri",2021,1.2484016418457
"Enugu","Aninri",2022,1.64248156547546
"Enugu","Aninri",2023,1.78674674034119
"Enugu","Aninri",2024,6.70820426940918
"Enugu","Awgu",2012,193.942596435547
"Enugu","Awgu",2013,145.734237670898
"Enugu","Awgu",2014,123.572998046875
"Enugu","Awgu",2015,189.806625366211
"Enugu","Awgu",2016,203.041091918945
"Enugu","Awgu",2017,85.8647384643555
"Enugu","Awgu",2018,5.25993585586548
"Enugu","Awgu",2019,12.7884340286255
"Enugu","Awgu",2020,25.536003112793
"Enugu","Awgu",2021,21.0384559631348
"Enugu","Awgu",2022,78.0697250366211
"Enugu","Awgu",2023,56.4390335083008
"Enugu","Awgu",2024,127.405052185059
"Enugu","Enugu East",2012,889.805969238281
"Enugu","Enugu East",2013,839.790649414062
"Enugu","Enugu East",2014,1066.90209960938
"Enugu","Enugu East",2015,1156.16357421875
"Enugu","Enugu East",2016,927.949401855469
"Enugu","Enugu East",2017,631.701049804688
"Enugu","Enugu East",2018,254.925308227539
"Enugu","Enugu East",2019,375.937957763672
"Enugu","Enugu East",2020,621.420837402344
"Enugu","Enugu East",2021,838.066589355469
"Enugu","Enugu East",2022,887.548400878906
"Enugu","Enugu East",2023,1039.84106445312
"Enugu","Enugu East",2024,990.384216308594
"Enugu","Enugu North",2012,3675.81494140625
"Enugu","Enugu North",2013,3805.97216796875
"Enugu","Enugu North",2014,4298.72265625
"Enugu","Enugu North",2015,4718.2978515625
"Enugu","Enugu North",2016,3841.4541015625
"Enugu","Enugu North",2017,2504.80297851562
"Enugu","Enugu North",2018,2147.26049804688
"Enugu","Enugu North",2019,2384.642578125
"Enugu","Enugu North",2020,2628.2392578125
"Enugu","Enugu North",2021,2946.63500976562
"Enugu","Enugu North",2022,2947.08032226562
"Enugu","Enugu North",2023,3064.39794921875
"Enugu","Enugu North",2024,2935.73754882812
"Enugu","Enugu South",2012,886.170104980469
"Enugu","Enugu South",2013,1075.2265625
"Enugu","Enugu South",2014,1231.59606933594
"Enugu","Enugu South",2015,1356.74914550781
"Enugu","Enugu South",2016,1189.84545898438
"Enugu","Enugu South",2017,636.258422851562
"Enugu","Enugu South",2018,564.062866210938
"Enugu","Enugu South",2019,522.85595703125
"Enugu","Enugu South",2020,617.76220703125
"Enugu","Enugu South",2021,640.928527832031
"Enugu","Enugu South",2022,723.281982421875
"Enugu","Enugu South",2023,908.019104003906
"Enugu","Enugu South",2024,955.300231933594
"Enugu","Ezeagu",2012,49.5821876525879
"Enugu","Ezeagu",2013,31.8810558319092
"Enugu","Ezeagu",2014,98.8624725341797
"Enugu","Ezeagu",2015,33.4347381591797
"Enugu","Ezeagu",2016,11.1545658111572
"Enugu","Ezeagu",2017,13.1180028915405
"Enugu","Ezeagu",2018,0
"Enugu","Ezeagu",2019,7.62657928466797
"Enugu","Ezeagu",2020,9.47377300262451
"Enugu","Ezeagu",2021,10.8877096176147
"Enugu","Ezeagu",2022,55.3578224182129
"Enugu","Ezeagu",2023,65.6123504638672
"Enugu","Ezeagu",2024,86.9899520874023
"Enugu","Igbo-Etiti",2012,26.2936134338379
"Enugu","Igbo-Etiti",2013,0.550040543079376
"Enugu","Igbo-Etiti",2014,24.7453784942627
"Enugu","Igbo-Etiti",2015,2.26676058769226
"Enugu","Igbo-Etiti",2016,4.0908637046814
"Enugu","Igbo-Etiti",2017,6.56750011444092
"Enugu","Igbo-Etiti",2018,0
"Enugu","Igbo-Etiti",2019,1.22744083404541
"Enugu","Igbo-Etiti",2020,0.520155429840088
"Enugu","Igbo-Etiti",2021,3.80232501029968
"Enugu","Igbo-Etiti",2022,10.2948379516602
"Enugu","Igbo-Etiti",2023,82.2158508300781
"Enugu","Igbo-Etiti",2024,34.5023155212402
"Enugu","Igbo-eze North",2012,10.5454530715942
"Enugu","Igbo-eze North",2013,2.54604816436768
"Enugu","Igbo-eze North",2014,0
"Enugu","Igbo-eze North",2015,3.34959483146667
"Enugu","Igbo-eze North",2016,1.16416156291962
"Enugu","Igbo-eze North",2017,0
"Enugu","Igbo-eze North",2018,0
"Enugu","Igbo-eze North",2019,5.53430509567261
"Enugu","Igbo-eze North",2020,2.73741745948792
"Enugu","Igbo-eze North",2021,9.76341342926025
"Enugu","Igbo-eze North",2022,13.3001146316528
"Enugu","Igbo-eze North",2023,69.1036682128906
"Enugu","Igbo-eze North",2024,104.801460266113
"Enugu","Igbo-eze South",2012,4.75776767730713
"Enugu","Igbo-eze South",2013,1.58223927021027
"Enugu","Igbo-eze South",2014,2.44366455078125
"Enugu","Igbo-eze South",2015,13.2510633468628
"Enugu","Igbo-eze South",2016,16.143138885498
"Enugu","Igbo-eze South",2017,18.3910636901855
"Enugu","Igbo-eze South",2018,5.36873960494995
"Enugu","Igbo-eze South",2019,6.72852754592896
"Enugu","Igbo-eze South",2020,3.72279381752014
"Enugu","Igbo-eze South",2021,22.8082141876221
"Enugu","Igbo-eze South",2022,44.2554359436035
"Enugu","Igbo-eze South",2023,83.0851211547852
"Enugu","Igbo-eze South",2024,121.559143066406
"Enugu","Isi-Uzo",2012,82.4068908691406
"Enugu","Isi-Uzo",2013,33.3556289672852
"Enugu","Isi-Uzo",2014,33.9978370666504
"Enugu","Isi-Uzo",2015,64.9777755737305
"Enugu","Isi-Uzo",2016,42.9767074584961
"Enugu","Isi-Uzo",2017,0.548072457313538
"Enugu","Isi-Uzo",2018,1.95443642139435
"Enugu","Isi-Uzo",2019,7.50225353240967
"Enugu","Isi-Uzo",2020,33.777717590332
"Enugu","Isi-Uzo",2021,11.0320978164673
"Enugu","Isi-Uzo",2022,14.1608972549438
"Enugu","Isi-Uzo",2023,21.1390686035156
"Enugu","Isi-Uzo",2024,32.1341743469238
"Enugu","Nkanu East",2012,153.380813598633
"Enugu","Nkanu East",2013,105.142936706543
"Enugu","Nkanu East",2014,62.161922454834
"Enugu","Nkanu East",2015,195.784255981445
"Enugu","Nkanu East",2016,110.134834289551
"Enugu","Nkanu East",2017,56.5626106262207
"Enugu","Nkanu East",2018,10.069034576416
"Enugu","Nkanu East",2019,17.3971195220947
"Enugu","Nkanu East",2020,21.2239284515381
"Enugu","Nkanu East",2021,5.33428907394409
"Enugu","Nkanu East",2022,35.0422515869141
"Enugu","Nkanu East",2023,82.6236419677734
"Enugu","Nkanu East",2024,75.6100845336914
"Enugu","Nkanu West",2012,564.394592285156
"Enugu","Nkanu West",2013,538.980285644531
"Enugu","Nkanu West",2014,536.343933105469
"Enugu","Nkanu West",2015,733.387329101562
"Enugu","Nkanu West",2016,654.91259765625
"Enugu","Nkanu West",2017,342.732940673828
"Enugu","Nkanu West",2018,214.175720214844
"Enugu","Nkanu West",2019,171.85466003418
"Enugu","Nkanu West",2020,236.392150878906
"Enugu","Nkanu West",2021,46.2148704528809
"Enugu","Nkanu West",2022,390.032287597656
"Enugu","Nkanu West",2023,460.498382568359
"Enugu","Nkanu West",2024,425.280456542969
"Enugu","Nsukka",2012,248.035675048828
"Enugu","Nsukka",2013,227.914169311523
"Enugu","Nsukka",2014,322.164764404297
"Enugu","Nsukka",2015,360.593719482422
"Enugu","Nsukka",2016,316.52294921875
"Enugu","Nsukka",2017,261.649688720703
"Enugu","Nsukka",2018,278.22119140625
"Enugu","Nsukka",2019,200.463684082031
"Enugu","Nsukka",2020,265.476135253906
"Enugu","Nsukka",2021,388.236083984375
"Enugu","Nsukka",2022,494.726898193359
"Enugu","Nsukka",2023,624.781127929688
"Enugu","Nsukka",2024,715.614929199219
"Enugu","Oji-River",2012,106.503433227539
"Enugu","Oji-River",2013,411.094909667969
"Enugu","Oji-River",2014,271.213287353516
"Enugu","Oji-River",2015,275.134460449219
"Enugu","Oji-River",2016,433.153747558594
"Enugu","Oji-River",2017,156.431777954102
"Enugu","Oji-River",2018,81.2587356567383
"Enugu","Oji-River",2019,67.106201171875
"Enugu","Oji-River",2020,148.286224365234
"Enugu","Oji-River",2021,138.555114746094
"Enugu","Oji-River",2022,165.852249145508
"Enugu","Oji-River",2023,136.548919677734
"Enugu","Oji-River",2024,174.927017211914
"Enugu","Udenu",2012,165.252655029297
"Enugu","Udenu",2013,106.279792785645
"Enugu","Udenu",2014,20.2018280029297
"Enugu","Udenu",2015,71.4898910522461
"Enugu","Udenu",2016,99.1871871948242
"Enugu","Udenu",2017,0.603350102901459
"Enugu","Udenu",2018,8.94802474975586
"Enugu","Udenu",2019,148.285675048828
"Enugu","Udenu",2020,96.4638824462891
"Enugu","Udenu",2021,91.8052291870117
"Enugu","Udenu",2022,180.155181884766
"Enugu","Udenu",2023,290.179718017578
"Enugu","Udenu",2024,288.128112792969
"Enugu","Udi",2012,1339.54968261719
"Enugu","Udi",2013,1023.45587158203
"Enugu","Udi",2014,1195.86047363281
"Enugu","Udi",2015,989.908020019531
"Enugu","Udi",2016,988.4921875
"Enugu","Udi",2017,431.130065917969
"Enugu","Udi",2018,171.663131713867
"Enugu","Udi",2019,226.767593383789
"Enugu","Udi",2020,210.729995727539
"Enugu","Udi",2021,224.873489379883
"Enugu","Udi",2022,557.033020019531
"Enugu","Udi",2023,711.9873046875
"Enugu","Udi",2024,977.096862792969
"Enugu","Uzo-Uwani",2012,1.01951861381531
"Enugu","Uzo-Uwani",2013,5.23837757110596
"Enugu","Uzo-Uwani",2014,17.3420906066895
"Enugu","Uzo-Uwani",2015,10.5153284072876
"Enugu","Uzo-Uwani",2016,0
"Enugu","Uzo-Uwani",2017,0
"Enugu","Uzo-Uwani",2018,0
"Enugu","Uzo-Uwani",2019,0
"Enugu","Uzo-Uwani",2020,0
"Enugu","Uzo-Uwani",2021,0
"Enugu","Uzo-Uwani",2022,2.47200918197632
"Enugu","Uzo-Uwani",2023,1.21939778327942
"Enugu","Uzo-Uwani",2024,2.79855442047119
"Federal Capital Territory","Abaji",2012,22.8372249603271
"Federal Capital Territory","Abaji",2013,16.7672214508057
"Federal Capital Territory","Abaji",2014,29.8443164825439
"Federal Capital Territory","Abaji",2015,28.7915668487549
"Federal Capital Territory","Abaji",2016,47.5197906494141
"Federal Capital Territory","Abaji",2017,23.4457111358643
"Federal Capital Territory","Abaji",2018,0.124883830547333
"Federal Capital Territory","Abaji",2019,1.668301820755
"Federal Capital Territory","Abaji",2020,1.89352869987488
"Federal Capital Territory","Abaji",2021,4.89894723892212
"Federal Capital Territory","Abaji",2022,37.4010124206543
"Federal Capital Territory","Abaji",2023,131.54069519043
"Federal Capital Territory","Abaji",2024,130.320190429688
"Federal Capital Territory","Abuja",2012,23393.521484375
"Federal Capital Territory","Abuja",2013,25397.244140625
"Federal Capital Territory","Abuja",2014,28128.982421875
"Federal Capital Territory","Abuja",2015,28328.19921875
"Federal Capital Territory","Abuja",2016,26549.4765625
"Federal Capital Territory","Abuja",2017,21974.296875
"Federal Capital Territory","Abuja",2018,23111.89453125
"Federal Capital Territory","Abuja",2019,23499.736328125
"Federal Capital Territory","Abuja",2020,27895.72265625
"Federal Capital Territory","Abuja",2021,32831.56640625
"Federal Capital Territory","Abuja",2022,35701.4140625
"Federal Capital Territory","Abuja",2023,36216.67578125
"Federal Capital Territory","Abuja",2024,35721.92578125
"Federal Capital Territory","Bwari",2012,6741.86181640625
"Federal Capital Territory","Bwari",2013,8341.01953125
"Federal Capital Territory","Bwari",2014,7982.29833984375
"Federal Capital Territory","Bwari",2015,7943.33740234375
"Federal Capital Territory","Bwari",2016,7116.15478515625
"Federal Capital Territory","Bwari",2017,5812.10205078125
"Federal Capital Territory","Bwari",2018,5578.30615234375
"Federal Capital Territory","Bwari",2019,5605.0986328125
"Federal Capital Territory","Bwari",2020,6113.35546875
"Federal Capital Territory","Bwari",2021,7627.087890625
"Federal Capital Territory","Bwari",2022,8654.3056640625
"Federal Capital Territory","Bwari",2023,8489.880859375
"Federal Capital Territory","Bwari",2024,9165.53125
"Federal Capital Territory","Gwagwalada",2012,161.910766601562
"Federal Capital Territory","Gwagwalada",2013,121.666893005371
"Federal Capital Territory","Gwagwalada",2014,219.7783203125
"Federal Capital Territory","Gwagwalada",2015,398.939086914062
"Federal Capital Territory","Gwagwalada",2016,391.297912597656
"Federal Capital Territory","Gwagwalada",2017,230.079299926758
"Federal Capital Territory","Gwagwalada",2018,192.037292480469
"Federal Capital Territory","Gwagwalada",2019,106.965774536133
"Federal Capital Territory","Gwagwalada",2020,78.9234466552734
"Federal Capital Territory","Gwagwalada",2021,209.853469848633
"Federal Capital Territory","Gwagwalada",2022,369.432250976562
"Federal Capital Territory","Gwagwalada",2023,474.818176269531
"Federal Capital Territory","Gwagwalada",2024,495.381286621094
"Federal Capital Territory","Kuje",2012,2.52280926704407
"Federal Capital Territory","Kuje",2013,0
"Federal Capital Territory","Kuje",2014,9.03426074981689
"Federal Capital Territory","Kuje",2015,18.9812297821045
"Federal Capital Territory","Kuje",2016,9.39901733398438
"Federal Capital Territory","Kuje",2017,13.4444961547852
"Federal Capital Territory","Kuje",2018,14.2001676559448
"Federal Capital Territory","Kuje",2019,14.6380834579468
"Federal Capital Territory","Kuje",2020,16.2754802703857
"Federal Capital Territory","Kuje",2021,19.4986343383789
"Federal Capital Territory","Kuje",2022,56.007381439209
"Federal Capital Territory","Kuje",2023,56.6537742614746
"Federal Capital Territory","Kuje",2024,60.7613067626953
"Federal Capital Territory","Kwali",2012,8.17016983032227
"Federal Capital Territory","Kwali",2013,7.26709461212158
"Federal Capital Territory","Kwali",2014,21.1949729919434
"Federal Capital Territory","Kwali",2015,49.5937271118164
"Federal Capital Territory","Kwali",2016,53.1433906555176
"Federal Capital Territory","Kwali",2017,42.2125473022461
"Federal Capital Territory","Kwali",2018,11.7880191802979
"Federal Capital Territory","Kwali",2019,8.18726444244385
"Federal Capital Territory","Kwali",2020,8.95143699645996
"Federal Capital Territory","Kwali",2021,22.4475364685059
"Federal Capital Territory","Kwali",2022,101.881423950195
"Federal Capital Territory","Kwali",2023,156.155517578125
"Federal Capital Territory","Kwali",2024,200.170227050781
"Gombe","Akko",2012,3432.01293945312
"Gombe","Akko",2013,3698.76586914062
"Gombe","Akko",2014,3639.48608398438
"Gombe","Akko",2015,4047.94775390625
"Gombe","Akko",2016,2809.10327148438
"Gombe","Akko",2017,2560.63330078125
"Gombe","Akko",2018,1889.5830078125
"Gombe","Akko",2019,1714.18176269531
"Gombe","Akko",2020,1849.44104003906
"Gombe","Akko",2021,1669.71459960938
"Gombe","Akko",2022,2616.09521484375
"Gombe","Akko",2023,2653.37060546875
"Gombe","Akko",2024,2481.45825195312
"Gombe","Balanga",2012,65.0158309936523
"Gombe","Balanga",2013,36.9559936523438
"Gombe","Balanga",2014,18.4729747772217
"Gombe","Balanga",2015,68.2946701049805
"Gombe","Balanga",2016,56.930419921875
"Gombe","Balanga",2017,52.7573165893555
"Gombe","Balanga",2018,52.0907211303711
"Gombe","Balanga",2019,36.47021484375
"Gombe","Balanga",2020,47.2773895263672
"Gombe","Balanga",2021,25.6337928771973
"Gombe","Balanga",2022,36.9275588989258
"Gombe","Balanga",2023,33.1847076416016
"Gombe","Balanga",2024,31.2082290649414
"Gombe","Billiri",2012,10.4424133300781
"Gombe","Billiri",2013,14.2212924957275
"Gombe","Billiri",2014,0.960647404193878
"Gombe","Billiri",2015,19.8293743133545
"Gombe","Billiri",2016,3.28502726554871
"Gombe","Billiri",2017,0
"Gombe","Billiri",2018,0
"Gombe","Billiri",2019,0.400381714105606
"Gombe","Billiri",2020,0
"Gombe","Billiri",2021,0
"Gombe","Billiri",2022,1.57387185096741
"Gombe","Billiri",2023,6.53819608688354
"Gombe","Billiri",2024,99.4945983886719
"Gombe","Dukku",2012,53.1158256530762
"Gombe","Dukku",2013,39.0310668945312
"Gombe","Dukku",2014,27.0931396484375
"Gombe","Dukku",2015,65.9813613891602
"Gombe","Dukku",2016,36.4149780273438
"Gombe","Dukku",2017,0.532204329967499
"Gombe","Dukku",2018,0
"Gombe","Dukku",2019,0
"Gombe","Dukku",2020,0
"Gombe","Dukku",2021,0
"Gombe","Dukku",2022,30.6758003234863
"Gombe","Dukku",2023,19.1366939544678
"Gombe","Dukku",2024,51.747859954834
"Gombe","Funakaye",2012,211.588821411133
"Gombe","Funakaye",2013,295.244537353516
"Gombe","Funakaye",2014,218.194442749023
"Gombe","Funakaye",2015,309.485290527344
"Gombe","Funakaye",2016,307.727416992188
"Gombe","Funakaye",2017,300.492523193359
"Gombe","Funakaye",2018,374.305023193359
"Gombe","Funakaye",2019,312.45703125
"Gombe","Funakaye",2020,214.749069213867
"Gombe","Funakaye",2021,226.72639465332
"Gombe","Funakaye",2022,218.724792480469
"Gombe","Funakaye",2023,181.816040039062
"Gombe","Funakaye",2024,277.180450439453
"Gombe","Gombe",2012,0
"Gombe","Gombe",2013,0.122836045920849
"Gombe","Gombe",2014,0
"Gombe","Gombe",2015,1.34764182567596
"Gombe","Gombe",2016,0
"Gombe","Gombe",2017,0
"Gombe","Gombe",2018,0
"Gombe","Gombe",2019,0
"Gombe","Gombe",2020,0
"Gombe","Gombe",2021,0
"Gombe","Gombe",2022,2.58207654953003
"Gombe","Gombe",2023,3.98101735115051
"Gombe","Gombe",2024,1.58539819717407
"Gombe","Kaltungo",2012,0
"Gombe","Kaltungo",2013,0
"Gombe","Kaltungo",2014,1.85796546936035
"Gombe","Kaltungo",2015,1.77557706832886
"Gombe","Kaltungo",2016,2.09789609909058
"Gombe","Kaltungo",2017,0
"Gombe","Kaltungo",2018,2.35855340957642
"Gombe","Kaltungo",2019,1.04512047767639
"Gombe","Kaltungo",2020,0.651582896709442
"Gombe","Kaltungo",2021,0
"Gombe","Kaltungo",2022,0.523057460784912
"Gombe","Kaltungo",2023,0
"Gombe","Kaltungo",2024,4.77075004577637
"Gombe","Kwami",2012,38.5933799743652
"Gombe","Kwami",2013,46.8423271179199
"Gombe","Kwami",2014,0.508559823036194
"Gombe","Kwami",2015,66.5471801757812
"Gombe","Kwami",2016,10.349347114563
"Gombe","Kwami",2017,21.0576553344727
"Gombe","Kwami",2018,15.8175134658813
"Gombe","Kwami",2019,4.43965148925781
"Gombe","Kwami",2020,0
"Gombe","Kwami",2021,0
"Gombe","Kwami",2022,12.2009286880493
"Gombe","Kwami",2023,18.9866809844971
"Gombe","Kwami",2024,28.345027923584
"Gombe","Nafada",2012,33.079647064209
"Gombe","Nafada",2013,14.1105813980103
"Gombe","Nafada",2014,8.34776782989502
"Gombe","Nafada",2015,29.4583835601807
"Gombe","Nafada",2016,49.0954551696777
"Gombe","Nafada",2017,52.6737403869629
"Gombe","Nafada",2018,55.2698020935059
"Gombe","Nafada",2019,65.2306518554688
"Gombe","Nafada",2020,37.4282073974609
"Gombe","Nafada",2021,30.1696243286133
"Gombe","Nafada",2022,40.5924263000488
"Gombe","Nafada",2023,23.2890300750732
"Gombe","Nafada",2024,31.2989749908447
"Gombe","Shomgom",2012,10.5582418441772
"Gombe","Shomgom",2013,15.3203678131104
"Gombe","Shomgom",2014,1.59778642654419
"Gombe","Shomgom",2015,12.4056787490845
"Gombe","Shomgom",2016,3.83375597000122
"Gombe","Shomgom",2017,0
"Gombe","Shomgom",2018,0
"Gombe","Shomgom",2019,0
"Gombe","Shomgom",2020,0
"Gombe","Shomgom",2021,0
"Gombe","Shomgom",2022,5.7422080039978
"Gombe","Shomgom",2023,10.833384513855
"Gombe","Shomgom",2024,66.942512512207
"Gombe","Yamaltu/Deba",2012,32.5629425048828
"Gombe","Yamaltu/Deba",2013,24.3721389770508
"Gombe","Yamaltu/Deba",2014,52.0962448120117
"Gombe","Yamaltu/Deba",2015,33.5723876953125
"Gombe","Yamaltu/Deba",2016,24.6383495330811
"Gombe","Yamaltu/Deba",2017,29.4606781005859
"Gombe","Yamaltu/Deba",2018,46.0690307617188
"Gombe","Yamaltu/Deba",2019,30.6699180603027
"Gombe","Yamaltu/Deba",2020,12.6544580459595
"Gombe","Yamaltu/Deba",2021,10.0093564987183
"Gombe","Yamaltu/Deba",2022,36.8476600646973
"Gombe","Yamaltu/Deba",2023,77.4229354858398
"Gombe","Yamaltu/Deba",2024,92.8045043945312
"Imo","Aboh-Mbaise",2012,211.931488037109
"Imo","Aboh-Mbaise",2013,310.618316650391
"Imo","Aboh-Mbaise",2014,208.724594116211
"Imo","Aboh-Mbaise",2015,38.3559722900391
"Imo","Aboh-Mbaise",2016,11.7141418457031
"Imo","Aboh-Mbaise",2017,0.0304986424744129
"Imo","Aboh-Mbaise",2018,0
"Imo","Aboh-Mbaise",2019,0
"Imo","Aboh-Mbaise",2020,10.5615930557251
"Imo","Aboh-Mbaise",2021,0.000810348079539835
"Imo","Aboh-Mbaise",2022,7.85005283355713
"Imo","Aboh-Mbaise",2023,28.5638027191162
"Imo","Aboh-Mbaise",2024,69.7560577392578
"Imo","Ahiazu-Mbaise",2012,362.059753417969
"Imo","Ahiazu-Mbaise",2013,366.083251953125
"Imo","Ahiazu-Mbaise",2014,253.466522216797
"Imo","Ahiazu-Mbaise",2015,52.2455215454102
"Imo","Ahiazu-Mbaise",2016,10.2791023254395
"Imo","Ahiazu-Mbaise",2017,1.22608828544617
"Imo","Ahiazu-Mbaise",2018,0
"Imo","Ahiazu-Mbaise",2019,0
"Imo","Ahiazu-Mbaise",2020,3.92333793640137
"Imo","Ahiazu-Mbaise",2021,0
"Imo","Ahiazu-Mbaise",2022,34.310474395752
"Imo","Ahiazu-Mbaise",2023,88.9789352416992
"Imo","Ahiazu-Mbaise",2024,115.349754333496
"Imo","Ehime-Mbano",2012,61.950740814209
"Imo","Ehime-Mbano",2013,118.371765136719
"Imo","Ehime-Mbano",2014,27.4529056549072
"Imo","Ehime-Mbano",2015,3.08267760276794
"Imo","Ehime-Mbano",2016,11.9311246871948
"Imo","Ehime-Mbano",2017,1.72560262680054
"Imo","Ehime-Mbano",2018,0
"Imo","Ehime-Mbano",2019,1.16270625591278
"Imo","Ehime-Mbano",2020,1.92465841770172
"Imo","Ehime-Mbano",2021,12.9866857528687
"Imo","Ehime-Mbano",2022,5.82810068130493
"Imo","Ehime-Mbano",2023,15.8213024139404
"Imo","Ehime-Mbano",2024,43.8128395080566
"Imo","Ezinihitte Mbaise",2012,169.346282958984
"Imo","Ezinihitte Mbaise",2013,165.945495605469
"Imo","Ezinihitte Mbaise",2014,108.913215637207
"Imo","Ezinihitte Mbaise",2015,39.2615737915039
"Imo","Ezinihitte Mbaise",2016,0.522712707519531
"Imo","Ezinihitte Mbaise",2017,0
"Imo","Ezinihitte Mbaise",2018,0
"Imo","Ezinihitte Mbaise",2019,0
"Imo","Ezinihitte Mbaise",2020,0
"Imo","Ezinihitte Mbaise",2021,0
"Imo","Ezinihitte Mbaise",2022,7.67574834823608
"Imo","Ezinihitte Mbaise",2023,27.012113571167
"Imo","Ezinihitte Mbaise",2024,97.5776748657227
"Imo","Ideato North",2012,3.84583353996277
"Imo","Ideato North",2013,1.26240193843842
"Imo","Ideato North",2014,1.76589787006378
"Imo","Ideato North",2015,0.558765470981598
"Imo","Ideato North",2016,0
"Imo","Ideato North",2017,0
"Imo","Ideato North",2018,0
"Imo","Ideato North",2019,6.473876953125
"Imo","Ideato North",2020,31.2896347045898
"Imo","Ideato North",2021,9.52346611022949
"Imo","Ideato North",2022,85.0714569091797
"Imo","Ideato North",2023,111.613578796387
"Imo","Ideato North",2024,153.498229980469
"Imo","Ideato South",2012,1.18325352668762
"Imo","Ideato South",2013,0.0318603999912739
"Imo","Ideato South",2014,0.0331611111760139
"Imo","Ideato South",2015,0.313006699085236
"Imo","Ideato South",2016,0
"Imo","Ideato South",2017,0
"Imo","Ideato South",2018,0
"Imo","Ideato South",2019,0.167980819940567
"Imo","Ideato South",2020,0.775228381156921
"Imo","Ideato South",2021,0.166822269558907
"Imo","Ideato South",2022,3.7454526424408
"Imo","Ideato South",2023,10.3123741149902
"Imo","Ideato South",2024,33.1982421875
"Imo","Ihitte/Uboma",2012,56.6565055847168
"Imo","Ihitte/Uboma",2013,229.459381103516
"Imo","Ihitte/Uboma",2014,8.94859218597412
"Imo","Ihitte/Uboma",2015,0
"Imo","Ihitte/Uboma",2016,25.2056846618652
"Imo","Ihitte/Uboma",2017,0
"Imo","Ihitte/Uboma",2018,0
"Imo","Ihitte/Uboma",2019,0.612745881080627
"Imo","Ihitte/Uboma",2020,0
"Imo","Ihitte/Uboma",2021,3.69685435295105
"Imo","Ihitte/Uboma",2022,1.17773807048798
"Imo","Ihitte/Uboma",2023,4.62254285812378
"Imo","Ihitte/Uboma",2024,24.0383739471436
"Imo","Ikeduru",2012,194.639511108398
"Imo","Ikeduru",2013,167.031921386719
"Imo","Ikeduru",2014,186.867248535156
"Imo","Ikeduru",2015,150.21647644043
"Imo","Ikeduru",2016,121.608047485352
"Imo","Ikeduru",2017,61.5180206298828
"Imo","Ikeduru",2018,1.61548805236816
"Imo","Ikeduru",2019,31.6504726409912
"Imo","Ikeduru",2020,26.5944023132324
"Imo","Ikeduru",2021,78.5125732421875
"Imo","Ikeduru",2022,222.39680480957
"Imo","Ikeduru",2023,160.355682373047
"Imo","Ikeduru",2024,268.222534179688
"Imo","Isiala Mbano",2012,20.3438377380371
"Imo","Isiala Mbano",2013,15.0272388458252
"Imo","Isiala Mbano",2014,7.98384428024292
"Imo","Isiala Mbano",2015,11.3891439437866
"Imo","Isiala Mbano",2016,32.7675857543945
"Imo","Isiala Mbano",2017,5.20212507247925
"Imo","Isiala Mbano",2018,0
"Imo","Isiala Mbano",2019,2.40636777877808
"Imo","Isiala Mbano",2020,12.0722541809082
"Imo","Isiala Mbano",2021,20.7568683624268
"Imo","Isiala Mbano",2022,44.4229202270508
"Imo","Isiala Mbano",2023,57.857234954834
"Imo","Isiala Mbano",2024,167.450653076172
"Imo","Isu",2012,7.84778642654419
"Imo","Isu",2013,11.6842823028564
"Imo","Isu",2014,1.08198118209839
"Imo","Isu",2015,11.9633111953735
"Imo","Isu",2016,19.4357128143311
"Imo","Isu",2017,8.66798305511475
"Imo","Isu",2018,0.15633961558342
"Imo","Isu",2019,3.37776970863342
"Imo","Isu",2020,2.45082473754883
"Imo","Isu",2021,1.01758670806885
"Imo","Isu",2022,52.4378242492676
"Imo","Isu",2023,36.6484794616699
"Imo","Isu",2024,87.2025375366211
"Imo","Mbatoli",2012,624.057312011719
"Imo","Mbatoli",2013,403.997192382812
"Imo","Mbatoli",2014,453.262664794922
"Imo","Mbatoli",2015,388.462036132812
"Imo","Mbatoli",2016,371.758453369141
"Imo","Mbatoli",2017,293.053375244141
"Imo","Mbatoli",2018,156.83708190918
"Imo","Mbatoli",2019,294.501495361328
"Imo","Mbatoli",2020,319.167572021484
"Imo","Mbatoli",2021,327.456817626953
"Imo","Mbatoli",2022,638.9130859375
"Imo","Mbatoli",2023,586.569458007812
"Imo","Mbatoli",2024,772.11572265625
"Imo","Ngor-Okpala",2012,81.8138046264648
"Imo","Ngor-Okpala",2013,133.628326416016
"Imo","Ngor-Okpala",2014,38.2316398620605
"Imo","Ngor-Okpala",2015,59.5743064880371
"Imo","Ngor-Okpala",2016,0
"Imo","Ngor-Okpala",2017,3.7458598613739
"Imo","Ngor-Okpala",2018,5.27725791931152
"Imo","Ngor-Okpala",2019,0.511533200740814
"Imo","Ngor-Okpala",2020,3.28384852409363
"Imo","Ngor-Okpala",2021,0
"Imo","Ngor-Okpala",2022,1.01887559890747
"Imo","Ngor-Okpala",2023,4.93062210083008
"Imo","Ngor-Okpala",2024,32.680419921875
"Imo","Njaba",2012,134.365966796875
"Imo","Njaba",2013,133.721649169922
"Imo","Njaba",2014,74.0020294189453
"Imo","Njaba",2015,11.8198184967041
"Imo","Njaba",2016,4.68142986297607
"Imo","Njaba",2017,12.032338142395
"Imo","Njaba",2018,9.20079231262207
"Imo","Njaba",2019,23.9858779907227
"Imo","Njaba",2020,17.9738445281982
"Imo","Njaba",2021,30.1713180541992
"Imo","Njaba",2022,95.7148895263672
"Imo","Njaba",2023,132.126922607422
"Imo","Njaba",2024,217.285339355469
"Imo","Nkwerre",2012,3.6716902256012
"Imo","Nkwerre",2013,1.55369639396667
"Imo","Nkwerre",2014,3.6521577835083
"Imo","Nkwerre",2015,6.45486879348755
"Imo","Nkwerre",2016,3.36126947402954
"Imo","Nkwerre",2017,2.07379412651062
"Imo","Nkwerre",2018,0.240831539034843
"Imo","Nkwerre",2019,3.63580965995789
"Imo","Nkwerre",2020,0.810595452785492
"Imo","Nkwerre",2021,0.157285928726196
"Imo","Nkwerre",2022,36.6156272888184
"Imo","Nkwerre",2023,71.8855743408203
"Imo","Nkwerre",2024,78.9724655151367
"Imo","Nwangele",2012,16.9749145507812
"Imo","Nwangele",2013,7.5626916885376
"Imo","Nwangele",2014,9.64424800872803
"Imo","Nwangele",2015,19.1293411254883
"Imo","Nwangele",2016,18.4443511962891
"Imo","Nwangele",2017,4.75932931900024
"Imo","Nwangele",2018,2.63171291351318
"Imo","Nwangele",2019,4.48649311065674
"Imo","Nwangele",2020,4.768630027771
"Imo","Nwangele",2021,2.62213754653931
"Imo","Nwangele",2022,14.6088933944702
"Imo","Nwangele",2023,39.7521591186523
"Imo","Nwangele",2024,116.895599365234
"Imo","Obowo",2012,207.784942626953
"Imo","Obowo",2013,422.745391845703
"Imo","Obowo",2014,64.1233520507812
"Imo","Obowo",2015,21.8557529449463
"Imo","Obowo",2016,120.63875579834
"Imo","Obowo",2017,21.9686431884766
"Imo","Obowo",2018,0
"Imo","Obowo",2019,17.5314292907715
"Imo","Obowo",2020,5.63812160491943
"Imo","Obowo",2021,26.781192779541
"Imo","Obowo",2022,21.4005279541016
"Imo","Obowo",2023,11.5405158996582
"Imo","Obowo",2024,37.2156028747559
"Imo","Oguta",2012,35491.63671875
"Imo","Oguta",2013,31233.486328125
"Imo","Oguta",2014,12394.26171875
"Imo","Oguta",2015,12616.365234375
"Imo","Oguta",2016,16641.9453125
"Imo","Oguta",2017,13359.55078125
"Imo","Oguta",2018,16305.5546875
"Imo","Oguta",2019,16425.34375
"Imo","Oguta",2020,18930.806640625
"Imo","Oguta",2021,17430.96875
"Imo","Oguta",2022,6112.6337890625
"Imo","Oguta",2023,3688.498046875
"Imo","Oguta",2024,9001.078125
"Imo","Ohaji/Egbema",2012,12649.9228515625
"Imo","Ohaji/Egbema",2013,10147.2275390625
"Imo","Ohaji/Egbema",2014,4404.5849609375
"Imo","Ohaji/Egbema",2015,4622.88671875
"Imo","Ohaji/Egbema",2016,4479.5634765625
"Imo","Ohaji/Egbema",2017,4879.373046875
"Imo","Ohaji/Egbema",2018,6548.77294921875
"Imo","Ohaji/Egbema",2019,8628.736328125
"Imo","Ohaji/Egbema",2020,16660.740234375
"Imo","Ohaji/Egbema",2021,15547.056640625
"Imo","Ohaji/Egbema",2022,6696.02197265625
"Imo","Ohaji/Egbema",2023,16769.888671875
"Imo","Ohaji/Egbema",2024,33129.33984375
"Imo","Okigwe",2012,4.27445602416992
"Imo","Okigwe",2013,5.32310247421265
"Imo","Okigwe",2014,8.97684574127197
"Imo","Okigwe",2015,12.6305713653564
"Imo","Okigwe",2016,4.61836242675781
"Imo","Okigwe",2017,3.37898707389832
"Imo","Okigwe",2018,0
"Imo","Okigwe",2019,1.69614005088806
"Imo","Okigwe",2020,7.69978809356689
"Imo","Okigwe",2021,7.64701890945435
"Imo","Okigwe",2022,16.3963775634766
"Imo","Okigwe",2023,8.12259483337402
"Imo","Okigwe",2024,15.3809957504272
"Imo","Orlu",2012,207.719024658203
"Imo","Orlu",2013,140.693756103516
"Imo","Orlu",2014,112.76781463623
"Imo","Orlu",2015,74.291618347168
"Imo","Orlu",2016,13.2044305801392
"Imo","Orlu",2017,31.9177227020264
"Imo","Orlu",2018,12.328218460083
"Imo","Orlu",2019,37.1222229003906
"Imo","Orlu",2020,73.6732788085938
"Imo","Orlu",2021,66.8707580566406
"Imo","Orlu",2022,222.640548706055
"Imo","Orlu",2023,224.154846191406
"Imo","Orlu",2024,318.695495605469
"Imo","Orsu",2012,85.3375473022461
"Imo","Orsu",2013,53.5446090698242
"Imo","Orsu",2014,13.3695135116577
"Imo","Orsu",2015,3.4769606590271
"Imo","Orsu",2016,0
"Imo","Orsu",2017,0.792227506637573
"Imo","Orsu",2018,1.37373650074005
"Imo","Orsu",2019,0.48598724603653
"Imo","Orsu",2020,13.4431791305542
"Imo","Orsu",2021,1.64179694652557
"Imo","Orsu",2022,14.8551473617554
"Imo","Orsu",2023,27.6603565216064
"Imo","Orsu",2024,46.015739440918
"Imo","Oru East",2012,99.6992721557617
"Imo","Oru East",2013,133.110198974609
"Imo","Oru East",2014,79.2453765869141
"Imo","Oru East",2015,38.6131362915039
"Imo","Oru East",2016,5.81732225418091
"Imo","Oru East",2017,11.9305238723755
"Imo","Oru East",2018,33.4351005554199
"Imo","Oru East",2019,66.6238632202148
"Imo","Oru East",2020,84.8265151977539
"Imo","Oru East",2021,32.6763725280762
"Imo","Oru East",2022,68.6180191040039
"Imo","Oru East",2023,101.40697479248
"Imo","Oru East",2024,250.585342407227
"Imo","Oru West",2012,45.1968383789062
"Imo","Oru West",2013,27.1716899871826
"Imo","Oru West",2014,15.7236042022705
"Imo","Oru West",2015,18.3131065368652
"Imo","Oru West",2016,3.61258482933044
"Imo","Oru West",2017,4.31775045394897
"Imo","Oru West",2018,16.2399711608887
"Imo","Oru West",2019,19.2257232666016
"Imo","Oru West",2020,46.7000045776367
"Imo","Oru West",2021,15.0627183914185
"Imo","Oru West",2022,37.4913368225098
"Imo","Oru West",2023,25.7983264923096
"Imo","Oru West",2024,156.5048828125
"Imo","Owerri Municipal",2012,1041.09655761719
"Imo","Owerri Municipal",2013,1063.33410644531
"Imo","Owerri Municipal",2014,1059.63049316406
"Imo","Owerri Municipal",2015,989.176940917969
"Imo","Owerri Municipal",2016,840.953979492188
"Imo","Owerri Municipal",2017,784.943359375
"Imo","Owerri Municipal",2018,773.970642089844
"Imo","Owerri Municipal",2019,796.285888671875
"Imo","Owerri Municipal",2020,849.408142089844
"Imo","Owerri Municipal",2021,893.959594726562
"Imo","Owerri Municipal",2022,868.85498046875
"Imo","Owerri Municipal",2023,1009.3076171875
"Imo","Owerri Municipal",2024,953.138305664062
"Imo","Owerri North",2012,730.654113769531
"Imo","Owerri North",2013,747.508239746094
"Imo","Owerri North",2014,908.069030761719
"Imo","Owerri North",2015,827.070922851562
"Imo","Owerri North",2016,680.625305175781
"Imo","Owerri North",2017,606.815673828125
"Imo","Owerri North",2018,346.984832763672
"Imo","Owerri North",2019,459.04541015625
"Imo","Owerri North",2020,417.167724609375
"Imo","Owerri North",2021,604.993591308594
"Imo","Owerri North",2022,819.359558105469
"Imo","Owerri North",2023,874.586120605469
"Imo","Owerri North",2024,1041.86010742188
"Imo","Owerri West",2012,862.228881835938
"Imo","Owerri West",2013,983.515441894531
"Imo","Owerri West",2014,828.465393066406
"Imo","Owerri West",2015,801.297973632812
"Imo","Owerri West",2016,474.522430419922
"Imo","Owerri West",2017,535.1748046875
"Imo","Owerri West",2018,425.870300292969
"Imo","Owerri West",2019,548.99560546875
"Imo","Owerri West",2020,611.474182128906
"Imo","Owerri West",2021,815.609924316406
"Imo","Owerri West",2022,940.048278808594
"Imo","Owerri West",2023,1216.67053222656
"Imo","Owerri West",2024,1607.49243164062
"Imo","Unuimo",2012,0
"Imo","Unuimo",2013,0
"Imo","Unuimo",2014,0
"Imo","Unuimo",2015,0
"Imo","Unuimo",2016,0
"Imo","Unuimo",2017,0
"Imo","Unuimo",2018,0
"Imo","Unuimo",2019,0
"Imo","Unuimo",2020,0.000259014370385557
"Imo","Unuimo",2021,0.500202119350433
"Imo","Unuimo",2022,0
"Imo","Unuimo",2023,0
"Imo","Unuimo",2024,13.6330490112305
"Jigawa","Auyo",2012,52.0078887939453
"Jigawa","Auyo",2013,149.168975830078
"Jigawa","Auyo",2014,191.596176147461
"Jigawa","Auyo",2015,327.873809814453
"Jigawa","Auyo",2016,263.235473632812
"Jigawa","Auyo",2017,154.461181640625
"Jigawa","Auyo",2018,130.358764648438
"Jigawa","Auyo",2019,133.981231689453
"Jigawa","Auyo",2020,111.780586242676
"Jigawa","Auyo",2021,100.423362731934
"Jigawa","Auyo",2022,65.6317291259766
"Jigawa","Auyo",2023,94.9504928588867
"Jigawa","Auyo",2024,82.2280120849609
"Jigawa","Babura",2012,0
"Jigawa","Babura",2013,0
"Jigawa","Babura",2014,1.06872260570526
"Jigawa","Babura",2015,0.512758910655975
"Jigawa","Babura",2016,0
"Jigawa","Babura",2017,0
"Jigawa","Babura",2018,1.87929201126099
"Jigawa","Babura",2019,1.27763080596924
"Jigawa","Babura",2020,1.07235383987427
"Jigawa","Babura",2021,0
"Jigawa","Babura",2022,1.65452671051025
"Jigawa","Babura",2023,1.81687474250793
"Jigawa","Babura",2024,6.51103782653809
"Jigawa","Biriniwa",2012,0.599215865135193
"Jigawa","Biriniwa",2013,0
"Jigawa","Biriniwa",2014,287.641326904297
"Jigawa","Biriniwa",2015,251.329971313477
"Jigawa","Biriniwa",2016,173.995010375977
"Jigawa","Biriniwa",2017,66.4854431152344
"Jigawa","Biriniwa",2018,101.086486816406
"Jigawa","Biriniwa",2019,109.606163024902
"Jigawa","Biriniwa",2020,90.9856109619141
"Jigawa","Biriniwa",2021,117.968887329102
"Jigawa","Biriniwa",2022,105.50212097168
"Jigawa","Biriniwa",2023,93.2720108032227
"Jigawa","Biriniwa",2024,88.7779159545898
"Jigawa","Birnin Kudu",2012,114.268745422363
"Jigawa","Birnin Kudu",2013,118.719551086426
"Jigawa","Birnin Kudu",2014,419.346496582031
"Jigawa","Birnin Kudu",2015,582.3046875
"Jigawa","Birnin Kudu",2016,504.016418457031
"Jigawa","Birnin Kudu",2017,370.120635986328
"Jigawa","Birnin Kudu",2018,280.282257080078
"Jigawa","Birnin Kudu",2019,282.148071289062
"Jigawa","Birnin Kudu",2020,251.241165161133
"Jigawa","Birnin Kudu",2021,317.348846435547
"Jigawa","Birnin Kudu",2022,290.914794921875
"Jigawa","Birnin Kudu",2023,329.835693359375
"Jigawa","Birnin Kudu",2024,208.044967651367
"Jigawa","Buji",2012,0
"Jigawa","Buji",2013,27.5536518096924
"Jigawa","Buji",2014,126.17797088623
"Jigawa","Buji",2015,136.343338012695
"Jigawa","Buji",2016,100.877830505371
"Jigawa","Buji",2017,74.9692459106445
"Jigawa","Buji",2018,49.2575531005859
"Jigawa","Buji",2019,41.8570938110352
"Jigawa","Buji",2020,45.143238067627
"Jigawa","Buji",2021,91.7251739501953
"Jigawa","Buji",2022,80.983772277832
"Jigawa","Buji",2023,76.0766220092773
"Jigawa","Buji",2024,64.8000335693359
"Jigawa","Dutse",2012,1253.77685546875
"Jigawa","Dutse",2013,1462.68237304688
"Jigawa","Dutse",2014,2222.85913085938
"Jigawa","Dutse",2015,1622.02197265625
"Jigawa","Dutse",2016,1182.49255371094
"Jigawa","Dutse",2017,1398.70141601562
"Jigawa","Dutse",2018,1406.37109375
"Jigawa","Dutse",2019,1533.20129394531
"Jigawa","Dutse",2020,1382.34497070312
"Jigawa","Dutse",2021,1538.05432128906
"Jigawa","Dutse",2022,1626.74572753906
"Jigawa","Dutse",2023,1590.13830566406
"Jigawa","Dutse",2024,1488.55041503906
"Jigawa","Gagarawa",2012,0
"Jigawa","Gagarawa",2013,0
"Jigawa","Gagarawa",2014,99.3284149169922
"Jigawa","Gagarawa",2015,136.044387817383
"Jigawa","Gagarawa",2016,85.8530349731445
"Jigawa","Gagarawa",2017,77.0714645385742
"Jigawa","Gagarawa",2018,85.8567047119141
"Jigawa","Gagarawa",2019,61.9867897033691
"Jigawa","Gagarawa",2020,47.5736808776855
"Jigawa","Gagarawa",2021,68.7581176757812
"Jigawa","Gagarawa",2022,87.0167465209961
"Jigawa","Gagarawa",2023,99.51904296875
"Jigawa","Gagarawa",2024,78.2355499267578
"Jigawa","Garki",2012,0
"Jigawa","Garki",2013,0
"Jigawa","Garki",2014,15.2218818664551
"Jigawa","Garki",2015,153.474380493164
"Jigawa","Garki",2016,96.4868927001953
"Jigawa","Garki",2017,55.7143058776855
"Jigawa","Garki",2018,52.032600402832
"Jigawa","Garki",2019,54.1290702819824
"Jigawa","Garki",2020,47.1957054138184
"Jigawa","Garki",2021,18.2353801727295
"Jigawa","Garki",2022,19.9330959320068
"Jigawa","Garki",2023,18.8498287200928
"Jigawa","Garki",2024,17.9210929870605
"Jigawa","Gumel",2012,125.313697814941
"Jigawa","Gumel",2013,125.661750793457
"Jigawa","Gumel",2014,394.754028320312
"Jigawa","Gumel",2015,451.732330322266
"Jigawa","Gumel",2016,404.440673828125
"Jigawa","Gumel",2017,272.213775634766
"Jigawa","Gumel",2018,313.305450439453
"Jigawa","Gumel",2019,280.140533447266
"Jigawa","Gumel",2020,283.033752441406
"Jigawa","Gumel",2021,260.806762695312
"Jigawa","Gumel",2022,267.942169189453
"Jigawa","Gumel",2023,201.890975952148
"Jigawa","Gumel",2024,193.2060546875
"Jigawa","Guri",2012,0
"Jigawa","Guri",2013,53.0364303588867
"Jigawa","Guri",2014,418.955963134766
"Jigawa","Guri",2015,327.501708984375
"Jigawa","Guri",2016,129.136764526367
"Jigawa","Guri",2017,81.2336196899414
"Jigawa","Guri",2018,76.7082290649414
"Jigawa","Guri",2019,78.0214996337891
"Jigawa","Guri",2020,60.7854690551758
"Jigawa","Guri",2021,45.2601318359375
"Jigawa","Guri",2022,62.0286102294922
"Jigawa","Guri",2023,73.272575378418
"Jigawa","Guri",2024,53.4479789733887
"Jigawa","Gwaram",2012,59.061393737793
"Jigawa","Gwaram",2013,81.9549179077148
"Jigawa","Gwaram",2014,86.6928405761719
"Jigawa","Gwaram",2015,94.8484344482422
"Jigawa","Gwaram",2016,128.348571777344
"Jigawa","Gwaram",2017,95.500617980957
"Jigawa","Gwaram",2018,73.7838363647461
"Jigawa","Gwaram",2019,51.8779602050781
"Jigawa","Gwaram",2020,39.9424362182617
"Jigawa","Gwaram",2021,46.05908203125
"Jigawa","Gwaram",2022,85.4590225219727
"Jigawa","Gwaram",2023,84.4551773071289
"Jigawa","Gwaram",2024,75.4533157348633
"Jigawa","Gwiwa",2012,82.2974090576172
"Jigawa","Gwiwa",2013,145.181365966797
"Jigawa","Gwiwa",2014,235.148529052734
"Jigawa","Gwiwa",2015,246.267288208008
"Jigawa","Gwiwa",2016,246.301254272461
"Jigawa","Gwiwa",2017,176.055801391602
"Jigawa","Gwiwa",2018,184.136077880859
"Jigawa","Gwiwa",2019,153.424545288086
"Jigawa","Gwiwa",2020,103.760612487793
"Jigawa","Gwiwa",2021,130.073303222656
"Jigawa","Gwiwa",2022,119.001037597656
"Jigawa","Gwiwa",2023,113.891937255859
"Jigawa","Gwiwa",2024,95.3480911254883
"Jigawa","Hadejia",2012,275.704986572266
"Jigawa","Hadejia",2013,340.904754638672
"Jigawa","Hadejia",2014,520.371887207031
"Jigawa","Hadejia",2015,495.038238525391
"Jigawa","Hadejia",2016,353.818206787109
"Jigawa","Hadejia",2017,303.866424560547
"Jigawa","Hadejia",2018,249.436553955078
"Jigawa","Hadejia",2019,289.252685546875
"Jigawa","Hadejia",2020,300.545806884766
"Jigawa","Hadejia",2021,275.911376953125
"Jigawa","Hadejia",2022,278.198455810547
"Jigawa","Hadejia",2023,266.993530273438
"Jigawa","Hadejia",2024,240.535903930664
"Jigawa","Jahun",2012,17.3903121948242
"Jigawa","Jahun",2013,111.414459228516
"Jigawa","Jahun",2014,200.292663574219
"Jigawa","Jahun",2015,221.763687133789
"Jigawa","Jahun",2016,133.852554321289
"Jigawa","Jahun",2017,137.782791137695
"Jigawa","Jahun",2018,126.254188537598
"Jigawa","Jahun",2019,92.1864471435547
"Jigawa","Jahun",2020,82.8172378540039
"Jigawa","Jahun",2021,83.4215393066406
"Jigawa","Jahun",2022,68.9084167480469
"Jigawa","Jahun",2023,117.569526672363
"Jigawa","Jahun",2024,111.150848388672
"Jigawa","Kafin Hausa",2012,0
"Jigawa","Kafin Hausa",2013,17.2472381591797
"Jigawa","Kafin Hausa",2014,23.0848140716553
"Jigawa","Kafin Hausa",2015,20.9305934906006
"Jigawa","Kafin Hausa",2016,14.7635440826416
"Jigawa","Kafin Hausa",2017,2.89685153961182
"Jigawa","Kafin Hausa",2018,9.14987754821777
"Jigawa","Kafin Hausa",2019,7.19819450378418
"Jigawa","Kafin Hausa",2020,6.79521036148071
"Jigawa","Kafin Hausa",2021,11.7267255783081
"Jigawa","Kafin Hausa",2022,17.610034942627
"Jigawa","Kafin Hausa",2023,22.7961769104004
"Jigawa","Kafin Hausa",2024,14.2414503097534
"Jigawa","Kaugama",2012,10.3867473602295
"Jigawa","Kaugama",2013,158.498352050781
"Jigawa","Kaugama",2014,106.845001220703
"Jigawa","Kaugama",2015,105.620101928711
"Jigawa","Kaugama",2016,109.423484802246
"Jigawa","Kaugama",2017,94.3726348876953
"Jigawa","Kaugama",2018,163.013824462891
"Jigawa","Kaugama",2019,130.838104248047
"Jigawa","Kaugama",2020,79.3549499511719
"Jigawa","Kaugama",2021,89.8259201049805
"Jigawa","Kaugama",2022,102.141380310059
"Jigawa","Kaugama",2023,131.365447998047
"Jigawa","Kaugama",2024,123.128364562988
"Jigawa","Kazaure",2012,113.750297546387
"Jigawa","Kazaure",2013,153.520370483398
"Jigawa","Kazaure",2014,382.378082275391
"Jigawa","Kazaure",2015,312.115875244141
"Jigawa","Kazaure",2016,248.160369873047
"Jigawa","Kazaure",2017,217.087005615234
"Jigawa","Kazaure",2018,243.188873291016
"Jigawa","Kazaure",2019,196.862594604492
"Jigawa","Kazaure",2020,142.11393737793
"Jigawa","Kazaure",2021,168.447677612305
"Jigawa","Kazaure",2022,194.144226074219
"Jigawa","Kazaure",2023,228.9375
"Jigawa","Kazaure",2024,349.050201416016
"Jigawa","Kiri Kasama",2012,0.394800901412964
"Jigawa","Kiri Kasama",2013,1.03129076957703
"Jigawa","Kiri Kasama",2014,36.4163551330566
"Jigawa","Kiri Kasama",2015,331.578826904297
"Jigawa","Kiri Kasama",2016,379.170745849609
"Jigawa","Kiri Kasama",2017,218.093109130859
"Jigawa","Kiri Kasama",2018,174.059448242188
"Jigawa","Kiri Kasama",2019,136.545440673828
"Jigawa","Kiri Kasama",2020,139.268966674805
"Jigawa","Kiri Kasama",2021,129.460876464844
"Jigawa","Kiri Kasama",2022,84.8430557250977
"Jigawa","Kiri Kasama",2023,82.9565658569336
"Jigawa","Kiri Kasama",2024,114.269515991211
"Jigawa","Kiyawa",2012,131.561752319336
"Jigawa","Kiyawa",2013,251.701049804688
"Jigawa","Kiyawa",2014,206.423385620117
"Jigawa","Kiyawa",2015,152.021484375
"Jigawa","Kiyawa",2016,143.568283081055
"Jigawa","Kiyawa",2017,127.373481750488
"Jigawa","Kiyawa",2018,100.374076843262
"Jigawa","Kiyawa",2019,129.239379882812
"Jigawa","Kiyawa",2020,88.1108627319336
"Jigawa","Kiyawa",2021,110.847885131836
"Jigawa","Kiyawa",2022,221.178619384766
"Jigawa","Kiyawa",2023,183.180328369141
"Jigawa","Kiyawa",2024,136.289657592773
"Jigawa","Maigatari",2012,52.7549133300781
"Jigawa","Maigatari",2013,131.546371459961
"Jigawa","Maigatari",2014,110.561431884766
"Jigawa","Maigatari",2015,138.809341430664
"Jigawa","Maigatari",2016,79.9652481079102
"Jigawa","Maigatari",2017,71.5099029541016
"Jigawa","Maigatari",2018,56.5820579528809
"Jigawa","Maigatari",2019,63.7412376403809
"Jigawa","Maigatari",2020,65.3471298217773
"Jigawa","Maigatari",2021,60.3261642456055
"Jigawa","Maigatari",2022,71.2372283935547
"Jigawa","Maigatari",2023,45.1803092956543
"Jigawa","Maigatari",2024,38.6225967407227
"Jigawa","Malam Maduri",2012,108.56575012207
"Jigawa","Malam Maduri",2013,154.604904174805
"Jigawa","Malam Maduri",2014,248.059646606445
"Jigawa","Malam Maduri",2015,548.634338378906
"Jigawa","Malam Maduri",2016,398.128356933594
"Jigawa","Malam Maduri",2017,369.742950439453
"Jigawa","Malam Maduri",2018,350.571166992188
"Jigawa","Malam Maduri",2019,417.086853027344
"Jigawa","Malam Maduri",2020,400.045562744141
"Jigawa","Malam Maduri",2021,359.582550048828
"Jigawa","Malam Maduri",2022,359.308868408203
"Jigawa","Malam Maduri",2023,351.955718994141
"Jigawa","Malam Maduri",2024,357.750122070312
"Jigawa","Miga",2012,0.740051865577698
"Jigawa","Miga",2013,24.1495628356934
"Jigawa","Miga",2014,176.268264770508
"Jigawa","Miga",2015,104.632789611816
"Jigawa","Miga",2016,46.3265991210938
"Jigawa","Miga",2017,52.1302070617676
"Jigawa","Miga",2018,67.0474395751953
"Jigawa","Miga",2019,45.5393409729004
"Jigawa","Miga",2020,40.4567451477051
"Jigawa","Miga",2021,14.922025680542
"Jigawa","Miga",2022,14.6177444458008
"Jigawa","Miga",2023,16.3612632751465
"Jigawa","Miga",2024,21.4461231231689
"Jigawa","Ringim",2012,51.3893890380859
"Jigawa","Ringim",2013,82.5871505737305
"Jigawa","Ringim",2014,254.40576171875
"Jigawa","Ringim",2015,394.593811035156
"Jigawa","Ringim",2016,298.555511474609
"Jigawa","Ringim",2017,243.432907104492
"Jigawa","Ringim",2018,261.418304443359
"Jigawa","Ringim",2019,285.654327392578
"Jigawa","Ringim",2020,244.804077148438
"Jigawa","Ringim",2021,243.465133666992
"Jigawa","Ringim",2022,195.426422119141
"Jigawa","Ringim",2023,198.833145141602
"Jigawa","Ringim",2024,186.966751098633
"Jigawa","Roni",2012,0
"Jigawa","Roni",2013,0
"Jigawa","Roni",2014,0
"Jigawa","Roni",2015,0
"Jigawa","Roni",2016,0
"Jigawa","Roni",2017,0
"Jigawa","Roni",2018,1.73005270957947
"Jigawa","Roni",2019,0
"Jigawa","Roni",2020,0
"Jigawa","Roni",2021,1.34343659877777
"Jigawa","Roni",2022,2.80401921272278
"Jigawa","Roni",2023,1.2092866897583
"Jigawa","Roni",2024,1.77440810203552
"Jigawa","Sule Tankarkar",2012,9.15320301055908
"Jigawa","Sule Tankarkar",2013,156.683792114258
"Jigawa","Sule Tankarkar",2014,554.799133300781
"Jigawa","Sule Tankarkar",2015,496.318176269531
"Jigawa","Sule Tankarkar",2016,428.265197753906
"Jigawa","Sule Tankarkar",2017,300.326171875
"Jigawa","Sule Tankarkar",2018,206.128265380859
"Jigawa","Sule Tankarkar",2019,173.939453125
"Jigawa","Sule Tankarkar",2020,207.273559570312
"Jigawa","Sule Tankarkar",2021,211.000213623047
"Jigawa","Sule Tankarkar",2022,214.658706665039
"Jigawa","Sule Tankarkar",2023,199.344360351562
"Jigawa","Sule Tankarkar",2024,163.101058959961
"Jigawa","Taura",2012,0
"Jigawa","Taura",2013,2.96074891090393
"Jigawa","Taura",2014,187.233673095703
"Jigawa","Taura",2015,166.655349731445
"Jigawa","Taura",2016,173.972076416016
"Jigawa","Taura",2017,127.124519348145
"Jigawa","Taura",2018,104.234016418457
"Jigawa","Taura",2019,101.737617492676
"Jigawa","Taura",2020,42.5340728759766
"Jigawa","Taura",2021,67.4567184448242
"Jigawa","Taura",2022,78.6191024780273
"Jigawa","Taura",2023,72.1789779663086
"Jigawa","Taura",2024,36.4599227905273
"Jigawa","Yankwashi",2012,9.95677661895752
"Jigawa","Yankwashi",2013,13.6347789764404
"Jigawa","Yankwashi",2014,25.1526107788086
"Jigawa","Yankwashi",2015,170.767074584961
"Jigawa","Yankwashi",2016,140.931640625
"Jigawa","Yankwashi",2017,128.306747436523
"Jigawa","Yankwashi",2018,68.2277450561523
"Jigawa","Yankwashi",2019,85.5104675292969
"Jigawa","Yankwashi",2020,69.2578125
"Jigawa","Yankwashi",2021,56.3164520263672
"Jigawa","Yankwashi",2022,88.6912536621094
"Jigawa","Yankwashi",2023,56.3707618713379
"Jigawa","Yankwashi",2024,68.3777694702148
"Kaduna","Birnin Gwari",2012,464.081024169922
"Kaduna","Birnin Gwari",2013,411.515777587891
"Kaduna","Birnin Gwari",2014,434.451049804688
"Kaduna","Birnin Gwari",2015,410.783050537109
"Kaduna","Birnin Gwari",2016,325.580169677734
"Kaduna","Birnin Gwari",2017,151.865173339844
"Kaduna","Birnin Gwari",2018,249.821090698242
"Kaduna","Birnin Gwari",2019,148.991897583008
"Kaduna","Birnin Gwari",2020,116.047637939453
"Kaduna","Birnin Gwari",2021,110.14266204834
"Kaduna","Birnin Gwari",2022,50.7590446472168
"Kaduna","Birnin Gwari",2023,64.6566848754883
"Kaduna","Birnin Gwari",2024,71.0863800048828
"Kaduna","Chikun",2012,7064.83740234375
"Kaduna","Chikun",2013,3520.73364257812
"Kaduna","Chikun",2014,2822.58471679688
"Kaduna","Chikun",2015,1869.94372558594
"Kaduna","Chikun",2016,2091.19702148438
"Kaduna","Chikun",2017,2667.00170898438
"Kaduna","Chikun",2018,1672.62744140625
"Kaduna","Chikun",2019,1587.66174316406
"Kaduna","Chikun",2020,1682.13293457031
"Kaduna","Chikun",2021,2310.17578125
"Kaduna","Chikun",2022,2565.21508789062
"Kaduna","Chikun",2023,2643.6240234375
"Kaduna","Chikun",2024,2061.7109375
"Kaduna","Giwa",2012,42.6480674743652
"Kaduna","Giwa",2013,35.7528800964355
"Kaduna","Giwa",2014,68.8512496948242
"Kaduna","Giwa",2015,41.551815032959
"Kaduna","Giwa",2016,31.3824348449707
"Kaduna","Giwa",2017,41.8197174072266
"Kaduna","Giwa",2018,51.6309089660645
"Kaduna","Giwa",2019,66.7607727050781
"Kaduna","Giwa",2020,23.9297275543213
"Kaduna","Giwa",2021,2.24054026603699
"Kaduna","Giwa",2022,11.7799186706543
"Kaduna","Giwa",2023,22.7475242614746
"Kaduna","Giwa",2024,11.494384765625
"Kaduna","Igabi",2012,3962.14184570312
"Kaduna","Igabi",2013,3696.1982421875
"Kaduna","Igabi",2014,4356.8125
"Kaduna","Igabi",2015,3851.17529296875
"Kaduna","Igabi",2016,4250.8095703125
"Kaduna","Igabi",2017,3386.49291992188
"Kaduna","Igabi",2018,3038.05859375
"Kaduna","Igabi",2019,2390.56176757812
"Kaduna","Igabi",2020,2928.484375
"Kaduna","Igabi",2021,3953.15844726562
"Kaduna","Igabi",2022,4750.11572265625
"Kaduna","Igabi",2023,5035.5966796875
"Kaduna","Igabi",2024,3936.97729492188
"Kaduna","Ikara",2012,0
"Kaduna","Ikara",2013,0
"Kaduna","Ikara",2014,0
"Kaduna","Ikara",2015,0
"Kaduna","Ikara",2016,0
"Kaduna","Ikara",2017,2.04232573509216
"Kaduna","Ikara",2018,1.17896711826324
"Kaduna","Ikara",2019,0
"Kaduna","Ikara",2020,1.71940040588379
"Kaduna","Ikara",2021,2.41965007781982
"Kaduna","Ikara",2022,19.3052253723145
"Kaduna","Ikara",2023,25.1472702026367
"Kaduna","Ikara",2024,14.6656808853149
"Kaduna","Jaba",2012,2.23444843292236
"Kaduna","Jaba",2013,0
"Kaduna","Jaba",2014,3.16169309616089
"Kaduna","Jaba",2015,0.623389780521393
"Kaduna","Jaba",2016,0.448106050491333
"Kaduna","Jaba",2017,0.425050586462021
"Kaduna","Jaba",2018,1.16029632091522
"Kaduna","Jaba",2019,3.17683506011963
"Kaduna","Jaba",2020,0
"Kaduna","Jaba",2021,1.20366644859314
"Kaduna","Jaba",2022,8.92565155029297
"Kaduna","Jaba",2023,38.4886207580566
"Kaduna","Jaba",2024,57.820743560791
"Kaduna","Jema'a",2012,17.4100570678711
"Kaduna","Jema'a",2013,3.2991042137146
"Kaduna","Jema'a",2014,14.3277521133423
"Kaduna","Jema'a",2015,18.4329376220703
"Kaduna","Jema'a",2016,8.69189262390137
"Kaduna","Jema'a",2017,4.04614114761353
"Kaduna","Jema'a",2018,33.2245712280273
"Kaduna","Jema'a",2019,6.79682636260986
"Kaduna","Jema'a",2020,1.06560790538788
"Kaduna","Jema'a",2021,0.0215626917779446
"Kaduna","Jema'a",2022,5.56238889694214
"Kaduna","Jema'a",2023,11.371958732605
"Kaduna","Jema'a",2024,5.97404909133911
"Kaduna","Kachia",2012,154.485656738281
"Kaduna","Kachia",2013,191.877380371094
"Kaduna","Kachia",2014,203.823196411133
"Kaduna","Kachia",2015,148.916442871094
"Kaduna","Kachia",2016,102.940422058105
"Kaduna","Kachia",2017,43.8336181640625
"Kaduna","Kachia",2018,57.598503112793
"Kaduna","Kachia",2019,55.4306869506836
"Kaduna","Kachia",2020,25.3670692443848
"Kaduna","Kachia",2021,36.3349266052246
"Kaduna","Kachia",2022,98.7562255859375
"Kaduna","Kachia",2023,133.949554443359
"Kaduna","Kachia",2024,113.925270080566
"Kaduna","Kaduna North",2012,3688.4345703125
"Kaduna","Kaduna North",2013,3197.47485351562
"Kaduna","Kaduna North",2014,3480.58276367188
"Kaduna","Kaduna North",2015,3183.228515625
"Kaduna","Kaduna North",2016,3258.955078125
"Kaduna","Kaduna North",2017,2873.18139648438
"Kaduna","Kaduna North",2018,2705.66333007812
"Kaduna","Kaduna North",2019,2449.89306640625
"Kaduna","Kaduna North",2020,2926.78540039062
"Kaduna","Kaduna North",2021,3331.11962890625
"Kaduna","Kaduna North",2022,3782.40087890625
"Kaduna","Kaduna North",2023,4123.810546875
"Kaduna","Kaduna North",2024,3543.70556640625
"Kaduna","Kaduna South",2012,3228.71948242188
"Kaduna","Kaduna South",2013,3270.21997070312
"Kaduna","Kaduna South",2014,3360.7099609375
"Kaduna","Kaduna South",2015,2681.40600585938
"Kaduna","Kaduna South",2016,2569.66967773438
"Kaduna","Kaduna South",2017,2100.14233398438
"Kaduna","Kaduna South",2018,2140.26196289062
"Kaduna","Kaduna South",2019,1986.01391601562
"Kaduna","Kaduna South",2020,2154.70556640625
"Kaduna","Kaduna South",2021,2575.318359375
"Kaduna","Kaduna South",2022,2750.54345703125
"Kaduna","Kaduna South",2023,2848.14721679688
"Kaduna","Kaduna South",2024,2345.19165039062
"Kaduna","Kagarko",2012,179.277587890625
"Kaduna","Kagarko",2013,247.330184936523
"Kaduna","Kagarko",2014,269.483673095703
"Kaduna","Kagarko",2015,361.053405761719
"Kaduna","Kagarko",2016,349.642425537109
"Kaduna","Kagarko",2017,204.400497436523
"Kaduna","Kagarko",2018,182.309600830078
"Kaduna","Kagarko",2019,166.018188476562
"Kaduna","Kagarko",2020,213.738494873047
"Kaduna","Kagarko",2021,558.817016601562
"Kaduna","Kagarko",2022,929.673278808594
"Kaduna","Kagarko",2023,956.68359375
"Kaduna","Kagarko",2024,1082.05334472656
"Kaduna","Kajuru",2012,4.10782384872437
"Kaduna","Kajuru",2013,8.2839298248291
"Kaduna","Kajuru",2014,0.532943964004517
"Kaduna","Kajuru",2015,0
"Kaduna","Kajuru",2016,0.533668577671051
"Kaduna","Kajuru",2017,14.3873882293701
"Kaduna","Kajuru",2018,0
"Kaduna","Kajuru",2019,0
"Kaduna","Kajuru",2020,0
"Kaduna","Kajuru",2021,18.8984680175781
"Kaduna","Kajuru",2022,16.9010524749756
"Kaduna","Kajuru",2023,7.59073734283447
"Kaduna","Kajuru",2024,1.73246598243713
"Kaduna","Kaura",2012,2.28156542778015
"Kaduna","Kaura",2013,0
"Kaduna","Kaura",2014,24.1199340820312
"Kaduna","Kaura",2015,75.0062866210938
"Kaduna","Kaura",2016,42.3254508972168
"Kaduna","Kaura",2017,35.355785369873
"Kaduna","Kaura",2018,39.0340385437012
"Kaduna","Kaura",2019,36.1064643859863
"Kaduna","Kaura",2020,19.0378551483154
"Kaduna","Kaura",2021,38.7173805236816
"Kaduna","Kaura",2022,65.7349014282227
"Kaduna","Kaura",2023,48.5986938476562
"Kaduna","Kaura",2024,38.8897590637207
"Kaduna","Kauru",2012,0
"Kaduna","Kauru",2013,0
"Kaduna","Kauru",2014,0
"Kaduna","Kauru",2015,1.60857963562012
"Kaduna","Kauru",2016,0
"Kaduna","Kauru",2017,0
"Kaduna","Kauru",2018,0
"Kaduna","Kauru",2019,0
"Kaduna","Kauru",2020,0
"Kaduna","Kauru",2021,0
"Kaduna","Kauru",2022,0
"Kaduna","Kauru",2023,1.71990406513214
"Kaduna","Kauru",2024,1.01845669746399
"Kaduna","Kubau",2012,19.2708797454834
"Kaduna","Kubau",2013,19.3433952331543
"Kaduna","Kubau",2014,13.8389234542847
"Kaduna","Kubau",2015,12.7846450805664
"Kaduna","Kubau",2016,9.4757604598999
"Kaduna","Kubau",2017,5.7799072265625
"Kaduna","Kubau",2018,4.67299032211304
"Kaduna","Kubau",2019,27.0979061126709
"Kaduna","Kubau",2020,9.92718982696533
"Kaduna","Kubau",2021,8.52830505371094
"Kaduna","Kubau",2022,15.1586265563965
"Kaduna","Kubau",2023,38.9646492004395
"Kaduna","Kubau",2024,56.0941619873047
"Kaduna","Kudan",2012,1.12154638767242
"Kaduna","Kudan",2013,0.516884684562683
"Kaduna","Kudan",2014,0.0905369445681572
"Kaduna","Kudan",2015,0.0906830579042435
"Kaduna","Kudan",2016,0
"Kaduna","Kudan",2017,19.5986328125
"Kaduna","Kudan",2018,87.7546691894531
"Kaduna","Kudan",2019,16.2399158477783
"Kaduna","Kudan",2020,3.24083995819092
"Kaduna","Kudan",2021,6.894850730896
"Kaduna","Kudan",2022,47.5406646728516
"Kaduna","Kudan",2023,24.1436157226562
"Kaduna","Kudan",2024,4.70897769927979
"Kaduna","Lere",2012,134.218872070312
"Kaduna","Lere",2013,59.0085945129395
"Kaduna","Lere",2014,40.4045295715332
"Kaduna","Lere",2015,65.6105194091797
"Kaduna","Lere",2016,48.1465187072754
"Kaduna","Lere",2017,37.454044342041
"Kaduna","Lere",2018,50.0527801513672
"Kaduna","Lere",2019,46.0524139404297
"Kaduna","Lere",2020,32.7465400695801
"Kaduna","Lere",2021,2.95203113555908
"Kaduna","Lere",2022,7.24470853805542
"Kaduna","Lere",2023,36.281322479248
"Kaduna","Lere",2024,46.4212951660156
"Kaduna","Makarfi",2012,0
"Kaduna","Makarfi",2013,0
"Kaduna","Makarfi",2014,0.521974921226501
"Kaduna","Makarfi",2015,0.516024589538574
"Kaduna","Makarfi",2016,0.485166400671005
"Kaduna","Makarfi",2017,15.951268196106
"Kaduna","Makarfi",2018,44.6442832946777
"Kaduna","Makarfi",2019,21.4099521636963
"Kaduna","Makarfi",2020,11.5937213897705
"Kaduna","Makarfi",2021,30.8045043945312
"Kaduna","Makarfi",2022,170.797393798828
"Kaduna","Makarfi",2023,225.474517822266
"Kaduna","Makarfi",2024,98.4992065429688
"Kaduna","Sabon Gari",2012,1069.43640136719
"Kaduna","Sabon Gari",2013,786.849853515625
"Kaduna","Sabon Gari",2014,1079.36645507812
"Kaduna","Sabon Gari",2015,943.506286621094
"Kaduna","Sabon Gari",2016,949.401977539062
"Kaduna","Sabon Gari",2017,1138.66857910156
"Kaduna","Sabon Gari",2018,1132.05407714844
"Kaduna","Sabon Gari",2019,936.414367675781
"Kaduna","Sabon Gari",2020,1314.712890625
"Kaduna","Sabon Gari",2021,1535.07946777344
"Kaduna","Sabon Gari",2022,1713.71166992188
"Kaduna","Sabon Gari",2023,1633.50219726562
"Kaduna","Sabon Gari",2024,1262.85949707031
"Kaduna","Sanga",2012,79.8149948120117
"Kaduna","Sanga",2013,63.4316062927246
"Kaduna","Sanga",2014,14.1508569717407
"Kaduna","Sanga",2015,0
"Kaduna","Sanga",2016,0
"Kaduna","Sanga",2017,0
"Kaduna","Sanga",2018,16.8168869018555
"Kaduna","Sanga",2019,0
"Kaduna","Sanga",2020,0
"Kaduna","Sanga",2021,0
"Kaduna","Sanga",2022,0
"Kaduna","Sanga",2023,2.22228527069092
"Kaduna","Sanga",2024,4.10167932510376
"Kaduna","Soba",2012,0.0321389250457287
"Kaduna","Soba",2013,0
"Kaduna","Soba",2014,0.0455363094806671
"Kaduna","Soba",2015,3.61748957633972
"Kaduna","Soba",2016,4.77513742446899
"Kaduna","Soba",2017,22.365571975708
"Kaduna","Soba",2018,72.218864440918
"Kaduna","Soba",2019,61.8366317749023
"Kaduna","Soba",2020,46.8803329467773
"Kaduna","Soba",2021,5.40368890762329
"Kaduna","Soba",2022,9.42907905578613
"Kaduna","Soba",2023,9.91975879669189
"Kaduna","Soba",2024,13.9663257598877
"Kaduna","Zangon Kataf",2012,48.0349159240723
"Kaduna","Zangon Kataf",2013,23.3992137908936
"Kaduna","Zangon Kataf",2014,152.182144165039
"Kaduna","Zangon Kataf",2015,208.47380065918
"Kaduna","Zangon Kataf",2016,227.735824584961
"Kaduna","Zangon Kataf",2017,196.92138671875
"Kaduna","Zangon Kataf",2018,289.255950927734
"Kaduna","Zangon Kataf",2019,201.301849365234
"Kaduna","Zangon Kataf",2020,157.969360351562
"Kaduna","Zangon Kataf",2021,77.2450561523438
"Kaduna","Zangon Kataf",2022,206.647338867188
"Kaduna","Zangon Kataf",2023,201.829345703125
"Kaduna","Zangon Kataf",2024,210.941299438477
"Kaduna","Zaria",2012,493.315032958984
"Kaduna","Zaria",2013,146.263748168945
"Kaduna","Zaria",2014,300.413024902344
"Kaduna","Zaria",2015,346.335174560547
"Kaduna","Zaria",2016,618.629516601562
"Kaduna","Zaria",2017,803.530639648438
"Kaduna","Zaria",2018,560.88330078125
"Kaduna","Zaria",2019,274.497375488281
"Kaduna","Zaria",2020,596.646179199219
"Kaduna","Zaria",2021,661.242370605469
"Kaduna","Zaria",2022,983.250244140625
"Kaduna","Zaria",2023,897.208984375
"Kaduna","Zaria",2024,851.78662109375
"Kano","Ajingi",2012,34.7200698852539
"Kano","Ajingi",2013,11.2084856033325
"Kano","Ajingi",2014,1.95384502410889
"Kano","Ajingi",2015,0
"Kano","Ajingi",2016,1.74391627311707
"Kano","Ajingi",2017,2.78700566291809
"Kano","Ajingi",2018,1.61608600616455
"Kano","Ajingi",2019,28.832160949707
"Kano","Ajingi",2020,13.7056579589844
"Kano","Ajingi",2021,48.5224075317383
"Kano","Ajingi",2022,55.2287445068359
"Kano","Ajingi",2023,57.5682067871094
"Kano","Ajingi",2024,39.2350883483887
"Kano","Albasu",2012,0
"Kano","Albasu",2013,0
"Kano","Albasu",2014,0
"Kano","Albasu",2015,0
"Kano","Albasu",2016,0
"Kano","Albasu",2017,1.87893354892731
"Kano","Albasu",2018,5.6648006439209
"Kano","Albasu",2019,0
"Kano","Albasu",2020,1.10960841178894
"Kano","Albasu",2021,35.237964630127
"Kano","Albasu",2022,24.6109848022461
"Kano","Albasu",2023,20.5284061431885
"Kano","Albasu",2024,6.9149227142334
"Kano","Bagwai",2012,8.2596960067749
"Kano","Bagwai",2013,14.239860534668
"Kano","Bagwai",2014,8.26539039611816
"Kano","Bagwai",2015,0
"Kano","Bagwai",2016,0.776096999645233
"Kano","Bagwai",2017,0
"Kano","Bagwai",2018,0
"Kano","Bagwai",2019,0
"Kano","Bagwai",2020,0.865955948829651
"Kano","Bagwai",2021,2.26412129402161
"Kano","Bagwai",2022,17.3368492126465
"Kano","Bagwai",2023,32.0594787597656
"Kano","Bagwai",2024,16.9971675872803
"Kano","Bebeji",2012,76.4967422485352
"Kano","Bebeji",2013,58.0954322814941
"Kano","Bebeji",2014,75.4625396728516
"Kano","Bebeji",2015,193.145935058594
"Kano","Bebeji",2016,256.94140625
"Kano","Bebeji",2017,189.637313842773
"Kano","Bebeji",2018,175.85285949707
"Kano","Bebeji",2019,57.6020622253418
"Kano","Bebeji",2020,66.0894393920898
"Kano","Bebeji",2021,100.249755859375
"Kano","Bebeji",2022,183.731796264648
"Kano","Bebeji",2023,234.377517700195
"Kano","Bebeji",2024,128.180953979492
"Kano","Bichi",2012,6.5096607208252
"Kano","Bichi",2013,3.4398877620697
"Kano","Bichi",2014,10.5013675689697
"Kano","Bichi",2015,3.55440020561218
"Kano","Bichi",2016,38.586051940918
"Kano","Bichi",2017,54.2225914001465
"Kano","Bichi",2018,37.1398811340332
"Kano","Bichi",2019,14.192608833313
"Kano","Bichi",2020,70.3804779052734
"Kano","Bichi",2021,117.27466583252
"Kano","Bichi",2022,163.467651367188
"Kano","Bichi",2023,326.840057373047
"Kano","Bichi",2024,380.664855957031
"Kano","Bunkure",2012,0.585734069347382
"Kano","Bunkure",2013,0
"Kano","Bunkure",2014,0
"Kano","Bunkure",2015,0
"Kano","Bunkure",2016,51.8263549804688
"Kano","Bunkure",2017,22.1824283599854
"Kano","Bunkure",2018,25.4324760437012
"Kano","Bunkure",2019,8.79378128051758
"Kano","Bunkure",2020,10.8352947235107
"Kano","Bunkure",2021,13.7693634033203
"Kano","Bunkure",2022,9.94546413421631
"Kano","Bunkure",2023,14.9659118652344
"Kano","Bunkure",2024,7.21071195602417
"Kano","Dala",2012,449.862487792969
"Kano","Dala",2013,274.245452880859
"Kano","Dala",2014,503.789520263672
"Kano","Dala",2015,778.003173828125
"Kano","Dala",2016,827.836547851562
"Kano","Dala",2017,747.194458007812
"Kano","Dala",2018,815.838500976562
"Kano","Dala",2019,884.032653808594
"Kano","Dala",2020,980.920532226562
"Kano","Dala",2021,1149.73815917969
"Kano","Dala",2022,1078.71850585938
"Kano","Dala",2023,1148.70861816406
"Kano","Dala",2024,908.564636230469
"Kano","Dambatta",2012,7.29735898971558
"Kano","Dambatta",2013,4.58903837203979
"Kano","Dambatta",2014,4.39033889770508
"Kano","Dambatta",2015,3.36510586738586
"Kano","Dambatta",2016,10.431586265564
"Kano","Dambatta",2017,9.53932571411133
"Kano","Dambatta",2018,50.6185035705566
"Kano","Dambatta",2019,3.92103624343872
"Kano","Dambatta",2020,15.3655471801758
"Kano","Dambatta",2021,59.9193305969238
"Kano","Dambatta",2022,56.5672340393066
"Kano","Dambatta",2023,63.1121864318848
"Kano","Dambatta",2024,52.0670585632324
"Kano","Dawakin Kudu",2012,1.58972120285034
"Kano","Dawakin Kudu",2013,1.62697672843933
"Kano","Dawakin Kudu",2014,8.63361167907715
"Kano","Dawakin Kudu",2015,55.9462127685547
"Kano","Dawakin Kudu",2016,197.205123901367
"Kano","Dawakin Kudu",2017,101.082481384277
"Kano","Dawakin Kudu",2018,138.400939941406
"Kano","Dawakin Kudu",2019,96.7458648681641
"Kano","Dawakin Kudu",2020,366.424926757812
"Kano","Dawakin Kudu",2021,417.693389892578
"Kano","Dawakin Kudu",2022,443.150939941406
"Kano","Dawakin Kudu",2023,463.283935546875
"Kano","Dawakin Kudu",2024,405.695281982422
"Kano","Dawakin Tofa",2012,7.0236177444458
"Kano","Dawakin Tofa",2013,4.20508718490601
"Kano","Dawakin Tofa",2014,27.1838760375977
"Kano","Dawakin Tofa",2015,72.1234970092773
"Kano","Dawakin Tofa",2016,91.6215744018555
"Kano","Dawakin Tofa",2017,42.2131233215332
"Kano","Dawakin Tofa",2018,30.7086906433105
"Kano","Dawakin Tofa",2019,20.4158802032471
"Kano","Dawakin Tofa",2020,35.9299774169922
"Kano","Dawakin Tofa",2021,94.5700836181641
"Kano","Dawakin Tofa",2022,210.549514770508
"Kano","Dawakin Tofa",2023,382.477111816406
"Kano","Dawakin Tofa",2024,246.566848754883
"Kano","Doguwa",2012,1.64121150970459
"Kano","Doguwa",2013,2.86815309524536
"Kano","Doguwa",2014,0.68405556678772
"Kano","Doguwa",2015,5.63783836364746
"Kano","Doguwa",2016,17.1899089813232
"Kano","Doguwa",2017,2.69874238967896
"Kano","Doguwa",2018,2.19425749778748
"Kano","Doguwa",2019,0
"Kano","Doguwa",2020,0
"Kano","Doguwa",2021,0
"Kano","Doguwa",2022,10.7951250076294
"Kano","Doguwa",2023,49.3862648010254
"Kano","Doguwa",2024,145.259902954102
"Kano","Fagge",2012,1937.76879882812
"Kano","Fagge",2013,2185.79614257812
"Kano","Fagge",2014,2930.95581054688
"Kano","Fagge",2015,3311.412109375
"Kano","Fagge",2016,2972.8154296875
"Kano","Fagge",2017,2685.19091796875
"Kano","Fagge",2018,2637.611328125
"Kano","Fagge",2019,2426.80859375
"Kano","Fagge",2020,2386.58203125
"Kano","Fagge",2021,2892.1240234375
"Kano","Fagge",2022,2990.1748046875
"Kano","Fagge",2023,3308.3251953125
"Kano","Fagge",2024,2952.39501953125
"Kano","Gabasawa",2012,4.34254360198975
"Kano","Gabasawa",2013,3.85632038116455
"Kano","Gabasawa",2014,6.52284145355225
"Kano","Gabasawa",2015,0
"Kano","Gabasawa",2016,0.542369246482849
"Kano","Gabasawa",2017,0
"Kano","Gabasawa",2018,5.78214550018311
"Kano","Gabasawa",2019,0.605869233608246
"Kano","Gabasawa",2020,0.659282922744751
"Kano","Gabasawa",2021,1.0516859292984
"Kano","Gabasawa",2022,3.87665748596191
"Kano","Gabasawa",2023,9.75422763824463
"Kano","Gabasawa",2024,3.54113793373108
"Kano","Garko",2012,5.23339033126831
"Kano","Garko",2013,2.69123816490173
"Kano","Garko",2014,4.48228073120117
"Kano","Garko",2015,1.14513182640076
"Kano","Garko",2016,0
"Kano","Garko",2017,0
"Kano","Garko",2018,2.60641741752625
"Kano","Garko",2019,0
"Kano","Garko",2020,49.5380973815918
"Kano","Garko",2021,34.6843299865723
"Kano","Garko",2022,57.3214263916016
"Kano","Garko",2023,66.7073516845703
"Kano","Garko",2024,21.2034454345703
"Kano","Garum Mallam",2012,12.0452108383179
"Kano","Garum Mallam",2013,0
"Kano","Garum Mallam",2014,1.75304734706879
"Kano","Garum Mallam",2015,16.2861366271973
"Kano","Garum Mallam",2016,63.523006439209
"Kano","Garum Mallam",2017,32.6090774536133
"Kano","Garum Mallam",2018,67.4297561645508
"Kano","Garum Mallam",2019,11.8759832382202
"Kano","Garum Mallam",2020,30.0832481384277
"Kano","Garum Mallam",2021,25.8260765075684
"Kano","Garum Mallam",2022,121.951965332031
"Kano","Garum Mallam",2023,126.212882995605
"Kano","Garum Mallam",2024,117.274078369141
"Kano","Gaya",2012,0
"Kano","Gaya",2013,0
"Kano","Gaya",2014,0
"Kano","Gaya",2015,0
"Kano","Gaya",2016,0
"Kano","Gaya",2017,0
"Kano","Gaya",2018,0
"Kano","Gaya",2019,12.5199670791626
"Kano","Gaya",2020,8.62778854370117
"Kano","Gaya",2021,19.2774200439453
"Kano","Gaya",2022,32.6322822570801
"Kano","Gaya",2023,26.5752201080322
"Kano","Gaya",2024,18.3577289581299
"Kano","Gezawa",2012,883.701354980469
"Kano","Gezawa",2013,800.645812988281
"Kano","Gezawa",2014,1261.552734375
"Kano","Gezawa",2015,1529.60571289062
"Kano","Gezawa",2016,1557.21240234375
"Kano","Gezawa",2017,1528.10681152344
"Kano","Gezawa",2018,1812.58825683594
"Kano","Gezawa",2019,1578.02514648438
"Kano","Gezawa",2020,2089.50146484375
"Kano","Gezawa",2021,2782.18969726562
"Kano","Gezawa",2022,2981.8974609375
"Kano","Gezawa",2023,3343.8154296875
"Kano","Gezawa",2024,2996.96362304688
"Kano","Gwale",2012,877.009460449219
"Kano","Gwale",2013,671.540832519531
"Kano","Gwale",2014,1058.7998046875
"Kano","Gwale",2015,1425.34716796875
"Kano","Gwale",2016,1464.90405273438
"Kano","Gwale",2017,1274.84912109375
"Kano","Gwale",2018,1305.31750488281
"Kano","Gwale",2019,1323.89074707031
"Kano","Gwale",2020,1302.13403320312
"Kano","Gwale",2021,1652.7099609375
"Kano","Gwale",2022,1505.33776855469
"Kano","Gwale",2023,1454.73181152344
"Kano","Gwale",2024,1154.25634765625
"Kano","Gwarzo",2012,13.2853927612305
"Kano","Gwarzo",2013,5.78144216537476
"Kano","Gwarzo",2014,12.8685474395752
"Kano","Gwarzo",2015,1.11733818054199
"Kano","Gwarzo",2016,14.1071758270264
"Kano","Gwarzo",2017,3.32166290283203
"Kano","Gwarzo",2018,0
"Kano","Gwarzo",2019,13.4421758651733
"Kano","Gwarzo",2020,0
"Kano","Gwarzo",2021,22.0974960327148
"Kano","Gwarzo",2022,38.9104537963867
"Kano","Gwarzo",2023,47.1384353637695
"Kano","Gwarzo",2024,37.1127586364746
"Kano","Kabo",2012,0
"Kano","Kabo",2013,0.668773472309113
"Kano","Kabo",2014,1.42106437683105
"Kano","Kabo",2015,0
"Kano","Kabo",2016,12.0756101608276
"Kano","Kabo",2017,4.40100526809692
"Kano","Kabo",2018,0
"Kano","Kabo",2019,1.35450053215027
"Kano","Kabo",2020,0
"Kano","Kabo",2021,9.47920513153076
"Kano","Kabo",2022,15.8324689865112
"Kano","Kabo",2023,24.2289981842041
"Kano","Kabo",2024,29.9148998260498
"Kano","Kano",2012,474.020538330078
"Kano","Kano",2013,395.438873291016
"Kano","Kano",2014,594.341430664062
"Kano","Kano",2015,830.658447265625
"Kano","Kano",2016,797.980224609375
"Kano","Kano",2017,796.120422363281
"Kano","Kano",2018,944.819641113281
"Kano","Kano",2019,1093.36694335938
"Kano","Kano",2020,980.939208984375
"Kano","Kano",2021,1330.45910644531
"Kano","Kano",2022,1195.16857910156
"Kano","Kano",2023,1198.04479980469
"Kano","Kano",2024,1055.61596679688
"Kano","Karaye",2012,0
"Kano","Karaye",2013,6.41813278198242
"Kano","Karaye",2014,1.12034797668457
"Kano","Karaye",2015,11.7603149414062
"Kano","Karaye",2016,52.9528007507324
"Kano","Karaye",2017,19.2440853118896
"Kano","Karaye",2018,39.8206481933594
"Kano","Karaye",2019,8.56433200836182
"Kano","Karaye",2020,1.6766449213028
"Kano","Karaye",2021,13.3681859970093
"Kano","Karaye",2022,14.1005487442017
"Kano","Karaye",2023,30.7519111633301
"Kano","Karaye",2024,30.8211441040039
"Kano","Kibiya",2012,0
"Kano","Kibiya",2013,0
"Kano","Kibiya",2014,0
"Kano","Kibiya",2015,0
"Kano","Kibiya",2016,1.45857203006744
"Kano","Kibiya",2017,5.88507175445557
"Kano","Kibiya",2018,7.15402936935425
"Kano","Kibiya",2019,0
"Kano","Kibiya",2020,0
"Kano","Kibiya",2021,0
"Kano","Kibiya",2022,0.590714335441589
"Kano","Kibiya",2023,3.53267908096313
"Kano","Kibiya",2024,0.500270783901215
"Kano","Kiru",2012,9.7305850982666
"Kano","Kiru",2013,41.2899627685547
"Kano","Kiru",2014,2.82585954666138
"Kano","Kiru",2015,68.5995025634766
"Kano","Kiru",2016,120.077255249023
"Kano","Kiru",2017,67.9713745117188
"Kano","Kiru",2018,133.178283691406
"Kano","Kiru",2019,5.07640552520752
"Kano","Kiru",2020,5.17842149734497
"Kano","Kiru",2021,24.3696155548096
"Kano","Kiru",2022,45.1710090637207
"Kano","Kiru",2023,98.7648086547852
"Kano","Kiru",2024,39.1426658630371
"Kano","Kumbotso",2012,1014.91748046875
"Kano","Kumbotso",2013,1299.96826171875
"Kano","Kumbotso",2014,1638.84204101562
"Kano","Kumbotso",2015,1697.45300292969
"Kano","Kumbotso",2016,1704.54528808594
"Kano","Kumbotso",2017,1384.07092285156
"Kano","Kumbotso",2018,1397.39465332031
"Kano","Kumbotso",2019,1123.32507324219
"Kano","Kumbotso",2020,1216.18518066406
"Kano","Kumbotso",2021,1938.12182617188
"Kano","Kumbotso",2022,2387.22119140625
"Kano","Kumbotso",2023,2662.83129882812
"Kano","Kumbotso",2024,2365.7607421875
"Kano","Kunchi",2012,0
"Kano","Kunchi",2013,0.0321741923689842
"Kano","Kunchi",2014,0.0478758551180363
"Kano","Kunchi",2015,0
"Kano","Kunchi",2016,1.4313440322876
"Kano","Kunchi",2017,3.3338451385498
"Kano","Kunchi",2018,1.38216316699982
"Kano","Kunchi",2019,0.0404151603579521
"Kano","Kunchi",2020,6.96248531341553
"Kano","Kunchi",2021,6.8544750213623
"Kano","Kunchi",2022,4.32214164733887
"Kano","Kunchi",2023,4.68036794662476
"Kano","Kunchi",2024,16.4453620910645
"Kano","Kura",2012,7.28479528427124
"Kano","Kura",2013,0.535956203937531
"Kano","Kura",2014,0
"Kano","Kura",2015,17.0252017974854
"Kano","Kura",2016,130.088485717773
"Kano","Kura",2017,53.763500213623
"Kano","Kura",2018,88.4534912109375
"Kano","Kura",2019,52.8435478210449
"Kano","Kura",2020,81.3512496948242
"Kano","Kura",2021,75.9898147583008
"Kano","Kura",2022,64.2857284545898
"Kano","Kura",2023,67.1270523071289
"Kano","Kura",2024,31.9325046539307
"Kano","Madobi",2012,12.9677495956421
"Kano","Madobi",2013,15.290283203125
"Kano","Madobi",2014,44.3506546020508
"Kano","Madobi",2015,24.9533615112305
"Kano","Madobi",2016,103.736396789551
"Kano","Madobi",2017,44.2784461975098
"Kano","Madobi",2018,43.468936920166
"Kano","Madobi",2019,21.8744144439697
"Kano","Madobi",2020,23.0343284606934
"Kano","Madobi",2021,86.3611145019531
"Kano","Madobi",2022,140.622955322266
"Kano","Madobi",2023,188.110275268555
"Kano","Madobi",2024,103.039741516113
"Kano","Makoda",2012,0
"Kano","Makoda",2013,0
"Kano","Makoda",2014,0
"Kano","Makoda",2015,0
"Kano","Makoda",2016,0
"Kano","Makoda",2017,0
"Kano","Makoda",2018,7.28956460952759
"Kano","Makoda",2019,0
"Kano","Makoda",2020,0
"Kano","Makoda",2021,7.54834222793579
"Kano","Makoda",2022,8.75414943695068
"Kano","Makoda",2023,5.46045207977295
"Kano","Makoda",2024,4.19612693786621
"Kano","Minjibir",2012,18.2161312103271
"Kano","Minjibir",2013,3.34620809555054
"Kano","Minjibir",2014,32.9998512268066
"Kano","Minjibir",2015,51.0535774230957
"Kano","Minjibir",2016,67.1252517700195
"Kano","Minjibir",2017,60.5195236206055
"Kano","Minjibir",2018,78.3783874511719
"Kano","Minjibir",2019,23.6433219909668
"Kano","Minjibir",2020,34.0220336914062
"Kano","Minjibir",2021,95.3054885864258
"Kano","Minjibir",2022,151.151702880859
"Kano","Minjibir",2023,189.556213378906
"Kano","Minjibir",2024,91.4616088867188
"Kano","Nasarawa",2012,871.3828125
"Kano","Nasarawa",2013,1251.23608398438
"Kano","Nasarawa",2014,1850.59704589844
"Kano","Nasarawa",2015,2080.794921875
"Kano","Nasarawa",2016,1770.43518066406
"Kano","Nasarawa",2017,1584.35375976562
"Kano","Nasarawa",2018,1355.36108398438
"Kano","Nasarawa",2019,1368.72497558594
"Kano","Nasarawa",2020,1147.40808105469
"Kano","Nasarawa",2021,1391.04504394531
"Kano","Nasarawa",2022,1286.5068359375
"Kano","Nasarawa",2023,1274.48852539062
"Kano","Nasarawa",2024,1012.56683349609
"Kano","Rano",2012,0
"Kano","Rano",2013,0
"Kano","Rano",2014,0
"Kano","Rano",2015,0
"Kano","Rano",2016,29.4526119232178
"Kano","Rano",2017,7.83419132232666
"Kano","Rano",2018,25.9297351837158
"Kano","Rano",2019,0
"Kano","Rano",2020,2.68052291870117
"Kano","Rano",2021,9.73138809204102
"Kano","Rano",2022,14.9072494506836
"Kano","Rano",2023,62.9554901123047
"Kano","Rano",2024,35.1704902648926
"Kano","Rimin Gado",2012,2.66213846206665
"Kano","Rimin Gado",2013,0
"Kano","Rimin Gado",2014,0.931071519851685
"Kano","Rimin Gado",2015,0
"Kano","Rimin Gado",2016,8.90686225891113
"Kano","Rimin Gado",2017,2.6587872505188
"Kano","Rimin Gado",2018,3.48112535476685
"Kano","Rimin Gado",2019,2.77889156341553
"Kano","Rimin Gado",2020,0.557892620563507
"Kano","Rimin Gado",2021,7.44204616546631
"Kano","Rimin Gado",2022,14.3700857162476
"Kano","Rimin Gado",2023,26.7601566314697
"Kano","Rimin Gado",2024,11.2767877578735
"Kano","Rogo",2012,2.04396104812622
"Kano","Rogo",2013,0
"Kano","Rogo",2014,0.562343895435333
"Kano","Rogo",2015,0.0525229312479496
"Kano","Rogo",2016,0.0493820682168007
"Kano","Rogo",2017,0.198126763105392
"Kano","Rogo",2018,5.71344757080078
"Kano","Rogo",2019,3.39325904846191
"Kano","Rogo",2020,5.42133951187134
"Kano","Rogo",2021,5.14708948135376
"Kano","Rogo",2022,10.0312767028809
"Kano","Rogo",2023,17.8305435180664
"Kano","Rogo",2024,16.1667003631592
"Kano","Shanono",2012,4.04714012145996
"Kano","Shanono",2013,0.592634737491608
"Kano","Shanono",2014,1.16976928710938
"Kano","Shanono",2015,3.30955219268799
"Kano","Shanono",2016,18.0366439819336
"Kano","Shanono",2017,9.47969055175781
"Kano","Shanono",2018,2.82732772827148
"Kano","Shanono",2019,1.45682239532471
"Kano","Shanono",2020,0.684417426586151
"Kano","Shanono",2021,16.7069149017334
"Kano","Shanono",2022,19.1627979278564
"Kano","Shanono",2023,31.6294593811035
"Kano","Shanono",2024,14.2300100326538
"Kano","Sumaila",2012,0.107978411018848
"Kano","Sumaila",2013,0.0698410719633102
"Kano","Sumaila",2014,0.103540398180485
"Kano","Sumaila",2015,0
"Kano","Sumaila",2016,0
"Kano","Sumaila",2017,0
"Kano","Sumaila",2018,0.091482400894165
"Kano","Sumaila",2019,0
"Kano","Sumaila",2020,5.24452114105225
"Kano","Sumaila",2021,9.14539051055908
"Kano","Sumaila",2022,22.7024974822998
"Kano","Sumaila",2023,16.8606071472168
"Kano","Sumaila",2024,0.748157262802124
"Kano","Takai",2012,0
"Kano","Takai",2013,0
"Kano","Takai",2014,6.75732231140137
"Kano","Takai",2015,17.3315029144287
"Kano","Takai",2016,13.6950168609619
"Kano","Takai",2017,26.2318954467773
"Kano","Takai",2018,27.8752212524414
"Kano","Takai",2019,0
"Kano","Takai",2020,1.9918464422226
"Kano","Takai",2021,64.3559417724609
"Kano","Takai",2022,28.8721446990967
"Kano","Takai",2023,40.4853897094727
"Kano","Takai",2024,15.3315181732178
"Kano","Tarauni",2012,726.498107910156
"Kano","Tarauni",2013,793.972351074219
"Kano","Tarauni",2014,1256.25463867188
"Kano","Tarauni",2015,1580.83239746094
"Kano","Tarauni",2016,1403.97473144531
"Kano","Tarauni",2017,1284.41577148438
"Kano","Tarauni",2018,1199.43676757812
"Kano","Tarauni",2019,1167.43432617188
"Kano","Tarauni",2020,1082.48107910156
"Kano","Tarauni",2021,1512.68640136719
"Kano","Tarauni",2022,1489.1259765625
"Kano","Tarauni",2023,1595.03002929688
"Kano","Tarauni",2024,1257.15026855469
"Kano","Tofa",2012,44.3733940124512
"Kano","Tofa",2013,5.05112504959106
"Kano","Tofa",2014,23.8407135009766
"Kano","Tofa",2015,24.1522579193115
"Kano","Tofa",2016,83.3381652832031
"Kano","Tofa",2017,33.8883972167969
"Kano","Tofa",2018,64.4000854492188
"Kano","Tofa",2019,56.0743522644043
"Kano","Tofa",2020,31.9965362548828
"Kano","Tofa",2021,74.3843002319336
"Kano","Tofa",2022,180.281555175781
"Kano","Tofa",2023,240.979278564453
"Kano","Tofa",2024,201.968704223633
"Kano","Tsanyawa",2012,0.513491868972778
"Kano","Tsanyawa",2013,0
"Kano","Tsanyawa",2014,1.18426442146301
"Kano","Tsanyawa",2015,0
"Kano","Tsanyawa",2016,1.15578186511993
"Kano","Tsanyawa",2017,5.30454683303833
"Kano","Tsanyawa",2018,3.83715844154358
"Kano","Tsanyawa",2019,1.09960043430328
"Kano","Tsanyawa",2020,6.74028921127319
"Kano","Tsanyawa",2021,8.67623901367188
"Kano","Tsanyawa",2022,11.443775177002
"Kano","Tsanyawa",2023,13.4183034896851
"Kano","Tsanyawa",2024,9.32445335388184
"Kano","Tudun Wada",2012,25.6658153533936
"Kano","Tudun Wada",2013,19.7038631439209
"Kano","Tudun Wada",2014,18.5049667358398
"Kano","Tudun Wada",2015,58.0867500305176
"Kano","Tudun Wada",2016,42.266845703125
"Kano","Tudun Wada",2017,35.9728355407715
"Kano","Tudun Wada",2018,40.0938682556152
"Kano","Tudun Wada",2019,3.68980026245117
"Kano","Tudun Wada",2020,0
"Kano","Tudun Wada",2021,1.8556569814682
"Kano","Tudun Wada",2022,19.4961605072021
"Kano","Tudun Wada",2023,24.5665016174316
"Kano","Tudun Wada",2024,11.6384325027466
"Kano","Ungogo",2012,2000.23229980469
"Kano","Ungogo",2013,2050.05224609375
"Kano","Ungogo",2014,3083.41796875
"Kano","Ungogo",2015,3791.4912109375
"Kano","Ungogo",2016,3560.41674804688
"Kano","Ungogo",2017,3222.626953125
"Kano","Ungogo",2018,3051.10522460938
"Kano","Ungogo",2019,2798.392578125
"Kano","Ungogo",2020,2808.94604492188
"Kano","Ungogo",2021,3731.44213867188
"Kano","Ungogo",2022,3792.89916992188
"Kano","Ungogo",2023,3931.04223632812
"Kano","Ungogo",2024,3041.3134765625
"Kano","Warawa",2012,239.405517578125
"Kano","Warawa",2013,209.76335144043
"Kano","Warawa",2014,340.639617919922
"Kano","Warawa",2015,378.233367919922
"Kano","Warawa",2016,501.756256103516
"Kano","Warawa",2017,504.617889404297
"Kano","Warawa",2018,557.733947753906
"Kano","Warawa",2019,524.401550292969
"Kano","Warawa",2020,548.740234375
"Kano","Warawa",2021,940.444763183594
"Kano","Warawa",2022,1049.9482421875
"Kano","Warawa",2023,1160.1474609375
"Kano","Warawa",2024,891.83203125
"Kano","Wudil",2012,1.13289964199066
"Kano","Wudil",2013,1.20915627479553
"Kano","Wudil",2014,23.4048004150391
"Kano","Wudil",2015,21.8640213012695
"Kano","Wudil",2016,9.9666166305542
"Kano","Wudil",2017,37.6970100402832
"Kano","Wudil",2018,0.601798832416534
"Kano","Wudil",2019,104.767776489258
"Kano","Wudil",2020,139.329956054688
"Kano","Wudil",2021,152.631164550781
"Kano","Wudil",2022,190.386169433594
"Kano","Wudil",2023,178.149551391602
"Kano","Wudil",2024,158.04150390625
"Katsina","Bakori",2012,17.9984970092773
"Katsina","Bakori",2013,67.2775344848633
"Katsina","Bakori",2014,80.83349609375
"Katsina","Bakori",2015,94.5040817260742
"Katsina","Bakori",2016,101.573051452637
"Katsina","Bakori",2017,103.166969299316
"Katsina","Bakori",2018,129.468460083008
"Katsina","Bakori",2019,105.756034851074
"Katsina","Bakori",2020,29.9131641387939
"Katsina","Bakori",2021,36.8746871948242
"Katsina","Bakori",2022,22.8268623352051
"Katsina","Bakori",2023,22.4586048126221
"Katsina","Bakori",2024,4.37753295898438
"Katsina","Batagarawa",2012,134.865142822266
"Katsina","Batagarawa",2013,149.773849487305
"Katsina","Batagarawa",2014,191.547088623047
"Katsina","Batagarawa",2015,180.693771362305
"Katsina","Batagarawa",2016,279.053497314453
"Katsina","Batagarawa",2017,295.739868164062
"Katsina","Batagarawa",2018,462.192962646484
"Katsina","Batagarawa",2019,350.935180664062
"Katsina","Batagarawa",2020,385.792266845703
"Katsina","Batagarawa",2021,473.9296875
"Katsina","Batagarawa",2022,622.214172363281
"Katsina","Batagarawa",2023,726.762145996094
"Katsina","Batagarawa",2024,545.356140136719
"Katsina","Batsari",2012,0
"Katsina","Batsari",2013,0
"Katsina","Batsari",2014,1.79908299446106
"Katsina","Batsari",2015,0
"Katsina","Batsari",2016,0
"Katsina","Batsari",2017,2.94270849227905
"Katsina","Batsari",2018,0
"Katsina","Batsari",2019,0
"Katsina","Batsari",2020,0
"Katsina","Batsari",2021,0
"Katsina","Batsari",2022,9.16361141204834
"Katsina","Batsari",2023,8.5525426864624
"Katsina","Batsari",2024,2.36885452270508
"Katsina","Baure",2012,0
"Katsina","Baure",2013,0
"Katsina","Baure",2014,0
"Katsina","Baure",2015,0
"Katsina","Baure",2016,0
"Katsina","Baure",2017,0
"Katsina","Baure",2018,0.595561802387238
"Katsina","Baure",2019,0
"Katsina","Baure",2020,1.91856956481934
"Katsina","Baure",2021,20.3568840026855
"Katsina","Baure",2022,24.9184646606445
"Katsina","Baure",2023,17.1509380340576
"Katsina","Baure",2024,3.71313548088074
"Katsina","Bindawa",2012,0.746959090232849
"Katsina","Bindawa",2013,0.50518411397934
"Katsina","Bindawa",2014,0
"Katsina","Bindawa",2015,0
"Katsina","Bindawa",2016,7.20126676559448
"Katsina","Bindawa",2017,9.69960403442383
"Katsina","Bindawa",2018,31.8320693969727
"Katsina","Bindawa",2019,11.3601093292236
"Katsina","Bindawa",2020,1.7694000005722
"Katsina","Bindawa",2021,27.357048034668
"Katsina","Bindawa",2022,10.3170690536499
"Katsina","Bindawa",2023,13.4210290908813
"Katsina","Bindawa",2024,4.08130645751953
"Katsina","Charanchi",2012,2.65408372879028
"Katsina","Charanchi",2013,3.1377215385437
"Katsina","Charanchi",2014,0
"Katsina","Charanchi",2015,6.95804119110107
"Katsina","Charanchi",2016,9.04550361633301
"Katsina","Charanchi",2017,20.0438976287842
"Katsina","Charanchi",2018,45.075798034668
"Katsina","Charanchi",2019,24.5362186431885
"Katsina","Charanchi",2020,15.8771190643311
"Katsina","Charanchi",2021,44.4948348999023
"Katsina","Charanchi",2022,22.4351902008057
"Katsina","Charanchi",2023,27.519811630249
"Katsina","Charanchi",2024,22.3436031341553
"Katsina","Dandume",2012,33.9885101318359
"Katsina","Dandume",2013,25.3350658416748
"Katsina","Dandume",2014,117.558876037598
"Katsina","Dandume",2015,36.8760032653809
"Katsina","Dandume",2016,54.6544876098633
"Katsina","Dandume",2017,99.1132583618164
"Katsina","Dandume",2018,115.28670501709
"Katsina","Dandume",2019,53.0424346923828
"Katsina","Dandume",2020,0
"Katsina","Dandume",2021,3.19149208068848
"Katsina","Dandume",2022,12.9870948791504
"Katsina","Dandume",2023,15.3912220001221
"Katsina","Dandume",2024,26.900426864624
"Katsina","Danja",2012,0
"Katsina","Danja",2013,11.2157297134399
"Katsina","Danja",2014,6.49627780914307
"Katsina","Danja",2015,20.0986881256104
"Katsina","Danja",2016,58.5265617370605
"Katsina","Danja",2017,26.5775680541992
"Katsina","Danja",2018,44.4477233886719
"Katsina","Danja",2019,3.41564059257507
"Katsina","Danja",2020,1.73741960525513
"Katsina","Danja",2021,4.87218999862671
"Katsina","Danja",2022,4.04680061340332
"Katsina","Danja",2023,2.68687009811401
"Katsina","Danja",2024,1.98701596260071
"Katsina","Danmusa",2012,0
"Katsina","Danmusa",2013,0
"Katsina","Danmusa",2014,0
"Katsina","Danmusa",2015,0
"Katsina","Danmusa",2016,0
"Katsina","Danmusa",2017,3.24563503265381
"Katsina","Danmusa",2018,14.5214443206787
"Katsina","Danmusa",2019,0.574459075927734
"Katsina","Danmusa",2020,4.27661418914795
"Katsina","Danmusa",2021,6.59949207305908
"Katsina","Danmusa",2022,0
"Katsina","Danmusa",2023,3.4771900177002
"Katsina","Danmusa",2024,1.1002322435379
"Katsina","Daura",2012,16.9762001037598
"Katsina","Daura",2013,30.8061218261719
"Katsina","Daura",2014,15.7586078643799
"Katsina","Daura",2015,11.3746585845947
"Katsina","Daura",2016,138.288711547852
"Katsina","Daura",2017,155.468841552734
"Katsina","Daura",2018,330.580261230469
"Katsina","Daura",2019,384.689422607422
"Katsina","Daura",2020,388.413482666016
"Katsina","Daura",2021,470.697448730469
"Katsina","Daura",2022,536.3798828125
"Katsina","Daura",2023,463.068023681641
"Katsina","Daura",2024,330.438110351562
"Katsina","Dutsi",2012,0
"Katsina","Dutsi",2013,0
"Katsina","Dutsi",2014,0
"Katsina","Dutsi",2015,0
"Katsina","Dutsi",2016,6.35246419906616
"Katsina","Dutsi",2017,9.89544010162354
"Katsina","Dutsi",2018,20.6873722076416
"Katsina","Dutsi",2019,4.28624057769775
"Katsina","Dutsi",2020,6.29456377029419
"Katsina","Dutsi",2021,6.81573343276978
"Katsina","Dutsi",2022,10.7059640884399
"Katsina","Dutsi",2023,9.96545124053955
"Katsina","Dutsi",2024,0
"Katsina","Dutsinma",2012,81.3842468261719
"Katsina","Dutsinma",2013,83.508544921875
"Katsina","Dutsinma",2014,13.8625831604004
"Katsina","Dutsinma",2015,99.2445678710938
"Katsina","Dutsinma",2016,76.7733459472656
"Katsina","Dutsinma",2017,138.301986694336
"Katsina","Dutsinma",2018,146.849258422852
"Katsina","Dutsinma",2019,130.724548339844
"Katsina","Dutsinma",2020,122.998863220215
"Katsina","Dutsinma",2021,161.185562133789
"Katsina","Dutsinma",2022,150.324340820312
"Katsina","Dutsinma",2023,204.516860961914
"Katsina","Dutsinma",2024,149.277587890625
"Katsina","Faskari",2012,93.8941879272461
"Katsina","Faskari",2013,90.3086776733398
"Katsina","Faskari",2014,89.0291061401367
"Katsina","Faskari",2015,93.1594848632812
"Katsina","Faskari",2016,143.915328979492
"Katsina","Faskari",2017,35.0764389038086
"Katsina","Faskari",2018,56.6164588928223
"Katsina","Faskari",2019,61.0057220458984
"Katsina","Faskari",2020,13.4774742126465
"Katsina","Faskari",2021,21.0075054168701
"Katsina","Faskari",2022,23.1601734161377
"Katsina","Faskari",2023,23.8378219604492
"Katsina","Faskari",2024,19.7623100280762
"Katsina","Funtua",2012,898.230285644531
"Katsina","Funtua",2013,633.064575195312
"Katsina","Funtua",2014,726.703796386719
"Katsina","Funtua",2015,664.588195800781
"Katsina","Funtua",2016,590.880126953125
"Katsina","Funtua",2017,323.749053955078
"Katsina","Funtua",2018,375.735626220703
"Katsina","Funtua",2019,383.096893310547
"Katsina","Funtua",2020,247.749099731445
"Katsina","Funtua",2021,499.674011230469
"Katsina","Funtua",2022,584.872741699219
"Katsina","Funtua",2023,522.605895996094
"Katsina","Funtua",2024,469.270263671875
"Katsina","Ingawa",2012,11.6733722686768
"Katsina","Ingawa",2013,2.56199193000793
"Katsina","Ingawa",2014,3.42430233955383
"Katsina","Ingawa",2015,1.06176686286926
"Katsina","Ingawa",2016,16.2904644012451
"Katsina","Ingawa",2017,25.412425994873
"Katsina","Ingawa",2018,49.6366004943848
"Katsina","Ingawa",2019,27.507453918457
"Katsina","Ingawa",2020,6.85905265808105
"Katsina","Ingawa",2021,28.4985485076904
"Katsina","Ingawa",2022,32.0013084411621
"Katsina","Ingawa",2023,24.9956932067871
"Katsina","Ingawa",2024,10.1031370162964
"Katsina","Jibia",2012,0
"Katsina","Jibia",2013,4.97393941879272
"Katsina","Jibia",2014,38.1643753051758
"Katsina","Jibia",2015,0.326418280601501
"Katsina","Jibia",2016,0.150310561060905
"Katsina","Jibia",2017,0
"Katsina","Jibia",2018,25.3518390655518
"Katsina","Jibia",2019,0
"Katsina","Jibia",2020,0
"Katsina","Jibia",2021,3.46719717979431
"Katsina","Jibia",2022,44.6446304321289
"Katsina","Jibia",2023,37.9919853210449
"Katsina","Jibia",2024,22.1153106689453
"Katsina","Kafur",2012,0
"Katsina","Kafur",2013,0
"Katsina","Kafur",2014,0
"Katsina","Kafur",2015,4.89259243011475
"Katsina","Kafur",2016,13.8000087738037
"Katsina","Kafur",2017,1.0376044511795
"Katsina","Kafur",2018,4.16870212554932
"Katsina","Kafur",2019,0
"Katsina","Kafur",2020,0
"Katsina","Kafur",2021,0
"Katsina","Kafur",2022,3.07036685943604
"Katsina","Kafur",2023,4.00643157958984
"Katsina","Kafur",2024,2.05813431739807
"Katsina","Kaita",2012,0.961192548274994
"Katsina","Kaita",2013,6.84924411773682
"Katsina","Kaita",2014,3.66918563842773
"Katsina","Kaita",2015,0.0929391905665398
"Katsina","Kaita",2016,2.34870839118958
"Katsina","Kaita",2017,1.82171332836151
"Katsina","Kaita",2018,8.51474475860596
"Katsina","Kaita",2019,0
"Katsina","Kaita",2020,0.236971959471703
"Katsina","Kaita",2021,22.2219734191895
"Katsina","Kaita",2022,38.9420318603516
"Katsina","Kaita",2023,85.140380859375
"Katsina","Kaita",2024,34.6676750183105
"Katsina","Kankara",2012,6.23507356643677
"Katsina","Kankara",2013,0
"Katsina","Kankara",2014,0
"Katsina","Kankara",2015,16.3704166412354
"Katsina","Kankara",2016,31.0828189849854
"Katsina","Kankara",2017,13.9761486053467
"Katsina","Kankara",2018,3.39605283737183
"Katsina","Kankara",2019,0
"Katsina","Kankara",2020,1.06310105323792
"Katsina","Kankara",2021,25.4107894897461
"Katsina","Kankara",2022,25.8860816955566
"Katsina","Kankara",2023,28.5597248077393
"Katsina","Kankara",2024,14.9344425201416
"Katsina","Kankia",2012,25.056921005249
"Katsina","Kankia",2013,32.0079307556152
"Katsina","Kankia",2014,0
"Katsina","Kankia",2015,57.3990135192871
"Katsina","Kankia",2016,33.8422546386719
"Katsina","Kankia",2017,106.999992370605
"Katsina","Kankia",2018,133.020751953125
"Katsina","Kankia",2019,94.772705078125
"Katsina","Kankia",2020,103.859603881836
"Katsina","Kankia",2021,86.7166519165039
"Katsina","Kankia",2022,74.6451263427734
"Katsina","Kankia",2023,82.9678497314453
"Katsina","Kankia",2024,57.4687232971191
"Katsina","Katsina",2012,1873.70776367188
"Katsina","Katsina",2013,2072.26049804688
"Katsina","Katsina",2014,2283.34375
"Katsina","Katsina",2015,2014.4560546875
"Katsina","Katsina",2016,2462.81860351562
"Katsina","Katsina",2017,2285.65405273438
"Katsina","Katsina",2018,2976.02758789062
"Katsina","Katsina",2019,2785.96069335938
"Katsina","Katsina",2020,2864.48193359375
"Katsina","Katsina",2021,3386.20532226562
"Katsina","Katsina",2022,2994.0498046875
"Katsina","Katsina",2023,3164.84130859375
"Katsina","Katsina",2024,2333.34790039062
"Katsina","Kurfi",2012,0
"Katsina","Kurfi",2013,0
"Katsina","Kurfi",2014,0
"Katsina","Kurfi",2015,0
"Katsina","Kurfi",2016,0
"Katsina","Kurfi",2017,5.11524963378906
"Katsina","Kurfi",2018,11.247275352478
"Katsina","Kurfi",2019,2.61063933372498
"Katsina","Kurfi",2020,4.78925895690918
"Katsina","Kurfi",2021,16.8444309234619
"Katsina","Kurfi",2022,6.40740776062012
"Katsina","Kurfi",2023,15.8302192687988
"Katsina","Kurfi",2024,15.7209243774414
"Katsina","Kusada",2012,0
"Katsina","Kusada",2013,0
"Katsina","Kusada",2014,1.81908941268921
"Katsina","Kusada",2015,0
"Katsina","Kusada",2016,4.12520217895508
"Katsina","Kusada",2017,5.57467126846313
"Katsina","Kusada",2018,9.0397481918335
"Katsina","Kusada",2019,6.66027021408081
"Katsina","Kusada",2020,4.95538711547852
"Katsina","Kusada",2021,10.4696626663208
"Katsina","Kusada",2022,5.96242809295654
"Katsina","Kusada",2023,4.42544794082642
"Katsina","Kusada",2024,0
"Katsina","Mai'Adua",2012,9.3168830871582
"Katsina","Mai'Adua",2013,27.5085678100586
"Katsina","Mai'Adua",2014,12.7555646896362
"Katsina","Mai'Adua",2015,9.92404842376709
"Katsina","Mai'Adua",2016,97.8427124023438
"Katsina","Mai'Adua",2017,118.112297058105
"Katsina","Mai'Adua",2018,238.797729492188
"Katsina","Mai'Adua",2019,278.379974365234
"Katsina","Mai'Adua",2020,300.318725585938
"Katsina","Mai'Adua",2021,398.542205810547
"Katsina","Mai'Adua",2022,534.875915527344
"Katsina","Mai'Adua",2023,428.273132324219
"Katsina","Mai'Adua",2024,313.013275146484
"Katsina","Malumfashi",2012,0.539334297180176
"Katsina","Malumfashi",2013,0
"Katsina","Malumfashi",2014,20.9132823944092
"Katsina","Malumfashi",2015,31.9939517974854
"Katsina","Malumfashi",2016,47.2197418212891
"Katsina","Malumfashi",2017,8.8899974822998
"Katsina","Malumfashi",2018,24.8486747741699
"Katsina","Malumfashi",2019,97.2100372314453
"Katsina","Malumfashi",2020,88.1803283691406
"Katsina","Malumfashi",2021,184.99365234375
"Katsina","Malumfashi",2022,180.406784057617
"Katsina","Malumfashi",2023,174.982116699219
"Katsina","Malumfashi",2024,159.121994018555
"Katsina","Mani",2012,2.40457344055176
"Katsina","Mani",2013,1.05047988891602
"Katsina","Mani",2014,0
"Katsina","Mani",2015,0
"Katsina","Mani",2016,7.30635929107666
"Katsina","Mani",2017,21.0367431640625
"Katsina","Mani",2018,28.556303024292
"Katsina","Mani",2019,1.2060866355896
"Katsina","Mani",2020,2.22471833229065
"Katsina","Mani",2021,41.8069267272949
"Katsina","Mani",2022,35.2203063964844
"Katsina","Mani",2023,48.7246856689453
"Katsina","Mani",2024,12.1354951858521
"Katsina","Mashi",2012,0
"Katsina","Mashi",2013,0.844946026802063
"Katsina","Mashi",2014,0.51272988319397
"Katsina","Mashi",2015,1.58708524703979
"Katsina","Mashi",2016,46.0509414672852
"Katsina","Mashi",2017,55.1818733215332
"Katsina","Mashi",2018,85.8666076660156
"Katsina","Mashi",2019,59.6347541809082
"Katsina","Mashi",2020,42.1416816711426
"Katsina","Mashi",2021,28.8936176300049
"Katsina","Mashi",2022,24.0281677246094
"Katsina","Mashi",2023,24.3597259521484
"Katsina","Mashi",2024,0.521555662155151
"Katsina","Matazu",2012,0
"Katsina","Matazu",2013,0
"Katsina","Matazu",2014,0
"Katsina","Matazu",2015,0
"Katsina","Matazu",2016,0
"Katsina","Matazu",2017,3.10591006278992
"Katsina","Matazu",2018,20.2685966491699
"Katsina","Matazu",2019,8.10887336730957
"Katsina","Matazu",2020,2.47403287887573
"Katsina","Matazu",2021,9.95757865905762
"Katsina","Matazu",2022,1.1986300945282
"Katsina","Matazu",2023,5.75506544113159
"Katsina","Matazu",2024,3.96205234527588
"Katsina","Musawa",2012,0
"Katsina","Musawa",2013,0
"Katsina","Musawa",2014,0.849733233451843
"Katsina","Musawa",2015,0
"Katsina","Musawa",2016,8.16851615905762
"Katsina","Musawa",2017,22.464542388916
"Katsina","Musawa",2018,25.7704601287842
"Katsina","Musawa",2019,9.87642192840576
"Katsina","Musawa",2020,4.45652055740356
"Katsina","Musawa",2021,32.9643440246582
"Katsina","Musawa",2022,9.47428798675537
"Katsina","Musawa",2023,16.4323558807373
"Katsina","Musawa",2024,7.89760637283325
"Katsina","Rimi",2012,0
"Katsina","Rimi",2013,2.83600091934204
"Katsina","Rimi",2014,5.88292121887207
"Katsina","Rimi",2015,0
"Katsina","Rimi",2016,16.1168460845947
"Katsina","Rimi",2017,28.9670295715332
"Katsina","Rimi",2018,43.9230003356934
"Katsina","Rimi",2019,1.19135630130768
"Katsina","Rimi",2020,0.556095898151398
"Katsina","Rimi",2021,17.1782608032227
"Katsina","Rimi",2022,17.9224472045898
"Katsina","Rimi",2023,58.0675392150879
"Katsina","Rimi",2024,19.3973159790039
"Katsina","Sabuwa",2012,0.235665336251259
"Katsina","Sabuwa",2013,5.88432312011719
"Katsina","Sabuwa",2014,26.4407501220703
"Katsina","Sabuwa",2015,0
"Katsina","Sabuwa",2016,1.92962229251862
"Katsina","Sabuwa",2017,9.04676818847656
"Katsina","Sabuwa",2018,13.117262840271
"Katsina","Sabuwa",2019,1.22561573982239
"Katsina","Sabuwa",2020,0
"Katsina","Sabuwa",2021,0
"Katsina","Sabuwa",2022,0
"Katsina","Sabuwa",2023,0
"Katsina","Sabuwa",2024,0
"Katsina","Safana",2012,0
"Katsina","Safana",2013,0
"Katsina","Safana",2014,0
"Katsina","Safana",2015,1.30180847644806
"Katsina","Safana",2016,0
"Katsina","Safana",2017,2.59434771537781
"Katsina","Safana",2018,4.83922481536865
"Katsina","Safana",2019,0
"Katsina","Safana",2020,6.56103849411011
"Katsina","Safana",2021,7.54015398025513
"Katsina","Safana",2022,8.35813522338867
"Katsina","Safana",2023,8.93144226074219
"Katsina","Safana",2024,6.22491455078125
"Katsina","Sandamu",2012,0
"Katsina","Sandamu",2013,0
"Katsina","Sandamu",2014,0
"Katsina","Sandamu",2015,0
"Katsina","Sandamu",2016,3.31409955024719
"Katsina","Sandamu",2017,10.364278793335
"Katsina","Sandamu",2018,23.766881942749
"Katsina","Sandamu",2019,11.4803009033203
"Katsina","Sandamu",2020,14.9608058929443
"Katsina","Sandamu",2021,28.7176494598389
"Katsina","Sandamu",2022,34.3536491394043
"Katsina","Sandamu",2023,17.1547927856445
"Katsina","Sandamu",2024,16.8854389190674
"Katsina","Zango",2012,0
"Katsina","Zango",2013,0
"Katsina","Zango",2014,0
"Katsina","Zango",2015,0
"Katsina","Zango",2016,2.40028762817383
"Katsina","Zango",2017,8.00543689727783
"Katsina","Zango",2018,47.015323638916
"Katsina","Zango",2019,31.3727111816406
"Katsina","Zango",2020,29.5604705810547
"Katsina","Zango",2021,77.6957321166992
"Katsina","Zango",2022,107.353630065918
"Katsina","Zango",2023,79.2927169799805
"Katsina","Zango",2024,33.5350303649902
"Kebbi","Aleiro",2012,301.359832763672
"Kebbi","Aleiro",2013,189.206558227539
"Kebbi","Aleiro",2014,190.236419677734
"Kebbi","Aleiro",2015,286.454956054688
"Kebbi","Aleiro",2016,236.046524047852
"Kebbi","Aleiro",2017,310.657287597656
"Kebbi","Aleiro",2018,348.606231689453
"Kebbi","Aleiro",2019,284.141754150391
"Kebbi","Aleiro",2020,248.758804321289
"Kebbi","Aleiro",2021,281.752838134766
"Kebbi","Aleiro",2022,225.353698730469
"Kebbi","Aleiro",2023,145.728713989258
"Kebbi","Aleiro",2024,132.872634887695
"Kebbi","Arewa Dandi",2012,0
"Kebbi","Arewa Dandi",2013,0
"Kebbi","Arewa Dandi",2014,0
"Kebbi","Arewa Dandi",2015,21.1317977905273
"Kebbi","Arewa Dandi",2016,2.18976902961731
"Kebbi","Arewa Dandi",2017,12.8893957138062
"Kebbi","Arewa Dandi",2018,10.4685144424438
"Kebbi","Arewa Dandi",2019,25.636646270752
"Kebbi","Arewa Dandi",2020,4.47893285751343
"Kebbi","Arewa Dandi",2021,9.22004985809326
"Kebbi","Arewa Dandi",2022,7.20123481750488
"Kebbi","Arewa Dandi",2023,8.98142528533936
"Kebbi","Arewa Dandi",2024,6.15595293045044
"Kebbi","Argungu",2012,80.9314193725586
"Kebbi","Argungu",2013,105.877555847168
"Kebbi","Argungu",2014,84.2813110351562
"Kebbi","Argungu",2015,254.316284179688
"Kebbi","Argungu",2016,303.447662353516
"Kebbi","Argungu",2017,377.886627197266
"Kebbi","Argungu",2018,419.357543945312
"Kebbi","Argungu",2019,487.817474365234
"Kebbi","Argungu",2020,314.461151123047
"Kebbi","Argungu",2021,305.28076171875
"Kebbi","Argungu",2022,271.249176025391
"Kebbi","Argungu",2023,215.017578125
"Kebbi","Argungu",2024,165.377258300781
"Kebbi","Augie",2012,13.1724338531494
"Kebbi","Augie",2013,14.0948295593262
"Kebbi","Augie",2014,16.1004447937012
"Kebbi","Augie",2015,57.6681785583496
"Kebbi","Augie",2016,50.404899597168
"Kebbi","Augie",2017,90.7548446655273
"Kebbi","Augie",2018,108.64086151123
"Kebbi","Augie",2019,130.126235961914
"Kebbi","Augie",2020,92.7954483032227
"Kebbi","Augie",2021,110.415740966797
"Kebbi","Augie",2022,132.783401489258
"Kebbi","Augie",2023,240.480880737305
"Kebbi","Augie",2024,348.519348144531
"Kebbi","Bagudo",2012,0.502738952636719
"Kebbi","Bagudo",2013,0
"Kebbi","Bagudo",2014,4.66557264328003
"Kebbi","Bagudo",2015,11.6857042312622
"Kebbi","Bagudo",2016,0
"Kebbi","Bagudo",2017,0
"Kebbi","Bagudo",2018,6.90344715118408
"Kebbi","Bagudo",2019,20.7771492004395
"Kebbi","Bagudo",2020,12.8729877471924
"Kebbi","Bagudo",2021,17.5251026153564
"Kebbi","Bagudo",2022,21.0786914825439
"Kebbi","Bagudo",2023,22.5043773651123
"Kebbi","Bagudo",2024,23.6100807189941
"Kebbi","Birnin Kebbi",2012,1205.400390625
"Kebbi","Birnin Kebbi",2013,1125.71447753906
"Kebbi","Birnin Kebbi",2014,878.501342773438
"Kebbi","Birnin Kebbi",2015,1281.98620605469
"Kebbi","Birnin Kebbi",2016,1323.14270019531
"Kebbi","Birnin Kebbi",2017,1517.53271484375
"Kebbi","Birnin Kebbi",2018,2377.60717773438
"Kebbi","Birnin Kebbi",2019,2276.46240234375
"Kebbi","Birnin Kebbi",2020,1777.09924316406
"Kebbi","Birnin Kebbi",2021,1942.20495605469
"Kebbi","Birnin Kebbi",2022,2268.75341796875
"Kebbi","Birnin Kebbi",2023,1492.18518066406
"Kebbi","Birnin Kebbi",2024,1560.32043457031
"Kebbi","Bunza",2012,46.7892837524414
"Kebbi","Bunza",2013,63.3209381103516
"Kebbi","Bunza",2014,86.2199783325195
"Kebbi","Bunza",2015,123.222030639648
"Kebbi","Bunza",2016,87.6057510375977
"Kebbi","Bunza",2017,87.371223449707
"Kebbi","Bunza",2018,103.15306854248
"Kebbi","Bunza",2019,137.997375488281
"Kebbi","Bunza",2020,98.9269485473633
"Kebbi","Bunza",2021,90.0007629394531
"Kebbi","Bunza",2022,56.881404876709
"Kebbi","Bunza",2023,33.6799240112305
"Kebbi","Bunza",2024,5.91196060180664
"Kebbi","Dandi",2012,372.769744873047
"Kebbi","Dandi",2013,352.292388916016
"Kebbi","Dandi",2014,362.004028320312
"Kebbi","Dandi",2015,286.212005615234
"Kebbi","Dandi",2016,253.738967895508
"Kebbi","Dandi",2017,271.758239746094
"Kebbi","Dandi",2018,302.021423339844
"Kebbi","Dandi",2019,267.092620849609
"Kebbi","Dandi",2020,197.874740600586
"Kebbi","Dandi",2021,191.02848815918
"Kebbi","Dandi",2022,135.849563598633
"Kebbi","Dandi",2023,76.0128021240234
"Kebbi","Dandi",2024,25.1893138885498
"Kebbi","Danko Wasagu",2012,0.531664431095123
"Kebbi","Danko Wasagu",2013,0.604211091995239
"Kebbi","Danko Wasagu",2014,0
"Kebbi","Danko Wasagu",2015,3.46196317672729
"Kebbi","Danko Wasagu",2016,0
"Kebbi","Danko Wasagu",2017,0
"Kebbi","Danko Wasagu",2018,0
"Kebbi","Danko Wasagu",2019,0
"Kebbi","Danko Wasagu",2020,3.56799292564392
"Kebbi","Danko Wasagu",2021,7.70830535888672
"Kebbi","Danko Wasagu",2022,4.1831111907959
"Kebbi","Danko Wasagu",2023,1.1035875082016
"Kebbi","Danko Wasagu",2024,0
"Kebbi","Fakai",2012,0
"Kebbi","Fakai",2013,0
"Kebbi","Fakai",2014,0.564312040805817
"Kebbi","Fakai",2015,1.93381440639496
"Kebbi","Fakai",2016,0
"Kebbi","Fakai",2017,0
"Kebbi","Fakai",2018,0
"Kebbi","Fakai",2019,0
"Kebbi","Fakai",2020,0.629244208335876
"Kebbi","Fakai",2021,0.601332604885101
"Kebbi","Fakai",2022,0
"Kebbi","Fakai",2023,0
"Kebbi","Fakai",2024,0
"Kebbi","Gwandu",2012,7.00140047073364
"Kebbi","Gwandu",2013,3.04476857185364
"Kebbi","Gwandu",2014,12.4998273849487
"Kebbi","Gwandu",2015,79.5996398925781
"Kebbi","Gwandu",2016,116.761749267578
"Kebbi","Gwandu",2017,227.076385498047
"Kebbi","Gwandu",2018,270.873992919922
"Kebbi","Gwandu",2019,207.358016967773
"Kebbi","Gwandu",2020,87.3563995361328
"Kebbi","Gwandu",2021,122.00218963623
"Kebbi","Gwandu",2022,115.59700012207
"Kebbi","Gwandu",2023,74.0929336547852
"Kebbi","Gwandu",2024,39.8034439086914
"Kebbi","Jega",2012,138.135971069336
"Kebbi","Jega",2013,75.5447082519531
"Kebbi","Jega",2014,61.6217041015625
"Kebbi","Jega",2015,92.0233917236328
"Kebbi","Jega",2016,108.08194732666
"Kebbi","Jega",2017,130.509124755859
"Kebbi","Jega",2018,136.757598876953
"Kebbi","Jega",2019,108.234741210938
"Kebbi","Jega",2020,75.7337341308594
"Kebbi","Jega",2021,118.809921264648
"Kebbi","Jega",2022,94.5558929443359
"Kebbi","Jega",2023,69.77783203125
"Kebbi","Jega",2024,84.2591400146484
"Kebbi","Kalgo",2012,7.43804979324341
"Kebbi","Kalgo",2013,4.08841609954834
"Kebbi","Kalgo",2014,12.9183483123779
"Kebbi","Kalgo",2015,28.0923194885254
"Kebbi","Kalgo",2016,18.8140926361084
"Kebbi","Kalgo",2017,19.7262630462646
"Kebbi","Kalgo",2018,28.5875701904297
"Kebbi","Kalgo",2019,43.3404159545898
"Kebbi","Kalgo",2020,16.835241317749
"Kebbi","Kalgo",2021,15.9718217849731
"Kebbi","Kalgo",2022,3.69765377044678
"Kebbi","Kalgo",2023,2.18463611602783
"Kebbi","Kalgo",2024,0
"Kebbi","Koko/Besse",2012,5.41828060150146
"Kebbi","Koko/Besse",2013,0
"Kebbi","Koko/Besse",2014,4.54129219055176
"Kebbi","Koko/Besse",2015,7.32566356658936
"Kebbi","Koko/Besse",2016,2.18989038467407
"Kebbi","Koko/Besse",2017,4.98209619522095
"Kebbi","Koko/Besse",2018,24.9945316314697
"Kebbi","Koko/Besse",2019,71.4310836791992
"Kebbi","Koko/Besse",2020,71.8838806152344
"Kebbi","Koko/Besse",2021,92.4009170532227
"Kebbi","Koko/Besse",2022,118.045425415039
"Kebbi","Koko/Besse",2023,82.1713333129883
"Kebbi","Koko/Besse",2024,39.8425483703613
"Kebbi","Maiyama",2012,10.4684944152832
"Kebbi","Maiyama",2013,3.96002244949341
"Kebbi","Maiyama",2014,0
"Kebbi","Maiyama",2015,5.69242906570435
"Kebbi","Maiyama",2016,15.4783716201782
"Kebbi","Maiyama",2017,13.2034606933594
"Kebbi","Maiyama",2018,36.4302940368652
"Kebbi","Maiyama",2019,21.9610023498535
"Kebbi","Maiyama",2020,6.82849836349487
"Kebbi","Maiyama",2021,6.12828922271729
"Kebbi","Maiyama",2022,10.2686281204224
"Kebbi","Maiyama",2023,8.78123569488525
"Kebbi","Maiyama",2024,10.1365385055542
"Kebbi","Ngaski",2012,36.2361793518066
"Kebbi","Ngaski",2013,8.85819149017334
"Kebbi","Ngaski",2014,12.2122955322266
"Kebbi","Ngaski",2015,86.6935501098633
"Kebbi","Ngaski",2016,4.02634620666504
"Kebbi","Ngaski",2017,1.64628505706787
"Kebbi","Ngaski",2018,11.7479858398438
"Kebbi","Ngaski",2019,31.370756149292
"Kebbi","Ngaski",2020,37.4997482299805
"Kebbi","Ngaski",2021,64.4328079223633
"Kebbi","Ngaski",2022,57.4743118286133
"Kebbi","Ngaski",2023,20.5201358795166
"Kebbi","Ngaski",2024,13.073016166687
"Kebbi","Sakaba",2012,0
"Kebbi","Sakaba",2013,0
"Kebbi","Sakaba",2014,0
"Kebbi","Sakaba",2015,0
"Kebbi","Sakaba",2016,0
"Kebbi","Sakaba",2017,0
"Kebbi","Sakaba",2018,0
"Kebbi","Sakaba",2019,0
"Kebbi","Sakaba",2020,2.17894887924194
"Kebbi","Sakaba",2021,2.69085359573364
"Kebbi","Sakaba",2022,0.771353960037231
"Kebbi","Sakaba",2023,0
"Kebbi","Sakaba",2024,0
"Kebbi","Shanga",2012,2.41080164909363
"Kebbi","Shanga",2013,0.802860021591187
"Kebbi","Shanga",2014,1.60953092575073
"Kebbi","Shanga",2015,0
"Kebbi","Shanga",2016,0
"Kebbi","Shanga",2017,0
"Kebbi","Shanga",2018,0.574698567390442
"Kebbi","Shanga",2019,4.75309562683105
"Kebbi","Shanga",2020,1.75010299682617
"Kebbi","Shanga",2021,5.52816438674927
"Kebbi","Shanga",2022,5.31117916107178
"Kebbi","Shanga",2023,0.555850028991699
"Kebbi","Shanga",2024,0
"Kebbi","Suru",2012,4.98424959182739
"Kebbi","Suru",2013,6.76389312744141
"Kebbi","Suru",2014,18.3548984527588
"Kebbi","Suru",2015,16.7335166931152
"Kebbi","Suru",2016,17.2419452667236
"Kebbi","Suru",2017,8.22887992858887
"Kebbi","Suru",2018,12.9126844406128
"Kebbi","Suru",2019,22.8228034973145
"Kebbi","Suru",2020,11.8493223190308
"Kebbi","Suru",2021,10.4142875671387
"Kebbi","Suru",2022,8.39397239685059
"Kebbi","Suru",2023,3.1055006980896
"Kebbi","Suru",2024,1.7112250328064
"Kebbi","Yauri",2012,4.45044374465942
"Kebbi","Yauri",2013,0.115754120051861
"Kebbi","Yauri",2014,1.11036193370819
"Kebbi","Yauri",2015,1.26021540164948
"Kebbi","Yauri",2016,0
"Kebbi","Yauri",2017,2.92972612380981
"Kebbi","Yauri",2018,4.36513662338257
"Kebbi","Yauri",2019,17.8990173339844
"Kebbi","Yauri",2020,27.670970916748
"Kebbi","Yauri",2021,30.1002349853516
"Kebbi","Yauri",2022,44.3490829467773
"Kebbi","Yauri",2023,28.568302154541
"Kebbi","Yauri",2024,39.4108276367188
"Kebbi","Zuru",2012,8.16318511962891
"Kebbi","Zuru",2013,7.55265474319458
"Kebbi","Zuru",2014,12.6201391220093
"Kebbi","Zuru",2015,24.8006706237793
"Kebbi","Zuru",2016,1.05952048301697
"Kebbi","Zuru",2017,7.01211738586426
"Kebbi","Zuru",2018,1.56973671913147
"Kebbi","Zuru",2019,4.40242195129395
"Kebbi","Zuru",2020,72.3033828735352
"Kebbi","Zuru",2021,116.982276916504
"Kebbi","Zuru",2022,120.217918395996
"Kebbi","Zuru",2023,65.9032745361328
"Kebbi","Zuru",2024,42.5071640014648
"Kogi","Adavi",2012,1091.27001953125
"Kogi","Adavi",2013,1344.14636230469
"Kogi","Adavi",2014,1207.04943847656
"Kogi","Adavi",2015,1390.69104003906
"Kogi","Adavi",2016,540.725524902344
"Kogi","Adavi",2017,171.976608276367
"Kogi","Adavi",2018,514.370239257812
"Kogi","Adavi",2019,637.575073242188
"Kogi","Adavi",2020,538.104370117188
"Kogi","Adavi",2021,558.967346191406
"Kogi","Adavi",2022,702.51416015625
"Kogi","Adavi",2023,605.561462402344
"Kogi","Adavi",2024,653.759338378906
"Kogi","Ajaokuta",2012,601.4189453125
"Kogi","Ajaokuta",2013,637.666076660156
"Kogi","Ajaokuta",2014,693.474731445312
"Kogi","Ajaokuta",2015,726.92578125
"Kogi","Ajaokuta",2016,574.903259277344
"Kogi","Ajaokuta",2017,458.814178466797
"Kogi","Ajaokuta",2018,478.130187988281
"Kogi","Ajaokuta",2019,441.576904296875
"Kogi","Ajaokuta",2020,520.054565429688
"Kogi","Ajaokuta",2021,407.467895507812
"Kogi","Ajaokuta",2022,578.261474609375
"Kogi","Ajaokuta",2023,663.865478515625
"Kogi","Ajaokuta",2024,727.282165527344
"Kogi","Ankpa",2012,0
"Kogi","Ankpa",2013,0
"Kogi","Ankpa",2014,0
"Kogi","Ankpa",2015,0
"Kogi","Ankpa",2016,1.76966905593872
"Kogi","Ankpa",2017,0.607364773750305
"Kogi","Ankpa",2018,3.26075005531311
"Kogi","Ankpa",2019,2.35269451141357
"Kogi","Ankpa",2020,1.72206282615662
"Kogi","Ankpa",2021,2.87612557411194
"Kogi","Ankpa",2022,34.979866027832
"Kogi","Ankpa",2023,74.8492736816406
"Kogi","Ankpa",2024,96.0412902832031
"Kogi","Bassa",2012,15.1652040481567
"Kogi","Bassa",2013,9.39366436004639
"Kogi","Bassa",2014,6.16389656066895
"Kogi","Bassa",2015,3.30434775352478
"Kogi","Bassa",2016,3.17724847793579
"Kogi","Bassa",2017,2.56378293037415
"Kogi","Bassa",2018,2.33637404441833
"Kogi","Bassa",2019,1.69985401630402
"Kogi","Bassa",2020,2.4750075340271
"Kogi","Bassa",2021,1.2565484046936
"Kogi","Bassa",2022,33.7635231018066
"Kogi","Bassa",2023,53.8414192199707
"Kogi","Bassa",2024,41.6427726745605
"Kogi","Dekina",2012,129.161697387695
"Kogi","Dekina",2013,133.976974487305
"Kogi","Dekina",2014,127.154151916504
"Kogi","Dekina",2015,85.6901473999023
"Kogi","Dekina",2016,7.14531660079956
"Kogi","Dekina",2017,0
"Kogi","Dekina",2018,0
"Kogi","Dekina",2019,0
"Kogi","Dekina",2020,0
"Kogi","Dekina",2021,21.1990432739258
"Kogi","Dekina",2022,74.4730682373047
"Kogi","Dekina",2023,96.2517547607422
"Kogi","Dekina",2024,39.6075057983398
"Kogi","Ibaji",2012,0.559133887290955
"Kogi","Ibaji",2013,0
"Kogi","Ibaji",2014,0
"Kogi","Ibaji",2015,0
"Kogi","Ibaji",2016,0
"Kogi","Ibaji",2017,0
"Kogi","Ibaji",2018,0
"Kogi","Ibaji",2019,0
"Kogi","Ibaji",2020,0
"Kogi","Ibaji",2021,0
"Kogi","Ibaji",2022,0.662637650966644
"Kogi","Ibaji",2023,0
"Kogi","Ibaji",2024,0.587816834449768
"Kogi","Idah",2012,0
"Kogi","Idah",2013,0
"Kogi","Idah",2014,0
"Kogi","Idah",2015,0
"Kogi","Idah",2016,0
"Kogi","Idah",2017,0
"Kogi","Idah",2018,0
"Kogi","Idah",2019,0.0771536380052567
"Kogi","Idah",2020,0
"Kogi","Idah",2021,0
"Kogi","Idah",2022,0
"Kogi","Idah",2023,0
"Kogi","Idah",2024,0.557983636856079
"Kogi","Igalamela-Odolu",2012,14.2851476669312
"Kogi","Igalamela-Odolu",2013,76.952262878418
"Kogi","Igalamela-Odolu",2014,95.9297637939453
"Kogi","Igalamela-Odolu",2015,89.3866653442383
"Kogi","Igalamela-Odolu",2016,0.505755245685577
"Kogi","Igalamela-Odolu",2017,0
"Kogi","Igalamela-Odolu",2018,1.61571478843689
"Kogi","Igalamela-Odolu",2019,0.362955570220947
"Kogi","Igalamela-Odolu",2020,0
"Kogi","Igalamela-Odolu",2021,43.5412292480469
"Kogi","Igalamela-Odolu",2022,93.579475402832
"Kogi","Igalamela-Odolu",2023,74.2592849731445
"Kogi","Igalamela-Odolu",2024,7.35310792922974
"Kogi","Ijumu",2012,50.9488906860352
"Kogi","Ijumu",2013,51.535717010498
"Kogi","Ijumu",2014,4.37816286087036
"Kogi","Ijumu",2015,0
"Kogi","Ijumu",2016,0
"Kogi","Ijumu",2017,0
"Kogi","Ijumu",2018,0
"Kogi","Ijumu",2019,0
"Kogi","Ijumu",2020,0
"Kogi","Ijumu",2021,0
"Kogi","Ijumu",2022,3.49192547798157
"Kogi","Ijumu",2023,98.1660995483398
"Kogi","Ijumu",2024,197.370452880859
"Kogi","Kabba/Bunu",2012,1088.69360351562
"Kogi","Kabba/Bunu",2013,1139.86779785156
"Kogi","Kabba/Bunu",2014,1004.57922363281
"Kogi","Kabba/Bunu",2015,1185.68127441406
"Kogi","Kabba/Bunu",2016,846.1572265625
"Kogi","Kabba/Bunu",2017,551.741516113281
"Kogi","Kabba/Bunu",2018,695.835083007812
"Kogi","Kabba/Bunu",2019,594.432434082031
"Kogi","Kabba/Bunu",2020,655.776550292969
"Kogi","Kabba/Bunu",2021,723.928771972656
"Kogi","Kabba/Bunu",2022,933.947448730469
"Kogi","Kabba/Bunu",2023,1042.44470214844
"Kogi","Kabba/Bunu",2024,904.57763671875
"Kogi","Kogi",2012,14.4421043395996
"Kogi","Kogi",2013,9.00775337219238
"Kogi","Kogi",2014,7.19241237640381
"Kogi","Kogi",2015,12.8031978607178
"Kogi","Kogi",2016,2.27629280090332
"Kogi","Kogi",2017,11.281268119812
"Kogi","Kogi",2018,39.2255859375
"Kogi","Kogi",2019,26.9425735473633
"Kogi","Kogi",2020,59.1580696105957
"Kogi","Kogi",2021,39.8247871398926
"Kogi","Kogi",2022,143.729949951172
"Kogi","Kogi",2023,229.151565551758
"Kogi","Kogi",2024,203.790710449219
"Kogi","Lokoja",2012,1122.58374023438
"Kogi","Lokoja",2013,1249.25866699219
"Kogi","Lokoja",2014,979.992492675781
"Kogi","Lokoja",2015,1208.19750976562
"Kogi","Lokoja",2016,841.290954589844
"Kogi","Lokoja",2017,668.278930664062
"Kogi","Lokoja",2018,1094.28869628906
"Kogi","Lokoja",2019,967.290405273438
"Kogi","Lokoja",2020,1372.32470703125
"Kogi","Lokoja",2021,1490.08679199219
"Kogi","Lokoja",2022,2094.15844726562
"Kogi","Lokoja",2023,2487.03759765625
"Kogi","Lokoja",2024,2691.20092773438
"Kogi","Mopa-Muro",2012,0
"Kogi","Mopa-Muro",2013,0
"Kogi","Mopa-Muro",2014,0
"Kogi","Mopa-Muro",2015,0
"Kogi","Mopa-Muro",2016,0
"Kogi","Mopa-Muro",2017,0
"Kogi","Mopa-Muro",2018,0
"Kogi","Mopa-Muro",2019,0
"Kogi","Mopa-Muro",2020,0.506412982940674
"Kogi","Mopa-Muro",2021,0
"Kogi","Mopa-Muro",2022,2.94458818435669
"Kogi","Mopa-Muro",2023,5.7646484375
"Kogi","Mopa-Muro",2024,3.02703976631165
"Kogi","Ofu",2012,38.3626556396484
"Kogi","Ofu",2013,91.5480651855469
"Kogi","Ofu",2014,134.988082885742
"Kogi","Ofu",2015,104.781608581543
"Kogi","Ofu",2016,10.5481472015381
"Kogi","Ofu",2017,0.0590981021523476
"Kogi","Ofu",2018,10.645655632019
"Kogi","Ofu",2019,7.3219199180603
"Kogi","Ofu",2020,2.47108244895935
"Kogi","Ofu",2021,0.50324535369873
"Kogi","Ofu",2022,18.380765914917
"Kogi","Ofu",2023,47.6941566467285
"Kogi","Ofu",2024,29.8923015594482
"Kogi","Ogori/Magongo",2012,72.6407928466797
"Kogi","Ogori/Magongo",2013,88.4371032714844
"Kogi","Ogori/Magongo",2014,10.463415145874
"Kogi","Ogori/Magongo",2015,15.1279811859131
"Kogi","Ogori/Magongo",2016,15.9415912628174
"Kogi","Ogori/Magongo",2017,0
"Kogi","Ogori/Magongo",2018,23.2863597869873
"Kogi","Ogori/Magongo",2019,24.3403205871582
"Kogi","Ogori/Magongo",2020,17.0979843139648
"Kogi","Ogori/Magongo",2021,10.9207229614258
"Kogi","Ogori/Magongo",2022,35.939136505127
"Kogi","Ogori/Magongo",2023,12.3964281082153
"Kogi","Ogori/Magongo",2024,10.4656715393066
"Kogi","Okehi",2012,944.307678222656
"Kogi","Okehi",2013,1323.14575195312
"Kogi","Okehi",2014,1099.49963378906
"Kogi","Okehi",2015,1060.404296875
"Kogi","Okehi",2016,330.305145263672
"Kogi","Okehi",2017,142.322570800781
"Kogi","Okehi",2018,411.684906005859
"Kogi","Okehi",2019,435.998687744141
"Kogi","Okehi",2020,381.042572021484
"Kogi","Okehi",2021,424.806640625
"Kogi","Okehi",2022,443.086181640625
"Kogi","Okehi",2023,379.476501464844
"Kogi","Okehi",2024,413.401123046875
"Kogi","Okene",2012,34.1300849914551
"Kogi","Okene",2013,42.2078056335449
"Kogi","Okene",2014,18.8442516326904
"Kogi","Okene",2015,31.8691253662109
"Kogi","Okene",2016,7.29545402526855
"Kogi","Okene",2017,0
"Kogi","Okene",2018,17.0574798583984
"Kogi","Okene",2019,43.7099189758301
"Kogi","Okene",2020,35.3238296508789
"Kogi","Okene",2021,58.5997581481934
"Kogi","Okene",2022,157.230453491211
"Kogi","Okene",2023,146.126510620117
"Kogi","Okene",2024,106.084846496582
"Kogi","Olamaboro",2012,3.53200912475586
"Kogi","Olamaboro",2013,11.4000310897827
"Kogi","Olamaboro",2014,0
"Kogi","Olamaboro",2015,0
"Kogi","Olamaboro",2016,0
"Kogi","Olamaboro",2017,0
"Kogi","Olamaboro",2018,0
"Kogi","Olamaboro",2019,0
"Kogi","Olamaboro",2020,0
"Kogi","Olamaboro",2021,2.92133522033691
"Kogi","Olamaboro",2022,28.3446865081787
"Kogi","Olamaboro",2023,73.3153686523438
"Kogi","Olamaboro",2024,56.8720970153809
"Kogi","Omala",2012,0
"Kogi","Omala",2013,0
"Kogi","Omala",2014,0
"Kogi","Omala",2015,0
"Kogi","Omala",2016,0
"Kogi","Omala",2017,0
"Kogi","Omala",2018,0
"Kogi","Omala",2019,1.09786510467529
"Kogi","Omala",2020,0
"Kogi","Omala",2021,0
"Kogi","Omala",2022,0
"Kogi","Omala",2023,2.0550525188446
"Kogi","Omala",2024,2.49540829658508
"Kogi","Yagba East",2012,6.5197229385376
"Kogi","Yagba East",2013,15.2292184829712
"Kogi","Yagba East",2014,0
"Kogi","Yagba East",2015,0
"Kogi","Yagba East",2016,1.13901209831238
"Kogi","Yagba East",2017,1.50548672676086
"Kogi","Yagba East",2018,0
"Kogi","Yagba East",2019,0
"Kogi","Yagba East",2020,8.70804214477539
"Kogi","Yagba East",2021,0
"Kogi","Yagba East",2022,1.10489118099213
"Kogi","Yagba East",2023,22.181453704834
"Kogi","Yagba East",2024,25.2742729187012
"Kogi","Yagba West",2012,22.0849189758301
"Kogi","Yagba West",2013,19.0534229278564
"Kogi","Yagba West",2014,15.8110599517822
"Kogi","Yagba West",2015,15.0000371932983
"Kogi","Yagba West",2016,62.5366821289062
"Kogi","Yagba West",2017,72.419921875
"Kogi","Yagba West",2018,34.7326850891113
"Kogi","Yagba West",2019,4.18888807296753
"Kogi","Yagba West",2020,73.9789428710938
"Kogi","Yagba West",2021,65.3316650390625
"Kogi","Yagba West",2022,48.960823059082
"Kogi","Yagba West",2023,42.0122833251953
"Kogi","Yagba West",2024,23.3583488464355
"Kwara","Asa",2012,1160.8515625
"Kwara","Asa",2013,1159.89074707031
"Kwara","Asa",2014,918.415771484375
"Kwara","Asa",2015,995.422912597656
"Kwara","Asa",2016,477.683074951172
"Kwara","Asa",2017,511.387176513672
"Kwara","Asa",2018,663.78125
"Kwara","Asa",2019,651.399597167969
"Kwara","Asa",2020,924.613952636719
"Kwara","Asa",2021,995.522827148438
"Kwara","Asa",2022,1009.21569824219
"Kwara","Asa",2023,1489.63537597656
"Kwara","Asa",2024,1132.28430175781
"Kwara","Baruten",2012,0
"Kwara","Baruten",2013,0
"Kwara","Baruten",2014,0
"Kwara","Baruten",2015,0
"Kwara","Baruten",2016,0
"Kwara","Baruten",2017,0
"Kwara","Baruten",2018,0
"Kwara","Baruten",2019,0
"Kwara","Baruten",2020,0
"Kwara","Baruten",2021,0.560104012489319
"Kwara","Baruten",2022,2.32431244850159
"Kwara","Baruten",2023,4.77771282196045
"Kwara","Baruten",2024,10.6285266876221
"Kwara","Edu",2012,0
"Kwara","Edu",2013,62.0496101379395
"Kwara","Edu",2014,134.073181152344
"Kwara","Edu",2015,15.4540414810181
"Kwara","Edu",2016,38.015323638916
"Kwara","Edu",2017,7.91290283203125
"Kwara","Edu",2018,24.5869026184082
"Kwara","Edu",2019,12.3966102600098
"Kwara","Edu",2020,10.2150411605835
"Kwara","Edu",2021,7.82800769805908
"Kwara","Edu",2022,27.4694671630859
"Kwara","Edu",2023,61.5892906188965
"Kwara","Edu",2024,80.2991714477539
"Kwara","Ekiti",2012,13.4258737564087
"Kwara","Ekiti",2013,53.4197196960449
"Kwara","Ekiti",2014,57.107177734375
"Kwara","Ekiti",2015,30.8354816436768
"Kwara","Ekiti",2016,53.6490020751953
"Kwara","Ekiti",2017,35.3039703369141
"Kwara","Ekiti",2018,49.4062652587891
"Kwara","Ekiti",2019,24.9357929229736
"Kwara","Ekiti",2020,33.6151390075684
"Kwara","Ekiti",2021,33.5455322265625
"Kwara","Ekiti",2022,21.4317016601562
"Kwara","Ekiti",2023,25.0901794433594
"Kwara","Ekiti",2024,11.9890384674072
"Kwara","Ifelodun",2012,44.898754119873
"Kwara","Ifelodun",2013,120.645301818848
"Kwara","Ifelodun",2014,156.498611450195
"Kwara","Ifelodun",2015,67.5998077392578
"Kwara","Ifelodun",2016,42.7767753601074
"Kwara","Ifelodun",2017,38.68359375
"Kwara","Ifelodun",2018,41.2873420715332
"Kwara","Ifelodun",2019,65.1486663818359
"Kwara","Ifelodun",2020,63.001651763916
"Kwara","Ifelodun",2021,88.7934494018555
"Kwara","Ifelodun",2022,159.710968017578
"Kwara","Ifelodun",2023,147.494857788086
"Kwara","Ifelodun",2024,169.976837158203
"Kwara","Ilorin East",2012,986.410583496094
"Kwara","Ilorin East",2013,1072.0390625
"Kwara","Ilorin East",2014,775.787902832031
"Kwara","Ilorin East",2015,952.632690429688
"Kwara","Ilorin East",2016,554.592651367188
"Kwara","Ilorin East",2017,754.803588867188
"Kwara","Ilorin East",2018,824.22314453125
"Kwara","Ilorin East",2019,657.819519042969
"Kwara","Ilorin East",2020,789.093322753906
"Kwara","Ilorin East",2021,847.568908691406
"Kwara","Ilorin East",2022,946.207214355469
"Kwara","Ilorin East",2023,1070.91320800781
"Kwara","Ilorin East",2024,923.919799804688
"Kwara","Ilorin South",2012,424.239898681641
"Kwara","Ilorin South",2013,441.945129394531
"Kwara","Ilorin South",2014,400.665496826172
"Kwara","Ilorin South",2015,425.353668212891
"Kwara","Ilorin South",2016,283.758178710938
"Kwara","Ilorin South",2017,346.898406982422
"Kwara","Ilorin South",2018,386.262298583984
"Kwara","Ilorin South",2019,359.092346191406
"Kwara","Ilorin South",2020,427.816986083984
"Kwara","Ilorin South",2021,403.685150146484
"Kwara","Ilorin South",2022,547.757873535156
"Kwara","Ilorin South",2023,501.74072265625
"Kwara","Ilorin South",2024,523.08203125
"Kwara","Ilorin West",2012,1787.30932617188
"Kwara","Ilorin West",2013,1739.8515625
"Kwara","Ilorin West",2014,1505.48327636719
"Kwara","Ilorin West",2015,1457.84680175781
"Kwara","Ilorin West",2016,897.456787109375
"Kwara","Ilorin West",2017,968.476867675781
"Kwara","Ilorin West",2018,1085.78955078125
"Kwara","Ilorin West",2019,789.548583984375
"Kwara","Ilorin West",2020,897.697814941406
"Kwara","Ilorin West",2021,915.190185546875
"Kwara","Ilorin West",2022,1105.8994140625
"Kwara","Ilorin West",2023,1369.80285644531
"Kwara","Ilorin West",2024,1186.44189453125
"Kwara","Irepodun",2012,386.763427734375
"Kwara","Irepodun",2013,218.822326660156
"Kwara","Irepodun",2014,421.222564697266
"Kwara","Irepodun",2015,379.834808349609
"Kwara","Irepodun",2016,369.700653076172
"Kwara","Irepodun",2017,285.026458740234
"Kwara","Irepodun",2018,239.218032836914
"Kwara","Irepodun",2019,226.102142333984
"Kwara","Irepodun",2020,266.850738525391
"Kwara","Irepodun",2021,232.212417602539
"Kwara","Irepodun",2022,242.15837097168
"Kwara","Irepodun",2023,242.409957885742
"Kwara","Irepodun",2024,205.76904296875
"Kwara","Isin",2012,247.150451660156
"Kwara","Isin",2013,146.97492980957
"Kwara","Isin",2014,187.342559814453
"Kwara","Isin",2015,164.667236328125
"Kwara","Isin",2016,137.631225585938
"Kwara","Isin",2017,96.7531051635742
"Kwara","Isin",2018,109.91796875
"Kwara","Isin",2019,93.8254547119141
"Kwara","Isin",2020,99.7529525756836
"Kwara","Isin",2021,84.5097045898438
"Kwara","Isin",2022,88.4764556884766
"Kwara","Isin",2023,77.6537475585938
"Kwara","Isin",2024,72.1880264282227
"Kwara","Kaiama",2012,16.4916896820068
"Kwara","Kaiama",2013,3.97400736808777
"Kwara","Kaiama",2014,2.93538522720337
"Kwara","Kaiama",2015,0.527450978755951
"Kwara","Kaiama",2016,44.817066192627
"Kwara","Kaiama",2017,84.2965621948242
"Kwara","Kaiama",2018,96.4217224121094
"Kwara","Kaiama",2019,119.581497192383
"Kwara","Kaiama",2020,100.356391906738
"Kwara","Kaiama",2021,75.5141067504883
"Kwara","Kaiama",2022,70.4650421142578
"Kwara","Kaiama",2023,97.0026092529297
"Kwara","Kaiama",2024,126.940208435059
"Kwara","Moro",2012,170.863861083984
"Kwara","Moro",2013,214.481048583984
"Kwara","Moro",2014,185.394424438477
"Kwara","Moro",2015,169.284713745117
"Kwara","Moro",2016,154.384216308594
"Kwara","Moro",2017,114.481163024902
"Kwara","Moro",2018,116.206573486328
"Kwara","Moro",2019,113.21460723877
"Kwara","Moro",2020,112.339233398438
"Kwara","Moro",2021,130.174926757812
"Kwara","Moro",2022,137.899429321289
"Kwara","Moro",2023,203.310653686523
"Kwara","Moro",2024,161.522537231445
"Kwara","Offa",2012,563.273315429688
"Kwara","Offa",2013,586.376525878906
"Kwara","Offa",2014,488.389617919922
"Kwara","Offa",2015,323.351257324219
"Kwara","Offa",2016,179.648559570312
"Kwara","Offa",2017,156.899520874023
"Kwara","Offa",2018,106.151023864746
"Kwara","Offa",2019,144.301391601562
"Kwara","Offa",2020,220.002807617188
"Kwara","Offa",2021,312.173614501953
"Kwara","Offa",2022,339.116577148438
"Kwara","Offa",2023,218.381362915039
"Kwara","Offa",2024,265.847717285156
"Kwara","Oke-Ero",2012,49.3519706726074
"Kwara","Oke-Ero",2013,55.225887298584
"Kwara","Oke-Ero",2014,79.1806640625
"Kwara","Oke-Ero",2015,42.6982002258301
"Kwara","Oke-Ero",2016,54.217903137207
"Kwara","Oke-Ero",2017,50.2695159912109
"Kwara","Oke-Ero",2018,65.1568298339844
"Kwara","Oke-Ero",2019,28.1059970855713
"Kwara","Oke-Ero",2020,48.3597259521484
"Kwara","Oke-Ero",2021,34.5907211303711
"Kwara","Oke-Ero",2022,32.868953704834
"Kwara","Oke-Ero",2023,40.098560333252
"Kwara","Oke-Ero",2024,27.6325340270996
"Kwara","Oyun",2012,186.951400756836
"Kwara","Oyun",2013,194.638656616211
"Kwara","Oyun",2014,202.228897094727
"Kwara","Oyun",2015,138.100463867188
"Kwara","Oyun",2016,48.6542625427246
"Kwara","Oyun",2017,23.3795433044434
"Kwara","Oyun",2018,20.044994354248
"Kwara","Oyun",2019,63.6565589904785
"Kwara","Oyun",2020,104.312301635742
"Kwara","Oyun",2021,125.634925842285
"Kwara","Oyun",2022,181.522552490234
"Kwara","Oyun",2023,101.452674865723
"Kwara","Oyun",2024,146.4970703125
"Kwara","Pategi",2012,0
"Kwara","Pategi",2013,2.34337377548218
"Kwara","Pategi",2014,4.07112550735474
"Kwara","Pategi",2015,0
"Kwara","Pategi",2016,0
"Kwara","Pategi",2017,0.517690122127533
"Kwara","Pategi",2018,0
"Kwara","Pategi",2019,0
"Kwara","Pategi",2020,0
"Kwara","Pategi",2021,0
"Kwara","Pategi",2022,0
"Kwara","Pategi",2023,8.17965888977051
"Kwara","Pategi",2024,1.10719096660614
"Lagos","Agege",2012,969.763916015625
"Lagos","Agege",2013,994.78369140625
"Lagos","Agege",2014,918.147583007812
"Lagos","Agege",2015,1003.32464599609
"Lagos","Agege",2016,818.992797851562
"Lagos","Agege",2017,800.206420898438
"Lagos","Agege",2018,875.482849121094
"Lagos","Agege",2019,834.224548339844
"Lagos","Agege",2020,912.214599609375
"Lagos","Agege",2021,988.953979492188
"Lagos","Agege",2022,994.009765625
"Lagos","Agege",2023,993.117309570312
"Lagos","Agege",2024,1008.37835693359
"Lagos","Ajeromi/Ifelodun",2012,686.760986328125
"Lagos","Ajeromi/Ifelodun",2013,647.569458007812
"Lagos","Ajeromi/Ifelodun",2014,565.562927246094
"Lagos","Ajeromi/Ifelodun",2015,596.300048828125
"Lagos","Ajeromi/Ifelodun",2016,550.63232421875
"Lagos","Ajeromi/Ifelodun",2017,572.190551757812
"Lagos","Ajeromi/Ifelodun",2018,610.618041992188
"Lagos","Ajeromi/Ifelodun",2019,673.010498046875
"Lagos","Ajeromi/Ifelodun",2020,679.890991210938
"Lagos","Ajeromi/Ifelodun",2021,784.053405761719
"Lagos","Ajeromi/Ifelodun",2022,910.708129882812
"Lagos","Ajeromi/Ifelodun",2023,975.496765136719
"Lagos","Ajeromi/Ifelodun",2024,909.34423828125
"Lagos","Alimosho",2012,5218.97802734375
"Lagos","Alimosho",2013,4448.1044921875
"Lagos","Alimosho",2014,4188.5224609375
"Lagos","Alimosho",2015,4776.00341796875
"Lagos","Alimosho",2016,3789.82104492188
"Lagos","Alimosho",2017,3538.65112304688
"Lagos","Alimosho",2018,3549.17944335938
"Lagos","Alimosho",2019,4191.58349609375
"Lagos","Alimosho",2020,4731.61181640625
"Lagos","Alimosho",2021,5167.6005859375
"Lagos","Alimosho",2022,5222.14404296875
"Lagos","Alimosho",2023,5484.04296875
"Lagos","Alimosho",2024,5825.162109375
"Lagos","Amuwo Odofin",2012,3388.29516601562
"Lagos","Amuwo Odofin",2013,3053.8154296875
"Lagos","Amuwo Odofin",2014,2885.64624023438
"Lagos","Amuwo Odofin",2015,3240.81909179688
"Lagos","Amuwo Odofin",2016,2661.49609375
"Lagos","Amuwo Odofin",2017,3088.98852539062
"Lagos","Amuwo Odofin",2018,2966.63549804688
"Lagos","Amuwo Odofin",2019,3292.24267578125
"Lagos","Amuwo Odofin",2020,3768.908203125
"Lagos","Amuwo Odofin",2021,4653.83837890625
"Lagos","Amuwo Odofin",2022,4994.9765625
"Lagos","Amuwo Odofin",2023,5429.15478515625
"Lagos","Amuwo Odofin",2024,5106.4736328125
"Lagos","Apapa",2012,3808.84619140625
"Lagos","Apapa",2013,3964.43188476562
"Lagos","Apapa",2014,3984.68579101562
"Lagos","Apapa",2015,4430.40576171875
"Lagos","Apapa",2016,3728.02661132812
"Lagos","Apapa",2017,3596.97802734375
"Lagos","Apapa",2018,3617.43432617188
"Lagos","Apapa",2019,3292.46459960938
"Lagos","Apapa",2020,3257.28662109375
"Lagos","Apapa",2021,3907.73486328125
"Lagos","Apapa",2022,4040.29418945312
"Lagos","Apapa",2023,4079.02734375
"Lagos","Apapa",2024,4205.72265625
"Lagos","Badagry",2012,1752.40795898438
"Lagos","Badagry",2013,1573.01745605469
"Lagos","Badagry",2014,2006.40747070312
"Lagos","Badagry",2015,2343.76904296875
"Lagos","Badagry",2016,1803.22082519531
"Lagos","Badagry",2017,2355.35986328125
"Lagos","Badagry",2018,2030.46630859375
"Lagos","Badagry",2019,1930.06188964844
"Lagos","Badagry",2020,1938.5888671875
"Lagos","Badagry",2021,1999.14001464844
"Lagos","Badagry",2022,1983.0546875
"Lagos","Badagry",2023,2210.64331054688
"Lagos","Badagry",2024,2312.06591796875
"Lagos","Epe",2012,141.993515014648
"Lagos","Epe",2013,146.988876342773
"Lagos","Epe",2014,172.677215576172
"Lagos","Epe",2015,276.239318847656
"Lagos","Epe",2016,261.558776855469
"Lagos","Epe",2017,668.035583496094
"Lagos","Epe",2018,979.805297851562
"Lagos","Epe",2019,789.300048828125
"Lagos","Epe",2020,1217.18469238281
"Lagos","Epe",2021,1813.66491699219
"Lagos","Epe",2022,2016.51000976562
"Lagos","Epe",2023,1729.89721679688
"Lagos","Epe",2024,6606.7177734375
"Lagos","Eti-Osa",2012,9258.125
"Lagos","Eti-Osa",2013,9234.123046875
"Lagos","Eti-Osa",2014,9366.2177734375
"Lagos","Eti-Osa",2015,10369.9443359375
"Lagos","Eti-Osa",2016,9404.50390625
"Lagos","Eti-Osa",2017,9796.857421875
"Lagos","Eti-Osa",2018,10020.400390625
"Lagos","Eti-Osa",2019,10790.634765625
"Lagos","Eti-Osa",2020,11161.5205078125
"Lagos","Eti-Osa",2021,14115.2333984375
"Lagos","Eti-Osa",2022,15536.4814453125
"Lagos","Eti-Osa",2023,16938.931640625
"Lagos","Eti-Osa",2024,16752.6875
"Lagos","Ibeju-Lekki",2012,708.861267089844
"Lagos","Ibeju-Lekki",2013,553.1796875
"Lagos","Ibeju-Lekki",2014,506.079528808594
"Lagos","Ibeju-Lekki",2015,974.192749023438
"Lagos","Ibeju-Lekki",2016,1027.0927734375
"Lagos","Ibeju-Lekki",2017,1203.31066894531
"Lagos","Ibeju-Lekki",2018,1662.13562011719
"Lagos","Ibeju-Lekki",2019,2517.51733398438
"Lagos","Ibeju-Lekki",2020,4250.0048828125
"Lagos","Ibeju-Lekki",2021,5743.1298828125
"Lagos","Ibeju-Lekki",2022,5716.38671875
"Lagos","Ibeju-Lekki",2023,6918.529296875
"Lagos","Ibeju-Lekki",2024,10005.873046875
"Lagos","Ifako/Ijaye",2012,1395.62841796875
"Lagos","Ifako/Ijaye",2013,1491.59008789062
"Lagos","Ifako/Ijaye",2014,1550.96350097656
"Lagos","Ifako/Ijaye",2015,1696.13134765625
"Lagos","Ifako/Ijaye",2016,1444.71948242188
"Lagos","Ifako/Ijaye",2017,1244.56079101562
"Lagos","Ifako/Ijaye",2018,1148.63623046875
"Lagos","Ifako/Ijaye",2019,1334.50927734375
"Lagos","Ifako/Ijaye",2020,1694.50378417969
"Lagos","Ifako/Ijaye",2021,1622.33166503906
"Lagos","Ifako/Ijaye",2022,1599.38049316406
"Lagos","Ifako/Ijaye",2023,1595.10144042969
"Lagos","Ifako/Ijaye",2024,1673.7470703125
"Lagos","Ikeja",2012,3669.51782226562
"Lagos","Ikeja",2013,3543.7265625
"Lagos","Ikeja",2014,3265.11791992188
"Lagos","Ikeja",2015,3384.37255859375
"Lagos","Ikeja",2016,3634.93969726562
"Lagos","Ikeja",2017,3738.96606445312
"Lagos","Ikeja",2018,3549.83276367188
"Lagos","Ikeja",2019,3358.55224609375
"Lagos","Ikeja",2020,3521.32177734375
"Lagos","Ikeja",2021,3866.01098632812
"Lagos","Ikeja",2022,4188.56884765625
"Lagos","Ikeja",2023,4251.0869140625
"Lagos","Ikeja",2024,4388.93701171875
"Lagos","Ikorodu",2012,5344.34375
"Lagos","Ikorodu",2013,4591.29443359375
"Lagos","Ikorodu",2014,4952.46875
"Lagos","Ikorodu",2015,6832.3876953125
"Lagos","Ikorodu",2016,6478.45263671875
"Lagos","Ikorodu",2017,5890.55908203125
"Lagos","Ikorodu",2018,5962.7294921875
"Lagos","Ikorodu",2019,5625.46923828125
"Lagos","Ikorodu",2020,6611.60009765625
"Lagos","Ikorodu",2021,7517.1240234375
"Lagos","Ikorodu",2022,7707.1142578125
"Lagos","Ikorodu",2023,8922.7939453125
"Lagos","Ikorodu",2024,9065.5703125
"Lagos","Kosofe",2012,3231.412109375
"Lagos","Kosofe",2013,3163.56665039062
"Lagos","Kosofe",2014,2810.61547851562
"Lagos","Kosofe",2015,2917.12475585938
"Lagos","Kosofe",2016,3072.90625
"Lagos","Kosofe",2017,3256.3388671875
"Lagos","Kosofe",2018,3367.58959960938
"Lagos","Kosofe",2019,3338.701171875
"Lagos","Kosofe",2020,3451.19262695312
"Lagos","Kosofe",2021,3917.60546875
"Lagos","Kosofe",2022,4251.55615234375
"Lagos","Kosofe",2023,4573.646484375
"Lagos","Kosofe",2024,4283.10400390625
"Lagos","Lagos Island",2012,3257.85375976562
"Lagos","Lagos Island",2013,3477.70288085938
"Lagos","Lagos Island",2014,3486.81884765625
"Lagos","Lagos Island",2015,3560.56030273438
"Lagos","Lagos Island",2016,3391.513671875
"Lagos","Lagos Island",2017,3407.91040039062
"Lagos","Lagos Island",2018,3377.62719726562
"Lagos","Lagos Island",2019,3519.02905273438
"Lagos","Lagos Island",2020,3707.71240234375
"Lagos","Lagos Island",2021,4197.97314453125
"Lagos","Lagos Island",2022,4455.28759765625
"Lagos","Lagos Island",2023,4890.13427734375
"Lagos","Lagos Island",2024,4676.76611328125
"Lagos","Mainland",2012,1825.73522949219
"Lagos","Mainland",2013,1893.31274414062
"Lagos","Mainland",2014,1603.66381835938
"Lagos","Mainland",2015,1477.28344726562
"Lagos","Mainland",2016,1354.65124511719
"Lagos","Mainland",2017,1546.40881347656
"Lagos","Mainland",2018,1546.34069824219
"Lagos","Mainland",2019,1492.26611328125
"Lagos","Mainland",2020,1582.17980957031
"Lagos","Mainland",2021,1819.66345214844
"Lagos","Mainland",2022,1987.10681152344
"Lagos","Mainland",2023,1949.60266113281
"Lagos","Mainland",2024,1888.85437011719
"Lagos","Mushin",2012,1440.55114746094
"Lagos","Mushin",2013,1404.54016113281
"Lagos","Mushin",2014,1275.80517578125
"Lagos","Mushin",2015,1187.45239257812
"Lagos","Mushin",2016,1110.69506835938
"Lagos","Mushin",2017,1196.25866699219
"Lagos","Mushin",2018,1111.42932128906
"Lagos","Mushin",2019,1193.74340820312
"Lagos","Mushin",2020,1287.65380859375
"Lagos","Mushin",2021,1333.33276367188
"Lagos","Mushin",2022,1430.45568847656
"Lagos","Mushin",2023,1482.85986328125
"Lagos","Mushin",2024,1567.53088378906
"Lagos","Ojo",2012,1825.03479003906
"Lagos","Ojo",2013,1649.54516601562
"Lagos","Ojo",2014,1643.85522460938
"Lagos","Ojo",2015,1853.55212402344
"Lagos","Ojo",2016,1526.13342285156
"Lagos","Ojo",2017,1968.73889160156
"Lagos","Ojo",2018,1791.28369140625
"Lagos","Ojo",2019,1725.36303710938
"Lagos","Ojo",2020,1864.48449707031
"Lagos","Ojo",2021,1975.68920898438
"Lagos","Ojo",2022,2137.59252929688
"Lagos","Ojo",2023,2101.56396484375
"Lagos","Ojo",2024,2357.18286132812
"Lagos","Oshodi/Isolo",2012,2189.70581054688
"Lagos","Oshodi/Isolo",2013,2107.40014648438
"Lagos","Oshodi/Isolo",2014,1841.34912109375
"Lagos","Oshodi/Isolo",2015,2049.56225585938
"Lagos","Oshodi/Isolo",2016,1818.96459960938
"Lagos","Oshodi/Isolo",2017,1779.11694335938
"Lagos","Oshodi/Isolo",2018,1648.04626464844
"Lagos","Oshodi/Isolo",2019,1773.64050292969
"Lagos","Oshodi/Isolo",2020,2023.04675292969
"Lagos","Oshodi/Isolo",2021,2177.91162109375
"Lagos","Oshodi/Isolo",2022,2412.83178710938
"Lagos","Oshodi/Isolo",2023,2685.59716796875
"Lagos","Oshodi/Isolo",2024,2652.21630859375
"Lagos","Shomolu",2012,1408.44445800781
"Lagos","Shomolu",2013,1494.23217773438
"Lagos","Shomolu",2014,1294.31274414062
"Lagos","Shomolu",2015,1213.88854980469
"Lagos","Shomolu",2016,1128.18701171875
"Lagos","Shomolu",2017,1334.17321777344
"Lagos","Shomolu",2018,1417.95495605469
"Lagos","Shomolu",2019,1418.51208496094
"Lagos","Shomolu",2020,1446.9931640625
"Lagos","Shomolu",2021,1595.50903320312
"Lagos","Shomolu",2022,1711.37353515625
"Lagos","Shomolu",2023,1843.25610351562
"Lagos","Shomolu",2024,1784.97106933594
"Lagos","Surulere",2012,1855.95849609375
"Lagos","Surulere",2013,1903.244140625
"Lagos","Surulere",2014,1667.44372558594
"Lagos","Surulere",2015,1663.13671875
"Lagos","Surulere",2016,1514.98718261719
"Lagos","Surulere",2017,1677.62475585938
"Lagos","Surulere",2018,1536.49645996094
"Lagos","Surulere",2019,1637.61096191406
"Lagos","Surulere",2020,1763.05688476562
"Lagos","Surulere",2021,2103.62939453125
"Lagos","Surulere",2022,2324.16455078125
"Lagos","Surulere",2023,2488.31494140625
"Lagos","Surulere",2024,2436.35668945312
"Nasarawa","Akwanga",2012,507.791320800781
"Nasarawa","Akwanga",2013,570.636352539062
"Nasarawa","Akwanga",2014,631.507446289062
"Nasarawa","Akwanga",2015,752.800659179688
"Nasarawa","Akwanga",2016,508.597778320312
"Nasarawa","Akwanga",2017,269.0810546875
"Nasarawa","Akwanga",2018,224.496963500977
"Nasarawa","Akwanga",2019,139.89909362793
"Nasarawa","Akwanga",2020,193.312683105469
"Nasarawa","Akwanga",2021,164.191833496094
"Nasarawa","Akwanga",2022,244.469146728516
"Nasarawa","Akwanga",2023,333.805389404297
"Nasarawa","Akwanga",2024,346.041015625
"Nasarawa","Awe",2012,1.105229139328
"Nasarawa","Awe",2013,0
"Nasarawa","Awe",2014,0
"Nasarawa","Awe",2015,0
"Nasarawa","Awe",2016,0
"Nasarawa","Awe",2017,0
"Nasarawa","Awe",2018,0
"Nasarawa","Awe",2019,0.542994797229767
"Nasarawa","Awe",2020,0.738619983196259
"Nasarawa","Awe",2021,6.51053428649902
"Nasarawa","Awe",2022,31.6343212127686
"Nasarawa","Awe",2023,33.6124992370605
"Nasarawa","Awe",2024,36.6225700378418
"Nasarawa","Doma",2012,0.523952424526215
"Nasarawa","Doma",2013,5.7378363609314
"Nasarawa","Doma",2014,4.45907306671143
"Nasarawa","Doma",2015,3.55780363082886
"Nasarawa","Doma",2016,4.25414180755615
"Nasarawa","Doma",2017,2.86945366859436
"Nasarawa","Doma",2018,2.11840176582336
"Nasarawa","Doma",2019,4.68685340881348
"Nasarawa","Doma",2020,5.08767127990723
"Nasarawa","Doma",2021,4.68735933303833
"Nasarawa","Doma",2022,68.5413589477539
"Nasarawa","Doma",2023,78.6948852539062
"Nasarawa","Doma",2024,101.784408569336
"Nasarawa","Karu",2012,2155.73803710938
"Nasarawa","Karu",2013,3024.88256835938
"Nasarawa","Karu",2014,2990.51123046875
"Nasarawa","Karu",2015,2782.4677734375
"Nasarawa","Karu",2016,2982.35131835938
"Nasarawa","Karu",2017,2505.81762695312
"Nasarawa","Karu",2018,3095.46801757812
"Nasarawa","Karu",2019,2822.41870117188
"Nasarawa","Karu",2020,2673.79370117188
"Nasarawa","Karu",2021,3683.9814453125
"Nasarawa","Karu",2022,3561.80053710938
"Nasarawa","Karu",2023,4831.76708984375
"Nasarawa","Karu",2024,4660.419921875
"Nasarawa","Keana",2012,0
"Nasarawa","Keana",2013,0
"Nasarawa","Keana",2014,0
"Nasarawa","Keana",2015,0
"Nasarawa","Keana",2016,0
"Nasarawa","Keana",2017,0
"Nasarawa","Keana",2018,0
"Nasarawa","Keana",2019,1.40632998943329
"Nasarawa","Keana",2020,0
"Nasarawa","Keana",2021,3.52610802650452
"Nasarawa","Keana",2022,14.2100524902344
"Nasarawa","Keana",2023,10.5761613845825
"Nasarawa","Keana",2024,13.9417552947998
"Nasarawa","Keffi",2012,166.73078918457
"Nasarawa","Keffi",2013,175.609664916992
"Nasarawa","Keffi",2014,238.324920654297
"Nasarawa","Keffi",2015,440.502288818359
"Nasarawa","Keffi",2016,342.345642089844
"Nasarawa","Keffi",2017,84.8224792480469
"Nasarawa","Keffi",2018,123.048713684082
"Nasarawa","Keffi",2019,112.470565795898
"Nasarawa","Keffi",2020,186.283630371094
"Nasarawa","Keffi",2021,298.736206054688
"Nasarawa","Keffi",2022,432.945922851562
"Nasarawa","Keffi",2023,496.004669189453
"Nasarawa","Keffi",2024,512.808044433594
"Nasarawa","Kokona",2012,194.452041625977
"Nasarawa","Kokona",2013,108.135871887207
"Nasarawa","Kokona",2014,138.914855957031
"Nasarawa","Kokona",2015,313.583282470703
"Nasarawa","Kokona",2016,172.329330444336
"Nasarawa","Kokona",2017,103.167823791504
"Nasarawa","Kokona",2018,86.3349990844727
"Nasarawa","Kokona",2019,87.3964462280273
"Nasarawa","Kokona",2020,120.909912109375
"Nasarawa","Kokona",2021,128.688461303711
"Nasarawa","Kokona",2022,220.806747436523
"Nasarawa","Kokona",2023,258.034057617188
"Nasarawa","Kokona",2024,265.559509277344
"Nasarawa","Lafia",2012,289.74365234375
"Nasarawa","Lafia",2013,406.137817382812
"Nasarawa","Lafia",2014,533.401916503906
"Nasarawa","Lafia",2015,582.567749023438
"Nasarawa","Lafia",2016,329.189910888672
"Nasarawa","Lafia",2017,161.715637207031
"Nasarawa","Lafia",2018,238.104080200195
"Nasarawa","Lafia",2019,251.541854858398
"Nasarawa","Lafia",2020,229.405548095703
"Nasarawa","Lafia",2021,345.370941162109
"Nasarawa","Lafia",2022,1394.25891113281
"Nasarawa","Lafia",2023,1459.65588378906
"Nasarawa","Lafia",2024,1325.69165039062
"Nasarawa","Nasarawa",2012,254.435806274414
"Nasarawa","Nasarawa",2013,185.643127441406
"Nasarawa","Nasarawa",2014,234.379180908203
"Nasarawa","Nasarawa",2015,354.394592285156
"Nasarawa","Nasarawa",2016,278.632171630859
"Nasarawa","Nasarawa",2017,47.0266990661621
"Nasarawa","Nasarawa",2018,28.6907691955566
"Nasarawa","Nasarawa",2019,46.4385604858398
"Nasarawa","Nasarawa",2020,38.2784423828125
"Nasarawa","Nasarawa",2021,17.0425128936768
"Nasarawa","Nasarawa",2022,85.2413482666016
"Nasarawa","Nasarawa",2023,152.509002685547
"Nasarawa","Nasarawa",2024,195.791366577148
"Nasarawa","Nasarawa Eggon",2012,118.370559692383
"Nasarawa","Nasarawa Eggon",2013,85.3811187744141
"Nasarawa","Nasarawa Eggon",2014,85.1089324951172
"Nasarawa","Nasarawa Eggon",2015,167.496627807617
"Nasarawa","Nasarawa Eggon",2016,86.469367980957
"Nasarawa","Nasarawa Eggon",2017,25.2913703918457
"Nasarawa","Nasarawa Eggon",2018,23.5741004943848
"Nasarawa","Nasarawa Eggon",2019,9.72992324829102
"Nasarawa","Nasarawa Eggon",2020,11.8892040252686
"Nasarawa","Nasarawa Eggon",2021,37.2722282409668
"Nasarawa","Nasarawa Eggon",2022,81.3854370117188
"Nasarawa","Nasarawa Eggon",2023,90.8828582763672
"Nasarawa","Nasarawa Eggon",2024,104.453392028809
"Nasarawa","Obi",2012,0
"Nasarawa","Obi",2013,0
"Nasarawa","Obi",2014,0
"Nasarawa","Obi",2015,0
"Nasarawa","Obi",2016,0
"Nasarawa","Obi",2017,0
"Nasarawa","Obi",2018,0
"Nasarawa","Obi",2019,0
"Nasarawa","Obi",2020,0
"Nasarawa","Obi",2021,0.729746758937836
"Nasarawa","Obi",2022,28.5350227355957
"Nasarawa","Obi",2023,11.464467048645
"Nasarawa","Obi",2024,15.2108116149902
"Nasarawa","Toto",2012,0
"Nasarawa","Toto",2013,0
"Nasarawa","Toto",2014,0.52646404504776
"Nasarawa","Toto",2015,0.578320324420929
"Nasarawa","Toto",2016,0
"Nasarawa","Toto",2017,0
"Nasarawa","Toto",2018,0
"Nasarawa","Toto",2019,1.62212574481964
"Nasarawa","Toto",2020,1.83355689048767
"Nasarawa","Toto",2021,0
"Nasarawa","Toto",2022,1.53256666660309
"Nasarawa","Toto",2023,4.9756326675415
"Nasarawa","Toto",2024,7.47649478912354
"Nasarawa","Wamba",2012,94.9543228149414
"Nasarawa","Wamba",2013,124.15412902832
"Nasarawa","Wamba",2014,223.795318603516
"Nasarawa","Wamba",2015,268.215362548828
"Nasarawa","Wamba",2016,152.787948608398
"Nasarawa","Wamba",2017,42.7077293395996
"Nasarawa","Wamba",2018,54.6491355895996
"Nasarawa","Wamba",2019,52.7477416992188
"Nasarawa","Wamba",2020,11.3136787414551
"Nasarawa","Wamba",2021,0
"Nasarawa","Wamba",2022,7.5780930519104
"Nasarawa","Wamba",2023,30.4451923370361
"Nasarawa","Wamba",2024,24.4499568939209
"Niger","Agaie",2012,122.924774169922
"Niger","Agaie",2013,62.1826019287109
"Niger","Agaie",2014,37.6471786499023
"Niger","Agaie",2015,53.4741134643555
"Niger","Agaie",2016,12.2851371765137
"Niger","Agaie",2017,3.25265169143677
"Niger","Agaie",2018,0
"Niger","Agaie",2019,0
"Niger","Agaie",2020,1.05712378025055
"Niger","Agaie",2021,6.18269729614258
"Niger","Agaie",2022,15.6543893814087
"Niger","Agaie",2023,81.9659423828125
"Niger","Agaie",2024,90.093376159668
"Niger","Agwara",2012,110.013328552246
"Niger","Agwara",2013,59.9706382751465
"Niger","Agwara",2014,37.8768119812012
"Niger","Agwara",2015,45.4801254272461
"Niger","Agwara",2016,3.3534107208252
"Niger","Agwara",2017,28.7918891906738
"Niger","Agwara",2018,67.3491897583008
"Niger","Agwara",2019,168.361572265625
"Niger","Agwara",2020,161.45166015625
"Niger","Agwara",2021,160.240692138672
"Niger","Agwara",2022,168.501708984375
"Niger","Agwara",2023,131.233261108398
"Niger","Agwara",2024,159.608123779297
"Niger","Bida",2012,467.187347412109
"Niger","Bida",2013,476.445739746094
"Niger","Bida",2014,535.866638183594
"Niger","Bida",2015,303.400421142578
"Niger","Bida",2016,183.326934814453
"Niger","Bida",2017,154.587783813477
"Niger","Bida",2018,206.2177734375
"Niger","Bida",2019,240.398666381836
"Niger","Bida",2020,303.961639404297
"Niger","Bida",2021,295.133239746094
"Niger","Bida",2022,408.127136230469
"Niger","Bida",2023,653.709655761719
"Niger","Bida",2024,544.28173828125
"Niger","Borgu",2012,905.437805175781
"Niger","Borgu",2013,706.223571777344
"Niger","Borgu",2014,670.017333984375
"Niger","Borgu",2015,644.81494140625
"Niger","Borgu",2016,783.987487792969
"Niger","Borgu",2017,876.996337890625
"Niger","Borgu",2018,918.920104980469
"Niger","Borgu",2019,895.113098144531
"Niger","Borgu",2020,987.956115722656
"Niger","Borgu",2021,982.736877441406
"Niger","Borgu",2022,1094.24841308594
"Niger","Borgu",2023,982.576293945312
"Niger","Borgu",2024,978.068237304688
"Niger","Bosso",2012,1496.37768554688
"Niger","Bosso",2013,1701.8466796875
"Niger","Bosso",2014,1839.39526367188
"Niger","Bosso",2015,1379.59924316406
"Niger","Bosso",2016,1283.283203125
"Niger","Bosso",2017,635.437561035156
"Niger","Bosso",2018,482.777740478516
"Niger","Bosso",2019,704.825439453125
"Niger","Bosso",2020,448.573974609375
"Niger","Bosso",2021,1133.83227539062
"Niger","Bosso",2022,1345.17114257812
"Niger","Bosso",2023,1636.62902832031
"Niger","Bosso",2024,1573.86157226562
"Niger","Chanchaga",2012,1604.18005371094
"Niger","Chanchaga",2013,1809.73486328125
"Niger","Chanchaga",2014,1743.83508300781
"Niger","Chanchaga",2015,1339.17016601562
"Niger","Chanchaga",2016,1057.18627929688
"Niger","Chanchaga",2017,732.913269042969
"Niger","Chanchaga",2018,425.842987060547
"Niger","Chanchaga",2019,688.055480957031
"Niger","Chanchaga",2020,654.216430664062
"Niger","Chanchaga",2021,1044.09631347656
"Niger","Chanchaga",2022,1247.88146972656
"Niger","Chanchaga",2023,1328.2607421875
"Niger","Chanchaga",2024,1284.4677734375
"Niger","Edati",2012,10.5868825912476
"Niger","Edati",2013,8.24157047271729
"Niger","Edati",2014,0.667979538440704
"Niger","Edati",2015,15.1496448516846
"Niger","Edati",2016,0
"Niger","Edati",2017,0
"Niger","Edati",2018,0
"Niger","Edati",2019,0
"Niger","Edati",2020,0
"Niger","Edati",2021,0
"Niger","Edati",2022,8.7635440826416
"Niger","Edati",2023,5.11185169219971
"Niger","Edati",2024,9.18099498748779
"Niger","Gbako",2012,62.311393737793
"Niger","Gbako",2013,48.7397994995117
"Niger","Gbako",2014,39.4002456665039
"Niger","Gbako",2015,58.1469841003418
"Niger","Gbako",2016,3.36679840087891
"Niger","Gbako",2017,2.63984203338623
"Niger","Gbako",2018,4.22827625274658
"Niger","Gbako",2019,4.29036569595337
"Niger","Gbako",2020,5.22439479827881
"Niger","Gbako",2021,12.084906578064
"Niger","Gbako",2022,41.6401519775391
"Niger","Gbako",2023,60.5835227966309
"Niger","Gbako",2024,44.5749588012695
"Niger","Gurara",2012,86.8005676269531
"Niger","Gurara",2013,179.699188232422
"Niger","Gurara",2014,192.286193847656
"Niger","Gurara",2015,258.127288818359
"Niger","Gurara",2016,255.146789550781
"Niger","Gurara",2017,174.330429077148
"Niger","Gurara",2018,120.067581176758
"Niger","Gurara",2019,75.7466888427734
"Niger","Gurara",2020,84.3238906860352
"Niger","Gurara",2021,73.367919921875
"Niger","Gurara",2022,195.803268432617
"Niger","Gurara",2023,231.734527587891
"Niger","Gurara",2024,247.346099853516
"Niger","Katcha",2012,61.0422019958496
"Niger","Katcha",2013,36.1527786254883
"Niger","Katcha",2014,28.9149971008301
"Niger","Katcha",2015,30.0533123016357
"Niger","Katcha",2016,15.7596435546875
"Niger","Katcha",2017,7.0269136428833
"Niger","Katcha",2018,1.25965762138367
"Niger","Katcha",2019,1.48934841156006
"Niger","Katcha",2020,0
"Niger","Katcha",2021,2.09953117370605
"Niger","Katcha",2022,12.1974325180054
"Niger","Katcha",2023,61.703369140625
"Niger","Katcha",2024,56.8635330200195
"Niger","Kontagora",2012,673.331359863281
"Niger","Kontagora",2013,566.130737304688
"Niger","Kontagora",2014,509.132537841797
"Niger","Kontagora",2015,350.204284667969
"Niger","Kontagora",2016,258.811370849609
"Niger","Kontagora",2017,21.6971817016602
"Niger","Kontagora",2018,196.744247436523
"Niger","Kontagora",2019,456.295806884766
"Niger","Kontagora",2020,341.169769287109
"Niger","Kontagora",2021,330.035552978516
"Niger","Kontagora",2022,408.474822998047
"Niger","Kontagora",2023,656.238647460938
"Niger","Kontagora",2024,561.366577148438
"Niger","Lapai",2012,137.252975463867
"Niger","Lapai",2013,98.6194229125977
"Niger","Lapai",2014,209.930892944336
"Niger","Lapai",2015,215.107086181641
"Niger","Lapai",2016,130.3203125
"Niger","Lapai",2017,68.295524597168
"Niger","Lapai",2018,0
"Niger","Lapai",2019,1.93491494655609
"Niger","Lapai",2020,9.91402149200439
"Niger","Lapai",2021,24.4300136566162
"Niger","Lapai",2022,10.4926996231079
"Niger","Lapai",2023,81.3213119506836
"Niger","Lapai",2024,84.415885925293
"Niger","Lavun",2012,272.917572021484
"Niger","Lavun",2013,219.810897827148
"Niger","Lavun",2014,200.433288574219
"Niger","Lavun",2015,180.175872802734
"Niger","Lavun",2016,47.6166954040527
"Niger","Lavun",2017,14.6158857345581
"Niger","Lavun",2018,49.8068237304688
"Niger","Lavun",2019,39.4849815368652
"Niger","Lavun",2020,70.5751266479492
"Niger","Lavun",2021,98.2328414916992
"Niger","Lavun",2022,175.348175048828
"Niger","Lavun",2023,352.260162353516
"Niger","Lavun",2024,287.303131103516
"Niger","Magama",2012,211.621444702148
"Niger","Magama",2013,118.546714782715
"Niger","Magama",2014,145.958511352539
"Niger","Magama",2015,314.902435302734
"Niger","Magama",2016,126.849937438965
"Niger","Magama",2017,100.642135620117
"Niger","Magama",2018,129.129104614258
"Niger","Magama",2019,76.8182220458984
"Niger","Magama",2020,110.952125549316
"Niger","Magama",2021,160.862274169922
"Niger","Magama",2022,177.867828369141
"Niger","Magama",2023,136.769744873047
"Niger","Magama",2024,170.328018188477
"Niger","Mariga",2012,54.9590187072754
"Niger","Mariga",2013,33.9708709716797
"Niger","Mariga",2014,73.6344223022461
"Niger","Mariga",2015,43.4873428344727
"Niger","Mariga",2016,68.5233383178711
"Niger","Mariga",2017,2.24564623832703
"Niger","Mariga",2018,14.5332803726196
"Niger","Mariga",2019,23.3321475982666
"Niger","Mariga",2020,16.684175491333
"Niger","Mariga",2021,23.3310470581055
"Niger","Mariga",2022,2.83092641830444
"Niger","Mariga",2023,0
"Niger","Mariga",2024,0.522765934467316
"Niger","Mashegu",2012,168.875747680664
"Niger","Mashegu",2013,164.241470336914
"Niger","Mashegu",2014,217.299835205078
"Niger","Mashegu",2015,209.261016845703
"Niger","Mashegu",2016,220.197494506836
"Niger","Mashegu",2017,82.9095916748047
"Niger","Mashegu",2018,127.811859130859
"Niger","Mashegu",2019,121.114555358887
"Niger","Mashegu",2020,123.716735839844
"Niger","Mashegu",2021,119.6142578125
"Niger","Mashegu",2022,79.332405090332
"Niger","Mashegu",2023,26.9113960266113
"Niger","Mashegu",2024,32.8316268920898
"Niger","Mokwa",2012,642.774780273438
"Niger","Mokwa",2013,797.563354492188
"Niger","Mokwa",2014,639.938171386719
"Niger","Mokwa",2015,884.808410644531
"Niger","Mokwa",2016,795.739929199219
"Niger","Mokwa",2017,639.146789550781
"Niger","Mokwa",2018,589.579345703125
"Niger","Mokwa",2019,540.388244628906
"Niger","Mokwa",2020,604.370422363281
"Niger","Mokwa",2021,646.498229980469
"Niger","Mokwa",2022,872.470458984375
"Niger","Mokwa",2023,920.861999511719
"Niger","Mokwa",2024,949.707946777344
"Niger","Muya",2012,36.6110725402832
"Niger","Muya",2013,52.0476455688477
"Niger","Muya",2014,26.6368846893311
"Niger","Muya",2015,43.6936874389648
"Niger","Muya",2016,48.3721046447754
"Niger","Muya",2017,32.5752792358398
"Niger","Muya",2018,21.6308040618896
"Niger","Muya",2019,19.5820655822754
"Niger","Muya",2020,14.8812427520752
"Niger","Muya",2021,21.2760639190674
"Niger","Muya",2022,37.9866638183594
"Niger","Muya",2023,38.0279884338379
"Niger","Muya",2024,46.1084518432617
"Niger","Paikoro",2012,133.874908447266
"Niger","Paikoro",2013,195.757995605469
"Niger","Paikoro",2014,175.873641967773
"Niger","Paikoro",2015,211.72607421875
"Niger","Paikoro",2016,195.827163696289
"Niger","Paikoro",2017,117.225242614746
"Niger","Paikoro",2018,69.3640518188477
"Niger","Paikoro",2019,41.2362518310547
"Niger","Paikoro",2020,14.0268306732178
"Niger","Paikoro",2021,32.7014007568359
"Niger","Paikoro",2022,29.5927429199219
"Niger","Paikoro",2023,91.9145889282227
"Niger","Paikoro",2024,59.3427772521973
"Niger","Rafi",2012,560.111877441406
"Niger","Rafi",2013,549.956665039062
"Niger","Rafi",2014,761.200317382812
"Niger","Rafi",2015,666.021667480469
"Niger","Rafi",2016,660.746276855469
"Niger","Rafi",2017,107.11351776123
"Niger","Rafi",2018,299.286560058594
"Niger","Rafi",2019,482.767974853516
"Niger","Rafi",2020,309.682037353516
"Niger","Rafi",2021,162.939819335938
"Niger","Rafi",2022,122.532257080078
"Niger","Rafi",2023,112.213348388672
"Niger","Rafi",2024,134.825393676758
"Niger","Rijau",2012,0.509747982025146
"Niger","Rijau",2013,0
"Niger","Rijau",2014,1.27968978881836
"Niger","Rijau",2015,10.1132431030273
"Niger","Rijau",2016,0
"Niger","Rijau",2017,1.61735868453979
"Niger","Rijau",2018,0
"Niger","Rijau",2019,0
"Niger","Rijau",2020,17.5951137542725
"Niger","Rijau",2021,35.2195701599121
"Niger","Rijau",2022,39.5723304748535
"Niger","Rijau",2023,18.229679107666
"Niger","Rijau",2024,4.88014793395996
"Niger","Shiroro",2012,369.701904296875
"Niger","Shiroro",2013,517.27978515625
"Niger","Shiroro",2014,479.088439941406
"Niger","Shiroro",2015,580.342651367188
"Niger","Shiroro",2016,637.470886230469
"Niger","Shiroro",2017,537.260009765625
"Niger","Shiroro",2018,557.685485839844
"Niger","Shiroro",2019,556.024963378906
"Niger","Shiroro",2020,407.695739746094
"Niger","Shiroro",2021,378.122467041016
"Niger","Shiroro",2022,336.272552490234
"Niger","Shiroro",2023,600.968627929688
"Niger","Shiroro",2024,619.993835449219
"Niger","Suleja",2012,344.047729492188
"Niger","Suleja",2013,368.569458007812
"Niger","Suleja",2014,422.361602783203
"Niger","Suleja",2015,372.358673095703
"Niger","Suleja",2016,344.154846191406
"Niger","Suleja",2017,194.892211914062
"Niger","Suleja",2018,78.9184112548828
"Niger","Suleja",2019,68.8234329223633
"Niger","Suleja",2020,69.1968841552734
"Niger","Suleja",2021,167.437530517578
"Niger","Suleja",2022,247.068832397461
"Niger","Suleja",2023,295.261108398438
"Niger","Suleja",2024,305.664611816406
"Niger","Tafa",2012,763.981567382812
"Niger","Tafa",2013,960.42431640625
"Niger","Tafa",2014,1144.86340332031
"Niger","Tafa",2015,1291.74243164062
"Niger","Tafa",2016,1234.32397460938
"Niger","Tafa",2017,882.173583984375
"Niger","Tafa",2018,784.643371582031
"Niger","Tafa",2019,778.108581542969
"Niger","Tafa",2020,880.515625
"Niger","Tafa",2021,1012.41430664062
"Niger","Tafa",2022,1261.21203613281
"Niger","Tafa",2023,1379.27661132812
"Niger","Tafa",2024,1516.31335449219
"Niger","Wushishi",2012,27.2835140228271
"Niger","Wushishi",2013,35.3297805786133
"Niger","Wushishi",2014,27.1166343688965
"Niger","Wushishi",2015,40.0713195800781
"Niger","Wushishi",2016,0
"Niger","Wushishi",2017,0
"Niger","Wushishi",2018,0
"Niger","Wushishi",2019,0.544044554233551
"Niger","Wushishi",2020,0
"Niger","Wushishi",2021,0
"Niger","Wushishi",2022,74.1786651611328
"Niger","Wushishi",2023,53.1653785705566
"Niger","Wushishi",2024,24.6765537261963
"Ogun","Abeokuta North",2012,278.601165771484
"Ogun","Abeokuta North",2013,224.586135864258
"Ogun","Abeokuta North",2014,166.70329284668
"Ogun","Abeokuta North",2015,224.670700073242
"Ogun","Abeokuta North",2016,131.099670410156
"Ogun","Abeokuta North",2017,199.56706237793
"Ogun","Abeokuta North",2018,169.367172241211
"Ogun","Abeokuta North",2019,149.149032592773
"Ogun","Abeokuta North",2020,341.952026367188
"Ogun","Abeokuta North",2021,419.670562744141
"Ogun","Abeokuta North",2022,438.620910644531
"Ogun","Abeokuta North",2023,295.569000244141
"Ogun","Abeokuta North",2024,330.112609863281
"Ogun","Abeokuta South",2012,914.438171386719
"Ogun","Abeokuta South",2013,913.791076660156
"Ogun","Abeokuta South",2014,655.107849121094
"Ogun","Abeokuta South",2015,661.126708984375
"Ogun","Abeokuta South",2016,365.018524169922
"Ogun","Abeokuta South",2017,510.117034912109
"Ogun","Abeokuta South",2018,490.375030517578
"Ogun","Abeokuta South",2019,465.815643310547
"Ogun","Abeokuta South",2020,624.835510253906
"Ogun","Abeokuta South",2021,689.819213867188
"Ogun","Abeokuta South",2022,730.170104980469
"Ogun","Abeokuta South",2023,661.46630859375
"Ogun","Abeokuta South",2024,675.705505371094
"Ogun","Ado Odo/Ota",2012,3787.3701171875
"Ogun","Ado Odo/Ota",2013,3862.40307617188
"Ogun","Ado Odo/Ota",2014,3295.60083007812
"Ogun","Ado Odo/Ota",2015,4822.7109375
"Ogun","Ado Odo/Ota",2016,4071.24755859375
"Ogun","Ado Odo/Ota",2017,4068.1201171875
"Ogun","Ado Odo/Ota",2018,3733.95263671875
"Ogun","Ado Odo/Ota",2019,4226.97412109375
"Ogun","Ado Odo/Ota",2020,5735.49072265625
"Ogun","Ado Odo/Ota",2021,6532.97265625
"Ogun","Ado Odo/Ota",2022,6964.935546875
"Ogun","Ado Odo/Ota",2023,7234.25146484375
"Ogun","Ado Odo/Ota",2024,8255.8291015625
"Ogun","Ewekoro",2012,909.845642089844
"Ogun","Ewekoro",2013,802.871704101562
"Ogun","Ewekoro",2014,700.502075195312
"Ogun","Ewekoro",2015,1067.4287109375
"Ogun","Ewekoro",2016,909.209533691406
"Ogun","Ewekoro",2017,880.030639648438
"Ogun","Ewekoro",2018,739.064147949219
"Ogun","Ewekoro",2019,668.322204589844
"Ogun","Ewekoro",2020,852.860107421875
"Ogun","Ewekoro",2021,927.646606445312
"Ogun","Ewekoro",2022,1432.46142578125
"Ogun","Ewekoro",2023,1657.84875488281
"Ogun","Ewekoro",2024,2119.06616210938
"Ogun","Ifo",2012,1648.81628417969
"Ogun","Ifo",2013,2106.72314453125
"Ogun","Ifo",2014,2208.37255859375
"Ogun","Ifo",2015,2964.7763671875
"Ogun","Ifo",2016,2564.09155273438
"Ogun","Ifo",2017,2351.720703125
"Ogun","Ifo",2018,1957.36120605469
"Ogun","Ifo",2019,2412.90576171875
"Ogun","Ifo",2020,3201.19287109375
"Ogun","Ifo",2021,3431.99047851562
"Ogun","Ifo",2022,3468.482421875
"Ogun","Ifo",2023,3448.36987304688
"Ogun","Ifo",2024,3715.07763671875
"Ogun","Ijebu East",2012,315.637634277344
"Ogun","Ijebu East",2013,255.064422607422
"Ogun","Ijebu East",2014,308.214691162109
"Ogun","Ijebu East",2015,319.185943603516
"Ogun","Ijebu East",2016,203.318023681641
"Ogun","Ijebu East",2017,145.325500488281
"Ogun","Ijebu East",2018,62.7532043457031
"Ogun","Ijebu East",2019,64.2812576293945
"Ogun","Ijebu East",2020,284.875579833984
"Ogun","Ijebu East",2021,201.135131835938
"Ogun","Ijebu East",2022,322.874664306641
"Ogun","Ijebu East",2023,269.843658447266
"Ogun","Ijebu East",2024,277.793212890625
"Ogun","Ijebu North",2012,138.398818969727
"Ogun","Ijebu North",2013,139.765380859375
"Ogun","Ijebu North",2014,73.0683364868164
"Ogun","Ijebu North",2015,195.307266235352
"Ogun","Ijebu North",2016,58.0425224304199
"Ogun","Ijebu North",2017,39.5002021789551
"Ogun","Ijebu North",2018,5.077552318573
"Ogun","Ijebu North",2019,27.8472270965576
"Ogun","Ijebu North",2020,182.435043334961
"Ogun","Ijebu North",2021,206.087844848633
"Ogun","Ijebu North",2022,300.917236328125
"Ogun","Ijebu North",2023,274.412750244141
"Ogun","Ijebu North",2024,281.845031738281
"Ogun","Ijebu North-East",2012,33.8925895690918
"Ogun","Ijebu North-East",2013,60.2907562255859
"Ogun","Ijebu North-East",2014,55.8216705322266
"Ogun","Ijebu North-East",2015,41.4946556091309
"Ogun","Ijebu North-East",2016,15.2096471786499
"Ogun","Ijebu North-East",2017,13.4147548675537
"Ogun","Ijebu North-East",2018,4.19729566574097
"Ogun","Ijebu North-East",2019,3.6630744934082
"Ogun","Ijebu North-East",2020,57.6462287902832
"Ogun","Ijebu North-East",2021,50.4774932861328
"Ogun","Ijebu North-East",2022,91.5350875854492
"Ogun","Ijebu North-East",2023,79.7815551757812
"Ogun","Ijebu North-East",2024,101.030464172363
"Ogun","Ijebu-Ode",2012,603.074096679688
"Ogun","Ijebu-Ode",2013,632.721862792969
"Ogun","Ijebu-Ode",2014,591.7099609375
"Ogun","Ijebu-Ode",2015,585.964660644531
"Ogun","Ijebu-Ode",2016,376.639953613281
"Ogun","Ijebu-Ode",2017,266.863128662109
"Ogun","Ijebu-Ode",2018,150.749588012695
"Ogun","Ijebu-Ode",2019,186.694290161133
"Ogun","Ijebu-Ode",2020,522.504272460938
"Ogun","Ijebu-Ode",2021,534.446960449219
"Ogun","Ijebu-Ode",2022,738.0849609375
"Ogun","Ijebu-Ode",2023,742.897277832031
"Ogun","Ijebu-Ode",2024,728.612854003906
"Ogun","Ikenne",2012,134.363311767578
"Ogun","Ikenne",2013,152.386825561523
"Ogun","Ikenne",2014,211.60139465332
"Ogun","Ikenne",2015,407.347747802734
"Ogun","Ikenne",2016,279.795654296875
"Ogun","Ikenne",2017,339.22021484375
"Ogun","Ikenne",2018,206.876098632812
"Ogun","Ikenne",2019,282.407897949219
"Ogun","Ikenne",2020,384.046508789062
"Ogun","Ikenne",2021,693.30908203125
"Ogun","Ikenne",2022,859.305725097656
"Ogun","Ikenne",2023,990.744018554688
"Ogun","Ikenne",2024,1031.22448730469
"Ogun","Imeko-Afon",2012,30.2042751312256
"Ogun","Imeko-Afon",2013,10.62038230896
"Ogun","Imeko-Afon",2014,1.80275058746338
"Ogun","Imeko-Afon",2015,14.766637802124
"Ogun","Imeko-Afon",2016,14.9082946777344
"Ogun","Imeko-Afon",2017,28.1015357971191
"Ogun","Imeko-Afon",2018,21.853214263916
"Ogun","Imeko-Afon",2019,14.5076169967651
"Ogun","Imeko-Afon",2020,3.43396162986755
"Ogun","Imeko-Afon",2021,14.3800163269043
"Ogun","Imeko-Afon",2022,38.942440032959
"Ogun","Imeko-Afon",2023,3.05691266059875
"Ogun","Imeko-Afon",2024,5.80660200119019
"Ogun","Ipokia",2012,14.7448854446411
"Ogun","Ipokia",2013,11.1386260986328
"Ogun","Ipokia",2014,11.9212160110474
"Ogun","Ipokia",2015,37.0284233093262
"Ogun","Ipokia",2016,19.3354797363281
"Ogun","Ipokia",2017,8.75813388824463
"Ogun","Ipokia",2018,17.8988914489746
"Ogun","Ipokia",2019,24.0020980834961
"Ogun","Ipokia",2020,29.33717918396
"Ogun","Ipokia",2021,31.8068218231201
"Ogun","Ipokia",2022,64.7830657958984
"Ogun","Ipokia",2023,47.3948936462402
"Ogun","Ipokia",2024,97.0609741210938
"Ogun","Obafemi-Owode",2012,1547.88696289062
"Ogun","Obafemi-Owode",2013,1746.77746582031
"Ogun","Obafemi-Owode",2014,1568.43798828125
"Ogun","Obafemi-Owode",2015,2207.50146484375
"Ogun","Obafemi-Owode",2016,1761.68212890625
"Ogun","Obafemi-Owode",2017,1975.39428710938
"Ogun","Obafemi-Owode",2018,2100.48168945312
"Ogun","Obafemi-Owode",2019,2451.28149414062
"Ogun","Obafemi-Owode",2020,3343.6533203125
"Ogun","Obafemi-Owode",2021,3728.49560546875
"Ogun","Obafemi-Owode",2022,4864.3095703125
"Ogun","Obafemi-Owode",2023,4319.21240234375
"Ogun","Obafemi-Owode",2024,4687.04931640625
"Ogun","Odeda",2012,111.635429382324
"Ogun","Odeda",2013,115.581520080566
"Ogun","Odeda",2014,75.5547485351562
"Ogun","Odeda",2015,106.705474853516
"Ogun","Odeda",2016,17.1925163269043
"Ogun","Odeda",2017,10.8491239547729
"Ogun","Odeda",2018,13.464427947998
"Ogun","Odeda",2019,13.3413667678833
"Ogun","Odeda",2020,81.2406997680664
"Ogun","Odeda",2021,137.524368286133
"Ogun","Odeda",2022,170.029922485352
"Ogun","Odeda",2023,186.751983642578
"Ogun","Odeda",2024,299.324432373047
"Ogun","Odogbolu",2012,170.171463012695
"Ogun","Odogbolu",2013,191.844375610352
"Ogun","Odogbolu",2014,189.246963500977
"Ogun","Odogbolu",2015,243.705215454102
"Ogun","Odogbolu",2016,188.504318237305
"Ogun","Odogbolu",2017,130.336364746094
"Ogun","Odogbolu",2018,60.373218536377
"Ogun","Odogbolu",2019,101.969551086426
"Ogun","Odogbolu",2020,296.289520263672
"Ogun","Odogbolu",2021,417.024261474609
"Ogun","Odogbolu",2022,742.639404296875
"Ogun","Odogbolu",2023,686.140197753906
"Ogun","Odogbolu",2024,834.707153320312
"Ogun","Ogun Waterside",2012,4.50821971893311
"Ogun","Ogun Waterside",2013,2.26508808135986
"Ogun","Ogun Waterside",2014,1.3501250743866
"Ogun","Ogun Waterside",2015,0.76198810338974
"Ogun","Ogun Waterside",2016,3.52589321136475
"Ogun","Ogun Waterside",2017,0
"Ogun","Ogun Waterside",2018,0
"Ogun","Ogun Waterside",2019,0
"Ogun","Ogun Waterside",2020,0
"Ogun","Ogun Waterside",2021,0
"Ogun","Ogun Waterside",2022,0.509391009807587
"Ogun","Ogun Waterside",2023,0
"Ogun","Ogun Waterside",2024,0
"Ogun","Remo-North",2012,6.36572551727295
"Ogun","Remo-North",2013,10.9335794448853
"Ogun","Remo-North",2014,36.1647109985352
"Ogun","Remo-North",2015,79.6748580932617
"Ogun","Remo-North",2016,33.3311882019043
"Ogun","Remo-North",2017,63.9229850769043
"Ogun","Remo-North",2018,19.6513957977295
"Ogun","Remo-North",2019,15.4516639709473
"Ogun","Remo-North",2020,35.835319519043
"Ogun","Remo-North",2021,104.542686462402
"Ogun","Remo-North",2022,152.531280517578
"Ogun","Remo-North",2023,235.611938476562
"Ogun","Remo-North",2024,304.384063720703
"Ogun","Shagamu",2012,2142.4619140625
"Ogun","Shagamu",2013,2170.06396484375
"Ogun","Shagamu",2014,2575.48974609375
"Ogun","Shagamu",2015,3778.22143554688
"Ogun","Shagamu",2016,3637.77880859375
"Ogun","Shagamu",2017,4309.48583984375
"Ogun","Shagamu",2018,3994.33837890625
"Ogun","Shagamu",2019,4297.69189453125
"Ogun","Shagamu",2020,4990.89599609375
"Ogun","Shagamu",2021,5843.24609375
"Ogun","Shagamu",2022,6671.5537109375
"Ogun","Shagamu",2023,7508.05712890625
"Ogun","Shagamu",2024,8538.9580078125
"Ogun","Yewa North",2012,429.90576171875
"Ogun","Yewa North",2013,348.139434814453
"Ogun","Yewa North",2014,356.292755126953
"Ogun","Yewa North",2015,599.686401367188
"Ogun","Yewa North",2016,412.336212158203
"Ogun","Yewa North",2017,420.950073242188
"Ogun","Yewa North",2018,457.16162109375
"Ogun","Yewa North",2019,454.639617919922
"Ogun","Yewa North",2020,353.398376464844
"Ogun","Yewa North",2021,314.723541259766
"Ogun","Yewa North",2022,437.467468261719
"Ogun","Yewa North",2023,446.835876464844
"Ogun","Yewa North",2024,594.696472167969
"Ogun","Yewa South",2012,298.456604003906
"Ogun","Yewa South",2013,227.0029296875
"Ogun","Yewa South",2014,113.898490905762
"Ogun","Yewa South",2015,174.308776855469
"Ogun","Yewa South",2016,96.3999786376953
"Ogun","Yewa South",2017,163.810882568359
"Ogun","Yewa South",2018,113.412673950195
"Ogun","Yewa South",2019,62.3906860351562
"Ogun","Yewa South",2020,92.44482421875
"Ogun","Yewa South",2021,102.520118713379
"Ogun","Yewa South",2022,157.77946472168
"Ogun","Yewa South",2023,201.733032226562
"Ogun","Yewa South",2024,204.030975341797
"Ondo","Akoko North-East",2012,127.040367126465
"Ondo","Akoko North-East",2013,152.834228515625
"Ondo","Akoko North-East",2014,68.3090744018555
"Ondo","Akoko North-East",2015,98.7066345214844
"Ondo","Akoko North-East",2016,0.49138355255127
"Ondo","Akoko North-East",2017,0
"Ondo","Akoko North-East",2018,9.3585958480835
"Ondo","Akoko North-East",2019,25.8015213012695
"Ondo","Akoko North-East",2020,41.9463768005371
"Ondo","Akoko North-East",2021,19.3305816650391
"Ondo","Akoko North-East",2022,38.7119636535645
"Ondo","Akoko North-East",2023,78.305793762207
"Ondo","Akoko North-East",2024,77.400146484375
"Ondo","Akoko North-West",2012,98.4168853759766
"Ondo","Akoko North-West",2013,127.635688781738
"Ondo","Akoko North-West",2014,70.2707748413086
"Ondo","Akoko North-West",2015,73.8280334472656
"Ondo","Akoko North-West",2016,1.04027652740479
"Ondo","Akoko North-West",2017,0
"Ondo","Akoko North-West",2018,7.9402494430542
"Ondo","Akoko North-West",2019,19.5262699127197
"Ondo","Akoko North-West",2020,47.6784286499023
"Ondo","Akoko North-West",2021,11.922679901123
"Ondo","Akoko North-West",2022,12.9542455673218
"Ondo","Akoko North-West",2023,36.2944755554199
"Ondo","Akoko North-West",2024,35.0876159667969
"Ondo","Akoko South-East",2012,73.9881439208984
"Ondo","Akoko South-East",2013,28.7520198822021
"Ondo","Akoko South-East",2014,10.3515758514404
"Ondo","Akoko South-East",2015,13.7057914733887
"Ondo","Akoko South-East",2016,7.26482772827148
"Ondo","Akoko South-East",2017,4.24527502059937
"Ondo","Akoko South-East",2018,3.43362879753113
"Ondo","Akoko South-East",2019,0.554513514041901
"Ondo","Akoko South-East",2020,0
"Ondo","Akoko South-East",2021,0
"Ondo","Akoko South-East",2022,0
"Ondo","Akoko South-East",2023,0
"Ondo","Akoko South-East",2024,0
"Ondo","Akoko South-West",2012,62.2592430114746
"Ondo","Akoko South-West",2013,9.0023889541626
"Ondo","Akoko South-West",2014,0.660968244075775
"Ondo","Akoko South-West",2015,21.2842426300049
"Ondo","Akoko South-West",2016,1.95970380306244
"Ondo","Akoko South-West",2017,0.712394952774048
"Ondo","Akoko South-West",2018,2.09177422523499
"Ondo","Akoko South-West",2019,5.04831314086914
"Ondo","Akoko South-West",2020,9.45899295806885
"Ondo","Akoko South-West",2021,0.532682001590729
"Ondo","Akoko South-West",2022,3.17716455459595
"Ondo","Akoko South-West",2023,13.5255575180054
"Ondo","Akoko South-West",2024,14.1689186096191
"Ondo","Akure North",2012,1019.68304443359
"Ondo","Akure North",2013,808.136352539062
"Ondo","Akure North",2014,862.822814941406
"Ondo","Akure North",2015,775.426574707031
"Ondo","Akure North",2016,509.760192871094
"Ondo","Akure North",2017,514.662658691406
"Ondo","Akure North",2018,562.042236328125
"Ondo","Akure North",2019,646.120483398438
"Ondo","Akure North",2020,715.016540527344
"Ondo","Akure North",2021,839.352661132812
"Ondo","Akure North",2022,1135.99682617188
"Ondo","Akure North",2023,1149.70141601562
"Ondo","Akure North",2024,1098.15258789062
"Ondo","Akure South",2012,1320.70178222656
"Ondo","Akure South",2013,1264.60583496094
"Ondo","Akure South",2014,1402.46630859375
"Ondo","Akure South",2015,943.320983886719
"Ondo","Akure South",2016,491.169647216797
"Ondo","Akure South",2017,419.959533691406
"Ondo","Akure South",2018,649.847290039062
"Ondo","Akure South",2019,549.661865234375
"Ondo","Akure South",2020,392.007568359375
"Ondo","Akure South",2021,618.877075195312
"Ondo","Akure South",2022,827.122253417969
"Ondo","Akure South",2023,824.070556640625
"Ondo","Akure South",2024,951.940734863281
"Ondo","Ese-Odo",2012,4.03611183166504
"Ondo","Ese-Odo",2013,7.48132658004761
"Ondo","Ese-Odo",2014,22.1879711151123
"Ondo","Ese-Odo",2015,21.6150493621826
"Ondo","Ese-Odo",2016,19.6200561523438
"Ondo","Ese-Odo",2017,32.5967140197754
"Ondo","Ese-Odo",2018,214.88671875
"Ondo","Ese-Odo",2019,195.637069702148
"Ondo","Ese-Odo",2020,152.716979980469
"Ondo","Ese-Odo",2021,58.8573875427246
"Ondo","Ese-Odo",2022,73.6192474365234
"Ondo","Ese-Odo",2023,330.015075683594
"Ondo","Ese-Odo",2024,514.835510253906
"Ondo","Idanre",2012,75.893928527832
"Ondo","Idanre",2013,91.3004913330078
"Ondo","Idanre",2014,105.612274169922
"Ondo","Idanre",2015,31.2803230285645
"Ondo","Idanre",2016,27.7305603027344
"Ondo","Idanre",2017,41.8147850036621
"Ondo","Idanre",2018,62.4123878479004
"Ondo","Idanre",2019,26.8107318878174
"Ondo","Idanre",2020,43.7981262207031
"Ondo","Idanre",2021,40.6190299987793
"Ondo","Idanre",2022,39.0910110473633
"Ondo","Idanre",2023,44.3033828735352
"Ondo","Idanre",2024,36.7478103637695
"Ondo","Ifedore",2012,147.320938110352
"Ondo","Ifedore",2013,27.6550178527832
"Ondo","Ifedore",2014,85.9030303955078
"Ondo","Ifedore",2015,3.94193983078003
"Ondo","Ifedore",2016,0
"Ondo","Ifedore",2017,6.01430940628052
"Ondo","Ifedore",2018,24.7037105560303
"Ondo","Ifedore",2019,1.21147656440735
"Ondo","Ifedore",2020,6.7752513885498
"Ondo","Ifedore",2021,31.5098876953125
"Ondo","Ifedore",2022,53.5875930786133
"Ondo","Ifedore",2023,59.0289077758789
"Ondo","Ifedore",2024,32.9042892456055
"Ondo","Ilaje",2012,4286.56201171875
"Ondo","Ilaje",2013,4803.28857421875
"Ondo","Ilaje",2014,4434.162109375
"Ondo","Ilaje",2015,623.955017089844
"Ondo","Ilaje",2016,559.666320800781
"Ondo","Ilaje",2017,591.771850585938
"Ondo","Ilaje",2018,2282.86669921875
"Ondo","Ilaje",2019,1536.21411132812
"Ondo","Ilaje",2020,1811.57360839844
"Ondo","Ilaje",2021,949.289916992188
"Ondo","Ilaje",2022,1074.17004394531
"Ondo","Ilaje",2023,2706.36840820312
"Ondo","Ilaje",2024,4299.42236328125
"Ondo","Ile-Oluji/Okeigbo",2012,1.29778933525085
"Ondo","Ile-Oluji/Okeigbo",2013,0.876548826694489
"Ondo","Ile-Oluji/Okeigbo",2014,0.812163531780243
"Ondo","Ile-Oluji/Okeigbo",2015,0.302270531654358
"Ondo","Ile-Oluji/Okeigbo",2016,0.554125547409058
"Ondo","Ile-Oluji/Okeigbo",2017,19.8858451843262
"Ondo","Ile-Oluji/Okeigbo",2018,0
"Ondo","Ile-Oluji/Okeigbo",2019,0
"Ondo","Ile-Oluji/Okeigbo",2020,11.2548332214355
"Ondo","Ile-Oluji/Okeigbo",2021,36.3131523132324
"Ondo","Ile-Oluji/Okeigbo",2022,26.1385822296143
"Ondo","Ile-Oluji/Okeigbo",2023,14.7621688842773
"Ondo","Ile-Oluji/Okeigbo",2024,20.4172325134277
"Ondo","Irele",2012,6.10665369033813
"Ondo","Irele",2013,0.538966834545135
"Ondo","Irele",2014,0.53070992231369
"Ondo","Irele",2015,0
"Ondo","Irele",2016,0
"Ondo","Irele",2017,0
"Ondo","Irele",2018,0
"Ondo","Irele",2019,0
"Ondo","Irele",2020,0
"Ondo","Irele",2021,0
"Ondo","Irele",2022,0
"Ondo","Irele",2023,1.12414765357971
"Ondo","Irele",2024,2.72124767303467
"Ondo","Odigbo",2012,392.303771972656
"Ondo","Odigbo",2013,346.6396484375
"Ondo","Odigbo",2014,296.903259277344
"Ondo","Odigbo",2015,232.595672607422
"Ondo","Odigbo",2016,139.269805908203
"Ondo","Odigbo",2017,146.8701171875
"Ondo","Odigbo",2018,262.294097900391
"Ondo","Odigbo",2019,204.209396362305
"Ondo","Odigbo",2020,254.646087646484
"Ondo","Odigbo",2021,191.46061706543
"Ondo","Odigbo",2022,292.858612060547
"Ondo","Odigbo",2023,389.808319091797
"Ondo","Odigbo",2024,392.92041015625
"Ondo","Okitipupa",2012,88.2593231201172
"Ondo","Okitipupa",2013,69.1265411376953
"Ondo","Okitipupa",2014,42.7993469238281
"Ondo","Okitipupa",2015,18.1629600524902
"Ondo","Okitipupa",2016,5.69360876083374
"Ondo","Okitipupa",2017,3.94555306434631
"Ondo","Okitipupa",2018,2.13713240623474
"Ondo","Okitipupa",2019,7.88172912597656
"Ondo","Okitipupa",2020,19.0058040618896
"Ondo","Okitipupa",2021,9.34817886352539
"Ondo","Okitipupa",2022,27.129695892334
"Ondo","Okitipupa",2023,39.0049819946289
"Ondo","Okitipupa",2024,80.2280197143555
"Ondo","Ondo East",2012,8.83137321472168
"Ondo","Ondo East",2013,13.3840312957764
"Ondo","Ondo East",2014,5.7741584777832
"Ondo","Ondo East",2015,26.6511344909668
"Ondo","Ondo East",2016,12.8926954269409
"Ondo","Ondo East",2017,16.8740501403809
"Ondo","Ondo East",2018,11.4422092437744
"Ondo","Ondo East",2019,8.30454254150391
"Ondo","Ondo East",2020,20.5315036773682
"Ondo","Ondo East",2021,31.70290184021
"Ondo","Ondo East",2022,51.6122703552246
"Ondo","Ondo East",2023,38.8379898071289
"Ondo","Ondo East",2024,55.1992378234863
"Ondo","Ondo West",2012,398.787445068359
"Ondo","Ondo West",2013,360.540252685547
"Ondo","Ondo West",2014,269.099334716797
"Ondo","Ondo West",2015,171.249572753906
"Ondo","Ondo West",2016,141.649780273438
"Ondo","Ondo West",2017,49.892578125
"Ondo","Ondo West",2018,62.7550010681152
"Ondo","Ondo West",2019,51.7485389709473
"Ondo","Ondo West",2020,60.5439987182617
"Ondo","Ondo West",2021,49.7634468078613
"Ondo","Ondo West",2022,100.840492248535
"Ondo","Ondo West",2023,157.521743774414
"Ondo","Ondo West",2024,185.450668334961
"Ondo","Ose",2012,11.6223020553589
"Ondo","Ose",2013,6.55067205429077
"Ondo","Ose",2014,6.87505102157593
"Ondo","Ose",2015,0.0361198671162128
"Ondo","Ose",2016,0.0349009670317173
"Ondo","Ose",2017,1.85085964202881
"Ondo","Ose",2018,0
"Ondo","Ose",2019,4.73430728912354
"Ondo","Ose",2020,6.29866790771484
"Ondo","Ose",2021,6.1904764175415
"Ondo","Ose",2022,11.8960399627686
"Ondo","Ose",2023,19.0738182067871
"Ondo","Ose",2024,12.1585445404053
"Ondo","Owo",2012,117.204650878906
"Ondo","Owo",2013,226.862808227539
"Ondo","Owo",2014,168.208953857422
"Ondo","Owo",2015,260.561767578125
"Ondo","Owo",2016,146.733581542969
"Ondo","Owo",2017,176.57682800293
"Ondo","Owo",2018,413.059814453125
"Ondo","Owo",2019,450.059295654297
"Ondo","Owo",2020,350.059936523438
"Ondo","Owo",2021,248.872299194336
"Ondo","Owo",2022,327.190704345703
"Ondo","Owo",2023,259.776245117188
"Ondo","Owo",2024,259.896667480469
"Osun","Aiyedade",2012,164.363265991211
"Osun","Aiyedade",2013,128.544830322266
"Osun","Aiyedade",2014,44.2837791442871
"Osun","Aiyedade",2015,119.29460144043
"Osun","Aiyedade",2016,46.6472511291504
"Osun","Aiyedade",2017,132.278884887695
"Osun","Aiyedade",2018,126.726600646973
"Osun","Aiyedade",2019,96.2748794555664
"Osun","Aiyedade",2020,94.3728103637695
"Osun","Aiyedade",2021,89.8324661254883
"Osun","Aiyedade",2022,126.169395446777
"Osun","Aiyedade",2023,149.08821105957
"Osun","Aiyedade",2024,121.297103881836
"Osun","Atakumosa East",2012,423.917877197266
"Osun","Atakumosa East",2013,435.943664550781
"Osun","Atakumosa East",2014,429.551177978516
"Osun","Atakumosa East",2015,187.005249023438
"Osun","Atakumosa East",2016,185.451553344727
"Osun","Atakumosa East",2017,112.965347290039
"Osun","Atakumosa East",2018,64.6981811523438
"Osun","Atakumosa East",2019,73.5107192993164
"Osun","Atakumosa East",2020,103.008796691895
"Osun","Atakumosa East",2021,137.052856445312
"Osun","Atakumosa East",2022,308.187225341797
"Osun","Atakumosa East",2023,495.843902587891
"Osun","Atakumosa East",2024,564.9267578125
"Osun","Atakumosa West",2012,21.6431827545166
"Osun","Atakumosa West",2013,30.2217216491699
"Osun","Atakumosa West",2014,53.7538223266602
"Osun","Atakumosa West",2015,70.828369140625
"Osun","Atakumosa West",2016,71.5907974243164
"Osun","Atakumosa West",2017,85.0764236450195
"Osun","Atakumosa West",2018,50.4730415344238
"Osun","Atakumosa West",2019,56.0190696716309
"Osun","Atakumosa West",2020,51.0900726318359
"Osun","Atakumosa West",2021,54.0772514343262
"Osun","Atakumosa West",2022,51.5642585754395
"Osun","Atakumosa West",2023,62.8030090332031
"Osun","Atakumosa West",2024,61.5571746826172
"Osun","Ayedire",2012,0.277489185333252
"Osun","Ayedire",2013,0.236188933253288
"Osun","Ayedire",2014,0.919180154800415
"Osun","Ayedire",2015,8.86200714111328
"Osun","Ayedire",2016,0.500448882579803
"Osun","Ayedire",2017,1.1021740436554
"Osun","Ayedire",2018,0.629055321216583
"Osun","Ayedire",2019,0.000181280993274413
"Osun","Ayedire",2020,1.26033902168274
"Osun","Ayedire",2021,1.95565056800842
"Osun","Ayedire",2022,3.6720597743988
"Osun","Ayedire",2023,5.38588190078735
"Osun","Ayedire",2024,4.7546706199646
"Osun","Boluwaduro",2012,31.329439163208
"Osun","Boluwaduro",2013,15.7434005737305
"Osun","Boluwaduro",2014,4.90604400634766
"Osun","Boluwaduro",2015,4.61551475524902
"Osun","Boluwaduro",2016,5.25014400482178
"Osun","Boluwaduro",2017,1.06246590614319
"Osun","Boluwaduro",2018,0
"Osun","Boluwaduro",2019,8.35966014862061
"Osun","Boluwaduro",2020,22.989164352417
"Osun","Boluwaduro",2021,2.26683855056763
"Osun","Boluwaduro",2022,10.0983371734619
"Osun","Boluwaduro",2023,4.56005096435547
"Osun","Boluwaduro",2024,6.27243661880493
"Osun","Boripe",2012,83.3888244628906
"Osun","Boripe",2013,65.7658309936523
"Osun","Boripe",2014,108.711486816406
"Osun","Boripe",2015,79.0969543457031
"Osun","Boripe",2016,44.3528747558594
"Osun","Boripe",2017,47.0291557312012
"Osun","Boripe",2018,44.7546615600586
"Osun","Boripe",2019,47.0386772155762
"Osun","Boripe",2020,77.8787231445312
"Osun","Boripe",2021,78.2840118408203
"Osun","Boripe",2022,133.422439575195
"Osun","Boripe",2023,154.534698486328
"Osun","Boripe",2024,261.864318847656
"Osun","Ede North",2012,320.064788818359
"Osun","Ede North",2013,266.611358642578
"Osun","Ede North",2014,395.629760742188
"Osun","Ede North",2015,351.562042236328
"Osun","Ede North",2016,279.315093994141
"Osun","Ede North",2017,298.735748291016
"Osun","Ede North",2018,364.183959960938
"Osun","Ede North",2019,306.242553710938
"Osun","Ede North",2020,429.869018554688
"Osun","Ede North",2021,575.460876464844
"Osun","Ede North",2022,580.511962890625
"Osun","Ede North",2023,613.66552734375
"Osun","Ede North",2024,554.652770996094
"Osun","Ede South",2012,28.3084964752197
"Osun","Ede South",2013,16.8824520111084
"Osun","Ede South",2014,52.3386573791504
"Osun","Ede South",2015,143.891876220703
"Osun","Ede South",2016,75.6177368164062
"Osun","Ede South",2017,56.3168754577637
"Osun","Ede South",2018,43.7190361022949
"Osun","Ede South",2019,28.7040729522705
"Osun","Ede South",2020,50.7681274414062
"Osun","Ede South",2021,62.2977714538574
"Osun","Ede South",2022,66.226448059082
"Osun","Ede South",2023,85.072395324707
"Osun","Ede South",2024,104.366172790527
"Osun","Egbedore",2012,1845.08386230469
"Osun","Egbedore",2013,1545.2724609375
"Osun","Egbedore",2014,1656.38549804688
"Osun","Egbedore",2015,1580.17761230469
"Osun","Egbedore",2016,1135.49548339844
"Osun","Egbedore",2017,1135.0419921875
"Osun","Egbedore",2018,1214.32958984375
"Osun","Egbedore",2019,1132.70031738281
"Osun","Egbedore",2020,1430.73474121094
"Osun","Egbedore",2021,1725.59423828125
"Osun","Egbedore",2022,1647.04760742188
"Osun","Egbedore",2023,1829.96838378906
"Osun","Egbedore",2024,1668.49682617188
"Osun","Ejigbo",2012,214.045867919922
"Osun","Ejigbo",2013,164.969985961914
"Osun","Ejigbo",2014,139.992233276367
"Osun","Ejigbo",2015,96.0499649047852
"Osun","Ejigbo",2016,14.9783582687378
"Osun","Ejigbo",2017,38.3870048522949
"Osun","Ejigbo",2018,28.151180267334
"Osun","Ejigbo",2019,17.4864311218262
"Osun","Ejigbo",2020,91.4981079101562
"Osun","Ejigbo",2021,80.3645858764648
"Osun","Ejigbo",2022,104.991317749023
"Osun","Ejigbo",2023,28.1548271179199
"Osun","Ejigbo",2024,35.4765472412109
"Osun","Ife Central",2012,54.2014923095703
"Osun","Ife Central",2013,30.7737407684326
"Osun","Ife Central",2014,32.201961517334
"Osun","Ife Central",2015,80.9315490722656
"Osun","Ife Central",2016,43.7641448974609
"Osun","Ife Central",2017,80.9157638549805
"Osun","Ife Central",2018,61.0096435546875
"Osun","Ife Central",2019,47.5015449523926
"Osun","Ife Central",2020,48.3808059692383
"Osun","Ife Central",2021,109.704177856445
"Osun","Ife Central",2022,112.556625366211
"Osun","Ife Central",2023,136.964141845703
"Osun","Ife Central",2024,163.002655029297
"Osun","Ife East",2012,0
"Osun","Ife East",2013,0
"Osun","Ife East",2014,0
"Osun","Ife East",2015,0
"Osun","Ife East",2016,0
"Osun","Ife East",2017,0
"Osun","Ife East",2018,0
"Osun","Ife East",2019,0
"Osun","Ife East",2020,0
"Osun","Ife East",2021,0
"Osun","Ife East",2022,0
"Osun","Ife East",2023,0
"Osun","Ife East",2024,0
"Osun","Ife North",2012,1126.93078613281
"Osun","Ife North",2013,938.91015625
"Osun","Ife North",2014,831.099609375
"Osun","Ife North",2015,882.421997070312
"Osun","Ife North",2016,571.616577148438
"Osun","Ife North",2017,916.375
"Osun","Ife North",2018,773.423889160156
"Osun","Ife North",2019,611.73291015625
"Osun","Ife North",2020,697.636108398438
"Osun","Ife North",2021,978.91064453125
"Osun","Ife North",2022,1122.82312011719
"Osun","Ife North",2023,1161.47570800781
"Osun","Ife North",2024,1193.11853027344
"Osun","Ife South",2012,4.58714628219604
"Osun","Ife South",2013,0
"Osun","Ife South",2014,0
"Osun","Ife South",2015,0
"Osun","Ife South",2016,0
"Osun","Ife South",2017,0
"Osun","Ife South",2018,0
"Osun","Ife South",2019,1.93762958049774
"Osun","Ife South",2020,0
"Osun","Ife South",2021,5.64038181304932
"Osun","Ife South",2022,0
"Osun","Ife South",2023,5.44948434829712
"Osun","Ife South",2024,0.584666550159454
"Osun","Ifedayo",2012,24.3837890625
"Osun","Ifedayo",2013,18.3012084960938
"Osun","Ifedayo",2014,15.8292999267578
"Osun","Ifedayo",2015,18.5672130584717
"Osun","Ifedayo",2016,12.045485496521
"Osun","Ifedayo",2017,7.62423706054688
"Osun","Ifedayo",2018,14.0475854873657
"Osun","Ifedayo",2019,9.23092269897461
"Osun","Ifedayo",2020,12.6351270675659
"Osun","Ifedayo",2021,5.29391050338745
"Osun","Ifedayo",2022,7.07207107543945
"Osun","Ifedayo",2023,15.6354904174805
"Osun","Ifedayo",2024,6.55284452438354
"Osun","Ifelodun",2012,344.887512207031
"Osun","Ifelodun",2013,398.676971435547
"Osun","Ifelodun",2014,510.709777832031
"Osun","Ifelodun",2015,408.253204345703
"Osun","Ifelodun",2016,327.734710693359
"Osun","Ifelodun",2017,324.068695068359
"Osun","Ifelodun",2018,279.165740966797
"Osun","Ifelodun",2019,245.932434082031
"Osun","Ifelodun",2020,309.070587158203
"Osun","Ifelodun",2021,284.024017333984
"Osun","Ifelodun",2022,340.345642089844
"Osun","Ifelodun",2023,359.258850097656
"Osun","Ifelodun",2024,513.93994140625
"Osun","Ila",2012,75.31884765625
"Osun","Ila",2013,22.023645401001
"Osun","Ila",2014,1.66877007484436
"Osun","Ila",2015,10.4395322799683
"Osun","Ila",2016,0
"Osun","Ila",2017,0
"Osun","Ila",2018,1.74140381813049
"Osun","Ila",2019,37.0176696777344
"Osun","Ila",2020,61.457592010498
"Osun","Ila",2021,5.83413076400757
"Osun","Ila",2022,20.2087059020996
"Osun","Ila",2023,25.9032382965088
"Osun","Ila",2024,14.0429782867432
"Osun","Ilesha East",2012,252.281036376953
"Osun","Ilesha East",2013,206.826156616211
"Osun","Ilesha East",2014,219.115829467773
"Osun","Ilesha East",2015,229.940124511719
"Osun","Ilesha East",2016,153.864395141602
"Osun","Ilesha East",2017,201.242416381836
"Osun","Ilesha East",2018,266.708557128906
"Osun","Ilesha East",2019,146.839065551758
"Osun","Ilesha East",2020,192.396011352539
"Osun","Ilesha East",2021,163.891403198242
"Osun","Ilesha East",2022,159.743515014648
"Osun","Ilesha East",2023,140.312286376953
"Osun","Ilesha East",2024,217.596923828125
"Osun","Ilesha West",2012,532.881469726562
"Osun","Ilesha West",2013,550.189819335938
"Osun","Ilesha West",2014,587.3251953125
"Osun","Ilesha West",2015,481.431243896484
"Osun","Ilesha West",2016,312.460357666016
"Osun","Ilesha West",2017,479.418823242188
"Osun","Ilesha West",2018,540.872253417969
"Osun","Ilesha West",2019,312.052001953125
"Osun","Ilesha West",2020,338.099273681641
"Osun","Ilesha West",2021,284.629760742188
"Osun","Ilesha West",2022,284.414611816406
"Osun","Ilesha West",2023,220.864883422852
"Osun","Ilesha West",2024,327.396087646484
"Osun","Irepodun",2012,246.563537597656
"Osun","Irepodun",2013,236.777450561523
"Osun","Irepodun",2014,357.245758056641
"Osun","Irepodun",2015,365.41357421875
"Osun","Irepodun",2016,301.863647460938
"Osun","Irepodun",2017,283.631134033203
"Osun","Irepodun",2018,275.647857666016
"Osun","Irepodun",2019,252.859237670898
"Osun","Irepodun",2020,298.735260009766
"Osun","Irepodun",2021,340.512786865234
"Osun","Irepodun",2022,273.761901855469
"Osun","Irepodun",2023,381.697937011719
"Osun","Irepodun",2024,418.144104003906
"Osun","Irewole",2012,185.616149902344
"Osun","Irewole",2013,115.850830078125
"Osun","Irewole",2014,37.8601722717285
"Osun","Irewole",2015,97.0144119262695
"Osun","Irewole",2016,2.55559539794922
"Osun","Irewole",2017,72.21728515625
"Osun","Irewole",2018,18.4931106567383
"Osun","Irewole",2019,179.885345458984
"Osun","Irewole",2020,92.7965393066406
"Osun","Irewole",2021,164.073776245117
"Osun","Irewole",2022,210.978164672852
"Osun","Irewole",2023,125.250984191895
"Osun","Irewole",2024,177.399871826172
"Osun","Isokan",2012,0.732057631015778
"Osun","Isokan",2013,0.607782185077667
"Osun","Isokan",2014,0.964760601520538
"Osun","Isokan",2015,2.63896226882935
"Osun","Isokan",2016,0
"Osun","Isokan",2017,0
"Osun","Isokan",2018,0
"Osun","Isokan",2019,0
"Osun","Isokan",2020,0.563202142715454
"Osun","Isokan",2021,10.379584312439
"Osun","Isokan",2022,15.1072206497192
"Osun","Isokan",2023,10.1415452957153
"Osun","Isokan",2024,3.94968843460083
"Osun","Iwo",2012,124.538528442383
"Osun","Iwo",2013,370.488708496094
"Osun","Iwo",2014,312.595001220703
"Osun","Iwo",2015,350.059143066406
"Osun","Iwo",2016,207.262390136719
"Osun","Iwo",2017,351.6416015625
"Osun","Iwo",2018,266.09765625
"Osun","Iwo",2019,307.987915039062
"Osun","Iwo",2020,277.775268554688
"Osun","Iwo",2021,250.874816894531
"Osun","Iwo",2022,366.231323242188
"Osun","Iwo",2023,208.900390625
"Osun","Iwo",2024,285.225280761719
"Osun","Obokun",2012,259.3525390625
"Osun","Obokun",2013,227.740325927734
"Osun","Obokun",2014,266.968688964844
"Osun","Obokun",2015,268.260192871094
"Osun","Obokun",2016,154.653549194336
"Osun","Obokun",2017,134.679321289062
"Osun","Obokun",2018,188.362411499023
"Osun","Obokun",2019,146.413681030273
"Osun","Obokun",2020,194.412033081055
"Osun","Obokun",2021,174.864547729492
"Osun","Obokun",2022,181.239517211914
"Osun","Obokun",2023,132.663726806641
"Osun","Obokun",2024,232.082183837891
"Osun","Odo-Otin",2012,88.4978561401367
"Osun","Odo-Otin",2013,99.9706802368164
"Osun","Odo-Otin",2014,191.043807983398
"Osun","Odo-Otin",2015,62.6545486450195
"Osun","Odo-Otin",2016,49.0538063049316
"Osun","Odo-Otin",2017,18.1529006958008
"Osun","Odo-Otin",2018,24.0968971252441
"Osun","Odo-Otin",2019,64.8791885375977
"Osun","Odo-Otin",2020,112.293563842773
"Osun","Odo-Otin",2021,75.9406433105469
"Osun","Odo-Otin",2022,65.3569183349609
"Osun","Odo-Otin",2023,39.5459365844727
"Osun","Odo-Otin",2024,95.6398620605469
"Osun","Ola Oluwa",2012,7.89434194564819
"Osun","Ola Oluwa",2013,34.8747024536133
"Osun","Ola Oluwa",2014,32.5293502807617
"Osun","Ola Oluwa",2015,68.3365249633789
"Osun","Ola Oluwa",2016,36.516487121582
"Osun","Ola Oluwa",2017,29.6778583526611
"Osun","Ola Oluwa",2018,19.6076488494873
"Osun","Ola Oluwa",2019,15.1599187850952
"Osun","Ola Oluwa",2020,35.2807540893555
"Osun","Ola Oluwa",2021,42.2067031860352
"Osun","Ola Oluwa",2022,42.0578460693359
"Osun","Ola Oluwa",2023,58.3618659973145
"Osun","Ola Oluwa",2024,59.8592109680176
"Osun","Olorunda",2012,1613.17956542969
"Osun","Olorunda",2013,1387.87048339844
"Osun","Olorunda",2014,1264.60607910156
"Osun","Olorunda",2015,1181.87353515625
"Osun","Olorunda",2016,834.488220214844
"Osun","Olorunda",2017,787.197448730469
"Osun","Olorunda",2018,796.375732421875
"Osun","Olorunda",2019,789.867370605469
"Osun","Olorunda",2020,814.897338867188
"Osun","Olorunda",2021,1088.79992675781
"Osun","Olorunda",2022,995.714416503906
"Osun","Olorunda",2023,1179.64697265625
"Osun","Olorunda",2024,1145.51196289062
"Osun","Oriade",2012,239.819458007812
"Osun","Oriade",2013,159.061019897461
"Osun","Oriade",2014,203.477142333984
"Osun","Oriade",2015,209.222854614258
"Osun","Oriade",2016,94.7796478271484
"Osun","Oriade",2017,161.153610229492
"Osun","Oriade",2018,261.448699951172
"Osun","Oriade",2019,164.723663330078
"Osun","Oriade",2020,214.196960449219
"Osun","Oriade",2021,206.284973144531
"Osun","Oriade",2022,312.086120605469
"Osun","Oriade",2023,238.290374755859
"Osun","Oriade",2024,368.469329833984
"Osun","Orolu",2012,205.443801879883
"Osun","Orolu",2013,169.089965820312
"Osun","Orolu",2014,295.085235595703
"Osun","Orolu",2015,305.041442871094
"Osun","Orolu",2016,214.949157714844
"Osun","Orolu",2017,189.174468994141
"Osun","Orolu",2018,214.390197753906
"Osun","Orolu",2019,180.242340087891
"Osun","Orolu",2020,218.195755004883
"Osun","Orolu",2021,182.730697631836
"Osun","Orolu",2022,114.589241027832
"Osun","Orolu",2023,192.518417358398
"Osun","Orolu",2024,216.382369995117
"Osun","Osogbo",2012,568.222229003906
"Osun","Osogbo",2013,479.188659667969
"Osun","Osogbo",2014,535.858154296875
"Osun","Osogbo",2015,443.027435302734
"Osun","Osogbo",2016,333.7685546875
"Osun","Osogbo",2017,376.092407226562
"Osun","Osogbo",2018,419.078338623047
"Osun","Osogbo",2019,458.971069335938
"Osun","Osogbo",2020,421.101593017578
"Osun","Osogbo",2021,613.161926269531
"Osun","Osogbo",2022,557.658996582031
"Osun","Osogbo",2023,726.495483398438
"Osun","Osogbo",2024,589.636657714844
"Oyo","Afijio",2012,161.783355712891
"Oyo","Afijio",2013,179.617584228516
"Oyo","Afijio",2014,111.521133422852
"Oyo","Afijio",2015,77.6276779174805
"Oyo","Afijio",2016,8.37004280090332
"Oyo","Afijio",2017,7.14670944213867
"Oyo","Afijio",2018,19.4899158477783
"Oyo","Afijio",2019,13.8943271636963
"Oyo","Afijio",2020,38.972843170166
"Oyo","Afijio",2021,38.7394218444824
"Oyo","Afijio",2022,124.954467773438
"Oyo","Afijio",2023,137.708343505859
"Oyo","Afijio",2024,191.031295776367
"Oyo","Akinyele",2012,1180.42736816406
"Oyo","Akinyele",2013,1571.53442382812
"Oyo","Akinyele",2014,1336.66577148438
"Oyo","Akinyele",2015,1127.79760742188
"Oyo","Akinyele",2016,708.527893066406
"Oyo","Akinyele",2017,935.901672363281
"Oyo","Akinyele",2018,900.697387695312
"Oyo","Akinyele",2019,881.323059082031
"Oyo","Akinyele",2020,1155.84216308594
"Oyo","Akinyele",2021,1162.81726074219
"Oyo","Akinyele",2022,1489.00402832031
"Oyo","Akinyele",2023,1598.00866699219
"Oyo","Akinyele",2024,1451.48120117188
"Oyo","Atiba",2012,5.35456657409668
"Oyo","Atiba",2013,7.58365535736084
"Oyo","Atiba",2014,0
"Oyo","Atiba",2015,1.77943325042725
"Oyo","Atiba",2016,2.68155813217163
"Oyo","Atiba",2017,9.1252555847168
"Oyo","Atiba",2018,16.6178741455078
"Oyo","Atiba",2019,15.7604856491089
"Oyo","Atiba",2020,11.7231922149658
"Oyo","Atiba",2021,7.67665815353394
"Oyo","Atiba",2022,18.5518188476562
"Oyo","Atiba",2023,44.6319885253906
"Oyo","Atiba",2024,27.5439167022705
"Oyo","Atisbo",2012,2.20947504043579
"Oyo","Atisbo",2013,0
"Oyo","Atisbo",2014,0.715152263641357
"Oyo","Atisbo",2015,0
"Oyo","Atisbo",2016,0
"Oyo","Atisbo",2017,0
"Oyo","Atisbo",2018,0
"Oyo","Atisbo",2019,0
"Oyo","Atisbo",2020,0
"Oyo","Atisbo",2021,0
"Oyo","Atisbo",2022,0.537298321723938
"Oyo","Atisbo",2023,0.631160378456116
"Oyo","Atisbo",2024,0.633807718753815
"Oyo","Egbeda",2012,474.721435546875
"Oyo","Egbeda",2013,457.199493408203
"Oyo","Egbeda",2014,521.609924316406
"Oyo","Egbeda",2015,632.993530273438
"Oyo","Egbeda",2016,278.009246826172
"Oyo","Egbeda",2017,573.01220703125
"Oyo","Egbeda",2018,640.543579101562
"Oyo","Egbeda",2019,743.727233886719
"Oyo","Egbeda",2020,1000.89202880859
"Oyo","Egbeda",2021,903.598449707031
"Oyo","Egbeda",2022,953.232543945312
"Oyo","Egbeda",2023,1116.76306152344
"Oyo","Egbeda",2024,890.169311523438
"Oyo","Ibadan North",2012,701.09130859375
"Oyo","Ibadan North",2013,760.291748046875
"Oyo","Ibadan North",2014,663.645935058594
"Oyo","Ibadan North",2015,662.796936035156
"Oyo","Ibadan North",2016,523.365539550781
"Oyo","Ibadan North",2017,633.981994628906
"Oyo","Ibadan North",2018,672.781127929688
"Oyo","Ibadan North",2019,773.590759277344
"Oyo","Ibadan North",2020,945.946594238281
"Oyo","Ibadan North",2021,1161.36889648438
"Oyo","Ibadan North",2022,1362.48889160156
"Oyo","Ibadan North",2023,1256.51684570312
"Oyo","Ibadan North",2024,996.177429199219
"Oyo","Ibadan North-East",2012,147.138153076172
"Oyo","Ibadan North-East",2013,155.426773071289
"Oyo","Ibadan North-East",2014,153.393356323242
"Oyo","Ibadan North-East",2015,183.307144165039
"Oyo","Ibadan North-East",2016,146.457168579102
"Oyo","Ibadan North-East",2017,223.334121704102
"Oyo","Ibadan North-East",2018,234.306854248047
"Oyo","Ibadan North-East",2019,261.907104492188
"Oyo","Ibadan North-East",2020,346.728332519531
"Oyo","Ibadan North-East",2021,285.164337158203
"Oyo","Ibadan North-East",2022,315.18408203125
"Oyo","Ibadan North-East",2023,293.395324707031
"Oyo","Ibadan North-East",2024,233.117568969727
"Oyo","Ibadan North-West",2012,697.654174804688
"Oyo","Ibadan North-West",2013,818.794982910156
"Oyo","Ibadan North-West",2014,739.097351074219
"Oyo","Ibadan North-West",2015,708.670288085938
"Oyo","Ibadan North-West",2016,516.615295410156
"Oyo","Ibadan North-West",2017,648.797119140625
"Oyo","Ibadan North-West",2018,748.296875
"Oyo","Ibadan North-West",2019,805.081970214844
"Oyo","Ibadan North-West",2020,850.559387207031
"Oyo","Ibadan North-West",2021,903.778198242188
"Oyo","Ibadan North-West",2022,1035.26574707031
"Oyo","Ibadan North-West",2023,1071.05541992188
"Oyo","Ibadan North-West",2024,887.028015136719
"Oyo","Ibadan South-East",2012,303.186370849609
"Oyo","Ibadan South-East",2013,364.165344238281
"Oyo","Ibadan South-East",2014,308.002532958984
"Oyo","Ibadan South-East",2015,350.363952636719
"Oyo","Ibadan South-East",2016,251.977478027344
"Oyo","Ibadan South-East",2017,362.617279052734
"Oyo","Ibadan South-East",2018,405.460144042969
"Oyo","Ibadan South-East",2019,386.10791015625
"Oyo","Ibadan South-East",2020,484.448120117188
"Oyo","Ibadan South-East",2021,474.914123535156
"Oyo","Ibadan South-East",2022,398.8330078125
"Oyo","Ibadan South-East",2023,447.348449707031
"Oyo","Ibadan South-East",2024,339.923980712891
"Oyo","Ibadan South-West",2012,1392.72424316406
"Oyo","Ibadan South-West",2013,1554.68896484375
"Oyo","Ibadan South-West",2014,1431.10095214844
"Oyo","Ibadan South-West",2015,1419.87902832031
"Oyo","Ibadan South-West",2016,1163.81176757812
"Oyo","Ibadan South-West",2017,1320.837890625
"Oyo","Ibadan South-West",2018,1357.5888671875
"Oyo","Ibadan South-West",2019,1491.81262207031
"Oyo","Ibadan South-West",2020,1612.8935546875
"Oyo","Ibadan South-West",2021,1683.12329101562
"Oyo","Ibadan South-West",2022,1821.45336914062
"Oyo","Ibadan South-West",2023,2027.29858398438
"Oyo","Ibadan South-West",2024,1840.50769042969
"Oyo","Ibarapa Central",2012,59.7793045043945
"Oyo","Ibarapa Central",2013,40.1328125
"Oyo","Ibarapa Central",2014,8.06589603424072
"Oyo","Ibarapa Central",2015,7.68399953842163
"Oyo","Ibarapa Central",2016,1.28730773925781
"Oyo","Ibarapa Central",2017,23.1382484436035
"Oyo","Ibarapa Central",2018,0.561473309993744
"Oyo","Ibarapa Central",2019,0
"Oyo","Ibarapa Central",2020,0
"Oyo","Ibarapa Central",2021,0
"Oyo","Ibarapa Central",2022,6.85818862915039
"Oyo","Ibarapa Central",2023,3.32230615615845
"Oyo","Ibarapa Central",2024,30.173225402832
"Oyo","Ibarapa East",2012,114.841194152832
"Oyo","Ibarapa East",2013,93.5594787597656
"Oyo","Ibarapa East",2014,39.9391899108887
"Oyo","Ibarapa East",2015,2.20961618423462
"Oyo","Ibarapa East",2016,2.90862560272217
"Oyo","Ibarapa East",2017,29.3092994689941
"Oyo","Ibarapa East",2018,34.0672187805176
"Oyo","Ibarapa East",2019,22.9062900543213
"Oyo","Ibarapa East",2020,12.8076877593994
"Oyo","Ibarapa East",2021,6.97298860549927
"Oyo","Ibarapa East",2022,199.592224121094
"Oyo","Ibarapa East",2023,11.9692897796631
"Oyo","Ibarapa East",2024,132.755554199219
"Oyo","Ibarapa North",2012,31.3164348602295
"Oyo","Ibarapa North",2013,4.61534690856934
"Oyo","Ibarapa North",2014,1.08627367019653
"Oyo","Ibarapa North",2015,0
"Oyo","Ibarapa North",2016,0
"Oyo","Ibarapa North",2017,2.05077433586121
"Oyo","Ibarapa North",2018,0
"Oyo","Ibarapa North",2019,0
"Oyo","Ibarapa North",2020,0
"Oyo","Ibarapa North",2021,0
"Oyo","Ibarapa North",2022,0
"Oyo","Ibarapa North",2023,0
"Oyo","Ibarapa North",2024,14.5213079452515
"Oyo","Ido",2012,2082.068359375
"Oyo","Ido",2013,2447.779296875
"Oyo","Ido",2014,2354.02319335938
"Oyo","Ido",2015,2300.58081054688
"Oyo","Ido",2016,1430.54418945312
"Oyo","Ido",2017,1851.47094726562
"Oyo","Ido",2018,2142.37231445312
"Oyo","Ido",2019,2050.17993164062
"Oyo","Ido",2020,2056.40649414062
"Oyo","Ido",2021,1958.06396484375
"Oyo","Ido",2022,2126.4423828125
"Oyo","Ido",2023,2516.61669921875
"Oyo","Ido",2024,1848.84643554688
"Oyo","Irepo",2012,28.8574714660645
"Oyo","Irepo",2013,1.11628222465515
"Oyo","Irepo",2014,0
"Oyo","Irepo",2015,1.06632733345032
"Oyo","Irepo",2016,0
"Oyo","Irepo",2017,0.54841548204422
"Oyo","Irepo",2018,0
"Oyo","Irepo",2019,4.60645532608032
"Oyo","Irepo",2020,49.9798736572266
"Oyo","Irepo",2021,0.573530972003937
"Oyo","Irepo",2022,1.60401511192322
"Oyo","Irepo",2023,4.32469844818115
"Oyo","Irepo",2024,3.36890840530396
"Oyo","Iseyin",2012,406.090026855469
"Oyo","Iseyin",2013,355.249359130859
"Oyo","Iseyin",2014,227.253936767578
"Oyo","Iseyin",2015,367.576904296875
"Oyo","Iseyin",2016,228.294952392578
"Oyo","Iseyin",2017,198.998992919922
"Oyo","Iseyin",2018,272.435363769531
"Oyo","Iseyin",2019,267.872955322266
"Oyo","Iseyin",2020,327.441589355469
"Oyo","Iseyin",2021,375.399871826172
"Oyo","Iseyin",2022,591.024047851562
"Oyo","Iseyin",2023,657.0126953125
"Oyo","Iseyin",2024,697.911499023438
"Oyo","Itesiwaju",2012,50.9082527160645
"Oyo","Itesiwaju",2013,55.7162590026855
"Oyo","Itesiwaju",2014,54.3500823974609
"Oyo","Itesiwaju",2015,70.9041213989258
"Oyo","Itesiwaju",2016,47.2337913513184
"Oyo","Itesiwaju",2017,34.327564239502
"Oyo","Itesiwaju",2018,50.2685546875
"Oyo","Itesiwaju",2019,37.8284454345703
"Oyo","Itesiwaju",2020,47.239559173584
"Oyo","Itesiwaju",2021,36.0301208496094
"Oyo","Itesiwaju",2022,93.1550750732422
"Oyo","Itesiwaju",2023,54.8296089172363
"Oyo","Itesiwaju",2024,45.845344543457
"Oyo","Iwajowa",2012,0
"Oyo","Iwajowa",2013,0
"Oyo","Iwajowa",2014,0
"Oyo","Iwajowa",2015,0
"Oyo","Iwajowa",2016,0
"Oyo","Iwajowa",2017,0
"Oyo","Iwajowa",2018,0
"Oyo","Iwajowa",2019,1.01957142353058
"Oyo","Iwajowa",2020,0
"Oyo","Iwajowa",2021,0
"Oyo","Iwajowa",2022,0
"Oyo","Iwajowa",2023,0
"Oyo","Iwajowa",2024,1.74073171615601
"Oyo","Kajola",2012,6.68214511871338
"Oyo","Kajola",2013,0
"Oyo","Kajola",2014,11.8453054428101
"Oyo","Kajola",2015,11.2216558456421
"Oyo","Kajola",2016,0
"Oyo","Kajola",2017,0
"Oyo","Kajola",2018,1.1309654712677
"Oyo","Kajola",2019,7.81624937057495
"Oyo","Kajola",2020,6.45252895355225
"Oyo","Kajola",2021,0
"Oyo","Kajola",2022,0
"Oyo","Kajola",2023,1.55322623252869
"Oyo","Kajola",2024,5.4910249710083
"Oyo","Lagelu",2012,527.902038574219
"Oyo","Lagelu",2013,571.292663574219
"Oyo","Lagelu",2014,521.555114746094
"Oyo","Lagelu",2015,513.177673339844
"Oyo","Lagelu",2016,392.292694091797
"Oyo","Lagelu",2017,520.745544433594
"Oyo","Lagelu",2018,488.92138671875
"Oyo","Lagelu",2019,626.87548828125
"Oyo","Lagelu",2020,1009.59191894531
"Oyo","Lagelu",2021,1147.67797851562
"Oyo","Lagelu",2022,1411.63623046875
"Oyo","Lagelu",2023,1386.68322753906
"Oyo","Lagelu",2024,950.068725585938
"Oyo","Ogbomosho North",2012,408.201354980469
"Oyo","Ogbomosho North",2013,415.424835205078
"Oyo","Ogbomosho North",2014,340.444366455078
"Oyo","Ogbomosho North",2015,201.455856323242
"Oyo","Ogbomosho North",2016,170.485855102539
"Oyo","Ogbomosho North",2017,108.517250061035
"Oyo","Ogbomosho North",2018,71.8842315673828
"Oyo","Ogbomosho North",2019,103.560958862305
"Oyo","Ogbomosho North",2020,201.481857299805
"Oyo","Ogbomosho North",2021,257.754150390625
"Oyo","Ogbomosho North",2022,656.734130859375
"Oyo","Ogbomosho North",2023,407.715484619141
"Oyo","Ogbomosho North",2024,477.153045654297
"Oyo","Ogbomosho South",2012,4.27449417114258
"Oyo","Ogbomosho South",2013,5.86611986160278
"Oyo","Ogbomosho South",2014,5.56875371932983
"Oyo","Ogbomosho South",2015,3.04976367950439
"Oyo","Ogbomosho South",2016,1.62206614017487
"Oyo","Ogbomosho South",2017,0
"Oyo","Ogbomosho South",2018,0
"Oyo","Ogbomosho South",2019,3.56945657730103
"Oyo","Ogbomosho South",2020,5.82960510253906
"Oyo","Ogbomosho South",2021,4.68959283828735
"Oyo","Ogbomosho South",2022,22.3664894104004
"Oyo","Ogbomosho South",2023,22.0529537200928
"Oyo","Ogbomosho South",2024,31.1892242431641
"Oyo","Ogo Oluwa",2012,29.8988475799561
"Oyo","Ogo Oluwa",2013,17.6332416534424
"Oyo","Ogo Oluwa",2014,23.525505065918
"Oyo","Ogo Oluwa",2015,27.4049968719482
"Oyo","Ogo Oluwa",2016,5.66341066360474
"Oyo","Ogo Oluwa",2017,3.9332549571991
"Oyo","Ogo Oluwa",2018,4.52648115158081
"Oyo","Ogo Oluwa",2019,0
"Oyo","Ogo Oluwa",2020,7.70425701141357
"Oyo","Ogo Oluwa",2021,7.12012720108032
"Oyo","Ogo Oluwa",2022,32.2471923828125
"Oyo","Ogo Oluwa",2023,19.6083908081055
"Oyo","Ogo Oluwa",2024,15.1701231002808
"Oyo","Olorunsogo",2012,49.8365821838379
"Oyo","Olorunsogo",2013,4.45521545410156
"Oyo","Olorunsogo",2014,0
"Oyo","Olorunsogo",2015,0.513633668422699
"Oyo","Olorunsogo",2016,0
"Oyo","Olorunsogo",2017,0
"Oyo","Olorunsogo",2018,0
"Oyo","Olorunsogo",2019,39.6698303222656
"Oyo","Olorunsogo",2020,68.5892028808594
"Oyo","Olorunsogo",2021,18.0631046295166
"Oyo","Olorunsogo",2022,51.5543403625488
"Oyo","Olorunsogo",2023,35.343578338623
"Oyo","Olorunsogo",2024,7.12967777252197
"Oyo","Oluyole",2012,358.548187255859
"Oyo","Oluyole",2013,509.730010986328
"Oyo","Oluyole",2014,523.973571777344
"Oyo","Oluyole",2015,728.823791503906
"Oyo","Oluyole",2016,534.106628417969
"Oyo","Oluyole",2017,671.811584472656
"Oyo","Oluyole",2018,795.766479492188
"Oyo","Oluyole",2019,734.704284667969
"Oyo","Oluyole",2020,844.092041015625
"Oyo","Oluyole",2021,923.628967285156
"Oyo","Oluyole",2022,1116.65600585938
"Oyo","Oluyole",2023,1316.89636230469
"Oyo","Oluyole",2024,1232.02600097656
"Oyo","Ona Ara",2012,51.4673461914062
"Oyo","Ona Ara",2013,79.4878234863281
"Oyo","Ona Ara",2014,87.974853515625
"Oyo","Ona Ara",2015,182.124526977539
"Oyo","Ona Ara",2016,49.1578636169434
"Oyo","Ona Ara",2017,211.421264648438
"Oyo","Ona Ara",2018,187.039596557617
"Oyo","Ona Ara",2019,270.896545410156
"Oyo","Ona Ara",2020,316.458190917969
"Oyo","Ona Ara",2021,338.178863525391
"Oyo","Ona Ara",2022,322.180847167969
"Oyo","Ona Ara",2023,562.300109863281
"Oyo","Ona Ara",2024,531.913879394531
"Oyo","Orelope",2012,28.5414352416992
"Oyo","Orelope",2013,17.3503017425537
"Oyo","Orelope",2014,0
"Oyo","Orelope",2015,0
"Oyo","Orelope",2016,0
"Oyo","Orelope",2017,0
"Oyo","Orelope",2018,0
"Oyo","Orelope",2019,3.35143828392029
"Oyo","Orelope",2020,33.7495346069336
"Oyo","Orelope",2021,2.22634410858154
"Oyo","Orelope",2022,40.4011497497559
"Oyo","Orelope",2023,16.5974521636963
"Oyo","Orelope",2024,28.0690460205078
"Oyo","Ori-Ire",2012,53.0590744018555
"Oyo","Ori-Ire",2013,48.532600402832
"Oyo","Ori-Ire",2014,46.6809997558594
"Oyo","Ori-Ire",2015,39.2163124084473
"Oyo","Ori-Ire",2016,6.30316543579102
"Oyo","Ori-Ire",2017,9.49063491821289
"Oyo","Ori-Ire",2018,14.8734550476074
"Oyo","Ori-Ire",2019,8.5464563369751
"Oyo","Ori-Ire",2020,6.28462505340576
"Oyo","Ori-Ire",2021,6.52024364471436
"Oyo","Ori-Ire",2022,16.4595851898193
"Oyo","Ori-Ire",2023,31.2414722442627
"Oyo","Ori-Ire",2024,39.4871482849121
"Oyo","Oyo East",2012,128.033325195312
"Oyo","Oyo East",2013,131.312454223633
"Oyo","Oyo East",2014,44.2469482421875
"Oyo","Oyo East",2015,127.835594177246
"Oyo","Oyo East",2016,36.5046653747559
"Oyo","Oyo East",2017,23.4769744873047
"Oyo","Oyo East",2018,22.3628063201904
"Oyo","Oyo East",2019,32.1908111572266
"Oyo","Oyo East",2020,42.4930191040039
"Oyo","Oyo East",2021,69.6072692871094
"Oyo","Oyo East",2022,188.551986694336
"Oyo","Oyo East",2023,130.098297119141
"Oyo","Oyo East",2024,129.313201904297
"Oyo","Oyo West",2012,502.402404785156
"Oyo","Oyo West",2013,395.514862060547
"Oyo","Oyo West",2014,144.863723754883
"Oyo","Oyo West",2015,229.515670776367
"Oyo","Oyo West",2016,91.9268417358398
"Oyo","Oyo West",2017,42.8793983459473
"Oyo","Oyo West",2018,49.0859184265137
"Oyo","Oyo West",2019,42.8731956481934
"Oyo","Oyo West",2020,114.474586486816
"Oyo","Oyo West",2021,225.028350830078
"Oyo","Oyo West",2022,630.107482910156
"Oyo","Oyo West",2023,523.460510253906
"Oyo","Oyo West",2024,542.232727050781
"Oyo","Saki East",2012,0
"Oyo","Saki East",2013,0
"Oyo","Saki East",2014,3.63773941993713
"Oyo","Saki East",2015,0
"Oyo","Saki East",2016,0
"Oyo","Saki East",2017,0
"Oyo","Saki East",2018,0
"Oyo","Saki East",2019,0.569235384464264
"Oyo","Saki East",2020,0.571294009685516
"Oyo","Saki East",2021,1.78109049797058
"Oyo","Saki East",2022,69.7802429199219
"Oyo","Saki East",2023,62.6974411010742
"Oyo","Saki East",2024,129.973342895508
"Oyo","Saki West",2012,2.87977123260498
"Oyo","Saki West",2013,0
"Oyo","Saki West",2014,0.544435203075409
"Oyo","Saki West",2015,0
"Oyo","Saki West",2016,0
"Oyo","Saki West",2017,0
"Oyo","Saki West",2018,0
"Oyo","Saki West",2019,0
"Oyo","Saki West",2020,0
"Oyo","Saki West",2021,1.09674167633057
"Oyo","Saki West",2022,20.5274238586426
"Oyo","Saki West",2023,21.2717323303223
"Oyo","Saki West",2024,53.5957832336426
"Oyo","Surulere",2012,23.1283779144287
"Oyo","Surulere",2013,23.4205799102783
"Oyo","Surulere",2014,35.5452690124512
"Oyo","Surulere",2015,23.2185325622559
"Oyo","Surulere",2016,5.95827054977417
"Oyo","Surulere",2017,5.32562971115112
"Oyo","Surulere",2018,5.46626091003418
"Oyo","Surulere",2019,1.59100818634033
"Oyo","Surulere",2020,2.52688670158386
"Oyo","Surulere",2021,0.790919721126556
"Oyo","Surulere",2022,27.5409908294678
"Oyo","Surulere",2023,15.8653335571289
"Oyo","Surulere",2024,13.7804880142212
"Plateau","Barkin Ladi",2012,77.8330917358398
"Plateau","Barkin Ladi",2013,94.1162796020508
"Plateau","Barkin Ladi",2014,114.010787963867
"Plateau","Barkin Ladi",2015,75.1676406860352
"Plateau","Barkin Ladi",2016,63.8678092956543
"Plateau","Barkin Ladi",2017,52.2673301696777
"Plateau","Barkin Ladi",2018,41.9457588195801
"Plateau","Barkin Ladi",2019,33.4541244506836
"Plateau","Barkin Ladi",2020,25.2646980285645
"Plateau","Barkin Ladi",2021,30.1513347625732
"Plateau","Barkin Ladi",2022,71.6578140258789
"Plateau","Barkin Ladi",2023,106.022071838379
"Plateau","Barkin Ladi",2024,70.0764923095703
"Plateau","Bassa",2012,565.441650390625
"Plateau","Bassa",2013,380.091186523438
"Plateau","Bassa",2014,404.355560302734
"Plateau","Bassa",2015,379.611450195312
"Plateau","Bassa",2016,215.689239501953
"Plateau","Bassa",2017,124.458656311035
"Plateau","Bassa",2018,211.641006469727
"Plateau","Bassa",2019,214.851486206055
"Plateau","Bassa",2020,207.899139404297
"Plateau","Bassa",2021,245.147994995117
"Plateau","Bassa",2022,249.688827514648
"Plateau","Bassa",2023,250.254516601562
"Plateau","Bassa",2024,181.24592590332
"Plateau","Bokkos",2012,6.89013481140137
"Plateau","Bokkos",2013,3.78054881095886
"Plateau","Bokkos",2014,11.1663503646851
"Plateau","Bokkos",2015,9.17041015625
"Plateau","Bokkos",2016,8.879150390625
"Plateau","Bokkos",2017,11.682448387146
"Plateau","Bokkos",2018,12.9258708953857
"Plateau","Bokkos",2019,11.6886558532715
"Plateau","Bokkos",2020,10.8416442871094
"Plateau","Bokkos",2021,10.9408092498779
"Plateau","Bokkos",2022,11.0686855316162
"Plateau","Bokkos",2023,16.9330215454102
"Plateau","Bokkos",2024,15.6409730911255
"Plateau","Jos East",2012,1.28407859802246
"Plateau","Jos East",2013,4.02967739105225
"Plateau","Jos East",2014,3.49368596076965
"Plateau","Jos East",2015,10.3644514083862
"Plateau","Jos East",2016,9.51774024963379
"Plateau","Jos East",2017,0.912371635437012
"Plateau","Jos East",2018,2.47550845146179
"Plateau","Jos East",2019,5.65384817123413
"Plateau","Jos East",2020,5.82490539550781
"Plateau","Jos East",2021,15.619532585144
"Plateau","Jos East",2022,64.2213897705078
"Plateau","Jos East",2023,95.5467147827148
"Plateau","Jos East",2024,57.3042640686035
"Plateau","Jos North",2012,3766.88037109375
"Plateau","Jos North",2013,3784.87866210938
"Plateau","Jos North",2014,3208.17919921875
"Plateau","Jos North",2015,3995.72290039062
"Plateau","Jos North",2016,3659.98168945312
"Plateau","Jos North",2017,3248.70922851562
"Plateau","Jos North",2018,2529.78393554688
"Plateau","Jos North",2019,1610.86145019531
"Plateau","Jos North",2020,1821.23962402344
"Plateau","Jos North",2021,2853.20483398438
"Plateau","Jos North",2022,4202
"Plateau","Jos North",2023,4204.365234375
"Plateau","Jos North",2024,4109.29541015625
"Plateau","Jos South",2012,683.175415039062
"Plateau","Jos South",2013,723.1572265625
"Plateau","Jos South",2014,582.226318359375
"Plateau","Jos South",2015,671.018310546875
"Plateau","Jos South",2016,649.027404785156
"Plateau","Jos South",2017,522.294616699219
"Plateau","Jos South",2018,473.480529785156
"Plateau","Jos South",2019,336.482330322266
"Plateau","Jos South",2020,431.304473876953
"Plateau","Jos South",2021,507.551025390625
"Plateau","Jos South",2022,865.569152832031
"Plateau","Jos South",2023,843.813598632812
"Plateau","Jos South",2024,798.475402832031
"Plateau","Kanam",2012,0.512646734714508
"Plateau","Kanam",2013,2.2729856967926
"Plateau","Kanam",2014,0
"Plateau","Kanam",2015,0
"Plateau","Kanam",2016,0
"Plateau","Kanam",2017,0
"Plateau","Kanam",2018,0
"Plateau","Kanam",2019,0
"Plateau","Kanam",2020,2.2273383140564
"Plateau","Kanam",2021,3.20589685440063
"Plateau","Kanam",2022,10.4729595184326
"Plateau","Kanam",2023,41.7404556274414
"Plateau","Kanam",2024,34.0187072753906
"Plateau","Kanke",2012,0
"Plateau","Kanke",2013,1.06043672561646
"Plateau","Kanke",2014,2.1417293548584
"Plateau","Kanke",2015,17.6549282073975
"Plateau","Kanke",2016,22.1472702026367
"Plateau","Kanke",2017,0
"Plateau","Kanke",2018,0
"Plateau","Kanke",2019,0
"Plateau","Kanke",2020,1.02097797393799
"Plateau","Kanke",2021,0
"Plateau","Kanke",2022,23.945291519165
"Plateau","Kanke",2023,32.7027702331543
"Plateau","Kanke",2024,4.6001443862915
"Plateau","Langtang North",2012,0.582092225551605
"Plateau","Langtang North",2013,4.87883472442627
"Plateau","Langtang North",2014,0
"Plateau","Langtang North",2015,0
"Plateau","Langtang North",2016,0
"Plateau","Langtang North",2017,0
"Plateau","Langtang North",2018,0
"Plateau","Langtang North",2019,0
"Plateau","Langtang North",2020,0
"Plateau","Langtang North",2021,0
"Plateau","Langtang North",2022,1.65085911750793
"Plateau","Langtang North",2023,4.51347398757935
"Plateau","Langtang North",2024,2.93543815612793
"Plateau","Langtang South",2012,0
"Plateau","Langtang South",2013,0
"Plateau","Langtang South",2014,0
"Plateau","Langtang South",2015,0
"Plateau","Langtang South",2016,0
"Plateau","Langtang South",2017,0
"Plateau","Langtang South",2018,0
"Plateau","Langtang South",2019,0
"Plateau","Langtang South",2020,0
"Plateau","Langtang South",2021,0
"Plateau","Langtang South",2022,0
"Plateau","Langtang South",2023,0
"Plateau","Langtang South",2024,0
"Plateau","Mangu",2012,1.74211573600769
"Plateau","Mangu",2013,11.5176649093628
"Plateau","Mangu",2014,38.7108764648438
"Plateau","Mangu",2015,33.2502784729004
"Plateau","Mangu",2016,18.4349822998047
"Plateau","Mangu",2017,23.1104965209961
"Plateau","Mangu",2018,44.2042617797852
"Plateau","Mangu",2019,1.99854457378387
"Plateau","Mangu",2020,9.05458354949951
"Plateau","Mangu",2021,10.8436765670776
"Plateau","Mangu",2022,89.0756607055664
"Plateau","Mangu",2023,91.9891967773438
"Plateau","Mangu",2024,41.284797668457
"Plateau","Mikang",2012,0
"Plateau","Mikang",2013,0
"Plateau","Mikang",2014,0
"Plateau","Mikang",2015,0
"Plateau","Mikang",2016,0
"Plateau","Mikang",2017,0
"Plateau","Mikang",2018,0
"Plateau","Mikang",2019,0
"Plateau","Mikang",2020,0
"Plateau","Mikang",2021,0
"Plateau","Mikang",2022,0
"Plateau","Mikang",2023,0
"Plateau","Mikang",2024,0
"Plateau","Pankshin",2012,0
"Plateau","Pankshin",2013,0
"Plateau","Pankshin",2014,0
"Plateau","Pankshin",2015,4.14684772491455
"Plateau","Pankshin",2016,5.33664655685425
"Plateau","Pankshin",2017,0
"Plateau","Pankshin",2018,0
"Plateau","Pankshin",2019,0
"Plateau","Pankshin",2020,2.25497174263
"Plateau","Pankshin",2021,0.586102485656738
"Plateau","Pankshin",2022,6.94090986251831
"Plateau","Pankshin",2023,8.83385467529297
"Plateau","Pankshin",2024,1.60105204582214
"Plateau","Qua'an Pan",2012,0
"Plateau","Qua'an Pan",2013,0
"Plateau","Qua'an Pan",2014,0
"Plateau","Qua'an Pan",2015,0
"Plateau","Qua'an Pan",2016,0
"Plateau","Qua'an Pan",2017,0
"Plateau","Qua'an Pan",2018,0
"Plateau","Qua'an Pan",2019,0
"Plateau","Qua'an Pan",2020,0
"Plateau","Qua'an Pan",2021,0
"Plateau","Qua'an Pan",2022,0
"Plateau","Qua'an Pan",2023,0
"Plateau","Qua'an Pan",2024,2.85573148727417
"Plateau","Riyom",2012,26.8727111816406
"Plateau","Riyom",2013,28.8995895385742
"Plateau","Riyom",2014,29.3495140075684
"Plateau","Riyom",2015,33.1593933105469
"Plateau","Riyom",2016,20.6426334381104
"Plateau","Riyom",2017,10.8732967376709
"Plateau","Riyom",2018,11.2602500915527
"Plateau","Riyom",2019,8.07238006591797
"Plateau","Riyom",2020,6.82932567596436
"Plateau","Riyom",2021,7.03691673278809
"Plateau","Riyom",2022,5.66587734222412
"Plateau","Riyom",2023,4.05569458007812
"Plateau","Riyom",2024,2.72683358192444
"Plateau","Shendam",2012,0
"Plateau","Shendam",2013,3.40186834335327
"Plateau","Shendam",2014,0
"Plateau","Shendam",2015,0.557555437088013
"Plateau","Shendam",2016,0
"Plateau","Shendam",2017,0
"Plateau","Shendam",2018,0
"Plateau","Shendam",2019,0
"Plateau","Shendam",2020,0
"Plateau","Shendam",2021,0
"Plateau","Shendam",2022,2.86375761032104
"Plateau","Shendam",2023,20.5298538208008
"Plateau","Shendam",2024,19.4294681549072
"Plateau","Wase",2012,0.506689012050629
"Plateau","Wase",2013,16.314416885376
"Plateau","Wase",2014,32.5379829406738
"Plateau","Wase",2015,14.0749549865723
"Plateau","Wase",2016,35.6943283081055
"Plateau","Wase",2017,48.0042839050293
"Plateau","Wase",2018,20.655834197998
"Plateau","Wase",2019,10.0418148040771
"Plateau","Wase",2020,1.15584909915924
"Plateau","Wase",2021,7.85882329940796
"Plateau","Wase",2022,12.7546739578247
"Plateau","Wase",2023,42.5407867431641
"Plateau","Wase",2024,57.7617454528809
"Rivers","Abua/Odual",2012,281.558502197266
"Rivers","Abua/Odual",2013,220.143707275391
"Rivers","Abua/Odual",2014,93.1953582763672
"Rivers","Abua/Odual",2015,59.7624969482422
"Rivers","Abua/Odual",2016,48.159797668457
"Rivers","Abua/Odual",2017,113.702857971191
"Rivers","Abua/Odual",2018,82.6612777709961
"Rivers","Abua/Odual",2019,109.172401428223
"Rivers","Abua/Odual",2020,87.2706756591797
"Rivers","Abua/Odual",2021,7.24391508102417
"Rivers","Abua/Odual",2022,24.9880542755127
"Rivers","Abua/Odual",2023,50.0351982116699
"Rivers","Abua/Odual",2024,1962.02429199219
"Rivers","Ahoada East",2012,3788.83764648438
"Rivers","Ahoada East",2013,3053.57153320312
"Rivers","Ahoada East",2014,2289.97143554688
"Rivers","Ahoada East",2015,2257.80908203125
"Rivers","Ahoada East",2016,1855.57995605469
"Rivers","Ahoada East",2017,1484.85046386719
"Rivers","Ahoada East",2018,1317.88598632812
"Rivers","Ahoada East",2019,1216.03149414062
"Rivers","Ahoada East",2020,1107.7978515625
"Rivers","Ahoada East",2021,536.780456542969
"Rivers","Ahoada East",2022,423.594177246094
"Rivers","Ahoada East",2023,229.131134033203
"Rivers","Ahoada East",2024,483.150939941406
"Rivers","Ahoada West",2012,12432.7158203125
"Rivers","Ahoada West",2013,18046.876953125
"Rivers","Ahoada West",2014,17900.486328125
"Rivers","Ahoada West",2015,20098.357421875
"Rivers","Ahoada West",2016,18403.24609375
"Rivers","Ahoada West",2017,14984.990234375
"Rivers","Ahoada West",2018,17635.337890625
"Rivers","Ahoada West",2019,12983.623046875
"Rivers","Ahoada West",2020,7172.7783203125
"Rivers","Ahoada West",2021,8786.9384765625
"Rivers","Ahoada West",2022,6183.89404296875
"Rivers","Ahoada West",2023,4784.17138671875
"Rivers","Ahoada West",2024,8113.97998046875
"Rivers","Akuku-Toru",2012,5646.80224609375
"Rivers","Akuku-Toru",2013,1402.23266601562
"Rivers","Akuku-Toru",2014,666.345031738281
"Rivers","Akuku-Toru",2015,3718.21313476562
"Rivers","Akuku-Toru",2016,4525.54443359375
"Rivers","Akuku-Toru",2017,4416.69580078125
"Rivers","Akuku-Toru",2018,4585.49658203125
"Rivers","Akuku-Toru",2019,4077.42431640625
"Rivers","Akuku-Toru",2020,2223.16381835938
"Rivers","Akuku-Toru",2021,3300.1455078125
"Rivers","Akuku-Toru",2022,1180.49792480469
"Rivers","Akuku-Toru",2023,522.58203125
"Rivers","Akuku-Toru",2024,858.455932617188
"Rivers","Andoni",2012,25.9843883514404
"Rivers","Andoni",2013,0
"Rivers","Andoni",2014,3.9248673915863
"Rivers","Andoni",2015,1.77305269241333
"Rivers","Andoni",2016,2.32836413383484
"Rivers","Andoni",2017,6155.408203125
"Rivers","Andoni",2018,17380.306640625
"Rivers","Andoni",2019,14587.1533203125
"Rivers","Andoni",2020,15161.2138671875
"Rivers","Andoni",2021,9427.7421875
"Rivers","Andoni",2022,11383.9443359375
"Rivers","Andoni",2023,22810.634765625
"Rivers","Andoni",2024,7695.1748046875
"Rivers","Asari-Toru",2012,149.396911621094
"Rivers","Asari-Toru",2013,102.934112548828
"Rivers","Asari-Toru",2014,53.3290863037109
"Rivers","Asari-Toru",2015,32.603889465332
"Rivers","Asari-Toru",2016,80.6300582885742
"Rivers","Asari-Toru",2017,30.8026752471924
"Rivers","Asari-Toru",2018,59.9554786682129
"Rivers","Asari-Toru",2019,72.3428115844727
"Rivers","Asari-Toru",2020,1.29619777202606
"Rivers","Asari-Toru",2021,23.5071144104004
"Rivers","Asari-Toru",2022,10.0428562164307
"Rivers","Asari-Toru",2023,19.7137889862061
"Rivers","Asari-Toru",2024,57.213264465332
"Rivers","Bonny",2012,37741.546875
"Rivers","Bonny",2013,12846.8505859375
"Rivers","Bonny",2014,12764.4638671875
"Rivers","Bonny",2015,16678.40234375
"Rivers","Bonny",2016,21011.59765625
"Rivers","Bonny",2017,24651.49609375
"Rivers","Bonny",2018,21905.521484375
"Rivers","Bonny",2019,31117.529296875
"Rivers","Bonny",2020,28547.37890625
"Rivers","Bonny",2021,20961.677734375
"Rivers","Bonny",2022,17167.052734375
"Rivers","Bonny",2023,13699.0244140625
"Rivers","Bonny",2024,20263.916015625
"Rivers","Degema",2012,11039.2607421875
"Rivers","Degema",2013,7829.7412109375
"Rivers","Degema",2014,7753.71484375
"Rivers","Degema",2015,9559.865234375
"Rivers","Degema",2016,14161.0078125
"Rivers","Degema",2017,19604.234375
"Rivers","Degema",2018,35740.93359375
"Rivers","Degema",2019,27738.3359375
"Rivers","Degema",2020,16502.259765625
"Rivers","Degema",2021,17368.947265625
"Rivers","Degema",2022,5631.412109375
"Rivers","Degema",2023,2470.30200195312
"Rivers","Degema",2024,10354.7197265625
"Rivers","Eleme",2012,1649.869140625
"Rivers","Eleme",2013,1841.58056640625
"Rivers","Eleme",2014,1489.24621582031
"Rivers","Eleme",2015,1111.62963867188
"Rivers","Eleme",2016,1641.66784667969
"Rivers","Eleme",2017,1141.54028320312
"Rivers","Eleme",2018,710.342590332031
"Rivers","Eleme",2019,632.440551757812
"Rivers","Eleme",2020,488.483001708984
"Rivers","Eleme",2021,395.123657226562
"Rivers","Eleme",2022,671.46142578125
"Rivers","Eleme",2023,806.222045898438
"Rivers","Eleme",2024,1094.64184570312
"Rivers","Emuoha",2012,6656.55419921875
"Rivers","Emuoha",2013,4943.02099609375
"Rivers","Emuoha",2014,3108.6962890625
"Rivers","Emuoha",2015,2546.12109375
"Rivers","Emuoha",2016,1287.77746582031
"Rivers","Emuoha",2017,1669.83203125
"Rivers","Emuoha",2018,3516.50659179688
"Rivers","Emuoha",2019,7234.830078125
"Rivers","Emuoha",2020,7425.43310546875
"Rivers","Emuoha",2021,3743.70288085938
"Rivers","Emuoha",2022,1120.04064941406
"Rivers","Emuoha",2023,1081.27282714844
"Rivers","Emuoha",2024,2651.92138671875
"Rivers","Etche",2012,3713.40747070312
"Rivers","Etche",2013,2337.69750976562
"Rivers","Etche",2014,2329.99169921875
"Rivers","Etche",2015,1920.8720703125
"Rivers","Etche",2016,2356.13549804688
"Rivers","Etche",2017,2677.6435546875
"Rivers","Etche",2018,2085.4453125
"Rivers","Etche",2019,2149.75634765625
"Rivers","Etche",2020,2151.53491210938
"Rivers","Etche",2021,6696.16064453125
"Rivers","Etche",2022,3988.939453125
"Rivers","Etche",2023,4097.7109375
"Rivers","Etche",2024,13297.107421875
"Rivers","Gokana",2012,36.6937599182129
"Rivers","Gokana",2013,207.07795715332
"Rivers","Gokana",2014,10.9002952575684
"Rivers","Gokana",2015,15.1561002731323
"Rivers","Gokana",2016,9.31243228912354
"Rivers","Gokana",2017,21.898401260376
"Rivers","Gokana",2018,39.6821632385254
"Rivers","Gokana",2019,19.0200271606445
"Rivers","Gokana",2020,10.989315032959
"Rivers","Gokana",2021,35.0355415344238
"Rivers","Gokana",2022,25.1068458557129
"Rivers","Gokana",2023,63.4985618591309
"Rivers","Gokana",2024,203.329650878906
"Rivers","Ikwerre",2012,2949.18872070312
"Rivers","Ikwerre",2013,2335.83544921875
"Rivers","Ikwerre",2014,1590.77770996094
"Rivers","Ikwerre",2015,3275.4326171875
"Rivers","Ikwerre",2016,1972.41711425781
"Rivers","Ikwerre",2017,1720.04907226562
"Rivers","Ikwerre",2018,2558.33911132812
"Rivers","Ikwerre",2019,2687.20971679688
"Rivers","Ikwerre",2020,4445.578125
"Rivers","Ikwerre",2021,3935.71997070312
"Rivers","Ikwerre",2022,4189.87841796875
"Rivers","Ikwerre",2023,4025.1923828125
"Rivers","Ikwerre",2024,11029.001953125
"Rivers","Khana",2012,19.8975677490234
"Rivers","Khana",2013,55.4433174133301
"Rivers","Khana",2014,189.1005859375
"Rivers","Khana",2015,12.3685693740845
"Rivers","Khana",2016,0.871026933193207
"Rivers","Khana",2017,3.15460658073425
"Rivers","Khana",2018,2.00386810302734
"Rivers","Khana",2019,4.74873399734497
"Rivers","Khana",2020,3.09654808044434
"Rivers","Khana",2021,59.2753524780273
"Rivers","Khana",2022,35.7643089294434
"Rivers","Khana",2023,79.4802551269531
"Rivers","Khana",2024,81.4888534545898
"Rivers","Obio/Akpor",2012,8819.857421875
"Rivers","Obio/Akpor",2013,9210.4033203125
"Rivers","Obio/Akpor",2014,8377.59375
"Rivers","Obio/Akpor",2015,9194.91796875
"Rivers","Obio/Akpor",2016,8684.3701171875
"Rivers","Obio/Akpor",2017,6778.26220703125
"Rivers","Obio/Akpor",2018,7100.4619140625
"Rivers","Obio/Akpor",2019,7349.5244140625
"Rivers","Obio/Akpor",2020,7940.50244140625
"Rivers","Obio/Akpor",2021,7649.08447265625
"Rivers","Obio/Akpor",2022,9021.94140625
"Rivers","Obio/Akpor",2023,11482.958984375
"Rivers","Obio/Akpor",2024,12868.974609375
"Rivers","Ogba/Egbema/Ndoni",2012,118432.453125
"Rivers","Ogba/Egbema/Ndoni",2013,85446.1015625
"Rivers","Ogba/Egbema/Ndoni",2014,46636.3984375
"Rivers","Ogba/Egbema/Ndoni",2015,54820.765625
"Rivers","Ogba/Egbema/Ndoni",2016,66555
"Rivers","Ogba/Egbema/Ndoni",2017,58544.60546875
"Rivers","Ogba/Egbema/Ndoni",2018,53961.01171875
"Rivers","Ogba/Egbema/Ndoni",2019,46568.59765625
"Rivers","Ogba/Egbema/Ndoni",2020,50957.6875
"Rivers","Ogba/Egbema/Ndoni",2021,56495.4609375
"Rivers","Ogba/Egbema/Ndoni",2022,37968.39453125
"Rivers","Ogba/Egbema/Ndoni",2023,31030.42578125
"Rivers","Ogba/Egbema/Ndoni",2024,28488.421875
"Rivers","Ogu/Bolo",2012,147.495956420898
"Rivers","Ogu/Bolo",2013,147.782852172852
"Rivers","Ogu/Bolo",2014,170.288009643555
"Rivers","Ogu/Bolo",2015,190.914947509766
"Rivers","Ogu/Bolo",2016,220.561386108398
"Rivers","Ogu/Bolo",2017,193.754211425781
"Rivers","Ogu/Bolo",2018,225.494033813477
"Rivers","Ogu/Bolo",2019,135.667266845703
"Rivers","Ogu/Bolo",2020,48.166202545166
"Rivers","Ogu/Bolo",2021,75.5141525268555
"Rivers","Ogu/Bolo",2022,77.4497299194336
"Rivers","Ogu/Bolo",2023,85.8182144165039
"Rivers","Ogu/Bolo",2024,264.895233154297
"Rivers","Okrika",2012,7240.93603515625
"Rivers","Okrika",2013,4165.1875
"Rivers","Okrika",2014,3887.18676757812
"Rivers","Okrika",2015,5559.2216796875
"Rivers","Okrika",2016,7873.94775390625
"Rivers","Okrika",2017,25075.775390625
"Rivers","Okrika",2018,25008.861328125
"Rivers","Okrika",2019,19685.439453125
"Rivers","Okrika",2020,13119.8349609375
"Rivers","Okrika",2021,5186.609375
"Rivers","Okrika",2022,3109.60888671875
"Rivers","Okrika",2023,2190.4560546875
"Rivers","Okrika",2024,9977.298828125
"Rivers","Omumma",2012,851.020751953125
"Rivers","Omumma",2013,604.176513671875
"Rivers","Omumma",2014,774.8564453125
"Rivers","Omumma",2015,431.002227783203
"Rivers","Omumma",2016,176.080291748047
"Rivers","Omumma",2017,332.405181884766
"Rivers","Omumma",2018,241.286193847656
"Rivers","Omumma",2019,178.886779785156
"Rivers","Omumma",2020,201.098770141602
"Rivers","Omumma",2021,565.451477050781
"Rivers","Omumma",2022,90.3935623168945
"Rivers","Omumma",2023,345.181945800781
"Rivers","Omumma",2024,4719.25439453125
"Rivers","Opobo/Nkoro",2012,65.0040283203125
"Rivers","Opobo/Nkoro",2013,63.4962997436523
"Rivers","Opobo/Nkoro",2014,29.0998477935791
"Rivers","Opobo/Nkoro",2015,12.5297889709473
"Rivers","Opobo/Nkoro",2016,11.9390563964844
"Rivers","Opobo/Nkoro",2017,239.622848510742
"Rivers","Opobo/Nkoro",2018,520.568542480469
"Rivers","Opobo/Nkoro",2019,663.976379394531
"Rivers","Opobo/Nkoro",2020,486.747253417969
"Rivers","Opobo/Nkoro",2021,380.459533691406
"Rivers","Opobo/Nkoro",2022,679.7001953125
"Rivers","Opobo/Nkoro",2023,959.968200683594
"Rivers","Opobo/Nkoro",2024,458.033386230469
"Rivers","Oyigbo",2012,2601.68701171875
"Rivers","Oyigbo",2013,2518.80102539062
"Rivers","Oyigbo",2014,4391.50634765625
"Rivers","Oyigbo",2015,4517.322265625
"Rivers","Oyigbo",2016,3341.25952148438
"Rivers","Oyigbo",2017,3003.37646484375
"Rivers","Oyigbo",2018,5461.67578125
"Rivers","Oyigbo",2019,5147.45361328125
"Rivers","Oyigbo",2020,3461.7333984375
"Rivers","Oyigbo",2021,4411.55126953125
"Rivers","Oyigbo",2022,4586.033203125
"Rivers","Oyigbo",2023,13880.068359375
"Rivers","Oyigbo",2024,21290.396484375
"Rivers","Port Harcourt",2012,4897.7333984375
"Rivers","Port Harcourt",2013,4740.1435546875
"Rivers","Port Harcourt",2014,3637.16821289062
"Rivers","Port Harcourt",2015,4073.26904296875
"Rivers","Port Harcourt",2016,4195.3525390625
"Rivers","Port Harcourt",2017,3343.14208984375
"Rivers","Port Harcourt",2018,3201.52465820312
"Rivers","Port Harcourt",2019,3216.45288085938
"Rivers","Port Harcourt",2020,2830.2333984375
"Rivers","Port Harcourt",2021,2503.5859375
"Rivers","Port Harcourt",2022,2896.18530273438
"Rivers","Port Harcourt",2023,3389.11328125
"Rivers","Port Harcourt",2024,4633.13427734375
"Rivers","Tai",2012,34.9416885375977
"Rivers","Tai",2013,111.610961914062
"Rivers","Tai",2014,171.914886474609
"Rivers","Tai",2015,109.217002868652
"Rivers","Tai",2016,22.956880569458
"Rivers","Tai",2017,3.76386594772339
"Rivers","Tai",2018,11.9279050827026
"Rivers","Tai",2019,2.10636138916016
"Rivers","Tai",2020,1.59976625442505
"Rivers","Tai",2021,8.64899730682373
"Rivers","Tai",2022,34.720531463623
"Rivers","Tai",2023,105.759788513184
"Rivers","Tai",2024,277.303894042969
"Sokoto","Binji",2012,1.16793859004974
"Sokoto","Binji",2013,0.630672633647919
"Sokoto","Binji",2014,0.509144723415375
"Sokoto","Binji",2015,0.531017184257507
"Sokoto","Binji",2016,0
"Sokoto","Binji",2017,0
"Sokoto","Binji",2018,0
"Sokoto","Binji",2019,0.536842942237854
"Sokoto","Binji",2020,0
"Sokoto","Binji",2021,0
"Sokoto","Binji",2022,0
"Sokoto","Binji",2023,0
"Sokoto","Binji",2024,0
"Sokoto","Bodinga",2012,85.3463973999023
"Sokoto","Bodinga",2013,71.7949752807617
"Sokoto","Bodinga",2014,57.7919540405273
"Sokoto","Bodinga",2015,46.0834350585938
"Sokoto","Bodinga",2016,11.7005529403687
"Sokoto","Bodinga",2017,32.5955009460449
"Sokoto","Bodinga",2018,50.0093841552734
"Sokoto","Bodinga",2019,14.6723642349243
"Sokoto","Bodinga",2020,39.7299499511719
"Sokoto","Bodinga",2021,25.8539886474609
"Sokoto","Bodinga",2022,32.3861465454102
"Sokoto","Bodinga",2023,49.9447860717773
"Sokoto","Bodinga",2024,59.1954193115234
"Sokoto","Dange-Shuni",2012,119.219436645508
"Sokoto","Dange-Shuni",2013,38.1950912475586
"Sokoto","Dange-Shuni",2014,12.4851369857788
"Sokoto","Dange-Shuni",2015,7.90008020401001
"Sokoto","Dange-Shuni",2016,5.24652862548828
"Sokoto","Dange-Shuni",2017,0.303334653377533
"Sokoto","Dange-Shuni",2018,1.88161194324493
"Sokoto","Dange-Shuni",2019,0.278267294168472
"Sokoto","Dange-Shuni",2020,1.43487942218781
"Sokoto","Dange-Shuni",2021,5.05650901794434
"Sokoto","Dange-Shuni",2022,30.1303691864014
"Sokoto","Dange-Shuni",2023,17.7969303131104
"Sokoto","Dange-Shuni",2024,5.35254955291748
"Sokoto","Gada",2012,9.43356323242188
"Sokoto","Gada",2013,3.70221281051636
"Sokoto","Gada",2014,1.59708082675934
"Sokoto","Gada",2015,0
"Sokoto","Gada",2016,0
"Sokoto","Gada",2017,0
"Sokoto","Gada",2018,1.63537383079529
"Sokoto","Gada",2019,0
"Sokoto","Gada",2020,0
"Sokoto","Gada",2021,0
"Sokoto","Gada",2022,6.38449144363403
"Sokoto","Gada",2023,8.04276180267334
"Sokoto","Gada",2024,12.9214496612549
"Sokoto","Goronyo",2012,29.9058876037598
"Sokoto","Goronyo",2013,27.6782741546631
"Sokoto","Goronyo",2014,18.7902774810791
"Sokoto","Goronyo",2015,13.4167814254761
"Sokoto","Goronyo",2016,8.75172805786133
"Sokoto","Goronyo",2017,9.14061737060547
"Sokoto","Goronyo",2018,4.62272930145264
"Sokoto","Goronyo",2019,7.77277660369873
"Sokoto","Goronyo",2020,0
"Sokoto","Goronyo",2021,0
"Sokoto","Goronyo",2022,5.44463205337524
"Sokoto","Goronyo",2023,8.2596378326416
"Sokoto","Goronyo",2024,6.17522859573364
"Sokoto","Gudu",2012,0
"Sokoto","Gudu",2013,0
"Sokoto","Gudu",2014,0
"Sokoto","Gudu",2015,0
"Sokoto","Gudu",2016,0
"Sokoto","Gudu",2017,0
"Sokoto","Gudu",2018,0
"Sokoto","Gudu",2019,0
"Sokoto","Gudu",2020,0
"Sokoto","Gudu",2021,0
"Sokoto","Gudu",2022,0
"Sokoto","Gudu",2023,0
"Sokoto","Gudu",2024,0
"Sokoto","Gwadabawa",2012,0
"Sokoto","Gwadabawa",2013,0.162418946623802
"Sokoto","Gwadabawa",2014,2.12347292900085
"Sokoto","Gwadabawa",2015,0
"Sokoto","Gwadabawa",2016,0
"Sokoto","Gwadabawa",2017,0
"Sokoto","Gwadabawa",2018,11.0002288818359
"Sokoto","Gwadabawa",2019,0
"Sokoto","Gwadabawa",2020,5.52234697341919
"Sokoto","Gwadabawa",2021,8.78761291503906
"Sokoto","Gwadabawa",2022,0.5093674659729
"Sokoto","Gwadabawa",2023,0
"Sokoto","Gwadabawa",2024,0
"Sokoto","Illela",2012,4.63972902297974
"Sokoto","Illela",2013,0
"Sokoto","Illela",2014,0
"Sokoto","Illela",2015,0
"Sokoto","Illela",2016,0
"Sokoto","Illela",2017,0
"Sokoto","Illela",2018,0
"Sokoto","Illela",2019,0
"Sokoto","Illela",2020,0
"Sokoto","Illela",2021,0
"Sokoto","Illela",2022,0
"Sokoto","Illela",2023,0
"Sokoto","Illela",2024,0
"Sokoto","Isa",2012,0
"Sokoto","Isa",2013,2.6382532119751
"Sokoto","Isa",2014,1.60582220554352
"Sokoto","Isa",2015,0
"Sokoto","Isa",2016,0
"Sokoto","Isa",2017,0
"Sokoto","Isa",2018,0
"Sokoto","Isa",2019,0
"Sokoto","Isa",2020,0
"Sokoto","Isa",2021,0
"Sokoto","Isa",2022,0
"Sokoto","Isa",2023,0
"Sokoto","Isa",2024,1.55750679969788
"Sokoto","Kebbe",2012,0
"Sokoto","Kebbe",2013,0.576580286026001
"Sokoto","Kebbe",2014,0.509195029735565
"Sokoto","Kebbe",2015,0
"Sokoto","Kebbe",2016,2.30858659744263
"Sokoto","Kebbe",2017,2.81730246543884
"Sokoto","Kebbe",2018,2.71522831916809
"Sokoto","Kebbe",2019,1.30318439006805
"Sokoto","Kebbe",2020,0
"Sokoto","Kebbe",2021,0
"Sokoto","Kebbe",2022,0
"Sokoto","Kebbe",2023,0
"Sokoto","Kebbe",2024,0
"Sokoto","Kware",2012,103.397407531738
"Sokoto","Kware",2013,48.8510551452637
"Sokoto","Kware",2014,43.8117828369141
"Sokoto","Kware",2015,31.1819629669189
"Sokoto","Kware",2016,28.4348011016846
"Sokoto","Kware",2017,13.5137166976929
"Sokoto","Kware",2018,42.2822799682617
"Sokoto","Kware",2019,16.532133102417
"Sokoto","Kware",2020,19.3130702972412
"Sokoto","Kware",2021,49.7726936340332
"Sokoto","Kware",2022,43.6587753295898
"Sokoto","Kware",2023,47.1583824157715
"Sokoto","Kware",2024,42.7644920349121
"Sokoto","Rabah",2012,23.5292587280273
"Sokoto","Rabah",2013,5.76667165756226
"Sokoto","Rabah",2014,6.51339340209961
"Sokoto","Rabah",2015,9.00136661529541
"Sokoto","Rabah",2016,8.2708683013916
"Sokoto","Rabah",2017,7.06721687316895
"Sokoto","Rabah",2018,0
"Sokoto","Rabah",2019,0
"Sokoto","Rabah",2020,1.66254186630249
"Sokoto","Rabah",2021,0
"Sokoto","Rabah",2022,0
"Sokoto","Rabah",2023,0
"Sokoto","Rabah",2024,2.45819616317749
"Sokoto","Sabon Birni",2012,3.27997493743896
"Sokoto","Sabon Birni",2013,2.60345721244812
"Sokoto","Sabon Birni",2014,1.1875147819519
"Sokoto","Sabon Birni",2015,0.521932125091553
"Sokoto","Sabon Birni",2016,0.52091246843338
"Sokoto","Sabon Birni",2017,0.556515514850616
"Sokoto","Sabon Birni",2018,0
"Sokoto","Sabon Birni",2019,0
"Sokoto","Sabon Birni",2020,0
"Sokoto","Sabon Birni",2021,0
"Sokoto","Sabon Birni",2022,1.12401235103607
"Sokoto","Sabon Birni",2023,0.591694056987762
"Sokoto","Sabon Birni",2024,2.31287980079651
"Sokoto","Shagari",2012,0
"Sokoto","Shagari",2013,0
"Sokoto","Shagari",2014,0
"Sokoto","Shagari",2015,0
"Sokoto","Shagari",2016,0
"Sokoto","Shagari",2017,0.511484026908875
"Sokoto","Shagari",2018,6.39301204681396
"Sokoto","Shagari",2019,0
"Sokoto","Shagari",2020,0
"Sokoto","Shagari",2021,0
"Sokoto","Shagari",2022,0
"Sokoto","Shagari",2023,0
"Sokoto","Shagari",2024,0
"Sokoto","Silame",2012,0.554427206516266
"Sokoto","Silame",2013,0
"Sokoto","Silame",2014,0
"Sokoto","Silame",2015,0
"Sokoto","Silame",2016,0
"Sokoto","Silame",2017,0
"Sokoto","Silame",2018,0
"Sokoto","Silame",2019,0
"Sokoto","Silame",2020,0
"Sokoto","Silame",2021,0
"Sokoto","Silame",2022,0
"Sokoto","Silame",2023,0
"Sokoto","Silame",2024,0
"Sokoto","Sokoto North",2012,1085.94995117188
"Sokoto","Sokoto North",2013,1029.64978027344
"Sokoto","Sokoto North",2014,909.374206542969
"Sokoto","Sokoto North",2015,799.531921386719
"Sokoto","Sokoto North",2016,896.691467285156
"Sokoto","Sokoto North",2017,732.199340820312
"Sokoto","Sokoto North",2018,771.965087890625
"Sokoto","Sokoto North",2019,640.79345703125
"Sokoto","Sokoto North",2020,565.221862792969
"Sokoto","Sokoto North",2021,736.057739257812
"Sokoto","Sokoto North",2022,696.463256835938
"Sokoto","Sokoto North",2023,490.048583984375
"Sokoto","Sokoto North",2024,339.019256591797
"Sokoto","Sokoto South",2012,379.647705078125
"Sokoto","Sokoto South",2013,326.676483154297
"Sokoto","Sokoto South",2014,313.476593017578
"Sokoto","Sokoto South",2015,284.029907226562
"Sokoto","Sokoto South",2016,288.768676757812
"Sokoto","Sokoto South",2017,264.387451171875
"Sokoto","Sokoto South",2018,266.411163330078
"Sokoto","Sokoto South",2019,289.190979003906
"Sokoto","Sokoto South",2020,287.539489746094
"Sokoto","Sokoto South",2021,321.858856201172
"Sokoto","Sokoto South",2022,361.685180664062
"Sokoto","Sokoto South",2023,303.932403564453
"Sokoto","Sokoto South",2024,250.064468383789
"Sokoto","Tambuwal",2012,1.82943165302277
"Sokoto","Tambuwal",2013,0.506700932979584
"Sokoto","Tambuwal",2014,0
"Sokoto","Tambuwal",2015,4.89418649673462
"Sokoto","Tambuwal",2016,23.921573638916
"Sokoto","Tambuwal",2017,50.9731483459473
"Sokoto","Tambuwal",2018,39.0752105712891
"Sokoto","Tambuwal",2019,16.9999523162842
"Sokoto","Tambuwal",2020,4.09943771362305
"Sokoto","Tambuwal",2021,3.1298930644989
"Sokoto","Tambuwal",2022,1.68178355693817
"Sokoto","Tambuwal",2023,0
"Sokoto","Tambuwal",2024,0
"Sokoto","Tangaza",2012,1.1082398891449
"Sokoto","Tangaza",2013,0
"Sokoto","Tangaza",2014,0
"Sokoto","Tangaza",2015,0
"Sokoto","Tangaza",2016,0
"Sokoto","Tangaza",2017,0
"Sokoto","Tangaza",2018,0
"Sokoto","Tangaza",2019,0
"Sokoto","Tangaza",2020,0
"Sokoto","Tangaza",2021,0
"Sokoto","Tangaza",2022,0
"Sokoto","Tangaza",2023,0
"Sokoto","Tangaza",2024,0
"Sokoto","Tureta",2012,9.86065864562988
"Sokoto","Tureta",2013,6.57432651519775
"Sokoto","Tureta",2014,0
"Sokoto","Tureta",2015,0.523996829986572
"Sokoto","Tureta",2016,0
"Sokoto","Tureta",2017,0
"Sokoto","Tureta",2018,0
"Sokoto","Tureta",2019,0
"Sokoto","Tureta",2020,0
"Sokoto","Tureta",2021,0
"Sokoto","Tureta",2022,0
"Sokoto","Tureta",2023,0
"Sokoto","Tureta",2024,0
"Sokoto","Wamako",2012,2252.1376953125
"Sokoto","Wamako",2013,1995.7470703125
"Sokoto","Wamako",2014,2105.91455078125
"Sokoto","Wamako",2015,1816.23156738281
"Sokoto","Wamako",2016,1764.58947753906
"Sokoto","Wamako",2017,1572.57385253906
"Sokoto","Wamako",2018,1826.05261230469
"Sokoto","Wamako",2019,1531.16662597656
"Sokoto","Wamako",2020,1755.20190429688
"Sokoto","Wamako",2021,2249.40454101562
"Sokoto","Wamako",2022,2566.33959960938
"Sokoto","Wamako",2023,2248.23974609375
"Sokoto","Wamako",2024,2144.38500976562
"Sokoto","Wurno",2012,2.75413417816162
"Sokoto","Wurno",2013,3.86406493186951
"Sokoto","Wurno",2014,1.12899136543274
"Sokoto","Wurno",2015,0
"Sokoto","Wurno",2016,0
"Sokoto","Wurno",2017,0
"Sokoto","Wurno",2018,3.86622190475464
"Sokoto","Wurno",2019,0
"Sokoto","Wurno",2020,0
"Sokoto","Wurno",2021,0
"Sokoto","Wurno",2022,2.1576611995697
"Sokoto","Wurno",2023,1.12947034835815
"Sokoto","Wurno",2024,1.0627293586731
"Sokoto","Yabo",2012,2.74518179893494
"Sokoto","Yabo",2013,0
"Sokoto","Yabo",2014,0
"Sokoto","Yabo",2015,0
"Sokoto","Yabo",2016,0
"Sokoto","Yabo",2017,4.54011344909668
"Sokoto","Yabo",2018,27.5840969085693
"Sokoto","Yabo",2019,1.41707956790924
"Sokoto","Yabo",2020,13.4028406143188
"Sokoto","Yabo",2021,12.3913850784302
"Sokoto","Yabo",2022,14.4560260772705
"Sokoto","Yabo",2023,28.6192398071289
"Sokoto","Yabo",2024,48.1193885803223
"Taraba","Ardo-Kola",2012,196.808609008789
"Taraba","Ardo-Kola",2013,238.704650878906
"Taraba","Ardo-Kola",2014,241.026596069336
"Taraba","Ardo-Kola",2015,300.057983398438
"Taraba","Ardo-Kola",2016,429.231750488281
"Taraba","Ardo-Kola",2017,525.223999023438
"Taraba","Ardo-Kola",2018,646.470336914062
"Taraba","Ardo-Kola",2019,645.142761230469
"Taraba","Ardo-Kola",2020,609.123901367188
"Taraba","Ardo-Kola",2021,617.668518066406
"Taraba","Ardo-Kola",2022,622.7421875
"Taraba","Ardo-Kola",2023,415.860473632812
"Taraba","Ardo-Kola",2024,421.968688964844
"Taraba","Bali",2012,0
"Taraba","Bali",2013,0
"Taraba","Bali",2014,0
"Taraba","Bali",2015,0
"Taraba","Bali",2016,0
"Taraba","Bali",2017,0
"Taraba","Bali",2018,0
"Taraba","Bali",2019,0
"Taraba","Bali",2020,0
"Taraba","Bali",2021,0
"Taraba","Bali",2022,0
"Taraba","Bali",2023,0.533284783363342
"Taraba","Bali",2024,0.562641680240631
"Taraba","Donga",2012,1.24544787406921
"Taraba","Donga",2013,0.771310091018677
"Taraba","Donga",2014,1.45154333114624
"Taraba","Donga",2015,28.1696128845215
"Taraba","Donga",2016,31.6598129272461
"Taraba","Donga",2017,5.49570178985596
"Taraba","Donga",2018,7.42345237731934
"Taraba","Donga",2019,1.59541690349579
"Taraba","Donga",2020,4.48240041732788
"Taraba","Donga",2021,6.65794992446899
"Taraba","Donga",2022,26.4315052032471
"Taraba","Donga",2023,20.3738498687744
"Taraba","Donga",2024,56.2477912902832
"Taraba","Gashaka",2012,0
"Taraba","Gashaka",2013,0
"Taraba","Gashaka",2014,0
"Taraba","Gashaka",2015,0
"Taraba","Gashaka",2016,0
"Taraba","Gashaka",2017,0
"Taraba","Gashaka",2018,0
"Taraba","Gashaka",2019,0
"Taraba","Gashaka",2020,0
"Taraba","Gashaka",2021,0
"Taraba","Gashaka",2022,1.61485433578491
"Taraba","Gashaka",2023,2.83713293075562
"Taraba","Gashaka",2024,2.7782576084137
"Taraba","Gassol",2012,0.556662321090698
"Taraba","Gassol",2013,0
"Taraba","Gassol",2014,0
"Taraba","Gassol",2015,0
"Taraba","Gassol",2016,0
"Taraba","Gassol",2017,0
"Taraba","Gassol",2018,1.52669286727905
"Taraba","Gassol",2019,3.81193065643311
"Taraba","Gassol",2020,29.5306339263916
"Taraba","Gassol",2021,104.123832702637
"Taraba","Gassol",2022,83.7707443237305
"Taraba","Gassol",2023,21.3703861236572
"Taraba","Gassol",2024,55.4589500427246
"Taraba","Ibi",2012,0
"Taraba","Ibi",2013,0
"Taraba","Ibi",2014,0
"Taraba","Ibi",2015,2.24689340591431
"Taraba","Ibi",2016,1.09377574920654
"Taraba","Ibi",2017,0
"Taraba","Ibi",2018,0
"Taraba","Ibi",2019,0
"Taraba","Ibi",2020,0
"Taraba","Ibi",2021,3.15080165863037
"Taraba","Ibi",2022,11.8694896697998
"Taraba","Ibi",2023,20.9387283325195
"Taraba","Ibi",2024,16.7502689361572
"Taraba","Jalingo",2012,315.004699707031
"Taraba","Jalingo",2013,348.924163818359
"Taraba","Jalingo",2014,478.509216308594
"Taraba","Jalingo",2015,518.952453613281
"Taraba","Jalingo",2016,642.328918457031
"Taraba","Jalingo",2017,741.759216308594
"Taraba","Jalingo",2018,865.808166503906
"Taraba","Jalingo",2019,875.940002441406
"Taraba","Jalingo",2020,907.126037597656
"Taraba","Jalingo",2021,999.91259765625
"Taraba","Jalingo",2022,1099.23559570312
"Taraba","Jalingo",2023,805.66845703125
"Taraba","Jalingo",2024,963.668640136719
"Taraba","Karim Lamido",2012,2.21255660057068
"Taraba","Karim Lamido",2013,0
"Taraba","Karim Lamido",2014,0
"Taraba","Karim Lamido",2015,0
"Taraba","Karim Lamido",2016,0.0450866222381592
"Taraba","Karim Lamido",2017,15.9525556564331
"Taraba","Karim Lamido",2018,37.1687278747559
"Taraba","Karim Lamido",2019,35.799446105957
"Taraba","Karim Lamido",2020,33.1566505432129
"Taraba","Karim Lamido",2021,20.0505390167236
"Taraba","Karim Lamido",2022,9.96837329864502
"Taraba","Karim Lamido",2023,9.93568992614746
"Taraba","Karim Lamido",2024,8.73795318603516
"Taraba","Kurmi",2012,3.25291299819946
"Taraba","Kurmi",2013,0
"Taraba","Kurmi",2014,0
"Taraba","Kurmi",2015,0
"Taraba","Kurmi",2016,0
"Taraba","Kurmi",2017,0.5322625041008
"Taraba","Kurmi",2018,0
"Taraba","Kurmi",2019,0
"Taraba","Kurmi",2020,0
"Taraba","Kurmi",2021,0.585368692874908
"Taraba","Kurmi",2022,0
"Taraba","Kurmi",2023,0
"Taraba","Kurmi",2024,0
"Taraba","Lau",2012,8.32833290100098
"Taraba","Lau",2013,6.4245171546936
"Taraba","Lau",2014,4.0081524848938
"Taraba","Lau",2015,2.7450053691864
"Taraba","Lau",2016,20.3297920227051
"Taraba","Lau",2017,23.7321701049805
"Taraba","Lau",2018,27.2765808105469
"Taraba","Lau",2019,20.6036911010742
"Taraba","Lau",2020,27.6771793365479
"Taraba","Lau",2021,15.9708967208862
"Taraba","Lau",2022,19.9879512786865
"Taraba","Lau",2023,12.2842836380005
"Taraba","Lau",2024,3.07096791267395
"Taraba","Sardauna",2012,0
"Taraba","Sardauna",2013,0
"Taraba","Sardauna",2014,0
"Taraba","Sardauna",2015,0.513034760951996
"Taraba","Sardauna",2016,0.574099481105804
"Taraba","Sardauna",2017,0.533650159835815
"Taraba","Sardauna",2018,0.775313138961792
"Taraba","Sardauna",2019,0
"Taraba","Sardauna",2020,0.511154294013977
"Taraba","Sardauna",2021,2.92697739601135
"Taraba","Sardauna",2022,1.19192051887512
"Taraba","Sardauna",2023,2.0201199054718
"Taraba","Sardauna",2024,5.82516145706177
"Taraba","Takum",2012,1.45856833457947
"Taraba","Takum",2013,0.861969530582428
"Taraba","Takum",2014,2.21550250053406
"Taraba","Takum",2015,19.0610752105713
"Taraba","Takum",2016,22.8082065582275
"Taraba","Takum",2017,13.7668361663818
"Taraba","Takum",2018,0
"Taraba","Takum",2019,7.98112630844116
"Taraba","Takum",2020,8.602463722229
"Taraba","Takum",2021,18.4870510101318
"Taraba","Takum",2022,22.9953575134277
"Taraba","Takum",2023,30.2543869018555
"Taraba","Takum",2024,30.1051692962646
"Taraba","Ussa",2012,53.9556999206543
"Taraba","Ussa",2013,26.2508983612061
"Taraba","Ussa",2014,28.3129444122314
"Taraba","Ussa",2015,71.5496826171875
"Taraba","Ussa",2016,78.7416458129883
"Taraba","Ussa",2017,30.3316402435303
"Taraba","Ussa",2018,4.7087984085083
"Taraba","Ussa",2019,9.59719944000244
"Taraba","Ussa",2020,15.7987756729126
"Taraba","Ussa",2021,49.9024505615234
"Taraba","Ussa",2022,152.541961669922
"Taraba","Ussa",2023,168.008209228516
"Taraba","Ussa",2024,138.688934326172
"Taraba","Wukari",2012,67.7940444946289
"Taraba","Wukari",2013,26.3714542388916
"Taraba","Wukari",2014,10.6491050720215
"Taraba","Wukari",2015,54.1657829284668
"Taraba","Wukari",2016,91.745964050293
"Taraba","Wukari",2017,22.1928787231445
"Taraba","Wukari",2018,46.0264625549316
"Taraba","Wukari",2019,55.9384918212891
"Taraba","Wukari",2020,61.2236824035645
"Taraba","Wukari",2021,64.3890686035156
"Taraba","Wukari",2022,117.384155273438
"Taraba","Wukari",2023,198.961959838867
"Taraba","Wukari",2024,233.535766601562
"Taraba","Yorro",2012,9.89408493041992
"Taraba","Yorro",2013,12.6025848388672
"Taraba","Yorro",2014,5.10020875930786
"Taraba","Yorro",2015,4.02599811553955
"Taraba","Yorro",2016,13.0039215087891
"Taraba","Yorro",2017,17.2178707122803
"Taraba","Yorro",2018,26.0874824523926
"Taraba","Yorro",2019,21.5643882751465
"Taraba","Yorro",2020,28.6070957183838
"Taraba","Yorro",2021,14.4953107833862
"Taraba","Yorro",2022,22.491828918457
"Taraba","Yorro",2023,14.5571060180664
"Taraba","Yorro",2024,15.332085609436
"Taraba","Zing",2012,73.4648971557617
"Taraba","Zing",2013,71.6006774902344
"Taraba","Zing",2014,21.0179691314697
"Taraba","Zing",2015,33.2773246765137
"Taraba","Zing",2016,66.8468399047852
"Taraba","Zing",2017,73.4887466430664
"Taraba","Zing",2018,120.315132141113
"Taraba","Zing",2019,119.767311096191
"Taraba","Zing",2020,118.446990966797
"Taraba","Zing",2021,81.9493408203125
"Taraba","Zing",2022,91.7677612304688
"Taraba","Zing",2023,62.9038963317871
"Taraba","Zing",2024,57.0568733215332
"Yobe","Bade",2012,0
"Yobe","Bade",2013,0
"Yobe","Bade",2014,0
"Yobe","Bade",2015,0.215726792812347
"Yobe","Bade",2016,0
"Yobe","Bade",2017,0.23576708137989
"Yobe","Bade",2018,0.31166934967041
"Yobe","Bade",2019,2.58123683929443
"Yobe","Bade",2020,2.04336190223694
"Yobe","Bade",2021,0.944723784923553
"Yobe","Bade",2022,1.26423037052155
"Yobe","Bade",2023,1.96282160282135
"Yobe","Bade",2024,2.59159326553345
"Yobe","Borsari",2012,6.0551381111145
"Yobe","Borsari",2013,2.72601580619812
"Yobe","Borsari",2014,0
"Yobe","Borsari",2015,1.49187910556793
"Yobe","Borsari",2016,4.16274499893188
"Yobe","Borsari",2017,4.44153547286987
"Yobe","Borsari",2018,11.4510869979858
"Yobe","Borsari",2019,72.7272109985352
"Yobe","Borsari",2020,50.0827598571777
"Yobe","Borsari",2021,42.8646621704102
"Yobe","Borsari",2022,36.9314117431641
"Yobe","Borsari",2023,30.198917388916
"Yobe","Borsari",2024,19.2384128570557
"Yobe","Damaturu",2012,528.130615234375
"Yobe","Damaturu",2013,348.239196777344
"Yobe","Damaturu",2014,373.455902099609
"Yobe","Damaturu",2015,370.036895751953
"Yobe","Damaturu",2016,252.28874206543
"Yobe","Damaturu",2017,379.191558837891
"Yobe","Damaturu",2018,473.271697998047
"Yobe","Damaturu",2019,731.061157226562
"Yobe","Damaturu",2020,947.764099121094
"Yobe","Damaturu",2021,1327.78894042969
"Yobe","Damaturu",2022,1750.66479492188
"Yobe","Damaturu",2023,1661.65966796875
"Yobe","Damaturu",2024,1220.62426757812
"Yobe","Fika",2012,13.8632717132568
"Yobe","Fika",2013,8.03343677520752
"Yobe","Fika",2014,1.29749369621277
"Yobe","Fika",2015,13.0294055938721
"Yobe","Fika",2016,26.0678768157959
"Yobe","Fika",2017,31.7115726470947
"Yobe","Fika",2018,34.4430313110352
"Yobe","Fika",2019,40.228515625
"Yobe","Fika",2020,28.7193813323975
"Yobe","Fika",2021,24.7352867126465
"Yobe","Fika",2022,45.7975616455078
"Yobe","Fika",2023,29.2469902038574
"Yobe","Fika",2024,21.3614711761475
"Yobe","Fune",2012,18.4141712188721
"Yobe","Fune",2013,6.20871162414551
"Yobe","Fune",2014,12.1909971237183
"Yobe","Fune",2015,18.1901512145996
"Yobe","Fune",2016,33.1545791625977
"Yobe","Fune",2017,35.8366546630859
"Yobe","Fune",2018,47.2144508361816
"Yobe","Fune",2019,76.1401138305664
"Yobe","Fune",2020,69.8258819580078
"Yobe","Fune",2021,67.6556091308594
"Yobe","Fune",2022,81.5420532226562
"Yobe","Fune",2023,61.6214904785156
"Yobe","Fune",2024,50.779468536377
"Yobe","Geidam",2012,66.9678192138672
"Yobe","Geidam",2013,0
"Yobe","Geidam",2014,0
"Yobe","Geidam",2015,0
"Yobe","Geidam",2016,0
"Yobe","Geidam",2017,6.94807291030884
"Yobe","Geidam",2018,46.9045066833496
"Yobe","Geidam",2019,89.8533554077148
"Yobe","Geidam",2020,73.3273162841797
"Yobe","Geidam",2021,78.2696838378906
"Yobe","Geidam",2022,73.4667587280273
"Yobe","Geidam",2023,74.4972839355469
"Yobe","Geidam",2024,27.1041603088379
"Yobe","Gujba",2012,12.9172191619873
"Yobe","Gujba",2013,0.531292855739594
"Yobe","Gujba",2014,0.506383895874023
"Yobe","Gujba",2015,0
"Yobe","Gujba",2016,0
"Yobe","Gujba",2017,0
"Yobe","Gujba",2018,0
"Yobe","Gujba",2019,0
"Yobe","Gujba",2020,13.7290849685669
"Yobe","Gujba",2021,53.9857406616211
"Yobe","Gujba",2022,62.445743560791
"Yobe","Gujba",2023,61.8308029174805
"Yobe","Gujba",2024,34.4901275634766
"Yobe","Gulani",2012,0
"Yobe","Gulani",2013,0
"Yobe","Gulani",2014,0
"Yobe","Gulani",2015,0
"Yobe","Gulani",2016,0
"Yobe","Gulani",2017,0
"Yobe","Gulani",2018,0
"Yobe","Gulani",2019,0
"Yobe","Gulani",2020,0
"Yobe","Gulani",2021,0.689016819000244
"Yobe","Gulani",2022,2.62606620788574
"Yobe","Gulani",2023,8.92168235778809
"Yobe","Gulani",2024,2.12888050079346
"Yobe","Jakusko",2012,23.8163642883301
"Yobe","Jakusko",2013,0
"Yobe","Jakusko",2014,0
"Yobe","Jakusko",2015,1.40943741798401
"Yobe","Jakusko",2016,27.7348041534424
"Yobe","Jakusko",2017,19.0713691711426
"Yobe","Jakusko",2018,29.8115558624268
"Yobe","Jakusko",2019,49.8071899414062
"Yobe","Jakusko",2020,42.8584861755371
"Yobe","Jakusko",2021,35.0190391540527
"Yobe","Jakusko",2022,46.3781700134277
"Yobe","Jakusko",2023,31.7753791809082
"Yobe","Jakusko",2024,23.2946891784668
"Yobe","Karasuwa",2012,2.66073083877563
"Yobe","Karasuwa",2013,2.32953524589539
"Yobe","Karasuwa",2014,2.24666357040405
"Yobe","Karasuwa",2015,10.5320692062378
"Yobe","Karasuwa",2016,33.5887565612793
"Yobe","Karasuwa",2017,23.9154930114746
"Yobe","Karasuwa",2018,46.4559326171875
"Yobe","Karasuwa",2019,51.2470626831055
"Yobe","Karasuwa",2020,56.8992576599121
"Yobe","Karasuwa",2021,76.7470703125
"Yobe","Karasuwa",2022,128.567764282227
"Yobe","Karasuwa",2023,162.897201538086
"Yobe","Karasuwa",2024,155.581619262695
"Yobe","Machina",2012,0.653943777084351
"Yobe","Machina",2013,0
"Yobe","Machina",2014,0
"Yobe","Machina",2015,0
"Yobe","Machina",2016,3.10718393325806
"Yobe","Machina",2017,6.58729934692383
"Yobe","Machina",2018,32.6071166992188
"Yobe","Machina",2019,29.1619873046875
"Yobe","Machina",2020,30.4419116973877
"Yobe","Machina",2021,33.9737892150879
"Yobe","Machina",2022,49.4950103759766
"Yobe","Machina",2023,42.985034942627
"Yobe","Machina",2024,31.2319583892822
"Yobe","Nangere",2012,324.501708984375
"Yobe","Nangere",2013,242.518142700195
"Yobe","Nangere",2014,120.932388305664
"Yobe","Nangere",2015,176.994964599609
"Yobe","Nangere",2016,250.057464599609
"Yobe","Nangere",2017,244.640853881836
"Yobe","Nangere",2018,353.267822265625
"Yobe","Nangere",2019,440.750885009766
"Yobe","Nangere",2020,466.835662841797
"Yobe","Nangere",2021,469.004608154297
"Yobe","Nangere",2022,486.609588623047
"Yobe","Nangere",2023,429.985290527344
"Yobe","Nangere",2024,259.006958007812
"Yobe","Nguru",2012,4.17719221115112
"Yobe","Nguru",2013,9.66001892089844
"Yobe","Nguru",2014,0.570652544498444
"Yobe","Nguru",2015,0.544014453887939
"Yobe","Nguru",2016,72.4241714477539
"Yobe","Nguru",2017,66.9281539916992
"Yobe","Nguru",2018,200.272994995117
"Yobe","Nguru",2019,215.398132324219
"Yobe","Nguru",2020,245.495346069336
"Yobe","Nguru",2021,323.059936523438
"Yobe","Nguru",2022,406.946990966797
"Yobe","Nguru",2023,374.075653076172
"Yobe","Nguru",2024,253.968002319336
"Yobe","Potiskum",2012,161.116180419922
"Yobe","Potiskum",2013,134.639694213867
"Yobe","Potiskum",2014,77.3827133178711
"Yobe","Potiskum",2015,118.958106994629
"Yobe","Potiskum",2016,182.565765380859
"Yobe","Potiskum",2017,214.897994995117
"Yobe","Potiskum",2018,288.800140380859
"Yobe","Potiskum",2019,365.228546142578
"Yobe","Potiskum",2020,390.651275634766
"Yobe","Potiskum",2021,401.096252441406
"Yobe","Potiskum",2022,449.228912353516
"Yobe","Potiskum",2023,400.767028808594
"Yobe","Potiskum",2024,224.847259521484
"Yobe","Tarmuwa",2012,0
"Yobe","Tarmuwa",2013,0
"Yobe","Tarmuwa",2014,0
"Yobe","Tarmuwa",2015,0
"Yobe","Tarmuwa",2016,0.510729610919952
"Yobe","Tarmuwa",2017,0.630834996700287
"Yobe","Tarmuwa",2018,1.41254508495331
"Yobe","Tarmuwa",2019,6.70924043655396
"Yobe","Tarmuwa",2020,6.2761025428772
"Yobe","Tarmuwa",2021,13.497145652771
"Yobe","Tarmuwa",2022,11.2658643722534
"Yobe","Tarmuwa",2023,7.67318153381348
"Yobe","Tarmuwa",2024,3.34338331222534
"Yobe","Yunusari",2012,4.87429857254028
"Yobe","Yunusari",2013,1.13776588439941
"Yobe","Yunusari",2014,0
"Yobe","Yunusari",2015,0
"Yobe","Yunusari",2016,0
"Yobe","Yunusari",2017,0
"Yobe","Yunusari",2018,1.86805653572083
"Yobe","Yunusari",2019,18.2678737640381
"Yobe","Yunusari",2020,15.0500040054321
"Yobe","Yunusari",2021,12.7831916809082
"Yobe","Yunusari",2022,9.60607242584229
"Yobe","Yunusari",2023,3.8315737247467
"Yobe","Yunusari",2024,0
"Yobe","Yusufari",2012,0
"Yobe","Yusufari",2013,0
"Yobe","Yusufari",2014,0
"Yobe","Yusufari",2015,0.538587629795074
"Yobe","Yusufari",2016,6.81887435913086
"Yobe","Yusufari",2017,5.20457553863525
"Yobe","Yusufari",2018,11.0920133590698
"Yobe","Yusufari",2019,11.5579271316528
"Yobe","Yusufari",2020,9.97616386413574
"Yobe","Yusufari",2021,21.3142318725586
"Yobe","Yusufari",2022,37.8036956787109
"Yobe","Yusufari",2023,38.7708702087402
"Yobe","Yusufari",2024,41.7409439086914
"Zamfara","Anka",2012,3.46695137023926
"Zamfara","Anka",2013,3.05768656730652
"Zamfara","Anka",2014,6.04104042053223
"Zamfara","Anka",2015,11.5655136108398
"Zamfara","Anka",2016,8.43591499328613
"Zamfara","Anka",2017,54.1693649291992
"Zamfara","Anka",2018,50.0388145446777
"Zamfara","Anka",2019,39.0338096618652
"Zamfara","Anka",2020,20.6482067108154
"Zamfara","Anka",2021,26.7381248474121
"Zamfara","Anka",2022,26.3440494537354
"Zamfara","Anka",2023,17.6503448486328
"Zamfara","Anka",2024,7.04513359069824
"Zamfara","Bakura",2012,518.502075195312
"Zamfara","Bakura",2013,561.307556152344
"Zamfara","Bakura",2014,582.316284179688
"Zamfara","Bakura",2015,502.988952636719
"Zamfara","Bakura",2016,370.117095947266
"Zamfara","Bakura",2017,423.848022460938
"Zamfara","Bakura",2018,571.390869140625
"Zamfara","Bakura",2019,460.673980712891
"Zamfara","Bakura",2020,261.255340576172
"Zamfara","Bakura",2021,232.214721679688
"Zamfara","Bakura",2022,205.818511962891
"Zamfara","Bakura",2023,170.394989013672
"Zamfara","Bakura",2024,131.923812866211
"Zamfara","Birnin-Magaji/Kiyaw",2012,0
"Zamfara","Birnin-Magaji/Kiyaw",2013,0
"Zamfara","Birnin-Magaji/Kiyaw",2014,0
"Zamfara","Birnin-Magaji/Kiyaw",2015,0
"Zamfara","Birnin-Magaji/Kiyaw",2016,0
"Zamfara","Birnin-Magaji/Kiyaw",2017,0
"Zamfara","Birnin-Magaji/Kiyaw",2018,0
"Zamfara","Birnin-Magaji/Kiyaw",2019,0
"Zamfara","Birnin-Magaji/Kiyaw",2020,0
"Zamfara","Birnin-Magaji/Kiyaw",2021,0
"Zamfara","Birnin-Magaji/Kiyaw",2022,0
"Zamfara","Birnin-Magaji/Kiyaw",2023,0
"Zamfara","Birnin-Magaji/Kiyaw",2024,0
"Zamfara","Bukkuyum",2012,0
"Zamfara","Bukkuyum",2013,0
"Zamfara","Bukkuyum",2014,0
"Zamfara","Bukkuyum",2015,0
"Zamfara","Bukkuyum",2016,0
"Zamfara","Bukkuyum",2017,26.35498046875
"Zamfara","Bukkuyum",2018,28.0477466583252
"Zamfara","Bukkuyum",2019,15.8613271713257
"Zamfara","Bukkuyum",2020,5.00004720687866
"Zamfara","Bukkuyum",2021,2.85578298568726
"Zamfara","Bukkuyum",2022,2.40421295166016
"Zamfara","Bukkuyum",2023,2.02459383010864
"Zamfara","Bukkuyum",2024,0
"Zamfara","Bungudu",2012,51.9150466918945
"Zamfara","Bungudu",2013,23.9913444519043
"Zamfara","Bungudu",2014,54.8212242126465
"Zamfara","Bungudu",2015,42.7840309143066
"Zamfara","Bungudu",2016,44.9538154602051
"Zamfara","Bungudu",2017,46.0436515808105
"Zamfara","Bungudu",2018,77.2074584960938
"Zamfara","Bungudu",2019,59.2735023498535
"Zamfara","Bungudu",2020,62.4690704345703
"Zamfara","Bungudu",2021,59.689998626709
"Zamfara","Bungudu",2022,101.533599853516
"Zamfara","Bungudu",2023,75.4797897338867
"Zamfara","Bungudu",2024,58.9558067321777
"Zamfara","Gummi",2012,0
"Zamfara","Gummi",2013,0
"Zamfara","Gummi",2014,2.22811889648438
"Zamfara","Gummi",2015,2.44036531448364
"Zamfara","Gummi",2016,0
"Zamfara","Gummi",2017,132.802749633789
"Zamfara","Gummi",2018,157.792572021484
"Zamfara","Gummi",2019,90.2557754516602
"Zamfara","Gummi",2020,20.9038734436035
"Zamfara","Gummi",2021,52.2534790039062
"Zamfara","Gummi",2022,53.6072540283203
"Zamfara","Gummi",2023,30.9830799102783
"Zamfara","Gummi",2024,3.46953821182251
"Zamfara","Gusau",2012,864.661865234375
"Zamfara","Gusau",2013,1018.63916015625
"Zamfara","Gusau",2014,1749.25573730469
"Zamfara","Gusau",2015,2053.44262695312
"Zamfara","Gusau",2016,1878.83154296875
"Zamfara","Gusau",2017,1698.50146484375
"Zamfara","Gusau",2018,1653.33923339844
"Zamfara","Gusau",2019,1702.82800292969
"Zamfara","Gusau",2020,1667.35180664062
"Zamfara","Gusau",2021,1505.93347167969
"Zamfara","Gusau",2022,1601.71850585938
"Zamfara","Gusau",2023,1497.39404296875
"Zamfara","Gusau",2024,1306.15502929688
"Zamfara","Kaura Namoda",2012,69.7828826904297
"Zamfara","Kaura Namoda",2013,1.5400218963623
"Zamfara","Kaura Namoda",2014,21.5978698730469
"Zamfara","Kaura Namoda",2015,20.2239818572998
"Zamfara","Kaura Namoda",2016,49.4358863830566
"Zamfara","Kaura Namoda",2017,55.7689514160156
"Zamfara","Kaura Namoda",2018,63.4986801147461
"Zamfara","Kaura Namoda",2019,0
"Zamfara","Kaura Namoda",2020,0
"Zamfara","Kaura Namoda",2021,17.3268928527832
"Zamfara","Kaura Namoda",2022,28.9879531860352
"Zamfara","Kaura Namoda",2023,36.315185546875
"Zamfara","Kaura Namoda",2024,15.8260154724121
"Zamfara","Maradun",2012,4.09887266159058
"Zamfara","Maradun",2013,5.70977163314819
"Zamfara","Maradun",2014,3.4027373790741
"Zamfara","Maradun",2015,3.68560695648193
"Zamfara","Maradun",2016,3.16384768486023
"Zamfara","Maradun",2017,3.15220665931702
"Zamfara","Maradun",2018,11.6799421310425
"Zamfara","Maradun",2019,37.960018157959
"Zamfara","Maradun",2020,1.75166749954224
"Zamfara","Maradun",2021,1.66455686092377
"Zamfara","Maradun",2022,3.98100662231445
"Zamfara","Maradun",2023,0.554463624954224
"Zamfara","Maradun",2024,0.64431232213974
"Zamfara","Maru",2012,14.975118637085
"Zamfara","Maru",2013,0.567812860012054
"Zamfara","Maru",2014,10.6284580230713
"Zamfara","Maru",2015,0
"Zamfara","Maru",2016,1.0791974067688
"Zamfara","Maru",2017,7.68453121185303
"Zamfara","Maru",2018,21.9758987426758
"Zamfara","Maru",2019,6.42179775238037
"Zamfara","Maru",2020,13.4866743087769
"Zamfara","Maru",2021,22.1784763336182
"Zamfara","Maru",2022,17.1485939025879
"Zamfara","Maru",2023,8.77176284790039
"Zamfara","Maru",2024,0
"Zamfara","Shinkafi",2012,2.00112366676331
"Zamfara","Shinkafi",2013,0.277028262615204
"Zamfara","Shinkafi",2014,0
"Zamfara","Shinkafi",2015,0
"Zamfara","Shinkafi",2016,0
"Zamfara","Shinkafi",2017,1.69862830638885
"Zamfara","Shinkafi",2018,2.96052551269531
"Zamfara","Shinkafi",2019,0
"Zamfara","Shinkafi",2020,0
"Zamfara","Shinkafi",2021,9.78139305114746
"Zamfara","Shinkafi",2022,28.355583190918
"Zamfara","Shinkafi",2023,29.1828556060791
"Zamfara","Shinkafi",2024,26.2923049926758
"Zamfara","Talata-Mafara",2012,73.4455108642578
"Zamfara","Talata-Mafara",2013,93.0245819091797
"Zamfara","Talata-Mafara",2014,87.5161056518555
"Zamfara","Talata-Mafara",2015,62.4612007141113
"Zamfara","Talata-Mafara",2016,40.3401527404785
"Zamfara","Talata-Mafara",2017,54.5872230529785
"Zamfara","Talata-Mafara",2018,111.218849182129
"Zamfara","Talata-Mafara",2019,77.1290512084961
"Zamfara","Talata-Mafara",2020,42.4634017944336
"Zamfara","Talata-Mafara",2021,51.2683868408203
"Zamfara","Talata-Mafara",2022,58.6823310852051
"Zamfara","Talata-Mafara",2023,24.5289058685303
"Zamfara","Talata-Mafara",2024,6.28227233886719
"Zamfara","Tsafe",2012,41.6551933288574
"Zamfara","Tsafe",2013,14.0832042694092
"Zamfara","Tsafe",2014,43.7097587585449
"Zamfara","Tsafe",2015,1.54548346996307
"Zamfara","Tsafe",2016,10.7104616165161
"Zamfara","Tsafe",2017,61.5058250427246
"Zamfara","Tsafe",2018,11.1661806106567
"Zamfara","Tsafe",2019,37.8703727722168
"Zamfara","Tsafe",2020,32.8223114013672
"Zamfara","Tsafe",2021,18.7422676086426
"Zamfara","Tsafe",2022,30.6196346282959
"Zamfara","Tsafe",2023,21.5477771759033
"Zamfara","Tsafe",2024,8.51418590545654
"Zamfara","Zurmi",2012,17.4997520446777
"Zamfara","Zurmi",2013,13.1025705337524
"Zamfara","Zurmi",2014,11.0616722106934
"Zamfara","Zurmi",2015,0
"Zamfara","Zurmi",2016,5.72580528259277
"Zamfara","Zurmi",2017,4.85873126983643
"Zamfara","Zurmi",2018,10.8784074783325
"Zamfara","Zurmi",2019,2.99804449081421
"Zamfara","Zurmi",2020,0
"Zamfara","Zurmi",2021,1.88578855991364
"Zamfara","Zurmi",2022,4.31478261947632
"Zamfara","Zurmi",2023,8.26741313934326
"Zamfara","Zurmi",2024,8.05763149261475
