"NAME_1","NAME_2","NAME_3","date","ntl_mean"
"Boucle du Mouhoun","Balé","Bagassi",2012,3.652099609375
"Boucle du Mouhoun","Balé","Bagassi",2013,0.816917181015015
"Boucle du Mouhoun","Balé","Bagassi",2014,4.53573894500732
"Boucle du Mouhoun","Balé","Bagassi",2015,12.2582683563232
"Boucle du Mouhoun","Balé","Bagassi",2016,109.054801940918
"Boucle du Mouhoun","Balé","Bagassi",2017,181.933547973633
"Boucle du Mouhoun","Balé","Bagassi",2018,161.301376342773
"Boucle du Mouhoun","Balé","Bagassi",2019,135.569244384766
"Boucle du Mouhoun","Balé","Bagassi",2020,127.496315002441
"Boucle du Mouhoun","Balé","Bagassi",2021,125.192825317383
"Boucle du Mouhoun","Balé","Bagassi",2022,153.654312133789
"Boucle du Mouhoun","Balé","Bagassi",2023,150.955215454102
"Boucle du Mouhoun","Balé","Bagassi",2024,149.988052368164
"Boucle du Mouhoun","Balé","Bana",2012,81.4185333251953
"Boucle du Mouhoun","Balé","Bana",2013,107.843307495117
"Boucle du Mouhoun","Balé","Bana",2014,113.400863647461
"Boucle du Mouhoun","Balé","Bana",2015,111.394104003906
"Boucle du Mouhoun","Balé","Bana",2016,123.393615722656
"Boucle du Mouhoun","Balé","Bana",2017,113.857269287109
"Boucle du Mouhoun","Balé","Bana",2018,104.607849121094
"Boucle du Mouhoun","Balé","Bana",2019,120.396423339844
"Boucle du Mouhoun","Balé","Bana",2020,142.9384765625
"Boucle du Mouhoun","Balé","Bana",2021,207.219680786133
"Boucle du Mouhoun","Balé","Bana",2022,222.937103271484
"Boucle du Mouhoun","Balé","Bana",2023,242.213043212891
"Boucle du Mouhoun","Balé","Bana",2024,234.475189208984
"Boucle du Mouhoun","Balé","Boromo",2012,48.9960899353027
"Boucle du Mouhoun","Balé","Boromo",2013,52.7663040161133
"Boucle du Mouhoun","Balé","Boromo",2014,62.7727470397949
"Boucle du Mouhoun","Balé","Boromo",2015,50.8192558288574
"Boucle du Mouhoun","Balé","Boromo",2016,106.565704345703
"Boucle du Mouhoun","Balé","Boromo",2017,112.823738098145
"Boucle du Mouhoun","Balé","Boromo",2018,117.992286682129
"Boucle du Mouhoun","Balé","Boromo",2019,116.05046081543
"Boucle du Mouhoun","Balé","Boromo",2020,140.309753417969
"Boucle du Mouhoun","Balé","Boromo",2021,149.929565429688
"Boucle du Mouhoun","Balé","Boromo",2022,170.939178466797
"Boucle du Mouhoun","Balé","Boromo",2023,224.076446533203
"Boucle du Mouhoun","Balé","Boromo",2024,305.615386962891
"Boucle du Mouhoun","Balé","Fara",2012,4.86719226837158
"Boucle du Mouhoun","Balé","Fara",2013,4.05512714385986
"Boucle du Mouhoun","Balé","Fara",2014,3.93083262443542
"Boucle du Mouhoun","Balé","Fara",2015,6.95780038833618
"Boucle du Mouhoun","Balé","Fara",2016,6.02154636383057
"Boucle du Mouhoun","Balé","Fara",2017,6.82404184341431
"Boucle du Mouhoun","Balé","Fara",2018,7.0810112953186
"Boucle du Mouhoun","Balé","Fara",2019,10.4202375411987
"Boucle du Mouhoun","Balé","Fara",2020,12.7595281600952
"Boucle du Mouhoun","Balé","Fara",2021,21.4339790344238
"Boucle du Mouhoun","Balé","Fara",2022,39.1651344299316
"Boucle du Mouhoun","Balé","Fara",2023,48.7750625610352
"Boucle du Mouhoun","Balé","Fara",2024,81.4351196289062
"Boucle du Mouhoun","Balé","Oury",2012,0
"Boucle du Mouhoun","Balé","Oury",2013,0
"Boucle du Mouhoun","Balé","Oury",2014,0
"Boucle du Mouhoun","Balé","Oury",2015,0
"Boucle du Mouhoun","Balé","Oury",2016,0
"Boucle du Mouhoun","Balé","Oury",2017,1.79520153999329
"Boucle du Mouhoun","Balé","Oury",2018,5.13216066360474
"Boucle du Mouhoun","Balé","Oury",2019,3.78995108604431
"Boucle du Mouhoun","Balé","Oury",2020,1.75669407844543
"Boucle du Mouhoun","Balé","Oury",2021,5.64194822311401
"Boucle du Mouhoun","Balé","Oury",2022,7.07743978500366
"Boucle du Mouhoun","Balé","Oury",2023,11.8634996414185
"Boucle du Mouhoun","Balé","Oury",2024,5.15179967880249
"Boucle du Mouhoun","Balé","Pa",2012,36.9701881408691
"Boucle du Mouhoun","Balé","Pa",2013,34.4484100341797
"Boucle du Mouhoun","Balé","Pa",2014,30.3651657104492
"Boucle du Mouhoun","Balé","Pa",2015,32.5673789978027
"Boucle du Mouhoun","Balé","Pa",2016,30.9858169555664
"Boucle du Mouhoun","Balé","Pa",2017,26.4511013031006
"Boucle du Mouhoun","Balé","Pa",2018,24.4015235900879
"Boucle du Mouhoun","Balé","Pa",2019,19.1370887756348
"Boucle du Mouhoun","Balé","Pa",2020,24.0396270751953
"Boucle du Mouhoun","Balé","Pa",2021,23.0386352539062
"Boucle du Mouhoun","Balé","Pa",2022,30.1877098083496
"Boucle du Mouhoun","Balé","Pa",2023,31.0875015258789
"Boucle du Mouhoun","Balé","Pa",2024,38.152473449707
"Boucle du Mouhoun","Balé","Pompoï",2012,0
"Boucle du Mouhoun","Balé","Pompoï",2013,0
"Boucle du Mouhoun","Balé","Pompoï",2014,1.73194324970245
"Boucle du Mouhoun","Balé","Pompoï",2015,6.84268140792847
"Boucle du Mouhoun","Balé","Pompoï",2016,15.2229719161987
"Boucle du Mouhoun","Balé","Pompoï",2017,8.49022483825684
"Boucle du Mouhoun","Balé","Pompoï",2018,1.57123243808746
"Boucle du Mouhoun","Balé","Pompoï",2019,5.02074670791626
"Boucle du Mouhoun","Balé","Pompoï",2020,15.5203266143799
"Boucle du Mouhoun","Balé","Pompoï",2021,14.09388256073
"Boucle du Mouhoun","Balé","Pompoï",2022,14.3363790512085
"Boucle du Mouhoun","Balé","Pompoï",2023,21.2802200317383
"Boucle du Mouhoun","Balé","Pompoï",2024,22.8628311157227
"Boucle du Mouhoun","Balé","Poura",2012,14.0320596694946
"Boucle du Mouhoun","Balé","Poura",2013,13.2437925338745
"Boucle du Mouhoun","Balé","Poura",2014,13.5795650482178
"Boucle du Mouhoun","Balé","Poura",2015,15.5045003890991
"Boucle du Mouhoun","Balé","Poura",2016,16.5154590606689
"Boucle du Mouhoun","Balé","Poura",2017,18.1855373382568
"Boucle du Mouhoun","Balé","Poura",2018,16.6562919616699
"Boucle du Mouhoun","Balé","Poura",2019,20.4837512969971
"Boucle du Mouhoun","Balé","Poura",2020,26.3170070648193
"Boucle du Mouhoun","Balé","Poura",2021,34.6983489990234
"Boucle du Mouhoun","Balé","Poura",2022,49.460132598877
"Boucle du Mouhoun","Balé","Poura",2023,58.0512199401855
"Boucle du Mouhoun","Balé","Poura",2024,83.171028137207
"Boucle du Mouhoun","Balé","Siby",2012,0
"Boucle du Mouhoun","Balé","Siby",2013,0
"Boucle du Mouhoun","Balé","Siby",2014,0
"Boucle du Mouhoun","Balé","Siby",2015,0
"Boucle du Mouhoun","Balé","Siby",2016,0
"Boucle du Mouhoun","Balé","Siby",2017,2.023268699646
"Boucle du Mouhoun","Balé","Siby",2018,4.73485279083252
"Boucle du Mouhoun","Balé","Siby",2019,3.80839490890503
"Boucle du Mouhoun","Balé","Siby",2020,6.8885645866394
"Boucle du Mouhoun","Balé","Siby",2021,8.98583793640137
"Boucle du Mouhoun","Balé","Siby",2022,16.7093772888184
"Boucle du Mouhoun","Balé","Siby",2023,35.3253860473633
"Boucle du Mouhoun","Balé","Siby",2024,62.4999885559082
"Boucle du Mouhoun","Balé","Yaho",2012,0.0175151862204075
"Boucle du Mouhoun","Balé","Yaho",2013,0
"Boucle du Mouhoun","Balé","Yaho",2014,6.0803165435791
"Boucle du Mouhoun","Balé","Yaho",2015,27.1985187530518
"Boucle du Mouhoun","Balé","Yaho",2016,15.7359895706177
"Boucle du Mouhoun","Balé","Yaho",2017,2.41316318511963
"Boucle du Mouhoun","Balé","Yaho",2018,0
"Boucle du Mouhoun","Balé","Yaho",2019,0
"Boucle du Mouhoun","Balé","Yaho",2020,0
"Boucle du Mouhoun","Balé","Yaho",2021,0
"Boucle du Mouhoun","Balé","Yaho",2022,4.80534076690674
"Boucle du Mouhoun","Balé","Yaho",2023,43.2726821899414
"Boucle du Mouhoun","Balé","Yaho",2024,12.2452278137207
"Boucle du Mouhoun","Banwa","Balavé",2012,0
"Boucle du Mouhoun","Banwa","Balavé",2013,0
"Boucle du Mouhoun","Banwa","Balavé",2014,0
"Boucle du Mouhoun","Banwa","Balavé",2015,0
"Boucle du Mouhoun","Banwa","Balavé",2016,0
"Boucle du Mouhoun","Banwa","Balavé",2017,0
"Boucle du Mouhoun","Banwa","Balavé",2018,0
"Boucle du Mouhoun","Banwa","Balavé",2019,0
"Boucle du Mouhoun","Banwa","Balavé",2020,0
"Boucle du Mouhoun","Banwa","Balavé",2021,0
"Boucle du Mouhoun","Banwa","Balavé",2022,0
"Boucle du Mouhoun","Banwa","Balavé",2023,0
"Boucle du Mouhoun","Banwa","Balavé",2024,0
"Boucle du Mouhoun","Banwa","Kouka",2012,0
"Boucle du Mouhoun","Banwa","Kouka",2013,0
"Boucle du Mouhoun","Banwa","Kouka",2014,0
"Boucle du Mouhoun","Banwa","Kouka",2015,0
"Boucle du Mouhoun","Banwa","Kouka",2016,0
"Boucle du Mouhoun","Banwa","Kouka",2017,1.25327920913696
"Boucle du Mouhoun","Banwa","Kouka",2018,0.560490131378174
"Boucle du Mouhoun","Banwa","Kouka",2019,0
"Boucle du Mouhoun","Banwa","Kouka",2020,0
"Boucle du Mouhoun","Banwa","Kouka",2021,0
"Boucle du Mouhoun","Banwa","Kouka",2022,1.15954542160034
"Boucle du Mouhoun","Banwa","Kouka",2023,1.11561012268066
"Boucle du Mouhoun","Banwa","Kouka",2024,0.555333614349365
"Boucle du Mouhoun","Banwa","Sami",2012,0
"Boucle du Mouhoun","Banwa","Sami",2013,0
"Boucle du Mouhoun","Banwa","Sami",2014,0
"Boucle du Mouhoun","Banwa","Sami",2015,0
"Boucle du Mouhoun","Banwa","Sami",2016,0
"Boucle du Mouhoun","Banwa","Sami",2017,0
"Boucle du Mouhoun","Banwa","Sami",2018,0
"Boucle du Mouhoun","Banwa","Sami",2019,0
"Boucle du Mouhoun","Banwa","Sami",2020,0
"Boucle du Mouhoun","Banwa","Sami",2021,0
"Boucle du Mouhoun","Banwa","Sami",2022,0
"Boucle du Mouhoun","Banwa","Sami",2023,0
"Boucle du Mouhoun","Banwa","Sami",2024,0
"Boucle du Mouhoun","Banwa","Sanaba",2012,0
"Boucle du Mouhoun","Banwa","Sanaba",2013,0
"Boucle du Mouhoun","Banwa","Sanaba",2014,0
"Boucle du Mouhoun","Banwa","Sanaba",2015,0
"Boucle du Mouhoun","Banwa","Sanaba",2016,0
"Boucle du Mouhoun","Banwa","Sanaba",2017,0.777344942092896
"Boucle du Mouhoun","Banwa","Sanaba",2018,0.634585618972778
"Boucle du Mouhoun","Banwa","Sanaba",2019,0
"Boucle du Mouhoun","Banwa","Sanaba",2020,0
"Boucle du Mouhoun","Banwa","Sanaba",2021,0
"Boucle du Mouhoun","Banwa","Sanaba",2022,0
"Boucle du Mouhoun","Banwa","Sanaba",2023,0
"Boucle du Mouhoun","Banwa","Sanaba",2024,0
"Boucle du Mouhoun","Banwa","Solenzo",2012,36.6817626953125
"Boucle du Mouhoun","Banwa","Solenzo",2013,27.5476264953613
"Boucle du Mouhoun","Banwa","Solenzo",2014,23.6181755065918
"Boucle du Mouhoun","Banwa","Solenzo",2015,24.7416114807129
"Boucle du Mouhoun","Banwa","Solenzo",2016,21.9416675567627
"Boucle du Mouhoun","Banwa","Solenzo",2017,18.9024353027344
"Boucle du Mouhoun","Banwa","Solenzo",2018,14.9690837860107
"Boucle du Mouhoun","Banwa","Solenzo",2019,15.9388017654419
"Boucle du Mouhoun","Banwa","Solenzo",2020,11.3912172317505
"Boucle du Mouhoun","Banwa","Solenzo",2021,11.8775825500488
"Boucle du Mouhoun","Banwa","Solenzo",2022,15.6240711212158
"Boucle du Mouhoun","Banwa","Solenzo",2023,9.83418273925781
"Boucle du Mouhoun","Banwa","Solenzo",2024,21.5033283233643
"Boucle du Mouhoun","Banwa","Tansila",2012,0
"Boucle du Mouhoun","Banwa","Tansila",2013,0
"Boucle du Mouhoun","Banwa","Tansila",2014,0
"Boucle du Mouhoun","Banwa","Tansila",2015,0
"Boucle du Mouhoun","Banwa","Tansila",2016,0
"Boucle du Mouhoun","Banwa","Tansila",2017,0
"Boucle du Mouhoun","Banwa","Tansila",2018,0
"Boucle du Mouhoun","Banwa","Tansila",2019,0
"Boucle du Mouhoun","Banwa","Tansila",2020,0
"Boucle du Mouhoun","Banwa","Tansila",2021,0
"Boucle du Mouhoun","Banwa","Tansila",2022,0
"Boucle du Mouhoun","Banwa","Tansila",2023,0
"Boucle du Mouhoun","Banwa","Tansila",2024,0
"Boucle du Mouhoun","Kossi","Barani",2012,0
"Boucle du Mouhoun","Kossi","Barani",2013,0
"Boucle du Mouhoun","Kossi","Barani",2014,0
"Boucle du Mouhoun","Kossi","Barani",2015,0
"Boucle du Mouhoun","Kossi","Barani",2016,0
"Boucle du Mouhoun","Kossi","Barani",2017,0
"Boucle du Mouhoun","Kossi","Barani",2018,0
"Boucle du Mouhoun","Kossi","Barani",2019,0
"Boucle du Mouhoun","Kossi","Barani",2020,0
"Boucle du Mouhoun","Kossi","Barani",2021,0
"Boucle du Mouhoun","Kossi","Barani",2022,0
"Boucle du Mouhoun","Kossi","Barani",2023,4.90915393829346
"Boucle du Mouhoun","Kossi","Barani",2024,6.21645545959473
"Boucle du Mouhoun","Kossi","Bomborokuy",2012,0
"Boucle du Mouhoun","Kossi","Bomborokuy",2013,0
"Boucle du Mouhoun","Kossi","Bomborokuy",2014,0
"Boucle du Mouhoun","Kossi","Bomborokuy",2015,0.554673314094543
"Boucle du Mouhoun","Kossi","Bomborokuy",2016,2.56836843490601
"Boucle du Mouhoun","Kossi","Bomborokuy",2017,1.18418967723846
"Boucle du Mouhoun","Kossi","Bomborokuy",2018,0
"Boucle du Mouhoun","Kossi","Bomborokuy",2019,0
"Boucle du Mouhoun","Kossi","Bomborokuy",2020,0
"Boucle du Mouhoun","Kossi","Bomborokuy",2021,0
"Boucle du Mouhoun","Kossi","Bomborokuy",2022,0
"Boucle du Mouhoun","Kossi","Bomborokuy",2023,0
"Boucle du Mouhoun","Kossi","Bomborokuy",2024,0
"Boucle du Mouhoun","Kossi","Bourasso",2012,0.774101436138153
"Boucle du Mouhoun","Kossi","Bourasso",2013,2.32764267921448
"Boucle du Mouhoun","Kossi","Bourasso",2014,2.37326455116272
"Boucle du Mouhoun","Kossi","Bourasso",2015,1.27076172828674
"Boucle du Mouhoun","Kossi","Bourasso",2016,0.686553955078125
"Boucle du Mouhoun","Kossi","Bourasso",2017,0
"Boucle du Mouhoun","Kossi","Bourasso",2018,0
"Boucle du Mouhoun","Kossi","Bourasso",2019,1.47933197021484
"Boucle du Mouhoun","Kossi","Bourasso",2020,0.634862422943115
"Boucle du Mouhoun","Kossi","Bourasso",2021,0
"Boucle du Mouhoun","Kossi","Bourasso",2022,0
"Boucle du Mouhoun","Kossi","Bourasso",2023,0
"Boucle du Mouhoun","Kossi","Bourasso",2024,0
"Boucle du Mouhoun","Kossi","Djibasso",2012,0
"Boucle du Mouhoun","Kossi","Djibasso",2013,0
"Boucle du Mouhoun","Kossi","Djibasso",2014,0
"Boucle du Mouhoun","Kossi","Djibasso",2015,0
"Boucle du Mouhoun","Kossi","Djibasso",2016,6.11793041229248
"Boucle du Mouhoun","Kossi","Djibasso",2017,7.39212369918823
"Boucle du Mouhoun","Kossi","Djibasso",2018,4.87208032608032
"Boucle du Mouhoun","Kossi","Djibasso",2019,3.90081524848938
"Boucle du Mouhoun","Kossi","Djibasso",2020,3.01651310920715
"Boucle du Mouhoun","Kossi","Djibasso",2021,2.95440626144409
"Boucle du Mouhoun","Kossi","Djibasso",2022,1.03076648712158
"Boucle du Mouhoun","Kossi","Djibasso",2023,3.50629591941833
"Boucle du Mouhoun","Kossi","Djibasso",2024,0
"Boucle du Mouhoun","Kossi","Dokuy",2012,0
"Boucle du Mouhoun","Kossi","Dokuy",2013,0
"Boucle du Mouhoun","Kossi","Dokuy",2014,0
"Boucle du Mouhoun","Kossi","Dokuy",2015,0
"Boucle du Mouhoun","Kossi","Dokuy",2016,0
"Boucle du Mouhoun","Kossi","Dokuy",2017,0
"Boucle du Mouhoun","Kossi","Dokuy",2018,0
"Boucle du Mouhoun","Kossi","Dokuy",2019,0
"Boucle du Mouhoun","Kossi","Dokuy",2020,0
"Boucle du Mouhoun","Kossi","Dokuy",2021,0
"Boucle du Mouhoun","Kossi","Dokuy",2022,0
"Boucle du Mouhoun","Kossi","Dokuy",2023,0
"Boucle du Mouhoun","Kossi","Dokuy",2024,0
"Boucle du Mouhoun","Kossi","Doumbala",2012,0
"Boucle du Mouhoun","Kossi","Doumbala",2013,0
"Boucle du Mouhoun","Kossi","Doumbala",2014,2.00761127471924
"Boucle du Mouhoun","Kossi","Doumbala",2015,2.55754065513611
"Boucle du Mouhoun","Kossi","Doumbala",2016,1.98458385467529
"Boucle du Mouhoun","Kossi","Doumbala",2017,0.605774521827698
"Boucle du Mouhoun","Kossi","Doumbala",2018,1.16367602348328
"Boucle du Mouhoun","Kossi","Doumbala",2019,0
"Boucle du Mouhoun","Kossi","Doumbala",2020,0
"Boucle du Mouhoun","Kossi","Doumbala",2021,0
"Boucle du Mouhoun","Kossi","Doumbala",2022,0
"Boucle du Mouhoun","Kossi","Doumbala",2023,0
"Boucle du Mouhoun","Kossi","Doumbala",2024,0
"Boucle du Mouhoun","Kossi","Kombori",2012,0
"Boucle du Mouhoun","Kossi","Kombori",2013,0
"Boucle du Mouhoun","Kossi","Kombori",2014,0
"Boucle du Mouhoun","Kossi","Kombori",2015,0
"Boucle du Mouhoun","Kossi","Kombori",2016,0
"Boucle du Mouhoun","Kossi","Kombori",2017,0
"Boucle du Mouhoun","Kossi","Kombori",2018,0
"Boucle du Mouhoun","Kossi","Kombori",2019,0
"Boucle du Mouhoun","Kossi","Kombori",2020,0
"Boucle du Mouhoun","Kossi","Kombori",2021,0
"Boucle du Mouhoun","Kossi","Kombori",2022,0
"Boucle du Mouhoun","Kossi","Kombori",2023,0
"Boucle du Mouhoun","Kossi","Kombori",2024,0
"Boucle du Mouhoun","Kossi","Madouba",2012,0
"Boucle du Mouhoun","Kossi","Madouba",2013,0
"Boucle du Mouhoun","Kossi","Madouba",2014,0
"Boucle du Mouhoun","Kossi","Madouba",2015,0
"Boucle du Mouhoun","Kossi","Madouba",2016,0.51021820306778
"Boucle du Mouhoun","Kossi","Madouba",2017,0
"Boucle du Mouhoun","Kossi","Madouba",2018,0
"Boucle du Mouhoun","Kossi","Madouba",2019,0
"Boucle du Mouhoun","Kossi","Madouba",2020,0
"Boucle du Mouhoun","Kossi","Madouba",2021,0
"Boucle du Mouhoun","Kossi","Madouba",2022,0
"Boucle du Mouhoun","Kossi","Madouba",2023,0
"Boucle du Mouhoun","Kossi","Madouba",2024,0
"Boucle du Mouhoun","Kossi","Nouna",2012,55.487979888916
"Boucle du Mouhoun","Kossi","Nouna",2013,66.1936416625977
"Boucle du Mouhoun","Kossi","Nouna",2014,61.3924560546875
"Boucle du Mouhoun","Kossi","Nouna",2015,59.3137626647949
"Boucle du Mouhoun","Kossi","Nouna",2016,61.2600364685059
"Boucle du Mouhoun","Kossi","Nouna",2017,58.8078384399414
"Boucle du Mouhoun","Kossi","Nouna",2018,52.938591003418
"Boucle du Mouhoun","Kossi","Nouna",2019,37.960521697998
"Boucle du Mouhoun","Kossi","Nouna",2020,40.203311920166
"Boucle du Mouhoun","Kossi","Nouna",2021,47.755744934082
"Boucle du Mouhoun","Kossi","Nouna",2022,53.833869934082
"Boucle du Mouhoun","Kossi","Nouna",2023,30.538501739502
"Boucle du Mouhoun","Kossi","Nouna",2024,2.17482876777649
"Boucle du Mouhoun","Kossi","Sono",2012,0
"Boucle du Mouhoun","Kossi","Sono",2013,0
"Boucle du Mouhoun","Kossi","Sono",2014,0
"Boucle du Mouhoun","Kossi","Sono",2015,0
"Boucle du Mouhoun","Kossi","Sono",2016,0
"Boucle du Mouhoun","Kossi","Sono",2017,0
"Boucle du Mouhoun","Kossi","Sono",2018,0
"Boucle du Mouhoun","Kossi","Sono",2019,0
"Boucle du Mouhoun","Kossi","Sono",2020,0
"Boucle du Mouhoun","Kossi","Sono",2021,0
"Boucle du Mouhoun","Kossi","Sono",2022,0
"Boucle du Mouhoun","Kossi","Sono",2023,0
"Boucle du Mouhoun","Kossi","Sono",2024,0
"Boucle du Mouhoun","Mouhoun","Bondokuy",2012,9.8063440322876
"Boucle du Mouhoun","Mouhoun","Bondokuy",2013,13.1251010894775
"Boucle du Mouhoun","Mouhoun","Bondokuy",2014,8.97123146057129
"Boucle du Mouhoun","Mouhoun","Bondokuy",2015,6.85428905487061
"Boucle du Mouhoun","Mouhoun","Bondokuy",2016,8.63009071350098
"Boucle du Mouhoun","Mouhoun","Bondokuy",2017,8.30038261413574
"Boucle du Mouhoun","Mouhoun","Bondokuy",2018,4.03167295455933
"Boucle du Mouhoun","Mouhoun","Bondokuy",2019,3.76534843444824
"Boucle du Mouhoun","Mouhoun","Bondokuy",2020,3.77712059020996
"Boucle du Mouhoun","Mouhoun","Bondokuy",2021,4.1948561668396
"Boucle du Mouhoun","Mouhoun","Bondokuy",2022,10.2206716537476
"Boucle du Mouhoun","Mouhoun","Bondokuy",2023,10.0851726531982
"Boucle du Mouhoun","Mouhoun","Bondokuy",2024,6.46169185638428
"Boucle du Mouhoun","Mouhoun","Dedougou",2012,169.028717041016
"Boucle du Mouhoun","Mouhoun","Dedougou",2013,178.680999755859
"Boucle du Mouhoun","Mouhoun","Dedougou",2014,219.125076293945
"Boucle du Mouhoun","Mouhoun","Dedougou",2015,528.256591796875
"Boucle du Mouhoun","Mouhoun","Dedougou",2016,404.556274414062
"Boucle du Mouhoun","Mouhoun","Dedougou",2017,357.203918457031
"Boucle du Mouhoun","Mouhoun","Dedougou",2018,314.719451904297
"Boucle du Mouhoun","Mouhoun","Dedougou",2019,332.4716796875
"Boucle du Mouhoun","Mouhoun","Dedougou",2020,348.408905029297
"Boucle du Mouhoun","Mouhoun","Dedougou",2021,391.161407470703
"Boucle du Mouhoun","Mouhoun","Dedougou",2022,469.346343994141
"Boucle du Mouhoun","Mouhoun","Dedougou",2023,503.825164794922
"Boucle du Mouhoun","Mouhoun","Dedougou",2024,680.595703125
"Boucle du Mouhoun","Mouhoun","Douroula",2012,2.86581182479858
"Boucle du Mouhoun","Mouhoun","Douroula",2013,2.68561601638794
"Boucle du Mouhoun","Mouhoun","Douroula",2014,2.04070782661438
"Boucle du Mouhoun","Mouhoun","Douroula",2015,3.41442465782166
"Boucle du Mouhoun","Mouhoun","Douroula",2016,4.0545597076416
"Boucle du Mouhoun","Mouhoun","Douroula",2017,1.90441608428955
"Boucle du Mouhoun","Mouhoun","Douroula",2018,1.75131213665009
"Boucle du Mouhoun","Mouhoun","Douroula",2019,3.50263929367065
"Boucle du Mouhoun","Mouhoun","Douroula",2020,9.14561557769775
"Boucle du Mouhoun","Mouhoun","Douroula",2021,3.14572024345398
"Boucle du Mouhoun","Mouhoun","Douroula",2022,0
"Boucle du Mouhoun","Mouhoun","Douroula",2023,0
"Boucle du Mouhoun","Mouhoun","Douroula",2024,0
"Boucle du Mouhoun","Mouhoun","Kona",2012,63.2724151611328
"Boucle du Mouhoun","Mouhoun","Kona",2013,91.21044921875
"Boucle du Mouhoun","Mouhoun","Kona",2014,41.2326583862305
"Boucle du Mouhoun","Mouhoun","Kona",2015,29.1230926513672
"Boucle du Mouhoun","Mouhoun","Kona",2016,28.4303245544434
"Boucle du Mouhoun","Mouhoun","Kona",2017,39.4696884155273
"Boucle du Mouhoun","Mouhoun","Kona",2018,37.432933807373
"Boucle du Mouhoun","Mouhoun","Kona",2019,40.663158416748
"Boucle du Mouhoun","Mouhoun","Kona",2020,49.1147422790527
"Boucle du Mouhoun","Mouhoun","Kona",2021,57.6960372924805
"Boucle du Mouhoun","Mouhoun","Kona",2022,64.8718032836914
"Boucle du Mouhoun","Mouhoun","Kona",2023,61.3229904174805
"Boucle du Mouhoun","Mouhoun","Kona",2024,72.7436599731445
"Boucle du Mouhoun","Mouhoun","Ouarkoye",2012,0
"Boucle du Mouhoun","Mouhoun","Ouarkoye",2013,0
"Boucle du Mouhoun","Mouhoun","Ouarkoye",2014,0
"Boucle du Mouhoun","Mouhoun","Ouarkoye",2015,0
"Boucle du Mouhoun","Mouhoun","Ouarkoye",2016,0
"Boucle du Mouhoun","Mouhoun","Ouarkoye",2017,0
"Boucle du Mouhoun","Mouhoun","Ouarkoye",2018,0
"Boucle du Mouhoun","Mouhoun","Ouarkoye",2019,0
"Boucle du Mouhoun","Mouhoun","Ouarkoye",2020,0
"Boucle du Mouhoun","Mouhoun","Ouarkoye",2021,1.04226458072662
"Boucle du Mouhoun","Mouhoun","Ouarkoye",2022,2.11115837097168
"Boucle du Mouhoun","Mouhoun","Ouarkoye",2023,0
"Boucle du Mouhoun","Mouhoun","Ouarkoye",2024,1.6195125579834
"Boucle du Mouhoun","Mouhoun","Safane",2012,0.558562219142914
"Boucle du Mouhoun","Mouhoun","Safane",2013,0
"Boucle du Mouhoun","Mouhoun","Safane",2014,32.7933082580566
"Boucle du Mouhoun","Mouhoun","Safane",2015,49.9946250915527
"Boucle du Mouhoun","Mouhoun","Safane",2016,58.1308670043945
"Boucle du Mouhoun","Mouhoun","Safane",2017,56.866756439209
"Boucle du Mouhoun","Mouhoun","Safane",2018,44.4163360595703
"Boucle du Mouhoun","Mouhoun","Safane",2019,53.0004577636719
"Boucle du Mouhoun","Mouhoun","Safane",2020,59.4640235900879
"Boucle du Mouhoun","Mouhoun","Safane",2021,41.4681701660156
"Boucle du Mouhoun","Mouhoun","Safane",2022,60.1871299743652
"Boucle du Mouhoun","Mouhoun","Safane",2023,90.553092956543
"Boucle du Mouhoun","Mouhoun","Safane",2024,85.43505859375
"Boucle du Mouhoun","Mouhoun","Tchériba",2012,0
"Boucle du Mouhoun","Mouhoun","Tchériba",2013,0
"Boucle du Mouhoun","Mouhoun","Tchériba",2014,0
"Boucle du Mouhoun","Mouhoun","Tchériba",2015,0
"Boucle du Mouhoun","Mouhoun","Tchériba",2016,0
"Boucle du Mouhoun","Mouhoun","Tchériba",2017,0
"Boucle du Mouhoun","Mouhoun","Tchériba",2018,0
"Boucle du Mouhoun","Mouhoun","Tchériba",2019,0
"Boucle du Mouhoun","Mouhoun","Tchériba",2020,0
"Boucle du Mouhoun","Mouhoun","Tchériba",2021,0
"Boucle du Mouhoun","Mouhoun","Tchériba",2022,4.05346584320068
"Boucle du Mouhoun","Mouhoun","Tchériba",2023,5.02529621124268
"Boucle du Mouhoun","Mouhoun","Tchériba",2024,5.57113313674927
"Boucle du Mouhoun","Nayala","Gassan",2012,10.8708162307739
"Boucle du Mouhoun","Nayala","Gassan",2013,8.11021518707275
"Boucle du Mouhoun","Nayala","Gassan",2014,5.21274328231812
"Boucle du Mouhoun","Nayala","Gassan",2015,3.73118448257446
"Boucle du Mouhoun","Nayala","Gassan",2016,2.26556515693665
"Boucle du Mouhoun","Nayala","Gassan",2017,3.94079685211182
"Boucle du Mouhoun","Nayala","Gassan",2018,3.2169337272644
"Boucle du Mouhoun","Nayala","Gassan",2019,8.51518154144287
"Boucle du Mouhoun","Nayala","Gassan",2020,10.2268075942993
"Boucle du Mouhoun","Nayala","Gassan",2021,8.14419555664062
"Boucle du Mouhoun","Nayala","Gassan",2022,4.61237621307373
"Boucle du Mouhoun","Nayala","Gassan",2023,0
"Boucle du Mouhoun","Nayala","Gassan",2024,0
"Boucle du Mouhoun","Nayala","Gossina",2012,0
"Boucle du Mouhoun","Nayala","Gossina",2013,0
"Boucle du Mouhoun","Nayala","Gossina",2014,0
"Boucle du Mouhoun","Nayala","Gossina",2015,0.584908485412598
"Boucle du Mouhoun","Nayala","Gossina",2016,0.660747170448303
"Boucle du Mouhoun","Nayala","Gossina",2017,0.563247323036194
"Boucle du Mouhoun","Nayala","Gossina",2018,0
"Boucle du Mouhoun","Nayala","Gossina",2019,0.555202722549438
"Boucle du Mouhoun","Nayala","Gossina",2020,0.555049061775208
"Boucle du Mouhoun","Nayala","Gossina",2021,1.2233601808548
"Boucle du Mouhoun","Nayala","Gossina",2022,0
"Boucle du Mouhoun","Nayala","Gossina",2023,0
"Boucle du Mouhoun","Nayala","Gossina",2024,1.02757358551025
"Boucle du Mouhoun","Nayala","Kougny",2012,0
"Boucle du Mouhoun","Nayala","Kougny",2013,0
"Boucle du Mouhoun","Nayala","Kougny",2014,0
"Boucle du Mouhoun","Nayala","Kougny",2015,0
"Boucle du Mouhoun","Nayala","Kougny",2016,1.15944993495941
"Boucle du Mouhoun","Nayala","Kougny",2017,2.01983880996704
"Boucle du Mouhoun","Nayala","Kougny",2018,1.104527592659
"Boucle du Mouhoun","Nayala","Kougny",2019,0.531230092048645
"Boucle du Mouhoun","Nayala","Kougny",2020,1.16921615600586
"Boucle du Mouhoun","Nayala","Kougny",2021,0.546883702278137
"Boucle du Mouhoun","Nayala","Kougny",2022,1.7840918302536
"Boucle du Mouhoun","Nayala","Kougny",2023,0
"Boucle du Mouhoun","Nayala","Kougny",2024,0
"Boucle du Mouhoun","Nayala","Toma",2012,19.7070865631104
"Boucle du Mouhoun","Nayala","Toma",2013,18.0954837799072
"Boucle du Mouhoun","Nayala","Toma",2014,13.818021774292
"Boucle du Mouhoun","Nayala","Toma",2015,16.2772464752197
"Boucle du Mouhoun","Nayala","Toma",2016,25.3118209838867
"Boucle du Mouhoun","Nayala","Toma",2017,18.2766742706299
"Boucle du Mouhoun","Nayala","Toma",2018,17.1066150665283
"Boucle du Mouhoun","Nayala","Toma",2019,27.655460357666
"Boucle du Mouhoun","Nayala","Toma",2020,39.8951110839844
"Boucle du Mouhoun","Nayala","Toma",2021,51.9916610717773
"Boucle du Mouhoun","Nayala","Toma",2022,55.8331871032715
"Boucle du Mouhoun","Nayala","Toma",2023,27.4492721557617
"Boucle du Mouhoun","Nayala","Toma",2024,50.7353782653809
"Boucle du Mouhoun","Nayala","Yaba",2012,1.58056688308716
"Boucle du Mouhoun","Nayala","Yaba",2013,3.72194218635559
"Boucle du Mouhoun","Nayala","Yaba",2014,1.65649580955505
"Boucle du Mouhoun","Nayala","Yaba",2015,1.13687896728516
"Boucle du Mouhoun","Nayala","Yaba",2016,1.0439305305481
"Boucle du Mouhoun","Nayala","Yaba",2017,0.550918936729431
"Boucle du Mouhoun","Nayala","Yaba",2018,0
"Boucle du Mouhoun","Nayala","Yaba",2019,0.534714102745056
"Boucle du Mouhoun","Nayala","Yaba",2020,0
"Boucle du Mouhoun","Nayala","Yaba",2021,1.08670115470886
"Boucle du Mouhoun","Nayala","Yaba",2022,0.85496723651886
"Boucle du Mouhoun","Nayala","Yaba",2023,0
"Boucle du Mouhoun","Nayala","Yaba",2024,0.726559698581696
"Boucle du Mouhoun","Nayala","Ye",2012,0
"Boucle du Mouhoun","Nayala","Ye",2013,0
"Boucle du Mouhoun","Nayala","Ye",2014,0
"Boucle du Mouhoun","Nayala","Ye",2015,0
"Boucle du Mouhoun","Nayala","Ye",2016,0
"Boucle du Mouhoun","Nayala","Ye",2017,0
"Boucle du Mouhoun","Nayala","Ye",2018,0
"Boucle du Mouhoun","Nayala","Ye",2019,0
"Boucle du Mouhoun","Nayala","Ye",2020,0
"Boucle du Mouhoun","Nayala","Ye",2021,0
"Boucle du Mouhoun","Nayala","Ye",2022,0
"Boucle du Mouhoun","Nayala","Ye",2023,0
"Boucle du Mouhoun","Nayala","Ye",2024,0
"Boucle du Mouhoun","Sourou","Di",2012,36.7537879943848
"Boucle du Mouhoun","Sourou","Di",2013,59.5683212280273
"Boucle du Mouhoun","Sourou","Di",2014,46.3334732055664
"Boucle du Mouhoun","Sourou","Di",2015,40.3688926696777
"Boucle du Mouhoun","Sourou","Di",2016,17.7027797698975
"Boucle du Mouhoun","Sourou","Di",2017,16.4831161499023
"Boucle du Mouhoun","Sourou","Di",2018,14.1171655654907
"Boucle du Mouhoun","Sourou","Di",2019,8.32820892333984
"Boucle du Mouhoun","Sourou","Di",2020,5.94181823730469
"Boucle du Mouhoun","Sourou","Di",2021,7.22624015808105
"Boucle du Mouhoun","Sourou","Di",2022,5.70851993560791
"Boucle du Mouhoun","Sourou","Di",2023,1.20139598846436
"Boucle du Mouhoun","Sourou","Di",2024,1.40594899654388
"Boucle du Mouhoun","Sourou","Gomboro",2012,0
"Boucle du Mouhoun","Sourou","Gomboro",2013,0
"Boucle du Mouhoun","Sourou","Gomboro",2014,0
"Boucle du Mouhoun","Sourou","Gomboro",2015,0
"Boucle du Mouhoun","Sourou","Gomboro",2016,0
"Boucle du Mouhoun","Sourou","Gomboro",2017,0
"Boucle du Mouhoun","Sourou","Gomboro",2018,0.535405337810516
"Boucle du Mouhoun","Sourou","Gomboro",2019,0
"Boucle du Mouhoun","Sourou","Gomboro",2020,0
"Boucle du Mouhoun","Sourou","Gomboro",2021,0
"Boucle du Mouhoun","Sourou","Gomboro",2022,0
"Boucle du Mouhoun","Sourou","Gomboro",2023,0
"Boucle du Mouhoun","Sourou","Gomboro",2024,0
"Boucle du Mouhoun","Sourou","Kassoum",2012,10.4855833053589
"Boucle du Mouhoun","Sourou","Kassoum",2013,10.1773920059204
"Boucle du Mouhoun","Sourou","Kassoum",2014,5.92369985580444
"Boucle du Mouhoun","Sourou","Kassoum",2015,10.230541229248
"Boucle du Mouhoun","Sourou","Kassoum",2016,4.53950500488281
"Boucle du Mouhoun","Sourou","Kassoum",2017,3.08601117134094
"Boucle du Mouhoun","Sourou","Kassoum",2018,0.563051581382751
"Boucle du Mouhoun","Sourou","Kassoum",2019,0
"Boucle du Mouhoun","Sourou","Kassoum",2020,0
"Boucle du Mouhoun","Sourou","Kassoum",2021,0
"Boucle du Mouhoun","Sourou","Kassoum",2022,0
"Boucle du Mouhoun","Sourou","Kassoum",2023,0
"Boucle du Mouhoun","Sourou","Kassoum",2024,0
"Boucle du Mouhoun","Sourou","Kiembara",2012,0
"Boucle du Mouhoun","Sourou","Kiembara",2013,0
"Boucle du Mouhoun","Sourou","Kiembara",2014,0
"Boucle du Mouhoun","Sourou","Kiembara",2015,0
"Boucle du Mouhoun","Sourou","Kiembara",2016,1.38258540630341
"Boucle du Mouhoun","Sourou","Kiembara",2017,1.27432775497437
"Boucle du Mouhoun","Sourou","Kiembara",2018,0
"Boucle du Mouhoun","Sourou","Kiembara",2019,2.74551248550415
"Boucle du Mouhoun","Sourou","Kiembara",2020,3.31682109832764
"Boucle du Mouhoun","Sourou","Kiembara",2021,3.09760522842407
"Boucle du Mouhoun","Sourou","Kiembara",2022,2.99010109901428
"Boucle du Mouhoun","Sourou","Kiembara",2023,0
"Boucle du Mouhoun","Sourou","Kiembara",2024,0
"Boucle du Mouhoun","Sourou","Lanfièra",2012,21.9013023376465
"Boucle du Mouhoun","Sourou","Lanfièra",2013,10.6480655670166
"Boucle du Mouhoun","Sourou","Lanfièra",2014,14.165678024292
"Boucle du Mouhoun","Sourou","Lanfièra",2015,23.4225654602051
"Boucle du Mouhoun","Sourou","Lanfièra",2016,17.2033348083496
"Boucle du Mouhoun","Sourou","Lanfièra",2017,8.86300659179688
"Boucle du Mouhoun","Sourou","Lanfièra",2018,2.74408769607544
"Boucle du Mouhoun","Sourou","Lanfièra",2019,1.88298916816711
"Boucle du Mouhoun","Sourou","Lanfièra",2020,0
"Boucle du Mouhoun","Sourou","Lanfièra",2021,0
"Boucle du Mouhoun","Sourou","Lanfièra",2022,0
"Boucle du Mouhoun","Sourou","Lanfièra",2023,0
"Boucle du Mouhoun","Sourou","Lanfièra",2024,0
"Boucle du Mouhoun","Sourou","Lankouè",2012,0
"Boucle du Mouhoun","Sourou","Lankouè",2013,0
"Boucle du Mouhoun","Sourou","Lankouè",2014,0
"Boucle du Mouhoun","Sourou","Lankouè",2015,0.508184850215912
"Boucle du Mouhoun","Sourou","Lankouè",2016,1.31471085548401
"Boucle du Mouhoun","Sourou","Lankouè",2017,1.34154605865479
"Boucle du Mouhoun","Sourou","Lankouè",2018,1.36932396888733
"Boucle du Mouhoun","Sourou","Lankouè",2019,1.70262455940247
"Boucle du Mouhoun","Sourou","Lankouè",2020,0.55803370475769
"Boucle du Mouhoun","Sourou","Lankouè",2021,1.05300390720367
"Boucle du Mouhoun","Sourou","Lankouè",2022,0
"Boucle du Mouhoun","Sourou","Lankouè",2023,0
"Boucle du Mouhoun","Sourou","Lankouè",2024,0
"Boucle du Mouhoun","Sourou","Toeni",2012,0
"Boucle du Mouhoun","Sourou","Toeni",2013,0
"Boucle du Mouhoun","Sourou","Toeni",2014,0
"Boucle du Mouhoun","Sourou","Toeni",2015,0
"Boucle du Mouhoun","Sourou","Toeni",2016,0
"Boucle du Mouhoun","Sourou","Toeni",2017,0
"Boucle du Mouhoun","Sourou","Toeni",2018,0
"Boucle du Mouhoun","Sourou","Toeni",2019,0
"Boucle du Mouhoun","Sourou","Toeni",2020,0
"Boucle du Mouhoun","Sourou","Toeni",2021,12.2785224914551
"Boucle du Mouhoun","Sourou","Toeni",2022,7.95215606689453
"Boucle du Mouhoun","Sourou","Toeni",2023,8.478271484375
"Boucle du Mouhoun","Sourou","Toeni",2024,10.160813331604
"Boucle du Mouhoun","Sourou","Tougan",2012,39.3462257385254
"Boucle du Mouhoun","Sourou","Tougan",2013,39.584587097168
"Boucle du Mouhoun","Sourou","Tougan",2014,39.0653495788574
"Boucle du Mouhoun","Sourou","Tougan",2015,47.4185676574707
"Boucle du Mouhoun","Sourou","Tougan",2016,47.0221672058105
"Boucle du Mouhoun","Sourou","Tougan",2017,50.2235145568848
"Boucle du Mouhoun","Sourou","Tougan",2018,55.6830635070801
"Boucle du Mouhoun","Sourou","Tougan",2019,70.2673110961914
"Boucle du Mouhoun","Sourou","Tougan",2020,82.2127151489258
"Boucle du Mouhoun","Sourou","Tougan",2021,105.222381591797
"Boucle du Mouhoun","Sourou","Tougan",2022,111.923156738281
"Boucle du Mouhoun","Sourou","Tougan",2023,113.114616394043
"Boucle du Mouhoun","Sourou","Tougan",2024,164.569427490234
"Cascades","Comoé","Banfora",2012,353.577697753906
"Cascades","Comoé","Banfora",2013,339.896209716797
"Cascades","Comoé","Banfora",2014,348.678192138672
"Cascades","Comoé","Banfora",2015,399.475250244141
"Cascades","Comoé","Banfora",2016,461.623107910156
"Cascades","Comoé","Banfora",2017,436.459106445312
"Cascades","Comoé","Banfora",2018,452.299346923828
"Cascades","Comoé","Banfora",2019,511.469146728516
"Cascades","Comoé","Banfora",2020,544.130920410156
"Cascades","Comoé","Banfora",2021,924.873779296875
"Cascades","Comoé","Banfora",2022,1008.27856445312
"Cascades","Comoé","Banfora",2023,978.983642578125
"Cascades","Comoé","Banfora",2024,972.956420898438
"Cascades","Comoé","Beregadougou",2012,40.1583824157715
"Cascades","Comoé","Beregadougou",2013,45.49609375
"Cascades","Comoé","Beregadougou",2014,42.2898330688477
"Cascades","Comoé","Beregadougou",2015,41.790958404541
"Cascades","Comoé","Beregadougou",2016,47.2914543151855
"Cascades","Comoé","Beregadougou",2017,40.902458190918
"Cascades","Comoé","Beregadougou",2018,44.4324226379395
"Cascades","Comoé","Beregadougou",2019,44.1209335327148
"Cascades","Comoé","Beregadougou",2020,38.3321304321289
"Cascades","Comoé","Beregadougou",2021,32.8745956420898
"Cascades","Comoé","Beregadougou",2022,48.1856307983398
"Cascades","Comoé","Beregadougou",2023,61.5397987365723
"Cascades","Comoé","Beregadougou",2024,61.9703674316406
"Cascades","Comoé","Mangodara",2012,0
"Cascades","Comoé","Mangodara",2013,0
"Cascades","Comoé","Mangodara",2014,0
"Cascades","Comoé","Mangodara",2015,0
"Cascades","Comoé","Mangodara",2016,0
"Cascades","Comoé","Mangodara",2017,0
"Cascades","Comoé","Mangodara",2018,0.525832712650299
"Cascades","Comoé","Mangodara",2019,6.6647686958313
"Cascades","Comoé","Mangodara",2020,8.99567222595215
"Cascades","Comoé","Mangodara",2021,7.5317964553833
"Cascades","Comoé","Mangodara",2022,26.2097568511963
"Cascades","Comoé","Mangodara",2023,23.025520324707
"Cascades","Comoé","Mangodara",2024,11.0328540802002
"Cascades","Comoé","Moussodougou",2012,0
"Cascades","Comoé","Moussodougou",2013,0
"Cascades","Comoé","Moussodougou",2014,0.46238175034523
"Cascades","Comoé","Moussodougou",2015,0
"Cascades","Comoé","Moussodougou",2016,0
"Cascades","Comoé","Moussodougou",2017,0
"Cascades","Comoé","Moussodougou",2018,0
"Cascades","Comoé","Moussodougou",2019,1.12312960624695
"Cascades","Comoé","Moussodougou",2020,0.518570899963379
"Cascades","Comoé","Moussodougou",2021,1.17698192596436
"Cascades","Comoé","Moussodougou",2022,3.86988711357117
"Cascades","Comoé","Moussodougou",2023,5.07390785217285
"Cascades","Comoé","Moussodougou",2024,3.99810838699341
"Cascades","Comoé","Niangoloko",2012,52.120304107666
"Cascades","Comoé","Niangoloko",2013,57.5361824035645
"Cascades","Comoé","Niangoloko",2014,55.9032669067383
"Cascades","Comoé","Niangoloko",2015,60.6505279541016
"Cascades","Comoé","Niangoloko",2016,75.5581970214844
"Cascades","Comoé","Niangoloko",2017,77.9993133544922
"Cascades","Comoé","Niangoloko",2018,102.012054443359
"Cascades","Comoé","Niangoloko",2019,117.251770019531
"Cascades","Comoé","Niangoloko",2020,124.226287841797
"Cascades","Comoé","Niangoloko",2021,139.597885131836
"Cascades","Comoé","Niangoloko",2022,211.586608886719
"Cascades","Comoé","Niangoloko",2023,241.147689819336
"Cascades","Comoé","Niangoloko",2024,272.460510253906
"Cascades","Comoé","Ouo",2012,0
"Cascades","Comoé","Ouo",2013,0.545215308666229
"Cascades","Comoé","Ouo",2014,0
"Cascades","Comoé","Ouo",2015,0
"Cascades","Comoé","Ouo",2016,0
"Cascades","Comoé","Ouo",2017,0
"Cascades","Comoé","Ouo",2018,0
"Cascades","Comoé","Ouo",2019,1.10029137134552
"Cascades","Comoé","Ouo",2020,0.807243287563324
"Cascades","Comoé","Ouo",2021,1.44419014453888
"Cascades","Comoé","Ouo",2022,1.6256068944931
"Cascades","Comoé","Ouo",2023,1.70281684398651
"Cascades","Comoé","Ouo",2024,59.4160461425781
"Cascades","Comoé","Sidéradougou",2012,1.77558469772339
"Cascades","Comoé","Sidéradougou",2013,11.8777618408203
"Cascades","Comoé","Sidéradougou",2014,13.0993719100952
"Cascades","Comoé","Sidéradougou",2015,13.4288148880005
"Cascades","Comoé","Sidéradougou",2016,11.5758848190308
"Cascades","Comoé","Sidéradougou",2017,11.5019836425781
"Cascades","Comoé","Sidéradougou",2018,10.6096162796021
"Cascades","Comoé","Sidéradougou",2019,11.7137498855591
"Cascades","Comoé","Sidéradougou",2020,7.13826513290405
"Cascades","Comoé","Sidéradougou",2021,10.0513076782227
"Cascades","Comoé","Sidéradougou",2022,11.9778385162354
"Cascades","Comoé","Sidéradougou",2023,14.7541770935059
"Cascades","Comoé","Sidéradougou",2024,12.5301599502563
"Cascades","Comoé","Soubakaniédougou",2012,0
"Cascades","Comoé","Soubakaniédougou",2013,0
"Cascades","Comoé","Soubakaniédougou",2014,0
"Cascades","Comoé","Soubakaniédougou",2015,0
"Cascades","Comoé","Soubakaniédougou",2016,0
"Cascades","Comoé","Soubakaniédougou",2017,1.16984558105469
"Cascades","Comoé","Soubakaniédougou",2018,0
"Cascades","Comoé","Soubakaniédougou",2019,1.24359917640686
"Cascades","Comoé","Soubakaniédougou",2020,4.82168388366699
"Cascades","Comoé","Soubakaniédougou",2021,4.34361505508423
"Cascades","Comoé","Soubakaniédougou",2022,7.89093112945557
"Cascades","Comoé","Soubakaniédougou",2023,7.49611473083496
"Cascades","Comoé","Soubakaniédougou",2024,5.85700559616089
"Cascades","Comoé","Tiéfora",2012,0
"Cascades","Comoé","Tiéfora",2013,2.90814352035522
"Cascades","Comoé","Tiéfora",2014,3.22941255569458
"Cascades","Comoé","Tiéfora",2015,2.36533999443054
"Cascades","Comoé","Tiéfora",2016,3.29992723464966
"Cascades","Comoé","Tiéfora",2017,2.29857802391052
"Cascades","Comoé","Tiéfora",2018,2.85781383514404
"Cascades","Comoé","Tiéfora",2019,3.52141046524048
"Cascades","Comoé","Tiéfora",2020,1.1952793598175
"Cascades","Comoé","Tiéfora",2021,3.23462152481079
"Cascades","Comoé","Tiéfora",2022,3.48594331741333
"Cascades","Comoé","Tiéfora",2023,4.58282279968262
"Cascades","Comoé","Tiéfora",2024,4.2329683303833
"Cascades","Léraba","Dakoro",2012,0
"Cascades","Léraba","Dakoro",2013,0
"Cascades","Léraba","Dakoro",2014,0
"Cascades","Léraba","Dakoro",2015,0
"Cascades","Léraba","Dakoro",2016,0
"Cascades","Léraba","Dakoro",2017,0
"Cascades","Léraba","Dakoro",2018,0
"Cascades","Léraba","Dakoro",2019,0
"Cascades","Léraba","Dakoro",2020,0
"Cascades","Léraba","Dakoro",2021,0
"Cascades","Léraba","Dakoro",2022,3.04141068458557
"Cascades","Léraba","Dakoro",2023,28.2062816619873
"Cascades","Léraba","Dakoro",2024,16.4718399047852
"Cascades","Léraba","Douna",2012,0
"Cascades","Léraba","Douna",2013,0
"Cascades","Léraba","Douna",2014,0
"Cascades","Léraba","Douna",2015,0
"Cascades","Léraba","Douna",2016,0
"Cascades","Léraba","Douna",2017,0.512898683547974
"Cascades","Léraba","Douna",2018,0
"Cascades","Léraba","Douna",2019,0
"Cascades","Léraba","Douna",2020,0
"Cascades","Léraba","Douna",2021,0
"Cascades","Léraba","Douna",2022,3.21247482299805
"Cascades","Léraba","Douna",2023,5.11503791809082
"Cascades","Léraba","Douna",2024,17.2977027893066
"Cascades","Léraba","Kankalaba",2012,0
"Cascades","Léraba","Kankalaba",2013,0
"Cascades","Léraba","Kankalaba",2014,0
"Cascades","Léraba","Kankalaba",2015,0
"Cascades","Léraba","Kankalaba",2016,0
"Cascades","Léraba","Kankalaba",2017,0
"Cascades","Léraba","Kankalaba",2018,0
"Cascades","Léraba","Kankalaba",2019,0
"Cascades","Léraba","Kankalaba",2020,0
"Cascades","Léraba","Kankalaba",2021,0
"Cascades","Léraba","Kankalaba",2022,0
"Cascades","Léraba","Kankalaba",2023,0
"Cascades","Léraba","Kankalaba",2024,0
"Cascades","Léraba","Loumana",2012,0
"Cascades","Léraba","Loumana",2013,0
"Cascades","Léraba","Loumana",2014,0
"Cascades","Léraba","Loumana",2015,0
"Cascades","Léraba","Loumana",2016,0
"Cascades","Léraba","Loumana",2017,0
"Cascades","Léraba","Loumana",2018,0
"Cascades","Léraba","Loumana",2019,0
"Cascades","Léraba","Loumana",2020,0
"Cascades","Léraba","Loumana",2021,0
"Cascades","Léraba","Loumana",2022,1.04444491863251
"Cascades","Léraba","Loumana",2023,2.95976042747498
"Cascades","Léraba","Loumana",2024,2.97623586654663
"Cascades","Léraba","Niankorodougou",2012,3.1422598361969
"Cascades","Léraba","Niankorodougou",2013,8.51572227478027
"Cascades","Léraba","Niankorodougou",2014,5.96243286132812
"Cascades","Léraba","Niankorodougou",2015,3.7518310546875
"Cascades","Léraba","Niankorodougou",2016,2.77413702011108
"Cascades","Léraba","Niankorodougou",2017,4.49684429168701
"Cascades","Léraba","Niankorodougou",2018,26.563325881958
"Cascades","Léraba","Niankorodougou",2019,219.544967651367
"Cascades","Léraba","Niankorodougou",2020,476.822692871094
"Cascades","Léraba","Niankorodougou",2021,438.047698974609
"Cascades","Léraba","Niankorodougou",2022,483.124420166016
"Cascades","Léraba","Niankorodougou",2023,356.665161132812
"Cascades","Léraba","Niankorodougou",2024,338.738952636719
"Cascades","Léraba","Oueleni",2012,0
"Cascades","Léraba","Oueleni",2013,0
"Cascades","Léraba","Oueleni",2014,0
"Cascades","Léraba","Oueleni",2015,0
"Cascades","Léraba","Oueleni",2016,0
"Cascades","Léraba","Oueleni",2017,0
"Cascades","Léraba","Oueleni",2018,0.681556046009064
"Cascades","Léraba","Oueleni",2019,1.21968364715576
"Cascades","Léraba","Oueleni",2020,1.36795520782471
"Cascades","Léraba","Oueleni",2021,0.64755254983902
"Cascades","Léraba","Oueleni",2022,3.58402395248413
"Cascades","Léraba","Oueleni",2023,7.98309755325317
"Cascades","Léraba","Oueleni",2024,6.79583024978638
"Cascades","Léraba","Sindou",2012,1.57202959060669
"Cascades","Léraba","Sindou",2013,7.98512744903564
"Cascades","Léraba","Sindou",2014,10.8752193450928
"Cascades","Léraba","Sindou",2015,13.5661973953247
"Cascades","Léraba","Sindou",2016,11.9622087478638
"Cascades","Léraba","Sindou",2017,11.8479862213135
"Cascades","Léraba","Sindou",2018,9.25010395050049
"Cascades","Léraba","Sindou",2019,9.25940418243408
"Cascades","Léraba","Sindou",2020,12.5205183029175
"Cascades","Léraba","Sindou",2021,22.623046875
"Cascades","Léraba","Sindou",2022,30.6152687072754
"Cascades","Léraba","Sindou",2023,26.9746322631836
"Cascades","Léraba","Sindou",2024,19.9288749694824
"Cascades","Léraba","Wolonkoto",2012,0
"Cascades","Léraba","Wolonkoto",2013,4.07960605621338
"Cascades","Léraba","Wolonkoto",2014,3.33217549324036
"Cascades","Léraba","Wolonkoto",2015,0
"Cascades","Léraba","Wolonkoto",2016,0
"Cascades","Léraba","Wolonkoto",2017,0
"Cascades","Léraba","Wolonkoto",2018,0
"Cascades","Léraba","Wolonkoto",2019,0
"Cascades","Léraba","Wolonkoto",2020,0
"Cascades","Léraba","Wolonkoto",2021,0
"Cascades","Léraba","Wolonkoto",2022,0
"Cascades","Léraba","Wolonkoto",2023,0
"Cascades","Léraba","Wolonkoto",2024,0
"Centre","Kadiogo","Komki-Ipala",2012,0
"Centre","Kadiogo","Komki-Ipala",2013,0
"Centre","Kadiogo","Komki-Ipala",2014,0
"Centre","Kadiogo","Komki-Ipala",2015,0
"Centre","Kadiogo","Komki-Ipala",2016,0
"Centre","Kadiogo","Komki-Ipala",2017,0
"Centre","Kadiogo","Komki-Ipala",2018,0
"Centre","Kadiogo","Komki-Ipala",2019,0.545285582542419
"Centre","Kadiogo","Komki-Ipala",2020,2.519935131073
"Centre","Kadiogo","Komki-Ipala",2021,6.9362964630127
"Centre","Kadiogo","Komki-Ipala",2022,7.29499244689941
"Centre","Kadiogo","Komki-Ipala",2023,19.283317565918
"Centre","Kadiogo","Komki-Ipala",2024,25.2593669891357
"Centre","Kadiogo","Komsilga",2012,137.815338134766
"Centre","Kadiogo","Komsilga",2013,169.971710205078
"Centre","Kadiogo","Komsilga",2014,185.319625854492
"Centre","Kadiogo","Komsilga",2015,250.406784057617
"Centre","Kadiogo","Komsilga",2016,390.152160644531
"Centre","Kadiogo","Komsilga",2017,420.503570556641
"Centre","Kadiogo","Komsilga",2018,425.024383544922
"Centre","Kadiogo","Komsilga",2019,446.765899658203
"Centre","Kadiogo","Komsilga",2020,531.963928222656
"Centre","Kadiogo","Komsilga",2021,710.660034179688
"Centre","Kadiogo","Komsilga",2022,1306.849609375
"Centre","Kadiogo","Komsilga",2023,1532.0537109375
"Centre","Kadiogo","Komsilga",2024,1687.0751953125
"Centre","Kadiogo","Koubri",2012,11.1581430435181
"Centre","Kadiogo","Koubri",2013,18.7425956726074
"Centre","Kadiogo","Koubri",2014,19.4312381744385
"Centre","Kadiogo","Koubri",2015,20.5010051727295
"Centre","Kadiogo","Koubri",2016,19.5011768341064
"Centre","Kadiogo","Koubri",2017,17.5678768157959
"Centre","Kadiogo","Koubri",2018,24.7307434082031
"Centre","Kadiogo","Koubri",2019,32.6424713134766
"Centre","Kadiogo","Koubri",2020,50.5611686706543
"Centre","Kadiogo","Koubri",2021,98.8389282226562
"Centre","Kadiogo","Koubri",2022,232.508087158203
"Centre","Kadiogo","Koubri",2023,391.188995361328
"Centre","Kadiogo","Koubri",2024,582.883850097656
"Centre","Kadiogo","Ouagadougou",2012,15098.6494140625
"Centre","Kadiogo","Ouagadougou",2013,15145.2216796875
"Centre","Kadiogo","Ouagadougou",2014,15376.431640625
"Centre","Kadiogo","Ouagadougou",2015,15609.7890625
"Centre","Kadiogo","Ouagadougou",2016,15579.0283203125
"Centre","Kadiogo","Ouagadougou",2017,15566.4677734375
"Centre","Kadiogo","Ouagadougou",2018,15917.087890625
"Centre","Kadiogo","Ouagadougou",2019,17311.546875
"Centre","Kadiogo","Ouagadougou",2020,18520.23046875
"Centre","Kadiogo","Ouagadougou",2021,20021.015625
"Centre","Kadiogo","Ouagadougou",2022,22707.955078125
"Centre","Kadiogo","Ouagadougou",2023,24271.640625
"Centre","Kadiogo","Ouagadougou",2024,25190.423828125
"Centre","Kadiogo","Pabre",2012,21.9613246917725
"Centre","Kadiogo","Pabre",2013,21.6171684265137
"Centre","Kadiogo","Pabre",2014,28.0102958679199
"Centre","Kadiogo","Pabre",2015,23.9509372711182
"Centre","Kadiogo","Pabre",2016,44.9532661437988
"Centre","Kadiogo","Pabre",2017,73.5186614990234
"Centre","Kadiogo","Pabre",2018,56.9358177185059
"Centre","Kadiogo","Pabre",2019,78.2444610595703
"Centre","Kadiogo","Pabre",2020,120.477088928223
"Centre","Kadiogo","Pabre",2021,194.768981933594
"Centre","Kadiogo","Pabre",2022,336.702545166016
"Centre","Kadiogo","Pabre",2023,447.155212402344
"Centre","Kadiogo","Pabre",2024,448.932067871094
"Centre","Kadiogo","Saaba",2012,218.012786865234
"Centre","Kadiogo","Saaba",2013,219.422332763672
"Centre","Kadiogo","Saaba",2014,271.161865234375
"Centre","Kadiogo","Saaba",2015,337.454864501953
"Centre","Kadiogo","Saaba",2016,340.711822509766
"Centre","Kadiogo","Saaba",2017,409.725006103516
"Centre","Kadiogo","Saaba",2018,512.213562011719
"Centre","Kadiogo","Saaba",2019,605.161743164062
"Centre","Kadiogo","Saaba",2020,806.258911132812
"Centre","Kadiogo","Saaba",2021,1072.71655273438
"Centre","Kadiogo","Saaba",2022,1829.99743652344
"Centre","Kadiogo","Saaba",2023,2242.2216796875
"Centre","Kadiogo","Saaba",2024,2455.2265625
"Centre","Kadiogo","Tanghin-Dassouri",2012,91.2764892578125
"Centre","Kadiogo","Tanghin-Dassouri",2013,104.579559326172
"Centre","Kadiogo","Tanghin-Dassouri",2014,138.653396606445
"Centre","Kadiogo","Tanghin-Dassouri",2015,153.096694946289
"Centre","Kadiogo","Tanghin-Dassouri",2016,156.318664550781
"Centre","Kadiogo","Tanghin-Dassouri",2017,148.492126464844
"Centre","Kadiogo","Tanghin-Dassouri",2018,140.611419677734
"Centre","Kadiogo","Tanghin-Dassouri",2019,136.37614440918
"Centre","Kadiogo","Tanghin-Dassouri",2020,125.30330657959
"Centre","Kadiogo","Tanghin-Dassouri",2021,187.300415039062
"Centre","Kadiogo","Tanghin-Dassouri",2022,367.469055175781
"Centre","Kadiogo","Tanghin-Dassouri",2023,478.829284667969
"Centre","Kadiogo","Tanghin-Dassouri",2024,471.377593994141
"Centre-Est","Boulgou","Bagre",2012,18.2614269256592
"Centre-Est","Boulgou","Bagre",2013,15.936767578125
"Centre-Est","Boulgou","Bagre",2014,38.363525390625
"Centre-Est","Boulgou","Bagre",2015,41.2280197143555
"Centre-Est","Boulgou","Bagre",2016,34.8069076538086
"Centre-Est","Boulgou","Bagre",2017,31.5084114074707
"Centre-Est","Boulgou","Bagre",2018,34.2587013244629
"Centre-Est","Boulgou","Bagre",2019,28.7741260528564
"Centre-Est","Boulgou","Bagre",2020,21.7495670318604
"Centre-Est","Boulgou","Bagre",2021,31.226734161377
"Centre-Est","Boulgou","Bagre",2022,42.6435508728027
"Centre-Est","Boulgou","Bagre",2023,61.9027366638184
"Centre-Est","Boulgou","Bagre",2024,52.3575553894043
"Centre-Est","Boulgou","Bane",2012,0
"Centre-Est","Boulgou","Bane",2013,0
"Centre-Est","Boulgou","Bane",2014,0
"Centre-Est","Boulgou","Bane",2015,0
"Centre-Est","Boulgou","Bane",2016,0
"Centre-Est","Boulgou","Bane",2017,0
"Centre-Est","Boulgou","Bane",2018,0
"Centre-Est","Boulgou","Bane",2019,0.507602155208588
"Centre-Est","Boulgou","Bane",2020,0
"Centre-Est","Boulgou","Bane",2021,0
"Centre-Est","Boulgou","Bane",2022,0
"Centre-Est","Boulgou","Bane",2023,0
"Centre-Est","Boulgou","Bane",2024,0
"Centre-Est","Boulgou","Beguedo",2012,5.00627565383911
"Centre-Est","Boulgou","Beguedo",2013,4.01709270477295
"Centre-Est","Boulgou","Beguedo",2014,4.53271675109863
"Centre-Est","Boulgou","Beguedo",2015,3.57947063446045
"Centre-Est","Boulgou","Beguedo",2016,4.75770902633667
"Centre-Est","Boulgou","Beguedo",2017,4.70730113983154
"Centre-Est","Boulgou","Beguedo",2018,5.52196073532104
"Centre-Est","Boulgou","Beguedo",2019,5.66046237945557
"Centre-Est","Boulgou","Beguedo",2020,6.6963005065918
"Centre-Est","Boulgou","Beguedo",2021,15.5886325836182
"Centre-Est","Boulgou","Beguedo",2022,28.1644096374512
"Centre-Est","Boulgou","Beguedo",2023,42.9025840759277
"Centre-Est","Boulgou","Beguedo",2024,44.4956855773926
"Centre-Est","Boulgou","Bissiga",2012,0
"Centre-Est","Boulgou","Bissiga",2013,6.07950067520142
"Centre-Est","Boulgou","Bissiga",2014,22.0325298309326
"Centre-Est","Boulgou","Bissiga",2015,19.0560474395752
"Centre-Est","Boulgou","Bissiga",2016,15.8983316421509
"Centre-Est","Boulgou","Bissiga",2017,11.9325256347656
"Centre-Est","Boulgou","Bissiga",2018,12.1917781829834
"Centre-Est","Boulgou","Bissiga",2019,10.3233776092529
"Centre-Est","Boulgou","Bissiga",2020,2.00204992294312
"Centre-Est","Boulgou","Bissiga",2021,0
"Centre-Est","Boulgou","Bissiga",2022,0.541653871536255
"Centre-Est","Boulgou","Bissiga",2023,1.31318759918213
"Centre-Est","Boulgou","Bissiga",2024,0
"Centre-Est","Boulgou","Bittou",2012,42.5891914367676
"Centre-Est","Boulgou","Bittou",2013,44.328498840332
"Centre-Est","Boulgou","Bittou",2014,45.4737434387207
"Centre-Est","Boulgou","Bittou",2015,43.4699935913086
"Centre-Est","Boulgou","Bittou",2016,38.3835639953613
"Centre-Est","Boulgou","Bittou",2017,33.8118019104004
"Centre-Est","Boulgou","Bittou",2018,34.4704971313477
"Centre-Est","Boulgou","Bittou",2019,35.221508026123
"Centre-Est","Boulgou","Bittou",2020,27.9084510803223
"Centre-Est","Boulgou","Bittou",2021,34.1984367370605
"Centre-Est","Boulgou","Bittou",2022,43.7441787719727
"Centre-Est","Boulgou","Bittou",2023,49.1546211242676
"Centre-Est","Boulgou","Bittou",2024,72.1516723632812
"Centre-Est","Boulgou","Boussouma",2012,0
"Centre-Est","Boulgou","Boussouma",2013,0
"Centre-Est","Boulgou","Boussouma",2014,0
"Centre-Est","Boulgou","Boussouma",2015,0
"Centre-Est","Boulgou","Boussouma",2016,2.69264149665833
"Centre-Est","Boulgou","Boussouma",2017,1.86450946331024
"Centre-Est","Boulgou","Boussouma",2018,2.62733435630798
"Centre-Est","Boulgou","Boussouma",2019,0.917506814002991
"Centre-Est","Boulgou","Boussouma",2020,1.48132038116455
"Centre-Est","Boulgou","Boussouma",2021,1.60782599449158
"Centre-Est","Boulgou","Boussouma",2022,10.693793296814
"Centre-Est","Boulgou","Boussouma",2023,14.5542421340942
"Centre-Est","Boulgou","Boussouma",2024,20.0827503204346
"Centre-Est","Boulgou","Garango",2012,18.0812168121338
"Centre-Est","Boulgou","Garango",2013,17.3565998077393
"Centre-Est","Boulgou","Garango",2014,16.8260688781738
"Centre-Est","Boulgou","Garango",2015,18.4212188720703
"Centre-Est","Boulgou","Garango",2016,20.0930347442627
"Centre-Est","Boulgou","Garango",2017,21.4883842468262
"Centre-Est","Boulgou","Garango",2018,21.1011638641357
"Centre-Est","Boulgou","Garango",2019,24.5505294799805
"Centre-Est","Boulgou","Garango",2020,23.748950958252
"Centre-Est","Boulgou","Garango",2021,25.1812782287598
"Centre-Est","Boulgou","Garango",2022,35.3545684814453
"Centre-Est","Boulgou","Garango",2023,51.2306671142578
"Centre-Est","Boulgou","Garango",2024,51.2744293212891
"Centre-Est","Boulgou","Komtoega",2012,1.07748031616211
"Centre-Est","Boulgou","Komtoega",2013,0
"Centre-Est","Boulgou","Komtoega",2014,0
"Centre-Est","Boulgou","Komtoega",2015,0
"Centre-Est","Boulgou","Komtoega",2016,0
"Centre-Est","Boulgou","Komtoega",2017,0
"Centre-Est","Boulgou","Komtoega",2018,0
"Centre-Est","Boulgou","Komtoega",2019,0
"Centre-Est","Boulgou","Komtoega",2020,0
"Centre-Est","Boulgou","Komtoega",2021,0
"Centre-Est","Boulgou","Komtoega",2022,0.634139001369476
"Centre-Est","Boulgou","Komtoega",2023,10.515474319458
"Centre-Est","Boulgou","Komtoega",2024,6.86693668365479
"Centre-Est","Boulgou","Niaogho",2012,2.35231614112854
"Centre-Est","Boulgou","Niaogho",2013,1.79091429710388
"Centre-Est","Boulgou","Niaogho",2014,1.41508221626282
"Centre-Est","Boulgou","Niaogho",2015,1.09500288963318
"Centre-Est","Boulgou","Niaogho",2016,0.57838362455368
"Centre-Est","Boulgou","Niaogho",2017,0
"Centre-Est","Boulgou","Niaogho",2018,1.0281445980072
"Centre-Est","Boulgou","Niaogho",2019,1.0706570148468
"Centre-Est","Boulgou","Niaogho",2020,1.15403711795807
"Centre-Est","Boulgou","Niaogho",2021,2.49257826805115
"Centre-Est","Boulgou","Niaogho",2022,8.1691780090332
"Centre-Est","Boulgou","Niaogho",2023,23.5339298248291
"Centre-Est","Boulgou","Niaogho",2024,63.0301513671875
"Centre-Est","Boulgou","Tenkodogo",2012,228.108627319336
"Centre-Est","Boulgou","Tenkodogo",2013,250.367706298828
"Centre-Est","Boulgou","Tenkodogo",2014,279.454162597656
"Centre-Est","Boulgou","Tenkodogo",2015,281.207794189453
"Centre-Est","Boulgou","Tenkodogo",2016,254.232940673828
"Centre-Est","Boulgou","Tenkodogo",2017,261.405487060547
"Centre-Est","Boulgou","Tenkodogo",2018,258.639495849609
"Centre-Est","Boulgou","Tenkodogo",2019,270.706115722656
"Centre-Est","Boulgou","Tenkodogo",2020,448.295166015625
"Centre-Est","Boulgou","Tenkodogo",2021,478.2421875
"Centre-Est","Boulgou","Tenkodogo",2022,569.022888183594
"Centre-Est","Boulgou","Tenkodogo",2023,584.772094726562
"Centre-Est","Boulgou","Tenkodogo",2024,611.953735351562
"Centre-Est","Boulgou","Zabré",2012,131.022476196289
"Centre-Est","Boulgou","Zabré",2013,115.685829162598
"Centre-Est","Boulgou","Zabré",2014,149.415466308594
"Centre-Est","Boulgou","Zabré",2015,160.463195800781
"Centre-Est","Boulgou","Zabré",2016,141.936218261719
"Centre-Est","Boulgou","Zabré",2017,125.509185791016
"Centre-Est","Boulgou","Zabré",2018,116.72541809082
"Centre-Est","Boulgou","Zabré",2019,112.870796203613
"Centre-Est","Boulgou","Zabré",2020,125.463386535645
"Centre-Est","Boulgou","Zabré",2021,111.78148651123
"Centre-Est","Boulgou","Zabré",2022,53.0265045166016
"Centre-Est","Boulgou","Zabré",2023,32.1447792053223
"Centre-Est","Boulgou","Zabré",2024,49.4160995483398
"Centre-Est","Boulgou","Zoaga",2012,0
"Centre-Est","Boulgou","Zoaga",2013,0
"Centre-Est","Boulgou","Zoaga",2014,0.625241935253143
"Centre-Est","Boulgou","Zoaga",2015,0
"Centre-Est","Boulgou","Zoaga",2016,0
"Centre-Est","Boulgou","Zoaga",2017,0
"Centre-Est","Boulgou","Zoaga",2018,0.501898884773254
"Centre-Est","Boulgou","Zoaga",2019,0
"Centre-Est","Boulgou","Zoaga",2020,0
"Centre-Est","Boulgou","Zoaga",2021,0
"Centre-Est","Boulgou","Zoaga",2022,0
"Centre-Est","Boulgou","Zoaga",2023,0
"Centre-Est","Boulgou","Zoaga",2024,0
"Centre-Est","Boulgou","Zonsé",2012,0.269177615642548
"Centre-Est","Boulgou","Zonsé",2013,0.221013456583023
"Centre-Est","Boulgou","Zonsé",2014,0.593526005744934
"Centre-Est","Boulgou","Zonsé",2015,1.73015761375427
"Centre-Est","Boulgou","Zonsé",2016,7.01691246032715
"Centre-Est","Boulgou","Zonsé",2017,3.31667470932007
"Centre-Est","Boulgou","Zonsé",2018,3.24162125587463
"Centre-Est","Boulgou","Zonsé",2019,2.43651461601257
"Centre-Est","Boulgou","Zonsé",2020,0.938043415546417
"Centre-Est","Boulgou","Zonsé",2021,0.766338586807251
"Centre-Est","Boulgou","Zonsé",2022,0.689122557640076
"Centre-Est","Boulgou","Zonsé",2023,1.97391128540039
"Centre-Est","Boulgou","Zonsé",2024,0.530232310295105
"Centre-Est","Koulpélogo","Comin-Yanga",2012,0
"Centre-Est","Koulpélogo","Comin-Yanga",2013,0
"Centre-Est","Koulpélogo","Comin-Yanga",2014,0
"Centre-Est","Koulpélogo","Comin-Yanga",2015,0
"Centre-Est","Koulpélogo","Comin-Yanga",2016,1.29676413536072
"Centre-Est","Koulpélogo","Comin-Yanga",2017,0
"Centre-Est","Koulpélogo","Comin-Yanga",2018,0
"Centre-Est","Koulpélogo","Comin-Yanga",2019,0
"Centre-Est","Koulpélogo","Comin-Yanga",2020,0
"Centre-Est","Koulpélogo","Comin-Yanga",2021,0.576580405235291
"Centre-Est","Koulpélogo","Comin-Yanga",2022,0.731104791164398
"Centre-Est","Koulpélogo","Comin-Yanga",2023,0
"Centre-Est","Koulpélogo","Comin-Yanga",2024,0
"Centre-Est","Koulpélogo","Dourtenga",2012,0
"Centre-Est","Koulpélogo","Dourtenga",2013,1.16243886947632
"Centre-Est","Koulpélogo","Dourtenga",2014,0
"Centre-Est","Koulpélogo","Dourtenga",2015,0
"Centre-Est","Koulpélogo","Dourtenga",2016,0
"Centre-Est","Koulpélogo","Dourtenga",2017,0
"Centre-Est","Koulpélogo","Dourtenga",2018,0
"Centre-Est","Koulpélogo","Dourtenga",2019,0
"Centre-Est","Koulpélogo","Dourtenga",2020,0
"Centre-Est","Koulpélogo","Dourtenga",2021,0
"Centre-Est","Koulpélogo","Dourtenga",2022,0
"Centre-Est","Koulpélogo","Dourtenga",2023,0
"Centre-Est","Koulpélogo","Dourtenga",2024,0
"Centre-Est","Koulpélogo","Lalgaye",2012,0
"Centre-Est","Koulpélogo","Lalgaye",2013,2.34588027000427
"Centre-Est","Koulpélogo","Lalgaye",2014,0.84376722574234
"Centre-Est","Koulpélogo","Lalgaye",2015,1.37675762176514
"Centre-Est","Koulpélogo","Lalgaye",2016,1.4516429901123
"Centre-Est","Koulpélogo","Lalgaye",2017,1.95246291160583
"Centre-Est","Koulpélogo","Lalgaye",2018,0.547144055366516
"Centre-Est","Koulpélogo","Lalgaye",2019,0
"Centre-Est","Koulpélogo","Lalgaye",2020,0
"Centre-Est","Koulpélogo","Lalgaye",2021,0
"Centre-Est","Koulpélogo","Lalgaye",2022,0.513409316539764
"Centre-Est","Koulpélogo","Lalgaye",2023,0
"Centre-Est","Koulpélogo","Lalgaye",2024,0
"Centre-Est","Koulpélogo","Ouargaye",2012,0
"Centre-Est","Koulpélogo","Ouargaye",2013,0
"Centre-Est","Koulpélogo","Ouargaye",2014,1.1418445110321
"Centre-Est","Koulpélogo","Ouargaye",2015,2.59178733825684
"Centre-Est","Koulpélogo","Ouargaye",2016,2.32109975814819
"Centre-Est","Koulpélogo","Ouargaye",2017,2.50319886207581
"Centre-Est","Koulpélogo","Ouargaye",2018,5.25413703918457
"Centre-Est","Koulpélogo","Ouargaye",2019,4.66860294342041
"Centre-Est","Koulpélogo","Ouargaye",2020,3.13397860527039
"Centre-Est","Koulpélogo","Ouargaye",2021,17.2581729888916
"Centre-Est","Koulpélogo","Ouargaye",2022,16.4195709228516
"Centre-Est","Koulpélogo","Ouargaye",2023,0.505479633808136
"Centre-Est","Koulpélogo","Ouargaye",2024,2.54957747459412
"Centre-Est","Koulpélogo","Sangha",2012,0
"Centre-Est","Koulpélogo","Sangha",2013,0
"Centre-Est","Koulpélogo","Sangha",2014,0
"Centre-Est","Koulpélogo","Sangha",2015,0
"Centre-Est","Koulpélogo","Sangha",2016,0
"Centre-Est","Koulpélogo","Sangha",2017,1.24760413169861
"Centre-Est","Koulpélogo","Sangha",2018,0.506565630435944
"Centre-Est","Koulpélogo","Sangha",2019,0
"Centre-Est","Koulpélogo","Sangha",2020,0
"Centre-Est","Koulpélogo","Sangha",2021,6.03256511688232
"Centre-Est","Koulpélogo","Sangha",2022,11.7812328338623
"Centre-Est","Koulpélogo","Sangha",2023,11.4095640182495
"Centre-Est","Koulpélogo","Sangha",2024,22.2382373809814
"Centre-Est","Koulpélogo","Soudougui",2012,0
"Centre-Est","Koulpélogo","Soudougui",2013,0
"Centre-Est","Koulpélogo","Soudougui",2014,0
"Centre-Est","Koulpélogo","Soudougui",2015,0
"Centre-Est","Koulpélogo","Soudougui",2016,0
"Centre-Est","Koulpélogo","Soudougui",2017,1.8122775554657
"Centre-Est","Koulpélogo","Soudougui",2018,0
"Centre-Est","Koulpélogo","Soudougui",2019,0
"Centre-Est","Koulpélogo","Soudougui",2020,0.603221893310547
"Centre-Est","Koulpélogo","Soudougui",2021,2.43731546401978
"Centre-Est","Koulpélogo","Soudougui",2022,2.23903846740723
"Centre-Est","Koulpélogo","Soudougui",2023,0.38788166642189
"Centre-Est","Koulpélogo","Soudougui",2024,1.24344921112061
"Centre-Est","Koulpélogo","Yargatenga",2012,20.6973152160645
"Centre-Est","Koulpélogo","Yargatenga",2013,19.0585174560547
"Centre-Est","Koulpélogo","Yargatenga",2014,22.1509838104248
"Centre-Est","Koulpélogo","Yargatenga",2015,26.5911502838135
"Centre-Est","Koulpélogo","Yargatenga",2016,34.3554077148438
"Centre-Est","Koulpélogo","Yargatenga",2017,33.9184455871582
"Centre-Est","Koulpélogo","Yargatenga",2018,49.9085845947266
"Centre-Est","Koulpélogo","Yargatenga",2019,58.2273864746094
"Centre-Est","Koulpélogo","Yargatenga",2020,62.2808570861816
"Centre-Est","Koulpélogo","Yargatenga",2021,76.6452331542969
"Centre-Est","Koulpélogo","Yargatenga",2022,104.527366638184
"Centre-Est","Koulpélogo","Yargatenga",2023,124.129257202148
"Centre-Est","Koulpélogo","Yargatenga",2024,169.756958007812
"Centre-Est","Koulpélogo","Yondé",2012,0
"Centre-Est","Koulpélogo","Yondé",2013,0
"Centre-Est","Koulpélogo","Yondé",2014,0
"Centre-Est","Koulpélogo","Yondé",2015,0
"Centre-Est","Koulpélogo","Yondé",2016,1.75578451156616
"Centre-Est","Koulpélogo","Yondé",2017,1.14626955986023
"Centre-Est","Koulpélogo","Yondé",2018,0
"Centre-Est","Koulpélogo","Yondé",2019,0
"Centre-Est","Koulpélogo","Yondé",2020,0
"Centre-Est","Koulpélogo","Yondé",2021,0.698242604732513
"Centre-Est","Koulpélogo","Yondé",2022,0.661762237548828
"Centre-Est","Koulpélogo","Yondé",2023,0
"Centre-Est","Koulpélogo","Yondé",2024,0.513284087181091
"Centre-Est","Kouritenga","Andemtenga",2012,0
"Centre-Est","Kouritenga","Andemtenga",2013,0
"Centre-Est","Kouritenga","Andemtenga",2014,0
"Centre-Est","Kouritenga","Andemtenga",2015,0
"Centre-Est","Kouritenga","Andemtenga",2016,0
"Centre-Est","Kouritenga","Andemtenga",2017,0.502311408519745
"Centre-Est","Kouritenga","Andemtenga",2018,0.556125640869141
"Centre-Est","Kouritenga","Andemtenga",2019,2.87866735458374
"Centre-Est","Kouritenga","Andemtenga",2020,1.02707159519196
"Centre-Est","Kouritenga","Andemtenga",2021,0.72135066986084
"Centre-Est","Kouritenga","Andemtenga",2022,2.70626449584961
"Centre-Est","Kouritenga","Andemtenga",2023,15.3831634521484
"Centre-Est","Kouritenga","Andemtenga",2024,9.46574020385742
"Centre-Est","Kouritenga","Baskouré",2012,1.2102118730545
"Centre-Est","Kouritenga","Baskouré",2013,1.04924762248993
"Centre-Est","Kouritenga","Baskouré",2014,1.21779775619507
"Centre-Est","Kouritenga","Baskouré",2015,0
"Centre-Est","Kouritenga","Baskouré",2016,0
"Centre-Est","Kouritenga","Baskouré",2017,0
"Centre-Est","Kouritenga","Baskouré",2018,0
"Centre-Est","Kouritenga","Baskouré",2019,0
"Centre-Est","Kouritenga","Baskouré",2020,0
"Centre-Est","Kouritenga","Baskouré",2021,0
"Centre-Est","Kouritenga","Baskouré",2022,0
"Centre-Est","Kouritenga","Baskouré",2023,1.61370348930359
"Centre-Est","Kouritenga","Baskouré",2024,0.588354170322418
"Centre-Est","Kouritenga","Dialgaye",2012,2.39267706871033
"Centre-Est","Kouritenga","Dialgaye",2013,2.34838271141052
"Centre-Est","Kouritenga","Dialgaye",2014,3.43156456947327
"Centre-Est","Kouritenga","Dialgaye",2015,3.20878124237061
"Centre-Est","Kouritenga","Dialgaye",2016,0
"Centre-Est","Kouritenga","Dialgaye",2017,0
"Centre-Est","Kouritenga","Dialgaye",2018,0
"Centre-Est","Kouritenga","Dialgaye",2019,3.51610493659973
"Centre-Est","Kouritenga","Dialgaye",2020,2.46251606941223
"Centre-Est","Kouritenga","Dialgaye",2021,3.68899512290955
"Centre-Est","Kouritenga","Dialgaye",2022,6.16894435882568
"Centre-Est","Kouritenga","Dialgaye",2023,8.71830940246582
"Centre-Est","Kouritenga","Dialgaye",2024,7.00485515594482
"Centre-Est","Kouritenga","Gounghin",2012,2.3701503276825
"Centre-Est","Kouritenga","Gounghin",2013,1.08126497268677
"Centre-Est","Kouritenga","Gounghin",2014,1.90325725078583
"Centre-Est","Kouritenga","Gounghin",2015,1.03934144973755
"Centre-Est","Kouritenga","Gounghin",2016,0
"Centre-Est","Kouritenga","Gounghin",2017,0.510428726673126
"Centre-Est","Kouritenga","Gounghin",2018,0
"Centre-Est","Kouritenga","Gounghin",2019,0
"Centre-Est","Kouritenga","Gounghin",2020,0
"Centre-Est","Kouritenga","Gounghin",2021,0
"Centre-Est","Kouritenga","Gounghin",2022,0
"Centre-Est","Kouritenga","Gounghin",2023,0.560598015785217
"Centre-Est","Kouritenga","Gounghin",2024,0
"Centre-Est","Kouritenga","Kando",2012,0
"Centre-Est","Kouritenga","Kando",2013,0
"Centre-Est","Kouritenga","Kando",2014,0
"Centre-Est","Kouritenga","Kando",2015,0
"Centre-Est","Kouritenga","Kando",2016,0
"Centre-Est","Kouritenga","Kando",2017,0
"Centre-Est","Kouritenga","Kando",2018,0
"Centre-Est","Kouritenga","Kando",2019,2.89571118354797
"Centre-Est","Kouritenga","Kando",2020,0
"Centre-Est","Kouritenga","Kando",2021,0
"Centre-Est","Kouritenga","Kando",2022,1.26502287387848
"Centre-Est","Kouritenga","Kando",2023,1.567054271698
"Centre-Est","Kouritenga","Kando",2024,0
"Centre-Est","Kouritenga","Koupéla",2012,85.7218704223633
"Centre-Est","Kouritenga","Koupéla",2013,78.7619018554688
"Centre-Est","Kouritenga","Koupéla",2014,105.581649780273
"Centre-Est","Kouritenga","Koupéla",2015,130.426406860352
"Centre-Est","Kouritenga","Koupéla",2016,125.836990356445
"Centre-Est","Kouritenga","Koupéla",2017,129.255386352539
"Centre-Est","Kouritenga","Koupéla",2018,142.753723144531
"Centre-Est","Kouritenga","Koupéla",2019,150.480102539062
"Centre-Est","Kouritenga","Koupéla",2020,142.411437988281
"Centre-Est","Kouritenga","Koupéla",2021,172.43229675293
"Centre-Est","Kouritenga","Koupéla",2022,217.378890991211
"Centre-Est","Kouritenga","Koupéla",2023,270.856353759766
"Centre-Est","Kouritenga","Koupéla",2024,250.023956298828
"Centre-Est","Kouritenga","Pouytenga",2012,158.058883666992
"Centre-Est","Kouritenga","Pouytenga",2013,169.910461425781
"Centre-Est","Kouritenga","Pouytenga",2014,204.587799072266
"Centre-Est","Kouritenga","Pouytenga",2015,199.436172485352
"Centre-Est","Kouritenga","Pouytenga",2016,183.373962402344
"Centre-Est","Kouritenga","Pouytenga",2017,153.946914672852
"Centre-Est","Kouritenga","Pouytenga",2018,175.819915771484
"Centre-Est","Kouritenga","Pouytenga",2019,204.154586791992
"Centre-Est","Kouritenga","Pouytenga",2020,176.910354614258
"Centre-Est","Kouritenga","Pouytenga",2021,205.253005981445
"Centre-Est","Kouritenga","Pouytenga",2022,302.149780273438
"Centre-Est","Kouritenga","Pouytenga",2023,375.0234375
"Centre-Est","Kouritenga","Pouytenga",2024,381.440795898438
"Centre-Est","Kouritenga","Tensobentenga",2012,0.954153597354889
"Centre-Est","Kouritenga","Tensobentenga",2013,0
"Centre-Est","Kouritenga","Tensobentenga",2014,0.380896627902985
"Centre-Est","Kouritenga","Tensobentenga",2015,0.641442894935608
"Centre-Est","Kouritenga","Tensobentenga",2016,0
"Centre-Est","Kouritenga","Tensobentenga",2017,0
"Centre-Est","Kouritenga","Tensobentenga",2018,2.51097917556763
"Centre-Est","Kouritenga","Tensobentenga",2019,2.34057545661926
"Centre-Est","Kouritenga","Tensobentenga",2020,0.871878325939178
"Centre-Est","Kouritenga","Tensobentenga",2021,1.32067477703094
"Centre-Est","Kouritenga","Tensobentenga",2022,2.60582113265991
"Centre-Est","Kouritenga","Tensobentenga",2023,1.96938133239746
"Centre-Est","Kouritenga","Tensobentenga",2024,1.09315025806427
"Centre-Est","Kouritenga","Yargo",2012,0
"Centre-Est","Kouritenga","Yargo",2013,0
"Centre-Est","Kouritenga","Yargo",2014,0
"Centre-Est","Kouritenga","Yargo",2015,0
"Centre-Est","Kouritenga","Yargo",2016,0
"Centre-Est","Kouritenga","Yargo",2017,0
"Centre-Est","Kouritenga","Yargo",2018,0.710511267185211
"Centre-Est","Kouritenga","Yargo",2019,2.01448559761047
"Centre-Est","Kouritenga","Yargo",2020,0.500637531280518
"Centre-Est","Kouritenga","Yargo",2021,1.09815609455109
"Centre-Est","Kouritenga","Yargo",2022,2.31743001937866
"Centre-Est","Kouritenga","Yargo",2023,1.87031936645508
"Centre-Est","Kouritenga","Yargo",2024,0.606254041194916
"Centre-Nord","Bam","Bourzanga",2012,0.719726860523224
"Centre-Nord","Bam","Bourzanga",2013,0.903874158859253
"Centre-Nord","Bam","Bourzanga",2014,0
"Centre-Nord","Bam","Bourzanga",2015,0
"Centre-Nord","Bam","Bourzanga",2016,0
"Centre-Nord","Bam","Bourzanga",2017,2.04041075706482
"Centre-Nord","Bam","Bourzanga",2018,31.4884948730469
"Centre-Nord","Bam","Bourzanga",2019,32.5753402709961
"Centre-Nord","Bam","Bourzanga",2020,23.0620594024658
"Centre-Nord","Bam","Bourzanga",2021,23.6648197174072
"Centre-Nord","Bam","Bourzanga",2022,3.07963705062866
"Centre-Nord","Bam","Bourzanga",2023,2.25327944755554
"Centre-Nord","Bam","Bourzanga",2024,0
"Centre-Nord","Bam","Guibare",2012,2.24318218231201
"Centre-Nord","Bam","Guibare",2013,0.547695636749268
"Centre-Nord","Bam","Guibare",2014,0
"Centre-Nord","Bam","Guibare",2015,0.50004768371582
"Centre-Nord","Bam","Guibare",2016,9.03334712982178
"Centre-Nord","Bam","Guibare",2017,18.569185256958
"Centre-Nord","Bam","Guibare",2018,14.8139533996582
"Centre-Nord","Bam","Guibare",2019,12.358811378479
"Centre-Nord","Bam","Guibare",2020,2.26068925857544
"Centre-Nord","Bam","Guibare",2021,3.16874289512634
"Centre-Nord","Bam","Guibare",2022,5.62320280075073
"Centre-Nord","Bam","Guibare",2023,7.63586950302124
"Centre-Nord","Bam","Guibare",2024,5.13120937347412
"Centre-Nord","Bam","Kongoussi",2012,53.5071487426758
"Centre-Nord","Bam","Kongoussi",2013,47.0769882202148
"Centre-Nord","Bam","Kongoussi",2014,57.4400672912598
"Centre-Nord","Bam","Kongoussi",2015,56.4058609008789
"Centre-Nord","Bam","Kongoussi",2016,57.2385482788086
"Centre-Nord","Bam","Kongoussi",2017,58.5386619567871
"Centre-Nord","Bam","Kongoussi",2018,56.8403282165527
"Centre-Nord","Bam","Kongoussi",2019,48.6184768676758
"Centre-Nord","Bam","Kongoussi",2020,55.7049102783203
"Centre-Nord","Bam","Kongoussi",2021,70.3999633789062
"Centre-Nord","Bam","Kongoussi",2022,114.693840026855
"Centre-Nord","Bam","Kongoussi",2023,122.264297485352
"Centre-Nord","Bam","Kongoussi",2024,136.237884521484
"Centre-Nord","Bam","Nassere",2012,0
"Centre-Nord","Bam","Nassere",2013,0
"Centre-Nord","Bam","Nassere",2014,0
"Centre-Nord","Bam","Nassere",2015,0
"Centre-Nord","Bam","Nassere",2016,0.563925564289093
"Centre-Nord","Bam","Nassere",2017,1.3473527431488
"Centre-Nord","Bam","Nassere",2018,1.39710247516632
"Centre-Nord","Bam","Nassere",2019,0.655123829841614
"Centre-Nord","Bam","Nassere",2020,0.592840373516083
"Centre-Nord","Bam","Nassere",2021,0.526524662971497
"Centre-Nord","Bam","Nassere",2022,0
"Centre-Nord","Bam","Nassere",2023,0
"Centre-Nord","Bam","Nassere",2024,0
"Centre-Nord","Bam","Rollo",2012,0
"Centre-Nord","Bam","Rollo",2013,0
"Centre-Nord","Bam","Rollo",2014,0
"Centre-Nord","Bam","Rollo",2015,0
"Centre-Nord","Bam","Rollo",2016,0
"Centre-Nord","Bam","Rollo",2017,0
"Centre-Nord","Bam","Rollo",2018,0
"Centre-Nord","Bam","Rollo",2019,0.584719300270081
"Centre-Nord","Bam","Rollo",2020,2.10446095466614
"Centre-Nord","Bam","Rollo",2021,1.60494780540466
"Centre-Nord","Bam","Rollo",2022,2.58377552032471
"Centre-Nord","Bam","Rollo",2023,0
"Centre-Nord","Bam","Rollo",2024,0
"Centre-Nord","Bam","Rouko",2012,0
"Centre-Nord","Bam","Rouko",2013,0.632314145565033
"Centre-Nord","Bam","Rouko",2014,0
"Centre-Nord","Bam","Rouko",2015,0
"Centre-Nord","Bam","Rouko",2016,0
"Centre-Nord","Bam","Rouko",2017,0
"Centre-Nord","Bam","Rouko",2018,0
"Centre-Nord","Bam","Rouko",2019,0
"Centre-Nord","Bam","Rouko",2020,0
"Centre-Nord","Bam","Rouko",2021,0
"Centre-Nord","Bam","Rouko",2022,0
"Centre-Nord","Bam","Rouko",2023,0.569763839244843
"Centre-Nord","Bam","Rouko",2024,0
"Centre-Nord","Bam","Sabce",2012,30.257905960083
"Centre-Nord","Bam","Sabce",2013,316.118865966797
"Centre-Nord","Bam","Sabce",2014,320.48974609375
"Centre-Nord","Bam","Sabce",2015,315.284851074219
"Centre-Nord","Bam","Sabce",2016,372.462341308594
"Centre-Nord","Bam","Sabce",2017,451.72900390625
"Centre-Nord","Bam","Sabce",2018,467.103179931641
"Centre-Nord","Bam","Sabce",2019,384.446563720703
"Centre-Nord","Bam","Sabce",2020,346.750732421875
"Centre-Nord","Bam","Sabce",2021,352.310272216797
"Centre-Nord","Bam","Sabce",2022,366.165771484375
"Centre-Nord","Bam","Sabce",2023,455.458801269531
"Centre-Nord","Bam","Sabce",2024,453.967346191406
"Centre-Nord","Bam","Tikare",2012,0
"Centre-Nord","Bam","Tikare",2013,0.648226141929626
"Centre-Nord","Bam","Tikare",2014,0
"Centre-Nord","Bam","Tikare",2015,0.546224117279053
"Centre-Nord","Bam","Tikare",2016,0.609773695468903
"Centre-Nord","Bam","Tikare",2017,0.57106477022171
"Centre-Nord","Bam","Tikare",2018,0.545768678188324
"Centre-Nord","Bam","Tikare",2019,1.36529052257538
"Centre-Nord","Bam","Tikare",2020,0.641595304012299
"Centre-Nord","Bam","Tikare",2021,0.579588115215302
"Centre-Nord","Bam","Tikare",2022,0.62673008441925
"Centre-Nord","Bam","Tikare",2023,0
"Centre-Nord","Bam","Tikare",2024,0
"Centre-Nord","Bam","Zimtenga",2012,0
"Centre-Nord","Bam","Zimtenga",2013,0
"Centre-Nord","Bam","Zimtenga",2014,0
"Centre-Nord","Bam","Zimtenga",2015,0
"Centre-Nord","Bam","Zimtenga",2016,0
"Centre-Nord","Bam","Zimtenga",2017,0
"Centre-Nord","Bam","Zimtenga",2018,0
"Centre-Nord","Bam","Zimtenga",2019,0
"Centre-Nord","Bam","Zimtenga",2020,0
"Centre-Nord","Bam","Zimtenga",2021,0
"Centre-Nord","Bam","Zimtenga",2022,0
"Centre-Nord","Bam","Zimtenga",2023,0
"Centre-Nord","Bam","Zimtenga",2024,0
"Centre-Nord","Namentenga","Boala",2012,0
"Centre-Nord","Namentenga","Boala",2013,0
"Centre-Nord","Namentenga","Boala",2014,0
"Centre-Nord","Namentenga","Boala",2015,1.9604240655899
"Centre-Nord","Namentenga","Boala",2016,1.33436298370361
"Centre-Nord","Namentenga","Boala",2017,0.636532485485077
"Centre-Nord","Namentenga","Boala",2018,3.37715029716492
"Centre-Nord","Namentenga","Boala",2019,2.70073485374451
"Centre-Nord","Namentenga","Boala",2020,2.45610499382019
"Centre-Nord","Namentenga","Boala",2021,3.29625582695007
"Centre-Nord","Namentenga","Boala",2022,3.4832124710083
"Centre-Nord","Namentenga","Boala",2023,0
"Centre-Nord","Namentenga","Boala",2024,0
"Centre-Nord","Namentenga","Boulsa",2012,24.0060119628906
"Centre-Nord","Namentenga","Boulsa",2013,24.7185916900635
"Centre-Nord","Namentenga","Boulsa",2014,24.1242351531982
"Centre-Nord","Namentenga","Boulsa",2015,21.0697479248047
"Centre-Nord","Namentenga","Boulsa",2016,24.0252418518066
"Centre-Nord","Namentenga","Boulsa",2017,19.2106094360352
"Centre-Nord","Namentenga","Boulsa",2018,24.4569778442383
"Centre-Nord","Namentenga","Boulsa",2019,20.4628791809082
"Centre-Nord","Namentenga","Boulsa",2020,20.0381755828857
"Centre-Nord","Namentenga","Boulsa",2021,21.100622177124
"Centre-Nord","Namentenga","Boulsa",2022,37.1185760498047
"Centre-Nord","Namentenga","Boulsa",2023,55.9334526062012
"Centre-Nord","Namentenga","Boulsa",2024,62.3847465515137
"Centre-Nord","Namentenga","Bouroum",2012,1.19197940826416
"Centre-Nord","Namentenga","Bouroum",2013,0
"Centre-Nord","Namentenga","Bouroum",2014,4.51739501953125
"Centre-Nord","Namentenga","Bouroum",2015,5.15476894378662
"Centre-Nord","Namentenga","Bouroum",2016,9.73222827911377
"Centre-Nord","Namentenga","Bouroum",2017,5.51352071762085
"Centre-Nord","Namentenga","Bouroum",2018,1.53949785232544
"Centre-Nord","Namentenga","Bouroum",2019,2.25666570663452
"Centre-Nord","Namentenga","Bouroum",2020,1.51413059234619
"Centre-Nord","Namentenga","Bouroum",2021,1.4357578754425
"Centre-Nord","Namentenga","Bouroum",2022,0
"Centre-Nord","Namentenga","Bouroum",2023,0
"Centre-Nord","Namentenga","Bouroum",2024,0
"Centre-Nord","Namentenga","Dargo",2012,3.91692018508911
"Centre-Nord","Namentenga","Dargo",2013,3.95322585105896
"Centre-Nord","Namentenga","Dargo",2014,2.64650440216064
"Centre-Nord","Namentenga","Dargo",2015,3.34102201461792
"Centre-Nord","Namentenga","Dargo",2016,2.7423791885376
"Centre-Nord","Namentenga","Dargo",2017,2.14983797073364
"Centre-Nord","Namentenga","Dargo",2018,1.95322072505951
"Centre-Nord","Namentenga","Dargo",2019,3.64701628684998
"Centre-Nord","Namentenga","Dargo",2020,1.72805428504944
"Centre-Nord","Namentenga","Dargo",2021,0
"Centre-Nord","Namentenga","Dargo",2022,0.527117192745209
"Centre-Nord","Namentenga","Dargo",2023,0
"Centre-Nord","Namentenga","Dargo",2024,0
"Centre-Nord","Namentenga","Nagbingou",2012,0
"Centre-Nord","Namentenga","Nagbingou",2013,0
"Centre-Nord","Namentenga","Nagbingou",2014,0
"Centre-Nord","Namentenga","Nagbingou",2015,0
"Centre-Nord","Namentenga","Nagbingou",2016,0
"Centre-Nord","Namentenga","Nagbingou",2017,0
"Centre-Nord","Namentenga","Nagbingou",2018,0
"Centre-Nord","Namentenga","Nagbingou",2019,0
"Centre-Nord","Namentenga","Nagbingou",2020,0
"Centre-Nord","Namentenga","Nagbingou",2021,0
"Centre-Nord","Namentenga","Nagbingou",2022,0
"Centre-Nord","Namentenga","Nagbingou",2023,0
"Centre-Nord","Namentenga","Nagbingou",2024,0
"Centre-Nord","Namentenga","Tougouri",2012,0
"Centre-Nord","Namentenga","Tougouri",2013,0
"Centre-Nord","Namentenga","Tougouri",2014,0
"Centre-Nord","Namentenga","Tougouri",2015,0
"Centre-Nord","Namentenga","Tougouri",2016,0
"Centre-Nord","Namentenga","Tougouri",2017,0
"Centre-Nord","Namentenga","Tougouri",2018,0
"Centre-Nord","Namentenga","Tougouri",2019,7.65020990371704
"Centre-Nord","Namentenga","Tougouri",2020,8.76766777038574
"Centre-Nord","Namentenga","Tougouri",2021,12.2233219146729
"Centre-Nord","Namentenga","Tougouri",2022,2.08872556686401
"Centre-Nord","Namentenga","Tougouri",2023,0
"Centre-Nord","Namentenga","Tougouri",2024,0
"Centre-Nord","Namentenga","Yalgo",2012,169.394821166992
"Centre-Nord","Namentenga","Yalgo",2013,166.130935668945
"Centre-Nord","Namentenga","Yalgo",2014,150.401794433594
"Centre-Nord","Namentenga","Yalgo",2015,144.843063354492
"Centre-Nord","Namentenga","Yalgo",2016,127.142120361328
"Centre-Nord","Namentenga","Yalgo",2017,131.579544067383
"Centre-Nord","Namentenga","Yalgo",2018,137.720703125
"Centre-Nord","Namentenga","Yalgo",2019,134.029739379883
"Centre-Nord","Namentenga","Yalgo",2020,116.205062866211
"Centre-Nord","Namentenga","Yalgo",2021,123.818923950195
"Centre-Nord","Namentenga","Yalgo",2022,113.052474975586
"Centre-Nord","Namentenga","Yalgo",2023,69.7376480102539
"Centre-Nord","Namentenga","Yalgo",2024,75.082405090332
"Centre-Nord","Namentenga","Zeguedeguin",2012,0
"Centre-Nord","Namentenga","Zeguedeguin",2013,0
"Centre-Nord","Namentenga","Zeguedeguin",2014,0
"Centre-Nord","Namentenga","Zeguedeguin",2015,0
"Centre-Nord","Namentenga","Zeguedeguin",2016,0.55385833978653
"Centre-Nord","Namentenga","Zeguedeguin",2017,0.516227602958679
"Centre-Nord","Namentenga","Zeguedeguin",2018,0
"Centre-Nord","Namentenga","Zeguedeguin",2019,0
"Centre-Nord","Namentenga","Zeguedeguin",2020,0
"Centre-Nord","Namentenga","Zeguedeguin",2021,0
"Centre-Nord","Namentenga","Zeguedeguin",2022,1.09981441497803
"Centre-Nord","Namentenga","Zeguedeguin",2023,0
"Centre-Nord","Namentenga","Zeguedeguin",2024,0
"Centre-Nord","Sanmatenga","Barsalogho",2012,0
"Centre-Nord","Sanmatenga","Barsalogho",2013,0
"Centre-Nord","Sanmatenga","Barsalogho",2014,0
"Centre-Nord","Sanmatenga","Barsalogho",2015,0
"Centre-Nord","Sanmatenga","Barsalogho",2016,0
"Centre-Nord","Sanmatenga","Barsalogho",2017,0
"Centre-Nord","Sanmatenga","Barsalogho",2018,0
"Centre-Nord","Sanmatenga","Barsalogho",2019,0
"Centre-Nord","Sanmatenga","Barsalogho",2020,0
"Centre-Nord","Sanmatenga","Barsalogho",2021,0
"Centre-Nord","Sanmatenga","Barsalogho",2022,0
"Centre-Nord","Sanmatenga","Barsalogho",2023,0
"Centre-Nord","Sanmatenga","Barsalogho",2024,0
"Centre-Nord","Sanmatenga","Boussouma",2012,20.9328556060791
"Centre-Nord","Sanmatenga","Boussouma",2013,27.0903797149658
"Centre-Nord","Sanmatenga","Boussouma",2014,21.4980525970459
"Centre-Nord","Sanmatenga","Boussouma",2015,19.0609245300293
"Centre-Nord","Sanmatenga","Boussouma",2016,16.8233737945557
"Centre-Nord","Sanmatenga","Boussouma",2017,24.6819705963135
"Centre-Nord","Sanmatenga","Boussouma",2018,32.9685668945312
"Centre-Nord","Sanmatenga","Boussouma",2019,29.4357757568359
"Centre-Nord","Sanmatenga","Boussouma",2020,24.193775177002
"Centre-Nord","Sanmatenga","Boussouma",2021,36.1374626159668
"Centre-Nord","Sanmatenga","Boussouma",2022,44.0634613037109
"Centre-Nord","Sanmatenga","Boussouma",2023,61.6823196411133
"Centre-Nord","Sanmatenga","Boussouma",2024,54.4551620483398
"Centre-Nord","Sanmatenga","Dablo",2012,0
"Centre-Nord","Sanmatenga","Dablo",2013,0
"Centre-Nord","Sanmatenga","Dablo",2014,0
"Centre-Nord","Sanmatenga","Dablo",2015,0
"Centre-Nord","Sanmatenga","Dablo",2016,0
"Centre-Nord","Sanmatenga","Dablo",2017,0
"Centre-Nord","Sanmatenga","Dablo",2018,0
"Centre-Nord","Sanmatenga","Dablo",2019,0
"Centre-Nord","Sanmatenga","Dablo",2020,0
"Centre-Nord","Sanmatenga","Dablo",2021,0
"Centre-Nord","Sanmatenga","Dablo",2022,0
"Centre-Nord","Sanmatenga","Dablo",2023,0
"Centre-Nord","Sanmatenga","Dablo",2024,0
"Centre-Nord","Sanmatenga","Kaya",2012,173.582275390625
"Centre-Nord","Sanmatenga","Kaya",2013,171.893997192383
"Centre-Nord","Sanmatenga","Kaya",2014,159.332336425781
"Centre-Nord","Sanmatenga","Kaya",2015,188.639694213867
"Centre-Nord","Sanmatenga","Kaya",2016,294.534149169922
"Centre-Nord","Sanmatenga","Kaya",2017,417.147583007812
"Centre-Nord","Sanmatenga","Kaya",2018,370.200439453125
"Centre-Nord","Sanmatenga","Kaya",2019,313.458679199219
"Centre-Nord","Sanmatenga","Kaya",2020,350.559051513672
"Centre-Nord","Sanmatenga","Kaya",2021,395.520782470703
"Centre-Nord","Sanmatenga","Kaya",2022,453.828887939453
"Centre-Nord","Sanmatenga","Kaya",2023,518.171264648438
"Centre-Nord","Sanmatenga","Kaya",2024,563.789916992188
"Centre-Nord","Sanmatenga","Korsimoro",2012,10.4170293807983
"Centre-Nord","Sanmatenga","Korsimoro",2013,7.74169921875
"Centre-Nord","Sanmatenga","Korsimoro",2014,7.50169467926025
"Centre-Nord","Sanmatenga","Korsimoro",2015,8.05437850952148
"Centre-Nord","Sanmatenga","Korsimoro",2016,8.82954502105713
"Centre-Nord","Sanmatenga","Korsimoro",2017,8.31788635253906
"Centre-Nord","Sanmatenga","Korsimoro",2018,6.64015054702759
"Centre-Nord","Sanmatenga","Korsimoro",2019,7.10790538787842
"Centre-Nord","Sanmatenga","Korsimoro",2020,7.01015281677246
"Centre-Nord","Sanmatenga","Korsimoro",2021,10.7652435302734
"Centre-Nord","Sanmatenga","Korsimoro",2022,16.3625869750977
"Centre-Nord","Sanmatenga","Korsimoro",2023,17.9874496459961
"Centre-Nord","Sanmatenga","Korsimoro",2024,17.8239459991455
"Centre-Nord","Sanmatenga","Mane",2012,1.22044491767883
"Centre-Nord","Sanmatenga","Mane",2013,8.21073532104492
"Centre-Nord","Sanmatenga","Mane",2014,19.3184280395508
"Centre-Nord","Sanmatenga","Mane",2015,22.4707794189453
"Centre-Nord","Sanmatenga","Mane",2016,74.2886199951172
"Centre-Nord","Sanmatenga","Mane",2017,154.383697509766
"Centre-Nord","Sanmatenga","Mane",2018,134.240005493164
"Centre-Nord","Sanmatenga","Mane",2019,126.397415161133
"Centre-Nord","Sanmatenga","Mane",2020,138.197387695312
"Centre-Nord","Sanmatenga","Mane",2021,142.262893676758
"Centre-Nord","Sanmatenga","Mane",2022,123.605270385742
"Centre-Nord","Sanmatenga","Mane",2023,181.027770996094
"Centre-Nord","Sanmatenga","Mane",2024,238.674362182617
"Centre-Nord","Sanmatenga","Namissiguima",2012,0
"Centre-Nord","Sanmatenga","Namissiguima",2013,0
"Centre-Nord","Sanmatenga","Namissiguima",2014,0
"Centre-Nord","Sanmatenga","Namissiguima",2015,0
"Centre-Nord","Sanmatenga","Namissiguima",2016,0
"Centre-Nord","Sanmatenga","Namissiguima",2017,0
"Centre-Nord","Sanmatenga","Namissiguima",2018,0
"Centre-Nord","Sanmatenga","Namissiguima",2019,0
"Centre-Nord","Sanmatenga","Namissiguima",2020,0
"Centre-Nord","Sanmatenga","Namissiguima",2021,0
"Centre-Nord","Sanmatenga","Namissiguima",2022,0
"Centre-Nord","Sanmatenga","Namissiguima",2023,0
"Centre-Nord","Sanmatenga","Namissiguima",2024,0
"Centre-Nord","Sanmatenga","Pensa",2012,0
"Centre-Nord","Sanmatenga","Pensa",2013,0
"Centre-Nord","Sanmatenga","Pensa",2014,0
"Centre-Nord","Sanmatenga","Pensa",2015,0
"Centre-Nord","Sanmatenga","Pensa",2016,0
"Centre-Nord","Sanmatenga","Pensa",2017,0
"Centre-Nord","Sanmatenga","Pensa",2018,0
"Centre-Nord","Sanmatenga","Pensa",2019,0
"Centre-Nord","Sanmatenga","Pensa",2020,0
"Centre-Nord","Sanmatenga","Pensa",2021,0
"Centre-Nord","Sanmatenga","Pensa",2022,0
"Centre-Nord","Sanmatenga","Pensa",2023,0
"Centre-Nord","Sanmatenga","Pensa",2024,0
"Centre-Nord","Sanmatenga","Pibaore",2012,0
"Centre-Nord","Sanmatenga","Pibaore",2013,0
"Centre-Nord","Sanmatenga","Pibaore",2014,0
"Centre-Nord","Sanmatenga","Pibaore",2015,0.53658127784729
"Centre-Nord","Sanmatenga","Pibaore",2016,0.534209370613098
"Centre-Nord","Sanmatenga","Pibaore",2017,1.94441962242126
"Centre-Nord","Sanmatenga","Pibaore",2018,1.83651602268219
"Centre-Nord","Sanmatenga","Pibaore",2019,0.522674083709717
"Centre-Nord","Sanmatenga","Pibaore",2020,0
"Centre-Nord","Sanmatenga","Pibaore",2021,0
"Centre-Nord","Sanmatenga","Pibaore",2022,2.22731709480286
"Centre-Nord","Sanmatenga","Pibaore",2023,0
"Centre-Nord","Sanmatenga","Pibaore",2024,0
"Centre-Nord","Sanmatenga","Pissila",2012,0
"Centre-Nord","Sanmatenga","Pissila",2013,0
"Centre-Nord","Sanmatenga","Pissila",2014,0
"Centre-Nord","Sanmatenga","Pissila",2015,0
"Centre-Nord","Sanmatenga","Pissila",2016,0
"Centre-Nord","Sanmatenga","Pissila",2017,0
"Centre-Nord","Sanmatenga","Pissila",2018,1.01670479774475
"Centre-Nord","Sanmatenga","Pissila",2019,0.652502179145813
"Centre-Nord","Sanmatenga","Pissila",2020,6.98542451858521
"Centre-Nord","Sanmatenga","Pissila",2021,8.66976165771484
"Centre-Nord","Sanmatenga","Pissila",2022,6.7062931060791
"Centre-Nord","Sanmatenga","Pissila",2023,6.90370941162109
"Centre-Nord","Sanmatenga","Pissila",2024,17.8611850738525
"Centre-Nord","Sanmatenga","Ziga",2012,0
"Centre-Nord","Sanmatenga","Ziga",2013,0
"Centre-Nord","Sanmatenga","Ziga",2014,0
"Centre-Nord","Sanmatenga","Ziga",2015,1.89503955841064
"Centre-Nord","Sanmatenga","Ziga",2016,0.581696927547455
"Centre-Nord","Sanmatenga","Ziga",2017,0.54397577047348
"Centre-Nord","Sanmatenga","Ziga",2018,0.769777715206146
"Centre-Nord","Sanmatenga","Ziga",2019,1.27638530731201
"Centre-Nord","Sanmatenga","Ziga",2020,0
"Centre-Nord","Sanmatenga","Ziga",2021,0.540042161941528
"Centre-Nord","Sanmatenga","Ziga",2022,3.54258298873901
"Centre-Nord","Sanmatenga","Ziga",2023,2.65320229530334
"Centre-Nord","Sanmatenga","Ziga",2024,0.683940470218658
"Centre-Ouest","Boulkiemdé","Bingo",2012,0
"Centre-Ouest","Boulkiemdé","Bingo",2013,3.62819027900696
"Centre-Ouest","Boulkiemdé","Bingo",2014,0
"Centre-Ouest","Boulkiemdé","Bingo",2015,0
"Centre-Ouest","Boulkiemdé","Bingo",2016,0
"Centre-Ouest","Boulkiemdé","Bingo",2017,0
"Centre-Ouest","Boulkiemdé","Bingo",2018,0
"Centre-Ouest","Boulkiemdé","Bingo",2019,0
"Centre-Ouest","Boulkiemdé","Bingo",2020,0
"Centre-Ouest","Boulkiemdé","Bingo",2021,0
"Centre-Ouest","Boulkiemdé","Bingo",2022,0
"Centre-Ouest","Boulkiemdé","Bingo",2023,0
"Centre-Ouest","Boulkiemdé","Bingo",2024,0
"Centre-Ouest","Boulkiemdé","Imasgho",2012,0
"Centre-Ouest","Boulkiemdé","Imasgho",2013,0
"Centre-Ouest","Boulkiemdé","Imasgho",2014,0
"Centre-Ouest","Boulkiemdé","Imasgho",2015,0
"Centre-Ouest","Boulkiemdé","Imasgho",2016,2.58492255210876
"Centre-Ouest","Boulkiemdé","Imasgho",2017,1.85690402984619
"Centre-Ouest","Boulkiemdé","Imasgho",2018,0
"Centre-Ouest","Boulkiemdé","Imasgho",2019,0
"Centre-Ouest","Boulkiemdé","Imasgho",2020,0
"Centre-Ouest","Boulkiemdé","Imasgho",2021,0
"Centre-Ouest","Boulkiemdé","Imasgho",2022,1.51832985877991
"Centre-Ouest","Boulkiemdé","Imasgho",2023,2.39066743850708
"Centre-Ouest","Boulkiemdé","Imasgho",2024,3.96035289764404
"Centre-Ouest","Boulkiemdé","Kindi",2012,0
"Centre-Ouest","Boulkiemdé","Kindi",2013,0
"Centre-Ouest","Boulkiemdé","Kindi",2014,0
"Centre-Ouest","Boulkiemdé","Kindi",2015,0
"Centre-Ouest","Boulkiemdé","Kindi",2016,0
"Centre-Ouest","Boulkiemdé","Kindi",2017,0
"Centre-Ouest","Boulkiemdé","Kindi",2018,0
"Centre-Ouest","Boulkiemdé","Kindi",2019,1.82400691509247
"Centre-Ouest","Boulkiemdé","Kindi",2020,2.26075744628906
"Centre-Ouest","Boulkiemdé","Kindi",2021,1.90231990814209
"Centre-Ouest","Boulkiemdé","Kindi",2022,0.614099502563477
"Centre-Ouest","Boulkiemdé","Kindi",2023,1.25188684463501
"Centre-Ouest","Boulkiemdé","Kindi",2024,2.51926875114441
"Centre-Ouest","Boulkiemdé","Kokologho",2012,15.5014190673828
"Centre-Ouest","Boulkiemdé","Kokologho",2013,15.5516929626465
"Centre-Ouest","Boulkiemdé","Kokologho",2014,17.039213180542
"Centre-Ouest","Boulkiemdé","Kokologho",2015,10.6487941741943
"Centre-Ouest","Boulkiemdé","Kokologho",2016,11.0563678741455
"Centre-Ouest","Boulkiemdé","Kokologho",2017,11.7329196929932
"Centre-Ouest","Boulkiemdé","Kokologho",2018,11.1266670227051
"Centre-Ouest","Boulkiemdé","Kokologho",2019,11.3829469680786
"Centre-Ouest","Boulkiemdé","Kokologho",2020,11.9850406646729
"Centre-Ouest","Boulkiemdé","Kokologho",2021,15.9691753387451
"Centre-Ouest","Boulkiemdé","Kokologho",2022,22.9453830718994
"Centre-Ouest","Boulkiemdé","Kokologho",2023,27.7091274261475
"Centre-Ouest","Boulkiemdé","Kokologho",2024,26.6977005004883
"Centre-Ouest","Boulkiemdé","Koudougou",2012,534.196105957031
"Centre-Ouest","Boulkiemdé","Koudougou",2013,1018.568359375
"Centre-Ouest","Boulkiemdé","Koudougou",2014,911.85009765625
"Centre-Ouest","Boulkiemdé","Koudougou",2015,839.712524414062
"Centre-Ouest","Boulkiemdé","Koudougou",2016,785.610900878906
"Centre-Ouest","Boulkiemdé","Koudougou",2017,826.560852050781
"Centre-Ouest","Boulkiemdé","Koudougou",2018,856.012817382812
"Centre-Ouest","Boulkiemdé","Koudougou",2019,852.2119140625
"Centre-Ouest","Boulkiemdé","Koudougou",2020,889.459655761719
"Centre-Ouest","Boulkiemdé","Koudougou",2021,992.91650390625
"Centre-Ouest","Boulkiemdé","Koudougou",2022,1199.55126953125
"Centre-Ouest","Boulkiemdé","Koudougou",2023,1253.51647949219
"Centre-Ouest","Boulkiemdé","Koudougou",2024,1280.771484375
"Centre-Ouest","Boulkiemdé","Nandiala",2012,0.546213984489441
"Centre-Ouest","Boulkiemdé","Nandiala",2013,0.514528036117554
"Centre-Ouest","Boulkiemdé","Nandiala",2014,0
"Centre-Ouest","Boulkiemdé","Nandiala",2015,0
"Centre-Ouest","Boulkiemdé","Nandiala",2016,0
"Centre-Ouest","Boulkiemdé","Nandiala",2017,0
"Centre-Ouest","Boulkiemdé","Nandiala",2018,0
"Centre-Ouest","Boulkiemdé","Nandiala",2019,0.533694088459015
"Centre-Ouest","Boulkiemdé","Nandiala",2020,0.54518049955368
"Centre-Ouest","Boulkiemdé","Nandiala",2021,0
"Centre-Ouest","Boulkiemdé","Nandiala",2022,0
"Centre-Ouest","Boulkiemdé","Nandiala",2023,1.04953241348267
"Centre-Ouest","Boulkiemdé","Nandiala",2024,0
"Centre-Ouest","Boulkiemdé","Nanoro",2012,4.61179351806641
"Centre-Ouest","Boulkiemdé","Nanoro",2013,3.26432275772095
"Centre-Ouest","Boulkiemdé","Nanoro",2014,4.96073341369629
"Centre-Ouest","Boulkiemdé","Nanoro",2015,5.01314496994019
"Centre-Ouest","Boulkiemdé","Nanoro",2016,4.34941339492798
"Centre-Ouest","Boulkiemdé","Nanoro",2017,5.66671752929688
"Centre-Ouest","Boulkiemdé","Nanoro",2018,6.73484563827515
"Centre-Ouest","Boulkiemdé","Nanoro",2019,5.79080772399902
"Centre-Ouest","Boulkiemdé","Nanoro",2020,5.23635864257812
"Centre-Ouest","Boulkiemdé","Nanoro",2021,6.97494840621948
"Centre-Ouest","Boulkiemdé","Nanoro",2022,8.14550113677979
"Centre-Ouest","Boulkiemdé","Nanoro",2023,10.6753921508789
"Centre-Ouest","Boulkiemdé","Nanoro",2024,13.0664596557617
"Centre-Ouest","Boulkiemdé","Pella",2012,0
"Centre-Ouest","Boulkiemdé","Pella",2013,0
"Centre-Ouest","Boulkiemdé","Pella",2014,0
"Centre-Ouest","Boulkiemdé","Pella",2015,0
"Centre-Ouest","Boulkiemdé","Pella",2016,0.861289381980896
"Centre-Ouest","Boulkiemdé","Pella",2017,0
"Centre-Ouest","Boulkiemdé","Pella",2018,0
"Centre-Ouest","Boulkiemdé","Pella",2019,0
"Centre-Ouest","Boulkiemdé","Pella",2020,0
"Centre-Ouest","Boulkiemdé","Pella",2021,0
"Centre-Ouest","Boulkiemdé","Pella",2022,0
"Centre-Ouest","Boulkiemdé","Pella",2023,0
"Centre-Ouest","Boulkiemdé","Pella",2024,0
"Centre-Ouest","Boulkiemdé","Poa",2012,1.2225878238678
"Centre-Ouest","Boulkiemdé","Poa",2013,0.636050403118134
"Centre-Ouest","Boulkiemdé","Poa",2014,1.1931711435318
"Centre-Ouest","Boulkiemdé","Poa",2015,1.16249430179596
"Centre-Ouest","Boulkiemdé","Poa",2016,1.1437064409256
"Centre-Ouest","Boulkiemdé","Poa",2017,0.583226561546326
"Centre-Ouest","Boulkiemdé","Poa",2018,0
"Centre-Ouest","Boulkiemdé","Poa",2019,3.21454286575317
"Centre-Ouest","Boulkiemdé","Poa",2020,0.507479310035706
"Centre-Ouest","Boulkiemdé","Poa",2021,0
"Centre-Ouest","Boulkiemdé","Poa",2022,2.17491674423218
"Centre-Ouest","Boulkiemdé","Poa",2023,2.76241087913513
"Centre-Ouest","Boulkiemdé","Poa",2024,1.84044981002808
"Centre-Ouest","Boulkiemdé","Ramongo",2012,1.40524053573608
"Centre-Ouest","Boulkiemdé","Ramongo",2013,0.720650017261505
"Centre-Ouest","Boulkiemdé","Ramongo",2014,0
"Centre-Ouest","Boulkiemdé","Ramongo",2015,0
"Centre-Ouest","Boulkiemdé","Ramongo",2016,0
"Centre-Ouest","Boulkiemdé","Ramongo",2017,0
"Centre-Ouest","Boulkiemdé","Ramongo",2018,0
"Centre-Ouest","Boulkiemdé","Ramongo",2019,1.93896126747131
"Centre-Ouest","Boulkiemdé","Ramongo",2020,2.00452709197998
"Centre-Ouest","Boulkiemdé","Ramongo",2021,0.508780062198639
"Centre-Ouest","Boulkiemdé","Ramongo",2022,0
"Centre-Ouest","Boulkiemdé","Ramongo",2023,0.571407854557037
"Centre-Ouest","Boulkiemdé","Ramongo",2024,1.53698754310608
"Centre-Ouest","Boulkiemdé","Sabou",2012,1.14231276512146
"Centre-Ouest","Boulkiemdé","Sabou",2013,1.30305063724518
"Centre-Ouest","Boulkiemdé","Sabou",2014,2.21918964385986
"Centre-Ouest","Boulkiemdé","Sabou",2015,1.63222169876099
"Centre-Ouest","Boulkiemdé","Sabou",2016,4.22721004486084
"Centre-Ouest","Boulkiemdé","Sabou",2017,6.24503898620605
"Centre-Ouest","Boulkiemdé","Sabou",2018,7.99503040313721
"Centre-Ouest","Boulkiemdé","Sabou",2019,7.34593391418457
"Centre-Ouest","Boulkiemdé","Sabou",2020,9.64363288879395
"Centre-Ouest","Boulkiemdé","Sabou",2021,24.305980682373
"Centre-Ouest","Boulkiemdé","Sabou",2022,28.8153343200684
"Centre-Ouest","Boulkiemdé","Sabou",2023,33.8115158081055
"Centre-Ouest","Boulkiemdé","Sabou",2024,36.5586128234863
"Centre-Ouest","Boulkiemdé","Sigle",2012,0
"Centre-Ouest","Boulkiemdé","Sigle",2013,0
"Centre-Ouest","Boulkiemdé","Sigle",2014,0
"Centre-Ouest","Boulkiemdé","Sigle",2015,0
"Centre-Ouest","Boulkiemdé","Sigle",2016,0.676518023014069
"Centre-Ouest","Boulkiemdé","Sigle",2017,0
"Centre-Ouest","Boulkiemdé","Sigle",2018,0
"Centre-Ouest","Boulkiemdé","Sigle",2019,0
"Centre-Ouest","Boulkiemdé","Sigle",2020,0
"Centre-Ouest","Boulkiemdé","Sigle",2021,0
"Centre-Ouest","Boulkiemdé","Sigle",2022,1.25884747505188
"Centre-Ouest","Boulkiemdé","Sigle",2023,1.72812151908875
"Centre-Ouest","Boulkiemdé","Sigle",2024,1.16507315635681
"Centre-Ouest","Boulkiemdé","Soaw",2012,0
"Centre-Ouest","Boulkiemdé","Soaw",2013,0
"Centre-Ouest","Boulkiemdé","Soaw",2014,0
"Centre-Ouest","Boulkiemdé","Soaw",2015,0
"Centre-Ouest","Boulkiemdé","Soaw",2016,0
"Centre-Ouest","Boulkiemdé","Soaw",2017,0
"Centre-Ouest","Boulkiemdé","Soaw",2018,0
"Centre-Ouest","Boulkiemdé","Soaw",2019,0
"Centre-Ouest","Boulkiemdé","Soaw",2020,0
"Centre-Ouest","Boulkiemdé","Soaw",2021,0
"Centre-Ouest","Boulkiemdé","Soaw",2022,0
"Centre-Ouest","Boulkiemdé","Soaw",2023,0
"Centre-Ouest","Boulkiemdé","Soaw",2024,0
"Centre-Ouest","Boulkiemdé","Sourgou",2012,0
"Centre-Ouest","Boulkiemdé","Sourgou",2013,0
"Centre-Ouest","Boulkiemdé","Sourgou",2014,0
"Centre-Ouest","Boulkiemdé","Sourgou",2015,0
"Centre-Ouest","Boulkiemdé","Sourgou",2016,0
"Centre-Ouest","Boulkiemdé","Sourgou",2017,0
"Centre-Ouest","Boulkiemdé","Sourgou",2018,0
"Centre-Ouest","Boulkiemdé","Sourgou",2019,0
"Centre-Ouest","Boulkiemdé","Sourgou",2020,1.11323487758636
"Centre-Ouest","Boulkiemdé","Sourgou",2021,0.623731732368469
"Centre-Ouest","Boulkiemdé","Sourgou",2022,0
"Centre-Ouest","Boulkiemdé","Sourgou",2023,0.560288727283478
"Centre-Ouest","Boulkiemdé","Sourgou",2024,1.15577387809753
"Centre-Ouest","Boulkiemdé","Thyou",2012,0
"Centre-Ouest","Boulkiemdé","Thyou",2013,0
"Centre-Ouest","Boulkiemdé","Thyou",2014,0
"Centre-Ouest","Boulkiemdé","Thyou",2015,0
"Centre-Ouest","Boulkiemdé","Thyou",2016,0
"Centre-Ouest","Boulkiemdé","Thyou",2017,0
"Centre-Ouest","Boulkiemdé","Thyou",2018,0
"Centre-Ouest","Boulkiemdé","Thyou",2019,0
"Centre-Ouest","Boulkiemdé","Thyou",2020,0
"Centre-Ouest","Boulkiemdé","Thyou",2021,0.535360395908356
"Centre-Ouest","Boulkiemdé","Thyou",2022,0.518008708953857
"Centre-Ouest","Boulkiemdé","Thyou",2023,0.620440602302551
"Centre-Ouest","Boulkiemdé","Thyou",2024,1.00599122047424
"Centre-Ouest","Sanguié","Dassa",2012,0
"Centre-Ouest","Sanguié","Dassa",2013,0
"Centre-Ouest","Sanguié","Dassa",2014,0
"Centre-Ouest","Sanguié","Dassa",2015,0
"Centre-Ouest","Sanguié","Dassa",2016,2.37573027610779
"Centre-Ouest","Sanguié","Dassa",2017,0.502621591091156
"Centre-Ouest","Sanguié","Dassa",2018,0.662708163261414
"Centre-Ouest","Sanguié","Dassa",2019,1.44704186916351
"Centre-Ouest","Sanguié","Dassa",2020,1.080033659935
"Centre-Ouest","Sanguié","Dassa",2021,4.26172494888306
"Centre-Ouest","Sanguié","Dassa",2022,7.52832317352295
"Centre-Ouest","Sanguié","Dassa",2023,2.6684889793396
"Centre-Ouest","Sanguié","Dassa",2024,2.65688157081604
"Centre-Ouest","Sanguié","Didyr",2012,0
"Centre-Ouest","Sanguié","Didyr",2013,0
"Centre-Ouest","Sanguié","Didyr",2014,0
"Centre-Ouest","Sanguié","Didyr",2015,0
"Centre-Ouest","Sanguié","Didyr",2016,2.65375089645386
"Centre-Ouest","Sanguié","Didyr",2017,0.57366931438446
"Centre-Ouest","Sanguié","Didyr",2018,2.30717277526855
"Centre-Ouest","Sanguié","Didyr",2019,2.16517996788025
"Centre-Ouest","Sanguié","Didyr",2020,3.22391676902771
"Centre-Ouest","Sanguié","Didyr",2021,4.50023460388184
"Centre-Ouest","Sanguié","Didyr",2022,5.21167850494385
"Centre-Ouest","Sanguié","Didyr",2023,3.99691462516785
"Centre-Ouest","Sanguié","Didyr",2024,2.1535062789917
"Centre-Ouest","Sanguié","Godyr",2012,0
"Centre-Ouest","Sanguié","Godyr",2013,0
"Centre-Ouest","Sanguié","Godyr",2014,0
"Centre-Ouest","Sanguié","Godyr",2015,0
"Centre-Ouest","Sanguié","Godyr",2016,0
"Centre-Ouest","Sanguié","Godyr",2017,0
"Centre-Ouest","Sanguié","Godyr",2018,0.50122195482254
"Centre-Ouest","Sanguié","Godyr",2019,0.75771176815033
"Centre-Ouest","Sanguié","Godyr",2020,0.669321119785309
"Centre-Ouest","Sanguié","Godyr",2021,0.520657956600189
"Centre-Ouest","Sanguié","Godyr",2022,0
"Centre-Ouest","Sanguié","Godyr",2023,0
"Centre-Ouest","Sanguié","Godyr",2024,0.565793514251709
"Centre-Ouest","Sanguié","Kordie",2012,0
"Centre-Ouest","Sanguié","Kordie",2013,0
"Centre-Ouest","Sanguié","Kordie",2014,0
"Centre-Ouest","Sanguié","Kordie",2015,0
"Centre-Ouest","Sanguié","Kordie",2016,2.10198545455933
"Centre-Ouest","Sanguié","Kordie",2017,0.577188313007355
"Centre-Ouest","Sanguié","Kordie",2018,0
"Centre-Ouest","Sanguié","Kordie",2019,0
"Centre-Ouest","Sanguié","Kordie",2020,0
"Centre-Ouest","Sanguié","Kordie",2021,1.70164799690247
"Centre-Ouest","Sanguié","Kordie",2022,1.76944041252136
"Centre-Ouest","Sanguié","Kordie",2023,0.522967755794525
"Centre-Ouest","Sanguié","Kordie",2024,0.590057790279388
"Centre-Ouest","Sanguié","Kyon",2012,6.60529899597168
"Centre-Ouest","Sanguié","Kyon",2013,40.5110664367676
"Centre-Ouest","Sanguié","Kyon",2014,34.499626159668
"Centre-Ouest","Sanguié","Kyon",2015,31.0630130767822
"Centre-Ouest","Sanguié","Kyon",2016,27.9507064819336
"Centre-Ouest","Sanguié","Kyon",2017,23.3480587005615
"Centre-Ouest","Sanguié","Kyon",2018,20.1915893554688
"Centre-Ouest","Sanguié","Kyon",2019,23.1802501678467
"Centre-Ouest","Sanguié","Kyon",2020,36.3494873046875
"Centre-Ouest","Sanguié","Kyon",2021,27.6872215270996
"Centre-Ouest","Sanguié","Kyon",2022,23.561595916748
"Centre-Ouest","Sanguié","Kyon",2023,6.271653175354
"Centre-Ouest","Sanguié","Kyon",2024,1.18308293819427
"Centre-Ouest","Sanguié","Pouni",2012,0
"Centre-Ouest","Sanguié","Pouni",2013,7.24999713897705
"Centre-Ouest","Sanguié","Pouni",2014,8.18864059448242
"Centre-Ouest","Sanguié","Pouni",2015,9.98544120788574
"Centre-Ouest","Sanguié","Pouni",2016,21.2440071105957
"Centre-Ouest","Sanguié","Pouni",2017,15.9608097076416
"Centre-Ouest","Sanguié","Pouni",2018,6.26869201660156
"Centre-Ouest","Sanguié","Pouni",2019,20.1654186248779
"Centre-Ouest","Sanguié","Pouni",2020,14.9906158447266
"Centre-Ouest","Sanguié","Pouni",2021,12.3923864364624
"Centre-Ouest","Sanguié","Pouni",2022,19.0908298492432
"Centre-Ouest","Sanguié","Pouni",2023,20.4147300720215
"Centre-Ouest","Sanguié","Pouni",2024,16.9495449066162
"Centre-Ouest","Sanguié","Réo",2012,92.5839691162109
"Centre-Ouest","Sanguié","Réo",2013,259.274780273438
"Centre-Ouest","Sanguié","Réo",2014,253.489379882812
"Centre-Ouest","Sanguié","Réo",2015,234.634201049805
"Centre-Ouest","Sanguié","Réo",2016,203.668563842773
"Centre-Ouest","Sanguié","Réo",2017,184.095230102539
"Centre-Ouest","Sanguié","Réo",2018,170.493804931641
"Centre-Ouest","Sanguié","Réo",2019,175.531387329102
"Centre-Ouest","Sanguié","Réo",2020,216.555694580078
"Centre-Ouest","Sanguié","Réo",2021,211.546676635742
"Centre-Ouest","Sanguié","Réo",2022,233.594482421875
"Centre-Ouest","Sanguié","Réo",2023,176.18603515625
"Centre-Ouest","Sanguié","Réo",2024,149.717956542969
"Centre-Ouest","Sanguié","Tenado",2012,11.2678966522217
"Centre-Ouest","Sanguié","Tenado",2013,8.62708568572998
"Centre-Ouest","Sanguié","Tenado",2014,8.8966588973999
"Centre-Ouest","Sanguié","Tenado",2015,10.2834167480469
"Centre-Ouest","Sanguié","Tenado",2016,8.91552734375
"Centre-Ouest","Sanguié","Tenado",2017,5.9845175743103
"Centre-Ouest","Sanguié","Tenado",2018,4.06079149246216
"Centre-Ouest","Sanguié","Tenado",2019,6.32585763931274
"Centre-Ouest","Sanguié","Tenado",2020,5.40511798858643
"Centre-Ouest","Sanguié","Tenado",2021,8.2635669708252
"Centre-Ouest","Sanguié","Tenado",2022,13.8208332061768
"Centre-Ouest","Sanguié","Tenado",2023,12.163426399231
"Centre-Ouest","Sanguié","Tenado",2024,8.98796463012695
"Centre-Ouest","Sanguié","Zamo",2012,0
"Centre-Ouest","Sanguié","Zamo",2013,0
"Centre-Ouest","Sanguié","Zamo",2014,5.04147911071777
"Centre-Ouest","Sanguié","Zamo",2015,2.39646673202515
"Centre-Ouest","Sanguié","Zamo",2016,1.32242393493652
"Centre-Ouest","Sanguié","Zamo",2017,1.23838400840759
"Centre-Ouest","Sanguié","Zamo",2018,0
"Centre-Ouest","Sanguié","Zamo",2019,3.99017000198364
"Centre-Ouest","Sanguié","Zamo",2020,2.70634651184082
"Centre-Ouest","Sanguié","Zamo",2021,3.92700409889221
"Centre-Ouest","Sanguié","Zamo",2022,9.67840003967285
"Centre-Ouest","Sanguié","Zamo",2023,7.49850702285767
"Centre-Ouest","Sanguié","Zamo",2024,7.61717891693115
"Centre-Ouest","Sanguié","Zawara",2012,0.0398220606148243
"Centre-Ouest","Sanguié","Zawara",2013,0.0399043299257755
"Centre-Ouest","Sanguié","Zawara",2014,0
"Centre-Ouest","Sanguié","Zawara",2015,0.566091597080231
"Centre-Ouest","Sanguié","Zawara",2016,0.521496295928955
"Centre-Ouest","Sanguié","Zawara",2017,0
"Centre-Ouest","Sanguié","Zawara",2018,0
"Centre-Ouest","Sanguié","Zawara",2019,0
"Centre-Ouest","Sanguié","Zawara",2020,0
"Centre-Ouest","Sanguié","Zawara",2021,0
"Centre-Ouest","Sanguié","Zawara",2022,0
"Centre-Ouest","Sanguié","Zawara",2023,0.0376484543085098
"Centre-Ouest","Sanguié","Zawara",2024,0
"Centre-Ouest","Sissili","Bieha",2012,0
"Centre-Ouest","Sissili","Bieha",2013,0
"Centre-Ouest","Sissili","Bieha",2014,0
"Centre-Ouest","Sissili","Bieha",2015,0.50790548324585
"Centre-Ouest","Sissili","Bieha",2016,0
"Centre-Ouest","Sissili","Bieha",2017,1.909996509552
"Centre-Ouest","Sissili","Bieha",2018,1.79288291931152
"Centre-Ouest","Sissili","Bieha",2019,0
"Centre-Ouest","Sissili","Bieha",2020,0
"Centre-Ouest","Sissili","Bieha",2021,3.57921457290649
"Centre-Ouest","Sissili","Bieha",2022,3.89504098892212
"Centre-Ouest","Sissili","Bieha",2023,2.44972085952759
"Centre-Ouest","Sissili","Bieha",2024,2.08465909957886
"Centre-Ouest","Sissili","Boura",2012,0
"Centre-Ouest","Sissili","Boura",2013,0
"Centre-Ouest","Sissili","Boura",2014,0
"Centre-Ouest","Sissili","Boura",2015,0
"Centre-Ouest","Sissili","Boura",2016,0
"Centre-Ouest","Sissili","Boura",2017,0
"Centre-Ouest","Sissili","Boura",2018,0
"Centre-Ouest","Sissili","Boura",2019,0
"Centre-Ouest","Sissili","Boura",2020,0
"Centre-Ouest","Sissili","Boura",2021,0
"Centre-Ouest","Sissili","Boura",2022,0
"Centre-Ouest","Sissili","Boura",2023,0
"Centre-Ouest","Sissili","Boura",2024,1.09295082092285
"Centre-Ouest","Sissili","Leo",2012,52.2995147705078
"Centre-Ouest","Sissili","Leo",2013,61.5086441040039
"Centre-Ouest","Sissili","Leo",2014,81.3498153686523
"Centre-Ouest","Sissili","Leo",2015,82.5893096923828
"Centre-Ouest","Sissili","Leo",2016,70.3912353515625
"Centre-Ouest","Sissili","Leo",2017,69.6312484741211
"Centre-Ouest","Sissili","Leo",2018,67.7325210571289
"Centre-Ouest","Sissili","Leo",2019,68.1165237426758
"Centre-Ouest","Sissili","Leo",2020,69.6762924194336
"Centre-Ouest","Sissili","Leo",2021,84.0690002441406
"Centre-Ouest","Sissili","Leo",2022,109.868049621582
"Centre-Ouest","Sissili","Leo",2023,142.369110107422
"Centre-Ouest","Sissili","Leo",2024,168.877944946289
"Centre-Ouest","Sissili","Nebielianayou",2012,0
"Centre-Ouest","Sissili","Nebielianayou",2013,0
"Centre-Ouest","Sissili","Nebielianayou",2014,0
"Centre-Ouest","Sissili","Nebielianayou",2015,0
"Centre-Ouest","Sissili","Nebielianayou",2016,0.500008761882782
"Centre-Ouest","Sissili","Nebielianayou",2017,0
"Centre-Ouest","Sissili","Nebielianayou",2018,0
"Centre-Ouest","Sissili","Nebielianayou",2019,0
"Centre-Ouest","Sissili","Nebielianayou",2020,0
"Centre-Ouest","Sissili","Nebielianayou",2021,0
"Centre-Ouest","Sissili","Nebielianayou",2022,0
"Centre-Ouest","Sissili","Nebielianayou",2023,0
"Centre-Ouest","Sissili","Nebielianayou",2024,0
"Centre-Ouest","Sissili","Niabouri",2012,0
"Centre-Ouest","Sissili","Niabouri",2013,0
"Centre-Ouest","Sissili","Niabouri",2014,0
"Centre-Ouest","Sissili","Niabouri",2015,0
"Centre-Ouest","Sissili","Niabouri",2016,0
"Centre-Ouest","Sissili","Niabouri",2017,0
"Centre-Ouest","Sissili","Niabouri",2018,0
"Centre-Ouest","Sissili","Niabouri",2019,0
"Centre-Ouest","Sissili","Niabouri",2020,0
"Centre-Ouest","Sissili","Niabouri",2021,0
"Centre-Ouest","Sissili","Niabouri",2022,0
"Centre-Ouest","Sissili","Niabouri",2023,0.554742872714996
"Centre-Ouest","Sissili","Niabouri",2024,0
"Centre-Ouest","Sissili","Silly",2012,0
"Centre-Ouest","Sissili","Silly",2013,0
"Centre-Ouest","Sissili","Silly",2014,0
"Centre-Ouest","Sissili","Silly",2015,0
"Centre-Ouest","Sissili","Silly",2016,0
"Centre-Ouest","Sissili","Silly",2017,0
"Centre-Ouest","Sissili","Silly",2018,0
"Centre-Ouest","Sissili","Silly",2019,0.530397534370422
"Centre-Ouest","Sissili","Silly",2020,1.8254816532135
"Centre-Ouest","Sissili","Silly",2021,0.558981120586395
"Centre-Ouest","Sissili","Silly",2022,1.20264530181885
"Centre-Ouest","Sissili","Silly",2023,0.525822699069977
"Centre-Ouest","Sissili","Silly",2024,0
"Centre-Ouest","Sissili","Tô",2012,0
"Centre-Ouest","Sissili","Tô",2013,0
"Centre-Ouest","Sissili","Tô",2014,0
"Centre-Ouest","Sissili","Tô",2015,0
"Centre-Ouest","Sissili","Tô",2016,0
"Centre-Ouest","Sissili","Tô",2017,0
"Centre-Ouest","Sissili","Tô",2018,0
"Centre-Ouest","Sissili","Tô",2019,0
"Centre-Ouest","Sissili","Tô",2020,0
"Centre-Ouest","Sissili","Tô",2021,0
"Centre-Ouest","Sissili","Tô",2022,4.38554000854492
"Centre-Ouest","Sissili","Tô",2023,3.05103182792664
"Centre-Ouest","Sissili","Tô",2024,9.04658508300781
"Centre-Ouest","Ziro","Bakata",2012,0
"Centre-Ouest","Ziro","Bakata",2013,0
"Centre-Ouest","Ziro","Bakata",2014,0
"Centre-Ouest","Ziro","Bakata",2015,0
"Centre-Ouest","Ziro","Bakata",2016,0
"Centre-Ouest","Ziro","Bakata",2017,0
"Centre-Ouest","Ziro","Bakata",2018,0
"Centre-Ouest","Ziro","Bakata",2019,0
"Centre-Ouest","Ziro","Bakata",2020,0
"Centre-Ouest","Ziro","Bakata",2021,0
"Centre-Ouest","Ziro","Bakata",2022,0.555134475231171
"Centre-Ouest","Ziro","Bakata",2023,2.28304648399353
"Centre-Ouest","Ziro","Bakata",2024,0
"Centre-Ouest","Ziro","Bougnounou",2012,0
"Centre-Ouest","Ziro","Bougnounou",2013,0
"Centre-Ouest","Ziro","Bougnounou",2014,0
"Centre-Ouest","Ziro","Bougnounou",2015,0
"Centre-Ouest","Ziro","Bougnounou",2016,0
"Centre-Ouest","Ziro","Bougnounou",2017,0
"Centre-Ouest","Ziro","Bougnounou",2018,0
"Centre-Ouest","Ziro","Bougnounou",2019,0
"Centre-Ouest","Ziro","Bougnounou",2020,0
"Centre-Ouest","Ziro","Bougnounou",2021,0
"Centre-Ouest","Ziro","Bougnounou",2022,0
"Centre-Ouest","Ziro","Bougnounou",2023,0.579112768173218
"Centre-Ouest","Ziro","Bougnounou",2024,0.581079542636871
"Centre-Ouest","Ziro","Cassou",2012,0
"Centre-Ouest","Ziro","Cassou",2013,0
"Centre-Ouest","Ziro","Cassou",2014,0
"Centre-Ouest","Ziro","Cassou",2015,0
"Centre-Ouest","Ziro","Cassou",2016,0
"Centre-Ouest","Ziro","Cassou",2017,0
"Centre-Ouest","Ziro","Cassou",2018,0
"Centre-Ouest","Ziro","Cassou",2019,0
"Centre-Ouest","Ziro","Cassou",2020,0
"Centre-Ouest","Ziro","Cassou",2021,0
"Centre-Ouest","Ziro","Cassou",2022,1.13459265232086
"Centre-Ouest","Ziro","Cassou",2023,0.59261018037796
"Centre-Ouest","Ziro","Cassou",2024,0
"Centre-Ouest","Ziro","Dalo",2012,0
"Centre-Ouest","Ziro","Dalo",2013,0
"Centre-Ouest","Ziro","Dalo",2014,0
"Centre-Ouest","Ziro","Dalo",2015,0
"Centre-Ouest","Ziro","Dalo",2016,0
"Centre-Ouest","Ziro","Dalo",2017,0
"Centre-Ouest","Ziro","Dalo",2018,0
"Centre-Ouest","Ziro","Dalo",2019,0
"Centre-Ouest","Ziro","Dalo",2020,0
"Centre-Ouest","Ziro","Dalo",2021,0
"Centre-Ouest","Ziro","Dalo",2022,0
"Centre-Ouest","Ziro","Dalo",2023,0
"Centre-Ouest","Ziro","Dalo",2024,0
"Centre-Ouest","Ziro","Gao",2012,0
"Centre-Ouest","Ziro","Gao",2013,0
"Centre-Ouest","Ziro","Gao",2014,0
"Centre-Ouest","Ziro","Gao",2015,0
"Centre-Ouest","Ziro","Gao",2016,0
"Centre-Ouest","Ziro","Gao",2017,0
"Centre-Ouest","Ziro","Gao",2018,0
"Centre-Ouest","Ziro","Gao",2019,0
"Centre-Ouest","Ziro","Gao",2020,0
"Centre-Ouest","Ziro","Gao",2021,0
"Centre-Ouest","Ziro","Gao",2022,0
"Centre-Ouest","Ziro","Gao",2023,0
"Centre-Ouest","Ziro","Gao",2024,0
"Centre-Ouest","Ziro","Sapouy",2012,0
"Centre-Ouest","Ziro","Sapouy",2013,0
"Centre-Ouest","Ziro","Sapouy",2014,0
"Centre-Ouest","Ziro","Sapouy",2015,1.23465991020203
"Centre-Ouest","Ziro","Sapouy",2016,3.80550575256348
"Centre-Ouest","Ziro","Sapouy",2017,5.62196397781372
"Centre-Ouest","Ziro","Sapouy",2018,5.74303960800171
"Centre-Ouest","Ziro","Sapouy",2019,6.35228061676025
"Centre-Ouest","Ziro","Sapouy",2020,4.67710161209106
"Centre-Ouest","Ziro","Sapouy",2021,14.7378797531128
"Centre-Ouest","Ziro","Sapouy",2022,22.394344329834
"Centre-Ouest","Ziro","Sapouy",2023,31.4990291595459
"Centre-Ouest","Ziro","Sapouy",2024,26.0489883422852
"Centre-Sud","Bazèga","Doulougou",2012,0.033424086868763
"Centre-Sud","Bazèga","Doulougou",2013,0.0347971022129059
"Centre-Sud","Bazèga","Doulougou",2014,0.0322473645210266
"Centre-Sud","Bazèga","Doulougou",2015,0.0341359451413155
"Centre-Sud","Bazèga","Doulougou",2016,0.0497504249215126
"Centre-Sud","Bazèga","Doulougou",2017,0.0309640988707542
"Centre-Sud","Bazèga","Doulougou",2018,0.0288343634456396
"Centre-Sud","Bazèga","Doulougou",2019,0
"Centre-Sud","Bazèga","Doulougou",2020,1.2431263923645
"Centre-Sud","Bazèga","Doulougou",2021,4.3948917388916
"Centre-Sud","Bazèga","Doulougou",2022,9.61424922943115
"Centre-Sud","Bazèga","Doulougou",2023,11.7612228393555
"Centre-Sud","Bazèga","Doulougou",2024,13.3602857589722
"Centre-Sud","Bazèga","Gaongo",2012,0
"Centre-Sud","Bazèga","Gaongo",2013,0
"Centre-Sud","Bazèga","Gaongo",2014,1.83725082874298
"Centre-Sud","Bazèga","Gaongo",2015,0
"Centre-Sud","Bazèga","Gaongo",2016,0.710937023162842
"Centre-Sud","Bazèga","Gaongo",2017,2.22137355804443
"Centre-Sud","Bazèga","Gaongo",2018,1.26649761199951
"Centre-Sud","Bazèga","Gaongo",2019,0.576091766357422
"Centre-Sud","Bazèga","Gaongo",2020,0
"Centre-Sud","Bazèga","Gaongo",2021,0.532449901103973
"Centre-Sud","Bazèga","Gaongo",2022,0.610794067382812
"Centre-Sud","Bazèga","Gaongo",2023,0
"Centre-Sud","Bazèga","Gaongo",2024,0.582490265369415
"Centre-Sud","Bazèga","Ipelce",2012,0
"Centre-Sud","Bazèga","Ipelce",2013,0
"Centre-Sud","Bazèga","Ipelce",2014,0
"Centre-Sud","Bazèga","Ipelce",2015,0
"Centre-Sud","Bazèga","Ipelce",2016,0.705607652664185
"Centre-Sud","Bazèga","Ipelce",2017,0.640238463878632
"Centre-Sud","Bazèga","Ipelce",2018,0.504318714141846
"Centre-Sud","Bazèga","Ipelce",2019,1.60816407203674
"Centre-Sud","Bazèga","Ipelce",2020,1.20114743709564
"Centre-Sud","Bazèga","Ipelce",2021,2.71920228004456
"Centre-Sud","Bazèga","Ipelce",2022,4.14719867706299
"Centre-Sud","Bazèga","Ipelce",2023,7.1921911239624
"Centre-Sud","Bazèga","Ipelce",2024,6.43937730789185
"Centre-Sud","Bazèga","Kayao",2012,0
"Centre-Sud","Bazèga","Kayao",2013,0
"Centre-Sud","Bazèga","Kayao",2014,3.56100344657898
"Centre-Sud","Bazèga","Kayao",2015,3.51039028167725
"Centre-Sud","Bazèga","Kayao",2016,1.09648394584656
"Centre-Sud","Bazèga","Kayao",2017,0
"Centre-Sud","Bazèga","Kayao",2018,0.654928207397461
"Centre-Sud","Bazèga","Kayao",2019,0
"Centre-Sud","Bazèga","Kayao",2020,0
"Centre-Sud","Bazèga","Kayao",2021,0
"Centre-Sud","Bazèga","Kayao",2022,1.6078770160675
"Centre-Sud","Bazèga","Kayao",2023,1.57025694847107
"Centre-Sud","Bazèga","Kayao",2024,0
"Centre-Sud","Bazèga","Kombissiri",2012,34.1377220153809
"Centre-Sud","Bazèga","Kombissiri",2013,28.4955673217773
"Centre-Sud","Bazèga","Kombissiri",2014,33.842227935791
"Centre-Sud","Bazèga","Kombissiri",2015,33.842903137207
"Centre-Sud","Bazèga","Kombissiri",2016,33.0626525878906
"Centre-Sud","Bazèga","Kombissiri",2017,31.9035129547119
"Centre-Sud","Bazèga","Kombissiri",2018,37.7727890014648
"Centre-Sud","Bazèga","Kombissiri",2019,37.7889175415039
"Centre-Sud","Bazèga","Kombissiri",2020,31.434606552124
"Centre-Sud","Bazèga","Kombissiri",2021,59.2993583679199
"Centre-Sud","Bazèga","Kombissiri",2022,85.5431747436523
"Centre-Sud","Bazèga","Kombissiri",2023,108.066268920898
"Centre-Sud","Bazèga","Kombissiri",2024,115.057075500488
"Centre-Sud","Bazèga","Sapone",2012,2.50640058517456
"Centre-Sud","Bazèga","Sapone",2013,1.87119650840759
"Centre-Sud","Bazèga","Sapone",2014,2.69133758544922
"Centre-Sud","Bazèga","Sapone",2015,1.85597157478333
"Centre-Sud","Bazèga","Sapone",2016,2.51634550094604
"Centre-Sud","Bazèga","Sapone",2017,3.16756582260132
"Centre-Sud","Bazèga","Sapone",2018,3.36865615844727
"Centre-Sud","Bazèga","Sapone",2019,3.34980130195618
"Centre-Sud","Bazèga","Sapone",2020,3.71723365783691
"Centre-Sud","Bazèga","Sapone",2021,5.00644111633301
"Centre-Sud","Bazèga","Sapone",2022,20.1087131500244
"Centre-Sud","Bazèga","Sapone",2023,207.876998901367
"Centre-Sud","Bazèga","Sapone",2024,338.998992919922
"Centre-Sud","Bazèga","Toece",2012,7.84719324111938
"Centre-Sud","Bazèga","Toece",2013,7.70174598693848
"Centre-Sud","Bazèga","Toece",2014,7.88301467895508
"Centre-Sud","Bazèga","Toece",2015,3.73581218719482
"Centre-Sud","Bazèga","Toece",2016,6.34864091873169
"Centre-Sud","Bazèga","Toece",2017,6.50759172439575
"Centre-Sud","Bazèga","Toece",2018,6.32378196716309
"Centre-Sud","Bazèga","Toece",2019,17.0303974151611
"Centre-Sud","Bazèga","Toece",2020,14.2375774383545
"Centre-Sud","Bazèga","Toece",2021,17.9519271850586
"Centre-Sud","Bazèga","Toece",2022,27.4062309265137
"Centre-Sud","Bazèga","Toece",2023,19.9740695953369
"Centre-Sud","Bazèga","Toece",2024,24.2267951965332
"Centre-Sud","Nahouri","Guiaro",2012,0
"Centre-Sud","Nahouri","Guiaro",2013,0
"Centre-Sud","Nahouri","Guiaro",2014,0
"Centre-Sud","Nahouri","Guiaro",2015,0
"Centre-Sud","Nahouri","Guiaro",2016,0.504304051399231
"Centre-Sud","Nahouri","Guiaro",2017,3.33728623390198
"Centre-Sud","Nahouri","Guiaro",2018,21.1355266571045
"Centre-Sud","Nahouri","Guiaro",2019,7.31830406188965
"Centre-Sud","Nahouri","Guiaro",2020,2.75349640846252
"Centre-Sud","Nahouri","Guiaro",2021,2.27337718009949
"Centre-Sud","Nahouri","Guiaro",2022,1.67083179950714
"Centre-Sud","Nahouri","Guiaro",2023,2.00513172149658
"Centre-Sud","Nahouri","Guiaro",2024,1.45868968963623
"Centre-Sud","Nahouri","Pô",2012,140.298980712891
"Centre-Sud","Nahouri","Pô",2013,127.270156860352
"Centre-Sud","Nahouri","Pô",2014,134.440475463867
"Centre-Sud","Nahouri","Pô",2015,121.400772094727
"Centre-Sud","Nahouri","Pô",2016,158.975570678711
"Centre-Sud","Nahouri","Pô",2017,160.6162109375
"Centre-Sud","Nahouri","Pô",2018,146.215972900391
"Centre-Sud","Nahouri","Pô",2019,183.331573486328
"Centre-Sud","Nahouri","Pô",2020,109.86402130127
"Centre-Sud","Nahouri","Pô",2021,138.029891967773
"Centre-Sud","Nahouri","Pô",2022,199.755569458008
"Centre-Sud","Nahouri","Pô",2023,263.779693603516
"Centre-Sud","Nahouri","Pô",2024,257.012023925781
"Centre-Sud","Nahouri","Tiébélé",2012,7.68294095993042
"Centre-Sud","Nahouri","Tiébélé",2013,7.54744052886963
"Centre-Sud","Nahouri","Tiébélé",2014,5.44256925582886
"Centre-Sud","Nahouri","Tiébélé",2015,2.01117062568665
"Centre-Sud","Nahouri","Tiébélé",2016,0.62505829334259
"Centre-Sud","Nahouri","Tiébélé",2017,2.44889092445374
"Centre-Sud","Nahouri","Tiébélé",2018,2.08607196807861
"Centre-Sud","Nahouri","Tiébélé",2019,0.709547102451324
"Centre-Sud","Nahouri","Tiébélé",2020,1.63797211647034
"Centre-Sud","Nahouri","Tiébélé",2021,0.50667405128479
"Centre-Sud","Nahouri","Tiébélé",2022,3.17043375968933
"Centre-Sud","Nahouri","Tiébélé",2023,6.52607154846191
"Centre-Sud","Nahouri","Tiébélé",2024,3.34820413589478
"Centre-Sud","Nahouri","Zecco",2012,0
"Centre-Sud","Nahouri","Zecco",2013,0
"Centre-Sud","Nahouri","Zecco",2014,0
"Centre-Sud","Nahouri","Zecco",2015,0
"Centre-Sud","Nahouri","Zecco",2016,0
"Centre-Sud","Nahouri","Zecco",2017,0.0430222637951374
"Centre-Sud","Nahouri","Zecco",2018,0.0530397519469261
"Centre-Sud","Nahouri","Zecco",2019,0
"Centre-Sud","Nahouri","Zecco",2020,0.582317054271698
"Centre-Sud","Nahouri","Zecco",2021,2.74925756454468
"Centre-Sud","Nahouri","Zecco",2022,7.3668098449707
"Centre-Sud","Nahouri","Zecco",2023,11.4424629211426
"Centre-Sud","Nahouri","Zecco",2024,11.4098176956177
"Centre-Sud","Nahouri","Ziou",2012,0
"Centre-Sud","Nahouri","Ziou",2013,0
"Centre-Sud","Nahouri","Ziou",2014,0
"Centre-Sud","Nahouri","Ziou",2015,0
"Centre-Sud","Nahouri","Ziou",2016,0
"Centre-Sud","Nahouri","Ziou",2017,0
"Centre-Sud","Nahouri","Ziou",2018,0
"Centre-Sud","Nahouri","Ziou",2019,0
"Centre-Sud","Nahouri","Ziou",2020,1.17642605304718
"Centre-Sud","Nahouri","Ziou",2021,2.60405039787292
"Centre-Sud","Nahouri","Ziou",2022,8.16187763214111
"Centre-Sud","Nahouri","Ziou",2023,14.3805303573608
"Centre-Sud","Nahouri","Ziou",2024,11.4309501647949
"Centre-Sud","Zoundwéogo","Bere",2012,2.28329229354858
"Centre-Sud","Zoundwéogo","Bere",2013,1.68309736251831
"Centre-Sud","Zoundwéogo","Bere",2014,2.13727784156799
"Centre-Sud","Zoundwéogo","Bere",2015,0
"Centre-Sud","Zoundwéogo","Bere",2016,0
"Centre-Sud","Zoundwéogo","Bere",2017,0
"Centre-Sud","Zoundwéogo","Bere",2018,0
"Centre-Sud","Zoundwéogo","Bere",2019,0
"Centre-Sud","Zoundwéogo","Bere",2020,0
"Centre-Sud","Zoundwéogo","Bere",2021,0
"Centre-Sud","Zoundwéogo","Bere",2022,0
"Centre-Sud","Zoundwéogo","Bere",2023,0
"Centre-Sud","Zoundwéogo","Bere",2024,0.712802827358246
"Centre-Sud","Zoundwéogo","Binde",2012,0
"Centre-Sud","Zoundwéogo","Binde",2013,0
"Centre-Sud","Zoundwéogo","Binde",2014,1.20869362354279
"Centre-Sud","Zoundwéogo","Binde",2015,1.11329817771912
"Centre-Sud","Zoundwéogo","Binde",2016,0.601317048072815
"Centre-Sud","Zoundwéogo","Binde",2017,1.00532758235931
"Centre-Sud","Zoundwéogo","Binde",2018,1.61346483230591
"Centre-Sud","Zoundwéogo","Binde",2019,1.18123483657837
"Centre-Sud","Zoundwéogo","Binde",2020,0
"Centre-Sud","Zoundwéogo","Binde",2021,1.06854903697968
"Centre-Sud","Zoundwéogo","Binde",2022,3.04551458358765
"Centre-Sud","Zoundwéogo","Binde",2023,7.20049238204956
"Centre-Sud","Zoundwéogo","Binde",2024,5.43060493469238
"Centre-Sud","Zoundwéogo","Gogo",2012,0
"Centre-Sud","Zoundwéogo","Gogo",2013,0
"Centre-Sud","Zoundwéogo","Gogo",2014,0
"Centre-Sud","Zoundwéogo","Gogo",2015,0
"Centre-Sud","Zoundwéogo","Gogo",2016,0.537590384483337
"Centre-Sud","Zoundwéogo","Gogo",2017,0.537346422672272
"Centre-Sud","Zoundwéogo","Gogo",2018,1.01849138736725
"Centre-Sud","Zoundwéogo","Gogo",2019,0
"Centre-Sud","Zoundwéogo","Gogo",2020,0
"Centre-Sud","Zoundwéogo","Gogo",2021,1.25479745864868
"Centre-Sud","Zoundwéogo","Gogo",2022,4.22332334518433
"Centre-Sud","Zoundwéogo","Gogo",2023,4.04408693313599
"Centre-Sud","Zoundwéogo","Gogo",2024,3.63102674484253
"Centre-Sud","Zoundwéogo","Gomboussougou",2012,0
"Centre-Sud","Zoundwéogo","Gomboussougou",2013,0
"Centre-Sud","Zoundwéogo","Gomboussougou",2014,0
"Centre-Sud","Zoundwéogo","Gomboussougou",2015,0
"Centre-Sud","Zoundwéogo","Gomboussougou",2016,3.03491759300232
"Centre-Sud","Zoundwéogo","Gomboussougou",2017,8.02695178985596
"Centre-Sud","Zoundwéogo","Gomboussougou",2018,5.40223407745361
"Centre-Sud","Zoundwéogo","Gomboussougou",2019,3.22400879859924
"Centre-Sud","Zoundwéogo","Gomboussougou",2020,1.93497252464294
"Centre-Sud","Zoundwéogo","Gomboussougou",2021,3.09461379051208
"Centre-Sud","Zoundwéogo","Gomboussougou",2022,7.64025020599365
"Centre-Sud","Zoundwéogo","Gomboussougou",2023,12.5544080734253
"Centre-Sud","Zoundwéogo","Gomboussougou",2024,13.1050386428833
"Centre-Sud","Zoundwéogo","Guiba",2012,3.22705602645874
"Centre-Sud","Zoundwéogo","Guiba",2013,1.85350227355957
"Centre-Sud","Zoundwéogo","Guiba",2014,2.43241405487061
"Centre-Sud","Zoundwéogo","Guiba",2015,2.13590574264526
"Centre-Sud","Zoundwéogo","Guiba",2016,0
"Centre-Sud","Zoundwéogo","Guiba",2017,2.10976195335388
"Centre-Sud","Zoundwéogo","Guiba",2018,4.03041124343872
"Centre-Sud","Zoundwéogo","Guiba",2019,0.601475298404694
"Centre-Sud","Zoundwéogo","Guiba",2020,1.09461975097656
"Centre-Sud","Zoundwéogo","Guiba",2021,2.47994899749756
"Centre-Sud","Zoundwéogo","Guiba",2022,1.39953219890594
"Centre-Sud","Zoundwéogo","Guiba",2023,4.37130546569824
"Centre-Sud","Zoundwéogo","Guiba",2024,2.35757279396057
"Centre-Sud","Zoundwéogo","Manga",2012,53.3381195068359
"Centre-Sud","Zoundwéogo","Manga",2013,62.0168533325195
"Centre-Sud","Zoundwéogo","Manga",2014,66.0771255493164
"Centre-Sud","Zoundwéogo","Manga",2015,58.4913101196289
"Centre-Sud","Zoundwéogo","Manga",2016,57.0468597412109
"Centre-Sud","Zoundwéogo","Manga",2017,65.4900665283203
"Centre-Sud","Zoundwéogo","Manga",2018,78.2845764160156
"Centre-Sud","Zoundwéogo","Manga",2019,294.381713867188
"Centre-Sud","Zoundwéogo","Manga",2020,267.398101806641
"Centre-Sud","Zoundwéogo","Manga",2021,261.700653076172
"Centre-Sud","Zoundwéogo","Manga",2022,258.266204833984
"Centre-Sud","Zoundwéogo","Manga",2023,258.385498046875
"Centre-Sud","Zoundwéogo","Manga",2024,275.666625976562
"Centre-Sud","Zoundwéogo","Nobere",2012,0
"Centre-Sud","Zoundwéogo","Nobere",2013,0
"Centre-Sud","Zoundwéogo","Nobere",2014,7.76100444793701
"Centre-Sud","Zoundwéogo","Nobere",2015,5.49080181121826
"Centre-Sud","Zoundwéogo","Nobere",2016,0.540178894996643
"Centre-Sud","Zoundwéogo","Nobere",2017,5.62201118469238
"Centre-Sud","Zoundwéogo","Nobere",2018,4.33460187911987
"Centre-Sud","Zoundwéogo","Nobere",2019,5.57959938049316
"Centre-Sud","Zoundwéogo","Nobere",2020,1.19136643409729
"Centre-Sud","Zoundwéogo","Nobere",2021,1.20889663696289
"Centre-Sud","Zoundwéogo","Nobere",2022,6.98382902145386
"Centre-Sud","Zoundwéogo","Nobere",2023,7.817551612854
"Centre-Sud","Zoundwéogo","Nobere",2024,11.0119495391846
"Est","Gnagna","Bilanga",2012,5.14032983779907
"Est","Gnagna","Bilanga",2013,3.21177077293396
"Est","Gnagna","Bilanga",2014,4.74860286712646
"Est","Gnagna","Bilanga",2015,5.04021596908569
"Est","Gnagna","Bilanga",2016,3.24081349372864
"Est","Gnagna","Bilanga",2017,2.89551854133606
"Est","Gnagna","Bilanga",2018,2.9390435218811
"Est","Gnagna","Bilanga",2019,0.689196169376373
"Est","Gnagna","Bilanga",2020,0
"Est","Gnagna","Bilanga",2021,5.58146142959595
"Est","Gnagna","Bilanga",2022,3.94087696075439
"Est","Gnagna","Bilanga",2023,2.39649391174316
"Est","Gnagna","Bilanga",2024,6.16258668899536
"Est","Gnagna","Bogandé",2012,38.3176536560059
"Est","Gnagna","Bogandé",2013,33.9967041015625
"Est","Gnagna","Bogandé",2014,37.3853378295898
"Est","Gnagna","Bogandé",2015,33.5244636535645
"Est","Gnagna","Bogandé",2016,29.4961853027344
"Est","Gnagna","Bogandé",2017,20.1558647155762
"Est","Gnagna","Bogandé",2018,21.2170295715332
"Est","Gnagna","Bogandé",2019,20.6168594360352
"Est","Gnagna","Bogandé",2020,15.3610773086548
"Est","Gnagna","Bogandé",2021,17.0923919677734
"Est","Gnagna","Bogandé",2022,28.4372215270996
"Est","Gnagna","Bogandé",2023,30.3343715667725
"Est","Gnagna","Bogandé",2024,30.2407131195068
"Est","Gnagna","Koalla",2012,0
"Est","Gnagna","Koalla",2013,0
"Est","Gnagna","Koalla",2014,0
"Est","Gnagna","Koalla",2015,0
"Est","Gnagna","Koalla",2016,0
"Est","Gnagna","Koalla",2017,0
"Est","Gnagna","Koalla",2018,13.4422063827515
"Est","Gnagna","Koalla",2019,6.82283020019531
"Est","Gnagna","Koalla",2020,0
"Est","Gnagna","Koalla",2021,0.690803408622742
"Est","Gnagna","Koalla",2022,0
"Est","Gnagna","Koalla",2023,0
"Est","Gnagna","Koalla",2024,0
"Est","Gnagna","Liptougou",2012,0
"Est","Gnagna","Liptougou",2013,0
"Est","Gnagna","Liptougou",2014,0
"Est","Gnagna","Liptougou",2015,0
"Est","Gnagna","Liptougou",2016,0
"Est","Gnagna","Liptougou",2017,0
"Est","Gnagna","Liptougou",2018,0
"Est","Gnagna","Liptougou",2019,0
"Est","Gnagna","Liptougou",2020,0
"Est","Gnagna","Liptougou",2021,0
"Est","Gnagna","Liptougou",2022,0
"Est","Gnagna","Liptougou",2023,0
"Est","Gnagna","Liptougou",2024,0
"Est","Gnagna","Mani",2012,6.76078319549561
"Est","Gnagna","Mani",2013,7.85714721679688
"Est","Gnagna","Mani",2014,8.97901344299316
"Est","Gnagna","Mani",2015,7.0897045135498
"Est","Gnagna","Mani",2016,6.53303003311157
"Est","Gnagna","Mani",2017,4.60448265075684
"Est","Gnagna","Mani",2018,6.38584423065186
"Est","Gnagna","Mani",2019,5.43035316467285
"Est","Gnagna","Mani",2020,2.14968919754028
"Est","Gnagna","Mani",2021,5.14431238174438
"Est","Gnagna","Mani",2022,10.0308904647827
"Est","Gnagna","Mani",2023,11.1839752197266
"Est","Gnagna","Mani",2024,6.64233207702637
"Est","Gnagna","Piéla",2012,1.88139653205872
"Est","Gnagna","Piéla",2013,1.39305627346039
"Est","Gnagna","Piéla",2014,1.88112473487854
"Est","Gnagna","Piéla",2015,1.35067582130432
"Est","Gnagna","Piéla",2016,1.78875088691711
"Est","Gnagna","Piéla",2017,1.21906924247742
"Est","Gnagna","Piéla",2018,1.2697422504425
"Est","Gnagna","Piéla",2019,0.622969448566437
"Est","Gnagna","Piéla",2020,0.541785597801208
"Est","Gnagna","Piéla",2021,1.38478183746338
"Est","Gnagna","Piéla",2022,5.16132259368896
"Est","Gnagna","Piéla",2023,7.26679229736328
"Est","Gnagna","Piéla",2024,6.22842788696289
"Est","Gnagna","Thion",2012,0
"Est","Gnagna","Thion",2013,0
"Est","Gnagna","Thion",2014,0
"Est","Gnagna","Thion",2015,0
"Est","Gnagna","Thion",2016,0
"Est","Gnagna","Thion",2017,0
"Est","Gnagna","Thion",2018,0
"Est","Gnagna","Thion",2019,0
"Est","Gnagna","Thion",2020,0
"Est","Gnagna","Thion",2021,0
"Est","Gnagna","Thion",2022,0
"Est","Gnagna","Thion",2023,0
"Est","Gnagna","Thion",2024,0
"Est","Gourma","Diabo",2012,9.85671424865723
"Est","Gourma","Diabo",2013,9.397873878479
"Est","Gourma","Diabo",2014,6.64415645599365
"Est","Gourma","Diabo",2015,6.85364389419556
"Est","Gourma","Diabo",2016,5.80289840698242
"Est","Gourma","Diabo",2017,5.24448394775391
"Est","Gourma","Diabo",2018,5.35745096206665
"Est","Gourma","Diabo",2019,0
"Est","Gourma","Diabo",2020,0
"Est","Gourma","Diabo",2021,0
"Est","Gourma","Diabo",2022,4.80021286010742
"Est","Gourma","Diabo",2023,8.48539924621582
"Est","Gourma","Diabo",2024,23.3836460113525
"Est","Gourma","Diapangou",2012,16.8354015350342
"Est","Gourma","Diapangou",2013,15.4683771133423
"Est","Gourma","Diapangou",2014,17.2781867980957
"Est","Gourma","Diapangou",2015,18.3020038604736
"Est","Gourma","Diapangou",2016,14.4068212509155
"Est","Gourma","Diapangou",2017,8.39553546905518
"Est","Gourma","Diapangou",2018,25.8320636749268
"Est","Gourma","Diapangou",2019,17.3012065887451
"Est","Gourma","Diapangou",2020,10.7182416915894
"Est","Gourma","Diapangou",2021,8.02913284301758
"Est","Gourma","Diapangou",2022,9.15676879882812
"Est","Gourma","Diapangou",2023,9.10790348052979
"Est","Gourma","Diapangou",2024,20.6004123687744
"Est","Gourma","Fada N'gourma",2012,320.815826416016
"Est","Gourma","Fada N'gourma",2013,308.482696533203
"Est","Gourma","Fada N'gourma",2014,313.368133544922
"Est","Gourma","Fada N'gourma",2015,322.744964599609
"Est","Gourma","Fada N'gourma",2016,291.315612792969
"Est","Gourma","Fada N'gourma",2017,291.650787353516
"Est","Gourma","Fada N'gourma",2018,326.500091552734
"Est","Gourma","Fada N'gourma",2019,293.579742431641
"Est","Gourma","Fada N'gourma",2020,303.607025146484
"Est","Gourma","Fada N'gourma",2021,370.514282226562
"Est","Gourma","Fada N'gourma",2022,425.916015625
"Est","Gourma","Fada N'gourma",2023,500.417083740234
"Est","Gourma","Fada N'gourma",2024,617.60400390625
"Est","Gourma","Matiacoali",2012,0
"Est","Gourma","Matiacoali",2013,0
"Est","Gourma","Matiacoali",2014,0
"Est","Gourma","Matiacoali",2015,0
"Est","Gourma","Matiacoali",2016,0
"Est","Gourma","Matiacoali",2017,0
"Est","Gourma","Matiacoali",2018,0
"Est","Gourma","Matiacoali",2019,0
"Est","Gourma","Matiacoali",2020,0
"Est","Gourma","Matiacoali",2021,0
"Est","Gourma","Matiacoali",2022,0
"Est","Gourma","Matiacoali",2023,0
"Est","Gourma","Matiacoali",2024,0
"Est","Gourma","Tibga",2012,3.35792970657349
"Est","Gourma","Tibga",2013,1.38436341285706
"Est","Gourma","Tibga",2014,1.27352571487427
"Est","Gourma","Tibga",2015,2.38025331497192
"Est","Gourma","Tibga",2016,1.05310559272766
"Est","Gourma","Tibga",2017,0
"Est","Gourma","Tibga",2018,0
"Est","Gourma","Tibga",2019,0
"Est","Gourma","Tibga",2020,0
"Est","Gourma","Tibga",2021,0
"Est","Gourma","Tibga",2022,0
"Est","Gourma","Tibga",2023,0
"Est","Gourma","Tibga",2024,0
"Est","Gourma","Yamba",2012,0
"Est","Gourma","Yamba",2013,0
"Est","Gourma","Yamba",2014,0
"Est","Gourma","Yamba",2015,0
"Est","Gourma","Yamba",2016,0
"Est","Gourma","Yamba",2017,0
"Est","Gourma","Yamba",2018,0
"Est","Gourma","Yamba",2019,0
"Est","Gourma","Yamba",2020,0
"Est","Gourma","Yamba",2021,0
"Est","Gourma","Yamba",2022,0
"Est","Gourma","Yamba",2023,0
"Est","Gourma","Yamba",2024,0
"Est","Komandjoari","Bartiébougou",2012,0
"Est","Komandjoari","Bartiébougou",2013,0
"Est","Komandjoari","Bartiébougou",2014,0
"Est","Komandjoari","Bartiébougou",2015,0
"Est","Komandjoari","Bartiébougou",2016,0
"Est","Komandjoari","Bartiébougou",2017,0
"Est","Komandjoari","Bartiébougou",2018,0
"Est","Komandjoari","Bartiébougou",2019,0
"Est","Komandjoari","Bartiébougou",2020,0
"Est","Komandjoari","Bartiébougou",2021,0
"Est","Komandjoari","Bartiébougou",2022,0.891532599925995
"Est","Komandjoari","Bartiébougou",2023,0
"Est","Komandjoari","Bartiébougou",2024,0
"Est","Komandjoari","Foutouri",2012,0
"Est","Komandjoari","Foutouri",2013,0
"Est","Komandjoari","Foutouri",2014,0
"Est","Komandjoari","Foutouri",2015,0
"Est","Komandjoari","Foutouri",2016,0
"Est","Komandjoari","Foutouri",2017,0
"Est","Komandjoari","Foutouri",2018,0
"Est","Komandjoari","Foutouri",2019,0
"Est","Komandjoari","Foutouri",2020,0.532186269760132
"Est","Komandjoari","Foutouri",2021,0
"Est","Komandjoari","Foutouri",2022,3.09914922714233
"Est","Komandjoari","Foutouri",2023,0
"Est","Komandjoari","Foutouri",2024,0
"Est","Komandjoari","Gayéri",2012,0
"Est","Komandjoari","Gayéri",2013,1.54339718818665
"Est","Komandjoari","Gayéri",2014,8.16601276397705
"Est","Komandjoari","Gayéri",2015,8.49289035797119
"Est","Komandjoari","Gayéri",2016,9.63510894775391
"Est","Komandjoari","Gayéri",2017,8.14748191833496
"Est","Komandjoari","Gayéri",2018,6.74779844284058
"Est","Komandjoari","Gayéri",2019,7.83649253845215
"Est","Komandjoari","Gayéri",2020,5.80353355407715
"Est","Komandjoari","Gayéri",2021,6.67596292495728
"Est","Komandjoari","Gayéri",2022,5.75644302368164
"Est","Komandjoari","Gayéri",2023,0.569391548633575
"Est","Komandjoari","Gayéri",2024,8.48982429504395
"Est","Kompienga","Kompienga",2012,1.21135306358337
"Est","Kompienga","Kompienga",2013,0.797234177589417
"Est","Kompienga","Kompienga",2014,2.00272560119629
"Est","Kompienga","Kompienga",2015,2.37682175636292
"Est","Kompienga","Kompienga",2016,3.32236266136169
"Est","Kompienga","Kompienga",2017,2.52401113510132
"Est","Kompienga","Kompienga",2018,1.73142039775848
"Est","Kompienga","Kompienga",2019,3.2476761341095
"Est","Kompienga","Kompienga",2020,2.44531416893005
"Est","Kompienga","Kompienga",2021,2.4492654800415
"Est","Kompienga","Kompienga",2022,4.63866186141968
"Est","Kompienga","Kompienga",2023,1.94733929634094
"Est","Kompienga","Kompienga",2024,0.0560824312269688
"Est","Kompienga","Madjoari",2012,0
"Est","Kompienga","Madjoari",2013,0
"Est","Kompienga","Madjoari",2014,0
"Est","Kompienga","Madjoari",2015,0
"Est","Kompienga","Madjoari",2016,0
"Est","Kompienga","Madjoari",2017,0
"Est","Kompienga","Madjoari",2018,0
"Est","Kompienga","Madjoari",2019,0
"Est","Kompienga","Madjoari",2020,0
"Est","Kompienga","Madjoari",2021,0
"Est","Kompienga","Madjoari",2022,0
"Est","Kompienga","Madjoari",2023,0
"Est","Kompienga","Madjoari",2024,0
"Est","Kompienga","Pama",2012,49.982234954834
"Est","Kompienga","Pama",2013,44.9971122741699
"Est","Kompienga","Pama",2014,57.6460037231445
"Est","Kompienga","Pama",2015,52.0310363769531
"Est","Kompienga","Pama",2016,69.0957336425781
"Est","Kompienga","Pama",2017,61.8457794189453
"Est","Kompienga","Pama",2018,52.3493919372559
"Est","Kompienga","Pama",2019,39.9307632446289
"Est","Kompienga","Pama",2020,46.8155136108398
"Est","Kompienga","Pama",2021,47.9522857666016
"Est","Kompienga","Pama",2022,26.4186592102051
"Est","Kompienga","Pama",2023,10.1057748794556
"Est","Kompienga","Pama",2024,0
"Est","Tapoa","Botou",2012,0
"Est","Tapoa","Botou",2013,0
"Est","Tapoa","Botou",2014,0
"Est","Tapoa","Botou",2015,0
"Est","Tapoa","Botou",2016,0
"Est","Tapoa","Botou",2017,0
"Est","Tapoa","Botou",2018,0
"Est","Tapoa","Botou",2019,0
"Est","Tapoa","Botou",2020,0
"Est","Tapoa","Botou",2021,0
"Est","Tapoa","Botou",2022,0
"Est","Tapoa","Botou",2023,0
"Est","Tapoa","Botou",2024,0
"Est","Tapoa","Diapaga",2012,28.9497814178467
"Est","Tapoa","Diapaga",2013,40.3060264587402
"Est","Tapoa","Diapaga",2014,48.9133224487305
"Est","Tapoa","Diapaga",2015,48.5057754516602
"Est","Tapoa","Diapaga",2016,46.5085029602051
"Est","Tapoa","Diapaga",2017,44.5213012695312
"Est","Tapoa","Diapaga",2018,44.2502784729004
"Est","Tapoa","Diapaga",2019,43.0546646118164
"Est","Tapoa","Diapaga",2020,34.1428833007812
"Est","Tapoa","Diapaga",2021,50.1301383972168
"Est","Tapoa","Diapaga",2022,52.2745056152344
"Est","Tapoa","Diapaga",2023,37.669059753418
"Est","Tapoa","Diapaga",2024,1.17173647880554
"Est","Tapoa","Kantchari",2012,5.70041513442993
"Est","Tapoa","Kantchari",2013,6.34985589981079
"Est","Tapoa","Kantchari",2014,7.87407541275024
"Est","Tapoa","Kantchari",2015,10.1320457458496
"Est","Tapoa","Kantchari",2016,12.7690286636353
"Est","Tapoa","Kantchari",2017,15.0721225738525
"Est","Tapoa","Kantchari",2018,13.6649789810181
"Est","Tapoa","Kantchari",2019,7.73474311828613
"Est","Tapoa","Kantchari",2020,7.52355241775513
"Est","Tapoa","Kantchari",2021,16.5523300170898
"Est","Tapoa","Kantchari",2022,21.801290512085
"Est","Tapoa","Kantchari",2023,8.85823249816895
"Est","Tapoa","Kantchari",2024,0
"Est","Tapoa","Logobou",2012,0
"Est","Tapoa","Logobou",2013,0
"Est","Tapoa","Logobou",2014,0
"Est","Tapoa","Logobou",2015,0
"Est","Tapoa","Logobou",2016,0
"Est","Tapoa","Logobou",2017,0
"Est","Tapoa","Logobou",2018,0
"Est","Tapoa","Logobou",2019,0
"Est","Tapoa","Logobou",2020,0
"Est","Tapoa","Logobou",2021,0
"Est","Tapoa","Logobou",2022,0
"Est","Tapoa","Logobou",2023,0
"Est","Tapoa","Logobou",2024,0
"Est","Tapoa","Namounou",2012,0
"Est","Tapoa","Namounou",2013,0
"Est","Tapoa","Namounou",2014,0
"Est","Tapoa","Namounou",2015,0
"Est","Tapoa","Namounou",2016,0
"Est","Tapoa","Namounou",2017,0
"Est","Tapoa","Namounou",2018,0
"Est","Tapoa","Namounou",2019,0
"Est","Tapoa","Namounou",2020,0
"Est","Tapoa","Namounou",2021,0
"Est","Tapoa","Namounou",2022,0
"Est","Tapoa","Namounou",2023,0
"Est","Tapoa","Namounou",2024,0
"Est","Tapoa","Partiaga",2012,0
"Est","Tapoa","Partiaga",2013,0
"Est","Tapoa","Partiaga",2014,0.650705873966217
"Est","Tapoa","Partiaga",2015,1.98752796649933
"Est","Tapoa","Partiaga",2016,1.96546912193298
"Est","Tapoa","Partiaga",2017,35.9199714660645
"Est","Tapoa","Partiaga",2018,270.383575439453
"Est","Tapoa","Partiaga",2019,314.630065917969
"Est","Tapoa","Partiaga",2020,258.882202148438
"Est","Tapoa","Partiaga",2021,307.997833251953
"Est","Tapoa","Partiaga",2022,307.470489501953
"Est","Tapoa","Partiaga",2023,135.291046142578
"Est","Tapoa","Partiaga",2024,24.5213298797607
"Est","Tapoa","Tambaga",2012,0
"Est","Tapoa","Tambaga",2013,0
"Est","Tapoa","Tambaga",2014,0
"Est","Tapoa","Tambaga",2015,0
"Est","Tapoa","Tambaga",2016,0
"Est","Tapoa","Tambaga",2017,0
"Est","Tapoa","Tambaga",2018,0
"Est","Tapoa","Tambaga",2019,0
"Est","Tapoa","Tambaga",2020,0
"Est","Tapoa","Tambaga",2021,0
"Est","Tapoa","Tambaga",2022,0
"Est","Tapoa","Tambaga",2023,0
"Est","Tapoa","Tambaga",2024,0
"Est","Tapoa","Tansarga",2012,0
"Est","Tapoa","Tansarga",2013,0
"Est","Tapoa","Tansarga",2014,0
"Est","Tapoa","Tansarga",2015,0
"Est","Tapoa","Tansarga",2016,0
"Est","Tapoa","Tansarga",2017,0
"Est","Tapoa","Tansarga",2018,0
"Est","Tapoa","Tansarga",2019,0
"Est","Tapoa","Tansarga",2020,0
"Est","Tapoa","Tansarga",2021,0
"Est","Tapoa","Tansarga",2022,0
"Est","Tapoa","Tansarga",2023,0
"Est","Tapoa","Tansarga",2024,0
"Haut-Bassins","Houet","Bama",2012,11.7649297714233
"Haut-Bassins","Houet","Bama",2013,33.9096527099609
"Haut-Bassins","Houet","Bama",2014,40.3887023925781
"Haut-Bassins","Houet","Bama",2015,18.0895462036133
"Haut-Bassins","Houet","Bama",2016,10.0170440673828
"Haut-Bassins","Houet","Bama",2017,11.7843551635742
"Haut-Bassins","Houet","Bama",2018,7.02488613128662
"Haut-Bassins","Houet","Bama",2019,6.77878999710083
"Haut-Bassins","Houet","Bama",2020,9.31656932830811
"Haut-Bassins","Houet","Bama",2021,15.9330358505249
"Haut-Bassins","Houet","Bama",2022,29.9222755432129
"Haut-Bassins","Houet","Bama",2023,46.4978256225586
"Haut-Bassins","Houet","Bama",2024,48.8505058288574
"Haut-Bassins","Houet","Bobo-Dioulasso",2012,4518.318359375
"Haut-Bassins","Houet","Bobo-Dioulasso",2013,4456.2705078125
"Haut-Bassins","Houet","Bobo-Dioulasso",2014,4493.24609375
"Haut-Bassins","Houet","Bobo-Dioulasso",2015,4894.65380859375
"Haut-Bassins","Houet","Bobo-Dioulasso",2016,4989.837890625
"Haut-Bassins","Houet","Bobo-Dioulasso",2017,4639.1015625
"Haut-Bassins","Houet","Bobo-Dioulasso",2018,4466.55322265625
"Haut-Bassins","Houet","Bobo-Dioulasso",2019,4672.6005859375
"Haut-Bassins","Houet","Bobo-Dioulasso",2020,5114.89990234375
"Haut-Bassins","Houet","Bobo-Dioulasso",2021,5751.44091796875
"Haut-Bassins","Houet","Bobo-Dioulasso",2022,6772.6025390625
"Haut-Bassins","Houet","Bobo-Dioulasso",2023,7073.48779296875
"Haut-Bassins","Houet","Bobo-Dioulasso",2024,7050.2421875
"Haut-Bassins","Houet","Dandé",2012,0
"Haut-Bassins","Houet","Dandé",2013,0
"Haut-Bassins","Houet","Dandé",2014,0
"Haut-Bassins","Houet","Dandé",2015,0
"Haut-Bassins","Houet","Dandé",2016,0
"Haut-Bassins","Houet","Dandé",2017,1.2738196849823
"Haut-Bassins","Houet","Dandé",2018,2.85767912864685
"Haut-Bassins","Houet","Dandé",2019,1.93698692321777
"Haut-Bassins","Houet","Dandé",2020,1.74046301841736
"Haut-Bassins","Houet","Dandé",2021,2.30128335952759
"Haut-Bassins","Houet","Dandé",2022,6.38532686233521
"Haut-Bassins","Houet","Dandé",2023,6.34323358535767
"Haut-Bassins","Houet","Dandé",2024,7.91545295715332
"Haut-Bassins","Houet","Faramana",2012,0
"Haut-Bassins","Houet","Faramana",2013,0
"Haut-Bassins","Houet","Faramana",2014,0
"Haut-Bassins","Houet","Faramana",2015,0
"Haut-Bassins","Houet","Faramana",2016,0
"Haut-Bassins","Houet","Faramana",2017,0.50144499540329
"Haut-Bassins","Houet","Faramana",2018,1.83074176311493
"Haut-Bassins","Houet","Faramana",2019,1.8359010219574
"Haut-Bassins","Houet","Faramana",2020,2.05237936973572
"Haut-Bassins","Houet","Faramana",2021,2.51667380332947
"Haut-Bassins","Houet","Faramana",2022,4.56778478622437
"Haut-Bassins","Houet","Faramana",2023,1.00005781650543
"Haut-Bassins","Houet","Faramana",2024,0
"Haut-Bassins","Houet","Fo",2012,0
"Haut-Bassins","Houet","Fo",2013,0
"Haut-Bassins","Houet","Fo",2014,0
"Haut-Bassins","Houet","Fo",2015,0
"Haut-Bassins","Houet","Fo",2016,0
"Haut-Bassins","Houet","Fo",2017,0
"Haut-Bassins","Houet","Fo",2018,0
"Haut-Bassins","Houet","Fo",2019,0
"Haut-Bassins","Houet","Fo",2020,0
"Haut-Bassins","Houet","Fo",2021,0
"Haut-Bassins","Houet","Fo",2022,1.14802289009094
"Haut-Bassins","Houet","Fo",2023,0
"Haut-Bassins","Houet","Fo",2024,0
"Haut-Bassins","Houet","Karankasso-Sambla",2012,0
"Haut-Bassins","Houet","Karankasso-Sambla",2013,0
"Haut-Bassins","Houet","Karankasso-Sambla",2014,1.24904346466064
"Haut-Bassins","Houet","Karankasso-Sambla",2015,0
"Haut-Bassins","Houet","Karankasso-Sambla",2016,0
"Haut-Bassins","Houet","Karankasso-Sambla",2017,0
"Haut-Bassins","Houet","Karankasso-Sambla",2018,0
"Haut-Bassins","Houet","Karankasso-Sambla",2019,0
"Haut-Bassins","Houet","Karankasso-Sambla",2020,0
"Haut-Bassins","Houet","Karankasso-Sambla",2021,0
"Haut-Bassins","Houet","Karankasso-Sambla",2022,0.00737412692978978
"Haut-Bassins","Houet","Karankasso-Sambla",2023,0.0133373802527785
"Haut-Bassins","Houet","Karankasso-Sambla",2024,0.500598073005676
"Haut-Bassins","Houet","Karankasso-Vigué",2012,0
"Haut-Bassins","Houet","Karankasso-Vigué",2013,0
"Haut-Bassins","Houet","Karankasso-Vigué",2014,0
"Haut-Bassins","Houet","Karankasso-Vigué",2015,0
"Haut-Bassins","Houet","Karankasso-Vigué",2016,0
"Haut-Bassins","Houet","Karankasso-Vigué",2017,0
"Haut-Bassins","Houet","Karankasso-Vigué",2018,0
"Haut-Bassins","Houet","Karankasso-Vigué",2019,0
"Haut-Bassins","Houet","Karankasso-Vigué",2020,0.584202766418457
"Haut-Bassins","Houet","Karankasso-Vigué",2021,2.87704181671143
"Haut-Bassins","Houet","Karankasso-Vigué",2022,9.24259853363037
"Haut-Bassins","Houet","Karankasso-Vigué",2023,15.5701122283936
"Haut-Bassins","Houet","Karankasso-Vigué",2024,72.2473449707031
"Haut-Bassins","Houet","Koundougou",2012,0
"Haut-Bassins","Houet","Koundougou",2013,0
"Haut-Bassins","Houet","Koundougou",2014,0
"Haut-Bassins","Houet","Koundougou",2015,0
"Haut-Bassins","Houet","Koundougou",2016,0
"Haut-Bassins","Houet","Koundougou",2017,0
"Haut-Bassins","Houet","Koundougou",2018,0.516090631484985
"Haut-Bassins","Houet","Koundougou",2019,0
"Haut-Bassins","Houet","Koundougou",2020,0
"Haut-Bassins","Houet","Koundougou",2021,0
"Haut-Bassins","Houet","Koundougou",2022,0.646408975124359
"Haut-Bassins","Houet","Koundougou",2023,1.90279078483582
"Haut-Bassins","Houet","Koundougou",2024,1.29344773292542
"Haut-Bassins","Houet","Lena",2012,0
"Haut-Bassins","Houet","Lena",2013,0
"Haut-Bassins","Houet","Lena",2014,0
"Haut-Bassins","Houet","Lena",2015,0
"Haut-Bassins","Houet","Lena",2016,2.72383499145508
"Haut-Bassins","Houet","Lena",2017,1.0577837228775
"Haut-Bassins","Houet","Lena",2018,0
"Haut-Bassins","Houet","Lena",2019,0
"Haut-Bassins","Houet","Lena",2020,0
"Haut-Bassins","Houet","Lena",2021,0
"Haut-Bassins","Houet","Lena",2022,0
"Haut-Bassins","Houet","Lena",2023,0
"Haut-Bassins","Houet","Lena",2024,0
"Haut-Bassins","Houet","Padéma",2012,0
"Haut-Bassins","Houet","Padéma",2013,0
"Haut-Bassins","Houet","Padéma",2014,0
"Haut-Bassins","Houet","Padéma",2015,0
"Haut-Bassins","Houet","Padéma",2016,0
"Haut-Bassins","Houet","Padéma",2017,0
"Haut-Bassins","Houet","Padéma",2018,0
"Haut-Bassins","Houet","Padéma",2019,0
"Haut-Bassins","Houet","Padéma",2020,0
"Haut-Bassins","Houet","Padéma",2021,0
"Haut-Bassins","Houet","Padéma",2022,0
"Haut-Bassins","Houet","Padéma",2023,0
"Haut-Bassins","Houet","Padéma",2024,0
"Haut-Bassins","Houet","Peni",2012,0.725983202457428
"Haut-Bassins","Houet","Peni",2013,1.23157489299774
"Haut-Bassins","Houet","Peni",2014,3.13605546951294
"Haut-Bassins","Houet","Peni",2015,8.18196487426758
"Haut-Bassins","Houet","Peni",2016,8.30327224731445
"Haut-Bassins","Houet","Peni",2017,51.5776100158691
"Haut-Bassins","Houet","Peni",2018,53.6631965637207
"Haut-Bassins","Houet","Peni",2019,56.6823387145996
"Haut-Bassins","Houet","Peni",2020,38.172119140625
"Haut-Bassins","Houet","Peni",2021,70.8034362792969
"Haut-Bassins","Houet","Peni",2022,94.4440994262695
"Haut-Bassins","Houet","Peni",2023,99.8307723999023
"Haut-Bassins","Houet","Peni",2024,93.4835357666016
"Haut-Bassins","Houet","Satiri",2012,0
"Haut-Bassins","Houet","Satiri",2013,0
"Haut-Bassins","Houet","Satiri",2014,0
"Haut-Bassins","Houet","Satiri",2015,0
"Haut-Bassins","Houet","Satiri",2016,4.73384046554565
"Haut-Bassins","Houet","Satiri",2017,2.18404150009155
"Haut-Bassins","Houet","Satiri",2018,0.530214369297028
"Haut-Bassins","Houet","Satiri",2019,0
"Haut-Bassins","Houet","Satiri",2020,0
"Haut-Bassins","Houet","Satiri",2021,2.38062953948975
"Haut-Bassins","Houet","Satiri",2022,3.11237859725952
"Haut-Bassins","Houet","Satiri",2023,3.22638869285583
"Haut-Bassins","Houet","Satiri",2024,1.53047609329224
"Haut-Bassins","Houet","Toussiana",2012,7.29565668106079
"Haut-Bassins","Houet","Toussiana",2013,10.0427541732788
"Haut-Bassins","Houet","Toussiana",2014,7.22913312911987
"Haut-Bassins","Houet","Toussiana",2015,6.79729270935059
"Haut-Bassins","Houet","Toussiana",2016,7.15577363967896
"Haut-Bassins","Houet","Toussiana",2017,11.1875972747803
"Haut-Bassins","Houet","Toussiana",2018,7.76220512390137
"Haut-Bassins","Houet","Toussiana",2019,6.64188241958618
"Haut-Bassins","Houet","Toussiana",2020,6.4248366355896
"Haut-Bassins","Houet","Toussiana",2021,8.40839767456055
"Haut-Bassins","Houet","Toussiana",2022,20.6965446472168
"Haut-Bassins","Houet","Toussiana",2023,24.4288959503174
"Haut-Bassins","Houet","Toussiana",2024,23.9966773986816
"Haut-Bassins","Kénédougou","Banzon",2012,0
"Haut-Bassins","Kénédougou","Banzon",2013,0
"Haut-Bassins","Kénédougou","Banzon",2014,1.83445954322815
"Haut-Bassins","Kénédougou","Banzon",2015,0.665518283843994
"Haut-Bassins","Kénédougou","Banzon",2016,1.24605441093445
"Haut-Bassins","Kénédougou","Banzon",2017,1.23330497741699
"Haut-Bassins","Kénédougou","Banzon",2018,0.784865915775299
"Haut-Bassins","Kénédougou","Banzon",2019,1.2582380771637
"Haut-Bassins","Kénédougou","Banzon",2020,0.589968979358673
"Haut-Bassins","Kénédougou","Banzon",2021,0.604037523269653
"Haut-Bassins","Kénédougou","Banzon",2022,2.46519446372986
"Haut-Bassins","Kénédougou","Banzon",2023,4.25776433944702
"Haut-Bassins","Kénédougou","Banzon",2024,5.72750234603882
"Haut-Bassins","Kénédougou","Djigouera",2012,0
"Haut-Bassins","Kénédougou","Djigouera",2013,0
"Haut-Bassins","Kénédougou","Djigouera",2014,0
"Haut-Bassins","Kénédougou","Djigouera",2015,0
"Haut-Bassins","Kénédougou","Djigouera",2016,0
"Haut-Bassins","Kénédougou","Djigouera",2017,0
"Haut-Bassins","Kénédougou","Djigouera",2018,0
"Haut-Bassins","Kénédougou","Djigouera",2019,0
"Haut-Bassins","Kénédougou","Djigouera",2020,0
"Haut-Bassins","Kénédougou","Djigouera",2021,0
"Haut-Bassins","Kénédougou","Djigouera",2022,0.531954407691956
"Haut-Bassins","Kénédougou","Djigouera",2023,0
"Haut-Bassins","Kénédougou","Djigouera",2024,1.36021554470062
"Haut-Bassins","Kénédougou","Kangala",2012,0
"Haut-Bassins","Kénédougou","Kangala",2013,0
"Haut-Bassins","Kénédougou","Kangala",2014,0
"Haut-Bassins","Kénédougou","Kangala",2015,0
"Haut-Bassins","Kénédougou","Kangala",2016,0
"Haut-Bassins","Kénédougou","Kangala",2017,0.641893267631531
"Haut-Bassins","Kénédougou","Kangala",2018,1.95145058631897
"Haut-Bassins","Kénédougou","Kangala",2019,2.34770917892456
"Haut-Bassins","Kénédougou","Kangala",2020,9.51082801818848
"Haut-Bassins","Kénédougou","Kangala",2021,16.4275512695312
"Haut-Bassins","Kénédougou","Kangala",2022,27.9819297790527
"Haut-Bassins","Kénédougou","Kangala",2023,37.461799621582
"Haut-Bassins","Kénédougou","Kangala",2024,24.8246688842773
"Haut-Bassins","Kénédougou","Kayan",2012,0
"Haut-Bassins","Kénédougou","Kayan",2013,0
"Haut-Bassins","Kénédougou","Kayan",2014,0
"Haut-Bassins","Kénédougou","Kayan",2015,0
"Haut-Bassins","Kénédougou","Kayan",2016,0
"Haut-Bassins","Kénédougou","Kayan",2017,0
"Haut-Bassins","Kénédougou","Kayan",2018,0
"Haut-Bassins","Kénédougou","Kayan",2019,0
"Haut-Bassins","Kénédougou","Kayan",2020,0
"Haut-Bassins","Kénédougou","Kayan",2021,0
"Haut-Bassins","Kénédougou","Kayan",2022,0
"Haut-Bassins","Kénédougou","Kayan",2023,0
"Haut-Bassins","Kénédougou","Kayan",2024,0
"Haut-Bassins","Kénédougou","Koloko",2012,0
"Haut-Bassins","Kénédougou","Koloko",2013,0
"Haut-Bassins","Kénédougou","Koloko",2014,0
"Haut-Bassins","Kénédougou","Koloko",2015,0
"Haut-Bassins","Kénédougou","Koloko",2016,0
"Haut-Bassins","Kénédougou","Koloko",2017,2.73072242736816
"Haut-Bassins","Kénédougou","Koloko",2018,3.12250828742981
"Haut-Bassins","Kénédougou","Koloko",2019,6.54538297653198
"Haut-Bassins","Kénédougou","Koloko",2020,7.10219573974609
"Haut-Bassins","Kénédougou","Koloko",2021,12.8226652145386
"Haut-Bassins","Kénédougou","Koloko",2022,23.0851554870605
"Haut-Bassins","Kénédougou","Koloko",2023,24.5076656341553
"Haut-Bassins","Kénédougou","Koloko",2024,26.7350425720215
"Haut-Bassins","Kénédougou","Kourinion",2012,0.716844022274017
"Haut-Bassins","Kénédougou","Kourinion",2013,1.66567027568817
"Haut-Bassins","Kénédougou","Kourinion",2014,6.60953664779663
"Haut-Bassins","Kénédougou","Kourinion",2015,5.58780145645142
"Haut-Bassins","Kénédougou","Kourinion",2016,4.58235931396484
"Haut-Bassins","Kénédougou","Kourinion",2017,6.84191036224365
"Haut-Bassins","Kénédougou","Kourinion",2018,11.0069923400879
"Haut-Bassins","Kénédougou","Kourinion",2019,13.1947450637817
"Haut-Bassins","Kénédougou","Kourinion",2020,12.3230047225952
"Haut-Bassins","Kénédougou","Kourinion",2021,14.1039838790894
"Haut-Bassins","Kénédougou","Kourinion",2022,26.5969047546387
"Haut-Bassins","Kénédougou","Kourinion",2023,33.6113052368164
"Haut-Bassins","Kénédougou","Kourinion",2024,42.5564308166504
"Haut-Bassins","Kénédougou","Kourouma",2012,81.6036224365234
"Haut-Bassins","Kénédougou","Kourouma",2013,68.722038269043
"Haut-Bassins","Kénédougou","Kourouma",2014,74.3588943481445
"Haut-Bassins","Kénédougou","Kourouma",2015,69.2572021484375
"Haut-Bassins","Kénédougou","Kourouma",2016,43.8910331726074
"Haut-Bassins","Kénédougou","Kourouma",2017,35.1675872802734
"Haut-Bassins","Kénédougou","Kourouma",2018,30.4030780792236
"Haut-Bassins","Kénédougou","Kourouma",2019,28.1411075592041
"Haut-Bassins","Kénédougou","Kourouma",2020,24.2156219482422
"Haut-Bassins","Kénédougou","Kourouma",2021,20.2316951751709
"Haut-Bassins","Kénédougou","Kourouma",2022,25.8592109680176
"Haut-Bassins","Kénédougou","Kourouma",2023,19.4451427459717
"Haut-Bassins","Kénédougou","Kourouma",2024,36.2739562988281
"Haut-Bassins","Kénédougou","Morolaba",2012,0
"Haut-Bassins","Kénédougou","Morolaba",2013,0
"Haut-Bassins","Kénédougou","Morolaba",2014,0
"Haut-Bassins","Kénédougou","Morolaba",2015,0
"Haut-Bassins","Kénédougou","Morolaba",2016,0
"Haut-Bassins","Kénédougou","Morolaba",2017,0
"Haut-Bassins","Kénédougou","Morolaba",2018,0
"Haut-Bassins","Kénédougou","Morolaba",2019,0
"Haut-Bassins","Kénédougou","Morolaba",2020,0
"Haut-Bassins","Kénédougou","Morolaba",2021,0
"Haut-Bassins","Kénédougou","Morolaba",2022,0
"Haut-Bassins","Kénédougou","Morolaba",2023,0
"Haut-Bassins","Kénédougou","Morolaba",2024,0
"Haut-Bassins","Kénédougou","N'dorola",2012,22.6230926513672
"Haut-Bassins","Kénédougou","N'dorola",2013,20.4063930511475
"Haut-Bassins","Kénédougou","N'dorola",2014,21.8454494476318
"Haut-Bassins","Kénédougou","N'dorola",2015,13.0633563995361
"Haut-Bassins","Kénédougou","N'dorola",2016,10.823637008667
"Haut-Bassins","Kénédougou","N'dorola",2017,12.7141122817993
"Haut-Bassins","Kénédougou","N'dorola",2018,13.3583183288574
"Haut-Bassins","Kénédougou","N'dorola",2019,10.7366228103638
"Haut-Bassins","Kénédougou","N'dorola",2020,5.17070436477661
"Haut-Bassins","Kénédougou","N'dorola",2021,4.36044883728027
"Haut-Bassins","Kénédougou","N'dorola",2022,9.06805610656738
"Haut-Bassins","Kénédougou","N'dorola",2023,7.87080049514771
"Haut-Bassins","Kénédougou","N'dorola",2024,8.16987609863281
"Haut-Bassins","Kénédougou","Orodara",2012,71.7881240844727
"Haut-Bassins","Kénédougou","Orodara",2013,78.38232421875
"Haut-Bassins","Kénédougou","Orodara",2014,84.8948974609375
"Haut-Bassins","Kénédougou","Orodara",2015,91.275764465332
"Haut-Bassins","Kénédougou","Orodara",2016,97.1510848999023
"Haut-Bassins","Kénédougou","Orodara",2017,92.9378890991211
"Haut-Bassins","Kénédougou","Orodara",2018,84.6395721435547
"Haut-Bassins","Kénédougou","Orodara",2019,81.2981872558594
"Haut-Bassins","Kénédougou","Orodara",2020,84.2860946655273
"Haut-Bassins","Kénédougou","Orodara",2021,90.5104522705078
"Haut-Bassins","Kénédougou","Orodara",2022,113.07918548584
"Haut-Bassins","Kénédougou","Orodara",2023,116.738876342773
"Haut-Bassins","Kénédougou","Orodara",2024,151.539215087891
"Haut-Bassins","Kénédougou","Samogohiri",2012,0
"Haut-Bassins","Kénédougou","Samogohiri",2013,0
"Haut-Bassins","Kénédougou","Samogohiri",2014,0
"Haut-Bassins","Kénédougou","Samogohiri",2015,0
"Haut-Bassins","Kénédougou","Samogohiri",2016,0
"Haut-Bassins","Kénédougou","Samogohiri",2017,1.25076973438263
"Haut-Bassins","Kénédougou","Samogohiri",2018,1.11101949214935
"Haut-Bassins","Kénédougou","Samogohiri",2019,1.86334359645844
"Haut-Bassins","Kénédougou","Samogohiri",2020,2.4226655960083
"Haut-Bassins","Kénédougou","Samogohiri",2021,7.57837057113647
"Haut-Bassins","Kénédougou","Samogohiri",2022,7.29263925552368
"Haut-Bassins","Kénédougou","Samogohiri",2023,10.9608249664307
"Haut-Bassins","Kénédougou","Samogohiri",2024,11.3992433547974
"Haut-Bassins","Kénédougou","Samorogouan",2012,0
"Haut-Bassins","Kénédougou","Samorogouan",2013,0
"Haut-Bassins","Kénédougou","Samorogouan",2014,0
"Haut-Bassins","Kénédougou","Samorogouan",2015,0
"Haut-Bassins","Kénédougou","Samorogouan",2016,0
"Haut-Bassins","Kénédougou","Samorogouan",2017,0
"Haut-Bassins","Kénédougou","Samorogouan",2018,2.80265140533447
"Haut-Bassins","Kénédougou","Samorogouan",2019,16.213207244873
"Haut-Bassins","Kénédougou","Samorogouan",2020,20.2501354217529
"Haut-Bassins","Kénédougou","Samorogouan",2021,26.9511680603027
"Haut-Bassins","Kénédougou","Samorogouan",2022,32.2927169799805
"Haut-Bassins","Kénédougou","Samorogouan",2023,29.0298366546631
"Haut-Bassins","Kénédougou","Samorogouan",2024,29.4256534576416
"Haut-Bassins","Kénédougou","Sindo",2012,0
"Haut-Bassins","Kénédougou","Sindo",2013,0
"Haut-Bassins","Kénédougou","Sindo",2014,0
"Haut-Bassins","Kénédougou","Sindo",2015,0
"Haut-Bassins","Kénédougou","Sindo",2016,0
"Haut-Bassins","Kénédougou","Sindo",2017,0
"Haut-Bassins","Kénédougou","Sindo",2018,0
"Haut-Bassins","Kénédougou","Sindo",2019,0
"Haut-Bassins","Kénédougou","Sindo",2020,0
"Haut-Bassins","Kénédougou","Sindo",2021,0
"Haut-Bassins","Kénédougou","Sindo",2022,0.6474649310112
"Haut-Bassins","Kénédougou","Sindo",2023,0
"Haut-Bassins","Kénédougou","Sindo",2024,0
"Haut-Bassins","Tuy","Bekuy",2012,0
"Haut-Bassins","Tuy","Bekuy",2013,0
"Haut-Bassins","Tuy","Bekuy",2014,0
"Haut-Bassins","Tuy","Bekuy",2015,0
"Haut-Bassins","Tuy","Bekuy",2016,0
"Haut-Bassins","Tuy","Bekuy",2017,0
"Haut-Bassins","Tuy","Bekuy",2018,0
"Haut-Bassins","Tuy","Bekuy",2019,0
"Haut-Bassins","Tuy","Bekuy",2020,0
"Haut-Bassins","Tuy","Bekuy",2021,0
"Haut-Bassins","Tuy","Bekuy",2022,0
"Haut-Bassins","Tuy","Bekuy",2023,0.542571246623993
"Haut-Bassins","Tuy","Bekuy",2024,0
"Haut-Bassins","Tuy","Bereba",2012,0
"Haut-Bassins","Tuy","Bereba",2013,0
"Haut-Bassins","Tuy","Bereba",2014,0
"Haut-Bassins","Tuy","Bereba",2015,0
"Haut-Bassins","Tuy","Bereba",2016,0
"Haut-Bassins","Tuy","Bereba",2017,0
"Haut-Bassins","Tuy","Bereba",2018,0.564107894897461
"Haut-Bassins","Tuy","Bereba",2019,0
"Haut-Bassins","Tuy","Bereba",2020,0
"Haut-Bassins","Tuy","Bereba",2021,0
"Haut-Bassins","Tuy","Bereba",2022,1.68276524543762
"Haut-Bassins","Tuy","Bereba",2023,0.630555331707001
"Haut-Bassins","Tuy","Bereba",2024,1.12453162670135
"Haut-Bassins","Tuy","Boni",2012,2.81062769889832
"Haut-Bassins","Tuy","Boni",2013,0.81587028503418
"Haut-Bassins","Tuy","Boni",2014,0.788699686527252
"Haut-Bassins","Tuy","Boni",2015,0.648259282112122
"Haut-Bassins","Tuy","Boni",2016,0.698747277259827
"Haut-Bassins","Tuy","Boni",2017,0.532864093780518
"Haut-Bassins","Tuy","Boni",2018,0.665647685527802
"Haut-Bassins","Tuy","Boni",2019,1.21644377708435
"Haut-Bassins","Tuy","Boni",2020,0.81230890750885
"Haut-Bassins","Tuy","Boni",2021,1.89165139198303
"Haut-Bassins","Tuy","Boni",2022,2.42583274841309
"Haut-Bassins","Tuy","Boni",2023,3.39718675613403
"Haut-Bassins","Tuy","Boni",2024,15.9462614059448
"Haut-Bassins","Tuy","Founzan",2012,1.66210210323334
"Haut-Bassins","Tuy","Founzan",2013,2.49536466598511
"Haut-Bassins","Tuy","Founzan",2014,5.036217212677
"Haut-Bassins","Tuy","Founzan",2015,2.92446565628052
"Haut-Bassins","Tuy","Founzan",2016,2.43913698196411
"Haut-Bassins","Tuy","Founzan",2017,2.55250692367554
"Haut-Bassins","Tuy","Founzan",2018,2.25453472137451
"Haut-Bassins","Tuy","Founzan",2019,2.38414430618286
"Haut-Bassins","Tuy","Founzan",2020,5.34344863891602
"Haut-Bassins","Tuy","Founzan",2021,5.64383459091187
"Haut-Bassins","Tuy","Founzan",2022,6.34316349029541
"Haut-Bassins","Tuy","Founzan",2023,5.49077701568604
"Haut-Bassins","Tuy","Founzan",2024,4.29396104812622
"Haut-Bassins","Tuy","Houndé",2012,106.913909912109
"Haut-Bassins","Tuy","Houndé",2013,111.523895263672
"Haut-Bassins","Tuy","Houndé",2014,109.378219604492
"Haut-Bassins","Tuy","Houndé",2015,99.9365768432617
"Haut-Bassins","Tuy","Houndé",2016,104.753211975098
"Haut-Bassins","Tuy","Houndé",2017,270.700958251953
"Haut-Bassins","Tuy","Houndé",2018,432.062133789062
"Haut-Bassins","Tuy","Houndé",2019,417.727722167969
"Haut-Bassins","Tuy","Houndé",2020,405.061004638672
"Haut-Bassins","Tuy","Houndé",2021,407.224853515625
"Haut-Bassins","Tuy","Houndé",2022,581.480102539062
"Haut-Bassins","Tuy","Houndé",2023,658.396728515625
"Haut-Bassins","Tuy","Houndé",2024,622.829345703125
"Haut-Bassins","Tuy","Koti",2012,0.584113359451294
"Haut-Bassins","Tuy","Koti",2013,3.42340421676636
"Haut-Bassins","Tuy","Koti",2014,3.47615385055542
"Haut-Bassins","Tuy","Koti",2015,3.80326056480408
"Haut-Bassins","Tuy","Koti",2016,3.40362453460693
"Haut-Bassins","Tuy","Koti",2017,1.95354318618774
"Haut-Bassins","Tuy","Koti",2018,2.51062488555908
"Haut-Bassins","Tuy","Koti",2019,1.8336124420166
"Haut-Bassins","Tuy","Koti",2020,1.20476007461548
"Haut-Bassins","Tuy","Koti",2021,0.589738011360168
"Haut-Bassins","Tuy","Koti",2022,1.24084615707397
"Haut-Bassins","Tuy","Koti",2023,2.92375683784485
"Haut-Bassins","Tuy","Koti",2024,1.12973403930664
"Haut-Bassins","Tuy","Koumbia",2012,6.95917129516602
"Haut-Bassins","Tuy","Koumbia",2013,9.5972318649292
"Haut-Bassins","Tuy","Koumbia",2014,8.10013008117676
"Haut-Bassins","Tuy","Koumbia",2015,5.8366961479187
"Haut-Bassins","Tuy","Koumbia",2016,3.43346786499023
"Haut-Bassins","Tuy","Koumbia",2017,4.20230627059937
"Haut-Bassins","Tuy","Koumbia",2018,2.95905494689941
"Haut-Bassins","Tuy","Koumbia",2019,4.32960653305054
"Haut-Bassins","Tuy","Koumbia",2020,3.70794820785522
"Haut-Bassins","Tuy","Koumbia",2021,12.2219333648682
"Haut-Bassins","Tuy","Koumbia",2022,21.255069732666
"Haut-Bassins","Tuy","Koumbia",2023,21.348949432373
"Haut-Bassins","Tuy","Koumbia",2024,16.4629192352295
"Nord","Loroum","Banh",2012,0
"Nord","Loroum","Banh",2013,0
"Nord","Loroum","Banh",2014,0
"Nord","Loroum","Banh",2015,0
"Nord","Loroum","Banh",2016,0
"Nord","Loroum","Banh",2017,0
"Nord","Loroum","Banh",2018,0
"Nord","Loroum","Banh",2019,0
"Nord","Loroum","Banh",2020,0
"Nord","Loroum","Banh",2021,0
"Nord","Loroum","Banh",2022,0
"Nord","Loroum","Banh",2023,0
"Nord","Loroum","Banh",2024,0
"Nord","Loroum","Ouindigui",2012,0
"Nord","Loroum","Ouindigui",2013,0
"Nord","Loroum","Ouindigui",2014,0
"Nord","Loroum","Ouindigui",2015,0
"Nord","Loroum","Ouindigui",2016,0
"Nord","Loroum","Ouindigui",2017,0
"Nord","Loroum","Ouindigui",2018,0
"Nord","Loroum","Ouindigui",2019,0
"Nord","Loroum","Ouindigui",2020,0
"Nord","Loroum","Ouindigui",2021,0
"Nord","Loroum","Ouindigui",2022,0
"Nord","Loroum","Ouindigui",2023,0
"Nord","Loroum","Ouindigui",2024,0
"Nord","Loroum","Solle",2012,0
"Nord","Loroum","Solle",2013,0
"Nord","Loroum","Solle",2014,0
"Nord","Loroum","Solle",2015,0
"Nord","Loroum","Solle",2016,0
"Nord","Loroum","Solle",2017,0
"Nord","Loroum","Solle",2018,0
"Nord","Loroum","Solle",2019,0
"Nord","Loroum","Solle",2020,0
"Nord","Loroum","Solle",2021,0
"Nord","Loroum","Solle",2022,0
"Nord","Loroum","Solle",2023,0
"Nord","Loroum","Solle",2024,0
"Nord","Loroum","Titao",2012,4.87028312683105
"Nord","Loroum","Titao",2013,2.13197636604309
"Nord","Loroum","Titao",2014,3.8791241645813
"Nord","Loroum","Titao",2015,2.76733160018921
"Nord","Loroum","Titao",2016,7.43877935409546
"Nord","Loroum","Titao",2017,5.79929065704346
"Nord","Loroum","Titao",2018,6.95713663101196
"Nord","Loroum","Titao",2019,4.81028175354004
"Nord","Loroum","Titao",2020,0.538518309593201
"Nord","Loroum","Titao",2021,1.94620370864868
"Nord","Loroum","Titao",2022,0
"Nord","Loroum","Titao",2023,0
"Nord","Loroum","Titao",2024,0
"Nord","Passoré","Arbolle",2012,0
"Nord","Passoré","Arbolle",2013,0
"Nord","Passoré","Arbolle",2014,0
"Nord","Passoré","Arbolle",2015,2.29419326782227
"Nord","Passoré","Arbolle",2016,0.671671450138092
"Nord","Passoré","Arbolle",2017,0
"Nord","Passoré","Arbolle",2018,1.6761257648468
"Nord","Passoré","Arbolle",2019,1.02139353752136
"Nord","Passoré","Arbolle",2020,2.38476133346558
"Nord","Passoré","Arbolle",2021,6.03700113296509
"Nord","Passoré","Arbolle",2022,12.9482336044312
"Nord","Passoré","Arbolle",2023,13.3694267272949
"Nord","Passoré","Arbolle",2024,13.820743560791
"Nord","Passoré","Bagare",2012,0
"Nord","Passoré","Bagare",2013,1.11823034286499
"Nord","Passoré","Bagare",2014,0
"Nord","Passoré","Bagare",2015,0
"Nord","Passoré","Bagare",2016,0
"Nord","Passoré","Bagare",2017,0
"Nord","Passoré","Bagare",2018,0
"Nord","Passoré","Bagare",2019,0
"Nord","Passoré","Bagare",2020,0
"Nord","Passoré","Bagare",2021,0
"Nord","Passoré","Bagare",2022,0
"Nord","Passoré","Bagare",2023,0
"Nord","Passoré","Bagare",2024,0
"Nord","Passoré","Bokin",2012,2.06375646591187
"Nord","Passoré","Bokin",2013,2.53092813491821
"Nord","Passoré","Bokin",2014,2.03648138046265
"Nord","Passoré","Bokin",2015,2.75186109542847
"Nord","Passoré","Bokin",2016,2.92715883255005
"Nord","Passoré","Bokin",2017,3.24893617630005
"Nord","Passoré","Bokin",2018,3.82918810844421
"Nord","Passoré","Bokin",2019,3.90126132965088
"Nord","Passoré","Bokin",2020,4.38248109817505
"Nord","Passoré","Bokin",2021,5.58035850524902
"Nord","Passoré","Bokin",2022,6.77829504013062
"Nord","Passoré","Bokin",2023,7.93423795700073
"Nord","Passoré","Bokin",2024,9.20374870300293
"Nord","Passoré","Gomponsom",2012,0
"Nord","Passoré","Gomponsom",2013,0
"Nord","Passoré","Gomponsom",2014,0
"Nord","Passoré","Gomponsom",2015,0
"Nord","Passoré","Gomponsom",2016,0
"Nord","Passoré","Gomponsom",2017,0
"Nord","Passoré","Gomponsom",2018,0
"Nord","Passoré","Gomponsom",2019,0
"Nord","Passoré","Gomponsom",2020,0
"Nord","Passoré","Gomponsom",2021,0
"Nord","Passoré","Gomponsom",2022,0
"Nord","Passoré","Gomponsom",2023,0
"Nord","Passoré","Gomponsom",2024,0
"Nord","Passoré","Kirsi",2012,0
"Nord","Passoré","Kirsi",2013,0
"Nord","Passoré","Kirsi",2014,0.525522828102112
"Nord","Passoré","Kirsi",2015,0
"Nord","Passoré","Kirsi",2016,1.05220317840576
"Nord","Passoré","Kirsi",2017,0
"Nord","Passoré","Kirsi",2018,0
"Nord","Passoré","Kirsi",2019,0
"Nord","Passoré","Kirsi",2020,0
"Nord","Passoré","Kirsi",2021,0.571067690849304
"Nord","Passoré","Kirsi",2022,1.65344035625458
"Nord","Passoré","Kirsi",2023,3.51691436767578
"Nord","Passoré","Kirsi",2024,3.59859800338745
"Nord","Passoré","Lâ-Todin",2012,0
"Nord","Passoré","Lâ-Todin",2013,2.69382953643799
"Nord","Passoré","Lâ-Todin",2014,1.75469350814819
"Nord","Passoré","Lâ-Todin",2015,1.26395618915558
"Nord","Passoré","Lâ-Todin",2016,1.07450127601624
"Nord","Passoré","Lâ-Todin",2017,1.1600329875946
"Nord","Passoré","Lâ-Todin",2018,2.43630266189575
"Nord","Passoré","Lâ-Todin",2019,2.58609819412231
"Nord","Passoré","Lâ-Todin",2020,2.00468635559082
"Nord","Passoré","Lâ-Todin",2021,2.67076659202576
"Nord","Passoré","Lâ-Todin",2022,2.89071321487427
"Nord","Passoré","Lâ-Todin",2023,4.09384536743164
"Nord","Passoré","Lâ-Todin",2024,1.62679219245911
"Nord","Passoré","Pilimpikou",2012,0
"Nord","Passoré","Pilimpikou",2013,0
"Nord","Passoré","Pilimpikou",2014,0
"Nord","Passoré","Pilimpikou",2015,0
"Nord","Passoré","Pilimpikou",2016,0
"Nord","Passoré","Pilimpikou",2017,0
"Nord","Passoré","Pilimpikou",2018,0
"Nord","Passoré","Pilimpikou",2019,0
"Nord","Passoré","Pilimpikou",2020,0
"Nord","Passoré","Pilimpikou",2021,0
"Nord","Passoré","Pilimpikou",2022,0
"Nord","Passoré","Pilimpikou",2023,0
"Nord","Passoré","Pilimpikou",2024,0
"Nord","Passoré","Samba",2012,0
"Nord","Passoré","Samba",2013,0
"Nord","Passoré","Samba",2014,0
"Nord","Passoré","Samba",2015,0
"Nord","Passoré","Samba",2016,0
"Nord","Passoré","Samba",2017,0
"Nord","Passoré","Samba",2018,0
"Nord","Passoré","Samba",2019,0.526724934577942
"Nord","Passoré","Samba",2020,0
"Nord","Passoré","Samba",2021,0.561594367027283
"Nord","Passoré","Samba",2022,4.03261089324951
"Nord","Passoré","Samba",2023,5.18269491195679
"Nord","Passoré","Samba",2024,3.57457542419434
"Nord","Passoré","Yako",2012,78.0331420898438
"Nord","Passoré","Yako",2013,60.6055297851562
"Nord","Passoré","Yako",2014,61.0995864868164
"Nord","Passoré","Yako",2015,52.5013999938965
"Nord","Passoré","Yako",2016,55.5298156738281
"Nord","Passoré","Yako",2017,53.1718406677246
"Nord","Passoré","Yako",2018,61.3035697937012
"Nord","Passoré","Yako",2019,60.410572052002
"Nord","Passoré","Yako",2020,77.9081420898438
"Nord","Passoré","Yako",2021,107.406074523926
"Nord","Passoré","Yako",2022,131.832260131836
"Nord","Passoré","Yako",2023,155.222366333008
"Nord","Passoré","Yako",2024,161.594696044922
"Nord","Yatenga","Barga",2012,0
"Nord","Yatenga","Barga",2013,0
"Nord","Yatenga","Barga",2014,0
"Nord","Yatenga","Barga",2015,0
"Nord","Yatenga","Barga",2016,0
"Nord","Yatenga","Barga",2017,0
"Nord","Yatenga","Barga",2018,0
"Nord","Yatenga","Barga",2019,0
"Nord","Yatenga","Barga",2020,0
"Nord","Yatenga","Barga",2021,0
"Nord","Yatenga","Barga",2022,0
"Nord","Yatenga","Barga",2023,0
"Nord","Yatenga","Barga",2024,0
"Nord","Yatenga","Kalsaka",2012,57.2877388000488
"Nord","Yatenga","Kalsaka",2013,42.5743370056152
"Nord","Yatenga","Kalsaka",2014,29.373966217041
"Nord","Yatenga","Kalsaka",2015,18.167459487915
"Nord","Yatenga","Kalsaka",2016,9.71865749359131
"Nord","Yatenga","Kalsaka",2017,8.0567102432251
"Nord","Yatenga","Kalsaka",2018,12.4674730300903
"Nord","Yatenga","Kalsaka",2019,8.29647541046143
"Nord","Yatenga","Kalsaka",2020,8.70318984985352
"Nord","Yatenga","Kalsaka",2021,8.75323295593262
"Nord","Yatenga","Kalsaka",2022,14.580659866333
"Nord","Yatenga","Kalsaka",2023,14.8009462356567
"Nord","Yatenga","Kalsaka",2024,13.9150838851929
"Nord","Yatenga","Kaïn",2012,0
"Nord","Yatenga","Kaïn",2013,0
"Nord","Yatenga","Kaïn",2014,0
"Nord","Yatenga","Kaïn",2015,0
"Nord","Yatenga","Kaïn",2016,0
"Nord","Yatenga","Kaïn",2017,0
"Nord","Yatenga","Kaïn",2018,0
"Nord","Yatenga","Kaïn",2019,0
"Nord","Yatenga","Kaïn",2020,0
"Nord","Yatenga","Kaïn",2021,0
"Nord","Yatenga","Kaïn",2022,0
"Nord","Yatenga","Kaïn",2023,0
"Nord","Yatenga","Kaïn",2024,0
"Nord","Yatenga","Kossouka",2012,0
"Nord","Yatenga","Kossouka",2013,2.48264575004578
"Nord","Yatenga","Kossouka",2014,1.65661942958832
"Nord","Yatenga","Kossouka",2015,0.518820941448212
"Nord","Yatenga","Kossouka",2016,0
"Nord","Yatenga","Kossouka",2017,0
"Nord","Yatenga","Kossouka",2018,0.525273025035858
"Nord","Yatenga","Kossouka",2019,0
"Nord","Yatenga","Kossouka",2020,0
"Nord","Yatenga","Kossouka",2021,0
"Nord","Yatenga","Kossouka",2022,0.580945670604706
"Nord","Yatenga","Kossouka",2023,0.514176547527313
"Nord","Yatenga","Kossouka",2024,0
"Nord","Yatenga","Koumbri",2012,0
"Nord","Yatenga","Koumbri",2013,0
"Nord","Yatenga","Koumbri",2014,0
"Nord","Yatenga","Koumbri",2015,0
"Nord","Yatenga","Koumbri",2016,0
"Nord","Yatenga","Koumbri",2017,0
"Nord","Yatenga","Koumbri",2018,0
"Nord","Yatenga","Koumbri",2019,0
"Nord","Yatenga","Koumbri",2020,0
"Nord","Yatenga","Koumbri",2021,0
"Nord","Yatenga","Koumbri",2022,0
"Nord","Yatenga","Koumbri",2023,0
"Nord","Yatenga","Koumbri",2024,0
"Nord","Yatenga","Namissiguima",2012,5.3342981338501
"Nord","Yatenga","Namissiguima",2013,2.55442905426025
"Nord","Yatenga","Namissiguima",2014,5.77066469192505
"Nord","Yatenga","Namissiguima",2015,21.6152229309082
"Nord","Yatenga","Namissiguima",2016,125.395332336426
"Nord","Yatenga","Namissiguima",2017,145.683303833008
"Nord","Yatenga","Namissiguima",2018,218.50553894043
"Nord","Yatenga","Namissiguima",2019,210.911087036133
"Nord","Yatenga","Namissiguima",2020,244.413833618164
"Nord","Yatenga","Namissiguima",2021,238.736511230469
"Nord","Yatenga","Namissiguima",2022,176.682922363281
"Nord","Yatenga","Namissiguima",2023,167.810531616211
"Nord","Yatenga","Namissiguima",2024,143.841918945312
"Nord","Yatenga","Ouahigouya",2012,461.341430664062
"Nord","Yatenga","Ouahigouya",2013,434.973693847656
"Nord","Yatenga","Ouahigouya",2014,532.213684082031
"Nord","Yatenga","Ouahigouya",2015,508.186767578125
"Nord","Yatenga","Ouahigouya",2016,452.276458740234
"Nord","Yatenga","Ouahigouya",2017,485.003814697266
"Nord","Yatenga","Ouahigouya",2018,607.218322753906
"Nord","Yatenga","Ouahigouya",2019,719.738708496094
"Nord","Yatenga","Ouahigouya",2020,837.267761230469
"Nord","Yatenga","Ouahigouya",2021,865.036865234375
"Nord","Yatenga","Ouahigouya",2022,882.555847167969
"Nord","Yatenga","Ouahigouya",2023,947.585510253906
"Nord","Yatenga","Ouahigouya",2024,1108.18981933594
"Nord","Yatenga","Oula",2012,3.69265556335449
"Nord","Yatenga","Oula",2013,1.26760685443878
"Nord","Yatenga","Oula",2014,0.684574007987976
"Nord","Yatenga","Oula",2015,1.52133917808533
"Nord","Yatenga","Oula",2016,0.820835411548615
"Nord","Yatenga","Oula",2017,0
"Nord","Yatenga","Oula",2018,0
"Nord","Yatenga","Oula",2019,0.655545473098755
"Nord","Yatenga","Oula",2020,0
"Nord","Yatenga","Oula",2021,1.5444221496582
"Nord","Yatenga","Oula",2022,4.50033330917358
"Nord","Yatenga","Oula",2023,3.41464924812317
"Nord","Yatenga","Oula",2024,12.0189819335938
"Nord","Yatenga","Rambo",2012,0
"Nord","Yatenga","Rambo",2013,1.68472909927368
"Nord","Yatenga","Rambo",2014,0
"Nord","Yatenga","Rambo",2015,0
"Nord","Yatenga","Rambo",2016,0
"Nord","Yatenga","Rambo",2017,0
"Nord","Yatenga","Rambo",2018,0
"Nord","Yatenga","Rambo",2019,0
"Nord","Yatenga","Rambo",2020,0
"Nord","Yatenga","Rambo",2021,0
"Nord","Yatenga","Rambo",2022,0
"Nord","Yatenga","Rambo",2023,0
"Nord","Yatenga","Rambo",2024,0
"Nord","Yatenga","Seguenega",2012,9.94944858551025
"Nord","Yatenga","Seguenega",2013,7.88325786590576
"Nord","Yatenga","Seguenega",2014,15.6529312133789
"Nord","Yatenga","Seguenega",2015,7.68656778335571
"Nord","Yatenga","Seguenega",2016,8.53356456756592
"Nord","Yatenga","Seguenega",2017,6.24488639831543
"Nord","Yatenga","Seguenega",2018,12.2813558578491
"Nord","Yatenga","Seguenega",2019,11.3377237319946
"Nord","Yatenga","Seguenega",2020,13.2075891494751
"Nord","Yatenga","Seguenega",2021,19.8866939544678
"Nord","Yatenga","Seguenega",2022,17.567590713501
"Nord","Yatenga","Seguenega",2023,10.0269441604614
"Nord","Yatenga","Seguenega",2024,11.6799907684326
"Nord","Yatenga","Tangaye",2012,0
"Nord","Yatenga","Tangaye",2013,0
"Nord","Yatenga","Tangaye",2014,0
"Nord","Yatenga","Tangaye",2015,0
"Nord","Yatenga","Tangaye",2016,0
"Nord","Yatenga","Tangaye",2017,0
"Nord","Yatenga","Tangaye",2018,0
"Nord","Yatenga","Tangaye",2019,0
"Nord","Yatenga","Tangaye",2020,0
"Nord","Yatenga","Tangaye",2021,0
"Nord","Yatenga","Tangaye",2022,0
"Nord","Yatenga","Tangaye",2023,0
"Nord","Yatenga","Tangaye",2024,0
"Nord","Yatenga","Thiou",2012,0
"Nord","Yatenga","Thiou",2013,0
"Nord","Yatenga","Thiou",2014,0
"Nord","Yatenga","Thiou",2015,0
"Nord","Yatenga","Thiou",2016,2.86696815490723
"Nord","Yatenga","Thiou",2017,3.64395642280579
"Nord","Yatenga","Thiou",2018,2.82818222045898
"Nord","Yatenga","Thiou",2019,0
"Nord","Yatenga","Thiou",2020,0
"Nord","Yatenga","Thiou",2021,0
"Nord","Yatenga","Thiou",2022,0
"Nord","Yatenga","Thiou",2023,0
"Nord","Yatenga","Thiou",2024,0
"Nord","Yatenga","Zogore",2012,0
"Nord","Yatenga","Zogore",2013,0
"Nord","Yatenga","Zogore",2014,0
"Nord","Yatenga","Zogore",2015,0
"Nord","Yatenga","Zogore",2016,0.801848649978638
"Nord","Yatenga","Zogore",2017,0.523272573947906
"Nord","Yatenga","Zogore",2018,0
"Nord","Yatenga","Zogore",2019,1.44723987579346
"Nord","Yatenga","Zogore",2020,0.610493302345276
"Nord","Yatenga","Zogore",2021,1.23661351203918
"Nord","Yatenga","Zogore",2022,0.678869962692261
"Nord","Yatenga","Zogore",2023,0.645688354969025
"Nord","Yatenga","Zogore",2024,0
"Nord","Zondoma","Bassi",2012,0
"Nord","Zondoma","Bassi",2013,0
"Nord","Zondoma","Bassi",2014,0
"Nord","Zondoma","Bassi",2015,0
"Nord","Zondoma","Bassi",2016,0
"Nord","Zondoma","Bassi",2017,0
"Nord","Zondoma","Bassi",2018,0.563842356204987
"Nord","Zondoma","Bassi",2019,0
"Nord","Zondoma","Bassi",2020,0
"Nord","Zondoma","Bassi",2021,0.693778991699219
"Nord","Zondoma","Bassi",2022,2.23568153381348
"Nord","Zondoma","Bassi",2023,1.59514725208282
"Nord","Zondoma","Bassi",2024,1.96665978431702
"Nord","Zondoma","Boussou",2012,0
"Nord","Zondoma","Boussou",2013,0
"Nord","Zondoma","Boussou",2014,0
"Nord","Zondoma","Boussou",2015,0.601428508758545
"Nord","Zondoma","Boussou",2016,1.22501468658447
"Nord","Zondoma","Boussou",2017,0
"Nord","Zondoma","Boussou",2018,0.564432382583618
"Nord","Zondoma","Boussou",2019,0.567587375640869
"Nord","Zondoma","Boussou",2020,1.0767730474472
"Nord","Zondoma","Boussou",2021,1.23087167739868
"Nord","Zondoma","Boussou",2022,0.708747148513794
"Nord","Zondoma","Boussou",2023,1.69942843914032
"Nord","Zondoma","Boussou",2024,0.613015651702881
"Nord","Zondoma","Gourcy",2012,30.1058139801025
"Nord","Zondoma","Gourcy",2013,26.741662979126
"Nord","Zondoma","Gourcy",2014,25.0312213897705
"Nord","Zondoma","Gourcy",2015,23.0202541351318
"Nord","Zondoma","Gourcy",2016,27.0877151489258
"Nord","Zondoma","Gourcy",2017,42.6354827880859
"Nord","Zondoma","Gourcy",2018,85.4223861694336
"Nord","Zondoma","Gourcy",2019,86.0400848388672
"Nord","Zondoma","Gourcy",2020,100.676345825195
"Nord","Zondoma","Gourcy",2021,121.998222351074
"Nord","Zondoma","Gourcy",2022,151.406066894531
"Nord","Zondoma","Gourcy",2023,234.076614379883
"Nord","Zondoma","Gourcy",2024,247.344665527344
"Nord","Zondoma","Léba",2012,3.10833334922791
"Nord","Zondoma","Léba",2013,1.45960891246796
"Nord","Zondoma","Léba",2014,2.11183309555054
"Nord","Zondoma","Léba",2015,0.619005918502808
"Nord","Zondoma","Léba",2016,0.589393198490143
"Nord","Zondoma","Léba",2017,0
"Nord","Zondoma","Léba",2018,0
"Nord","Zondoma","Léba",2019,0.55279815196991
"Nord","Zondoma","Léba",2020,1.94269013404846
"Nord","Zondoma","Léba",2021,1.82238781452179
"Nord","Zondoma","Léba",2022,2.41151762008667
"Nord","Zondoma","Léba",2023,2.42700672149658
"Nord","Zondoma","Léba",2024,2.77801465988159
"Nord","Zondoma","Tougo",2012,0
"Nord","Zondoma","Tougo",2013,0
"Nord","Zondoma","Tougo",2014,0
"Nord","Zondoma","Tougo",2015,0
"Nord","Zondoma","Tougo",2016,1.24264001846313
"Nord","Zondoma","Tougo",2017,0
"Nord","Zondoma","Tougo",2018,0
"Nord","Zondoma","Tougo",2019,0.503051400184631
"Nord","Zondoma","Tougo",2020,0
"Nord","Zondoma","Tougo",2021,0
"Nord","Zondoma","Tougo",2022,1.35761880874634
"Nord","Zondoma","Tougo",2023,2.16081309318542
"Nord","Zondoma","Tougo",2024,0.718835651874542
"Plateau-Central","Ganzourgou","Boudry",2012,2.93345904350281
"Plateau-Central","Ganzourgou","Boudry",2013,1.91201460361481
"Plateau-Central","Ganzourgou","Boudry",2014,8.42219829559326
"Plateau-Central","Ganzourgou","Boudry",2015,7.12840461730957
"Plateau-Central","Ganzourgou","Boudry",2016,10.3469514846802
"Plateau-Central","Ganzourgou","Boudry",2017,7.85009002685547
"Plateau-Central","Ganzourgou","Boudry",2018,10.4443140029907
"Plateau-Central","Ganzourgou","Boudry",2019,20.8468990325928
"Plateau-Central","Ganzourgou","Boudry",2020,264.477905273438
"Plateau-Central","Ganzourgou","Boudry",2021,492.677581787109
"Plateau-Central","Ganzourgou","Boudry",2022,547.9140625
"Plateau-Central","Ganzourgou","Boudry",2023,569.555603027344
"Plateau-Central","Ganzourgou","Boudry",2024,494.999969482422
"Plateau-Central","Ganzourgou","Kogho",2012,0
"Plateau-Central","Ganzourgou","Kogho",2013,0
"Plateau-Central","Ganzourgou","Kogho",2014,0
"Plateau-Central","Ganzourgou","Kogho",2015,1.11412084102631
"Plateau-Central","Ganzourgou","Kogho",2016,1.88718247413635
"Plateau-Central","Ganzourgou","Kogho",2017,0.739305973052979
"Plateau-Central","Ganzourgou","Kogho",2018,0
"Plateau-Central","Ganzourgou","Kogho",2019,0
"Plateau-Central","Ganzourgou","Kogho",2020,0
"Plateau-Central","Ganzourgou","Kogho",2021,0
"Plateau-Central","Ganzourgou","Kogho",2022,1.08493280410767
"Plateau-Central","Ganzourgou","Kogho",2023,4.56180620193481
"Plateau-Central","Ganzourgou","Kogho",2024,2.27701854705811
"Plateau-Central","Ganzourgou","Mogtédo",2012,9.9470386505127
"Plateau-Central","Ganzourgou","Mogtédo",2013,7.6786150932312
"Plateau-Central","Ganzourgou","Mogtédo",2014,7.00320100784302
"Plateau-Central","Ganzourgou","Mogtédo",2015,8.93213653564453
"Plateau-Central","Ganzourgou","Mogtédo",2016,7.86636734008789
"Plateau-Central","Ganzourgou","Mogtédo",2017,6.79279041290283
"Plateau-Central","Ganzourgou","Mogtédo",2018,7.9263334274292
"Plateau-Central","Ganzourgou","Mogtédo",2019,7.93326139450073
"Plateau-Central","Ganzourgou","Mogtédo",2020,9.47605609893799
"Plateau-Central","Ganzourgou","Mogtédo",2021,23.0301322937012
"Plateau-Central","Ganzourgou","Mogtédo",2022,201.821701049805
"Plateau-Central","Ganzourgou","Mogtédo",2023,401.949005126953
"Plateau-Central","Ganzourgou","Mogtédo",2024,406.256317138672
"Plateau-Central","Ganzourgou","Méguet",2012,1.64493107795715
"Plateau-Central","Ganzourgou","Méguet",2013,2.51606488227844
"Plateau-Central","Ganzourgou","Méguet",2014,0.910928845405579
"Plateau-Central","Ganzourgou","Méguet",2015,1.38545083999634
"Plateau-Central","Ganzourgou","Méguet",2016,0.874398112297058
"Plateau-Central","Ganzourgou","Méguet",2017,0.987722754478455
"Plateau-Central","Ganzourgou","Méguet",2018,0.846490800380707
"Plateau-Central","Ganzourgou","Méguet",2019,0.800799608230591
"Plateau-Central","Ganzourgou","Méguet",2020,0.701335430145264
"Plateau-Central","Ganzourgou","Méguet",2021,1.31547164916992
"Plateau-Central","Ganzourgou","Méguet",2022,5.33039331436157
"Plateau-Central","Ganzourgou","Méguet",2023,12.3531465530396
"Plateau-Central","Ganzourgou","Méguet",2024,5.00201177597046
"Plateau-Central","Ganzourgou","Salogo",2012,0
"Plateau-Central","Ganzourgou","Salogo",2013,0
"Plateau-Central","Ganzourgou","Salogo",2014,0
"Plateau-Central","Ganzourgou","Salogo",2015,0
"Plateau-Central","Ganzourgou","Salogo",2016,0
"Plateau-Central","Ganzourgou","Salogo",2017,0.527971088886261
"Plateau-Central","Ganzourgou","Salogo",2018,0.5278280377388
"Plateau-Central","Ganzourgou","Salogo",2019,0.575679361820221
"Plateau-Central","Ganzourgou","Salogo",2020,0.55188912153244
"Plateau-Central","Ganzourgou","Salogo",2021,0
"Plateau-Central","Ganzourgou","Salogo",2022,1.98186945915222
"Plateau-Central","Ganzourgou","Salogo",2023,1.78843867778778
"Plateau-Central","Ganzourgou","Salogo",2024,0
"Plateau-Central","Ganzourgou","Zam",2012,7.37410020828247
"Plateau-Central","Ganzourgou","Zam",2013,5.2069878578186
"Plateau-Central","Ganzourgou","Zam",2014,8.22802543640137
"Plateau-Central","Ganzourgou","Zam",2015,7.43428087234497
"Plateau-Central","Ganzourgou","Zam",2016,5.91627168655396
"Plateau-Central","Ganzourgou","Zam",2017,3.63275265693665
"Plateau-Central","Ganzourgou","Zam",2018,4.70909643173218
"Plateau-Central","Ganzourgou","Zam",2019,3.14092969894409
"Plateau-Central","Ganzourgou","Zam",2020,6.15048408508301
"Plateau-Central","Ganzourgou","Zam",2021,18.186939239502
"Plateau-Central","Ganzourgou","Zam",2022,32.6832962036133
"Plateau-Central","Ganzourgou","Zam",2023,45.5290374755859
"Plateau-Central","Ganzourgou","Zam",2024,43.5571441650391
"Plateau-Central","Ganzourgou","Zorgho",2012,36.0962677001953
"Plateau-Central","Ganzourgou","Zorgho",2013,37.8937797546387
"Plateau-Central","Ganzourgou","Zorgho",2014,44.5069122314453
"Plateau-Central","Ganzourgou","Zorgho",2015,53.0780715942383
"Plateau-Central","Ganzourgou","Zorgho",2016,57.4612617492676
"Plateau-Central","Ganzourgou","Zorgho",2017,49.4489364624023
"Plateau-Central","Ganzourgou","Zorgho",2018,47.4440612792969
"Plateau-Central","Ganzourgou","Zorgho",2019,46.4937286376953
"Plateau-Central","Ganzourgou","Zorgho",2020,54.4651870727539
"Plateau-Central","Ganzourgou","Zorgho",2021,131.594161987305
"Plateau-Central","Ganzourgou","Zorgho",2022,219.340469360352
"Plateau-Central","Ganzourgou","Zorgho",2023,228.556945800781
"Plateau-Central","Ganzourgou","Zorgho",2024,212.71142578125
"Plateau-Central","Ganzourgou","Zoungou",2012,0
"Plateau-Central","Ganzourgou","Zoungou",2013,0
"Plateau-Central","Ganzourgou","Zoungou",2014,0
"Plateau-Central","Ganzourgou","Zoungou",2015,0
"Plateau-Central","Ganzourgou","Zoungou",2016,0
"Plateau-Central","Ganzourgou","Zoungou",2017,0
"Plateau-Central","Ganzourgou","Zoungou",2018,0.717383861541748
"Plateau-Central","Ganzourgou","Zoungou",2019,1.77481353282928
"Plateau-Central","Ganzourgou","Zoungou",2020,0.501882255077362
"Plateau-Central","Ganzourgou","Zoungou",2021,0.545966684818268
"Plateau-Central","Ganzourgou","Zoungou",2022,2.57769131660461
"Plateau-Central","Ganzourgou","Zoungou",2023,2.50991034507751
"Plateau-Central","Ganzourgou","Zoungou",2024,2.68636226654053
"Plateau-Central","Kourwéogo","Boussé",2012,9.0886344909668
"Plateau-Central","Kourwéogo","Boussé",2013,10.3357229232788
"Plateau-Central","Kourwéogo","Boussé",2014,11.5625219345093
"Plateau-Central","Kourwéogo","Boussé",2015,10.9958744049072
"Plateau-Central","Kourwéogo","Boussé",2016,10.6059169769287
"Plateau-Central","Kourwéogo","Boussé",2017,10.6209325790405
"Plateau-Central","Kourwéogo","Boussé",2018,11.4207954406738
"Plateau-Central","Kourwéogo","Boussé",2019,11.0918455123901
"Plateau-Central","Kourwéogo","Boussé",2020,12.0967884063721
"Plateau-Central","Kourwéogo","Boussé",2021,13.2792625427246
"Plateau-Central","Kourwéogo","Boussé",2022,32.6305923461914
"Plateau-Central","Kourwéogo","Boussé",2023,31.7804126739502
"Plateau-Central","Kourwéogo","Boussé",2024,32.2311935424805
"Plateau-Central","Kourwéogo","Laye",2012,2.69382524490356
"Plateau-Central","Kourwéogo","Laye",2013,2.92737460136414
"Plateau-Central","Kourwéogo","Laye",2014,4.56425809860229
"Plateau-Central","Kourwéogo","Laye",2015,3.53689932823181
"Plateau-Central","Kourwéogo","Laye",2016,2.34911441802979
"Plateau-Central","Kourwéogo","Laye",2017,2.06289553642273
"Plateau-Central","Kourwéogo","Laye",2018,1.1787918806076
"Plateau-Central","Kourwéogo","Laye",2019,0.656447470188141
"Plateau-Central","Kourwéogo","Laye",2020,1.26564311981201
"Plateau-Central","Kourwéogo","Laye",2021,3.33606004714966
"Plateau-Central","Kourwéogo","Laye",2022,7.94025468826294
"Plateau-Central","Kourwéogo","Laye",2023,7.84986734390259
"Plateau-Central","Kourwéogo","Laye",2024,8.32373523712158
"Plateau-Central","Kourwéogo","Niou",2012,1.64602589607239
"Plateau-Central","Kourwéogo","Niou",2013,1.76219272613525
"Plateau-Central","Kourwéogo","Niou",2014,1.12444972991943
"Plateau-Central","Kourwéogo","Niou",2015,1.04535293579102
"Plateau-Central","Kourwéogo","Niou",2016,1.38486671447754
"Plateau-Central","Kourwéogo","Niou",2017,0
"Plateau-Central","Kourwéogo","Niou",2018,0
"Plateau-Central","Kourwéogo","Niou",2019,0
"Plateau-Central","Kourwéogo","Niou",2020,7.42001438140869
"Plateau-Central","Kourwéogo","Niou",2021,11.9100198745728
"Plateau-Central","Kourwéogo","Niou",2022,12.5421943664551
"Plateau-Central","Kourwéogo","Niou",2023,15.6138219833374
"Plateau-Central","Kourwéogo","Niou",2024,13.7461605072021
"Plateau-Central","Kourwéogo","Sourgoubila",2012,0
"Plateau-Central","Kourwéogo","Sourgoubila",2013,0
"Plateau-Central","Kourwéogo","Sourgoubila",2014,0
"Plateau-Central","Kourwéogo","Sourgoubila",2015,0
"Plateau-Central","Kourwéogo","Sourgoubila",2016,0
"Plateau-Central","Kourwéogo","Sourgoubila",2017,0
"Plateau-Central","Kourwéogo","Sourgoubila",2018,0
"Plateau-Central","Kourwéogo","Sourgoubila",2019,0.619102299213409
"Plateau-Central","Kourwéogo","Sourgoubila",2020,1.56081461906433
"Plateau-Central","Kourwéogo","Sourgoubila",2021,0.610014736652374
"Plateau-Central","Kourwéogo","Sourgoubila",2022,2.01857447624207
"Plateau-Central","Kourwéogo","Sourgoubila",2023,4.12539911270142
"Plateau-Central","Kourwéogo","Sourgoubila",2024,19.0817222595215
"Plateau-Central","Kourwéogo","Toéghin",2012,0
"Plateau-Central","Kourwéogo","Toéghin",2013,0
"Plateau-Central","Kourwéogo","Toéghin",2014,0
"Plateau-Central","Kourwéogo","Toéghin",2015,0.669909060001373
"Plateau-Central","Kourwéogo","Toéghin",2016,1.81751227378845
"Plateau-Central","Kourwéogo","Toéghin",2017,1.79675483703613
"Plateau-Central","Kourwéogo","Toéghin",2018,1.30582928657532
"Plateau-Central","Kourwéogo","Toéghin",2019,0.6318439245224
"Plateau-Central","Kourwéogo","Toéghin",2020,0.715760409832001
"Plateau-Central","Kourwéogo","Toéghin",2021,0.725594401359558
"Plateau-Central","Kourwéogo","Toéghin",2022,2.49493217468262
"Plateau-Central","Kourwéogo","Toéghin",2023,7.64257383346558
"Plateau-Central","Kourwéogo","Toéghin",2024,6.70928764343262
"Plateau-Central","Oubritenga","Absouya",2012,3.04072189331055
"Plateau-Central","Oubritenga","Absouya",2013,2.57827520370483
"Plateau-Central","Oubritenga","Absouya",2014,1.19402670860291
"Plateau-Central","Oubritenga","Absouya",2015,1.50497448444366
"Plateau-Central","Oubritenga","Absouya",2016,0
"Plateau-Central","Oubritenga","Absouya",2017,0
"Plateau-Central","Oubritenga","Absouya",2018,0
"Plateau-Central","Oubritenga","Absouya",2019,0
"Plateau-Central","Oubritenga","Absouya",2020,0
"Plateau-Central","Oubritenga","Absouya",2021,0
"Plateau-Central","Oubritenga","Absouya",2022,0
"Plateau-Central","Oubritenga","Absouya",2023,1.63191676139832
"Plateau-Central","Oubritenga","Absouya",2024,1.77942228317261
"Plateau-Central","Oubritenga","Dapélogo",2012,7.19173002243042
"Plateau-Central","Oubritenga","Dapélogo",2013,5.83159828186035
"Plateau-Central","Oubritenga","Dapélogo",2014,3.03447318077087
"Plateau-Central","Oubritenga","Dapélogo",2015,3.57033729553223
"Plateau-Central","Oubritenga","Dapélogo",2016,1.37121534347534
"Plateau-Central","Oubritenga","Dapélogo",2017,1.35299181938171
"Plateau-Central","Oubritenga","Dapélogo",2018,0.572913587093353
"Plateau-Central","Oubritenga","Dapélogo",2019,2.0004243850708
"Plateau-Central","Oubritenga","Dapélogo",2020,0.731127142906189
"Plateau-Central","Oubritenga","Dapélogo",2021,3.15839099884033
"Plateau-Central","Oubritenga","Dapélogo",2022,6.53476047515869
"Plateau-Central","Oubritenga","Dapélogo",2023,21.2240791320801
"Plateau-Central","Oubritenga","Dapélogo",2024,18.9649791717529
"Plateau-Central","Oubritenga","Loumbila",2012,14.9866437911987
"Plateau-Central","Oubritenga","Loumbila",2013,20.3571891784668
"Plateau-Central","Oubritenga","Loumbila",2014,25.5524311065674
"Plateau-Central","Oubritenga","Loumbila",2015,28.0124702453613
"Plateau-Central","Oubritenga","Loumbila",2016,23.3516635894775
"Plateau-Central","Oubritenga","Loumbila",2017,21.1815414428711
"Plateau-Central","Oubritenga","Loumbila",2018,31.5014762878418
"Plateau-Central","Oubritenga","Loumbila",2019,36.1347923278809
"Plateau-Central","Oubritenga","Loumbila",2020,38.926887512207
"Plateau-Central","Oubritenga","Loumbila",2021,59.8798522949219
"Plateau-Central","Oubritenga","Loumbila",2022,426.243621826172
"Plateau-Central","Oubritenga","Loumbila",2023,568.352111816406
"Plateau-Central","Oubritenga","Loumbila",2024,836.062622070312
"Plateau-Central","Oubritenga","Nagreongo",2012,42.0817947387695
"Plateau-Central","Oubritenga","Nagreongo",2013,33.4114151000977
"Plateau-Central","Oubritenga","Nagreongo",2014,34.6574096679688
"Plateau-Central","Oubritenga","Nagreongo",2015,34.1792984008789
"Plateau-Central","Oubritenga","Nagreongo",2016,50.2809906005859
"Plateau-Central","Oubritenga","Nagreongo",2017,40.5149307250977
"Plateau-Central","Oubritenga","Nagreongo",2018,30.4822769165039
"Plateau-Central","Oubritenga","Nagreongo",2019,30.1104774475098
"Plateau-Central","Oubritenga","Nagreongo",2020,28.0354175567627
"Plateau-Central","Oubritenga","Nagreongo",2021,40.7860488891602
"Plateau-Central","Oubritenga","Nagreongo",2022,51.3859176635742
"Plateau-Central","Oubritenga","Nagreongo",2023,53.8438339233398
"Plateau-Central","Oubritenga","Nagreongo",2024,51.9072341918945
"Plateau-Central","Oubritenga","Ourgou-Manega",2012,0
"Plateau-Central","Oubritenga","Ourgou-Manega",2013,0
"Plateau-Central","Oubritenga","Ourgou-Manega",2014,0
"Plateau-Central","Oubritenga","Ourgou-Manega",2015,0
"Plateau-Central","Oubritenga","Ourgou-Manega",2016,2.20592308044434
"Plateau-Central","Oubritenga","Ourgou-Manega",2017,1.37111628055573
"Plateau-Central","Oubritenga","Ourgou-Manega",2018,1.24241936206818
"Plateau-Central","Oubritenga","Ourgou-Manega",2019,0
"Plateau-Central","Oubritenga","Ourgou-Manega",2020,0
"Plateau-Central","Oubritenga","Ourgou-Manega",2021,0
"Plateau-Central","Oubritenga","Ourgou-Manega",2022,0.501789510250092
"Plateau-Central","Oubritenga","Ourgou-Manega",2023,0.562757313251495
"Plateau-Central","Oubritenga","Ourgou-Manega",2024,0
"Plateau-Central","Oubritenga","Ziniare",2012,167.021194458008
"Plateau-Central","Oubritenga","Ziniare",2013,176.575805664062
"Plateau-Central","Oubritenga","Ziniare",2014,185.955215454102
"Plateau-Central","Oubritenga","Ziniare",2015,179.947494506836
"Plateau-Central","Oubritenga","Ziniare",2016,171.097366333008
"Plateau-Central","Oubritenga","Ziniare",2017,158.761672973633
"Plateau-Central","Oubritenga","Ziniare",2018,139.331146240234
"Plateau-Central","Oubritenga","Ziniare",2019,171.513717651367
"Plateau-Central","Oubritenga","Ziniare",2020,205.429306030273
"Plateau-Central","Oubritenga","Ziniare",2021,228.82698059082
"Plateau-Central","Oubritenga","Ziniare",2022,376.357635498047
"Plateau-Central","Oubritenga","Ziniare",2023,450.760101318359
"Plateau-Central","Oubritenga","Ziniare",2024,447.658996582031
"Plateau-Central","Oubritenga","Zitenga",2012,6.77862358093262
"Plateau-Central","Oubritenga","Zitenga",2013,8.43005275726318
"Plateau-Central","Oubritenga","Zitenga",2014,16.2719535827637
"Plateau-Central","Oubritenga","Zitenga",2015,6.08396911621094
"Plateau-Central","Oubritenga","Zitenga",2016,5.30298185348511
"Plateau-Central","Oubritenga","Zitenga",2017,6.45542860031128
"Plateau-Central","Oubritenga","Zitenga",2018,5.0487642288208
"Plateau-Central","Oubritenga","Zitenga",2019,3.21475958824158
"Plateau-Central","Oubritenga","Zitenga",2020,25.3696212768555
"Plateau-Central","Oubritenga","Zitenga",2021,16.8026390075684
"Plateau-Central","Oubritenga","Zitenga",2022,9.5175666809082
"Plateau-Central","Oubritenga","Zitenga",2023,14.1670379638672
"Plateau-Central","Oubritenga","Zitenga",2024,6.74023056030273
"Sahel","Oudalan","Deou",2012,0
"Sahel","Oudalan","Deou",2013,0
"Sahel","Oudalan","Deou",2014,0
"Sahel","Oudalan","Deou",2015,0
"Sahel","Oudalan","Deou",2016,0
"Sahel","Oudalan","Deou",2017,0
"Sahel","Oudalan","Deou",2018,0
"Sahel","Oudalan","Deou",2019,0
"Sahel","Oudalan","Deou",2020,0
"Sahel","Oudalan","Deou",2021,0
"Sahel","Oudalan","Deou",2022,0
"Sahel","Oudalan","Deou",2023,0
"Sahel","Oudalan","Deou",2024,0
"Sahel","Oudalan","Gorom-Gorom",2012,301.377593994141
"Sahel","Oudalan","Gorom-Gorom",2013,350.41552734375
"Sahel","Oudalan","Gorom-Gorom",2014,351.523864746094
"Sahel","Oudalan","Gorom-Gorom",2015,385.950103759766
"Sahel","Oudalan","Gorom-Gorom",2016,430.205322265625
"Sahel","Oudalan","Gorom-Gorom",2017,477.403106689453
"Sahel","Oudalan","Gorom-Gorom",2018,533.830810546875
"Sahel","Oudalan","Gorom-Gorom",2019,580.740295410156
"Sahel","Oudalan","Gorom-Gorom",2020,553.817932128906
"Sahel","Oudalan","Gorom-Gorom",2021,556.708740234375
"Sahel","Oudalan","Gorom-Gorom",2022,645.668151855469
"Sahel","Oudalan","Gorom-Gorom",2023,726.696350097656
"Sahel","Oudalan","Gorom-Gorom",2024,785.317810058594
"Sahel","Oudalan","Markoye",2012,0
"Sahel","Oudalan","Markoye",2013,2.22716808319092
"Sahel","Oudalan","Markoye",2014,0
"Sahel","Oudalan","Markoye",2015,2.19718861579895
"Sahel","Oudalan","Markoye",2016,0
"Sahel","Oudalan","Markoye",2017,0
"Sahel","Oudalan","Markoye",2018,0
"Sahel","Oudalan","Markoye",2019,0
"Sahel","Oudalan","Markoye",2020,0
"Sahel","Oudalan","Markoye",2021,0
"Sahel","Oudalan","Markoye",2022,0
"Sahel","Oudalan","Markoye",2023,0
"Sahel","Oudalan","Markoye",2024,0
"Sahel","Oudalan","Oursi",2012,0
"Sahel","Oudalan","Oursi",2013,0
"Sahel","Oudalan","Oursi",2014,0
"Sahel","Oudalan","Oursi",2015,0
"Sahel","Oudalan","Oursi",2016,0
"Sahel","Oudalan","Oursi",2017,0
"Sahel","Oudalan","Oursi",2018,0
"Sahel","Oudalan","Oursi",2019,0
"Sahel","Oudalan","Oursi",2020,0
"Sahel","Oudalan","Oursi",2021,0
"Sahel","Oudalan","Oursi",2022,0
"Sahel","Oudalan","Oursi",2023,0
"Sahel","Oudalan","Oursi",2024,0
"Sahel","Oudalan","Tin-Akoff",2012,0
"Sahel","Oudalan","Tin-Akoff",2013,0
"Sahel","Oudalan","Tin-Akoff",2014,0
"Sahel","Oudalan","Tin-Akoff",2015,0
"Sahel","Oudalan","Tin-Akoff",2016,0
"Sahel","Oudalan","Tin-Akoff",2017,0
"Sahel","Oudalan","Tin-Akoff",2018,0
"Sahel","Oudalan","Tin-Akoff",2019,0
"Sahel","Oudalan","Tin-Akoff",2020,0
"Sahel","Oudalan","Tin-Akoff",2021,0
"Sahel","Oudalan","Tin-Akoff",2022,0
"Sahel","Oudalan","Tin-Akoff",2023,0
"Sahel","Oudalan","Tin-Akoff",2024,0
"Sahel","Soum","Aribinda",2012,0.576463103294373
"Sahel","Soum","Aribinda",2013,1.85390114784241
"Sahel","Soum","Aribinda",2014,0
"Sahel","Soum","Aribinda",2015,0
"Sahel","Soum","Aribinda",2016,0
"Sahel","Soum","Aribinda",2017,0
"Sahel","Soum","Aribinda",2018,0
"Sahel","Soum","Aribinda",2019,0
"Sahel","Soum","Aribinda",2020,1.14259505271912
"Sahel","Soum","Aribinda",2021,2.30517864227295
"Sahel","Soum","Aribinda",2022,6.53277826309204
"Sahel","Soum","Aribinda",2023,0
"Sahel","Soum","Aribinda",2024,0
"Sahel","Soum","Baraboule",2012,0
"Sahel","Soum","Baraboule",2013,0
"Sahel","Soum","Baraboule",2014,0
"Sahel","Soum","Baraboule",2015,0
"Sahel","Soum","Baraboule",2016,0.795644640922546
"Sahel","Soum","Baraboule",2017,0.763171017169952
"Sahel","Soum","Baraboule",2018,0
"Sahel","Soum","Baraboule",2019,0
"Sahel","Soum","Baraboule",2020,0
"Sahel","Soum","Baraboule",2021,0
"Sahel","Soum","Baraboule",2022,0
"Sahel","Soum","Baraboule",2023,0
"Sahel","Soum","Baraboule",2024,0
"Sahel","Soum","Diguel",2012,0
"Sahel","Soum","Diguel",2013,0
"Sahel","Soum","Diguel",2014,0
"Sahel","Soum","Diguel",2015,0
"Sahel","Soum","Diguel",2016,0
"Sahel","Soum","Diguel",2017,0
"Sahel","Soum","Diguel",2018,0
"Sahel","Soum","Diguel",2019,0
"Sahel","Soum","Diguel",2020,0
"Sahel","Soum","Diguel",2021,0
"Sahel","Soum","Diguel",2022,0
"Sahel","Soum","Diguel",2023,0
"Sahel","Soum","Diguel",2024,0
"Sahel","Soum","Djibo",2012,42.1338577270508
"Sahel","Soum","Djibo",2013,36.6802711486816
"Sahel","Soum","Djibo",2014,52.8156661987305
"Sahel","Soum","Djibo",2015,48.7187347412109
"Sahel","Soum","Djibo",2016,44.4239883422852
"Sahel","Soum","Djibo",2017,43.6018104553223
"Sahel","Soum","Djibo",2018,62.8553810119629
"Sahel","Soum","Djibo",2019,43.3928833007812
"Sahel","Soum","Djibo",2020,26.7619895935059
"Sahel","Soum","Djibo",2021,47.1935272216797
"Sahel","Soum","Djibo",2022,15.7104139328003
"Sahel","Soum","Djibo",2023,3.73784112930298
"Sahel","Soum","Djibo",2024,1.59657096862793
"Sahel","Soum","Kelbo",2012,0
"Sahel","Soum","Kelbo",2013,0
"Sahel","Soum","Kelbo",2014,0
"Sahel","Soum","Kelbo",2015,0
"Sahel","Soum","Kelbo",2016,0
"Sahel","Soum","Kelbo",2017,0
"Sahel","Soum","Kelbo",2018,0
"Sahel","Soum","Kelbo",2019,0
"Sahel","Soum","Kelbo",2020,0
"Sahel","Soum","Kelbo",2021,0
"Sahel","Soum","Kelbo",2022,1.30382478237152
"Sahel","Soum","Kelbo",2023,0.696222484111786
"Sahel","Soum","Kelbo",2024,0
"Sahel","Soum","Koutougou",2012,0.357651948928833
"Sahel","Soum","Koutougou",2013,0
"Sahel","Soum","Koutougou",2014,0.468293845653534
"Sahel","Soum","Koutougou",2015,0
"Sahel","Soum","Koutougou",2016,0
"Sahel","Soum","Koutougou",2017,0
"Sahel","Soum","Koutougou",2018,0
"Sahel","Soum","Koutougou",2019,0
"Sahel","Soum","Koutougou",2020,0
"Sahel","Soum","Koutougou",2021,0
"Sahel","Soum","Koutougou",2022,0
"Sahel","Soum","Koutougou",2023,0
"Sahel","Soum","Koutougou",2024,0
"Sahel","Soum","Nassoumbou",2012,0
"Sahel","Soum","Nassoumbou",2013,0
"Sahel","Soum","Nassoumbou",2014,0
"Sahel","Soum","Nassoumbou",2015,0
"Sahel","Soum","Nassoumbou",2016,0
"Sahel","Soum","Nassoumbou",2017,0
"Sahel","Soum","Nassoumbou",2018,0
"Sahel","Soum","Nassoumbou",2019,0
"Sahel","Soum","Nassoumbou",2020,0
"Sahel","Soum","Nassoumbou",2021,0
"Sahel","Soum","Nassoumbou",2022,0
"Sahel","Soum","Nassoumbou",2023,0
"Sahel","Soum","Nassoumbou",2024,0
"Sahel","Soum","Pobe-Mengao",2012,0
"Sahel","Soum","Pobe-Mengao",2013,0
"Sahel","Soum","Pobe-Mengao",2014,0
"Sahel","Soum","Pobe-Mengao",2015,0
"Sahel","Soum","Pobe-Mengao",2016,0.76573783159256
"Sahel","Soum","Pobe-Mengao",2017,0.510279715061188
"Sahel","Soum","Pobe-Mengao",2018,1.40324115753174
"Sahel","Soum","Pobe-Mengao",2019,0
"Sahel","Soum","Pobe-Mengao",2020,0
"Sahel","Soum","Pobe-Mengao",2021,0
"Sahel","Soum","Pobe-Mengao",2022,0
"Sahel","Soum","Pobe-Mengao",2023,0
"Sahel","Soum","Pobe-Mengao",2024,0
"Sahel","Soum","Tongomayel",2012,216.589431762695
"Sahel","Soum","Tongomayel",2013,190.207901000977
"Sahel","Soum","Tongomayel",2014,149.641586303711
"Sahel","Soum","Tongomayel",2015,132.452011108398
"Sahel","Soum","Tongomayel",2016,99.6431579589844
"Sahel","Soum","Tongomayel",2017,31.9529438018799
"Sahel","Soum","Tongomayel",2018,9.92761898040771
"Sahel","Soum","Tongomayel",2019,23.9826316833496
"Sahel","Soum","Tongomayel",2020,18.1500606536865
"Sahel","Soum","Tongomayel",2021,14.9573535919189
"Sahel","Soum","Tongomayel",2022,0
"Sahel","Soum","Tongomayel",2023,0
"Sahel","Soum","Tongomayel",2024,0
"Sahel","Séno","Bani",2012,5.45001363754272
"Sahel","Séno","Bani",2013,2.27265644073486
"Sahel","Séno","Bani",2014,0.521654784679413
"Sahel","Séno","Bani",2015,3.43924498558044
"Sahel","Séno","Bani",2016,3.9750714302063
"Sahel","Séno","Bani",2017,3.83823490142822
"Sahel","Séno","Bani",2018,4.02482748031616
"Sahel","Séno","Bani",2019,2.32546854019165
"Sahel","Séno","Bani",2020,1.38065242767334
"Sahel","Séno","Bani",2021,2.64189410209656
"Sahel","Séno","Bani",2022,0
"Sahel","Séno","Bani",2023,0
"Sahel","Séno","Bani",2024,0
"Sahel","Séno","Dori",2012,118.273017883301
"Sahel","Séno","Dori",2013,114.845809936523
"Sahel","Séno","Dori",2014,335.998931884766
"Sahel","Séno","Dori",2015,288.538208007812
"Sahel","Séno","Dori",2016,242.617797851562
"Sahel","Séno","Dori",2017,205.41667175293
"Sahel","Séno","Dori",2018,242.510009765625
"Sahel","Séno","Dori",2019,196.724182128906
"Sahel","Séno","Dori",2020,175.215927124023
"Sahel","Séno","Dori",2021,177.926544189453
"Sahel","Séno","Dori",2022,200.217376708984
"Sahel","Séno","Dori",2023,186.728546142578
"Sahel","Séno","Dori",2024,243.055130004883
"Sahel","Séno","Falagountou",2012,0
"Sahel","Séno","Falagountou",2013,0
"Sahel","Séno","Falagountou",2014,0
"Sahel","Séno","Falagountou",2015,0
"Sahel","Séno","Falagountou",2016,0
"Sahel","Séno","Falagountou",2017,0
"Sahel","Séno","Falagountou",2018,1.63473057746887
"Sahel","Séno","Falagountou",2019,1.07345473766327
"Sahel","Séno","Falagountou",2020,2.33304071426392
"Sahel","Séno","Falagountou",2021,3.61296892166138
"Sahel","Séno","Falagountou",2022,2.47489595413208
"Sahel","Séno","Falagountou",2023,2.76394319534302
"Sahel","Séno","Falagountou",2024,0.511140763759613
"Sahel","Séno","Gorgadji",2012,0
"Sahel","Séno","Gorgadji",2013,0
"Sahel","Séno","Gorgadji",2014,0
"Sahel","Séno","Gorgadji",2015,0
"Sahel","Séno","Gorgadji",2016,0
"Sahel","Séno","Gorgadji",2017,0
"Sahel","Séno","Gorgadji",2018,0
"Sahel","Séno","Gorgadji",2019,0
"Sahel","Séno","Gorgadji",2020,0
"Sahel","Séno","Gorgadji",2021,0
"Sahel","Séno","Gorgadji",2022,0
"Sahel","Séno","Gorgadji",2023,0
"Sahel","Séno","Gorgadji",2024,0
"Sahel","Séno","Sampelga",2012,0
"Sahel","Séno","Sampelga",2013,0
"Sahel","Séno","Sampelga",2014,0
"Sahel","Séno","Sampelga",2015,0
"Sahel","Séno","Sampelga",2016,3.11051535606384
"Sahel","Séno","Sampelga",2017,3.30434608459473
"Sahel","Séno","Sampelga",2018,2.96101641654968
"Sahel","Séno","Sampelga",2019,1.27481865882874
"Sahel","Séno","Sampelga",2020,0
"Sahel","Séno","Sampelga",2021,0
"Sahel","Séno","Sampelga",2022,0
"Sahel","Séno","Sampelga",2023,0
"Sahel","Séno","Sampelga",2024,0
"Sahel","Séno","Seytenga",2012,0
"Sahel","Séno","Seytenga",2013,0
"Sahel","Séno","Seytenga",2014,0
"Sahel","Séno","Seytenga",2015,0
"Sahel","Séno","Seytenga",2016,0
"Sahel","Séno","Seytenga",2017,0
"Sahel","Séno","Seytenga",2018,0
"Sahel","Séno","Seytenga",2019,0
"Sahel","Séno","Seytenga",2020,0
"Sahel","Séno","Seytenga",2021,0
"Sahel","Séno","Seytenga",2022,0
"Sahel","Séno","Seytenga",2023,1.71288824081421
"Sahel","Séno","Seytenga",2024,0.600505948066711
"Sahel","Yagha","Boundore",2012,0
"Sahel","Yagha","Boundore",2013,0
"Sahel","Yagha","Boundore",2014,0
"Sahel","Yagha","Boundore",2015,0
"Sahel","Yagha","Boundore",2016,0
"Sahel","Yagha","Boundore",2017,0
"Sahel","Yagha","Boundore",2018,0
"Sahel","Yagha","Boundore",2019,0
"Sahel","Yagha","Boundore",2020,0
"Sahel","Yagha","Boundore",2021,0
"Sahel","Yagha","Boundore",2022,0.283906251192093
"Sahel","Yagha","Boundore",2023,0
"Sahel","Yagha","Boundore",2024,0
"Sahel","Yagha","Mansila",2012,0
"Sahel","Yagha","Mansila",2013,0
"Sahel","Yagha","Mansila",2014,0
"Sahel","Yagha","Mansila",2015,0
"Sahel","Yagha","Mansila",2016,0
"Sahel","Yagha","Mansila",2017,0
"Sahel","Yagha","Mansila",2018,0
"Sahel","Yagha","Mansila",2019,0
"Sahel","Yagha","Mansila",2020,0
"Sahel","Yagha","Mansila",2021,0
"Sahel","Yagha","Mansila",2022,0
"Sahel","Yagha","Mansila",2023,0.565038084983826
"Sahel","Yagha","Mansila",2024,2.99039959907532
"Sahel","Yagha","Sebba",2012,0
"Sahel","Yagha","Sebba",2013,0
"Sahel","Yagha","Sebba",2014,0
"Sahel","Yagha","Sebba",2015,0
"Sahel","Yagha","Sebba",2016,0
"Sahel","Yagha","Sebba",2017,0
"Sahel","Yagha","Sebba",2018,4.01427412033081
"Sahel","Yagha","Sebba",2019,4.56880712509155
"Sahel","Yagha","Sebba",2020,2.38678979873657
"Sahel","Yagha","Sebba",2021,4.07405662536621
"Sahel","Yagha","Sebba",2022,1.598304271698
"Sahel","Yagha","Sebba",2023,0
"Sahel","Yagha","Sebba",2024,0
"Sahel","Yagha","Solhan",2012,0
"Sahel","Yagha","Solhan",2013,0
"Sahel","Yagha","Solhan",2014,0
"Sahel","Yagha","Solhan",2015,0
"Sahel","Yagha","Solhan",2016,0
"Sahel","Yagha","Solhan",2017,0
"Sahel","Yagha","Solhan",2018,0
"Sahel","Yagha","Solhan",2019,0
"Sahel","Yagha","Solhan",2020,0
"Sahel","Yagha","Solhan",2021,0
"Sahel","Yagha","Solhan",2022,0
"Sahel","Yagha","Solhan",2023,0
"Sahel","Yagha","Solhan",2024,0
"Sahel","Yagha","Tankougounadie",2012,0
"Sahel","Yagha","Tankougounadie",2013,0
"Sahel","Yagha","Tankougounadie",2014,0
"Sahel","Yagha","Tankougounadie",2015,0
"Sahel","Yagha","Tankougounadie",2016,0
"Sahel","Yagha","Tankougounadie",2017,0
"Sahel","Yagha","Tankougounadie",2018,0
"Sahel","Yagha","Tankougounadie",2019,0
"Sahel","Yagha","Tankougounadie",2020,0
"Sahel","Yagha","Tankougounadie",2021,0
"Sahel","Yagha","Tankougounadie",2022,0
"Sahel","Yagha","Tankougounadie",2023,0
"Sahel","Yagha","Tankougounadie",2024,0
"Sahel","Yagha","Titabe",2012,0
"Sahel","Yagha","Titabe",2013,0
"Sahel","Yagha","Titabe",2014,0
"Sahel","Yagha","Titabe",2015,0
"Sahel","Yagha","Titabe",2016,0
"Sahel","Yagha","Titabe",2017,0
"Sahel","Yagha","Titabe",2018,0
"Sahel","Yagha","Titabe",2019,0.501815795898438
"Sahel","Yagha","Titabe",2020,0
"Sahel","Yagha","Titabe",2021,0
"Sahel","Yagha","Titabe",2022,0
"Sahel","Yagha","Titabe",2023,0
"Sahel","Yagha","Titabe",2024,0
"Sud-Ouest","Bougouriba","Bondigui",2012,0
"Sud-Ouest","Bougouriba","Bondigui",2013,0
"Sud-Ouest","Bougouriba","Bondigui",2014,0
"Sud-Ouest","Bougouriba","Bondigui",2015,0.504505753517151
"Sud-Ouest","Bougouriba","Bondigui",2016,2.0596399307251
"Sud-Ouest","Bougouriba","Bondigui",2017,1.33935058116913
"Sud-Ouest","Bougouriba","Bondigui",2018,2.50643062591553
"Sud-Ouest","Bougouriba","Bondigui",2019,2.42053580284119
"Sud-Ouest","Bougouriba","Bondigui",2020,2.53443717956543
"Sud-Ouest","Bougouriba","Bondigui",2021,1.48989403247833
"Sud-Ouest","Bougouriba","Bondigui",2022,4.88899612426758
"Sud-Ouest","Bougouriba","Bondigui",2023,6.21060752868652
"Sud-Ouest","Bougouriba","Bondigui",2024,6.40120553970337
"Sud-Ouest","Bougouriba","Diebougou",2012,104.557006835938
"Sud-Ouest","Bougouriba","Diebougou",2013,76.5084381103516
"Sud-Ouest","Bougouriba","Diebougou",2014,86.7218399047852
"Sud-Ouest","Bougouriba","Diebougou",2015,90.5140914916992
"Sud-Ouest","Bougouriba","Diebougou",2016,96.1282348632812
"Sud-Ouest","Bougouriba","Diebougou",2017,89.498420715332
"Sud-Ouest","Bougouriba","Diebougou",2018,91.6175689697266
"Sud-Ouest","Bougouriba","Diebougou",2019,98.9688949584961
"Sud-Ouest","Bougouriba","Diebougou",2020,109.755424499512
"Sud-Ouest","Bougouriba","Diebougou",2021,129.366287231445
"Sud-Ouest","Bougouriba","Diebougou",2022,152.076049804688
"Sud-Ouest","Bougouriba","Diebougou",2023,151.307586669922
"Sud-Ouest","Bougouriba","Diebougou",2024,159.514572143555
"Sud-Ouest","Bougouriba","Dolo",2012,0
"Sud-Ouest","Bougouriba","Dolo",2013,0
"Sud-Ouest","Bougouriba","Dolo",2014,0
"Sud-Ouest","Bougouriba","Dolo",2015,0
"Sud-Ouest","Bougouriba","Dolo",2016,0
"Sud-Ouest","Bougouriba","Dolo",2017,0
"Sud-Ouest","Bougouriba","Dolo",2018,0
"Sud-Ouest","Bougouriba","Dolo",2019,0
"Sud-Ouest","Bougouriba","Dolo",2020,0
"Sud-Ouest","Bougouriba","Dolo",2021,0
"Sud-Ouest","Bougouriba","Dolo",2022,0
"Sud-Ouest","Bougouriba","Dolo",2023,0.504410028457642
"Sud-Ouest","Bougouriba","Dolo",2024,1.95790612697601
"Sud-Ouest","Bougouriba","Gueguere",2012,0
"Sud-Ouest","Bougouriba","Gueguere",2013,0
"Sud-Ouest","Bougouriba","Gueguere",2014,0
"Sud-Ouest","Bougouriba","Gueguere",2015,0
"Sud-Ouest","Bougouriba","Gueguere",2016,0
"Sud-Ouest","Bougouriba","Gueguere",2017,0
"Sud-Ouest","Bougouriba","Gueguere",2018,2.39290142059326
"Sud-Ouest","Bougouriba","Gueguere",2019,3.52103686332703
"Sud-Ouest","Bougouriba","Gueguere",2020,3.5734338760376
"Sud-Ouest","Bougouriba","Gueguere",2021,8.92940139770508
"Sud-Ouest","Bougouriba","Gueguere",2022,12.3336114883423
"Sud-Ouest","Bougouriba","Gueguere",2023,9.33184432983398
"Sud-Ouest","Bougouriba","Gueguere",2024,4.45391845703125
"Sud-Ouest","Bougouriba","Iolonioro",2012,0
"Sud-Ouest","Bougouriba","Iolonioro",2013,0
"Sud-Ouest","Bougouriba","Iolonioro",2014,0
"Sud-Ouest","Bougouriba","Iolonioro",2015,0
"Sud-Ouest","Bougouriba","Iolonioro",2016,0
"Sud-Ouest","Bougouriba","Iolonioro",2017,0
"Sud-Ouest","Bougouriba","Iolonioro",2018,0
"Sud-Ouest","Bougouriba","Iolonioro",2019,0
"Sud-Ouest","Bougouriba","Iolonioro",2020,0
"Sud-Ouest","Bougouriba","Iolonioro",2021,0
"Sud-Ouest","Bougouriba","Iolonioro",2022,0
"Sud-Ouest","Bougouriba","Iolonioro",2023,1.38592505455017
"Sud-Ouest","Bougouriba","Iolonioro",2024,1.12904918193817
"Sud-Ouest","Bougouriba","Tiankoura",2012,0
"Sud-Ouest","Bougouriba","Tiankoura",2013,0
"Sud-Ouest","Bougouriba","Tiankoura",2014,0
"Sud-Ouest","Bougouriba","Tiankoura",2015,0
"Sud-Ouest","Bougouriba","Tiankoura",2016,0
"Sud-Ouest","Bougouriba","Tiankoura",2017,0
"Sud-Ouest","Bougouriba","Tiankoura",2018,0
"Sud-Ouest","Bougouriba","Tiankoura",2019,0
"Sud-Ouest","Bougouriba","Tiankoura",2020,0
"Sud-Ouest","Bougouriba","Tiankoura",2021,0
"Sud-Ouest","Bougouriba","Tiankoura",2022,0
"Sud-Ouest","Bougouriba","Tiankoura",2023,0.611966609954834
"Sud-Ouest","Bougouriba","Tiankoura",2024,0
"Sud-Ouest","Ioba","Dano",2012,25.2513294219971
"Sud-Ouest","Ioba","Dano",2013,25.5672340393066
"Sud-Ouest","Ioba","Dano",2014,22.3411445617676
"Sud-Ouest","Ioba","Dano",2015,26.6485958099365
"Sud-Ouest","Ioba","Dano",2016,26.4032001495361
"Sud-Ouest","Ioba","Dano",2017,23.9388160705566
"Sud-Ouest","Ioba","Dano",2018,30.9226703643799
"Sud-Ouest","Ioba","Dano",2019,48.2488555908203
"Sud-Ouest","Ioba","Dano",2020,55.5534858703613
"Sud-Ouest","Ioba","Dano",2021,74.194465637207
"Sud-Ouest","Ioba","Dano",2022,164.080535888672
"Sud-Ouest","Ioba","Dano",2023,295.628662109375
"Sud-Ouest","Ioba","Dano",2024,317.641265869141
"Sud-Ouest","Ioba","Dissin",2012,10.7847537994385
"Sud-Ouest","Ioba","Dissin",2013,10.2735500335693
"Sud-Ouest","Ioba","Dissin",2014,7.89372253417969
"Sud-Ouest","Ioba","Dissin",2015,9.06239795684814
"Sud-Ouest","Ioba","Dissin",2016,9.96697330474854
"Sud-Ouest","Ioba","Dissin",2017,12.7163677215576
"Sud-Ouest","Ioba","Dissin",2018,10.6759481430054
"Sud-Ouest","Ioba","Dissin",2019,7.18776416778564
"Sud-Ouest","Ioba","Dissin",2020,8.81102657318115
"Sud-Ouest","Ioba","Dissin",2021,15.2597799301147
"Sud-Ouest","Ioba","Dissin",2022,15.6804761886597
"Sud-Ouest","Ioba","Dissin",2023,17.3050975799561
"Sud-Ouest","Ioba","Dissin",2024,19.9172954559326
"Sud-Ouest","Ioba","Koper",2012,0
"Sud-Ouest","Ioba","Koper",2013,0
"Sud-Ouest","Ioba","Koper",2014,0
"Sud-Ouest","Ioba","Koper",2015,0.531953692436218
"Sud-Ouest","Ioba","Koper",2016,0
"Sud-Ouest","Ioba","Koper",2017,0
"Sud-Ouest","Ioba","Koper",2018,0
"Sud-Ouest","Ioba","Koper",2019,0
"Sud-Ouest","Ioba","Koper",2020,0
"Sud-Ouest","Ioba","Koper",2021,0
"Sud-Ouest","Ioba","Koper",2022,0
"Sud-Ouest","Ioba","Koper",2023,4.30350208282471
"Sud-Ouest","Ioba","Koper",2024,1.11515855789185
"Sud-Ouest","Ioba","Niego",2012,0
"Sud-Ouest","Ioba","Niego",2013,0
"Sud-Ouest","Ioba","Niego",2014,0
"Sud-Ouest","Ioba","Niego",2015,0
"Sud-Ouest","Ioba","Niego",2016,0
"Sud-Ouest","Ioba","Niego",2017,0
"Sud-Ouest","Ioba","Niego",2018,0
"Sud-Ouest","Ioba","Niego",2019,0
"Sud-Ouest","Ioba","Niego",2020,0
"Sud-Ouest","Ioba","Niego",2021,0
"Sud-Ouest","Ioba","Niego",2022,0
"Sud-Ouest","Ioba","Niego",2023,0
"Sud-Ouest","Ioba","Niego",2024,0
"Sud-Ouest","Ioba","Oronkua",2012,2.29739618301392
"Sud-Ouest","Ioba","Oronkua",2013,3.17201566696167
"Sud-Ouest","Ioba","Oronkua",2014,1.81342852115631
"Sud-Ouest","Ioba","Oronkua",2015,0.593795001506805
"Sud-Ouest","Ioba","Oronkua",2016,0.702903687953949
"Sud-Ouest","Ioba","Oronkua",2017,0
"Sud-Ouest","Ioba","Oronkua",2018,0
"Sud-Ouest","Ioba","Oronkua",2019,0
"Sud-Ouest","Ioba","Oronkua",2020,0
"Sud-Ouest","Ioba","Oronkua",2021,0.646935999393463
"Sud-Ouest","Ioba","Oronkua",2022,1.10168147087097
"Sud-Ouest","Ioba","Oronkua",2023,1.19239568710327
"Sud-Ouest","Ioba","Oronkua",2024,1.13670349121094
"Sud-Ouest","Ioba","Ouessa",2012,3.98275661468506
"Sud-Ouest","Ioba","Ouessa",2013,2.77999639511108
"Sud-Ouest","Ioba","Ouessa",2014,2.77122282981873
"Sud-Ouest","Ioba","Ouessa",2015,2.41412091255188
"Sud-Ouest","Ioba","Ouessa",2016,1.67169523239136
"Sud-Ouest","Ioba","Ouessa",2017,2.00972175598145
"Sud-Ouest","Ioba","Ouessa",2018,2.55981683731079
"Sud-Ouest","Ioba","Ouessa",2019,0.558535635471344
"Sud-Ouest","Ioba","Ouessa",2020,2.56928539276123
"Sud-Ouest","Ioba","Ouessa",2021,9.92089176177979
"Sud-Ouest","Ioba","Ouessa",2022,10.246973991394
"Sud-Ouest","Ioba","Ouessa",2023,7.98119354248047
"Sud-Ouest","Ioba","Ouessa",2024,11.0779972076416
"Sud-Ouest","Ioba","Zambo",2012,3.68648171424866
"Sud-Ouest","Ioba","Zambo",2013,2.0895049571991
"Sud-Ouest","Ioba","Zambo",2014,2.69947171211243
"Sud-Ouest","Ioba","Zambo",2015,3.65690565109253
"Sud-Ouest","Ioba","Zambo",2016,3.21291351318359
"Sud-Ouest","Ioba","Zambo",2017,3.65266990661621
"Sud-Ouest","Ioba","Zambo",2018,2.39002752304077
"Sud-Ouest","Ioba","Zambo",2019,2.06631517410278
"Sud-Ouest","Ioba","Zambo",2020,1.85537934303284
"Sud-Ouest","Ioba","Zambo",2021,2.40993547439575
"Sud-Ouest","Ioba","Zambo",2022,3.10858106613159
"Sud-Ouest","Ioba","Zambo",2023,2.37109756469727
"Sud-Ouest","Ioba","Zambo",2024,3.84117221832275
"Sud-Ouest","Noumbiel","Batié",2012,5.69900703430176
"Sud-Ouest","Noumbiel","Batié",2013,4.39754199981689
"Sud-Ouest","Noumbiel","Batié",2014,2.91573596000671
"Sud-Ouest","Noumbiel","Batié",2015,3.05184674263
"Sud-Ouest","Noumbiel","Batié",2016,4.45707511901855
"Sud-Ouest","Noumbiel","Batié",2017,3.82844924926758
"Sud-Ouest","Noumbiel","Batié",2018,1.28031980991364
"Sud-Ouest","Noumbiel","Batié",2019,0
"Sud-Ouest","Noumbiel","Batié",2020,3.60805153846741
"Sud-Ouest","Noumbiel","Batié",2021,6.29983282089233
"Sud-Ouest","Noumbiel","Batié",2022,10.9988193511963
"Sud-Ouest","Noumbiel","Batié",2023,13.3186168670654
"Sud-Ouest","Noumbiel","Batié",2024,16.0906085968018
"Sud-Ouest","Noumbiel","Boussoukoula",2012,0
"Sud-Ouest","Noumbiel","Boussoukoula",2013,0
"Sud-Ouest","Noumbiel","Boussoukoula",2014,0
"Sud-Ouest","Noumbiel","Boussoukoula",2015,0
"Sud-Ouest","Noumbiel","Boussoukoula",2016,0
"Sud-Ouest","Noumbiel","Boussoukoula",2017,0
"Sud-Ouest","Noumbiel","Boussoukoula",2018,0
"Sud-Ouest","Noumbiel","Boussoukoula",2019,0
"Sud-Ouest","Noumbiel","Boussoukoula",2020,0
"Sud-Ouest","Noumbiel","Boussoukoula",2021,0
"Sud-Ouest","Noumbiel","Boussoukoula",2022,0
"Sud-Ouest","Noumbiel","Boussoukoula",2023,0.631758570671082
"Sud-Ouest","Noumbiel","Boussoukoula",2024,4.83596706390381
"Sud-Ouest","Noumbiel","Kpuéré",2012,0
"Sud-Ouest","Noumbiel","Kpuéré",2013,0
"Sud-Ouest","Noumbiel","Kpuéré",2014,0
"Sud-Ouest","Noumbiel","Kpuéré",2015,0
"Sud-Ouest","Noumbiel","Kpuéré",2016,0
"Sud-Ouest","Noumbiel","Kpuéré",2017,0
"Sud-Ouest","Noumbiel","Kpuéré",2018,0
"Sud-Ouest","Noumbiel","Kpuéré",2019,0
"Sud-Ouest","Noumbiel","Kpuéré",2020,0
"Sud-Ouest","Noumbiel","Kpuéré",2021,0
"Sud-Ouest","Noumbiel","Kpuéré",2022,0
"Sud-Ouest","Noumbiel","Kpuéré",2023,0.508549809455872
"Sud-Ouest","Noumbiel","Kpuéré",2024,0
"Sud-Ouest","Noumbiel","Legmoin",2012,0
"Sud-Ouest","Noumbiel","Legmoin",2013,0
"Sud-Ouest","Noumbiel","Legmoin",2014,0
"Sud-Ouest","Noumbiel","Legmoin",2015,1.23866438865662
"Sud-Ouest","Noumbiel","Legmoin",2016,1.08178949356079
"Sud-Ouest","Noumbiel","Legmoin",2017,0
"Sud-Ouest","Noumbiel","Legmoin",2018,1.29127621650696
"Sud-Ouest","Noumbiel","Legmoin",2019,1.15535628795624
"Sud-Ouest","Noumbiel","Legmoin",2020,1.40076804161072
"Sud-Ouest","Noumbiel","Legmoin",2021,3.35342502593994
"Sud-Ouest","Noumbiel","Legmoin",2022,2.10334849357605
"Sud-Ouest","Noumbiel","Legmoin",2023,2.53775572776794
"Sud-Ouest","Noumbiel","Legmoin",2024,1.27139711380005
"Sud-Ouest","Noumbiel","Midebdo",2012,0
"Sud-Ouest","Noumbiel","Midebdo",2013,0
"Sud-Ouest","Noumbiel","Midebdo",2014,0
"Sud-Ouest","Noumbiel","Midebdo",2015,0
"Sud-Ouest","Noumbiel","Midebdo",2016,0
"Sud-Ouest","Noumbiel","Midebdo",2017,0
"Sud-Ouest","Noumbiel","Midebdo",2018,0
"Sud-Ouest","Noumbiel","Midebdo",2019,0
"Sud-Ouest","Noumbiel","Midebdo",2020,0
"Sud-Ouest","Noumbiel","Midebdo",2021,0
"Sud-Ouest","Noumbiel","Midebdo",2022,0
"Sud-Ouest","Noumbiel","Midebdo",2023,0
"Sud-Ouest","Noumbiel","Midebdo",2024,0
"Sud-Ouest","Poni","Bouroum-Bouroum",2012,0
"Sud-Ouest","Poni","Bouroum-Bouroum",2013,0
"Sud-Ouest","Poni","Bouroum-Bouroum",2014,0.759799182415009
"Sud-Ouest","Poni","Bouroum-Bouroum",2015,1.4023220539093
"Sud-Ouest","Poni","Bouroum-Bouroum",2016,1.33673930168152
"Sud-Ouest","Poni","Bouroum-Bouroum",2017,1.28357124328613
"Sud-Ouest","Poni","Bouroum-Bouroum",2018,1.84607326984406
"Sud-Ouest","Poni","Bouroum-Bouroum",2019,1.41679525375366
"Sud-Ouest","Poni","Bouroum-Bouroum",2020,1.87093329429626
"Sud-Ouest","Poni","Bouroum-Bouroum",2021,1.47046589851379
"Sud-Ouest","Poni","Bouroum-Bouroum",2022,0.62660163640976
"Sud-Ouest","Poni","Bouroum-Bouroum",2023,1.11255240440369
"Sud-Ouest","Poni","Bouroum-Bouroum",2024,0.637846052646637
"Sud-Ouest","Poni","Boussera",2012,0
"Sud-Ouest","Poni","Boussera",2013,0
"Sud-Ouest","Poni","Boussera",2014,0
"Sud-Ouest","Poni","Boussera",2015,0
"Sud-Ouest","Poni","Boussera",2016,0
"Sud-Ouest","Poni","Boussera",2017,0
"Sud-Ouest","Poni","Boussera",2018,0
"Sud-Ouest","Poni","Boussera",2019,0
"Sud-Ouest","Poni","Boussera",2020,0
"Sud-Ouest","Poni","Boussera",2021,0
"Sud-Ouest","Poni","Boussera",2022,0
"Sud-Ouest","Poni","Boussera",2023,0
"Sud-Ouest","Poni","Boussera",2024,0
"Sud-Ouest","Poni","Djigouè",2012,0
"Sud-Ouest","Poni","Djigouè",2013,0
"Sud-Ouest","Poni","Djigouè",2014,0
"Sud-Ouest","Poni","Djigouè",2015,0
"Sud-Ouest","Poni","Djigouè",2016,0
"Sud-Ouest","Poni","Djigouè",2017,0
"Sud-Ouest","Poni","Djigouè",2018,0
"Sud-Ouest","Poni","Djigouè",2019,0
"Sud-Ouest","Poni","Djigouè",2020,0
"Sud-Ouest","Poni","Djigouè",2021,0
"Sud-Ouest","Poni","Djigouè",2022,0
"Sud-Ouest","Poni","Djigouè",2023,0
"Sud-Ouest","Poni","Djigouè",2024,0
"Sud-Ouest","Poni","Gaoua",2012,125.211906433105
"Sud-Ouest","Poni","Gaoua",2013,145.452713012695
"Sud-Ouest","Poni","Gaoua",2014,154.923477172852
"Sud-Ouest","Poni","Gaoua",2015,186.475341796875
"Sud-Ouest","Poni","Gaoua",2016,187.007278442383
"Sud-Ouest","Poni","Gaoua",2017,162.802734375
"Sud-Ouest","Poni","Gaoua",2018,398.906707763672
"Sud-Ouest","Poni","Gaoua",2019,346.602294921875
"Sud-Ouest","Poni","Gaoua",2020,349.441436767578
"Sud-Ouest","Poni","Gaoua",2021,331.881256103516
"Sud-Ouest","Poni","Gaoua",2022,380.855651855469
"Sud-Ouest","Poni","Gaoua",2023,406.465545654297
"Sud-Ouest","Poni","Gaoua",2024,412.204742431641
"Sud-Ouest","Poni","Gbomblora",2012,0
"Sud-Ouest","Poni","Gbomblora",2013,0
"Sud-Ouest","Poni","Gbomblora",2014,0
"Sud-Ouest","Poni","Gbomblora",2015,0
"Sud-Ouest","Poni","Gbomblora",2016,0.566566109657288
"Sud-Ouest","Poni","Gbomblora",2017,0
"Sud-Ouest","Poni","Gbomblora",2018,0
"Sud-Ouest","Poni","Gbomblora",2019,0
"Sud-Ouest","Poni","Gbomblora",2020,0
"Sud-Ouest","Poni","Gbomblora",2021,0.465658873319626
"Sud-Ouest","Poni","Gbomblora",2022,0.391608417034149
"Sud-Ouest","Poni","Gbomblora",2023,0.212384834885597
"Sud-Ouest","Poni","Gbomblora",2024,0.206543534994125
"Sud-Ouest","Poni","Kampti",2012,0
"Sud-Ouest","Poni","Kampti",2013,0
"Sud-Ouest","Poni","Kampti",2014,0
"Sud-Ouest","Poni","Kampti",2015,0
"Sud-Ouest","Poni","Kampti",2016,0
"Sud-Ouest","Poni","Kampti",2017,0
"Sud-Ouest","Poni","Kampti",2018,0
"Sud-Ouest","Poni","Kampti",2019,0
"Sud-Ouest","Poni","Kampti",2020,1.09315514564514
"Sud-Ouest","Poni","Kampti",2021,3.3630952835083
"Sud-Ouest","Poni","Kampti",2022,18.388126373291
"Sud-Ouest","Poni","Kampti",2023,70.6613311767578
"Sud-Ouest","Poni","Kampti",2024,103.483154296875
"Sud-Ouest","Poni","Loropeni",2012,0
"Sud-Ouest","Poni","Loropeni",2013,0
"Sud-Ouest","Poni","Loropeni",2014,0
"Sud-Ouest","Poni","Loropeni",2015,0
"Sud-Ouest","Poni","Loropeni",2016,0
"Sud-Ouest","Poni","Loropeni",2017,0
"Sud-Ouest","Poni","Loropeni",2018,0
"Sud-Ouest","Poni","Loropeni",2019,0
"Sud-Ouest","Poni","Loropeni",2020,0
"Sud-Ouest","Poni","Loropeni",2021,0
"Sud-Ouest","Poni","Loropeni",2022,0.536683797836304
"Sud-Ouest","Poni","Loropeni",2023,0.569991290569305
"Sud-Ouest","Poni","Loropeni",2024,0.519268929958344
"Sud-Ouest","Poni","Malba",2012,0
"Sud-Ouest","Poni","Malba",2013,0
"Sud-Ouest","Poni","Malba",2014,0
"Sud-Ouest","Poni","Malba",2015,0
"Sud-Ouest","Poni","Malba",2016,0
"Sud-Ouest","Poni","Malba",2017,0
"Sud-Ouest","Poni","Malba",2018,0
"Sud-Ouest","Poni","Malba",2019,0
"Sud-Ouest","Poni","Malba",2020,0
"Sud-Ouest","Poni","Malba",2021,0
"Sud-Ouest","Poni","Malba",2022,0
"Sud-Ouest","Poni","Malba",2023,0
"Sud-Ouest","Poni","Malba",2024,0.614517748355865
"Sud-Ouest","Poni","Nako",2012,0
"Sud-Ouest","Poni","Nako",2013,0
"Sud-Ouest","Poni","Nako",2014,0
"Sud-Ouest","Poni","Nako",2015,0
"Sud-Ouest","Poni","Nako",2016,0
"Sud-Ouest","Poni","Nako",2017,0
"Sud-Ouest","Poni","Nako",2018,0
"Sud-Ouest","Poni","Nako",2019,0
"Sud-Ouest","Poni","Nako",2020,0
"Sud-Ouest","Poni","Nako",2021,0
"Sud-Ouest","Poni","Nako",2022,0
"Sud-Ouest","Poni","Nako",2023,0
"Sud-Ouest","Poni","Nako",2024,0
"Sud-Ouest","Poni","Perigban",2012,0
"Sud-Ouest","Poni","Perigban",2013,0
"Sud-Ouest","Poni","Perigban",2014,0
"Sud-Ouest","Poni","Perigban",2015,0
"Sud-Ouest","Poni","Perigban",2016,0
"Sud-Ouest","Poni","Perigban",2017,0
"Sud-Ouest","Poni","Perigban",2018,0
"Sud-Ouest","Poni","Perigban",2019,0
"Sud-Ouest","Poni","Perigban",2020,0
"Sud-Ouest","Poni","Perigban",2021,0
"Sud-Ouest","Poni","Perigban",2022,0
"Sud-Ouest","Poni","Perigban",2023,0
"Sud-Ouest","Poni","Perigban",2024,0
