"NAME_1","NAME_2","NAME_3","date","ntl_mean"
"Al Jazirah","Al Kamlin","El Kamlin",2012,120.44002532959
"Al Jazirah","Al Kamlin","El Kamlin",2013,124.670455932617
"Al Jazirah","Al Kamlin","El Kamlin",2014,159.526382446289
"Al Jazirah","Al Kamlin","El Kamlin",2015,183.881774902344
"Al Jazirah","Al Kamlin","El Kamlin",2016,153.947906494141
"Al Jazirah","Al Kamlin","El Kamlin",2017,200.94319152832
"Al Jazirah","Al Kamlin","El Kamlin",2018,255.580459594727
"Al Jazirah","Al Kamlin","El Kamlin",2019,337.143951416016
"Al Jazirah","Al Kamlin","El Kamlin",2020,484.385437011719
"Al Jazirah","Al Kamlin","El Kamlin",2021,546.959228515625
"Al Jazirah","Al Kamlin","El Kamlin",2022,743.05712890625
"Al Jazirah","Al Kamlin","El Kamlin",2023,678.711975097656
"Al Jazirah","Al Kamlin","El Kamlin",2024,268.262664794922
"Al Jazirah","Al Kamlin","El Masid",2012,49.136157989502
"Al Jazirah","Al Kamlin","El Masid",2013,38.138973236084
"Al Jazirah","Al Kamlin","El Masid",2014,55.5568504333496
"Al Jazirah","Al Kamlin","El Masid",2015,71.0925140380859
"Al Jazirah","Al Kamlin","El Masid",2016,76.6215667724609
"Al Jazirah","Al Kamlin","El Masid",2017,84.265007019043
"Al Jazirah","Al Kamlin","El Masid",2018,100.721694946289
"Al Jazirah","Al Kamlin","El Masid",2019,126.342491149902
"Al Jazirah","Al Kamlin","El Masid",2020,194.091567993164
"Al Jazirah","Al Kamlin","El Masid",2021,207.403656005859
"Al Jazirah","Al Kamlin","El Masid",2022,278.667266845703
"Al Jazirah","Al Kamlin","El Masid",2023,198.373062133789
"Al Jazirah","Al Kamlin","El Masid",2024,35.2887687683105
"Al Jazirah","Al Kamlin","El Mi Eiliq",2012,21.5438213348389
"Al Jazirah","Al Kamlin","El Mi Eiliq",2013,17.4392032623291
"Al Jazirah","Al Kamlin","El Mi Eiliq",2014,27.5546646118164
"Al Jazirah","Al Kamlin","El Mi Eiliq",2015,41.0369262695312
"Al Jazirah","Al Kamlin","El Mi Eiliq",2016,49.7851829528809
"Al Jazirah","Al Kamlin","El Mi Eiliq",2017,60.9596328735352
"Al Jazirah","Al Kamlin","El Mi Eiliq",2018,78.2442474365234
"Al Jazirah","Al Kamlin","El Mi Eiliq",2019,99.244270324707
"Al Jazirah","Al Kamlin","El Mi Eiliq",2020,164.612976074219
"Al Jazirah","Al Kamlin","El Mi Eiliq",2021,193.874542236328
"Al Jazirah","Al Kamlin","El Mi Eiliq",2022,286.066101074219
"Al Jazirah","Al Kamlin","El Mi Eiliq",2023,282.399871826172
"Al Jazirah","Al Kamlin","El Mi Eiliq",2024,47.4509544372559
"Al Jazirah","Al Kamlin","Es Sideira",2012,91.0690307617188
"Al Jazirah","Al Kamlin","Es Sideira",2013,92.0909957885742
"Al Jazirah","Al Kamlin","Es Sideira",2014,121.515830993652
"Al Jazirah","Al Kamlin","Es Sideira",2015,158.628402709961
"Al Jazirah","Al Kamlin","Es Sideira",2016,169.058700561523
"Al Jazirah","Al Kamlin","Es Sideira",2017,194.015838623047
"Al Jazirah","Al Kamlin","Es Sideira",2018,217.633926391602
"Al Jazirah","Al Kamlin","Es Sideira",2019,265.285705566406
"Al Jazirah","Al Kamlin","Es Sideira",2020,336.405578613281
"Al Jazirah","Al Kamlin","Es Sideira",2021,313.657318115234
"Al Jazirah","Al Kamlin","Es Sideira",2022,381.005279541016
"Al Jazirah","Al Kamlin","Es Sideira",2023,266.083709716797
"Al Jazirah","Al Kamlin","Es Sideira",2024,112.861686706543
"Al Jazirah","Al Mahagil","Al Azazi",2012,4.84511184692383
"Al Jazirah","Al Mahagil","Al Azazi",2013,5.78200531005859
"Al Jazirah","Al Mahagil","Al Azazi",2014,4.06180620193481
"Al Jazirah","Al Mahagil","Al Azazi",2015,8.8122091293335
"Al Jazirah","Al Mahagil","Al Azazi",2016,6.95307970046997
"Al Jazirah","Al Mahagil","Al Azazi",2017,12.3728876113892
"Al Jazirah","Al Mahagil","Al Azazi",2018,16.5762176513672
"Al Jazirah","Al Mahagil","Al Azazi",2019,20.8522815704346
"Al Jazirah","Al Mahagil","Al Azazi",2020,24.6966381072998
"Al Jazirah","Al Mahagil","Al Azazi",2021,30.5374660491943
"Al Jazirah","Al Mahagil","Al Azazi",2022,49.7478103637695
"Al Jazirah","Al Mahagil","Al Azazi",2023,42.6940231323242
"Al Jazirah","Al Mahagil","Al Azazi",2024,0
"Al Jazirah","Al Mahagil","El Bura",2012,3.91245889663696
"Al Jazirah","Al Mahagil","El Bura",2013,4.69683122634888
"Al Jazirah","Al Mahagil","El Bura",2014,4.94898366928101
"Al Jazirah","Al Mahagil","El Bura",2015,12.0921955108643
"Al Jazirah","Al Mahagil","El Bura",2016,6.60407209396362
"Al Jazirah","Al Mahagil","El Bura",2017,15.1854667663574
"Al Jazirah","Al Mahagil","El Bura",2018,17.259593963623
"Al Jazirah","Al Mahagil","El Bura",2019,18.640495300293
"Al Jazirah","Al Mahagil","El Bura",2020,26.3347301483154
"Al Jazirah","Al Mahagil","El Bura",2021,15.0995893478394
"Al Jazirah","Al Mahagil","El Bura",2022,29.5411529541016
"Al Jazirah","Al Mahagil","El Bura",2023,19.8443565368652
"Al Jazirah","Al Mahagil","El Bura",2024,0
"Al Jazirah","Al Mahagil","El Huda",2012,9.80266666412354
"Al Jazirah","Al Mahagil","El Huda",2013,8.11779594421387
"Al Jazirah","Al Mahagil","El Huda",2014,7.13208389282227
"Al Jazirah","Al Mahagil","El Huda",2015,14.2054986953735
"Al Jazirah","Al Mahagil","El Huda",2016,12.1966848373413
"Al Jazirah","Al Mahagil","El Huda",2017,14.5546436309814
"Al Jazirah","Al Mahagil","El Huda",2018,17.0229206085205
"Al Jazirah","Al Mahagil","El Huda",2019,31.711109161377
"Al Jazirah","Al Mahagil","El Huda",2020,41.4738159179688
"Al Jazirah","Al Mahagil","El Huda",2021,45.4044494628906
"Al Jazirah","Al Mahagil","El Huda",2022,82.5995254516602
"Al Jazirah","Al Mahagil","El Huda",2023,80.1485290527344
"Al Jazirah","Al Mahagil","El Huda",2024,3.91757726669312
"Al Jazirah","Al Mahagil","El Kereimet",2012,65.5261688232422
"Al Jazirah","Al Mahagil","El Kereimet",2013,65.5932006835938
"Al Jazirah","Al Mahagil","El Kereimet",2014,96.2478637695312
"Al Jazirah","Al Mahagil","El Kereimet",2015,110.377952575684
"Al Jazirah","Al Mahagil","El Kereimet",2016,123.197761535645
"Al Jazirah","Al Mahagil","El Kereimet",2017,141.118026733398
"Al Jazirah","Al Mahagil","El Kereimet",2018,160.453659057617
"Al Jazirah","Al Mahagil","El Kereimet",2019,183.862197875977
"Al Jazirah","Al Mahagil","El Kereimet",2020,290.963439941406
"Al Jazirah","Al Mahagil","El Kereimet",2021,299.9189453125
"Al Jazirah","Al Mahagil","El Kereimet",2022,354.9794921875
"Al Jazirah","Al Mahagil","El Kereimet",2023,349.680633544922
"Al Jazirah","Al Mahagil","El Kereimet",2024,97.0310897827148
"Al Jazirah","Al Mahagil","El Qurashi",2012,12.710280418396
"Al Jazirah","Al Mahagil","El Qurashi",2013,9.05376625061035
"Al Jazirah","Al Mahagil","El Qurashi",2014,16.3144416809082
"Al Jazirah","Al Mahagil","El Qurashi",2015,31.6598491668701
"Al Jazirah","Al Mahagil","El Qurashi",2016,30.8005123138428
"Al Jazirah","Al Mahagil","El Qurashi",2017,32.6899147033691
"Al Jazirah","Al Mahagil","El Qurashi",2018,42.6303787231445
"Al Jazirah","Al Mahagil","El Qurashi",2019,47.3008346557617
"Al Jazirah","Al Mahagil","El Qurashi",2020,55.4287300109863
"Al Jazirah","Al Mahagil","El Qurashi",2021,54.505428314209
"Al Jazirah","Al Mahagil","El Qurashi",2022,83.7890930175781
"Al Jazirah","Al Mahagil","El Qurashi",2023,98.1402130126953
"Al Jazirah","Al Mahagil","El Qurashi",2024,2.52964544296265
"Al Jazirah","Al Mahagil","El Rakha & El Matori",2012,0.5724236369133
"Al Jazirah","Al Mahagil","El Rakha & El Matori",2013,0
"Al Jazirah","Al Mahagil","El Rakha & El Matori",2014,1.28914475440979
"Al Jazirah","Al Mahagil","El Rakha & El Matori",2015,3.20435500144958
"Al Jazirah","Al Mahagil","El Rakha & El Matori",2016,3.04343175888062
"Al Jazirah","Al Mahagil","El Rakha & El Matori",2017,4.3754734992981
"Al Jazirah","Al Mahagil","El Rakha & El Matori",2018,8.49362564086914
"Al Jazirah","Al Mahagil","El Rakha & El Matori",2019,14.8002576828003
"Al Jazirah","Al Mahagil","El Rakha & El Matori",2020,25.893238067627
"Al Jazirah","Al Mahagil","El Rakha & El Matori",2021,20.4270343780518
"Al Jazirah","Al Mahagil","El Rakha & El Matori",2022,29.9957084655762
"Al Jazirah","Al Mahagil","El Rakha & El Matori",2023,37.2906608581543
"Al Jazirah","Al Mahagil","El Rakha & El Matori",2024,0
"Al Jazirah","Al Mahagil","Ma Tuq",2012,2.30075144767761
"Al Jazirah","Al Mahagil","Ma Tuq",2013,1.96241140365601
"Al Jazirah","Al Mahagil","Ma Tuq",2014,2.65636610984802
"Al Jazirah","Al Mahagil","Ma Tuq",2015,9.49272537231445
"Al Jazirah","Al Mahagil","Ma Tuq",2016,5.74774742126465
"Al Jazirah","Al Mahagil","Ma Tuq",2017,12.675368309021
"Al Jazirah","Al Mahagil","Ma Tuq",2018,18.8008651733398
"Al Jazirah","Al Mahagil","Ma Tuq",2019,24.7604179382324
"Al Jazirah","Al Mahagil","Ma Tuq",2020,30.439037322998
"Al Jazirah","Al Mahagil","Ma Tuq",2021,32.0514526367188
"Al Jazirah","Al Mahagil","Ma Tuq",2022,39.8821487426758
"Al Jazirah","Al Mahagil","Ma Tuq",2023,55.1437149047852
"Al Jazirah","Al Mahagil","Ma Tuq",2024,0
"Al Jazirah","Al Mahagil","Sarhan",2012,1.05391836166382
"Al Jazirah","Al Mahagil","Sarhan",2013,1.37100720405579
"Al Jazirah","Al Mahagil","Sarhan",2014,0.52184921503067
"Al Jazirah","Al Mahagil","Sarhan",2015,1.05559015274048
"Al Jazirah","Al Mahagil","Sarhan",2016,1.02397608757019
"Al Jazirah","Al Mahagil","Sarhan",2017,1.77880072593689
"Al Jazirah","Al Mahagil","Sarhan",2018,2.51867938041687
"Al Jazirah","Al Mahagil","Sarhan",2019,6.15651941299438
"Al Jazirah","Al Mahagil","Sarhan",2020,20.2733268737793
"Al Jazirah","Al Mahagil","Sarhan",2021,17.9594783782959
"Al Jazirah","Al Mahagil","Sarhan",2022,25.7590408325195
"Al Jazirah","Al Mahagil","Sarhan",2023,23.038215637207
"Al Jazirah","Al Mahagil","Sarhan",2024,0
"Al Jazirah","Al Mahagil","Wad Adam",2012,0
"Al Jazirah","Al Mahagil","Wad Adam",2013,0
"Al Jazirah","Al Mahagil","Wad Adam",2014,0.543026149272919
"Al Jazirah","Al Mahagil","Wad Adam",2015,1.83012855052948
"Al Jazirah","Al Mahagil","Wad Adam",2016,1.02236700057983
"Al Jazirah","Al Mahagil","Wad Adam",2017,1.21614074707031
"Al Jazirah","Al Mahagil","Wad Adam",2018,2.97602558135986
"Al Jazirah","Al Mahagil","Wad Adam",2019,4.28673791885376
"Al Jazirah","Al Mahagil","Wad Adam",2020,6.65593004226685
"Al Jazirah","Al Mahagil","Wad Adam",2021,3.95514822006226
"Al Jazirah","Al Mahagil","Wad Adam",2022,7.74932241439819
"Al Jazirah","Al Mahagil","Wad Adam",2023,10.8797550201416
"Al Jazirah","Al Mahagil","Wad Adam",2024,0
"Al Jazirah","East al Gazera","Abu Haraz",2012,95.7522811889648
"Al Jazirah","East al Gazera","Abu Haraz",2013,69.5900039672852
"Al Jazirah","East al Gazera","Abu Haraz",2014,90.5749893188477
"Al Jazirah","East al Gazera","Abu Haraz",2015,124.531341552734
"Al Jazirah","East al Gazera","Abu Haraz",2016,153.577117919922
"Al Jazirah","East al Gazera","Abu Haraz",2017,191.229629516602
"Al Jazirah","East al Gazera","Abu Haraz",2018,220.063003540039
"Al Jazirah","East al Gazera","Abu Haraz",2019,270.059051513672
"Al Jazirah","East al Gazera","Abu Haraz",2020,369.472137451172
"Al Jazirah","East al Gazera","Abu Haraz",2021,392.976135253906
"Al Jazirah","East al Gazera","Abu Haraz",2022,624.835388183594
"Al Jazirah","East al Gazera","Abu Haraz",2023,684.6640625
"Al Jazirah","East al Gazera","Abu Haraz",2024,36.7590141296387
"Al Jazirah","East al Gazera","Barakat",2012,1720.17333984375
"Al Jazirah","East al Gazera","Barakat",2013,1776.224609375
"Al Jazirah","East al Gazera","Barakat",2014,1822.55676269531
"Al Jazirah","East al Gazera","Barakat",2015,2102.30126953125
"Al Jazirah","East al Gazera","Barakat",2016,2204.4814453125
"Al Jazirah","East al Gazera","Barakat",2017,2755.84594726562
"Al Jazirah","East al Gazera","Barakat",2018,3054.7060546875
"Al Jazirah","East al Gazera","Barakat",2019,3094.9560546875
"Al Jazirah","East al Gazera","Barakat",2020,3251.87060546875
"Al Jazirah","East al Gazera","Barakat",2021,3215.3935546875
"Al Jazirah","East al Gazera","Barakat",2022,3907.86962890625
"Al Jazirah","East al Gazera","Barakat",2023,4242.5595703125
"Al Jazirah","East al Gazera","Barakat",2024,1635.51428222656
"Al Jazirah","East al Gazera","Hantub",2012,155.282348632812
"Al Jazirah","East al Gazera","Hantub",2013,150.238952636719
"Al Jazirah","East al Gazera","Hantub",2014,132.821914672852
"Al Jazirah","East al Gazera","Hantub",2015,145.875061035156
"Al Jazirah","East al Gazera","Hantub",2016,122.383918762207
"Al Jazirah","East al Gazera","Hantub",2017,176.903656005859
"Al Jazirah","East al Gazera","Hantub",2018,206.629959106445
"Al Jazirah","East al Gazera","Hantub",2019,181.578369140625
"Al Jazirah","East al Gazera","Hantub",2020,209.226119995117
"Al Jazirah","East al Gazera","Hantub",2021,214.419509887695
"Al Jazirah","East al Gazera","Hantub",2022,317.815185546875
"Al Jazirah","East al Gazera","Hantub",2023,326.635406494141
"Al Jazirah","East al Gazera","Hantub",2024,70.3156433105469
"Al Jazirah","East al Gazera","Shabarga",2012,128.827194213867
"Al Jazirah","East al Gazera","Shabarga",2013,125.24390411377
"Al Jazirah","East al Gazera","Shabarga",2014,139.197616577148
"Al Jazirah","East al Gazera","Shabarga",2015,189.780990600586
"Al Jazirah","East al Gazera","Shabarga",2016,220.676666259766
"Al Jazirah","East al Gazera","Shabarga",2017,272.089508056641
"Al Jazirah","East al Gazera","Shabarga",2018,295.737365722656
"Al Jazirah","East al Gazera","Shabarga",2019,332.135620117188
"Al Jazirah","East al Gazera","Shabarga",2020,422.388854980469
"Al Jazirah","East al Gazera","Shabarga",2021,425.356048583984
"Al Jazirah","East al Gazera","Shabarga",2022,567.302490234375
"Al Jazirah","East al Gazera","Shabarga",2023,642.848083496094
"Al Jazirah","East al Gazera","Shabarga",2024,348.729095458984
"Al Jazirah","East al Gazera","Sharif Ya Qub",2012,378.343811035156
"Al Jazirah","East al Gazera","Sharif Ya Qub",2013,375.171936035156
"Al Jazirah","East al Gazera","Sharif Ya Qub",2014,399.421081542969
"Al Jazirah","East al Gazera","Sharif Ya Qub",2015,517.0791015625
"Al Jazirah","East al Gazera","Sharif Ya Qub",2016,542.650207519531
"Al Jazirah","East al Gazera","Sharif Ya Qub",2017,691.713195800781
"Al Jazirah","East al Gazera","Sharif Ya Qub",2018,844.640502929688
"Al Jazirah","East al Gazera","Sharif Ya Qub",2019,821.38330078125
"Al Jazirah","East al Gazera","Sharif Ya Qub",2020,1004.67358398438
"Al Jazirah","East al Gazera","Sharif Ya Qub",2021,1043.76672363281
"Al Jazirah","East al Gazera","Sharif Ya Qub",2022,1305.0810546875
"Al Jazirah","East al Gazera","Sharif Ya Qub",2023,1336.2470703125
"Al Jazirah","East al Gazera","Sharif Ya Qub",2024,446.213745117188
"Al Jazirah","North al Gazera","Abu Guta",2012,10.6745510101318
"Al Jazirah","North al Gazera","Abu Guta",2013,10.9238319396973
"Al Jazirah","North al Gazera","Abu Guta",2014,11.4159307479858
"Al Jazirah","North al Gazera","Abu Guta",2015,15.3089084625244
"Al Jazirah","North al Gazera","Abu Guta",2016,16.4847316741943
"Al Jazirah","North al Gazera","Abu Guta",2017,21.735523223877
"Al Jazirah","North al Gazera","Abu Guta",2018,30.9357299804688
"Al Jazirah","North al Gazera","Abu Guta",2019,39.0002670288086
"Al Jazirah","North al Gazera","Abu Guta",2020,55.2425308227539
"Al Jazirah","North al Gazera","Abu Guta",2021,60.8727874755859
"Al Jazirah","North al Gazera","Abu Guta",2022,95.7390594482422
"Al Jazirah","North al Gazera","Abu Guta",2023,84.6029205322266
"Al Jazirah","North al Gazera","Abu Guta",2024,34.6579208374023
"Al Jazirah","North al Gazera","El Hasaheisa",2012,383.209136962891
"Al Jazirah","North al Gazera","El Hasaheisa",2013,381.808166503906
"Al Jazirah","North al Gazera","El Hasaheisa",2014,486.961181640625
"Al Jazirah","North al Gazera","El Hasaheisa",2015,546.325073242188
"Al Jazirah","North al Gazera","El Hasaheisa",2016,563.498840332031
"Al Jazirah","North al Gazera","El Hasaheisa",2017,679.171691894531
"Al Jazirah","North al Gazera","El Hasaheisa",2018,766.579345703125
"Al Jazirah","North al Gazera","El Hasaheisa",2019,872.709655761719
"Al Jazirah","North al Gazera","El Hasaheisa",2020,1053.79016113281
"Al Jazirah","North al Gazera","El Hasaheisa",2021,1055.13830566406
"Al Jazirah","North al Gazera","El Hasaheisa",2022,1326.5517578125
"Al Jazirah","North al Gazera","El Hasaheisa",2023,1275.63171386719
"Al Jazirah","North al Gazera","El Hasaheisa",2024,1023.07421875
"Al Jazirah","North al Gazera","El Mesellmiya",2012,3.78271746635437
"Al Jazirah","North al Gazera","El Mesellmiya",2013,2.55750107765198
"Al Jazirah","North al Gazera","El Mesellmiya",2014,4.16485214233398
"Al Jazirah","North al Gazera","El Mesellmiya",2015,8.81755924224854
"Al Jazirah","North al Gazera","El Mesellmiya",2016,8.48442649841309
"Al Jazirah","North al Gazera","El Mesellmiya",2017,13.6987791061401
"Al Jazirah","North al Gazera","El Mesellmiya",2018,17.8542232513428
"Al Jazirah","North al Gazera","El Mesellmiya",2019,32.6668319702148
"Al Jazirah","North al Gazera","El Mesellmiya",2020,43.2603607177734
"Al Jazirah","North al Gazera","El Mesellmiya",2021,45.2934494018555
"Al Jazirah","North al Gazera","El Mesellmiya",2022,80.5187911987305
"Al Jazirah","North al Gazera","El Mesellmiya",2023,90.1877670288086
"Al Jazirah","North al Gazera","El Mesellmiya",2024,8.39044666290283
"Al Jazirah","North al Gazera","Er Riba",2012,2.70882272720337
"Al Jazirah","North al Gazera","Er Riba",2013,1.35246121883392
"Al Jazirah","North al Gazera","Er Riba",2014,3.94651532173157
"Al Jazirah","North al Gazera","Er Riba",2015,7.59319829940796
"Al Jazirah","North al Gazera","Er Riba",2016,8.35342407226562
"Al Jazirah","North al Gazera","Er Riba",2017,12.7417964935303
"Al Jazirah","North al Gazera","Er Riba",2018,22.2841739654541
"Al Jazirah","North al Gazera","Er Riba",2019,28.8804607391357
"Al Jazirah","North al Gazera","Er Riba",2020,52.2844429016113
"Al Jazirah","North al Gazera","Er Riba",2021,52.6003303527832
"Al Jazirah","North al Gazera","Er Riba",2022,67.2031631469727
"Al Jazirah","North al Gazera","Er Riba",2023,49.2458038330078
"Al Jazirah","North al Gazera","Er Riba",2024,10.3201160430908
"Al Jazirah","North al Gazera","Meheiriba",2012,43.2053642272949
"Al Jazirah","North al Gazera","Meheiriba",2013,33.9151725769043
"Al Jazirah","North al Gazera","Meheiriba",2014,43.7544059753418
"Al Jazirah","North al Gazera","Meheiriba",2015,64.1760635375977
"Al Jazirah","North al Gazera","Meheiriba",2016,66.524284362793
"Al Jazirah","North al Gazera","Meheiriba",2017,70.8549041748047
"Al Jazirah","North al Gazera","Meheiriba",2018,92.9485321044922
"Al Jazirah","North al Gazera","Meheiriba",2019,139.512939453125
"Al Jazirah","North al Gazera","Meheiriba",2020,223.761016845703
"Al Jazirah","North al Gazera","Meheiriba",2021,223.862670898438
"Al Jazirah","North al Gazera","Meheiriba",2022,295.223968505859
"Al Jazirah","North al Gazera","Meheiriba",2023,332.686920166016
"Al Jazirah","North al Gazera","Meheiriba",2024,100.548004150391
"Al Jazirah","North al Gazera","Wad Haboba",2012,85.7785797119141
"Al Jazirah","North al Gazera","Wad Haboba",2013,101.117614746094
"Al Jazirah","North al Gazera","Wad Haboba",2014,97.4821472167969
"Al Jazirah","North al Gazera","Wad Haboba",2015,108.375259399414
"Al Jazirah","North al Gazera","Wad Haboba",2016,98.7365036010742
"Al Jazirah","North al Gazera","Wad Haboba",2017,107.355407714844
"Al Jazirah","North al Gazera","Wad Haboba",2018,119.191284179688
"Al Jazirah","North al Gazera","Wad Haboba",2019,151.845794677734
"Al Jazirah","North al Gazera","Wad Haboba",2020,225.4208984375
"Al Jazirah","North al Gazera","Wad Haboba",2021,263.274780273438
"Al Jazirah","North al Gazera","Wad Haboba",2022,387.113586425781
"Al Jazirah","North al Gazera","Wad Haboba",2023,394.025268554688
"Al Jazirah","North al Gazera","Wad Haboba",2024,182.036026000977
"Al Jazirah","Sharq al Gazera","Eg Geneid",2012,395.747253417969
"Al Jazirah","Sharq al Gazera","Eg Geneid",2013,333.103576660156
"Al Jazirah","Sharq al Gazera","Eg Geneid",2014,334.880340576172
"Al Jazirah","Sharq al Gazera","Eg Geneid",2015,380.261505126953
"Al Jazirah","Sharq al Gazera","Eg Geneid",2016,342.818084716797
"Al Jazirah","Sharq al Gazera","Eg Geneid",2017,419.167205810547
"Al Jazirah","Sharq al Gazera","Eg Geneid",2018,427.951782226562
"Al Jazirah","Sharq al Gazera","Eg Geneid",2019,485.096832275391
"Al Jazirah","Sharq al Gazera","Eg Geneid",2020,596.749633789062
"Al Jazirah","Sharq al Gazera","Eg Geneid",2021,641.625122070312
"Al Jazirah","Sharq al Gazera","Eg Geneid",2022,849.180541992188
"Al Jazirah","Sharq al Gazera","Eg Geneid",2023,892.873596191406
"Al Jazirah","Sharq al Gazera","Eg Geneid",2024,389.371124267578
"Al Jazirah","Sharq al Gazera","Eidag",2012,67.5974731445312
"Al Jazirah","Sharq al Gazera","Eidag",2013,73.9191818237305
"Al Jazirah","Sharq al Gazera","Eidag",2014,91.7590713500977
"Al Jazirah","Sharq al Gazera","Eidag",2015,115.607475280762
"Al Jazirah","Sharq al Gazera","Eidag",2016,111.152320861816
"Al Jazirah","Sharq al Gazera","Eidag",2017,139.368103027344
"Al Jazirah","Sharq al Gazera","Eidag",2018,165.223999023438
"Al Jazirah","Sharq al Gazera","Eidag",2019,226.351638793945
"Al Jazirah","Sharq al Gazera","Eidag",2020,312.477752685547
"Al Jazirah","Sharq al Gazera","Eidag",2021,327.870849609375
"Al Jazirah","Sharq al Gazera","Eidag",2022,433.220397949219
"Al Jazirah","Sharq al Gazera","Eidag",2023,478.246551513672
"Al Jazirah","Sharq al Gazera","Eidag",2024,198.210144042969
"Al Jazirah","Sharq al Gazera","Rufaa",2012,190.936721801758
"Al Jazirah","Sharq al Gazera","Rufaa",2013,192.893737792969
"Al Jazirah","Sharq al Gazera","Rufaa",2014,412.111328125
"Al Jazirah","Sharq al Gazera","Rufaa",2015,439.223358154297
"Al Jazirah","Sharq al Gazera","Rufaa",2016,292.095733642578
"Al Jazirah","Sharq al Gazera","Rufaa",2017,365.452026367188
"Al Jazirah","Sharq al Gazera","Rufaa",2018,437.499359130859
"Al Jazirah","Sharq al Gazera","Rufaa",2019,592.523803710938
"Al Jazirah","Sharq al Gazera","Rufaa",2020,713.781433105469
"Al Jazirah","Sharq al Gazera","Rufaa",2021,728.428405761719
"Al Jazirah","Sharq al Gazera","Rufaa",2022,1061.40466308594
"Al Jazirah","Sharq al Gazera","Rufaa",2023,1205.66540527344
"Al Jazirah","Sharq al Gazera","Rufaa",2024,587.675537109375
"Al Jazirah","Sharq al Gazera","Tambul",2012,36.841609954834
"Al Jazirah","Sharq al Gazera","Tambul",2013,25.6327724456787
"Al Jazirah","Sharq al Gazera","Tambul",2014,25.3096141815186
"Al Jazirah","Sharq al Gazera","Tambul",2015,42.945686340332
"Al Jazirah","Sharq al Gazera","Tambul",2016,47.8518295288086
"Al Jazirah","Sharq al Gazera","Tambul",2017,58.7742958068848
"Al Jazirah","Sharq al Gazera","Tambul",2018,75.2785491943359
"Al Jazirah","Sharq al Gazera","Tambul",2019,99.75
"Al Jazirah","Sharq al Gazera","Tambul",2020,154.644271850586
"Al Jazirah","Sharq al Gazera","Tambul",2021,172.042358398438
"Al Jazirah","Sharq al Gazera","Tambul",2022,245.590316772461
"Al Jazirah","Sharq al Gazera","Tambul",2023,280.097076416016
"Al Jazirah","Sharq al Gazera","Tambul",2024,112.100601196289
"Al Jazirah","South al Gazera","Abud",2012,93.8440780639648
"Al Jazirah","South al Gazera","Abud",2013,91.9711380004883
"Al Jazirah","South al Gazera","Abud",2014,120.554786682129
"Al Jazirah","South al Gazera","Abud",2015,162.425704956055
"Al Jazirah","South al Gazera","Abud",2016,177.814056396484
"Al Jazirah","South al Gazera","Abud",2017,209.375198364258
"Al Jazirah","South al Gazera","Abud",2018,243.155410766602
"Al Jazirah","South al Gazera","Abud",2019,279.794158935547
"Al Jazirah","South al Gazera","Abud",2020,469.281402587891
"Al Jazirah","South al Gazera","Abud",2021,431.593231201172
"Al Jazirah","South al Gazera","Abud",2022,530.366882324219
"Al Jazirah","South al Gazera","Abud",2023,547.346435546875
"Al Jazirah","South al Gazera","Abud",2024,188.306671142578
"Al Jazirah","South al Gazera","El Gamusi",2012,2.50790643692017
"Al Jazirah","South al Gazera","El Gamusi",2013,4.40260028839111
"Al Jazirah","South al Gazera","El Gamusi",2014,6.47406768798828
"Al Jazirah","South al Gazera","El Gamusi",2015,9.75473022460938
"Al Jazirah","South al Gazera","El Gamusi",2016,9.43956184387207
"Al Jazirah","South al Gazera","El Gamusi",2017,13.5512371063232
"Al Jazirah","South al Gazera","El Gamusi",2018,17.135232925415
"Al Jazirah","South al Gazera","El Gamusi",2019,21.4718246459961
"Al Jazirah","South al Gazera","El Gamusi",2020,23.2615451812744
"Al Jazirah","South al Gazera","El Gamusi",2021,17.766752243042
"Al Jazirah","South al Gazera","El Gamusi",2022,26.1044464111328
"Al Jazirah","South al Gazera","El Gamusi",2023,23.8499870300293
"Al Jazirah","South al Gazera","El Gamusi",2024,0
"Al Jazirah","South al Gazera","Kedeibat",2012,0
"Al Jazirah","South al Gazera","Kedeibat",2013,0
"Al Jazirah","South al Gazera","Kedeibat",2014,0
"Al Jazirah","South al Gazera","Kedeibat",2015,0
"Al Jazirah","South al Gazera","Kedeibat",2016,0
"Al Jazirah","South al Gazera","Kedeibat",2017,1.37084364891052
"Al Jazirah","South al Gazera","Kedeibat",2018,0
"Al Jazirah","South al Gazera","Kedeibat",2019,3.9323103427887
"Al Jazirah","South al Gazera","Kedeibat",2020,7.51387119293213
"Al Jazirah","South al Gazera","Kedeibat",2021,4.61006641387939
"Al Jazirah","South al Gazera","Kedeibat",2022,14.1007013320923
"Al Jazirah","South al Gazera","Kedeibat",2023,9.87401008605957
"Al Jazirah","South al Gazera","Kedeibat",2024,0
"Al Jazirah","South al Gazera","Wad El Libeih",2012,5.61826038360596
"Al Jazirah","South al Gazera","Wad El Libeih",2013,1.32252740859985
"Al Jazirah","South al Gazera","Wad El Libeih",2014,1.73238825798035
"Al Jazirah","South al Gazera","Wad El Libeih",2015,5.58374834060669
"Al Jazirah","South al Gazera","Wad El Libeih",2016,2.48889803886414
"Al Jazirah","South al Gazera","Wad El Libeih",2017,4.58984184265137
"Al Jazirah","South al Gazera","Wad El Libeih",2018,4.35947179794312
"Al Jazirah","South al Gazera","Wad El Libeih",2019,4.21469974517822
"Al Jazirah","South al Gazera","Wad El Libeih",2020,14.8104104995728
"Al Jazirah","South al Gazera","Wad El Libeih",2021,17.8196144104004
"Al Jazirah","South al Gazera","Wad El Libeih",2022,31.3411979675293
"Al Jazirah","South al Gazera","Wad El Libeih",2023,30.6819000244141
"Al Jazirah","South al Gazera","Wad El Libeih",2024,4.44520139694214
"Al Jazirah","Um Al Gura","El Hosh",2012,23.0240058898926
"Al Jazirah","Um Al Gura","El Hosh",2013,27.1868648529053
"Al Jazirah","Um Al Gura","El Hosh",2014,25.4916114807129
"Al Jazirah","Um Al Gura","El Hosh",2015,44.7444229125977
"Al Jazirah","Um Al Gura","El Hosh",2016,53.4268188476562
"Al Jazirah","Um Al Gura","El Hosh",2017,64.093620300293
"Al Jazirah","Um Al Gura","El Hosh",2018,71.8018569946289
"Al Jazirah","Um Al Gura","El Hosh",2019,103.529342651367
"Al Jazirah","Um Al Gura","El Hosh",2020,157.363830566406
"Al Jazirah","Um Al Gura","El Hosh",2021,163.570129394531
"Al Jazirah","Um Al Gura","El Hosh",2022,252.696701049805
"Al Jazirah","Um Al Gura","El Hosh",2023,338.696685791016
"Al Jazirah","Um Al Gura","El Hosh",2024,30.6520843505859
"Al Jazirah","Um Al Gura","El Madina Arab",2012,31.4468193054199
"Al Jazirah","Um Al Gura","El Madina Arab",2013,31.3013305664062
"Al Jazirah","Um Al Gura","El Madina Arab",2014,38.0455474853516
"Al Jazirah","Um Al Gura","El Madina Arab",2015,49.1506576538086
"Al Jazirah","Um Al Gura","El Madina Arab",2016,54.6232795715332
"Al Jazirah","Um Al Gura","El Madina Arab",2017,65.5115966796875
"Al Jazirah","Um Al Gura","El Madina Arab",2018,74.1998443603516
"Al Jazirah","Um Al Gura","El Madina Arab",2019,95.1826553344727
"Al Jazirah","Um Al Gura","El Madina Arab",2020,118.225517272949
"Al Jazirah","Um Al Gura","El Madina Arab",2021,120.171058654785
"Al Jazirah","Um Al Gura","El Madina Arab",2022,181.949401855469
"Al Jazirah","Um Al Gura","El Madina Arab",2023,188.732940673828
"Al Jazirah","Um Al Gura","El Madina Arab",2024,2.75146293640137
"Al Jazirah","Um Al Gura","Hag Abdalla",2012,12.1792669296265
"Al Jazirah","Um Al Gura","Hag Abdalla",2013,10.1217889785767
"Al Jazirah","Um Al Gura","Hag Abdalla",2014,14.398491859436
"Al Jazirah","Um Al Gura","Hag Abdalla",2015,20.4953556060791
"Al Jazirah","Um Al Gura","Hag Abdalla",2016,18.9850444793701
"Al Jazirah","Um Al Gura","Hag Abdalla",2017,25.1356086730957
"Al Jazirah","Um Al Gura","Hag Abdalla",2018,21.6604557037354
"Al Jazirah","Um Al Gura","Hag Abdalla",2019,32.1512336730957
"Al Jazirah","Um Al Gura","Hag Abdalla",2020,64.1034088134766
"Al Jazirah","Um Al Gura","Hag Abdalla",2021,64.6657333374023
"Al Jazirah","Um Al Gura","Hag Abdalla",2022,90.80078125
"Al Jazirah","Um Al Gura","Hag Abdalla",2023,102.776641845703
"Al Jazirah","Um Al Gura","Hag Abdalla",2024,6.61633110046387
"Al Jazirah","Um Al Gura","Tayba",2012,64.8569030761719
"Al Jazirah","Um Al Gura","Tayba",2013,67.7877807617188
"Al Jazirah","Um Al Gura","Tayba",2014,74.5173721313477
"Al Jazirah","Um Al Gura","Tayba",2015,100.315414428711
"Al Jazirah","Um Al Gura","Tayba",2016,105.122520446777
"Al Jazirah","Um Al Gura","Tayba",2017,129.035446166992
"Al Jazirah","Um Al Gura","Tayba",2018,138.244491577148
"Al Jazirah","Um Al Gura","Tayba",2019,164.800430297852
"Al Jazirah","Um Al Gura","Tayba",2020,226.517379760742
"Al Jazirah","Um Al Gura","Tayba",2021,227.060272216797
"Al Jazirah","Um Al Gura","Tayba",2022,314.303894042969
"Al Jazirah","Um Al Gura","Tayba",2023,310.529235839844
"Al Jazirah","Um Al Gura","Tayba",2024,45.1780166625977
"Al Jazirah","Um Al Gura","Wad Al Hadad",2012,13.4357509613037
"Al Jazirah","Um Al Gura","Wad Al Hadad",2013,12.5516681671143
"Al Jazirah","Um Al Gura","Wad Al Hadad",2014,13.9505081176758
"Al Jazirah","Um Al Gura","Wad Al Hadad",2015,22.5103034973145
"Al Jazirah","Um Al Gura","Wad Al Hadad",2016,20.1728839874268
"Al Jazirah","Um Al Gura","Wad Al Hadad",2017,19.6393375396729
"Al Jazirah","Um Al Gura","Wad Al Hadad",2018,21.3971424102783
"Al Jazirah","Um Al Gura","Wad Al Hadad",2019,30.6837005615234
"Al Jazirah","Um Al Gura","Wad Al Hadad",2020,44.1965179443359
"Al Jazirah","Um Al Gura","Wad Al Hadad",2021,45.5552558898926
"Al Jazirah","Um Al Gura","Wad Al Hadad",2022,74.0642929077148
"Al Jazirah","Um Al Gura","Wad Al Hadad",2023,79.2716217041016
"Al Jazirah","Um Al Gura","Wad Al Hadad",2024,3.60788917541504
"Al Jazirah","Um Al Gura","Wad En Naim",2012,124.913696289062
"Al Jazirah","Um Al Gura","Wad En Naim",2013,125.32740020752
"Al Jazirah","Um Al Gura","Wad En Naim",2014,145.35791015625
"Al Jazirah","Um Al Gura","Wad En Naim",2015,189.509811401367
"Al Jazirah","Um Al Gura","Wad En Naim",2016,198.73127746582
"Al Jazirah","Um Al Gura","Wad En Naim",2017,227.892608642578
"Al Jazirah","Um Al Gura","Wad En Naim",2018,252.950729370117
"Al Jazirah","Um Al Gura","Wad En Naim",2019,273.474822998047
"Al Jazirah","Um Al Gura","Wad En Naim",2020,363.353149414062
"Al Jazirah","Um Al Gura","Wad En Naim",2021,366.414184570312
"Al Jazirah","Um Al Gura","Wad En Naim",2022,534.016967773438
"Al Jazirah","Um Al Gura","Wad En Naim",2023,555.289367675781
"Al Jazirah","Um Al Gura","Wad En Naim",2024,169.13932800293
"Al Jazirah","Um Al Gura","Wad Raiya",2012,4.58721590042114
"Al Jazirah","Um Al Gura","Wad Raiya",2013,3.25672388076782
"Al Jazirah","Um Al Gura","Wad Raiya",2014,2.80298519134521
"Al Jazirah","Um Al Gura","Wad Raiya",2015,4.94875049591064
"Al Jazirah","Um Al Gura","Wad Raiya",2016,8.20635795593262
"Al Jazirah","Um Al Gura","Wad Raiya",2017,9.94234848022461
"Al Jazirah","Um Al Gura","Wad Raiya",2018,16.5758724212646
"Al Jazirah","Um Al Gura","Wad Raiya",2019,20.8543930053711
"Al Jazirah","Um Al Gura","Wad Raiya",2020,40.5867576599121
"Al Jazirah","Um Al Gura","Wad Raiya",2021,45.3220520019531
"Al Jazirah","Um Al Gura","Wad Raiya",2022,88.449089050293
"Al Jazirah","Um Al Gura","Wad Raiya",2023,77.2670516967773
"Al Jazirah","Um Al Gura","Wad Raiya",2024,0
"Al Qadarif","Al Faw","El Butana",2012,0
"Al Qadarif","Al Faw","El Butana",2013,0
"Al Qadarif","Al Faw","El Butana",2014,3.75475668907166
"Al Qadarif","Al Faw","El Butana",2015,14.3031435012817
"Al Qadarif","Al Faw","El Butana",2016,71.0972518920898
"Al Qadarif","Al Faw","El Butana",2017,57.9587860107422
"Al Qadarif","Al Faw","El Butana",2018,62.1735191345215
"Al Qadarif","Al Faw","El Butana",2019,53.2342338562012
"Al Qadarif","Al Faw","El Butana",2020,35.6798362731934
"Al Qadarif","Al Faw","El Butana",2021,34.4455413818359
"Al Qadarif","Al Faw","El Butana",2022,61.7973289489746
"Al Qadarif","Al Faw","El Butana",2023,80.4853210449219
"Al Qadarif","Al Faw","El Butana",2024,66.462272644043
"Al Qadarif","Al Faw","Shuwak",2012,43.0558967590332
"Al Qadarif","Al Faw","Shuwak",2013,29.541431427002
"Al Qadarif","Al Faw","Shuwak",2014,34.5144653320312
"Al Qadarif","Al Faw","Shuwak",2015,47.0322113037109
"Al Qadarif","Al Faw","Shuwak",2016,39.4950180053711
"Al Qadarif","Al Faw","Shuwak",2017,40.0763702392578
"Al Qadarif","Al Faw","Shuwak",2018,45.5900115966797
"Al Qadarif","Al Faw","Shuwak",2019,64.135139465332
"Al Qadarif","Al Faw","Shuwak",2020,78.3828201293945
"Al Qadarif","Al Faw","Shuwak",2021,83.4843673706055
"Al Qadarif","Al Faw","Shuwak",2022,105.234092712402
"Al Qadarif","Al Faw","Shuwak",2023,130.802764892578
"Al Qadarif","Al Faw","Shuwak",2024,142.957870483398
"Al Qadarif","Al Fushqa","Khashm El Girba",2012,88.4378433227539
"Al Qadarif","Al Fushqa","Khashm El Girba",2013,78.9347534179688
"Al Qadarif","Al Fushqa","Khashm El Girba",2014,76.8469924926758
"Al Qadarif","Al Fushqa","Khashm El Girba",2015,97.7696228027344
"Al Qadarif","Al Fushqa","Khashm El Girba",2016,93.5575256347656
"Al Qadarif","Al Fushqa","Khashm El Girba",2017,98.7478790283203
"Al Qadarif","Al Fushqa","Khashm El Girba",2018,123.910850524902
"Al Qadarif","Al Fushqa","Khashm El Girba",2019,135.863998413086
"Al Qadarif","Al Fushqa","Khashm El Girba",2020,178.539840698242
"Al Qadarif","Al Fushqa","Khashm El Girba",2021,201.421478271484
"Al Qadarif","Al Fushqa","Khashm El Girba",2022,260.330749511719
"Al Qadarif","Al Fushqa","Khashm El Girba",2023,346.245941162109
"Al Qadarif","Al Fushqa","Khashm El Girba",2024,440.111389160156
"Al Qadarif","Al Fushqa","Wad El Heilu",2012,1737.1123046875
"Al Qadarif","Al Fushqa","Wad El Heilu",2013,1897.84326171875
"Al Qadarif","Al Fushqa","Wad El Heilu",2014,1351.35900878906
"Al Qadarif","Al Fushqa","Wad El Heilu",2015,704.076599121094
"Al Qadarif","Al Fushqa","Wad El Heilu",2016,674.6865234375
"Al Qadarif","Al Fushqa","Wad El Heilu",2017,590.363464355469
"Al Qadarif","Al Fushqa","Wad El Heilu",2018,646.787048339844
"Al Qadarif","Al Fushqa","Wad El Heilu",2019,691.045593261719
"Al Qadarif","Al Fushqa","Wad El Heilu",2020,552.245971679688
"Al Qadarif","Al Fushqa","Wad El Heilu",2021,462.134765625
"Al Qadarif","Al Fushqa","Wad El Heilu",2022,525.019348144531
"Al Qadarif","Al Fushqa","Wad El Heilu",2023,493.269287109375
"Al Qadarif","Al Fushqa","Wad El Heilu",2024,391.795349121094
"Al Qadarif","Al Gadaref","Unknown_3",2012,782.148254394531
"Al Qadarif","Al Gadaref","Unknown_3",2013,944.152770996094
"Al Qadarif","Al Gadaref","Unknown_3",2014,1039.18408203125
"Al Qadarif","Al Gadaref","Unknown_3",2015,1218.47021484375
"Al Qadarif","Al Gadaref","Unknown_3",2016,1291.81164550781
"Al Qadarif","Al Gadaref","Unknown_3",2017,1367.27551269531
"Al Qadarif","Al Gadaref","Unknown_3",2018,1560.36193847656
"Al Qadarif","Al Gadaref","Unknown_3",2019,1848.28955078125
"Al Qadarif","Al Gadaref","Unknown_3",2020,2302.40356445312
"Al Qadarif","Al Gadaref","Unknown_3",2021,2206.01098632812
"Al Qadarif","Al Gadaref","Unknown_3",2022,2921.77368164062
"Al Qadarif","Al Gadaref","Unknown_3",2023,3523.63549804688
"Al Qadarif","Al Gadaref","Unknown_3",2024,3740.8095703125
"Al Qadarif","Al Galabat","Doka",2012,0.340503633022308
"Al Qadarif","Al Galabat","Doka",2013,4.0296459197998
"Al Qadarif","Al Galabat","Doka",2014,5.0954737663269
"Al Qadarif","Al Galabat","Doka",2015,4.35684204101562
"Al Qadarif","Al Galabat","Doka",2016,5.25530910491943
"Al Qadarif","Al Galabat","Doka",2017,2.39080286026001
"Al Qadarif","Al Galabat","Doka",2018,2.50633072853088
"Al Qadarif","Al Galabat","Doka",2019,1.91544938087463
"Al Qadarif","Al Galabat","Doka",2020,0.91942024230957
"Al Qadarif","Al Galabat","Doka",2021,0.306698471307755
"Al Qadarif","Al Galabat","Doka",2022,0.883870184421539
"Al Qadarif","Al Galabat","Doka",2023,2.10624670982361
"Al Qadarif","Al Galabat","Doka",2024,0.292630732059479
"Al Qadarif","Al Galabat","El Mogran",2012,4.30479907989502
"Al Qadarif","Al Galabat","El Mogran",2013,5.64973020553589
"Al Qadarif","Al Galabat","El Mogran",2014,7.55563688278198
"Al Qadarif","Al Galabat","El Mogran",2015,10.8751277923584
"Al Qadarif","Al Galabat","El Mogran",2016,131.945999145508
"Al Qadarif","Al Galabat","El Mogran",2017,143.803421020508
"Al Qadarif","Al Galabat","El Mogran",2018,142.838424682617
"Al Qadarif","Al Galabat","El Mogran",2019,181.917510986328
"Al Qadarif","Al Galabat","El Mogran",2020,166.291229248047
"Al Qadarif","Al Galabat","El Mogran",2021,112.861663818359
"Al Qadarif","Al Galabat","El Mogran",2022,100.446937561035
"Al Qadarif","Al Galabat","El Mogran",2023,152.044235229492
"Al Qadarif","Al Galabat","El Mogran",2024,151.022796630859
"Al Qadarif","Al Galabat","Kassab",2012,2.29042053222656
"Al Qadarif","Al Galabat","Kassab",2013,4.81307363510132
"Al Qadarif","Al Galabat","Kassab",2014,15.1665878295898
"Al Qadarif","Al Galabat","Kassab",2015,19.5312042236328
"Al Qadarif","Al Galabat","Kassab",2016,22.2591991424561
"Al Qadarif","Al Galabat","Kassab",2017,23.8555316925049
"Al Qadarif","Al Galabat","Kassab",2018,29.5782108306885
"Al Qadarif","Al Galabat","Kassab",2019,37.0774345397949
"Al Qadarif","Al Galabat","Kassab",2020,43.7754440307617
"Al Qadarif","Al Galabat","Kassab",2021,38.6923484802246
"Al Qadarif","Al Galabat","Kassab",2022,56.362850189209
"Al Qadarif","Al Galabat","Kassab",2023,63.1964950561523
"Al Qadarif","Al Galabat","Kassab",2024,63.3056678771973
"Al Qadarif","Al Rahd","Al Faw",2012,114.224609375
"Al Qadarif","Al Rahd","Al Faw",2013,101.657012939453
"Al Qadarif","Al Rahd","Al Faw",2014,251.967300415039
"Al Qadarif","Al Rahd","Al Faw",2015,347.129089355469
"Al Qadarif","Al Rahd","Al Faw",2016,360.896545410156
"Al Qadarif","Al Rahd","Al Faw",2017,494.739166259766
"Al Qadarif","Al Rahd","Al Faw",2018,448.861999511719
"Al Qadarif","Al Rahd","Al Faw",2019,470.261932373047
"Al Qadarif","Al Rahd","Al Faw",2020,441.313262939453
"Al Qadarif","Al Rahd","Al Faw",2021,429.477233886719
"Al Qadarif","Al Rahd","Al Faw",2022,585.730285644531
"Al Qadarif","Al Rahd","Al Faw",2023,676.078308105469
"Al Qadarif","Al Rahd","Al Faw",2024,665.58056640625
"Al Qadarif","Al Rahd","El Hawat",2012,23.1999588012695
"Al Qadarif","Al Rahd","El Hawat",2013,26.8510627746582
"Al Qadarif","Al Rahd","El Hawat",2014,27.1893424987793
"Al Qadarif","Al Rahd","El Hawat",2015,44.4306488037109
"Al Qadarif","Al Rahd","El Hawat",2016,58.9651489257812
"Al Qadarif","Al Rahd","El Hawat",2017,97.7118225097656
"Al Qadarif","Al Rahd","El Hawat",2018,125.539398193359
"Al Qadarif","Al Rahd","El Hawat",2019,195.866790771484
"Al Qadarif","Al Rahd","El Hawat",2020,205.480453491211
"Al Qadarif","Al Rahd","El Hawat",2021,211.664657592773
"Al Qadarif","Al Rahd","El Hawat",2022,223.880523681641
"Al Qadarif","Al Rahd","El Hawat",2023,272.5
"Al Qadarif","Al Rahd","El Hawat",2024,301.254516601562
"Al Qadarif","Al Rahd","El Mafaza",2012,15.6306972503662
"Al Qadarif","Al Rahd","El Mafaza",2013,10.3895034790039
"Al Qadarif","Al Rahd","El Mafaza",2014,8.47252750396729
"Al Qadarif","Al Rahd","El Mafaza",2015,9.80117321014404
"Al Qadarif","Al Rahd","El Mafaza",2016,11.5744295120239
"Al Qadarif","Al Rahd","El Mafaza",2017,39.9356918334961
"Al Qadarif","Al Rahd","El Mafaza",2018,56.092170715332
"Al Qadarif","Al Rahd","El Mafaza",2019,92.0125350952148
"Al Qadarif","Al Rahd","El Mafaza",2020,77.703971862793
"Al Qadarif","Al Rahd","El Mafaza",2021,70.0986709594727
"Al Qadarif","Al Rahd","El Mafaza",2022,71.8654479980469
"Al Qadarif","Al Rahd","El Mafaza",2023,70.7425842285156
"Al Qadarif","Al Rahd","El Mafaza",2024,72.7056655883789
"Al Qadarif","Al Rahd","Qala El Nahl",2012,0
"Al Qadarif","Al Rahd","Qala El Nahl",2013,0
"Al Qadarif","Al Rahd","Qala El Nahl",2014,0
"Al Qadarif","Al Rahd","Qala El Nahl",2015,0
"Al Qadarif","Al Rahd","Qala El Nahl",2016,0
"Al Qadarif","Al Rahd","Qala El Nahl",2017,10.6108093261719
"Al Qadarif","Al Rahd","Qala El Nahl",2018,16.1144218444824
"Al Qadarif","Al Rahd","Qala El Nahl",2019,8.04036235809326
"Al Qadarif","Al Rahd","Qala El Nahl",2020,1.18138384819031
"Al Qadarif","Al Rahd","Qala El Nahl",2021,1.09458255767822
"Al Qadarif","Al Rahd","Qala El Nahl",2022,6.54223203659058
"Al Qadarif","Al Rahd","Qala El Nahl",2023,23.7517929077148
"Al Qadarif","Al Rahd","Qala El Nahl",2024,31.0216579437256
"Blue Nile","Ad Damazin","Ed Damazin",2012,399.433746337891
"Blue Nile","Ad Damazin","Ed Damazin",2013,405.973205566406
"Blue Nile","Ad Damazin","Ed Damazin",2014,442.305999755859
"Blue Nile","Ad Damazin","Ed Damazin",2015,519.435119628906
"Blue Nile","Ad Damazin","Ed Damazin",2016,580.219299316406
"Blue Nile","Ad Damazin","Ed Damazin",2017,760.913696289062
"Blue Nile","Ad Damazin","Ed Damazin",2018,981.164672851562
"Blue Nile","Ad Damazin","Ed Damazin",2019,1074.40161132812
"Blue Nile","Ad Damazin","Ed Damazin",2020,1265.04650878906
"Blue Nile","Ad Damazin","Ed Damazin",2021,1300.27954101562
"Blue Nile","Ad Damazin","Ed Damazin",2022,1482.38806152344
"Blue Nile","Ad Damazin","Ed Damazin",2023,1706.66284179688
"Blue Nile","Ad Damazin","Ed Damazin",2024,1871.060546875
"Blue Nile","Al Kurumik","Kurumuk",2012,0
"Blue Nile","Al Kurumik","Kurumuk",2013,0
"Blue Nile","Al Kurumik","Kurumuk",2014,0
"Blue Nile","Al Kurumik","Kurumuk",2015,0
"Blue Nile","Al Kurumik","Kurumuk",2016,0
"Blue Nile","Al Kurumik","Kurumuk",2017,0
"Blue Nile","Al Kurumik","Kurumuk",2018,0
"Blue Nile","Al Kurumik","Kurumuk",2019,0
"Blue Nile","Al Kurumik","Kurumuk",2020,0
"Blue Nile","Al Kurumik","Kurumuk",2021,0
"Blue Nile","Al Kurumik","Kurumuk",2022,0
"Blue Nile","Al Kurumik","Kurumuk",2023,0
"Blue Nile","Al Kurumik","Kurumuk",2024,0
"Blue Nile","Al Kurumik","Ora",2012,0
"Blue Nile","Al Kurumik","Ora",2013,0
"Blue Nile","Al Kurumik","Ora",2014,0
"Blue Nile","Al Kurumik","Ora",2015,0
"Blue Nile","Al Kurumik","Ora",2016,0
"Blue Nile","Al Kurumik","Ora",2017,0
"Blue Nile","Al Kurumik","Ora",2018,0
"Blue Nile","Al Kurumik","Ora",2019,0
"Blue Nile","Al Kurumik","Ora",2020,0
"Blue Nile","Al Kurumik","Ora",2021,0
"Blue Nile","Al Kurumik","Ora",2022,0
"Blue Nile","Al Kurumik","Ora",2023,0
"Blue Nile","Al Kurumik","Ora",2024,0
"Blue Nile","Al Roseires","Er Roseires",2012,275.676605224609
"Blue Nile","Al Roseires","Er Roseires",2013,263.796295166016
"Blue Nile","Al Roseires","Er Roseires",2014,290.420104980469
"Blue Nile","Al Roseires","Er Roseires",2015,327.201171875
"Blue Nile","Al Roseires","Er Roseires",2016,367.845245361328
"Blue Nile","Al Roseires","Er Roseires",2017,379.286254882812
"Blue Nile","Al Roseires","Er Roseires",2018,455.700958251953
"Blue Nile","Al Roseires","Er Roseires",2019,559.697021484375
"Blue Nile","Al Roseires","Er Roseires",2020,632.593811035156
"Blue Nile","Al Roseires","Er Roseires",2021,650.730773925781
"Blue Nile","Al Roseires","Er Roseires",2022,620.047485351562
"Blue Nile","Al Roseires","Er Roseires",2023,563.691345214844
"Blue Nile","Al Roseires","Er Roseires",2024,621.301940917969
"Blue Nile","Baw","Baw",2012,0
"Blue Nile","Baw","Baw",2013,0
"Blue Nile","Baw","Baw",2014,0
"Blue Nile","Baw","Baw",2015,0
"Blue Nile","Baw","Baw",2016,0
"Blue Nile","Baw","Baw",2017,0
"Blue Nile","Baw","Baw",2018,0
"Blue Nile","Baw","Baw",2019,0
"Blue Nile","Baw","Baw",2020,0
"Blue Nile","Baw","Baw",2021,0
"Blue Nile","Baw","Baw",2022,0
"Blue Nile","Baw","Baw",2023,0
"Blue Nile","Baw","Baw",2024,0
"Blue Nile","Geissan","Geissan",2012,0
"Blue Nile","Geissan","Geissan",2013,0
"Blue Nile","Geissan","Geissan",2014,0
"Blue Nile","Geissan","Geissan",2015,0
"Blue Nile","Geissan","Geissan",2016,0
"Blue Nile","Geissan","Geissan",2017,1.6311194896698
"Blue Nile","Geissan","Geissan",2018,0.103710047900677
"Blue Nile","Geissan","Geissan",2019,0.227601110935211
"Blue Nile","Geissan","Geissan",2020,0.198280394077301
"Blue Nile","Geissan","Geissan",2021,0.196169927716255
"Blue Nile","Geissan","Geissan",2022,2.92323875427246
"Blue Nile","Geissan","Geissan",2023,0.658960521221161
"Blue Nile","Geissan","Geissan",2024,0.952935934066772
"Blue Nile","Geissan","Keili",2012,0
"Blue Nile","Geissan","Keili",2013,0
"Blue Nile","Geissan","Keili",2014,0
"Blue Nile","Geissan","Keili",2015,0
"Blue Nile","Geissan","Keili",2016,0
"Blue Nile","Geissan","Keili",2017,0
"Blue Nile","Geissan","Keili",2018,0
"Blue Nile","Geissan","Keili",2019,0
"Blue Nile","Geissan","Keili",2020,0
"Blue Nile","Geissan","Keili",2021,0
"Blue Nile","Geissan","Keili",2022,0
"Blue Nile","Geissan","Keili",2023,0
"Blue Nile","Geissan","Keili",2024,0
"Central Darfur","Mukjar","Garseila",2012,0
"Central Darfur","Mukjar","Garseila",2013,0
"Central Darfur","Mukjar","Garseila",2014,0
"Central Darfur","Mukjar","Garseila",2015,0
"Central Darfur","Mukjar","Garseila",2016,0
"Central Darfur","Mukjar","Garseila",2017,0
"Central Darfur","Mukjar","Garseila",2018,0
"Central Darfur","Mukjar","Garseila",2019,0
"Central Darfur","Mukjar","Garseila",2020,0
"Central Darfur","Mukjar","Garseila",2021,0
"Central Darfur","Mukjar","Garseila",2022,0
"Central Darfur","Mukjar","Garseila",2023,0
"Central Darfur","Mukjar","Garseila",2024,0
"Central Darfur","Mukjar","Mukjar",2012,27.2378520965576
"Central Darfur","Mukjar","Mukjar",2013,33.5547180175781
"Central Darfur","Mukjar","Mukjar",2014,28.7021713256836
"Central Darfur","Mukjar","Mukjar",2015,30.2054042816162
"Central Darfur","Mukjar","Mukjar",2016,24.5433292388916
"Central Darfur","Mukjar","Mukjar",2017,23.5672855377197
"Central Darfur","Mukjar","Mukjar",2018,12.3398933410645
"Central Darfur","Mukjar","Mukjar",2019,0
"Central Darfur","Mukjar","Mukjar",2020,0
"Central Darfur","Mukjar","Mukjar",2021,0
"Central Darfur","Mukjar","Mukjar",2022,0.245478644967079
"Central Darfur","Mukjar","Mukjar",2023,0
"Central Darfur","Mukjar","Mukjar",2024,0
"Central Darfur","Mukjar","Zamabaya",2012,2.89489340782166
"Central Darfur","Mukjar","Zamabaya",2013,2.91841435432434
"Central Darfur","Mukjar","Zamabaya",2014,1.62303042411804
"Central Darfur","Mukjar","Zamabaya",2015,2.43876028060913
"Central Darfur","Mukjar","Zamabaya",2016,3.82916140556335
"Central Darfur","Mukjar","Zamabaya",2017,4.78748512268066
"Central Darfur","Mukjar","Zamabaya",2018,1.36722779273987
"Central Darfur","Mukjar","Zamabaya",2019,0
"Central Darfur","Mukjar","Zamabaya",2020,0
"Central Darfur","Mukjar","Zamabaya",2021,0.549990594387054
"Central Darfur","Mukjar","Zamabaya",2022,4.74935722351074
"Central Darfur","Mukjar","Zamabaya",2023,1.48723781108856
"Central Darfur","Mukjar","Zamabaya",2024,0
"Central Darfur","Zallingi","Azom",2012,8.33915996551514
"Central Darfur","Zallingi","Azom",2013,9.03996086120605
"Central Darfur","Zallingi","Azom",2014,10.8514528274536
"Central Darfur","Zallingi","Azom",2015,6.38447284698486
"Central Darfur","Zallingi","Azom",2016,1.20669221878052
"Central Darfur","Zallingi","Azom",2017,0
"Central Darfur","Zallingi","Azom",2018,0
"Central Darfur","Zallingi","Azom",2019,0
"Central Darfur","Zallingi","Azom",2020,0
"Central Darfur","Zallingi","Azom",2021,0
"Central Darfur","Zallingi","Azom",2022,0
"Central Darfur","Zallingi","Azom",2023,0
"Central Darfur","Zallingi","Azom",2024,0
"Central Darfur","Zallingi","Gulu",2012,0
"Central Darfur","Zallingi","Gulu",2013,0
"Central Darfur","Zallingi","Gulu",2014,0
"Central Darfur","Zallingi","Gulu",2015,0
"Central Darfur","Zallingi","Gulu",2016,0
"Central Darfur","Zallingi","Gulu",2017,0
"Central Darfur","Zallingi","Gulu",2018,3.27873659133911
"Central Darfur","Zallingi","Gulu",2019,10.2900876998901
"Central Darfur","Zallingi","Gulu",2020,15.0647373199463
"Central Darfur","Zallingi","Gulu",2021,2.16725754737854
"Central Darfur","Zallingi","Gulu",2022,1.40488505363464
"Central Darfur","Zallingi","Gulu",2023,1.76921796798706
"Central Darfur","Zallingi","Gulu",2024,3.22980785369873
"Central Darfur","Zallingi","Nertiti",2012,23.1063346862793
"Central Darfur","Zallingi","Nertiti",2013,21.9766101837158
"Central Darfur","Zallingi","Nertiti",2014,26.1796684265137
"Central Darfur","Zallingi","Nertiti",2015,33.8722190856934
"Central Darfur","Zallingi","Nertiti",2016,30.0606002807617
"Central Darfur","Zallingi","Nertiti",2017,17.6184558868408
"Central Darfur","Zallingi","Nertiti",2018,19.1432304382324
"Central Darfur","Zallingi","Nertiti",2019,28.8150234222412
"Central Darfur","Zallingi","Nertiti",2020,35.6702919006348
"Central Darfur","Zallingi","Nertiti",2021,11.8487329483032
"Central Darfur","Zallingi","Nertiti",2022,1.76503205299377
"Central Darfur","Zallingi","Nertiti",2023,2.89679932594299
"Central Darfur","Zallingi","Nertiti",2024,1.02576529979706
"Central Darfur","Zallingi","Rokerro",2012,0
"Central Darfur","Zallingi","Rokerro",2013,0
"Central Darfur","Zallingi","Rokerro",2014,0
"Central Darfur","Zallingi","Rokerro",2015,0
"Central Darfur","Zallingi","Rokerro",2016,0
"Central Darfur","Zallingi","Rokerro",2017,0
"Central Darfur","Zallingi","Rokerro",2018,0
"Central Darfur","Zallingi","Rokerro",2019,0
"Central Darfur","Zallingi","Rokerro",2020,0
"Central Darfur","Zallingi","Rokerro",2021,0
"Central Darfur","Zallingi","Rokerro",2022,0
"Central Darfur","Zallingi","Rokerro",2023,0
"Central Darfur","Zallingi","Rokerro",2024,0
"Central Darfur","Zallingi","Zalingei",2012,136.531463623047
"Central Darfur","Zallingi","Zalingei",2013,133.280487060547
"Central Darfur","Zallingi","Zalingei",2014,149.053451538086
"Central Darfur","Zallingi","Zalingei",2015,183.783996582031
"Central Darfur","Zallingi","Zalingei",2016,167.349105834961
"Central Darfur","Zallingi","Zalingei",2017,199.9443359375
"Central Darfur","Zallingi","Zalingei",2018,216.178558349609
"Central Darfur","Zallingi","Zalingei",2019,175.22346496582
"Central Darfur","Zallingi","Zalingei",2020,263.556121826172
"Central Darfur","Zallingi","Zalingei",2021,75.8585739135742
"Central Darfur","Zallingi","Zalingei",2022,42.2937126159668
"Central Darfur","Zallingi","Zalingei",2023,14.4282236099243
"Central Darfur","Zallingi","Zalingei",2024,0
"East Darfur","Al Deain","Abu Matariq",2012,0
"East Darfur","Al Deain","Abu Matariq",2013,0
"East Darfur","Al Deain","Abu Matariq",2014,0
"East Darfur","Al Deain","Abu Matariq",2015,0
"East Darfur","Al Deain","Abu Matariq",2016,0
"East Darfur","Al Deain","Abu Matariq",2017,0
"East Darfur","Al Deain","Abu Matariq",2018,0
"East Darfur","Al Deain","Abu Matariq",2019,0.572743475437164
"East Darfur","Al Deain","Abu Matariq",2020,0
"East Darfur","Al Deain","Abu Matariq",2021,0.514216780662537
"East Darfur","Al Deain","Abu Matariq",2022,0
"East Darfur","Al Deain","Abu Matariq",2023,0
"East Darfur","Al Deain","Abu Matariq",2024,0
"East Darfur","Al Deain","Adeila",2012,15.1128358840942
"East Darfur","Al Deain","Adeila",2013,3277.4462890625
"East Darfur","Al Deain","Adeila",2014,590.236450195312
"East Darfur","Al Deain","Adeila",2015,663.993469238281
"East Darfur","Al Deain","Adeila",2016,824.497741699219
"East Darfur","Al Deain","Adeila",2017,1005.52648925781
"East Darfur","Al Deain","Adeila",2018,1046.51794433594
"East Darfur","Al Deain","Adeila",2019,528.998840332031
"East Darfur","Al Deain","Adeila",2020,359.293395996094
"East Darfur","Al Deain","Adeila",2021,347.696990966797
"East Darfur","Al Deain","Adeila",2022,280.615844726562
"East Darfur","Al Deain","Adeila",2023,207.730667114258
"East Darfur","Al Deain","Adeila",2024,0
"East Darfur","Al Deain","Ed D Aein",2012,88.9120864868164
"East Darfur","Al Deain","Ed D Aein",2013,117.205436706543
"East Darfur","Al Deain","Ed D Aein",2014,155.83203125
"East Darfur","Al Deain","Ed D Aein",2015,149.358673095703
"East Darfur","Al Deain","Ed D Aein",2016,150.808090209961
"East Darfur","Al Deain","Ed D Aein",2017,183.754776000977
"East Darfur","Al Deain","Ed D Aein",2018,178.061019897461
"East Darfur","Al Deain","Ed D Aein",2019,254.954681396484
"East Darfur","Al Deain","Ed D Aein",2020,263.882781982422
"East Darfur","Al Deain","Ed D Aein",2021,336.191192626953
"East Darfur","Al Deain","Ed D Aein",2022,486.400909423828
"East Darfur","Al Deain","Ed D Aein",2023,392.236053466797
"East Darfur","Al Deain","Ed D Aein",2024,4.15026712417603
"East Darfur","Al Deain","Ferdous",2012,0
"East Darfur","Al Deain","Ferdous",2013,0
"East Darfur","Al Deain","Ferdous",2014,0
"East Darfur","Al Deain","Ferdous",2015,0
"East Darfur","Al Deain","Ferdous",2016,0
"East Darfur","Al Deain","Ferdous",2017,0
"East Darfur","Al Deain","Ferdous",2018,0
"East Darfur","Al Deain","Ferdous",2019,12.1952352523804
"East Darfur","Al Deain","Ferdous",2020,9.83980274200439
"East Darfur","Al Deain","Ferdous",2021,8.20711898803711
"East Darfur","Al Deain","Ferdous",2022,5.34813117980957
"East Darfur","Al Deain","Ferdous",2023,1.37149286270142
"East Darfur","Al Deain","Ferdous",2024,0
"East Darfur","Nyala","Nyalla East",2012,168.444000244141
"East Darfur","Nyala","Nyalla East",2013,256.598999023438
"East Darfur","Nyala","Nyalla East",2014,316.728607177734
"East Darfur","Nyala","Nyalla East",2015,346.302185058594
"East Darfur","Nyala","Nyalla East",2016,305.267883300781
"East Darfur","Nyala","Nyalla East",2017,284.331970214844
"East Darfur","Nyala","Nyalla East",2018,267.045867919922
"East Darfur","Nyala","Nyalla East",2019,163.892074584961
"East Darfur","Nyala","Nyalla East",2020,19.6388187408447
"East Darfur","Nyala","Nyalla East",2021,11.4929294586182
"East Darfur","Nyala","Nyalla East",2022,27.7291278839111
"East Darfur","Nyala","Nyalla East",2023,17.8906345367432
"East Darfur","Nyala","Nyalla East",2024,0
"Kassala","Al Gash","Aroma",2012,25.8744487762451
"Kassala","Al Gash","Aroma",2013,14.259204864502
"Kassala","Al Gash","Aroma",2014,7.16505813598633
"Kassala","Al Gash","Aroma",2015,13.5243673324585
"Kassala","Al Gash","Aroma",2016,15.7575740814209
"Kassala","Al Gash","Aroma",2017,17.3405437469482
"Kassala","Al Gash","Aroma",2018,19.5533332824707
"Kassala","Al Gash","Aroma",2019,50.4453659057617
"Kassala","Al Gash","Aroma",2020,77.0772323608398
"Kassala","Al Gash","Aroma",2021,64.5954208374023
"Kassala","Al Gash","Aroma",2022,64.3923645019531
"Kassala","Al Gash","Aroma",2023,106.061416625977
"Kassala","Al Gash","Aroma",2024,95.0584106445312
"Kassala","Al Gash","Genoub El Dalta",2012,0
"Kassala","Al Gash","Genoub El Dalta",2013,0
"Kassala","Al Gash","Genoub El Dalta",2014,0
"Kassala","Al Gash","Genoub El Dalta",2015,0
"Kassala","Al Gash","Genoub El Dalta",2016,0
"Kassala","Al Gash","Genoub El Dalta",2017,0
"Kassala","Al Gash","Genoub El Dalta",2018,0
"Kassala","Al Gash","Genoub El Dalta",2019,0
"Kassala","Al Gash","Genoub El Dalta",2020,0
"Kassala","Al Gash","Genoub El Dalta",2021,0
"Kassala","Al Gash","Genoub El Dalta",2022,0
"Kassala","Al Gash","Genoub El Dalta",2023,0
"Kassala","Al Gash","Genoub El Dalta",2024,0
"Kassala","Al Gash","Qoz Regeb",2012,0
"Kassala","Al Gash","Qoz Regeb",2013,0
"Kassala","Al Gash","Qoz Regeb",2014,0
"Kassala","Al Gash","Qoz Regeb",2015,0
"Kassala","Al Gash","Qoz Regeb",2016,0
"Kassala","Al Gash","Qoz Regeb",2017,0
"Kassala","Al Gash","Qoz Regeb",2018,0
"Kassala","Al Gash","Qoz Regeb",2019,0
"Kassala","Al Gash","Qoz Regeb",2020,0
"Kassala","Al Gash","Qoz Regeb",2021,0
"Kassala","Al Gash","Qoz Regeb",2022,0
"Kassala","Al Gash","Qoz Regeb",2023,0
"Kassala","Al Gash","Qoz Regeb",2024,0
"Kassala","Al Gash","Shmal El Dalta",2012,0
"Kassala","Al Gash","Shmal El Dalta",2013,0
"Kassala","Al Gash","Shmal El Dalta",2014,0
"Kassala","Al Gash","Shmal El Dalta",2015,0
"Kassala","Al Gash","Shmal El Dalta",2016,0
"Kassala","Al Gash","Shmal El Dalta",2017,0
"Kassala","Al Gash","Shmal El Dalta",2018,0
"Kassala","Al Gash","Shmal El Dalta",2019,0
"Kassala","Al Gash","Shmal El Dalta",2020,0
"Kassala","Al Gash","Shmal El Dalta",2021,0
"Kassala","Al Gash","Shmal El Dalta",2022,0
"Kassala","Al Gash","Shmal El Dalta",2023,0
"Kassala","Al Gash","Shmal El Dalta",2024,0
"Kassala","Hamashkorieb","El Hudud",2012,0
"Kassala","Hamashkorieb","El Hudud",2013,0
"Kassala","Hamashkorieb","El Hudud",2014,0
"Kassala","Hamashkorieb","El Hudud",2015,0
"Kassala","Hamashkorieb","El Hudud",2016,0
"Kassala","Hamashkorieb","El Hudud",2017,0.570802330970764
"Kassala","Hamashkorieb","El Hudud",2018,0
"Kassala","Hamashkorieb","El Hudud",2019,0
"Kassala","Hamashkorieb","El Hudud",2020,0
"Kassala","Hamashkorieb","El Hudud",2021,0
"Kassala","Hamashkorieb","El Hudud",2022,0
"Kassala","Hamashkorieb","El Hudud",2023,0
"Kassala","Hamashkorieb","El Hudud",2024,0
"Kassala","Kassala","Kassala",2012,1589.73291015625
"Kassala","Kassala","Kassala",2013,1546.41650390625
"Kassala","Kassala","Kassala",2014,1563.81762695312
"Kassala","Kassala","Kassala",2015,1817.833984375
"Kassala","Kassala","Kassala",2016,1838.48168945312
"Kassala","Kassala","Kassala",2017,2117.89721679688
"Kassala","Kassala","Kassala",2018,2051.61791992188
"Kassala","Kassala","Kassala",2019,1896.28149414062
"Kassala","Kassala","Kassala",2020,2249.39697265625
"Kassala","Kassala","Kassala",2021,2350.65771484375
"Kassala","Kassala","Kassala",2022,3086.453125
"Kassala","Kassala","Kassala",2023,3890.62939453125
"Kassala","Kassala","Kassala",2024,4478.68115234375
"Kassala","Nahr Atbara","El Masana",2012,0
"Kassala","Nahr Atbara","El Masana",2013,0
"Kassala","Nahr Atbara","El Masana",2014,0
"Kassala","Nahr Atbara","El Masana",2015,0
"Kassala","Nahr Atbara","El Masana",2016,0
"Kassala","Nahr Atbara","El Masana",2017,0
"Kassala","Nahr Atbara","El Masana",2018,0
"Kassala","Nahr Atbara","El Masana",2019,0
"Kassala","Nahr Atbara","El Masana",2020,0
"Kassala","Nahr Atbara","El Masana",2021,0
"Kassala","Nahr Atbara","El Masana",2022,48.3659591674805
"Kassala","Nahr Atbara","El Masana",2023,39.5095405578613
"Kassala","Nahr Atbara","El Masana",2024,22.8791408538818
"Kassala","Nahr Atbara","New Halfa",2012,615.718017578125
"Kassala","Nahr Atbara","New Halfa",2013,545.652038574219
"Kassala","Nahr Atbara","New Halfa",2014,563.671142578125
"Kassala","Nahr Atbara","New Halfa",2015,631.628479003906
"Kassala","Nahr Atbara","New Halfa",2016,609.152465820312
"Kassala","Nahr Atbara","New Halfa",2017,643.743408203125
"Kassala","Nahr Atbara","New Halfa",2018,694.36669921875
"Kassala","Nahr Atbara","New Halfa",2019,741.324401855469
"Kassala","Nahr Atbara","New Halfa",2020,853.366638183594
"Kassala","Nahr Atbara","New Halfa",2021,874.198181152344
"Kassala","Nahr Atbara","New Halfa",2022,1079.16333007812
"Kassala","Nahr Atbara","New Halfa",2023,1402.26818847656
"Kassala","Nahr Atbara","New Halfa",2024,1514.25329589844
"Kassala","Nahr Atbara","Sabaat",2012,0
"Kassala","Nahr Atbara","Sabaat",2013,0
"Kassala","Nahr Atbara","Sabaat",2014,0
"Kassala","Nahr Atbara","Sabaat",2015,0
"Kassala","Nahr Atbara","Sabaat",2016,0
"Kassala","Nahr Atbara","Sabaat",2017,0
"Kassala","Nahr Atbara","Sabaat",2018,0
"Kassala","Nahr Atbara","Sabaat",2019,0
"Kassala","Nahr Atbara","Sabaat",2020,0
"Kassala","Nahr Atbara","Sabaat",2021,0
"Kassala","Nahr Atbara","Sabaat",2022,0
"Kassala","Nahr Atbara","Sabaat",2023,0
"Kassala","Nahr Atbara","Sabaat",2024,0
"Kassala","Seteet","Unknown1",2012,0
"Kassala","Seteet","Unknown1",2013,0
"Kassala","Seteet","Unknown1",2014,0
"Kassala","Seteet","Unknown1",2015,0
"Kassala","Seteet","Unknown1",2016,0.528678894042969
"Kassala","Seteet","Unknown1",2017,6.56972551345825
"Kassala","Seteet","Unknown1",2018,6.53800678253174
"Kassala","Seteet","Unknown1",2019,4.82724523544312
"Kassala","Seteet","Unknown1",2020,7.99930047988892
"Kassala","Seteet","Unknown1",2021,12.905234336853
"Kassala","Seteet","Unknown1",2022,25.7341690063477
"Kassala","Seteet","Unknown1",2023,33.8153762817383
"Kassala","Seteet","Unknown1",2024,23.7896728515625
"Khartoum","Karary","Omdurman Shamel",2012,127.80086517334
"Khartoum","Karary","Omdurman Shamel",2013,139.426986694336
"Khartoum","Karary","Omdurman Shamel",2014,167.713073730469
"Khartoum","Karary","Omdurman Shamel",2015,216.804718017578
"Khartoum","Karary","Omdurman Shamel",2016,184.205505371094
"Khartoum","Karary","Omdurman Shamel",2017,211.552795410156
"Khartoum","Karary","Omdurman Shamel",2018,198.385238647461
"Khartoum","Karary","Omdurman Shamel",2019,221.745574951172
"Khartoum","Karary","Omdurman Shamel",2020,315.838470458984
"Khartoum","Karary","Omdurman Shamel",2021,324.587158203125
"Khartoum","Karary","Omdurman Shamel",2022,435.882751464844
"Khartoum","Karary","Omdurman Shamel",2023,420.849273681641
"Khartoum","Karary","Omdurman Shamel",2024,395.34765625
"Khartoum","Khartoum","Khartoum Shamel",2012,24425.185546875
"Khartoum","Khartoum","Khartoum Shamel",2013,25355.654296875
"Khartoum","Khartoum","Khartoum Shamel",2014,26519.33984375
"Khartoum","Khartoum","Khartoum Shamel",2015,30515.349609375
"Khartoum","Khartoum","Khartoum Shamel",2016,30913.9375
"Khartoum","Khartoum","Khartoum Shamel",2017,33216.18359375
"Khartoum","Khartoum","Khartoum Shamel",2018,32796.37109375
"Khartoum","Khartoum","Khartoum Shamel",2019,31916.3203125
"Khartoum","Khartoum","Khartoum Shamel",2020,33032.10546875
"Khartoum","Khartoum","Khartoum Shamel",2021,33168.6953125
"Khartoum","Khartoum","Khartoum Shamel",2022,36672.09375
"Khartoum","Khartoum","Khartoum Shamel",2023,23335.716796875
"Khartoum","Khartoum","Khartoum Shamel",2024,4612.97021484375
"Khartoum","Khartoum Bahri","El Geili",2012,3281.80932617188
"Khartoum","Khartoum Bahri","El Geili",2013,3095.623046875
"Khartoum","Khartoum Bahri","El Geili",2014,3478.36254882812
"Khartoum","Khartoum Bahri","El Geili",2015,3668.95483398438
"Khartoum","Khartoum Bahri","El Geili",2016,3922.51586914062
"Khartoum","Khartoum Bahri","El Geili",2017,3742.51000976562
"Khartoum","Khartoum Bahri","El Geili",2018,5207.5126953125
"Khartoum","Khartoum Bahri","El Geili",2019,4113.146484375
"Khartoum","Khartoum Bahri","El Geili",2020,5376.8671875
"Khartoum","Khartoum Bahri","El Geili",2021,5177.36669921875
"Khartoum","Khartoum Bahri","El Geili",2022,4513.884765625
"Khartoum","Khartoum Bahri","El Geili",2023,2944.30810546875
"Khartoum","Khartoum Bahri","El Geili",2024,560.490905761719
"Khartoum","Khartoum Bahri","Es Sileit",2012,819.222106933594
"Khartoum","Khartoum Bahri","Es Sileit",2013,861.056579589844
"Khartoum","Khartoum Bahri","Es Sileit",2014,1136.47985839844
"Khartoum","Khartoum Bahri","Es Sileit",2015,1447.48498535156
"Khartoum","Khartoum Bahri","Es Sileit",2016,1543.15051269531
"Khartoum","Khartoum Bahri","Es Sileit",2017,1947.59167480469
"Khartoum","Khartoum Bahri","Es Sileit",2018,1975.27673339844
"Khartoum","Khartoum Bahri","Es Sileit",2019,2270.11352539062
"Khartoum","Khartoum Bahri","Es Sileit",2020,2935.06372070312
"Khartoum","Khartoum Bahri","Es Sileit",2021,3306.6337890625
"Khartoum","Khartoum Bahri","Es Sileit",2022,4484.55908203125
"Khartoum","Khartoum Bahri","Es Sileit",2023,3864.7529296875
"Khartoum","Khartoum Bahri","Es Sileit",2024,580.156372070312
"Khartoum","Khartoum Bahri","Khartoum North",2012,13485.3994140625
"Khartoum","Khartoum Bahri","Khartoum North",2013,14441.984375
"Khartoum","Khartoum Bahri","Khartoum North",2014,15156.939453125
"Khartoum","Khartoum Bahri","Khartoum North",2015,17182.640625
"Khartoum","Khartoum Bahri","Khartoum North",2016,18161.71484375
"Khartoum","Khartoum Bahri","Khartoum North",2017,19836.712890625
"Khartoum","Khartoum Bahri","Khartoum North",2018,19727.62109375
"Khartoum","Khartoum Bahri","Khartoum North",2019,20682.8359375
"Khartoum","Khartoum Bahri","Khartoum North",2020,22892.171875
"Khartoum","Khartoum Bahri","Khartoum North",2021,23592.591796875
"Khartoum","Khartoum Bahri","Khartoum North",2022,25938.595703125
"Khartoum","Khartoum Bahri","Khartoum North",2023,21011.966796875
"Khartoum","Khartoum Bahri","Khartoum North",2024,6158.431640625
"Khartoum","Omdurman","Omdurman Genoub",2012,9065.15234375
"Khartoum","Omdurman","Omdurman Genoub",2013,9561.6533203125
"Khartoum","Omdurman","Omdurman Genoub",2014,11256.56640625
"Khartoum","Omdurman","Omdurman Genoub",2015,13493.9775390625
"Khartoum","Omdurman","Omdurman Genoub",2016,14345.1484375
"Khartoum","Omdurman","Omdurman Genoub",2017,15830.794921875
"Khartoum","Omdurman","Omdurman Genoub",2018,16630.56640625
"Khartoum","Omdurman","Omdurman Genoub",2019,17956.95703125
"Khartoum","Omdurman","Omdurman Genoub",2020,19965.70703125
"Khartoum","Omdurman","Omdurman Genoub",2021,19916.458984375
"Khartoum","Omdurman","Omdurman Genoub",2022,23005.62890625
"Khartoum","Omdurman","Omdurman Genoub",2023,22000.337890625
"Khartoum","Omdurman","Omdurman Genoub",2024,12581.09375
"Khartoum","Sharg En Nile","Abu Deleig",2012,0.522956609725952
"Khartoum","Sharg En Nile","Abu Deleig",2013,0
"Khartoum","Sharg En Nile","Abu Deleig",2014,0
"Khartoum","Sharg En Nile","Abu Deleig",2015,0
"Khartoum","Sharg En Nile","Abu Deleig",2016,0
"Khartoum","Sharg En Nile","Abu Deleig",2017,14.3039951324463
"Khartoum","Sharg En Nile","Abu Deleig",2018,18.135555267334
"Khartoum","Sharg En Nile","Abu Deleig",2019,12.0776166915894
"Khartoum","Sharg En Nile","Abu Deleig",2020,12.2830715179443
"Khartoum","Sharg En Nile","Abu Deleig",2021,9.62729454040527
"Khartoum","Sharg En Nile","Abu Deleig",2022,23.0405540466309
"Khartoum","Sharg En Nile","Abu Deleig",2023,36.5512542724609
"Khartoum","Sharg En Nile","Abu Deleig",2024,44.8764228820801
"Khartoum","Sharg En Nile","Alalafon",2012,933.274047851562
"Khartoum","Sharg En Nile","Alalafon",2013,818.363220214844
"Khartoum","Sharg En Nile","Alalafon",2014,984.381286621094
"Khartoum","Sharg En Nile","Alalafon",2015,1352.84106445312
"Khartoum","Sharg En Nile","Alalafon",2016,1553.19714355469
"Khartoum","Sharg En Nile","Alalafon",2017,1805.5947265625
"Khartoum","Sharg En Nile","Alalafon",2018,1978.85205078125
"Khartoum","Sharg En Nile","Alalafon",2019,2171.900390625
"Khartoum","Sharg En Nile","Alalafon",2020,2886.69360351562
"Khartoum","Sharg En Nile","Alalafon",2021,3345.61840820312
"Khartoum","Sharg En Nile","Alalafon",2022,4426.00732421875
"Khartoum","Sharg En Nile","Alalafon",2023,3388.94116210938
"Khartoum","Sharg En Nile","Alalafon",2024,552.748901367188
"Khartoum","Sharg En Nile","Alaseilat",2012,41.1048011779785
"Khartoum","Sharg En Nile","Alaseilat",2013,42.5990104675293
"Khartoum","Sharg En Nile","Alaseilat",2014,36.3613204956055
"Khartoum","Sharg En Nile","Alaseilat",2015,26.9015693664551
"Khartoum","Sharg En Nile","Alaseilat",2016,17.4791584014893
"Khartoum","Sharg En Nile","Alaseilat",2017,28.5383262634277
"Khartoum","Sharg En Nile","Alaseilat",2018,23.1814670562744
"Khartoum","Sharg En Nile","Alaseilat",2019,25.7868804931641
"Khartoum","Sharg En Nile","Alaseilat",2020,23.0375289916992
"Khartoum","Sharg En Nile","Alaseilat",2021,32.9690208435059
"Khartoum","Sharg En Nile","Alaseilat",2022,68.222541809082
"Khartoum","Sharg En Nile","Alaseilat",2023,39.4917449951172
"Khartoum","Sharg En Nile","Alaseilat",2024,0
"Khartoum","Sharg En Nile","Umm Dounban",2012,9.99543476104736
"Khartoum","Sharg En Nile","Umm Dounban",2013,3.1356897354126
"Khartoum","Sharg En Nile","Umm Dounban",2014,1.69502210617065
"Khartoum","Sharg En Nile","Umm Dounban",2015,6.51678419113159
"Khartoum","Sharg En Nile","Umm Dounban",2016,5.36248397827148
"Khartoum","Sharg En Nile","Umm Dounban",2017,10.9978799819946
"Khartoum","Sharg En Nile","Umm Dounban",2018,9.54633045196533
"Khartoum","Sharg En Nile","Umm Dounban",2019,12.4473304748535
"Khartoum","Sharg En Nile","Umm Dounban",2020,16.3894081115723
"Khartoum","Sharg En Nile","Umm Dounban",2021,12.9358777999878
"Khartoum","Sharg En Nile","Umm Dounban",2022,23.862829208374
"Khartoum","Sharg En Nile","Umm Dounban",2023,21.1236038208008
"Khartoum","Sharg En Nile","Umm Dounban",2024,0
"Khartoum","South Khartoum","Jebel Aulia",2012,2842.4208984375
"Khartoum","South Khartoum","Jebel Aulia",2013,3103.07104492188
"Khartoum","South Khartoum","Jebel Aulia",2014,3696.57861328125
"Khartoum","South Khartoum","Jebel Aulia",2015,4266.68408203125
"Khartoum","South Khartoum","Jebel Aulia",2016,4256.962890625
"Khartoum","South Khartoum","Jebel Aulia",2017,4958.41796875
"Khartoum","South Khartoum","Jebel Aulia",2018,5029.47021484375
"Khartoum","South Khartoum","Jebel Aulia",2019,5320.04248046875
"Khartoum","South Khartoum","Jebel Aulia",2020,6284.07861328125
"Khartoum","South Khartoum","Jebel Aulia",2021,6919.68115234375
"Khartoum","South Khartoum","Jebel Aulia",2022,8575.412109375
"Khartoum","South Khartoum","Jebel Aulia",2023,5732.08837890625
"Khartoum","South Khartoum","Jebel Aulia",2024,1768.84558105469
"Khartoum","Um Badda","Omdurman Gharb",2012,2607.07421875
"Khartoum","Um Badda","Omdurman Gharb",2013,2505.96630859375
"Khartoum","Um Badda","Omdurman Gharb",2014,2695.90014648438
"Khartoum","Um Badda","Omdurman Gharb",2015,3323.798828125
"Khartoum","Um Badda","Omdurman Gharb",2016,3442.35961914062
"Khartoum","Um Badda","Omdurman Gharb",2017,4021.88525390625
"Khartoum","Um Badda","Omdurman Gharb",2018,4280.29248046875
"Khartoum","Um Badda","Omdurman Gharb",2019,5037.98486328125
"Khartoum","Um Badda","Omdurman Gharb",2020,6127.01904296875
"Khartoum","Um Badda","Omdurman Gharb",2021,6529.14306640625
"Khartoum","Um Badda","Omdurman Gharb",2022,8004.79248046875
"Khartoum","Um Badda","Omdurman Gharb",2023,6871.09228515625
"Khartoum","Um Badda","Omdurman Gharb",2024,4043.140625
"North Darfur","Al Fasher","El Fashir",2012,1328.41284179688
"North Darfur","Al Fasher","El Fashir",2013,1574.51416015625
"North Darfur","Al Fasher","El Fashir",2014,1706.89831542969
"North Darfur","Al Fasher","El Fashir",2015,1830.73510742188
"North Darfur","Al Fasher","El Fashir",2016,1805.11181640625
"North Darfur","Al Fasher","El Fashir",2017,1972.5087890625
"North Darfur","Al Fasher","El Fashir",2018,1814.40515136719
"North Darfur","Al Fasher","El Fashir",2019,1878.27819824219
"North Darfur","Al Fasher","El Fashir",2020,1924.59985351562
"North Darfur","Al Fasher","El Fashir",2021,1928.76086425781
"North Darfur","Al Fasher","El Fashir",2022,2069.39086914062
"North Darfur","Al Fasher","El Fashir",2023,1084.98010253906
"North Darfur","Al Fasher","El Fashir",2024,0
"North Darfur","Al Fasher","Kattal",2012,33.7754096984863
"North Darfur","Al Fasher","Kattal",2013,34.0002746582031
"North Darfur","Al Fasher","Kattal",2014,29.5568408966064
"North Darfur","Al Fasher","Kattal",2015,31.3154563903809
"North Darfur","Al Fasher","Kattal",2016,19.0838794708252
"North Darfur","Al Fasher","Kattal",2017,21.0521678924561
"North Darfur","Al Fasher","Kattal",2018,22.7171897888184
"North Darfur","Al Fasher","Kattal",2019,41.2922973632812
"North Darfur","Al Fasher","Kattal",2020,26.7661800384521
"North Darfur","Al Fasher","Kattal",2021,3.77567768096924
"North Darfur","Al Fasher","Kattal",2022,0
"North Darfur","Al Fasher","Kattal",2023,0
"North Darfur","Al Fasher","Kattal",2024,0
"North Darfur","Al Fasher","Korma",2012,82.1151657104492
"North Darfur","Al Fasher","Korma",2013,90.557731628418
"North Darfur","Al Fasher","Korma",2014,94.3165893554688
"North Darfur","Al Fasher","Korma",2015,70.3288345336914
"North Darfur","Al Fasher","Korma",2016,35.6620597839355
"North Darfur","Al Fasher","Korma",2017,22.4644718170166
"North Darfur","Al Fasher","Korma",2018,13.1462984085083
"North Darfur","Al Fasher","Korma",2019,0
"North Darfur","Al Fasher","Korma",2020,0
"North Darfur","Al Fasher","Korma",2021,0
"North Darfur","Al Fasher","Korma",2022,0
"North Darfur","Al Fasher","Korma",2023,0
"North Darfur","Al Fasher","Korma",2024,0
"North Darfur","Al Fasher","Tawilah",2012,9.00792503356934
"North Darfur","Al Fasher","Tawilah",2013,32.2985877990723
"North Darfur","Al Fasher","Tawilah",2014,35.5954666137695
"North Darfur","Al Fasher","Tawilah",2015,33.3906517028809
"North Darfur","Al Fasher","Tawilah",2016,23.026668548584
"North Darfur","Al Fasher","Tawilah",2017,15.9532928466797
"North Darfur","Al Fasher","Tawilah",2018,10.6270303726196
"North Darfur","Al Fasher","Tawilah",2019,10.8508129119873
"North Darfur","Al Fasher","Tawilah",2020,12.154842376709
"North Darfur","Al Fasher","Tawilah",2021,3.90906000137329
"North Darfur","Al Fasher","Tawilah",2022,0
"North Darfur","Al Fasher","Tawilah",2023,0
"North Darfur","Al Fasher","Tawilah",2024,0
"North Darfur","Kabkabiya","Es Serif",2012,0
"North Darfur","Kabkabiya","Es Serif",2013,0
"North Darfur","Kabkabiya","Es Serif",2014,0
"North Darfur","Kabkabiya","Es Serif",2015,0
"North Darfur","Kabkabiya","Es Serif",2016,0
"North Darfur","Kabkabiya","Es Serif",2017,0
"North Darfur","Kabkabiya","Es Serif",2018,0.65419065952301
"North Darfur","Kabkabiya","Es Serif",2019,1.47120118141174
"North Darfur","Kabkabiya","Es Serif",2020,0
"North Darfur","Kabkabiya","Es Serif",2021,0.643982231616974
"North Darfur","Kabkabiya","Es Serif",2022,0
"North Darfur","Kabkabiya","Es Serif",2023,0
"North Darfur","Kabkabiya","Es Serif",2024,0
"North Darfur","Kabkabiya","Kabkabiya",2012,71.5923767089844
"North Darfur","Kabkabiya","Kabkabiya",2013,59.342170715332
"North Darfur","Kabkabiya","Kabkabiya",2014,42.8173980712891
"North Darfur","Kabkabiya","Kabkabiya",2015,39.0434341430664
"North Darfur","Kabkabiya","Kabkabiya",2016,35.666690826416
"North Darfur","Kabkabiya","Kabkabiya",2017,24.8569316864014
"North Darfur","Kabkabiya","Kabkabiya",2018,17.7474632263184
"North Darfur","Kabkabiya","Kabkabiya",2019,39.6467399597168
"North Darfur","Kabkabiya","Kabkabiya",2020,39.690788269043
"North Darfur","Kabkabiya","Kabkabiya",2021,8.87163257598877
"North Darfur","Kabkabiya","Kabkabiya",2022,4.4351282119751
"North Darfur","Kabkabiya","Kabkabiya",2023,7.78944683074951
"North Darfur","Kabkabiya","Kabkabiya",2024,0
"North Darfur","Kabkabiya","Serif Omar",2012,32.5427589416504
"North Darfur","Kabkabiya","Serif Omar",2013,18.9612922668457
"North Darfur","Kabkabiya","Serif Omar",2014,42.9911804199219
"North Darfur","Kabkabiya","Serif Omar",2015,41.4939193725586
"North Darfur","Kabkabiya","Serif Omar",2016,19.851713180542
"North Darfur","Kabkabiya","Serif Omar",2017,3.86642789840698
"North Darfur","Kabkabiya","Serif Omar",2018,10.3591575622559
"North Darfur","Kabkabiya","Serif Omar",2019,11.934814453125
"North Darfur","Kabkabiya","Serif Omar",2020,28.3927421569824
"North Darfur","Kabkabiya","Serif Omar",2021,0
"North Darfur","Kabkabiya","Serif Omar",2022,0.230324938893318
"North Darfur","Kabkabiya","Serif Omar",2023,0.98131936788559
"North Darfur","Kabkabiya","Serif Omar",2024,0
"North Darfur","Kutum","Karnoy",2012,77.0906600952148
"North Darfur","Kutum","Karnoy",2013,95.7312927246094
"North Darfur","Kutum","Karnoy",2014,90.4189987182617
"North Darfur","Kutum","Karnoy",2015,92.4704437255859
"North Darfur","Kutum","Karnoy",2016,92.8609619140625
"North Darfur","Kutum","Karnoy",2017,56.930534362793
"North Darfur","Kutum","Karnoy",2018,10.270191192627
"North Darfur","Kutum","Karnoy",2019,0
"North Darfur","Kutum","Karnoy",2020,0
"North Darfur","Kutum","Karnoy",2021,0
"North Darfur","Kutum","Karnoy",2022,0
"North Darfur","Kutum","Karnoy",2023,0
"North Darfur","Kutum","Karnoy",2024,0.24594846367836
"North Darfur","Kutum","Kottom",2012,24.2415218353271
"North Darfur","Kutum","Kottom",2013,21.0609722137451
"North Darfur","Kutum","Kottom",2014,42.4830894470215
"North Darfur","Kutum","Kottom",2015,38.8563270568848
"North Darfur","Kutum","Kottom",2016,38.4941673278809
"North Darfur","Kutum","Kottom",2017,35.6786193847656
"North Darfur","Kutum","Kottom",2018,32.4715042114258
"North Darfur","Kutum","Kottom",2019,47.6675796508789
"North Darfur","Kutum","Kottom",2020,33.5960388183594
"North Darfur","Kutum","Kottom",2021,1.47207617759705
"North Darfur","Kutum","Kottom",2022,1.51385951042175
"North Darfur","Kutum","Kottom",2023,0.817320287227631
"North Darfur","Kutum","Kottom",2024,0
"North Darfur","Mellit","El Maleha",2012,15.5563373565674
"North Darfur","Mellit","El Maleha",2013,15.6811618804932
"North Darfur","Mellit","El Maleha",2014,12.4765348434448
"North Darfur","Mellit","El Maleha",2015,14.8176307678223
"North Darfur","Mellit","El Maleha",2016,14.8380441665649
"North Darfur","Mellit","El Maleha",2017,6.50320148468018
"North Darfur","Mellit","El Maleha",2018,0
"North Darfur","Mellit","El Maleha",2019,0
"North Darfur","Mellit","El Maleha",2020,0
"North Darfur","Mellit","El Maleha",2021,0
"North Darfur","Mellit","El Maleha",2022,0
"North Darfur","Mellit","El Maleha",2023,5.74953651428223
"North Darfur","Mellit","El Maleha",2024,3.8633828163147
"North Darfur","Mellit","Millet",2012,29.8256893157959
"North Darfur","Mellit","Millet",2013,16.7973442077637
"North Darfur","Mellit","Millet",2014,19.8428268432617
"North Darfur","Mellit","Millet",2015,15.5645809173584
"North Darfur","Mellit","Millet",2016,10.7756404876709
"North Darfur","Mellit","Millet",2017,6.51289129257202
"North Darfur","Mellit","Millet",2018,0
"North Darfur","Mellit","Millet",2019,0
"North Darfur","Mellit","Millet",2020,0
"North Darfur","Mellit","Millet",2021,0
"North Darfur","Mellit","Millet",2022,2.24103975296021
"North Darfur","Mellit","Millet",2023,6.1675763130188
"North Darfur","Mellit","Millet",2024,0
"North Darfur","Mellit","Umm Barro",2012,1.8792929649353
"North Darfur","Mellit","Umm Barro",2013,0.699216425418854
"North Darfur","Mellit","Umm Barro",2014,2.8882167339325
"North Darfur","Mellit","Umm Barro",2015,2.52269840240479
"North Darfur","Mellit","Umm Barro",2016,0
"North Darfur","Mellit","Umm Barro",2017,0
"North Darfur","Mellit","Umm Barro",2018,0
"North Darfur","Mellit","Umm Barro",2019,0
"North Darfur","Mellit","Umm Barro",2020,0
"North Darfur","Mellit","Umm Barro",2021,2.56810164451599
"North Darfur","Mellit","Umm Barro",2022,0.62203449010849
"North Darfur","Mellit","Umm Barro",2023,0.549605786800385
"North Darfur","Mellit","Umm Barro",2024,0
"North Darfur","Um Kadada","El Le Aeit En Nabi",2012,0
"North Darfur","Um Kadada","El Le Aeit En Nabi",2013,0
"North Darfur","Um Kadada","El Le Aeit En Nabi",2014,0
"North Darfur","Um Kadada","El Le Aeit En Nabi",2015,0
"North Darfur","Um Kadada","El Le Aeit En Nabi",2016,0
"North Darfur","Um Kadada","El Le Aeit En Nabi",2017,0
"North Darfur","Um Kadada","El Le Aeit En Nabi",2018,0
"North Darfur","Um Kadada","El Le Aeit En Nabi",2019,0
"North Darfur","Um Kadada","El Le Aeit En Nabi",2020,0
"North Darfur","Um Kadada","El Le Aeit En Nabi",2021,0
"North Darfur","Um Kadada","El Le Aeit En Nabi",2022,0
"North Darfur","Um Kadada","El Le Aeit En Nabi",2023,0
"North Darfur","Um Kadada","El Le Aeit En Nabi",2024,0
"North Darfur","Um Kadada","Umm Kedada",2012,49.0490455627441
"North Darfur","Um Kadada","Umm Kedada",2013,49.8038330078125
"North Darfur","Um Kadada","Umm Kedada",2014,42.6958427429199
"North Darfur","Um Kadada","Umm Kedada",2015,54.0292205810547
"North Darfur","Um Kadada","Umm Kedada",2016,34.8496589660645
"North Darfur","Um Kadada","Umm Kedada",2017,11.8760042190552
"North Darfur","Um Kadada","Umm Kedada",2018,0
"North Darfur","Um Kadada","Umm Kedada",2019,0
"North Darfur","Um Kadada","Umm Kedada",2020,0
"North Darfur","Um Kadada","Umm Kedada",2021,0
"North Darfur","Um Kadada","Umm Kedada",2022,0
"North Darfur","Um Kadada","Umm Kedada",2023,0
"North Darfur","Um Kadada","Umm Kedada",2024,0
"North Kurdufan","Bara","Abu Haraz",2012,39.9471054077148
"North Kurdufan","Bara","Abu Haraz",2013,34.8032302856445
"North Kurdufan","Bara","Abu Haraz",2014,34.0866851806641
"North Kurdufan","Bara","Abu Haraz",2015,28.7524547576904
"North Kurdufan","Bara","Abu Haraz",2016,23.3584499359131
"North Kurdufan","Bara","Abu Haraz",2017,24.0700054168701
"North Kurdufan","Bara","Abu Haraz",2018,14.3481101989746
"North Kurdufan","Bara","Abu Haraz",2019,13.8135738372803
"North Kurdufan","Bara","Abu Haraz",2020,11.3199701309204
"North Kurdufan","Bara","Abu Haraz",2021,12.6078901290894
"North Kurdufan","Bara","Abu Haraz",2022,36.5884208679199
"North Kurdufan","Bara","Abu Haraz",2023,16.925609588623
"North Kurdufan","Bara","Abu Haraz",2024,0
"North Kurdufan","Bara","Kazgeil",2012,0
"North Kurdufan","Bara","Kazgeil",2013,0
"North Kurdufan","Bara","Kazgeil",2014,0
"North Kurdufan","Bara","Kazgeil",2015,0
"North Kurdufan","Bara","Kazgeil",2016,0
"North Kurdufan","Bara","Kazgeil",2017,0
"North Kurdufan","Bara","Kazgeil",2018,0
"North Kurdufan","Bara","Kazgeil",2019,0
"North Kurdufan","Bara","Kazgeil",2020,0
"North Kurdufan","Bara","Kazgeil",2021,0
"North Kurdufan","Bara","Kazgeil",2022,0
"North Kurdufan","Bara","Kazgeil",2023,0
"North Kurdufan","Bara","Kazgeil",2024,0
"North Kurdufan","Bara","Khur Taget",2012,1424.6171875
"North Kurdufan","Bara","Khur Taget",2013,1508.84851074219
"North Kurdufan","Bara","Khur Taget",2014,1589.99584960938
"North Kurdufan","Bara","Khur Taget",2015,1976.4921875
"North Kurdufan","Bara","Khur Taget",2016,2608.853515625
"North Kurdufan","Bara","Khur Taget",2017,3012.45043945312
"North Kurdufan","Bara","Khur Taget",2018,3360.9228515625
"North Kurdufan","Bara","Khur Taget",2019,3638.88720703125
"North Kurdufan","Bara","Khur Taget",2020,4161.37841796875
"North Kurdufan","Bara","Khur Taget",2021,3994.38842773438
"North Kurdufan","Bara","Khur Taget",2022,4607.43310546875
"North Kurdufan","Bara","Khur Taget",2023,4378.67138671875
"North Kurdufan","Bara","Khur Taget",2024,1501.53015136719
"North Kurdufan","Bara","Umm Ashira",2012,0
"North Kurdufan","Bara","Umm Ashira",2013,0
"North Kurdufan","Bara","Umm Ashira",2014,0
"North Kurdufan","Bara","Umm Ashira",2015,0
"North Kurdufan","Bara","Umm Ashira",2016,0
"North Kurdufan","Bara","Umm Ashira",2017,0
"North Kurdufan","Bara","Umm Ashira",2018,0
"North Kurdufan","Bara","Umm Ashira",2019,0
"North Kurdufan","Bara","Umm Ashira",2020,0
"North Kurdufan","Bara","Umm Ashira",2021,0
"North Kurdufan","Bara","Umm Ashira",2022,0
"North Kurdufan","Bara","Umm Ashira",2023,0
"North Kurdufan","Bara","Umm Ashira",2024,0
"North Kurdufan","Jebrat al Sheikh","Jebrat Esh Sheikh",2012,7.69815444946289
"North Kurdufan","Jebrat al Sheikh","Jebrat Esh Sheikh",2013,5.80456686019897
"North Kurdufan","Jebrat al Sheikh","Jebrat Esh Sheikh",2014,4.21627950668335
"North Kurdufan","Jebrat al Sheikh","Jebrat Esh Sheikh",2015,6.80075454711914
"North Kurdufan","Jebrat al Sheikh","Jebrat Esh Sheikh",2016,3.81094408035278
"North Kurdufan","Jebrat al Sheikh","Jebrat Esh Sheikh",2017,5.40270376205444
"North Kurdufan","Jebrat al Sheikh","Jebrat Esh Sheikh",2018,7.57648706436157
"North Kurdufan","Jebrat al Sheikh","Jebrat Esh Sheikh",2019,5.50778532028198
"North Kurdufan","Jebrat al Sheikh","Jebrat Esh Sheikh",2020,3.87712121009827
"North Kurdufan","Jebrat al Sheikh","Jebrat Esh Sheikh",2021,6.74749898910522
"North Kurdufan","Jebrat al Sheikh","Jebrat Esh Sheikh",2022,17.4680309295654
"North Kurdufan","Jebrat al Sheikh","Jebrat Esh Sheikh",2023,3.74294114112854
"North Kurdufan","Jebrat al Sheikh","Jebrat Esh Sheikh",2024,0
"North Kurdufan","Sheikan","Bara",2012,14.3458433151245
"North Kurdufan","Sheikan","Bara",2013,14.9545412063599
"North Kurdufan","Sheikan","Bara",2014,20.1274242401123
"North Kurdufan","Sheikan","Bara",2015,30.8246650695801
"North Kurdufan","Sheikan","Bara",2016,28.5647163391113
"North Kurdufan","Sheikan","Bara",2017,52.2660102844238
"North Kurdufan","Sheikan","Bara",2018,76.249153137207
"North Kurdufan","Sheikan","Bara",2019,134.56901550293
"North Kurdufan","Sheikan","Bara",2020,120.49584197998
"North Kurdufan","Sheikan","Bara",2021,112.255828857422
"North Kurdufan","Sheikan","Bara",2022,143.713119506836
"North Kurdufan","Sheikan","Bara",2023,87.4387054443359
"North Kurdufan","Sheikan","Bara",2024,18.0693244934082
"North Kurdufan","Sheikan","El Mazroub",2012,0
"North Kurdufan","Sheikan","El Mazroub",2013,0
"North Kurdufan","Sheikan","El Mazroub",2014,0
"North Kurdufan","Sheikan","El Mazroub",2015,0
"North Kurdufan","Sheikan","El Mazroub",2016,0
"North Kurdufan","Sheikan","El Mazroub",2017,0
"North Kurdufan","Sheikan","El Mazroub",2018,0
"North Kurdufan","Sheikan","El Mazroub",2019,0
"North Kurdufan","Sheikan","El Mazroub",2020,0
"North Kurdufan","Sheikan","El Mazroub",2021,0
"North Kurdufan","Sheikan","El Mazroub",2022,0
"North Kurdufan","Sheikan","El Mazroub",2023,0
"North Kurdufan","Sheikan","El Mazroub",2024,0
"North Kurdufan","Sheikan","Greigikh",2012,0
"North Kurdufan","Sheikan","Greigikh",2013,0
"North Kurdufan","Sheikan","Greigikh",2014,0
"North Kurdufan","Sheikan","Greigikh",2015,0
"North Kurdufan","Sheikan","Greigikh",2016,0
"North Kurdufan","Sheikan","Greigikh",2017,0
"North Kurdufan","Sheikan","Greigikh",2018,0
"North Kurdufan","Sheikan","Greigikh",2019,0
"North Kurdufan","Sheikan","Greigikh",2020,0
"North Kurdufan","Sheikan","Greigikh",2021,0
"North Kurdufan","Sheikan","Greigikh",2022,0
"North Kurdufan","Sheikan","Greigikh",2023,0
"North Kurdufan","Sheikan","Greigikh",2024,0
"North Kurdufan","Sheikan","Tayba",2012,0
"North Kurdufan","Sheikan","Tayba",2013,0
"North Kurdufan","Sheikan","Tayba",2014,0
"North Kurdufan","Sheikan","Tayba",2015,0
"North Kurdufan","Sheikan","Tayba",2016,0
"North Kurdufan","Sheikan","Tayba",2017,0
"North Kurdufan","Sheikan","Tayba",2018,0
"North Kurdufan","Sheikan","Tayba",2019,0
"North Kurdufan","Sheikan","Tayba",2020,0
"North Kurdufan","Sheikan","Tayba",2021,0
"North Kurdufan","Sheikan","Tayba",2022,0
"North Kurdufan","Sheikan","Tayba",2023,0
"North Kurdufan","Sheikan","Tayba",2024,0
"North Kurdufan","Sheikan","Umm Gerfa",2012,0
"North Kurdufan","Sheikan","Umm Gerfa",2013,0
"North Kurdufan","Sheikan","Umm Gerfa",2014,0
"North Kurdufan","Sheikan","Umm Gerfa",2015,0
"North Kurdufan","Sheikan","Umm Gerfa",2016,0
"North Kurdufan","Sheikan","Umm Gerfa",2017,0
"North Kurdufan","Sheikan","Umm Gerfa",2018,0
"North Kurdufan","Sheikan","Umm Gerfa",2019,0
"North Kurdufan","Sheikan","Umm Gerfa",2020,0
"North Kurdufan","Sheikan","Umm Gerfa",2021,0
"North Kurdufan","Sheikan","Umm Gerfa",2022,0
"North Kurdufan","Sheikan","Umm Gerfa",2023,0
"North Kurdufan","Sheikan","Umm Gerfa",2024,0
"North Kurdufan","Sheikan","Umm Kereidim",2012,0
"North Kurdufan","Sheikan","Umm Kereidim",2013,0
"North Kurdufan","Sheikan","Umm Kereidim",2014,0
"North Kurdufan","Sheikan","Umm Kereidim",2015,0
"North Kurdufan","Sheikan","Umm Kereidim",2016,0
"North Kurdufan","Sheikan","Umm Kereidim",2017,0
"North Kurdufan","Sheikan","Umm Kereidim",2018,0
"North Kurdufan","Sheikan","Umm Kereidim",2019,0
"North Kurdufan","Sheikan","Umm Kereidim",2020,0
"North Kurdufan","Sheikan","Umm Kereidim",2021,0
"North Kurdufan","Sheikan","Umm Kereidim",2022,0
"North Kurdufan","Sheikan","Umm Kereidim",2023,0
"North Kurdufan","Sheikan","Umm Kereidim",2024,0
"North Kurdufan","Sheikan","Umm Sayala",2012,95.8455963134766
"North Kurdufan","Sheikan","Umm Sayala",2013,85.2899856567383
"North Kurdufan","Sheikan","Umm Sayala",2014,87.8529968261719
"North Kurdufan","Sheikan","Umm Sayala",2015,81.5171432495117
"North Kurdufan","Sheikan","Umm Sayala",2016,73.7849197387695
"North Kurdufan","Sheikan","Umm Sayala",2017,82.1893997192383
"North Kurdufan","Sheikan","Umm Sayala",2018,87.8428268432617
"North Kurdufan","Sheikan","Umm Sayala",2019,95.9224166870117
"North Kurdufan","Sheikan","Umm Sayala",2020,81.6413421630859
"North Kurdufan","Sheikan","Umm Sayala",2021,83.1924057006836
"North Kurdufan","Sheikan","Umm Sayala",2022,77.4443435668945
"North Kurdufan","Sheikan","Umm Sayala",2023,11.216498374939
"North Kurdufan","Sheikan","Umm Sayala",2024,0
"North Kurdufan","Sowdari","Hamrat El Wiz",2012,0
"North Kurdufan","Sowdari","Hamrat El Wiz",2013,0
"North Kurdufan","Sowdari","Hamrat El Wiz",2014,0
"North Kurdufan","Sowdari","Hamrat El Wiz",2015,0
"North Kurdufan","Sowdari","Hamrat El Wiz",2016,0
"North Kurdufan","Sowdari","Hamrat El Wiz",2017,0.766158699989319
"North Kurdufan","Sowdari","Hamrat El Wiz",2018,14.4822587966919
"North Kurdufan","Sowdari","Hamrat El Wiz",2019,9.24199771881104
"North Kurdufan","Sowdari","Hamrat El Wiz",2020,6.77412128448486
"North Kurdufan","Sowdari","Hamrat El Wiz",2021,7.13463163375854
"North Kurdufan","Sowdari","Hamrat El Wiz",2022,12.9235248565674
"North Kurdufan","Sowdari","Hamrat El Wiz",2023,3.93856024742126
"North Kurdufan","Sowdari","Hamrat El Wiz",2024,0
"North Kurdufan","Sowdari","Hamrat Esh Sheikh",2012,0
"North Kurdufan","Sowdari","Hamrat Esh Sheikh",2013,0
"North Kurdufan","Sowdari","Hamrat Esh Sheikh",2014,0
"North Kurdufan","Sowdari","Hamrat Esh Sheikh",2015,0
"North Kurdufan","Sowdari","Hamrat Esh Sheikh",2016,0
"North Kurdufan","Sowdari","Hamrat Esh Sheikh",2017,0
"North Kurdufan","Sowdari","Hamrat Esh Sheikh",2018,0
"North Kurdufan","Sowdari","Hamrat Esh Sheikh",2019,0
"North Kurdufan","Sowdari","Hamrat Esh Sheikh",2020,0
"North Kurdufan","Sowdari","Hamrat Esh Sheikh",2021,0
"North Kurdufan","Sowdari","Hamrat Esh Sheikh",2022,0
"North Kurdufan","Sowdari","Hamrat Esh Sheikh",2023,0
"North Kurdufan","Sowdari","Hamrat Esh Sheikh",2024,0
"North Kurdufan","Sowdari","Sawdari",2012,0
"North Kurdufan","Sowdari","Sawdari",2013,0
"North Kurdufan","Sowdari","Sawdari",2014,0
"North Kurdufan","Sowdari","Sawdari",2015,11.3160514831543
"North Kurdufan","Sowdari","Sawdari",2016,7.53554058074951
"North Kurdufan","Sowdari","Sawdari",2017,8.63334560394287
"North Kurdufan","Sowdari","Sawdari",2018,6.80727386474609
"North Kurdufan","Sowdari","Sawdari",2019,6.08765172958374
"North Kurdufan","Sowdari","Sawdari",2020,6.38322353363037
"North Kurdufan","Sowdari","Sawdari",2021,7.58915376663208
"North Kurdufan","Sowdari","Sawdari",2022,6.77518177032471
"North Kurdufan","Sowdari","Sawdari",2023,2.43777394294739
"North Kurdufan","Sowdari","Sawdari",2024,0.823978126049042
"North Kurdufan","Sowdari","Umm Bader",2012,0
"North Kurdufan","Sowdari","Umm Bader",2013,0
"North Kurdufan","Sowdari","Umm Bader",2014,1.29471743106842
"North Kurdufan","Sowdari","Umm Bader",2015,8.14211177825928
"North Kurdufan","Sowdari","Umm Bader",2016,10.2867765426636
"North Kurdufan","Sowdari","Umm Bader",2017,31.6623497009277
"North Kurdufan","Sowdari","Umm Bader",2018,36.837718963623
"North Kurdufan","Sowdari","Umm Bader",2019,46.3531112670898
"North Kurdufan","Sowdari","Umm Bader",2020,51.1682548522949
"North Kurdufan","Sowdari","Umm Bader",2021,49.5305442810059
"North Kurdufan","Sowdari","Umm Bader",2022,66.407600402832
"North Kurdufan","Sowdari","Umm Bader",2023,38.7006187438965
"North Kurdufan","Sowdari","Umm Bader",2024,31.8013534545898
"North Kurdufan","Um Rawaba","Er Rahad",2012,61.6768760681152
"North Kurdufan","Um Rawaba","Er Rahad",2013,72.161979675293
"North Kurdufan","Um Rawaba","Er Rahad",2014,92.824836730957
"North Kurdufan","Um Rawaba","Er Rahad",2015,126.385391235352
"North Kurdufan","Um Rawaba","Er Rahad",2016,129.989883422852
"North Kurdufan","Um Rawaba","Er Rahad",2017,160.999313354492
"North Kurdufan","Um Rawaba","Er Rahad",2018,180.74494934082
"North Kurdufan","Um Rawaba","Er Rahad",2019,201.994476318359
"North Kurdufan","Um Rawaba","Er Rahad",2020,321.842407226562
"North Kurdufan","Um Rawaba","Er Rahad",2021,326.310943603516
"North Kurdufan","Um Rawaba","Er Rahad",2022,462.794464111328
"North Kurdufan","Um Rawaba","Er Rahad",2023,450.155242919922
"North Kurdufan","Um Rawaba","Er Rahad",2024,158.229705810547
"North Kurdufan","Um Rawaba","Shirkeila",2012,0
"North Kurdufan","Um Rawaba","Shirkeila",2013,0
"North Kurdufan","Um Rawaba","Shirkeila",2014,0
"North Kurdufan","Um Rawaba","Shirkeila",2015,0
"North Kurdufan","Um Rawaba","Shirkeila",2016,0
"North Kurdufan","Um Rawaba","Shirkeila",2017,0
"North Kurdufan","Um Rawaba","Shirkeila",2018,0
"North Kurdufan","Um Rawaba","Shirkeila",2019,0
"North Kurdufan","Um Rawaba","Shirkeila",2020,0
"North Kurdufan","Um Rawaba","Shirkeila",2021,0
"North Kurdufan","Um Rawaba","Shirkeila",2022,0
"North Kurdufan","Um Rawaba","Shirkeila",2023,0
"North Kurdufan","Um Rawaba","Shirkeila",2024,0
"North Kurdufan","Um Rawaba","Umm Dam",2012,0
"North Kurdufan","Um Rawaba","Umm Dam",2013,0
"North Kurdufan","Um Rawaba","Umm Dam",2014,0
"North Kurdufan","Um Rawaba","Umm Dam",2015,0
"North Kurdufan","Um Rawaba","Umm Dam",2016,0
"North Kurdufan","Um Rawaba","Umm Dam",2017,0
"North Kurdufan","Um Rawaba","Umm Dam",2018,0
"North Kurdufan","Um Rawaba","Umm Dam",2019,0
"North Kurdufan","Um Rawaba","Umm Dam",2020,0
"North Kurdufan","Um Rawaba","Umm Dam",2021,0
"North Kurdufan","Um Rawaba","Umm Dam",2022,0
"North Kurdufan","Um Rawaba","Umm Dam",2023,0.571693241596222
"North Kurdufan","Um Rawaba","Umm Dam",2024,0
"North Kurdufan","Um Rawaba","Umm Rawaba",2012,85.8662796020508
"North Kurdufan","Um Rawaba","Umm Rawaba",2013,83.775260925293
"North Kurdufan","Um Rawaba","Umm Rawaba",2014,109.827339172363
"North Kurdufan","Um Rawaba","Umm Rawaba",2015,142.361190795898
"North Kurdufan","Um Rawaba","Umm Rawaba",2016,187.130920410156
"North Kurdufan","Um Rawaba","Umm Rawaba",2017,242.287826538086
"North Kurdufan","Um Rawaba","Umm Rawaba",2018,341.256256103516
"North Kurdufan","Um Rawaba","Umm Rawaba",2019,368.420013427734
"North Kurdufan","Um Rawaba","Umm Rawaba",2020,432.512420654297
"North Kurdufan","Um Rawaba","Umm Rawaba",2021,417.888153076172
"North Kurdufan","Um Rawaba","Umm Rawaba",2022,483.625366210938
"North Kurdufan","Um Rawaba","Umm Rawaba",2023,631.443908691406
"North Kurdufan","Um Rawaba","Umm Rawaba",2024,378.717834472656
"North Kurdufan","Um Rawaba","Wad Ashana",2012,0
"North Kurdufan","Um Rawaba","Wad Ashana",2013,0
"North Kurdufan","Um Rawaba","Wad Ashana",2014,0
"North Kurdufan","Um Rawaba","Wad Ashana",2015,0
"North Kurdufan","Um Rawaba","Wad Ashana",2016,0
"North Kurdufan","Um Rawaba","Wad Ashana",2017,1.18366360664368
"North Kurdufan","Um Rawaba","Wad Ashana",2018,0.511017501354218
"North Kurdufan","Um Rawaba","Wad Ashana",2019,0
"North Kurdufan","Um Rawaba","Wad Ashana",2020,5.80573463439941
"North Kurdufan","Um Rawaba","Wad Ashana",2021,9.10509395599365
"North Kurdufan","Um Rawaba","Wad Ashana",2022,16.5759506225586
"North Kurdufan","Um Rawaba","Wad Ashana",2023,16.8964576721191
"North Kurdufan","Um Rawaba","Wad Ashana",2024,0
"Northern","Addabah","Ed Dabba",2012,91.525749206543
"Northern","Addabah","Ed Dabba",2013,112.452133178711
"Northern","Addabah","Ed Dabba",2014,201.507934570312
"Northern","Addabah","Ed Dabba",2015,264.911163330078
"Northern","Addabah","Ed Dabba",2016,270.093505859375
"Northern","Addabah","Ed Dabba",2017,397.411407470703
"Northern","Addabah","Ed Dabba",2018,406.295654296875
"Northern","Addabah","Ed Dabba",2019,485.360229492188
"Northern","Addabah","Ed Dabba",2020,658.006408691406
"Northern","Addabah","Ed Dabba",2021,711.965148925781
"Northern","Addabah","Ed Dabba",2022,1008.42022705078
"Northern","Addabah","Ed Dabba",2023,1191.80895996094
"Northern","Addabah","Ed Dabba",2024,1898.46826171875
"Northern","Dongola","Argo",2012,59.8641128540039
"Northern","Dongola","Argo",2013,133.860549926758
"Northern","Dongola","Argo",2014,253.833068847656
"Northern","Dongola","Argo",2015,354.074249267578
"Northern","Dongola","Argo",2016,440.140289306641
"Northern","Dongola","Argo",2017,508.354156494141
"Northern","Dongola","Argo",2018,608.189025878906
"Northern","Dongola","Argo",2019,758.476745605469
"Northern","Dongola","Argo",2020,995.735046386719
"Northern","Dongola","Argo",2021,1205.09704589844
"Northern","Dongola","Argo",2022,1484.3603515625
"Northern","Dongola","Argo",2023,2149.833984375
"Northern","Dongola","Argo",2024,3243.06420898438
"Northern","Dongola","Dongola",2012,777.414184570312
"Northern","Dongola","Dongola",2013,755.012023925781
"Northern","Dongola","Dongola",2014,837.020385742188
"Northern","Dongola","Dongola",2015,1098.60974121094
"Northern","Dongola","Dongola",2016,1246.65222167969
"Northern","Dongola","Dongola",2017,1343.86511230469
"Northern","Dongola","Dongola",2018,1415.32922363281
"Northern","Dongola","Dongola",2019,1470.99462890625
"Northern","Dongola","Dongola",2020,1902.79138183594
"Northern","Dongola","Dongola",2021,2122.20361328125
"Northern","Dongola","Dongola",2022,2605.83447265625
"Northern","Dongola","Dongola",2023,3961.787109375
"Northern","Dongola","Dongola",2024,5103.89111328125
"Northern","Dongola","El Golid",2012,18.9062232971191
"Northern","Dongola","El Golid",2013,44.2508125305176
"Northern","Dongola","El Golid",2014,82.1156234741211
"Northern","Dongola","El Golid",2015,125.555381774902
"Northern","Dongola","El Golid",2016,187.065490722656
"Northern","Dongola","El Golid",2017,268.3525390625
"Northern","Dongola","El Golid",2018,285.568634033203
"Northern","Dongola","El Golid",2019,364.514678955078
"Northern","Dongola","El Golid",2020,551.329895019531
"Northern","Dongola","El Golid",2021,693.286010742188
"Northern","Dongola","El Golid",2022,850.232238769531
"Northern","Dongola","El Golid",2023,1277.88244628906
"Northern","Dongola","El Golid",2024,1914.85168457031
"Northern","Merawi","Karima",2012,581.652221679688
"Northern","Merawi","Karima",2013,636.7890625
"Northern","Merawi","Karima",2014,598.548461914062
"Northern","Merawi","Karima",2015,626.900207519531
"Northern","Merawi","Karima",2016,729.728454589844
"Northern","Merawi","Karima",2017,826.004821777344
"Northern","Merawi","Karima",2018,838.143127441406
"Northern","Merawi","Karima",2019,949.936218261719
"Northern","Merawi","Karima",2020,942.975769042969
"Northern","Merawi","Karima",2021,1048.60693359375
"Northern","Merawi","Karima",2022,1192.54858398438
"Northern","Merawi","Karima",2023,1525.51501464844
"Northern","Merawi","Karima",2024,2299.65869140625
"Northern","Merawi","Marawi",2012,484.825500488281
"Northern","Merawi","Marawi",2013,475.867706298828
"Northern","Merawi","Marawi",2014,510.862274169922
"Northern","Merawi","Marawi",2015,594.164001464844
"Northern","Merawi","Marawi",2016,540.213439941406
"Northern","Merawi","Marawi",2017,663.913330078125
"Northern","Merawi","Marawi",2018,636.888000488281
"Northern","Merawi","Marawi",2019,585.578002929688
"Northern","Merawi","Marawi",2020,644.739013671875
"Northern","Merawi","Marawi",2021,831.152526855469
"Northern","Merawi","Marawi",2022,1000.265625
"Northern","Merawi","Marawi",2023,1323.52075195312
"Northern","Merawi","Marawi",2024,1930.34802246094
"Northern","Wadi Halfa","Abri",2012,0
"Northern","Wadi Halfa","Abri",2013,0
"Northern","Wadi Halfa","Abri",2014,14.1925420761108
"Northern","Wadi Halfa","Abri",2015,42.2113227844238
"Northern","Wadi Halfa","Abri",2016,59.351245880127
"Northern","Wadi Halfa","Abri",2017,100.880966186523
"Northern","Wadi Halfa","Abri",2018,105.611434936523
"Northern","Wadi Halfa","Abri",2019,141.22834777832
"Northern","Wadi Halfa","Abri",2020,201.129302978516
"Northern","Wadi Halfa","Abri",2021,238.947708129883
"Northern","Wadi Halfa","Abri",2022,343.3671875
"Northern","Wadi Halfa","Abri",2023,544.888793945312
"Northern","Wadi Halfa","Abri",2024,825.674438476562
"Northern","Wadi Halfa","Delgo",2012,14.2287979125977
"Northern","Wadi Halfa","Delgo",2013,42.088207244873
"Northern","Wadi Halfa","Delgo",2014,95.511360168457
"Northern","Wadi Halfa","Delgo",2015,123.076934814453
"Northern","Wadi Halfa","Delgo",2016,159.549087524414
"Northern","Wadi Halfa","Delgo",2017,191.489868164062
"Northern","Wadi Halfa","Delgo",2018,324.914459228516
"Northern","Wadi Halfa","Delgo",2019,443.86572265625
"Northern","Wadi Halfa","Delgo",2020,756.53466796875
"Northern","Wadi Halfa","Delgo",2021,1002.00073242188
"Northern","Wadi Halfa","Delgo",2022,1205.85693359375
"Northern","Wadi Halfa","Delgo",2023,1617.45642089844
"Northern","Wadi Halfa","Delgo",2024,2158.15185546875
"Northern","Wadi Halfa","Wadi Halfa",2012,105.994506835938
"Northern","Wadi Halfa","Wadi Halfa",2013,132.220886230469
"Northern","Wadi Halfa","Wadi Halfa",2014,184.57942199707
"Northern","Wadi Halfa","Wadi Halfa",2015,254.90495300293
"Northern","Wadi Halfa","Wadi Halfa",2016,372.786987304688
"Northern","Wadi Halfa","Wadi Halfa",2017,969.681823730469
"Northern","Wadi Halfa","Wadi Halfa",2018,924.196044921875
"Northern","Wadi Halfa","Wadi Halfa",2019,954.055969238281
"Northern","Wadi Halfa","Wadi Halfa",2020,927.646728515625
"Northern","Wadi Halfa","Wadi Halfa",2021,1065.06762695312
"Northern","Wadi Halfa","Wadi Halfa",2022,1257.6494140625
"Northern","Wadi Halfa","Wadi Halfa",2023,1358.06018066406
"Northern","Wadi Halfa","Wadi Halfa",2024,1752.81640625
"Red Sea","Halayeb","Atbai",2012,386.363464355469
"Red Sea","Halayeb","Atbai",2013,371.624603271484
"Red Sea","Halayeb","Atbai",2014,364.34814453125
"Red Sea","Halayeb","Atbai",2015,644.642578125
"Red Sea","Halayeb","Atbai",2016,616.331115722656
"Red Sea","Halayeb","Atbai",2017,579.206604003906
"Red Sea","Halayeb","Atbai",2018,511.053833007812
"Red Sea","Halayeb","Atbai",2019,550.705810546875
"Red Sea","Halayeb","Atbai",2020,657.305053710938
"Red Sea","Halayeb","Atbai",2021,692.803588867188
"Red Sea","Halayeb","Atbai",2022,809.23974609375
"Red Sea","Halayeb","Atbai",2023,926.110534667969
"Red Sea","Halayeb","Atbai",2024,1156.54113769531
"Red Sea","Halayeb","Gebeit Maadin",2012,0
"Red Sea","Halayeb","Gebeit Maadin",2013,0
"Red Sea","Halayeb","Gebeit Maadin",2014,0
"Red Sea","Halayeb","Gebeit Maadin",2015,0
"Red Sea","Halayeb","Gebeit Maadin",2016,0
"Red Sea","Halayeb","Gebeit Maadin",2017,0
"Red Sea","Halayeb","Gebeit Maadin",2018,0
"Red Sea","Halayeb","Gebeit Maadin",2019,0
"Red Sea","Halayeb","Gebeit Maadin",2020,0
"Red Sea","Halayeb","Gebeit Maadin",2021,0
"Red Sea","Halayeb","Gebeit Maadin",2022,0
"Red Sea","Halayeb","Gebeit Maadin",2023,1.2262077331543
"Red Sea","Halayeb","Gebeit Maadin",2024,4.10308074951172
"Red Sea","Port Sudan","Port Sudan",2012,0
"Red Sea","Port Sudan","Port Sudan",2013,0
"Red Sea","Port Sudan","Port Sudan",2014,3.8382842540741
"Red Sea","Port Sudan","Port Sudan",2015,13.1198406219482
"Red Sea","Port Sudan","Port Sudan",2016,10.6644411087036
"Red Sea","Port Sudan","Port Sudan",2017,21.0251369476318
"Red Sea","Port Sudan","Port Sudan",2018,89.0296020507812
"Red Sea","Port Sudan","Port Sudan",2019,87.1104507446289
"Red Sea","Port Sudan","Port Sudan",2020,159.852828979492
"Red Sea","Port Sudan","Port Sudan",2021,266.312347412109
"Red Sea","Port Sudan","Port Sudan",2022,487.770385742188
"Red Sea","Port Sudan","Port Sudan",2023,432.388610839844
"Red Sea","Port Sudan","Port Sudan",2024,548.930541992188
"Red Sea","Port Sudan","Sawakin Town",2012,5672.2431640625
"Red Sea","Port Sudan","Sawakin Town",2013,6160.78857421875
"Red Sea","Port Sudan","Sawakin Town",2014,7069.02490234375
"Red Sea","Port Sudan","Sawakin Town",2015,8231.24609375
"Red Sea","Port Sudan","Sawakin Town",2016,8618.373046875
"Red Sea","Port Sudan","Sawakin Town",2017,8783.919921875
"Red Sea","Port Sudan","Sawakin Town",2018,9429.849609375
"Red Sea","Port Sudan","Sawakin Town",2019,8895.6162109375
"Red Sea","Port Sudan","Sawakin Town",2020,8404.9423828125
"Red Sea","Port Sudan","Sawakin Town",2021,7890.02490234375
"Red Sea","Port Sudan","Sawakin Town",2022,8479.2880859375
"Red Sea","Port Sudan","Sawakin Town",2023,10505.0224609375
"Red Sea","Port Sudan","Sawakin Town",2024,11805.3359375
"Red Sea","Sinkat","Dordeib",2012,0
"Red Sea","Sinkat","Dordeib",2013,0
"Red Sea","Sinkat","Dordeib",2014,1.48407673835754
"Red Sea","Sinkat","Dordeib",2015,15.8898983001709
"Red Sea","Sinkat","Dordeib",2016,57.5349578857422
"Red Sea","Sinkat","Dordeib",2017,120.359771728516
"Red Sea","Sinkat","Dordeib",2018,153.053863525391
"Red Sea","Sinkat","Dordeib",2019,340.101898193359
"Red Sea","Sinkat","Dordeib",2020,651.182678222656
"Red Sea","Sinkat","Dordeib",2021,809.038940429688
"Red Sea","Sinkat","Dordeib",2022,887.771850585938
"Red Sea","Sinkat","Dordeib",2023,830.100219726562
"Red Sea","Sinkat","Dordeib",2024,956.941162109375
"Red Sea","Sinkat","Gebeit",2012,0
"Red Sea","Sinkat","Gebeit",2013,0
"Red Sea","Sinkat","Gebeit",2014,0
"Red Sea","Sinkat","Gebeit",2015,3.99413084983826
"Red Sea","Sinkat","Gebeit",2016,0
"Red Sea","Sinkat","Gebeit",2017,0
"Red Sea","Sinkat","Gebeit",2018,0
"Red Sea","Sinkat","Gebeit",2019,0
"Red Sea","Sinkat","Gebeit",2020,0
"Red Sea","Sinkat","Gebeit",2021,0
"Red Sea","Sinkat","Gebeit",2022,0.574505269527435
"Red Sea","Sinkat","Gebeit",2023,3.65917730331421
"Red Sea","Sinkat","Gebeit",2024,17.1852054595947
"Red Sea","Sinkat","Haya",2012,52.3777885437012
"Red Sea","Sinkat","Haya",2013,39.2783660888672
"Red Sea","Sinkat","Haya",2014,40.1194114685059
"Red Sea","Sinkat","Haya",2015,39.2874450683594
"Red Sea","Sinkat","Haya",2016,34.477165222168
"Red Sea","Sinkat","Haya",2017,54.4067878723145
"Red Sea","Sinkat","Haya",2018,66.6199722290039
"Red Sea","Sinkat","Haya",2019,67.6820602416992
"Red Sea","Sinkat","Haya",2020,71.6569976806641
"Red Sea","Sinkat","Haya",2021,71.896858215332
"Red Sea","Sinkat","Haya",2022,92.8688583374023
"Red Sea","Sinkat","Haya",2023,161.219146728516
"Red Sea","Sinkat","Haya",2024,159.512634277344
"Red Sea","Sinkat","Mosamar",2012,461.491577148438
"Red Sea","Sinkat","Mosamar",2013,468.596343994141
"Red Sea","Sinkat","Mosamar",2014,498.880798339844
"Red Sea","Sinkat","Mosamar",2015,470.412384033203
"Red Sea","Sinkat","Mosamar",2016,448.500762939453
"Red Sea","Sinkat","Mosamar",2017,398.525329589844
"Red Sea","Sinkat","Mosamar",2018,320.115905761719
"Red Sea","Sinkat","Mosamar",2019,334.071441650391
"Red Sea","Sinkat","Mosamar",2020,415.346832275391
"Red Sea","Sinkat","Mosamar",2021,543.072326660156
"Red Sea","Sinkat","Mosamar",2022,783.770141601562
"Red Sea","Sinkat","Mosamar",2023,679.583557128906
"Red Sea","Sinkat","Mosamar",2024,689.565490722656
"Red Sea","Sinkat","Sinkat",2012,1.11505198478699
"Red Sea","Sinkat","Sinkat",2013,1.78877353668213
"Red Sea","Sinkat","Sinkat",2014,1.83481812477112
"Red Sea","Sinkat","Sinkat",2015,1.0699257850647
"Red Sea","Sinkat","Sinkat",2016,0.632575154304504
"Red Sea","Sinkat","Sinkat",2017,5.09107255935669
"Red Sea","Sinkat","Sinkat",2018,3.30151748657227
"Red Sea","Sinkat","Sinkat",2019,0
"Red Sea","Sinkat","Sinkat",2020,0
"Red Sea","Sinkat","Sinkat",2021,0
"Red Sea","Sinkat","Sinkat",2022,0
"Red Sea","Sinkat","Sinkat",2023,57.1506996154785
"Red Sea","Sinkat","Sinkat",2024,230.704010009766
"Red Sea","Tokar","Tokar Genoub",2012,0
"Red Sea","Tokar","Tokar Genoub",2013,0
"Red Sea","Tokar","Tokar Genoub",2014,0
"Red Sea","Tokar","Tokar Genoub",2015,0
"Red Sea","Tokar","Tokar Genoub",2016,0
"Red Sea","Tokar","Tokar Genoub",2017,0
"Red Sea","Tokar","Tokar Genoub",2018,0
"Red Sea","Tokar","Tokar Genoub",2019,0
"Red Sea","Tokar","Tokar Genoub",2020,0
"Red Sea","Tokar","Tokar Genoub",2021,7.28454051568406e-06
"Red Sea","Tokar","Tokar Genoub",2022,0.617753446102142
"Red Sea","Tokar","Tokar Genoub",2023,0
"Red Sea","Tokar","Tokar Genoub",2024,0
"Red Sea","Tokar","Tokar North",2012,8.01581382751465
"Red Sea","Tokar","Tokar North",2013,7.87474584579468
"Red Sea","Tokar","Tokar North",2014,16.6801280975342
"Red Sea","Tokar","Tokar North",2015,23.1465454101562
"Red Sea","Tokar","Tokar North",2016,17.4725875854492
"Red Sea","Tokar","Tokar North",2017,8.98817729949951
"Red Sea","Tokar","Tokar North",2018,354.584808349609
"Red Sea","Tokar","Tokar North",2019,304.711242675781
"Red Sea","Tokar","Tokar North",2020,228.463256835938
"Red Sea","Tokar","Tokar North",2021,224.686645507812
"Red Sea","Tokar","Tokar North",2022,136.448684692383
"Red Sea","Tokar","Tokar North",2023,104.825790405273
"Red Sea","Tokar","Tokar North",2024,229.723510742188
"River Nile","Abu Hamad","Abu Hamad",2012,14.2998886108398
"River Nile","Abu Hamad","Abu Hamad",2013,14.7291736602783
"River Nile","Abu Hamad","Abu Hamad",2014,120.210556030273
"River Nile","Abu Hamad","Abu Hamad",2015,200.329254150391
"River Nile","Abu Hamad","Abu Hamad",2016,468.294128417969
"River Nile","Abu Hamad","Abu Hamad",2017,582.12890625
"River Nile","Abu Hamad","Abu Hamad",2018,668.632751464844
"River Nile","Abu Hamad","Abu Hamad",2019,842.712768554688
"River Nile","Abu Hamad","Abu Hamad",2020,1190.49426269531
"River Nile","Abu Hamad","Abu Hamad",2021,1969.78552246094
"River Nile","Abu Hamad","Abu Hamad",2022,2733.55322265625
"River Nile","Abu Hamad","Abu Hamad",2023,2637.33325195312
"River Nile","Abu Hamad","Abu Hamad",2024,2694.81030273438
"River Nile","Abu Hamad","El Shereik",2012,17.2256946563721
"River Nile","Abu Hamad","El Shereik",2013,9.61263084411621
"River Nile","Abu Hamad","El Shereik",2014,1.46678447723389
"River Nile","Abu Hamad","El Shereik",2015,0
"River Nile","Abu Hamad","El Shereik",2016,0
"River Nile","Abu Hamad","El Shereik",2017,0
"River Nile","Abu Hamad","El Shereik",2018,9.30590629577637
"River Nile","Abu Hamad","El Shereik",2019,14.7956953048706
"River Nile","Abu Hamad","El Shereik",2020,27.7673206329346
"River Nile","Abu Hamad","El Shereik",2021,51.2700233459473
"River Nile","Abu Hamad","El Shereik",2022,74.353385925293
"River Nile","Abu Hamad","El Shereik",2023,163.401748657227
"River Nile","Abu Hamad","El Shereik",2024,285.335815429688
"River Nile","Abu Hamad","Sherri",2012,0
"River Nile","Abu Hamad","Sherri",2013,0
"River Nile","Abu Hamad","Sherri",2014,0
"River Nile","Abu Hamad","Sherri",2015,0
"River Nile","Abu Hamad","Sherri",2016,0
"River Nile","Abu Hamad","Sherri",2017,0
"River Nile","Abu Hamad","Sherri",2018,0
"River Nile","Abu Hamad","Sherri",2019,0
"River Nile","Abu Hamad","Sherri",2020,0
"River Nile","Abu Hamad","Sherri",2021,0
"River Nile","Abu Hamad","Sherri",2022,0
"River Nile","Abu Hamad","Sherri",2023,0
"River Nile","Abu Hamad","Sherri",2024,12.0793704986572
"River Nile","Ad Damer","Ez Zeidab",2012,426.699493408203
"River Nile","Ad Damer","Ez Zeidab",2013,341.616668701172
"River Nile","Ad Damer","Ez Zeidab",2014,339.420776367188
"River Nile","Ad Damer","Ez Zeidab",2015,444.633148193359
"River Nile","Ad Damer","Ez Zeidab",2016,477.460266113281
"River Nile","Ad Damer","Ez Zeidab",2017,481.278533935547
"River Nile","Ad Damer","Ez Zeidab",2018,576.401550292969
"River Nile","Ad Damer","Ez Zeidab",2019,525.589965820312
"River Nile","Ad Damer","Ez Zeidab",2020,609.036926269531
"River Nile","Ad Damer","Ez Zeidab",2021,708.564514160156
"River Nile","Ad Damer","Ez Zeidab",2022,922.22216796875
"River Nile","Ad Damer","Ez Zeidab",2023,1558.20007324219
"River Nile","Ad Damer","Ez Zeidab",2024,1427.08483886719
"River Nile","Al Matammah","El Matammah",2012,179.741622924805
"River Nile","Al Matammah","El Matammah",2013,167.637466430664
"River Nile","Al Matammah","El Matammah",2014,162.625152587891
"River Nile","Al Matammah","El Matammah",2015,242.966552734375
"River Nile","Al Matammah","El Matammah",2016,352.898742675781
"River Nile","Al Matammah","El Matammah",2017,356.293548583984
"River Nile","Al Matammah","El Matammah",2018,313.371215820312
"River Nile","Al Matammah","El Matammah",2019,361.661529541016
"River Nile","Al Matammah","El Matammah",2020,529.793701171875
"River Nile","Al Matammah","El Matammah",2021,571.294982910156
"River Nile","Al Matammah","El Matammah",2022,907.026916503906
"River Nile","Al Matammah","El Matammah",2023,1324.45202636719
"River Nile","Al Matammah","El Matammah",2024,1661.52819824219
"River Nile","Al Matammah","Wad Hamed",2012,7.16877937316895
"River Nile","Al Matammah","Wad Hamed",2013,10.0782194137573
"River Nile","Al Matammah","Wad Hamed",2014,16.9023590087891
"River Nile","Al Matammah","Wad Hamed",2015,26.7802867889404
"River Nile","Al Matammah","Wad Hamed",2016,22.1266002655029
"River Nile","Al Matammah","Wad Hamed",2017,31.5079097747803
"River Nile","Al Matammah","Wad Hamed",2018,41.1553535461426
"River Nile","Al Matammah","Wad Hamed",2019,73.3058395385742
"River Nile","Al Matammah","Wad Hamed",2020,93.9815292358398
"River Nile","Al Matammah","Wad Hamed",2021,126.56517791748
"River Nile","Al Matammah","Wad Hamed",2022,164.551177978516
"River Nile","Al Matammah","Wad Hamed",2023,235.576614379883
"River Nile","Al Matammah","Wad Hamed",2024,231.004486083984
"River Nile","Atbara","Ed Damar",2012,1503.10021972656
"River Nile","Atbara","Ed Damar",2013,1542.60290527344
"River Nile","Atbara","Ed Damar",2014,1663.89318847656
"River Nile","Atbara","Ed Damar",2015,2466.49047851562
"River Nile","Atbara","Ed Damar",2016,2732.78442382812
"River Nile","Atbara","Ed Damar",2017,3128.056640625
"River Nile","Atbara","Ed Damar",2018,3372.82690429688
"River Nile","Atbara","Ed Damar",2019,3158.2529296875
"River Nile","Atbara","Ed Damar",2020,3530.0087890625
"River Nile","Atbara","Ed Damar",2021,3650.86108398438
"River Nile","Atbara","Ed Damar",2022,4590.09765625
"River Nile","Atbara","Ed Damar",2023,7403.9072265625
"River Nile","Atbara","Ed Damar",2024,7434.4970703125
"River Nile","Atbara","Sidon",2012,0
"River Nile","Atbara","Sidon",2013,0
"River Nile","Atbara","Sidon",2014,0
"River Nile","Atbara","Sidon",2015,0
"River Nile","Atbara","Sidon",2016,0
"River Nile","Atbara","Sidon",2017,2.29803562164307
"River Nile","Atbara","Sidon",2018,0.295430421829224
"River Nile","Atbara","Sidon",2019,4.40613842010498
"River Nile","Atbara","Sidon",2020,2.8428680896759
"River Nile","Atbara","Sidon",2021,3.35563278198242
"River Nile","Atbara","Sidon",2022,20.3934230804443
"River Nile","Atbara","Sidon",2023,30.5141334533691
"River Nile","Atbara","Sidon",2024,43.6902084350586
"River Nile","Berber","Barbar",2012,598.757019042969
"River Nile","Berber","Barbar",2013,536.432434082031
"River Nile","Berber","Barbar",2014,506.168853759766
"River Nile","Berber","Barbar",2015,525.092956542969
"River Nile","Berber","Barbar",2016,638.900756835938
"River Nile","Berber","Barbar",2017,751.47119140625
"River Nile","Berber","Barbar",2018,729.0341796875
"River Nile","Berber","Barbar",2019,632.439697265625
"River Nile","Berber","Barbar",2020,764.722229003906
"River Nile","Berber","Barbar",2021,868.551513671875
"River Nile","Berber","Barbar",2022,1097.95581054688
"River Nile","Berber","Barbar",2023,1597.28283691406
"River Nile","Berber","Barbar",2024,1748.10925292969
"River Nile","Berber","El Bauga",2012,98.4377670288086
"River Nile","Berber","El Bauga",2013,153.611755371094
"River Nile","Berber","El Bauga",2014,218.06770324707
"River Nile","Berber","El Bauga",2015,380.889862060547
"River Nile","Berber","El Bauga",2016,420.813293457031
"River Nile","Berber","El Bauga",2017,701.671203613281
"River Nile","Berber","El Bauga",2018,649.994567871094
"River Nile","Berber","El Bauga",2019,697.358154296875
"River Nile","Berber","El Bauga",2020,1015.50714111328
"River Nile","Berber","El Bauga",2021,1383.46740722656
"River Nile","Berber","El Bauga",2022,1780.88012695312
"River Nile","Berber","El Bauga",2023,2380.63940429688
"River Nile","Berber","El Bauga",2024,2953.9833984375
"River Nile","Shendi","Shendi",2012,998.48779296875
"River Nile","Shendi","Shendi",2013,881.055297851562
"River Nile","Shendi","Shendi",2014,709.341613769531
"River Nile","Shendi","Shendi",2015,1036.16186523438
"River Nile","Shendi","Shendi",2016,974.918640136719
"River Nile","Shendi","Shendi",2017,923.231628417969
"River Nile","Shendi","Shendi",2018,938.458984375
"River Nile","Shendi","Shendi",2019,1088.06286621094
"River Nile","Shendi","Shendi",2020,1386.29638671875
"River Nile","Shendi","Shendi",2021,1579.40612792969
"River Nile","Shendi","Shendi",2022,1914.61779785156
"River Nile","Shendi","Shendi",2023,2199.74609375
"River Nile","Shendi","Shendi",2024,2408.38403320312
"Sennar","Ad Dinder","Eastern Dinder",2012,0
"Sennar","Ad Dinder","Eastern Dinder",2013,0.371678441762924
"Sennar","Ad Dinder","Eastern Dinder",2014,0.561996638774872
"Sennar","Ad Dinder","Eastern Dinder",2015,2.0325756072998
"Sennar","Ad Dinder","Eastern Dinder",2016,4.66388845443726
"Sennar","Ad Dinder","Eastern Dinder",2017,9.30373287200928
"Sennar","Ad Dinder","Eastern Dinder",2018,23.8446140289307
"Sennar","Ad Dinder","Eastern Dinder",2019,28.2630825042725
"Sennar","Ad Dinder","Eastern Dinder",2020,35.4817848205566
"Sennar","Ad Dinder","Eastern Dinder",2021,23.3052520751953
"Sennar","Ad Dinder","Eastern Dinder",2022,40.2704925537109
"Sennar","Ad Dinder","Eastern Dinder",2023,52.0895729064941
"Sennar","Ad Dinder","Eastern Dinder",2024,30.2302799224854
"Sennar","Ad Dinder","Es Suki",2012,146.202606201172
"Sennar","Ad Dinder","Es Suki",2013,156.975387573242
"Sennar","Ad Dinder","Es Suki",2014,132.09162902832
"Sennar","Ad Dinder","Es Suki",2015,192.315078735352
"Sennar","Ad Dinder","Es Suki",2016,181.93962097168
"Sennar","Ad Dinder","Es Suki",2017,217.823120117188
"Sennar","Ad Dinder","Es Suki",2018,228.063278198242
"Sennar","Ad Dinder","Es Suki",2019,350.588165283203
"Sennar","Ad Dinder","Es Suki",2020,409.670257568359
"Sennar","Ad Dinder","Es Suki",2021,335.142974853516
"Sennar","Ad Dinder","Es Suki",2022,445.323791503906
"Sennar","Ad Dinder","Es Suki",2023,532.299926757812
"Sennar","Ad Dinder","Es Suki",2024,290.479766845703
"Sennar","Ad Dinder","Karkoj",2012,27.2088813781738
"Sennar","Ad Dinder","Karkoj",2013,31.984619140625
"Sennar","Ad Dinder","Karkoj",2014,42.7840995788574
"Sennar","Ad Dinder","Karkoj",2015,64.2375411987305
"Sennar","Ad Dinder","Karkoj",2016,60.6230125427246
"Sennar","Ad Dinder","Karkoj",2017,75.8910751342773
"Sennar","Ad Dinder","Karkoj",2018,107.619361877441
"Sennar","Ad Dinder","Karkoj",2019,178.026153564453
"Sennar","Ad Dinder","Karkoj",2020,245.833099365234
"Sennar","Ad Dinder","Karkoj",2021,205.733245849609
"Sennar","Ad Dinder","Karkoj",2022,248.720947265625
"Sennar","Ad Dinder","Karkoj",2023,298.600494384766
"Sennar","Ad Dinder","Karkoj",2024,157.407348632812
"Sennar","Ad Dinder","Western Dinder",2012,26.1495132446289
"Sennar","Ad Dinder","Western Dinder",2013,64.2232666015625
"Sennar","Ad Dinder","Western Dinder",2014,46.6102256774902
"Sennar","Ad Dinder","Western Dinder",2015,57.2333755493164
"Sennar","Ad Dinder","Western Dinder",2016,49.6215438842773
"Sennar","Ad Dinder","Western Dinder",2017,90.605712890625
"Sennar","Ad Dinder","Western Dinder",2018,239.181762695312
"Sennar","Ad Dinder","Western Dinder",2019,235.599822998047
"Sennar","Ad Dinder","Western Dinder",2020,244.020660400391
"Sennar","Ad Dinder","Western Dinder",2021,160.83903503418
"Sennar","Ad Dinder","Western Dinder",2022,169.131912231445
"Sennar","Ad Dinder","Western Dinder",2023,224.909866333008
"Sennar","Ad Dinder","Western Dinder",2024,161.176544189453
"Sennar","Sennar","Doba",2012,0
"Sennar","Sennar","Doba",2013,0
"Sennar","Sennar","Doba",2014,0.529733240604401
"Sennar","Sennar","Doba",2015,1.86815643310547
"Sennar","Sennar","Doba",2016,2.07770752906799
"Sennar","Sennar","Doba",2017,2.86664295196533
"Sennar","Sennar","Doba",2018,0.864475190639496
"Sennar","Sennar","Doba",2019,3.80311799049377
"Sennar","Sennar","Doba",2020,6.39775800704956
"Sennar","Sennar","Doba",2021,5.09988927841187
"Sennar","Sennar","Doba",2022,5.94081735610962
"Sennar","Sennar","Doba",2023,12.210355758667
"Sennar","Sennar","Doba",2024,7.18005037307739
"Sennar","Sennar","Hamadna Allah",2012,52.5887222290039
"Sennar","Sennar","Hamadna Allah",2013,55.3387260437012
"Sennar","Sennar","Hamadna Allah",2014,58.9835205078125
"Sennar","Sennar","Hamadna Allah",2015,82.1504135131836
"Sennar","Sennar","Hamadna Allah",2016,92.1057891845703
"Sennar","Sennar","Hamadna Allah",2017,122.470352172852
"Sennar","Sennar","Hamadna Allah",2018,145.220794677734
"Sennar","Sennar","Hamadna Allah",2019,216.690338134766
"Sennar","Sennar","Hamadna Allah",2020,284.638580322266
"Sennar","Sennar","Hamadna Allah",2021,269.600006103516
"Sennar","Sennar","Hamadna Allah",2022,387.636962890625
"Sennar","Sennar","Hamadna Allah",2023,472.550750732422
"Sennar","Sennar","Hamadna Allah",2024,249.215606689453
"Sennar","Sennar","Sennar Junction",2012,774.634643554688
"Sennar","Sennar","Sennar Junction",2013,843.516906738281
"Sennar","Sennar","Sennar Junction",2014,761.102844238281
"Sennar","Sennar","Sennar Junction",2015,853.669616699219
"Sennar","Sennar","Sennar Junction",2016,995.044067382812
"Sennar","Sennar","Sennar Junction",2017,1349.90270996094
"Sennar","Sennar","Sennar Junction",2018,1494.13244628906
"Sennar","Sennar","Sennar Junction",2019,1580.12878417969
"Sennar","Sennar","Sennar Junction",2020,1764.79333496094
"Sennar","Sennar","Sennar Junction",2021,1582.68603515625
"Sennar","Sennar","Sennar Junction",2022,2103.18994140625
"Sennar","Sennar","Sennar Junction",2023,2206.28393554688
"Sennar","Sennar","Sennar Junction",2024,1362.60827636719
"Sennar","Sennar","Sugar",2012,16.6174488067627
"Sennar","Sennar","Sugar",2013,11.7699012756348
"Sennar","Sennar","Sugar",2014,7.1465368270874
"Sennar","Sennar","Sugar",2015,6.92948150634766
"Sennar","Sennar","Sugar",2016,0.798308968544006
"Sennar","Sennar","Sugar",2017,2.73146033287048
"Sennar","Sennar","Sugar",2018,4.50294160842896
"Sennar","Sennar","Sugar",2019,6.09798908233643
"Sennar","Sennar","Sugar",2020,9.4370641708374
"Sennar","Sennar","Sugar",2021,7.70028638839722
"Sennar","Sennar","Sugar",2022,21.0936641693115
"Sennar","Sennar","Sugar",2023,19.2157859802246
"Sennar","Sennar","Sugar",2024,0
"Sennar","Sennar","Wad Al Abbasi",2012,14.8484077453613
"Sennar","Sennar","Wad Al Abbasi",2013,16.3483371734619
"Sennar","Sennar","Wad Al Abbasi",2014,17.4581356048584
"Sennar","Sennar","Wad Al Abbasi",2015,29.1811542510986
"Sennar","Sennar","Wad Al Abbasi",2016,32.6186218261719
"Sennar","Sennar","Wad Al Abbasi",2017,56.8083457946777
"Sennar","Sennar","Wad Al Abbasi",2018,63.5071334838867
"Sennar","Sennar","Wad Al Abbasi",2019,87.8594436645508
"Sennar","Sennar","Wad Al Abbasi",2020,132.009689331055
"Sennar","Sennar","Wad Al Abbasi",2021,125.274383544922
"Sennar","Sennar","Wad Al Abbasi",2022,181.904708862305
"Sennar","Sennar","Wad Al Abbasi",2023,248.386825561523
"Sennar","Sennar","Wad Al Abbasi",2024,95.638427734375
"Sennar","Sennar","Wad Taktok",2012,4.58995294570923
"Sennar","Sennar","Wad Taktok",2013,4.7173023223877
"Sennar","Sennar","Wad Taktok",2014,4.75090265274048
"Sennar","Sennar","Wad Taktok",2015,5.29546022415161
"Sennar","Sennar","Wad Taktok",2016,5.26692724227905
"Sennar","Sennar","Wad Taktok",2017,6.86123037338257
"Sennar","Sennar","Wad Taktok",2018,8.65748500823975
"Sennar","Sennar","Wad Taktok",2019,22.8100032806396
"Sennar","Sennar","Wad Taktok",2020,32.7922172546387
"Sennar","Sennar","Wad Taktok",2021,27.612756729126
"Sennar","Sennar","Wad Taktok",2022,39.6401023864746
"Sennar","Sennar","Wad Taktok",2023,47.2228584289551
"Sennar","Sennar","Wad Taktok",2024,23.5281410217285
"Sennar","Singa","Abu Hajar",2012,33.9313316345215
"Sennar","Singa","Abu Hajar",2013,27.592113494873
"Sennar","Singa","Abu Hajar",2014,18.3624629974365
"Sennar","Singa","Abu Hajar",2015,33.8509674072266
"Sennar","Singa","Abu Hajar",2016,28.8066253662109
"Sennar","Singa","Abu Hajar",2017,36.316967010498
"Sennar","Singa","Abu Hajar",2018,109.98950958252
"Sennar","Singa","Abu Hajar",2019,99.2151107788086
"Sennar","Singa","Abu Hajar",2020,105.083587646484
"Sennar","Singa","Abu Hajar",2021,91.1360168457031
"Sennar","Singa","Abu Hajar",2022,123.043434143066
"Sennar","Singa","Abu Hajar",2023,160.251724243164
"Sennar","Singa","Abu Hajar",2024,86.5589065551758
"Sennar","Singa","Dali",2012,1.0218346118927
"Sennar","Singa","Dali",2013,0.44205504655838
"Sennar","Singa","Dali",2014,1.58067846298218
"Sennar","Singa","Dali",2015,2.18478226661682
"Sennar","Singa","Dali",2016,2.83255839347839
"Sennar","Singa","Dali",2017,3.74669933319092
"Sennar","Singa","Dali",2018,6.82992839813232
"Sennar","Singa","Dali",2019,11.8751001358032
"Sennar","Singa","Dali",2020,15.7726707458496
"Sennar","Singa","Dali",2021,17.517505645752
"Sennar","Singa","Dali",2022,26.5326805114746
"Sennar","Singa","Dali",2023,28.3897132873535
"Sennar","Singa","Dali",2024,16.1952018737793
"Sennar","Singa","Er Ramash",2012,318.141021728516
"Sennar","Singa","Er Ramash",2013,333.924468994141
"Sennar","Singa","Er Ramash",2014,287.061431884766
"Sennar","Singa","Er Ramash",2015,340.374084472656
"Sennar","Singa","Er Ramash",2016,342.763580322266
"Sennar","Singa","Er Ramash",2017,480.496002197266
"Sennar","Singa","Er Ramash",2018,518.921142578125
"Sennar","Singa","Er Ramash",2019,566.441589355469
"Sennar","Singa","Er Ramash",2020,586.490051269531
"Sennar","Singa","Er Ramash",2021,549.654663085938
"Sennar","Singa","Er Ramash",2022,677.936401367188
"Sennar","Singa","Er Ramash",2023,771.272155761719
"Sennar","Singa","Er Ramash",2024,517.888610839844
"Sennar","Singa","Mazmum",2012,0
"Sennar","Singa","Mazmum",2013,0
"Sennar","Singa","Mazmum",2014,0
"Sennar","Singa","Mazmum",2015,0
"Sennar","Singa","Mazmum",2016,2.65561270713806
"Sennar","Singa","Mazmum",2017,5.24768733978271
"Sennar","Singa","Mazmum",2018,8.68790149688721
"Sennar","Singa","Mazmum",2019,15.0245962142944
"Sennar","Singa","Mazmum",2020,17.125509262085
"Sennar","Singa","Mazmum",2021,22.9169883728027
"Sennar","Singa","Mazmum",2022,31.5870971679688
"Sennar","Singa","Mazmum",2023,44.4427757263184
"Sennar","Singa","Mazmum",2024,24.9641723632812
"Sennar","Singa","Umm Shuka",2012,8.49316215515137
"Sennar","Singa","Umm Shuka",2013,10.3363637924194
"Sennar","Singa","Umm Shuka",2014,10.0683975219727
"Sennar","Singa","Umm Shuka",2015,19.9355087280273
"Sennar","Singa","Umm Shuka",2016,16.7583312988281
"Sennar","Singa","Umm Shuka",2017,21.5980072021484
"Sennar","Singa","Umm Shuka",2018,30.721284866333
"Sennar","Singa","Umm Shuka",2019,51.0918235778809
"Sennar","Singa","Umm Shuka",2020,66.6100387573242
"Sennar","Singa","Umm Shuka",2021,63.7849006652832
"Sennar","Singa","Umm Shuka",2022,84.457389831543
"Sennar","Singa","Umm Shuka",2023,91.6470260620117
"Sennar","Singa","Umm Shuka",2024,51.3697242736816
"Sennar","Singa","Wad El Neil",2012,48.6335983276367
"Sennar","Singa","Wad El Neil",2013,43.4336471557617
"Sennar","Singa","Wad El Neil",2014,49.5454978942871
"Sennar","Singa","Wad El Neil",2015,60.4021644592285
"Sennar","Singa","Wad El Neil",2016,62.0008544921875
"Sennar","Singa","Wad El Neil",2017,70.9482650756836
"Sennar","Singa","Wad El Neil",2018,104.672264099121
"Sennar","Singa","Wad El Neil",2019,103.688461303711
"Sennar","Singa","Wad El Neil",2020,108.992263793945
"Sennar","Singa","Wad El Neil",2021,122.849319458008
"Sennar","Singa","Wad El Neil",2022,137.265777587891
"Sennar","Singa","Wad El Neil",2023,143.146347045898
"Sennar","Singa","Wad El Neil",2024,93.1195220947266
"South Darfur","Buram","Buram",2012,0.738824844360352
"South Darfur","Buram","Buram",2013,0.660992205142975
"South Darfur","Buram","Buram",2014,0.363340467214584
"South Darfur","Buram","Buram",2015,0.754827678203583
"South Darfur","Buram","Buram",2016,1.39339339733124
"South Darfur","Buram","Buram",2017,1.30043828487396
"South Darfur","Buram","Buram",2018,1.75180852413177
"South Darfur","Buram","Buram",2019,0
"South Darfur","Buram","Buram",2020,0
"South Darfur","Buram","Buram",2021,0
"South Darfur","Buram","Buram",2022,0
"South Darfur","Buram","Buram",2023,0.513583183288574
"South Darfur","Buram","Buram",2024,0
"South Darfur","Buram","Er Radom",2012,0
"South Darfur","Buram","Er Radom",2013,0
"South Darfur","Buram","Er Radom",2014,0
"South Darfur","Buram","Er Radom",2015,0
"South Darfur","Buram","Er Radom",2016,0
"South Darfur","Buram","Er Radom",2017,3.37713313102722
"South Darfur","Buram","Er Radom",2018,19.339937210083
"South Darfur","Buram","Er Radom",2019,20.1293277740479
"South Darfur","Buram","Er Radom",2020,24.3001403808594
"South Darfur","Buram","Er Radom",2021,34.2186737060547
"South Darfur","Buram","Er Radom",2022,72.3934936523438
"South Darfur","Buram","Er Radom",2023,97.6371231079102
"South Darfur","Buram","Er Radom",2024,25.3388175964355
"South Darfur","Buram","Gereida",2012,12.1028642654419
"South Darfur","Buram","Gereida",2013,6.32733774185181
"South Darfur","Buram","Gereida",2014,4.43330335617065
"South Darfur","Buram","Gereida",2015,13.1917095184326
"South Darfur","Buram","Gereida",2016,18.6873149871826
"South Darfur","Buram","Gereida",2017,12.2411489486694
"South Darfur","Buram","Gereida",2018,15.3009099960327
"South Darfur","Buram","Gereida",2019,0
"South Darfur","Buram","Gereida",2020,0
"South Darfur","Buram","Gereida",2021,0
"South Darfur","Buram","Gereida",2022,0
"South Darfur","Buram","Gereida",2023,0
"South Darfur","Buram","Gereida",2024,0
"South Darfur","Id El Ghanem","Idd El Ghanem",2012,40.466236114502
"South Darfur","Id El Ghanem","Idd El Ghanem",2013,29.8802661895752
"South Darfur","Id El Ghanem","Idd El Ghanem",2014,34.0846252441406
"South Darfur","Id El Ghanem","Idd El Ghanem",2015,22.5570125579834
"South Darfur","Id El Ghanem","Idd El Ghanem",2016,11.2637195587158
"South Darfur","Id El Ghanem","Idd El Ghanem",2017,5.18778705596924
"South Darfur","Id El Ghanem","Idd El Ghanem",2018,0
"South Darfur","Id El Ghanem","Idd El Ghanem",2019,0
"South Darfur","Id El Ghanem","Idd El Ghanem",2020,0
"South Darfur","Id El Ghanem","Idd El Ghanem",2021,0
"South Darfur","Id El Ghanem","Idd El Ghanem",2022,0
"South Darfur","Id El Ghanem","Idd El Ghanem",2023,0
"South Darfur","Id El Ghanem","Idd El Ghanem",2024,0
"South Darfur","Id El Ghanem","Kiteila",2012,16.6624736785889
"South Darfur","Id El Ghanem","Kiteila",2013,16.0275497436523
"South Darfur","Id El Ghanem","Kiteila",2014,16.8416290283203
"South Darfur","Id El Ghanem","Kiteila",2015,19.5955982208252
"South Darfur","Id El Ghanem","Kiteila",2016,10.7918815612793
"South Darfur","Id El Ghanem","Kiteila",2017,6.12761163711548
"South Darfur","Id El Ghanem","Kiteila",2018,0
"South Darfur","Id El Ghanem","Kiteila",2019,0
"South Darfur","Id El Ghanem","Kiteila",2020,0
"South Darfur","Id El Ghanem","Kiteila",2021,0
"South Darfur","Id El Ghanem","Kiteila",2022,0
"South Darfur","Id El Ghanem","Kiteila",2023,0
"South Darfur","Id El Ghanem","Kiteila",2024,0
"South Darfur","Id El Ghanem","Kubum",2012,0
"South Darfur","Id El Ghanem","Kubum",2013,0
"South Darfur","Id El Ghanem","Kubum",2014,1.21488630771637
"South Darfur","Id El Ghanem","Kubum",2015,1.42127752304077
"South Darfur","Id El Ghanem","Kubum",2016,0
"South Darfur","Id El Ghanem","Kubum",2017,0
"South Darfur","Id El Ghanem","Kubum",2018,0
"South Darfur","Id El Ghanem","Kubum",2019,0.733135223388672
"South Darfur","Id El Ghanem","Kubum",2020,0
"South Darfur","Id El Ghanem","Kubum",2021,0
"South Darfur","Id El Ghanem","Kubum",2022,0
"South Darfur","Id El Ghanem","Kubum",2023,0
"South Darfur","Id El Ghanem","Kubum",2024,0
"South Darfur","Id El Ghanem","Reheid El Birdi",2012,0
"South Darfur","Id El Ghanem","Reheid El Birdi",2013,0
"South Darfur","Id El Ghanem","Reheid El Birdi",2014,0
"South Darfur","Id El Ghanem","Reheid El Birdi",2015,0
"South Darfur","Id El Ghanem","Reheid El Birdi",2016,0
"South Darfur","Id El Ghanem","Reheid El Birdi",2017,0
"South Darfur","Id El Ghanem","Reheid El Birdi",2018,0
"South Darfur","Id El Ghanem","Reheid El Birdi",2019,0
"South Darfur","Id El Ghanem","Reheid El Birdi",2020,0
"South Darfur","Id El Ghanem","Reheid El Birdi",2021,0
"South Darfur","Id El Ghanem","Reheid El Birdi",2022,0
"South Darfur","Id El Ghanem","Reheid El Birdi",2023,0
"South Darfur","Id El Ghanem","Reheid El Birdi",2024,0
"South Darfur","Kas","Kass",2012,3.49263143539429
"South Darfur","Kas","Kass",2013,6.70558834075928
"South Darfur","Kas","Kass",2014,9.7990026473999
"South Darfur","Kas","Kass",2015,12.4728126525879
"South Darfur","Kas","Kass",2016,7.61785697937012
"South Darfur","Kas","Kass",2017,8.1873607635498
"South Darfur","Kas","Kass",2018,10.021035194397
"South Darfur","Kas","Kass",2019,13.280327796936
"South Darfur","Kas","Kass",2020,18.8982849121094
"South Darfur","Kas","Kass",2021,7.55137252807617
"South Darfur","Kas","Kass",2022,0
"South Darfur","Kas","Kass",2023,0
"South Darfur","Kas","Kass",2024,0
"South Darfur","Nyala","Nyalla North",2012,17.0428447723389
"South Darfur","Nyala","Nyalla North",2013,20.3994121551514
"South Darfur","Nyala","Nyalla North",2014,33.7519035339355
"South Darfur","Nyala","Nyalla North",2015,42.0153274536133
"South Darfur","Nyala","Nyalla North",2016,31.8098945617676
"South Darfur","Nyala","Nyalla North",2017,28.2830848693848
"South Darfur","Nyala","Nyalla North",2018,29.5353832244873
"South Darfur","Nyala","Nyalla North",2019,34.9969940185547
"South Darfur","Nyala","Nyalla North",2020,38.0090255737305
"South Darfur","Nyala","Nyalla North",2021,0
"South Darfur","Nyala","Nyalla North",2022,0
"South Darfur","Nyala","Nyalla North",2023,0
"South Darfur","Nyala","Nyalla North",2024,0
"South Darfur","Nyala","Nyalla South West",2012,1087.21691894531
"South Darfur","Nyala","Nyalla South West",2013,932.127197265625
"South Darfur","Nyala","Nyalla South West",2014,887.464782714844
"South Darfur","Nyala","Nyalla South West",2015,1029.25659179688
"South Darfur","Nyala","Nyalla South West",2016,1181.03942871094
"South Darfur","Nyala","Nyalla South West",2017,1420.61462402344
"South Darfur","Nyala","Nyalla South West",2018,1542.26245117188
"South Darfur","Nyala","Nyalla South West",2019,2012.78747558594
"South Darfur","Nyala","Nyalla South West",2020,2022.18103027344
"South Darfur","Nyala","Nyalla South West",2021,2344.5146484375
"South Darfur","Nyala","Nyalla South West",2022,3008.38330078125
"South Darfur","Nyala","Nyalla South West",2023,1938.84045410156
"South Darfur","Nyala","Nyalla South West",2024,18.7517700195312
"South Darfur","Tulus","Tulus",2012,4.86627769470215
"South Darfur","Tulus","Tulus",2013,3.28390264511108
"South Darfur","Tulus","Tulus",2014,3.36847710609436
"South Darfur","Tulus","Tulus",2015,6.1312780380249
"South Darfur","Tulus","Tulus",2016,5.70811080932617
"South Darfur","Tulus","Tulus",2017,4.4077353477478
"South Darfur","Tulus","Tulus",2018,5.59660673141479
"South Darfur","Tulus","Tulus",2019,0
"South Darfur","Tulus","Tulus",2020,0
"South Darfur","Tulus","Tulus",2021,0
"South Darfur","Tulus","Tulus",2022,0
"South Darfur","Tulus","Tulus",2023,0
"South Darfur","Tulus","Tulus",2024,0
"South Kurdufan","Abu Jubaiyah","Abu Jubayhah",2012,0
"South Kurdufan","Abu Jubaiyah","Abu Jubayhah",2013,0
"South Kurdufan","Abu Jubaiyah","Abu Jubayhah",2014,0
"South Kurdufan","Abu Jubaiyah","Abu Jubayhah",2015,0
"South Kurdufan","Abu Jubaiyah","Abu Jubayhah",2016,0
"South Kurdufan","Abu Jubaiyah","Abu Jubayhah",2017,0
"South Kurdufan","Abu Jubaiyah","Abu Jubayhah",2018,0
"South Kurdufan","Abu Jubaiyah","Abu Jubayhah",2019,0
"South Kurdufan","Abu Jubaiyah","Abu Jubayhah",2020,0
"South Kurdufan","Abu Jubaiyah","Abu Jubayhah",2021,0
"South Kurdufan","Abu Jubaiyah","Abu Jubayhah",2022,4.78107404708862
"South Kurdufan","Abu Jubaiyah","Abu Jubayhah",2023,14.4514274597168
"South Kurdufan","Abu Jubaiyah","Abu Jubayhah",2024,19.3991718292236
"South Kurdufan","Dilling","Debeibat",2012,1.51428544521332
"South Kurdufan","Dilling","Debeibat",2013,0
"South Kurdufan","Dilling","Debeibat",2014,0
"South Kurdufan","Dilling","Debeibat",2015,0
"South Kurdufan","Dilling","Debeibat",2016,0
"South Kurdufan","Dilling","Debeibat",2017,69.1398849487305
"South Kurdufan","Dilling","Debeibat",2018,109.323715209961
"South Kurdufan","Dilling","Debeibat",2019,128.835983276367
"South Kurdufan","Dilling","Debeibat",2020,232.137298583984
"South Kurdufan","Dilling","Debeibat",2021,172.105499267578
"South Kurdufan","Dilling","Debeibat",2022,165.085403442383
"South Kurdufan","Dilling","Debeibat",2023,117.254272460938
"South Kurdufan","Dilling","Debeibat",2024,9.79112434387207
"South Kurdufan","Dilling","Dulami",2012,0
"South Kurdufan","Dilling","Dulami",2013,0
"South Kurdufan","Dilling","Dulami",2014,0
"South Kurdufan","Dilling","Dulami",2015,0
"South Kurdufan","Dilling","Dulami",2016,0
"South Kurdufan","Dilling","Dulami",2017,0
"South Kurdufan","Dilling","Dulami",2018,0
"South Kurdufan","Dilling","Dulami",2019,0
"South Kurdufan","Dilling","Dulami",2020,0
"South Kurdufan","Dilling","Dulami",2021,0
"South Kurdufan","Dilling","Dulami",2022,0
"South Kurdufan","Dilling","Dulami",2023,0
"South Kurdufan","Dilling","Dulami",2024,0
"South Kurdufan","Dilling","Habeila",2012,1.54883480072021
"South Kurdufan","Dilling","Habeila",2013,22.213924407959
"South Kurdufan","Dilling","Habeila",2014,43.0134353637695
"South Kurdufan","Dilling","Habeila",2015,27.4451160430908
"South Kurdufan","Dilling","Habeila",2016,41.7631340026855
"South Kurdufan","Dilling","Habeila",2017,43.926155090332
"South Kurdufan","Dilling","Habeila",2018,36.1415519714355
"South Kurdufan","Dilling","Habeila",2019,22.2736225128174
"South Kurdufan","Dilling","Habeila",2020,14.2461910247803
"South Kurdufan","Dilling","Habeila",2021,27.7944602966309
"South Kurdufan","Dilling","Habeila",2022,29.2172622680664
"South Kurdufan","Dilling","Habeila",2023,11.2292461395264
"South Kurdufan","Dilling","Habeila",2024,0
"South Kurdufan","Dilling","Hamadi",2012,0
"South Kurdufan","Dilling","Hamadi",2013,0
"South Kurdufan","Dilling","Hamadi",2014,0
"South Kurdufan","Dilling","Hamadi",2015,0
"South Kurdufan","Dilling","Hamadi",2016,0
"South Kurdufan","Dilling","Hamadi",2017,0
"South Kurdufan","Dilling","Hamadi",2018,0
"South Kurdufan","Dilling","Hamadi",2019,0
"South Kurdufan","Dilling","Hamadi",2020,0
"South Kurdufan","Dilling","Hamadi",2021,0
"South Kurdufan","Dilling","Hamadi",2022,0
"South Kurdufan","Dilling","Hamadi",2023,0
"South Kurdufan","Dilling","Hamadi",2024,0
"South Kurdufan","Dilling","Kurgul",2012,0
"South Kurdufan","Dilling","Kurgul",2013,0
"South Kurdufan","Dilling","Kurgul",2014,0
"South Kurdufan","Dilling","Kurgul",2015,0
"South Kurdufan","Dilling","Kurgul",2016,0
"South Kurdufan","Dilling","Kurgul",2017,0
"South Kurdufan","Dilling","Kurgul",2018,0
"South Kurdufan","Dilling","Kurgul",2019,0
"South Kurdufan","Dilling","Kurgul",2020,0
"South Kurdufan","Dilling","Kurgul",2021,0
"South Kurdufan","Dilling","Kurgul",2022,0
"South Kurdufan","Dilling","Kurgul",2023,0
"South Kurdufan","Dilling","Kurgul",2024,0
"South Kurdufan","Dilling","Salara",2012,14.5239191055298
"South Kurdufan","Dilling","Salara",2013,10.9443712234497
"South Kurdufan","Dilling","Salara",2014,2.99531102180481
"South Kurdufan","Dilling","Salara",2015,9.69702529907227
"South Kurdufan","Dilling","Salara",2016,0
"South Kurdufan","Dilling","Salara",2017,17.4546852111816
"South Kurdufan","Dilling","Salara",2018,46.6702651977539
"South Kurdufan","Dilling","Salara",2019,96.593505859375
"South Kurdufan","Dilling","Salara",2020,177.399642944336
"South Kurdufan","Dilling","Salara",2021,237.964447021484
"South Kurdufan","Dilling","Salara",2022,281.152954101562
"South Kurdufan","Dilling","Salara",2023,249.649002075195
"South Kurdufan","Dilling","Salara",2024,0
"South Kurdufan","Kadugli","Buram",2012,0
"South Kurdufan","Kadugli","Buram",2013,0
"South Kurdufan","Kadugli","Buram",2014,0
"South Kurdufan","Kadugli","Buram",2015,0
"South Kurdufan","Kadugli","Buram",2016,0
"South Kurdufan","Kadugli","Buram",2017,0
"South Kurdufan","Kadugli","Buram",2018,0
"South Kurdufan","Kadugli","Buram",2019,0
"South Kurdufan","Kadugli","Buram",2020,0
"South Kurdufan","Kadugli","Buram",2021,0
"South Kurdufan","Kadugli","Buram",2022,0
"South Kurdufan","Kadugli","Buram",2023,0
"South Kurdufan","Kadugli","Buram",2024,0
"South Kurdufan","Kadugli","Heiban",2012,0
"South Kurdufan","Kadugli","Heiban",2013,0
"South Kurdufan","Kadugli","Heiban",2014,0
"South Kurdufan","Kadugli","Heiban",2015,0
"South Kurdufan","Kadugli","Heiban",2016,0
"South Kurdufan","Kadugli","Heiban",2017,0
"South Kurdufan","Kadugli","Heiban",2018,0
"South Kurdufan","Kadugli","Heiban",2019,0
"South Kurdufan","Kadugli","Heiban",2020,0
"South Kurdufan","Kadugli","Heiban",2021,0
"South Kurdufan","Kadugli","Heiban",2022,0
"South Kurdufan","Kadugli","Heiban",2023,0
"South Kurdufan","Kadugli","Heiban",2024,0
"South Kurdufan","Kadugli","Kadugli",2012,342.789764404297
"South Kurdufan","Kadugli","Kadugli",2013,387.12744140625
"South Kurdufan","Kadugli","Kadugli",2014,387.148010253906
"South Kurdufan","Kadugli","Kadugli",2015,383.243194580078
"South Kurdufan","Kadugli","Kadugli",2016,452.640045166016
"South Kurdufan","Kadugli","Kadugli",2017,405.732116699219
"South Kurdufan","Kadugli","Kadugli",2018,336.372985839844
"South Kurdufan","Kadugli","Kadugli",2019,464.768890380859
"South Kurdufan","Kadugli","Kadugli",2020,449.822967529297
"South Kurdufan","Kadugli","Kadugli",2021,469.760192871094
"South Kurdufan","Kadugli","Kadugli",2022,581.915832519531
"South Kurdufan","Kadugli","Kadugli",2023,442.877868652344
"South Kurdufan","Kadugli","Kadugli",2024,115.407379150391
"South Kurdufan","Kadugli","Umm Durin",2012,0
"South Kurdufan","Kadugli","Umm Durin",2013,0
"South Kurdufan","Kadugli","Umm Durin",2014,0
"South Kurdufan","Kadugli","Umm Durin",2015,0
"South Kurdufan","Kadugli","Umm Durin",2016,0
"South Kurdufan","Kadugli","Umm Durin",2017,0
"South Kurdufan","Kadugli","Umm Durin",2018,0
"South Kurdufan","Kadugli","Umm Durin",2019,0
"South Kurdufan","Kadugli","Umm Durin",2020,0
"South Kurdufan","Kadugli","Umm Durin",2021,0
"South Kurdufan","Kadugli","Umm Durin",2022,0
"South Kurdufan","Kadugli","Umm Durin",2023,0
"South Kurdufan","Kadugli","Umm Durin",2024,0
"South Kurdufan","Rashad","Abbasiya",2012,0
"South Kurdufan","Rashad","Abbasiya",2013,0
"South Kurdufan","Rashad","Abbasiya",2014,0
"South Kurdufan","Rashad","Abbasiya",2015,0
"South Kurdufan","Rashad","Abbasiya",2016,0
"South Kurdufan","Rashad","Abbasiya",2017,0
"South Kurdufan","Rashad","Abbasiya",2018,0.52878749370575
"South Kurdufan","Rashad","Abbasiya",2019,0
"South Kurdufan","Rashad","Abbasiya",2020,0
"South Kurdufan","Rashad","Abbasiya",2021,0.501091420650482
"South Kurdufan","Rashad","Abbasiya",2022,0
"South Kurdufan","Rashad","Abbasiya",2023,5.18628168106079
"South Kurdufan","Rashad","Abbasiya",2024,7.80073928833008
"South Kurdufan","Rashad","Rashad",2012,0
"South Kurdufan","Rashad","Rashad",2013,0
"South Kurdufan","Rashad","Rashad",2014,0
"South Kurdufan","Rashad","Rashad",2015,0
"South Kurdufan","Rashad","Rashad",2016,0
"South Kurdufan","Rashad","Rashad",2017,0
"South Kurdufan","Rashad","Rashad",2018,0
"South Kurdufan","Rashad","Rashad",2019,0
"South Kurdufan","Rashad","Rashad",2020,0
"South Kurdufan","Rashad","Rashad",2021,0
"South Kurdufan","Rashad","Rashad",2022,0
"South Kurdufan","Rashad","Rashad",2023,0
"South Kurdufan","Rashad","Rashad",2024,0
"South Kurdufan","Talodi","Talodi",2012,0
"South Kurdufan","Talodi","Talodi",2013,0
"South Kurdufan","Talodi","Talodi",2014,0
"South Kurdufan","Talodi","Talodi",2015,0
"South Kurdufan","Talodi","Talodi",2016,0
"South Kurdufan","Talodi","Talodi",2017,0
"South Kurdufan","Talodi","Talodi",2018,0
"South Kurdufan","Talodi","Talodi",2019,0.616163730621338
"South Kurdufan","Talodi","Talodi",2020,4.57609987258911
"South Kurdufan","Talodi","Talodi",2021,10.9401559829712
"South Kurdufan","Talodi","Talodi",2022,22.291955947876
"South Kurdufan","Talodi","Talodi",2023,8.8577184677124
"South Kurdufan","Talodi","Talodi",2024,17.6886882781982
"West Darfur","Al Geneina","El Geneina",2012,592.23681640625
"West Darfur","Al Geneina","El Geneina",2013,449.205383300781
"West Darfur","Al Geneina","El Geneina",2014,490.692779541016
"West Darfur","Al Geneina","El Geneina",2015,968.647033691406
"West Darfur","Al Geneina","El Geneina",2016,1135.0888671875
"West Darfur","Al Geneina","El Geneina",2017,1196.19921875
"West Darfur","Al Geneina","El Geneina",2018,1114.06127929688
"West Darfur","Al Geneina","El Geneina",2019,916.390686035156
"West Darfur","Al Geneina","El Geneina",2020,924.949096679688
"West Darfur","Al Geneina","El Geneina",2021,874.438659667969
"West Darfur","Al Geneina","El Geneina",2022,935.86181640625
"West Darfur","Al Geneina","El Geneina",2023,629.411437988281
"West Darfur","Al Geneina","El Geneina",2024,1.64854454994202
"West Darfur","Al Geneina","Habeila",2012,144.567260742188
"West Darfur","Al Geneina","Habeila",2013,125.372634887695
"West Darfur","Al Geneina","Habeila",2014,129.655700683594
"West Darfur","Al Geneina","Habeila",2015,137.327865600586
"West Darfur","Al Geneina","Habeila",2016,129.999221801758
"West Darfur","Al Geneina","Habeila",2017,61.2750701904297
"West Darfur","Al Geneina","Habeila",2018,18.3219299316406
"West Darfur","Al Geneina","Habeila",2019,2.78982377052307
"West Darfur","Al Geneina","Habeila",2020,0
"West Darfur","Al Geneina","Habeila",2021,0
"West Darfur","Al Geneina","Habeila",2022,0.507988929748535
"West Darfur","Al Geneina","Habeila",2023,9.51381874084473
"West Darfur","Al Geneina","Habeila",2024,6.08354949951172
"West Darfur","Al Geneina","Silel Ah",2012,30.3811874389648
"West Darfur","Al Geneina","Silel Ah",2013,15.0079383850098
"West Darfur","Al Geneina","Silel Ah",2014,0
"West Darfur","Al Geneina","Silel Ah",2015,0
"West Darfur","Al Geneina","Silel Ah",2016,0
"West Darfur","Al Geneina","Silel Ah",2017,0
"West Darfur","Al Geneina","Silel Ah",2018,0
"West Darfur","Al Geneina","Silel Ah",2019,0
"West Darfur","Al Geneina","Silel Ah",2020,0
"West Darfur","Al Geneina","Silel Ah",2021,0
"West Darfur","Al Geneina","Silel Ah",2022,0
"West Darfur","Al Geneina","Silel Ah",2023,0
"West Darfur","Al Geneina","Silel Ah",2024,0
"West Kurdufan","Abyei","Abyei",2012,473.128601074219
"West Kurdufan","Abyei","Abyei",2013,643.40283203125
"West Kurdufan","Abyei","Abyei",2014,940.889282226562
"West Kurdufan","Abyei","Abyei",2015,1050.81420898438
"West Kurdufan","Abyei","Abyei",2016,900.436767578125
"West Kurdufan","Abyei","Abyei",2017,1185.37768554688
"West Kurdufan","Abyei","Abyei",2018,1074.85424804688
"West Kurdufan","Abyei","Abyei",2019,925.767272949219
"West Kurdufan","Abyei","Abyei",2020,985.999633789062
"West Kurdufan","Abyei","Abyei",2021,949.152038574219
"West Kurdufan","Abyei","Abyei",2022,1094.31677246094
"West Kurdufan","Abyei","Abyei",2023,1157.17370605469
"West Kurdufan","Abyei","Abyei",2024,1151.64770507812
"West Kurdufan","Abyei","Al Muglad",2012,3509.14135742188
"West Kurdufan","Abyei","Al Muglad",2013,2965.6591796875
"West Kurdufan","Abyei","Al Muglad",2014,2959.3544921875
"West Kurdufan","Abyei","Al Muglad",2015,9641.5634765625
"West Kurdufan","Abyei","Al Muglad",2016,8805.2998046875
"West Kurdufan","Abyei","Al Muglad",2017,7054.96875
"West Kurdufan","Abyei","Al Muglad",2018,8838.537109375
"West Kurdufan","Abyei","Al Muglad",2019,5625.40087890625
"West Kurdufan","Abyei","Al Muglad",2020,639.027282714844
"West Kurdufan","Abyei","Al Muglad",2021,966.24267578125
"West Kurdufan","Abyei","Al Muglad",2022,1166.39526367188
"West Kurdufan","Abyei","Al Muglad",2023,350.269714355469
"West Kurdufan","Abyei","Al Muglad",2024,15.9606523513794
"West Kurdufan","As Salam","El Fula",2012,18665.1640625
"West Kurdufan","As Salam","El Fula",2013,21546.947265625
"West Kurdufan","As Salam","El Fula",2014,24685.400390625
"West Kurdufan","As Salam","El Fula",2015,29210.189453125
"West Kurdufan","As Salam","El Fula",2016,22452.78125
"West Kurdufan","As Salam","El Fula",2017,22487.23046875
"West Kurdufan","As Salam","El Fula",2018,30095.234375
"West Kurdufan","As Salam","El Fula",2019,21932.208984375
"West Kurdufan","As Salam","El Fula",2020,19681.421875
"West Kurdufan","As Salam","El Fula",2021,15145.1767578125
"West Kurdufan","As Salam","El Fula",2022,15182.4609375
"West Kurdufan","As Salam","El Fula",2023,6993.58984375
"West Kurdufan","As Salam","El Fula",2024,72.2443084716797
"West Kurdufan","En Nuhud","Abu Zabad",2012,0
"West Kurdufan","En Nuhud","Abu Zabad",2013,0.501417934894562
"West Kurdufan","En Nuhud","Abu Zabad",2014,0
"West Kurdufan","En Nuhud","Abu Zabad",2015,0
"West Kurdufan","En Nuhud","Abu Zabad",2016,0
"West Kurdufan","En Nuhud","Abu Zabad",2017,0
"West Kurdufan","En Nuhud","Abu Zabad",2018,0
"West Kurdufan","En Nuhud","Abu Zabad",2019,1.90424156188965
"West Kurdufan","En Nuhud","Abu Zabad",2020,6.80713605880737
"West Kurdufan","En Nuhud","Abu Zabad",2021,54.6531524658203
"West Kurdufan","En Nuhud","Abu Zabad",2022,135.979034423828
"West Kurdufan","En Nuhud","Abu Zabad",2023,153.374359130859
"West Kurdufan","En Nuhud","Abu Zabad",2024,37.958381652832
"West Kurdufan","En Nuhud","El Kheway",2012,3.7708842754364
"West Kurdufan","En Nuhud","El Kheway",2013,1.15182399749756
"West Kurdufan","En Nuhud","El Kheway",2014,1.42719507217407
"West Kurdufan","En Nuhud","El Kheway",2015,0.720354735851288
"West Kurdufan","En Nuhud","El Kheway",2016,0
"West Kurdufan","En Nuhud","El Kheway",2017,0
"West Kurdufan","En Nuhud","El Kheway",2018,0
"West Kurdufan","En Nuhud","El Kheway",2019,0
"West Kurdufan","En Nuhud","El Kheway",2020,0
"West Kurdufan","En Nuhud","El Kheway",2021,0
"West Kurdufan","En Nuhud","El Kheway",2022,0
"West Kurdufan","En Nuhud","El Kheway",2023,0
"West Kurdufan","En Nuhud","El Kheway",2024,0
"West Kurdufan","En Nuhud","El Nuhud",2012,57.8927383422852
"West Kurdufan","En Nuhud","El Nuhud",2013,57.4269523620605
"West Kurdufan","En Nuhud","El Nuhud",2014,62.6814231872559
"West Kurdufan","En Nuhud","El Nuhud",2015,79.1105880737305
"West Kurdufan","En Nuhud","El Nuhud",2016,105.765991210938
"West Kurdufan","En Nuhud","El Nuhud",2017,129.591079711914
"West Kurdufan","En Nuhud","El Nuhud",2018,150.694595336914
"West Kurdufan","En Nuhud","El Nuhud",2019,215.246139526367
"West Kurdufan","En Nuhud","El Nuhud",2020,348.480346679688
"West Kurdufan","En Nuhud","El Nuhud",2021,327.558959960938
"West Kurdufan","En Nuhud","El Nuhud",2022,416.569763183594
"West Kurdufan","En Nuhud","El Nuhud",2023,319.844482421875
"West Kurdufan","En Nuhud","El Nuhud",2024,8.23386764526367
"West Kurdufan","En Nuhud","Wad Benda",2012,0.584583759307861
"West Kurdufan","En Nuhud","Wad Benda",2013,0
"West Kurdufan","En Nuhud","Wad Benda",2014,0
"West Kurdufan","En Nuhud","Wad Benda",2015,0
"West Kurdufan","En Nuhud","Wad Benda",2016,0
"West Kurdufan","En Nuhud","Wad Benda",2017,0
"West Kurdufan","En Nuhud","Wad Benda",2018,0
"West Kurdufan","En Nuhud","Wad Benda",2019,1.51309680938721
"West Kurdufan","En Nuhud","Wad Benda",2020,4.0524525642395
"West Kurdufan","En Nuhud","Wad Benda",2021,8.65290832519531
"West Kurdufan","En Nuhud","Wad Benda",2022,8.06519317626953
"West Kurdufan","En Nuhud","Wad Benda",2023,5.22010231018066
"West Kurdufan","En Nuhud","Wad Benda",2024,3.08186483383179
"West Kurdufan","Ghebeish","Ghebeish",2012,0
"West Kurdufan","Ghebeish","Ghebeish",2013,31.0331535339355
"West Kurdufan","Ghebeish","Ghebeish",2014,1.01458144187927
"West Kurdufan","Ghebeish","Ghebeish",2015,0
"West Kurdufan","Ghebeish","Ghebeish",2016,0
"West Kurdufan","Ghebeish","Ghebeish",2017,0
"West Kurdufan","Ghebeish","Ghebeish",2018,0.134699821472168
"West Kurdufan","Ghebeish","Ghebeish",2019,0
"West Kurdufan","Ghebeish","Ghebeish",2020,0
"West Kurdufan","Ghebeish","Ghebeish",2021,0
"West Kurdufan","Ghebeish","Ghebeish",2022,0
"West Kurdufan","Ghebeish","Ghebeish",2023,2.42821311950684
"West Kurdufan","Ghebeish","Ghebeish",2024,0
"West Kurdufan","Ghebeish","Odeiya",2012,0
"West Kurdufan","Ghebeish","Odeiya",2013,0
"West Kurdufan","Ghebeish","Odeiya",2014,0
"West Kurdufan","Ghebeish","Odeiya",2015,0
"West Kurdufan","Ghebeish","Odeiya",2016,0
"West Kurdufan","Ghebeish","Odeiya",2017,0
"West Kurdufan","Ghebeish","Odeiya",2018,0
"West Kurdufan","Ghebeish","Odeiya",2019,0
"West Kurdufan","Ghebeish","Odeiya",2020,0
"West Kurdufan","Ghebeish","Odeiya",2021,0
"West Kurdufan","Ghebeish","Odeiya",2022,0
"West Kurdufan","Ghebeish","Odeiya",2023,0
"West Kurdufan","Ghebeish","Odeiya",2024,0
"West Kurdufan","Ghebeish","Soqa Ej Jamel",2012,0
"West Kurdufan","Ghebeish","Soqa Ej Jamel",2013,0
"West Kurdufan","Ghebeish","Soqa Ej Jamel",2014,0
"West Kurdufan","Ghebeish","Soqa Ej Jamel",2015,0
"West Kurdufan","Ghebeish","Soqa Ej Jamel",2016,0
"West Kurdufan","Ghebeish","Soqa Ej Jamel",2017,0
"West Kurdufan","Ghebeish","Soqa Ej Jamel",2018,0
"West Kurdufan","Ghebeish","Soqa Ej Jamel",2019,0
"West Kurdufan","Ghebeish","Soqa Ej Jamel",2020,0
"West Kurdufan","Ghebeish","Soqa Ej Jamel",2021,0
"West Kurdufan","Ghebeish","Soqa Ej Jamel",2022,0
"West Kurdufan","Ghebeish","Soqa Ej Jamel",2023,0
"West Kurdufan","Ghebeish","Soqa Ej Jamel",2024,0
"West Kurdufan","Lagawa","Legawa",2012,106.247764587402
"West Kurdufan","Lagawa","Legawa",2013,28.6409893035889
"West Kurdufan","Lagawa","Legawa",2014,28.9768009185791
"West Kurdufan","Lagawa","Legawa",2015,61.9434204101562
"West Kurdufan","Lagawa","Legawa",2016,106.82975769043
"West Kurdufan","Lagawa","Legawa",2017,112.48656463623
"West Kurdufan","Lagawa","Legawa",2018,80.6232604980469
"West Kurdufan","Lagawa","Legawa",2019,44.1650657653809
"West Kurdufan","Lagawa","Legawa",2020,38.9905014038086
"West Kurdufan","Lagawa","Legawa",2021,46.8401641845703
"West Kurdufan","Lagawa","Legawa",2022,90.2849884033203
"West Kurdufan","Lagawa","Legawa",2023,59.0329513549805
"West Kurdufan","Lagawa","Legawa",2024,17.4281120300293
"White Nile","Ad Douiem","Aid El Aud",2012,0.123076237738132
"White Nile","Ad Douiem","Aid El Aud",2013,0.996017813682556
"White Nile","Ad Douiem","Aid El Aud",2014,0.359421968460083
"White Nile","Ad Douiem","Aid El Aud",2015,3.90945339202881
"White Nile","Ad Douiem","Aid El Aud",2016,4.9374885559082
"White Nile","Ad Douiem","Aid El Aud",2017,8.93895816802979
"White Nile","Ad Douiem","Aid El Aud",2018,8.08288097381592
"White Nile","Ad Douiem","Aid El Aud",2019,18.0440769195557
"White Nile","Ad Douiem","Aid El Aud",2020,27.1240558624268
"White Nile","Ad Douiem","Aid El Aud",2021,27.4190464019775
"White Nile","Ad Douiem","Aid El Aud",2022,28.8296298980713
"White Nile","Ad Douiem","Aid El Aud",2023,32.7378807067871
"White Nile","Ad Douiem","Aid El Aud",2024,9.45903778076172
"White Nile","Ad Douiem","El Arishcol",2012,2.28870344161987
"White Nile","Ad Douiem","El Arishcol",2013,4.21270990371704
"White Nile","Ad Douiem","El Arishcol",2014,5.10796308517456
"White Nile","Ad Douiem","El Arishcol",2015,13.9421415328979
"White Nile","Ad Douiem","El Arishcol",2016,10.782431602478
"White Nile","Ad Douiem","El Arishcol",2017,19.6181240081787
"White Nile","Ad Douiem","El Arishcol",2018,23.4951477050781
"White Nile","Ad Douiem","El Arishcol",2019,36.5260696411133
"White Nile","Ad Douiem","El Arishcol",2020,46.9630889892578
"White Nile","Ad Douiem","El Arishcol",2021,36.9536628723145
"White Nile","Ad Douiem","El Arishcol",2022,49.8588066101074
"White Nile","Ad Douiem","El Arishcol",2023,61.613208770752
"White Nile","Ad Douiem","El Arishcol",2024,21.8505764007568
"White Nile","Ad Douiem","El Halba",2012,0
"White Nile","Ad Douiem","El Halba",2013,0
"White Nile","Ad Douiem","El Halba",2014,0
"White Nile","Ad Douiem","El Halba",2015,0
"White Nile","Ad Douiem","El Halba",2016,0
"White Nile","Ad Douiem","El Halba",2017,0
"White Nile","Ad Douiem","El Halba",2018,0
"White Nile","Ad Douiem","El Halba",2019,0
"White Nile","Ad Douiem","El Halba",2020,0
"White Nile","Ad Douiem","El Halba",2021,0
"White Nile","Ad Douiem","El Halba",2022,0
"White Nile","Ad Douiem","El Halba",2023,0
"White Nile","Ad Douiem","El Halba",2024,0
"White Nile","Ad Douiem","El Kereida",2012,118.089042663574
"White Nile","Ad Douiem","El Kereida",2013,170.68766784668
"White Nile","Ad Douiem","El Kereida",2014,212.375427246094
"White Nile","Ad Douiem","El Kereida",2015,331.303680419922
"White Nile","Ad Douiem","El Kereida",2016,292.543365478516
"White Nile","Ad Douiem","El Kereida",2017,370.032592773438
"White Nile","Ad Douiem","El Kereida",2018,366.867309570312
"White Nile","Ad Douiem","El Kereida",2019,402.359252929688
"White Nile","Ad Douiem","El Kereida",2020,494.132141113281
"White Nile","Ad Douiem","El Kereida",2021,536.276672363281
"White Nile","Ad Douiem","El Kereida",2022,566.329040527344
"White Nile","Ad Douiem","El Kereida",2023,653.591369628906
"White Nile","Ad Douiem","El Kereida",2024,593.43359375
"White Nile","Ad Douiem","El Wahda",2012,20.8036918640137
"White Nile","Ad Douiem","El Wahda",2013,15.4102983474731
"White Nile","Ad Douiem","El Wahda",2014,20.99538230896
"White Nile","Ad Douiem","El Wahda",2015,23.9244556427002
"White Nile","Ad Douiem","El Wahda",2016,25.8107833862305
"White Nile","Ad Douiem","El Wahda",2017,34.2518768310547
"White Nile","Ad Douiem","El Wahda",2018,42.6820449829102
"White Nile","Ad Douiem","El Wahda",2019,61.776782989502
"White Nile","Ad Douiem","El Wahda",2020,79.7460098266602
"White Nile","Ad Douiem","El Wahda",2021,83.0236587524414
"White Nile","Ad Douiem","El Wahda",2022,92.3930206298828
"White Nile","Ad Douiem","El Wahda",2023,108.931747436523
"White Nile","Ad Douiem","El Wahda",2024,66.7884826660156
"White Nile","Ad Douiem","Ez Zireiqa",2012,0
"White Nile","Ad Douiem","Ez Zireiqa",2013,0
"White Nile","Ad Douiem","Ez Zireiqa",2014,0
"White Nile","Ad Douiem","Ez Zireiqa",2015,0
"White Nile","Ad Douiem","Ez Zireiqa",2016,0
"White Nile","Ad Douiem","Ez Zireiqa",2017,0
"White Nile","Ad Douiem","Ez Zireiqa",2018,0
"White Nile","Ad Douiem","Ez Zireiqa",2019,0
"White Nile","Ad Douiem","Ez Zireiqa",2020,0
"White Nile","Ad Douiem","Ez Zireiqa",2021,0
"White Nile","Ad Douiem","Ez Zireiqa",2022,0
"White Nile","Ad Douiem","Ez Zireiqa",2023,0
"White Nile","Ad Douiem","Ez Zireiqa",2024,0
"White Nile","Ad Douiem","Shegeiq",2012,0
"White Nile","Ad Douiem","Shegeiq",2013,0
"White Nile","Ad Douiem","Shegeiq",2014,0
"White Nile","Ad Douiem","Shegeiq",2015,0
"White Nile","Ad Douiem","Shegeiq",2016,0
"White Nile","Ad Douiem","Shegeiq",2017,0
"White Nile","Ad Douiem","Shegeiq",2018,0
"White Nile","Ad Douiem","Shegeiq",2019,0
"White Nile","Ad Douiem","Shegeiq",2020,0
"White Nile","Ad Douiem","Shegeiq",2021,0
"White Nile","Ad Douiem","Shegeiq",2022,0
"White Nile","Ad Douiem","Shegeiq",2023,0
"White Nile","Ad Douiem","Shegeiq",2024,0
"White Nile","Ad Douiem","Umm Remta",2012,0
"White Nile","Ad Douiem","Umm Remta",2013,0
"White Nile","Ad Douiem","Umm Remta",2014,0
"White Nile","Ad Douiem","Umm Remta",2015,6.02393436431885
"White Nile","Ad Douiem","Umm Remta",2016,6.24183940887451
"White Nile","Ad Douiem","Umm Remta",2017,12.8973808288574
"White Nile","Ad Douiem","Umm Remta",2018,25.3433837890625
"White Nile","Ad Douiem","Umm Remta",2019,30.9741859436035
"White Nile","Ad Douiem","Umm Remta",2020,42.7555198669434
"White Nile","Ad Douiem","Umm Remta",2021,36.4941101074219
"White Nile","Ad Douiem","Umm Remta",2022,127.139335632324
"White Nile","Ad Douiem","Umm Remta",2023,120.017997741699
"White Nile","Ad Douiem","Umm Remta",2024,89.0141754150391
"White Nile","Al Gutaina","El Kawa",2012,240.21272277832
"White Nile","Al Gutaina","El Kawa",2013,245.60905456543
"White Nile","Al Gutaina","El Kawa",2014,307.392944335938
"White Nile","Al Gutaina","El Kawa",2015,408.134826660156
"White Nile","Al Gutaina","El Kawa",2016,417.534118652344
"White Nile","Al Gutaina","El Kawa",2017,387.27685546875
"White Nile","Al Gutaina","El Kawa",2018,359.220581054688
"White Nile","Al Gutaina","El Kawa",2019,337.688568115234
"White Nile","Al Gutaina","El Kawa",2020,346.104522705078
"White Nile","Al Gutaina","El Kawa",2021,375.935882568359
"White Nile","Al Gutaina","El Kawa",2022,345.347076416016
"White Nile","Al Gutaina","El Kawa",2023,333.549224853516
"White Nile","Al Gutaina","El Kawa",2024,131.692794799805
"White Nile","Al Gutaina","Es Shikh Es Sadeq",2012,0
"White Nile","Al Gutaina","Es Shikh Es Sadeq",2013,0
"White Nile","Al Gutaina","Es Shikh Es Sadeq",2014,0
"White Nile","Al Gutaina","Es Shikh Es Sadeq",2015,0
"White Nile","Al Gutaina","Es Shikh Es Sadeq",2016,0
"White Nile","Al Gutaina","Es Shikh Es Sadeq",2017,0
"White Nile","Al Gutaina","Es Shikh Es Sadeq",2018,0
"White Nile","Al Gutaina","Es Shikh Es Sadeq",2019,0.656842768192291
"White Nile","Al Gutaina","Es Shikh Es Sadeq",2020,1.88439917564392
"White Nile","Al Gutaina","Es Shikh Es Sadeq",2021,4.8039927482605
"White Nile","Al Gutaina","Es Shikh Es Sadeq",2022,10.4635181427002
"White Nile","Al Gutaina","Es Shikh Es Sadeq",2023,5.76788997650146
"White Nile","Al Gutaina","Es Shikh Es Sadeq",2024,1.25212955474854
"White Nile","Al Gutaina","Hashab",2012,0
"White Nile","Al Gutaina","Hashab",2013,0
"White Nile","Al Gutaina","Hashab",2014,0.192206278443336
"White Nile","Al Gutaina","Hashab",2015,0.223287582397461
"White Nile","Al Gutaina","Hashab",2016,0.163008347153664
"White Nile","Al Gutaina","Hashab",2017,0
"White Nile","Al Gutaina","Hashab",2018,0.17434024810791
"White Nile","Al Gutaina","Hashab",2019,2.00319004058838
"White Nile","Al Gutaina","Hashab",2020,45.4256858825684
"White Nile","Al Gutaina","Hashab",2021,66.6939544677734
"White Nile","Al Gutaina","Hashab",2022,108.840347290039
"White Nile","Al Gutaina","Hashab",2023,111.560203552246
"White Nile","Al Gutaina","Hashab",2024,30.1660118103027
"White Nile","Al Gutaina","Na Eima",2012,183.711776733398
"White Nile","Al Gutaina","Na Eima",2013,158.219467163086
"White Nile","Al Gutaina","Na Eima",2014,160.363250732422
"White Nile","Al Gutaina","Na Eima",2015,170.824417114258
"White Nile","Al Gutaina","Na Eima",2016,211.824523925781
"White Nile","Al Gutaina","Na Eima",2017,240.323516845703
"White Nile","Al Gutaina","Na Eima",2018,222.083709716797
"White Nile","Al Gutaina","Na Eima",2019,271.172485351562
"White Nile","Al Gutaina","Na Eima",2020,320.314636230469
"White Nile","Al Gutaina","Na Eima",2021,382.604766845703
"White Nile","Al Gutaina","Na Eima",2022,447.509124755859
"White Nile","Al Gutaina","Na Eima",2023,298.445007324219
"White Nile","Al Gutaina","Na Eima",2024,232.612182617188
"White Nile","Al Gutaina","Wad Jar En Nabi",2012,23.7946624755859
"White Nile","Al Gutaina","Wad Jar En Nabi",2013,23.4173526763916
"White Nile","Al Gutaina","Wad Jar En Nabi",2014,31.616641998291
"White Nile","Al Gutaina","Wad Jar En Nabi",2015,51.6293182373047
"White Nile","Al Gutaina","Wad Jar En Nabi",2016,55.2556190490723
"White Nile","Al Gutaina","Wad Jar En Nabi",2017,51.0306777954102
"White Nile","Al Gutaina","Wad Jar En Nabi",2018,40.4502754211426
"White Nile","Al Gutaina","Wad Jar En Nabi",2019,42.1132049560547
"White Nile","Al Gutaina","Wad Jar En Nabi",2020,47.0493659973145
"White Nile","Al Gutaina","Wad Jar En Nabi",2021,54.4494590759277
"White Nile","Al Gutaina","Wad Jar En Nabi",2022,115.999717712402
"White Nile","Al Gutaina","Wad Jar En Nabi",2023,57.6351051330566
"White Nile","Al Gutaina","Wad Jar En Nabi",2024,5.27528381347656
"White Nile","Al Jabalian","Abba Island",2012,49.4274635314941
"White Nile","Al Jabalian","Abba Island",2013,44.1763572692871
"White Nile","Al Jabalian","Abba Island",2014,42.1575889587402
"White Nile","Al Jabalian","Abba Island",2015,57.7127876281738
"White Nile","Al Jabalian","Abba Island",2016,51.9300537109375
"White Nile","Al Jabalian","Abba Island",2017,73.882942199707
"White Nile","Al Jabalian","Abba Island",2018,75.5548248291016
"White Nile","Al Jabalian","Abba Island",2019,96.2485656738281
"White Nile","Al Jabalian","Abba Island",2020,110.639785766602
"White Nile","Al Jabalian","Abba Island",2021,111.602729797363
"White Nile","Al Jabalian","Abba Island",2022,135.956085205078
"White Nile","Al Jabalian","Abba Island",2023,157.813095092773
"White Nile","Al Jabalian","Abba Island",2024,184.215026855469
"White Nile","Al Jabalian","Eg Gebelein",2012,457.222045898438
"White Nile","Al Jabalian","Eg Gebelein",2013,424.449890136719
"White Nile","Al Jabalian","Eg Gebelein",2014,474.552337646484
"White Nile","Al Jabalian","Eg Gebelein",2015,454.964965820312
"White Nile","Al Jabalian","Eg Gebelein",2016,527.870483398438
"White Nile","Al Jabalian","Eg Gebelein",2017,523.216186523438
"White Nile","Al Jabalian","Eg Gebelein",2018,434.500640869141
"White Nile","Al Jabalian","Eg Gebelein",2019,416.400512695312
"White Nile","Al Jabalian","Eg Gebelein",2020,420.194213867188
"White Nile","Al Jabalian","Eg Gebelein",2021,370.860534667969
"White Nile","Al Jabalian","Eg Gebelein",2022,427.773529052734
"White Nile","Al Jabalian","Eg Gebelein",2023,438.068023681641
"White Nile","Al Jabalian","Eg Gebelein",2024,376.283264160156
"White Nile","Al Jabalian","Rabak",2012,2243.76440429688
"White Nile","Al Jabalian","Rabak",2013,2441.51538085938
"White Nile","Al Jabalian","Rabak",2014,2072.28735351562
"White Nile","Al Jabalian","Rabak",2015,2113.48022460938
"White Nile","Al Jabalian","Rabak",2016,2069.16943359375
"White Nile","Al Jabalian","Rabak",2017,2120.56494140625
"White Nile","Al Jabalian","Rabak",2018,2297.06396484375
"White Nile","Al Jabalian","Rabak",2019,2233.29736328125
"White Nile","Al Jabalian","Rabak",2020,2215.89697265625
"White Nile","Al Jabalian","Rabak",2021,2145.1025390625
"White Nile","Al Jabalian","Rabak",2022,2478.88012695312
"White Nile","Al Jabalian","Rabak",2023,2728.55639648438
"White Nile","Al Jabalian","Rabak",2024,2379.40673828125
"White Nile","Kosti","Abu Rukba",2012,0
"White Nile","Kosti","Abu Rukba",2013,0
"White Nile","Kosti","Abu Rukba",2014,0
"White Nile","Kosti","Abu Rukba",2015,0
"White Nile","Kosti","Abu Rukba",2016,0
"White Nile","Kosti","Abu Rukba",2017,0
"White Nile","Kosti","Abu Rukba",2018,0
"White Nile","Kosti","Abu Rukba",2019,0
"White Nile","Kosti","Abu Rukba",2020,0
"White Nile","Kosti","Abu Rukba",2021,0
"White Nile","Kosti","Abu Rukba",2022,0
"White Nile","Kosti","Abu Rukba",2023,0
"White Nile","Kosti","Abu Rukba",2024,0
"White Nile","Kosti","En Naeim",2012,0
"White Nile","Kosti","En Naeim",2013,0
"White Nile","Kosti","En Naeim",2014,1.79525887966156
"White Nile","Kosti","En Naeim",2015,2.03645157814026
"White Nile","Kosti","En Naeim",2016,3.91132020950317
"White Nile","Kosti","En Naeim",2017,5.00190401077271
"White Nile","Kosti","En Naeim",2018,4.60690450668335
"White Nile","Kosti","En Naeim",2019,7.01705455780029
"White Nile","Kosti","En Naeim",2020,6.77756690979004
"White Nile","Kosti","En Naeim",2021,5.98577213287354
"White Nile","Kosti","En Naeim",2022,5.97120809555054
"White Nile","Kosti","En Naeim",2023,8.33943176269531
"White Nile","Kosti","En Naeim",2024,7.46164751052856
"White Nile","Kosti","Er Rawat",2012,0
"White Nile","Kosti","Er Rawat",2013,0
"White Nile","Kosti","Er Rawat",2014,0
"White Nile","Kosti","Er Rawat",2015,0
"White Nile","Kosti","Er Rawat",2016,2.2187328338623
"White Nile","Kosti","Er Rawat",2017,19.8133907318115
"White Nile","Kosti","Er Rawat",2018,14.0844783782959
"White Nile","Kosti","Er Rawat",2019,28.4388065338135
"White Nile","Kosti","Er Rawat",2020,9.45295333862305
"White Nile","Kosti","Er Rawat",2021,16.3076820373535
"White Nile","Kosti","Er Rawat",2022,19.1623497009277
"White Nile","Kosti","Er Rawat",2023,23.5569686889648
"White Nile","Kosti","Er Rawat",2024,18.1730461120605
"White Nile","Kosti","Ez Zeleit",2012,0
"White Nile","Kosti","Ez Zeleit",2013,0
"White Nile","Kosti","Ez Zeleit",2014,0
"White Nile","Kosti","Ez Zeleit",2015,0
"White Nile","Kosti","Ez Zeleit",2016,0
"White Nile","Kosti","Ez Zeleit",2017,0
"White Nile","Kosti","Ez Zeleit",2018,0.625078022480011
"White Nile","Kosti","Ez Zeleit",2019,5.69512414932251
"White Nile","Kosti","Ez Zeleit",2020,0
"White Nile","Kosti","Ez Zeleit",2021,0
"White Nile","Kosti","Ez Zeleit",2022,0
"White Nile","Kosti","Ez Zeleit",2023,0
"White Nile","Kosti","Ez Zeleit",2024,0
"White Nile","Kosti","Kosti Genoub",2012,862.385681152344
"White Nile","Kosti","Kosti Genoub",2013,747.546813964844
"White Nile","Kosti","Kosti Genoub",2014,777.582275390625
"White Nile","Kosti","Kosti Genoub",2015,940.490295410156
"White Nile","Kosti","Kosti Genoub",2016,952.576477050781
"White Nile","Kosti","Kosti Genoub",2017,1183.12829589844
"White Nile","Kosti","Kosti Genoub",2018,1251.85668945312
"White Nile","Kosti","Kosti Genoub",2019,1317.31530761719
"White Nile","Kosti","Kosti Genoub",2020,1405.63647460938
"White Nile","Kosti","Kosti Genoub",2021,1282.6201171875
"White Nile","Kosti","Kosti Genoub",2022,1626.95629882812
"White Nile","Kosti","Kosti Genoub",2023,1860.54125976562
"White Nile","Kosti","Kosti Genoub",2024,1823.91064453125
"White Nile","Kosti","Kosti Shmal",2012,0.0188372991979122
"White Nile","Kosti","Kosti Shmal",2013,0.0233869776129723
"White Nile","Kosti","Kosti Shmal",2014,0.0224015712738037
"White Nile","Kosti","Kosti Shmal",2015,1.33337545394897
"White Nile","Kosti","Kosti Shmal",2016,0.58005964756012
"White Nile","Kosti","Kosti Shmal",2017,1.49341583251953
"White Nile","Kosti","Kosti Shmal",2018,4.61910820007324
"White Nile","Kosti","Kosti Shmal",2019,11.3620510101318
"White Nile","Kosti","Kosti Shmal",2020,10.1464071273804
"White Nile","Kosti","Kosti Shmal",2021,12.1350545883179
"White Nile","Kosti","Kosti Shmal",2022,12.9701175689697
"White Nile","Kosti","Kosti Shmal",2023,14.7099981307983
"White Nile","Kosti","Kosti Shmal",2024,6.95686912536621
"White Nile","Kosti","Tendelti",2012,46.6256446838379
"White Nile","Kosti","Tendelti",2013,43.2525787353516
"White Nile","Kosti","Tendelti",2014,40.5923690795898
"White Nile","Kosti","Tendelti",2015,53.6303672790527
"White Nile","Kosti","Tendelti",2016,53.9383277893066
"White Nile","Kosti","Tendelti",2017,77.1126174926758
"White Nile","Kosti","Tendelti",2018,82.5828552246094
"White Nile","Kosti","Tendelti",2019,116.685928344727
"White Nile","Kosti","Tendelti",2020,145.911712646484
"White Nile","Kosti","Tendelti",2021,140.090682983398
"White Nile","Kosti","Tendelti",2022,170.645492553711
"White Nile","Kosti","Tendelti",2023,187.340637207031
"White Nile","Kosti","Tendelti",2024,132.692657470703
