"NAME_1","NAME_2","NAME_3","date","ntl_mean"
"Baringo","805","Lembus",2012,1.80527400970459
"Baringo","805","Lembus",2013,2.48175740242004
"Baringo","805","Lembus",2014,0.607247948646545
"Baringo","805","Lembus",2015,2.24893355369568
"Baringo","805","Lembus",2016,0.509195804595947
"Baringo","805","Lembus",2017,2.41736626625061
"Baringo","805","Lembus",2018,3.67807269096375
"Baringo","805","Lembus",2019,5.05187225341797
"Baringo","805","Lembus",2020,5.03820848464966
"Baringo","805","Lembus",2021,5.21237230300903
"Baringo","805","Lembus",2022,11.5234241485596
"Baringo","805","Lembus",2023,14.572829246521
"Baringo","805","Lembus",2024,19.3025875091553
"Baringo","Baringo Central","Ewalel/Chapchap",2012,0
"Baringo","Baringo Central","Ewalel/Chapchap",2013,0
"Baringo","Baringo Central","Ewalel/Chapchap",2014,0
"Baringo","Baringo Central","Ewalel/Chapchap",2015,0.0682722702622414
"Baringo","Baringo Central","Ewalel/Chapchap",2016,0
"Baringo","Baringo Central","Ewalel/Chapchap",2017,0
"Baringo","Baringo Central","Ewalel/Chapchap",2018,4.30892992019653
"Baringo","Baringo Central","Ewalel/Chapchap",2019,3.57787322998047
"Baringo","Baringo Central","Ewalel/Chapchap",2020,3.49882435798645
"Baringo","Baringo Central","Ewalel/Chapchap",2021,3.37849187850952
"Baringo","Baringo Central","Ewalel/Chapchap",2022,7.8227801322937
"Baringo","Baringo Central","Ewalel/Chapchap",2023,5.0885534286499
"Baringo","Baringo Central","Ewalel/Chapchap",2024,2.66578769683838
"Baringo","Baringo Central","Kabarnet",2012,0.0044314032420516
"Baringo","Baringo Central","Kabarnet",2013,1.84817183017731
"Baringo","Baringo Central","Kabarnet",2014,1.44865596294403
"Baringo","Baringo Central","Kabarnet",2015,0.411969363689423
"Baringo","Baringo Central","Kabarnet",2016,0.0156018789857626
"Baringo","Baringo Central","Kabarnet",2017,0.881018877029419
"Baringo","Baringo Central","Kabarnet",2018,2.46317553520203
"Baringo","Baringo Central","Kabarnet",2019,3.06515669822693
"Baringo","Baringo Central","Kabarnet",2020,2.21384334564209
"Baringo","Baringo Central","Kabarnet",2021,2.88535761833191
"Baringo","Baringo Central","Kabarnet",2022,5.65894603729248
"Baringo","Baringo Central","Kabarnet",2023,3.25707149505615
"Baringo","Baringo Central","Kabarnet",2024,3.78571557998657
"Baringo","Baringo Central","Kapropita",2012,11.8407430648804
"Baringo","Baringo Central","Kapropita",2013,8.14109039306641
"Baringo","Baringo Central","Kapropita",2014,15.418571472168
"Baringo","Baringo Central","Kapropita",2015,32.8555183410645
"Baringo","Baringo Central","Kapropita",2016,31.9305782318115
"Baringo","Baringo Central","Kapropita",2017,72.6543350219727
"Baringo","Baringo Central","Kapropita",2018,69.9468231201172
"Baringo","Baringo Central","Kapropita",2019,73.5540390014648
"Baringo","Baringo Central","Kapropita",2020,56.8127593994141
"Baringo","Baringo Central","Kapropita",2021,55.8103981018066
"Baringo","Baringo Central","Kapropita",2022,67.691764831543
"Baringo","Baringo Central","Kapropita",2023,90.3612213134766
"Baringo","Baringo Central","Kapropita",2024,74.3130035400391
"Baringo","Baringo Central","Sacho",2012,0
"Baringo","Baringo Central","Sacho",2013,0
"Baringo","Baringo Central","Sacho",2014,0.612516105175018
"Baringo","Baringo Central","Sacho",2015,1.998779296875
"Baringo","Baringo Central","Sacho",2016,2.72426652908325
"Baringo","Baringo Central","Sacho",2017,1.90846991539001
"Baringo","Baringo Central","Sacho",2018,0.629407823085785
"Baringo","Baringo Central","Sacho",2019,0.841900587081909
"Baringo","Baringo Central","Sacho",2020,0
"Baringo","Baringo Central","Sacho",2021,0
"Baringo","Baringo Central","Sacho",2022,1.71318066120148
"Baringo","Baringo Central","Sacho",2023,3.9950258731842
"Baringo","Baringo Central","Sacho",2024,7.19016170501709
"Baringo","Baringo Central","Tenges",2012,0
"Baringo","Baringo Central","Tenges",2013,0
"Baringo","Baringo Central","Tenges",2014,0
"Baringo","Baringo Central","Tenges",2015,0
"Baringo","Baringo Central","Tenges",2016,0
"Baringo","Baringo Central","Tenges",2017,0
"Baringo","Baringo Central","Tenges",2018,1.71963977813721
"Baringo","Baringo Central","Tenges",2019,2.93998289108276
"Baringo","Baringo Central","Tenges",2020,0
"Baringo","Baringo Central","Tenges",2021,0
"Baringo","Baringo Central","Tenges",2022,1.40587592124939
"Baringo","Baringo Central","Tenges",2023,1.75681924819946
"Baringo","Baringo Central","Tenges",2024,0
"Baringo","Baringo North","Bartabwa",2012,0
"Baringo","Baringo North","Bartabwa",2013,0
"Baringo","Baringo North","Bartabwa",2014,0
"Baringo","Baringo North","Bartabwa",2015,0
"Baringo","Baringo North","Bartabwa",2016,0
"Baringo","Baringo North","Bartabwa",2017,0
"Baringo","Baringo North","Bartabwa",2018,0
"Baringo","Baringo North","Bartabwa",2019,0
"Baringo","Baringo North","Bartabwa",2020,0
"Baringo","Baringo North","Bartabwa",2021,0
"Baringo","Baringo North","Bartabwa",2022,0
"Baringo","Baringo North","Bartabwa",2023,0
"Baringo","Baringo North","Bartabwa",2024,0
"Baringo","Baringo North","Barwessa",2012,0
"Baringo","Baringo North","Barwessa",2013,1.14262592792511
"Baringo","Baringo North","Barwessa",2014,0
"Baringo","Baringo North","Barwessa",2015,0
"Baringo","Baringo North","Barwessa",2016,0
"Baringo","Baringo North","Barwessa",2017,0
"Baringo","Baringo North","Barwessa",2018,0
"Baringo","Baringo North","Barwessa",2019,0
"Baringo","Baringo North","Barwessa",2020,0
"Baringo","Baringo North","Barwessa",2021,0
"Baringo","Baringo North","Barwessa",2022,0
"Baringo","Baringo North","Barwessa",2023,0
"Baringo","Baringo North","Barwessa",2024,0
"Baringo","Baringo North","Kabartonjo",2012,0
"Baringo","Baringo North","Kabartonjo",2013,0
"Baringo","Baringo North","Kabartonjo",2014,0
"Baringo","Baringo North","Kabartonjo",2015,0
"Baringo","Baringo North","Kabartonjo",2016,0
"Baringo","Baringo North","Kabartonjo",2017,0
"Baringo","Baringo North","Kabartonjo",2018,8.05436897277832
"Baringo","Baringo North","Kabartonjo",2019,9.99318408966064
"Baringo","Baringo North","Kabartonjo",2020,9.24672222137451
"Baringo","Baringo North","Kabartonjo",2021,8.05528831481934
"Baringo","Baringo North","Kabartonjo",2022,10.022162437439
"Baringo","Baringo North","Kabartonjo",2023,5.42092132568359
"Baringo","Baringo North","Kabartonjo",2024,2.99120664596558
"Baringo","Baringo North","Saimo/Kipsaraman",2012,0
"Baringo","Baringo North","Saimo/Kipsaraman",2013,0.50980943441391
"Baringo","Baringo North","Saimo/Kipsaraman",2014,0.591269850730896
"Baringo","Baringo North","Saimo/Kipsaraman",2015,0.621811211109161
"Baringo","Baringo North","Saimo/Kipsaraman",2016,0
"Baringo","Baringo North","Saimo/Kipsaraman",2017,1.08512830734253
"Baringo","Baringo North","Saimo/Kipsaraman",2018,0.867497622966766
"Baringo","Baringo North","Saimo/Kipsaraman",2019,0.182711273431778
"Baringo","Baringo North","Saimo/Kipsaraman",2020,0.371733367443085
"Baringo","Baringo North","Saimo/Kipsaraman",2021,0.656558692455292
"Baringo","Baringo North","Saimo/Kipsaraman",2022,4.66809558868408
"Baringo","Baringo North","Saimo/Kipsaraman",2023,4.64562320709229
"Baringo","Baringo North","Saimo/Kipsaraman",2024,3.14151453971863
"Baringo","Baringo North","Saimo/Soi",2012,0
"Baringo","Baringo North","Saimo/Soi",2013,0
"Baringo","Baringo North","Saimo/Soi",2014,0
"Baringo","Baringo North","Saimo/Soi",2015,0
"Baringo","Baringo North","Saimo/Soi",2016,0
"Baringo","Baringo North","Saimo/Soi",2017,0.207051604986191
"Baringo","Baringo North","Saimo/Soi",2018,0
"Baringo","Baringo North","Saimo/Soi",2019,0
"Baringo","Baringo North","Saimo/Soi",2020,0
"Baringo","Baringo North","Saimo/Soi",2021,0
"Baringo","Baringo North","Saimo/Soi",2022,0.867429435253143
"Baringo","Baringo North","Saimo/Soi",2023,1.40374803543091
"Baringo","Baringo North","Saimo/Soi",2024,0.432804107666016
"Baringo","Baringo South","Ilchamus",2012,0
"Baringo","Baringo South","Ilchamus",2013,0
"Baringo","Baringo South","Ilchamus",2014,0
"Baringo","Baringo South","Ilchamus",2015,0
"Baringo","Baringo South","Ilchamus",2016,0
"Baringo","Baringo South","Ilchamus",2017,0
"Baringo","Baringo South","Ilchamus",2018,3.33849835395813
"Baringo","Baringo South","Ilchamus",2019,1.78446674346924
"Baringo","Baringo South","Ilchamus",2020,0.361294001340866
"Baringo","Baringo South","Ilchamus",2021,0
"Baringo","Baringo South","Ilchamus",2022,1.24184513092041
"Baringo","Baringo South","Ilchamus",2023,8.40328025817871
"Baringo","Baringo South","Ilchamus",2024,3.80812358856201
"Baringo","Baringo South","Marigat",2012,3.68544435501099
"Baringo","Baringo South","Marigat",2013,2.60987901687622
"Baringo","Baringo South","Marigat",2014,3.47375440597534
"Baringo","Baringo South","Marigat",2015,5.27357912063599
"Baringo","Baringo South","Marigat",2016,4.87205505371094
"Baringo","Baringo South","Marigat",2017,23.3343334197998
"Baringo","Baringo South","Marigat",2018,36.061637878418
"Baringo","Baringo South","Marigat",2019,34.317310333252
"Baringo","Baringo South","Marigat",2020,26.1892547607422
"Baringo","Baringo South","Marigat",2021,21.197301864624
"Baringo","Baringo South","Marigat",2022,40.2302207946777
"Baringo","Baringo South","Marigat",2023,53.9546661376953
"Baringo","Baringo South","Marigat",2024,45.9521942138672
"Baringo","Baringo South","Mochongoi",2012,0
"Baringo","Baringo South","Mochongoi",2013,0
"Baringo","Baringo South","Mochongoi",2014,0
"Baringo","Baringo South","Mochongoi",2015,0
"Baringo","Baringo South","Mochongoi",2016,0
"Baringo","Baringo South","Mochongoi",2017,0
"Baringo","Baringo South","Mochongoi",2018,0
"Baringo","Baringo South","Mochongoi",2019,0
"Baringo","Baringo South","Mochongoi",2020,0
"Baringo","Baringo South","Mochongoi",2021,0
"Baringo","Baringo South","Mochongoi",2022,2.25915241241455
"Baringo","Baringo South","Mochongoi",2023,1.23423433303833
"Baringo","Baringo South","Mochongoi",2024,0
"Baringo","Baringo South","Mukutani",2012,0
"Baringo","Baringo South","Mukutani",2013,0
"Baringo","Baringo South","Mukutani",2014,0
"Baringo","Baringo South","Mukutani",2015,0
"Baringo","Baringo South","Mukutani",2016,0
"Baringo","Baringo South","Mukutani",2017,0
"Baringo","Baringo South","Mukutani",2018,0
"Baringo","Baringo South","Mukutani",2019,0
"Baringo","Baringo South","Mukutani",2020,0
"Baringo","Baringo South","Mukutani",2021,0
"Baringo","Baringo South","Mukutani",2022,0
"Baringo","Baringo South","Mukutani",2023,1.93335664272308
"Baringo","Baringo South","Mukutani",2024,5.9299750328064
"Baringo","Eldama Ravine","Koibatek",2012,0
"Baringo","Eldama Ravine","Koibatek",2013,0
"Baringo","Eldama Ravine","Koibatek",2014,0
"Baringo","Eldama Ravine","Koibatek",2015,0
"Baringo","Eldama Ravine","Koibatek",2016,0
"Baringo","Eldama Ravine","Koibatek",2017,0
"Baringo","Eldama Ravine","Koibatek",2018,0
"Baringo","Eldama Ravine","Koibatek",2019,0.614881813526154
"Baringo","Eldama Ravine","Koibatek",2020,0.500050067901611
"Baringo","Eldama Ravine","Koibatek",2021,0
"Baringo","Eldama Ravine","Koibatek",2022,0.544870913028717
"Baringo","Eldama Ravine","Koibatek",2023,1.13291716575623
"Baringo","Eldama Ravine","Koibatek",2024,1.62656235694885
"Baringo","Eldama Ravine","Lembus Kwen",2012,0.68669867515564
"Baringo","Eldama Ravine","Lembus Kwen",2013,0.605309724807739
"Baringo","Eldama Ravine","Lembus Kwen",2014,0.031742412596941
"Baringo","Eldama Ravine","Lembus Kwen",2015,0.0378458127379417
"Baringo","Eldama Ravine","Lembus Kwen",2016,0.016559261828661
"Baringo","Eldama Ravine","Lembus Kwen",2017,0.11131377518177
"Baringo","Eldama Ravine","Lembus Kwen",2018,0.813981711864471
"Baringo","Eldama Ravine","Lembus Kwen",2019,0.101437523961067
"Baringo","Eldama Ravine","Lembus Kwen",2020,0.0789872482419014
"Baringo","Eldama Ravine","Lembus Kwen",2021,0.580459356307983
"Baringo","Eldama Ravine","Lembus Kwen",2022,0.75089156627655
"Baringo","Eldama Ravine","Lembus Kwen",2023,2.323894739151
"Baringo","Eldama Ravine","Lembus Kwen",2024,7.27289342880249
"Baringo","Eldama Ravine","Lembus/Perkerra",2012,1.04606091976166
"Baringo","Eldama Ravine","Lembus/Perkerra",2013,0.868632435798645
"Baringo","Eldama Ravine","Lembus/Perkerra",2014,0.936837732791901
"Baringo","Eldama Ravine","Lembus/Perkerra",2015,1.1485184431076
"Baringo","Eldama Ravine","Lembus/Perkerra",2016,2.82990002632141
"Baringo","Eldama Ravine","Lembus/Perkerra",2017,3.89207983016968
"Baringo","Eldama Ravine","Lembus/Perkerra",2018,3.49759411811829
"Baringo","Eldama Ravine","Lembus/Perkerra",2019,1.06759929656982
"Baringo","Eldama Ravine","Lembus/Perkerra",2020,1.23958051204681
"Baringo","Eldama Ravine","Lembus/Perkerra",2021,1.69387257099152
"Baringo","Eldama Ravine","Lembus/Perkerra",2022,5.15724849700928
"Baringo","Eldama Ravine","Lembus/Perkerra",2023,8.18006801605225
"Baringo","Eldama Ravine","Lembus/Perkerra",2024,18.4458866119385
"Baringo","Eldama Ravine","Mumberes/Maji Mazuri",2012,0.0218036826699972
"Baringo","Eldama Ravine","Mumberes/Maji Mazuri",2013,0.342400342226028
"Baringo","Eldama Ravine","Mumberes/Maji Mazuri",2014,0.658088326454163
"Baringo","Eldama Ravine","Mumberes/Maji Mazuri",2015,0.477095693349838
"Baringo","Eldama Ravine","Mumberes/Maji Mazuri",2016,0
"Baringo","Eldama Ravine","Mumberes/Maji Mazuri",2017,4.3659234046936
"Baringo","Eldama Ravine","Mumberes/Maji Mazuri",2018,6.95614290237427
"Baringo","Eldama Ravine","Mumberes/Maji Mazuri",2019,7.2785792350769
"Baringo","Eldama Ravine","Mumberes/Maji Mazuri",2020,2.48599815368652
"Baringo","Eldama Ravine","Mumberes/Maji Mazuri",2021,2.24845886230469
"Baringo","Eldama Ravine","Mumberes/Maji Mazuri",2022,5.66529369354248
"Baringo","Eldama Ravine","Mumberes/Maji Mazuri",2023,5.86067581176758
"Baringo","Eldama Ravine","Mumberes/Maji Mazuri",2024,9.72337532043457
"Baringo","Eldama Ravine","Ravine",2012,17.2960453033447
"Baringo","Eldama Ravine","Ravine",2013,15.8851022720337
"Baringo","Eldama Ravine","Ravine",2014,13.3568115234375
"Baringo","Eldama Ravine","Ravine",2015,20.057559967041
"Baringo","Eldama Ravine","Ravine",2016,23.8201026916504
"Baringo","Eldama Ravine","Ravine",2017,36.4101257324219
"Baringo","Eldama Ravine","Ravine",2018,43.7331085205078
"Baringo","Eldama Ravine","Ravine",2019,45.3565521240234
"Baringo","Eldama Ravine","Ravine",2020,34.2192420959473
"Baringo","Eldama Ravine","Ravine",2021,33.8523330688477
"Baringo","Eldama Ravine","Ravine",2022,45.8405990600586
"Baringo","Eldama Ravine","Ravine",2023,57.0922164916992
"Baringo","Eldama Ravine","Ravine",2024,63.7632179260254
"Baringo","Mogotio","Emining",2012,0
"Baringo","Mogotio","Emining",2013,0
"Baringo","Mogotio","Emining",2014,0.524597465991974
"Baringo","Mogotio","Emining",2015,0
"Baringo","Mogotio","Emining",2016,0
"Baringo","Mogotio","Emining",2017,0.502773225307465
"Baringo","Mogotio","Emining",2018,2.51793694496155
"Baringo","Mogotio","Emining",2019,3.99768137931824
"Baringo","Mogotio","Emining",2020,2.43781304359436
"Baringo","Mogotio","Emining",2021,2.92688298225403
"Baringo","Mogotio","Emining",2022,8.75352001190186
"Baringo","Mogotio","Emining",2023,8.1980676651001
"Baringo","Mogotio","Emining",2024,21.8598594665527
"Baringo","Mogotio","Kisanana",2012,0
"Baringo","Mogotio","Kisanana",2013,0
"Baringo","Mogotio","Kisanana",2014,0
"Baringo","Mogotio","Kisanana",2015,0
"Baringo","Mogotio","Kisanana",2016,0
"Baringo","Mogotio","Kisanana",2017,0
"Baringo","Mogotio","Kisanana",2018,0
"Baringo","Mogotio","Kisanana",2019,0
"Baringo","Mogotio","Kisanana",2020,0
"Baringo","Mogotio","Kisanana",2021,0
"Baringo","Mogotio","Kisanana",2022,0
"Baringo","Mogotio","Kisanana",2023,0
"Baringo","Mogotio","Kisanana",2024,6.48584365844727
"Baringo","Mogotio","Mogotio",2012,0
"Baringo","Mogotio","Mogotio",2013,0
"Baringo","Mogotio","Mogotio",2014,0
"Baringo","Mogotio","Mogotio",2015,0
"Baringo","Mogotio","Mogotio",2016,0
"Baringo","Mogotio","Mogotio",2017,0
"Baringo","Mogotio","Mogotio",2018,0
"Baringo","Mogotio","Mogotio",2019,0
"Baringo","Mogotio","Mogotio",2020,0
"Baringo","Mogotio","Mogotio",2021,0
"Baringo","Mogotio","Mogotio",2022,0
"Baringo","Mogotio","Mogotio",2023,0.519146621227264
"Baringo","Mogotio","Mogotio",2024,3.92902183532715
"Baringo","Tiaty","Churo/Amaya",2012,0
"Baringo","Tiaty","Churo/Amaya",2013,0
"Baringo","Tiaty","Churo/Amaya",2014,0
"Baringo","Tiaty","Churo/Amaya",2015,0
"Baringo","Tiaty","Churo/Amaya",2016,0
"Baringo","Tiaty","Churo/Amaya",2017,0
"Baringo","Tiaty","Churo/Amaya",2018,0
"Baringo","Tiaty","Churo/Amaya",2019,0
"Baringo","Tiaty","Churo/Amaya",2020,0
"Baringo","Tiaty","Churo/Amaya",2021,0
"Baringo","Tiaty","Churo/Amaya",2022,0
"Baringo","Tiaty","Churo/Amaya",2023,0
"Baringo","Tiaty","Churo/Amaya",2024,0.0782318115234375
"Baringo","Tiaty","Kolowa",2012,0
"Baringo","Tiaty","Kolowa",2013,0
"Baringo","Tiaty","Kolowa",2014,0
"Baringo","Tiaty","Kolowa",2015,0
"Baringo","Tiaty","Kolowa",2016,0
"Baringo","Tiaty","Kolowa",2017,0
"Baringo","Tiaty","Kolowa",2018,0
"Baringo","Tiaty","Kolowa",2019,0
"Baringo","Tiaty","Kolowa",2020,0
"Baringo","Tiaty","Kolowa",2021,0
"Baringo","Tiaty","Kolowa",2022,0
"Baringo","Tiaty","Kolowa",2023,0
"Baringo","Tiaty","Kolowa",2024,0
"Baringo","Tiaty","Loiyamorock",2012,1.3333512544632
"Baringo","Tiaty","Loiyamorock",2013,3.19828844070435
"Baringo","Tiaty","Loiyamorock",2014,6.92886447906494
"Baringo","Tiaty","Loiyamorock",2015,6.4776177406311
"Baringo","Tiaty","Loiyamorock",2016,1.8136545419693
"Baringo","Tiaty","Loiyamorock",2017,2.17054080963135
"Baringo","Tiaty","Loiyamorock",2018,3.18720841407776
"Baringo","Tiaty","Loiyamorock",2019,2.88081622123718
"Baringo","Tiaty","Loiyamorock",2020,0.680563271045685
"Baringo","Tiaty","Loiyamorock",2021,0
"Baringo","Tiaty","Loiyamorock",2022,2.09872889518738
"Baringo","Tiaty","Loiyamorock",2023,5.53482723236084
"Baringo","Tiaty","Loiyamorock",2024,3.95638608932495
"Baringo","Tiaty","Ribkwo",2012,0
"Baringo","Tiaty","Ribkwo",2013,0
"Baringo","Tiaty","Ribkwo",2014,0
"Baringo","Tiaty","Ribkwo",2015,0
"Baringo","Tiaty","Ribkwo",2016,0
"Baringo","Tiaty","Ribkwo",2017,0
"Baringo","Tiaty","Ribkwo",2018,0
"Baringo","Tiaty","Ribkwo",2019,19.2542991638184
"Baringo","Tiaty","Ribkwo",2020,5.66134166717529
"Baringo","Tiaty","Ribkwo",2021,3.3363049030304
"Baringo","Tiaty","Ribkwo",2022,6.98352479934692
"Baringo","Tiaty","Ribkwo",2023,3.36664223670959
"Baringo","Tiaty","Ribkwo",2024,15.487322807312
"Baringo","Tiaty","Silale",2012,0
"Baringo","Tiaty","Silale",2013,0
"Baringo","Tiaty","Silale",2014,0
"Baringo","Tiaty","Silale",2015,0
"Baringo","Tiaty","Silale",2016,0
"Baringo","Tiaty","Silale",2017,0
"Baringo","Tiaty","Silale",2018,0
"Baringo","Tiaty","Silale",2019,0
"Baringo","Tiaty","Silale",2020,0
"Baringo","Tiaty","Silale",2021,0
"Baringo","Tiaty","Silale",2022,0
"Baringo","Tiaty","Silale",2023,0
"Baringo","Tiaty","Silale",2024,0
"Baringo","Tiaty","Tangulbei/Korossi",2012,2.1275486946106
"Baringo","Tiaty","Tangulbei/Korossi",2013,1.9560854434967
"Baringo","Tiaty","Tangulbei/Korossi",2014,3.1447012424469
"Baringo","Tiaty","Tangulbei/Korossi",2015,2.00310778617859
"Baringo","Tiaty","Tangulbei/Korossi",2016,1.53188049793243
"Baringo","Tiaty","Tangulbei/Korossi",2017,1.23948097229004
"Baringo","Tiaty","Tangulbei/Korossi",2018,2.28920197486877
"Baringo","Tiaty","Tangulbei/Korossi",2019,0.825410425662994
"Baringo","Tiaty","Tangulbei/Korossi",2020,0
"Baringo","Tiaty","Tangulbei/Korossi",2021,0
"Baringo","Tiaty","Tangulbei/Korossi",2022,1.29652225971222
"Baringo","Tiaty","Tangulbei/Korossi",2023,1.04444539546967
"Baringo","Tiaty","Tangulbei/Korossi",2024,5.4813380241394
"Baringo","Tiaty","Tirioko",2012,0
"Baringo","Tiaty","Tirioko",2013,0
"Baringo","Tiaty","Tirioko",2014,0
"Baringo","Tiaty","Tirioko",2015,0
"Baringo","Tiaty","Tirioko",2016,0
"Baringo","Tiaty","Tirioko",2017,0
"Baringo","Tiaty","Tirioko",2018,0
"Baringo","Tiaty","Tirioko",2019,0
"Baringo","Tiaty","Tirioko",2020,0
"Baringo","Tiaty","Tirioko",2021,0
"Baringo","Tiaty","Tirioko",2022,0
"Baringo","Tiaty","Tirioko",2023,0
"Baringo","Tiaty","Tirioko",2024,0
"Bomet","Bomet Central","Chesoen",2012,0
"Bomet","Bomet Central","Chesoen",2013,0
"Bomet","Bomet Central","Chesoen",2014,0
"Bomet","Bomet Central","Chesoen",2015,0
"Bomet","Bomet Central","Chesoen",2016,0
"Bomet","Bomet Central","Chesoen",2017,0
"Bomet","Bomet Central","Chesoen",2018,0
"Bomet","Bomet Central","Chesoen",2019,0
"Bomet","Bomet Central","Chesoen",2020,0
"Bomet","Bomet Central","Chesoen",2021,0
"Bomet","Bomet Central","Chesoen",2022,0.503709852695465
"Bomet","Bomet Central","Chesoen",2023,3.35364174842834
"Bomet","Bomet Central","Chesoen",2024,7.08388519287109
"Bomet","Bomet Central","Mutarakwa",2012,0
"Bomet","Bomet Central","Mutarakwa",2013,0
"Bomet","Bomet Central","Mutarakwa",2014,0
"Bomet","Bomet Central","Mutarakwa",2015,0
"Bomet","Bomet Central","Mutarakwa",2016,0
"Bomet","Bomet Central","Mutarakwa",2017,0.0225826259702444
"Bomet","Bomet Central","Mutarakwa",2018,0.0187206584960222
"Bomet","Bomet Central","Mutarakwa",2019,0.0191524531692266
"Bomet","Bomet Central","Mutarakwa",2020,0
"Bomet","Bomet Central","Mutarakwa",2021,1.20635914802551
"Bomet","Bomet Central","Mutarakwa",2022,1.89251518249512
"Bomet","Bomet Central","Mutarakwa",2023,2.36534547805786
"Bomet","Bomet Central","Mutarakwa",2024,7.62343072891235
"Bomet","Bomet Central","Ndaraweta",2012,0
"Bomet","Bomet Central","Ndaraweta",2013,0
"Bomet","Bomet Central","Ndaraweta",2014,0
"Bomet","Bomet Central","Ndaraweta",2015,0
"Bomet","Bomet Central","Ndaraweta",2016,0
"Bomet","Bomet Central","Ndaraweta",2017,0
"Bomet","Bomet Central","Ndaraweta",2018,0.527429938316345
"Bomet","Bomet Central","Ndaraweta",2019,0.557944536209106
"Bomet","Bomet Central","Ndaraweta",2020,0
"Bomet","Bomet Central","Ndaraweta",2021,0.824690103530884
"Bomet","Bomet Central","Ndaraweta",2022,6.14698505401611
"Bomet","Bomet Central","Ndaraweta",2023,6.21063327789307
"Bomet","Bomet Central","Ndaraweta",2024,6.23919773101807
"Bomet","Bomet Central","Silibwet Township",2012,4.56069564819336
"Bomet","Bomet Central","Silibwet Township",2013,3.96254777908325
"Bomet","Bomet Central","Silibwet Township",2014,4.30593872070312
"Bomet","Bomet Central","Silibwet Township",2015,4.59328413009644
"Bomet","Bomet Central","Silibwet Township",2016,4.68280410766602
"Bomet","Bomet Central","Silibwet Township",2017,12.9812602996826
"Bomet","Bomet Central","Silibwet Township",2018,20.1775245666504
"Bomet","Bomet Central","Silibwet Township",2019,21.7418384552002
"Bomet","Bomet Central","Silibwet Township",2020,21.9280338287354
"Bomet","Bomet Central","Silibwet Township",2021,23.8944358825684
"Bomet","Bomet Central","Silibwet Township",2022,49.1699562072754
"Bomet","Bomet Central","Silibwet Township",2023,39.848445892334
"Bomet","Bomet Central","Silibwet Township",2024,72.8328628540039
"Bomet","Bomet Central","Singorwet",2012,0.531143248081207
"Bomet","Bomet Central","Singorwet",2013,0
"Bomet","Bomet Central","Singorwet",2014,0
"Bomet","Bomet Central","Singorwet",2015,0
"Bomet","Bomet Central","Singorwet",2016,0
"Bomet","Bomet Central","Singorwet",2017,0
"Bomet","Bomet Central","Singorwet",2018,0
"Bomet","Bomet Central","Singorwet",2019,0
"Bomet","Bomet Central","Singorwet",2020,1.35113143920898
"Bomet","Bomet Central","Singorwet",2021,2.66007828712463
"Bomet","Bomet Central","Singorwet",2022,5.25071954727173
"Bomet","Bomet Central","Singorwet",2023,5.99063301086426
"Bomet","Bomet Central","Singorwet",2024,4.97430801391602
"Bomet","Bomet East","Chemaner",2012,0
"Bomet","Bomet East","Chemaner",2013,0
"Bomet","Bomet East","Chemaner",2014,0
"Bomet","Bomet East","Chemaner",2015,0
"Bomet","Bomet East","Chemaner",2016,0
"Bomet","Bomet East","Chemaner",2017,0
"Bomet","Bomet East","Chemaner",2018,0
"Bomet","Bomet East","Chemaner",2019,0
"Bomet","Bomet East","Chemaner",2020,0
"Bomet","Bomet East","Chemaner",2021,0
"Bomet","Bomet East","Chemaner",2022,0.584940135478973
"Bomet","Bomet East","Chemaner",2023,2.32866168022156
"Bomet","Bomet East","Chemaner",2024,3.35668325424194
"Bomet","Bomet East","Kembu",2012,0
"Bomet","Bomet East","Kembu",2013,0
"Bomet","Bomet East","Kembu",2014,0
"Bomet","Bomet East","Kembu",2015,0
"Bomet","Bomet East","Kembu",2016,0
"Bomet","Bomet East","Kembu",2017,0
"Bomet","Bomet East","Kembu",2018,0
"Bomet","Bomet East","Kembu",2019,0
"Bomet","Bomet East","Kembu",2020,0
"Bomet","Bomet East","Kembu",2021,0
"Bomet","Bomet East","Kembu",2022,1.21850395202637
"Bomet","Bomet East","Kembu",2023,5.24842739105225
"Bomet","Bomet East","Kembu",2024,9.05237770080566
"Bomet","Bomet East","Kipreres",2012,0
"Bomet","Bomet East","Kipreres",2013,0
"Bomet","Bomet East","Kipreres",2014,0.0295607466250658
"Bomet","Bomet East","Kipreres",2015,0.873396575450897
"Bomet","Bomet East","Kipreres",2016,1.33593702316284
"Bomet","Bomet East","Kipreres",2017,2.82440233230591
"Bomet","Bomet East","Kipreres",2018,8.24929809570312
"Bomet","Bomet East","Kipreres",2019,13.6738510131836
"Bomet","Bomet East","Kipreres",2020,11.4022397994995
"Bomet","Bomet East","Kipreres",2021,7.94592237472534
"Bomet","Bomet East","Kipreres",2022,15.8973474502563
"Bomet","Bomet East","Kipreres",2023,17.4523086547852
"Bomet","Bomet East","Kipreres",2024,21.4676055908203
"Bomet","Bomet East","Longisa",2012,1.17156004905701
"Bomet","Bomet East","Longisa",2013,1.04049015045166
"Bomet","Bomet East","Longisa",2014,1.90417671203613
"Bomet","Bomet East","Longisa",2015,2.12129926681519
"Bomet","Bomet East","Longisa",2016,1.76262092590332
"Bomet","Bomet East","Longisa",2017,6.81728506088257
"Bomet","Bomet East","Longisa",2018,19.9955806732178
"Bomet","Bomet East","Longisa",2019,25.7150783538818
"Bomet","Bomet East","Longisa",2020,22.3409538269043
"Bomet","Bomet East","Longisa",2021,26.0683326721191
"Bomet","Bomet East","Longisa",2022,44.9910469055176
"Bomet","Bomet East","Longisa",2023,50.311939239502
"Bomet","Bomet East","Longisa",2024,57.1756973266602
"Bomet","Bomet East","Merigi",2012,18.9474296569824
"Bomet","Bomet East","Merigi",2013,17.3775501251221
"Bomet","Bomet East","Merigi",2014,23.46409034729
"Bomet","Bomet East","Merigi",2015,20.6485290527344
"Bomet","Bomet East","Merigi",2016,52.9030151367188
"Bomet","Bomet East","Merigi",2017,83.6533432006836
"Bomet","Bomet East","Merigi",2018,90.0813674926758
"Bomet","Bomet East","Merigi",2019,92.1096038818359
"Bomet","Bomet East","Merigi",2020,82.6993560791016
"Bomet","Bomet East","Merigi",2021,86.5531158447266
"Bomet","Bomet East","Merigi",2022,91.9689865112305
"Bomet","Bomet East","Merigi",2023,100.206192016602
"Bomet","Bomet East","Merigi",2024,126.939895629883
"Bomet","Chepalungu","Chebunyo",2012,0
"Bomet","Chepalungu","Chebunyo",2013,0
"Bomet","Chepalungu","Chebunyo",2014,0
"Bomet","Chepalungu","Chebunyo",2015,0
"Bomet","Chepalungu","Chebunyo",2016,0
"Bomet","Chepalungu","Chebunyo",2017,0
"Bomet","Chepalungu","Chebunyo",2018,7.96643924713135
"Bomet","Chepalungu","Chebunyo",2019,10.2499237060547
"Bomet","Chepalungu","Chebunyo",2020,11.5539417266846
"Bomet","Chepalungu","Chebunyo",2021,7.58542394638062
"Bomet","Chepalungu","Chebunyo",2022,17.8031177520752
"Bomet","Chepalungu","Chebunyo",2023,17.6896114349365
"Bomet","Chepalungu","Chebunyo",2024,16.395092010498
"Bomet","Chepalungu","Kong'Asis",2012,0
"Bomet","Chepalungu","Kong'Asis",2013,0
"Bomet","Chepalungu","Kong'Asis",2014,0
"Bomet","Chepalungu","Kong'Asis",2015,0
"Bomet","Chepalungu","Kong'Asis",2016,0
"Bomet","Chepalungu","Kong'Asis",2017,0
"Bomet","Chepalungu","Kong'Asis",2018,0.078029528260231
"Bomet","Chepalungu","Kong'Asis",2019,0.0611705556511879
"Bomet","Chepalungu","Kong'Asis",2020,0.0617423467338085
"Bomet","Chepalungu","Kong'Asis",2021,0.642640113830566
"Bomet","Chepalungu","Kong'Asis",2022,3.65137672424316
"Bomet","Chepalungu","Kong'Asis",2023,2.28433537483215
"Bomet","Chepalungu","Kong'Asis",2024,3.59507441520691
"Bomet","Chepalungu","Nyangores",2012,4.04654216766357
"Bomet","Chepalungu","Nyangores",2013,4.20186567306519
"Bomet","Chepalungu","Nyangores",2014,7.52297496795654
"Bomet","Chepalungu","Nyangores",2015,5.67224407196045
"Bomet","Chepalungu","Nyangores",2016,11.4831895828247
"Bomet","Chepalungu","Nyangores",2017,36.8879776000977
"Bomet","Chepalungu","Nyangores",2018,45.5869140625
"Bomet","Chepalungu","Nyangores",2019,61.5476417541504
"Bomet","Chepalungu","Nyangores",2020,54.5915145874023
"Bomet","Chepalungu","Nyangores",2021,60.2521018981934
"Bomet","Chepalungu","Nyangores",2022,87.4710540771484
"Bomet","Chepalungu","Nyangores",2023,102.787078857422
"Bomet","Chepalungu","Nyangores",2024,109.313110351562
"Bomet","Chepalungu","Sigor",2012,0
"Bomet","Chepalungu","Sigor",2013,0
"Bomet","Chepalungu","Sigor",2014,0
"Bomet","Chepalungu","Sigor",2015,0
"Bomet","Chepalungu","Sigor",2016,0
"Bomet","Chepalungu","Sigor",2017,0
"Bomet","Chepalungu","Sigor",2018,3.9871027469635
"Bomet","Chepalungu","Sigor",2019,6.94899320602417
"Bomet","Chepalungu","Sigor",2020,2.96533918380737
"Bomet","Chepalungu","Sigor",2021,2.75824022293091
"Bomet","Chepalungu","Sigor",2022,3.6179986000061
"Bomet","Chepalungu","Sigor",2023,6.06652545928955
"Bomet","Chepalungu","Sigor",2024,3.75597143173218
"Bomet","Chepalungu","Siongiroi",2012,0
"Bomet","Chepalungu","Siongiroi",2013,0
"Bomet","Chepalungu","Siongiroi",2014,0
"Bomet","Chepalungu","Siongiroi",2015,0
"Bomet","Chepalungu","Siongiroi",2016,0
"Bomet","Chepalungu","Siongiroi",2017,1.15684831142426
"Bomet","Chepalungu","Siongiroi",2018,9.1056604385376
"Bomet","Chepalungu","Siongiroi",2019,8.17235374450684
"Bomet","Chepalungu","Siongiroi",2020,5.58527851104736
"Bomet","Chepalungu","Siongiroi",2021,6.3818793296814
"Bomet","Chepalungu","Siongiroi",2022,10.5070219039917
"Bomet","Chepalungu","Siongiroi",2023,14.0844011306763
"Bomet","Chepalungu","Siongiroi",2024,13.3652200698853
"Bomet","Konoin","Boito",2012,2.51166009902954
"Bomet","Konoin","Boito",2013,0
"Bomet","Konoin","Boito",2014,0
"Bomet","Konoin","Boito",2015,0
"Bomet","Konoin","Boito",2016,0.873126327991486
"Bomet","Konoin","Boito",2017,0.724701225757599
"Bomet","Konoin","Boito",2018,0.63850861787796
"Bomet","Konoin","Boito",2019,1.70286095142365
"Bomet","Konoin","Boito",2020,4.39701747894287
"Bomet","Konoin","Boito",2021,2.52658891677856
"Bomet","Konoin","Boito",2022,8.62247753143311
"Bomet","Konoin","Boito",2023,15.415135383606
"Bomet","Konoin","Boito",2024,20.628791809082
"Bomet","Konoin","Chepchabas",2012,11.6698627471924
"Bomet","Konoin","Chepchabas",2013,12.4548645019531
"Bomet","Konoin","Chepchabas",2014,14.9209642410278
"Bomet","Konoin","Chepchabas",2015,14.6196012496948
"Bomet","Konoin","Chepchabas",2016,8.65162372589111
"Bomet","Konoin","Chepchabas",2017,10.1075983047485
"Bomet","Konoin","Chepchabas",2018,13.9369077682495
"Bomet","Konoin","Chepchabas",2019,16.6270923614502
"Bomet","Konoin","Chepchabas",2020,20.4184589385986
"Bomet","Konoin","Chepchabas",2021,21.128791809082
"Bomet","Konoin","Chepchabas",2022,43.9596328735352
"Bomet","Konoin","Chepchabas",2023,73.6009521484375
"Bomet","Konoin","Chepchabas",2024,82.4755859375
"Bomet","Konoin","Embomos",2012,2.96752071380615
"Bomet","Konoin","Embomos",2013,0.526255548000336
"Bomet","Konoin","Embomos",2014,0
"Bomet","Konoin","Embomos",2015,0
"Bomet","Konoin","Embomos",2016,0
"Bomet","Konoin","Embomos",2017,0
"Bomet","Konoin","Embomos",2018,3.06354212760925
"Bomet","Konoin","Embomos",2019,5.23430585861206
"Bomet","Konoin","Embomos",2020,14.410496711731
"Bomet","Konoin","Embomos",2021,16.2038269042969
"Bomet","Konoin","Embomos",2022,24.9072532653809
"Bomet","Konoin","Embomos",2023,27.8795261383057
"Bomet","Konoin","Embomos",2024,28.7913608551025
"Bomet","Konoin","Kimulot",2012,1.29054951667786
"Bomet","Konoin","Kimulot",2013,1.12162828445435
"Bomet","Konoin","Kimulot",2014,2.43824696540833
"Bomet","Konoin","Kimulot",2015,3.05569076538086
"Bomet","Konoin","Kimulot",2016,1.71633589267731
"Bomet","Konoin","Kimulot",2017,0.922581434249878
"Bomet","Konoin","Kimulot",2018,1.4681578874588
"Bomet","Konoin","Kimulot",2019,0.840663731098175
"Bomet","Konoin","Kimulot",2020,2.90769147872925
"Bomet","Konoin","Kimulot",2021,5.62394046783447
"Bomet","Konoin","Kimulot",2022,10.9351558685303
"Bomet","Konoin","Kimulot",2023,19.6068840026855
"Bomet","Konoin","Kimulot",2024,25.5118675231934
"Bomet","Konoin","Mogogosiek",2012,4.16015768051147
"Bomet","Konoin","Mogogosiek",2013,2.48372173309326
"Bomet","Konoin","Mogogosiek",2014,2.19564127922058
"Bomet","Konoin","Mogogosiek",2015,3.87583661079407
"Bomet","Konoin","Mogogosiek",2016,2.85354852676392
"Bomet","Konoin","Mogogosiek",2017,7.57405281066895
"Bomet","Konoin","Mogogosiek",2018,21.7696800231934
"Bomet","Konoin","Mogogosiek",2019,24.748348236084
"Bomet","Konoin","Mogogosiek",2020,23.7845363616943
"Bomet","Konoin","Mogogosiek",2021,24.0474758148193
"Bomet","Konoin","Mogogosiek",2022,26.5350112915039
"Bomet","Konoin","Mogogosiek",2023,31.2687168121338
"Bomet","Konoin","Mogogosiek",2024,27.7824783325195
"Bomet","Sotik","Chemagel",2012,10.2208776473999
"Bomet","Sotik","Chemagel",2013,9.01775646209717
"Bomet","Sotik","Chemagel",2014,9.93701362609863
"Bomet","Sotik","Chemagel",2015,15.7446813583374
"Bomet","Sotik","Chemagel",2016,10.1875047683716
"Bomet","Sotik","Chemagel",2017,30.4603939056396
"Bomet","Sotik","Chemagel",2018,69.3464202880859
"Bomet","Sotik","Chemagel",2019,71.583869934082
"Bomet","Sotik","Chemagel",2020,67.3238754272461
"Bomet","Sotik","Chemagel",2021,60.0107765197754
"Bomet","Sotik","Chemagel",2022,101.775039672852
"Bomet","Sotik","Chemagel",2023,96.9159317016602
"Bomet","Sotik","Chemagel",2024,109.568069458008
"Bomet","Sotik","Kapletundo",2012,1.15553176403046
"Bomet","Sotik","Kapletundo",2013,1.29479503631592
"Bomet","Sotik","Kapletundo",2014,1.28378975391388
"Bomet","Sotik","Kapletundo",2015,1.38920903205872
"Bomet","Sotik","Kapletundo",2016,1.24454772472382
"Bomet","Sotik","Kapletundo",2017,1.5652369260788
"Bomet","Sotik","Kapletundo",2018,7.15383100509644
"Bomet","Sotik","Kapletundo",2019,7.88759422302246
"Bomet","Sotik","Kapletundo",2020,13.4241352081299
"Bomet","Sotik","Kapletundo",2021,9.45124816894531
"Bomet","Sotik","Kapletundo",2022,19.8990592956543
"Bomet","Sotik","Kapletundo",2023,30.8926696777344
"Bomet","Sotik","Kapletundo",2024,27.0101737976074
"Bomet","Sotik","Kipsonoi",2012,0
"Bomet","Sotik","Kipsonoi",2013,0
"Bomet","Sotik","Kipsonoi",2014,0
"Bomet","Sotik","Kipsonoi",2015,0
"Bomet","Sotik","Kipsonoi",2016,0
"Bomet","Sotik","Kipsonoi",2017,0.618435025215149
"Bomet","Sotik","Kipsonoi",2018,3.60229849815369
"Bomet","Sotik","Kipsonoi",2019,3.41696071624756
"Bomet","Sotik","Kipsonoi",2020,14.9201173782349
"Bomet","Sotik","Kipsonoi",2021,17.8620071411133
"Bomet","Sotik","Kipsonoi",2022,19.3097381591797
"Bomet","Sotik","Kipsonoi",2023,35.9325675964355
"Bomet","Sotik","Kipsonoi",2024,84.9774017333984
"Bomet","Sotik","Ndanai/Abosi",2012,0
"Bomet","Sotik","Ndanai/Abosi",2013,0
"Bomet","Sotik","Ndanai/Abosi",2014,0
"Bomet","Sotik","Ndanai/Abosi",2015,0
"Bomet","Sotik","Ndanai/Abosi",2016,0
"Bomet","Sotik","Ndanai/Abosi",2017,1.65157794952393
"Bomet","Sotik","Ndanai/Abosi",2018,12.8759078979492
"Bomet","Sotik","Ndanai/Abosi",2019,11.377857208252
"Bomet","Sotik","Ndanai/Abosi",2020,8.00209331512451
"Bomet","Sotik","Ndanai/Abosi",2021,9.02020263671875
"Bomet","Sotik","Ndanai/Abosi",2022,26.1780071258545
"Bomet","Sotik","Ndanai/Abosi",2023,30.1487045288086
"Bomet","Sotik","Ndanai/Abosi",2024,21.7559947967529
"Bomet","Sotik","Rongena/Manaret",2012,18.6486721038818
"Bomet","Sotik","Rongena/Manaret",2013,22.4453048706055
"Bomet","Sotik","Rongena/Manaret",2014,16.6585655212402
"Bomet","Sotik","Rongena/Manaret",2015,14.0092391967773
"Bomet","Sotik","Rongena/Manaret",2016,6.93558979034424
"Bomet","Sotik","Rongena/Manaret",2017,8.54992866516113
"Bomet","Sotik","Rongena/Manaret",2018,9.4088134765625
"Bomet","Sotik","Rongena/Manaret",2019,24.5914287567139
"Bomet","Sotik","Rongena/Manaret",2020,15.9556694030762
"Bomet","Sotik","Rongena/Manaret",2021,22.1324043273926
"Bomet","Sotik","Rongena/Manaret",2022,45.1402969360352
"Bomet","Sotik","Rongena/Manaret",2023,44.6576194763184
"Bomet","Sotik","Rongena/Manaret",2024,34.7784576416016
"Bungoma","Bumula","Bumula",2012,0
"Bungoma","Bumula","Bumula",2013,0
"Bungoma","Bumula","Bumula",2014,0.708218336105347
"Bungoma","Bumula","Bumula",2015,0
"Bungoma","Bumula","Bumula",2016,0
"Bungoma","Bumula","Bumula",2017,0.459619909524918
"Bungoma","Bumula","Bumula",2018,1.07251417636871
"Bungoma","Bumula","Bumula",2019,4.32521820068359
"Bungoma","Bumula","Bumula",2020,0.801336705684662
"Bungoma","Bumula","Bumula",2021,0.861790239810944
"Bungoma","Bumula","Bumula",2022,0.305210947990417
"Bungoma","Bumula","Bumula",2023,5.65874814987183
"Bungoma","Bumula","Bumula",2024,6.21584606170654
"Bungoma","Bumula","Kabula",2012,0
"Bungoma","Bumula","Kabula",2013,0
"Bungoma","Bumula","Kabula",2014,0
"Bungoma","Bumula","Kabula",2015,0
"Bungoma","Bumula","Kabula",2016,0
"Bungoma","Bumula","Kabula",2017,0
"Bungoma","Bumula","Kabula",2018,0
"Bungoma","Bumula","Kabula",2019,0
"Bungoma","Bumula","Kabula",2020,1.36193466186523
"Bungoma","Bumula","Kabula",2021,5.94595336914062
"Bungoma","Bumula","Kabula",2022,12.9838523864746
"Bungoma","Bumula","Kabula",2023,22.3520202636719
"Bungoma","Bumula","Kabula",2024,15.1011934280396
"Bungoma","Bumula","Khasoko",2012,0
"Bungoma","Bumula","Khasoko",2013,0
"Bungoma","Bumula","Khasoko",2014,0
"Bungoma","Bumula","Khasoko",2015,0
"Bungoma","Bumula","Khasoko",2016,0
"Bungoma","Bumula","Khasoko",2017,0
"Bungoma","Bumula","Khasoko",2018,0
"Bungoma","Bumula","Khasoko",2019,0.312838494777679
"Bungoma","Bumula","Khasoko",2020,0.302835553884506
"Bungoma","Bumula","Khasoko",2021,0.373645305633545
"Bungoma","Bumula","Khasoko",2022,3.55178642272949
"Bungoma","Bumula","Khasoko",2023,5.66945505142212
"Bungoma","Bumula","Khasoko",2024,5.61949825286865
"Bungoma","Bumula","Kimaeti",2012,0
"Bungoma","Bumula","Kimaeti",2013,0
"Bungoma","Bumula","Kimaeti",2014,0
"Bungoma","Bumula","Kimaeti",2015,0.631887972354889
"Bungoma","Bumula","Kimaeti",2016,1.36926078796387
"Bungoma","Bumula","Kimaeti",2017,0.11427166312933
"Bungoma","Bumula","Kimaeti",2018,0
"Bungoma","Bumula","Kimaeti",2019,5.40827083587646
"Bungoma","Bumula","Kimaeti",2020,16.015682220459
"Bungoma","Bumula","Kimaeti",2021,14.9842586517334
"Bungoma","Bumula","Kimaeti",2022,17.5611114501953
"Bungoma","Bumula","Kimaeti",2023,37.1558837890625
"Bungoma","Bumula","Kimaeti",2024,20.6845607757568
"Bungoma","Bumula","Siboti",2012,0
"Bungoma","Bumula","Siboti",2013,0
"Bungoma","Bumula","Siboti",2014,0.000222940827370621
"Bungoma","Bumula","Siboti",2015,0
"Bungoma","Bumula","Siboti",2016,0
"Bungoma","Bumula","Siboti",2017,0.0119310645386577
"Bungoma","Bumula","Siboti",2018,0
"Bungoma","Bumula","Siboti",2019,0
"Bungoma","Bumula","Siboti",2020,0
"Bungoma","Bumula","Siboti",2021,0.017513569444418
"Bungoma","Bumula","Siboti",2022,2.27351522445679
"Bungoma","Bumula","Siboti",2023,4.12455654144287
"Bungoma","Bumula","Siboti",2024,2.77084469795227
"Bungoma","Bumula","South Bukusu",2012,0
"Bungoma","Bumula","South Bukusu",2013,0
"Bungoma","Bumula","South Bukusu",2014,0.203901901841164
"Bungoma","Bumula","South Bukusu",2015,0
"Bungoma","Bumula","South Bukusu",2016,0
"Bungoma","Bumula","South Bukusu",2017,0.132328361272812
"Bungoma","Bumula","South Bukusu",2018,0.173690736293793
"Bungoma","Bumula","South Bukusu",2019,3.83897089958191
"Bungoma","Bumula","South Bukusu",2020,2.25241494178772
"Bungoma","Bumula","South Bukusu",2021,2.33328795433044
"Bungoma","Bumula","South Bukusu",2022,3.72863078117371
"Bungoma","Bumula","South Bukusu",2023,7.76350164413452
"Bungoma","Bumula","South Bukusu",2024,4.32832050323486
"Bungoma","Bumula","West Bukusu",2012,0.109130501747131
"Bungoma","Bumula","West Bukusu",2013,0.0890539810061455
"Bungoma","Bumula","West Bukusu",2014,0.0981696844100952
"Bungoma","Bumula","West Bukusu",2015,0.610359966754913
"Bungoma","Bumula","West Bukusu",2016,0.699101984500885
"Bungoma","Bumula","West Bukusu",2017,1.82682085037231
"Bungoma","Bumula","West Bukusu",2018,1.23147165775299
"Bungoma","Bumula","West Bukusu",2019,2.57009172439575
"Bungoma","Bumula","West Bukusu",2020,5.97700881958008
"Bungoma","Bumula","West Bukusu",2021,3.35047459602356
"Bungoma","Bumula","West Bukusu",2022,14.4816837310791
"Bungoma","Bumula","West Bukusu",2023,23.4931259155273
"Bungoma","Bumula","West Bukusu",2024,17.1304702758789
"Bungoma","Kabuchai","Bwake/Luuya",2012,0
"Bungoma","Kabuchai","Bwake/Luuya",2013,0
"Bungoma","Kabuchai","Bwake/Luuya",2014,0
"Bungoma","Kabuchai","Bwake/Luuya",2015,0
"Bungoma","Kabuchai","Bwake/Luuya",2016,0
"Bungoma","Kabuchai","Bwake/Luuya",2017,0
"Bungoma","Kabuchai","Bwake/Luuya",2018,0
"Bungoma","Kabuchai","Bwake/Luuya",2019,3.7480149269104
"Bungoma","Kabuchai","Bwake/Luuya",2020,1.03053319454193
"Bungoma","Kabuchai","Bwake/Luuya",2021,1.70157909393311
"Bungoma","Kabuchai","Bwake/Luuya",2022,2.61874485015869
"Bungoma","Kabuchai","Bwake/Luuya",2023,7.23254251480103
"Bungoma","Kabuchai","Bwake/Luuya",2024,3.95875763893127
"Bungoma","Kabuchai","Kabuchai/Chwele",2012,3.3063063621521
"Bungoma","Kabuchai","Kabuchai/Chwele",2013,2.01950573921204
"Bungoma","Kabuchai","Kabuchai/Chwele",2014,3.3555805683136
"Bungoma","Kabuchai","Kabuchai/Chwele",2015,5.47982025146484
"Bungoma","Kabuchai","Kabuchai/Chwele",2016,9.36437892913818
"Bungoma","Kabuchai","Kabuchai/Chwele",2017,6.74461317062378
"Bungoma","Kabuchai","Kabuchai/Chwele",2018,14.1470432281494
"Bungoma","Kabuchai","Kabuchai/Chwele",2019,18.673511505127
"Bungoma","Kabuchai","Kabuchai/Chwele",2020,10.7617092132568
"Bungoma","Kabuchai","Kabuchai/Chwele",2021,24.9962062835693
"Bungoma","Kabuchai","Kabuchai/Chwele",2022,17.162576675415
"Bungoma","Kabuchai","Kabuchai/Chwele",2023,37.83837890625
"Bungoma","Kabuchai","Kabuchai/Chwele",2024,44.6606674194336
"Bungoma","Kabuchai","Mukuyuni",2012,0
"Bungoma","Kabuchai","Mukuyuni",2013,0
"Bungoma","Kabuchai","Mukuyuni",2014,0
"Bungoma","Kabuchai","Mukuyuni",2015,0
"Bungoma","Kabuchai","Mukuyuni",2016,0
"Bungoma","Kabuchai","Mukuyuni",2017,0
"Bungoma","Kabuchai","Mukuyuni",2018,0
"Bungoma","Kabuchai","Mukuyuni",2019,0
"Bungoma","Kabuchai","Mukuyuni",2020,0
"Bungoma","Kabuchai","Mukuyuni",2021,0
"Bungoma","Kabuchai","Mukuyuni",2022,1.20872437953949
"Bungoma","Kabuchai","Mukuyuni",2023,7.17434406280518
"Bungoma","Kabuchai","Mukuyuni",2024,8.42099475860596
"Bungoma","Kabuchai","West Nalondo",2012,0.0611460246145725
"Bungoma","Kabuchai","West Nalondo",2013,0.0456625446677208
"Bungoma","Kabuchai","West Nalondo",2014,0.159503951668739
"Bungoma","Kabuchai","West Nalondo",2015,0.620729207992554
"Bungoma","Kabuchai","West Nalondo",2016,1.32910346984863
"Bungoma","Kabuchai","West Nalondo",2017,1.51815617084503
"Bungoma","Kabuchai","West Nalondo",2018,3.11244463920593
"Bungoma","Kabuchai","West Nalondo",2019,4.3606858253479
"Bungoma","Kabuchai","West Nalondo",2020,4.50369310379028
"Bungoma","Kabuchai","West Nalondo",2021,8.71806621551514
"Bungoma","Kabuchai","West Nalondo",2022,29.6156806945801
"Bungoma","Kabuchai","West Nalondo",2023,55.3418617248535
"Bungoma","Kabuchai","West Nalondo",2024,46.1797180175781
"Bungoma","Kanduyi","Bukembe East",2012,66.1526031494141
"Bungoma","Kanduyi","Bukembe East",2013,59.2698669433594
"Bungoma","Kanduyi","Bukembe East",2014,37.8799896240234
"Bungoma","Kanduyi","Bukembe East",2015,40.8966064453125
"Bungoma","Kanduyi","Bukembe East",2016,36.3556213378906
"Bungoma","Kanduyi","Bukembe East",2017,28.4901714324951
"Bungoma","Kanduyi","Bukembe East",2018,26.2832717895508
"Bungoma","Kanduyi","Bukembe East",2019,27.7930583953857
"Bungoma","Kanduyi","Bukembe East",2020,22.1389770507812
"Bungoma","Kanduyi","Bukembe East",2021,20.7404232025146
"Bungoma","Kanduyi","Bukembe East",2022,27.2947216033936
"Bungoma","Kanduyi","Bukembe East",2023,47.9451484680176
"Bungoma","Kanduyi","Bukembe East",2024,35.9420433044434
"Bungoma","Kanduyi","Bukembe West",2012,2.46055579185486
"Bungoma","Kanduyi","Bukembe West",2013,2.65573000907898
"Bungoma","Kanduyi","Bukembe West",2014,3.36277675628662
"Bungoma","Kanduyi","Bukembe West",2015,6.40163230895996
"Bungoma","Kanduyi","Bukembe West",2016,6.2016658782959
"Bungoma","Kanduyi","Bukembe West",2017,7.15586185455322
"Bungoma","Kanduyi","Bukembe West",2018,20.4313068389893
"Bungoma","Kanduyi","Bukembe West",2019,22.9097995758057
"Bungoma","Kanduyi","Bukembe West",2020,15.8840227127075
"Bungoma","Kanduyi","Bukembe West",2021,29.6862716674805
"Bungoma","Kanduyi","Bukembe West",2022,52.8808135986328
"Bungoma","Kanduyi","Bukembe West",2023,99.6742248535156
"Bungoma","Kanduyi","Bukembe West",2024,98.9553298950195
"Bungoma","Kanduyi","East Sang'Alo",2012,0.0380336828529835
"Bungoma","Kanduyi","East Sang'Alo",2013,0
"Bungoma","Kanduyi","East Sang'Alo",2014,0.0328389815986156
"Bungoma","Kanduyi","East Sang'Alo",2015,0
"Bungoma","Kanduyi","East Sang'Alo",2016,0
"Bungoma","Kanduyi","East Sang'Alo",2017,0
"Bungoma","Kanduyi","East Sang'Alo",2018,0
"Bungoma","Kanduyi","East Sang'Alo",2019,0.756137788295746
"Bungoma","Kanduyi","East Sang'Alo",2020,0
"Bungoma","Kanduyi","East Sang'Alo",2021,0
"Bungoma","Kanduyi","East Sang'Alo",2022,0.58213222026825
"Bungoma","Kanduyi","East Sang'Alo",2023,1.66392147541046
"Bungoma","Kanduyi","East Sang'Alo",2024,0.0651356279850006
"Bungoma","Kanduyi","Khalaba",2012,59.0539283752441
"Bungoma","Kanduyi","Khalaba",2013,53.2499542236328
"Bungoma","Kanduyi","Khalaba",2014,63.6887893676758
"Bungoma","Kanduyi","Khalaba",2015,72.6275482177734
"Bungoma","Kanduyi","Khalaba",2016,80.4636383056641
"Bungoma","Kanduyi","Khalaba",2017,115.462989807129
"Bungoma","Kanduyi","Khalaba",2018,152.352020263672
"Bungoma","Kanduyi","Khalaba",2019,141.543045043945
"Bungoma","Kanduyi","Khalaba",2020,114.990570068359
"Bungoma","Kanduyi","Khalaba",2021,139.422973632812
"Bungoma","Kanduyi","Khalaba",2022,141.017944335938
"Bungoma","Kanduyi","Khalaba",2023,181.376571655273
"Bungoma","Kanduyi","Khalaba",2024,228.871994018555
"Bungoma","Kanduyi","Marakaru/Tuuti",2012,7.31170701980591
"Bungoma","Kanduyi","Marakaru/Tuuti",2013,4.59621906280518
"Bungoma","Kanduyi","Marakaru/Tuuti",2014,10.0164728164673
"Bungoma","Kanduyi","Marakaru/Tuuti",2015,18.6852970123291
"Bungoma","Kanduyi","Marakaru/Tuuti",2016,20.0366706848145
"Bungoma","Kanduyi","Marakaru/Tuuti",2017,26.5774440765381
"Bungoma","Kanduyi","Marakaru/Tuuti",2018,45.1215400695801
"Bungoma","Kanduyi","Marakaru/Tuuti",2019,42.8112869262695
"Bungoma","Kanduyi","Marakaru/Tuuti",2020,34.2230567932129
"Bungoma","Kanduyi","Marakaru/Tuuti",2021,48.6234970092773
"Bungoma","Kanduyi","Marakaru/Tuuti",2022,79.9164581298828
"Bungoma","Kanduyi","Marakaru/Tuuti",2023,115.19775390625
"Bungoma","Kanduyi","Marakaru/Tuuti",2024,100.997779846191
"Bungoma","Kanduyi","Musikoma",2012,41.0461654663086
"Bungoma","Kanduyi","Musikoma",2013,36.8561744689941
"Bungoma","Kanduyi","Musikoma",2014,45.0860366821289
"Bungoma","Kanduyi","Musikoma",2015,54.0142059326172
"Bungoma","Kanduyi","Musikoma",2016,51.2434539794922
"Bungoma","Kanduyi","Musikoma",2017,63.0074081420898
"Bungoma","Kanduyi","Musikoma",2018,78.9950561523438
"Bungoma","Kanduyi","Musikoma",2019,87.0570526123047
"Bungoma","Kanduyi","Musikoma",2020,75.4103851318359
"Bungoma","Kanduyi","Musikoma",2021,98.7772445678711
"Bungoma","Kanduyi","Musikoma",2022,129.745300292969
"Bungoma","Kanduyi","Musikoma",2023,176.228881835938
"Bungoma","Kanduyi","Musikoma",2024,193.386291503906
"Bungoma","Kanduyi","Township",2012,33.2049713134766
"Bungoma","Kanduyi","Township",2013,28.3100242614746
"Bungoma","Kanduyi","Township",2014,36.3053283691406
"Bungoma","Kanduyi","Township",2015,34.1029777526855
"Bungoma","Kanduyi","Township",2016,35.0816688537598
"Bungoma","Kanduyi","Township",2017,47.4181327819824
"Bungoma","Kanduyi","Township",2018,68.3551025390625
"Bungoma","Kanduyi","Township",2019,67.194091796875
"Bungoma","Kanduyi","Township",2020,58.1720428466797
"Bungoma","Kanduyi","Township",2021,71.5433349609375
"Bungoma","Kanduyi","Township",2022,65.997932434082
"Bungoma","Kanduyi","Township",2023,85.6936874389648
"Bungoma","Kanduyi","Township",2024,100.298721313477
"Bungoma","Kanduyi","West Sang'Alo",2012,4.50488376617432
"Bungoma","Kanduyi","West Sang'Alo",2013,5.01195096969604
"Bungoma","Kanduyi","West Sang'Alo",2014,5.22291135787964
"Bungoma","Kanduyi","West Sang'Alo",2015,14.9172563552856
"Bungoma","Kanduyi","West Sang'Alo",2016,12.1116132736206
"Bungoma","Kanduyi","West Sang'Alo",2017,17.0642795562744
"Bungoma","Kanduyi","West Sang'Alo",2018,27.6280059814453
"Bungoma","Kanduyi","West Sang'Alo",2019,32.8108406066895
"Bungoma","Kanduyi","West Sang'Alo",2020,25.4046630859375
"Bungoma","Kanduyi","West Sang'Alo",2021,48.6565933227539
"Bungoma","Kanduyi","West Sang'Alo",2022,83.0003662109375
"Bungoma","Kanduyi","West Sang'Alo",2023,113.644989013672
"Bungoma","Kanduyi","West Sang'Alo",2024,126.590133666992
"Bungoma","Kimilili","Kamukuywa",2012,1.09460592269897
"Bungoma","Kimilili","Kamukuywa",2013,1.12936329841614
"Bungoma","Kimilili","Kamukuywa",2014,1.08149242401123
"Bungoma","Kimilili","Kamukuywa",2015,0
"Bungoma","Kimilili","Kamukuywa",2016,4.59033250808716
"Bungoma","Kimilili","Kamukuywa",2017,2.63629698753357
"Bungoma","Kimilili","Kamukuywa",2018,8.4034366607666
"Bungoma","Kimilili","Kamukuywa",2019,12.3051671981812
"Bungoma","Kimilili","Kamukuywa",2020,4.92808437347412
"Bungoma","Kimilili","Kamukuywa",2021,12.4725952148438
"Bungoma","Kimilili","Kamukuywa",2022,15.8657102584839
"Bungoma","Kimilili","Kamukuywa",2023,53.7644958496094
"Bungoma","Kimilili","Kamukuywa",2024,43.2800598144531
"Bungoma","Kimilili","Kibingei",2012,1.27040493488312
"Bungoma","Kimilili","Kibingei",2013,1.08372187614441
"Bungoma","Kimilili","Kibingei",2014,0.991710722446442
"Bungoma","Kimilili","Kibingei",2015,1.02207636833191
"Bungoma","Kimilili","Kibingei",2016,0.479916006326675
"Bungoma","Kimilili","Kibingei",2017,2.02062177658081
"Bungoma","Kimilili","Kibingei",2018,2.47606468200684
"Bungoma","Kimilili","Kibingei",2019,2.82182025909424
"Bungoma","Kimilili","Kibingei",2020,2.1904034614563
"Bungoma","Kimilili","Kibingei",2021,7.67636728286743
"Bungoma","Kimilili","Kibingei",2022,10.7468271255493
"Bungoma","Kimilili","Kibingei",2023,36.1791763305664
"Bungoma","Kimilili","Kibingei",2024,30.6434383392334
"Bungoma","Kimilili","Kimilili",2012,19.3187255859375
"Bungoma","Kimilili","Kimilili",2013,20.4401931762695
"Bungoma","Kimilili","Kimilili",2014,17.6171627044678
"Bungoma","Kimilili","Kimilili",2015,17.4734745025635
"Bungoma","Kimilili","Kimilili",2016,16.0968036651611
"Bungoma","Kimilili","Kimilili",2017,16.6965999603271
"Bungoma","Kimilili","Kimilili",2018,34.3946762084961
"Bungoma","Kimilili","Kimilili",2019,34.7486419677734
"Bungoma","Kimilili","Kimilili",2020,33.069637298584
"Bungoma","Kimilili","Kimilili",2021,54.8703689575195
"Bungoma","Kimilili","Kimilili",2022,71.5226058959961
"Bungoma","Kimilili","Kimilili",2023,102.706665039062
"Bungoma","Kimilili","Kimilili",2024,83.1037826538086
"Bungoma","Kimilili","Maeni",2012,0
"Bungoma","Kimilili","Maeni",2013,0
"Bungoma","Kimilili","Maeni",2014,0
"Bungoma","Kimilili","Maeni",2015,0
"Bungoma","Kimilili","Maeni",2016,0
"Bungoma","Kimilili","Maeni",2017,0
"Bungoma","Kimilili","Maeni",2018,0
"Bungoma","Kimilili","Maeni",2019,4.91039228439331
"Bungoma","Kimilili","Maeni",2020,2.95078110694885
"Bungoma","Kimilili","Maeni",2021,2.24415993690491
"Bungoma","Kimilili","Maeni",2022,5.34286737442017
"Bungoma","Kimilili","Maeni",2023,13.573956489563
"Bungoma","Kimilili","Maeni",2024,8.89446640014648
"Bungoma","Likuyani","Kongoni",2012,0.867368519306183
"Bungoma","Likuyani","Kongoni",2013,0
"Bungoma","Likuyani","Kongoni",2014,0.26970899105072
"Bungoma","Likuyani","Kongoni",2015,0.523422360420227
"Bungoma","Likuyani","Kongoni",2016,1.0461802482605
"Bungoma","Likuyani","Kongoni",2017,2.1305980682373
"Bungoma","Likuyani","Kongoni",2018,13.065468788147
"Bungoma","Likuyani","Kongoni",2019,11.7514066696167
"Bungoma","Likuyani","Kongoni",2020,6.69717931747437
"Bungoma","Likuyani","Kongoni",2021,7.9192271232605
"Bungoma","Likuyani","Kongoni",2022,30.89723777771
"Bungoma","Likuyani","Kongoni",2023,32.9535026550293
"Bungoma","Likuyani","Kongoni",2024,26.9396209716797
"Bungoma","Likuyani","Likuyani",2012,0.675554752349854
"Bungoma","Likuyani","Likuyani",2013,0.0145404590293765
"Bungoma","Likuyani","Likuyani",2014,0.0160654913634062
"Bungoma","Likuyani","Likuyani",2015,0.349961906671524
"Bungoma","Likuyani","Likuyani",2016,0.0286889337003231
"Bungoma","Likuyani","Likuyani",2017,1.77406537532806
"Bungoma","Likuyani","Likuyani",2018,5.96474313735962
"Bungoma","Likuyani","Likuyani",2019,4.75946950912476
"Bungoma","Likuyani","Likuyani",2020,2.69212484359741
"Bungoma","Likuyani","Likuyani",2021,4.08189535140991
"Bungoma","Likuyani","Likuyani",2022,35.253604888916
"Bungoma","Likuyani","Likuyani",2023,41.8418426513672
"Bungoma","Likuyani","Likuyani",2024,26.3056983947754
"Bungoma","Likuyani","Nzoia",2012,1.87341451644897
"Bungoma","Likuyani","Nzoia",2013,0.963399946689606
"Bungoma","Likuyani","Nzoia",2014,0.80287504196167
"Bungoma","Likuyani","Nzoia",2015,2.48710632324219
"Bungoma","Likuyani","Nzoia",2016,2.32993245124817
"Bungoma","Likuyani","Nzoia",2017,5.79777574539185
"Bungoma","Likuyani","Nzoia",2018,13.1096200942993
"Bungoma","Likuyani","Nzoia",2019,14.7190675735474
"Bungoma","Likuyani","Nzoia",2020,8.07726097106934
"Bungoma","Likuyani","Nzoia",2021,18.1610851287842
"Bungoma","Likuyani","Nzoia",2022,40.8633346557617
"Bungoma","Likuyani","Nzoia",2023,47.5618057250977
"Bungoma","Likuyani","Nzoia",2024,41.6723937988281
"Bungoma","Likuyani","Sango",2012,0
"Bungoma","Likuyani","Sango",2013,0
"Bungoma","Likuyani","Sango",2014,0
"Bungoma","Likuyani","Sango",2015,0
"Bungoma","Likuyani","Sango",2016,0
"Bungoma","Likuyani","Sango",2017,0
"Bungoma","Likuyani","Sango",2018,0
"Bungoma","Likuyani","Sango",2019,0
"Bungoma","Likuyani","Sango",2020,0
"Bungoma","Likuyani","Sango",2021,0
"Bungoma","Likuyani","Sango",2022,1.13300895690918
"Bungoma","Likuyani","Sango",2023,1.76245522499084
"Bungoma","Likuyani","Sango",2024,1.97738444805145
"Bungoma","Likuyani","Sinoko",2012,0
"Bungoma","Likuyani","Sinoko",2013,0
"Bungoma","Likuyani","Sinoko",2014,0
"Bungoma","Likuyani","Sinoko",2015,0
"Bungoma","Likuyani","Sinoko",2016,0
"Bungoma","Likuyani","Sinoko",2017,0.24570395052433
"Bungoma","Likuyani","Sinoko",2018,0.534925282001495
"Bungoma","Likuyani","Sinoko",2019,0.615254759788513
"Bungoma","Likuyani","Sinoko",2020,0.262927204370499
"Bungoma","Likuyani","Sinoko",2021,0
"Bungoma","Likuyani","Sinoko",2022,2.13199949264526
"Bungoma","Likuyani","Sinoko",2023,8.76050662994385
"Bungoma","Likuyani","Sinoko",2024,8.11805725097656
"Bungoma","Lugari","Chekalini",2012,0
"Bungoma","Lugari","Chekalini",2013,0
"Bungoma","Lugari","Chekalini",2014,0
"Bungoma","Lugari","Chekalini",2015,0
"Bungoma","Lugari","Chekalini",2016,0
"Bungoma","Lugari","Chekalini",2017,0
"Bungoma","Lugari","Chekalini",2018,0
"Bungoma","Lugari","Chekalini",2019,0
"Bungoma","Lugari","Chekalini",2020,0
"Bungoma","Lugari","Chekalini",2021,2.38736939430237
"Bungoma","Lugari","Chekalini",2022,5.66941213607788
"Bungoma","Lugari","Chekalini",2023,9.44996643066406
"Bungoma","Lugari","Chekalini",2024,2.59588742256165
"Bungoma","Lugari","Lugari",2012,0
"Bungoma","Lugari","Lugari",2013,0
"Bungoma","Lugari","Lugari",2014,0
"Bungoma","Lugari","Lugari",2015,0
"Bungoma","Lugari","Lugari",2016,0
"Bungoma","Lugari","Lugari",2017,0
"Bungoma","Lugari","Lugari",2018,6.41281890869141
"Bungoma","Lugari","Lugari",2019,5.10813283920288
"Bungoma","Lugari","Lugari",2020,0
"Bungoma","Lugari","Lugari",2021,0.785678803920746
"Bungoma","Lugari","Lugari",2022,2.6177351474762
"Bungoma","Lugari","Lugari",2023,10.92112159729
"Bungoma","Lugari","Lugari",2024,8.85162258148193
"Bungoma","Lugari","Lumakanda",2012,19.9066390991211
"Bungoma","Lugari","Lumakanda",2013,16.3364486694336
"Bungoma","Lugari","Lumakanda",2014,15.4607849121094
"Bungoma","Lugari","Lumakanda",2015,13.5918836593628
"Bungoma","Lugari","Lumakanda",2016,3.64253044128418
"Bungoma","Lugari","Lumakanda",2017,0
"Bungoma","Lugari","Lumakanda",2018,1.62704920768738
"Bungoma","Lugari","Lumakanda",2019,2.03948712348938
"Bungoma","Lugari","Lumakanda",2020,0
"Bungoma","Lugari","Lumakanda",2021,0.797291874885559
"Bungoma","Lugari","Lumakanda",2022,25.8025207519531
"Bungoma","Lugari","Lumakanda",2023,33.8708267211914
"Bungoma","Lugari","Lumakanda",2024,24.6284332275391
"Bungoma","Lugari","Mautuma",2012,0
"Bungoma","Lugari","Mautuma",2013,0
"Bungoma","Lugari","Mautuma",2014,0
"Bungoma","Lugari","Mautuma",2015,0
"Bungoma","Lugari","Mautuma",2016,0
"Bungoma","Lugari","Mautuma",2017,0
"Bungoma","Lugari","Mautuma",2018,0.107254937291145
"Bungoma","Lugari","Mautuma",2019,0
"Bungoma","Lugari","Mautuma",2020,0
"Bungoma","Lugari","Mautuma",2021,0
"Bungoma","Lugari","Mautuma",2022,0
"Bungoma","Lugari","Mautuma",2023,1.0174115896225
"Bungoma","Lugari","Mautuma",2024,4.19961881637573
"Bungoma","Mt. Elgon","Cheptais",2012,0
"Bungoma","Mt. Elgon","Cheptais",2013,0
"Bungoma","Mt. Elgon","Cheptais",2014,0
"Bungoma","Mt. Elgon","Cheptais",2015,2.71158337593079
"Bungoma","Mt. Elgon","Cheptais",2016,0.657439529895782
"Bungoma","Mt. Elgon","Cheptais",2017,2.85154628753662
"Bungoma","Mt. Elgon","Cheptais",2018,2.31115031242371
"Bungoma","Mt. Elgon","Cheptais",2019,1.46294891834259
"Bungoma","Mt. Elgon","Cheptais",2020,1.00615930557251
"Bungoma","Mt. Elgon","Cheptais",2021,2.4802942276001
"Bungoma","Mt. Elgon","Cheptais",2022,6.37172031402588
"Bungoma","Mt. Elgon","Cheptais",2023,10.7744722366333
"Bungoma","Mt. Elgon","Cheptais",2024,14.6128540039062
"Bungoma","Mt. Elgon","Chepyuk",2012,0
"Bungoma","Mt. Elgon","Chepyuk",2013,0.070842407643795
"Bungoma","Mt. Elgon","Chepyuk",2014,0.994072377681732
"Bungoma","Mt. Elgon","Chepyuk",2015,0
"Bungoma","Mt. Elgon","Chepyuk",2016,0
"Bungoma","Mt. Elgon","Chepyuk",2017,0
"Bungoma","Mt. Elgon","Chepyuk",2018,0
"Bungoma","Mt. Elgon","Chepyuk",2019,0.624970197677612
"Bungoma","Mt. Elgon","Chepyuk",2020,0
"Bungoma","Mt. Elgon","Chepyuk",2021,0
"Bungoma","Mt. Elgon","Chepyuk",2022,0
"Bungoma","Mt. Elgon","Chepyuk",2023,0
"Bungoma","Mt. Elgon","Chepyuk",2024,0.512390792369843
"Bungoma","Mt. Elgon","Chesikaki",2012,0
"Bungoma","Mt. Elgon","Chesikaki",2013,0
"Bungoma","Mt. Elgon","Chesikaki",2014,0
"Bungoma","Mt. Elgon","Chesikaki",2015,0.000289232528302819
"Bungoma","Mt. Elgon","Chesikaki",2016,0
"Bungoma","Mt. Elgon","Chesikaki",2017,0
"Bungoma","Mt. Elgon","Chesikaki",2018,0
"Bungoma","Mt. Elgon","Chesikaki",2019,0.840800702571869
"Bungoma","Mt. Elgon","Chesikaki",2020,0
"Bungoma","Mt. Elgon","Chesikaki",2021,0.000335411023115739
"Bungoma","Mt. Elgon","Chesikaki",2022,3.38861441612244
"Bungoma","Mt. Elgon","Chesikaki",2023,5.26963233947754
"Bungoma","Mt. Elgon","Chesikaki",2024,3.70478200912476
"Bungoma","Mt. Elgon","Elgon",2012,1.43384408950806
"Bungoma","Mt. Elgon","Elgon",2013,1.51559638977051
"Bungoma","Mt. Elgon","Elgon",2014,1.05781257152557
"Bungoma","Mt. Elgon","Elgon",2015,0.608367443084717
"Bungoma","Mt. Elgon","Elgon",2016,1.0625422000885
"Bungoma","Mt. Elgon","Elgon",2017,7.48680114746094
"Bungoma","Mt. Elgon","Elgon",2018,10.1257343292236
"Bungoma","Mt. Elgon","Elgon",2019,8.67796802520752
"Bungoma","Mt. Elgon","Elgon",2020,7.64803791046143
"Bungoma","Mt. Elgon","Elgon",2021,4.5193510055542
"Bungoma","Mt. Elgon","Elgon",2022,9.95164012908936
"Bungoma","Mt. Elgon","Elgon",2023,17.2444820404053
"Bungoma","Mt. Elgon","Elgon",2024,11.3142557144165
"Bungoma","Mt. Elgon","Kapkateny",2012,0
"Bungoma","Mt. Elgon","Kapkateny",2013,0.489559918642044
"Bungoma","Mt. Elgon","Kapkateny",2014,0
"Bungoma","Mt. Elgon","Kapkateny",2015,0
"Bungoma","Mt. Elgon","Kapkateny",2016,0
"Bungoma","Mt. Elgon","Kapkateny",2017,0
"Bungoma","Mt. Elgon","Kapkateny",2018,0
"Bungoma","Mt. Elgon","Kapkateny",2019,0
"Bungoma","Mt. Elgon","Kapkateny",2020,0
"Bungoma","Mt. Elgon","Kapkateny",2021,0
"Bungoma","Mt. Elgon","Kapkateny",2022,0
"Bungoma","Mt. Elgon","Kapkateny",2023,5.14978933334351
"Bungoma","Mt. Elgon","Kapkateny",2024,1.16864001750946
"Bungoma","Mt. Elgon","Kaptama",2012,0
"Bungoma","Mt. Elgon","Kaptama",2013,0
"Bungoma","Mt. Elgon","Kaptama",2014,0
"Bungoma","Mt. Elgon","Kaptama",2015,0
"Bungoma","Mt. Elgon","Kaptama",2016,0
"Bungoma","Mt. Elgon","Kaptama",2017,0
"Bungoma","Mt. Elgon","Kaptama",2018,0
"Bungoma","Mt. Elgon","Kaptama",2019,2.21739959716797
"Bungoma","Mt. Elgon","Kaptama",2020,0.674441993236542
"Bungoma","Mt. Elgon","Kaptama",2021,0.55263614654541
"Bungoma","Mt. Elgon","Kaptama",2022,1.18394815921783
"Bungoma","Mt. Elgon","Kaptama",2023,6.70984506607056
"Bungoma","Mt. Elgon","Kaptama",2024,1.8025975227356
"Bungoma","Sirisia","Lwandanyi",2012,0.188903167843819
"Bungoma","Sirisia","Lwandanyi",2013,0.133020788431168
"Bungoma","Sirisia","Lwandanyi",2014,0.358671754598618
"Bungoma","Sirisia","Lwandanyi",2015,0.736137866973877
"Bungoma","Sirisia","Lwandanyi",2016,0.43724849820137
"Bungoma","Sirisia","Lwandanyi",2017,3.18828296661377
"Bungoma","Sirisia","Lwandanyi",2018,3.85288977622986
"Bungoma","Sirisia","Lwandanyi",2019,2.27391648292542
"Bungoma","Sirisia","Lwandanyi",2020,2.4611611366272
"Bungoma","Sirisia","Lwandanyi",2021,1.05426645278931
"Bungoma","Sirisia","Lwandanyi",2022,5.21094512939453
"Bungoma","Sirisia","Lwandanyi",2023,13.3254442214966
"Bungoma","Sirisia","Lwandanyi",2024,10.3517484664917
"Bungoma","Sirisia","Malakisi/South Kulisiru",2012,0.324869722127914
"Bungoma","Sirisia","Malakisi/South Kulisiru",2013,0
"Bungoma","Sirisia","Malakisi/South Kulisiru",2014,0.668633878231049
"Bungoma","Sirisia","Malakisi/South Kulisiru",2015,0.320493668317795
"Bungoma","Sirisia","Malakisi/South Kulisiru",2016,1.2102507352829
"Bungoma","Sirisia","Malakisi/South Kulisiru",2017,0.381941258907318
"Bungoma","Sirisia","Malakisi/South Kulisiru",2018,0
"Bungoma","Sirisia","Malakisi/South Kulisiru",2019,0
"Bungoma","Sirisia","Malakisi/South Kulisiru",2020,0.357863396406174
"Bungoma","Sirisia","Malakisi/South Kulisiru",2021,3.91968250274658
"Bungoma","Sirisia","Malakisi/South Kulisiru",2022,6.33711624145508
"Bungoma","Sirisia","Malakisi/South Kulisiru",2023,13.5972232818604
"Bungoma","Sirisia","Malakisi/South Kulisiru",2024,11.1276092529297
"Bungoma","Sirisia","Namwela",2012,0
"Bungoma","Sirisia","Namwela",2013,0
"Bungoma","Sirisia","Namwela",2014,0
"Bungoma","Sirisia","Namwela",2015,0
"Bungoma","Sirisia","Namwela",2016,0
"Bungoma","Sirisia","Namwela",2017,0
"Bungoma","Sirisia","Namwela",2018,0
"Bungoma","Sirisia","Namwela",2019,0
"Bungoma","Sirisia","Namwela",2020,0
"Bungoma","Sirisia","Namwela",2021,1.76782834529877
"Bungoma","Sirisia","Namwela",2022,3.40943765640259
"Bungoma","Sirisia","Namwela",2023,9.43727779388428
"Bungoma","Sirisia","Namwela",2024,7.8287410736084
"Bungoma","Tongaren","Mbakalo",2012,0
"Bungoma","Tongaren","Mbakalo",2013,0
"Bungoma","Tongaren","Mbakalo",2014,0
"Bungoma","Tongaren","Mbakalo",2015,0.455204337835312
"Bungoma","Tongaren","Mbakalo",2016,0.421706646680832
"Bungoma","Tongaren","Mbakalo",2017,0
"Bungoma","Tongaren","Mbakalo",2018,0.429788023233414
"Bungoma","Tongaren","Mbakalo",2019,8.32408142089844
"Bungoma","Tongaren","Mbakalo",2020,2.7592556476593
"Bungoma","Tongaren","Mbakalo",2021,6.23801183700562
"Bungoma","Tongaren","Mbakalo",2022,6.92130470275879
"Bungoma","Tongaren","Mbakalo",2023,14.8431520462036
"Bungoma","Tongaren","Mbakalo",2024,8.3473653793335
"Bungoma","Tongaren","Milima",2012,0
"Bungoma","Tongaren","Milima",2013,0.530589520931244
"Bungoma","Tongaren","Milima",2014,0
"Bungoma","Tongaren","Milima",2015,0.10701958835125
"Bungoma","Tongaren","Milima",2016,0.0991442054510117
"Bungoma","Tongaren","Milima",2017,1.10044682025909
"Bungoma","Tongaren","Milima",2018,4.91496276855469
"Bungoma","Tongaren","Milima",2019,16.0105991363525
"Bungoma","Tongaren","Milima",2020,13.2541875839233
"Bungoma","Tongaren","Milima",2021,24.3682651519775
"Bungoma","Tongaren","Milima",2022,50.3344078063965
"Bungoma","Tongaren","Milima",2023,112.942726135254
"Bungoma","Tongaren","Milima",2024,86.0701065063477
"Bungoma","Tongaren","Naitiri/Kabuyefwe",2012,0
"Bungoma","Tongaren","Naitiri/Kabuyefwe",2013,0
"Bungoma","Tongaren","Naitiri/Kabuyefwe",2014,0
"Bungoma","Tongaren","Naitiri/Kabuyefwe",2015,0
"Bungoma","Tongaren","Naitiri/Kabuyefwe",2016,0
"Bungoma","Tongaren","Naitiri/Kabuyefwe",2017,1.98615539073944
"Bungoma","Tongaren","Naitiri/Kabuyefwe",2018,3.34358334541321
"Bungoma","Tongaren","Naitiri/Kabuyefwe",2019,4.31468820571899
"Bungoma","Tongaren","Naitiri/Kabuyefwe",2020,8.19589614868164
"Bungoma","Tongaren","Naitiri/Kabuyefwe",2021,18.9095706939697
"Bungoma","Tongaren","Naitiri/Kabuyefwe",2022,59.7678833007812
"Bungoma","Tongaren","Naitiri/Kabuyefwe",2023,78.0296020507812
"Bungoma","Tongaren","Naitiri/Kabuyefwe",2024,67.0171279907227
"Bungoma","Tongaren","Ndalu/ Tabani",2012,0
"Bungoma","Tongaren","Ndalu/ Tabani",2013,0
"Bungoma","Tongaren","Ndalu/ Tabani",2014,0
"Bungoma","Tongaren","Ndalu/ Tabani",2015,0
"Bungoma","Tongaren","Ndalu/ Tabani",2016,0
"Bungoma","Tongaren","Ndalu/ Tabani",2017,0
"Bungoma","Tongaren","Ndalu/ Tabani",2018,1.29436075687408
"Bungoma","Tongaren","Ndalu/ Tabani",2019,2.23900294303894
"Bungoma","Tongaren","Ndalu/ Tabani",2020,0.897920966148376
"Bungoma","Tongaren","Ndalu/ Tabani",2021,2.46239805221558
"Bungoma","Tongaren","Ndalu/ Tabani",2022,6.58989334106445
"Bungoma","Tongaren","Ndalu/ Tabani",2023,7.77704095840454
"Bungoma","Tongaren","Ndalu/ Tabani",2024,5.50131511688232
"Bungoma","Tongaren","Soysambu/ Mitua",2012,0
"Bungoma","Tongaren","Soysambu/ Mitua",2013,0
"Bungoma","Tongaren","Soysambu/ Mitua",2014,0
"Bungoma","Tongaren","Soysambu/ Mitua",2015,0
"Bungoma","Tongaren","Soysambu/ Mitua",2016,0
"Bungoma","Tongaren","Soysambu/ Mitua",2017,0
"Bungoma","Tongaren","Soysambu/ Mitua",2018,1.67734324932098
"Bungoma","Tongaren","Soysambu/ Mitua",2019,5.87371444702148
"Bungoma","Tongaren","Soysambu/ Mitua",2020,5.02857685089111
"Bungoma","Tongaren","Soysambu/ Mitua",2021,4.03160381317139
"Bungoma","Tongaren","Soysambu/ Mitua",2022,8.11820316314697
"Bungoma","Tongaren","Soysambu/ Mitua",2023,10.2252836227417
"Bungoma","Tongaren","Soysambu/ Mitua",2024,8.84140300750732
"Bungoma","Tongaren","Tongaren",2012,0
"Bungoma","Tongaren","Tongaren",2013,0
"Bungoma","Tongaren","Tongaren",2014,0
"Bungoma","Tongaren","Tongaren",2015,0
"Bungoma","Tongaren","Tongaren",2016,0
"Bungoma","Tongaren","Tongaren",2017,0
"Bungoma","Tongaren","Tongaren",2018,0
"Bungoma","Tongaren","Tongaren",2019,2.16308069229126
"Bungoma","Tongaren","Tongaren",2020,1.08764684200287
"Bungoma","Tongaren","Tongaren",2021,1.08930492401123
"Bungoma","Tongaren","Tongaren",2022,9.84857654571533
"Bungoma","Tongaren","Tongaren",2023,12.6169090270996
"Bungoma","Tongaren","Tongaren",2024,6.70962810516357
"Bungoma","Webute West","Bokoli",2012,4.13072443008423
"Bungoma","Webute West","Bokoli",2013,2.09456396102905
"Bungoma","Webute West","Bokoli",2014,1.68889713287354
"Bungoma","Webute West","Bokoli",2015,2.57771468162537
"Bungoma","Webute West","Bokoli",2016,0.747848093509674
"Bungoma","Webute West","Bokoli",2017,0.599818170070648
"Bungoma","Webute West","Bokoli",2018,5.32136297225952
"Bungoma","Webute West","Bokoli",2019,2.99492692947388
"Bungoma","Webute West","Bokoli",2020,1.97280395030975
"Bungoma","Webute West","Bokoli",2021,4.22706174850464
"Bungoma","Webute West","Bokoli",2022,6.98026275634766
"Bungoma","Webute West","Bokoli",2023,17.7216262817383
"Bungoma","Webute West","Bokoli",2024,4.9415717124939
"Bungoma","Webute West","Matulo",2012,7.95714569091797
"Bungoma","Webute West","Matulo",2013,6.91857051849365
"Bungoma","Webute West","Matulo",2014,6.86985874176025
"Bungoma","Webute West","Matulo",2015,9.05537509918213
"Bungoma","Webute West","Matulo",2016,13.1251554489136
"Bungoma","Webute West","Matulo",2017,12.0648679733276
"Bungoma","Webute West","Matulo",2018,20.3035659790039
"Bungoma","Webute West","Matulo",2019,31.6069736480713
"Bungoma","Webute West","Matulo",2020,25.8944511413574
"Bungoma","Webute West","Matulo",2021,26.986665725708
"Bungoma","Webute West","Matulo",2022,34.4126319885254
"Bungoma","Webute West","Matulo",2023,54.2424240112305
"Bungoma","Webute West","Matulo",2024,53.5094299316406
"Bungoma","Webute West","Misikhu",2012,1.72528803348541
"Bungoma","Webute West","Misikhu",2013,2.20266079902649
"Bungoma","Webute West","Misikhu",2014,2.28100371360779
"Bungoma","Webute West","Misikhu",2015,3.85209178924561
"Bungoma","Webute West","Misikhu",2016,2.25372219085693
"Bungoma","Webute West","Misikhu",2017,2.40280103683472
"Bungoma","Webute West","Misikhu",2018,4.99903869628906
"Bungoma","Webute West","Misikhu",2019,5.86087846755981
"Bungoma","Webute West","Misikhu",2020,4.6823205947876
"Bungoma","Webute West","Misikhu",2021,5.99154996871948
"Bungoma","Webute West","Misikhu",2022,9.37955284118652
"Bungoma","Webute West","Misikhu",2023,17.941801071167
"Bungoma","Webute West","Misikhu",2024,13.160608291626
"Bungoma","Webute West","Sitikho",2012,0
"Bungoma","Webute West","Sitikho",2013,0
"Bungoma","Webute West","Sitikho",2014,0
"Bungoma","Webute West","Sitikho",2015,0
"Bungoma","Webute West","Sitikho",2016,0
"Bungoma","Webute West","Sitikho",2017,0
"Bungoma","Webute West","Sitikho",2018,0
"Bungoma","Webute West","Sitikho",2019,0.518043220043182
"Bungoma","Webute West","Sitikho",2020,0
"Bungoma","Webute West","Sitikho",2021,0
"Bungoma","Webute West","Sitikho",2022,0.701256036758423
"Bungoma","Webute West","Sitikho",2023,3.39304351806641
"Bungoma","Webute West","Sitikho",2024,0
"Bungoma","Webuye East","Maraka",2012,62.629581451416
"Bungoma","Webuye East","Maraka",2013,58.6030921936035
"Bungoma","Webuye East","Maraka",2014,54.1135444641113
"Bungoma","Webuye East","Maraka",2015,66.6069793701172
"Bungoma","Webuye East","Maraka",2016,83.8346710205078
"Bungoma","Webuye East","Maraka",2017,124.244453430176
"Bungoma","Webuye East","Maraka",2018,143.236587524414
"Bungoma","Webuye East","Maraka",2019,177.522125244141
"Bungoma","Webuye East","Maraka",2020,150.975616455078
"Bungoma","Webuye East","Maraka",2021,146.572219848633
"Bungoma","Webuye East","Maraka",2022,158.09489440918
"Bungoma","Webuye East","Maraka",2023,202.200790405273
"Bungoma","Webuye East","Maraka",2024,182.235244750977
"Bungoma","Webuye East","Mihuu",2012,2.12844085693359
"Bungoma","Webuye East","Mihuu",2013,2.13769483566284
"Bungoma","Webuye East","Mihuu",2014,2.38372206687927
"Bungoma","Webuye East","Mihuu",2015,3.3126757144928
"Bungoma","Webuye East","Mihuu",2016,3.66888165473938
"Bungoma","Webuye East","Mihuu",2017,3.60389113426208
"Bungoma","Webuye East","Mihuu",2018,5.13809204101562
"Bungoma","Webuye East","Mihuu",2019,6.8451886177063
"Bungoma","Webuye East","Mihuu",2020,5.14118957519531
"Bungoma","Webuye East","Mihuu",2021,6.95487880706787
"Bungoma","Webuye East","Mihuu",2022,14.3858079910278
"Bungoma","Webuye East","Mihuu",2023,34.700511932373
"Bungoma","Webuye East","Mihuu",2024,22.1556282043457
"Bungoma","Webuye East","Ndivisi",2012,2.91372632980347
"Bungoma","Webuye East","Ndivisi",2013,2.77092719078064
"Bungoma","Webuye East","Ndivisi",2014,5.09507513046265
"Bungoma","Webuye East","Ndivisi",2015,4.42326879501343
"Bungoma","Webuye East","Ndivisi",2016,4.69157361984253
"Bungoma","Webuye East","Ndivisi",2017,5.05263757705688
"Bungoma","Webuye East","Ndivisi",2018,15.2786598205566
"Bungoma","Webuye East","Ndivisi",2019,21.6004314422607
"Bungoma","Webuye East","Ndivisi",2020,11.7596664428711
"Bungoma","Webuye East","Ndivisi",2021,18.6524600982666
"Bungoma","Webuye East","Ndivisi",2022,28.5017910003662
"Bungoma","Webuye East","Ndivisi",2023,52.9349517822266
"Bungoma","Webuye East","Ndivisi",2024,33.9224090576172
"Busia","Budalangi","Bunyala Central",2012,0
"Busia","Budalangi","Bunyala Central",2013,0
"Busia","Budalangi","Bunyala Central",2014,0
"Busia","Budalangi","Bunyala Central",2015,0
"Busia","Budalangi","Bunyala Central",2016,0
"Busia","Budalangi","Bunyala Central",2017,0
"Busia","Budalangi","Bunyala Central",2018,0.534108519554138
"Busia","Budalangi","Bunyala Central",2019,2.32132506370544
"Busia","Budalangi","Bunyala Central",2020,2.45116519927979
"Busia","Budalangi","Bunyala Central",2021,2.48581099510193
"Busia","Budalangi","Bunyala Central",2022,3.10736656188965
"Busia","Budalangi","Bunyala Central",2023,10.3882455825806
"Busia","Budalangi","Bunyala Central",2024,3.23517775535583
"Busia","Budalangi","Bunyala North",2012,0
"Busia","Budalangi","Bunyala North",2013,0
"Busia","Budalangi","Bunyala North",2014,0
"Busia","Budalangi","Bunyala North",2015,0
"Busia","Budalangi","Bunyala North",2016,0
"Busia","Budalangi","Bunyala North",2017,0.505936205387115
"Busia","Budalangi","Bunyala North",2018,0
"Busia","Budalangi","Bunyala North",2019,0
"Busia","Budalangi","Bunyala North",2020,0
"Busia","Budalangi","Bunyala North",2021,0.00369998021051288
"Busia","Budalangi","Bunyala North",2022,6.73152256011963
"Busia","Budalangi","Bunyala North",2023,26.762565612793
"Busia","Budalangi","Bunyala North",2024,12.1448001861572
"Busia","Budalangi","Bunyala South",2012,0
"Busia","Budalangi","Bunyala South",2013,0
"Busia","Budalangi","Bunyala South",2014,0
"Busia","Budalangi","Bunyala South",2015,0
"Busia","Budalangi","Bunyala South",2016,0
"Busia","Budalangi","Bunyala South",2017,0.539983928203583
"Busia","Budalangi","Bunyala South",2018,1.14750170707703
"Busia","Budalangi","Bunyala South",2019,0.203014254570007
"Busia","Budalangi","Bunyala South",2020,0.374613106250763
"Busia","Budalangi","Bunyala South",2021,0
"Busia","Budalangi","Bunyala South",2022,1.63355982303619
"Busia","Budalangi","Bunyala South",2023,7.51053380966187
"Busia","Budalangi","Bunyala South",2024,1.74580931663513
"Busia","Budalangi","Bunyala West",2012,4.46574115753174
"Busia","Budalangi","Bunyala West",2013,4.16800403594971
"Busia","Budalangi","Bunyala West",2014,3.69099116325378
"Busia","Budalangi","Bunyala West",2015,3.59848117828369
"Busia","Budalangi","Bunyala West",2016,1.16884541511536
"Busia","Budalangi","Bunyala West",2017,3.10240578651428
"Busia","Budalangi","Bunyala West",2018,18.1847953796387
"Busia","Budalangi","Bunyala West",2019,12.2680196762085
"Busia","Budalangi","Bunyala West",2020,11.3051137924194
"Busia","Budalangi","Bunyala West",2021,5.55545997619629
"Busia","Budalangi","Bunyala West",2022,35.2752075195312
"Busia","Budalangi","Bunyala West",2023,53.7567825317383
"Busia","Budalangi","Bunyala West",2024,42.2965316772461
"Busia","Butula","Elugulu",2012,0
"Busia","Butula","Elugulu",2013,0
"Busia","Butula","Elugulu",2014,0
"Busia","Butula","Elugulu",2015,0
"Busia","Butula","Elugulu",2016,0
"Busia","Butula","Elugulu",2017,0
"Busia","Butula","Elugulu",2018,0
"Busia","Butula","Elugulu",2019,0
"Busia","Butula","Elugulu",2020,0
"Busia","Butula","Elugulu",2021,0
"Busia","Butula","Elugulu",2022,0
"Busia","Butula","Elugulu",2023,1.96772861480713
"Busia","Butula","Elugulu",2024,0
"Busia","Butula","Kingandole",2012,0
"Busia","Butula","Kingandole",2013,0
"Busia","Butula","Kingandole",2014,0
"Busia","Butula","Kingandole",2015,0
"Busia","Butula","Kingandole",2016,0
"Busia","Butula","Kingandole",2017,0
"Busia","Butula","Kingandole",2018,0
"Busia","Butula","Kingandole",2019,0
"Busia","Butula","Kingandole",2020,0
"Busia","Butula","Kingandole",2021,0
"Busia","Butula","Kingandole",2022,0
"Busia","Butula","Kingandole",2023,1.71252512931824
"Busia","Butula","Kingandole",2024,0
"Busia","Butula","Marachi Central",2012,0
"Busia","Butula","Marachi Central",2013,0
"Busia","Butula","Marachi Central",2014,0
"Busia","Butula","Marachi Central",2015,0
"Busia","Butula","Marachi Central",2016,0
"Busia","Butula","Marachi Central",2017,0
"Busia","Butula","Marachi Central",2018,0
"Busia","Butula","Marachi Central",2019,0
"Busia","Butula","Marachi Central",2020,0
"Busia","Butula","Marachi Central",2021,0
"Busia","Butula","Marachi Central",2022,0.987691402435303
"Busia","Butula","Marachi Central",2023,10.9403219223022
"Busia","Butula","Marachi Central",2024,0.593044817447662
"Busia","Butula","Marachi East",2012,1.73478555679321
"Busia","Butula","Marachi East",2013,0
"Busia","Butula","Marachi East",2014,0
"Busia","Butula","Marachi East",2015,1.04644739627838
"Busia","Butula","Marachi East",2016,1.14629626274109
"Busia","Butula","Marachi East",2017,3.49176406860352
"Busia","Butula","Marachi East",2018,2.66042923927307
"Busia","Butula","Marachi East",2019,1.83957934379578
"Busia","Butula","Marachi East",2020,12.1111755371094
"Busia","Butula","Marachi East",2021,7.45733642578125
"Busia","Butula","Marachi East",2022,12.221022605896
"Busia","Butula","Marachi East",2023,30.0360679626465
"Busia","Butula","Marachi East",2024,21.6521415710449
"Busia","Butula","Marachi North",2012,0
"Busia","Butula","Marachi North",2013,0
"Busia","Butula","Marachi North",2014,0
"Busia","Butula","Marachi North",2015,0
"Busia","Butula","Marachi North",2016,0
"Busia","Butula","Marachi North",2017,0
"Busia","Butula","Marachi North",2018,0
"Busia","Butula","Marachi North",2019,0
"Busia","Butula","Marachi North",2020,0
"Busia","Butula","Marachi North",2021,0
"Busia","Butula","Marachi North",2022,0
"Busia","Butula","Marachi North",2023,1.42774784564972
"Busia","Butula","Marachi North",2024,0.316218197345734
"Busia","Butula","Marachi West",2012,2.00457215309143
"Busia","Butula","Marachi West",2013,1.70533990859985
"Busia","Butula","Marachi West",2014,3.07409453392029
"Busia","Butula","Marachi West",2015,5.43888425827026
"Busia","Butula","Marachi West",2016,4.53220367431641
"Busia","Butula","Marachi West",2017,4.72194576263428
"Busia","Butula","Marachi West",2018,9.92453384399414
"Busia","Butula","Marachi West",2019,7.82984590530396
"Busia","Butula","Marachi West",2020,6.80242824554443
"Busia","Butula","Marachi West",2021,8.62008380889893
"Busia","Butula","Marachi West",2022,19.9949226379395
"Busia","Butula","Marachi West",2023,37.9169654846191
"Busia","Butula","Marachi West",2024,20.8202934265137
"Busia","Funyula","Ageng'A Nanguba",2012,0
"Busia","Funyula","Ageng'A Nanguba",2013,0.529154598712921
"Busia","Funyula","Ageng'A Nanguba",2014,0.551550030708313
"Busia","Funyula","Ageng'A Nanguba",2015,0.492154687643051
"Busia","Funyula","Ageng'A Nanguba",2016,0.485371917486191
"Busia","Funyula","Ageng'A Nanguba",2017,0.644232749938965
"Busia","Funyula","Ageng'A Nanguba",2018,2.81956100463867
"Busia","Funyula","Ageng'A Nanguba",2019,4.19598770141602
"Busia","Funyula","Ageng'A Nanguba",2020,2.526526927948
"Busia","Funyula","Ageng'A Nanguba",2021,0.756278395652771
"Busia","Funyula","Ageng'A Nanguba",2022,5.47716808319092
"Busia","Funyula","Ageng'A Nanguba",2023,17.1816577911377
"Busia","Funyula","Ageng'A Nanguba",2024,13.3095903396606
"Busia","Funyula","Bwiri",2012,0.521382689476013
"Busia","Funyula","Bwiri",2013,1.45855987071991
"Busia","Funyula","Bwiri",2014,1.59547483921051
"Busia","Funyula","Bwiri",2015,0.0659276396036148
"Busia","Funyula","Bwiri",2016,0.0650190412998199
"Busia","Funyula","Bwiri",2017,0.0862995833158493
"Busia","Funyula","Bwiri",2018,0.304086625576019
"Busia","Funyula","Bwiri",2019,0.271129369735718
"Busia","Funyula","Bwiri",2020,0.750060617923737
"Busia","Funyula","Bwiri",2021,1.33778977394104
"Busia","Funyula","Bwiri",2022,7.22330617904663
"Busia","Funyula","Bwiri",2023,8.51566791534424
"Busia","Funyula","Bwiri",2024,10.3274402618408
"Busia","Funyula","Namboboto Nambuku",2012,0
"Busia","Funyula","Namboboto Nambuku",2013,0
"Busia","Funyula","Namboboto Nambuku",2014,0
"Busia","Funyula","Namboboto Nambuku",2015,0
"Busia","Funyula","Namboboto Nambuku",2016,0
"Busia","Funyula","Namboboto Nambuku",2017,0
"Busia","Funyula","Namboboto Nambuku",2018,0
"Busia","Funyula","Namboboto Nambuku",2019,0
"Busia","Funyula","Namboboto Nambuku",2020,0
"Busia","Funyula","Namboboto Nambuku",2021,0
"Busia","Funyula","Namboboto Nambuku",2022,1.39868485927582
"Busia","Funyula","Namboboto Nambuku",2023,11.9392547607422
"Busia","Funyula","Namboboto Nambuku",2024,1.34283769130707
"Busia","Funyula","Nangina",2012,2.34230279922485
"Busia","Funyula","Nangina",2013,1.50350797176361
"Busia","Funyula","Nangina",2014,1.3219006061554
"Busia","Funyula","Nangina",2015,1.22798943519592
"Busia","Funyula","Nangina",2016,1.6803252696991
"Busia","Funyula","Nangina",2017,2.17815208435059
"Busia","Funyula","Nangina",2018,1.5456862449646
"Busia","Funyula","Nangina",2019,4.35963201522827
"Busia","Funyula","Nangina",2020,2.59421992301941
"Busia","Funyula","Nangina",2021,3.57830500602722
"Busia","Funyula","Nangina",2022,40.185245513916
"Busia","Funyula","Nangina",2023,48.633358001709
"Busia","Funyula","Nangina",2024,31.3376064300537
"Busia","Matayos","Bukhayo West",2012,11.0793199539185
"Busia","Matayos","Bukhayo West",2013,11.7168788909912
"Busia","Matayos","Bukhayo West",2014,13.2615528106689
"Busia","Matayos","Bukhayo West",2015,21.808032989502
"Busia","Matayos","Bukhayo West",2016,29.5916786193848
"Busia","Matayos","Bukhayo West",2017,42.9831123352051
"Busia","Matayos","Bukhayo West",2018,59.8914947509766
"Busia","Matayos","Bukhayo West",2019,73.7602920532227
"Busia","Matayos","Bukhayo West",2020,91.0656433105469
"Busia","Matayos","Bukhayo West",2021,100.540184020996
"Busia","Matayos","Bukhayo West",2022,161.220504760742
"Busia","Matayos","Bukhayo West",2023,208.490371704102
"Busia","Matayos","Bukhayo West",2024,191.26042175293
"Busia","Matayos","Burumba",2012,66.6534118652344
"Busia","Matayos","Burumba",2013,70.5849151611328
"Busia","Matayos","Burumba",2014,69.8083953857422
"Busia","Matayos","Burumba",2015,80.450065612793
"Busia","Matayos","Burumba",2016,97.0770721435547
"Busia","Matayos","Burumba",2017,171.687316894531
"Busia","Matayos","Burumba",2018,160.047790527344
"Busia","Matayos","Burumba",2019,143.194107055664
"Busia","Matayos","Burumba",2020,167.753616333008
"Busia","Matayos","Burumba",2021,132.677947998047
"Busia","Matayos","Burumba",2022,150.156784057617
"Busia","Matayos","Burumba",2023,166.926116943359
"Busia","Matayos","Burumba",2024,179.415069580078
"Busia","Matayos","Busibwabo",2012,0
"Busia","Matayos","Busibwabo",2013,0.883568644523621
"Busia","Matayos","Busibwabo",2014,1.35778570175171
"Busia","Matayos","Busibwabo",2015,3.99345850944519
"Busia","Matayos","Busibwabo",2016,7.75552082061768
"Busia","Matayos","Busibwabo",2017,9.16091918945312
"Busia","Matayos","Busibwabo",2018,9.69855308532715
"Busia","Matayos","Busibwabo",2019,13.7881937026978
"Busia","Matayos","Busibwabo",2020,21.2340354919434
"Busia","Matayos","Busibwabo",2021,34.6115798950195
"Busia","Matayos","Busibwabo",2022,41.2046699523926
"Busia","Matayos","Busibwabo",2023,47.8239555358887
"Busia","Matayos","Busibwabo",2024,27.532506942749
"Busia","Matayos","Matayos South",2012,1.07839751243591
"Busia","Matayos","Matayos South",2013,1.66184401512146
"Busia","Matayos","Matayos South",2014,1.08186173439026
"Busia","Matayos","Matayos South",2015,2.52086329460144
"Busia","Matayos","Matayos South",2016,2.83396482467651
"Busia","Matayos","Matayos South",2017,2.04604840278625
"Busia","Matayos","Matayos South",2018,2.18119263648987
"Busia","Matayos","Matayos South",2019,5.67521858215332
"Busia","Matayos","Matayos South",2020,8.00316715240479
"Busia","Matayos","Matayos South",2021,12.1971349716187
"Busia","Matayos","Matayos South",2022,22.2676067352295
"Busia","Matayos","Matayos South",2023,46.6028785705566
"Busia","Matayos","Matayos South",2024,17.8912410736084
"Busia","Matayos","Mayenje",2012,8.19223117828369
"Busia","Matayos","Mayenje",2013,9.17587280273438
"Busia","Matayos","Mayenje",2014,9.10708713531494
"Busia","Matayos","Mayenje",2015,14.2441186904907
"Busia","Matayos","Mayenje",2016,13.7060270309448
"Busia","Matayos","Mayenje",2017,17.4932594299316
"Busia","Matayos","Mayenje",2018,16.5786991119385
"Busia","Matayos","Mayenje",2019,21.126708984375
"Busia","Matayos","Mayenje",2020,20.7737979888916
"Busia","Matayos","Mayenje",2021,25.2889671325684
"Busia","Matayos","Mayenje",2022,40.9973297119141
"Busia","Matayos","Mayenje",2023,53.1756477355957
"Busia","Matayos","Mayenje",2024,55.133113861084
"Busia","Nambale","Bukhayo Central",2012,0
"Busia","Nambale","Bukhayo Central",2013,0
"Busia","Nambale","Bukhayo Central",2014,0
"Busia","Nambale","Bukhayo Central",2015,0
"Busia","Nambale","Bukhayo Central",2016,0
"Busia","Nambale","Bukhayo Central",2017,0
"Busia","Nambale","Bukhayo Central",2018,0
"Busia","Nambale","Bukhayo Central",2019,0
"Busia","Nambale","Bukhayo Central",2020,0
"Busia","Nambale","Bukhayo Central",2021,0
"Busia","Nambale","Bukhayo Central",2022,1.92164468765259
"Busia","Nambale","Bukhayo Central",2023,7.02931833267212
"Busia","Nambale","Bukhayo Central",2024,2.67842888832092
"Busia","Nambale","Bukhayo East",2012,0
"Busia","Nambale","Bukhayo East",2013,0
"Busia","Nambale","Bukhayo East",2014,0
"Busia","Nambale","Bukhayo East",2015,0
"Busia","Nambale","Bukhayo East",2016,0
"Busia","Nambale","Bukhayo East",2017,0
"Busia","Nambale","Bukhayo East",2018,0
"Busia","Nambale","Bukhayo East",2019,0
"Busia","Nambale","Bukhayo East",2020,0
"Busia","Nambale","Bukhayo East",2021,0
"Busia","Nambale","Bukhayo East",2022,0.560722470283508
"Busia","Nambale","Bukhayo East",2023,3.78400254249573
"Busia","Nambale","Bukhayo East",2024,1.78852486610413
"Busia","Nambale","Bukhayo North/Waltsi",2012,0
"Busia","Nambale","Bukhayo North/Waltsi",2013,0
"Busia","Nambale","Bukhayo North/Waltsi",2014,0
"Busia","Nambale","Bukhayo North/Waltsi",2015,0
"Busia","Nambale","Bukhayo North/Waltsi",2016,0
"Busia","Nambale","Bukhayo North/Waltsi",2017,0
"Busia","Nambale","Bukhayo North/Waltsi",2018,0
"Busia","Nambale","Bukhayo North/Waltsi",2019,0
"Busia","Nambale","Bukhayo North/Waltsi",2020,0
"Busia","Nambale","Bukhayo North/Waltsi",2021,0
"Busia","Nambale","Bukhayo North/Waltsi",2022,0.0177659150213003
"Busia","Nambale","Bukhayo North/Waltsi",2023,0.61307418346405
"Busia","Nambale","Bukhayo North/Waltsi",2024,3.39318132400513
"Busia","Nambale","Nambale Township",2012,4.47743034362793
"Busia","Nambale","Nambale Township",2013,5.08150196075439
"Busia","Nambale","Nambale Township",2014,3.79407405853271
"Busia","Nambale","Nambale Township",2015,7.05095243453979
"Busia","Nambale","Nambale Township",2016,4.0064582824707
"Busia","Nambale","Nambale Township",2017,4.34644937515259
"Busia","Nambale","Nambale Township",2018,5.04220867156982
"Busia","Nambale","Nambale Township",2019,5.38809585571289
"Busia","Nambale","Nambale Township",2020,3.40346097946167
"Busia","Nambale","Nambale Township",2021,9.04300880432129
"Busia","Nambale","Nambale Township",2022,36.4997940063477
"Busia","Nambale","Nambale Township",2023,63.1379547119141
"Busia","Nambale","Nambale Township",2024,48.3585014343262
"Busia","Teso North","Ang'Urai East",2012,0.00658993097022176
"Busia","Teso North","Ang'Urai East",2013,0
"Busia","Teso North","Ang'Urai East",2014,0.00794562138617039
"Busia","Teso North","Ang'Urai East",2015,0.00934480503201485
"Busia","Teso North","Ang'Urai East",2016,0.00897383596748114
"Busia","Teso North","Ang'Urai East",2017,0.345238119363785
"Busia","Teso North","Ang'Urai East",2018,0.934877693653107
"Busia","Teso North","Ang'Urai East",2019,2.20096325874329
"Busia","Teso North","Ang'Urai East",2020,1.31273102760315
"Busia","Teso North","Ang'Urai East",2021,3.31094408035278
"Busia","Teso North","Ang'Urai East",2022,2.89680981636047
"Busia","Teso North","Ang'Urai East",2023,7.89692211151123
"Busia","Teso North","Ang'Urai East",2024,2.49466037750244
"Busia","Teso North","Ang'Urai North",2012,0
"Busia","Teso North","Ang'Urai North",2013,0
"Busia","Teso North","Ang'Urai North",2014,0
"Busia","Teso North","Ang'Urai North",2015,0
"Busia","Teso North","Ang'Urai North",2016,0
"Busia","Teso North","Ang'Urai North",2017,0
"Busia","Teso North","Ang'Urai North",2018,0
"Busia","Teso North","Ang'Urai North",2019,0.537700414657593
"Busia","Teso North","Ang'Urai North",2020,3.76061677932739
"Busia","Teso North","Ang'Urai North",2021,5.57397079467773
"Busia","Teso North","Ang'Urai North",2022,8.50832843780518
"Busia","Teso North","Ang'Urai North",2023,24.3133583068848
"Busia","Teso North","Ang'Urai North",2024,23.2852802276611
"Busia","Teso North","Ang'Urai South",2012,0.504535019397736
"Busia","Teso North","Ang'Urai South",2013,0
"Busia","Teso North","Ang'Urai South",2014,0.608328700065613
"Busia","Teso North","Ang'Urai South",2015,0.715452313423157
"Busia","Teso North","Ang'Urai South",2016,0.687050402164459
"Busia","Teso North","Ang'Urai South",2017,1.01444673538208
"Busia","Teso North","Ang'Urai South",2018,2.81227445602417
"Busia","Teso North","Ang'Urai South",2019,4.06925058364868
"Busia","Teso North","Ang'Urai South",2020,4.16952085494995
"Busia","Teso North","Ang'Urai South",2021,4.94003915786743
"Busia","Teso North","Ang'Urai South",2022,6.44669628143311
"Busia","Teso North","Ang'Urai South",2023,13.364953994751
"Busia","Teso North","Ang'Urai South",2024,8.79927349090576
"Busia","Teso North","Malaba Central",2012,42.6926383972168
"Busia","Teso North","Malaba Central",2013,38.9503479003906
"Busia","Teso North","Malaba Central",2014,47.0743026733398
"Busia","Teso North","Malaba Central",2015,69.4713287353516
"Busia","Teso North","Malaba Central",2016,71.0708389282227
"Busia","Teso North","Malaba Central",2017,80.0716094970703
"Busia","Teso North","Malaba Central",2018,81.1487579345703
"Busia","Teso North","Malaba Central",2019,86.7631225585938
"Busia","Teso North","Malaba Central",2020,106.825149536133
"Busia","Teso North","Malaba Central",2021,131.828201293945
"Busia","Teso North","Malaba Central",2022,171.406478881836
"Busia","Teso North","Malaba Central",2023,223.035629272461
"Busia","Teso North","Malaba Central",2024,208.134368896484
"Busia","Teso North","Malaba North",2012,0
"Busia","Teso North","Malaba North",2013,0
"Busia","Teso North","Malaba North",2014,0
"Busia","Teso North","Malaba North",2015,0
"Busia","Teso North","Malaba North",2016,0
"Busia","Teso North","Malaba North",2017,0
"Busia","Teso North","Malaba North",2018,0
"Busia","Teso North","Malaba North",2019,0
"Busia","Teso North","Malaba North",2020,0
"Busia","Teso North","Malaba North",2021,0.0727635622024536
"Busia","Teso North","Malaba North",2022,6.71942043304443
"Busia","Teso North","Malaba North",2023,9.18153381347656
"Busia","Teso North","Malaba North",2024,8.5834903717041
"Busia","Teso North","Malaba South",2012,0.0567569546401501
"Busia","Teso North","Malaba South",2013,0.187215074896812
"Busia","Teso North","Malaba South",2014,0.200757205486298
"Busia","Teso North","Malaba South",2015,0.209396168589592
"Busia","Teso North","Malaba South",2016,0.0358573868870735
"Busia","Teso North","Malaba South",2017,0.228690952062607
"Busia","Teso North","Malaba South",2018,0.254096299409866
"Busia","Teso North","Malaba South",2019,0.865251243114471
"Busia","Teso North","Malaba South",2020,1.60497117042542
"Busia","Teso North","Malaba South",2021,9.2041130065918
"Busia","Teso North","Malaba South",2022,17.6451435089111
"Busia","Teso North","Malaba South",2023,38.1185035705566
"Busia","Teso North","Malaba South",2024,41.5052375793457
"Busia","Teso South","Amukura Central",2012,0
"Busia","Teso South","Amukura Central",2013,0
"Busia","Teso South","Amukura Central",2014,0
"Busia","Teso South","Amukura Central",2015,0
"Busia","Teso South","Amukura Central",2016,0
"Busia","Teso South","Amukura Central",2017,0
"Busia","Teso South","Amukura Central",2018,0
"Busia","Teso South","Amukura Central",2019,0
"Busia","Teso South","Amukura Central",2020,0
"Busia","Teso South","Amukura Central",2021,0
"Busia","Teso South","Amukura Central",2022,1.30415832996368
"Busia","Teso South","Amukura Central",2023,5.48334264755249
"Busia","Teso South","Amukura Central",2024,2.50031781196594
"Busia","Teso South","Amukura East",2012,0
"Busia","Teso South","Amukura East",2013,0
"Busia","Teso South","Amukura East",2014,0
"Busia","Teso South","Amukura East",2015,0.517670869827271
"Busia","Teso South","Amukura East",2016,0.503815710544586
"Busia","Teso South","Amukura East",2017,0.661962449550629
"Busia","Teso South","Amukura East",2018,1.6796989440918
"Busia","Teso South","Amukura East",2019,0
"Busia","Teso South","Amukura East",2020,0
"Busia","Teso South","Amukura East",2021,0
"Busia","Teso South","Amukura East",2022,3.15405249595642
"Busia","Teso South","Amukura East",2023,6.75285768508911
"Busia","Teso South","Amukura East",2024,7.02750587463379
"Busia","Teso South","Amukura West",2012,0
"Busia","Teso South","Amukura West",2013,0
"Busia","Teso South","Amukura West",2014,0
"Busia","Teso South","Amukura West",2015,0
"Busia","Teso South","Amukura West",2016,0
"Busia","Teso South","Amukura West",2017,0
"Busia","Teso South","Amukura West",2018,0
"Busia","Teso South","Amukura West",2019,0
"Busia","Teso South","Amukura West",2020,0
"Busia","Teso South","Amukura West",2021,0.656362175941467
"Busia","Teso South","Amukura West",2022,3.64103937149048
"Busia","Teso South","Amukura West",2023,6.52286958694458
"Busia","Teso South","Amukura West",2024,10.5602569580078
"Busia","Teso South","Ang'Orom",2012,3.5816638469696
"Busia","Teso South","Ang'Orom",2013,4.7035665512085
"Busia","Teso South","Ang'Orom",2014,3.98579907417297
"Busia","Teso South","Ang'Orom",2015,10.5885715484619
"Busia","Teso South","Ang'Orom",2016,11.4432163238525
"Busia","Teso South","Ang'Orom",2017,19.9961605072021
"Busia","Teso South","Ang'Orom",2018,22.4133834838867
"Busia","Teso South","Ang'Orom",2019,24.3851470947266
"Busia","Teso South","Ang'Orom",2020,42.6120529174805
"Busia","Teso South","Ang'Orom",2021,46.4462432861328
"Busia","Teso South","Ang'Orom",2022,69.0827865600586
"Busia","Teso South","Ang'Orom",2023,96.4805603027344
"Busia","Teso South","Ang'Orom",2024,115.489364624023
"Busia","Teso South","Chakol North",2012,0
"Busia","Teso South","Chakol North",2013,0
"Busia","Teso South","Chakol North",2014,0
"Busia","Teso South","Chakol North",2015,0
"Busia","Teso South","Chakol North",2016,0
"Busia","Teso South","Chakol North",2017,0
"Busia","Teso South","Chakol North",2018,0
"Busia","Teso South","Chakol North",2019,0
"Busia","Teso South","Chakol North",2020,0
"Busia","Teso South","Chakol North",2021,0
"Busia","Teso South","Chakol North",2022,0.815513372421265
"Busia","Teso South","Chakol North",2023,1.0841611623764
"Busia","Teso South","Chakol North",2024,1.31998908519745
"Busia","Teso South","Chakol South",2012,1.24631655216217
"Busia","Teso South","Chakol South",2013,0.921940863132477
"Busia","Teso South","Chakol South",2014,1.25121307373047
"Busia","Teso South","Chakol South",2015,3.61698341369629
"Busia","Teso South","Chakol South",2016,2.15782880783081
"Busia","Teso South","Chakol South",2017,4.00312900543213
"Busia","Teso South","Chakol South",2018,5.47996234893799
"Busia","Teso South","Chakol South",2019,2.44503545761108
"Busia","Teso South","Chakol South",2020,1.1304122209549
"Busia","Teso South","Chakol South",2021,6.05060005187988
"Busia","Teso South","Chakol South",2022,13.6583232879639
"Busia","Teso South","Chakol South",2023,25.1885623931885
"Busia","Teso South","Chakol South",2024,24.856086730957
"Elgeyo-Marakwet","Keiyo North","Emsoo",2012,0
"Elgeyo-Marakwet","Keiyo North","Emsoo",2013,0.553898632526398
"Elgeyo-Marakwet","Keiyo North","Emsoo",2014,0
"Elgeyo-Marakwet","Keiyo North","Emsoo",2015,0
"Elgeyo-Marakwet","Keiyo North","Emsoo",2016,0
"Elgeyo-Marakwet","Keiyo North","Emsoo",2017,0
"Elgeyo-Marakwet","Keiyo North","Emsoo",2018,0
"Elgeyo-Marakwet","Keiyo North","Emsoo",2019,0
"Elgeyo-Marakwet","Keiyo North","Emsoo",2020,0
"Elgeyo-Marakwet","Keiyo North","Emsoo",2021,0
"Elgeyo-Marakwet","Keiyo North","Emsoo",2022,0
"Elgeyo-Marakwet","Keiyo North","Emsoo",2023,0
"Elgeyo-Marakwet","Keiyo North","Emsoo",2024,0
"Elgeyo-Marakwet","Keiyo North","Kamariny",2012,2.28913426399231
"Elgeyo-Marakwet","Keiyo North","Kamariny",2013,3.71113109588623
"Elgeyo-Marakwet","Keiyo North","Kamariny",2014,3.25059223175049
"Elgeyo-Marakwet","Keiyo North","Kamariny",2015,3.94781994819641
"Elgeyo-Marakwet","Keiyo North","Kamariny",2016,4.85522222518921
"Elgeyo-Marakwet","Keiyo North","Kamariny",2017,12.7217044830322
"Elgeyo-Marakwet","Keiyo North","Kamariny",2018,29.5148086547852
"Elgeyo-Marakwet","Keiyo North","Kamariny",2019,30.7342433929443
"Elgeyo-Marakwet","Keiyo North","Kamariny",2020,19.0535125732422
"Elgeyo-Marakwet","Keiyo North","Kamariny",2021,21.5219707489014
"Elgeyo-Marakwet","Keiyo North","Kamariny",2022,23.7824535369873
"Elgeyo-Marakwet","Keiyo North","Kamariny",2023,34.4460029602051
"Elgeyo-Marakwet","Keiyo North","Kamariny",2024,32.7774772644043
"Elgeyo-Marakwet","Keiyo North","Kapchemutwa",2012,6.10647916793823
"Elgeyo-Marakwet","Keiyo North","Kapchemutwa",2013,5.73453140258789
"Elgeyo-Marakwet","Keiyo North","Kapchemutwa",2014,5.92233896255493
"Elgeyo-Marakwet","Keiyo North","Kapchemutwa",2015,9.37871742248535
"Elgeyo-Marakwet","Keiyo North","Kapchemutwa",2016,25.4816093444824
"Elgeyo-Marakwet","Keiyo North","Kapchemutwa",2017,33.6374969482422
"Elgeyo-Marakwet","Keiyo North","Kapchemutwa",2018,67.0120697021484
"Elgeyo-Marakwet","Keiyo North","Kapchemutwa",2019,72.4456405639648
"Elgeyo-Marakwet","Keiyo North","Kapchemutwa",2020,56.6576919555664
"Elgeyo-Marakwet","Keiyo North","Kapchemutwa",2021,66.6597061157227
"Elgeyo-Marakwet","Keiyo North","Kapchemutwa",2022,65.6118240356445
"Elgeyo-Marakwet","Keiyo North","Kapchemutwa",2023,77.6809692382812
"Elgeyo-Marakwet","Keiyo North","Kapchemutwa",2024,75.6325149536133
"Elgeyo-Marakwet","Keiyo North","Tambach",2012,1.68104195594788
"Elgeyo-Marakwet","Keiyo North","Tambach",2013,0.656883060932159
"Elgeyo-Marakwet","Keiyo North","Tambach",2014,1.20604383945465
"Elgeyo-Marakwet","Keiyo North","Tambach",2015,1.94366681575775
"Elgeyo-Marakwet","Keiyo North","Tambach",2016,2.86717629432678
"Elgeyo-Marakwet","Keiyo North","Tambach",2017,4.98896503448486
"Elgeyo-Marakwet","Keiyo North","Tambach",2018,7.36541223526001
"Elgeyo-Marakwet","Keiyo North","Tambach",2019,7.44675493240356
"Elgeyo-Marakwet","Keiyo North","Tambach",2020,5.09012460708618
"Elgeyo-Marakwet","Keiyo North","Tambach",2021,6.33869791030884
"Elgeyo-Marakwet","Keiyo North","Tambach",2022,12.8312816619873
"Elgeyo-Marakwet","Keiyo North","Tambach",2023,23.5239505767822
"Elgeyo-Marakwet","Keiyo North","Tambach",2024,16.7115592956543
"Elgeyo-Marakwet","Keiyo South","Chepkorio",2012,0.655460059642792
"Elgeyo-Marakwet","Keiyo South","Chepkorio",2013,0
"Elgeyo-Marakwet","Keiyo South","Chepkorio",2014,0.80712616443634
"Elgeyo-Marakwet","Keiyo South","Chepkorio",2015,0.28253847360611
"Elgeyo-Marakwet","Keiyo South","Chepkorio",2016,0
"Elgeyo-Marakwet","Keiyo South","Chepkorio",2017,0
"Elgeyo-Marakwet","Keiyo South","Chepkorio",2018,3.32047653198242
"Elgeyo-Marakwet","Keiyo South","Chepkorio",2019,2.91068696975708
"Elgeyo-Marakwet","Keiyo South","Chepkorio",2020,3.32581114768982
"Elgeyo-Marakwet","Keiyo South","Chepkorio",2021,5.07909202575684
"Elgeyo-Marakwet","Keiyo South","Chepkorio",2022,11.9332723617554
"Elgeyo-Marakwet","Keiyo South","Chepkorio",2023,16.0687694549561
"Elgeyo-Marakwet","Keiyo South","Chepkorio",2024,17.2784690856934
"Elgeyo-Marakwet","Keiyo South","Kabiemit",2012,0
"Elgeyo-Marakwet","Keiyo South","Kabiemit",2013,0
"Elgeyo-Marakwet","Keiyo South","Kabiemit",2014,0
"Elgeyo-Marakwet","Keiyo South","Kabiemit",2015,0
"Elgeyo-Marakwet","Keiyo South","Kabiemit",2016,0
"Elgeyo-Marakwet","Keiyo South","Kabiemit",2017,0
"Elgeyo-Marakwet","Keiyo South","Kabiemit",2018,0
"Elgeyo-Marakwet","Keiyo South","Kabiemit",2019,0
"Elgeyo-Marakwet","Keiyo South","Kabiemit",2020,0
"Elgeyo-Marakwet","Keiyo South","Kabiemit",2021,0
"Elgeyo-Marakwet","Keiyo South","Kabiemit",2022,0
"Elgeyo-Marakwet","Keiyo South","Kabiemit",2023,2.5611367225647
"Elgeyo-Marakwet","Keiyo South","Kabiemit",2024,1.83616888523102
"Elgeyo-Marakwet","Keiyo South","Kaptarakwa",2012,0.652799963951111
"Elgeyo-Marakwet","Keiyo South","Kaptarakwa",2013,0
"Elgeyo-Marakwet","Keiyo South","Kaptarakwa",2014,0
"Elgeyo-Marakwet","Keiyo South","Kaptarakwa",2015,0
"Elgeyo-Marakwet","Keiyo South","Kaptarakwa",2016,0
"Elgeyo-Marakwet","Keiyo South","Kaptarakwa",2017,0
"Elgeyo-Marakwet","Keiyo South","Kaptarakwa",2018,2.52731800079346
"Elgeyo-Marakwet","Keiyo South","Kaptarakwa",2019,0.511604726314545
"Elgeyo-Marakwet","Keiyo South","Kaptarakwa",2020,4.15133428573608
"Elgeyo-Marakwet","Keiyo South","Kaptarakwa",2021,2.73442602157593
"Elgeyo-Marakwet","Keiyo South","Kaptarakwa",2022,8.80028915405273
"Elgeyo-Marakwet","Keiyo South","Kaptarakwa",2023,12.6993265151978
"Elgeyo-Marakwet","Keiyo South","Kaptarakwa",2024,12.8772430419922
"Elgeyo-Marakwet","Keiyo South","Metkei",2012,0
"Elgeyo-Marakwet","Keiyo South","Metkei",2013,0
"Elgeyo-Marakwet","Keiyo South","Metkei",2014,0
"Elgeyo-Marakwet","Keiyo South","Metkei",2015,0
"Elgeyo-Marakwet","Keiyo South","Metkei",2016,0
"Elgeyo-Marakwet","Keiyo South","Metkei",2017,0
"Elgeyo-Marakwet","Keiyo South","Metkei",2018,0
"Elgeyo-Marakwet","Keiyo South","Metkei",2019,1.06316256523132
"Elgeyo-Marakwet","Keiyo South","Metkei",2020,0.455306172370911
"Elgeyo-Marakwet","Keiyo South","Metkei",2021,0
"Elgeyo-Marakwet","Keiyo South","Metkei",2022,1.52284324169159
"Elgeyo-Marakwet","Keiyo South","Metkei",2023,5.26935958862305
"Elgeyo-Marakwet","Keiyo South","Metkei",2024,7.58603620529175
"Elgeyo-Marakwet","Keiyo South","Soy North",2012,0
"Elgeyo-Marakwet","Keiyo South","Soy North",2013,0
"Elgeyo-Marakwet","Keiyo South","Soy North",2014,0
"Elgeyo-Marakwet","Keiyo South","Soy North",2015,0
"Elgeyo-Marakwet","Keiyo South","Soy North",2016,1.92021536827087
"Elgeyo-Marakwet","Keiyo South","Soy North",2017,0
"Elgeyo-Marakwet","Keiyo South","Soy North",2018,0.665379345417023
"Elgeyo-Marakwet","Keiyo South","Soy North",2019,3.06086826324463
"Elgeyo-Marakwet","Keiyo South","Soy North",2020,3.34285593032837
"Elgeyo-Marakwet","Keiyo South","Soy North",2021,0.546069920063019
"Elgeyo-Marakwet","Keiyo South","Soy North",2022,1.20104742050171
"Elgeyo-Marakwet","Keiyo South","Soy North",2023,3.29249095916748
"Elgeyo-Marakwet","Keiyo South","Soy North",2024,5.16986513137817
"Elgeyo-Marakwet","Keiyo South","Soy South",2012,22.3376235961914
"Elgeyo-Marakwet","Keiyo South","Soy South",2013,19.2222499847412
"Elgeyo-Marakwet","Keiyo South","Soy South",2014,24.2049713134766
"Elgeyo-Marakwet","Keiyo South","Soy South",2015,24.6672058105469
"Elgeyo-Marakwet","Keiyo South","Soy South",2016,7.65899515151978
"Elgeyo-Marakwet","Keiyo South","Soy South",2017,1.77185320854187
"Elgeyo-Marakwet","Keiyo South","Soy South",2018,0
"Elgeyo-Marakwet","Keiyo South","Soy South",2019,0
"Elgeyo-Marakwet","Keiyo South","Soy South",2020,0
"Elgeyo-Marakwet","Keiyo South","Soy South",2021,0
"Elgeyo-Marakwet","Keiyo South","Soy South",2022,4.88304090499878
"Elgeyo-Marakwet","Keiyo South","Soy South",2023,10.6429119110107
"Elgeyo-Marakwet","Keiyo South","Soy South",2024,5.25237464904785
"Elgeyo-Marakwet","Marakwet East","Endo",2012,0
"Elgeyo-Marakwet","Marakwet East","Endo",2013,0
"Elgeyo-Marakwet","Marakwet East","Endo",2014,0.584819674491882
"Elgeyo-Marakwet","Marakwet East","Endo",2015,0
"Elgeyo-Marakwet","Marakwet East","Endo",2016,0
"Elgeyo-Marakwet","Marakwet East","Endo",2017,0
"Elgeyo-Marakwet","Marakwet East","Endo",2018,11.1773271560669
"Elgeyo-Marakwet","Marakwet East","Endo",2019,18.9819507598877
"Elgeyo-Marakwet","Marakwet East","Endo",2020,9.18936347961426
"Elgeyo-Marakwet","Marakwet East","Endo",2021,14.232780456543
"Elgeyo-Marakwet","Marakwet East","Endo",2022,17.0379981994629
"Elgeyo-Marakwet","Marakwet East","Endo",2023,32.5013732910156
"Elgeyo-Marakwet","Marakwet East","Endo",2024,13.5789766311646
"Elgeyo-Marakwet","Marakwet East","Kapyego",2012,0
"Elgeyo-Marakwet","Marakwet East","Kapyego",2013,0
"Elgeyo-Marakwet","Marakwet East","Kapyego",2014,1.09873390197754
"Elgeyo-Marakwet","Marakwet East","Kapyego",2015,0
"Elgeyo-Marakwet","Marakwet East","Kapyego",2016,0
"Elgeyo-Marakwet","Marakwet East","Kapyego",2017,0
"Elgeyo-Marakwet","Marakwet East","Kapyego",2018,2.63016819953918
"Elgeyo-Marakwet","Marakwet East","Kapyego",2019,1.67387306690216
"Elgeyo-Marakwet","Marakwet East","Kapyego",2020,1.2692768573761
"Elgeyo-Marakwet","Marakwet East","Kapyego",2021,0.928655207157135
"Elgeyo-Marakwet","Marakwet East","Kapyego",2022,1.81969058513641
"Elgeyo-Marakwet","Marakwet East","Kapyego",2023,9.64642333984375
"Elgeyo-Marakwet","Marakwet East","Kapyego",2024,3.67966532707214
"Elgeyo-Marakwet","Marakwet East","Sambirir",2012,0
"Elgeyo-Marakwet","Marakwet East","Sambirir",2013,0.961059391498566
"Elgeyo-Marakwet","Marakwet East","Sambirir",2014,1.52221846580505
"Elgeyo-Marakwet","Marakwet East","Sambirir",2015,0.803071141242981
"Elgeyo-Marakwet","Marakwet East","Sambirir",2016,0
"Elgeyo-Marakwet","Marakwet East","Sambirir",2017,0
"Elgeyo-Marakwet","Marakwet East","Sambirir",2018,0
"Elgeyo-Marakwet","Marakwet East","Sambirir",2019,0
"Elgeyo-Marakwet","Marakwet East","Sambirir",2020,0
"Elgeyo-Marakwet","Marakwet East","Sambirir",2021,0.0066945138387382
"Elgeyo-Marakwet","Marakwet East","Sambirir",2022,1.82663083076477
"Elgeyo-Marakwet","Marakwet East","Sambirir",2023,3.53043675422668
"Elgeyo-Marakwet","Marakwet East","Sambirir",2024,2.85195374488831
"Elgeyo-Marakwet","Marakwet West","Arror",2012,0
"Elgeyo-Marakwet","Marakwet West","Arror",2013,0
"Elgeyo-Marakwet","Marakwet West","Arror",2014,0
"Elgeyo-Marakwet","Marakwet West","Arror",2015,0
"Elgeyo-Marakwet","Marakwet West","Arror",2016,0
"Elgeyo-Marakwet","Marakwet West","Arror",2017,0
"Elgeyo-Marakwet","Marakwet West","Arror",2018,0
"Elgeyo-Marakwet","Marakwet West","Arror",2019,0
"Elgeyo-Marakwet","Marakwet West","Arror",2020,0
"Elgeyo-Marakwet","Marakwet West","Arror",2021,0
"Elgeyo-Marakwet","Marakwet West","Arror",2022,0
"Elgeyo-Marakwet","Marakwet West","Arror",2023,3.72864580154419
"Elgeyo-Marakwet","Marakwet West","Arror",2024,2.97613334655762
"Elgeyo-Marakwet","Marakwet West","Cherang'Any/Chebororwa",2012,0
"Elgeyo-Marakwet","Marakwet West","Cherang'Any/Chebororwa",2013,0
"Elgeyo-Marakwet","Marakwet West","Cherang'Any/Chebororwa",2014,0
"Elgeyo-Marakwet","Marakwet West","Cherang'Any/Chebororwa",2015,0
"Elgeyo-Marakwet","Marakwet West","Cherang'Any/Chebororwa",2016,0
"Elgeyo-Marakwet","Marakwet West","Cherang'Any/Chebororwa",2017,0
"Elgeyo-Marakwet","Marakwet West","Cherang'Any/Chebororwa",2018,0
"Elgeyo-Marakwet","Marakwet West","Cherang'Any/Chebororwa",2019,0
"Elgeyo-Marakwet","Marakwet West","Cherang'Any/Chebororwa",2020,0
"Elgeyo-Marakwet","Marakwet West","Cherang'Any/Chebororwa",2021,0
"Elgeyo-Marakwet","Marakwet West","Cherang'Any/Chebororwa",2022,0.137065961956978
"Elgeyo-Marakwet","Marakwet West","Cherang'Any/Chebororwa",2023,0.823942482471466
"Elgeyo-Marakwet","Marakwet West","Cherang'Any/Chebororwa",2024,0.625643014907837
"Elgeyo-Marakwet","Marakwet West","Kapsowar",2012,2.54697895050049
"Elgeyo-Marakwet","Marakwet West","Kapsowar",2013,3.19274830818176
"Elgeyo-Marakwet","Marakwet West","Kapsowar",2014,2.6194281578064
"Elgeyo-Marakwet","Marakwet West","Kapsowar",2015,3.04373478889465
"Elgeyo-Marakwet","Marakwet West","Kapsowar",2016,1.25620627403259
"Elgeyo-Marakwet","Marakwet West","Kapsowar",2017,5.15877771377563
"Elgeyo-Marakwet","Marakwet West","Kapsowar",2018,26.1467952728271
"Elgeyo-Marakwet","Marakwet West","Kapsowar",2019,17.8803005218506
"Elgeyo-Marakwet","Marakwet West","Kapsowar",2020,15.9931488037109
"Elgeyo-Marakwet","Marakwet West","Kapsowar",2021,16.4456157684326
"Elgeyo-Marakwet","Marakwet West","Kapsowar",2022,31.7431716918945
"Elgeyo-Marakwet","Marakwet West","Kapsowar",2023,33.7328643798828
"Elgeyo-Marakwet","Marakwet West","Kapsowar",2024,29.8801441192627
"Elgeyo-Marakwet","Marakwet West","Moiben/Kuserwo",2012,4.15559482574463
"Elgeyo-Marakwet","Marakwet West","Moiben/Kuserwo",2013,9.48826313018799
"Elgeyo-Marakwet","Marakwet West","Moiben/Kuserwo",2014,4.89285659790039
"Elgeyo-Marakwet","Marakwet West","Moiben/Kuserwo",2015,2.04492402076721
"Elgeyo-Marakwet","Marakwet West","Moiben/Kuserwo",2016,4.04778099060059
"Elgeyo-Marakwet","Marakwet West","Moiben/Kuserwo",2017,5.17938232421875
"Elgeyo-Marakwet","Marakwet West","Moiben/Kuserwo",2018,3.36433577537537
"Elgeyo-Marakwet","Marakwet West","Moiben/Kuserwo",2019,3.75248575210571
"Elgeyo-Marakwet","Marakwet West","Moiben/Kuserwo",2020,5.71404838562012
"Elgeyo-Marakwet","Marakwet West","Moiben/Kuserwo",2021,4.88337373733521
"Elgeyo-Marakwet","Marakwet West","Moiben/Kuserwo",2022,12.4252691268921
"Elgeyo-Marakwet","Marakwet West","Moiben/Kuserwo",2023,13.9937744140625
"Elgeyo-Marakwet","Marakwet West","Moiben/Kuserwo",2024,15.8068380355835
"Elgeyo-Marakwet","Marakwet West","Sengwer",2012,0.996004223823547
"Elgeyo-Marakwet","Marakwet West","Sengwer",2013,1.60525763034821
"Elgeyo-Marakwet","Marakwet West","Sengwer",2014,1.33490705490112
"Elgeyo-Marakwet","Marakwet West","Sengwer",2015,0.72567892074585
"Elgeyo-Marakwet","Marakwet West","Sengwer",2016,0.728615760803223
"Elgeyo-Marakwet","Marakwet West","Sengwer",2017,0.864278852939606
"Elgeyo-Marakwet","Marakwet West","Sengwer",2018,0.323782384395599
"Elgeyo-Marakwet","Marakwet West","Sengwer",2019,11.1763668060303
"Elgeyo-Marakwet","Marakwet West","Sengwer",2020,9.65872478485107
"Elgeyo-Marakwet","Marakwet West","Sengwer",2021,7.6496057510376
"Elgeyo-Marakwet","Marakwet West","Sengwer",2022,8.74667835235596
"Elgeyo-Marakwet","Marakwet West","Sengwer",2023,14.1726446151733
"Elgeyo-Marakwet","Marakwet West","Sengwer",2024,13.4298553466797
"Embu","Manyatta","Gaturi North",2012,2.47837948799133
"Embu","Manyatta","Gaturi North",2013,0.564009428024292
"Embu","Manyatta","Gaturi North",2014,2.99836468696594
"Embu","Manyatta","Gaturi North",2015,6.15343141555786
"Embu","Manyatta","Gaturi North",2016,2.94860935211182
"Embu","Manyatta","Gaturi North",2017,6.08044767379761
"Embu","Manyatta","Gaturi North",2018,14.5446271896362
"Embu","Manyatta","Gaturi North",2019,15.5515489578247
"Embu","Manyatta","Gaturi North",2020,5.27573776245117
"Embu","Manyatta","Gaturi North",2021,10.5685157775879
"Embu","Manyatta","Gaturi North",2022,21.1258907318115
"Embu","Manyatta","Gaturi North",2023,13.8773441314697
"Embu","Manyatta","Gaturi North",2024,25.6308078765869
"Embu","Manyatta","Gaturi South",2012,0
"Embu","Manyatta","Gaturi South",2013,0
"Embu","Manyatta","Gaturi South",2014,0.579651534557343
"Embu","Manyatta","Gaturi South",2015,2.77801322937012
"Embu","Manyatta","Gaturi South",2016,2.01013350486755
"Embu","Manyatta","Gaturi South",2017,4.70693302154541
"Embu","Manyatta","Gaturi South",2018,7.94662475585938
"Embu","Manyatta","Gaturi South",2019,9.98964309692383
"Embu","Manyatta","Gaturi South",2020,5.7585620880127
"Embu","Manyatta","Gaturi South",2021,4.25295448303223
"Embu","Manyatta","Gaturi South",2022,25.4310092926025
"Embu","Manyatta","Gaturi South",2023,18.3151664733887
"Embu","Manyatta","Gaturi South",2024,42.9088897705078
"Embu","Manyatta","Kirimari",2012,75.5463562011719
"Embu","Manyatta","Kirimari",2013,91.9902114868164
"Embu","Manyatta","Kirimari",2014,99.9651107788086
"Embu","Manyatta","Kirimari",2015,106.870910644531
"Embu","Manyatta","Kirimari",2016,122.208862304688
"Embu","Manyatta","Kirimari",2017,221.20915222168
"Embu","Manyatta","Kirimari",2018,233.411514282227
"Embu","Manyatta","Kirimari",2019,208.733413696289
"Embu","Manyatta","Kirimari",2020,174.183517456055
"Embu","Manyatta","Kirimari",2021,177.029891967773
"Embu","Manyatta","Kirimari",2022,219.18049621582
"Embu","Manyatta","Kirimari",2023,290.027770996094
"Embu","Manyatta","Kirimari",2024,333.378265380859
"Embu","Manyatta","Kithimu",2012,0.547068893909454
"Embu","Manyatta","Kithimu",2013,0
"Embu","Manyatta","Kithimu",2014,0.0741537436842918
"Embu","Manyatta","Kithimu",2015,1.98170053958893
"Embu","Manyatta","Kithimu",2016,1.50434076786041
"Embu","Manyatta","Kithimu",2017,2.86068105697632
"Embu","Manyatta","Kithimu",2018,5.35996532440186
"Embu","Manyatta","Kithimu",2019,9.26574325561523
"Embu","Manyatta","Kithimu",2020,8.35334396362305
"Embu","Manyatta","Kithimu",2021,7.38455009460449
"Embu","Manyatta","Kithimu",2022,15.9021167755127
"Embu","Manyatta","Kithimu",2023,15.9945297241211
"Embu","Manyatta","Kithimu",2024,23.0657596588135
"Embu","Manyatta","Mbeti North",2012,42.5912437438965
"Embu","Manyatta","Mbeti North",2013,46.9171028137207
"Embu","Manyatta","Mbeti North",2014,78.2470626831055
"Embu","Manyatta","Mbeti North",2015,77.6183700561523
"Embu","Manyatta","Mbeti North",2016,124.515632629395
"Embu","Manyatta","Mbeti North",2017,245.383056640625
"Embu","Manyatta","Mbeti North",2018,247.744644165039
"Embu","Manyatta","Mbeti North",2019,219.107452392578
"Embu","Manyatta","Mbeti North",2020,165.247650146484
"Embu","Manyatta","Mbeti North",2021,177.195510864258
"Embu","Manyatta","Mbeti North",2022,260.2470703125
"Embu","Manyatta","Mbeti North",2023,306.582489013672
"Embu","Manyatta","Mbeti North",2024,380.456817626953
"Embu","Manyatta","Nginda",2012,7.98385810852051
"Embu","Manyatta","Nginda",2013,4.45558834075928
"Embu","Manyatta","Nginda",2014,9.33516597747803
"Embu","Manyatta","Nginda",2015,11.5565576553345
"Embu","Manyatta","Nginda",2016,3.45884227752686
"Embu","Manyatta","Nginda",2017,10.0392742156982
"Embu","Manyatta","Nginda",2018,11.5804920196533
"Embu","Manyatta","Nginda",2019,9.67090797424316
"Embu","Manyatta","Nginda",2020,5.43684148788452
"Embu","Manyatta","Nginda",2021,18.5701103210449
"Embu","Manyatta","Nginda",2022,74.6327362060547
"Embu","Manyatta","Nginda",2023,74.3984451293945
"Embu","Manyatta","Nginda",2024,66.0615921020508
"Embu","Manyatta","Ruguru/Ngandori",2012,3.02552485466003
"Embu","Manyatta","Ruguru/Ngandori",2013,0.595104396343231
"Embu","Manyatta","Ruguru/Ngandori",2014,5.29351043701172
"Embu","Manyatta","Ruguru/Ngandori",2015,6.21482372283936
"Embu","Manyatta","Ruguru/Ngandori",2016,2.90300130844116
"Embu","Manyatta","Ruguru/Ngandori",2017,11.4659290313721
"Embu","Manyatta","Ruguru/Ngandori",2018,35.7006530761719
"Embu","Manyatta","Ruguru/Ngandori",2019,27.4263401031494
"Embu","Manyatta","Ruguru/Ngandori",2020,16.353982925415
"Embu","Manyatta","Ruguru/Ngandori",2021,26.0790977478027
"Embu","Manyatta","Ruguru/Ngandori",2022,48.7623023986816
"Embu","Manyatta","Ruguru/Ngandori",2023,39.2423210144043
"Embu","Manyatta","Ruguru/Ngandori",2024,54.4800987243652
"Embu","Mbeere North","Evurore",2012,7.28786993026733
"Embu","Mbeere North","Evurore",2013,3.65539979934692
"Embu","Mbeere North","Evurore",2014,8.2490406036377
"Embu","Mbeere North","Evurore",2015,13.1584491729736
"Embu","Mbeere North","Evurore",2016,11.868109703064
"Embu","Mbeere North","Evurore",2017,26.371301651001
"Embu","Mbeere North","Evurore",2018,39.239372253418
"Embu","Mbeere North","Evurore",2019,42.2838859558105
"Embu","Mbeere North","Evurore",2020,20.5847301483154
"Embu","Mbeere North","Evurore",2021,24.4166622161865
"Embu","Mbeere North","Evurore",2022,28.6525688171387
"Embu","Mbeere North","Evurore",2023,30.5813903808594
"Embu","Mbeere North","Evurore",2024,36.2910079956055
"Embu","Mbeere North","Muminji",2012,19.5289001464844
"Embu","Mbeere North","Muminji",2013,14.2020063400269
"Embu","Mbeere North","Muminji",2014,23.6680316925049
"Embu","Mbeere North","Muminji",2015,28.825174331665
"Embu","Mbeere North","Muminji",2016,30.2496662139893
"Embu","Mbeere North","Muminji",2017,21.3246459960938
"Embu","Mbeere North","Muminji",2018,15.4994201660156
"Embu","Mbeere North","Muminji",2019,15.914776802063
"Embu","Mbeere North","Muminji",2020,12.6195735931396
"Embu","Mbeere North","Muminji",2021,14.0773916244507
"Embu","Mbeere North","Muminji",2022,26.2933158874512
"Embu","Mbeere North","Muminji",2023,20.8686294555664
"Embu","Mbeere North","Muminji",2024,12.2461757659912
"Embu","Mbeere North","Nthawa",2012,6.36768531799316
"Embu","Mbeere North","Nthawa",2013,3.77218675613403
"Embu","Mbeere North","Nthawa",2014,4.41610240936279
"Embu","Mbeere North","Nthawa",2015,7.6313853263855
"Embu","Mbeere North","Nthawa",2016,5.05308389663696
"Embu","Mbeere North","Nthawa",2017,8.89244270324707
"Embu","Mbeere North","Nthawa",2018,27.9370536804199
"Embu","Mbeere North","Nthawa",2019,21.0157222747803
"Embu","Mbeere North","Nthawa",2020,23.1131591796875
"Embu","Mbeere North","Nthawa",2021,18.5749492645264
"Embu","Mbeere North","Nthawa",2022,24.1395797729492
"Embu","Mbeere North","Nthawa",2023,31.3422756195068
"Embu","Mbeere North","Nthawa",2024,42.6206970214844
"Embu","Mbeere South","Kiambere",2012,3.1165816783905
"Embu","Mbeere South","Kiambere",2013,1.75945615768433
"Embu","Mbeere South","Kiambere",2014,0.872627377510071
"Embu","Mbeere South","Kiambere",2015,3.90173745155334
"Embu","Mbeere South","Kiambere",2016,4.15918970108032
"Embu","Mbeere South","Kiambere",2017,3.77003312110901
"Embu","Mbeere South","Kiambere",2018,2.0759654045105
"Embu","Mbeere South","Kiambere",2019,1.41487872600555
"Embu","Mbeere South","Kiambere",2020,2.1224057674408
"Embu","Mbeere South","Kiambere",2021,2.13810062408447
"Embu","Mbeere South","Kiambere",2022,5.11667251586914
"Embu","Mbeere South","Kiambere",2023,6.88802862167358
"Embu","Mbeere South","Kiambere",2024,7.12839460372925
"Embu","Mbeere South","Makima",2012,0.0309312287718058
"Embu","Mbeere South","Makima",2013,0
"Embu","Mbeere South","Makima",2014,0.437734723091125
"Embu","Mbeere South","Makima",2015,0.577606737613678
"Embu","Mbeere South","Makima",2016,0.580051302909851
"Embu","Mbeere South","Makima",2017,1.43012523651123
"Embu","Mbeere South","Makima",2018,6.8718900680542
"Embu","Mbeere South","Makima",2019,8.66633701324463
"Embu","Mbeere South","Makima",2020,1.77829933166504
"Embu","Mbeere South","Makima",2021,2.11814188957214
"Embu","Mbeere South","Makima",2022,6.120032787323
"Embu","Mbeere South","Makima",2023,12.7686080932617
"Embu","Mbeere South","Makima",2024,5.42364311218262
"Embu","Mbeere South","Mavuria",2012,8.76287937164307
"Embu","Mbeere South","Mavuria",2013,11.0584936141968
"Embu","Mbeere South","Mavuria",2014,10.301079750061
"Embu","Mbeere South","Mavuria",2015,16.0316219329834
"Embu","Mbeere South","Mavuria",2016,9.93595218658447
"Embu","Mbeere South","Mavuria",2017,19.0223636627197
"Embu","Mbeere South","Mavuria",2018,36.3633041381836
"Embu","Mbeere South","Mavuria",2019,33.2765121459961
"Embu","Mbeere South","Mavuria",2020,16.7036552429199
"Embu","Mbeere South","Mavuria",2021,18.3713550567627
"Embu","Mbeere South","Mavuria",2022,58.8914222717285
"Embu","Mbeere South","Mavuria",2023,59.7371978759766
"Embu","Mbeere South","Mavuria",2024,47.689754486084
"Embu","Mbeere South","Mbeti South",2012,381.695617675781
"Embu","Mbeere South","Mbeti South",2013,174.958770751953
"Embu","Mbeere South","Mbeti South",2014,60.0322608947754
"Embu","Mbeere South","Mbeti South",2015,49.510799407959
"Embu","Mbeere South","Mbeti South",2016,52.9939956665039
"Embu","Mbeere South","Mbeti South",2017,75.0320053100586
"Embu","Mbeere South","Mbeti South",2018,92.8385391235352
"Embu","Mbeere South","Mbeti South",2019,126.822525024414
"Embu","Mbeere South","Mbeti South",2020,64.8750686645508
"Embu","Mbeere South","Mbeti South",2021,52.7803039550781
"Embu","Mbeere South","Mbeti South",2022,79.5831756591797
"Embu","Mbeere South","Mbeti South",2023,92.3739547729492
"Embu","Mbeere South","Mbeti South",2024,124.767654418945
"Embu","Mbeere South","Mwea",2012,8.74497413635254
"Embu","Mbeere South","Mwea",2013,10.6510906219482
"Embu","Mbeere South","Mwea",2014,16.261890411377
"Embu","Mbeere South","Mwea",2015,17.2350273132324
"Embu","Mbeere South","Mwea",2016,14.4272356033325
"Embu","Mbeere South","Mwea",2017,20.2648983001709
"Embu","Mbeere South","Mwea",2018,28.5257015228271
"Embu","Mbeere South","Mwea",2019,45.4941825866699
"Embu","Mbeere South","Mwea",2020,28.0489082336426
"Embu","Mbeere South","Mwea",2021,22.6291980743408
"Embu","Mbeere South","Mwea",2022,60.4606094360352
"Embu","Mbeere South","Mwea",2023,63.9253044128418
"Embu","Mbeere South","Mwea",2024,67.2752380371094
"Embu","Runyenjes","Central Ward",2012,8.12480545043945
"Embu","Runyenjes","Central Ward",2013,5.91037511825562
"Embu","Runyenjes","Central Ward",2014,16.1417598724365
"Embu","Runyenjes","Central Ward",2015,25.385669708252
"Embu","Runyenjes","Central Ward",2016,14.3565645217896
"Embu","Runyenjes","Central Ward",2017,31.4841041564941
"Embu","Runyenjes","Central Ward",2018,35.3698921203613
"Embu","Runyenjes","Central Ward",2019,35.4295997619629
"Embu","Runyenjes","Central Ward",2020,31.5049896240234
"Embu","Runyenjes","Central Ward",2021,31.2421989440918
"Embu","Runyenjes","Central Ward",2022,54.762580871582
"Embu","Runyenjes","Central Ward",2023,56.6712646484375
"Embu","Runyenjes","Central Ward",2024,66.4772720336914
"Embu","Runyenjes","Kagaari North",2012,4.17982482910156
"Embu","Runyenjes","Kagaari North",2013,0.970575511455536
"Embu","Runyenjes","Kagaari North",2014,0.731303751468658
"Embu","Runyenjes","Kagaari North",2015,1.60745298862457
"Embu","Runyenjes","Kagaari North",2016,3.30554485321045
"Embu","Runyenjes","Kagaari North",2017,7.98825979232788
"Embu","Runyenjes","Kagaari North",2018,6.00401782989502
"Embu","Runyenjes","Kagaari North",2019,3.37293553352356
"Embu","Runyenjes","Kagaari North",2020,3.25683426856995
"Embu","Runyenjes","Kagaari North",2021,2.16404581069946
"Embu","Runyenjes","Kagaari North",2022,14.1302175521851
"Embu","Runyenjes","Kagaari North",2023,13.9159784317017
"Embu","Runyenjes","Kagaari North",2024,17.9082527160645
"Embu","Runyenjes","Kagaari South",2012,1.6264066696167
"Embu","Runyenjes","Kagaari South",2013,1.08830332756042
"Embu","Runyenjes","Kagaari South",2014,1.31256127357483
"Embu","Runyenjes","Kagaari South",2015,5.08030843734741
"Embu","Runyenjes","Kagaari South",2016,1.22111761569977
"Embu","Runyenjes","Kagaari South",2017,3.76080441474915
"Embu","Runyenjes","Kagaari South",2018,16.6024608612061
"Embu","Runyenjes","Kagaari South",2019,16.6970310211182
"Embu","Runyenjes","Kagaari South",2020,5.37140941619873
"Embu","Runyenjes","Kagaari South",2021,6.11607789993286
"Embu","Runyenjes","Kagaari South",2022,23.9412593841553
"Embu","Runyenjes","Kagaari South",2023,22.5214900970459
"Embu","Runyenjes","Kagaari South",2024,37.6273155212402
"Embu","Runyenjes","Kyeni North",2012,2.25587248802185
"Embu","Runyenjes","Kyeni North",2013,0.831688523292542
"Embu","Runyenjes","Kyeni North",2014,1.55169785022736
"Embu","Runyenjes","Kyeni North",2015,3.13470792770386
"Embu","Runyenjes","Kyeni North",2016,0.830580830574036
"Embu","Runyenjes","Kyeni North",2017,4.04547309875488
"Embu","Runyenjes","Kyeni North",2018,11.0315418243408
"Embu","Runyenjes","Kyeni North",2019,12.2886896133423
"Embu","Runyenjes","Kyeni North",2020,2.99613404273987
"Embu","Runyenjes","Kyeni North",2021,6.44886589050293
"Embu","Runyenjes","Kyeni North",2022,15.2360076904297
"Embu","Runyenjes","Kyeni North",2023,20.8892822265625
"Embu","Runyenjes","Kyeni North",2024,24.4787197113037
"Embu","Runyenjes","Kyeni South",2012,0.00103043846320361
"Embu","Runyenjes","Kyeni South",2013,0
"Embu","Runyenjes","Kyeni South",2014,0.502471745014191
"Embu","Runyenjes","Kyeni South",2015,3.38915014266968
"Embu","Runyenjes","Kyeni South",2016,1.40183734893799
"Embu","Runyenjes","Kyeni South",2017,6.33922481536865
"Embu","Runyenjes","Kyeni South",2018,6.04161310195923
"Embu","Runyenjes","Kyeni South",2019,5.62252235412598
"Embu","Runyenjes","Kyeni South",2020,2.85276556015015
"Embu","Runyenjes","Kyeni South",2021,5.72262001037598
"Embu","Runyenjes","Kyeni South",2022,28.9220714569092
"Embu","Runyenjes","Kyeni South",2023,27.3078441619873
"Embu","Runyenjes","Kyeni South",2024,28.1327686309814
"Garissa","Balambala","Balambala",2012,0
"Garissa","Balambala","Balambala",2013,0
"Garissa","Balambala","Balambala",2014,0
"Garissa","Balambala","Balambala",2015,0
"Garissa","Balambala","Balambala",2016,0
"Garissa","Balambala","Balambala",2017,0
"Garissa","Balambala","Balambala",2018,0
"Garissa","Balambala","Balambala",2019,0
"Garissa","Balambala","Balambala",2020,0
"Garissa","Balambala","Balambala",2021,0
"Garissa","Balambala","Balambala",2022,0
"Garissa","Balambala","Balambala",2023,0
"Garissa","Balambala","Balambala",2024,0
"Garissa","Balambala","Danyere",2012,0
"Garissa","Balambala","Danyere",2013,0
"Garissa","Balambala","Danyere",2014,0
"Garissa","Balambala","Danyere",2015,0
"Garissa","Balambala","Danyere",2016,0
"Garissa","Balambala","Danyere",2017,0
"Garissa","Balambala","Danyere",2018,0
"Garissa","Balambala","Danyere",2019,0
"Garissa","Balambala","Danyere",2020,0
"Garissa","Balambala","Danyere",2021,0
"Garissa","Balambala","Danyere",2022,0
"Garissa","Balambala","Danyere",2023,0
"Garissa","Balambala","Danyere",2024,0
"Garissa","Balambala","Jara Jara",2012,0
"Garissa","Balambala","Jara Jara",2013,0
"Garissa","Balambala","Jara Jara",2014,0
"Garissa","Balambala","Jara Jara",2015,0
"Garissa","Balambala","Jara Jara",2016,0
"Garissa","Balambala","Jara Jara",2017,0
"Garissa","Balambala","Jara Jara",2018,0
"Garissa","Balambala","Jara Jara",2019,0
"Garissa","Balambala","Jara Jara",2020,0
"Garissa","Balambala","Jara Jara",2021,0
"Garissa","Balambala","Jara Jara",2022,0
"Garissa","Balambala","Jara Jara",2023,0
"Garissa","Balambala","Jara Jara",2024,0
"Garissa","Balambala","Saka",2012,0
"Garissa","Balambala","Saka",2013,0
"Garissa","Balambala","Saka",2014,0
"Garissa","Balambala","Saka",2015,0
"Garissa","Balambala","Saka",2016,0
"Garissa","Balambala","Saka",2017,0
"Garissa","Balambala","Saka",2018,0
"Garissa","Balambala","Saka",2019,0
"Garissa","Balambala","Saka",2020,0
"Garissa","Balambala","Saka",2021,0
"Garissa","Balambala","Saka",2022,0
"Garissa","Balambala","Saka",2023,0
"Garissa","Balambala","Saka",2024,0
"Garissa","Balambala","Sankuri",2012,0
"Garissa","Balambala","Sankuri",2013,0
"Garissa","Balambala","Sankuri",2014,0
"Garissa","Balambala","Sankuri",2015,0.223481208086014
"Garissa","Balambala","Sankuri",2016,0.428466886281967
"Garissa","Balambala","Sankuri",2017,1.61934983730316
"Garissa","Balambala","Sankuri",2018,0.388550221920013
"Garissa","Balambala","Sankuri",2019,0.622781157493591
"Garissa","Balambala","Sankuri",2020,0
"Garissa","Balambala","Sankuri",2021,0
"Garissa","Balambala","Sankuri",2022,0.79657107591629
"Garissa","Balambala","Sankuri",2023,0.836347162723541
"Garissa","Balambala","Sankuri",2024,0.481322377920151
"Garissa","Daadab","Abakaile",2012,0
"Garissa","Daadab","Abakaile",2013,0
"Garissa","Daadab","Abakaile",2014,0
"Garissa","Daadab","Abakaile",2015,0
"Garissa","Daadab","Abakaile",2016,0
"Garissa","Daadab","Abakaile",2017,0
"Garissa","Daadab","Abakaile",2018,0
"Garissa","Daadab","Abakaile",2019,0
"Garissa","Daadab","Abakaile",2020,0
"Garissa","Daadab","Abakaile",2021,0
"Garissa","Daadab","Abakaile",2022,0
"Garissa","Daadab","Abakaile",2023,0
"Garissa","Daadab","Abakaile",2024,0
"Garissa","Daadab","Dadaab",2012,52.9301872253418
"Garissa","Daadab","Dadaab",2013,36.6225700378418
"Garissa","Daadab","Dadaab",2014,47.7394676208496
"Garissa","Daadab","Dadaab",2015,56.7486801147461
"Garissa","Daadab","Dadaab",2016,56.1251602172852
"Garissa","Daadab","Dadaab",2017,67.7869567871094
"Garissa","Daadab","Dadaab",2018,58.5678329467773
"Garissa","Daadab","Dadaab",2019,49.9655685424805
"Garissa","Daadab","Dadaab",2020,42.7657470703125
"Garissa","Daadab","Dadaab",2021,69.1804809570312
"Garissa","Daadab","Dadaab",2022,80.783073425293
"Garissa","Daadab","Dadaab",2023,70.5874404907227
"Garissa","Daadab","Dadaab",2024,55.6602783203125
"Garissa","Daadab","Damajale",2012,1.37696850299835
"Garissa","Daadab","Damajale",2013,2.9163646697998
"Garissa","Daadab","Damajale",2014,4.07226419448853
"Garissa","Daadab","Damajale",2015,3.20973491668701
"Garissa","Daadab","Damajale",2016,3.20074963569641
"Garissa","Daadab","Damajale",2017,2.63183736801147
"Garissa","Daadab","Damajale",2018,1.94051873683929
"Garissa","Daadab","Damajale",2019,1.26908576488495
"Garissa","Daadab","Damajale",2020,0.524953246116638
"Garissa","Daadab","Damajale",2021,0
"Garissa","Daadab","Damajale",2022,0.153774842619896
"Garissa","Daadab","Damajale",2023,0
"Garissa","Daadab","Damajale",2024,0
"Garissa","Daadab","Dertu",2012,0
"Garissa","Daadab","Dertu",2013,0
"Garissa","Daadab","Dertu",2014,0
"Garissa","Daadab","Dertu",2015,0
"Garissa","Daadab","Dertu",2016,0
"Garissa","Daadab","Dertu",2017,0
"Garissa","Daadab","Dertu",2018,0
"Garissa","Daadab","Dertu",2019,0
"Garissa","Daadab","Dertu",2020,0
"Garissa","Daadab","Dertu",2021,0
"Garissa","Daadab","Dertu",2022,0
"Garissa","Daadab","Dertu",2023,0
"Garissa","Daadab","Dertu",2024,0
"Garissa","Daadab","Labasigale",2012,27.6344604492188
"Garissa","Daadab","Labasigale",2013,22.2965679168701
"Garissa","Daadab","Labasigale",2014,22.3938865661621
"Garissa","Daadab","Labasigale",2015,28.2746276855469
"Garissa","Daadab","Labasigale",2016,29.3700752258301
"Garissa","Daadab","Labasigale",2017,29.8835601806641
"Garissa","Daadab","Labasigale",2018,20.2459869384766
"Garissa","Daadab","Labasigale",2019,15.3558435440063
"Garissa","Daadab","Labasigale",2020,13.896312713623
"Garissa","Daadab","Labasigale",2021,17.5989112854004
"Garissa","Daadab","Labasigale",2022,18.5140781402588
"Garissa","Daadab","Labasigale",2023,18.481761932373
"Garissa","Daadab","Labasigale",2024,26.4271755218506
"Garissa","Daadab","Liboi",2012,0
"Garissa","Daadab","Liboi",2013,0
"Garissa","Daadab","Liboi",2014,0
"Garissa","Daadab","Liboi",2015,0
"Garissa","Daadab","Liboi",2016,0
"Garissa","Daadab","Liboi",2017,0
"Garissa","Daadab","Liboi",2018,0
"Garissa","Daadab","Liboi",2019,0
"Garissa","Daadab","Liboi",2020,0
"Garissa","Daadab","Liboi",2021,0
"Garissa","Daadab","Liboi",2022,0
"Garissa","Daadab","Liboi",2023,0
"Garissa","Daadab","Liboi",2024,0
"Garissa","Fafi","Bura",2012,0
"Garissa","Fafi","Bura",2013,0
"Garissa","Fafi","Bura",2014,0
"Garissa","Fafi","Bura",2015,0
"Garissa","Fafi","Bura",2016,0
"Garissa","Fafi","Bura",2017,0
"Garissa","Fafi","Bura",2018,0
"Garissa","Fafi","Bura",2019,0
"Garissa","Fafi","Bura",2020,0
"Garissa","Fafi","Bura",2021,0
"Garissa","Fafi","Bura",2022,0
"Garissa","Fafi","Bura",2023,0
"Garissa","Fafi","Bura",2024,0
"Garissa","Fafi","Dekaharia",2012,0
"Garissa","Fafi","Dekaharia",2013,0
"Garissa","Fafi","Dekaharia",2014,0
"Garissa","Fafi","Dekaharia",2015,0
"Garissa","Fafi","Dekaharia",2016,0
"Garissa","Fafi","Dekaharia",2017,0
"Garissa","Fafi","Dekaharia",2018,0
"Garissa","Fafi","Dekaharia",2019,0
"Garissa","Fafi","Dekaharia",2020,0
"Garissa","Fafi","Dekaharia",2021,0
"Garissa","Fafi","Dekaharia",2022,0
"Garissa","Fafi","Dekaharia",2023,0
"Garissa","Fafi","Dekaharia",2024,0
"Garissa","Fafi","Fafi",2012,0
"Garissa","Fafi","Fafi",2013,0
"Garissa","Fafi","Fafi",2014,0.290434509515762
"Garissa","Fafi","Fafi",2015,0
"Garissa","Fafi","Fafi",2016,0
"Garissa","Fafi","Fafi",2017,0
"Garissa","Fafi","Fafi",2018,0
"Garissa","Fafi","Fafi",2019,0
"Garissa","Fafi","Fafi",2020,0
"Garissa","Fafi","Fafi",2021,0
"Garissa","Fafi","Fafi",2022,0
"Garissa","Fafi","Fafi",2023,0
"Garissa","Fafi","Fafi",2024,0
"Garissa","Fafi","Jarajila",2012,17.318078994751
"Garissa","Fafi","Jarajila",2013,23.0251197814941
"Garissa","Fafi","Jarajila",2014,21.5604248046875
"Garissa","Fafi","Jarajila",2015,26.6232376098633
"Garissa","Fafi","Jarajila",2016,25.3380718231201
"Garissa","Fafi","Jarajila",2017,16.2005710601807
"Garissa","Fafi","Jarajila",2018,18.0084533691406
"Garissa","Fafi","Jarajila",2019,28.5048789978027
"Garissa","Fafi","Jarajila",2020,23.5852966308594
"Garissa","Fafi","Jarajila",2021,24.7908020019531
"Garissa","Fafi","Jarajila",2022,23.725564956665
"Garissa","Fafi","Jarajila",2023,22.4525699615479
"Garissa","Fafi","Jarajila",2024,17.6835708618164
"Garissa","Fafi","Nanighi",2012,0
"Garissa","Fafi","Nanighi",2013,0
"Garissa","Fafi","Nanighi",2014,0
"Garissa","Fafi","Nanighi",2015,0
"Garissa","Fafi","Nanighi",2016,0
"Garissa","Fafi","Nanighi",2017,0
"Garissa","Fafi","Nanighi",2018,0
"Garissa","Fafi","Nanighi",2019,0
"Garissa","Fafi","Nanighi",2020,0
"Garissa","Fafi","Nanighi",2021,0
"Garissa","Fafi","Nanighi",2022,0
"Garissa","Fafi","Nanighi",2023,0
"Garissa","Fafi","Nanighi",2024,0
"Garissa","Garissa Township","Galbet",2012,70.5821914672852
"Garissa","Garissa Township","Galbet",2013,68.6569976806641
"Garissa","Garissa Township","Galbet",2014,83.6084899902344
"Garissa","Garissa Township","Galbet",2015,90.4623718261719
"Garissa","Garissa Township","Galbet",2016,190.026062011719
"Garissa","Garissa Township","Galbet",2017,214.308547973633
"Garissa","Garissa Township","Galbet",2018,172.975662231445
"Garissa","Garissa Township","Galbet",2019,129.760299682617
"Garissa","Garissa Township","Galbet",2020,119.420997619629
"Garissa","Garissa Township","Galbet",2021,191.470199584961
"Garissa","Garissa Township","Galbet",2022,225.590469360352
"Garissa","Garissa Township","Galbet",2023,296.328521728516
"Garissa","Garissa Township","Galbet",2024,313.011657714844
"Garissa","Garissa Township","Iftin",2012,129.369323730469
"Garissa","Garissa Township","Iftin",2013,141.561538696289
"Garissa","Garissa Township","Iftin",2014,164.836395263672
"Garissa","Garissa Township","Iftin",2015,174.416030883789
"Garissa","Garissa Township","Iftin",2016,337.220367431641
"Garissa","Garissa Township","Iftin",2017,385.945831298828
"Garissa","Garissa Township","Iftin",2018,350.327728271484
"Garissa","Garissa Township","Iftin",2019,319.595825195312
"Garissa","Garissa Township","Iftin",2020,293.461975097656
"Garissa","Garissa Township","Iftin",2021,398.350280761719
"Garissa","Garissa Township","Iftin",2022,431.456573486328
"Garissa","Garissa Township","Iftin",2023,516.793151855469
"Garissa","Garissa Township","Iftin",2024,568.358459472656
"Garissa","Garissa Township","Township",2012,27.8887119293213
"Garissa","Garissa Township","Township",2013,28.0424175262451
"Garissa","Garissa Township","Township",2014,31.6085586547852
"Garissa","Garissa Township","Township",2015,28.4100742340088
"Garissa","Garissa Township","Township",2016,86.6853713989258
"Garissa","Garissa Township","Township",2017,99.2345275878906
"Garissa","Garissa Township","Township",2018,78.5246887207031
"Garissa","Garissa Township","Township",2019,51.8661460876465
"Garissa","Garissa Township","Township",2020,37.3327751159668
"Garissa","Garissa Township","Township",2021,48.2303695678711
"Garissa","Garissa Township","Township",2022,39.0408477783203
"Garissa","Garissa Township","Township",2023,47.2175712585449
"Garissa","Garissa Township","Township",2024,49.4025192260742
"Garissa","Garissa Township","Waberi",2012,35.1670227050781
"Garissa","Garissa Township","Waberi",2013,38.1828460693359
"Garissa","Garissa Township","Waberi",2014,52.7934455871582
"Garissa","Garissa Township","Waberi",2015,54.258415222168
"Garissa","Garissa Township","Waberi",2016,152.906723022461
"Garissa","Garissa Township","Waberi",2017,191.420211791992
"Garissa","Garissa Township","Waberi",2018,143.216262817383
"Garissa","Garissa Township","Waberi",2019,101.473220825195
"Garissa","Garissa Township","Waberi",2020,106.570381164551
"Garissa","Garissa Township","Waberi",2021,166.380508422852
"Garissa","Garissa Township","Waberi",2022,194.266174316406
"Garissa","Garissa Township","Waberi",2023,238.635437011719
"Garissa","Garissa Township","Waberi",2024,268.037994384766
"Garissa","Ijara","Hulugho",2012,0
"Garissa","Ijara","Hulugho",2013,0
"Garissa","Ijara","Hulugho",2014,0
"Garissa","Ijara","Hulugho",2015,0
"Garissa","Ijara","Hulugho",2016,0
"Garissa","Ijara","Hulugho",2017,0
"Garissa","Ijara","Hulugho",2018,0
"Garissa","Ijara","Hulugho",2019,0
"Garissa","Ijara","Hulugho",2020,0
"Garissa","Ijara","Hulugho",2021,0
"Garissa","Ijara","Hulugho",2022,0
"Garissa","Ijara","Hulugho",2023,0
"Garissa","Ijara","Hulugho",2024,0
"Garissa","Ijara","Ijara",2012,0
"Garissa","Ijara","Ijara",2013,0
"Garissa","Ijara","Ijara",2014,0
"Garissa","Ijara","Ijara",2015,0
"Garissa","Ijara","Ijara",2016,0
"Garissa","Ijara","Ijara",2017,0
"Garissa","Ijara","Ijara",2018,0
"Garissa","Ijara","Ijara",2019,0
"Garissa","Ijara","Ijara",2020,0
"Garissa","Ijara","Ijara",2021,0
"Garissa","Ijara","Ijara",2022,0
"Garissa","Ijara","Ijara",2023,0
"Garissa","Ijara","Ijara",2024,0
"Garissa","Ijara","Masalani",2012,5.42688655853271
"Garissa","Ijara","Masalani",2013,2.39360189437866
"Garissa","Ijara","Masalani",2014,3.10356140136719
"Garissa","Ijara","Masalani",2015,3.4883439540863
"Garissa","Ijara","Masalani",2016,3.08892798423767
"Garissa","Ijara","Masalani",2017,35.5282402038574
"Garissa","Ijara","Masalani",2018,27.9598388671875
"Garissa","Ijara","Masalani",2019,22.5191249847412
"Garissa","Ijara","Masalani",2020,14.1647596359253
"Garissa","Ijara","Masalani",2021,19.2600364685059
"Garissa","Ijara","Masalani",2022,38.6047554016113
"Garissa","Ijara","Masalani",2023,30.5179042816162
"Garissa","Ijara","Masalani",2024,27.4800128936768
"Garissa","Ijara","Sangailu",2012,0
"Garissa","Ijara","Sangailu",2013,0
"Garissa","Ijara","Sangailu",2014,0
"Garissa","Ijara","Sangailu",2015,0
"Garissa","Ijara","Sangailu",2016,0
"Garissa","Ijara","Sangailu",2017,0
"Garissa","Ijara","Sangailu",2018,0
"Garissa","Ijara","Sangailu",2019,0
"Garissa","Ijara","Sangailu",2020,0
"Garissa","Ijara","Sangailu",2021,0
"Garissa","Ijara","Sangailu",2022,0
"Garissa","Ijara","Sangailu",2023,0
"Garissa","Ijara","Sangailu",2024,0
"Garissa","Lagdera","Baraki",2012,0
"Garissa","Lagdera","Baraki",2013,0
"Garissa","Lagdera","Baraki",2014,0
"Garissa","Lagdera","Baraki",2015,0
"Garissa","Lagdera","Baraki",2016,0
"Garissa","Lagdera","Baraki",2017,0
"Garissa","Lagdera","Baraki",2018,0
"Garissa","Lagdera","Baraki",2019,0
"Garissa","Lagdera","Baraki",2020,0
"Garissa","Lagdera","Baraki",2021,0
"Garissa","Lagdera","Baraki",2022,0
"Garissa","Lagdera","Baraki",2023,0
"Garissa","Lagdera","Baraki",2024,0
"Garissa","Lagdera","Benane",2012,0
"Garissa","Lagdera","Benane",2013,0
"Garissa","Lagdera","Benane",2014,0
"Garissa","Lagdera","Benane",2015,0
"Garissa","Lagdera","Benane",2016,0
"Garissa","Lagdera","Benane",2017,0
"Garissa","Lagdera","Benane",2018,0
"Garissa","Lagdera","Benane",2019,0
"Garissa","Lagdera","Benane",2020,0
"Garissa","Lagdera","Benane",2021,0
"Garissa","Lagdera","Benane",2022,0
"Garissa","Lagdera","Benane",2023,0
"Garissa","Lagdera","Benane",2024,0
"Garissa","Lagdera","Goreale",2012,0
"Garissa","Lagdera","Goreale",2013,0
"Garissa","Lagdera","Goreale",2014,0
"Garissa","Lagdera","Goreale",2015,0
"Garissa","Lagdera","Goreale",2016,0
"Garissa","Lagdera","Goreale",2017,0
"Garissa","Lagdera","Goreale",2018,0
"Garissa","Lagdera","Goreale",2019,0
"Garissa","Lagdera","Goreale",2020,0
"Garissa","Lagdera","Goreale",2021,0
"Garissa","Lagdera","Goreale",2022,0
"Garissa","Lagdera","Goreale",2023,0
"Garissa","Lagdera","Goreale",2024,0
"Garissa","Lagdera","Maalimin",2012,0
"Garissa","Lagdera","Maalimin",2013,0
"Garissa","Lagdera","Maalimin",2014,0
"Garissa","Lagdera","Maalimin",2015,0.271715879440308
"Garissa","Lagdera","Maalimin",2016,0
"Garissa","Lagdera","Maalimin",2017,0
"Garissa","Lagdera","Maalimin",2018,0
"Garissa","Lagdera","Maalimin",2019,0
"Garissa","Lagdera","Maalimin",2020,0
"Garissa","Lagdera","Maalimin",2021,0
"Garissa","Lagdera","Maalimin",2022,0.271356761455536
"Garissa","Lagdera","Maalimin",2023,1.46949052810669
"Garissa","Lagdera","Maalimin",2024,1.3931622505188
"Garissa","Lagdera","Modogashe",2012,0
"Garissa","Lagdera","Modogashe",2013,0
"Garissa","Lagdera","Modogashe",2014,0
"Garissa","Lagdera","Modogashe",2015,0.0136668663471937
"Garissa","Lagdera","Modogashe",2016,0
"Garissa","Lagdera","Modogashe",2017,0
"Garissa","Lagdera","Modogashe",2018,0
"Garissa","Lagdera","Modogashe",2019,0
"Garissa","Lagdera","Modogashe",2020,0
"Garissa","Lagdera","Modogashe",2021,0
"Garissa","Lagdera","Modogashe",2022,0.0136488033458591
"Garissa","Lagdera","Modogashe",2023,0.714602112770081
"Garissa","Lagdera","Modogashe",2024,0.626299381256104
"Garissa","Lagdera","Sabena",2012,2.8111355304718
"Garissa","Lagdera","Sabena",2013,0
"Garissa","Lagdera","Sabena",2014,0
"Garissa","Lagdera","Sabena",2015,0
"Garissa","Lagdera","Sabena",2016,0
"Garissa","Lagdera","Sabena",2017,0
"Garissa","Lagdera","Sabena",2018,0
"Garissa","Lagdera","Sabena",2019,0
"Garissa","Lagdera","Sabena",2020,0
"Garissa","Lagdera","Sabena",2021,0
"Garissa","Lagdera","Sabena",2022,0
"Garissa","Lagdera","Sabena",2023,0
"Garissa","Lagdera","Sabena",2024,0
"Homa Bay","Homa Bay Town","Homa Bay Arujo",2012,17.3809547424316
"Homa Bay","Homa Bay Town","Homa Bay Arujo",2013,24.9527606964111
"Homa Bay","Homa Bay Town","Homa Bay Arujo",2014,25.1199207305908
"Homa Bay","Homa Bay Town","Homa Bay Arujo",2015,23.4688014984131
"Homa Bay","Homa Bay Town","Homa Bay Arujo",2016,35.5367469787598
"Homa Bay","Homa Bay Town","Homa Bay Arujo",2017,58.5243644714355
"Homa Bay","Homa Bay Town","Homa Bay Arujo",2018,69.2079925537109
"Homa Bay","Homa Bay Town","Homa Bay Arujo",2019,72.3529281616211
"Homa Bay","Homa Bay Town","Homa Bay Arujo",2020,47.2333221435547
"Homa Bay","Homa Bay Town","Homa Bay Arujo",2021,59.1885528564453
"Homa Bay","Homa Bay Town","Homa Bay Arujo",2022,72.0712509155273
"Homa Bay","Homa Bay Town","Homa Bay Arujo",2023,103.680328369141
"Homa Bay","Homa Bay Town","Homa Bay Arujo",2024,98.1380462646484
"Homa Bay","Homa Bay Town","Homa Bay Central",2012,30.5759315490723
"Homa Bay","Homa Bay Town","Homa Bay Central",2013,37.6089286804199
"Homa Bay","Homa Bay Town","Homa Bay Central",2014,36.8574142456055
"Homa Bay","Homa Bay Town","Homa Bay Central",2015,41.6238708496094
"Homa Bay","Homa Bay Town","Homa Bay Central",2016,46.3121604919434
"Homa Bay","Homa Bay Town","Homa Bay Central",2017,82.0256729125977
"Homa Bay","Homa Bay Town","Homa Bay Central",2018,98.8616638183594
"Homa Bay","Homa Bay Town","Homa Bay Central",2019,88.9390182495117
"Homa Bay","Homa Bay Town","Homa Bay Central",2020,58.3483619689941
"Homa Bay","Homa Bay Town","Homa Bay Central",2021,93.4169082641602
"Homa Bay","Homa Bay Town","Homa Bay Central",2022,129.690994262695
"Homa Bay","Homa Bay Town","Homa Bay Central",2023,216.003524780273
"Homa Bay","Homa Bay Town","Homa Bay Central",2024,173.643539428711
"Homa Bay","Homa Bay Town","Homa Bay East",2012,0
"Homa Bay","Homa Bay Town","Homa Bay East",2013,0.164834558963776
"Homa Bay","Homa Bay Town","Homa Bay East",2014,0.752726852893829
"Homa Bay","Homa Bay Town","Homa Bay East",2015,1.11017119884491
"Homa Bay","Homa Bay Town","Homa Bay East",2016,0.783853709697723
"Homa Bay","Homa Bay Town","Homa Bay East",2017,1.59220778942108
"Homa Bay","Homa Bay Town","Homa Bay East",2018,4.70097255706787
"Homa Bay","Homa Bay Town","Homa Bay East",2019,4.76902484893799
"Homa Bay","Homa Bay Town","Homa Bay East",2020,2.82479310035706
"Homa Bay","Homa Bay Town","Homa Bay East",2021,29.5931911468506
"Homa Bay","Homa Bay Town","Homa Bay East",2022,63.6972732543945
"Homa Bay","Homa Bay Town","Homa Bay East",2023,115.011138916016
"Homa Bay","Homa Bay Town","Homa Bay East",2024,117.818313598633
"Homa Bay","Homa Bay Town","Homa Bay West",2012,0
"Homa Bay","Homa Bay Town","Homa Bay West",2013,0
"Homa Bay","Homa Bay Town","Homa Bay West",2014,0
"Homa Bay","Homa Bay Town","Homa Bay West",2015,0
"Homa Bay","Homa Bay Town","Homa Bay West",2016,0
"Homa Bay","Homa Bay Town","Homa Bay West",2017,0
"Homa Bay","Homa Bay Town","Homa Bay West",2018,0.736646771430969
"Homa Bay","Homa Bay Town","Homa Bay West",2019,0.635810017585754
"Homa Bay","Homa Bay Town","Homa Bay West",2020,0.874208033084869
"Homa Bay","Homa Bay Town","Homa Bay West",2021,1.57640862464905
"Homa Bay","Homa Bay Town","Homa Bay West",2022,5.91398286819458
"Homa Bay","Homa Bay Town","Homa Bay West",2023,22.8493785858154
"Homa Bay","Homa Bay Town","Homa Bay West",2024,23.0277061462402
"Homa Bay","Kabondo Kasipul","Kabondo East",2012,3.43371343612671
"Homa Bay","Kabondo Kasipul","Kabondo East",2013,3.34882187843323
"Homa Bay","Kabondo Kasipul","Kabondo East",2014,4.41159820556641
"Homa Bay","Kabondo Kasipul","Kabondo East",2015,5.73046159744263
"Homa Bay","Kabondo Kasipul","Kabondo East",2016,5.34660768508911
"Homa Bay","Kabondo Kasipul","Kabondo East",2017,13.9373235702515
"Homa Bay","Kabondo Kasipul","Kabondo East",2018,33.4014739990234
"Homa Bay","Kabondo Kasipul","Kabondo East",2019,33.4847946166992
"Homa Bay","Kabondo Kasipul","Kabondo East",2020,24.7716674804688
"Homa Bay","Kabondo Kasipul","Kabondo East",2021,28.6440563201904
"Homa Bay","Kabondo Kasipul","Kabondo East",2022,44.7578506469727
"Homa Bay","Kabondo Kasipul","Kabondo East",2023,70.752555847168
"Homa Bay","Kabondo Kasipul","Kabondo East",2024,70.9792633056641
"Homa Bay","Kabondo Kasipul","Kabondo West",2012,0
"Homa Bay","Kabondo Kasipul","Kabondo West",2013,0
"Homa Bay","Kabondo Kasipul","Kabondo West",2014,0
"Homa Bay","Kabondo Kasipul","Kabondo West",2015,4.47156620025635
"Homa Bay","Kabondo Kasipul","Kabondo West",2016,6.69666433334351
"Homa Bay","Kabondo Kasipul","Kabondo West",2017,1.75392389297485
"Homa Bay","Kabondo Kasipul","Kabondo West",2018,0.606515407562256
"Homa Bay","Kabondo Kasipul","Kabondo West",2019,4.23167705535889
"Homa Bay","Kabondo Kasipul","Kabondo West",2020,2.38611268997192
"Homa Bay","Kabondo Kasipul","Kabondo West",2021,15.0375347137451
"Homa Bay","Kabondo Kasipul","Kabondo West",2022,25.4854564666748
"Homa Bay","Kabondo Kasipul","Kabondo West",2023,48.5380020141602
"Homa Bay","Kabondo Kasipul","Kabondo West",2024,46.8554382324219
"Homa Bay","Kabondo Kasipul","Kojwach",2012,0.0216803196817636
"Homa Bay","Kabondo Kasipul","Kojwach",2013,0
"Homa Bay","Kabondo Kasipul","Kojwach",2014,0
"Homa Bay","Kabondo Kasipul","Kojwach",2015,4.10391998291016
"Homa Bay","Kabondo Kasipul","Kojwach",2016,4.11159801483154
"Homa Bay","Kabondo Kasipul","Kojwach",2017,2.28883242607117
"Homa Bay","Kabondo Kasipul","Kojwach",2018,3.36433839797974
"Homa Bay","Kabondo Kasipul","Kojwach",2019,3.4715723991394
"Homa Bay","Kabondo Kasipul","Kojwach",2020,2.49867010116577
"Homa Bay","Kabondo Kasipul","Kojwach",2021,6.53702259063721
"Homa Bay","Kabondo Kasipul","Kojwach",2022,21.7973365783691
"Homa Bay","Kabondo Kasipul","Kojwach",2023,70.4309921264648
"Homa Bay","Kabondo Kasipul","Kojwach",2024,83.4988098144531
"Homa Bay","Kabondo Kasipul","Kokwanyo/Kakelo",2012,2.30584335327148
"Homa Bay","Kabondo Kasipul","Kokwanyo/Kakelo",2013,0
"Homa Bay","Kabondo Kasipul","Kokwanyo/Kakelo",2014,0
"Homa Bay","Kabondo Kasipul","Kokwanyo/Kakelo",2015,0
"Homa Bay","Kabondo Kasipul","Kokwanyo/Kakelo",2016,0.48027291893959
"Homa Bay","Kabondo Kasipul","Kokwanyo/Kakelo",2017,0.279877692461014
"Homa Bay","Kabondo Kasipul","Kokwanyo/Kakelo",2018,1.48265480995178
"Homa Bay","Kabondo Kasipul","Kokwanyo/Kakelo",2019,6.55132818222046
"Homa Bay","Kabondo Kasipul","Kokwanyo/Kakelo",2020,0.918212473392487
"Homa Bay","Kabondo Kasipul","Kokwanyo/Kakelo",2021,10.6127405166626
"Homa Bay","Kabondo Kasipul","Kokwanyo/Kakelo",2022,25.0156593322754
"Homa Bay","Kabondo Kasipul","Kokwanyo/Kakelo",2023,58.4487915039062
"Homa Bay","Kabondo Kasipul","Kokwanyo/Kakelo",2024,49.0820236206055
"Homa Bay","Karachuonyo","Central",2012,1.6567234992981
"Homa Bay","Karachuonyo","Central",2013,0.537055492401123
"Homa Bay","Karachuonyo","Central",2014,0
"Homa Bay","Karachuonyo","Central",2015,0
"Homa Bay","Karachuonyo","Central",2016,0
"Homa Bay","Karachuonyo","Central",2017,0.553540885448456
"Homa Bay","Karachuonyo","Central",2018,1.28086590766907
"Homa Bay","Karachuonyo","Central",2019,1.39030802249908
"Homa Bay","Karachuonyo","Central",2020,0
"Homa Bay","Karachuonyo","Central",2021,2.41466093063354
"Homa Bay","Karachuonyo","Central",2022,11.7685680389404
"Homa Bay","Karachuonyo","Central",2023,36.4267082214355
"Homa Bay","Karachuonyo","Central",2024,33.195140838623
"Homa Bay","Karachuonyo","Kanyaluo",2012,0.870645225048065
"Homa Bay","Karachuonyo","Kanyaluo",2013,0
"Homa Bay","Karachuonyo","Kanyaluo",2014,0
"Homa Bay","Karachuonyo","Kanyaluo",2015,0
"Homa Bay","Karachuonyo","Kanyaluo",2016,0
"Homa Bay","Karachuonyo","Kanyaluo",2017,0
"Homa Bay","Karachuonyo","Kanyaluo",2018,0
"Homa Bay","Karachuonyo","Kanyaluo",2019,0
"Homa Bay","Karachuonyo","Kanyaluo",2020,0
"Homa Bay","Karachuonyo","Kanyaluo",2021,0
"Homa Bay","Karachuonyo","Kanyaluo",2022,7.72427749633789
"Homa Bay","Karachuonyo","Kanyaluo",2023,31.0243968963623
"Homa Bay","Karachuonyo","Kanyaluo",2024,35.8495254516602
"Homa Bay","Karachuonyo","Kendu Bay Town",2012,0.155042991042137
"Homa Bay","Karachuonyo","Kendu Bay Town",2013,0.129868075251579
"Homa Bay","Karachuonyo","Kendu Bay Town",2014,1.19795596599579
"Homa Bay","Karachuonyo","Kendu Bay Town",2015,2.11943769454956
"Homa Bay","Karachuonyo","Kendu Bay Town",2016,1.33579480648041
"Homa Bay","Karachuonyo","Kendu Bay Town",2017,1.50123739242554
"Homa Bay","Karachuonyo","Kendu Bay Town",2018,3.16068887710571
"Homa Bay","Karachuonyo","Kendu Bay Town",2019,14.7275896072388
"Homa Bay","Karachuonyo","Kendu Bay Town",2020,14.5414361953735
"Homa Bay","Karachuonyo","Kendu Bay Town",2021,18.2156581878662
"Homa Bay","Karachuonyo","Kendu Bay Town",2022,21.5131187438965
"Homa Bay","Karachuonyo","Kendu Bay Town",2023,39.0758056640625
"Homa Bay","Karachuonyo","Kendu Bay Town",2024,40.5001907348633
"Homa Bay","Karachuonyo","Kibiri",2012,3.77454209327698
"Homa Bay","Karachuonyo","Kibiri",2013,1.4399961233139
"Homa Bay","Karachuonyo","Kibiri",2014,2.49958920478821
"Homa Bay","Karachuonyo","Kibiri",2015,3.22036266326904
"Homa Bay","Karachuonyo","Kibiri",2016,0.532320261001587
"Homa Bay","Karachuonyo","Kibiri",2017,0
"Homa Bay","Karachuonyo","Kibiri",2018,2.48550415039062
"Homa Bay","Karachuonyo","Kibiri",2019,2.08488941192627
"Homa Bay","Karachuonyo","Kibiri",2020,1.58076012134552
"Homa Bay","Karachuonyo","Kibiri",2021,0.516192615032196
"Homa Bay","Karachuonyo","Kibiri",2022,2.66512656211853
"Homa Bay","Karachuonyo","Kibiri",2023,22.9758834838867
"Homa Bay","Karachuonyo","Kibiri",2024,21.9356269836426
"Homa Bay","Karachuonyo","North Karachuonyo",2012,13.6740713119507
"Homa Bay","Karachuonyo","North Karachuonyo",2013,6.18702602386475
"Homa Bay","Karachuonyo","North Karachuonyo",2014,5.70574617385864
"Homa Bay","Karachuonyo","North Karachuonyo",2015,6.09292078018188
"Homa Bay","Karachuonyo","North Karachuonyo",2016,5.37026405334473
"Homa Bay","Karachuonyo","North Karachuonyo",2017,4.60437726974487
"Homa Bay","Karachuonyo","North Karachuonyo",2018,10.976019859314
"Homa Bay","Karachuonyo","North Karachuonyo",2019,27.5117359161377
"Homa Bay","Karachuonyo","North Karachuonyo",2020,33.089168548584
"Homa Bay","Karachuonyo","North Karachuonyo",2021,48.5618553161621
"Homa Bay","Karachuonyo","North Karachuonyo",2022,61.1616287231445
"Homa Bay","Karachuonyo","North Karachuonyo",2023,104.050956726074
"Homa Bay","Karachuonyo","North Karachuonyo",2024,105.681137084961
"Homa Bay","Karachuonyo","Wangchieng",2012,17.2963180541992
"Homa Bay","Karachuonyo","Wangchieng",2013,7.46084499359131
"Homa Bay","Karachuonyo","Wangchieng",2014,4.91517543792725
"Homa Bay","Karachuonyo","Wangchieng",2015,6.01970338821411
"Homa Bay","Karachuonyo","Wangchieng",2016,4.98256206512451
"Homa Bay","Karachuonyo","Wangchieng",2017,3.37411761283875
"Homa Bay","Karachuonyo","Wangchieng",2018,4.99891901016235
"Homa Bay","Karachuonyo","Wangchieng",2019,6.37391662597656
"Homa Bay","Karachuonyo","Wangchieng",2020,3.07249069213867
"Homa Bay","Karachuonyo","Wangchieng",2021,3.23885178565979
"Homa Bay","Karachuonyo","Wangchieng",2022,7.74072265625
"Homa Bay","Karachuonyo","Wangchieng",2023,42.0348052978516
"Homa Bay","Karachuonyo","Wangchieng",2024,35.3253555297852
"Homa Bay","Karachuonyo","West Karachuonyo",2012,0
"Homa Bay","Karachuonyo","West Karachuonyo",2013,0
"Homa Bay","Karachuonyo","West Karachuonyo",2014,0
"Homa Bay","Karachuonyo","West Karachuonyo",2015,0
"Homa Bay","Karachuonyo","West Karachuonyo",2016,0
"Homa Bay","Karachuonyo","West Karachuonyo",2017,0
"Homa Bay","Karachuonyo","West Karachuonyo",2018,0
"Homa Bay","Karachuonyo","West Karachuonyo",2019,0
"Homa Bay","Karachuonyo","West Karachuonyo",2020,0
"Homa Bay","Karachuonyo","West Karachuonyo",2021,0
"Homa Bay","Karachuonyo","West Karachuonyo",2022,0
"Homa Bay","Karachuonyo","West Karachuonyo",2023,0
"Homa Bay","Karachuonyo","West Karachuonyo",2024,0
"Homa Bay","Kasipul","Central Kasipul",2012,0
"Homa Bay","Kasipul","Central Kasipul",2013,0
"Homa Bay","Kasipul","Central Kasipul",2014,0
"Homa Bay","Kasipul","Central Kasipul",2015,0
"Homa Bay","Kasipul","Central Kasipul",2016,0
"Homa Bay","Kasipul","Central Kasipul",2017,0
"Homa Bay","Kasipul","Central Kasipul",2018,0
"Homa Bay","Kasipul","Central Kasipul",2019,0
"Homa Bay","Kasipul","Central Kasipul",2020,0
"Homa Bay","Kasipul","Central Kasipul",2021,0.245965257287025
"Homa Bay","Kasipul","Central Kasipul",2022,3.156170129776
"Homa Bay","Kasipul","Central Kasipul",2023,15.7978010177612
"Homa Bay","Kasipul","Central Kasipul",2024,16.4537601470947
"Homa Bay","Kasipul","East Kamagak",2012,0
"Homa Bay","Kasipul","East Kamagak",2013,0
"Homa Bay","Kasipul","East Kamagak",2014,0
"Homa Bay","Kasipul","East Kamagak",2015,0.519483149051666
"Homa Bay","Kasipul","East Kamagak",2016,0
"Homa Bay","Kasipul","East Kamagak",2017,0
"Homa Bay","Kasipul","East Kamagak",2018,0
"Homa Bay","Kasipul","East Kamagak",2019,0
"Homa Bay","Kasipul","East Kamagak",2020,0.50024151802063
"Homa Bay","Kasipul","East Kamagak",2021,1.73624920845032
"Homa Bay","Kasipul","East Kamagak",2022,11.7198581695557
"Homa Bay","Kasipul","East Kamagak",2023,34.8303604125977
"Homa Bay","Kasipul","East Kamagak",2024,41.1659240722656
"Homa Bay","Kasipul","South Kasipul",2012,10.5820722579956
"Homa Bay","Kasipul","South Kasipul",2013,10.7191648483276
"Homa Bay","Kasipul","South Kasipul",2014,12.1425971984863
"Homa Bay","Kasipul","South Kasipul",2015,12.7694911956787
"Homa Bay","Kasipul","South Kasipul",2016,20.4234657287598
"Homa Bay","Kasipul","South Kasipul",2017,25.863374710083
"Homa Bay","Kasipul","South Kasipul",2018,35.1317901611328
"Homa Bay","Kasipul","South Kasipul",2019,35.6189193725586
"Homa Bay","Kasipul","South Kasipul",2020,40.7049407958984
"Homa Bay","Kasipul","South Kasipul",2021,62.7468605041504
"Homa Bay","Kasipul","South Kasipul",2022,116.44157409668
"Homa Bay","Kasipul","South Kasipul",2023,135.873870849609
"Homa Bay","Kasipul","South Kasipul",2024,176.992935180664
"Homa Bay","Kasipul","West Kamagak",2012,6.25772523880005
"Homa Bay","Kasipul","West Kamagak",2013,5.5982141494751
"Homa Bay","Kasipul","West Kamagak",2014,5.26118326187134
"Homa Bay","Kasipul","West Kamagak",2015,6.18752336502075
"Homa Bay","Kasipul","West Kamagak",2016,10.3657293319702
"Homa Bay","Kasipul","West Kamagak",2017,9.87550735473633
"Homa Bay","Kasipul","West Kamagak",2018,15.9241619110107
"Homa Bay","Kasipul","West Kamagak",2019,12.2402400970459
"Homa Bay","Kasipul","West Kamagak",2020,19.7698059082031
"Homa Bay","Kasipul","West Kamagak",2021,31.2349243164062
"Homa Bay","Kasipul","West Kamagak",2022,63.1827697753906
"Homa Bay","Kasipul","West Kamagak",2023,77.2912902832031
"Homa Bay","Kasipul","West Kamagak",2024,91.3802185058594
"Homa Bay","Kasipul","West Kasipul",2012,0
"Homa Bay","Kasipul","West Kasipul",2013,0
"Homa Bay","Kasipul","West Kasipul",2014,0
"Homa Bay","Kasipul","West Kasipul",2015,0
"Homa Bay","Kasipul","West Kasipul",2016,0
"Homa Bay","Kasipul","West Kasipul",2017,0
"Homa Bay","Kasipul","West Kasipul",2018,0.524841487407684
"Homa Bay","Kasipul","West Kasipul",2019,0.104501470923424
"Homa Bay","Kasipul","West Kasipul",2020,0.33197894692421
"Homa Bay","Kasipul","West Kasipul",2021,0.201623424887657
"Homa Bay","Kasipul","West Kasipul",2022,13.6992273330688
"Homa Bay","Kasipul","West Kasipul",2023,15.1622686386108
"Homa Bay","Kasipul","West Kasipul",2024,45.6823234558105
"Homa Bay","Mbita","Gembe",2012,0
"Homa Bay","Mbita","Gembe",2013,0
"Homa Bay","Mbita","Gembe",2014,0
"Homa Bay","Mbita","Gembe",2015,0
"Homa Bay","Mbita","Gembe",2016,0
"Homa Bay","Mbita","Gembe",2017,0
"Homa Bay","Mbita","Gembe",2018,0
"Homa Bay","Mbita","Gembe",2019,0
"Homa Bay","Mbita","Gembe",2020,0.501992046833038
"Homa Bay","Mbita","Gembe",2021,0
"Homa Bay","Mbita","Gembe",2022,2.41525435447693
"Homa Bay","Mbita","Gembe",2023,2.50135064125061
"Homa Bay","Mbita","Gembe",2024,5.00507307052612
"Homa Bay","Mbita","Kasgunga",2012,10.0338354110718
"Homa Bay","Mbita","Kasgunga",2013,8.17544651031494
"Homa Bay","Mbita","Kasgunga",2014,8.96793842315674
"Homa Bay","Mbita","Kasgunga",2015,6.67729759216309
"Homa Bay","Mbita","Kasgunga",2016,5.79209804534912
"Homa Bay","Mbita","Kasgunga",2017,8.53483963012695
"Homa Bay","Mbita","Kasgunga",2018,13.6653022766113
"Homa Bay","Mbita","Kasgunga",2019,37.2630767822266
"Homa Bay","Mbita","Kasgunga",2020,26.3159523010254
"Homa Bay","Mbita","Kasgunga",2021,37.7819175720215
"Homa Bay","Mbita","Kasgunga",2022,40.7337799072266
"Homa Bay","Mbita","Kasgunga",2023,78.4935150146484
"Homa Bay","Mbita","Kasgunga",2024,64.8157730102539
"Homa Bay","Mbita","Lambwe",2012,0
"Homa Bay","Mbita","Lambwe",2013,0
"Homa Bay","Mbita","Lambwe",2014,0
"Homa Bay","Mbita","Lambwe",2015,0
"Homa Bay","Mbita","Lambwe",2016,0
"Homa Bay","Mbita","Lambwe",2017,0
"Homa Bay","Mbita","Lambwe",2018,0
"Homa Bay","Mbita","Lambwe",2019,0
"Homa Bay","Mbita","Lambwe",2020,0
"Homa Bay","Mbita","Lambwe",2021,0
"Homa Bay","Mbita","Lambwe",2022,0.544227957725525
"Homa Bay","Mbita","Lambwe",2023,3.11184740066528
"Homa Bay","Mbita","Lambwe",2024,0.504026055335999
"Homa Bay","Mbita","Mfangano Island",2012,0
"Homa Bay","Mbita","Mfangano Island",2013,0
"Homa Bay","Mbita","Mfangano Island",2014,0
"Homa Bay","Mbita","Mfangano Island",2015,0
"Homa Bay","Mbita","Mfangano Island",2016,0
"Homa Bay","Mbita","Mfangano Island",2017,0
"Homa Bay","Mbita","Mfangano Island",2018,0.730583965778351
"Homa Bay","Mbita","Mfangano Island",2019,0.538687944412231
"Homa Bay","Mbita","Mfangano Island",2020,0
"Homa Bay","Mbita","Mfangano Island",2021,4.98790836334229
"Homa Bay","Mbita","Mfangano Island",2022,3.532634973526
"Homa Bay","Mbita","Mfangano Island",2023,17.3742485046387
"Homa Bay","Mbita","Mfangano Island",2024,9.33220767974854
"Homa Bay","Mbita","Rusinga Island",2012,0
"Homa Bay","Mbita","Rusinga Island",2013,0
"Homa Bay","Mbita","Rusinga Island",2014,0
"Homa Bay","Mbita","Rusinga Island",2015,0.218256965279579
"Homa Bay","Mbita","Rusinga Island",2016,0.196407720446587
"Homa Bay","Mbita","Rusinga Island",2017,0
"Homa Bay","Mbita","Rusinga Island",2018,0.204437062144279
"Homa Bay","Mbita","Rusinga Island",2019,0.250403374433517
"Homa Bay","Mbita","Rusinga Island",2020,0.242443025112152
"Homa Bay","Mbita","Rusinga Island",2021,2.48784899711609
"Homa Bay","Mbita","Rusinga Island",2022,11.8341093063354
"Homa Bay","Mbita","Rusinga Island",2023,23.5981731414795
"Homa Bay","Mbita","Rusinga Island",2024,19.68190574646
"Homa Bay","Ndhiwa","Kabuoch North",2012,0
"Homa Bay","Ndhiwa","Kabuoch North",2013,0.64005571603775
"Homa Bay","Ndhiwa","Kabuoch North",2014,0
"Homa Bay","Ndhiwa","Kabuoch North",2015,0.517394840717316
"Homa Bay","Ndhiwa","Kabuoch North",2016,0.521878361701965
"Homa Bay","Ndhiwa","Kabuoch North",2017,0
"Homa Bay","Ndhiwa","Kabuoch North",2018,7.23616361618042
"Homa Bay","Ndhiwa","Kabuoch North",2019,13.8591947555542
"Homa Bay","Ndhiwa","Kabuoch North",2020,9.62902545928955
"Homa Bay","Ndhiwa","Kabuoch North",2021,13.1663341522217
"Homa Bay","Ndhiwa","Kabuoch North",2022,10.6592569351196
"Homa Bay","Ndhiwa","Kabuoch North",2023,14.3287744522095
"Homa Bay","Ndhiwa","Kabuoch North",2024,27.6394653320312
"Homa Bay","Ndhiwa","Kabuoch South/Pala",2012,0
"Homa Bay","Ndhiwa","Kabuoch South/Pala",2013,0
"Homa Bay","Ndhiwa","Kabuoch South/Pala",2014,0
"Homa Bay","Ndhiwa","Kabuoch South/Pala",2015,0.000711489352397621
"Homa Bay","Ndhiwa","Kabuoch South/Pala",2016,0
"Homa Bay","Ndhiwa","Kabuoch South/Pala",2017,0
"Homa Bay","Ndhiwa","Kabuoch South/Pala",2018,0
"Homa Bay","Ndhiwa","Kabuoch South/Pala",2019,1.84927690029144
"Homa Bay","Ndhiwa","Kabuoch South/Pala",2020,0
"Homa Bay","Ndhiwa","Kabuoch South/Pala",2021,1.36416149139404
"Homa Bay","Ndhiwa","Kabuoch South/Pala",2022,6.08746814727783
"Homa Bay","Ndhiwa","Kabuoch South/Pala",2023,7.77732276916504
"Homa Bay","Ndhiwa","Kabuoch South/Pala",2024,5.92495822906494
"Homa Bay","Ndhiwa","Kanyadoto",2012,0
"Homa Bay","Ndhiwa","Kanyadoto",2013,0
"Homa Bay","Ndhiwa","Kanyadoto",2014,0
"Homa Bay","Ndhiwa","Kanyadoto",2015,0.510426223278046
"Homa Bay","Ndhiwa","Kanyadoto",2016,0
"Homa Bay","Ndhiwa","Kanyadoto",2017,0
"Homa Bay","Ndhiwa","Kanyadoto",2018,0
"Homa Bay","Ndhiwa","Kanyadoto",2019,0.196827843785286
"Homa Bay","Ndhiwa","Kanyadoto",2020,0.179834991693497
"Homa Bay","Ndhiwa","Kanyadoto",2021,0.356587916612625
"Homa Bay","Ndhiwa","Kanyadoto",2022,1.39542865753174
"Homa Bay","Ndhiwa","Kanyadoto",2023,12.2433414459229
"Homa Bay","Ndhiwa","Kanyadoto",2024,5.08346509933472
"Homa Bay","Ndhiwa","Kanyamwa Kologi",2012,0
"Homa Bay","Ndhiwa","Kanyamwa Kologi",2013,0
"Homa Bay","Ndhiwa","Kanyamwa Kologi",2014,0
"Homa Bay","Ndhiwa","Kanyamwa Kologi",2015,0
"Homa Bay","Ndhiwa","Kanyamwa Kologi",2016,0
"Homa Bay","Ndhiwa","Kanyamwa Kologi",2017,0
"Homa Bay","Ndhiwa","Kanyamwa Kologi",2018,0
"Homa Bay","Ndhiwa","Kanyamwa Kologi",2019,0
"Homa Bay","Ndhiwa","Kanyamwa Kologi",2020,0
"Homa Bay","Ndhiwa","Kanyamwa Kologi",2021,0
"Homa Bay","Ndhiwa","Kanyamwa Kologi",2022,0
"Homa Bay","Ndhiwa","Kanyamwa Kologi",2023,3.63794875144958
"Homa Bay","Ndhiwa","Kanyamwa Kologi",2024,3.9580135345459
"Homa Bay","Ndhiwa","Kanyamwa Kosewe",2012,3.09215450286865
"Homa Bay","Ndhiwa","Kanyamwa Kosewe",2013,1.674067735672
"Homa Bay","Ndhiwa","Kanyamwa Kosewe",2014,1.14962291717529
"Homa Bay","Ndhiwa","Kanyamwa Kosewe",2015,1.53499555587769
"Homa Bay","Ndhiwa","Kanyamwa Kosewe",2016,2.67055940628052
"Homa Bay","Ndhiwa","Kanyamwa Kosewe",2017,1.30683541297913
"Homa Bay","Ndhiwa","Kanyamwa Kosewe",2018,3.94977807998657
"Homa Bay","Ndhiwa","Kanyamwa Kosewe",2019,10.4361009597778
"Homa Bay","Ndhiwa","Kanyamwa Kosewe",2020,19.6898059844971
"Homa Bay","Ndhiwa","Kanyamwa Kosewe",2021,33.2774887084961
"Homa Bay","Ndhiwa","Kanyamwa Kosewe",2022,32.1694984436035
"Homa Bay","Ndhiwa","Kanyamwa Kosewe",2023,45.5322113037109
"Homa Bay","Ndhiwa","Kanyamwa Kosewe",2024,36.1862030029297
"Homa Bay","Ndhiwa","Kanyikela",2012,18.734260559082
"Homa Bay","Ndhiwa","Kanyikela",2013,24.217227935791
"Homa Bay","Ndhiwa","Kanyikela",2014,26.5330047607422
"Homa Bay","Ndhiwa","Kanyikela",2015,28.49684715271
"Homa Bay","Ndhiwa","Kanyikela",2016,33.5658226013184
"Homa Bay","Ndhiwa","Kanyikela",2017,25.9200248718262
"Homa Bay","Ndhiwa","Kanyikela",2018,22.2593021392822
"Homa Bay","Ndhiwa","Kanyikela",2019,23.936056137085
"Homa Bay","Ndhiwa","Kanyikela",2020,25.5153465270996
"Homa Bay","Ndhiwa","Kanyikela",2021,30.4226455688477
"Homa Bay","Ndhiwa","Kanyikela",2022,32.3309936523438
"Homa Bay","Ndhiwa","Kanyikela",2023,59.0851898193359
"Homa Bay","Ndhiwa","Kanyikela",2024,44.9707069396973
"Homa Bay","Ndhiwa","Kwabwai",2012,0
"Homa Bay","Ndhiwa","Kwabwai",2013,0
"Homa Bay","Ndhiwa","Kwabwai",2014,0
"Homa Bay","Ndhiwa","Kwabwai",2015,0
"Homa Bay","Ndhiwa","Kwabwai",2016,0
"Homa Bay","Ndhiwa","Kwabwai",2017,0
"Homa Bay","Ndhiwa","Kwabwai",2018,0
"Homa Bay","Ndhiwa","Kwabwai",2019,0.755140602588654
"Homa Bay","Ndhiwa","Kwabwai",2020,0
"Homa Bay","Ndhiwa","Kwabwai",2021,0
"Homa Bay","Ndhiwa","Kwabwai",2022,0.525603711605072
"Homa Bay","Ndhiwa","Kwabwai",2023,10.9124698638916
"Homa Bay","Ndhiwa","Kwabwai",2024,5.55469799041748
"Homa Bay","Rangwe","East Gem",2012,1.97155666351318
"Homa Bay","Rangwe","East Gem",2013,3.95386815071106
"Homa Bay","Rangwe","East Gem",2014,5.62190675735474
"Homa Bay","Rangwe","East Gem",2015,4.09768104553223
"Homa Bay","Rangwe","East Gem",2016,1.31082034111023
"Homa Bay","Rangwe","East Gem",2017,1.55202054977417
"Homa Bay","Rangwe","East Gem",2018,4.17959451675415
"Homa Bay","Rangwe","East Gem",2019,10.6971645355225
"Homa Bay","Rangwe","East Gem",2020,22.8929901123047
"Homa Bay","Rangwe","East Gem",2021,19.3101654052734
"Homa Bay","Rangwe","East Gem",2022,21.3957672119141
"Homa Bay","Rangwe","East Gem",2023,47.6685981750488
"Homa Bay","Rangwe","East Gem",2024,52.011043548584
"Homa Bay","Rangwe","Kagan",2012,0
"Homa Bay","Rangwe","Kagan",2013,0
"Homa Bay","Rangwe","Kagan",2014,0
"Homa Bay","Rangwe","Kagan",2015,0
"Homa Bay","Rangwe","Kagan",2016,0
"Homa Bay","Rangwe","Kagan",2017,0
"Homa Bay","Rangwe","Kagan",2018,0
"Homa Bay","Rangwe","Kagan",2019,0
"Homa Bay","Rangwe","Kagan",2020,0
"Homa Bay","Rangwe","Kagan",2021,2.07262802124023
"Homa Bay","Rangwe","Kagan",2022,9.72121047973633
"Homa Bay","Rangwe","Kagan",2023,31.0145969390869
"Homa Bay","Rangwe","Kagan",2024,41.5186309814453
"Homa Bay","Rangwe","Kochia",2012,0
"Homa Bay","Rangwe","Kochia",2013,0
"Homa Bay","Rangwe","Kochia",2014,0
"Homa Bay","Rangwe","Kochia",2015,0
"Homa Bay","Rangwe","Kochia",2016,0
"Homa Bay","Rangwe","Kochia",2017,0
"Homa Bay","Rangwe","Kochia",2018,0
"Homa Bay","Rangwe","Kochia",2019,0
"Homa Bay","Rangwe","Kochia",2020,0
"Homa Bay","Rangwe","Kochia",2021,4.75654029846191
"Homa Bay","Rangwe","Kochia",2022,29.2103748321533
"Homa Bay","Rangwe","Kochia",2023,86.4266052246094
"Homa Bay","Rangwe","Kochia",2024,79.7353210449219
"Homa Bay","Rangwe","West Gem",2012,0
"Homa Bay","Rangwe","West Gem",2013,1.90469598770142
"Homa Bay","Rangwe","West Gem",2014,1.82488512992859
"Homa Bay","Rangwe","West Gem",2015,1.82012522220612
"Homa Bay","Rangwe","West Gem",2016,0
"Homa Bay","Rangwe","West Gem",2017,1.96542119979858
"Homa Bay","Rangwe","West Gem",2018,3.25784921646118
"Homa Bay","Rangwe","West Gem",2019,17.1215305328369
"Homa Bay","Rangwe","West Gem",2020,22.8742713928223
"Homa Bay","Rangwe","West Gem",2021,22.3218288421631
"Homa Bay","Rangwe","West Gem",2022,24.89821434021
"Homa Bay","Rangwe","West Gem",2023,41.7755966186523
"Homa Bay","Rangwe","West Gem",2024,46.8956527709961
"Homa Bay","Suba","Gwassi North",2012,0
"Homa Bay","Suba","Gwassi North",2013,0
"Homa Bay","Suba","Gwassi North",2014,0
"Homa Bay","Suba","Gwassi North",2015,0
"Homa Bay","Suba","Gwassi North",2016,0
"Homa Bay","Suba","Gwassi North",2017,0
"Homa Bay","Suba","Gwassi North",2018,0
"Homa Bay","Suba","Gwassi North",2019,0.50281286239624
"Homa Bay","Suba","Gwassi North",2020,0
"Homa Bay","Suba","Gwassi North",2021,0.560282051563263
"Homa Bay","Suba","Gwassi North",2022,1.81605362892151
"Homa Bay","Suba","Gwassi North",2023,6.13972997665405
"Homa Bay","Suba","Gwassi North",2024,4.85583686828613
"Homa Bay","Suba","Gwassi South",2012,0
"Homa Bay","Suba","Gwassi South",2013,0
"Homa Bay","Suba","Gwassi South",2014,0
"Homa Bay","Suba","Gwassi South",2015,0
"Homa Bay","Suba","Gwassi South",2016,0
"Homa Bay","Suba","Gwassi South",2017,0
"Homa Bay","Suba","Gwassi South",2018,0
"Homa Bay","Suba","Gwassi South",2019,0
"Homa Bay","Suba","Gwassi South",2020,3.54195261001587
"Homa Bay","Suba","Gwassi South",2021,3.91761636734009
"Homa Bay","Suba","Gwassi South",2022,10.0964946746826
"Homa Bay","Suba","Gwassi South",2023,38.5918502807617
"Homa Bay","Suba","Gwassi South",2024,38.5606307983398
"Homa Bay","Suba","Kaksingri West",2012,2.50120258331299
"Homa Bay","Suba","Kaksingri West",2013,3.61048531532288
"Homa Bay","Suba","Kaksingri West",2014,5.20677185058594
"Homa Bay","Suba","Kaksingri West",2015,5.36893701553345
"Homa Bay","Suba","Kaksingri West",2016,3.68622636795044
"Homa Bay","Suba","Kaksingri West",2017,2.50534725189209
"Homa Bay","Suba","Kaksingri West",2018,7.44597101211548
"Homa Bay","Suba","Kaksingri West",2019,6.21407079696655
"Homa Bay","Suba","Kaksingri West",2020,16.9026203155518
"Homa Bay","Suba","Kaksingri West",2021,22.3104190826416
"Homa Bay","Suba","Kaksingri West",2022,22.7362594604492
"Homa Bay","Suba","Kaksingri West",2023,25.7983150482178
"Homa Bay","Suba","Kaksingri West",2024,22.7587223052979
"Homa Bay","Suba","Ruma-Kaksingri",2012,0
"Homa Bay","Suba","Ruma-Kaksingri",2013,0
"Homa Bay","Suba","Ruma-Kaksingri",2014,0
"Homa Bay","Suba","Ruma-Kaksingri",2015,0
"Homa Bay","Suba","Ruma-Kaksingri",2016,0
"Homa Bay","Suba","Ruma-Kaksingri",2017,0
"Homa Bay","Suba","Ruma-Kaksingri",2018,0
"Homa Bay","Suba","Ruma-Kaksingri",2019,0
"Homa Bay","Suba","Ruma-Kaksingri",2020,0.00235755415633321
"Homa Bay","Suba","Ruma-Kaksingri",2021,0
"Homa Bay","Suba","Ruma-Kaksingri",2022,2.41679525375366
"Homa Bay","Suba","Ruma-Kaksingri",2023,3.76253390312195
"Homa Bay","Suba","Ruma-Kaksingri",2024,5.72590255737305
"Homa Bay","unknown 6","unknown 6",2012,0
"Homa Bay","unknown 6","unknown 6",2013,0
"Homa Bay","unknown 6","unknown 6",2014,0
"Homa Bay","unknown 6","unknown 6",2015,0
"Homa Bay","unknown 6","unknown 6",2016,0
"Homa Bay","unknown 6","unknown 6",2017,0
"Homa Bay","unknown 6","unknown 6",2018,0
"Homa Bay","unknown 6","unknown 6",2019,4.55571985244751
"Homa Bay","unknown 6","unknown 6",2020,1.12912952899933
"Homa Bay","unknown 6","unknown 6",2021,0
"Homa Bay","unknown 6","unknown 6",2022,18.5200424194336
"Homa Bay","unknown 6","unknown 6",2023,26.5421199798584
"Homa Bay","unknown 6","unknown 6",2024,19.5935573577881
"Isiolo","Isiolo North","Bulla Pesa",2012,17.079610824585
"Isiolo","Isiolo North","Bulla Pesa",2013,18.4488563537598
"Isiolo","Isiolo North","Bulla Pesa",2014,18.7990436553955
"Isiolo","Isiolo North","Bulla Pesa",2015,21.4519958496094
"Isiolo","Isiolo North","Bulla Pesa",2016,42.8604316711426
"Isiolo","Isiolo North","Bulla Pesa",2017,61.4409790039062
"Isiolo","Isiolo North","Bulla Pesa",2018,60.9048690795898
"Isiolo","Isiolo North","Bulla Pesa",2019,63.897346496582
"Isiolo","Isiolo North","Bulla Pesa",2020,62.0759735107422
"Isiolo","Isiolo North","Bulla Pesa",2021,63.1137313842773
"Isiolo","Isiolo North","Bulla Pesa",2022,77.8151397705078
"Isiolo","Isiolo North","Bulla Pesa",2023,87.9082489013672
"Isiolo","Isiolo North","Bulla Pesa",2024,83.9130249023438
"Isiolo","Isiolo North","Burat",2012,2.85679364204407
"Isiolo","Isiolo North","Burat",2013,2.82271409034729
"Isiolo","Isiolo North","Burat",2014,2.38289928436279
"Isiolo","Isiolo North","Burat",2015,1.33080899715424
"Isiolo","Isiolo North","Burat",2016,2.95340156555176
"Isiolo","Isiolo North","Burat",2017,1.25118291378021
"Isiolo","Isiolo North","Burat",2018,2.72723793983459
"Isiolo","Isiolo North","Burat",2019,2.304114818573
"Isiolo","Isiolo North","Burat",2020,2.25478053092957
"Isiolo","Isiolo North","Burat",2021,3.17703056335449
"Isiolo","Isiolo North","Burat",2022,6.71718215942383
"Isiolo","Isiolo North","Burat",2023,8.69571208953857
"Isiolo","Isiolo North","Burat",2024,6.40862369537354
"Isiolo","Isiolo North","Chari",2012,0
"Isiolo","Isiolo North","Chari",2013,0
"Isiolo","Isiolo North","Chari",2014,0
"Isiolo","Isiolo North","Chari",2015,0
"Isiolo","Isiolo North","Chari",2016,0
"Isiolo","Isiolo North","Chari",2017,0
"Isiolo","Isiolo North","Chari",2018,0
"Isiolo","Isiolo North","Chari",2019,0
"Isiolo","Isiolo North","Chari",2020,0
"Isiolo","Isiolo North","Chari",2021,0
"Isiolo","Isiolo North","Chari",2022,0
"Isiolo","Isiolo North","Chari",2023,0
"Isiolo","Isiolo North","Chari",2024,0
"Isiolo","Isiolo North","Cherab",2012,2.66929483413696
"Isiolo","Isiolo North","Cherab",2013,1.91472995281219
"Isiolo","Isiolo North","Cherab",2014,3.8582239151001
"Isiolo","Isiolo North","Cherab",2015,2.2191047668457
"Isiolo","Isiolo North","Cherab",2016,1.19970977306366
"Isiolo","Isiolo North","Cherab",2017,0.765335917472839
"Isiolo","Isiolo North","Cherab",2018,0.543184638023376
"Isiolo","Isiolo North","Cherab",2019,0.762662768363953
"Isiolo","Isiolo North","Cherab",2020,2.53872442245483
"Isiolo","Isiolo North","Cherab",2021,3.13956904411316
"Isiolo","Isiolo North","Cherab",2022,8.42338466644287
"Isiolo","Isiolo North","Cherab",2023,10.8625717163086
"Isiolo","Isiolo North","Cherab",2024,7.66944408416748
"Isiolo","Isiolo North","Ngare Mara",2012,5.30949640274048
"Isiolo","Isiolo North","Ngare Mara",2013,8.91645336151123
"Isiolo","Isiolo North","Ngare Mara",2014,8.28647804260254
"Isiolo","Isiolo North","Ngare Mara",2015,8.61058616638184
"Isiolo","Isiolo North","Ngare Mara",2016,7.37927389144897
"Isiolo","Isiolo North","Ngare Mara",2017,9.51633930206299
"Isiolo","Isiolo North","Ngare Mara",2018,10.1572217941284
"Isiolo","Isiolo North","Ngare Mara",2019,10.0484495162964
"Isiolo","Isiolo North","Ngare Mara",2020,14.0830726623535
"Isiolo","Isiolo North","Ngare Mara",2021,21.0576705932617
"Isiolo","Isiolo North","Ngare Mara",2022,51.1038055419922
"Isiolo","Isiolo North","Ngare Mara",2023,36.8915100097656
"Isiolo","Isiolo North","Ngare Mara",2024,16.0900421142578
"Isiolo","Isiolo North","Oldo/Nyiro",2012,0
"Isiolo","Isiolo North","Oldo/Nyiro",2013,0
"Isiolo","Isiolo North","Oldo/Nyiro",2014,0
"Isiolo","Isiolo North","Oldo/Nyiro",2015,0
"Isiolo","Isiolo North","Oldo/Nyiro",2016,0
"Isiolo","Isiolo North","Oldo/Nyiro",2017,0
"Isiolo","Isiolo North","Oldo/Nyiro",2018,0
"Isiolo","Isiolo North","Oldo/Nyiro",2019,0
"Isiolo","Isiolo North","Oldo/Nyiro",2020,0.530858993530273
"Isiolo","Isiolo North","Oldo/Nyiro",2021,0
"Isiolo","Isiolo North","Oldo/Nyiro",2022,0.555719614028931
"Isiolo","Isiolo North","Oldo/Nyiro",2023,0.620063066482544
"Isiolo","Isiolo North","Oldo/Nyiro",2024,0
"Isiolo","Isiolo North","Wabera",2012,39.178524017334
"Isiolo","Isiolo North","Wabera",2013,42.4028625488281
"Isiolo","Isiolo North","Wabera",2014,46.8462753295898
"Isiolo","Isiolo North","Wabera",2015,50.6339645385742
"Isiolo","Isiolo North","Wabera",2016,149.747039794922
"Isiolo","Isiolo North","Wabera",2017,199.464126586914
"Isiolo","Isiolo North","Wabera",2018,250.478561401367
"Isiolo","Isiolo North","Wabera",2019,254.205200195312
"Isiolo","Isiolo North","Wabera",2020,219.073455810547
"Isiolo","Isiolo North","Wabera",2021,229.67170715332
"Isiolo","Isiolo North","Wabera",2022,279.516967773438
"Isiolo","Isiolo North","Wabera",2023,326.357269287109
"Isiolo","Isiolo North","Wabera",2024,296.608276367188
"Isiolo","Isiolo South","Garbatulla",2012,0
"Isiolo","Isiolo South","Garbatulla",2013,0
"Isiolo","Isiolo South","Garbatulla",2014,0
"Isiolo","Isiolo South","Garbatulla",2015,0
"Isiolo","Isiolo South","Garbatulla",2016,0
"Isiolo","Isiolo South","Garbatulla",2017,0.721280157566071
"Isiolo","Isiolo South","Garbatulla",2018,0
"Isiolo","Isiolo South","Garbatulla",2019,0.544007182121277
"Isiolo","Isiolo South","Garbatulla",2020,0
"Isiolo","Isiolo South","Garbatulla",2021,1.6623809337616
"Isiolo","Isiolo South","Garbatulla",2022,3.46242308616638
"Isiolo","Isiolo South","Garbatulla",2023,4.47622966766357
"Isiolo","Isiolo South","Garbatulla",2024,5.37631034851074
"Isiolo","Isiolo South","Kinna",2012,0
"Isiolo","Isiolo South","Kinna",2013,0
"Isiolo","Isiolo South","Kinna",2014,0
"Isiolo","Isiolo South","Kinna",2015,0
"Isiolo","Isiolo South","Kinna",2016,0
"Isiolo","Isiolo South","Kinna",2017,0
"Isiolo","Isiolo South","Kinna",2018,0
"Isiolo","Isiolo South","Kinna",2019,0
"Isiolo","Isiolo South","Kinna",2020,0
"Isiolo","Isiolo South","Kinna",2021,0.696911573410034
"Isiolo","Isiolo South","Kinna",2022,3.04628658294678
"Isiolo","Isiolo South","Kinna",2023,2.95368456840515
"Isiolo","Isiolo South","Kinna",2024,5.62963247299194
"Isiolo","Isiolo South","Sericho",2012,0
"Isiolo","Isiolo South","Sericho",2013,0
"Isiolo","Isiolo South","Sericho",2014,0
"Isiolo","Isiolo South","Sericho",2015,0.880121052265167
"Isiolo","Isiolo South","Sericho",2016,0
"Isiolo","Isiolo South","Sericho",2017,0.679680228233337
"Isiolo","Isiolo South","Sericho",2018,0
"Isiolo","Isiolo South","Sericho",2019,0
"Isiolo","Isiolo South","Sericho",2020,0
"Isiolo","Isiolo South","Sericho",2021,0
"Isiolo","Isiolo South","Sericho",2022,0.235226780176163
"Isiolo","Isiolo South","Sericho",2023,0.598213016986847
"Isiolo","Isiolo South","Sericho",2024,0.537613809108734
"Kajiado","Kajiado Central","Dalalekutuk",2012,41.248592376709
"Kajiado","Kajiado Central","Dalalekutuk",2013,36.849193572998
"Kajiado","Kajiado Central","Dalalekutuk",2014,42.5810317993164
"Kajiado","Kajiado Central","Dalalekutuk",2015,60.3651351928711
"Kajiado","Kajiado Central","Dalalekutuk",2016,50.9744033813477
"Kajiado","Kajiado Central","Dalalekutuk",2017,99.2715454101562
"Kajiado","Kajiado Central","Dalalekutuk",2018,77.6003646850586
"Kajiado","Kajiado Central","Dalalekutuk",2019,70.9573669433594
"Kajiado","Kajiado Central","Dalalekutuk",2020,80.3408660888672
"Kajiado","Kajiado Central","Dalalekutuk",2021,93.2995681762695
"Kajiado","Kajiado Central","Dalalekutuk",2022,159.523071289062
"Kajiado","Kajiado Central","Dalalekutuk",2023,227.512985229492
"Kajiado","Kajiado Central","Dalalekutuk",2024,212.595779418945
"Kajiado","Kajiado Central","Ildamat",2012,24.7945766448975
"Kajiado","Kajiado Central","Ildamat",2013,20.1522102355957
"Kajiado","Kajiado Central","Ildamat",2014,22.0848712921143
"Kajiado","Kajiado Central","Ildamat",2015,29.2381439208984
"Kajiado","Kajiado Central","Ildamat",2016,29.158483505249
"Kajiado","Kajiado Central","Ildamat",2017,39.5878715515137
"Kajiado","Kajiado Central","Ildamat",2018,28.7149391174316
"Kajiado","Kajiado Central","Ildamat",2019,36.671688079834
"Kajiado","Kajiado Central","Ildamat",2020,32.5446243286133
"Kajiado","Kajiado Central","Ildamat",2021,29.390661239624
"Kajiado","Kajiado Central","Ildamat",2022,55.914493560791
"Kajiado","Kajiado Central","Ildamat",2023,73.1182861328125
"Kajiado","Kajiado Central","Ildamat",2024,81.7863616943359
"Kajiado","Kajiado Central","Matapato North",2012,7.33375072479248
"Kajiado","Kajiado Central","Matapato North",2013,6.60283184051514
"Kajiado","Kajiado Central","Matapato North",2014,8.48608016967773
"Kajiado","Kajiado Central","Matapato North",2015,7.3687162399292
"Kajiado","Kajiado Central","Matapato North",2016,7.14586067199707
"Kajiado","Kajiado Central","Matapato North",2017,12.4415912628174
"Kajiado","Kajiado Central","Matapato North",2018,21.1434688568115
"Kajiado","Kajiado Central","Matapato North",2019,12.7524671554565
"Kajiado","Kajiado Central","Matapato North",2020,6.54202747344971
"Kajiado","Kajiado Central","Matapato North",2021,8.68685531616211
"Kajiado","Kajiado Central","Matapato North",2022,20.2152328491211
"Kajiado","Kajiado Central","Matapato North",2023,24.1628646850586
"Kajiado","Kajiado Central","Matapato North",2024,18.8954124450684
"Kajiado","Kajiado Central","Matapato South",2012,13.3367805480957
"Kajiado","Kajiado Central","Matapato South",2013,17.8754291534424
"Kajiado","Kajiado Central","Matapato South",2014,22.1819705963135
"Kajiado","Kajiado Central","Matapato South",2015,43.1040916442871
"Kajiado","Kajiado Central","Matapato South",2016,49.2612533569336
"Kajiado","Kajiado Central","Matapato South",2017,103.234321594238
"Kajiado","Kajiado Central","Matapato South",2018,133.972793579102
"Kajiado","Kajiado Central","Matapato South",2019,97.3865432739258
"Kajiado","Kajiado Central","Matapato South",2020,67.3806991577148
"Kajiado","Kajiado Central","Matapato South",2021,79.7184829711914
"Kajiado","Kajiado Central","Matapato South",2022,114.054054260254
"Kajiado","Kajiado Central","Matapato South",2023,121.457580566406
"Kajiado","Kajiado Central","Matapato South",2024,131.348007202148
"Kajiado","Kajiado Central","Purko",2012,0
"Kajiado","Kajiado Central","Purko",2013,0
"Kajiado","Kajiado Central","Purko",2014,0
"Kajiado","Kajiado Central","Purko",2015,0
"Kajiado","Kajiado Central","Purko",2016,0.512934863567352
"Kajiado","Kajiado Central","Purko",2017,0.891593754291534
"Kajiado","Kajiado Central","Purko",2018,2.25358605384827
"Kajiado","Kajiado Central","Purko",2019,1.52920210361481
"Kajiado","Kajiado Central","Purko",2020,2.93200635910034
"Kajiado","Kajiado Central","Purko",2021,3.00230193138123
"Kajiado","Kajiado Central","Purko",2022,7.52760171890259
"Kajiado","Kajiado Central","Purko",2023,15.408670425415
"Kajiado","Kajiado Central","Purko",2024,24.7763595581055
"Kajiado","Kajiado East","Imaroro",2012,0.0665680170059204
"Kajiado","Kajiado East","Imaroro",2013,0.00135730288457125
"Kajiado","Kajiado East","Imaroro",2014,0.00136473856400698
"Kajiado","Kajiado East","Imaroro",2015,11.7208642959595
"Kajiado","Kajiado East","Imaroro",2016,3.17310237884521
"Kajiado","Kajiado East","Imaroro",2017,1.17419266700745
"Kajiado","Kajiado East","Imaroro",2018,3.58249473571777
"Kajiado","Kajiado East","Imaroro",2019,2.15745425224304
"Kajiado","Kajiado East","Imaroro",2020,0
"Kajiado","Kajiado East","Imaroro",2021,0.00132877950090915
"Kajiado","Kajiado East","Imaroro",2022,4.15259170532227
"Kajiado","Kajiado East","Imaroro",2023,7.33992338180542
"Kajiado","Kajiado East","Imaroro",2024,7.6936616897583
"Kajiado","Kajiado East","Kaputiei North",2012,245.352493286133
"Kajiado","Kajiado East","Kaputiei North",2013,291.427917480469
"Kajiado","Kajiado East","Kaputiei North",2014,362.298522949219
"Kajiado","Kajiado East","Kaputiei North",2015,461.587677001953
"Kajiado","Kajiado East","Kaputiei North",2016,463.937438964844
"Kajiado","Kajiado East","Kaputiei North",2017,650.168212890625
"Kajiado","Kajiado East","Kaputiei North",2018,665.998657226562
"Kajiado","Kajiado East","Kaputiei North",2019,780.0009765625
"Kajiado","Kajiado East","Kaputiei North",2020,736.430480957031
"Kajiado","Kajiado East","Kaputiei North",2021,942.292297363281
"Kajiado","Kajiado East","Kaputiei North",2022,1316.05639648438
"Kajiado","Kajiado East","Kaputiei North",2023,1515.65014648438
"Kajiado","Kajiado East","Kaputiei North",2024,1381.46459960938
"Kajiado","Kajiado East","Kenyawa-Poka",2012,11.6532135009766
"Kajiado","Kajiado East","Kenyawa-Poka",2013,12.2050762176514
"Kajiado","Kajiado East","Kenyawa-Poka",2014,13.5414171218872
"Kajiado","Kajiado East","Kenyawa-Poka",2015,53.6408348083496
"Kajiado","Kajiado East","Kenyawa-Poka",2016,53.4461402893066
"Kajiado","Kajiado East","Kenyawa-Poka",2017,36.8458671569824
"Kajiado","Kajiado East","Kenyawa-Poka",2018,68.7932205200195
"Kajiado","Kajiado East","Kenyawa-Poka",2019,55.7383499145508
"Kajiado","Kajiado East","Kenyawa-Poka",2020,35.9216423034668
"Kajiado","Kajiado East","Kenyawa-Poka",2021,44.4908981323242
"Kajiado","Kajiado East","Kenyawa-Poka",2022,61.3730697631836
"Kajiado","Kajiado East","Kenyawa-Poka",2023,64.3822555541992
"Kajiado","Kajiado East","Kenyawa-Poka",2024,52.8010864257812
"Kajiado","Kajiado East","Kitengela",2012,22.5176239013672
"Kajiado","Kajiado East","Kitengela",2013,34.8149147033691
"Kajiado","Kajiado East","Kitengela",2014,120.340492248535
"Kajiado","Kajiado East","Kitengela",2015,121.36336517334
"Kajiado","Kajiado East","Kitengela",2016,68.8321228027344
"Kajiado","Kajiado East","Kitengela",2017,172.083572387695
"Kajiado","Kajiado East","Kitengela",2018,198.385452270508
"Kajiado","Kajiado East","Kitengela",2019,240.453689575195
"Kajiado","Kajiado East","Kitengela",2020,179.899703979492
"Kajiado","Kajiado East","Kitengela",2021,293.140594482422
"Kajiado","Kajiado East","Kitengela",2022,557.06787109375
"Kajiado","Kajiado East","Kitengela",2023,596.770141601562
"Kajiado","Kajiado East","Kitengela",2024,507.712310791016
"Kajiado","Kajiado East","Oloosirkon/Sholinke",2012,90.1770858764648
"Kajiado","Kajiado East","Oloosirkon/Sholinke",2013,122.185554504395
"Kajiado","Kajiado East","Oloosirkon/Sholinke",2014,147.807266235352
"Kajiado","Kajiado East","Oloosirkon/Sholinke",2015,183.916732788086
"Kajiado","Kajiado East","Oloosirkon/Sholinke",2016,160.94026184082
"Kajiado","Kajiado East","Oloosirkon/Sholinke",2017,234.115585327148
"Kajiado","Kajiado East","Oloosirkon/Sholinke",2018,255.365859985352
"Kajiado","Kajiado East","Oloosirkon/Sholinke",2019,289.232757568359
"Kajiado","Kajiado East","Oloosirkon/Sholinke",2020,272.072296142578
"Kajiado","Kajiado East","Oloosirkon/Sholinke",2021,335.439819335938
"Kajiado","Kajiado East","Oloosirkon/Sholinke",2022,525.660583496094
"Kajiado","Kajiado East","Oloosirkon/Sholinke",2023,628.910095214844
"Kajiado","Kajiado East","Oloosirkon/Sholinke",2024,572.814758300781
"Kajiado","Kajiado North","Ngong",2012,68.478759765625
"Kajiado","Kajiado North","Ngong",2013,71.4384155273438
"Kajiado","Kajiado North","Ngong",2014,75.4796447753906
"Kajiado","Kajiado North","Ngong",2015,80.4873733520508
"Kajiado","Kajiado North","Ngong",2016,100.677406311035
"Kajiado","Kajiado North","Ngong",2017,128.267868041992
"Kajiado","Kajiado North","Ngong",2018,179.909378051758
"Kajiado","Kajiado North","Ngong",2019,197.232437133789
"Kajiado","Kajiado North","Ngong",2020,171.583679199219
"Kajiado","Kajiado North","Ngong",2021,173.555404663086
"Kajiado","Kajiado North","Ngong",2022,209.781280517578
"Kajiado","Kajiado North","Ngong",2023,207.954330444336
"Kajiado","Kajiado North","Ngong",2024,188.04475402832
"Kajiado","Kajiado North","Nkaimurunya",2012,89.3116149902344
"Kajiado","Kajiado North","Nkaimurunya",2013,97.4316635131836
"Kajiado","Kajiado North","Nkaimurunya",2014,113.125061035156
"Kajiado","Kajiado North","Nkaimurunya",2015,112.945297241211
"Kajiado","Kajiado North","Nkaimurunya",2016,112.096054077148
"Kajiado","Kajiado North","Nkaimurunya",2017,131.028457641602
"Kajiado","Kajiado North","Nkaimurunya",2018,176.313186645508
"Kajiado","Kajiado North","Nkaimurunya",2019,205.06901550293
"Kajiado","Kajiado North","Nkaimurunya",2020,186.384796142578
"Kajiado","Kajiado North","Nkaimurunya",2021,214.984146118164
"Kajiado","Kajiado North","Nkaimurunya",2022,245.758666992188
"Kajiado","Kajiado North","Nkaimurunya",2023,264.971466064453
"Kajiado","Kajiado North","Nkaimurunya",2024,269.197113037109
"Kajiado","Kajiado North","Olkeri",2012,245.950210571289
"Kajiado","Kajiado North","Olkeri",2013,272.283782958984
"Kajiado","Kajiado North","Olkeri",2014,362.614227294922
"Kajiado","Kajiado North","Olkeri",2015,348.453948974609
"Kajiado","Kajiado North","Olkeri",2016,316.918090820312
"Kajiado","Kajiado North","Olkeri",2017,377.704528808594
"Kajiado","Kajiado North","Olkeri",2018,535.3740234375
"Kajiado","Kajiado North","Olkeri",2019,664.402282714844
"Kajiado","Kajiado North","Olkeri",2020,644.021789550781
"Kajiado","Kajiado North","Olkeri",2021,757.623352050781
"Kajiado","Kajiado North","Olkeri",2022,985.296691894531
"Kajiado","Kajiado North","Olkeri",2023,1070.67797851562
"Kajiado","Kajiado North","Olkeri",2024,958.328125
"Kajiado","Kajiado North","Oloolua",2012,90.6031341552734
"Kajiado","Kajiado North","Oloolua",2013,99.025993347168
"Kajiado","Kajiado North","Oloolua",2014,113.193389892578
"Kajiado","Kajiado North","Oloolua",2015,118.758018493652
"Kajiado","Kajiado North","Oloolua",2016,132.908416748047
"Kajiado","Kajiado North","Oloolua",2017,165.701324462891
"Kajiado","Kajiado North","Oloolua",2018,220.282012939453
"Kajiado","Kajiado North","Oloolua",2019,248.058181762695
"Kajiado","Kajiado North","Oloolua",2020,232.814163208008
"Kajiado","Kajiado North","Oloolua",2021,254.099670410156
"Kajiado","Kajiado North","Oloolua",2022,300.794219970703
"Kajiado","Kajiado North","Oloolua",2023,326.290008544922
"Kajiado","Kajiado North","Oloolua",2024,300.972869873047
"Kajiado","Kajiado North","Ongata Rongai",2012,105.804084777832
"Kajiado","Kajiado North","Ongata Rongai",2013,109.311157226562
"Kajiado","Kajiado North","Ongata Rongai",2014,108.042266845703
"Kajiado","Kajiado North","Ongata Rongai",2015,113.100120544434
"Kajiado","Kajiado North","Ongata Rongai",2016,117.151596069336
"Kajiado","Kajiado North","Ongata Rongai",2017,129.572296142578
"Kajiado","Kajiado North","Ongata Rongai",2018,207.340713500977
"Kajiado","Kajiado North","Ongata Rongai",2019,264.33154296875
"Kajiado","Kajiado North","Ongata Rongai",2020,237.092391967773
"Kajiado","Kajiado North","Ongata Rongai",2021,265.373443603516
"Kajiado","Kajiado North","Ongata Rongai",2022,297.24365234375
"Kajiado","Kajiado North","Ongata Rongai",2023,309.040161132812
"Kajiado","Kajiado North","Ongata Rongai",2024,276.146789550781
"Kajiado","Kajiado South","Entonet/Lenkisim",2012,1.03100776672363
"Kajiado","Kajiado South","Entonet/Lenkisim",2013,0
"Kajiado","Kajiado South","Entonet/Lenkisim",2014,0
"Kajiado","Kajiado South","Entonet/Lenkisim",2015,0
"Kajiado","Kajiado South","Entonet/Lenkisim",2016,0
"Kajiado","Kajiado South","Entonet/Lenkisim",2017,0
"Kajiado","Kajiado South","Entonet/Lenkisim",2018,0.999976992607117
"Kajiado","Kajiado South","Entonet/Lenkisim",2019,5.26219797134399
"Kajiado","Kajiado South","Entonet/Lenkisim",2020,0
"Kajiado","Kajiado South","Entonet/Lenkisim",2021,0
"Kajiado","Kajiado South","Entonet/Lenkisim",2022,1.40500020980835
"Kajiado","Kajiado South","Entonet/Lenkisim",2023,1.44973421096802
"Kajiado","Kajiado South","Entonet/Lenkisim",2024,1.51081562042236
"Kajiado","Kajiado South","Kimana",2012,0.646045923233032
"Kajiado","Kajiado South","Kimana",2013,3.33352112770081
"Kajiado","Kajiado South","Kimana",2014,3.64777278900146
"Kajiado","Kajiado South","Kimana",2015,5.24792909622192
"Kajiado","Kajiado South","Kimana",2016,6.77462530136108
"Kajiado","Kajiado South","Kimana",2017,12.3985824584961
"Kajiado","Kajiado South","Kimana",2018,17.1454639434814
"Kajiado","Kajiado South","Kimana",2019,14.1370420455933
"Kajiado","Kajiado South","Kimana",2020,15.3294801712036
"Kajiado","Kajiado South","Kimana",2021,22.3119659423828
"Kajiado","Kajiado South","Kimana",2022,42.0265045166016
"Kajiado","Kajiado South","Kimana",2023,83.7873306274414
"Kajiado","Kajiado South","Kimana",2024,145.212097167969
"Kajiado","Kajiado South","Kuku",2012,6.0509934425354
"Kajiado","Kajiado South","Kuku",2013,4.74403095245361
"Kajiado","Kajiado South","Kuku",2014,8.16686916351318
"Kajiado","Kajiado South","Kuku",2015,9.58150768280029
"Kajiado","Kajiado South","Kuku",2016,6.75775527954102
"Kajiado","Kajiado South","Kuku",2017,6.09202003479004
"Kajiado","Kajiado South","Kuku",2018,13.0043344497681
"Kajiado","Kajiado South","Kuku",2019,11.483585357666
"Kajiado","Kajiado South","Kuku",2020,16.3261737823486
"Kajiado","Kajiado South","Kuku",2021,19.5279407501221
"Kajiado","Kajiado South","Kuku",2022,41.8755149841309
"Kajiado","Kajiado South","Kuku",2023,51.9262046813965
"Kajiado","Kajiado South","Kuku",2024,57.1984519958496
"Kajiado","Kajiado South","Mbirikani/Eselenkei",2012,0
"Kajiado","Kajiado South","Mbirikani/Eselenkei",2013,0
"Kajiado","Kajiado South","Mbirikani/Eselenkei",2014,0.574686646461487
"Kajiado","Kajiado South","Mbirikani/Eselenkei",2015,20.7041797637939
"Kajiado","Kajiado South","Mbirikani/Eselenkei",2016,33.543758392334
"Kajiado","Kajiado South","Mbirikani/Eselenkei",2017,50.5135879516602
"Kajiado","Kajiado South","Mbirikani/Eselenkei",2018,80.0574645996094
"Kajiado","Kajiado South","Mbirikani/Eselenkei",2019,86.9391479492188
"Kajiado","Kajiado South","Mbirikani/Eselenkei",2020,125.521057128906
"Kajiado","Kajiado South","Mbirikani/Eselenkei",2021,102.623329162598
"Kajiado","Kajiado South","Mbirikani/Eselenkei",2022,108.40934753418
"Kajiado","Kajiado South","Mbirikani/Eselenkei",2023,117.506629943848
"Kajiado","Kajiado South","Mbirikani/Eselenkei",2024,121.34944152832
"Kajiado","Kajiado South","Rombo",2012,0.670064151287079
"Kajiado","Kajiado South","Rombo",2013,0.529392898082733
"Kajiado","Kajiado South","Rombo",2014,3.02528810501099
"Kajiado","Kajiado South","Rombo",2015,4.56779479980469
"Kajiado","Kajiado South","Rombo",2016,5.33166170120239
"Kajiado","Kajiado South","Rombo",2017,5.06257438659668
"Kajiado","Kajiado South","Rombo",2018,5.62495899200439
"Kajiado","Kajiado South","Rombo",2019,5.20135021209717
"Kajiado","Kajiado South","Rombo",2020,6.05711507797241
"Kajiado","Kajiado South","Rombo",2021,9.70655822753906
"Kajiado","Kajiado South","Rombo",2022,19.6780014038086
"Kajiado","Kajiado South","Rombo",2023,42.2227096557617
"Kajiado","Kajiado South","Rombo",2024,45.0176239013672
"Kajiado","Kajiado West","Ewuaso Oonkidong'I",2012,25.4236106872559
"Kajiado","Kajiado West","Ewuaso Oonkidong'I",2013,23.7330589294434
"Kajiado","Kajiado West","Ewuaso Oonkidong'I",2014,33.9551315307617
"Kajiado","Kajiado West","Ewuaso Oonkidong'I",2015,37.2740592956543
"Kajiado","Kajiado West","Ewuaso Oonkidong'I",2016,76.1650161743164
"Kajiado","Kajiado West","Ewuaso Oonkidong'I",2017,125.340782165527
"Kajiado","Kajiado West","Ewuaso Oonkidong'I",2018,156.012069702148
"Kajiado","Kajiado West","Ewuaso Oonkidong'I",2019,157.132431030273
"Kajiado","Kajiado West","Ewuaso Oonkidong'I",2020,234.50505065918
"Kajiado","Kajiado West","Ewuaso Oonkidong'I",2021,386.298675537109
"Kajiado","Kajiado West","Ewuaso Oonkidong'I",2022,518.322326660156
"Kajiado","Kajiado West","Ewuaso Oonkidong'I",2023,531.911987304688
"Kajiado","Kajiado West","Ewuaso Oonkidong'I",2024,496.609680175781
"Kajiado","Kajiado West","Iloodokilani",2012,0
"Kajiado","Kajiado West","Iloodokilani",2013,0
"Kajiado","Kajiado West","Iloodokilani",2014,0
"Kajiado","Kajiado West","Iloodokilani",2015,4.04994201660156
"Kajiado","Kajiado West","Iloodokilani",2016,6.4740571975708
"Kajiado","Kajiado West","Iloodokilani",2017,3.71246480941772
"Kajiado","Kajiado West","Iloodokilani",2018,6.0986704826355
"Kajiado","Kajiado West","Iloodokilani",2019,6.30755424499512
"Kajiado","Kajiado West","Iloodokilani",2020,3.31959223747253
"Kajiado","Kajiado West","Iloodokilani",2021,3.06457901000977
"Kajiado","Kajiado West","Iloodokilani",2022,9.97137546539307
"Kajiado","Kajiado West","Iloodokilani",2023,7.99275827407837
"Kajiado","Kajiado West","Iloodokilani",2024,5.68052196502686
"Kajiado","Kajiado West","Keekonyokie",2012,32.9791870117188
"Kajiado","Kajiado West","Keekonyokie",2013,37.0038948059082
"Kajiado","Kajiado West","Keekonyokie",2014,58.7004852294922
"Kajiado","Kajiado West","Keekonyokie",2015,49.9826469421387
"Kajiado","Kajiado West","Keekonyokie",2016,33.9336929321289
"Kajiado","Kajiado West","Keekonyokie",2017,61.4454307556152
"Kajiado","Kajiado West","Keekonyokie",2018,67.0959854125977
"Kajiado","Kajiado West","Keekonyokie",2019,105.043319702148
"Kajiado","Kajiado West","Keekonyokie",2020,86.9153823852539
"Kajiado","Kajiado West","Keekonyokie",2021,156.545349121094
"Kajiado","Kajiado West","Keekonyokie",2022,334.166015625
"Kajiado","Kajiado West","Keekonyokie",2023,429.760009765625
"Kajiado","Kajiado West","Keekonyokie",2024,325.177673339844
"Kajiado","Kajiado West","Magadi",2012,78.1704559326172
"Kajiado","Kajiado West","Magadi",2013,79.8669509887695
"Kajiado","Kajiado West","Magadi",2014,70.3486938476562
"Kajiado","Kajiado West","Magadi",2015,70.3698348999023
"Kajiado","Kajiado West","Magadi",2016,69.4467544555664
"Kajiado","Kajiado West","Magadi",2017,64.4479064941406
"Kajiado","Kajiado West","Magadi",2018,65.8010025024414
"Kajiado","Kajiado West","Magadi",2019,64.5189666748047
"Kajiado","Kajiado West","Magadi",2020,50.2755584716797
"Kajiado","Kajiado West","Magadi",2021,60.6614265441895
"Kajiado","Kajiado West","Magadi",2022,109.923011779785
"Kajiado","Kajiado West","Magadi",2023,128.268325805664
"Kajiado","Kajiado West","Magadi",2024,143.650650024414
"Kajiado","Kajiado West","Mosiro",2012,0
"Kajiado","Kajiado West","Mosiro",2013,0
"Kajiado","Kajiado West","Mosiro",2014,0
"Kajiado","Kajiado West","Mosiro",2015,0
"Kajiado","Kajiado West","Mosiro",2016,0
"Kajiado","Kajiado West","Mosiro",2017,0
"Kajiado","Kajiado West","Mosiro",2018,0
"Kajiado","Kajiado West","Mosiro",2019,0
"Kajiado","Kajiado West","Mosiro",2020,0
"Kajiado","Kajiado West","Mosiro",2021,0
"Kajiado","Kajiado West","Mosiro",2022,0
"Kajiado","Kajiado West","Mosiro",2023,0
"Kajiado","Kajiado West","Mosiro",2024,0
"Kakamega","Butere","Marama Central",2012,5.94279336929321
"Kakamega","Butere","Marama Central",2013,4.62579298019409
"Kakamega","Butere","Marama Central",2014,2.16366195678711
"Kakamega","Butere","Marama Central",2015,5.95099878311157
"Kakamega","Butere","Marama Central",2016,10.2489309310913
"Kakamega","Butere","Marama Central",2017,7.60918855667114
"Kakamega","Butere","Marama Central",2018,11.0920076370239
"Kakamega","Butere","Marama Central",2019,10.6700525283813
"Kakamega","Butere","Marama Central",2020,12.5794916152954
"Kakamega","Butere","Marama Central",2021,15.52707862854
"Kakamega","Butere","Marama Central",2022,64.1404800415039
"Kakamega","Butere","Marama Central",2023,92.6200714111328
"Kakamega","Butere","Marama Central",2024,57.5999145507812
"Kakamega","Butere","Marama North",2012,0.202140659093857
"Kakamega","Butere","Marama North",2013,0
"Kakamega","Butere","Marama North",2014,0
"Kakamega","Butere","Marama North",2015,0
"Kakamega","Butere","Marama North",2016,0.212024733424187
"Kakamega","Butere","Marama North",2017,0
"Kakamega","Butere","Marama North",2018,0.28500509262085
"Kakamega","Butere","Marama North",2019,0
"Kakamega","Butere","Marama North",2020,0
"Kakamega","Butere","Marama North",2021,0.211548656225204
"Kakamega","Butere","Marama North",2022,22.7129554748535
"Kakamega","Butere","Marama North",2023,40.7979354858398
"Kakamega","Butere","Marama North",2024,21.0996894836426
"Kakamega","Butere","Marama South",2012,0.218607246875763
"Kakamega","Butere","Marama South",2013,0
"Kakamega","Butere","Marama South",2014,0.00698595168069005
"Kakamega","Butere","Marama South",2015,0.220022886991501
"Kakamega","Butere","Marama South",2016,0.446331530809402
"Kakamega","Butere","Marama South",2017,0.341923922300339
"Kakamega","Butere","Marama South",2018,2.2855372428894
"Kakamega","Butere","Marama South",2019,2.3307933807373
"Kakamega","Butere","Marama South",2020,1.77321445941925
"Kakamega","Butere","Marama South",2021,4.25827407836914
"Kakamega","Butere","Marama South",2022,25.847146987915
"Kakamega","Butere","Marama South",2023,34.9176864624023
"Kakamega","Butere","Marama South",2024,18.3189296722412
"Kakamega","Butere","Marama West",2012,0.535425007343292
"Kakamega","Butere","Marama West",2013,1.24358332157135
"Kakamega","Butere","Marama West",2014,1.91876649856567
"Kakamega","Butere","Marama West",2015,1.53603899478912
"Kakamega","Butere","Marama West",2016,6.3695387840271
"Kakamega","Butere","Marama West",2017,6.24222087860107
"Kakamega","Butere","Marama West",2018,9.61450958251953
"Kakamega","Butere","Marama West",2019,7.56593370437622
"Kakamega","Butere","Marama West",2020,6.33762502670288
"Kakamega","Butere","Marama West",2021,9.2831563949585
"Kakamega","Butere","Marama West",2022,64.8805313110352
"Kakamega","Butere","Marama West",2023,85.514030456543
"Kakamega","Butere","Marama West",2024,57.1089973449707
"Kakamega","Butere","Marenyo - Shianda",2012,0.148686170578003
"Kakamega","Butere","Marenyo - Shianda",2013,0
"Kakamega","Butere","Marenyo - Shianda",2014,0.127392932772636
"Kakamega","Butere","Marenyo - Shianda",2015,0.804163694381714
"Kakamega","Butere","Marenyo - Shianda",2016,0.602504909038544
"Kakamega","Butere","Marenyo - Shianda",2017,0.551278710365295
"Kakamega","Butere","Marenyo - Shianda",2018,1.61731708049774
"Kakamega","Butere","Marenyo - Shianda",2019,2.84056663513184
"Kakamega","Butere","Marenyo - Shianda",2020,2.0748770236969
"Kakamega","Butere","Marenyo - Shianda",2021,3.57314944267273
"Kakamega","Butere","Marenyo - Shianda",2022,43.1612663269043
"Kakamega","Butere","Marenyo - Shianda",2023,73.8495559692383
"Kakamega","Butere","Marenyo - Shianda",2024,42.2835006713867
"Kakamega","Ikolomani","Idakho Central",2012,0.784144639968872
"Kakamega","Ikolomani","Idakho Central",2013,0.566299080848694
"Kakamega","Ikolomani","Idakho Central",2014,0.550702273845673
"Kakamega","Ikolomani","Idakho Central",2015,2.07086634635925
"Kakamega","Ikolomani","Idakho Central",2016,1.2029732465744
"Kakamega","Ikolomani","Idakho Central",2017,10.176194190979
"Kakamega","Ikolomani","Idakho Central",2018,21.6362743377686
"Kakamega","Ikolomani","Idakho Central",2019,18.9234580993652
"Kakamega","Ikolomani","Idakho Central",2020,9.06313896179199
"Kakamega","Ikolomani","Idakho Central",2021,20.1683483123779
"Kakamega","Ikolomani","Idakho Central",2022,50.3732528686523
"Kakamega","Ikolomani","Idakho Central",2023,75.8736190795898
"Kakamega","Ikolomani","Idakho Central",2024,63.0223655700684
"Kakamega","Ikolomani","Idakho East",2012,5.92576265335083
"Kakamega","Ikolomani","Idakho East",2013,3.80851459503174
"Kakamega","Ikolomani","Idakho East",2014,3.54192852973938
"Kakamega","Ikolomani","Idakho East",2015,11.3045806884766
"Kakamega","Ikolomani","Idakho East",2016,7.55665731430054
"Kakamega","Ikolomani","Idakho East",2017,9.10073089599609
"Kakamega","Ikolomani","Idakho East",2018,21.3741855621338
"Kakamega","Ikolomani","Idakho East",2019,21.2131175994873
"Kakamega","Ikolomani","Idakho East",2020,22.5797119140625
"Kakamega","Ikolomani","Idakho East",2021,23.6598453521729
"Kakamega","Ikolomani","Idakho East",2022,51.8460922241211
"Kakamega","Ikolomani","Idakho East",2023,66.3531112670898
"Kakamega","Ikolomani","Idakho East",2024,64.2749481201172
"Kakamega","Ikolomani","Idakho North",2012,0.612390875816345
"Kakamega","Ikolomani","Idakho North",2013,1.02823686599731
"Kakamega","Ikolomani","Idakho North",2014,0.722694039344788
"Kakamega","Ikolomani","Idakho North",2015,2.74854898452759
"Kakamega","Ikolomani","Idakho North",2016,2.59158039093018
"Kakamega","Ikolomani","Idakho North",2017,2.35210871696472
"Kakamega","Ikolomani","Idakho North",2018,4.47398376464844
"Kakamega","Ikolomani","Idakho North",2019,0.784926414489746
"Kakamega","Ikolomani","Idakho North",2020,2.33986186981201
"Kakamega","Ikolomani","Idakho North",2021,1.27817726135254
"Kakamega","Ikolomani","Idakho North",2022,12.1872520446777
"Kakamega","Ikolomani","Idakho North",2023,23.7573928833008
"Kakamega","Ikolomani","Idakho North",2024,14.3303718566895
"Kakamega","Ikolomani","Idakho South",2012,0.662905871868134
"Kakamega","Ikolomani","Idakho South",2013,0
"Kakamega","Ikolomani","Idakho South",2014,0.510608017444611
"Kakamega","Ikolomani","Idakho South",2015,0
"Kakamega","Ikolomani","Idakho South",2016,0
"Kakamega","Ikolomani","Idakho South",2017,0
"Kakamega","Ikolomani","Idakho South",2018,1.82270228862762
"Kakamega","Ikolomani","Idakho South",2019,1.03662943840027
"Kakamega","Ikolomani","Idakho South",2020,0.0377866104245186
"Kakamega","Ikolomani","Idakho South",2021,1.25446546077728
"Kakamega","Ikolomani","Idakho South",2022,11.6194982528687
"Kakamega","Ikolomani","Idakho South",2023,15.0916996002197
"Kakamega","Ikolomani","Idakho South",2024,9.72934913635254
"Kakamega","Khwisero","Kisa Central",2012,0
"Kakamega","Khwisero","Kisa Central",2013,0.157764881849289
"Kakamega","Khwisero","Kisa Central",2014,0.159812837839127
"Kakamega","Khwisero","Kisa Central",2015,0
"Kakamega","Khwisero","Kisa Central",2016,0.545439064502716
"Kakamega","Khwisero","Kisa Central",2017,1.11933350563049
"Kakamega","Khwisero","Kisa Central",2018,10.3397951126099
"Kakamega","Khwisero","Kisa Central",2019,6.59849548339844
"Kakamega","Khwisero","Kisa Central",2020,8.65738868713379
"Kakamega","Khwisero","Kisa Central",2021,10.9478731155396
"Kakamega","Khwisero","Kisa Central",2022,70.1058578491211
"Kakamega","Khwisero","Kisa Central",2023,110.891662597656
"Kakamega","Khwisero","Kisa Central",2024,70.0410995483398
"Kakamega","Khwisero","Kisa East",2012,0
"Kakamega","Khwisero","Kisa East",2013,0
"Kakamega","Khwisero","Kisa East",2014,0
"Kakamega","Khwisero","Kisa East",2015,0
"Kakamega","Khwisero","Kisa East",2016,0
"Kakamega","Khwisero","Kisa East",2017,0
"Kakamega","Khwisero","Kisa East",2018,0
"Kakamega","Khwisero","Kisa East",2019,0
"Kakamega","Khwisero","Kisa East",2020,0
"Kakamega","Khwisero","Kisa East",2021,0
"Kakamega","Khwisero","Kisa East",2022,3.20786118507385
"Kakamega","Khwisero","Kisa East",2023,15.1458806991577
"Kakamega","Khwisero","Kisa East",2024,9.21699333190918
"Kakamega","Khwisero","Kisa North",2012,0
"Kakamega","Khwisero","Kisa North",2013,0.38153812289238
"Kakamega","Khwisero","Kisa North",2014,0.386490911245346
"Kakamega","Khwisero","Kisa North",2015,0
"Kakamega","Khwisero","Kisa North",2016,0.373634338378906
"Kakamega","Khwisero","Kisa North",2017,0.365371555089951
"Kakamega","Khwisero","Kisa North",2018,2.05683994293213
"Kakamega","Khwisero","Kisa North",2019,1.06219732761383
"Kakamega","Khwisero","Kisa North",2020,8.36366748809814
"Kakamega","Khwisero","Kisa North",2021,10.1881046295166
"Kakamega","Khwisero","Kisa North",2022,27.1715297698975
"Kakamega","Khwisero","Kisa North",2023,45.1243591308594
"Kakamega","Khwisero","Kisa North",2024,34.4270248413086
"Kakamega","Khwisero","Kisa West",2012,0
"Kakamega","Khwisero","Kisa West",2013,0
"Kakamega","Khwisero","Kisa West",2014,0
"Kakamega","Khwisero","Kisa West",2015,0
"Kakamega","Khwisero","Kisa West",2016,0
"Kakamega","Khwisero","Kisa West",2017,0
"Kakamega","Khwisero","Kisa West",2018,3.81281542778015
"Kakamega","Khwisero","Kisa West",2019,3.34979343414307
"Kakamega","Khwisero","Kisa West",2020,2.6656768321991
"Kakamega","Khwisero","Kisa West",2021,4.36746501922607
"Kakamega","Khwisero","Kisa West",2022,23.0884017944336
"Kakamega","Khwisero","Kisa West",2023,42.8640747070312
"Kakamega","Khwisero","Kisa West",2024,35.9776000976562
"Kakamega","Lugari","Chevaywa",2012,3.87928652763367
"Kakamega","Lugari","Chevaywa",2013,1.49747037887573
"Kakamega","Lugari","Chevaywa",2014,1.74145114421844
"Kakamega","Lugari","Chevaywa",2015,1.70564758777618
"Kakamega","Lugari","Chevaywa",2016,1.48255836963654
"Kakamega","Lugari","Chevaywa",2017,5.15258455276489
"Kakamega","Lugari","Chevaywa",2018,8.55716609954834
"Kakamega","Lugari","Chevaywa",2019,9.12669849395752
"Kakamega","Lugari","Chevaywa",2020,4.84159994125366
"Kakamega","Lugari","Chevaywa",2021,17.0108833312988
"Kakamega","Lugari","Chevaywa",2022,28.771541595459
"Kakamega","Lugari","Chevaywa",2023,41.4750938415527
"Kakamega","Lugari","Chevaywa",2024,24.8868713378906
"Kakamega","Lugari","Lwandeti",2012,0.220248371362686
"Kakamega","Lugari","Lwandeti",2013,0.050280075520277
"Kakamega","Lugari","Lwandeti",2014,0
"Kakamega","Lugari","Lwandeti",2015,0
"Kakamega","Lugari","Lwandeti",2016,0.330040633678436
"Kakamega","Lugari","Lwandeti",2017,0.254596501588821
"Kakamega","Lugari","Lwandeti",2018,1.110147356987
"Kakamega","Lugari","Lwandeti",2019,2.21196556091309
"Kakamega","Lugari","Lwandeti",2020,2.50976014137268
"Kakamega","Lugari","Lwandeti",2021,0.426736921072006
"Kakamega","Lugari","Lwandeti",2022,7.12975931167603
"Kakamega","Lugari","Lwandeti",2023,19.8818531036377
"Kakamega","Lugari","Lwandeti",2024,7.996009349823
"Kakamega","Lurambi","Butsotso Central",2012,3.61915922164917
"Kakamega","Lurambi","Butsotso Central",2013,7.97708225250244
"Kakamega","Lurambi","Butsotso Central",2014,3.14991879463196
"Kakamega","Lurambi","Butsotso Central",2015,21.0822601318359
"Kakamega","Lurambi","Butsotso Central",2016,7.48163223266602
"Kakamega","Lurambi","Butsotso Central",2017,19.2352771759033
"Kakamega","Lurambi","Butsotso Central",2018,36.9338836669922
"Kakamega","Lurambi","Butsotso Central",2019,37.3215026855469
"Kakamega","Lurambi","Butsotso Central",2020,41.9499397277832
"Kakamega","Lurambi","Butsotso Central",2021,51.1571388244629
"Kakamega","Lurambi","Butsotso Central",2022,104.396713256836
"Kakamega","Lurambi","Butsotso Central",2023,136.985870361328
"Kakamega","Lurambi","Butsotso Central",2024,109.034927368164
"Kakamega","Lurambi","Butsotso East",2012,0
"Kakamega","Lurambi","Butsotso East",2013,0
"Kakamega","Lurambi","Butsotso East",2014,0
"Kakamega","Lurambi","Butsotso East",2015,0
"Kakamega","Lurambi","Butsotso East",2016,0
"Kakamega","Lurambi","Butsotso East",2017,0
"Kakamega","Lurambi","Butsotso East",2018,0.397219836711884
"Kakamega","Lurambi","Butsotso East",2019,0.131647229194641
"Kakamega","Lurambi","Butsotso East",2020,0.258679568767548
"Kakamega","Lurambi","Butsotso East",2021,1.54160964488983
"Kakamega","Lurambi","Butsotso East",2022,23.3648796081543
"Kakamega","Lurambi","Butsotso East",2023,34.2621002197266
"Kakamega","Lurambi","Butsotso East",2024,38.974983215332
"Kakamega","Lurambi","Butsotso South",2012,2.96678519248962
"Kakamega","Lurambi","Butsotso South",2013,1.75705599784851
"Kakamega","Lurambi","Butsotso South",2014,2.51167821884155
"Kakamega","Lurambi","Butsotso South",2015,2.7460777759552
"Kakamega","Lurambi","Butsotso South",2016,4.18411350250244
"Kakamega","Lurambi","Butsotso South",2017,3.96363258361816
"Kakamega","Lurambi","Butsotso South",2018,5.57606792449951
"Kakamega","Lurambi","Butsotso South",2019,6.22047567367554
"Kakamega","Lurambi","Butsotso South",2020,2.15166807174683
"Kakamega","Lurambi","Butsotso South",2021,8.83731365203857
"Kakamega","Lurambi","Butsotso South",2022,27.4962406158447
"Kakamega","Lurambi","Butsotso South",2023,30.7841835021973
"Kakamega","Lurambi","Butsotso South",2024,18.3970890045166
"Kakamega","Lurambi","Mahiakalo",2012,54.2527923583984
"Kakamega","Lurambi","Mahiakalo",2013,54.8526916503906
"Kakamega","Lurambi","Mahiakalo",2014,58.3300552368164
"Kakamega","Lurambi","Mahiakalo",2015,68.8721618652344
"Kakamega","Lurambi","Mahiakalo",2016,88.1313247680664
"Kakamega","Lurambi","Mahiakalo",2017,109.235023498535
"Kakamega","Lurambi","Mahiakalo",2018,131.435897827148
"Kakamega","Lurambi","Mahiakalo",2019,156.304595947266
"Kakamega","Lurambi","Mahiakalo",2020,143.158401489258
"Kakamega","Lurambi","Mahiakalo",2021,147.134292602539
"Kakamega","Lurambi","Mahiakalo",2022,182.225708007812
"Kakamega","Lurambi","Mahiakalo",2023,186.283279418945
"Kakamega","Lurambi","Mahiakalo",2024,197.948165893555
"Kakamega","Lurambi","Sheywe",2012,39.6002616882324
"Kakamega","Lurambi","Sheywe",2013,38.4628715515137
"Kakamega","Lurambi","Sheywe",2014,47.2383193969727
"Kakamega","Lurambi","Sheywe",2015,54.9892616271973
"Kakamega","Lurambi","Sheywe",2016,70.1995697021484
"Kakamega","Lurambi","Sheywe",2017,94.426155090332
"Kakamega","Lurambi","Sheywe",2018,112.752906799316
"Kakamega","Lurambi","Sheywe",2019,120.413543701172
"Kakamega","Lurambi","Sheywe",2020,125.322547912598
"Kakamega","Lurambi","Sheywe",2021,136.309661865234
"Kakamega","Lurambi","Sheywe",2022,177.422882080078
"Kakamega","Lurambi","Sheywe",2023,191.7978515625
"Kakamega","Lurambi","Sheywe",2024,187.378997802734
"Kakamega","Lurambi","Shirere",2012,75.0107879638672
"Kakamega","Lurambi","Shirere",2013,75.1246566772461
"Kakamega","Lurambi","Shirere",2014,71.6087646484375
"Kakamega","Lurambi","Shirere",2015,86.3639678955078
"Kakamega","Lurambi","Shirere",2016,110.949356079102
"Kakamega","Lurambi","Shirere",2017,150.411987304688
"Kakamega","Lurambi","Shirere",2018,203.367721557617
"Kakamega","Lurambi","Shirere",2019,299.520233154297
"Kakamega","Lurambi","Shirere",2020,289.08154296875
"Kakamega","Lurambi","Shirere",2021,273.206695556641
"Kakamega","Lurambi","Shirere",2022,287.351409912109
"Kakamega","Lurambi","Shirere",2023,320.801177978516
"Kakamega","Lurambi","Shirere",2024,281.963500976562
"Kakamega","Malava","Butali/Chegulo",2012,34.8077545166016
"Kakamega","Malava","Butali/Chegulo",2013,30.0661144256592
"Kakamega","Malava","Butali/Chegulo",2014,44.9774017333984
"Kakamega","Malava","Butali/Chegulo",2015,52.3294448852539
"Kakamega","Malava","Butali/Chegulo",2016,34.6134452819824
"Kakamega","Malava","Butali/Chegulo",2017,49.4473114013672
"Kakamega","Malava","Butali/Chegulo",2018,59.6915245056152
"Kakamega","Malava","Butali/Chegulo",2019,75.3846969604492
"Kakamega","Malava","Butali/Chegulo",2020,73.2291870117188
"Kakamega","Malava","Butali/Chegulo",2021,86.4731979370117
"Kakamega","Malava","Butali/Chegulo",2022,97.8887329101562
"Kakamega","Malava","Butali/Chegulo",2023,118.291496276855
"Kakamega","Malava","Butali/Chegulo",2024,114.021331787109
"Kakamega","Malava","Chemuche",2012,2.16442894935608
"Kakamega","Malava","Chemuche",2013,2.9782247543335
"Kakamega","Malava","Chemuche",2014,1.77105557918549
"Kakamega","Malava","Chemuche",2015,3.92884063720703
"Kakamega","Malava","Chemuche",2016,3.0066545009613
"Kakamega","Malava","Chemuche",2017,8.86366081237793
"Kakamega","Malava","Chemuche",2018,12.2315073013306
"Kakamega","Malava","Chemuche",2019,17.3466510772705
"Kakamega","Malava","Chemuche",2020,17.7168006896973
"Kakamega","Malava","Chemuche",2021,18.4464874267578
"Kakamega","Malava","Chemuche",2022,21.6062660217285
"Kakamega","Malava","Chemuche",2023,26.6184043884277
"Kakamega","Malava","Chemuche",2024,21.7256546020508
"Kakamega","Malava","East Kabras",2012,0.0729361027479172
"Kakamega","Malava","East Kabras",2013,0.0741848051548004
"Kakamega","Malava","East Kabras",2014,0.58514004945755
"Kakamega","Malava","East Kabras",2015,1.10148012638092
"Kakamega","Malava","East Kabras",2016,0.686968147754669
"Kakamega","Malava","East Kabras",2017,0.751294255256653
"Kakamega","Malava","East Kabras",2018,3.13861560821533
"Kakamega","Malava","East Kabras",2019,1.31742739677429
"Kakamega","Malava","East Kabras",2020,1.4354168176651
"Kakamega","Malava","East Kabras",2021,1.52069437503815
"Kakamega","Malava","East Kabras",2022,3.22753763198853
"Kakamega","Malava","East Kabras",2023,10.2599487304688
"Kakamega","Malava","East Kabras",2024,7.06669902801514
"Kakamega","Malava","Manda-Shivanga",2012,1.90589916706085
"Kakamega","Malava","Manda-Shivanga",2013,0.924654901027679
"Kakamega","Malava","Manda-Shivanga",2014,1.25842463970184
"Kakamega","Malava","Manda-Shivanga",2015,1.93171560764313
"Kakamega","Malava","Manda-Shivanga",2016,3.3020601272583
"Kakamega","Malava","Manda-Shivanga",2017,2.69088077545166
"Kakamega","Malava","Manda-Shivanga",2018,4.86025333404541
"Kakamega","Malava","Manda-Shivanga",2019,6.09971332550049
"Kakamega","Malava","Manda-Shivanga",2020,4.99509191513062
"Kakamega","Malava","Manda-Shivanga",2021,18.6480045318604
"Kakamega","Malava","Manda-Shivanga",2022,42.870418548584
"Kakamega","Malava","Manda-Shivanga",2023,56.8581085205078
"Kakamega","Malava","Manda-Shivanga",2024,28.904468536377
"Kakamega","Malava","Shirugu-Mugai",2012,0.894079744815826
"Kakamega","Malava","Shirugu-Mugai",2013,2.25697755813599
"Kakamega","Malava","Shirugu-Mugai",2014,1.0803724527359
"Kakamega","Malava","Shirugu-Mugai",2015,2.44700074195862
"Kakamega","Malava","Shirugu-Mugai",2016,0.485817790031433
"Kakamega","Malava","Shirugu-Mugai",2017,2.73801684379578
"Kakamega","Malava","Shirugu-Mugai",2018,4.73622560501099
"Kakamega","Malava","Shirugu-Mugai",2019,4.55517673492432
"Kakamega","Malava","Shirugu-Mugai",2020,11.0083789825439
"Kakamega","Malava","Shirugu-Mugai",2021,13.4741477966309
"Kakamega","Malava","Shirugu-Mugai",2022,30.780294418335
"Kakamega","Malava","Shirugu-Mugai",2023,31.4132881164551
"Kakamega","Malava","Shirugu-Mugai",2024,23.7732410430908
"Kakamega","Malava","South Kabras",2012,86.968017578125
"Kakamega","Malava","South Kabras",2013,89.6389465332031
"Kakamega","Malava","South Kabras",2014,107.649635314941
"Kakamega","Malava","South Kabras",2015,88.223258972168
"Kakamega","Malava","South Kabras",2016,54.0624084472656
"Kakamega","Malava","South Kabras",2017,52.3603324890137
"Kakamega","Malava","South Kabras",2018,45.2027854919434
"Kakamega","Malava","South Kabras",2019,41.682918548584
"Kakamega","Malava","South Kabras",2020,32.9108047485352
"Kakamega","Malava","South Kabras",2021,29.9021396636963
"Kakamega","Malava","South Kabras",2022,36.8277549743652
"Kakamega","Malava","South Kabras",2023,76.3582382202148
"Kakamega","Malava","South Kabras",2024,84.5557632446289
"Kakamega","Malava","West Kabras",2012,0
"Kakamega","Malava","West Kabras",2013,0
"Kakamega","Malava","West Kabras",2014,0
"Kakamega","Malava","West Kabras",2015,0
"Kakamega","Malava","West Kabras",2016,0
"Kakamega","Malava","West Kabras",2017,0
"Kakamega","Malava","West Kabras",2018,0.673046469688416
"Kakamega","Malava","West Kabras",2019,0.829823434352875
"Kakamega","Malava","West Kabras",2020,0.142162576317787
"Kakamega","Malava","West Kabras",2021,0.113043740391731
"Kakamega","Malava","West Kabras",2022,4.20221662521362
"Kakamega","Malava","West Kabras",2023,11.7721157073975
"Kakamega","Malava","West Kabras",2024,7.3870677947998
"Kakamega","Matungu","Khalaba",2012,0
"Kakamega","Matungu","Khalaba",2013,0
"Kakamega","Matungu","Khalaba",2014,0
"Kakamega","Matungu","Khalaba",2015,0
"Kakamega","Matungu","Khalaba",2016,0
"Kakamega","Matungu","Khalaba",2017,0
"Kakamega","Matungu","Khalaba",2018,0
"Kakamega","Matungu","Khalaba",2019,0
"Kakamega","Matungu","Khalaba",2020,0
"Kakamega","Matungu","Khalaba",2021,1.45189523696899
"Kakamega","Matungu","Khalaba",2022,6.8692741394043
"Kakamega","Matungu","Khalaba",2023,10.0975637435913
"Kakamega","Matungu","Khalaba",2024,5.79133129119873
"Kakamega","Matungu","Kholera",2012,1.67995452880859
"Kakamega","Matungu","Kholera",2013,1.76399374008179
"Kakamega","Matungu","Kholera",2014,1.88441276550293
"Kakamega","Matungu","Kholera",2015,1.7021678686142
"Kakamega","Matungu","Kholera",2016,1.77198266983032
"Kakamega","Matungu","Kholera",2017,5.23657655715942
"Kakamega","Matungu","Kholera",2018,11.9030437469482
"Kakamega","Matungu","Kholera",2019,13.7796306610107
"Kakamega","Matungu","Kholera",2020,6.91853046417236
"Kakamega","Matungu","Kholera",2021,8.07931041717529
"Kakamega","Matungu","Kholera",2022,15.1396684646606
"Kakamega","Matungu","Kholera",2023,27.9419612884521
"Kakamega","Matungu","Kholera",2024,24.8169345855713
"Kakamega","Matungu","Koyonzo",2012,0
"Kakamega","Matungu","Koyonzo",2013,0
"Kakamega","Matungu","Koyonzo",2014,0
"Kakamega","Matungu","Koyonzo",2015,0
"Kakamega","Matungu","Koyonzo",2016,0
"Kakamega","Matungu","Koyonzo",2017,0
"Kakamega","Matungu","Koyonzo",2018,6.26832437515259
"Kakamega","Matungu","Koyonzo",2019,5.44426202774048
"Kakamega","Matungu","Koyonzo",2020,4.55835723876953
"Kakamega","Matungu","Koyonzo",2021,2.88571524620056
"Kakamega","Matungu","Koyonzo",2022,27.2814273834229
"Kakamega","Matungu","Koyonzo",2023,50.845645904541
"Kakamega","Matungu","Koyonzo",2024,30.3477840423584
"Kakamega","Matungu","Mayoni",2012,3.20777273178101
"Kakamega","Matungu","Mayoni",2013,3.74771904945374
"Kakamega","Matungu","Mayoni",2014,3.18340563774109
"Kakamega","Matungu","Mayoni",2015,4.38048267364502
"Kakamega","Matungu","Mayoni",2016,3.77948355674744
"Kakamega","Matungu","Mayoni",2017,4.45911359786987
"Kakamega","Matungu","Mayoni",2018,7.72021627426147
"Kakamega","Matungu","Mayoni",2019,13.4378061294556
"Kakamega","Matungu","Mayoni",2020,4.6028151512146
"Kakamega","Matungu","Mayoni",2021,3.98488330841064
"Kakamega","Matungu","Mayoni",2022,36.3698997497559
"Kakamega","Matungu","Mayoni",2023,62.9694366455078
"Kakamega","Matungu","Mayoni",2024,51.392505645752
"Kakamega","Matungu","Namamali",2012,0
"Kakamega","Matungu","Namamali",2013,0
"Kakamega","Matungu","Namamali",2014,0
"Kakamega","Matungu","Namamali",2015,0
"Kakamega","Matungu","Namamali",2016,0
"Kakamega","Matungu","Namamali",2017,0
"Kakamega","Matungu","Namamali",2018,0
"Kakamega","Matungu","Namamali",2019,0
"Kakamega","Matungu","Namamali",2020,0
"Kakamega","Matungu","Namamali",2021,0
"Kakamega","Matungu","Namamali",2022,0
"Kakamega","Matungu","Namamali",2023,21.6303596496582
"Kakamega","Matungu","Namamali",2024,15.8279323577881
"Kakamega","Mumias East","East Wanga",2012,90.0990447998047
"Kakamega","Mumias East","East Wanga",2013,73.6876831054688
"Kakamega","Mumias East","East Wanga",2014,63.4927749633789
"Kakamega","Mumias East","East Wanga",2015,49.9089088439941
"Kakamega","Mumias East","East Wanga",2016,49.8101119995117
"Kakamega","Mumias East","East Wanga",2017,40.9071388244629
"Kakamega","Mumias East","East Wanga",2018,22.6155529022217
"Kakamega","Mumias East","East Wanga",2019,11.9437808990479
"Kakamega","Mumias East","East Wanga",2020,9.55027389526367
"Kakamega","Mumias East","East Wanga",2021,9.40439796447754
"Kakamega","Mumias East","East Wanga",2022,23.1459369659424
"Kakamega","Mumias East","East Wanga",2023,41.1582069396973
"Kakamega","Mumias East","East Wanga",2024,38.1177368164062
"Kakamega","Mumias East","Lusheya/Lubinu",2012,12.1138219833374
"Kakamega","Mumias East","Lusheya/Lubinu",2013,12.0089769363403
"Kakamega","Mumias East","Lusheya/Lubinu",2014,12.0565166473389
"Kakamega","Mumias East","Lusheya/Lubinu",2015,23.1957740783691
"Kakamega","Mumias East","Lusheya/Lubinu",2016,22.0574741363525
"Kakamega","Mumias East","Lusheya/Lubinu",2017,37.6276016235352
"Kakamega","Mumias East","Lusheya/Lubinu",2018,52.6262092590332
"Kakamega","Mumias East","Lusheya/Lubinu",2019,46.6537933349609
"Kakamega","Mumias East","Lusheya/Lubinu",2020,30.4435482025146
"Kakamega","Mumias East","Lusheya/Lubinu",2021,31.5351810455322
"Kakamega","Mumias East","Lusheya/Lubinu",2022,78.7321624755859
"Kakamega","Mumias East","Lusheya/Lubinu",2023,112.689514160156
"Kakamega","Mumias East","Lusheya/Lubinu",2024,97.9660491943359
"Kakamega","Mumias East","Malaha/Isongo/Makunga",2012,1.69086933135986
"Kakamega","Mumias East","Malaha/Isongo/Makunga",2013,1.20537042617798
"Kakamega","Mumias East","Malaha/Isongo/Makunga",2014,0.53392505645752
"Kakamega","Mumias East","Malaha/Isongo/Makunga",2015,1.70787918567657
"Kakamega","Mumias East","Malaha/Isongo/Makunga",2016,1.35062313079834
"Kakamega","Mumias East","Malaha/Isongo/Makunga",2017,2.2604718208313
"Kakamega","Mumias East","Malaha/Isongo/Makunga",2018,18.7100086212158
"Kakamega","Mumias East","Malaha/Isongo/Makunga",2019,15.9599275588989
"Kakamega","Mumias East","Malaha/Isongo/Makunga",2020,20.0710334777832
"Kakamega","Mumias East","Malaha/Isongo/Makunga",2021,25.5808944702148
"Kakamega","Mumias East","Malaha/Isongo/Makunga",2022,36.0854911804199
"Kakamega","Mumias East","Malaha/Isongo/Makunga",2023,43.3021507263184
"Kakamega","Mumias East","Malaha/Isongo/Makunga",2024,25.8742294311523
"Kakamega","Mumias West","Etenje",2012,0
"Kakamega","Mumias West","Etenje",2013,0
"Kakamega","Mumias West","Etenje",2014,0
"Kakamega","Mumias West","Etenje",2015,0.636955618858337
"Kakamega","Mumias West","Etenje",2016,3.99301505088806
"Kakamega","Mumias West","Etenje",2017,6.00269651412964
"Kakamega","Mumias West","Etenje",2018,5.77584314346313
"Kakamega","Mumias West","Etenje",2019,0.718273162841797
"Kakamega","Mumias West","Etenje",2020,0
"Kakamega","Mumias West","Etenje",2021,0.809971809387207
"Kakamega","Mumias West","Etenje",2022,3.75194239616394
"Kakamega","Mumias West","Etenje",2023,25.2401905059814
"Kakamega","Mumias West","Etenje",2024,9.22513580322266
"Kakamega","Mumias West","Mumias Central",2012,38.6412506103516
"Kakamega","Mumias West","Mumias Central",2013,36.415943145752
"Kakamega","Mumias West","Mumias Central",2014,34.1305541992188
"Kakamega","Mumias West","Mumias Central",2015,37.6223106384277
"Kakamega","Mumias West","Mumias Central",2016,40.9636077880859
"Kakamega","Mumias West","Mumias Central",2017,68.8180694580078
"Kakamega","Mumias West","Mumias Central",2018,92.5409622192383
"Kakamega","Mumias West","Mumias Central",2019,74.6411209106445
"Kakamega","Mumias West","Mumias Central",2020,53.211612701416
"Kakamega","Mumias West","Mumias Central",2021,77.3170700073242
"Kakamega","Mumias West","Mumias Central",2022,98.3989868164062
"Kakamega","Mumias West","Mumias Central",2023,133.97492980957
"Kakamega","Mumias West","Mumias Central",2024,120.371269226074
"Kakamega","Mumias West","Mumias North",2012,73.5316162109375
"Kakamega","Mumias West","Mumias North",2013,71.2165451049805
"Kakamega","Mumias West","Mumias North",2014,61.0677871704102
"Kakamega","Mumias West","Mumias North",2015,48.7409553527832
"Kakamega","Mumias West","Mumias North",2016,50.5299301147461
"Kakamega","Mumias West","Mumias North",2017,53.3433036804199
"Kakamega","Mumias West","Mumias North",2018,41.0391006469727
"Kakamega","Mumias West","Mumias North",2019,23.9055881500244
"Kakamega","Mumias West","Mumias North",2020,30.4617290496826
"Kakamega","Mumias West","Mumias North",2021,33.7718963623047
"Kakamega","Mumias West","Mumias North",2022,47.9750213623047
"Kakamega","Mumias West","Mumias North",2023,60.5419082641602
"Kakamega","Mumias West","Mumias North",2024,59.0802803039551
"Kakamega","Mumias West","Musanda",2012,0.400256663560867
"Kakamega","Mumias West","Musanda",2013,0.870380043983459
"Kakamega","Mumias West","Musanda",2014,0
"Kakamega","Mumias West","Musanda",2015,1.0610910654068
"Kakamega","Mumias West","Musanda",2016,4.1031494140625
"Kakamega","Mumias West","Musanda",2017,6.02925491333008
"Kakamega","Mumias West","Musanda",2018,9.92955303192139
"Kakamega","Mumias West","Musanda",2019,3.04760074615479
"Kakamega","Mumias West","Musanda",2020,3.62876677513123
"Kakamega","Mumias West","Musanda",2021,9.65623569488525
"Kakamega","Mumias West","Musanda",2022,37.9606056213379
"Kakamega","Mumias West","Musanda",2023,80.7547073364258
"Kakamega","Mumias West","Musanda",2024,47.0938529968262
"Kakamega","Navakholo","Bunyala Central",2012,0
"Kakamega","Navakholo","Bunyala Central",2013,0
"Kakamega","Navakholo","Bunyala Central",2014,0
"Kakamega","Navakholo","Bunyala Central",2015,0
"Kakamega","Navakholo","Bunyala Central",2016,0
"Kakamega","Navakholo","Bunyala Central",2017,1.84288895130157
"Kakamega","Navakholo","Bunyala Central",2018,7.29290294647217
"Kakamega","Navakholo","Bunyala Central",2019,5.54746580123901
"Kakamega","Navakholo","Bunyala Central",2020,2.12753105163574
"Kakamega","Navakholo","Bunyala Central",2021,1.50996911525726
"Kakamega","Navakholo","Bunyala Central",2022,4.06865501403809
"Kakamega","Navakholo","Bunyala Central",2023,10.6707582473755
"Kakamega","Navakholo","Bunyala Central",2024,12.7165937423706
"Kakamega","Navakholo","Bunyala East",2012,0
"Kakamega","Navakholo","Bunyala East",2013,0
"Kakamega","Navakholo","Bunyala East",2014,0
"Kakamega","Navakholo","Bunyala East",2015,0
"Kakamega","Navakholo","Bunyala East",2016,0
"Kakamega","Navakholo","Bunyala East",2017,0
"Kakamega","Navakholo","Bunyala East",2018,3.61921548843384
"Kakamega","Navakholo","Bunyala East",2019,3.30683922767639
"Kakamega","Navakholo","Bunyala East",2020,2.04220199584961
"Kakamega","Navakholo","Bunyala East",2021,1.90979635715485
"Kakamega","Navakholo","Bunyala East",2022,2.34614634513855
"Kakamega","Navakholo","Bunyala East",2023,7.15901374816895
"Kakamega","Navakholo","Bunyala East",2024,5.17386341094971
"Kakamega","Navakholo","Bunyala West",2012,0
"Kakamega","Navakholo","Bunyala West",2013,0
"Kakamega","Navakholo","Bunyala West",2014,0
"Kakamega","Navakholo","Bunyala West",2015,0
"Kakamega","Navakholo","Bunyala West",2016,0
"Kakamega","Navakholo","Bunyala West",2017,0
"Kakamega","Navakholo","Bunyala West",2018,1.85652279853821
"Kakamega","Navakholo","Bunyala West",2019,3.70679783821106
"Kakamega","Navakholo","Bunyala West",2020,0.64097934961319
"Kakamega","Navakholo","Bunyala West",2021,3.34948539733887
"Kakamega","Navakholo","Bunyala West",2022,2.50617694854736
"Kakamega","Navakholo","Bunyala West",2023,8.34296798706055
"Kakamega","Navakholo","Bunyala West",2024,9.85517501831055
"Kakamega","Navakholo","Ingostse-Mathia",2012,0
"Kakamega","Navakholo","Ingostse-Mathia",2013,0
"Kakamega","Navakholo","Ingostse-Mathia",2014,0
"Kakamega","Navakholo","Ingostse-Mathia",2015,0
"Kakamega","Navakholo","Ingostse-Mathia",2016,0
"Kakamega","Navakholo","Ingostse-Mathia",2017,0
"Kakamega","Navakholo","Ingostse-Mathia",2018,0
"Kakamega","Navakholo","Ingostse-Mathia",2019,0
"Kakamega","Navakholo","Ingostse-Mathia",2020,0
"Kakamega","Navakholo","Ingostse-Mathia",2021,1.12842869758606
"Kakamega","Navakholo","Ingostse-Mathia",2022,1.9779886007309
"Kakamega","Navakholo","Ingostse-Mathia",2023,9.02416706085205
"Kakamega","Navakholo","Ingostse-Mathia",2024,9.48780822753906
"Kakamega","Navakholo","Shinoyi-Shikomari-Esumeyia",2012,0.021879905834794
"Kakamega","Navakholo","Shinoyi-Shikomari-Esumeyia",2013,0.0230345111340284
"Kakamega","Navakholo","Shinoyi-Shikomari-Esumeyia",2014,0.0179865583777428
"Kakamega","Navakholo","Shinoyi-Shikomari-Esumeyia",2015,0.632782578468323
"Kakamega","Navakholo","Shinoyi-Shikomari-Esumeyia",2016,0.896233260631561
"Kakamega","Navakholo","Shinoyi-Shikomari-Esumeyia",2017,0.858383059501648
"Kakamega","Navakholo","Shinoyi-Shikomari-Esumeyia",2018,3.14936518669128
"Kakamega","Navakholo","Shinoyi-Shikomari-Esumeyia",2019,1.88470125198364
"Kakamega","Navakholo","Shinoyi-Shikomari-Esumeyia",2020,4.19642066955566
"Kakamega","Navakholo","Shinoyi-Shikomari-Esumeyia",2021,8.15588188171387
"Kakamega","Navakholo","Shinoyi-Shikomari-Esumeyia",2022,17.552661895752
"Kakamega","Navakholo","Shinoyi-Shikomari-Esumeyia",2023,21.3420658111572
"Kakamega","Navakholo","Shinoyi-Shikomari-Esumeyia",2024,19.1444931030273
"Kakamega","Shinyalu","Isukha Central",2012,4.24039363861084
"Kakamega","Shinyalu","Isukha Central",2013,5.42500829696655
"Kakamega","Shinyalu","Isukha Central",2014,3.86816191673279
"Kakamega","Shinyalu","Isukha Central",2015,6.69827175140381
"Kakamega","Shinyalu","Isukha Central",2016,2.1910765171051
"Kakamega","Shinyalu","Isukha Central",2017,2.97754287719727
"Kakamega","Shinyalu","Isukha Central",2018,6.5297532081604
"Kakamega","Shinyalu","Isukha Central",2019,7.37862968444824
"Kakamega","Shinyalu","Isukha Central",2020,1.83065032958984
"Kakamega","Shinyalu","Isukha Central",2021,5.18234300613403
"Kakamega","Shinyalu","Isukha Central",2022,26.5950260162354
"Kakamega","Shinyalu","Isukha Central",2023,56.6982307434082
"Kakamega","Shinyalu","Isukha Central",2024,39.5812301635742
"Kakamega","Shinyalu","Isukha East",2012,0
"Kakamega","Shinyalu","Isukha East",2013,0
"Kakamega","Shinyalu","Isukha East",2014,0
"Kakamega","Shinyalu","Isukha East",2015,0
"Kakamega","Shinyalu","Isukha East",2016,0
"Kakamega","Shinyalu","Isukha East",2017,0
"Kakamega","Shinyalu","Isukha East",2018,0
"Kakamega","Shinyalu","Isukha East",2019,4.54703998565674
"Kakamega","Shinyalu","Isukha East",2020,3.43545842170715
"Kakamega","Shinyalu","Isukha East",2021,0
"Kakamega","Shinyalu","Isukha East",2022,2.48387002944946
"Kakamega","Shinyalu","Isukha East",2023,2.33654689788818
"Kakamega","Shinyalu","Isukha East",2024,1.49687266349792
"Kakamega","Shinyalu","Isukha North",2012,6.87960624694824
"Kakamega","Shinyalu","Isukha North",2013,5.68856477737427
"Kakamega","Shinyalu","Isukha North",2014,4.25615119934082
"Kakamega","Shinyalu","Isukha North",2015,9.42153263092041
"Kakamega","Shinyalu","Isukha North",2016,4.65140581130981
"Kakamega","Shinyalu","Isukha North",2017,6.82294464111328
"Kakamega","Shinyalu","Isukha North",2018,16.7739925384521
"Kakamega","Shinyalu","Isukha North",2019,23.7242965698242
"Kakamega","Shinyalu","Isukha North",2020,12.8205194473267
"Kakamega","Shinyalu","Isukha North",2021,11.755786895752
"Kakamega","Shinyalu","Isukha North",2022,30.2787189483643
"Kakamega","Shinyalu","Isukha North",2023,53.1604118347168
"Kakamega","Shinyalu","Isukha North",2024,38.9630317687988
"Kakamega","Shinyalu","Isukha South",2012,12.4009160995483
"Kakamega","Shinyalu","Isukha South",2013,14.3659944534302
"Kakamega","Shinyalu","Isukha South",2014,10.0713701248169
"Kakamega","Shinyalu","Isukha South",2015,15.1210174560547
"Kakamega","Shinyalu","Isukha South",2016,12.5377368927002
"Kakamega","Shinyalu","Isukha South",2017,18.7805480957031
"Kakamega","Shinyalu","Isukha South",2018,34.1907577514648
"Kakamega","Shinyalu","Isukha South",2019,41.9635162353516
"Kakamega","Shinyalu","Isukha South",2020,42.7613487243652
"Kakamega","Shinyalu","Isukha South",2021,45.9003105163574
"Kakamega","Shinyalu","Isukha South",2022,97.4538879394531
"Kakamega","Shinyalu","Isukha South",2023,135.222702026367
"Kakamega","Shinyalu","Isukha South",2024,134.705841064453
"Kakamega","Shinyalu","Isukha West",2012,1.82928383350372
"Kakamega","Shinyalu","Isukha West",2013,3.50770711898804
"Kakamega","Shinyalu","Isukha West",2014,1.51330435276031
"Kakamega","Shinyalu","Isukha West",2015,2.48453497886658
"Kakamega","Shinyalu","Isukha West",2016,2.29134440422058
"Kakamega","Shinyalu","Isukha West",2017,2.65539169311523
"Kakamega","Shinyalu","Isukha West",2018,6.92375659942627
"Kakamega","Shinyalu","Isukha West",2019,10.9592618942261
"Kakamega","Shinyalu","Isukha West",2020,11.7304840087891
"Kakamega","Shinyalu","Isukha West",2021,14.6627817153931
"Kakamega","Shinyalu","Isukha West",2022,39.2629776000977
"Kakamega","Shinyalu","Isukha West",2023,47.5606307983398
"Kakamega","Shinyalu","Isukha West",2024,50.9090576171875
"Kakamega","Shinyalu","Murhanda",2012,1.27096498012543
"Kakamega","Shinyalu","Murhanda",2013,1.56337296962738
"Kakamega","Shinyalu","Murhanda",2014,1.57332909107208
"Kakamega","Shinyalu","Murhanda",2015,1.67173051834106
"Kakamega","Shinyalu","Murhanda",2016,1.63290917873383
"Kakamega","Shinyalu","Murhanda",2017,1.99621653556824
"Kakamega","Shinyalu","Murhanda",2018,11.2675561904907
"Kakamega","Shinyalu","Murhanda",2019,22.2148513793945
"Kakamega","Shinyalu","Murhanda",2020,18.8680400848389
"Kakamega","Shinyalu","Murhanda",2021,19.7297668457031
"Kakamega","Shinyalu","Murhanda",2022,56.4977226257324
"Kakamega","Shinyalu","Murhanda",2023,70.7588500976562
"Kakamega","Shinyalu","Murhanda",2024,55.4808044433594
"Kericho","Ainamoi","Ainamoi",2012,0
"Kericho","Ainamoi","Ainamoi",2013,0
"Kericho","Ainamoi","Ainamoi",2014,0
"Kericho","Ainamoi","Ainamoi",2015,0
"Kericho","Ainamoi","Ainamoi",2016,0
"Kericho","Ainamoi","Ainamoi",2017,0
"Kericho","Ainamoi","Ainamoi",2018,3.55646729469299
"Kericho","Ainamoi","Ainamoi",2019,3.39027786254883
"Kericho","Ainamoi","Ainamoi",2020,6.32245969772339
"Kericho","Ainamoi","Ainamoi",2021,7.08058166503906
"Kericho","Ainamoi","Ainamoi",2022,9.89081287384033
"Kericho","Ainamoi","Ainamoi",2023,10.6726331710815
"Kericho","Ainamoi","Ainamoi",2024,19.6184177398682
"Kericho","Ainamoi","Kapkugerwet",2012,13.5805082321167
"Kericho","Ainamoi","Kapkugerwet",2013,10.7285861968994
"Kericho","Ainamoi","Kapkugerwet",2014,11.2571506500244
"Kericho","Ainamoi","Kapkugerwet",2015,17.8320846557617
"Kericho","Ainamoi","Kapkugerwet",2016,16.603666305542
"Kericho","Ainamoi","Kapkugerwet",2017,19.0309638977051
"Kericho","Ainamoi","Kapkugerwet",2018,35.2842216491699
"Kericho","Ainamoi","Kapkugerwet",2019,22.6482944488525
"Kericho","Ainamoi","Kapkugerwet",2020,26.3238925933838
"Kericho","Ainamoi","Kapkugerwet",2021,38.6625328063965
"Kericho","Ainamoi","Kapkugerwet",2022,52.7678146362305
"Kericho","Ainamoi","Kapkugerwet",2023,58.6463050842285
"Kericho","Ainamoi","Kapkugerwet",2024,60.3640747070312
"Kericho","Ainamoi","Kapsaos",2012,0
"Kericho","Ainamoi","Kapsaos",2013,0
"Kericho","Ainamoi","Kapsaos",2014,0
"Kericho","Ainamoi","Kapsaos",2015,0
"Kericho","Ainamoi","Kapsaos",2016,0
"Kericho","Ainamoi","Kapsaos",2017,0
"Kericho","Ainamoi","Kapsaos",2018,0
"Kericho","Ainamoi","Kapsaos",2019,0.247218072414398
"Kericho","Ainamoi","Kapsaos",2020,0
"Kericho","Ainamoi","Kapsaos",2021,0.602360308170319
"Kericho","Ainamoi","Kapsaos",2022,6.66698265075684
"Kericho","Ainamoi","Kapsaos",2023,4.73229742050171
"Kericho","Ainamoi","Kapsaos",2024,5.10016918182373
"Kericho","Ainamoi","Kapsoit",2012,0
"Kericho","Ainamoi","Kapsoit",2013,0
"Kericho","Ainamoi","Kapsoit",2014,0
"Kericho","Ainamoi","Kapsoit",2015,0
"Kericho","Ainamoi","Kapsoit",2016,0
"Kericho","Ainamoi","Kapsoit",2017,0.085901565849781
"Kericho","Ainamoi","Kapsoit",2018,0.627443492412567
"Kericho","Ainamoi","Kapsoit",2019,0.186435118317604
"Kericho","Ainamoi","Kapsoit",2020,0.192345157265663
"Kericho","Ainamoi","Kapsoit",2021,0.338593363761902
"Kericho","Ainamoi","Kapsoit",2022,6.52138900756836
"Kericho","Ainamoi","Kapsoit",2023,8.82455062866211
"Kericho","Ainamoi","Kapsoit",2024,10.3534469604492
"Kericho","Ainamoi","Kipchebor",2012,89.0971984863281
"Kericho","Ainamoi","Kipchebor",2013,114.283256530762
"Kericho","Ainamoi","Kipchebor",2014,143.894989013672
"Kericho","Ainamoi","Kipchebor",2015,164.907699584961
"Kericho","Ainamoi","Kipchebor",2016,216.393936157227
"Kericho","Ainamoi","Kipchebor",2017,311.670288085938
"Kericho","Ainamoi","Kipchebor",2018,416.187255859375
"Kericho","Ainamoi","Kipchebor",2019,356.055633544922
"Kericho","Ainamoi","Kipchebor",2020,337.493103027344
"Kericho","Ainamoi","Kipchebor",2021,353.090698242188
"Kericho","Ainamoi","Kipchebor",2022,361.418762207031
"Kericho","Ainamoi","Kipchebor",2023,381.053375244141
"Kericho","Ainamoi","Kipchebor",2024,401.585174560547
"Kericho","Ainamoi","Kipchimchim",2012,0.798310279846191
"Kericho","Ainamoi","Kipchimchim",2013,0.536667048931122
"Kericho","Ainamoi","Kipchimchim",2014,0.725581765174866
"Kericho","Ainamoi","Kipchimchim",2015,0.81623238325119
"Kericho","Ainamoi","Kipchimchim",2016,0
"Kericho","Ainamoi","Kipchimchim",2017,1.53112781047821
"Kericho","Ainamoi","Kipchimchim",2018,3.3872971534729
"Kericho","Ainamoi","Kipchimchim",2019,3.78288674354553
"Kericho","Ainamoi","Kipchimchim",2020,4.89022827148438
"Kericho","Ainamoi","Kipchimchim",2021,4.87259483337402
"Kericho","Ainamoi","Kipchimchim",2022,12.1858539581299
"Kericho","Ainamoi","Kipchimchim",2023,12.4893741607666
"Kericho","Ainamoi","Kipchimchim",2024,13.6065740585327
"Kericho","Belgut","Chaik",2012,32.0123252868652
"Kericho","Belgut","Chaik",2013,31.6298503875732
"Kericho","Belgut","Chaik",2014,41.1070938110352
"Kericho","Belgut","Chaik",2015,49.5681648254395
"Kericho","Belgut","Chaik",2016,37.7232894897461
"Kericho","Belgut","Chaik",2017,42.4707565307617
"Kericho","Belgut","Chaik",2018,83.9515151977539
"Kericho","Belgut","Chaik",2019,85.2509918212891
"Kericho","Belgut","Chaik",2020,92.1769943237305
"Kericho","Belgut","Chaik",2021,123.649688720703
"Kericho","Belgut","Chaik",2022,182.630920410156
"Kericho","Belgut","Chaik",2023,215.355529785156
"Kericho","Belgut","Chaik",2024,230.341064453125
"Kericho","Belgut","Cheptororiet/Seretut",2012,0
"Kericho","Belgut","Cheptororiet/Seretut",2013,0
"Kericho","Belgut","Cheptororiet/Seretut",2014,0.268981665372849
"Kericho","Belgut","Cheptororiet/Seretut",2015,0
"Kericho","Belgut","Cheptororiet/Seretut",2016,0
"Kericho","Belgut","Cheptororiet/Seretut",2017,0
"Kericho","Belgut","Cheptororiet/Seretut",2018,0.543879628181458
"Kericho","Belgut","Cheptororiet/Seretut",2019,0.975112617015839
"Kericho","Belgut","Cheptororiet/Seretut",2020,1.11027598381042
"Kericho","Belgut","Cheptororiet/Seretut",2021,4.16279363632202
"Kericho","Belgut","Cheptororiet/Seretut",2022,9.99707412719727
"Kericho","Belgut","Cheptororiet/Seretut",2023,13.1482944488525
"Kericho","Belgut","Cheptororiet/Seretut",2024,19.4460201263428
"Kericho","Belgut","Kabianga",2012,1.74814963340759
"Kericho","Belgut","Kabianga",2013,1.19259965419769
"Kericho","Belgut","Kabianga",2014,1.86205816268921
"Kericho","Belgut","Kabianga",2015,5.36717510223389
"Kericho","Belgut","Kabianga",2016,5.7001953125
"Kericho","Belgut","Kabianga",2017,14.9747686386108
"Kericho","Belgut","Kabianga",2018,65.9864883422852
"Kericho","Belgut","Kabianga",2019,66.6521301269531
"Kericho","Belgut","Kabianga",2020,59.8847465515137
"Kericho","Belgut","Kabianga",2021,73.3017501831055
"Kericho","Belgut","Kabianga",2022,76.5421981811523
"Kericho","Belgut","Kabianga",2023,66.4080963134766
"Kericho","Belgut","Kabianga",2024,73.5628814697266
"Kericho","Belgut","Kapsuser",2012,5.01908540725708
"Kericho","Belgut","Kapsuser",2013,5.4426097869873
"Kericho","Belgut","Kapsuser",2014,5.49383068084717
"Kericho","Belgut","Kapsuser",2015,5.75161933898926
"Kericho","Belgut","Kapsuser",2016,3.71409893035889
"Kericho","Belgut","Kapsuser",2017,27.8190727233887
"Kericho","Belgut","Kapsuser",2018,36.2835540771484
"Kericho","Belgut","Kapsuser",2019,23.7776584625244
"Kericho","Belgut","Kapsuser",2020,28.2387752532959
"Kericho","Belgut","Kapsuser",2021,29.3861541748047
"Kericho","Belgut","Kapsuser",2022,40.118766784668
"Kericho","Belgut","Kapsuser",2023,43.0627326965332
"Kericho","Belgut","Kapsuser",2024,41.7888565063477
"Kericho","Belgut","Waldai",2012,1.16958546638489
"Kericho","Belgut","Waldai",2013,1.24683511257172
"Kericho","Belgut","Waldai",2014,1.73460876941681
"Kericho","Belgut","Waldai",2015,1.82829487323761
"Kericho","Belgut","Waldai",2016,1.18147134780884
"Kericho","Belgut","Waldai",2017,4.36278915405273
"Kericho","Belgut","Waldai",2018,24.1684513092041
"Kericho","Belgut","Waldai",2019,14.8671913146973
"Kericho","Belgut","Waldai",2020,15.2608766555786
"Kericho","Belgut","Waldai",2021,15.7299585342407
"Kericho","Belgut","Waldai",2022,24.1599884033203
"Kericho","Belgut","Waldai",2023,22.2350540161133
"Kericho","Belgut","Waldai",2024,16.5098762512207
"Kericho","Bureti","Cheboin",2012,0
"Kericho","Bureti","Cheboin",2013,0
"Kericho","Bureti","Cheboin",2014,0
"Kericho","Bureti","Cheboin",2015,0
"Kericho","Bureti","Cheboin",2016,0
"Kericho","Bureti","Cheboin",2017,0
"Kericho","Bureti","Cheboin",2018,3.17223358154297
"Kericho","Bureti","Cheboin",2019,4.04675245285034
"Kericho","Bureti","Cheboin",2020,4.90587854385376
"Kericho","Bureti","Cheboin",2021,9.97746658325195
"Kericho","Bureti","Cheboin",2022,15.4390296936035
"Kericho","Bureti","Cheboin",2023,15.5060367584229
"Kericho","Bureti","Cheboin",2024,14.1346282958984
"Kericho","Bureti","Chemosot",2012,0.503302454948425
"Kericho","Bureti","Chemosot",2013,0
"Kericho","Bureti","Chemosot",2014,0
"Kericho","Bureti","Chemosot",2015,0.945993304252625
"Kericho","Bureti","Chemosot",2016,0
"Kericho","Bureti","Chemosot",2017,5.32404518127441
"Kericho","Bureti","Chemosot",2018,10.6420230865479
"Kericho","Bureti","Chemosot",2019,8.42085838317871
"Kericho","Bureti","Chemosot",2020,15.0243425369263
"Kericho","Bureti","Chemosot",2021,18.0393409729004
"Kericho","Bureti","Chemosot",2022,38.1358108520508
"Kericho","Bureti","Chemosot",2023,45.9424514770508
"Kericho","Bureti","Chemosot",2024,49.4167747497559
"Kericho","Bureti","Cheplanget",2012,0
"Kericho","Bureti","Cheplanget",2013,0.447190582752228
"Kericho","Bureti","Cheplanget",2014,0
"Kericho","Bureti","Cheplanget",2015,0
"Kericho","Bureti","Cheplanget",2016,0
"Kericho","Bureti","Cheplanget",2017,0
"Kericho","Bureti","Cheplanget",2018,0
"Kericho","Bureti","Cheplanget",2019,2.39953017234802
"Kericho","Bureti","Cheplanget",2020,1.49126577377319
"Kericho","Bureti","Cheplanget",2021,7.70338201522827
"Kericho","Bureti","Cheplanget",2022,8.85771942138672
"Kericho","Bureti","Cheplanget",2023,11.1997652053833
"Kericho","Bureti","Cheplanget",2024,8.30409526824951
"Kericho","Bureti","Kapkatet",2012,7.32962942123413
"Kericho","Bureti","Kapkatet",2013,8.15970325469971
"Kericho","Bureti","Kapkatet",2014,8.58612823486328
"Kericho","Bureti","Kapkatet",2015,11.0854015350342
"Kericho","Bureti","Kapkatet",2016,8.78077125549316
"Kericho","Bureti","Kapkatet",2017,16.8693733215332
"Kericho","Bureti","Kapkatet",2018,51.1924133300781
"Kericho","Bureti","Kapkatet",2019,59.1070404052734
"Kericho","Bureti","Kapkatet",2020,48.4068069458008
"Kericho","Bureti","Kapkatet",2021,46.9761085510254
"Kericho","Bureti","Kapkatet",2022,57.4714851379395
"Kericho","Bureti","Kapkatet",2023,62.7919425964355
"Kericho","Bureti","Kapkatet",2024,59.5034828186035
"Kericho","Bureti","Kisiara",2012,0.82273805141449
"Kericho","Bureti","Kisiara",2013,0.167846083641052
"Kericho","Bureti","Kisiara",2014,0.149710834026337
"Kericho","Bureti","Kisiara",2015,0.0311146434396505
"Kericho","Bureti","Kisiara",2016,0
"Kericho","Bureti","Kisiara",2017,0
"Kericho","Bureti","Kisiara",2018,2.88235998153687
"Kericho","Bureti","Kisiara",2019,4.2914924621582
"Kericho","Bureti","Kisiara",2020,3.36386299133301
"Kericho","Bureti","Kisiara",2021,3.03184819221497
"Kericho","Bureti","Kisiara",2022,16.0446815490723
"Kericho","Bureti","Kisiara",2023,13.4472122192383
"Kericho","Bureti","Kisiara",2024,11.43128490448
"Kericho","Bureti","Litein",2012,7.5688328742981
"Kericho","Bureti","Litein",2013,7.31645441055298
"Kericho","Bureti","Litein",2014,8.39403247833252
"Kericho","Bureti","Litein",2015,10.4812068939209
"Kericho","Bureti","Litein",2016,8.60703372955322
"Kericho","Bureti","Litein",2017,20.2961406707764
"Kericho","Bureti","Litein",2018,33.8337821960449
"Kericho","Bureti","Litein",2019,38.5132255554199
"Kericho","Bureti","Litein",2020,37.1516647338867
"Kericho","Bureti","Litein",2021,36.4866600036621
"Kericho","Bureti","Litein",2022,39.4592132568359
"Kericho","Bureti","Litein",2023,51.683422088623
"Kericho","Bureti","Litein",2024,54.4949226379395
"Kericho","Bureti","Tebesonik",2012,2.88556432723999
"Kericho","Bureti","Tebesonik",2013,2.951416015625
"Kericho","Bureti","Tebesonik",2014,1.0911191701889
"Kericho","Bureti","Tebesonik",2015,1.14656043052673
"Kericho","Bureti","Tebesonik",2016,0.569665908813477
"Kericho","Bureti","Tebesonik",2017,0.54499739408493
"Kericho","Bureti","Tebesonik",2018,11.321159362793
"Kericho","Bureti","Tebesonik",2019,14.8232135772705
"Kericho","Bureti","Tebesonik",2020,7.86840295791626
"Kericho","Bureti","Tebesonik",2021,15.5636186599731
"Kericho","Bureti","Tebesonik",2022,26.4909229278564
"Kericho","Bureti","Tebesonik",2023,30.1373805999756
"Kericho","Bureti","Tebesonik",2024,24.1511535644531
"Kericho","Kipkelion East","Chepseon",2012,11.1313524246216
"Kericho","Kipkelion East","Chepseon",2013,6.11693429946899
"Kericho","Kipkelion East","Chepseon",2014,6.28434610366821
"Kericho","Kipkelion East","Chepseon",2015,7.71124935150146
"Kericho","Kipkelion East","Chepseon",2016,7.72566413879395
"Kericho","Kipkelion East","Chepseon",2017,10.8814344406128
"Kericho","Kipkelion East","Chepseon",2018,33.5180702209473
"Kericho","Kipkelion East","Chepseon",2019,31.3465709686279
"Kericho","Kipkelion East","Chepseon",2020,22.3120918273926
"Kericho","Kipkelion East","Chepseon",2021,38.2745895385742
"Kericho","Kipkelion East","Chepseon",2022,79.9655456542969
"Kericho","Kipkelion East","Chepseon",2023,69.2400665283203
"Kericho","Kipkelion East","Chepseon",2024,64.386116027832
"Kericho","Kipkelion East","Kedowa/Kimugul",2012,1.07626831531525
"Kericho","Kipkelion East","Kedowa/Kimugul",2013,1.39672374725342
"Kericho","Kipkelion East","Kedowa/Kimugul",2014,1.57650578022003
"Kericho","Kipkelion East","Kedowa/Kimugul",2015,3.34404873847961
"Kericho","Kipkelion East","Kedowa/Kimugul",2016,7.15495491027832
"Kericho","Kipkelion East","Kedowa/Kimugul",2017,14.0546579360962
"Kericho","Kipkelion East","Kedowa/Kimugul",2018,47.2409934997559
"Kericho","Kipkelion East","Kedowa/Kimugul",2019,41.9946517944336
"Kericho","Kipkelion East","Kedowa/Kimugul",2020,58.7623901367188
"Kericho","Kipkelion East","Kedowa/Kimugul",2021,96.0141906738281
"Kericho","Kipkelion East","Kedowa/Kimugul",2022,103.585357666016
"Kericho","Kipkelion East","Kedowa/Kimugul",2023,92.6840667724609
"Kericho","Kipkelion East","Kedowa/Kimugul",2024,96.2107849121094
"Kericho","Kipkelion East","Londiani",2012,0
"Kericho","Kipkelion East","Londiani",2013,0
"Kericho","Kipkelion East","Londiani",2014,0
"Kericho","Kipkelion East","Londiani",2015,0
"Kericho","Kipkelion East","Londiani",2016,0
"Kericho","Kipkelion East","Londiani",2017,0
"Kericho","Kipkelion East","Londiani",2018,5.78013706207275
"Kericho","Kipkelion East","Londiani",2019,13.7553625106812
"Kericho","Kipkelion East","Londiani",2020,7.55767679214478
"Kericho","Kipkelion East","Londiani",2021,13.2096080780029
"Kericho","Kipkelion East","Londiani",2022,10.5066471099854
"Kericho","Kipkelion East","Londiani",2023,9.55522727966309
"Kericho","Kipkelion East","Londiani",2024,26.7388763427734
"Kericho","Kipkelion East","Tendeno/Sorget",2012,3.96850371360779
"Kericho","Kipkelion East","Tendeno/Sorget",2013,2.88666200637817
"Kericho","Kipkelion East","Tendeno/Sorget",2014,2.12287878990173
"Kericho","Kipkelion East","Tendeno/Sorget",2015,0
"Kericho","Kipkelion East","Tendeno/Sorget",2016,0
"Kericho","Kipkelion East","Tendeno/Sorget",2017,0
"Kericho","Kipkelion East","Tendeno/Sorget",2018,1.42987489700317
"Kericho","Kipkelion East","Tendeno/Sorget",2019,1.40279150009155
"Kericho","Kipkelion East","Tendeno/Sorget",2020,0.72957181930542
"Kericho","Kipkelion East","Tendeno/Sorget",2021,0
"Kericho","Kipkelion East","Tendeno/Sorget",2022,0.739163219928741
"Kericho","Kipkelion East","Tendeno/Sorget",2023,0.231573164463043
"Kericho","Kipkelion East","Tendeno/Sorget",2024,4.54021167755127
"Kericho","Kipkelion West","Chilchila",2012,0
"Kericho","Kipkelion West","Chilchila",2013,0
"Kericho","Kipkelion West","Chilchila",2014,0
"Kericho","Kipkelion West","Chilchila",2015,0
"Kericho","Kipkelion West","Chilchila",2016,0
"Kericho","Kipkelion West","Chilchila",2017,2.79146957397461
"Kericho","Kipkelion West","Chilchila",2018,6.64310169219971
"Kericho","Kipkelion West","Chilchila",2019,7.36743593215942
"Kericho","Kipkelion West","Chilchila",2020,1.36441779136658
"Kericho","Kipkelion West","Chilchila",2021,0.578429102897644
"Kericho","Kipkelion West","Chilchila",2022,3.21883416175842
"Kericho","Kipkelion West","Chilchila",2023,5.95020008087158
"Kericho","Kipkelion West","Chilchila",2024,6.55819368362427
"Kericho","Kipkelion West","Kamasian",2012,0
"Kericho","Kipkelion West","Kamasian",2013,0
"Kericho","Kipkelion West","Kamasian",2014,0
"Kericho","Kipkelion West","Kamasian",2015,0
"Kericho","Kipkelion West","Kamasian",2016,0
"Kericho","Kipkelion West","Kamasian",2017,0
"Kericho","Kipkelion West","Kamasian",2018,0
"Kericho","Kipkelion West","Kamasian",2019,0
"Kericho","Kipkelion West","Kamasian",2020,1.1043975353241
"Kericho","Kipkelion West","Kamasian",2021,5.82061862945557
"Kericho","Kipkelion West","Kamasian",2022,18.3194255828857
"Kericho","Kipkelion West","Kamasian",2023,17.9320735931396
"Kericho","Kipkelion West","Kamasian",2024,15.1243543624878
"Kericho","Kipkelion West","Kipkelion",2012,0
"Kericho","Kipkelion West","Kipkelion",2013,0
"Kericho","Kipkelion West","Kipkelion",2014,0
"Kericho","Kipkelion West","Kipkelion",2015,0
"Kericho","Kipkelion West","Kipkelion",2016,0
"Kericho","Kipkelion West","Kipkelion",2017,0
"Kericho","Kipkelion West","Kipkelion",2018,10.5451383590698
"Kericho","Kipkelion West","Kipkelion",2019,6.52834177017212
"Kericho","Kipkelion West","Kipkelion",2020,5.37801694869995
"Kericho","Kipkelion West","Kipkelion",2021,11.8800344467163
"Kericho","Kipkelion West","Kipkelion",2022,27.9868335723877
"Kericho","Kipkelion West","Kipkelion",2023,26.2932548522949
"Kericho","Kipkelion West","Kipkelion",2024,25.1985034942627
"Kericho","Kipkelion West","Kunyak",2012,0
"Kericho","Kipkelion West","Kunyak",2013,0
"Kericho","Kipkelion West","Kunyak",2014,0
"Kericho","Kipkelion West","Kunyak",2015,0
"Kericho","Kipkelion West","Kunyak",2016,0
"Kericho","Kipkelion West","Kunyak",2017,0
"Kericho","Kipkelion West","Kunyak",2018,0
"Kericho","Kipkelion West","Kunyak",2019,0
"Kericho","Kipkelion West","Kunyak",2020,0
"Kericho","Kipkelion West","Kunyak",2021,0
"Kericho","Kipkelion West","Kunyak",2022,0
"Kericho","Kipkelion West","Kunyak",2023,0
"Kericho","Kipkelion West","Kunyak",2024,0
"Kericho","Sigowet/Soin","Kaplelartet",2012,2.09181952476501
"Kericho","Sigowet/Soin","Kaplelartet",2013,1.41772961616516
"Kericho","Sigowet/Soin","Kaplelartet",2014,0.691526412963867
"Kericho","Sigowet/Soin","Kaplelartet",2015,2.01957631111145
"Kericho","Sigowet/Soin","Kaplelartet",2016,1.99123406410217
"Kericho","Sigowet/Soin","Kaplelartet",2017,4.10161781311035
"Kericho","Sigowet/Soin","Kaplelartet",2018,12.1432762145996
"Kericho","Sigowet/Soin","Kaplelartet",2019,14.0117292404175
"Kericho","Sigowet/Soin","Kaplelartet",2020,9.3615026473999
"Kericho","Sigowet/Soin","Kaplelartet",2021,14.9646997451782
"Kericho","Sigowet/Soin","Kaplelartet",2022,16.2870807647705
"Kericho","Sigowet/Soin","Kaplelartet",2023,23.4103527069092
"Kericho","Sigowet/Soin","Kaplelartet",2024,23.0089340209961
"Kericho","Sigowet/Soin","Sigowet",2012,0
"Kericho","Sigowet/Soin","Sigowet",2013,0
"Kericho","Sigowet/Soin","Sigowet",2014,0
"Kericho","Sigowet/Soin","Sigowet",2015,0
"Kericho","Sigowet/Soin","Sigowet",2016,0
"Kericho","Sigowet/Soin","Sigowet",2017,1.15074515342712
"Kericho","Sigowet/Soin","Sigowet",2018,13.5091342926025
"Kericho","Sigowet/Soin","Sigowet",2019,12.1337594985962
"Kericho","Sigowet/Soin","Sigowet",2020,14.8171234130859
"Kericho","Sigowet/Soin","Sigowet",2021,24.8946723937988
"Kericho","Sigowet/Soin","Sigowet",2022,48.7454261779785
"Kericho","Sigowet/Soin","Sigowet",2023,42.9575004577637
"Kericho","Sigowet/Soin","Sigowet",2024,38.3088607788086
"Kericho","Sigowet/Soin","Soin",2012,17.9688549041748
"Kericho","Sigowet/Soin","Soin",2013,38.6303100585938
"Kericho","Sigowet/Soin","Soin",2014,39.9058265686035
"Kericho","Sigowet/Soin","Soin",2015,41.4119033813477
"Kericho","Sigowet/Soin","Soin",2016,31.4565849304199
"Kericho","Sigowet/Soin","Soin",2017,43.3239288330078
"Kericho","Sigowet/Soin","Soin",2018,68.8661727905273
"Kericho","Sigowet/Soin","Soin",2019,82.9101867675781
"Kericho","Sigowet/Soin","Soin",2020,63.8901863098145
"Kericho","Sigowet/Soin","Soin",2021,67.744010925293
"Kericho","Sigowet/Soin","Soin",2022,102.081901550293
"Kericho","Sigowet/Soin","Soin",2023,105.260528564453
"Kericho","Sigowet/Soin","Soin",2024,123.497970581055
"Kericho","Sigowet/Soin","Soliat",2012,0
"Kericho","Sigowet/Soin","Soliat",2013,0
"Kericho","Sigowet/Soin","Soliat",2014,0
"Kericho","Sigowet/Soin","Soliat",2015,0
"Kericho","Sigowet/Soin","Soliat",2016,0
"Kericho","Sigowet/Soin","Soliat",2017,0
"Kericho","Sigowet/Soin","Soliat",2018,2.25336837768555
"Kericho","Sigowet/Soin","Soliat",2019,1.17206978797913
"Kericho","Sigowet/Soin","Soliat",2020,5.94366455078125
"Kericho","Sigowet/Soin","Soliat",2021,12.3305625915527
"Kericho","Sigowet/Soin","Soliat",2022,13.0745639801025
"Kericho","Sigowet/Soin","Soliat",2023,14.1423444747925
"Kericho","Sigowet/Soin","Soliat",2024,14.4333190917969
"Kiambu","Gatundu North","Chania",2012,3.24728965759277
"Kiambu","Gatundu North","Chania",2013,1.18528723716736
"Kiambu","Gatundu North","Chania",2014,3.99664950370789
"Kiambu","Gatundu North","Chania",2015,2.52701449394226
"Kiambu","Gatundu North","Chania",2016,2.19352912902832
"Kiambu","Gatundu North","Chania",2017,1.44828379154205
"Kiambu","Gatundu North","Chania",2018,9.07868480682373
"Kiambu","Gatundu North","Chania",2019,24.3123264312744
"Kiambu","Gatundu North","Chania",2020,21.0534572601318
"Kiambu","Gatundu North","Chania",2021,60.6616859436035
"Kiambu","Gatundu North","Chania",2022,103.668739318848
"Kiambu","Gatundu North","Chania",2023,129.622268676758
"Kiambu","Gatundu North","Chania",2024,145.658309936523
"Kiambu","Gatundu North","Githobokoni",2012,3.10110211372375
"Kiambu","Gatundu North","Githobokoni",2013,1.96368229389191
"Kiambu","Gatundu North","Githobokoni",2014,4.57262086868286
"Kiambu","Gatundu North","Githobokoni",2015,1.08743417263031
"Kiambu","Gatundu North","Githobokoni",2016,1.27330327033997
"Kiambu","Gatundu North","Githobokoni",2017,2.51996684074402
"Kiambu","Gatundu North","Githobokoni",2018,3.00854516029358
"Kiambu","Gatundu North","Githobokoni",2019,18.4351997375488
"Kiambu","Gatundu North","Githobokoni",2020,12.2486248016357
"Kiambu","Gatundu North","Githobokoni",2021,31.449068069458
"Kiambu","Gatundu North","Githobokoni",2022,73.4549102783203
"Kiambu","Gatundu North","Githobokoni",2023,86.87890625
"Kiambu","Gatundu North","Githobokoni",2024,96.2833480834961
"Kiambu","Gatundu North","Gituamba",2012,3.18443322181702
"Kiambu","Gatundu North","Gituamba",2013,2.44745898246765
"Kiambu","Gatundu North","Gituamba",2014,4.91021728515625
"Kiambu","Gatundu North","Gituamba",2015,2.79139089584351
"Kiambu","Gatundu North","Gituamba",2016,3.29328227043152
"Kiambu","Gatundu North","Gituamba",2017,3.73751926422119
"Kiambu","Gatundu North","Gituamba",2018,5.62587022781372
"Kiambu","Gatundu North","Gituamba",2019,7.32342100143433
"Kiambu","Gatundu North","Gituamba",2020,15.3703603744507
"Kiambu","Gatundu North","Gituamba",2021,73.0259704589844
"Kiambu","Gatundu North","Gituamba",2022,86.751350402832
"Kiambu","Gatundu North","Gituamba",2023,68.2982177734375
"Kiambu","Gatundu North","Gituamba",2024,83.7810668945312
"Kiambu","Gatundu North","Mang'U",2012,9.15597152709961
"Kiambu","Gatundu North","Mang'U",2013,2.47840762138367
"Kiambu","Gatundu North","Mang'U",2014,15.0985975265503
"Kiambu","Gatundu North","Mang'U",2015,7.31190538406372
"Kiambu","Gatundu North","Mang'U",2016,7.05310821533203
"Kiambu","Gatundu North","Mang'U",2017,26.7857246398926
"Kiambu","Gatundu North","Mang'U",2018,36.0735855102539
"Kiambu","Gatundu North","Mang'U",2019,109.909706115723
"Kiambu","Gatundu North","Mang'U",2020,118.143089294434
"Kiambu","Gatundu North","Mang'U",2021,175.548004150391
"Kiambu","Gatundu North","Mang'U",2022,248.607818603516
"Kiambu","Gatundu North","Mang'U",2023,299.077331542969
"Kiambu","Gatundu North","Mang'U",2024,281.488555908203
"Kiambu","Gatundu South","Kiamwangi",2012,0.968490600585938
"Kiambu","Gatundu South","Kiamwangi",2013,0.0555435530841351
"Kiambu","Gatundu South","Kiamwangi",2014,1.38079142570496
"Kiambu","Gatundu South","Kiamwangi",2015,3.10639882087708
"Kiambu","Gatundu South","Kiamwangi",2016,1.73996531963348
"Kiambu","Gatundu South","Kiamwangi",2017,28.1334381103516
"Kiambu","Gatundu South","Kiamwangi",2018,33.9579544067383
"Kiambu","Gatundu South","Kiamwangi",2019,39.0135307312012
"Kiambu","Gatundu South","Kiamwangi",2020,73.4911956787109
"Kiambu","Gatundu South","Kiamwangi",2021,119.386352539062
"Kiambu","Gatundu South","Kiamwangi",2022,187.59733581543
"Kiambu","Gatundu South","Kiamwangi",2023,196.153579711914
"Kiambu","Gatundu South","Kiamwangi",2024,173.618759155273
"Kiambu","Gatundu South","Kiganjo",2012,6.71987628936768
"Kiambu","Gatundu South","Kiganjo",2013,9.38644504547119
"Kiambu","Gatundu South","Kiganjo",2014,15.0848693847656
"Kiambu","Gatundu South","Kiganjo",2015,8.45582485198975
"Kiambu","Gatundu South","Kiganjo",2016,6.22757196426392
"Kiambu","Gatundu South","Kiganjo",2017,43.7227363586426
"Kiambu","Gatundu South","Kiganjo",2018,50.6320457458496
"Kiambu","Gatundu South","Kiganjo",2019,22.1956939697266
"Kiambu","Gatundu South","Kiganjo",2020,30.9613285064697
"Kiambu","Gatundu South","Kiganjo",2021,60.1503372192383
"Kiambu","Gatundu South","Kiganjo",2022,163.895202636719
"Kiambu","Gatundu South","Kiganjo",2023,179.026397705078
"Kiambu","Gatundu South","Kiganjo",2024,189.953216552734
"Kiambu","Gatundu South","Ndarugu",2012,2.82921528816223
"Kiambu","Gatundu South","Ndarugu",2013,1.23790407180786
"Kiambu","Gatundu South","Ndarugu",2014,1.53717410564423
"Kiambu","Gatundu South","Ndarugu",2015,0
"Kiambu","Gatundu South","Ndarugu",2016,0
"Kiambu","Gatundu South","Ndarugu",2017,35.1715393066406
"Kiambu","Gatundu South","Ndarugu",2018,32.7006301879883
"Kiambu","Gatundu South","Ndarugu",2019,22.5762176513672
"Kiambu","Gatundu South","Ndarugu",2020,29.0270309448242
"Kiambu","Gatundu South","Ndarugu",2021,37.4402275085449
"Kiambu","Gatundu South","Ndarugu",2022,85.9804229736328
"Kiambu","Gatundu South","Ndarugu",2023,86.2990493774414
"Kiambu","Gatundu South","Ndarugu",2024,109.479232788086
"Kiambu","Gatundu South","Ngenda",2012,42.0392074584961
"Kiambu","Gatundu South","Ngenda",2013,47.5435523986816
"Kiambu","Gatundu South","Ngenda",2014,50.1224632263184
"Kiambu","Gatundu South","Ngenda",2015,92.1601867675781
"Kiambu","Gatundu South","Ngenda",2016,110.025177001953
"Kiambu","Gatundu South","Ngenda",2017,133.855072021484
"Kiambu","Gatundu South","Ngenda",2018,194.52180480957
"Kiambu","Gatundu South","Ngenda",2019,186.418121337891
"Kiambu","Gatundu South","Ngenda",2020,195.342895507812
"Kiambu","Gatundu South","Ngenda",2021,257.559631347656
"Kiambu","Gatundu South","Ngenda",2022,338.997894287109
"Kiambu","Gatundu South","Ngenda",2023,365.944488525391
"Kiambu","Gatundu South","Ngenda",2024,340.110412597656
"Kiambu","Githunguri","Githiga",2012,19.4999542236328
"Kiambu","Githunguri","Githiga",2013,17.3013935089111
"Kiambu","Githunguri","Githiga",2014,47.1316528320312
"Kiambu","Githunguri","Githiga",2015,30.3003311157227
"Kiambu","Githunguri","Githiga",2016,28.6348304748535
"Kiambu","Githunguri","Githiga",2017,28.1814765930176
"Kiambu","Githunguri","Githiga",2018,25.7765598297119
"Kiambu","Githunguri","Githiga",2019,26.0726318359375
"Kiambu","Githunguri","Githiga",2020,43.5314025878906
"Kiambu","Githunguri","Githiga",2021,89.7182922363281
"Kiambu","Githunguri","Githiga",2022,148.506256103516
"Kiambu","Githunguri","Githiga",2023,177.851608276367
"Kiambu","Githunguri","Githiga",2024,170.936157226562
"Kiambu","Githunguri","Githunguri",2012,38.7985000610352
"Kiambu","Githunguri","Githunguri",2013,51.3128089904785
"Kiambu","Githunguri","Githunguri",2014,61.1888885498047
"Kiambu","Githunguri","Githunguri",2015,67.5423355102539
"Kiambu","Githunguri","Githunguri",2016,48.7349815368652
"Kiambu","Githunguri","Githunguri",2017,69.6477508544922
"Kiambu","Githunguri","Githunguri",2018,84.2210006713867
"Kiambu","Githunguri","Githunguri",2019,103.662757873535
"Kiambu","Githunguri","Githunguri",2020,95.0660171508789
"Kiambu","Githunguri","Githunguri",2021,176.391876220703
"Kiambu","Githunguri","Githunguri",2022,282.044921875
"Kiambu","Githunguri","Githunguri",2023,319.924713134766
"Kiambu","Githunguri","Githunguri",2024,314.026153564453
"Kiambu","Githunguri","Ikinu",2012,27.6618232727051
"Kiambu","Githunguri","Ikinu",2013,29.422342300415
"Kiambu","Githunguri","Ikinu",2014,62.1586380004883
"Kiambu","Githunguri","Ikinu",2015,60.4520530700684
"Kiambu","Githunguri","Ikinu",2016,32.0105133056641
"Kiambu","Githunguri","Ikinu",2017,60.3115539550781
"Kiambu","Githunguri","Ikinu",2018,62.3093528747559
"Kiambu","Githunguri","Ikinu",2019,74.3115386962891
"Kiambu","Githunguri","Ikinu",2020,92.2714004516602
"Kiambu","Githunguri","Ikinu",2021,144.565017700195
"Kiambu","Githunguri","Ikinu",2022,205.90266418457
"Kiambu","Githunguri","Ikinu",2023,246.781951904297
"Kiambu","Githunguri","Ikinu",2024,229.127838134766
"Kiambu","Githunguri","Komothai",2012,14.9698352813721
"Kiambu","Githunguri","Komothai",2013,9.36046123504639
"Kiambu","Githunguri","Komothai",2014,26.6397247314453
"Kiambu","Githunguri","Komothai",2015,23.9838924407959
"Kiambu","Githunguri","Komothai",2016,12.197208404541
"Kiambu","Githunguri","Komothai",2017,36.0067329406738
"Kiambu","Githunguri","Komothai",2018,38.2309989929199
"Kiambu","Githunguri","Komothai",2019,27.9272537231445
"Kiambu","Githunguri","Komothai",2020,45.6660461425781
"Kiambu","Githunguri","Komothai",2021,90.973030090332
"Kiambu","Githunguri","Komothai",2022,184.799011230469
"Kiambu","Githunguri","Komothai",2023,225.527648925781
"Kiambu","Githunguri","Komothai",2024,216.457153320312
"Kiambu","Githunguri","Ngewa",2012,26.433385848999
"Kiambu","Githunguri","Ngewa",2013,34.2250747680664
"Kiambu","Githunguri","Ngewa",2014,69.019172668457
"Kiambu","Githunguri","Ngewa",2015,57.3232803344727
"Kiambu","Githunguri","Ngewa",2016,39.7104835510254
"Kiambu","Githunguri","Ngewa",2017,57.2376556396484
"Kiambu","Githunguri","Ngewa",2018,64.3110580444336
"Kiambu","Githunguri","Ngewa",2019,49.6104507446289
"Kiambu","Githunguri","Ngewa",2020,41.6314086914062
"Kiambu","Githunguri","Ngewa",2021,100.949104309082
"Kiambu","Githunguri","Ngewa",2022,171.573684692383
"Kiambu","Githunguri","Ngewa",2023,201.028198242188
"Kiambu","Githunguri","Ngewa",2024,188.230133056641
"Kiambu","Juja","Juja",2012,162.142623901367
"Kiambu","Juja","Juja",2013,175.652618408203
"Kiambu","Juja","Juja",2014,253.007675170898
"Kiambu","Juja","Juja",2015,227.934677124023
"Kiambu","Juja","Juja",2016,261.562377929688
"Kiambu","Juja","Juja",2017,283.915008544922
"Kiambu","Juja","Juja",2018,359.529449462891
"Kiambu","Juja","Juja",2019,406.697570800781
"Kiambu","Juja","Juja",2020,481.135162353516
"Kiambu","Juja","Juja",2021,620.786376953125
"Kiambu","Juja","Juja",2022,767.040832519531
"Kiambu","Juja","Juja",2023,800.963928222656
"Kiambu","Juja","Juja",2024,820.085266113281
"Kiambu","Juja","Kalimoni",2012,201.980697631836
"Kiambu","Juja","Kalimoni",2013,236.727172851562
"Kiambu","Juja","Kalimoni",2014,338.472869873047
"Kiambu","Juja","Kalimoni",2015,396.432556152344
"Kiambu","Juja","Kalimoni",2016,476.628448486328
"Kiambu","Juja","Kalimoni",2017,542.55224609375
"Kiambu","Juja","Kalimoni",2018,601.211669921875
"Kiambu","Juja","Kalimoni",2019,820.051025390625
"Kiambu","Juja","Kalimoni",2020,937.815612792969
"Kiambu","Juja","Kalimoni",2021,1332.16381835938
"Kiambu","Juja","Kalimoni",2022,1654.44409179688
"Kiambu","Juja","Kalimoni",2023,1757.29284667969
"Kiambu","Juja","Kalimoni",2024,1682.80200195312
"Kiambu","Juja","Murera",2012,152.45280456543
"Kiambu","Juja","Murera",2013,191.095657348633
"Kiambu","Juja","Murera",2014,269.894927978516
"Kiambu","Juja","Murera",2015,280.313659667969
"Kiambu","Juja","Murera",2016,337.433197021484
"Kiambu","Juja","Murera",2017,423.280975341797
"Kiambu","Juja","Murera",2018,588.848754882812
"Kiambu","Juja","Murera",2019,818.923583984375
"Kiambu","Juja","Murera",2020,907.783508300781
"Kiambu","Juja","Murera",2021,1284.90502929688
"Kiambu","Juja","Murera",2022,1671.78637695312
"Kiambu","Juja","Murera",2023,1855.01989746094
"Kiambu","Juja","Murera",2024,1755.44860839844
"Kiambu","Juja","Theta",2012,17.2477245330811
"Kiambu","Juja","Theta",2013,14.7094049453735
"Kiambu","Juja","Theta",2014,46.3381958007812
"Kiambu","Juja","Theta",2015,34.9814720153809
"Kiambu","Juja","Theta",2016,25.603588104248
"Kiambu","Juja","Theta",2017,42.9264450073242
"Kiambu","Juja","Theta",2018,58.0005302429199
"Kiambu","Juja","Theta",2019,77.5834808349609
"Kiambu","Juja","Theta",2020,98.7615814208984
"Kiambu","Juja","Theta",2021,149.064300537109
"Kiambu","Juja","Theta",2022,211.609024047852
"Kiambu","Juja","Theta",2023,229.505981445312
"Kiambu","Juja","Theta",2024,233.413040161133
"Kiambu","Juja","Witeithie",2012,58.6325492858887
"Kiambu","Juja","Witeithie",2013,80.9295806884766
"Kiambu","Juja","Witeithie",2014,162.84147644043
"Kiambu","Juja","Witeithie",2015,118.522758483887
"Kiambu","Juja","Witeithie",2016,110.842582702637
"Kiambu","Juja","Witeithie",2017,145.108367919922
"Kiambu","Juja","Witeithie",2018,189.539321899414
"Kiambu","Juja","Witeithie",2019,230.620178222656
"Kiambu","Juja","Witeithie",2020,249.710556030273
"Kiambu","Juja","Witeithie",2021,297.071990966797
"Kiambu","Juja","Witeithie",2022,415.865753173828
"Kiambu","Juja","Witeithie",2023,448.680389404297
"Kiambu","Juja","Witeithie",2024,431.295959472656
"Kiambu","Kabete","Gitaru",2012,68.9027786254883
"Kiambu","Kabete","Gitaru",2013,81.083740234375
"Kiambu","Kabete","Gitaru",2014,97.6984481811523
"Kiambu","Kabete","Gitaru",2015,100.287826538086
"Kiambu","Kabete","Gitaru",2016,151.211166381836
"Kiambu","Kabete","Gitaru",2017,150.734466552734
"Kiambu","Kabete","Gitaru",2018,162.605804443359
"Kiambu","Kabete","Gitaru",2019,199.059921264648
"Kiambu","Kabete","Gitaru",2020,209.949356079102
"Kiambu","Kabete","Gitaru",2021,333.641540527344
"Kiambu","Kabete","Gitaru",2022,396.40771484375
"Kiambu","Kabete","Gitaru",2023,500.815368652344
"Kiambu","Kabete","Gitaru",2024,372.212463378906
"Kiambu","Kabete","Kabete",2012,64.7360305786133
"Kiambu","Kabete","Kabete",2013,68.5244979858398
"Kiambu","Kabete","Kabete",2014,74.2994995117188
"Kiambu","Kabete","Kabete",2015,70.4539337158203
"Kiambu","Kabete","Kabete",2016,85.0774307250977
"Kiambu","Kabete","Kabete",2017,91.7535858154297
"Kiambu","Kabete","Kabete",2018,100.483863830566
"Kiambu","Kabete","Kabete",2019,127.435272216797
"Kiambu","Kabete","Kabete",2020,124.708709716797
"Kiambu","Kabete","Kabete",2021,210.444763183594
"Kiambu","Kabete","Kabete",2022,261.317230224609
"Kiambu","Kabete","Kabete",2023,380.025207519531
"Kiambu","Kabete","Kabete",2024,342.6982421875
"Kiambu","Kabete","Muguga",2012,29.8033847808838
"Kiambu","Kabete","Muguga",2013,37.0515289306641
"Kiambu","Kabete","Muguga",2014,59.0245132446289
"Kiambu","Kabete","Muguga",2015,56.7853317260742
"Kiambu","Kabete","Muguga",2016,47.5371780395508
"Kiambu","Kabete","Muguga",2017,63.8542022705078
"Kiambu","Kabete","Muguga",2018,61.8274230957031
"Kiambu","Kabete","Muguga",2019,80.0211181640625
"Kiambu","Kabete","Muguga",2020,90.1517944335938
"Kiambu","Kabete","Muguga",2021,199.722717285156
"Kiambu","Kabete","Muguga",2022,263.463928222656
"Kiambu","Kabete","Muguga",2023,328.627868652344
"Kiambu","Kabete","Muguga",2024,247.117034912109
"Kiambu","Kabete","Nyadhuna",2012,54.2001914978027
"Kiambu","Kabete","Nyadhuna",2013,62.8968238830566
"Kiambu","Kabete","Nyadhuna",2014,82.6842346191406
"Kiambu","Kabete","Nyadhuna",2015,73.5893478393555
"Kiambu","Kabete","Nyadhuna",2016,77.9769134521484
"Kiambu","Kabete","Nyadhuna",2017,82.6655883789062
"Kiambu","Kabete","Nyadhuna",2018,81.5293807983398
"Kiambu","Kabete","Nyadhuna",2019,107.024337768555
"Kiambu","Kabete","Nyadhuna",2020,111.636817932129
"Kiambu","Kabete","Nyadhuna",2021,204.229187011719
"Kiambu","Kabete","Nyadhuna",2022,266.234344482422
"Kiambu","Kabete","Nyadhuna",2023,330.552032470703
"Kiambu","Kabete","Nyadhuna",2024,282.02001953125
"Kiambu","Kabete","Uthiru",2012,17.1133098602295
"Kiambu","Kabete","Uthiru",2013,22.6443843841553
"Kiambu","Kabete","Uthiru",2014,27.4438381195068
"Kiambu","Kabete","Uthiru",2015,26.3134498596191
"Kiambu","Kabete","Uthiru",2016,29.5501918792725
"Kiambu","Kabete","Uthiru",2017,36.381217956543
"Kiambu","Kabete","Uthiru",2018,35.1888465881348
"Kiambu","Kabete","Uthiru",2019,47.8103523254395
"Kiambu","Kabete","Uthiru",2020,48.357292175293
"Kiambu","Kabete","Uthiru",2021,70.1623916625977
"Kiambu","Kabete","Uthiru",2022,83.5585632324219
"Kiambu","Kabete","Uthiru",2023,96.7509689331055
"Kiambu","Kabete","Uthiru",2024,90.3043060302734
"Kiambu","Kiambaa","Cianda",2012,58.5521812438965
"Kiambu","Kiambaa","Cianda",2013,52.2905616760254
"Kiambu","Kiambaa","Cianda",2014,103.154708862305
"Kiambu","Kiambaa","Cianda",2015,88.0827941894531
"Kiambu","Kiambaa","Cianda",2016,82.3457412719727
"Kiambu","Kiambaa","Cianda",2017,97.0586318969727
"Kiambu","Kiambaa","Cianda",2018,92.8689041137695
"Kiambu","Kiambaa","Cianda",2019,115.520683288574
"Kiambu","Kiambaa","Cianda",2020,93.2227020263672
"Kiambu","Kiambaa","Cianda",2021,131.107696533203
"Kiambu","Kiambaa","Cianda",2022,166.504425048828
"Kiambu","Kiambaa","Cianda",2023,196.074142456055
"Kiambu","Kiambaa","Cianda",2024,180.412048339844
"Kiambu","Kiambaa","Karuri",2012,78.0380020141602
"Kiambu","Kiambaa","Karuri",2013,93.2416839599609
"Kiambu","Kiambaa","Karuri",2014,98.6215744018555
"Kiambu","Kiambaa","Karuri",2015,89.9018936157227
"Kiambu","Kiambaa","Karuri",2016,90.9767379760742
"Kiambu","Kiambaa","Karuri",2017,102.977531433105
"Kiambu","Kiambaa","Karuri",2018,111.949035644531
"Kiambu","Kiambaa","Karuri",2019,144.068283081055
"Kiambu","Kiambaa","Karuri",2020,136.2451171875
"Kiambu","Kiambaa","Karuri",2021,155.543228149414
"Kiambu","Kiambaa","Karuri",2022,187.42236328125
"Kiambu","Kiambaa","Karuri",2023,207.257827758789
"Kiambu","Kiambaa","Karuri",2024,199.852996826172
"Kiambu","Kiambaa","Kihara",2012,47.6799011230469
"Kiambu","Kiambaa","Kihara",2013,63.371410369873
"Kiambu","Kiambaa","Kihara",2014,70.5990753173828
"Kiambu","Kiambaa","Kihara",2015,67.9467163085938
"Kiambu","Kiambaa","Kihara",2016,71.634162902832
"Kiambu","Kiambaa","Kihara",2017,115.347137451172
"Kiambu","Kiambaa","Kihara",2018,123.068145751953
"Kiambu","Kiambaa","Kihara",2019,135.928176879883
"Kiambu","Kiambaa","Kihara",2020,134.84504699707
"Kiambu","Kiambaa","Kihara",2021,156.757965087891
"Kiambu","Kiambaa","Kihara",2022,182.999481201172
"Kiambu","Kiambaa","Kihara",2023,229.139221191406
"Kiambu","Kiambaa","Kihara",2024,189.67578125
"Kiambu","Kiambaa","Muchatha",2012,51.8207359313965
"Kiambu","Kiambaa","Muchatha",2013,55.2053451538086
"Kiambu","Kiambaa","Muchatha",2014,74.7462921142578
"Kiambu","Kiambaa","Muchatha",2015,63.0033187866211
"Kiambu","Kiambaa","Muchatha",2016,68.5310363769531
"Kiambu","Kiambaa","Muchatha",2017,84.9490585327148
"Kiambu","Kiambaa","Muchatha",2018,87.3404693603516
"Kiambu","Kiambaa","Muchatha",2019,124.124412536621
"Kiambu","Kiambaa","Muchatha",2020,114.993019104004
"Kiambu","Kiambaa","Muchatha",2021,148.088134765625
"Kiambu","Kiambaa","Muchatha",2022,173.667083740234
"Kiambu","Kiambaa","Muchatha",2023,187.828872680664
"Kiambu","Kiambaa","Muchatha",2024,167.334060668945
"Kiambu","Kiambaa","Ndenderu",2012,103.532272338867
"Kiambu","Kiambaa","Ndenderu",2013,114.568458557129
"Kiambu","Kiambaa","Ndenderu",2014,128.771102905273
"Kiambu","Kiambaa","Ndenderu",2015,121.131217956543
"Kiambu","Kiambaa","Ndenderu",2016,130.980728149414
"Kiambu","Kiambaa","Ndenderu",2017,180.070755004883
"Kiambu","Kiambaa","Ndenderu",2018,170.775177001953
"Kiambu","Kiambaa","Ndenderu",2019,204.588790893555
"Kiambu","Kiambaa","Ndenderu",2020,187.251083374023
"Kiambu","Kiambaa","Ndenderu",2021,228.096771240234
"Kiambu","Kiambaa","Ndenderu",2022,376.839233398438
"Kiambu","Kiambaa","Ndenderu",2023,507.935638427734
"Kiambu","Kiambaa","Ndenderu",2024,358.969970703125
"Kiambu","Kiambu","Ndumberi",2012,75.683479309082
"Kiambu","Kiambu","Ndumberi",2013,65.6264343261719
"Kiambu","Kiambu","Ndumberi",2014,83.3068313598633
"Kiambu","Kiambu","Ndumberi",2015,84.0568008422852
"Kiambu","Kiambu","Ndumberi",2016,117.699996948242
"Kiambu","Kiambu","Ndumberi",2017,127.541290283203
"Kiambu","Kiambu","Ndumberi",2018,159.945724487305
"Kiambu","Kiambu","Ndumberi",2019,204.704864501953
"Kiambu","Kiambu","Ndumberi",2020,182.600723266602
"Kiambu","Kiambu","Ndumberi",2021,219.904067993164
"Kiambu","Kiambu","Ndumberi",2022,240.765167236328
"Kiambu","Kiambu","Ndumberi",2023,248.135528564453
"Kiambu","Kiambu","Ndumberi",2024,242.252624511719
"Kiambu","Kiambu","Riabai",2012,55.8770980834961
"Kiambu","Kiambu","Riabai",2013,49.7971420288086
"Kiambu","Kiambu","Riabai",2014,60.4594841003418
"Kiambu","Kiambu","Riabai",2015,63.9902038574219
"Kiambu","Kiambu","Riabai",2016,108.017585754395
"Kiambu","Kiambu","Riabai",2017,124.443046569824
"Kiambu","Kiambu","Riabai",2018,148.388381958008
"Kiambu","Kiambu","Riabai",2019,166.800888061523
"Kiambu","Kiambu","Riabai",2020,149.026062011719
"Kiambu","Kiambu","Riabai",2021,172.46272277832
"Kiambu","Kiambu","Riabai",2022,188.793548583984
"Kiambu","Kiambu","Riabai",2023,213.277526855469
"Kiambu","Kiambu","Riabai",2024,212.889190673828
"Kiambu","Kiambu","Ting'Ang'A",2012,129.178833007812
"Kiambu","Kiambu","Ting'Ang'A",2013,125.011497497559
"Kiambu","Kiambu","Ting'Ang'A",2014,176.167510986328
"Kiambu","Kiambu","Ting'Ang'A",2015,177.743835449219
"Kiambu","Kiambu","Ting'Ang'A",2016,183.969207763672
"Kiambu","Kiambu","Ting'Ang'A",2017,219.160385131836
"Kiambu","Kiambu","Ting'Ang'A",2018,249.247817993164
"Kiambu","Kiambu","Ting'Ang'A",2019,299.082427978516
"Kiambu","Kiambu","Ting'Ang'A",2020,302.668823242188
"Kiambu","Kiambu","Ting'Ang'A",2021,385.951232910156
"Kiambu","Kiambu","Ting'Ang'A",2022,464.511535644531
"Kiambu","Kiambu","Ting'Ang'A",2023,516.198486328125
"Kiambu","Kiambu","Ting'Ang'A",2024,530.289916992188
"Kiambu","Kiambu","Township",2012,319.158508300781
"Kiambu","Kiambu","Township",2013,346.086975097656
"Kiambu","Kiambu","Township",2014,417.184844970703
"Kiambu","Kiambu","Township",2015,408.995086669922
"Kiambu","Kiambu","Township",2016,508.891693115234
"Kiambu","Kiambu","Township",2017,635.480529785156
"Kiambu","Kiambu","Township",2018,738.710266113281
"Kiambu","Kiambu","Township",2019,878.08935546875
"Kiambu","Kiambu","Township",2020,876.185180664062
"Kiambu","Kiambu","Township",2021,1003.23718261719
"Kiambu","Kiambu","Township",2022,1109.32727050781
"Kiambu","Kiambu","Township",2023,1300.31530761719
"Kiambu","Kiambu","Township",2024,1221.86791992188
"Kiambu","Kikuyu","Karai",2012,21.0116157531738
"Kiambu","Kikuyu","Karai",2013,24.8720111846924
"Kiambu","Kikuyu","Karai",2014,42.6969947814941
"Kiambu","Kikuyu","Karai",2015,45.6601829528809
"Kiambu","Kikuyu","Karai",2016,161.862091064453
"Kiambu","Kikuyu","Karai",2017,137.889282226562
"Kiambu","Kikuyu","Karai",2018,183.395446777344
"Kiambu","Kikuyu","Karai",2019,253.520355224609
"Kiambu","Kikuyu","Karai",2020,242.960571289062
"Kiambu","Kikuyu","Karai",2021,281.421051025391
"Kiambu","Kikuyu","Karai",2022,315.786865234375
"Kiambu","Kikuyu","Karai",2023,347.818634033203
"Kiambu","Kikuyu","Karai",2024,314.979644775391
"Kiambu","Kikuyu","Kikuyu",2012,162.740112304688
"Kiambu","Kikuyu","Kikuyu",2013,157.545745849609
"Kiambu","Kikuyu","Kikuyu",2014,192.395462036133
"Kiambu","Kikuyu","Kikuyu",2015,198.648208618164
"Kiambu","Kikuyu","Kikuyu",2016,530.541748046875
"Kiambu","Kikuyu","Kikuyu",2017,451.967681884766
"Kiambu","Kikuyu","Kikuyu",2018,564.070007324219
"Kiambu","Kikuyu","Kikuyu",2019,614.006652832031
"Kiambu","Kikuyu","Kikuyu",2020,542.922424316406
"Kiambu","Kikuyu","Kikuyu",2021,687.55322265625
"Kiambu","Kikuyu","Kikuyu",2022,712.611267089844
"Kiambu","Kikuyu","Kikuyu",2023,717.018859863281
"Kiambu","Kikuyu","Kikuyu",2024,654.616394042969
"Kiambu","Kikuyu","Kinoo",2012,55.0521125793457
"Kiambu","Kikuyu","Kinoo",2013,62.9872131347656
"Kiambu","Kikuyu","Kinoo",2014,67.3007354736328
"Kiambu","Kikuyu","Kinoo",2015,73.5020446777344
"Kiambu","Kikuyu","Kinoo",2016,89.2854156494141
"Kiambu","Kikuyu","Kinoo",2017,96.3600006103516
"Kiambu","Kikuyu","Kinoo",2018,100.216377258301
"Kiambu","Kikuyu","Kinoo",2019,126.318496704102
"Kiambu","Kikuyu","Kinoo",2020,126.86296081543
"Kiambu","Kikuyu","Kinoo",2021,183.118667602539
"Kiambu","Kikuyu","Kinoo",2022,197.583450317383
"Kiambu","Kikuyu","Kinoo",2023,216.128646850586
"Kiambu","Kikuyu","Kinoo",2024,197.856460571289
"Kiambu","Kikuyu","Nachu",2012,13.8069381713867
"Kiambu","Kikuyu","Nachu",2013,9.87147903442383
"Kiambu","Kikuyu","Nachu",2014,19.7851657867432
"Kiambu","Kikuyu","Nachu",2015,18.2961502075195
"Kiambu","Kikuyu","Nachu",2016,16.557186126709
"Kiambu","Kikuyu","Nachu",2017,36.1615982055664
"Kiambu","Kikuyu","Nachu",2018,42.0496559143066
"Kiambu","Kikuyu","Nachu",2019,53.8089256286621
"Kiambu","Kikuyu","Nachu",2020,64.5172958374023
"Kiambu","Kikuyu","Nachu",2021,126.679878234863
"Kiambu","Kikuyu","Nachu",2022,225.726898193359
"Kiambu","Kikuyu","Nachu",2023,276.728912353516
"Kiambu","Kikuyu","Nachu",2024,289.373687744141
"Kiambu","Kikuyu","Sigona",2012,42.8641052246094
"Kiambu","Kikuyu","Sigona",2013,51.8059768676758
"Kiambu","Kikuyu","Sigona",2014,69.3905181884766
"Kiambu","Kikuyu","Sigona",2015,68.4161224365234
"Kiambu","Kikuyu","Sigona",2016,68.8536987304688
"Kiambu","Kikuyu","Sigona",2017,97.6678085327148
"Kiambu","Kikuyu","Sigona",2018,95.8361968994141
"Kiambu","Kikuyu","Sigona",2019,144.813446044922
"Kiambu","Kikuyu","Sigona",2020,186.697219848633
"Kiambu","Kikuyu","Sigona",2021,284.671752929688
"Kiambu","Kikuyu","Sigona",2022,363.036346435547
"Kiambu","Kikuyu","Sigona",2023,404.586456298828
"Kiambu","Kikuyu","Sigona",2024,385.652313232422
"Kiambu","Lari","Kamburu",2012,0.558299899101257
"Kiambu","Lari","Kamburu",2013,0.394874453544617
"Kiambu","Lari","Kamburu",2014,5.48914432525635
"Kiambu","Lari","Kamburu",2015,2.57344007492065
"Kiambu","Lari","Kamburu",2016,0.200913354754448
"Kiambu","Lari","Kamburu",2017,1.36954653263092
"Kiambu","Lari","Kamburu",2018,2.45303821563721
"Kiambu","Lari","Kamburu",2019,14.3332662582397
"Kiambu","Lari","Kamburu",2020,23.9701385498047
"Kiambu","Lari","Kamburu",2021,47.1771926879883
"Kiambu","Lari","Kamburu",2022,103.984169006348
"Kiambu","Lari","Kamburu",2023,116.860404968262
"Kiambu","Lari","Kamburu",2024,102.084312438965
"Kiambu","Lari","Kijabe",2012,20.6540184020996
"Kiambu","Lari","Kijabe",2013,24.327356338501
"Kiambu","Lari","Kijabe",2014,30.6926441192627
"Kiambu","Lari","Kijabe",2015,29.4145526885986
"Kiambu","Lari","Kijabe",2016,29.0892848968506
"Kiambu","Lari","Kijabe",2017,33.5723342895508
"Kiambu","Lari","Kijabe",2018,30.4387531280518
"Kiambu","Lari","Kijabe",2019,31.2340831756592
"Kiambu","Lari","Kijabe",2020,50.6368865966797
"Kiambu","Lari","Kijabe",2021,59.2027015686035
"Kiambu","Lari","Kijabe",2022,102.877960205078
"Kiambu","Lari","Kijabe",2023,103.990104675293
"Kiambu","Lari","Kijabe",2024,130.226318359375
"Kiambu","Lari","Kinale",2012,6.50054407119751
"Kiambu","Lari","Kinale",2013,5.44972991943359
"Kiambu","Lari","Kinale",2014,6.78241014480591
"Kiambu","Lari","Kinale",2015,8.47815227508545
"Kiambu","Lari","Kinale",2016,13.1735830307007
"Kiambu","Lari","Kinale",2017,22.3031902313232
"Kiambu","Lari","Kinale",2018,26.4569263458252
"Kiambu","Lari","Kinale",2019,33.3777503967285
"Kiambu","Lari","Kinale",2020,20.6416091918945
"Kiambu","Lari","Kinale",2021,27.678731918335
"Kiambu","Lari","Kinale",2022,52.7878456115723
"Kiambu","Lari","Kinale",2023,39.9757041931152
"Kiambu","Lari","Kinale",2024,82.5773773193359
"Kiambu","Lari","Lari/Kirenga",2012,10.2004175186157
"Kiambu","Lari","Lari/Kirenga",2013,13.2113380432129
"Kiambu","Lari","Lari/Kirenga",2014,16.3130588531494
"Kiambu","Lari","Lari/Kirenga",2015,10.603741645813
"Kiambu","Lari","Lari/Kirenga",2016,10.9190616607666
"Kiambu","Lari","Lari/Kirenga",2017,21.7615127563477
"Kiambu","Lari","Lari/Kirenga",2018,26.589427947998
"Kiambu","Lari","Lari/Kirenga",2019,38.1623916625977
"Kiambu","Lari","Lari/Kirenga",2020,25.3823261260986
"Kiambu","Lari","Lari/Kirenga",2021,77.5967254638672
"Kiambu","Lari","Lari/Kirenga",2022,182.319137573242
"Kiambu","Lari","Lari/Kirenga",2023,193.794021606445
"Kiambu","Lari","Lari/Kirenga",2024,213.682464599609
"Kiambu","Lari","Nyanduma",2012,9.44010639190674
"Kiambu","Lari","Nyanduma",2013,9.11421871185303
"Kiambu","Lari","Nyanduma",2014,15.3672103881836
"Kiambu","Lari","Nyanduma",2015,11.8257169723511
"Kiambu","Lari","Nyanduma",2016,7.36025714874268
"Kiambu","Lari","Nyanduma",2017,11.8303394317627
"Kiambu","Lari","Nyanduma",2018,11.6945915222168
"Kiambu","Lari","Nyanduma",2019,20.9997119903564
"Kiambu","Lari","Nyanduma",2020,17.1466979980469
"Kiambu","Lari","Nyanduma",2021,32.6944465637207
"Kiambu","Lari","Nyanduma",2022,83.1797637939453
"Kiambu","Lari","Nyanduma",2023,92.0297241210938
"Kiambu","Lari","Nyanduma",2024,118.359588623047
"Kiambu","Limuru","Bibirioni",2012,13.817271232605
"Kiambu","Limuru","Bibirioni",2013,20.1661891937256
"Kiambu","Limuru","Bibirioni",2014,21.2913455963135
"Kiambu","Limuru","Bibirioni",2015,27.3474864959717
"Kiambu","Limuru","Bibirioni",2016,26.8122520446777
"Kiambu","Limuru","Bibirioni",2017,33.419319152832
"Kiambu","Limuru","Bibirioni",2018,37.1204643249512
"Kiambu","Limuru","Bibirioni",2019,44.1055488586426
"Kiambu","Limuru","Bibirioni",2020,40.6418571472168
"Kiambu","Limuru","Bibirioni",2021,70.4522094726562
"Kiambu","Limuru","Bibirioni",2022,102.447731018066
"Kiambu","Limuru","Bibirioni",2023,106.789710998535
"Kiambu","Limuru","Bibirioni",2024,106.696884155273
"Kiambu","Limuru","Limuru Central",2012,56.8914985656738
"Kiambu","Limuru","Limuru Central",2013,62.1600914001465
"Kiambu","Limuru","Limuru Central",2014,63.4009628295898
"Kiambu","Limuru","Limuru Central",2015,73.515380859375
"Kiambu","Limuru","Limuru Central",2016,93.5978469848633
"Kiambu","Limuru","Limuru Central",2017,108.666366577148
"Kiambu","Limuru","Limuru Central",2018,119.777488708496
"Kiambu","Limuru","Limuru Central",2019,162.795516967773
"Kiambu","Limuru","Limuru Central",2020,153.321166992188
"Kiambu","Limuru","Limuru Central",2021,248.15495300293
"Kiambu","Limuru","Limuru Central",2022,305.20166015625
"Kiambu","Limuru","Limuru Central",2023,321.192749023438
"Kiambu","Limuru","Limuru Central",2024,342.497436523438
"Kiambu","Limuru","Limuru East",2012,78.8581008911133
"Kiambu","Limuru","Limuru East",2013,86.3214492797852
"Kiambu","Limuru","Limuru East",2014,143.829132080078
"Kiambu","Limuru","Limuru East",2015,146.007690429688
"Kiambu","Limuru","Limuru East",2016,154.88525390625
"Kiambu","Limuru","Limuru East",2017,159.989883422852
"Kiambu","Limuru","Limuru East",2018,138.62712097168
"Kiambu","Limuru","Limuru East",2019,134.372665405273
"Kiambu","Limuru","Limuru East",2020,119.740310668945
"Kiambu","Limuru","Limuru East",2021,175.595687866211
"Kiambu","Limuru","Limuru East",2022,272.528106689453
"Kiambu","Limuru","Limuru East",2023,315.911529541016
"Kiambu","Limuru","Limuru East",2024,284.483795166016
"Kiambu","Limuru","Ndeiya",2012,0
"Kiambu","Limuru","Ndeiya",2013,1.62122797966003
"Kiambu","Limuru","Ndeiya",2014,5.42445850372314
"Kiambu","Limuru","Ndeiya",2015,5.20571041107178
"Kiambu","Limuru","Ndeiya",2016,5.60546970367432
"Kiambu","Limuru","Ndeiya",2017,18.0420722961426
"Kiambu","Limuru","Ndeiya",2018,16.8931579589844
"Kiambu","Limuru","Ndeiya",2019,15.5376815795898
"Kiambu","Limuru","Ndeiya",2020,25.2968139648438
"Kiambu","Limuru","Ndeiya",2021,48.6209945678711
"Kiambu","Limuru","Ndeiya",2022,111.6796875
"Kiambu","Limuru","Ndeiya",2023,138.378509521484
"Kiambu","Limuru","Ndeiya",2024,120.531913757324
"Kiambu","Limuru","Ngecha Tigoni",2012,233.762496948242
"Kiambu","Limuru","Ngecha Tigoni",2013,183.941711425781
"Kiambu","Limuru","Ngecha Tigoni",2014,278.075958251953
"Kiambu","Limuru","Ngecha Tigoni",2015,261.964996337891
"Kiambu","Limuru","Ngecha Tigoni",2016,247.284790039062
"Kiambu","Limuru","Ngecha Tigoni",2017,253.582260131836
"Kiambu","Limuru","Ngecha Tigoni",2018,228.207656860352
"Kiambu","Limuru","Ngecha Tigoni",2019,261.021392822266
"Kiambu","Limuru","Ngecha Tigoni",2020,223.154602050781
"Kiambu","Limuru","Ngecha Tigoni",2021,363.971740722656
"Kiambu","Limuru","Ngecha Tigoni",2022,456.743438720703
"Kiambu","Limuru","Ngecha Tigoni",2023,519.11865234375
"Kiambu","Limuru","Ngecha Tigoni",2024,537.383056640625
"Kiambu","Ruiru","Biashara",2012,42.8849105834961
"Kiambu","Ruiru","Biashara",2013,46.3225135803223
"Kiambu","Ruiru","Biashara",2014,58.2574882507324
"Kiambu","Ruiru","Biashara",2015,56.7693405151367
"Kiambu","Ruiru","Biashara",2016,40.1059074401855
"Kiambu","Ruiru","Biashara",2017,61.4525833129883
"Kiambu","Ruiru","Biashara",2018,53.5253105163574
"Kiambu","Ruiru","Biashara",2019,76.1750335693359
"Kiambu","Ruiru","Biashara",2020,86.3753051757812
"Kiambu","Ruiru","Biashara",2021,116.673500061035
"Kiambu","Ruiru","Biashara",2022,161.590103149414
"Kiambu","Ruiru","Biashara",2023,205.289489746094
"Kiambu","Ruiru","Biashara",2024,246.48405456543
"Kiambu","Ruiru","Gitothua",2012,302.070007324219
"Kiambu","Ruiru","Gitothua",2013,422.998596191406
"Kiambu","Ruiru","Gitothua",2014,389.378448486328
"Kiambu","Ruiru","Gitothua",2015,466.450592041016
"Kiambu","Ruiru","Gitothua",2016,604.509399414062
"Kiambu","Ruiru","Gitothua",2017,671.879699707031
"Kiambu","Ruiru","Gitothua",2018,873.629211425781
"Kiambu","Ruiru","Gitothua",2019,1238.92138671875
"Kiambu","Ruiru","Gitothua",2020,1320.31518554688
"Kiambu","Ruiru","Gitothua",2021,1540.17016601562
"Kiambu","Ruiru","Gitothua",2022,1865.97900390625
"Kiambu","Ruiru","Gitothua",2023,1919.06042480469
"Kiambu","Ruiru","Gitothua",2024,1948.46166992188
"Kiambu","Ruiru","Kiuu",2012,502.498291015625
"Kiambu","Ruiru","Kiuu",2013,616.199462890625
"Kiambu","Ruiru","Kiuu",2014,721.13916015625
"Kiambu","Ruiru","Kiuu",2015,938.998840332031
"Kiambu","Ruiru","Kiuu",2016,1113.22631835938
"Kiambu","Ruiru","Kiuu",2017,1275.09020996094
"Kiambu","Ruiru","Kiuu",2018,1547.22998046875
"Kiambu","Ruiru","Kiuu",2019,2068.56396484375
"Kiambu","Ruiru","Kiuu",2020,2163.17114257812
"Kiambu","Ruiru","Kiuu",2021,2702.36645507812
"Kiambu","Ruiru","Kiuu",2022,3233.40893554688
"Kiambu","Ruiru","Kiuu",2023,3563.12060546875
"Kiambu","Ruiru","Kiuu",2024,3614.650390625
"Kiambu","Thika Town","Gatuanyaga",2012,23.3791484832764
"Kiambu","Thika Town","Gatuanyaga",2013,16.279260635376
"Kiambu","Thika Town","Gatuanyaga",2014,37.3736190795898
"Kiambu","Thika Town","Gatuanyaga",2015,29.311315536499
"Kiambu","Thika Town","Gatuanyaga",2016,40.355224609375
"Kiambu","Thika Town","Gatuanyaga",2017,81.8193283081055
"Kiambu","Thika Town","Gatuanyaga",2018,129.004699707031
"Kiambu","Thika Town","Gatuanyaga",2019,179.558135986328
"Kiambu","Thika Town","Gatuanyaga",2020,175.523880004883
"Kiambu","Thika Town","Gatuanyaga",2021,238.233367919922
"Kiambu","Thika Town","Gatuanyaga",2022,401.965728759766
"Kiambu","Thika Town","Gatuanyaga",2023,448.823516845703
"Kiambu","Thika Town","Gatuanyaga",2024,372.575439453125
"Kiambu","Thika Town","Hospital",2012,167.834014892578
"Kiambu","Thika Town","Hospital",2013,193.073654174805
"Kiambu","Thika Town","Hospital",2014,263.853515625
"Kiambu","Thika Town","Hospital",2015,240.971633911133
"Kiambu","Thika Town","Hospital",2016,262.892456054688
"Kiambu","Thika Town","Hospital",2017,376.797790527344
"Kiambu","Thika Town","Hospital",2018,484.395263671875
"Kiambu","Thika Town","Hospital",2019,606.015869140625
"Kiambu","Thika Town","Hospital",2020,577.742980957031
"Kiambu","Thika Town","Hospital",2021,676.569580078125
"Kiambu","Thika Town","Hospital",2022,749.594055175781
"Kiambu","Thika Town","Hospital",2023,761.028869628906
"Kiambu","Thika Town","Hospital",2024,709.820922851562
"Kiambu","Thika Town","Kamenu",2012,489.301239013672
"Kiambu","Thika Town","Kamenu",2013,593.794006347656
"Kiambu","Thika Town","Kamenu",2014,680.901428222656
"Kiambu","Thika Town","Kamenu",2015,671.124328613281
"Kiambu","Thika Town","Kamenu",2016,749.1728515625
"Kiambu","Thika Town","Kamenu",2017,913.260437011719
"Kiambu","Thika Town","Kamenu",2018,1045.78649902344
"Kiambu","Thika Town","Kamenu",2019,1151.65393066406
"Kiambu","Thika Town","Kamenu",2020,1034.43811035156
"Kiambu","Thika Town","Kamenu",2021,1188.73059082031
"Kiambu","Thika Town","Kamenu",2022,1316.66589355469
"Kiambu","Thika Town","Kamenu",2023,1285.62365722656
"Kiambu","Thika Town","Kamenu",2024,1280.29174804688
"Kiambu","Thika Town","Ngoliba",2012,12.1720533370972
"Kiambu","Thika Town","Ngoliba",2013,7.73900032043457
"Kiambu","Thika Town","Ngoliba",2014,8.8654727935791
"Kiambu","Thika Town","Ngoliba",2015,9.31874752044678
"Kiambu","Thika Town","Ngoliba",2016,18.7442035675049
"Kiambu","Thika Town","Ngoliba",2017,28.4999942779541
"Kiambu","Thika Town","Ngoliba",2018,32.7577323913574
"Kiambu","Thika Town","Ngoliba",2019,47.8355674743652
"Kiambu","Thika Town","Ngoliba",2020,36.4987678527832
"Kiambu","Thika Town","Ngoliba",2021,72.3525619506836
"Kiambu","Thika Town","Ngoliba",2022,125.725761413574
"Kiambu","Thika Town","Ngoliba",2023,155.72135925293
"Kiambu","Thika Town","Ngoliba",2024,129.891220092773
"Kiambu","Thika Town","Township",2012,135.734024047852
"Kiambu","Thika Town","Township",2013,160.568557739258
"Kiambu","Thika Town","Township",2014,186.663757324219
"Kiambu","Thika Town","Township",2015,170.429046630859
"Kiambu","Thika Town","Township",2016,199.540924072266
"Kiambu","Thika Town","Township",2017,314.400024414062
"Kiambu","Thika Town","Township",2018,396.547943115234
"Kiambu","Thika Town","Township",2019,481.368499755859
"Kiambu","Thika Town","Township",2020,442.096618652344
"Kiambu","Thika Town","Township",2021,481.793579101562
"Kiambu","Thika Town","Township",2022,599.838928222656
"Kiambu","Thika Town","Township",2023,607.057800292969
"Kiambu","Thika Town","Township",2024,621.085754394531
"Kilifi","Ganze","Bamba",2012,2.51894283294678
"Kilifi","Ganze","Bamba",2013,1.87772881984711
"Kilifi","Ganze","Bamba",2014,3.89358472824097
"Kilifi","Ganze","Bamba",2015,4.4238338470459
"Kilifi","Ganze","Bamba",2016,3.84397411346436
"Kilifi","Ganze","Bamba",2017,1.45961022377014
"Kilifi","Ganze","Bamba",2018,4.03657150268555
"Kilifi","Ganze","Bamba",2019,5.2860279083252
"Kilifi","Ganze","Bamba",2020,1.2471776008606
"Kilifi","Ganze","Bamba",2021,3.5418701171875
"Kilifi","Ganze","Bamba",2022,5.0830864906311
"Kilifi","Ganze","Bamba",2023,10.1306924819946
"Kilifi","Ganze","Bamba",2024,14.768835067749
"Kilifi","Ganze","Ganze",2012,0.517540097236633
"Kilifi","Ganze","Ganze",2013,0
"Kilifi","Ganze","Ganze",2014,0.51354593038559
"Kilifi","Ganze","Ganze",2015,1.72089159488678
"Kilifi","Ganze","Ganze",2016,1.04048538208008
"Kilifi","Ganze","Ganze",2017,1.07129406929016
"Kilifi","Ganze","Ganze",2018,0.546331346035004
"Kilifi","Ganze","Ganze",2019,3.82402968406677
"Kilifi","Ganze","Ganze",2020,1.46337532997131
"Kilifi","Ganze","Ganze",2021,3.96360635757446
"Kilifi","Ganze","Ganze",2022,6.84733247756958
"Kilifi","Ganze","Ganze",2023,9.36541748046875
"Kilifi","Ganze","Ganze",2024,13.4655246734619
"Kilifi","Ganze","Jaribuni",2012,1.21736788749695
"Kilifi","Ganze","Jaribuni",2013,3.04231882095337
"Kilifi","Ganze","Jaribuni",2014,2.27675580978394
"Kilifi","Ganze","Jaribuni",2015,3.57962894439697
"Kilifi","Ganze","Jaribuni",2016,2.94479608535767
"Kilifi","Ganze","Jaribuni",2017,7.42078161239624
"Kilifi","Ganze","Jaribuni",2018,5.26911163330078
"Kilifi","Ganze","Jaribuni",2019,6.51588439941406
"Kilifi","Ganze","Jaribuni",2020,12.6066837310791
"Kilifi","Ganze","Jaribuni",2021,17.1804904937744
"Kilifi","Ganze","Jaribuni",2022,17.37353515625
"Kilifi","Ganze","Jaribuni",2023,21.7135429382324
"Kilifi","Ganze","Jaribuni",2024,13.0732736587524
"Kilifi","Ganze","Sokoke",2012,0.561483860015869
"Kilifi","Ganze","Sokoke",2013,0
"Kilifi","Ganze","Sokoke",2014,0.627424716949463
"Kilifi","Ganze","Sokoke",2015,0.626330614089966
"Kilifi","Ganze","Sokoke",2016,0.666264116764069
"Kilifi","Ganze","Sokoke",2017,0.558273136615753
"Kilifi","Ganze","Sokoke",2018,0.579231560230255
"Kilifi","Ganze","Sokoke",2019,0.691651523113251
"Kilifi","Ganze","Sokoke",2020,0.625334680080414
"Kilifi","Ganze","Sokoke",2021,3.44346380233765
"Kilifi","Ganze","Sokoke",2022,42.9601936340332
"Kilifi","Ganze","Sokoke",2023,15.1582279205322
"Kilifi","Ganze","Sokoke",2024,13.1236572265625
"Kilifi","Kaloleni","Kaloleni",2012,19.9618225097656
"Kilifi","Kaloleni","Kaloleni",2013,13.4302186965942
"Kilifi","Kaloleni","Kaloleni",2014,20.8423557281494
"Kilifi","Kaloleni","Kaloleni",2015,27.7552452087402
"Kilifi","Kaloleni","Kaloleni",2016,21.7018547058105
"Kilifi","Kaloleni","Kaloleni",2017,30.7379684448242
"Kilifi","Kaloleni","Kaloleni",2018,23.5478343963623
"Kilifi","Kaloleni","Kaloleni",2019,26.9370498657227
"Kilifi","Kaloleni","Kaloleni",2020,23.2189788818359
"Kilifi","Kaloleni","Kaloleni",2021,41.2248039245605
"Kilifi","Kaloleni","Kaloleni",2022,84.0910415649414
"Kilifi","Kaloleni","Kaloleni",2023,149.231887817383
"Kilifi","Kaloleni","Kaloleni",2024,72.3878326416016
"Kilifi","Kaloleni","Kayafungo",2012,0.42183530330658
"Kilifi","Kaloleni","Kayafungo",2013,0
"Kilifi","Kaloleni","Kayafungo",2014,0.384659081697464
"Kilifi","Kaloleni","Kayafungo",2015,0
"Kilifi","Kaloleni","Kayafungo",2016,0
"Kilifi","Kaloleni","Kayafungo",2017,0
"Kilifi","Kaloleni","Kayafungo",2018,0.390632003545761
"Kilifi","Kaloleni","Kayafungo",2019,0.388276159763336
"Kilifi","Kaloleni","Kayafungo",2020,4.08855104446411
"Kilifi","Kaloleni","Kayafungo",2021,5.08762073516846
"Kilifi","Kaloleni","Kayafungo",2022,15.7249059677124
"Kilifi","Kaloleni","Kayafungo",2023,39.991512298584
"Kilifi","Kaloleni","Kayafungo",2024,28.6160087585449
"Kilifi","Kaloleni","Mariakani",2012,130.041976928711
"Kilifi","Kaloleni","Mariakani",2013,106.241317749023
"Kilifi","Kaloleni","Mariakani",2014,136.4990234375
"Kilifi","Kaloleni","Mariakani",2015,222.316162109375
"Kilifi","Kaloleni","Mariakani",2016,288.943695068359
"Kilifi","Kaloleni","Mariakani",2017,346.786682128906
"Kilifi","Kaloleni","Mariakani",2018,295.966156005859
"Kilifi","Kaloleni","Mariakani",2019,285.031951904297
"Kilifi","Kaloleni","Mariakani",2020,249.747131347656
"Kilifi","Kaloleni","Mariakani",2021,336.663208007812
"Kilifi","Kaloleni","Mariakani",2022,377.351470947266
"Kilifi","Kaloleni","Mariakani",2023,511.986877441406
"Kilifi","Kaloleni","Mariakani",2024,574.335205078125
"Kilifi","Kaloleni","Mwanamwinga",2012,0
"Kilifi","Kaloleni","Mwanamwinga",2013,0
"Kilifi","Kaloleni","Mwanamwinga",2014,0
"Kilifi","Kaloleni","Mwanamwinga",2015,0
"Kilifi","Kaloleni","Mwanamwinga",2016,0
"Kilifi","Kaloleni","Mwanamwinga",2017,0
"Kilifi","Kaloleni","Mwanamwinga",2018,0
"Kilifi","Kaloleni","Mwanamwinga",2019,0
"Kilifi","Kaloleni","Mwanamwinga",2020,0
"Kilifi","Kaloleni","Mwanamwinga",2021,0
"Kilifi","Kaloleni","Mwanamwinga",2022,0.522902548313141
"Kilifi","Kaloleni","Mwanamwinga",2023,2.08128786087036
"Kilifi","Kaloleni","Mwanamwinga",2024,0.557440161705017
"Kilifi","Kilifi North","Dabaso",2012,95.5491027832031
"Kilifi","Kilifi North","Dabaso",2013,98.0871734619141
"Kilifi","Kilifi North","Dabaso",2014,97.7673721313477
"Kilifi","Kilifi North","Dabaso",2015,93.8180770874023
"Kilifi","Kilifi North","Dabaso",2016,188.534729003906
"Kilifi","Kilifi North","Dabaso",2017,171.027160644531
"Kilifi","Kilifi North","Dabaso",2018,146.639709472656
"Kilifi","Kilifi North","Dabaso",2019,122.048530578613
"Kilifi","Kilifi North","Dabaso",2020,89.8329162597656
"Kilifi","Kilifi North","Dabaso",2021,106.95573425293
"Kilifi","Kilifi North","Dabaso",2022,146.542053222656
"Kilifi","Kilifi North","Dabaso",2023,184.585815429688
"Kilifi","Kilifi North","Dabaso",2024,225.925903320312
"Kilifi","Kilifi North","Kibarani",2012,26.4764347076416
"Kilifi","Kilifi North","Kibarani",2013,28.3009834289551
"Kilifi","Kilifi North","Kibarani",2014,28.156681060791
"Kilifi","Kilifi North","Kibarani",2015,28.0145225524902
"Kilifi","Kilifi North","Kibarani",2016,37.4849739074707
"Kilifi","Kilifi North","Kibarani",2017,62.3741989135742
"Kilifi","Kilifi North","Kibarani",2018,57.9126968383789
"Kilifi","Kilifi North","Kibarani",2019,69.3747634887695
"Kilifi","Kilifi North","Kibarani",2020,72.5071640014648
"Kilifi","Kilifi North","Kibarani",2021,93.0340423583984
"Kilifi","Kilifi North","Kibarani",2022,109.859603881836
"Kilifi","Kilifi North","Kibarani",2023,129.293487548828
"Kilifi","Kilifi North","Kibarani",2024,129.183883666992
"Kilifi","Kilifi North","Matsangoni",2012,0.188883617520332
"Kilifi","Kilifi North","Matsangoni",2013,0.00971441157162189
"Kilifi","Kilifi North","Matsangoni",2014,1.67551755905151
"Kilifi","Kilifi North","Matsangoni",2015,2.92807865142822
"Kilifi","Kilifi North","Matsangoni",2016,6.63208103179932
"Kilifi","Kilifi North","Matsangoni",2017,9.29264545440674
"Kilifi","Kilifi North","Matsangoni",2018,6.66941690444946
"Kilifi","Kilifi North","Matsangoni",2019,2.58180618286133
"Kilifi","Kilifi North","Matsangoni",2020,2.83868551254272
"Kilifi","Kilifi North","Matsangoni",2021,7.39700698852539
"Kilifi","Kilifi North","Matsangoni",2022,11.250789642334
"Kilifi","Kilifi North","Matsangoni",2023,17.2844123840332
"Kilifi","Kilifi North","Matsangoni",2024,24.5063247680664
"Kilifi","Kilifi North","Mnarani",2012,52.9537200927734
"Kilifi","Kilifi North","Mnarani",2013,49.7232437133789
"Kilifi","Kilifi North","Mnarani",2014,56.5561370849609
"Kilifi","Kilifi North","Mnarani",2015,59.0966682434082
"Kilifi","Kilifi North","Mnarani",2016,71.6362533569336
"Kilifi","Kilifi North","Mnarani",2017,112.61190032959
"Kilifi","Kilifi North","Mnarani",2018,113.026039123535
"Kilifi","Kilifi North","Mnarani",2019,135.498977661133
"Kilifi","Kilifi North","Mnarani",2020,159.770202636719
"Kilifi","Kilifi North","Mnarani",2021,214.214752197266
"Kilifi","Kilifi North","Mnarani",2022,248.014663696289
"Kilifi","Kilifi North","Mnarani",2023,352.760131835938
"Kilifi","Kilifi North","Mnarani",2024,347.025573730469
"Kilifi","Kilifi North","Sokoni",2012,100.808662414551
"Kilifi","Kilifi North","Sokoni",2013,108.192390441895
"Kilifi","Kilifi North","Sokoni",2014,108.682594299316
"Kilifi","Kilifi North","Sokoni",2015,118.606163024902
"Kilifi","Kilifi North","Sokoni",2016,143.552886962891
"Kilifi","Kilifi North","Sokoni",2017,278.938140869141
"Kilifi","Kilifi North","Sokoni",2018,212.635803222656
"Kilifi","Kilifi North","Sokoni",2019,240.702728271484
"Kilifi","Kilifi North","Sokoni",2020,229.352767944336
"Kilifi","Kilifi North","Sokoni",2021,227.374053955078
"Kilifi","Kilifi North","Sokoni",2022,222.076675415039
"Kilifi","Kilifi North","Sokoni",2023,252.971572875977
"Kilifi","Kilifi North","Sokoni",2024,268.087585449219
"Kilifi","Kilifi North","Tezo",2012,21.0052051544189
"Kilifi","Kilifi North","Tezo",2013,18.3785972595215
"Kilifi","Kilifi North","Tezo",2014,25.9481182098389
"Kilifi","Kilifi North","Tezo",2015,43.2467651367188
"Kilifi","Kilifi North","Tezo",2016,54.9203796386719
"Kilifi","Kilifi North","Tezo",2017,71.3795013427734
"Kilifi","Kilifi North","Tezo",2018,60.1681709289551
"Kilifi","Kilifi North","Tezo",2019,75.7966842651367
"Kilifi","Kilifi North","Tezo",2020,73.641731262207
"Kilifi","Kilifi North","Tezo",2021,121.549949645996
"Kilifi","Kilifi North","Tezo",2022,182.534149169922
"Kilifi","Kilifi North","Tezo",2023,227.742538452148
"Kilifi","Kilifi North","Tezo",2024,270.1259765625
"Kilifi","Kilifi North","Watamu",2012,56.0391159057617
"Kilifi","Kilifi North","Watamu",2013,55.9067535400391
"Kilifi","Kilifi North","Watamu",2014,58.2778053283691
"Kilifi","Kilifi North","Watamu",2015,48.5198020935059
"Kilifi","Kilifi North","Watamu",2016,81.5678634643555
"Kilifi","Kilifi North","Watamu",2017,88.634765625
"Kilifi","Kilifi North","Watamu",2018,79.0569839477539
"Kilifi","Kilifi North","Watamu",2019,67.1450424194336
"Kilifi","Kilifi North","Watamu",2020,60.1002311706543
"Kilifi","Kilifi North","Watamu",2021,71.5650787353516
"Kilifi","Kilifi North","Watamu",2022,105.809410095215
"Kilifi","Kilifi North","Watamu",2023,143.989028930664
"Kilifi","Kilifi North","Watamu",2024,194.378082275391
"Kilifi","Kilifi South","Chasimba",2012,0
"Kilifi","Kilifi South","Chasimba",2013,0
"Kilifi","Kilifi South","Chasimba",2014,0
"Kilifi","Kilifi South","Chasimba",2015,0
"Kilifi","Kilifi South","Chasimba",2016,0
"Kilifi","Kilifi South","Chasimba",2017,0
"Kilifi","Kilifi South","Chasimba",2018,2.87642431259155
"Kilifi","Kilifi South","Chasimba",2019,5.37810945510864
"Kilifi","Kilifi South","Chasimba",2020,2.55330944061279
"Kilifi","Kilifi South","Chasimba",2021,4.65297222137451
"Kilifi","Kilifi South","Chasimba",2022,25.5601902008057
"Kilifi","Kilifi South","Chasimba",2023,56.9874038696289
"Kilifi","Kilifi South","Chasimba",2024,59.5424041748047
"Kilifi","Kilifi South","Junju",2012,8.05680465698242
"Kilifi","Kilifi South","Junju",2013,13.346960067749
"Kilifi","Kilifi South","Junju",2014,24.0610752105713
"Kilifi","Kilifi South","Junju",2015,27.4289512634277
"Kilifi","Kilifi South","Junju",2016,20.2138347625732
"Kilifi","Kilifi South","Junju",2017,20.2400455474854
"Kilifi","Kilifi South","Junju",2018,25.9798431396484
"Kilifi","Kilifi South","Junju",2019,19.1160659790039
"Kilifi","Kilifi South","Junju",2020,21.7933940887451
"Kilifi","Kilifi South","Junju",2021,84.6441421508789
"Kilifi","Kilifi South","Junju",2022,200.520706176758
"Kilifi","Kilifi South","Junju",2023,229.422607421875
"Kilifi","Kilifi South","Junju",2024,233.137588500977
"Kilifi","Kilifi South","Mtepeni",2012,96.544563293457
"Kilifi","Kilifi South","Mtepeni",2013,88.0582885742188
"Kilifi","Kilifi South","Mtepeni",2014,103.368911743164
"Kilifi","Kilifi South","Mtepeni",2015,115.179725646973
"Kilifi","Kilifi South","Mtepeni",2016,143.924697875977
"Kilifi","Kilifi South","Mtepeni",2017,180.472869873047
"Kilifi","Kilifi South","Mtepeni",2018,193.762405395508
"Kilifi","Kilifi South","Mtepeni",2019,217.68098449707
"Kilifi","Kilifi South","Mtepeni",2020,234.250244140625
"Kilifi","Kilifi South","Mtepeni",2021,338.419006347656
"Kilifi","Kilifi South","Mtepeni",2022,447.284851074219
"Kilifi","Kilifi South","Mtepeni",2023,498.808471679688
"Kilifi","Kilifi South","Mtepeni",2024,504.568115234375
"Kilifi","Kilifi South","Mwarakaya",2012,0
"Kilifi","Kilifi South","Mwarakaya",2013,0
"Kilifi","Kilifi South","Mwarakaya",2014,0
"Kilifi","Kilifi South","Mwarakaya",2015,0
"Kilifi","Kilifi South","Mwarakaya",2016,0
"Kilifi","Kilifi South","Mwarakaya",2017,0
"Kilifi","Kilifi South","Mwarakaya",2018,0
"Kilifi","Kilifi South","Mwarakaya",2019,0
"Kilifi","Kilifi South","Mwarakaya",2020,0
"Kilifi","Kilifi South","Mwarakaya",2021,1.58650183677673
"Kilifi","Kilifi South","Mwarakaya",2022,12.8843355178833
"Kilifi","Kilifi South","Mwarakaya",2023,26.1644248962402
"Kilifi","Kilifi South","Mwarakaya",2024,18.8600807189941
"Kilifi","Kilifi South","Shimo La Tewa",2012,243.434509277344
"Kilifi","Kilifi South","Shimo La Tewa",2013,239.979919433594
"Kilifi","Kilifi South","Shimo La Tewa",2014,258.091156005859
"Kilifi","Kilifi South","Shimo La Tewa",2015,288.396942138672
"Kilifi","Kilifi South","Shimo La Tewa",2016,499.527801513672
"Kilifi","Kilifi South","Shimo La Tewa",2017,532.252990722656
"Kilifi","Kilifi South","Shimo La Tewa",2018,361.987487792969
"Kilifi","Kilifi South","Shimo La Tewa",2019,440.432922363281
"Kilifi","Kilifi South","Shimo La Tewa",2020,384.221588134766
"Kilifi","Kilifi South","Shimo La Tewa",2021,424.298065185547
"Kilifi","Kilifi South","Shimo La Tewa",2022,476.498291015625
"Kilifi","Kilifi South","Shimo La Tewa",2023,544.095397949219
"Kilifi","Kilifi South","Shimo La Tewa",2024,579.034606933594
"Kilifi","Magarini","Adu",2012,8.27374839782715
"Kilifi","Magarini","Adu",2013,10.1662178039551
"Kilifi","Magarini","Adu",2014,9.10228157043457
"Kilifi","Magarini","Adu",2015,12.2449083328247
"Kilifi","Magarini","Adu",2016,13.5422916412354
"Kilifi","Magarini","Adu",2017,13.5355281829834
"Kilifi","Magarini","Adu",2018,12.7277030944824
"Kilifi","Magarini","Adu",2019,10.5489711761475
"Kilifi","Magarini","Adu",2020,9.96353626251221
"Kilifi","Magarini","Adu",2021,15.4773292541504
"Kilifi","Magarini","Adu",2022,31.3642253875732
"Kilifi","Magarini","Adu",2023,40.6876945495605
"Kilifi","Magarini","Adu",2024,39.2910270690918
"Kilifi","Magarini","Garashi",2012,0.127139002084732
"Kilifi","Magarini","Garashi",2013,0.604247152805328
"Kilifi","Magarini","Garashi",2014,0.971965551376343
"Kilifi","Magarini","Garashi",2015,0.995944261550903
"Kilifi","Magarini","Garashi",2016,0.156649246811867
"Kilifi","Magarini","Garashi",2017,0.737891733646393
"Kilifi","Magarini","Garashi",2018,0.72643381357193
"Kilifi","Magarini","Garashi",2019,1.51391279697418
"Kilifi","Magarini","Garashi",2020,0.0982144549489021
"Kilifi","Magarini","Garashi",2021,1.66565227508545
"Kilifi","Magarini","Garashi",2022,3.26737523078918
"Kilifi","Magarini","Garashi",2023,5.29377603530884
"Kilifi","Magarini","Garashi",2024,4.41445302963257
"Kilifi","Magarini","Gongoni",2012,45.8532867431641
"Kilifi","Magarini","Gongoni",2013,42.216625213623
"Kilifi","Magarini","Gongoni",2014,34.9539489746094
"Kilifi","Magarini","Gongoni",2015,39.5351905822754
"Kilifi","Magarini","Gongoni",2016,35.1764297485352
"Kilifi","Magarini","Gongoni",2017,33.5688095092773
"Kilifi","Magarini","Gongoni",2018,30.6304149627686
"Kilifi","Magarini","Gongoni",2019,33.5898551940918
"Kilifi","Magarini","Gongoni",2020,34.290153503418
"Kilifi","Magarini","Gongoni",2021,39.3267555236816
"Kilifi","Magarini","Gongoni",2022,56.373291015625
"Kilifi","Magarini","Gongoni",2023,57.794864654541
"Kilifi","Magarini","Gongoni",2024,69.0632171630859
"Kilifi","Magarini","Magarini",2012,0
"Kilifi","Magarini","Magarini",2013,0
"Kilifi","Magarini","Magarini",2014,0.546209156513214
"Kilifi","Magarini","Magarini",2015,0.569603145122528
"Kilifi","Magarini","Magarini",2016,0.685248374938965
"Kilifi","Magarini","Magarini",2017,1.2574006319046
"Kilifi","Magarini","Magarini",2018,0
"Kilifi","Magarini","Magarini",2019,0
"Kilifi","Magarini","Magarini",2020,0
"Kilifi","Magarini","Magarini",2021,0
"Kilifi","Magarini","Magarini",2022,2.43019986152649
"Kilifi","Magarini","Magarini",2023,2.72577095031738
"Kilifi","Magarini","Magarini",2024,2.56887030601501
"Kilifi","Magarini","Marafa",2012,24.539644241333
"Kilifi","Magarini","Marafa",2013,26.524715423584
"Kilifi","Magarini","Marafa",2014,25.9453411102295
"Kilifi","Magarini","Marafa",2015,31.9051475524902
"Kilifi","Magarini","Marafa",2016,25.0292205810547
"Kilifi","Magarini","Marafa",2017,25.8403663635254
"Kilifi","Magarini","Marafa",2018,33.6909523010254
"Kilifi","Magarini","Marafa",2019,31.9635257720947
"Kilifi","Magarini","Marafa",2020,32.8881988525391
"Kilifi","Magarini","Marafa",2021,49.024543762207
"Kilifi","Magarini","Marafa",2022,71.6011810302734
"Kilifi","Magarini","Marafa",2023,82.3983459472656
"Kilifi","Magarini","Marafa",2024,88.8519821166992
"Kilifi","Malindi","Ganda",2012,35.9154624938965
"Kilifi","Malindi","Ganda",2013,39.5312271118164
"Kilifi","Malindi","Ganda",2014,47.4501113891602
"Kilifi","Malindi","Ganda",2015,57.0076484680176
"Kilifi","Malindi","Ganda",2016,69.4140472412109
"Kilifi","Malindi","Ganda",2017,82.1911468505859
"Kilifi","Malindi","Ganda",2018,85.5512313842773
"Kilifi","Malindi","Ganda",2019,103.885139465332
"Kilifi","Malindi","Ganda",2020,102.955657958984
"Kilifi","Malindi","Ganda",2021,141.846801757812
"Kilifi","Malindi","Ganda",2022,199.407577514648
"Kilifi","Malindi","Ganda",2023,226.585906982422
"Kilifi","Malindi","Ganda",2024,261.093200683594
"Kilifi","Malindi","Jilore",2012,1.33684873580933
"Kilifi","Malindi","Jilore",2013,2.58594417572021
"Kilifi","Malindi","Jilore",2014,2.02544975280762
"Kilifi","Malindi","Jilore",2015,1.93451929092407
"Kilifi","Malindi","Jilore",2016,1.06000411510468
"Kilifi","Malindi","Jilore",2017,0
"Kilifi","Malindi","Jilore",2018,1.55611276626587
"Kilifi","Malindi","Jilore",2019,0
"Kilifi","Malindi","Jilore",2020,0
"Kilifi","Malindi","Jilore",2021,1.02665257453918
"Kilifi","Malindi","Jilore",2022,14.1360988616943
"Kilifi","Malindi","Jilore",2023,15.6196441650391
"Kilifi","Malindi","Jilore",2024,12.6967182159424
"Kilifi","Malindi","Kakuyuni",2012,0
"Kilifi","Malindi","Kakuyuni",2013,0.641296863555908
"Kilifi","Malindi","Kakuyuni",2014,41.647590637207
"Kilifi","Malindi","Kakuyuni",2015,80.3119583129883
"Kilifi","Malindi","Kakuyuni",2016,63.8193740844727
"Kilifi","Malindi","Kakuyuni",2017,59.7585868835449
"Kilifi","Malindi","Kakuyuni",2018,27.5609531402588
"Kilifi","Malindi","Kakuyuni",2019,22.2158908843994
"Kilifi","Malindi","Kakuyuni",2020,19.3307800292969
"Kilifi","Malindi","Kakuyuni",2021,23.3910331726074
"Kilifi","Malindi","Kakuyuni",2022,30.2704620361328
"Kilifi","Malindi","Kakuyuni",2023,33.3449478149414
"Kilifi","Malindi","Kakuyuni",2024,24.4335041046143
"Kilifi","Malindi","Malindi Town",2012,104.629211425781
"Kilifi","Malindi","Malindi Town",2013,99.8739166259766
"Kilifi","Malindi","Malindi Town",2014,109.988479614258
"Kilifi","Malindi","Malindi Town",2015,123.052627563477
"Kilifi","Malindi","Malindi Town",2016,176.212158203125
"Kilifi","Malindi","Malindi Town",2017,194.425033569336
"Kilifi","Malindi","Malindi Town",2018,187.164474487305
"Kilifi","Malindi","Malindi Town",2019,197.311676025391
"Kilifi","Malindi","Malindi Town",2020,195.838623046875
"Kilifi","Malindi","Malindi Town",2021,190.873443603516
"Kilifi","Malindi","Malindi Town",2022,244.262954711914
"Kilifi","Malindi","Malindi Town",2023,270.613433837891
"Kilifi","Malindi","Malindi Town",2024,278.053466796875
"Kilifi","Malindi","Sabaki",2012,111.708709716797
"Kilifi","Malindi","Sabaki",2013,105.834365844727
"Kilifi","Malindi","Sabaki",2014,96.6275634765625
"Kilifi","Malindi","Sabaki",2015,100.076065063477
"Kilifi","Malindi","Sabaki",2016,112.626831054688
"Kilifi","Malindi","Sabaki",2017,127.233596801758
"Kilifi","Malindi","Sabaki",2018,124.608940124512
"Kilifi","Malindi","Sabaki",2019,121.058944702148
"Kilifi","Malindi","Sabaki",2020,112.270347595215
"Kilifi","Malindi","Sabaki",2021,130.975830078125
"Kilifi","Malindi","Sabaki",2022,181.564056396484
"Kilifi","Malindi","Sabaki",2023,197.103317260742
"Kilifi","Malindi","Sabaki",2024,216.808364868164
"Kilifi","Malindi","Shella",2012,199.588333129883
"Kilifi","Malindi","Shella",2013,213.660385131836
"Kilifi","Malindi","Shella",2014,220.42138671875
"Kilifi","Malindi","Shella",2015,262.828125
"Kilifi","Malindi","Shella",2016,360.379272460938
"Kilifi","Malindi","Shella",2017,390.947204589844
"Kilifi","Malindi","Shella",2018,386.463958740234
"Kilifi","Malindi","Shella",2019,378.987640380859
"Kilifi","Malindi","Shella",2020,314.226470947266
"Kilifi","Malindi","Shella",2021,280.351135253906
"Kilifi","Malindi","Shella",2022,354.625549316406
"Kilifi","Malindi","Shella",2023,376.655181884766
"Kilifi","Malindi","Shella",2024,399.129547119141
"Kilifi","Rabai","Kambe/Ribe",2012,28.2832984924316
"Kilifi","Rabai","Kambe/Ribe",2013,29.2087097167969
"Kilifi","Rabai","Kambe/Ribe",2014,28.4402160644531
"Kilifi","Rabai","Kambe/Ribe",2015,34.2445220947266
"Kilifi","Rabai","Kambe/Ribe",2016,26.1927795410156
"Kilifi","Rabai","Kambe/Ribe",2017,25.9922561645508
"Kilifi","Rabai","Kambe/Ribe",2018,21.4276676177979
"Kilifi","Rabai","Kambe/Ribe",2019,24.2585964202881
"Kilifi","Rabai","Kambe/Ribe",2020,25.4603118896484
"Kilifi","Rabai","Kambe/Ribe",2021,65.3379058837891
"Kilifi","Rabai","Kambe/Ribe",2022,138.445358276367
"Kilifi","Rabai","Kambe/Ribe",2023,193.130264282227
"Kilifi","Rabai","Kambe/Ribe",2024,118.936882019043
"Kilifi","Rabai","Mwawesa",2012,0.20597717165947
"Kilifi","Rabai","Mwawesa",2013,0.221004858613014
"Kilifi","Rabai","Mwawesa",2014,0.696705043315887
"Kilifi","Rabai","Mwawesa",2015,11.3148012161255
"Kilifi","Rabai","Mwawesa",2016,18.1815395355225
"Kilifi","Rabai","Mwawesa",2017,11.5228872299194
"Kilifi","Rabai","Mwawesa",2018,8.7850341796875
"Kilifi","Rabai","Mwawesa",2019,13.8474817276001
"Kilifi","Rabai","Mwawesa",2020,5.13269281387329
"Kilifi","Rabai","Mwawesa",2021,21.0853652954102
"Kilifi","Rabai","Mwawesa",2022,63.2912826538086
"Kilifi","Rabai","Mwawesa",2023,117.882400512695
"Kilifi","Rabai","Mwawesa",2024,96.5023193359375
"Kilifi","Rabai","Rabai/Kisurutini",2012,188.137924194336
"Kilifi","Rabai","Rabai/Kisurutini",2013,167.598648071289
"Kilifi","Rabai","Rabai/Kisurutini",2014,207.842758178711
"Kilifi","Rabai","Rabai/Kisurutini",2015,244.891510009766
"Kilifi","Rabai","Rabai/Kisurutini",2016,257.517578125
"Kilifi","Rabai","Rabai/Kisurutini",2017,293.571502685547
"Kilifi","Rabai","Rabai/Kisurutini",2018,320.56689453125
"Kilifi","Rabai","Rabai/Kisurutini",2019,325.085388183594
"Kilifi","Rabai","Rabai/Kisurutini",2020,263.239990234375
"Kilifi","Rabai","Rabai/Kisurutini",2021,399.592071533203
"Kilifi","Rabai","Rabai/Kisurutini",2022,503.222747802734
"Kilifi","Rabai","Rabai/Kisurutini",2023,527.535278320312
"Kilifi","Rabai","Rabai/Kisurutini",2024,517.612731933594
"Kilifi","Rabai","Ruruma",2012,0
"Kilifi","Rabai","Ruruma",2013,0
"Kilifi","Rabai","Ruruma",2014,0.206084370613098
"Kilifi","Rabai","Ruruma",2015,0.392917662858963
"Kilifi","Rabai","Ruruma",2016,2.57761740684509
"Kilifi","Rabai","Ruruma",2017,2.76696348190308
"Kilifi","Rabai","Ruruma",2018,2.49466323852539
"Kilifi","Rabai","Ruruma",2019,1.30707943439484
"Kilifi","Rabai","Ruruma",2020,0.0781276449561119
"Kilifi","Rabai","Ruruma",2021,1.87155699729919
"Kilifi","Rabai","Ruruma",2022,16.3154735565186
"Kilifi","Rabai","Ruruma",2023,43.2857360839844
"Kilifi","Rabai","Ruruma",2024,16.5856685638428
"Kirinyaga","Gichugu","Baragwi",2012,10.48903465271
"Kirinyaga","Gichugu","Baragwi",2013,6.39733648300171
"Kirinyaga","Gichugu","Baragwi",2014,10.0412769317627
"Kirinyaga","Gichugu","Baragwi",2015,10.6562328338623
"Kirinyaga","Gichugu","Baragwi",2016,11.926248550415
"Kirinyaga","Gichugu","Baragwi",2017,16.729061126709
"Kirinyaga","Gichugu","Baragwi",2018,16.1455612182617
"Kirinyaga","Gichugu","Baragwi",2019,29.973949432373
"Kirinyaga","Gichugu","Baragwi",2020,9.74004745483398
"Kirinyaga","Gichugu","Baragwi",2021,29.2693271636963
"Kirinyaga","Gichugu","Baragwi",2022,81.8863983154297
"Kirinyaga","Gichugu","Baragwi",2023,68.4704437255859
"Kirinyaga","Gichugu","Baragwi",2024,93.754768371582
"Kirinyaga","Gichugu","Kabare",2012,4.03551721572876
"Kirinyaga","Gichugu","Kabare",2013,3.20872211456299
"Kirinyaga","Gichugu","Kabare",2014,5.32320165634155
"Kirinyaga","Gichugu","Kabare",2015,2.86279129981995
"Kirinyaga","Gichugu","Kabare",2016,2.74897336959839
"Kirinyaga","Gichugu","Kabare",2017,7.17162609100342
"Kirinyaga","Gichugu","Kabare",2018,10.1117391586304
"Kirinyaga","Gichugu","Kabare",2019,37.5250091552734
"Kirinyaga","Gichugu","Kabare",2020,56.4702262878418
"Kirinyaga","Gichugu","Kabare",2021,117.520614624023
"Kirinyaga","Gichugu","Kabare",2022,172.683303833008
"Kirinyaga","Gichugu","Kabare",2023,107.479118347168
"Kirinyaga","Gichugu","Kabare",2024,137.388198852539
"Kirinyaga","Gichugu","Karumandi",2012,9.63429737091064
"Kirinyaga","Gichugu","Karumandi",2013,6.03029251098633
"Kirinyaga","Gichugu","Karumandi",2014,9.86515522003174
"Kirinyaga","Gichugu","Karumandi",2015,12.9250116348267
"Kirinyaga","Gichugu","Karumandi",2016,25.8984184265137
"Kirinyaga","Gichugu","Karumandi",2017,49.9963607788086
"Kirinyaga","Gichugu","Karumandi",2018,70.4367218017578
"Kirinyaga","Gichugu","Karumandi",2019,72.9256362915039
"Kirinyaga","Gichugu","Karumandi",2020,52.157901763916
"Kirinyaga","Gichugu","Karumandi",2021,61.7047805786133
"Kirinyaga","Gichugu","Karumandi",2022,112.83617401123
"Kirinyaga","Gichugu","Karumandi",2023,120.11279296875
"Kirinyaga","Gichugu","Karumandi",2024,138.160827636719
"Kirinyaga","Gichugu","Ngariama",2012,3.10732269287109
"Kirinyaga","Gichugu","Ngariama",2013,1.62365090847015
"Kirinyaga","Gichugu","Ngariama",2014,0.90441632270813
"Kirinyaga","Gichugu","Ngariama",2015,4.37538814544678
"Kirinyaga","Gichugu","Ngariama",2016,1.26365947723389
"Kirinyaga","Gichugu","Ngariama",2017,3.66613745689392
"Kirinyaga","Gichugu","Ngariama",2018,0.722955286502838
"Kirinyaga","Gichugu","Ngariama",2019,7.48731899261475
"Kirinyaga","Gichugu","Ngariama",2020,3.04038524627686
"Kirinyaga","Gichugu","Ngariama",2021,3.9018349647522
"Kirinyaga","Gichugu","Ngariama",2022,49.1484451293945
"Kirinyaga","Gichugu","Ngariama",2023,58.4998779296875
"Kirinyaga","Gichugu","Ngariama",2024,70.6567611694336
"Kirinyaga","Gichugu","Njukiini",2012,2.58966112136841
"Kirinyaga","Gichugu","Njukiini",2013,1.84803438186646
"Kirinyaga","Gichugu","Njukiini",2014,4.42231559753418
"Kirinyaga","Gichugu","Njukiini",2015,4.93094444274902
"Kirinyaga","Gichugu","Njukiini",2016,7.64647102355957
"Kirinyaga","Gichugu","Njukiini",2017,7.66054201126099
"Kirinyaga","Gichugu","Njukiini",2018,6.83558177947998
"Kirinyaga","Gichugu","Njukiini",2019,13.1002883911133
"Kirinyaga","Gichugu","Njukiini",2020,8.36063480377197
"Kirinyaga","Gichugu","Njukiini",2021,13.6994218826294
"Kirinyaga","Gichugu","Njukiini",2022,52.4403114318848
"Kirinyaga","Gichugu","Njukiini",2023,48.551643371582
"Kirinyaga","Gichugu","Njukiini",2024,104.795295715332
"Kirinyaga","Kirinyaga Central","Inoi",2012,9.33085441589355
"Kirinyaga","Kirinyaga Central","Inoi",2013,9.91868877410889
"Kirinyaga","Kirinyaga Central","Inoi",2014,9.15828227996826
"Kirinyaga","Kirinyaga Central","Inoi",2015,11.6152276992798
"Kirinyaga","Kirinyaga Central","Inoi",2016,19.7259616851807
"Kirinyaga","Kirinyaga Central","Inoi",2017,29.9637050628662
"Kirinyaga","Kirinyaga Central","Inoi",2018,37.3672981262207
"Kirinyaga","Kirinyaga Central","Inoi",2019,37.6756629943848
"Kirinyaga","Kirinyaga Central","Inoi",2020,26.5967845916748
"Kirinyaga","Kirinyaga Central","Inoi",2021,38.4198532104492
"Kirinyaga","Kirinyaga Central","Inoi",2022,97.3062744140625
"Kirinyaga","Kirinyaga Central","Inoi",2023,96.85302734375
"Kirinyaga","Kirinyaga Central","Inoi",2024,102.167465209961
"Kirinyaga","Kirinyaga Central","Kanyekini",2012,0.572872638702393
"Kirinyaga","Kirinyaga Central","Kanyekini",2013,0.610099673271179
"Kirinyaga","Kirinyaga Central","Kanyekini",2014,0.252695560455322
"Kirinyaga","Kirinyaga Central","Kanyekini",2015,2.36868810653687
"Kirinyaga","Kirinyaga Central","Kanyekini",2016,4.56607341766357
"Kirinyaga","Kirinyaga Central","Kanyekini",2017,4.05381965637207
"Kirinyaga","Kirinyaga Central","Kanyekini",2018,3.6041088104248
"Kirinyaga","Kirinyaga Central","Kanyekini",2019,4.77991104125977
"Kirinyaga","Kirinyaga Central","Kanyekini",2020,4.54097700119019
"Kirinyaga","Kirinyaga Central","Kanyekini",2021,17.5944766998291
"Kirinyaga","Kirinyaga Central","Kanyekini",2022,56.2316474914551
"Kirinyaga","Kirinyaga Central","Kanyekini",2023,69.3791580200195
"Kirinyaga","Kirinyaga Central","Kanyekini",2024,116.644393920898
"Kirinyaga","Kirinyaga Central","Kerugoya",2012,31.6549644470215
"Kirinyaga","Kirinyaga Central","Kerugoya",2013,29.9996147155762
"Kirinyaga","Kirinyaga Central","Kerugoya",2014,26.362699508667
"Kirinyaga","Kirinyaga Central","Kerugoya",2015,34.4499740600586
"Kirinyaga","Kirinyaga Central","Kerugoya",2016,48.4785499572754
"Kirinyaga","Kirinyaga Central","Kerugoya",2017,123.22486114502
"Kirinyaga","Kirinyaga Central","Kerugoya",2018,144.994079589844
"Kirinyaga","Kirinyaga Central","Kerugoya",2019,140.43879699707
"Kirinyaga","Kirinyaga Central","Kerugoya",2020,98.4428024291992
"Kirinyaga","Kirinyaga Central","Kerugoya",2021,130.477890014648
"Kirinyaga","Kirinyaga Central","Kerugoya",2022,211.232681274414
"Kirinyaga","Kirinyaga Central","Kerugoya",2023,212.43603515625
"Kirinyaga","Kirinyaga Central","Kerugoya",2024,238.045349121094
"Kirinyaga","Kirinyaga Central","Mutira",2012,8.19923210144043
"Kirinyaga","Kirinyaga Central","Mutira",2013,10.7733583450317
"Kirinyaga","Kirinyaga Central","Mutira",2014,5.65016222000122
"Kirinyaga","Kirinyaga Central","Mutira",2015,5.39633703231812
"Kirinyaga","Kirinyaga Central","Mutira",2016,8.97740459442139
"Kirinyaga","Kirinyaga Central","Mutira",2017,8.04476833343506
"Kirinyaga","Kirinyaga Central","Mutira",2018,17.0975303649902
"Kirinyaga","Kirinyaga Central","Mutira",2019,26.7234325408936
"Kirinyaga","Kirinyaga Central","Mutira",2020,18.0008945465088
"Kirinyaga","Kirinyaga Central","Mutira",2021,19.6673793792725
"Kirinyaga","Kirinyaga Central","Mutira",2022,48.3080101013184
"Kirinyaga","Kirinyaga Central","Mutira",2023,53.0663070678711
"Kirinyaga","Kirinyaga Central","Mutira",2024,65.9593353271484
"Kirinyaga","Mwea","Gathigiriri",2012,5.44030332565308
"Kirinyaga","Mwea","Gathigiriri",2013,4.93299341201782
"Kirinyaga","Mwea","Gathigiriri",2014,2.34159684181213
"Kirinyaga","Mwea","Gathigiriri",2015,3.49656629562378
"Kirinyaga","Mwea","Gathigiriri",2016,1.54374396800995
"Kirinyaga","Mwea","Gathigiriri",2017,2.4598240852356
"Kirinyaga","Mwea","Gathigiriri",2018,2.88726758956909
"Kirinyaga","Mwea","Gathigiriri",2019,4.08760929107666
"Kirinyaga","Mwea","Gathigiriri",2020,1.40004408359528
"Kirinyaga","Mwea","Gathigiriri",2021,9.76101970672607
"Kirinyaga","Mwea","Gathigiriri",2022,35.2071495056152
"Kirinyaga","Mwea","Gathigiriri",2023,35.5415115356445
"Kirinyaga","Mwea","Gathigiriri",2024,61.9514045715332
"Kirinyaga","Mwea","Kangai",2012,2.50912165641785
"Kirinyaga","Mwea","Kangai",2013,1.94787788391113
"Kirinyaga","Mwea","Kangai",2014,7.74715232849121
"Kirinyaga","Mwea","Kangai",2015,15.4276342391968
"Kirinyaga","Mwea","Kangai",2016,17.6405925750732
"Kirinyaga","Mwea","Kangai",2017,24.6898803710938
"Kirinyaga","Mwea","Kangai",2018,19.9183940887451
"Kirinyaga","Mwea","Kangai",2019,56.3764190673828
"Kirinyaga","Mwea","Kangai",2020,27.908203125
"Kirinyaga","Mwea","Kangai",2021,44.7704734802246
"Kirinyaga","Mwea","Kangai",2022,101.175720214844
"Kirinyaga","Mwea","Kangai",2023,114.608947753906
"Kirinyaga","Mwea","Kangai",2024,169.349639892578
"Kirinyaga","Mwea","Murinduko",2012,41.8953704833984
"Kirinyaga","Mwea","Murinduko",2013,22.1316032409668
"Kirinyaga","Mwea","Murinduko",2014,20.0437049865723
"Kirinyaga","Mwea","Murinduko",2015,17.7752628326416
"Kirinyaga","Mwea","Murinduko",2016,18.8693943023682
"Kirinyaga","Mwea","Murinduko",2017,29.6116638183594
"Kirinyaga","Mwea","Murinduko",2018,41.379467010498
"Kirinyaga","Mwea","Murinduko",2019,42.3283233642578
"Kirinyaga","Mwea","Murinduko",2020,28.1741905212402
"Kirinyaga","Mwea","Murinduko",2021,36.1282119750977
"Kirinyaga","Mwea","Murinduko",2022,66.0214309692383
"Kirinyaga","Mwea","Murinduko",2023,79.6760864257812
"Kirinyaga","Mwea","Murinduko",2024,120.722984313965
"Kirinyaga","Mwea","Mutithi",2012,12.0710783004761
"Kirinyaga","Mwea","Mutithi",2013,12.3207139968872
"Kirinyaga","Mwea","Mutithi",2014,27.6853713989258
"Kirinyaga","Mwea","Mutithi",2015,34.919750213623
"Kirinyaga","Mwea","Mutithi",2016,26.5615196228027
"Kirinyaga","Mwea","Mutithi",2017,36.293212890625
"Kirinyaga","Mwea","Mutithi",2018,52.9621505737305
"Kirinyaga","Mwea","Mutithi",2019,85.3337783813477
"Kirinyaga","Mwea","Mutithi",2020,43.966609954834
"Kirinyaga","Mwea","Mutithi",2021,66.9215393066406
"Kirinyaga","Mwea","Mutithi",2022,217.676284790039
"Kirinyaga","Mwea","Mutithi",2023,218.429901123047
"Kirinyaga","Mwea","Mutithi",2024,288.919708251953
"Kirinyaga","Mwea","Nyangati",2012,9.56445980072021
"Kirinyaga","Mwea","Nyangati",2013,7.11761426925659
"Kirinyaga","Mwea","Nyangati",2014,10.5198564529419
"Kirinyaga","Mwea","Nyangati",2015,20.5078220367432
"Kirinyaga","Mwea","Nyangati",2016,31.4828796386719
"Kirinyaga","Mwea","Nyangati",2017,55.4462356567383
"Kirinyaga","Mwea","Nyangati",2018,44.1898536682129
"Kirinyaga","Mwea","Nyangati",2019,59.3582878112793
"Kirinyaga","Mwea","Nyangati",2020,44.1686859130859
"Kirinyaga","Mwea","Nyangati",2021,71.1768569946289
"Kirinyaga","Mwea","Nyangati",2022,149.190277099609
"Kirinyaga","Mwea","Nyangati",2023,153.72444152832
"Kirinyaga","Mwea","Nyangati",2024,177.587188720703
"Kirinyaga","Mwea","Tebere",2012,29.1018886566162
"Kirinyaga","Mwea","Tebere",2013,22.9184436798096
"Kirinyaga","Mwea","Tebere",2014,36.5511169433594
"Kirinyaga","Mwea","Tebere",2015,39.3822059631348
"Kirinyaga","Mwea","Tebere",2016,50.4982109069824
"Kirinyaga","Mwea","Tebere",2017,85.1956558227539
"Kirinyaga","Mwea","Tebere",2018,114.246162414551
"Kirinyaga","Mwea","Tebere",2019,166.273376464844
"Kirinyaga","Mwea","Tebere",2020,140.961120605469
"Kirinyaga","Mwea","Tebere",2021,160.524810791016
"Kirinyaga","Mwea","Tebere",2022,239.445083618164
"Kirinyaga","Mwea","Tebere",2023,222.153854370117
"Kirinyaga","Mwea","Tebere",2024,279.069519042969
"Kirinyaga","Mwea","Thiba",2012,1.40156805515289
"Kirinyaga","Mwea","Thiba",2013,0.924347460269928
"Kirinyaga","Mwea","Thiba",2014,2.16671419143677
"Kirinyaga","Mwea","Thiba",2015,2.0640926361084
"Kirinyaga","Mwea","Thiba",2016,5.07226085662842
"Kirinyaga","Mwea","Thiba",2017,16.0581130981445
"Kirinyaga","Mwea","Thiba",2018,16.3556613922119
"Kirinyaga","Mwea","Thiba",2019,17.7249031066895
"Kirinyaga","Mwea","Thiba",2020,15.1601839065552
"Kirinyaga","Mwea","Thiba",2021,18.8178787231445
"Kirinyaga","Mwea","Thiba",2022,50.5241889953613
"Kirinyaga","Mwea","Thiba",2023,48.5701065063477
"Kirinyaga","Mwea","Thiba",2024,71.5079193115234
"Kirinyaga","Mwea","Wamumu",2012,0
"Kirinyaga","Mwea","Wamumu",2013,0
"Kirinyaga","Mwea","Wamumu",2014,0
"Kirinyaga","Mwea","Wamumu",2015,0
"Kirinyaga","Mwea","Wamumu",2016,0.558904826641083
"Kirinyaga","Mwea","Wamumu",2017,0.0445255301892757
"Kirinyaga","Mwea","Wamumu",2018,2.4572958946228
"Kirinyaga","Mwea","Wamumu",2019,2.0942759513855
"Kirinyaga","Mwea","Wamumu",2020,0.653162658214569
"Kirinyaga","Mwea","Wamumu",2021,3.64257764816284
"Kirinyaga","Mwea","Wamumu",2022,19.3220672607422
"Kirinyaga","Mwea","Wamumu",2023,14.1862735748291
"Kirinyaga","Mwea","Wamumu",2024,19.1121788024902
"Kirinyaga","Ndia","Kariti",2012,11.9621696472168
"Kirinyaga","Ndia","Kariti",2013,8.12221240997314
"Kirinyaga","Ndia","Kariti",2014,13.7768716812134
"Kirinyaga","Ndia","Kariti",2015,18.3642883300781
"Kirinyaga","Ndia","Kariti",2016,14.0700578689575
"Kirinyaga","Ndia","Kariti",2017,35.5013313293457
"Kirinyaga","Ndia","Kariti",2018,46.8864593505859
"Kirinyaga","Ndia","Kariti",2019,49.2072448730469
"Kirinyaga","Ndia","Kariti",2020,27.3554382324219
"Kirinyaga","Ndia","Kariti",2021,32.8132286071777
"Kirinyaga","Ndia","Kariti",2022,98.3686218261719
"Kirinyaga","Ndia","Kariti",2023,90.3068923950195
"Kirinyaga","Ndia","Kariti",2024,134.631271362305
"Kirinyaga","Ndia","Kiine",2012,0.96371454000473
"Kirinyaga","Ndia","Kiine",2013,0.802156627178192
"Kirinyaga","Ndia","Kiine",2014,4.39361667633057
"Kirinyaga","Ndia","Kiine",2015,8.18161392211914
"Kirinyaga","Ndia","Kiine",2016,6.20921468734741
"Kirinyaga","Ndia","Kiine",2017,12.512993812561
"Kirinyaga","Ndia","Kiine",2018,17.4216613769531
"Kirinyaga","Ndia","Kiine",2019,26.7779884338379
"Kirinyaga","Ndia","Kiine",2020,12.6503324508667
"Kirinyaga","Ndia","Kiine",2021,20.9824504852295
"Kirinyaga","Ndia","Kiine",2022,63.6172752380371
"Kirinyaga","Ndia","Kiine",2023,56.7030754089355
"Kirinyaga","Ndia","Kiine",2024,97.6147994995117
"Kirinyaga","Ndia","Mukure",2012,7.24749040603638
"Kirinyaga","Ndia","Mukure",2013,5.92859125137329
"Kirinyaga","Ndia","Mukure",2014,16.2537536621094
"Kirinyaga","Ndia","Mukure",2015,7.13915491104126
"Kirinyaga","Ndia","Mukure",2016,7.89422512054443
"Kirinyaga","Ndia","Mukure",2017,9.14228248596191
"Kirinyaga","Ndia","Mukure",2018,9.32005500793457
"Kirinyaga","Ndia","Mukure",2019,16.176420211792
"Kirinyaga","Ndia","Mukure",2020,7.88496685028076
"Kirinyaga","Ndia","Mukure",2021,13.5624761581421
"Kirinyaga","Ndia","Mukure",2022,47.0425491333008
"Kirinyaga","Ndia","Mukure",2023,55.0672225952148
"Kirinyaga","Ndia","Mukure",2024,77.4695129394531
"Kisii","Bobasi","Basi Bogetaorio",2012,2.07860660552979
"Kisii","Bobasi","Basi Bogetaorio",2013,3.19346022605896
"Kisii","Bobasi","Basi Bogetaorio",2014,2.97242069244385
"Kisii","Bobasi","Basi Bogetaorio",2015,7.50588893890381
"Kisii","Bobasi","Basi Bogetaorio",2016,5.33694362640381
"Kisii","Bobasi","Basi Bogetaorio",2017,4.25115299224854
"Kisii","Bobasi","Basi Bogetaorio",2018,9.8634786605835
"Kisii","Bobasi","Basi Bogetaorio",2019,11.206503868103
"Kisii","Bobasi","Basi Bogetaorio",2020,8.60236930847168
"Kisii","Bobasi","Basi Bogetaorio",2021,22.1773319244385
"Kisii","Bobasi","Basi Bogetaorio",2022,48.2048645019531
"Kisii","Bobasi","Basi Bogetaorio",2023,96.0774993896484
"Kisii","Bobasi","Basi Bogetaorio",2024,109.168151855469
"Kisii","Bobasi","Basi Central",2012,1.80075478553772
"Kisii","Bobasi","Basi Central",2013,1.13254642486572
"Kisii","Bobasi","Basi Central",2014,1.19789600372314
"Kisii","Bobasi","Basi Central",2015,3.60571312904358
"Kisii","Bobasi","Basi Central",2016,1.98998010158539
"Kisii","Bobasi","Basi Central",2017,4.71069717407227
"Kisii","Bobasi","Basi Central",2018,9.39027404785156
"Kisii","Bobasi","Basi Central",2019,7.1205415725708
"Kisii","Bobasi","Basi Central",2020,4.36504125595093
"Kisii","Bobasi","Basi Central",2021,17.532693862915
"Kisii","Bobasi","Basi Central",2022,51.4977989196777
"Kisii","Bobasi","Basi Central",2023,71.4446563720703
"Kisii","Bobasi","Basi Central",2024,76.5904388427734
"Kisii","Bobasi","Bobasi Boitangare",2012,2.23863220214844
"Kisii","Bobasi","Bobasi Boitangare",2013,0.530434370040894
"Kisii","Bobasi","Bobasi Boitangare",2014,1.05465364456177
"Kisii","Bobasi","Bobasi Boitangare",2015,3.1854088306427
"Kisii","Bobasi","Bobasi Boitangare",2016,2.75678873062134
"Kisii","Bobasi","Bobasi Boitangare",2017,2.9365816116333
"Kisii","Bobasi","Bobasi Boitangare",2018,11.2576818466187
"Kisii","Bobasi","Bobasi Boitangare",2019,13.9528675079346
"Kisii","Bobasi","Bobasi Boitangare",2020,12.5336818695068
"Kisii","Bobasi","Bobasi Boitangare",2021,23.0097465515137
"Kisii","Bobasi","Bobasi Boitangare",2022,56.3378219604492
"Kisii","Bobasi","Bobasi Boitangare",2023,70.7336883544922
"Kisii","Bobasi","Bobasi Boitangare",2024,74.7623519897461
"Kisii","Bobasi","Bobasi Chache",2012,0
"Kisii","Bobasi","Bobasi Chache",2013,0.163120433688164
"Kisii","Bobasi","Bobasi Chache",2014,0.344095498323441
"Kisii","Bobasi","Bobasi Chache",2015,3.16646981239319
"Kisii","Bobasi","Bobasi Chache",2016,8.17819881439209
"Kisii","Bobasi","Bobasi Chache",2017,20.0360012054443
"Kisii","Bobasi","Bobasi Chache",2018,27.7035293579102
"Kisii","Bobasi","Bobasi Chache",2019,37.449878692627
"Kisii","Bobasi","Bobasi Chache",2020,42.2953491210938
"Kisii","Bobasi","Bobasi Chache",2021,47.9952278137207
"Kisii","Bobasi","Bobasi Chache",2022,73.3955688476562
"Kisii","Bobasi","Bobasi Chache",2023,76.0352249145508
"Kisii","Bobasi","Bobasi Chache",2024,81.9886169433594
"Kisii","Bobasi","Masige East",2012,1.39176464080811
"Kisii","Bobasi","Masige East",2013,1.54267048835754
"Kisii","Bobasi","Masige East",2014,2.41831493377686
"Kisii","Bobasi","Masige East",2015,5.15397167205811
"Kisii","Bobasi","Masige East",2016,4.03263664245605
"Kisii","Bobasi","Masige East",2017,4.29089212417603
"Kisii","Bobasi","Masige East",2018,10.5290670394897
"Kisii","Bobasi","Masige East",2019,8.99537467956543
"Kisii","Bobasi","Masige East",2020,6.14861345291138
"Kisii","Bobasi","Masige East",2021,27.056022644043
"Kisii","Bobasi","Masige East",2022,46.5291290283203
"Kisii","Bobasi","Masige East",2023,66.4043884277344
"Kisii","Bobasi","Masige East",2024,57.5803413391113
"Kisii","Bobasi","Masige West",2012,0.117057375609875
"Kisii","Bobasi","Masige West",2013,0.455585330724716
"Kisii","Bobasi","Masige West",2014,0.361454993486404
"Kisii","Bobasi","Masige West",2015,1.32709038257599
"Kisii","Bobasi","Masige West",2016,0.890174329280853
"Kisii","Bobasi","Masige West",2017,3.41986656188965
"Kisii","Bobasi","Masige West",2018,6.73219871520996
"Kisii","Bobasi","Masige West",2019,3.04289793968201
"Kisii","Bobasi","Masige West",2020,5.62499237060547
"Kisii","Bobasi","Masige West",2021,9.7562084197998
"Kisii","Bobasi","Masige West",2022,35.745662689209
"Kisii","Bobasi","Masige West",2023,56.2769203186035
"Kisii","Bobasi","Masige West",2024,60.5445137023926
"Kisii","Bobasi","Nyacheki",2012,0
"Kisii","Bobasi","Nyacheki",2013,0
"Kisii","Bobasi","Nyacheki",2014,0
"Kisii","Bobasi","Nyacheki",2015,0.501978814601898
"Kisii","Bobasi","Nyacheki",2016,0
"Kisii","Bobasi","Nyacheki",2017,0
"Kisii","Bobasi","Nyacheki",2018,11.2936611175537
"Kisii","Bobasi","Nyacheki",2019,4.66555500030518
"Kisii","Bobasi","Nyacheki",2020,9.6080961227417
"Kisii","Bobasi","Nyacheki",2021,12.9365797042847
"Kisii","Bobasi","Nyacheki",2022,45.4491996765137
"Kisii","Bobasi","Nyacheki",2023,74.0060806274414
"Kisii","Bobasi","Nyacheki",2024,103.841133117676
"Kisii","Bobasi","Sameta/Mokwerero",2012,2.59530472755432
"Kisii","Bobasi","Sameta/Mokwerero",2013,4.30931711196899
"Kisii","Bobasi","Sameta/Mokwerero",2014,2.27313208580017
"Kisii","Bobasi","Sameta/Mokwerero",2015,3.50218605995178
"Kisii","Bobasi","Sameta/Mokwerero",2016,2.65944337844849
"Kisii","Bobasi","Sameta/Mokwerero",2017,1.74905204772949
"Kisii","Bobasi","Sameta/Mokwerero",2018,7.76329183578491
"Kisii","Bobasi","Sameta/Mokwerero",2019,16.5110111236572
"Kisii","Bobasi","Sameta/Mokwerero",2020,13.8255386352539
"Kisii","Bobasi","Sameta/Mokwerero",2021,28.6038761138916
"Kisii","Bobasi","Sameta/Mokwerero",2022,64.1119918823242
"Kisii","Bobasi","Sameta/Mokwerero",2023,63.4011154174805
"Kisii","Bobasi","Sameta/Mokwerero",2024,69.3789215087891
"Kisii","Bomachoge Borabu","Bokimonge",2012,0
"Kisii","Bomachoge Borabu","Bokimonge",2013,0.564100742340088
"Kisii","Bomachoge Borabu","Bokimonge",2014,2.16790962219238
"Kisii","Bomachoge Borabu","Bokimonge",2015,1.20044493675232
"Kisii","Bomachoge Borabu","Bokimonge",2016,0.707777798175812
"Kisii","Bomachoge Borabu","Bokimonge",2017,5.11643123626709
"Kisii","Bomachoge Borabu","Bokimonge",2018,5.50776720046997
"Kisii","Bomachoge Borabu","Bokimonge",2019,10.5360021591187
"Kisii","Bomachoge Borabu","Bokimonge",2020,10.9121618270874
"Kisii","Bomachoge Borabu","Bokimonge",2021,29.7861461639404
"Kisii","Bomachoge Borabu","Bokimonge",2022,58.8393287658691
"Kisii","Bomachoge Borabu","Bokimonge",2023,65.2055740356445
"Kisii","Bomachoge Borabu","Bokimonge",2024,62.0628929138184
"Kisii","Bomachoge Borabu","Bombaba Borabu",2012,10.0007381439209
"Kisii","Bomachoge Borabu","Bombaba Borabu",2013,9.78116035461426
"Kisii","Bomachoge Borabu","Bombaba Borabu",2014,11.8041915893555
"Kisii","Bomachoge Borabu","Bombaba Borabu",2015,9.14624977111816
"Kisii","Bomachoge Borabu","Bombaba Borabu",2016,9.46319389343262
"Kisii","Bomachoge Borabu","Bombaba Borabu",2017,12.9264945983887
"Kisii","Bomachoge Borabu","Bombaba Borabu",2018,17.2876148223877
"Kisii","Bomachoge Borabu","Bombaba Borabu",2019,16.3322658538818
"Kisii","Bomachoge Borabu","Bombaba Borabu",2020,14.48756980896
"Kisii","Bomachoge Borabu","Bombaba Borabu",2021,24.0208206176758
"Kisii","Bomachoge Borabu","Bombaba Borabu",2022,44.2098617553711
"Kisii","Bomachoge Borabu","Bombaba Borabu",2023,54.7293586730957
"Kisii","Bomachoge Borabu","Bombaba Borabu",2024,51.7699699401855
"Kisii","Bomachoge Borabu","Boochi Borabu",2012,1.62637376785278
"Kisii","Bomachoge Borabu","Boochi Borabu",2013,0.20275916159153
"Kisii","Bomachoge Borabu","Boochi Borabu",2014,1.15534961223602
"Kisii","Bomachoge Borabu","Boochi Borabu",2015,1.7495448589325
"Kisii","Bomachoge Borabu","Boochi Borabu",2016,1.0691921710968
"Kisii","Bomachoge Borabu","Boochi Borabu",2017,2.50925302505493
"Kisii","Bomachoge Borabu","Boochi Borabu",2018,2.87281942367554
"Kisii","Bomachoge Borabu","Boochi Borabu",2019,3.57062458992004
"Kisii","Bomachoge Borabu","Boochi Borabu",2020,3.86850309371948
"Kisii","Bomachoge Borabu","Boochi Borabu",2021,10.1091032028198
"Kisii","Bomachoge Borabu","Boochi Borabu",2022,23.6510524749756
"Kisii","Bomachoge Borabu","Boochi Borabu",2023,35.8591842651367
"Kisii","Bomachoge Borabu","Boochi Borabu",2024,33.9366912841797
"Kisii","Bomachoge Borabu","Magenche",2012,0
"Kisii","Bomachoge Borabu","Magenche",2013,0
"Kisii","Bomachoge Borabu","Magenche",2014,0
"Kisii","Bomachoge Borabu","Magenche",2015,0
"Kisii","Bomachoge Borabu","Magenche",2016,0
"Kisii","Bomachoge Borabu","Magenche",2017,0
"Kisii","Bomachoge Borabu","Magenche",2018,1.08292055130005
"Kisii","Bomachoge Borabu","Magenche",2019,0.57962840795517
"Kisii","Bomachoge Borabu","Magenche",2020,0
"Kisii","Bomachoge Borabu","Magenche",2021,1.03938543796539
"Kisii","Bomachoge Borabu","Magenche",2022,12.9766025543213
"Kisii","Bomachoge Borabu","Magenche",2023,17.8868141174316
"Kisii","Bomachoge Borabu","Magenche",2024,18.8059406280518
"Kisii","Bomachoge Chache","Boochi/Tendere",2012,13.3045358657837
"Kisii","Bomachoge Chache","Boochi/Tendere",2013,10.6697044372559
"Kisii","Bomachoge Chache","Boochi/Tendere",2014,16.9419364929199
"Kisii","Bomachoge Chache","Boochi/Tendere",2015,24.2263088226318
"Kisii","Bomachoge Chache","Boochi/Tendere",2016,28.764533996582
"Kisii","Bomachoge Chache","Boochi/Tendere",2017,22.9733963012695
"Kisii","Bomachoge Chache","Boochi/Tendere",2018,37.3096466064453
"Kisii","Bomachoge Chache","Boochi/Tendere",2019,35.3904457092285
"Kisii","Bomachoge Chache","Boochi/Tendere",2020,50.0152740478516
"Kisii","Bomachoge Chache","Boochi/Tendere",2021,64.1687774658203
"Kisii","Bomachoge Chache","Boochi/Tendere",2022,109.511856079102
"Kisii","Bomachoge Chache","Boochi/Tendere",2023,126.337051391602
"Kisii","Bomachoge Chache","Boochi/Tendere",2024,130.578720092773
"Kisii","Bomachoge Chache","Bosoti/Sengera",2012,0
"Kisii","Bomachoge Chache","Bosoti/Sengera",2013,0
"Kisii","Bomachoge Chache","Bosoti/Sengera",2014,0
"Kisii","Bomachoge Chache","Bosoti/Sengera",2015,0
"Kisii","Bomachoge Chache","Bosoti/Sengera",2016,0
"Kisii","Bomachoge Chache","Bosoti/Sengera",2017,1.18939912319183
"Kisii","Bomachoge Chache","Bosoti/Sengera",2018,6.72987604141235
"Kisii","Bomachoge Chache","Bosoti/Sengera",2019,20.5707511901855
"Kisii","Bomachoge Chache","Bosoti/Sengera",2020,20.6312675476074
"Kisii","Bomachoge Chache","Bosoti/Sengera",2021,45.0283012390137
"Kisii","Bomachoge Chache","Bosoti/Sengera",2022,73.5710601806641
"Kisii","Bomachoge Chache","Bosoti/Sengera",2023,77.5465774536133
"Kisii","Bomachoge Chache","Bosoti/Sengera",2024,75.4546508789062
"Kisii","Bomachoge Chache","Majoge Basi",2012,0
"Kisii","Bomachoge Chache","Majoge Basi",2013,0
"Kisii","Bomachoge Chache","Majoge Basi",2014,0.510789513587952
"Kisii","Bomachoge Chache","Majoge Basi",2015,2.87238502502441
"Kisii","Bomachoge Chache","Majoge Basi",2016,6.51893281936646
"Kisii","Bomachoge Chache","Majoge Basi",2017,8.40382385253906
"Kisii","Bomachoge Chache","Majoge Basi",2018,14.1142568588257
"Kisii","Bomachoge Chache","Majoge Basi",2019,17.5448532104492
"Kisii","Bomachoge Chache","Majoge Basi",2020,22.8120460510254
"Kisii","Bomachoge Chache","Majoge Basi",2021,23.4744434356689
"Kisii","Bomachoge Chache","Majoge Basi",2022,63.6985664367676
"Kisii","Bomachoge Chache","Majoge Basi",2023,63.7269020080566
"Kisii","Bomachoge Chache","Majoge Basi",2024,83.0580520629883
"Kisii","Bonchari","Bogiakumu",2012,10.9776792526245
"Kisii","Bonchari","Bogiakumu",2013,18.2618637084961
"Kisii","Bonchari","Bogiakumu",2014,22.9155731201172
"Kisii","Bonchari","Bogiakumu",2015,38.6050605773926
"Kisii","Bonchari","Bogiakumu",2016,49.1239166259766
"Kisii","Bonchari","Bogiakumu",2017,61.1172676086426
"Kisii","Bonchari","Bogiakumu",2018,96.6104202270508
"Kisii","Bonchari","Bogiakumu",2019,104.826774597168
"Kisii","Bonchari","Bogiakumu",2020,98.5258865356445
"Kisii","Bonchari","Bogiakumu",2021,111.958068847656
"Kisii","Bonchari","Bogiakumu",2022,137.382446289062
"Kisii","Bonchari","Bogiakumu",2023,143.4482421875
"Kisii","Bonchari","Bogiakumu",2024,200.869354248047
"Kisii","Bonchari","Bomariba",2012,0
"Kisii","Bonchari","Bomariba",2013,0
"Kisii","Bonchari","Bomariba",2014,0
"Kisii","Bonchari","Bomariba",2015,0.528941333293915
"Kisii","Bonchari","Bomariba",2016,0.550155580043793
"Kisii","Bonchari","Bomariba",2017,4.0283260345459
"Kisii","Bonchari","Bomariba",2018,10.534083366394
"Kisii","Bonchari","Bomariba",2019,9.26506519317627
"Kisii","Bonchari","Bomariba",2020,10.4846248626709
"Kisii","Bonchari","Bomariba",2021,13.764196395874
"Kisii","Bonchari","Bomariba",2022,42.1974678039551
"Kisii","Bonchari","Bomariba",2023,45.1642379760742
"Kisii","Bonchari","Bomariba",2024,59.1418037414551
"Kisii","Bonchari","Bomorenda",2012,19.0263423919678
"Kisii","Bonchari","Bomorenda",2013,26.4897212982178
"Kisii","Bonchari","Bomorenda",2014,32.6491203308105
"Kisii","Bonchari","Bomorenda",2015,53.9750328063965
"Kisii","Bonchari","Bomorenda",2016,65.4731063842773
"Kisii","Bonchari","Bomorenda",2017,87.6781997680664
"Kisii","Bonchari","Bomorenda",2018,114.611862182617
"Kisii","Bonchari","Bomorenda",2019,135.960525512695
"Kisii","Bonchari","Bomorenda",2020,119.71012878418
"Kisii","Bonchari","Bomorenda",2021,114.43465423584
"Kisii","Bonchari","Bomorenda",2022,160.798294067383
"Kisii","Bonchari","Bomorenda",2023,165.253631591797
"Kisii","Bonchari","Bomorenda",2024,183.843368530273
"Kisii","Bonchari","Riana",2012,0
"Kisii","Bonchari","Riana",2013,0
"Kisii","Bonchari","Riana",2014,1.19702386856079
"Kisii","Bonchari","Riana",2015,3.90896701812744
"Kisii","Bonchari","Riana",2016,6.14247560501099
"Kisii","Bonchari","Riana",2017,6.33473587036133
"Kisii","Bonchari","Riana",2018,24.555456161499
"Kisii","Bonchari","Riana",2019,25.0297527313232
"Kisii","Bonchari","Riana",2020,19.4635276794434
"Kisii","Bonchari","Riana",2021,19.7880897521973
"Kisii","Bonchari","Riana",2022,53.7365417480469
"Kisii","Bonchari","Riana",2023,68.5189437866211
"Kisii","Bonchari","Riana",2024,84.085075378418
"Kisii","Kitutu Chache North","Kegogi",2012,0
"Kisii","Kitutu Chache North","Kegogi",2013,0
"Kisii","Kitutu Chache North","Kegogi",2014,0
"Kisii","Kitutu Chache North","Kegogi",2015,0
"Kisii","Kitutu Chache North","Kegogi",2016,0.0690035298466682
"Kisii","Kitutu Chache North","Kegogi",2017,0.567125856876373
"Kisii","Kitutu Chache North","Kegogi",2018,0.722414910793304
"Kisii","Kitutu Chache North","Kegogi",2019,0.790715634822845
"Kisii","Kitutu Chache North","Kegogi",2020,1.71053886413574
"Kisii","Kitutu Chache North","Kegogi",2021,5.76298236846924
"Kisii","Kitutu Chache North","Kegogi",2022,17.9613151550293
"Kisii","Kitutu Chache North","Kegogi",2023,24.0784893035889
"Kisii","Kitutu Chache North","Kegogi",2024,30.5890579223633
"Kisii","Kitutu Chache North","Marani",2012,0.522286653518677
"Kisii","Kitutu Chache North","Marani",2013,0
"Kisii","Kitutu Chache North","Marani",2014,0
"Kisii","Kitutu Chache North","Marani",2015,5.91891002655029
"Kisii","Kitutu Chache North","Marani",2016,5.19693183898926
"Kisii","Kitutu Chache North","Marani",2017,2.51036095619202
"Kisii","Kitutu Chache North","Marani",2018,6.07559013366699
"Kisii","Kitutu Chache North","Marani",2019,10.0540170669556
"Kisii","Kitutu Chache North","Marani",2020,11.9358081817627
"Kisii","Kitutu Chache North","Marani",2021,20.5377883911133
"Kisii","Kitutu Chache North","Marani",2022,39.1499786376953
"Kisii","Kitutu Chache North","Marani",2023,59.9461250305176
"Kisii","Kitutu Chache North","Marani",2024,85.0921401977539
"Kisii","Kitutu Chache North","Monyerero",2012,0
"Kisii","Kitutu Chache North","Monyerero",2013,0
"Kisii","Kitutu Chache North","Monyerero",2014,0
"Kisii","Kitutu Chache North","Monyerero",2015,0
"Kisii","Kitutu Chache North","Monyerero",2016,0.980407953262329
"Kisii","Kitutu Chache North","Monyerero",2017,1.75829446315765
"Kisii","Kitutu Chache North","Monyerero",2018,2.19435667991638
"Kisii","Kitutu Chache North","Monyerero",2019,5.56756734848022
"Kisii","Kitutu Chache North","Monyerero",2020,9.35836982727051
"Kisii","Kitutu Chache North","Monyerero",2021,10.2156324386597
"Kisii","Kitutu Chache North","Monyerero",2022,50.8300971984863
"Kisii","Kitutu Chache North","Monyerero",2023,60.0773506164551
"Kisii","Kitutu Chache North","Monyerero",2024,76.7955780029297
"Kisii","Kitutu Chache North","Sensi",2012,0
"Kisii","Kitutu Chache North","Sensi",2013,0
"Kisii","Kitutu Chache North","Sensi",2014,0
"Kisii","Kitutu Chache North","Sensi",2015,0.0116479070857167
"Kisii","Kitutu Chache North","Sensi",2016,0.00966731179505587
"Kisii","Kitutu Chache North","Sensi",2017,0
"Kisii","Kitutu Chache North","Sensi",2018,0
"Kisii","Kitutu Chache North","Sensi",2019,1.77467370033264
"Kisii","Kitutu Chache North","Sensi",2020,3.10275840759277
"Kisii","Kitutu Chache North","Sensi",2021,14.0207691192627
"Kisii","Kitutu Chache North","Sensi",2022,53.021614074707
"Kisii","Kitutu Chache North","Sensi",2023,59.676441192627
"Kisii","Kitutu Chache North","Sensi",2024,69.5576705932617
"Kisii","Kitutu Chache South","Bogeka",2012,3.7887818813324
"Kisii","Kitutu Chache South","Bogeka",2013,3.82030367851257
"Kisii","Kitutu Chache South","Bogeka",2014,6.25630807876587
"Kisii","Kitutu Chache South","Bogeka",2015,6.74960517883301
"Kisii","Kitutu Chache South","Bogeka",2016,6.56514596939087
"Kisii","Kitutu Chache South","Bogeka",2017,10.5229711532593
"Kisii","Kitutu Chache South","Bogeka",2018,16.559591293335
"Kisii","Kitutu Chache South","Bogeka",2019,16.1923427581787
"Kisii","Kitutu Chache South","Bogeka",2020,23.6310939788818
"Kisii","Kitutu Chache South","Bogeka",2021,36.1291046142578
"Kisii","Kitutu Chache South","Bogeka",2022,47.3171844482422
"Kisii","Kitutu Chache South","Bogeka",2023,65.889404296875
"Kisii","Kitutu Chache South","Bogeka",2024,77.5300903320312
"Kisii","Kitutu Chache South","Bogusero",2012,2.35295915603638
"Kisii","Kitutu Chache South","Bogusero",2013,1.97329521179199
"Kisii","Kitutu Chache South","Bogusero",2014,2.74830722808838
"Kisii","Kitutu Chache South","Bogusero",2015,5.50588893890381
"Kisii","Kitutu Chache South","Bogusero",2016,4.27019214630127
"Kisii","Kitutu Chache South","Bogusero",2017,6.12499713897705
"Kisii","Kitutu Chache South","Bogusero",2018,10.3135242462158
"Kisii","Kitutu Chache South","Bogusero",2019,12.3097629547119
"Kisii","Kitutu Chache South","Bogusero",2020,16.0815105438232
"Kisii","Kitutu Chache South","Bogusero",2021,28.9306297302246
"Kisii","Kitutu Chache South","Bogusero",2022,40.3386306762695
"Kisii","Kitutu Chache South","Bogusero",2023,59.0805702209473
"Kisii","Kitutu Chache South","Bogusero",2024,90.1104354858398
"Kisii","Kitutu Chache South","Kitutu Central",2012,26.5068454742432
"Kisii","Kitutu Chache South","Kitutu Central",2013,35.2762031555176
"Kisii","Kitutu Chache South","Kitutu Central",2014,47.0605392456055
"Kisii","Kitutu Chache South","Kitutu Central",2015,56.729434967041
"Kisii","Kitutu Chache South","Kitutu Central",2016,63.538459777832
"Kisii","Kitutu Chache South","Kitutu Central",2017,115.213088989258
"Kisii","Kitutu Chache South","Kitutu Central",2018,151.468078613281
"Kisii","Kitutu Chache South","Kitutu Central",2019,143.809112548828
"Kisii","Kitutu Chache South","Kitutu Central",2020,150.113479614258
"Kisii","Kitutu Chache South","Kitutu Central",2021,171.221069335938
"Kisii","Kitutu Chache South","Kitutu Central",2022,181.304275512695
"Kisii","Kitutu Chache South","Kitutu Central",2023,179.201675415039
"Kisii","Kitutu Chache South","Kitutu Central",2024,198.231643676758
"Kisii","Kitutu Chache South","Nyakoe",2012,5.06403350830078
"Kisii","Kitutu Chache South","Nyakoe",2013,6.68677711486816
"Kisii","Kitutu Chache South","Nyakoe",2014,9.64845371246338
"Kisii","Kitutu Chache South","Nyakoe",2015,12.5350885391235
"Kisii","Kitutu Chache South","Nyakoe",2016,9.97495937347412
"Kisii","Kitutu Chache South","Nyakoe",2017,10.2278022766113
"Kisii","Kitutu Chache South","Nyakoe",2018,22.4427223205566
"Kisii","Kitutu Chache South","Nyakoe",2019,32.9940299987793
"Kisii","Kitutu Chache South","Nyakoe",2020,53.9906616210938
"Kisii","Kitutu Chache South","Nyakoe",2021,66.5151290893555
"Kisii","Kitutu Chache South","Nyakoe",2022,100.662994384766
"Kisii","Kitutu Chache South","Nyakoe",2023,120.051918029785
"Kisii","Kitutu Chache South","Nyakoe",2024,132.2060546875
"Kisii","Kitutu Chache South","Nyatieko",2012,0
"Kisii","Kitutu Chache South","Nyatieko",2013,0.702607274055481
"Kisii","Kitutu Chache South","Nyatieko",2014,3.5976665019989
"Kisii","Kitutu Chache South","Nyatieko",2015,12.0232391357422
"Kisii","Kitutu Chache South","Nyatieko",2016,20.4948406219482
"Kisii","Kitutu Chache South","Nyatieko",2017,27.2982902526855
"Kisii","Kitutu Chache South","Nyatieko",2018,37.6235809326172
"Kisii","Kitutu Chache South","Nyatieko",2019,39.9146919250488
"Kisii","Kitutu Chache South","Nyatieko",2020,47.3011054992676
"Kisii","Kitutu Chache South","Nyatieko",2021,78.6354598999023
"Kisii","Kitutu Chache South","Nyatieko",2022,96.5134429931641
"Kisii","Kitutu Chache South","Nyatieko",2023,92.8053817749023
"Kisii","Kitutu Chache South","Nyatieko",2024,107.715850830078
"Kisii","Nyaribari Chache","Birongo",2012,0.0219022911041975
"Kisii","Nyaribari Chache","Birongo",2013,0.588572144508362
"Kisii","Nyaribari Chache","Birongo",2014,1.22056818008423
"Kisii","Nyaribari Chache","Birongo",2015,2.22605657577515
"Kisii","Nyaribari Chache","Birongo",2016,0.969078600406647
"Kisii","Nyaribari Chache","Birongo",2017,5.41256618499756
"Kisii","Nyaribari Chache","Birongo",2018,10.5270290374756
"Kisii","Nyaribari Chache","Birongo",2019,11.458685874939
"Kisii","Nyaribari Chache","Birongo",2020,8.76640892028809
"Kisii","Nyaribari Chache","Birongo",2021,10.3002319335938
"Kisii","Nyaribari Chache","Birongo",2022,53.0558929443359
"Kisii","Nyaribari Chache","Birongo",2023,51.5686302185059
"Kisii","Nyaribari Chache","Birongo",2024,48.5553741455078
"Kisii","Nyaribari Chache","Bobaracho",2012,35.2661781311035
"Kisii","Nyaribari Chache","Bobaracho",2013,39.4578018188477
"Kisii","Nyaribari Chache","Bobaracho",2014,41.5070343017578
"Kisii","Nyaribari Chache","Bobaracho",2015,62.7867088317871
"Kisii","Nyaribari Chache","Bobaracho",2016,82.1166152954102
"Kisii","Nyaribari Chache","Bobaracho",2017,135.770858764648
"Kisii","Nyaribari Chache","Bobaracho",2018,166.131546020508
"Kisii","Nyaribari Chache","Bobaracho",2019,171.375930786133
"Kisii","Nyaribari Chache","Bobaracho",2020,181.597366333008
"Kisii","Nyaribari Chache","Bobaracho",2021,227.833999633789
"Kisii","Nyaribari Chache","Bobaracho",2022,261.563262939453
"Kisii","Nyaribari Chache","Bobaracho",2023,277.830047607422
"Kisii","Nyaribari Chache","Bobaracho",2024,299.593658447266
"Kisii","Nyaribari Chache","Ibeno",2012,0
"Kisii","Nyaribari Chache","Ibeno",2013,0.535095155239105
"Kisii","Nyaribari Chache","Ibeno",2014,0
"Kisii","Nyaribari Chache","Ibeno",2015,0.539320349693298
"Kisii","Nyaribari Chache","Ibeno",2016,2.33059191703796
"Kisii","Nyaribari Chache","Ibeno",2017,6.60822057723999
"Kisii","Nyaribari Chache","Ibeno",2018,19.9177837371826
"Kisii","Nyaribari Chache","Ibeno",2019,11.6571912765503
"Kisii","Nyaribari Chache","Ibeno",2020,8.13218975067139
"Kisii","Nyaribari Chache","Ibeno",2021,25.7059059143066
"Kisii","Nyaribari Chache","Ibeno",2022,59.6216697692871
"Kisii","Nyaribari Chache","Ibeno",2023,72.8756790161133
"Kisii","Nyaribari Chache","Ibeno",2024,66.1301498413086
"Kisii","Nyaribari Chache","Keumbu",2012,2.32614421844482
"Kisii","Nyaribari Chache","Keumbu",2013,4.02648544311523
"Kisii","Nyaribari Chache","Keumbu",2014,6.18657302856445
"Kisii","Nyaribari Chache","Keumbu",2015,25.9629821777344
"Kisii","Nyaribari Chache","Keumbu",2016,25.8469848632812
"Kisii","Nyaribari Chache","Keumbu",2017,27.7802562713623
"Kisii","Nyaribari Chache","Keumbu",2018,38.9825744628906
"Kisii","Nyaribari Chache","Keumbu",2019,35.1476516723633
"Kisii","Nyaribari Chache","Keumbu",2020,36.9279556274414
"Kisii","Nyaribari Chache","Keumbu",2021,59.347412109375
"Kisii","Nyaribari Chache","Keumbu",2022,79.8667602539062
"Kisii","Nyaribari Chache","Keumbu",2023,84.5342407226562
"Kisii","Nyaribari Chache","Keumbu",2024,77.8621520996094
"Kisii","Nyaribari Chache","Kiogoro",2012,2.27688121795654
"Kisii","Nyaribari Chache","Kiogoro",2013,1.3728574514389
"Kisii","Nyaribari Chache","Kiogoro",2014,1.61832499504089
"Kisii","Nyaribari Chache","Kiogoro",2015,4.00070667266846
"Kisii","Nyaribari Chache","Kiogoro",2016,4.50987720489502
"Kisii","Nyaribari Chache","Kiogoro",2017,4.33407115936279
"Kisii","Nyaribari Chache","Kiogoro",2018,7.72537803649902
"Kisii","Nyaribari Chache","Kiogoro",2019,16.7800559997559
"Kisii","Nyaribari Chache","Kiogoro",2020,20.968994140625
"Kisii","Nyaribari Chache","Kiogoro",2021,35.066650390625
"Kisii","Nyaribari Chache","Kiogoro",2022,61.2856674194336
"Kisii","Nyaribari Chache","Kiogoro",2023,69.9425277709961
"Kisii","Nyaribari Chache","Kiogoro",2024,67.3724822998047
"Kisii","Nyaribari Chache","Kisii Central",2012,78.8234558105469
"Kisii","Nyaribari Chache","Kisii Central",2013,86.2965469360352
"Kisii","Nyaribari Chache","Kisii Central",2014,103.611145019531
"Kisii","Nyaribari Chache","Kisii Central",2015,130.353698730469
"Kisii","Nyaribari Chache","Kisii Central",2016,160.943283081055
"Kisii","Nyaribari Chache","Kisii Central",2017,230.867034912109
"Kisii","Nyaribari Chache","Kisii Central",2018,292.213684082031
"Kisii","Nyaribari Chache","Kisii Central",2019,286.568542480469
"Kisii","Nyaribari Chache","Kisii Central",2020,298.54638671875
"Kisii","Nyaribari Chache","Kisii Central",2021,442.858459472656
"Kisii","Nyaribari Chache","Kisii Central",2022,487.73583984375
"Kisii","Nyaribari Chache","Kisii Central",2023,503.379608154297
"Kisii","Nyaribari Chache","Kisii Central",2024,544.062438964844
"Kisii","Nyaribari Masaba","Gesusu",2012,2.27571821212769
"Kisii","Nyaribari Masaba","Gesusu",2013,2.27570390701294
"Kisii","Nyaribari Masaba","Gesusu",2014,3.69454455375671
"Kisii","Nyaribari Masaba","Gesusu",2015,8.0002908706665
"Kisii","Nyaribari Masaba","Gesusu",2016,5.57017374038696
"Kisii","Nyaribari Masaba","Gesusu",2017,3.69648098945618
"Kisii","Nyaribari Masaba","Gesusu",2018,12.8031167984009
"Kisii","Nyaribari Masaba","Gesusu",2019,10.3144187927246
"Kisii","Nyaribari Masaba","Gesusu",2020,9.17740821838379
"Kisii","Nyaribari Masaba","Gesusu",2021,11.7470874786377
"Kisii","Nyaribari Masaba","Gesusu",2022,40.7710418701172
"Kisii","Nyaribari Masaba","Gesusu",2023,63.6720390319824
"Kisii","Nyaribari Masaba","Gesusu",2024,79.1243362426758
"Kisii","Nyaribari Masaba","Ichuni",2012,9.06814765930176
"Kisii","Nyaribari Masaba","Ichuni",2013,7.82257843017578
"Kisii","Nyaribari Masaba","Ichuni",2014,8.34893989562988
"Kisii","Nyaribari Masaba","Ichuni",2015,21.6383781433105
"Kisii","Nyaribari Masaba","Ichuni",2016,16.9609928131104
"Kisii","Nyaribari Masaba","Ichuni",2017,15.0255670547485
"Kisii","Nyaribari Masaba","Ichuni",2018,36.267879486084
"Kisii","Nyaribari Masaba","Ichuni",2019,37.9911422729492
"Kisii","Nyaribari Masaba","Ichuni",2020,23.8973579406738
"Kisii","Nyaribari Masaba","Ichuni",2021,31.3945388793945
"Kisii","Nyaribari Masaba","Ichuni",2022,71.6043701171875
"Kisii","Nyaribari Masaba","Ichuni",2023,94.2032699584961
"Kisii","Nyaribari Masaba","Ichuni",2024,107.398818969727
"Kisii","Nyaribari Masaba","Kiamokama",2012,0.204487815499306
"Kisii","Nyaribari Masaba","Kiamokama",2013,0.201789617538452
"Kisii","Nyaribari Masaba","Kiamokama",2014,0.234924018383026
"Kisii","Nyaribari Masaba","Kiamokama",2015,0.700261175632477
"Kisii","Nyaribari Masaba","Kiamokama",2016,0.221765786409378
"Kisii","Nyaribari Masaba","Kiamokama",2017,1.31097745895386
"Kisii","Nyaribari Masaba","Kiamokama",2018,7.4443507194519
"Kisii","Nyaribari Masaba","Kiamokama",2019,7.25424909591675
"Kisii","Nyaribari Masaba","Kiamokama",2020,9.09802627563477
"Kisii","Nyaribari Masaba","Kiamokama",2021,8.72582244873047
"Kisii","Nyaribari Masaba","Kiamokama",2022,29.5913505554199
"Kisii","Nyaribari Masaba","Kiamokama",2023,52.3113861083984
"Kisii","Nyaribari Masaba","Kiamokama",2024,75.6183242797852
"Kisii","Nyaribari Masaba","Masimba",2012,0
"Kisii","Nyaribari Masaba","Masimba",2013,0
"Kisii","Nyaribari Masaba","Masimba",2014,0
"Kisii","Nyaribari Masaba","Masimba",2015,5.0946831703186
"Kisii","Nyaribari Masaba","Masimba",2016,6.34852123260498
"Kisii","Nyaribari Masaba","Masimba",2017,1.56975054740906
"Kisii","Nyaribari Masaba","Masimba",2018,2.45784974098206
"Kisii","Nyaribari Masaba","Masimba",2019,1.46120309829712
"Kisii","Nyaribari Masaba","Masimba",2020,0.598715543746948
"Kisii","Nyaribari Masaba","Masimba",2021,1.70197379589081
"Kisii","Nyaribari Masaba","Masimba",2022,9.77834510803223
"Kisii","Nyaribari Masaba","Masimba",2023,27.9799919128418
"Kisii","Nyaribari Masaba","Masimba",2024,38.7400360107422
"Kisii","Nyaribari Masaba","Nyamasibi",2012,0
"Kisii","Nyaribari Masaba","Nyamasibi",2013,0
"Kisii","Nyaribari Masaba","Nyamasibi",2014,0
"Kisii","Nyaribari Masaba","Nyamasibi",2015,0
"Kisii","Nyaribari Masaba","Nyamasibi",2016,0
"Kisii","Nyaribari Masaba","Nyamasibi",2017,0
"Kisii","Nyaribari Masaba","Nyamasibi",2018,0
"Kisii","Nyaribari Masaba","Nyamasibi",2019,0.143896296620369
"Kisii","Nyaribari Masaba","Nyamasibi",2020,0.0465468876063824
"Kisii","Nyaribari Masaba","Nyamasibi",2021,0.113150551915169
"Kisii","Nyaribari Masaba","Nyamasibi",2022,7.04698276519775
"Kisii","Nyaribari Masaba","Nyamasibi",2023,20.742561340332
"Kisii","Nyaribari Masaba","Nyamasibi",2024,26.7375907897949
"Kisii","South Mugirango","Bogetenga",2012,1.07532024383545
"Kisii","South Mugirango","Bogetenga",2013,1.65708518028259
"Kisii","South Mugirango","Bogetenga",2014,1.49645817279816
"Kisii","South Mugirango","Bogetenga",2015,10.7391338348389
"Kisii","South Mugirango","Bogetenga",2016,15.1205863952637
"Kisii","South Mugirango","Bogetenga",2017,14.2363042831421
"Kisii","South Mugirango","Bogetenga",2018,27.6394844055176
"Kisii","South Mugirango","Bogetenga",2019,28.6744842529297
"Kisii","South Mugirango","Bogetenga",2020,26.6457633972168
"Kisii","South Mugirango","Bogetenga",2021,21.0047435760498
"Kisii","South Mugirango","Bogetenga",2022,67.2694702148438
"Kisii","South Mugirango","Bogetenga",2023,73.86962890625
"Kisii","South Mugirango","Bogetenga",2024,102.345169067383
"Kisii","South Mugirango","Boikang'A",2012,0
"Kisii","South Mugirango","Boikang'A",2013,0.0421643182635307
"Kisii","South Mugirango","Boikang'A",2014,0
"Kisii","South Mugirango","Boikang'A",2015,0.222848787903786
"Kisii","South Mugirango","Boikang'A",2016,0.258935809135437
"Kisii","South Mugirango","Boikang'A",2017,0.0389246828854084
"Kisii","South Mugirango","Boikang'A",2018,1.30893039703369
"Kisii","South Mugirango","Boikang'A",2019,1.02511894702911
"Kisii","South Mugirango","Boikang'A",2020,2.46239805221558
"Kisii","South Mugirango","Boikang'A",2021,4.31186103820801
"Kisii","South Mugirango","Boikang'A",2022,14.2700109481812
"Kisii","South Mugirango","Boikang'A",2023,11.6309776306152
"Kisii","South Mugirango","Boikang'A",2024,40.453685760498
"Kisii","South Mugirango","Borabu / Chitago",2012,0.60122150182724
"Kisii","South Mugirango","Borabu / Chitago",2013,0
"Kisii","South Mugirango","Borabu / Chitago",2014,0.547057747840881
"Kisii","South Mugirango","Borabu / Chitago",2015,0
"Kisii","South Mugirango","Borabu / Chitago",2016,0
"Kisii","South Mugirango","Borabu / Chitago",2017,0
"Kisii","South Mugirango","Borabu / Chitago",2018,0
"Kisii","South Mugirango","Borabu / Chitago",2019,0
"Kisii","South Mugirango","Borabu / Chitago",2020,0
"Kisii","South Mugirango","Borabu / Chitago",2021,0
"Kisii","South Mugirango","Borabu / Chitago",2022,2.5192539691925
"Kisii","South Mugirango","Borabu / Chitago",2023,3.5655620098114
"Kisii","South Mugirango","Borabu / Chitago",2024,10.3443546295166
"Kisii","South Mugirango","Getenga",2012,0
"Kisii","South Mugirango","Getenga",2013,0
"Kisii","South Mugirango","Getenga",2014,0
"Kisii","South Mugirango","Getenga",2015,0
"Kisii","South Mugirango","Getenga",2016,0
"Kisii","South Mugirango","Getenga",2017,0
"Kisii","South Mugirango","Getenga",2018,0
"Kisii","South Mugirango","Getenga",2019,0
"Kisii","South Mugirango","Getenga",2020,0
"Kisii","South Mugirango","Getenga",2021,0
"Kisii","South Mugirango","Getenga",2022,0.400123804807663
"Kisii","South Mugirango","Getenga",2023,0.429183393716812
"Kisii","South Mugirango","Getenga",2024,1.7377268075943
"Kisii","South Mugirango","Moticho",2012,0
"Kisii","South Mugirango","Moticho",2013,0
"Kisii","South Mugirango","Moticho",2014,0
"Kisii","South Mugirango","Moticho",2015,0
"Kisii","South Mugirango","Moticho",2016,0
"Kisii","South Mugirango","Moticho",2017,0.346872538328171
"Kisii","South Mugirango","Moticho",2018,0.378255993127823
"Kisii","South Mugirango","Moticho",2019,0.959320485591888
"Kisii","South Mugirango","Moticho",2020,0
"Kisii","South Mugirango","Moticho",2021,0
"Kisii","South Mugirango","Moticho",2022,1.24189972877502
"Kisii","South Mugirango","Moticho",2023,2.53241300582886
"Kisii","South Mugirango","Moticho",2024,8.66621685028076
"Kisii","South Mugirango","Tabaka",2012,8.17188167572021
"Kisii","South Mugirango","Tabaka",2013,9.15910339355469
"Kisii","South Mugirango","Tabaka",2014,13.7644014358521
"Kisii","South Mugirango","Tabaka",2015,22.5025291442871
"Kisii","South Mugirango","Tabaka",2016,20.8337364196777
"Kisii","South Mugirango","Tabaka",2017,25.4487953186035
"Kisii","South Mugirango","Tabaka",2018,36.6390762329102
"Kisii","South Mugirango","Tabaka",2019,41.8100891113281
"Kisii","South Mugirango","Tabaka",2020,38.2160301208496
"Kisii","South Mugirango","Tabaka",2021,37.2158279418945
"Kisii","South Mugirango","Tabaka",2022,87.9220809936523
"Kisii","South Mugirango","Tabaka",2023,85.4493103027344
"Kisii","South Mugirango","Tabaka",2024,111.603172302246
"Kisumu","Kisumu Central","Kondele",2012,38.4717597961426
"Kisumu","Kisumu Central","Kondele",2013,37.8711357116699
"Kisumu","Kisumu Central","Kondele",2014,41.483814239502
"Kisumu","Kisumu Central","Kondele",2015,52.9072265625
"Kisumu","Kisumu Central","Kondele",2016,170.838027954102
"Kisumu","Kisumu Central","Kondele",2017,160.126052856445
"Kisumu","Kisumu Central","Kondele",2018,173.981140136719
"Kisumu","Kisumu Central","Kondele",2019,159.39404296875
"Kisumu","Kisumu Central","Kondele",2020,123.570182800293
"Kisumu","Kisumu Central","Kondele",2021,136.288909912109
"Kisumu","Kisumu Central","Kondele",2022,133.14990234375
"Kisumu","Kisumu Central","Kondele",2023,145.24169921875
"Kisumu","Kisumu Central","Kondele",2024,126.672576904297
"Kisumu","Kisumu Central","Market Milimani",2012,187.033721923828
"Kisumu","Kisumu Central","Market Milimani",2013,181.215927124023
"Kisumu","Kisumu Central","Market Milimani",2014,193.124954223633
"Kisumu","Kisumu Central","Market Milimani",2015,229.321960449219
"Kisumu","Kisumu Central","Market Milimani",2016,464.340087890625
"Kisumu","Kisumu Central","Market Milimani",2017,419.352416992188
"Kisumu","Kisumu Central","Market Milimani",2018,467.864562988281
"Kisumu","Kisumu Central","Market Milimani",2019,491.379364013672
"Kisumu","Kisumu Central","Market Milimani",2020,452.196563720703
"Kisumu","Kisumu Central","Market Milimani",2021,514.815734863281
"Kisumu","Kisumu Central","Market Milimani",2022,529.876708984375
"Kisumu","Kisumu Central","Market Milimani",2023,503.929656982422
"Kisumu","Kisumu Central","Market Milimani",2024,486.169403076172
"Kisumu","Kisumu Central","Migosi",2012,11.7053117752075
"Kisumu","Kisumu Central","Migosi",2013,11.2160787582397
"Kisumu","Kisumu Central","Migosi",2014,14.4951953887939
"Kisumu","Kisumu Central","Migosi",2015,18.4126129150391
"Kisumu","Kisumu Central","Migosi",2016,36.4841194152832
"Kisumu","Kisumu Central","Migosi",2017,35.4037322998047
"Kisumu","Kisumu Central","Migosi",2018,33.6693344116211
"Kisumu","Kisumu Central","Migosi",2019,34.4580841064453
"Kisumu","Kisumu Central","Migosi",2020,28.2561283111572
"Kisumu","Kisumu Central","Migosi",2021,39.1047821044922
"Kisumu","Kisumu Central","Migosi",2022,47.2266044616699
"Kisumu","Kisumu Central","Migosi",2023,52.195613861084
"Kisumu","Kisumu Central","Migosi",2024,44.8371047973633
"Kisumu","Kisumu Central","Nyalenda 'A'",2012,50.9404563903809
"Kisumu","Kisumu Central","Nyalenda 'A'",2013,47.7283020019531
"Kisumu","Kisumu Central","Nyalenda 'A'",2014,53.6890182495117
"Kisumu","Kisumu Central","Nyalenda 'A'",2015,74.0221862792969
"Kisumu","Kisumu Central","Nyalenda 'A'",2016,116.382682800293
"Kisumu","Kisumu Central","Nyalenda 'A'",2017,125.541076660156
"Kisumu","Kisumu Central","Nyalenda 'A'",2018,214.992584228516
"Kisumu","Kisumu Central","Nyalenda 'A'",2019,193.317581176758
"Kisumu","Kisumu Central","Nyalenda 'A'",2020,150.787994384766
"Kisumu","Kisumu Central","Nyalenda 'A'",2021,157.421096801758
"Kisumu","Kisumu Central","Nyalenda 'A'",2022,155.080276489258
"Kisumu","Kisumu Central","Nyalenda 'A'",2023,166.844299316406
"Kisumu","Kisumu Central","Nyalenda 'A'",2024,151.672775268555
"Kisumu","Kisumu Central","Nyalenda B",2012,54.6619071960449
"Kisumu","Kisumu Central","Nyalenda B",2013,54.5619735717773
"Kisumu","Kisumu Central","Nyalenda B",2014,51.2043800354004
"Kisumu","Kisumu Central","Nyalenda B",2015,87.4068374633789
"Kisumu","Kisumu Central","Nyalenda B",2016,230.267990112305
"Kisumu","Kisumu Central","Nyalenda B",2017,182.191558837891
"Kisumu","Kisumu Central","Nyalenda B",2018,192.7353515625
"Kisumu","Kisumu Central","Nyalenda B",2019,197.850692749023
"Kisumu","Kisumu Central","Nyalenda B",2020,170.007476806641
"Kisumu","Kisumu Central","Nyalenda B",2021,209.602554321289
"Kisumu","Kisumu Central","Nyalenda B",2022,202.847702026367
"Kisumu","Kisumu Central","Nyalenda B",2023,192.135482788086
"Kisumu","Kisumu Central","Nyalenda B",2024,174.566696166992
"Kisumu","Kisumu Central","Railways",2012,148.971862792969
"Kisumu","Kisumu Central","Railways",2013,156.229995727539
"Kisumu","Kisumu Central","Railways",2014,151.504150390625
"Kisumu","Kisumu Central","Railways",2015,181.782318115234
"Kisumu","Kisumu Central","Railways",2016,250.980697631836
"Kisumu","Kisumu Central","Railways",2017,332.213745117188
"Kisumu","Kisumu Central","Railways",2018,456.479248046875
"Kisumu","Kisumu Central","Railways",2019,446.524749755859
"Kisumu","Kisumu Central","Railways",2020,353.950622558594
"Kisumu","Kisumu Central","Railways",2021,423.546844482422
"Kisumu","Kisumu Central","Railways",2022,414.976715087891
"Kisumu","Kisumu Central","Railways",2023,474.268249511719
"Kisumu","Kisumu Central","Railways",2024,427.628509521484
"Kisumu","Kisumu Central","Shaurimoyo Kaloleni",2012,110.547485351562
"Kisumu","Kisumu Central","Shaurimoyo Kaloleni",2013,95.8534698486328
"Kisumu","Kisumu Central","Shaurimoyo Kaloleni",2014,110.007095336914
"Kisumu","Kisumu Central","Shaurimoyo Kaloleni",2015,138.4853515625
"Kisumu","Kisumu Central","Shaurimoyo Kaloleni",2016,315.076110839844
"Kisumu","Kisumu Central","Shaurimoyo Kaloleni",2017,283.364013671875
"Kisumu","Kisumu Central","Shaurimoyo Kaloleni",2018,339.224792480469
"Kisumu","Kisumu Central","Shaurimoyo Kaloleni",2019,302.561401367188
"Kisumu","Kisumu Central","Shaurimoyo Kaloleni",2020,247.44645690918
"Kisumu","Kisumu Central","Shaurimoyo Kaloleni",2021,308.413543701172
"Kisumu","Kisumu Central","Shaurimoyo Kaloleni",2022,336.863830566406
"Kisumu","Kisumu Central","Shaurimoyo Kaloleni",2023,334.428619384766
"Kisumu","Kisumu Central","Shaurimoyo Kaloleni",2024,305.012481689453
"Kisumu","Kisumu East","Kajulu",2012,56.6101875305176
"Kisumu","Kisumu East","Kajulu",2013,57.1219329833984
"Kisumu","Kisumu East","Kajulu",2014,63.8466110229492
"Kisumu","Kisumu East","Kajulu",2015,75.5268325805664
"Kisumu","Kisumu East","Kajulu",2016,99.2334289550781
"Kisumu","Kisumu East","Kajulu",2017,102.048492431641
"Kisumu","Kisumu East","Kajulu",2018,128.979141235352
"Kisumu","Kisumu East","Kajulu",2019,142.532119750977
"Kisumu","Kisumu East","Kajulu",2020,158.303894042969
"Kisumu","Kisumu East","Kajulu",2021,189.796646118164
"Kisumu","Kisumu East","Kajulu",2022,231.962707519531
"Kisumu","Kisumu East","Kajulu",2023,267.746551513672
"Kisumu","Kisumu East","Kajulu",2024,264.587310791016
"Kisumu","Kisumu East","Kolwa Central",2012,77.0069961547852
"Kisumu","Kisumu East","Kolwa Central",2013,85.8303680419922
"Kisumu","Kisumu East","Kolwa Central",2014,93.7347717285156
"Kisumu","Kisumu East","Kolwa Central",2015,170.253829956055
"Kisumu","Kisumu East","Kolwa Central",2016,237.449722290039
"Kisumu","Kisumu East","Kolwa Central",2017,231.093627929688
"Kisumu","Kisumu East","Kolwa Central",2018,308.860473632812
"Kisumu","Kisumu East","Kolwa Central",2019,302.856567382812
"Kisumu","Kisumu East","Kolwa Central",2020,287.504272460938
"Kisumu","Kisumu East","Kolwa Central",2021,334.2724609375
"Kisumu","Kisumu East","Kolwa Central",2022,381.792175292969
"Kisumu","Kisumu East","Kolwa Central",2023,430.088745117188
"Kisumu","Kisumu East","Kolwa Central",2024,433.251434326172
"Kisumu","Kisumu East","Kolwa East",2012,18.4263877868652
"Kisumu","Kisumu East","Kolwa East",2013,17.4614391326904
"Kisumu","Kisumu East","Kolwa East",2014,18.4138107299805
"Kisumu","Kisumu East","Kolwa East",2015,44.821720123291
"Kisumu","Kisumu East","Kolwa East",2016,71.2046279907227
"Kisumu","Kisumu East","Kolwa East",2017,67.6077041625977
"Kisumu","Kisumu East","Kolwa East",2018,101.146591186523
"Kisumu","Kisumu East","Kolwa East",2019,109.122657775879
"Kisumu","Kisumu East","Kolwa East",2020,93.60400390625
"Kisumu","Kisumu East","Kolwa East",2021,127.177207946777
"Kisumu","Kisumu East","Kolwa East",2022,218.616592407227
"Kisumu","Kisumu East","Kolwa East",2023,251.595031738281
"Kisumu","Kisumu East","Kolwa East",2024,269.262512207031
"Kisumu","Kisumu East","Manyatta 'B'",2012,46.7844467163086
"Kisumu","Kisumu East","Manyatta 'B'",2013,46.1149024963379
"Kisumu","Kisumu East","Manyatta 'B'",2014,48.5984535217285
"Kisumu","Kisumu East","Manyatta 'B'",2015,74.2405014038086
"Kisumu","Kisumu East","Manyatta 'B'",2016,190.259857177734
"Kisumu","Kisumu East","Manyatta 'B'",2017,165.804382324219
"Kisumu","Kisumu East","Manyatta 'B'",2018,171.107925415039
"Kisumu","Kisumu East","Manyatta 'B'",2019,154.424545288086
"Kisumu","Kisumu East","Manyatta 'B'",2020,131.983322143555
"Kisumu","Kisumu East","Manyatta 'B'",2021,150.145065307617
"Kisumu","Kisumu East","Manyatta 'B'",2022,162.74397277832
"Kisumu","Kisumu East","Manyatta 'B'",2023,175.40998840332
"Kisumu","Kisumu East","Manyatta 'B'",2024,162.106292724609
"Kisumu","Kisumu West","Central Kisumu",2012,113.872955322266
"Kisumu","Kisumu West","Central Kisumu",2013,107.043083190918
"Kisumu","Kisumu West","Central Kisumu",2014,99.608757019043
"Kisumu","Kisumu West","Central Kisumu",2015,146.575103759766
"Kisumu","Kisumu West","Central Kisumu",2016,146.053573608398
"Kisumu","Kisumu West","Central Kisumu",2017,146.220336914062
"Kisumu","Kisumu West","Central Kisumu",2018,189.869186401367
"Kisumu","Kisumu West","Central Kisumu",2019,209.310516357422
"Kisumu","Kisumu West","Central Kisumu",2020,165.263687133789
"Kisumu","Kisumu West","Central Kisumu",2021,201.097946166992
"Kisumu","Kisumu West","Central Kisumu",2022,278.580871582031
"Kisumu","Kisumu West","Central Kisumu",2023,308.891693115234
"Kisumu","Kisumu West","Central Kisumu",2024,304.744476318359
"Kisumu","Kisumu West","Kisumu North",2012,23.3418827056885
"Kisumu","Kisumu West","Kisumu North",2013,27.310079574585
"Kisumu","Kisumu West","Kisumu North",2014,30.1576824188232
"Kisumu","Kisumu West","Kisumu North",2015,42.9330101013184
"Kisumu","Kisumu West","Kisumu North",2016,47.6774978637695
"Kisumu","Kisumu West","Kisumu North",2017,48.9440803527832
"Kisumu","Kisumu West","Kisumu North",2018,67.8143997192383
"Kisumu","Kisumu West","Kisumu North",2019,88.971076965332
"Kisumu","Kisumu West","Kisumu North",2020,94.2216339111328
"Kisumu","Kisumu West","Kisumu North",2021,144.773132324219
"Kisumu","Kisumu West","Kisumu North",2022,187.829711914062
"Kisumu","Kisumu West","Kisumu North",2023,214.530990600586
"Kisumu","Kisumu West","Kisumu North",2024,183.991134643555
"Kisumu","Kisumu West","North West Kisumu",2012,24.6077842712402
"Kisumu","Kisumu West","North West Kisumu",2013,23.2340774536133
"Kisumu","Kisumu West","North West Kisumu",2014,19.8294811248779
"Kisumu","Kisumu West","North West Kisumu",2015,23.1247043609619
"Kisumu","Kisumu West","North West Kisumu",2016,77.610221862793
"Kisumu","Kisumu West","North West Kisumu",2017,131.531326293945
"Kisumu","Kisumu West","North West Kisumu",2018,103.066246032715
"Kisumu","Kisumu West","North West Kisumu",2019,119.801216125488
"Kisumu","Kisumu West","North West Kisumu",2020,64.1099624633789
"Kisumu","Kisumu West","North West Kisumu",2021,81.7106475830078
"Kisumu","Kisumu West","North West Kisumu",2022,141.933166503906
"Kisumu","Kisumu West","North West Kisumu",2023,171.672805786133
"Kisumu","Kisumu West","North West Kisumu",2024,158.913040161133
"Kisumu","Kisumu West","South West Kisumu",2012,11.5669145584106
"Kisumu","Kisumu West","South West Kisumu",2013,13.8668870925903
"Kisumu","Kisumu West","South West Kisumu",2014,16.2327327728271
"Kisumu","Kisumu West","South West Kisumu",2015,30.5768527984619
"Kisumu","Kisumu West","South West Kisumu",2016,26.0272369384766
"Kisumu","Kisumu West","South West Kisumu",2017,28.6690998077393
"Kisumu","Kisumu West","South West Kisumu",2018,33.9169387817383
"Kisumu","Kisumu West","South West Kisumu",2019,44.6037406921387
"Kisumu","Kisumu West","South West Kisumu",2020,37.3833045959473
"Kisumu","Kisumu West","South West Kisumu",2021,64.7231216430664
"Kisumu","Kisumu West","South West Kisumu",2022,156.120819091797
"Kisumu","Kisumu West","South West Kisumu",2023,207.083618164062
"Kisumu","Kisumu West","South West Kisumu",2024,161.604064941406
"Kisumu","Kisumu West","West Kisumu",2012,3.12074398994446
"Kisumu","Kisumu West","West Kisumu",2013,4.34370517730713
"Kisumu","Kisumu West","West Kisumu",2014,2.66519379615784
"Kisumu","Kisumu West","West Kisumu",2015,8.24730110168457
"Kisumu","Kisumu West","West Kisumu",2016,13.7942428588867
"Kisumu","Kisumu West","West Kisumu",2017,16.2856616973877
"Kisumu","Kisumu West","West Kisumu",2018,29.6010646820068
"Kisumu","Kisumu West","West Kisumu",2019,58.7257995605469
"Kisumu","Kisumu West","West Kisumu",2020,47.979377746582
"Kisumu","Kisumu West","West Kisumu",2021,76.9876556396484
"Kisumu","Kisumu West","West Kisumu",2022,147.401794433594
"Kisumu","Kisumu West","West Kisumu",2023,188.934265136719
"Kisumu","Kisumu West","West Kisumu",2024,133.683242797852
"Kisumu","Muhoroni","Chemelil",2012,18.4697189331055
"Kisumu","Muhoroni","Chemelil",2013,15.9835538864136
"Kisumu","Muhoroni","Chemelil",2014,17.4706172943115
"Kisumu","Muhoroni","Chemelil",2015,11.1999092102051
"Kisumu","Muhoroni","Chemelil",2016,7.2369589805603
"Kisumu","Muhoroni","Chemelil",2017,5.20379495620728
"Kisumu","Muhoroni","Chemelil",2018,7.95370578765869
"Kisumu","Muhoroni","Chemelil",2019,5.9843578338623
"Kisumu","Muhoroni","Chemelil",2020,4.89087820053101
"Kisumu","Muhoroni","Chemelil",2021,4.55750322341919
"Kisumu","Muhoroni","Chemelil",2022,18.6695041656494
"Kisumu","Muhoroni","Chemelil",2023,28.4776306152344
"Kisumu","Muhoroni","Chemelil",2024,23.3779621124268
"Kisumu","Muhoroni","Masogo/Nyang'Oma",2012,0
"Kisumu","Muhoroni","Masogo/Nyang'Oma",2013,0.790548026561737
"Kisumu","Muhoroni","Masogo/Nyang'Oma",2014,0
"Kisumu","Muhoroni","Masogo/Nyang'Oma",2015,0.295554488897324
"Kisumu","Muhoroni","Masogo/Nyang'Oma",2016,0
"Kisumu","Muhoroni","Masogo/Nyang'Oma",2017,0
"Kisumu","Muhoroni","Masogo/Nyang'Oma",2018,0.962258875370026
"Kisumu","Muhoroni","Masogo/Nyang'Oma",2019,0.40437725186348
"Kisumu","Muhoroni","Masogo/Nyang'Oma",2020,0.274191379547119
"Kisumu","Muhoroni","Masogo/Nyang'Oma",2021,1.84189796447754
"Kisumu","Muhoroni","Masogo/Nyang'Oma",2022,25.4931545257568
"Kisumu","Muhoroni","Masogo/Nyang'Oma",2023,48.1847763061523
"Kisumu","Muhoroni","Masogo/Nyang'Oma",2024,52.7625045776367
"Kisumu","Muhoroni","Miwani",2012,51.4356231689453
"Kisumu","Muhoroni","Miwani",2013,42.9313278198242
"Kisumu","Muhoroni","Miwani",2014,55.4998512268066
"Kisumu","Muhoroni","Miwani",2015,52.3861083984375
"Kisumu","Muhoroni","Miwani",2016,63.8592987060547
"Kisumu","Muhoroni","Miwani",2017,73.276237487793
"Kisumu","Muhoroni","Miwani",2018,75.1105422973633
"Kisumu","Muhoroni","Miwani",2019,76.7129211425781
"Kisumu","Muhoroni","Miwani",2020,81.6675186157227
"Kisumu","Muhoroni","Miwani",2021,85.6709671020508
"Kisumu","Muhoroni","Miwani",2022,167.663070678711
"Kisumu","Muhoroni","Miwani",2023,196.63298034668
"Kisumu","Muhoroni","Miwani",2024,203.292831420898
"Kisumu","Muhoroni","Muhoroni/Koru",2012,37.7260246276855
"Kisumu","Muhoroni","Muhoroni/Koru",2013,41.0065231323242
"Kisumu","Muhoroni","Muhoroni/Koru",2014,34.9063262939453
"Kisumu","Muhoroni","Muhoroni/Koru",2015,42.5643730163574
"Kisumu","Muhoroni","Muhoroni/Koru",2016,41.8363037109375
"Kisumu","Muhoroni","Muhoroni/Koru",2017,48.1870346069336
"Kisumu","Muhoroni","Muhoroni/Koru",2018,70.3310165405273
"Kisumu","Muhoroni","Muhoroni/Koru",2019,74.1457595825195
"Kisumu","Muhoroni","Muhoroni/Koru",2020,53.0517349243164
"Kisumu","Muhoroni","Muhoroni/Koru",2021,58.2183876037598
"Kisumu","Muhoroni","Muhoroni/Koru",2022,97.20458984375
"Kisumu","Muhoroni","Muhoroni/Koru",2023,90.218376159668
"Kisumu","Muhoroni","Muhoroni/Koru",2024,89.738410949707
"Kisumu","Muhoroni","Ombeyi",2012,0
"Kisumu","Muhoroni","Ombeyi",2013,0
"Kisumu","Muhoroni","Ombeyi",2014,0
"Kisumu","Muhoroni","Ombeyi",2015,0.00326846446841955
"Kisumu","Muhoroni","Ombeyi",2016,0
"Kisumu","Muhoroni","Ombeyi",2017,0
"Kisumu","Muhoroni","Ombeyi",2018,1.92784833908081
"Kisumu","Muhoroni","Ombeyi",2019,0
"Kisumu","Muhoroni","Ombeyi",2020,0
"Kisumu","Muhoroni","Ombeyi",2021,0.514861226081848
"Kisumu","Muhoroni","Ombeyi",2022,22.7642059326172
"Kisumu","Muhoroni","Ombeyi",2023,34.8804206848145
"Kisumu","Muhoroni","Ombeyi",2024,51.2004852294922
"Kisumu","Nyakach","Central Nyakach",2012,0
"Kisumu","Nyakach","Central Nyakach",2013,0
"Kisumu","Nyakach","Central Nyakach",2014,0
"Kisumu","Nyakach","Central Nyakach",2015,0
"Kisumu","Nyakach","Central Nyakach",2016,0
"Kisumu","Nyakach","Central Nyakach",2017,0.5829176902771
"Kisumu","Nyakach","Central Nyakach",2018,2.40611052513123
"Kisumu","Nyakach","Central Nyakach",2019,0
"Kisumu","Nyakach","Central Nyakach",2020,0.0567613206803799
"Kisumu","Nyakach","Central Nyakach",2021,1.05565404891968
"Kisumu","Nyakach","Central Nyakach",2022,17.1330394744873
"Kisumu","Nyakach","Central Nyakach",2023,49.8367919921875
"Kisumu","Nyakach","Central Nyakach",2024,38.2192306518555
"Kisumu","Nyakach","North Nyakach",2012,1.15147364139557
"Kisumu","Nyakach","North Nyakach",2013,0.704452931880951
"Kisumu","Nyakach","North Nyakach",2014,2.61373448371887
"Kisumu","Nyakach","North Nyakach",2015,3.1813018321991
"Kisumu","Nyakach","North Nyakach",2016,3.35039329528809
"Kisumu","Nyakach","North Nyakach",2017,5.55306625366211
"Kisumu","Nyakach","North Nyakach",2018,15.4588603973389
"Kisumu","Nyakach","North Nyakach",2019,14.3973712921143
"Kisumu","Nyakach","North Nyakach",2020,8.54152202606201
"Kisumu","Nyakach","North Nyakach",2021,26.026123046875
"Kisumu","Nyakach","North Nyakach",2022,49.228931427002
"Kisumu","Nyakach","North Nyakach",2023,77.8088226318359
"Kisumu","Nyakach","North Nyakach",2024,96.1356506347656
"Kisumu","Nyakach","South East Nyakach",2012,0.795728325843811
"Kisumu","Nyakach","South East Nyakach",2013,2.09102463722229
"Kisumu","Nyakach","South East Nyakach",2014,3.67366170883179
"Kisumu","Nyakach","South East Nyakach",2015,6.85027933120728
"Kisumu","Nyakach","South East Nyakach",2016,8.86970996856689
"Kisumu","Nyakach","South East Nyakach",2017,8.68298435211182
"Kisumu","Nyakach","South East Nyakach",2018,19.7293548583984
"Kisumu","Nyakach","South East Nyakach",2019,19.6028499603271
"Kisumu","Nyakach","South East Nyakach",2020,17.085470199585
"Kisumu","Nyakach","South East Nyakach",2021,36.9197425842285
"Kisumu","Nyakach","South East Nyakach",2022,88.1360549926758
"Kisumu","Nyakach","South East Nyakach",2023,94.9181594848633
"Kisumu","Nyakach","South East Nyakach",2024,109.323715209961
"Kisumu","Nyakach","South West Nyakach",2012,0.522995114326477
"Kisumu","Nyakach","South West Nyakach",2013,0
"Kisumu","Nyakach","South West Nyakach",2014,0
"Kisumu","Nyakach","South West Nyakach",2015,0
"Kisumu","Nyakach","South West Nyakach",2016,0.537916123867035
"Kisumu","Nyakach","South West Nyakach",2017,7.05507230758667
"Kisumu","Nyakach","South West Nyakach",2018,9.09478569030762
"Kisumu","Nyakach","South West Nyakach",2019,9.62927150726318
"Kisumu","Nyakach","South West Nyakach",2020,9.87129497528076
"Kisumu","Nyakach","South West Nyakach",2021,7.65318202972412
"Kisumu","Nyakach","South West Nyakach",2022,31.0398406982422
"Kisumu","Nyakach","South West Nyakach",2023,26.4137592315674
"Kisumu","Nyakach","South West Nyakach",2024,24.8498039245605
"Kisumu","Nyakach","West Nyakach",2012,21.6221618652344
"Kisumu","Nyakach","West Nyakach",2013,9.3973217010498
"Kisumu","Nyakach","West Nyakach",2014,9.35541534423828
"Kisumu","Nyakach","West Nyakach",2015,15.1697788238525
"Kisumu","Nyakach","West Nyakach",2016,27.0803337097168
"Kisumu","Nyakach","West Nyakach",2017,26.7270450592041
"Kisumu","Nyakach","West Nyakach",2018,28.2354888916016
"Kisumu","Nyakach","West Nyakach",2019,32.5305595397949
"Kisumu","Nyakach","West Nyakach",2020,20.3550987243652
"Kisumu","Nyakach","West Nyakach",2021,41.794548034668
"Kisumu","Nyakach","West Nyakach",2022,85.0114898681641
"Kisumu","Nyakach","West Nyakach",2023,121.282302856445
"Kisumu","Nyakach","West Nyakach",2024,119.901237487793
"Kisumu","Nyando","Ahero",2012,29.0167903900146
"Kisumu","Nyando","Ahero",2013,26.4669399261475
"Kisumu","Nyando","Ahero",2014,25.1122875213623
"Kisumu","Nyando","Ahero",2015,44.7609596252441
"Kisumu","Nyando","Ahero",2016,46.0976295471191
"Kisumu","Nyando","Ahero",2017,53.9930801391602
"Kisumu","Nyando","Ahero",2018,59.3095321655273
"Kisumu","Nyando","Ahero",2019,62.5700187683105
"Kisumu","Nyando","Ahero",2020,56.0341415405273
"Kisumu","Nyando","Ahero",2021,83.1909942626953
"Kisumu","Nyando","Ahero",2022,137.508758544922
"Kisumu","Nyando","Ahero",2023,174.265716552734
"Kisumu","Nyando","Ahero",2024,187.776077270508
"Kisumu","Nyando","Awasi/Onjiko",2012,11.8812007904053
"Kisumu","Nyando","Awasi/Onjiko",2013,14.7832670211792
"Kisumu","Nyando","Awasi/Onjiko",2014,14.834020614624
"Kisumu","Nyando","Awasi/Onjiko",2015,20.2177505493164
"Kisumu","Nyando","Awasi/Onjiko",2016,16.3328857421875
"Kisumu","Nyando","Awasi/Onjiko",2017,22.667781829834
"Kisumu","Nyando","Awasi/Onjiko",2018,36.0157165527344
"Kisumu","Nyando","Awasi/Onjiko",2019,30.0572547912598
"Kisumu","Nyando","Awasi/Onjiko",2020,22.7432270050049
"Kisumu","Nyando","Awasi/Onjiko",2021,26.6920700073242
"Kisumu","Nyando","Awasi/Onjiko",2022,66.5428466796875
"Kisumu","Nyando","Awasi/Onjiko",2023,79.0029296875
"Kisumu","Nyando","Awasi/Onjiko",2024,94.8371505737305
"Kisumu","Nyando","East Kano/Wawidhi",2012,0
"Kisumu","Nyando","East Kano/Wawidhi",2013,0
"Kisumu","Nyando","East Kano/Wawidhi",2014,0
"Kisumu","Nyando","East Kano/Wawidhi",2015,0
"Kisumu","Nyando","East Kano/Wawidhi",2016,0
"Kisumu","Nyando","East Kano/Wawidhi",2017,0
"Kisumu","Nyando","East Kano/Wawidhi",2018,0
"Kisumu","Nyando","East Kano/Wawidhi",2019,0
"Kisumu","Nyando","East Kano/Wawidhi",2020,0
"Kisumu","Nyando","East Kano/Wawidhi",2021,0
"Kisumu","Nyando","East Kano/Wawidhi",2022,0.0226568691432476
"Kisumu","Nyando","East Kano/Wawidhi",2023,3.70046925544739
"Kisumu","Nyando","East Kano/Wawidhi",2024,7.38277530670166
"Kisumu","Nyando","Kabonyo/Kanyagwal",2012,0
"Kisumu","Nyando","Kabonyo/Kanyagwal",2013,0
"Kisumu","Nyando","Kabonyo/Kanyagwal",2014,0
"Kisumu","Nyando","Kabonyo/Kanyagwal",2015,1.10238027572632
"Kisumu","Nyando","Kabonyo/Kanyagwal",2016,0
"Kisumu","Nyando","Kabonyo/Kanyagwal",2017,0.552881479263306
"Kisumu","Nyando","Kabonyo/Kanyagwal",2018,4.26683378219604
"Kisumu","Nyando","Kabonyo/Kanyagwal",2019,2.54939746856689
"Kisumu","Nyando","Kabonyo/Kanyagwal",2020,0
"Kisumu","Nyando","Kabonyo/Kanyagwal",2021,2.71132397651672
"Kisumu","Nyando","Kabonyo/Kanyagwal",2022,31.1627979278564
"Kisumu","Nyando","Kabonyo/Kanyagwal",2023,56.2804565429688
"Kisumu","Nyando","Kabonyo/Kanyagwal",2024,59.8364524841309
"Kisumu","Nyando","Kobura",2012,12.4395408630371
"Kisumu","Nyando","Kobura",2013,6.09898900985718
"Kisumu","Nyando","Kobura",2014,5.8341588973999
"Kisumu","Nyando","Kobura",2015,31.2426166534424
"Kisumu","Nyando","Kobura",2016,39.1782493591309
"Kisumu","Nyando","Kobura",2017,43.1613655090332
"Kisumu","Nyando","Kobura",2018,50.5912666320801
"Kisumu","Nyando","Kobura",2019,67.5433731079102
"Kisumu","Nyando","Kobura",2020,70.6792068481445
"Kisumu","Nyando","Kobura",2021,109.96070098877
"Kisumu","Nyando","Kobura",2022,219.431838989258
"Kisumu","Nyando","Kobura",2023,280.338195800781
"Kisumu","Nyando","Kobura",2024,286.182647705078
"Kisumu","Seme","Central Seme",2012,1.76980710029602
"Kisumu","Seme","Central Seme",2013,1.05936527252197
"Kisumu","Seme","Central Seme",2014,0.580499947071075
"Kisumu","Seme","Central Seme",2015,1.64134335517883
"Kisumu","Seme","Central Seme",2016,3.85369896888733
"Kisumu","Seme","Central Seme",2017,3.09356331825256
"Kisumu","Seme","Central Seme",2018,1.67962563037872
"Kisumu","Seme","Central Seme",2019,3.68801021575928
"Kisumu","Seme","Central Seme",2020,3.66915106773376
"Kisumu","Seme","Central Seme",2021,6.18410015106201
"Kisumu","Seme","Central Seme",2022,15.231595993042
"Kisumu","Seme","Central Seme",2023,35.8399353027344
"Kisumu","Seme","Central Seme",2024,21.2699871063232
"Kisumu","Seme","East Seme",2012,0
"Kisumu","Seme","East Seme",2013,0
"Kisumu","Seme","East Seme",2014,0
"Kisumu","Seme","East Seme",2015,0
"Kisumu","Seme","East Seme",2016,0.545652031898499
"Kisumu","Seme","East Seme",2017,1.13052546977997
"Kisumu","Seme","East Seme",2018,0.496850878000259
"Kisumu","Seme","East Seme",2019,0.75215208530426
"Kisumu","Seme","East Seme",2020,1.09313774108887
"Kisumu","Seme","East Seme",2021,3.42021989822388
"Kisumu","Seme","East Seme",2022,15.6609601974487
"Kisumu","Seme","East Seme",2023,39.1209144592285
"Kisumu","Seme","East Seme",2024,25.4010601043701
"Kisumu","Seme","North Seme",2012,0
"Kisumu","Seme","North Seme",2013,0
"Kisumu","Seme","North Seme",2014,1.03853249549866
"Kisumu","Seme","North Seme",2015,0.0300390236079693
"Kisumu","Seme","North Seme",2016,0
"Kisumu","Seme","North Seme",2017,0.829665958881378
"Kisumu","Seme","North Seme",2018,3.85257840156555
"Kisumu","Seme","North Seme",2019,7.43966007232666
"Kisumu","Seme","North Seme",2020,10.2371368408203
"Kisumu","Seme","North Seme",2021,9.37416458129883
"Kisumu","Seme","North Seme",2022,25.1929988861084
"Kisumu","Seme","North Seme",2023,44.4753684997559
"Kisumu","Seme","North Seme",2024,23.6251220703125
"Kisumu","Seme","West Seme",2012,0
"Kisumu","Seme","West Seme",2013,0
"Kisumu","Seme","West Seme",2014,0.525076627731323
"Kisumu","Seme","West Seme",2015,1.69448471069336
"Kisumu","Seme","West Seme",2016,2.04231262207031
"Kisumu","Seme","West Seme",2017,0
"Kisumu","Seme","West Seme",2018,1.28449857234955
"Kisumu","Seme","West Seme",2019,1.93948531150818
"Kisumu","Seme","West Seme",2020,0.649918615818024
"Kisumu","Seme","West Seme",2021,6.45252132415771
"Kisumu","Seme","West Seme",2022,21.0219326019287
"Kisumu","Seme","West Seme",2023,58.0286026000977
"Kisumu","Seme","West Seme",2024,32.5712280273438
"Kitui","Kitui Central","Kyangwithya East",2012,3.84182643890381
"Kitui","Kitui Central","Kyangwithya East",2013,2.55830311775208
"Kitui","Kitui Central","Kyangwithya East",2014,3.90445160865784
"Kitui","Kitui Central","Kyangwithya East",2015,17.9183788299561
"Kitui","Kitui Central","Kyangwithya East",2016,19.0365657806396
"Kitui","Kitui Central","Kyangwithya East",2017,49.7340393066406
"Kitui","Kitui Central","Kyangwithya East",2018,37.8625793457031
"Kitui","Kitui Central","Kyangwithya East",2019,15.9929695129395
"Kitui","Kitui Central","Kyangwithya East",2020,19.6692771911621
"Kitui","Kitui Central","Kyangwithya East",2021,40.7945175170898
"Kitui","Kitui Central","Kyangwithya East",2022,90.1176986694336
"Kitui","Kitui Central","Kyangwithya East",2023,125.787094116211
"Kitui","Kitui Central","Kyangwithya East",2024,117.058715820312
"Kitui","Kitui Central","Kyangwithya West",2012,3.87020182609558
"Kitui","Kitui Central","Kyangwithya West",2013,3.08619713783264
"Kitui","Kitui Central","Kyangwithya West",2014,4.02976608276367
"Kitui","Kitui Central","Kyangwithya West",2015,24.3590850830078
"Kitui","Kitui Central","Kyangwithya West",2016,48.2580413818359
"Kitui","Kitui Central","Kyangwithya West",2017,38.4643249511719
"Kitui","Kitui Central","Kyangwithya West",2018,30.807746887207
"Kitui","Kitui Central","Kyangwithya West",2019,14.6570177078247
"Kitui","Kitui Central","Kyangwithya West",2020,11.6431550979614
"Kitui","Kitui Central","Kyangwithya West",2021,18.310998916626
"Kitui","Kitui Central","Kyangwithya West",2022,40.900691986084
"Kitui","Kitui Central","Kyangwithya West",2023,69.4685745239258
"Kitui","Kitui Central","Kyangwithya West",2024,73.2827835083008
"Kitui","Kitui Central","Miambani",2012,0
"Kitui","Kitui Central","Miambani",2013,0
"Kitui","Kitui Central","Miambani",2014,0
"Kitui","Kitui Central","Miambani",2015,0
"Kitui","Kitui Central","Miambani",2016,0
"Kitui","Kitui Central","Miambani",2017,0
"Kitui","Kitui Central","Miambani",2018,0
"Kitui","Kitui Central","Miambani",2019,0
"Kitui","Kitui Central","Miambani",2020,0
"Kitui","Kitui Central","Miambani",2021,0
"Kitui","Kitui Central","Miambani",2022,0
"Kitui","Kitui Central","Miambani",2023,0
"Kitui","Kitui Central","Miambani",2024,0
"Kitui","Kitui Central","Township",2012,50.3198738098145
"Kitui","Kitui Central","Township",2013,65.7464294433594
"Kitui","Kitui Central","Township",2014,89.4675521850586
"Kitui","Kitui Central","Township",2015,134.205749511719
"Kitui","Kitui Central","Township",2016,121.21696472168
"Kitui","Kitui Central","Township",2017,171.919891357422
"Kitui","Kitui Central","Township",2018,175.407791137695
"Kitui","Kitui Central","Township",2019,153.554122924805
"Kitui","Kitui Central","Township",2020,136.883529663086
"Kitui","Kitui Central","Township",2021,125.7724609375
"Kitui","Kitui Central","Township",2022,161.70133972168
"Kitui","Kitui Central","Township",2023,182.913513183594
"Kitui","Kitui Central","Township",2024,175.918609619141
"Kitui","Kitui East","Chuluni",2012,0
"Kitui","Kitui East","Chuluni",2013,0
"Kitui","Kitui East","Chuluni",2014,0
"Kitui","Kitui East","Chuluni",2015,0
"Kitui","Kitui East","Chuluni",2016,0
"Kitui","Kitui East","Chuluni",2017,0
"Kitui","Kitui East","Chuluni",2018,0
"Kitui","Kitui East","Chuluni",2019,0
"Kitui","Kitui East","Chuluni",2020,0
"Kitui","Kitui East","Chuluni",2021,0
"Kitui","Kitui East","Chuluni",2022,0
"Kitui","Kitui East","Chuluni",2023,0.502304494380951
"Kitui","Kitui East","Chuluni",2024,0.509818851947784
"Kitui","Kitui East","Endau/Malalani",2012,0
"Kitui","Kitui East","Endau/Malalani",2013,0
"Kitui","Kitui East","Endau/Malalani",2014,0
"Kitui","Kitui East","Endau/Malalani",2015,0
"Kitui","Kitui East","Endau/Malalani",2016,0
"Kitui","Kitui East","Endau/Malalani",2017,0
"Kitui","Kitui East","Endau/Malalani",2018,0
"Kitui","Kitui East","Endau/Malalani",2019,0
"Kitui","Kitui East","Endau/Malalani",2020,0
"Kitui","Kitui East","Endau/Malalani",2021,0
"Kitui","Kitui East","Endau/Malalani",2022,0.58585524559021
"Kitui","Kitui East","Endau/Malalani",2023,0
"Kitui","Kitui East","Endau/Malalani",2024,0
"Kitui","Kitui East","Mutito/Kaliku",2012,0
"Kitui","Kitui East","Mutito/Kaliku",2013,0
"Kitui","Kitui East","Mutito/Kaliku",2014,0
"Kitui","Kitui East","Mutito/Kaliku",2015,0
"Kitui","Kitui East","Mutito/Kaliku",2016,0
"Kitui","Kitui East","Mutito/Kaliku",2017,0
"Kitui","Kitui East","Mutito/Kaliku",2018,0
"Kitui","Kitui East","Mutito/Kaliku",2019,0
"Kitui","Kitui East","Mutito/Kaliku",2020,0
"Kitui","Kitui East","Mutito/Kaliku",2021,0
"Kitui","Kitui East","Mutito/Kaliku",2022,0
"Kitui","Kitui East","Mutito/Kaliku",2023,0
"Kitui","Kitui East","Mutito/Kaliku",2024,0
"Kitui","Kitui East","Nzambani",2012,5.13200378417969
"Kitui","Kitui East","Nzambani",2013,8.00569629669189
"Kitui","Kitui East","Nzambani",2014,11.897575378418
"Kitui","Kitui East","Nzambani",2015,13.6823148727417
"Kitui","Kitui East","Nzambani",2016,18.1061553955078
"Kitui","Kitui East","Nzambani",2017,37.0349578857422
"Kitui","Kitui East","Nzambani",2018,53.2760009765625
"Kitui","Kitui East","Nzambani",2019,28.488561630249
"Kitui","Kitui East","Nzambani",2020,31.4607887268066
"Kitui","Kitui East","Nzambani",2021,40.555492401123
"Kitui","Kitui East","Nzambani",2022,80.3513412475586
"Kitui","Kitui East","Nzambani",2023,109.632637023926
"Kitui","Kitui East","Nzambani",2024,104.75936126709
"Kitui","Kitui East","Voo/Kyamatu",2012,0
"Kitui","Kitui East","Voo/Kyamatu",2013,0
"Kitui","Kitui East","Voo/Kyamatu",2014,0
"Kitui","Kitui East","Voo/Kyamatu",2015,0
"Kitui","Kitui East","Voo/Kyamatu",2016,0
"Kitui","Kitui East","Voo/Kyamatu",2017,0
"Kitui","Kitui East","Voo/Kyamatu",2018,0
"Kitui","Kitui East","Voo/Kyamatu",2019,0
"Kitui","Kitui East","Voo/Kyamatu",2020,0
"Kitui","Kitui East","Voo/Kyamatu",2021,0
"Kitui","Kitui East","Voo/Kyamatu",2022,0
"Kitui","Kitui East","Voo/Kyamatu",2023,0
"Kitui","Kitui East","Voo/Kyamatu",2024,0
"Kitui","Kitui East","Zombe/Mwitika",2012,0
"Kitui","Kitui East","Zombe/Mwitika",2013,0
"Kitui","Kitui East","Zombe/Mwitika",2014,0
"Kitui","Kitui East","Zombe/Mwitika",2015,0.572500646114349
"Kitui","Kitui East","Zombe/Mwitika",2016,1.92050242424011
"Kitui","Kitui East","Zombe/Mwitika",2017,1.34312701225281
"Kitui","Kitui East","Zombe/Mwitika",2018,1.9119336605072
"Kitui","Kitui East","Zombe/Mwitika",2019,1.18623471260071
"Kitui","Kitui East","Zombe/Mwitika",2020,0
"Kitui","Kitui East","Zombe/Mwitika",2021,1.26261568069458
"Kitui","Kitui East","Zombe/Mwitika",2022,2.10061454772949
"Kitui","Kitui East","Zombe/Mwitika",2023,6.73481178283691
"Kitui","Kitui East","Zombe/Mwitika",2024,4.599440574646
"Kitui","Kitui Rural","Kanyangi",2012,0
"Kitui","Kitui Rural","Kanyangi",2013,0
"Kitui","Kitui Rural","Kanyangi",2014,0
"Kitui","Kitui Rural","Kanyangi",2015,0
"Kitui","Kitui Rural","Kanyangi",2016,0
"Kitui","Kitui Rural","Kanyangi",2017,0
"Kitui","Kitui Rural","Kanyangi",2018,0
"Kitui","Kitui Rural","Kanyangi",2019,0
"Kitui","Kitui Rural","Kanyangi",2020,3.87908673286438
"Kitui","Kitui Rural","Kanyangi",2021,30.4394683837891
"Kitui","Kitui Rural","Kanyangi",2022,94.7930145263672
"Kitui","Kitui Rural","Kanyangi",2023,100.857627868652
"Kitui","Kitui Rural","Kanyangi",2024,65.5528259277344
"Kitui","Kitui Rural","Kisasi",2012,1.82150959968567
"Kitui","Kitui Rural","Kisasi",2013,1.73144495487213
"Kitui","Kitui Rural","Kisasi",2014,0
"Kitui","Kitui Rural","Kisasi",2015,0.538534820079803
"Kitui","Kitui Rural","Kisasi",2016,0.50079208612442
"Kitui","Kitui Rural","Kisasi",2017,0
"Kitui","Kitui Rural","Kisasi",2018,1.30285477638245
"Kitui","Kitui Rural","Kisasi",2019,0
"Kitui","Kitui Rural","Kisasi",2020,0.583909451961517
"Kitui","Kitui Rural","Kisasi",2021,1.72811245918274
"Kitui","Kitui Rural","Kisasi",2022,1.96294116973877
"Kitui","Kitui Rural","Kisasi",2023,3.14193034172058
"Kitui","Kitui Rural","Kisasi",2024,2.8906786441803
"Kitui","Kitui Rural","Kwavonza/Yatta",2012,26.3533515930176
"Kitui","Kitui Rural","Kwavonza/Yatta",2013,34.5566558837891
"Kitui","Kitui Rural","Kwavonza/Yatta",2014,51.8177642822266
"Kitui","Kitui Rural","Kwavonza/Yatta",2015,57.7936553955078
"Kitui","Kitui Rural","Kwavonza/Yatta",2016,61.2230949401855
"Kitui","Kitui Rural","Kwavonza/Yatta",2017,51.3867073059082
"Kitui","Kitui Rural","Kwavonza/Yatta",2018,43.5571823120117
"Kitui","Kitui Rural","Kwavonza/Yatta",2019,32.4658393859863
"Kitui","Kitui Rural","Kwavonza/Yatta",2020,23.8658103942871
"Kitui","Kitui Rural","Kwavonza/Yatta",2021,33.0434799194336
"Kitui","Kitui Rural","Kwavonza/Yatta",2022,46.1865386962891
"Kitui","Kitui Rural","Kwavonza/Yatta",2023,61.0636520385742
"Kitui","Kitui Rural","Kwavonza/Yatta",2024,66.8714599609375
"Kitui","Kitui Rural","Mbitini",2012,1.74797058105469
"Kitui","Kitui Rural","Mbitini",2013,1.11499333381653
"Kitui","Kitui Rural","Mbitini",2014,0.59139883518219
"Kitui","Kitui Rural","Mbitini",2015,0.690725088119507
"Kitui","Kitui Rural","Mbitini",2016,0.630446791648865
"Kitui","Kitui Rural","Mbitini",2017,0.540294528007507
"Kitui","Kitui Rural","Mbitini",2018,1.77096176147461
"Kitui","Kitui Rural","Mbitini",2019,0.509812712669373
"Kitui","Kitui Rural","Mbitini",2020,1.08531141281128
"Kitui","Kitui Rural","Mbitini",2021,1.28610146045685
"Kitui","Kitui Rural","Mbitini",2022,4.79200649261475
"Kitui","Kitui Rural","Mbitini",2023,4.90601539611816
"Kitui","Kitui Rural","Mbitini",2024,4.72707319259644
"Kitui","Kitui Rural","Mulango",2012,1.62791955471039
"Kitui","Kitui Rural","Mulango",2013,1.87877726554871
"Kitui","Kitui Rural","Mulango",2014,2.66138243675232
"Kitui","Kitui Rural","Mulango",2015,0
"Kitui","Kitui Rural","Mulango",2016,0.0679538697004318
"Kitui","Kitui Rural","Mulango",2017,10.5208406448364
"Kitui","Kitui Rural","Mulango",2018,3.64712405204773
"Kitui","Kitui Rural","Mulango",2019,0.541365623474121
"Kitui","Kitui Rural","Mulango",2020,1.88760364055634
"Kitui","Kitui Rural","Mulango",2021,2.71695423126221
"Kitui","Kitui Rural","Mulango",2022,14.1073379516602
"Kitui","Kitui Rural","Mulango",2023,22.3331394195557
"Kitui","Kitui Rural","Mulango",2024,23.2837791442871
"Kitui","Kitui South","Athi",2012,0
"Kitui","Kitui South","Athi",2013,0
"Kitui","Kitui South","Athi",2014,0
"Kitui","Kitui South","Athi",2015,0
"Kitui","Kitui South","Athi",2016,0
"Kitui","Kitui South","Athi",2017,0
"Kitui","Kitui South","Athi",2018,1.61500942707062
"Kitui","Kitui South","Athi",2019,0
"Kitui","Kitui South","Athi",2020,0
"Kitui","Kitui South","Athi",2021,0
"Kitui","Kitui South","Athi",2022,0.591719925403595
"Kitui","Kitui South","Athi",2023,1.21528661251068
"Kitui","Kitui South","Athi",2024,0.657412111759186
"Kitui","Kitui South","Ikanga/Kyatune",2012,0
"Kitui","Kitui South","Ikanga/Kyatune",2013,0
"Kitui","Kitui South","Ikanga/Kyatune",2014,0
"Kitui","Kitui South","Ikanga/Kyatune",2015,0
"Kitui","Kitui South","Ikanga/Kyatune",2016,0
"Kitui","Kitui South","Ikanga/Kyatune",2017,0
"Kitui","Kitui South","Ikanga/Kyatune",2018,0
"Kitui","Kitui South","Ikanga/Kyatune",2019,0
"Kitui","Kitui South","Ikanga/Kyatune",2020,0
"Kitui","Kitui South","Ikanga/Kyatune",2021,0
"Kitui","Kitui South","Ikanga/Kyatune",2022,1.09813249111176
"Kitui","Kitui South","Ikanga/Kyatune",2023,4.39160919189453
"Kitui","Kitui South","Ikanga/Kyatune",2024,3.04277229309082
"Kitui","Kitui South","Ikutha",2012,1.86790060997009
"Kitui","Kitui South","Ikutha",2013,0.615426123142242
"Kitui","Kitui South","Ikutha",2014,2.48885726928711
"Kitui","Kitui South","Ikutha",2015,2.50558924674988
"Kitui","Kitui South","Ikutha",2016,2.77931666374207
"Kitui","Kitui South","Ikutha",2017,3.92633271217346
"Kitui","Kitui South","Ikutha",2018,3.99538826942444
"Kitui","Kitui South","Ikutha",2019,3.55596017837524
"Kitui","Kitui South","Ikutha",2020,2.68943738937378
"Kitui","Kitui South","Ikutha",2021,5.34617900848389
"Kitui","Kitui South","Ikutha",2022,5.75101661682129
"Kitui","Kitui South","Ikutha",2023,8.6982421875
"Kitui","Kitui South","Ikutha",2024,7.4761700630188
"Kitui","Kitui South","Kanziko",2012,0
"Kitui","Kitui South","Kanziko",2013,0
"Kitui","Kitui South","Kanziko",2014,0
"Kitui","Kitui South","Kanziko",2015,0
"Kitui","Kitui South","Kanziko",2016,0
"Kitui","Kitui South","Kanziko",2017,0
"Kitui","Kitui South","Kanziko",2018,0
"Kitui","Kitui South","Kanziko",2019,0
"Kitui","Kitui South","Kanziko",2020,0
"Kitui","Kitui South","Kanziko",2021,0
"Kitui","Kitui South","Kanziko",2022,0
"Kitui","Kitui South","Kanziko",2023,0
"Kitui","Kitui South","Kanziko",2024,0
"Kitui","Kitui South","Mutha",2012,0
"Kitui","Kitui South","Mutha",2013,0
"Kitui","Kitui South","Mutha",2014,0
"Kitui","Kitui South","Mutha",2015,0
"Kitui","Kitui South","Mutha",2016,0
"Kitui","Kitui South","Mutha",2017,0
"Kitui","Kitui South","Mutha",2018,0
"Kitui","Kitui South","Mutha",2019,0
"Kitui","Kitui South","Mutha",2020,0
"Kitui","Kitui South","Mutha",2021,0
"Kitui","Kitui South","Mutha",2022,0
"Kitui","Kitui South","Mutha",2023,0.567923724651337
"Kitui","Kitui South","Mutha",2024,0
"Kitui","Kitui South","Mutomo",2012,5.18868350982666
"Kitui","Kitui South","Mutomo",2013,5.28454399108887
"Kitui","Kitui South","Mutomo",2014,4.04803800582886
"Kitui","Kitui South","Mutomo",2015,3.70657277107239
"Kitui","Kitui South","Mutomo",2016,3.46861410140991
"Kitui","Kitui South","Mutomo",2017,8.62109661102295
"Kitui","Kitui South","Mutomo",2018,16.6655673980713
"Kitui","Kitui South","Mutomo",2019,11.3261394500732
"Kitui","Kitui South","Mutomo",2020,8.93624877929688
"Kitui","Kitui South","Mutomo",2021,10.2720804214478
"Kitui","Kitui South","Mutomo",2022,20.2305030822754
"Kitui","Kitui South","Mutomo",2023,25.0216636657715
"Kitui","Kitui South","Mutomo",2024,21.7552146911621
"Kitui","Kitui West","Kauwi",2012,2.89683818817139
"Kitui","Kitui West","Kauwi",2013,2.60698080062866
"Kitui","Kitui West","Kauwi",2014,3.09353113174438
"Kitui","Kitui West","Kauwi",2015,5.80421590805054
"Kitui","Kitui West","Kauwi",2016,3.8237452507019
"Kitui","Kitui West","Kauwi",2017,25.4322814941406
"Kitui","Kitui West","Kauwi",2018,18.3591766357422
"Kitui","Kitui West","Kauwi",2019,4.80693912506104
"Kitui","Kitui West","Kauwi",2020,13.1575422286987
"Kitui","Kitui West","Kauwi",2021,10.1399574279785
"Kitui","Kitui West","Kauwi",2022,14.8817653656006
"Kitui","Kitui West","Kauwi",2023,26.985860824585
"Kitui","Kitui West","Kauwi",2024,30.0421123504639
"Kitui","Kitui West","Kwa Mutonga/Kithumula",2012,0
"Kitui","Kitui West","Kwa Mutonga/Kithumula",2013,0
"Kitui","Kitui West","Kwa Mutonga/Kithumula",2014,0
"Kitui","Kitui West","Kwa Mutonga/Kithumula",2015,0.0133624030277133
"Kitui","Kitui West","Kwa Mutonga/Kithumula",2016,0
"Kitui","Kitui West","Kwa Mutonga/Kithumula",2017,0.01602428779006
"Kitui","Kitui West","Kwa Mutonga/Kithumula",2018,0.0159466564655304
"Kitui","Kitui West","Kwa Mutonga/Kithumula",2019,0
"Kitui","Kitui West","Kwa Mutonga/Kithumula",2020,0
"Kitui","Kitui West","Kwa Mutonga/Kithumula",2021,0.0418420992791653
"Kitui","Kitui West","Kwa Mutonga/Kithumula",2022,0.0506459847092628
"Kitui","Kitui West","Kwa Mutonga/Kithumula",2023,3.3449079990387
"Kitui","Kitui West","Kwa Mutonga/Kithumula",2024,1.74975204467773
"Kitui","Kitui West","Matinyani",2012,0.506718277931213
"Kitui","Kitui West","Matinyani",2013,0
"Kitui","Kitui West","Matinyani",2014,0.541667938232422
"Kitui","Kitui West","Matinyani",2015,0
"Kitui","Kitui West","Matinyani",2016,0
"Kitui","Kitui West","Matinyani",2017,3.40737438201904
"Kitui","Kitui West","Matinyani",2018,0
"Kitui","Kitui West","Matinyani",2019,0
"Kitui","Kitui West","Matinyani",2020,0
"Kitui","Kitui West","Matinyani",2021,2.74861979484558
"Kitui","Kitui West","Matinyani",2022,12.6561374664307
"Kitui","Kitui West","Matinyani",2023,22.9658012390137
"Kitui","Kitui West","Matinyani",2024,11.8307542800903
"Kitui","Kitui West","Mutonguni",2012,0.58182692527771
"Kitui","Kitui West","Mutonguni",2013,0.582761347293854
"Kitui","Kitui West","Mutonguni",2014,0
"Kitui","Kitui West","Mutonguni",2015,0.547471463680267
"Kitui","Kitui West","Mutonguni",2016,0.52207362651825
"Kitui","Kitui West","Mutonguni",2017,0.547605752944946
"Kitui","Kitui West","Mutonguni",2018,0.590629458427429
"Kitui","Kitui West","Mutonguni",2019,0.522683441638947
"Kitui","Kitui West","Mutonguni",2020,1.24050080776215
"Kitui","Kitui West","Mutonguni",2021,1.30227780342102
"Kitui","Kitui West","Mutonguni",2022,4.43710994720459
"Kitui","Kitui West","Mutonguni",2023,8.03037166595459
"Kitui","Kitui West","Mutonguni",2024,7.77415132522583
"Kitui","Mwingi Central","Central",2012,26.3032512664795
"Kitui","Mwingi Central","Central",2013,25.380838394165
"Kitui","Mwingi Central","Central",2014,27.3295307159424
"Kitui","Mwingi Central","Central",2015,36.7472496032715
"Kitui","Mwingi Central","Central",2016,51.6753005981445
"Kitui","Mwingi Central","Central",2017,88.5724945068359
"Kitui","Mwingi Central","Central",2018,128.787063598633
"Kitui","Mwingi Central","Central",2019,124.786026000977
"Kitui","Mwingi Central","Central",2020,99.2441482543945
"Kitui","Mwingi Central","Central",2021,106.127891540527
"Kitui","Mwingi Central","Central",2022,112.037956237793
"Kitui","Mwingi Central","Central",2023,142.65803527832
"Kitui","Mwingi Central","Central",2024,141.276168823242
"Kitui","Mwingi Central","Kiomo/Kyethani",2012,0
"Kitui","Mwingi Central","Kiomo/Kyethani",2013,0
"Kitui","Mwingi Central","Kiomo/Kyethani",2014,1.67975783348083
"Kitui","Mwingi Central","Kiomo/Kyethani",2015,0
"Kitui","Mwingi Central","Kiomo/Kyethani",2016,11.0080585479736
"Kitui","Mwingi Central","Kiomo/Kyethani",2017,8.29290771484375
"Kitui","Mwingi Central","Kiomo/Kyethani",2018,6.22576475143433
"Kitui","Mwingi Central","Kiomo/Kyethani",2019,4.71863842010498
"Kitui","Mwingi Central","Kiomo/Kyethani",2020,1.42936551570892
"Kitui","Mwingi Central","Kiomo/Kyethani",2021,4.47287559509277
"Kitui","Mwingi Central","Kiomo/Kyethani",2022,15.9787950515747
"Kitui","Mwingi Central","Kiomo/Kyethani",2023,12.2975406646729
"Kitui","Mwingi Central","Kiomo/Kyethani",2024,11.0283994674683
"Kitui","Mwingi Central","Kivou",2012,15.5833311080933
"Kitui","Mwingi Central","Kivou",2013,13.8954029083252
"Kitui","Mwingi Central","Kivou",2014,15.6830196380615
"Kitui","Mwingi Central","Kivou",2015,16.8740215301514
"Kitui","Mwingi Central","Kivou",2016,29.3866081237793
"Kitui","Mwingi Central","Kivou",2017,39.0085487365723
"Kitui","Mwingi Central","Kivou",2018,67.8282012939453
"Kitui","Mwingi Central","Kivou",2019,74.8069076538086
"Kitui","Mwingi Central","Kivou",2020,60.2685661315918
"Kitui","Mwingi Central","Kivou",2021,69.8269500732422
"Kitui","Mwingi Central","Kivou",2022,70.2579956054688
"Kitui","Mwingi Central","Kivou",2023,97.3954315185547
"Kitui","Mwingi Central","Kivou",2024,80.4558639526367
"Kitui","Mwingi Central","Mui",2012,0
"Kitui","Mwingi Central","Mui",2013,0
"Kitui","Mwingi Central","Mui",2014,0
"Kitui","Mwingi Central","Mui",2015,0
"Kitui","Mwingi Central","Mui",2016,0
"Kitui","Mwingi Central","Mui",2017,0
"Kitui","Mwingi Central","Mui",2018,0
"Kitui","Mwingi Central","Mui",2019,0
"Kitui","Mwingi Central","Mui",2020,0
"Kitui","Mwingi Central","Mui",2021,0
"Kitui","Mwingi Central","Mui",2022,0
"Kitui","Mwingi Central","Mui",2023,0
"Kitui","Mwingi Central","Mui",2024,4.79482889175415
"Kitui","Mwingi Central","Nguni",2012,0
"Kitui","Mwingi Central","Nguni",2013,0
"Kitui","Mwingi Central","Nguni",2014,0
"Kitui","Mwingi Central","Nguni",2015,0
"Kitui","Mwingi Central","Nguni",2016,1.11053967475891
"Kitui","Mwingi Central","Nguni",2017,0.544059216976166
"Kitui","Mwingi Central","Nguni",2018,1.03367936611176
"Kitui","Mwingi Central","Nguni",2019,0
"Kitui","Mwingi Central","Nguni",2020,0
"Kitui","Mwingi Central","Nguni",2021,1.60326719284058
"Kitui","Mwingi Central","Nguni",2022,1.94751715660095
"Kitui","Mwingi Central","Nguni",2023,6.62137126922607
"Kitui","Mwingi Central","Nguni",2024,4.56648111343384
"Kitui","Mwingi Central","Nuu",2012,0
"Kitui","Mwingi Central","Nuu",2013,0
"Kitui","Mwingi Central","Nuu",2014,0
"Kitui","Mwingi Central","Nuu",2015,0
"Kitui","Mwingi Central","Nuu",2016,0
"Kitui","Mwingi Central","Nuu",2017,0
"Kitui","Mwingi Central","Nuu",2018,0
"Kitui","Mwingi Central","Nuu",2019,0
"Kitui","Mwingi Central","Nuu",2020,0
"Kitui","Mwingi Central","Nuu",2021,0
"Kitui","Mwingi Central","Nuu",2022,0
"Kitui","Mwingi Central","Nuu",2023,0
"Kitui","Mwingi Central","Nuu",2024,2.51144981384277
"Kitui","Mwingi Central","Waita",2012,0
"Kitui","Mwingi Central","Waita",2013,0.53554230928421
"Kitui","Mwingi Central","Waita",2014,1.07506632804871
"Kitui","Mwingi Central","Waita",2015,1.18837976455688
"Kitui","Mwingi Central","Waita",2016,0
"Kitui","Mwingi Central","Waita",2017,0.118597865104675
"Kitui","Mwingi Central","Waita",2018,0.114177986979485
"Kitui","Mwingi Central","Waita",2019,0.551722407341003
"Kitui","Mwingi Central","Waita",2020,0
"Kitui","Mwingi Central","Waita",2021,2.35391569137573
"Kitui","Mwingi Central","Waita",2022,6.19902229309082
"Kitui","Mwingi Central","Waita",2023,6.06813049316406
"Kitui","Mwingi Central","Waita",2024,6.56477308273315
"Kitui","Mwingi North","Kyuso",2012,1.16441345214844
"Kitui","Mwingi North","Kyuso",2013,1.09841203689575
"Kitui","Mwingi North","Kyuso",2014,1.10241329669952
"Kitui","Mwingi North","Kyuso",2015,1.16418242454529
"Kitui","Mwingi North","Kyuso",2016,1.28394508361816
"Kitui","Mwingi North","Kyuso",2017,1.69138503074646
"Kitui","Mwingi North","Kyuso",2018,3.08729410171509
"Kitui","Mwingi North","Kyuso",2019,1.61642813682556
"Kitui","Mwingi North","Kyuso",2020,0.528386414051056
"Kitui","Mwingi North","Kyuso",2021,3.33141899108887
"Kitui","Mwingi North","Kyuso",2022,12.1270771026611
"Kitui","Mwingi North","Kyuso",2023,13.562744140625
"Kitui","Mwingi North","Kyuso",2024,13.5866422653198
"Kitui","Mwingi North","Mumoni",2012,0.0583061091601849
"Kitui","Mwingi North","Mumoni",2013,0
"Kitui","Mwingi North","Mumoni",2014,0.0685321986675262
"Kitui","Mwingi North","Mumoni",2015,0.283763110637665
"Kitui","Mwingi North","Mumoni",2016,0.582460105419159
"Kitui","Mwingi North","Mumoni",2017,0.494487851858139
"Kitui","Mwingi North","Mumoni",2018,0.476059406995773
"Kitui","Mwingi North","Mumoni",2019,1.75407147407532
"Kitui","Mwingi North","Mumoni",2020,0.504543364048004
"Kitui","Mwingi North","Mumoni",2021,3.99176669120789
"Kitui","Mwingi North","Mumoni",2022,4.61681032180786
"Kitui","Mwingi North","Mumoni",2023,5.18795776367188
"Kitui","Mwingi North","Mumoni",2024,4.04621362686157
"Kitui","Mwingi North","Ngomeni",2012,0
"Kitui","Mwingi North","Ngomeni",2013,0
"Kitui","Mwingi North","Ngomeni",2014,0
"Kitui","Mwingi North","Ngomeni",2015,0
"Kitui","Mwingi North","Ngomeni",2016,0
"Kitui","Mwingi North","Ngomeni",2017,0
"Kitui","Mwingi North","Ngomeni",2018,0
"Kitui","Mwingi North","Ngomeni",2019,0
"Kitui","Mwingi North","Ngomeni",2020,0
"Kitui","Mwingi North","Ngomeni",2021,0
"Kitui","Mwingi North","Ngomeni",2022,0
"Kitui","Mwingi North","Ngomeni",2023,0
"Kitui","Mwingi North","Ngomeni",2024,0
"Kitui","Mwingi North","Tharaka",2012,0
"Kitui","Mwingi North","Tharaka",2013,0
"Kitui","Mwingi North","Tharaka",2014,0
"Kitui","Mwingi North","Tharaka",2015,0
"Kitui","Mwingi North","Tharaka",2016,0
"Kitui","Mwingi North","Tharaka",2017,0
"Kitui","Mwingi North","Tharaka",2018,0
"Kitui","Mwingi North","Tharaka",2019,0
"Kitui","Mwingi North","Tharaka",2020,0
"Kitui","Mwingi North","Tharaka",2021,0
"Kitui","Mwingi North","Tharaka",2022,0
"Kitui","Mwingi North","Tharaka",2023,0
"Kitui","Mwingi North","Tharaka",2024,0
"Kitui","Mwingi North","Tseikuru",2012,2.23120832443237
"Kitui","Mwingi North","Tseikuru",2013,0
"Kitui","Mwingi North","Tseikuru",2014,1.03708207607269
"Kitui","Mwingi North","Tseikuru",2015,0.557675123214722
"Kitui","Mwingi North","Tseikuru",2016,1.09379136562347
"Kitui","Mwingi North","Tseikuru",2017,1.4805474281311
"Kitui","Mwingi North","Tseikuru",2018,1.9743869304657
"Kitui","Mwingi North","Tseikuru",2019,1.87542819976807
"Kitui","Mwingi North","Tseikuru",2020,0.600482702255249
"Kitui","Mwingi North","Tseikuru",2021,1.64591550827026
"Kitui","Mwingi North","Tseikuru",2022,3.36870908737183
"Kitui","Mwingi North","Tseikuru",2023,5.74610710144043
"Kitui","Mwingi North","Tseikuru",2024,4.93738174438477
"Kitui","Mwingi West","Kyome/Thaana",2012,0
"Kitui","Mwingi West","Kyome/Thaana",2013,0
"Kitui","Mwingi West","Kyome/Thaana",2014,0
"Kitui","Mwingi West","Kyome/Thaana",2015,0
"Kitui","Mwingi West","Kyome/Thaana",2016,0
"Kitui","Mwingi West","Kyome/Thaana",2017,0
"Kitui","Mwingi West","Kyome/Thaana",2018,0
"Kitui","Mwingi West","Kyome/Thaana",2019,0
"Kitui","Mwingi West","Kyome/Thaana",2020,0
"Kitui","Mwingi West","Kyome/Thaana",2021,0
"Kitui","Mwingi West","Kyome/Thaana",2022,0.576575219631195
"Kitui","Mwingi West","Kyome/Thaana",2023,3.65740394592285
"Kitui","Mwingi West","Kyome/Thaana",2024,2.16243362426758
"Kitui","Mwingi West","Migwani",2012,0.529733419418335
"Kitui","Mwingi West","Migwani",2013,0.521363973617554
"Kitui","Mwingi West","Migwani",2014,0
"Kitui","Mwingi West","Migwani",2015,0.552406966686249
"Kitui","Mwingi West","Migwani",2016,0.545997500419617
"Kitui","Mwingi West","Migwani",2017,0.635164320468903
"Kitui","Mwingi West","Migwani",2018,1.23532819747925
"Kitui","Mwingi West","Migwani",2019,1.15105056762695
"Kitui","Mwingi West","Migwani",2020,1.10461699962616
"Kitui","Mwingi West","Migwani",2021,17.7435569763184
"Kitui","Mwingi West","Migwani",2022,35.6339263916016
"Kitui","Mwingi West","Migwani",2023,38.5790214538574
"Kitui","Mwingi West","Migwani",2024,27.3399105072021
"Kitui","Mwingi West","Nguutani",2012,1.93706107139587
"Kitui","Mwingi West","Nguutani",2013,0.555532157421112
"Kitui","Mwingi West","Nguutani",2014,0.502754628658295
"Kitui","Mwingi West","Nguutani",2015,0
"Kitui","Mwingi West","Nguutani",2016,0.607367217540741
"Kitui","Mwingi West","Nguutani",2017,1.00521302223206
"Kitui","Mwingi West","Nguutani",2018,0.861822843551636
"Kitui","Mwingi West","Nguutani",2019,2.79602766036987
"Kitui","Mwingi West","Nguutani",2020,1.19360816478729
"Kitui","Mwingi West","Nguutani",2021,3.10679888725281
"Kitui","Mwingi West","Nguutani",2022,3.47723698616028
"Kitui","Mwingi West","Nguutani",2023,4.64059495925903
"Kitui","Mwingi West","Nguutani",2024,3.52566981315613
"Kwale","Kinango","Chengoni/Samburu",2012,8.49989891052246
"Kwale","Kinango","Chengoni/Samburu",2013,11.9602403640747
"Kwale","Kinango","Chengoni/Samburu",2014,12.72021484375
"Kwale","Kinango","Chengoni/Samburu",2015,15.6954317092896
"Kwale","Kinango","Chengoni/Samburu",2016,16.7244815826416
"Kwale","Kinango","Chengoni/Samburu",2017,20.5512619018555
"Kwale","Kinango","Chengoni/Samburu",2018,25.7822437286377
"Kwale","Kinango","Chengoni/Samburu",2019,27.4681777954102
"Kwale","Kinango","Chengoni/Samburu",2020,27.2123146057129
"Kwale","Kinango","Chengoni/Samburu",2021,111.810966491699
"Kwale","Kinango","Chengoni/Samburu",2022,129.19499206543
"Kwale","Kinango","Chengoni/Samburu",2023,168.166763305664
"Kwale","Kinango","Chengoni/Samburu",2024,159.919006347656
"Kwale","Kinango","Kinango",2012,47.075927734375
"Kwale","Kinango","Kinango",2013,43.5861053466797
"Kwale","Kinango","Kinango",2014,66.0991592407227
"Kwale","Kinango","Kinango",2015,110.930694580078
"Kwale","Kinango","Kinango",2016,109.733200073242
"Kwale","Kinango","Kinango",2017,164.519256591797
"Kwale","Kinango","Kinango",2018,146.22395324707
"Kwale","Kinango","Kinango",2019,326.977874755859
"Kwale","Kinango","Kinango",2020,154.6064453125
"Kwale","Kinango","Kinango",2021,248.810684204102
"Kwale","Kinango","Kinango",2022,354.190338134766
"Kwale","Kinango","Kinango",2023,534.770202636719
"Kwale","Kinango","Kinango",2024,576.061950683594
"Kwale","Kinango","Mackinnon Road",2012,14.7238721847534
"Kwale","Kinango","Mackinnon Road",2013,21.6242084503174
"Kwale","Kinango","Mackinnon Road",2014,21.8550758361816
"Kwale","Kinango","Mackinnon Road",2015,77.2702865600586
"Kwale","Kinango","Mackinnon Road",2016,94.8718872070312
"Kwale","Kinango","Mackinnon Road",2017,52.9105949401855
"Kwale","Kinango","Mackinnon Road",2018,47.8639678955078
"Kwale","Kinango","Mackinnon Road",2019,40.4869537353516
"Kwale","Kinango","Mackinnon Road",2020,29.987003326416
"Kwale","Kinango","Mackinnon Road",2021,57.1410331726074
"Kwale","Kinango","Mackinnon Road",2022,78.4698715209961
"Kwale","Kinango","Mackinnon Road",2023,88.8389739990234
"Kwale","Kinango","Mackinnon Road",2024,92.6887130737305
"Kwale","Kinango","Mwavumbo",2012,36.551456451416
"Kwale","Kinango","Mwavumbo",2013,38.2345390319824
"Kwale","Kinango","Mwavumbo",2014,47.3031005859375
"Kwale","Kinango","Mwavumbo",2015,93.4765548706055
"Kwale","Kinango","Mwavumbo",2016,103.407508850098
"Kwale","Kinango","Mwavumbo",2017,137.675308227539
"Kwale","Kinango","Mwavumbo",2018,127.399337768555
"Kwale","Kinango","Mwavumbo",2019,104.776565551758
"Kwale","Kinango","Mwavumbo",2020,100.272438049316
"Kwale","Kinango","Mwavumbo",2021,147.801498413086
"Kwale","Kinango","Mwavumbo",2022,208.568557739258
"Kwale","Kinango","Mwavumbo",2023,244.239303588867
"Kwale","Kinango","Mwavumbo",2024,231.688659667969
"Kwale","Kinango","Ndavaya",2012,0.0413915030658245
"Kwale","Kinango","Ndavaya",2013,0
"Kwale","Kinango","Ndavaya",2014,0
"Kwale","Kinango","Ndavaya",2015,0.0347373187541962
"Kwale","Kinango","Ndavaya",2016,0.0373820178210735
"Kwale","Kinango","Ndavaya",2017,0
"Kwale","Kinango","Ndavaya",2018,0.0437252596020699
"Kwale","Kinango","Ndavaya",2019,0.066080279648304
"Kwale","Kinango","Ndavaya",2020,0
"Kwale","Kinango","Ndavaya",2021,0.48145380616188
"Kwale","Kinango","Ndavaya",2022,1.0179260969162
"Kwale","Kinango","Ndavaya",2023,3.95466899871826
"Kwale","Kinango","Ndavaya",2024,1.8761705160141
"Kwale","Kinango","Puma",2012,0
"Kwale","Kinango","Puma",2013,0
"Kwale","Kinango","Puma",2014,0
"Kwale","Kinango","Puma",2015,0
"Kwale","Kinango","Puma",2016,0
"Kwale","Kinango","Puma",2017,0
"Kwale","Kinango","Puma",2018,0
"Kwale","Kinango","Puma",2019,0
"Kwale","Kinango","Puma",2020,0
"Kwale","Kinango","Puma",2021,0
"Kwale","Kinango","Puma",2022,0
"Kwale","Kinango","Puma",2023,5.11374855041504
"Kwale","Kinango","Puma",2024,2.20903062820435
"Kwale","Lungalunga","Dzombo",2012,0
"Kwale","Lungalunga","Dzombo",2013,0
"Kwale","Lungalunga","Dzombo",2014,0
"Kwale","Lungalunga","Dzombo",2015,0
"Kwale","Lungalunga","Dzombo",2016,0
"Kwale","Lungalunga","Dzombo",2017,0
"Kwale","Lungalunga","Dzombo",2018,0
"Kwale","Lungalunga","Dzombo",2019,0
"Kwale","Lungalunga","Dzombo",2020,0
"Kwale","Lungalunga","Dzombo",2021,0
"Kwale","Lungalunga","Dzombo",2022,1.10562336444855
"Kwale","Lungalunga","Dzombo",2023,1.08252143859863
"Kwale","Lungalunga","Dzombo",2024,2.0492262840271
"Kwale","Lungalunga","Mwereni",2012,0
"Kwale","Lungalunga","Mwereni",2013,0
"Kwale","Lungalunga","Mwereni",2014,0
"Kwale","Lungalunga","Mwereni",2015,0.611806094646454
"Kwale","Lungalunga","Mwereni",2016,0.535517454147339
"Kwale","Lungalunga","Mwereni",2017,0
"Kwale","Lungalunga","Mwereni",2018,0
"Kwale","Lungalunga","Mwereni",2019,0
"Kwale","Lungalunga","Mwereni",2020,0
"Kwale","Lungalunga","Mwereni",2021,0.530452013015747
"Kwale","Lungalunga","Mwereni",2022,0.524546027183533
"Kwale","Lungalunga","Mwereni",2023,0.563750505447388
"Kwale","Lungalunga","Mwereni",2024,2.21697640419006
"Kwale","Lungalunga","Pongwe/Kikoneni",2012,3.15308260917664
"Kwale","Lungalunga","Pongwe/Kikoneni",2013,2.63424229621887
"Kwale","Lungalunga","Pongwe/Kikoneni",2014,5.45172786712646
"Kwale","Lungalunga","Pongwe/Kikoneni",2015,3.59399557113647
"Kwale","Lungalunga","Pongwe/Kikoneni",2016,1.80664300918579
"Kwale","Lungalunga","Pongwe/Kikoneni",2017,4.87927770614624
"Kwale","Lungalunga","Pongwe/Kikoneni",2018,9.17709827423096
"Kwale","Lungalunga","Pongwe/Kikoneni",2019,9.58020401000977
"Kwale","Lungalunga","Pongwe/Kikoneni",2020,9.26735401153564
"Kwale","Lungalunga","Pongwe/Kikoneni",2021,12.9064540863037
"Kwale","Lungalunga","Pongwe/Kikoneni",2022,19.2185173034668
"Kwale","Lungalunga","Pongwe/Kikoneni",2023,26.9356899261475
"Kwale","Lungalunga","Pongwe/Kikoneni",2024,25.4548187255859
"Kwale","Lungalunga","Vanga",2012,6.16152811050415
"Kwale","Lungalunga","Vanga",2013,2.59072756767273
"Kwale","Lungalunga","Vanga",2014,4.3528790473938
"Kwale","Lungalunga","Vanga",2015,7.13353395462036
"Kwale","Lungalunga","Vanga",2016,11.1613655090332
"Kwale","Lungalunga","Vanga",2017,19.3751049041748
"Kwale","Lungalunga","Vanga",2018,31.3040046691895
"Kwale","Lungalunga","Vanga",2019,28.8178539276123
"Kwale","Lungalunga","Vanga",2020,24.5115756988525
"Kwale","Lungalunga","Vanga",2021,26.4983882904053
"Kwale","Lungalunga","Vanga",2022,32.6230506896973
"Kwale","Lungalunga","Vanga",2023,41.5398712158203
"Kwale","Lungalunga","Vanga",2024,25.8576164245605
"Kwale","Matuga","Kubo South",2012,0.633119881153107
"Kwale","Matuga","Kubo South",2013,0.583352148532867
"Kwale","Matuga","Kubo South",2014,0
"Kwale","Matuga","Kubo South",2015,0
"Kwale","Matuga","Kubo South",2016,0.517288327217102
"Kwale","Matuga","Kubo South",2017,0
"Kwale","Matuga","Kubo South",2018,0
"Kwale","Matuga","Kubo South",2019,0
"Kwale","Matuga","Kubo South",2020,0
"Kwale","Matuga","Kubo South",2021,0
"Kwale","Matuga","Kubo South",2022,1.82176434993744
"Kwale","Matuga","Kubo South",2023,2.72369718551636
"Kwale","Matuga","Kubo South",2024,1.23055100440979
"Kwale","Matuga","Mkongani",2012,0
"Kwale","Matuga","Mkongani",2013,0
"Kwale","Matuga","Mkongani",2014,0
"Kwale","Matuga","Mkongani",2015,0
"Kwale","Matuga","Mkongani",2016,0
"Kwale","Matuga","Mkongani",2017,0
"Kwale","Matuga","Mkongani",2018,0
"Kwale","Matuga","Mkongani",2019,3.21616125106812
"Kwale","Matuga","Mkongani",2020,0
"Kwale","Matuga","Mkongani",2021,5.66460561752319
"Kwale","Matuga","Mkongani",2022,9.94974040985107
"Kwale","Matuga","Mkongani",2023,13.4859085083008
"Kwale","Matuga","Mkongani",2024,7.68738079071045
"Kwale","Matuga","Tiwi",2012,50.9849243164062
"Kwale","Matuga","Tiwi",2013,42.4347496032715
"Kwale","Matuga","Tiwi",2014,39.6818161010742
"Kwale","Matuga","Tiwi",2015,52.1676292419434
"Kwale","Matuga","Tiwi",2016,83.2778396606445
"Kwale","Matuga","Tiwi",2017,113.200866699219
"Kwale","Matuga","Tiwi",2018,116.704620361328
"Kwale","Matuga","Tiwi",2019,118.405693054199
"Kwale","Matuga","Tiwi",2020,88.7289123535156
"Kwale","Matuga","Tiwi",2021,128.071472167969
"Kwale","Matuga","Tiwi",2022,167.423080444336
"Kwale","Matuga","Tiwi",2023,214.010726928711
"Kwale","Matuga","Tiwi",2024,236.870895385742
"Kwale","Matuga","Tsimba Golini",2012,25.4423446655273
"Kwale","Matuga","Tsimba Golini",2013,28.7935333251953
"Kwale","Matuga","Tsimba Golini",2014,27.6051864624023
"Kwale","Matuga","Tsimba Golini",2015,45.6484565734863
"Kwale","Matuga","Tsimba Golini",2016,40.4296646118164
"Kwale","Matuga","Tsimba Golini",2017,57.9657783508301
"Kwale","Matuga","Tsimba Golini",2018,50.5568313598633
"Kwale","Matuga","Tsimba Golini",2019,51.4105224609375
"Kwale","Matuga","Tsimba Golini",2020,45.7634506225586
"Kwale","Matuga","Tsimba Golini",2021,63.9386024475098
"Kwale","Matuga","Tsimba Golini",2022,87.4167022705078
"Kwale","Matuga","Tsimba Golini",2023,130.249923706055
"Kwale","Matuga","Tsimba Golini",2024,177.988342285156
"Kwale","Matuga","Waa",2012,44.7835655212402
"Kwale","Matuga","Waa",2013,54.5020408630371
"Kwale","Matuga","Waa",2014,66.5416793823242
"Kwale","Matuga","Waa",2015,85.2354965209961
"Kwale","Matuga","Waa",2016,84.6845626831055
"Kwale","Matuga","Waa",2017,91.4001770019531
"Kwale","Matuga","Waa",2018,101.043075561523
"Kwale","Matuga","Waa",2019,100.445365905762
"Kwale","Matuga","Waa",2020,86.9041366577148
"Kwale","Matuga","Waa",2021,124.602668762207
"Kwale","Matuga","Waa",2022,175.865966796875
"Kwale","Matuga","Waa",2023,218.080749511719
"Kwale","Matuga","Waa",2024,261.904235839844
"Kwale","Msambweni","Gombato Bongwe",2012,258.089813232422
"Kwale","Msambweni","Gombato Bongwe",2013,263.095153808594
"Kwale","Msambweni","Gombato Bongwe",2014,235.522399902344
"Kwale","Msambweni","Gombato Bongwe",2015,213.669296264648
"Kwale","Msambweni","Gombato Bongwe",2016,270.957977294922
"Kwale","Msambweni","Gombato Bongwe",2017,281.671447753906
"Kwale","Msambweni","Gombato Bongwe",2018,299.321655273438
"Kwale","Msambweni","Gombato Bongwe",2019,297.722320556641
"Kwale","Msambweni","Gombato Bongwe",2020,260.572174072266
"Kwale","Msambweni","Gombato Bongwe",2021,297.207946777344
"Kwale","Msambweni","Gombato Bongwe",2022,331.111877441406
"Kwale","Msambweni","Gombato Bongwe",2023,355.260284423828
"Kwale","Msambweni","Gombato Bongwe",2024,385.072937011719
"Kwale","Msambweni","Kinondo",2012,75.4957046508789
"Kwale","Msambweni","Kinondo",2013,165.849502563477
"Kwale","Msambweni","Kinondo",2014,217.166641235352
"Kwale","Msambweni","Kinondo",2015,184.160583496094
"Kwale","Msambweni","Kinondo",2016,172.991256713867
"Kwale","Msambweni","Kinondo",2017,179.484237670898
"Kwale","Msambweni","Kinondo",2018,215.956359863281
"Kwale","Msambweni","Kinondo",2019,207.110641479492
"Kwale","Msambweni","Kinondo",2020,188.154296875
"Kwale","Msambweni","Kinondo",2021,232.440124511719
"Kwale","Msambweni","Kinondo",2022,263.461669921875
"Kwale","Msambweni","Kinondo",2023,355.896392822266
"Kwale","Msambweni","Kinondo",2024,354.246398925781
"Kwale","Msambweni","Ramisi",2012,16.1374378204346
"Kwale","Msambweni","Ramisi",2013,14.65807056427
"Kwale","Msambweni","Ramisi",2014,32.8015975952148
"Kwale","Msambweni","Ramisi",2015,77.0453948974609
"Kwale","Msambweni","Ramisi",2016,50.0094985961914
"Kwale","Msambweni","Ramisi",2017,53.864803314209
"Kwale","Msambweni","Ramisi",2018,91.787971496582
"Kwale","Msambweni","Ramisi",2019,102.401428222656
"Kwale","Msambweni","Ramisi",2020,143.930541992188
"Kwale","Msambweni","Ramisi",2021,164.068420410156
"Kwale","Msambweni","Ramisi",2022,208.678497314453
"Kwale","Msambweni","Ramisi",2023,214.511901855469
"Kwale","Msambweni","Ramisi",2024,145.601577758789
"Kwale","Msambweni","Ukunda",2012,211.386215209961
"Kwale","Msambweni","Ukunda",2013,203.115524291992
"Kwale","Msambweni","Ukunda",2014,194.834716796875
"Kwale","Msambweni","Ukunda",2015,198.838119506836
"Kwale","Msambweni","Ukunda",2016,262.435913085938
"Kwale","Msambweni","Ukunda",2017,278.742279052734
"Kwale","Msambweni","Ukunda",2018,309.461700439453
"Kwale","Msambweni","Ukunda",2019,304.809539794922
"Kwale","Msambweni","Ukunda",2020,283.030822753906
"Kwale","Msambweni","Ukunda",2021,317.865661621094
"Kwale","Msambweni","Ukunda",2022,373.397094726562
"Kwale","Msambweni","Ukunda",2023,413.793395996094
"Kwale","Msambweni","Ukunda",2024,455.605834960938
"Laikipia","Laikipia East","Nanyuki",2012,90.8553771972656
"Laikipia","Laikipia East","Nanyuki",2013,116.14884185791
"Laikipia","Laikipia East","Nanyuki",2014,139.368286132812
"Laikipia","Laikipia East","Nanyuki",2015,170.090789794922
"Laikipia","Laikipia East","Nanyuki",2016,232.340118408203
"Laikipia","Laikipia East","Nanyuki",2017,325.098724365234
"Laikipia","Laikipia East","Nanyuki",2018,361.841674804688
"Laikipia","Laikipia East","Nanyuki",2019,381.377685546875
"Laikipia","Laikipia East","Nanyuki",2020,295.070190429688
"Laikipia","Laikipia East","Nanyuki",2021,296.268402099609
"Laikipia","Laikipia East","Nanyuki",2022,329.945404052734
"Laikipia","Laikipia East","Nanyuki",2023,330.633941650391
"Laikipia","Laikipia East","Nanyuki",2024,297.712768554688
"Laikipia","Laikipia East","Ngobit",2012,0
"Laikipia","Laikipia East","Ngobit",2013,0
"Laikipia","Laikipia East","Ngobit",2014,0
"Laikipia","Laikipia East","Ngobit",2015,0
"Laikipia","Laikipia East","Ngobit",2016,10.7861557006836
"Laikipia","Laikipia East","Ngobit",2017,19.0901584625244
"Laikipia","Laikipia East","Ngobit",2018,13.9330015182495
"Laikipia","Laikipia East","Ngobit",2019,5.0603551864624
"Laikipia","Laikipia East","Ngobit",2020,4.08829498291016
"Laikipia","Laikipia East","Ngobit",2021,5.51514196395874
"Laikipia","Laikipia East","Ngobit",2022,13.2954044342041
"Laikipia","Laikipia East","Ngobit",2023,14.098183631897
"Laikipia","Laikipia East","Ngobit",2024,11.0241794586182
"Laikipia","Laikipia East","Thingithu",2012,127.186386108398
"Laikipia","Laikipia East","Thingithu",2013,142.65983581543
"Laikipia","Laikipia East","Thingithu",2014,171.113479614258
"Laikipia","Laikipia East","Thingithu",2015,211.847747802734
"Laikipia","Laikipia East","Thingithu",2016,202.472869873047
"Laikipia","Laikipia East","Thingithu",2017,230.543197631836
"Laikipia","Laikipia East","Thingithu",2018,223.866516113281
"Laikipia","Laikipia East","Thingithu",2019,316.006195068359
"Laikipia","Laikipia East","Thingithu",2020,276.099792480469
"Laikipia","Laikipia East","Thingithu",2021,314.682464599609
"Laikipia","Laikipia East","Thingithu",2022,353.509307861328
"Laikipia","Laikipia East","Thingithu",2023,346.872039794922
"Laikipia","Laikipia East","Thingithu",2024,295.069641113281
"Laikipia","Laikipia East","Tigithi",2012,11.046778678894
"Laikipia","Laikipia East","Tigithi",2013,40.205020904541
"Laikipia","Laikipia East","Tigithi",2014,33.2408332824707
"Laikipia","Laikipia East","Tigithi",2015,34.5340270996094
"Laikipia","Laikipia East","Tigithi",2016,32.2542457580566
"Laikipia","Laikipia East","Tigithi",2017,35.2263717651367
"Laikipia","Laikipia East","Tigithi",2018,39.3818130493164
"Laikipia","Laikipia East","Tigithi",2019,47.4757957458496
"Laikipia","Laikipia East","Tigithi",2020,39.3202476501465
"Laikipia","Laikipia East","Tigithi",2021,53.0651473999023
"Laikipia","Laikipia East","Tigithi",2022,63.7637100219727
"Laikipia","Laikipia East","Tigithi",2023,65.932861328125
"Laikipia","Laikipia East","Tigithi",2024,51.1796340942383
"Laikipia","Laikipia North","Mugogodo East",2012,0
"Laikipia","Laikipia North","Mugogodo East",2013,0
"Laikipia","Laikipia North","Mugogodo East",2014,0
"Laikipia","Laikipia North","Mugogodo East",2015,0.0392686054110527
"Laikipia","Laikipia North","Mugogodo East",2016,0.801425576210022
"Laikipia","Laikipia North","Mugogodo East",2017,1.20791947841644
"Laikipia","Laikipia North","Mugogodo East",2018,6.80825996398926
"Laikipia","Laikipia North","Mugogodo East",2019,11.7983636856079
"Laikipia","Laikipia North","Mugogodo East",2020,4.32003402709961
"Laikipia","Laikipia North","Mugogodo East",2021,8.26888179779053
"Laikipia","Laikipia North","Mugogodo East",2022,9.45341491699219
"Laikipia","Laikipia North","Mugogodo East",2023,10.9985237121582
"Laikipia","Laikipia North","Mugogodo East",2024,6.81998300552368
"Laikipia","Laikipia North","Mugogodo West",2012,0
"Laikipia","Laikipia North","Mugogodo West",2013,0
"Laikipia","Laikipia North","Mugogodo West",2014,0
"Laikipia","Laikipia North","Mugogodo West",2015,0
"Laikipia","Laikipia North","Mugogodo West",2016,0
"Laikipia","Laikipia North","Mugogodo West",2017,0
"Laikipia","Laikipia North","Mugogodo West",2018,0
"Laikipia","Laikipia North","Mugogodo West",2019,0
"Laikipia","Laikipia North","Mugogodo West",2020,0
"Laikipia","Laikipia North","Mugogodo West",2021,0.139916613698006
"Laikipia","Laikipia North","Mugogodo West",2022,0.10942555218935
"Laikipia","Laikipia North","Mugogodo West",2023,0
"Laikipia","Laikipia North","Mugogodo West",2024,0
"Laikipia","Laikipia North","Segera",2012,16.3604393005371
"Laikipia","Laikipia North","Segera",2013,20.8621349334717
"Laikipia","Laikipia North","Segera",2014,22.2871170043945
"Laikipia","Laikipia North","Segera",2015,36.7956352233887
"Laikipia","Laikipia North","Segera",2016,40.4612884521484
"Laikipia","Laikipia North","Segera",2017,46.4738693237305
"Laikipia","Laikipia North","Segera",2018,41.8058242797852
"Laikipia","Laikipia North","Segera",2019,55.3850631713867
"Laikipia","Laikipia North","Segera",2020,31.6412734985352
"Laikipia","Laikipia North","Segera",2021,36.9500846862793
"Laikipia","Laikipia North","Segera",2022,43.2270965576172
"Laikipia","Laikipia North","Segera",2023,54.7039947509766
"Laikipia","Laikipia North","Segera",2024,66.1567077636719
"Laikipia","Laikipia North","Sosian",2012,0
"Laikipia","Laikipia North","Sosian",2013,0
"Laikipia","Laikipia North","Sosian",2014,1.27717506885529
"Laikipia","Laikipia North","Sosian",2015,1.39984464645386
"Laikipia","Laikipia North","Sosian",2016,1.06556117534637
"Laikipia","Laikipia North","Sosian",2017,0.704689025878906
"Laikipia","Laikipia North","Sosian",2018,4.05079221725464
"Laikipia","Laikipia North","Sosian",2019,2.48306918144226
"Laikipia","Laikipia North","Sosian",2020,4.34252309799194
"Laikipia","Laikipia North","Sosian",2021,5.00373983383179
"Laikipia","Laikipia North","Sosian",2022,8.57156753540039
"Laikipia","Laikipia North","Sosian",2023,5.10712862014771
"Laikipia","Laikipia North","Sosian",2024,10.1936864852905
"Laikipia","Laikipia North","Umande",2012,5.91283416748047
"Laikipia","Laikipia North","Umande",2013,4.75906276702881
"Laikipia","Laikipia North","Umande",2014,7.96696186065674
"Laikipia","Laikipia North","Umande",2015,11.633659362793
"Laikipia","Laikipia North","Umande",2016,17.98415184021
"Laikipia","Laikipia North","Umande",2017,16.5088558197021
"Laikipia","Laikipia North","Umande",2018,9.74715232849121
"Laikipia","Laikipia North","Umande",2019,9.88588428497314
"Laikipia","Laikipia North","Umande",2020,7.18662595748901
"Laikipia","Laikipia North","Umande",2021,7.40112161636353
"Laikipia","Laikipia North","Umande",2022,20.0596866607666
"Laikipia","Laikipia North","Umande",2023,23.7852115631104
"Laikipia","Laikipia North","Umande",2024,24.8802700042725
"Laikipia","Laikipia West","Githiga",2012,2.03659725189209
"Laikipia","Laikipia West","Githiga",2013,2.05143737792969
"Laikipia","Laikipia West","Githiga",2014,3.37000346183777
"Laikipia","Laikipia West","Githiga",2015,5.21986198425293
"Laikipia","Laikipia West","Githiga",2016,7.06301975250244
"Laikipia","Laikipia West","Githiga",2017,8.62465476989746
"Laikipia","Laikipia West","Githiga",2018,6.54760122299194
"Laikipia","Laikipia West","Githiga",2019,6.48676109313965
"Laikipia","Laikipia West","Githiga",2020,7.05033779144287
"Laikipia","Laikipia West","Githiga",2021,10.7931261062622
"Laikipia","Laikipia West","Githiga",2022,12.5098705291748
"Laikipia","Laikipia West","Githiga",2023,14.0905523300171
"Laikipia","Laikipia West","Githiga",2024,11.6252756118774
"Laikipia","Laikipia West","Igwamiti",2012,102.232536315918
"Laikipia","Laikipia West","Igwamiti",2013,143.995223999023
"Laikipia","Laikipia West","Igwamiti",2014,164.502075195312
"Laikipia","Laikipia West","Igwamiti",2015,198.66291809082
"Laikipia","Laikipia West","Igwamiti",2016,221.934036254883
"Laikipia","Laikipia West","Igwamiti",2017,255.963912963867
"Laikipia","Laikipia West","Igwamiti",2018,259.466094970703
"Laikipia","Laikipia West","Igwamiti",2019,257.062835693359
"Laikipia","Laikipia West","Igwamiti",2020,229.759307861328
"Laikipia","Laikipia West","Igwamiti",2021,241.797561645508
"Laikipia","Laikipia West","Igwamiti",2022,277.163879394531
"Laikipia","Laikipia West","Igwamiti",2023,309.204193115234
"Laikipia","Laikipia West","Igwamiti",2024,281.824127197266
"Laikipia","Laikipia West","Marmanet",2012,0
"Laikipia","Laikipia West","Marmanet",2013,0.386376589536667
"Laikipia","Laikipia West","Marmanet",2014,4.62632083892822
"Laikipia","Laikipia West","Marmanet",2015,5.10445976257324
"Laikipia","Laikipia West","Marmanet",2016,6.90837478637695
"Laikipia","Laikipia West","Marmanet",2017,8.50590229034424
"Laikipia","Laikipia West","Marmanet",2018,12.5403127670288
"Laikipia","Laikipia West","Marmanet",2019,9.21077537536621
"Laikipia","Laikipia West","Marmanet",2020,12.2691202163696
"Laikipia","Laikipia West","Marmanet",2021,19.3993015289307
"Laikipia","Laikipia West","Marmanet",2022,32.9162139892578
"Laikipia","Laikipia West","Marmanet",2023,31.4661083221436
"Laikipia","Laikipia West","Marmanet",2024,21.6830043792725
"Laikipia","Laikipia West","Ol-Moran",2012,0.523746311664581
"Laikipia","Laikipia West","Ol-Moran",2013,0
"Laikipia","Laikipia West","Ol-Moran",2014,0.561898052692413
"Laikipia","Laikipia West","Ol-Moran",2015,0.650405287742615
"Laikipia","Laikipia West","Ol-Moran",2016,4.1958794593811
"Laikipia","Laikipia West","Ol-Moran",2017,7.05338525772095
"Laikipia","Laikipia West","Ol-Moran",2018,10.9110422134399
"Laikipia","Laikipia West","Ol-Moran",2019,9.0430383682251
"Laikipia","Laikipia West","Ol-Moran",2020,6.36023473739624
"Laikipia","Laikipia West","Ol-Moran",2021,9.51146602630615
"Laikipia","Laikipia West","Ol-Moran",2022,12.0653381347656
"Laikipia","Laikipia West","Ol-Moran",2023,10.3819675445557
"Laikipia","Laikipia West","Ol-Moran",2024,6.17285680770874
"Laikipia","Laikipia West","Rumuruti Township",2012,3.18096613883972
"Laikipia","Laikipia West","Rumuruti Township",2013,2.51530623435974
"Laikipia","Laikipia West","Rumuruti Township",2014,5.49146413803101
"Laikipia","Laikipia West","Rumuruti Township",2015,9.54173851013184
"Laikipia","Laikipia West","Rumuruti Township",2016,10.2995014190674
"Laikipia","Laikipia West","Rumuruti Township",2017,11.4497890472412
"Laikipia","Laikipia West","Rumuruti Township",2018,18.0687084197998
"Laikipia","Laikipia West","Rumuruti Township",2019,37.8133201599121
"Laikipia","Laikipia West","Rumuruti Township",2020,33.3662796020508
"Laikipia","Laikipia West","Rumuruti Township",2021,54.6536254882812
"Laikipia","Laikipia West","Rumuruti Township",2022,71.7774505615234
"Laikipia","Laikipia West","Rumuruti Township",2023,59.4231338500977
"Laikipia","Laikipia West","Rumuruti Township",2024,66.5589065551758
"Laikipia","Laikipia West","Salama",2012,0
"Laikipia","Laikipia West","Salama",2013,0.12202413380146
"Laikipia","Laikipia West","Salama",2014,0.952938735485077
"Laikipia","Laikipia West","Salama",2015,2.61273550987244
"Laikipia","Laikipia West","Salama",2016,4.28344964981079
"Laikipia","Laikipia West","Salama",2017,4.20761442184448
"Laikipia","Laikipia West","Salama",2018,2.8140561580658
"Laikipia","Laikipia West","Salama",2019,3.07330799102783
"Laikipia","Laikipia West","Salama",2020,0.898874580860138
"Laikipia","Laikipia West","Salama",2021,2.32543206214905
"Laikipia","Laikipia West","Salama",2022,6.2509970664978
"Laikipia","Laikipia West","Salama",2023,5.85373401641846
"Laikipia","Laikipia West","Salama",2024,13.1154489517212
"Lamu","Lamu East","Basuba",2012,0
"Lamu","Lamu East","Basuba",2013,0
"Lamu","Lamu East","Basuba",2014,0
"Lamu","Lamu East","Basuba",2015,0
"Lamu","Lamu East","Basuba",2016,0
"Lamu","Lamu East","Basuba",2017,0
"Lamu","Lamu East","Basuba",2018,0
"Lamu","Lamu East","Basuba",2019,0
"Lamu","Lamu East","Basuba",2020,0
"Lamu","Lamu East","Basuba",2021,0
"Lamu","Lamu East","Basuba",2022,0
"Lamu","Lamu East","Basuba",2023,0
"Lamu","Lamu East","Basuba",2024,0
"Lamu","Lamu East","Faza",2012,0
"Lamu","Lamu East","Faza",2013,0
"Lamu","Lamu East","Faza",2014,0
"Lamu","Lamu East","Faza",2015,0
"Lamu","Lamu East","Faza",2016,0
"Lamu","Lamu East","Faza",2017,0
"Lamu","Lamu East","Faza",2018,0
"Lamu","Lamu East","Faza",2019,0
"Lamu","Lamu East","Faza",2020,1.08081889152527
"Lamu","Lamu East","Faza",2021,11.0326070785522
"Lamu","Lamu East","Faza",2022,16.8313255310059
"Lamu","Lamu East","Faza",2023,19.0749568939209
"Lamu","Lamu East","Faza",2024,14.820499420166
"Lamu","Lamu East","Kiunga",2012,0
"Lamu","Lamu East","Kiunga",2013,0
"Lamu","Lamu East","Kiunga",2014,0
"Lamu","Lamu East","Kiunga",2015,0
"Lamu","Lamu East","Kiunga",2016,0
"Lamu","Lamu East","Kiunga",2017,0
"Lamu","Lamu East","Kiunga",2018,0.476588189601898
"Lamu","Lamu East","Kiunga",2019,0
"Lamu","Lamu East","Kiunga",2020,16.6378288269043
"Lamu","Lamu East","Kiunga",2021,16.190013885498
"Lamu","Lamu East","Kiunga",2022,20.9524345397949
"Lamu","Lamu East","Kiunga",2023,22.8028583526611
"Lamu","Lamu East","Kiunga",2024,14.7199211120605
"Lamu","Lamu West","Bahari",2012,7.69769954681396
"Lamu","Lamu West","Bahari",2013,5.22056913375854
"Lamu","Lamu West","Bahari",2014,3.82319688796997
"Lamu","Lamu West","Bahari",2015,4.13762807846069
"Lamu","Lamu West","Bahari",2016,6.34049797058105
"Lamu","Lamu West","Bahari",2017,42.6966361999512
"Lamu","Lamu West","Bahari",2018,43.0620231628418
"Lamu","Lamu West","Bahari",2019,107.026153564453
"Lamu","Lamu West","Bahari",2020,88.0240325927734
"Lamu","Lamu West","Bahari",2021,135.614120483398
"Lamu","Lamu West","Bahari",2022,177.330108642578
"Lamu","Lamu West","Bahari",2023,146.362091064453
"Lamu","Lamu West","Bahari",2024,117.466888427734
"Lamu","Lamu West","Hindi",2012,28.2932548522949
"Lamu","Lamu West","Hindi",2013,29.7644290924072
"Lamu","Lamu West","Hindi",2014,26.7559947967529
"Lamu","Lamu West","Hindi",2015,27.8733196258545
"Lamu","Lamu West","Hindi",2016,52.2074661254883
"Lamu","Lamu West","Hindi",2017,127.32886505127
"Lamu","Lamu West","Hindi",2018,110.353645324707
"Lamu","Lamu West","Hindi",2019,151.452713012695
"Lamu","Lamu West","Hindi",2020,176.615036010742
"Lamu","Lamu West","Hindi",2021,262.1318359375
"Lamu","Lamu West","Hindi",2022,724.098693847656
"Lamu","Lamu West","Hindi",2023,637.836853027344
"Lamu","Lamu West","Hindi",2024,513.019897460938
"Lamu","Lamu West","Hongwe",2012,0
"Lamu","Lamu West","Hongwe",2013,0
"Lamu","Lamu West","Hongwe",2014,0
"Lamu","Lamu West","Hongwe",2015,0
"Lamu","Lamu West","Hongwe",2016,0
"Lamu","Lamu West","Hongwe",2017,6.20281267166138
"Lamu","Lamu West","Hongwe",2018,4.68393468856812
"Lamu","Lamu West","Hongwe",2019,9.30964279174805
"Lamu","Lamu West","Hongwe",2020,7.41970157623291
"Lamu","Lamu West","Hongwe",2021,9.29351139068604
"Lamu","Lamu West","Hongwe",2022,9.36072063446045
"Lamu","Lamu West","Hongwe",2023,8.26701736450195
"Lamu","Lamu West","Hongwe",2024,7.82741832733154
"Lamu","Lamu West","Mkomani",2012,32.5098571777344
"Lamu","Lamu West","Mkomani",2013,31.9952945709229
"Lamu","Lamu West","Mkomani",2014,27.7422924041748
"Lamu","Lamu West","Mkomani",2015,34.5570602416992
"Lamu","Lamu West","Mkomani",2016,51.0976142883301
"Lamu","Lamu West","Mkomani",2017,66.5742416381836
"Lamu","Lamu West","Mkomani",2018,54.9907913208008
"Lamu","Lamu West","Mkomani",2019,69.8345108032227
"Lamu","Lamu West","Mkomani",2020,169.295043945312
"Lamu","Lamu West","Mkomani",2021,190.376739501953
"Lamu","Lamu West","Mkomani",2022,193.54801940918
"Lamu","Lamu West","Mkomani",2023,189.631225585938
"Lamu","Lamu West","Mkomani",2024,185.030334472656
"Lamu","Lamu West","Mkunumbi",2012,0
"Lamu","Lamu West","Mkunumbi",2013,0
"Lamu","Lamu West","Mkunumbi",2014,0
"Lamu","Lamu West","Mkunumbi",2015,0
"Lamu","Lamu West","Mkunumbi",2016,0.522102057933807
"Lamu","Lamu West","Mkunumbi",2017,1.0639134645462
"Lamu","Lamu West","Mkunumbi",2018,0.350587517023087
"Lamu","Lamu West","Mkunumbi",2019,38.0477867126465
"Lamu","Lamu West","Mkunumbi",2020,32.9377861022949
"Lamu","Lamu West","Mkunumbi",2021,40.2603034973145
"Lamu","Lamu West","Mkunumbi",2022,49.3859024047852
"Lamu","Lamu West","Mkunumbi",2023,37.3398170471191
"Lamu","Lamu West","Mkunumbi",2024,32.6577453613281
"Lamu","Lamu West","Shella",2012,0
"Lamu","Lamu West","Shella",2013,0
"Lamu","Lamu West","Shella",2014,0
"Lamu","Lamu West","Shella",2015,0
"Lamu","Lamu West","Shella",2016,0
"Lamu","Lamu West","Shella",2017,0
"Lamu","Lamu West","Shella",2018,23.6180305480957
"Lamu","Lamu West","Shella",2019,7.1095552444458
"Lamu","Lamu West","Shella",2020,33.581901550293
"Lamu","Lamu West","Shella",2021,93.3199768066406
"Lamu","Lamu West","Shella",2022,129.055633544922
"Lamu","Lamu West","Shella",2023,136.284271240234
"Lamu","Lamu West","Shella",2024,127.396202087402
"Lamu","Lamu West","Witu",2012,0
"Lamu","Lamu West","Witu",2013,0
"Lamu","Lamu West","Witu",2014,0
"Lamu","Lamu West","Witu",2015,0
"Lamu","Lamu West","Witu",2016,1.26721882820129
"Lamu","Lamu West","Witu",2017,0.731175780296326
"Lamu","Lamu West","Witu",2018,13.2121362686157
"Lamu","Lamu West","Witu",2019,30.7190685272217
"Lamu","Lamu West","Witu",2020,25.7559700012207
"Lamu","Lamu West","Witu",2021,22.6831188201904
"Lamu","Lamu West","Witu",2022,23.8095207214355
"Lamu","Lamu West","Witu",2023,18.0018424987793
"Lamu","Lamu West","Witu",2024,21.738353729248
"Machakos","Kangundo","Kangundo Central",2012,14.8411922454834
"Machakos","Kangundo","Kangundo Central",2013,13.8738260269165
"Machakos","Kangundo","Kangundo Central",2014,17.0470504760742
"Machakos","Kangundo","Kangundo Central",2015,17.0056896209717
"Machakos","Kangundo","Kangundo Central",2016,40.5955543518066
"Machakos","Kangundo","Kangundo Central",2017,15.7182540893555
"Machakos","Kangundo","Kangundo Central",2018,34.7321319580078
"Machakos","Kangundo","Kangundo Central",2019,82.4645385742188
"Machakos","Kangundo","Kangundo Central",2020,76.4114379882812
"Machakos","Kangundo","Kangundo Central",2021,92.8248672485352
"Machakos","Kangundo","Kangundo Central",2022,102.590545654297
"Machakos","Kangundo","Kangundo Central",2023,136.507797241211
"Machakos","Kangundo","Kangundo Central",2024,115.972221374512
"Machakos","Kangundo","Kangundo East",2012,0
"Machakos","Kangundo","Kangundo East",2013,0
"Machakos","Kangundo","Kangundo East",2014,0
"Machakos","Kangundo","Kangundo East",2015,0
"Machakos","Kangundo","Kangundo East",2016,0
"Machakos","Kangundo","Kangundo East",2017,0.36265766620636
"Machakos","Kangundo","Kangundo East",2018,7.87522888183594
"Machakos","Kangundo","Kangundo East",2019,22.3301734924316
"Machakos","Kangundo","Kangundo East",2020,11.1632223129272
"Machakos","Kangundo","Kangundo East",2021,51.9467086791992
"Machakos","Kangundo","Kangundo East",2022,69.5720367431641
"Machakos","Kangundo","Kangundo East",2023,97.9623336791992
"Machakos","Kangundo","Kangundo East",2024,81.1433639526367
"Machakos","Kangundo","Kangundo North",2012,0.129502609372139
"Machakos","Kangundo","Kangundo North",2013,0.153643280267715
"Machakos","Kangundo","Kangundo North",2014,0.879410624504089
"Machakos","Kangundo","Kangundo North",2015,4.18585920333862
"Machakos","Kangundo","Kangundo North",2016,3.16464424133301
"Machakos","Kangundo","Kangundo North",2017,1.1580935716629
"Machakos","Kangundo","Kangundo North",2018,13.6620693206787
"Machakos","Kangundo","Kangundo North",2019,42.6501541137695
"Machakos","Kangundo","Kangundo North",2020,47.737117767334
"Machakos","Kangundo","Kangundo North",2021,78.806266784668
"Machakos","Kangundo","Kangundo North",2022,72.7708358764648
"Machakos","Kangundo","Kangundo North",2023,91.8914642333984
"Machakos","Kangundo","Kangundo North",2024,79.4677581787109
"Machakos","Kangundo","Kangundo West",2012,3.01508522033691
"Machakos","Kangundo","Kangundo West",2013,1.62687540054321
"Machakos","Kangundo","Kangundo West",2014,4.02391004562378
"Machakos","Kangundo","Kangundo West",2015,8.25055503845215
"Machakos","Kangundo","Kangundo West",2016,0.532369375228882
"Machakos","Kangundo","Kangundo West",2017,10.0275344848633
"Machakos","Kangundo","Kangundo West",2018,33.7869987487793
"Machakos","Kangundo","Kangundo West",2019,58.8305549621582
"Machakos","Kangundo","Kangundo West",2020,43.5995826721191
"Machakos","Kangundo","Kangundo West",2021,69.6573944091797
"Machakos","Kangundo","Kangundo West",2022,91.2016830444336
"Machakos","Kangundo","Kangundo West",2023,117.262054443359
"Machakos","Kangundo","Kangundo West",2024,76.4104537963867
"Machakos","Kathiani","Kathiani Central",2012,3.53247690200806
"Machakos","Kathiani","Kathiani Central",2013,4.64608097076416
"Machakos","Kathiani","Kathiani Central",2014,5.49835777282715
"Machakos","Kathiani","Kathiani Central",2015,5.12094354629517
"Machakos","Kathiani","Kathiani Central",2016,3.31461501121521
"Machakos","Kathiani","Kathiani Central",2017,12.8931512832642
"Machakos","Kathiani","Kathiani Central",2018,26.0051002502441
"Machakos","Kathiani","Kathiani Central",2019,30.791805267334
"Machakos","Kathiani","Kathiani Central",2020,35.8854370117188
"Machakos","Kathiani","Kathiani Central",2021,76.5293197631836
"Machakos","Kathiani","Kathiani Central",2022,76.1023788452148
"Machakos","Kathiani","Kathiani Central",2023,83.4068069458008
"Machakos","Kathiani","Kathiani Central",2024,77.2916946411133
"Machakos","Kathiani","Lower Kaewa/Kaani",2012,2.30462718009949
"Machakos","Kathiani","Lower Kaewa/Kaani",2013,1.15346693992615
"Machakos","Kathiani","Lower Kaewa/Kaani",2014,2.25841665267944
"Machakos","Kathiani","Lower Kaewa/Kaani",2015,3.32512378692627
"Machakos","Kathiani","Lower Kaewa/Kaani",2016,2.88306093215942
"Machakos","Kathiani","Lower Kaewa/Kaani",2017,4.09532833099365
"Machakos","Kathiani","Lower Kaewa/Kaani",2018,8.90979862213135
"Machakos","Kathiani","Lower Kaewa/Kaani",2019,27.1452884674072
"Machakos","Kathiani","Lower Kaewa/Kaani",2020,22.7188091278076
"Machakos","Kathiani","Lower Kaewa/Kaani",2021,43.8142318725586
"Machakos","Kathiani","Lower Kaewa/Kaani",2022,46.5346908569336
"Machakos","Kathiani","Lower Kaewa/Kaani",2023,77.4527587890625
"Machakos","Kathiani","Lower Kaewa/Kaani",2024,48.4700736999512
"Machakos","Kathiani","Mitaboni",2012,4.89218187332153
"Machakos","Kathiani","Mitaboni",2013,3.07123255729675
"Machakos","Kathiani","Mitaboni",2014,3.91396117210388
"Machakos","Kathiani","Mitaboni",2015,4.99741840362549
"Machakos","Kathiani","Mitaboni",2016,22.6454677581787
"Machakos","Kathiani","Mitaboni",2017,27.4351844787598
"Machakos","Kathiani","Mitaboni",2018,43.6755523681641
"Machakos","Kathiani","Mitaboni",2019,58.1460113525391
"Machakos","Kathiani","Mitaboni",2020,53.470703125
"Machakos","Kathiani","Mitaboni",2021,92.5104751586914
"Machakos","Kathiani","Mitaboni",2022,141.337142944336
"Machakos","Kathiani","Mitaboni",2023,186.050308227539
"Machakos","Kathiani","Mitaboni",2024,143.332916259766
"Machakos","Kathiani","Upper Kaewa/Iveti",2012,0
"Machakos","Kathiani","Upper Kaewa/Iveti",2013,0
"Machakos","Kathiani","Upper Kaewa/Iveti",2014,0.539823591709137
"Machakos","Kathiani","Upper Kaewa/Iveti",2015,0
"Machakos","Kathiani","Upper Kaewa/Iveti",2016,0
"Machakos","Kathiani","Upper Kaewa/Iveti",2017,4.31981658935547
"Machakos","Kathiani","Upper Kaewa/Iveti",2018,14.9918222427368
"Machakos","Kathiani","Upper Kaewa/Iveti",2019,39.1586265563965
"Machakos","Kathiani","Upper Kaewa/Iveti",2020,40.6927642822266
"Machakos","Kathiani","Upper Kaewa/Iveti",2021,68.5353088378906
"Machakos","Kathiani","Upper Kaewa/Iveti",2022,78.22119140625
"Machakos","Kathiani","Upper Kaewa/Iveti",2023,96.9651489257812
"Machakos","Kathiani","Upper Kaewa/Iveti",2024,84.9656753540039
"Machakos","Machakos Town","Kalama",2012,5.0444917678833
"Machakos","Machakos Town","Kalama",2013,3.09546518325806
"Machakos","Machakos Town","Kalama",2014,4.74493217468262
"Machakos","Machakos Town","Kalama",2015,3.59571242332458
"Machakos","Machakos Town","Kalama",2016,2.61534357070923
"Machakos","Machakos Town","Kalama",2017,4.93636465072632
"Machakos","Machakos Town","Kalama",2018,9.59734725952148
"Machakos","Machakos Town","Kalama",2019,7.38792753219604
"Machakos","Machakos Town","Kalama",2020,14.4488649368286
"Machakos","Machakos Town","Kalama",2021,25.8237628936768
"Machakos","Machakos Town","Kalama",2022,46.3045539855957
"Machakos","Machakos Town","Kalama",2023,89.6863021850586
"Machakos","Machakos Town","Kalama",2024,33.7652931213379
"Machakos","Machakos Town","Kola",2012,0
"Machakos","Machakos Town","Kola",2013,0
"Machakos","Machakos Town","Kola",2014,0
"Machakos","Machakos Town","Kola",2015,0
"Machakos","Machakos Town","Kola",2016,0
"Machakos","Machakos Town","Kola",2017,1.69947147369385
"Machakos","Machakos Town","Kola",2018,3.10860872268677
"Machakos","Machakos Town","Kola",2019,7.55722856521606
"Machakos","Machakos Town","Kola",2020,5.03350973129272
"Machakos","Machakos Town","Kola",2021,7.39293336868286
"Machakos","Machakos Town","Kola",2022,22.8805179595947
"Machakos","Machakos Town","Kola",2023,55.4328422546387
"Machakos","Machakos Town","Kola",2024,27.8584880828857
"Machakos","Machakos Town","Machakos Central",2012,139.743209838867
"Machakos","Machakos Town","Machakos Central",2013,129.697067260742
"Machakos","Machakos Town","Machakos Central",2014,182.446929931641
"Machakos","Machakos Town","Machakos Central",2015,231.340805053711
"Machakos","Machakos Town","Machakos Central",2016,292.815307617188
"Machakos","Machakos Town","Machakos Central",2017,395.244567871094
"Machakos","Machakos Town","Machakos Central",2018,368.714599609375
"Machakos","Machakos Town","Machakos Central",2019,388.731079101562
"Machakos","Machakos Town","Machakos Central",2020,401.799224853516
"Machakos","Machakos Town","Machakos Central",2021,412.778442382812
"Machakos","Machakos Town","Machakos Central",2022,320.595855712891
"Machakos","Machakos Town","Machakos Central",2023,401.795684814453
"Machakos","Machakos Town","Machakos Central",2024,354.991485595703
"Machakos","Machakos Town","Mua",2012,19.8259601593018
"Machakos","Machakos Town","Mua",2013,21.4015026092529
"Machakos","Machakos Town","Mua",2014,311.214782714844
"Machakos","Machakos Town","Mua",2015,256.76171875
"Machakos","Machakos Town","Mua",2016,251.693161010742
"Machakos","Machakos Town","Mua",2017,325.946868896484
"Machakos","Machakos Town","Mua",2018,353.067901611328
"Machakos","Machakos Town","Mua",2019,343.803344726562
"Machakos","Machakos Town","Mua",2020,344.565002441406
"Machakos","Machakos Town","Mua",2021,367.448669433594
"Machakos","Machakos Town","Mua",2022,440.368774414062
"Machakos","Machakos Town","Mua",2023,532.767395019531
"Machakos","Machakos Town","Mua",2024,427.657073974609
"Machakos","Machakos Town","Mumbuni North",2012,23.4333171844482
"Machakos","Machakos Town","Mumbuni North",2013,21.3508701324463
"Machakos","Machakos Town","Mumbuni North",2014,41.9033355712891
"Machakos","Machakos Town","Mumbuni North",2015,53.0539398193359
"Machakos","Machakos Town","Mumbuni North",2016,81.5754547119141
"Machakos","Machakos Town","Mumbuni North",2017,107.689796447754
"Machakos","Machakos Town","Mumbuni North",2018,112.0927734375
"Machakos","Machakos Town","Mumbuni North",2019,129.502105712891
"Machakos","Machakos Town","Mumbuni North",2020,139.7841796875
"Machakos","Machakos Town","Mumbuni North",2021,175.31950378418
"Machakos","Machakos Town","Mumbuni North",2022,181.449890136719
"Machakos","Machakos Town","Mumbuni North",2023,198.692504882812
"Machakos","Machakos Town","Mumbuni North",2024,173.760787963867
"Machakos","Machakos Town","Mutituni",2012,6.03924703598022
"Machakos","Machakos Town","Mutituni",2013,5.68054342269897
"Machakos","Machakos Town","Mutituni",2014,11.3507394790649
"Machakos","Machakos Town","Mutituni",2015,15.1595602035522
"Machakos","Machakos Town","Mutituni",2016,12.6050939559937
"Machakos","Machakos Town","Mutituni",2017,18.2631740570068
"Machakos","Machakos Town","Mutituni",2018,40.5719757080078
"Machakos","Machakos Town","Mutituni",2019,47.9317893981934
"Machakos","Machakos Town","Mutituni",2020,50.7616844177246
"Machakos","Machakos Town","Mutituni",2021,94.5728454589844
"Machakos","Machakos Town","Mutituni",2022,96.1538772583008
"Machakos","Machakos Town","Mutituni",2023,100.946388244629
"Machakos","Machakos Town","Mutituni",2024,81.0266876220703
"Machakos","Machakos Town","Muvuti/Kiima-Kimwe",2012,76.2564697265625
"Machakos","Machakos Town","Muvuti/Kiima-Kimwe",2013,64.8121948242188
"Machakos","Machakos Town","Muvuti/Kiima-Kimwe",2014,104.976203918457
"Machakos","Machakos Town","Muvuti/Kiima-Kimwe",2015,124.757141113281
"Machakos","Machakos Town","Muvuti/Kiima-Kimwe",2016,155.707717895508
"Machakos","Machakos Town","Muvuti/Kiima-Kimwe",2017,280.670104980469
"Machakos","Machakos Town","Muvuti/Kiima-Kimwe",2018,313.984222412109
"Machakos","Machakos Town","Muvuti/Kiima-Kimwe",2019,300.209411621094
"Machakos","Machakos Town","Muvuti/Kiima-Kimwe",2020,297.564147949219
"Machakos","Machakos Town","Muvuti/Kiima-Kimwe",2021,301.193176269531
"Machakos","Machakos Town","Muvuti/Kiima-Kimwe",2022,237.984222412109
"Machakos","Machakos Town","Muvuti/Kiima-Kimwe",2023,309.318572998047
"Machakos","Machakos Town","Muvuti/Kiima-Kimwe",2024,253.729156494141
"Machakos","Masinga","Ekalakala",2012,4.55447816848755
"Machakos","Masinga","Ekalakala",2013,5.44610452651978
"Machakos","Masinga","Ekalakala",2014,2.12056589126587
"Machakos","Masinga","Ekalakala",2015,2.67020750045776
"Machakos","Masinga","Ekalakala",2016,1.04001140594482
"Machakos","Masinga","Ekalakala",2017,0.517769396305084
"Machakos","Masinga","Ekalakala",2018,2.94875741004944
"Machakos","Masinga","Ekalakala",2019,2.53804922103882
"Machakos","Masinga","Ekalakala",2020,4.06735754013062
"Machakos","Masinga","Ekalakala",2021,10.0026226043701
"Machakos","Masinga","Ekalakala",2022,18.6320610046387
"Machakos","Masinga","Ekalakala",2023,16.7913780212402
"Machakos","Masinga","Ekalakala",2024,16.4306964874268
"Machakos","Masinga","Kivaa",2012,31.4507999420166
"Machakos","Masinga","Kivaa",2013,33.5576820373535
"Machakos","Masinga","Kivaa",2014,35.4878921508789
"Machakos","Masinga","Kivaa",2015,32.4875106811523
"Machakos","Masinga","Kivaa",2016,24.4527816772461
"Machakos","Masinga","Kivaa",2017,29.5519313812256
"Machakos","Masinga","Kivaa",2018,28.3019771575928
"Machakos","Masinga","Kivaa",2019,43.0227279663086
"Machakos","Masinga","Kivaa",2020,56.2524108886719
"Machakos","Masinga","Kivaa",2021,76.1554489135742
"Machakos","Masinga","Kivaa",2022,84.9473724365234
"Machakos","Masinga","Kivaa",2023,98.7928009033203
"Machakos","Masinga","Kivaa",2024,66.4981155395508
"Machakos","Masinga","Masinga Central",2012,8.41984367370605
"Machakos","Masinga","Masinga Central",2013,7.12059640884399
"Machakos","Masinga","Masinga Central",2014,12.1115188598633
"Machakos","Masinga","Masinga Central",2015,8.67476749420166
"Machakos","Masinga","Masinga Central",2016,10.5548725128174
"Machakos","Masinga","Masinga Central",2017,18.3130836486816
"Machakos","Masinga","Masinga Central",2018,22.9529933929443
"Machakos","Masinga","Masinga Central",2019,28.1580429077148
"Machakos","Masinga","Masinga Central",2020,25.2566089630127
"Machakos","Masinga","Masinga Central",2021,40.0108413696289
"Machakos","Masinga","Masinga Central",2022,43.8047218322754
"Machakos","Masinga","Masinga Central",2023,59.9387588500977
"Machakos","Masinga","Masinga Central",2024,44.9863471984863
"Machakos","Masinga","Muthesya",2012,0
"Machakos","Masinga","Muthesya",2013,0
"Machakos","Masinga","Muthesya",2014,0
"Machakos","Masinga","Muthesya",2015,0
"Machakos","Masinga","Muthesya",2016,0
"Machakos","Masinga","Muthesya",2017,0
"Machakos","Masinga","Muthesya",2018,0
"Machakos","Masinga","Muthesya",2019,4.68468141555786
"Machakos","Masinga","Muthesya",2020,4.34260177612305
"Machakos","Masinga","Muthesya",2021,9.05988502502441
"Machakos","Masinga","Muthesya",2022,13.2172632217407
"Machakos","Masinga","Muthesya",2023,5.75189590454102
"Machakos","Masinga","Muthesya",2024,1.41747295856476
"Machakos","Masinga","Ndithini",2012,6.71842241287231
"Machakos","Masinga","Ndithini",2013,4.78177309036255
"Machakos","Masinga","Ndithini",2014,3.89601349830627
"Machakos","Masinga","Ndithini",2015,3.0519495010376
"Machakos","Masinga","Ndithini",2016,2.86958813667297
"Machakos","Masinga","Ndithini",2017,2.57612442970276
"Machakos","Masinga","Ndithini",2018,1.49864709377289
"Machakos","Masinga","Ndithini",2019,1.23929059505463
"Machakos","Masinga","Ndithini",2020,5.59578275680542
"Machakos","Masinga","Ndithini",2021,6.46242046356201
"Machakos","Masinga","Ndithini",2022,21.5108585357666
"Machakos","Masinga","Ndithini",2023,23.1548233032227
"Machakos","Masinga","Ndithini",2024,18.958812713623
"Machakos","Matungulu","Kyeleni",2012,0.895705044269562
"Machakos","Matungulu","Kyeleni",2013,0.546851992607117
"Machakos","Matungulu","Kyeleni",2014,0.485408633947372
"Machakos","Matungulu","Kyeleni",2015,0.297704011201859
"Machakos","Matungulu","Kyeleni",2016,0.190116658806801
"Machakos","Matungulu","Kyeleni",2017,1.41656148433685
"Machakos","Matungulu","Kyeleni",2018,0.459065496921539
"Machakos","Matungulu","Kyeleni",2019,1.45925509929657
"Machakos","Matungulu","Kyeleni",2020,3.3377320766449
"Machakos","Matungulu","Kyeleni",2021,6.40390682220459
"Machakos","Matungulu","Kyeleni",2022,33.4273338317871
"Machakos","Matungulu","Kyeleni",2023,67.9022369384766
"Machakos","Matungulu","Kyeleni",2024,24.1202812194824
"Machakos","Matungulu","Matungulu East",2012,0
"Machakos","Matungulu","Matungulu East",2013,0
"Machakos","Matungulu","Matungulu East",2014,0.518171489238739
"Machakos","Matungulu","Matungulu East",2015,0
"Machakos","Matungulu","Matungulu East",2016,0
"Machakos","Matungulu","Matungulu East",2017,0
"Machakos","Matungulu","Matungulu East",2018,1.06198251247406
"Machakos","Matungulu","Matungulu East",2019,35.4901542663574
"Machakos","Matungulu","Matungulu East",2020,36.0986824035645
"Machakos","Matungulu","Matungulu East",2021,61.9739799499512
"Machakos","Matungulu","Matungulu East",2022,61.7067451477051
"Machakos","Matungulu","Matungulu East",2023,79.7277526855469
"Machakos","Matungulu","Matungulu East",2024,62.1773567199707
"Machakos","Matungulu","Matungulu North",2012,8.12629890441895
"Machakos","Matungulu","Matungulu North",2013,6.09859657287598
"Machakos","Matungulu","Matungulu North",2014,5.15994167327881
"Machakos","Matungulu","Matungulu North",2015,5.55092668533325
"Machakos","Matungulu","Matungulu North",2016,3.48511099815369
"Machakos","Matungulu","Matungulu North",2017,6.40896511077881
"Machakos","Matungulu","Matungulu North",2018,6.15003776550293
"Machakos","Matungulu","Matungulu North",2019,15.3000030517578
"Machakos","Matungulu","Matungulu North",2020,16.6395664215088
"Machakos","Matungulu","Matungulu North",2021,30.0558376312256
"Machakos","Matungulu","Matungulu North",2022,53.0801811218262
"Machakos","Matungulu","Matungulu North",2023,96.6953430175781
"Machakos","Matungulu","Matungulu North",2024,49.7666320800781
"Machakos","Matungulu","Matungulu West",2012,1.3794207572937
"Machakos","Matungulu","Matungulu West",2013,2.59249901771545
"Machakos","Matungulu","Matungulu West",2014,13.3648624420166
"Machakos","Matungulu","Matungulu West",2015,18.0510330200195
"Machakos","Matungulu","Matungulu West",2016,21.1865062713623
"Machakos","Matungulu","Matungulu West",2017,49.4642715454102
"Machakos","Matungulu","Matungulu West",2018,90.5531616210938
"Machakos","Matungulu","Matungulu West",2019,164.144546508789
"Machakos","Matungulu","Matungulu West",2020,183.061965942383
"Machakos","Matungulu","Matungulu West",2021,303.361724853516
"Machakos","Matungulu","Matungulu West",2022,489.251586914062
"Machakos","Matungulu","Matungulu West",2023,636.947814941406
"Machakos","Matungulu","Matungulu West",2024,576.568115234375
"Machakos","Matungulu","Tala",2012,28.3449420928955
"Machakos","Matungulu","Tala",2013,31.9502544403076
"Machakos","Matungulu","Tala",2014,32.8065643310547
"Machakos","Matungulu","Tala",2015,48.5229148864746
"Machakos","Matungulu","Tala",2016,51.1838722229004
"Machakos","Matungulu","Tala",2017,33.9619636535645
"Machakos","Matungulu","Tala",2018,49.914981842041
"Machakos","Matungulu","Tala",2019,105.654624938965
"Machakos","Matungulu","Tala",2020,113.222526550293
"Machakos","Matungulu","Tala",2021,154.223022460938
"Machakos","Matungulu","Tala",2022,189.86589050293
"Machakos","Matungulu","Tala",2023,243.809661865234
"Machakos","Matungulu","Tala",2024,204.819183349609
"Machakos","Mavoko","Athi River",2012,569.134338378906
"Machakos","Mavoko","Athi River",2013,719.668334960938
"Machakos","Mavoko","Athi River",2014,743.838195800781
"Machakos","Mavoko","Athi River",2015,1005.14514160156
"Machakos","Mavoko","Athi River",2016,920.096801757812
"Machakos","Mavoko","Athi River",2017,1047.39428710938
"Machakos","Mavoko","Athi River",2018,1168.84265136719
"Machakos","Mavoko","Athi River",2019,1291.15844726562
"Machakos","Mavoko","Athi River",2020,1260.42761230469
"Machakos","Mavoko","Athi River",2021,1454.30383300781
"Machakos","Mavoko","Athi River",2022,1574.00598144531
"Machakos","Mavoko","Athi River",2023,1794.99865722656
"Machakos","Mavoko","Athi River",2024,1676.69592285156
"Machakos","Mavoko","Kinanie",2012,158.329544067383
"Machakos","Mavoko","Kinanie",2013,169.331207275391
"Machakos","Mavoko","Kinanie",2014,340.248809814453
"Machakos","Mavoko","Kinanie",2015,466.932220458984
"Machakos","Mavoko","Kinanie",2016,431.106536865234
"Machakos","Mavoko","Kinanie",2017,498.197204589844
"Machakos","Mavoko","Kinanie",2018,565.826110839844
"Machakos","Mavoko","Kinanie",2019,641.538513183594
"Machakos","Mavoko","Kinanie",2020,603.454895019531
"Machakos","Mavoko","Kinanie",2021,904.799987792969
"Machakos","Mavoko","Kinanie",2022,1168.51293945312
"Machakos","Mavoko","Kinanie",2023,1378.09008789062
"Machakos","Mavoko","Kinanie",2024,1336.79760742188
"Machakos","Mavoko","Muthwani",2012,518.280700683594
"Machakos","Mavoko","Muthwani",2013,683.8740234375
"Machakos","Mavoko","Muthwani",2014,822.405029296875
"Machakos","Mavoko","Muthwani",2015,982.853637695312
"Machakos","Mavoko","Muthwani",2016,995.975402832031
"Machakos","Mavoko","Muthwani",2017,1484.6943359375
"Machakos","Mavoko","Muthwani",2018,1849.54443359375
"Machakos","Mavoko","Muthwani",2019,2296.60986328125
"Machakos","Mavoko","Muthwani",2020,2345.57055664062
"Machakos","Mavoko","Muthwani",2021,2830.490234375
"Machakos","Mavoko","Muthwani",2022,3136.22119140625
"Machakos","Mavoko","Muthwani",2023,3721.04956054688
"Machakos","Mavoko","Muthwani",2024,3584.32006835938
"Machakos","Mavoko","Syokimau/Mulolongo",2012,403.698150634766
"Machakos","Mavoko","Syokimau/Mulolongo",2013,462.686431884766
"Machakos","Mavoko","Syokimau/Mulolongo",2014,480.333709716797
"Machakos","Mavoko","Syokimau/Mulolongo",2015,538.346984863281
"Machakos","Mavoko","Syokimau/Mulolongo",2016,574.999816894531
"Machakos","Mavoko","Syokimau/Mulolongo",2017,958.780212402344
"Machakos","Mavoko","Syokimau/Mulolongo",2018,1027.72485351562
"Machakos","Mavoko","Syokimau/Mulolongo",2019,1115.61413574219
"Machakos","Mavoko","Syokimau/Mulolongo",2020,1107.43774414062
"Machakos","Mavoko","Syokimau/Mulolongo",2021,1179.5517578125
"Machakos","Mavoko","Syokimau/Mulolongo",2022,1323.18664550781
"Machakos","Mavoko","Syokimau/Mulolongo",2023,1568.81225585938
"Machakos","Mavoko","Syokimau/Mulolongo",2024,1410.98669433594
"Machakos","Mwala","Kibauni",2012,0
"Machakos","Mwala","Kibauni",2013,0
"Machakos","Mwala","Kibauni",2014,0
"Machakos","Mwala","Kibauni",2015,0
"Machakos","Mwala","Kibauni",2016,0
"Machakos","Mwala","Kibauni",2017,6.21416473388672
"Machakos","Mwala","Kibauni",2018,7.29343891143799
"Machakos","Mwala","Kibauni",2019,2.80390930175781
"Machakos","Mwala","Kibauni",2020,0
"Machakos","Mwala","Kibauni",2021,1.89793658256531
"Machakos","Mwala","Kibauni",2022,19.2307796478271
"Machakos","Mwala","Kibauni",2023,25.0019969940186
"Machakos","Mwala","Kibauni",2024,18.1184673309326
"Machakos","Mwala","Makutano/ Mwala",2012,2.33647131919861
"Machakos","Mwala","Makutano/ Mwala",2013,0.507206380367279
"Machakos","Mwala","Makutano/ Mwala",2014,56.609016418457
"Machakos","Mwala","Makutano/ Mwala",2015,110.938911437988
"Machakos","Mwala","Makutano/ Mwala",2016,29.3502197265625
"Machakos","Mwala","Makutano/ Mwala",2017,10.9762334823608
"Machakos","Mwala","Makutano/ Mwala",2018,42.3049926757812
"Machakos","Mwala","Makutano/ Mwala",2019,114.235389709473
"Machakos","Mwala","Makutano/ Mwala",2020,68.3691635131836
"Machakos","Mwala","Makutano/ Mwala",2021,100.366371154785
"Machakos","Mwala","Makutano/ Mwala",2022,105.601860046387
"Machakos","Mwala","Makutano/ Mwala",2023,204.156173706055
"Machakos","Mwala","Makutano/ Mwala",2024,175.459075927734
"Machakos","Mwala","Masii",2012,10.3047542572021
"Machakos","Mwala","Masii",2013,3.52241325378418
"Machakos","Mwala","Masii",2014,11.6793355941772
"Machakos","Mwala","Masii",2015,30.9323463439941
"Machakos","Mwala","Masii",2016,14.1433382034302
"Machakos","Mwala","Masii",2017,27.9127254486084
"Machakos","Mwala","Masii",2018,44.2509155273438
"Machakos","Mwala","Masii",2019,52.9943695068359
"Machakos","Mwala","Masii",2020,52.5913124084473
"Machakos","Mwala","Masii",2021,82.3100967407227
"Machakos","Mwala","Masii",2022,137.045471191406
"Machakos","Mwala","Masii",2023,247.576919555664
"Machakos","Mwala","Masii",2024,193.431015014648
"Machakos","Mwala","Mbiuni",2012,0
"Machakos","Mwala","Mbiuni",2013,0
"Machakos","Mwala","Mbiuni",2014,13.4397821426392
"Machakos","Mwala","Mbiuni",2015,58.2185859680176
"Machakos","Mwala","Mbiuni",2016,35.5304336547852
"Machakos","Mwala","Mbiuni",2017,25.3274154663086
"Machakos","Mwala","Mbiuni",2018,19.3618297576904
"Machakos","Mwala","Mbiuni",2019,31.5376396179199
"Machakos","Mwala","Mbiuni",2020,31.2386322021484
"Machakos","Mwala","Mbiuni",2021,31.7543964385986
"Machakos","Mwala","Mbiuni",2022,40.6681442260742
"Machakos","Mwala","Mbiuni",2023,131.337188720703
"Machakos","Mwala","Mbiuni",2024,156.526992797852
"Machakos","Mwala","Muthetheni",2012,0
"Machakos","Mwala","Muthetheni",2013,0
"Machakos","Mwala","Muthetheni",2014,0
"Machakos","Mwala","Muthetheni",2015,5.84422588348389
"Machakos","Mwala","Muthetheni",2016,11.4899234771729
"Machakos","Mwala","Muthetheni",2017,21.1658096313477
"Machakos","Mwala","Muthetheni",2018,20.8741664886475
"Machakos","Mwala","Muthetheni",2019,18.1174125671387
"Machakos","Mwala","Muthetheni",2020,17.4572772979736
"Machakos","Mwala","Muthetheni",2021,28.1500148773193
"Machakos","Mwala","Muthetheni",2022,47.7784004211426
"Machakos","Mwala","Muthetheni",2023,62.926326751709
"Machakos","Mwala","Muthetheni",2024,38.9366111755371
"Machakos","Mwala","Wamunyu",2012,1.11095154285431
"Machakos","Mwala","Wamunyu",2013,0.666917383670807
"Machakos","Mwala","Wamunyu",2014,3.70802664756775
"Machakos","Mwala","Wamunyu",2015,8.11517333984375
"Machakos","Mwala","Wamunyu",2016,2.9046003818512
"Machakos","Mwala","Wamunyu",2017,9.39065456390381
"Machakos","Mwala","Wamunyu",2018,20.3397655487061
"Machakos","Mwala","Wamunyu",2019,11.0096635818481
"Machakos","Mwala","Wamunyu",2020,9.44805145263672
"Machakos","Mwala","Wamunyu",2021,16.2680683135986
"Machakos","Mwala","Wamunyu",2022,21.2382621765137
"Machakos","Mwala","Wamunyu",2023,50.9381446838379
"Machakos","Mwala","Wamunyu",2024,50.3808403015137
"Machakos","Yatta","Ikombe",2012,0
"Machakos","Yatta","Ikombe",2013,0
"Machakos","Yatta","Ikombe",2014,0
"Machakos","Yatta","Ikombe",2015,0
"Machakos","Yatta","Ikombe",2016,0
"Machakos","Yatta","Ikombe",2017,0
"Machakos","Yatta","Ikombe",2018,4.84921026229858
"Machakos","Yatta","Ikombe",2019,16.561164855957
"Machakos","Yatta","Ikombe",2020,5.25733280181885
"Machakos","Yatta","Ikombe",2021,13.2903623580933
"Machakos","Yatta","Ikombe",2022,18.9587135314941
"Machakos","Yatta","Ikombe",2023,31.4390354156494
"Machakos","Yatta","Ikombe",2024,19.7839298248291
"Machakos","Yatta","Katangi",2012,3.7341411113739
"Machakos","Yatta","Katangi",2013,2.75075626373291
"Machakos","Yatta","Katangi",2014,2.10740256309509
"Machakos","Yatta","Katangi",2015,3.60230684280396
"Machakos","Yatta","Katangi",2016,8.69546222686768
"Machakos","Yatta","Katangi",2017,15.2657823562622
"Machakos","Yatta","Katangi",2018,7.88954448699951
"Machakos","Yatta","Katangi",2019,29.6928615570068
"Machakos","Yatta","Katangi",2020,31.322847366333
"Machakos","Yatta","Katangi",2021,26.950174331665
"Machakos","Yatta","Katangi",2022,21.1086254119873
"Machakos","Yatta","Katangi",2023,39.737663269043
"Machakos","Yatta","Katangi",2024,31.0838851928711
"Machakos","Yatta","Kithimani",2012,15.5260629653931
"Machakos","Yatta","Kithimani",2013,9.23105716705322
"Machakos","Yatta","Kithimani",2014,34.2898941040039
"Machakos","Yatta","Kithimani",2015,90.0167770385742
"Machakos","Yatta","Kithimani",2016,36.7705688476562
"Machakos","Yatta","Kithimani",2017,17.3798885345459
"Machakos","Yatta","Kithimani",2018,21.3206081390381
"Machakos","Yatta","Kithimani",2019,61.1766624450684
"Machakos","Yatta","Kithimani",2020,48.8939666748047
"Machakos","Yatta","Kithimani",2021,99.5360946655273
"Machakos","Yatta","Kithimani",2022,121.15699005127
"Machakos","Yatta","Kithimani",2023,158.301986694336
"Machakos","Yatta","Kithimani",2024,136.945877075195
"Machakos","Yatta","Matuu",2012,24.0429458618164
"Machakos","Yatta","Matuu",2013,26.270393371582
"Machakos","Yatta","Matuu",2014,27.0562400817871
"Machakos","Yatta","Matuu",2015,25.654260635376
"Machakos","Yatta","Matuu",2016,25.4431209564209
"Machakos","Yatta","Matuu",2017,28.9316692352295
"Machakos","Yatta","Matuu",2018,46.3868942260742
"Machakos","Yatta","Matuu",2019,77.3426818847656
"Machakos","Yatta","Matuu",2020,97.5364761352539
"Machakos","Yatta","Matuu",2021,137.464462280273
"Machakos","Yatta","Matuu",2022,147.486633300781
"Machakos","Yatta","Matuu",2023,168.823257446289
"Machakos","Yatta","Matuu",2024,158.212051391602
"Machakos","Yatta","Ndalani",2012,2.42632794380188
"Machakos","Yatta","Ndalani",2013,0.526985347270966
"Machakos","Yatta","Ndalani",2014,0
"Machakos","Yatta","Ndalani",2015,0
"Machakos","Yatta","Ndalani",2016,0
"Machakos","Yatta","Ndalani",2017,0
"Machakos","Yatta","Ndalani",2018,0.555623471736908
"Machakos","Yatta","Ndalani",2019,13.7393980026245
"Machakos","Yatta","Ndalani",2020,15.3471231460571
"Machakos","Yatta","Ndalani",2021,34.9166831970215
"Machakos","Yatta","Ndalani",2022,37.4229507446289
"Machakos","Yatta","Ndalani",2023,44.0455093383789
"Machakos","Yatta","Ndalani",2024,45.6339492797852
"Machakos","unknown 7","unknown 7",2012,5.49641275405884
"Machakos","unknown 7","unknown 7",2013,2.07087850570679
"Machakos","unknown 7","unknown 7",2014,0.0150572648271918
"Machakos","unknown 7","unknown 7",2015,0
"Machakos","unknown 7","unknown 7",2016,1.44167506694794
"Machakos","unknown 7","unknown 7",2017,10.2265357971191
"Machakos","unknown 7","unknown 7",2018,6.99254131317139
"Machakos","unknown 7","unknown 7",2019,27.2649612426758
"Machakos","unknown 7","unknown 7",2020,146.473236083984
"Machakos","unknown 7","unknown 7",2021,202.697738647461
"Machakos","unknown 7","unknown 7",2022,253.850433349609
"Machakos","unknown 7","unknown 7",2023,240.63102722168
"Machakos","unknown 7","unknown 7",2024,190.841094970703
"Makueni","Kaiti","Ilima",2012,0
"Makueni","Kaiti","Ilima",2013,0
"Makueni","Kaiti","Ilima",2014,0
"Makueni","Kaiti","Ilima",2015,1.06507408618927
"Makueni","Kaiti","Ilima",2016,0
"Makueni","Kaiti","Ilima",2017,0.670048832893372
"Makueni","Kaiti","Ilima",2018,0
"Makueni","Kaiti","Ilima",2019,0.519572973251343
"Makueni","Kaiti","Ilima",2020,0
"Makueni","Kaiti","Ilima",2021,1.18019986152649
"Makueni","Kaiti","Ilima",2022,3.16298508644104
"Makueni","Kaiti","Ilima",2023,4.57953834533691
"Makueni","Kaiti","Ilima",2024,3.79087448120117
"Makueni","Kaiti","Kee",2012,0
"Makueni","Kaiti","Kee",2013,0
"Makueni","Kaiti","Kee",2014,0
"Makueni","Kaiti","Kee",2015,0
"Makueni","Kaiti","Kee",2016,0
"Makueni","Kaiti","Kee",2017,0
"Makueni","Kaiti","Kee",2018,0
"Makueni","Kaiti","Kee",2019,5.81993961334229
"Makueni","Kaiti","Kee",2020,4.02461862564087
"Makueni","Kaiti","Kee",2021,5.7394380569458
"Makueni","Kaiti","Kee",2022,5.99863719940186
"Makueni","Kaiti","Kee",2023,15.1428413391113
"Makueni","Kaiti","Kee",2024,7.6627049446106
"Makueni","Kaiti","Kilungu",2012,5.62844085693359
"Makueni","Kaiti","Kilungu",2013,3.32783317565918
"Makueni","Kaiti","Kilungu",2014,5.00452184677124
"Makueni","Kaiti","Kilungu",2015,4.85570955276489
"Makueni","Kaiti","Kilungu",2016,1.22308039665222
"Makueni","Kaiti","Kilungu",2017,3.49851059913635
"Makueni","Kaiti","Kilungu",2018,5.80230569839478
"Makueni","Kaiti","Kilungu",2019,3.66138029098511
"Makueni","Kaiti","Kilungu",2020,1.74131333827972
"Makueni","Kaiti","Kilungu",2021,6.5103645324707
"Makueni","Kaiti","Kilungu",2022,11.2906646728516
"Makueni","Kaiti","Kilungu",2023,21.9359664916992
"Makueni","Kaiti","Kilungu",2024,18.1842231750488
"Makueni","Kaiti","Ukia",2012,1.14477705955505
"Makueni","Kaiti","Ukia",2013,1.11198139190674
"Makueni","Kaiti","Ukia",2014,4.47726631164551
"Makueni","Kaiti","Ukia",2015,4.38529491424561
"Makueni","Kaiti","Ukia",2016,2.54334712028503
"Makueni","Kaiti","Ukia",2017,4.50979471206665
"Makueni","Kaiti","Ukia",2018,2.91555881500244
"Makueni","Kaiti","Ukia",2019,2.11641645431519
"Makueni","Kaiti","Ukia",2020,1.40668380260468
"Makueni","Kaiti","Ukia",2021,4.5611720085144
"Makueni","Kaiti","Ukia",2022,16.2475967407227
"Makueni","Kaiti","Ukia",2023,32.9237289428711
"Makueni","Kaiti","Ukia",2024,34.6501998901367
"Makueni","Kibwezi East","Ivingoni/Nzambani",2012,14.9434337615967
"Makueni","Kibwezi East","Ivingoni/Nzambani",2013,25.0510902404785
"Makueni","Kibwezi East","Ivingoni/Nzambani",2014,11.8907260894775
"Makueni","Kibwezi East","Ivingoni/Nzambani",2015,23.994701385498
"Makueni","Kibwezi East","Ivingoni/Nzambani",2016,33.3280448913574
"Makueni","Kibwezi East","Ivingoni/Nzambani",2017,22.4833850860596
"Makueni","Kibwezi East","Ivingoni/Nzambani",2018,28.4033679962158
"Makueni","Kibwezi East","Ivingoni/Nzambani",2019,30.2519111633301
"Makueni","Kibwezi East","Ivingoni/Nzambani",2020,23.5733737945557
"Makueni","Kibwezi East","Ivingoni/Nzambani",2021,29.9430065155029
"Makueni","Kibwezi East","Ivingoni/Nzambani",2022,38.3034706115723
"Makueni","Kibwezi East","Ivingoni/Nzambani",2023,44.8442993164062
"Makueni","Kibwezi East","Ivingoni/Nzambani",2024,40.7442474365234
"Makueni","Kibwezi East","Masongaleni",2012,0.201262503862381
"Makueni","Kibwezi East","Masongaleni",2013,0
"Makueni","Kibwezi East","Masongaleni",2014,0.191260933876038
"Makueni","Kibwezi East","Masongaleni",2015,2.37385320663452
"Makueni","Kibwezi East","Masongaleni",2016,3.92209362983704
"Makueni","Kibwezi East","Masongaleni",2017,1.15201318264008
"Makueni","Kibwezi East","Masongaleni",2018,2.09708642959595
"Makueni","Kibwezi East","Masongaleni",2019,0
"Makueni","Kibwezi East","Masongaleni",2020,0.191195085644722
"Makueni","Kibwezi East","Masongaleni",2021,2.06438994407654
"Makueni","Kibwezi East","Masongaleni",2022,2.80903267860413
"Makueni","Kibwezi East","Masongaleni",2023,3.70641994476318
"Makueni","Kibwezi East","Masongaleni",2024,3.60344409942627
"Makueni","Kibwezi East","Mtito Andei",2012,17.6226863861084
"Makueni","Kibwezi East","Mtito Andei",2013,20.1944751739502
"Makueni","Kibwezi East","Mtito Andei",2014,15.8750123977661
"Makueni","Kibwezi East","Mtito Andei",2015,37.741455078125
"Makueni","Kibwezi East","Mtito Andei",2016,40.5934410095215
"Makueni","Kibwezi East","Mtito Andei",2017,53.4606552124023
"Makueni","Kibwezi East","Mtito Andei",2018,75.7600326538086
"Makueni","Kibwezi East","Mtito Andei",2019,59.2026481628418
"Makueni","Kibwezi East","Mtito Andei",2020,44.2419052124023
"Makueni","Kibwezi East","Mtito Andei",2021,43.7680587768555
"Makueni","Kibwezi East","Mtito Andei",2022,64.7001266479492
"Makueni","Kibwezi East","Mtito Andei",2023,84.1881332397461
"Makueni","Kibwezi East","Mtito Andei",2024,76.6456985473633
"Makueni","Kibwezi East","Thange",2012,8.06944179534912
"Makueni","Kibwezi East","Thange",2013,7.71413612365723
"Makueni","Kibwezi East","Thange",2014,9.06018924713135
"Makueni","Kibwezi East","Thange",2015,21.7485027313232
"Makueni","Kibwezi East","Thange",2016,26.5423851013184
"Makueni","Kibwezi East","Thange",2017,15.7872552871704
"Makueni","Kibwezi East","Thange",2018,7.67571926116943
"Makueni","Kibwezi East","Thange",2019,4.67245101928711
"Makueni","Kibwezi East","Thange",2020,7.17572498321533
"Makueni","Kibwezi East","Thange",2021,15.0567760467529
"Makueni","Kibwezi East","Thange",2022,23.5401363372803
"Makueni","Kibwezi East","Thange",2023,50.6078338623047
"Makueni","Kibwezi East","Thange",2024,40.4171905517578
"Makueni","Kibwezi West","Emali/Mulala",2012,23.6468372344971
"Makueni","Kibwezi West","Emali/Mulala",2013,27.7533664703369
"Makueni","Kibwezi West","Emali/Mulala",2014,25.7804927825928
"Makueni","Kibwezi West","Emali/Mulala",2015,34.7539939880371
"Makueni","Kibwezi West","Emali/Mulala",2016,42.1414260864258
"Makueni","Kibwezi West","Emali/Mulala",2017,54.2156753540039
"Makueni","Kibwezi West","Emali/Mulala",2018,66.3571395874023
"Makueni","Kibwezi West","Emali/Mulala",2019,58.0629959106445
"Makueni","Kibwezi West","Emali/Mulala",2020,49.2308807373047
"Makueni","Kibwezi West","Emali/Mulala",2021,52.4189758300781
"Makueni","Kibwezi West","Emali/Mulala",2022,63.7083702087402
"Makueni","Kibwezi West","Emali/Mulala",2023,76.7745666503906
"Makueni","Kibwezi West","Emali/Mulala",2024,83.8410263061523
"Makueni","Kibwezi West","Kikumbulyu North",2012,0
"Makueni","Kibwezi West","Kikumbulyu North",2013,0
"Makueni","Kibwezi West","Kikumbulyu North",2014,0
"Makueni","Kibwezi West","Kikumbulyu North",2015,0
"Makueni","Kibwezi West","Kikumbulyu North",2016,0
"Makueni","Kibwezi West","Kikumbulyu North",2017,0
"Makueni","Kibwezi West","Kikumbulyu North",2018,2.41288948059082
"Makueni","Kibwezi West","Kikumbulyu North",2019,0
"Makueni","Kibwezi West","Kikumbulyu North",2020,0
"Makueni","Kibwezi West","Kikumbulyu North",2021,0.530409276485443
"Makueni","Kibwezi West","Kikumbulyu North",2022,2.63781666755676
"Makueni","Kibwezi West","Kikumbulyu North",2023,6.47551393508911
"Makueni","Kibwezi West","Kikumbulyu North",2024,6.09894227981567
"Makueni","Kibwezi West","Kikumbulyu South",2012,20.7103710174561
"Makueni","Kibwezi West","Kikumbulyu South",2013,23.257833480835
"Makueni","Kibwezi West","Kikumbulyu South",2014,26.8760032653809
"Makueni","Kibwezi West","Kikumbulyu South",2015,35.4529342651367
"Makueni","Kibwezi West","Kikumbulyu South",2016,30.0154685974121
"Makueni","Kibwezi West","Kikumbulyu South",2017,35.4992904663086
"Makueni","Kibwezi West","Kikumbulyu South",2018,26.8808650970459
"Makueni","Kibwezi West","Kikumbulyu South",2019,23.6723556518555
"Makueni","Kibwezi West","Kikumbulyu South",2020,24.2429370880127
"Makueni","Kibwezi West","Kikumbulyu South",2021,29.0530853271484
"Makueni","Kibwezi West","Kikumbulyu South",2022,50.489933013916
"Makueni","Kibwezi West","Kikumbulyu South",2023,67.6879959106445
"Makueni","Kibwezi West","Kikumbulyu South",2024,60.0026893615723
"Makueni","Kibwezi West","Makindu",2012,54.57275390625
"Makueni","Kibwezi West","Makindu",2013,44.3311882019043
"Makueni","Kibwezi West","Makindu",2014,46.0813293457031
"Makueni","Kibwezi West","Makindu",2015,70.3384094238281
"Makueni","Kibwezi West","Makindu",2016,59.8453521728516
"Makueni","Kibwezi West","Makindu",2017,88.5591735839844
"Makueni","Kibwezi West","Makindu",2018,81.8706970214844
"Makueni","Kibwezi West","Makindu",2019,77.5732116699219
"Makueni","Kibwezi West","Makindu",2020,64.7483901977539
"Makueni","Kibwezi West","Makindu",2021,88.9548797607422
"Makueni","Kibwezi West","Makindu",2022,122.755950927734
"Makueni","Kibwezi West","Makindu",2023,163.57080078125
"Makueni","Kibwezi West","Makindu",2024,174.543350219727
"Makueni","Kibwezi West","Nguu/Masumba",2012,0
"Makueni","Kibwezi West","Nguu/Masumba",2013,0
"Makueni","Kibwezi West","Nguu/Masumba",2014,0
"Makueni","Kibwezi West","Nguu/Masumba",2015,0
"Makueni","Kibwezi West","Nguu/Masumba",2016,0.510165691375732
"Makueni","Kibwezi West","Nguu/Masumba",2017,0
"Makueni","Kibwezi West","Nguu/Masumba",2018,0.172108769416809
"Makueni","Kibwezi West","Nguu/Masumba",2019,0
"Makueni","Kibwezi West","Nguu/Masumba",2020,0
"Makueni","Kibwezi West","Nguu/Masumba",2021,0.557014286518097
"Makueni","Kibwezi West","Nguu/Masumba",2022,1.12103366851807
"Makueni","Kibwezi West","Nguu/Masumba",2023,2.28731441497803
"Makueni","Kibwezi West","Nguu/Masumba",2024,0.893388688564301
"Makueni","Kibwezi West","Nguumo",2012,15.0561399459839
"Makueni","Kibwezi West","Nguumo",2013,11.6573905944824
"Makueni","Kibwezi West","Nguumo",2014,15.2512149810791
"Makueni","Kibwezi West","Nguumo",2015,22.7522125244141
"Makueni","Kibwezi West","Nguumo",2016,18.986141204834
"Makueni","Kibwezi West","Nguumo",2017,35.1456832885742
"Makueni","Kibwezi West","Nguumo",2018,35.5211982727051
"Makueni","Kibwezi West","Nguumo",2019,24.9416923522949
"Makueni","Kibwezi West","Nguumo",2020,15.9830770492554
"Makueni","Kibwezi West","Nguumo",2021,22.780632019043
"Makueni","Kibwezi West","Nguumo",2022,44.7651252746582
"Makueni","Kibwezi West","Nguumo",2023,56.3655471801758
"Makueni","Kibwezi West","Nguumo",2024,45.8846054077148
"Makueni","Kilome","Kasikeu",2012,13.8255825042725
"Makueni","Kilome","Kasikeu",2013,12.2725553512573
"Makueni","Kilome","Kasikeu",2014,12.958176612854
"Makueni","Kilome","Kasikeu",2015,16.800630569458
"Makueni","Kilome","Kasikeu",2016,12.5134210586548
"Makueni","Kilome","Kasikeu",2017,22.0294075012207
"Makueni","Kilome","Kasikeu",2018,40.0154685974121
"Makueni","Kilome","Kasikeu",2019,35.0416030883789
"Makueni","Kilome","Kasikeu",2020,25.9379768371582
"Makueni","Kilome","Kasikeu",2021,28.1018695831299
"Makueni","Kilome","Kasikeu",2022,37.6433868408203
"Makueni","Kilome","Kasikeu",2023,52.5823135375977
"Makueni","Kilome","Kasikeu",2024,64.311393737793
"Makueni","Kilome","Kiima Kiu/Kalanzoni",2012,12.6596641540527
"Makueni","Kilome","Kiima Kiu/Kalanzoni",2013,12.0391139984131
"Makueni","Kilome","Kiima Kiu/Kalanzoni",2014,28.0955905914307
"Makueni","Kilome","Kiima Kiu/Kalanzoni",2015,19.641487121582
"Makueni","Kilome","Kiima Kiu/Kalanzoni",2016,21.2414360046387
"Makueni","Kilome","Kiima Kiu/Kalanzoni",2017,32.0280456542969
"Makueni","Kilome","Kiima Kiu/Kalanzoni",2018,36.4283409118652
"Makueni","Kilome","Kiima Kiu/Kalanzoni",2019,36.9142303466797
"Makueni","Kilome","Kiima Kiu/Kalanzoni",2020,39.9499626159668
"Makueni","Kilome","Kiima Kiu/Kalanzoni",2021,58.0387496948242
"Makueni","Kilome","Kiima Kiu/Kalanzoni",2022,94.5761947631836
"Makueni","Kilome","Kiima Kiu/Kalanzoni",2023,142.250823974609
"Makueni","Kilome","Kiima Kiu/Kalanzoni",2024,87.5783386230469
"Makueni","Kilome","Mukaa",2012,0.339275240898132
"Makueni","Kilome","Mukaa",2013,0
"Makueni","Kilome","Mukaa",2014,0
"Makueni","Kilome","Mukaa",2015,0
"Makueni","Kilome","Mukaa",2016,0
"Makueni","Kilome","Mukaa",2017,0
"Makueni","Kilome","Mukaa",2018,0
"Makueni","Kilome","Mukaa",2019,0
"Makueni","Kilome","Mukaa",2020,0
"Makueni","Kilome","Mukaa",2021,2.56846833229065
"Makueni","Kilome","Mukaa",2022,8.71640014648438
"Makueni","Kilome","Mukaa",2023,19.8623828887939
"Makueni","Kilome","Mukaa",2024,14.3006620407104
"Makueni","Makueni","Kathonzweni",2012,3.74967670440674
"Makueni","Makueni","Kathonzweni",2013,3.10088539123535
"Makueni","Makueni","Kathonzweni",2014,4.73022031784058
"Makueni","Makueni","Kathonzweni",2015,8.73701477050781
"Makueni","Makueni","Kathonzweni",2016,12.2800359725952
"Makueni","Makueni","Kathonzweni",2017,14.3294239044189
"Makueni","Makueni","Kathonzweni",2018,6.61910390853882
"Makueni","Makueni","Kathonzweni",2019,4.32794380187988
"Makueni","Makueni","Kathonzweni",2020,5.09249019622803
"Makueni","Makueni","Kathonzweni",2021,13.3157339096069
"Makueni","Makueni","Kathonzweni",2022,15.078501701355
"Makueni","Makueni","Kathonzweni",2023,22.3372592926025
"Makueni","Makueni","Kathonzweni",2024,22.5247707366943
"Makueni","Makueni","Kitise/Kithuki",2012,0
"Makueni","Makueni","Kitise/Kithuki",2013,0
"Makueni","Makueni","Kitise/Kithuki",2014,0
"Makueni","Makueni","Kitise/Kithuki",2015,0
"Makueni","Makueni","Kitise/Kithuki",2016,0
"Makueni","Makueni","Kitise/Kithuki",2017,0
"Makueni","Makueni","Kitise/Kithuki",2018,0
"Makueni","Makueni","Kitise/Kithuki",2019,0
"Makueni","Makueni","Kitise/Kithuki",2020,0
"Makueni","Makueni","Kitise/Kithuki",2021,0
"Makueni","Makueni","Kitise/Kithuki",2022,5.26059150695801
"Makueni","Makueni","Kitise/Kithuki",2023,5.03169441223145
"Makueni","Makueni","Kitise/Kithuki",2024,3.2957489490509
"Makueni","Makueni","Mavindini",2012,0
"Makueni","Makueni","Mavindini",2013,0
"Makueni","Makueni","Mavindini",2014,0
"Makueni","Makueni","Mavindini",2015,0
"Makueni","Makueni","Mavindini",2016,0
"Makueni","Makueni","Mavindini",2017,0
"Makueni","Makueni","Mavindini",2018,0
"Makueni","Makueni","Mavindini",2019,0.54085648059845
"Makueni","Makueni","Mavindini",2020,2.56180596351624
"Makueni","Makueni","Mavindini",2021,8.17345905303955
"Makueni","Makueni","Mavindini",2022,46.4336929321289
"Makueni","Makueni","Mavindini",2023,45.7332191467285
"Makueni","Makueni","Mavindini",2024,32.6237335205078
"Makueni","Makueni","Mbitini",2012,0
"Makueni","Makueni","Mbitini",2013,0
"Makueni","Makueni","Mbitini",2014,0
"Makueni","Makueni","Mbitini",2015,0
"Makueni","Makueni","Mbitini",2016,0
"Makueni","Makueni","Mbitini",2017,0
"Makueni","Makueni","Mbitini",2018,0
"Makueni","Makueni","Mbitini",2019,0
"Makueni","Makueni","Mbitini",2020,0
"Makueni","Makueni","Mbitini",2021,0
"Makueni","Makueni","Mbitini",2022,2.27358913421631
"Makueni","Makueni","Mbitini",2023,2.2151894569397
"Makueni","Makueni","Mbitini",2024,3.72588205337524
"Makueni","Makueni","Muvau/Kikuumini",2012,0.522659063339233
"Makueni","Makueni","Muvau/Kikuumini",2013,0
"Makueni","Makueni","Muvau/Kikuumini",2014,0
"Makueni","Makueni","Muvau/Kikuumini",2015,0
"Makueni","Makueni","Muvau/Kikuumini",2016,0
"Makueni","Makueni","Muvau/Kikuumini",2017,0
"Makueni","Makueni","Muvau/Kikuumini",2018,0
"Makueni","Makueni","Muvau/Kikuumini",2019,0
"Makueni","Makueni","Muvau/Kikuumini",2020,0
"Makueni","Makueni","Muvau/Kikuumini",2021,1.02583515644073
"Makueni","Makueni","Muvau/Kikuumini",2022,20.5249824523926
"Makueni","Makueni","Muvau/Kikuumini",2023,25.4439888000488
"Makueni","Makueni","Muvau/Kikuumini",2024,20.3331565856934
"Makueni","Makueni","Nzaui/Kilili/Kalamba",2012,0.53813636302948
"Makueni","Makueni","Nzaui/Kilili/Kalamba",2013,0
"Makueni","Makueni","Nzaui/Kilili/Kalamba",2014,0.575002431869507
"Makueni","Makueni","Nzaui/Kilili/Kalamba",2015,6.82072830200195
"Makueni","Makueni","Nzaui/Kilili/Kalamba",2016,4.41400003433228
"Makueni","Makueni","Nzaui/Kilili/Kalamba",2017,8.16686248779297
"Makueni","Makueni","Nzaui/Kilili/Kalamba",2018,3.00477886199951
"Makueni","Makueni","Nzaui/Kilili/Kalamba",2019,1.99812376499176
"Makueni","Makueni","Nzaui/Kilili/Kalamba",2020,1.8150554895401
"Makueni","Makueni","Nzaui/Kilili/Kalamba",2021,1.91302371025085
"Makueni","Makueni","Nzaui/Kilili/Kalamba",2022,10.6422061920166
"Makueni","Makueni","Nzaui/Kilili/Kalamba",2023,16.9890480041504
"Makueni","Makueni","Nzaui/Kilili/Kalamba",2024,8.32060241699219
"Makueni","Makueni","Wote",2012,36.3087882995605
"Makueni","Makueni","Wote",2013,31.6831645965576
"Makueni","Makueni","Wote",2014,38.5290565490723
"Makueni","Makueni","Wote",2015,60.0377960205078
"Makueni","Makueni","Wote",2016,79.4057312011719
"Makueni","Makueni","Wote",2017,182.322189331055
"Makueni","Makueni","Wote",2018,164.012954711914
"Makueni","Makueni","Wote",2019,160.47688293457
"Makueni","Makueni","Wote",2020,151.473556518555
"Makueni","Makueni","Wote",2021,247.646118164062
"Makueni","Makueni","Wote",2022,400.156616210938
"Makueni","Makueni","Wote",2023,362.337982177734
"Makueni","Makueni","Wote",2024,348.193572998047
"Makueni","Mbooni","Kalawa",2012,0
"Makueni","Mbooni","Kalawa",2013,0
"Makueni","Mbooni","Kalawa",2014,0
"Makueni","Mbooni","Kalawa",2015,0
"Makueni","Mbooni","Kalawa",2016,0
"Makueni","Mbooni","Kalawa",2017,0
"Makueni","Mbooni","Kalawa",2018,0
"Makueni","Mbooni","Kalawa",2019,0
"Makueni","Mbooni","Kalawa",2020,0
"Makueni","Mbooni","Kalawa",2021,1.19183611869812
"Makueni","Mbooni","Kalawa",2022,5.62051773071289
"Makueni","Mbooni","Kalawa",2023,5.50911808013916
"Makueni","Mbooni","Kalawa",2024,1.99178051948547
"Makueni","Mbooni","Kiteta/Kisau",2012,2.11232924461365
"Makueni","Mbooni","Kiteta/Kisau",2013,0
"Makueni","Mbooni","Kiteta/Kisau",2014,4.86675596237183
"Makueni","Mbooni","Kiteta/Kisau",2015,8.6376953125
"Makueni","Mbooni","Kiteta/Kisau",2016,6.71774435043335
"Makueni","Mbooni","Kiteta/Kisau",2017,10.5649108886719
"Makueni","Mbooni","Kiteta/Kisau",2018,9.72984027862549
"Makueni","Mbooni","Kiteta/Kisau",2019,15.6536779403687
"Makueni","Mbooni","Kiteta/Kisau",2020,7.79605674743652
"Makueni","Mbooni","Kiteta/Kisau",2021,12.8682317733765
"Makueni","Mbooni","Kiteta/Kisau",2022,27.5560760498047
"Makueni","Mbooni","Kiteta/Kisau",2023,22.9742450714111
"Makueni","Mbooni","Kiteta/Kisau",2024,21.4541015625
"Makueni","Mbooni","Kithungo/Kitundu",2012,1.35836100578308
"Makueni","Mbooni","Kithungo/Kitundu",2013,0
"Makueni","Mbooni","Kithungo/Kitundu",2014,0.523022949695587
"Makueni","Mbooni","Kithungo/Kitundu",2015,0
"Makueni","Mbooni","Kithungo/Kitundu",2016,0
"Makueni","Mbooni","Kithungo/Kitundu",2017,0
"Makueni","Mbooni","Kithungo/Kitundu",2018,0
"Makueni","Mbooni","Kithungo/Kitundu",2019,0.00526300398632884
"Makueni","Mbooni","Kithungo/Kitundu",2020,0
"Makueni","Mbooni","Kithungo/Kitundu",2021,0.00414091954007745
"Makueni","Mbooni","Kithungo/Kitundu",2022,4.39050054550171
"Makueni","Mbooni","Kithungo/Kitundu",2023,14.5815525054932
"Makueni","Mbooni","Kithungo/Kitundu",2024,9.34550476074219
"Makueni","Mbooni","Mbooni",2012,1.5477306842804
"Makueni","Mbooni","Mbooni",2013,1.03437340259552
"Makueni","Mbooni","Mbooni",2014,6.00842571258545
"Makueni","Mbooni","Mbooni",2015,10.2455739974976
"Makueni","Mbooni","Mbooni",2016,2.71393227577209
"Makueni","Mbooni","Mbooni",2017,9.98362064361572
"Makueni","Mbooni","Mbooni",2018,2.60636949539185
"Makueni","Mbooni","Mbooni",2019,13.5420446395874
"Makueni","Mbooni","Mbooni",2020,5.38969421386719
"Makueni","Mbooni","Mbooni",2021,27.097599029541
"Makueni","Mbooni","Mbooni",2022,42.9501800537109
"Makueni","Mbooni","Mbooni",2023,47.6489219665527
"Makueni","Mbooni","Mbooni",2024,32.9890632629395
"Makueni","Mbooni","Tulimani",2012,0.243509367108345
"Makueni","Mbooni","Tulimani",2013,0
"Makueni","Mbooni","Tulimani",2014,0.260917156934738
"Makueni","Mbooni","Tulimani",2015,2.18346285820007
"Makueni","Mbooni","Tulimani",2016,0.542354106903076
"Makueni","Mbooni","Tulimani",2017,1.0070732831955
"Makueni","Mbooni","Tulimani",2018,0.675397634506226
"Makueni","Mbooni","Tulimani",2019,2.17444753646851
"Makueni","Mbooni","Tulimani",2020,0.410715579986572
"Makueni","Mbooni","Tulimani",2021,5.36488962173462
"Makueni","Mbooni","Tulimani",2022,19.4936351776123
"Makueni","Mbooni","Tulimani",2023,22.8036346435547
"Makueni","Mbooni","Tulimani",2024,12.7369871139526
"Makueni","Mbooni","Waia-Kako",2012,0.573230803012848
"Makueni","Mbooni","Waia-Kako",2013,0
"Makueni","Mbooni","Waia-Kako",2014,0.725714206695557
"Makueni","Mbooni","Waia-Kako",2015,2.17617678642273
"Makueni","Mbooni","Waia-Kako",2016,1.25724065303802
"Makueni","Mbooni","Waia-Kako",2017,3.21953082084656
"Makueni","Mbooni","Waia-Kako",2018,4.38192319869995
"Makueni","Mbooni","Waia-Kako",2019,12.8793210983276
"Makueni","Mbooni","Waia-Kako",2020,8.65615081787109
"Makueni","Mbooni","Waia-Kako",2021,17.7924499511719
"Makueni","Mbooni","Waia-Kako",2022,57.0098152160645
"Makueni","Mbooni","Waia-Kako",2023,55.1691932678223
"Makueni","Mbooni","Waia-Kako",2024,63.504093170166
"Mandera","Banissa","Banissa",2012,0
"Mandera","Banissa","Banissa",2013,0
"Mandera","Banissa","Banissa",2014,0
"Mandera","Banissa","Banissa",2015,0
"Mandera","Banissa","Banissa",2016,4.83380603790283
"Mandera","Banissa","Banissa",2017,3.69268202781677
"Mandera","Banissa","Banissa",2018,1.27167510986328
"Mandera","Banissa","Banissa",2019,0
"Mandera","Banissa","Banissa",2020,0
"Mandera","Banissa","Banissa",2021,0
"Mandera","Banissa","Banissa",2022,4.13789939880371
"Mandera","Banissa","Banissa",2023,4.88788795471191
"Mandera","Banissa","Banissa",2024,8.3064079284668
"Mandera","Banissa","Derkhale",2012,0
"Mandera","Banissa","Derkhale",2013,0
"Mandera","Banissa","Derkhale",2014,0
"Mandera","Banissa","Derkhale",2015,0
"Mandera","Banissa","Derkhale",2016,0
"Mandera","Banissa","Derkhale",2017,0
"Mandera","Banissa","Derkhale",2018,0
"Mandera","Banissa","Derkhale",2019,0
"Mandera","Banissa","Derkhale",2020,0
"Mandera","Banissa","Derkhale",2021,0
"Mandera","Banissa","Derkhale",2022,0
"Mandera","Banissa","Derkhale",2023,0
"Mandera","Banissa","Derkhale",2024,0
"Mandera","Banissa","Guba",2012,0
"Mandera","Banissa","Guba",2013,0
"Mandera","Banissa","Guba",2014,0
"Mandera","Banissa","Guba",2015,0
"Mandera","Banissa","Guba",2016,0
"Mandera","Banissa","Guba",2017,0
"Mandera","Banissa","Guba",2018,0
"Mandera","Banissa","Guba",2019,0
"Mandera","Banissa","Guba",2020,0
"Mandera","Banissa","Guba",2021,0
"Mandera","Banissa","Guba",2022,0
"Mandera","Banissa","Guba",2023,0
"Mandera","Banissa","Guba",2024,0
"Mandera","Banissa","Kiliwehiri",2012,0
"Mandera","Banissa","Kiliwehiri",2013,0
"Mandera","Banissa","Kiliwehiri",2014,0
"Mandera","Banissa","Kiliwehiri",2015,0
"Mandera","Banissa","Kiliwehiri",2016,0
"Mandera","Banissa","Kiliwehiri",2017,0
"Mandera","Banissa","Kiliwehiri",2018,0
"Mandera","Banissa","Kiliwehiri",2019,0
"Mandera","Banissa","Kiliwehiri",2020,0
"Mandera","Banissa","Kiliwehiri",2021,0
"Mandera","Banissa","Kiliwehiri",2022,0
"Mandera","Banissa","Kiliwehiri",2023,0
"Mandera","Banissa","Kiliwehiri",2024,0
"Mandera","Banissa","Malkamari",2012,0
"Mandera","Banissa","Malkamari",2013,0
"Mandera","Banissa","Malkamari",2014,0
"Mandera","Banissa","Malkamari",2015,0
"Mandera","Banissa","Malkamari",2016,0
"Mandera","Banissa","Malkamari",2017,0
"Mandera","Banissa","Malkamari",2018,0
"Mandera","Banissa","Malkamari",2019,0
"Mandera","Banissa","Malkamari",2020,0
"Mandera","Banissa","Malkamari",2021,0
"Mandera","Banissa","Malkamari",2022,0
"Mandera","Banissa","Malkamari",2023,0
"Mandera","Banissa","Malkamari",2024,0
"Mandera","Lafey","Alango Gof",2012,0
"Mandera","Lafey","Alango Gof",2013,0
"Mandera","Lafey","Alango Gof",2014,0
"Mandera","Lafey","Alango Gof",2015,0
"Mandera","Lafey","Alango Gof",2016,0
"Mandera","Lafey","Alango Gof",2017,0
"Mandera","Lafey","Alango Gof",2018,0
"Mandera","Lafey","Alango Gof",2019,0
"Mandera","Lafey","Alango Gof",2020,0
"Mandera","Lafey","Alango Gof",2021,0
"Mandera","Lafey","Alango Gof",2022,0
"Mandera","Lafey","Alango Gof",2023,0
"Mandera","Lafey","Alango Gof",2024,0
"Mandera","Lafey","Lafey",2012,0
"Mandera","Lafey","Lafey",2013,0
"Mandera","Lafey","Lafey",2014,0
"Mandera","Lafey","Lafey",2015,3.77248525619507
"Mandera","Lafey","Lafey",2016,11.7966537475586
"Mandera","Lafey","Lafey",2017,9.29207992553711
"Mandera","Lafey","Lafey",2018,3.98944520950317
"Mandera","Lafey","Lafey",2019,1.32411313056946
"Mandera","Lafey","Lafey",2020,0
"Mandera","Lafey","Lafey",2021,0
"Mandera","Lafey","Lafey",2022,0
"Mandera","Lafey","Lafey",2023,1.65178906917572
"Mandera","Lafey","Lafey",2024,0.568920433521271
"Mandera","Lafey","Libehia",2012,0
"Mandera","Lafey","Libehia",2013,0
"Mandera","Lafey","Libehia",2014,0
"Mandera","Lafey","Libehia",2015,0
"Mandera","Lafey","Libehia",2016,0
"Mandera","Lafey","Libehia",2017,0
"Mandera","Lafey","Libehia",2018,0
"Mandera","Lafey","Libehia",2019,0
"Mandera","Lafey","Libehia",2020,0
"Mandera","Lafey","Libehia",2021,0
"Mandera","Lafey","Libehia",2022,0
"Mandera","Lafey","Libehia",2023,0
"Mandera","Lafey","Libehia",2024,0
"Mandera","Lafey","Waranqara",2012,0
"Mandera","Lafey","Waranqara",2013,0
"Mandera","Lafey","Waranqara",2014,0
"Mandera","Lafey","Waranqara",2015,0
"Mandera","Lafey","Waranqara",2016,0
"Mandera","Lafey","Waranqara",2017,0
"Mandera","Lafey","Waranqara",2018,0
"Mandera","Lafey","Waranqara",2019,0
"Mandera","Lafey","Waranqara",2020,0
"Mandera","Lafey","Waranqara",2021,0
"Mandera","Lafey","Waranqara",2022,0
"Mandera","Lafey","Waranqara",2023,0
"Mandera","Lafey","Waranqara",2024,0
"Mandera","Mandera East","Arabia",2012,0
"Mandera","Mandera East","Arabia",2013,0
"Mandera","Mandera East","Arabia",2014,0
"Mandera","Mandera East","Arabia",2015,0
"Mandera","Mandera East","Arabia",2016,0
"Mandera","Mandera East","Arabia",2017,0
"Mandera","Mandera East","Arabia",2018,0
"Mandera","Mandera East","Arabia",2019,0
"Mandera","Mandera East","Arabia",2020,0
"Mandera","Mandera East","Arabia",2021,0
"Mandera","Mandera East","Arabia",2022,0
"Mandera","Mandera East","Arabia",2023,0
"Mandera","Mandera East","Arabia",2024,0
"Mandera","Mandera East","Bulla Mpya",2012,10.4873352050781
"Mandera","Mandera East","Bulla Mpya",2013,10.2685356140137
"Mandera","Mandera East","Bulla Mpya",2014,17.1500644683838
"Mandera","Mandera East","Bulla Mpya",2015,26.4651699066162
"Mandera","Mandera East","Bulla Mpya",2016,66.6755752563477
"Mandera","Mandera East","Bulla Mpya",2017,68.7253570556641
"Mandera","Mandera East","Bulla Mpya",2018,54.8549423217773
"Mandera","Mandera East","Bulla Mpya",2019,62.4392166137695
"Mandera","Mandera East","Bulla Mpya",2020,82.8793411254883
"Mandera","Mandera East","Bulla Mpya",2021,106.23363494873
"Mandera","Mandera East","Bulla Mpya",2022,93.9198913574219
"Mandera","Mandera East","Bulla Mpya",2023,96.9695739746094
"Mandera","Mandera East","Bulla Mpya",2024,94.7909927368164
"Mandera","Mandera East","Fino",2012,0
"Mandera","Mandera East","Fino",2013,0
"Mandera","Mandera East","Fino",2014,0
"Mandera","Mandera East","Fino",2015,0
"Mandera","Mandera East","Fino",2016,0
"Mandera","Mandera East","Fino",2017,0
"Mandera","Mandera East","Fino",2018,0
"Mandera","Mandera East","Fino",2019,0
"Mandera","Mandera East","Fino",2020,0
"Mandera","Mandera East","Fino",2021,0
"Mandera","Mandera East","Fino",2022,0
"Mandera","Mandera East","Fino",2023,0
"Mandera","Mandera East","Fino",2024,0
"Mandera","Mandera East","Khalalio",2012,0
"Mandera","Mandera East","Khalalio",2013,0
"Mandera","Mandera East","Khalalio",2014,0
"Mandera","Mandera East","Khalalio",2015,0
"Mandera","Mandera East","Khalalio",2016,0
"Mandera","Mandera East","Khalalio",2017,0
"Mandera","Mandera East","Khalalio",2018,0
"Mandera","Mandera East","Khalalio",2019,0
"Mandera","Mandera East","Khalalio",2020,0
"Mandera","Mandera East","Khalalio",2021,0.115533895790577
"Mandera","Mandera East","Khalalio",2022,0
"Mandera","Mandera East","Khalalio",2023,0
"Mandera","Mandera East","Khalalio",2024,0
"Mandera","Mandera East","Neboi",2012,0
"Mandera","Mandera East","Neboi",2013,0
"Mandera","Mandera East","Neboi",2014,0
"Mandera","Mandera East","Neboi",2015,0
"Mandera","Mandera East","Neboi",2016,0
"Mandera","Mandera East","Neboi",2017,0
"Mandera","Mandera East","Neboi",2018,0
"Mandera","Mandera East","Neboi",2019,0
"Mandera","Mandera East","Neboi",2020,0
"Mandera","Mandera East","Neboi",2021,0
"Mandera","Mandera East","Neboi",2022,0
"Mandera","Mandera East","Neboi",2023,0
"Mandera","Mandera East","Neboi",2024,0
"Mandera","Mandera East","Township",2012,34.0828399658203
"Mandera","Mandera East","Township",2013,36.9664573669434
"Mandera","Mandera East","Township",2014,52.7379493713379
"Mandera","Mandera East","Township",2015,75.9531326293945
"Mandera","Mandera East","Township",2016,110.387954711914
"Mandera","Mandera East","Township",2017,144.412658691406
"Mandera","Mandera East","Township",2018,107.864501953125
"Mandera","Mandera East","Township",2019,85.7164840698242
"Mandera","Mandera East","Township",2020,89.7058181762695
"Mandera","Mandera East","Township",2021,115.276031494141
"Mandera","Mandera East","Township",2022,115.781227111816
"Mandera","Mandera East","Township",2023,110.952926635742
"Mandera","Mandera East","Township",2024,108.640007019043
"Mandera","Mandera North","Ashabito",2012,1.5204621553421
"Mandera","Mandera North","Ashabito",2013,0
"Mandera","Mandera North","Ashabito",2014,0
"Mandera","Mandera North","Ashabito",2015,0
"Mandera","Mandera North","Ashabito",2016,0
"Mandera","Mandera North","Ashabito",2017,0
"Mandera","Mandera North","Ashabito",2018,0
"Mandera","Mandera North","Ashabito",2019,0
"Mandera","Mandera North","Ashabito",2020,0
"Mandera","Mandera North","Ashabito",2021,0
"Mandera","Mandera North","Ashabito",2022,0
"Mandera","Mandera North","Ashabito",2023,0
"Mandera","Mandera North","Ashabito",2024,0
"Mandera","Mandera North","Guticha",2012,0
"Mandera","Mandera North","Guticha",2013,0
"Mandera","Mandera North","Guticha",2014,0
"Mandera","Mandera North","Guticha",2015,0
"Mandera","Mandera North","Guticha",2016,0
"Mandera","Mandera North","Guticha",2017,0
"Mandera","Mandera North","Guticha",2018,0
"Mandera","Mandera North","Guticha",2019,4.38669586181641
"Mandera","Mandera North","Guticha",2020,4.52190923690796
"Mandera","Mandera North","Guticha",2021,4.48568439483643
"Mandera","Mandera North","Guticha",2022,3.95021438598633
"Mandera","Mandera North","Guticha",2023,0
"Mandera","Mandera North","Guticha",2024,0
"Mandera","Mandera North","Morothile",2012,0
"Mandera","Mandera North","Morothile",2013,0
"Mandera","Mandera North","Morothile",2014,0
"Mandera","Mandera North","Morothile",2015,0
"Mandera","Mandera North","Morothile",2016,0
"Mandera","Mandera North","Morothile",2017,0
"Mandera","Mandera North","Morothile",2018,0
"Mandera","Mandera North","Morothile",2019,0
"Mandera","Mandera North","Morothile",2020,0
"Mandera","Mandera North","Morothile",2021,0
"Mandera","Mandera North","Morothile",2022,0
"Mandera","Mandera North","Morothile",2023,0
"Mandera","Mandera North","Morothile",2024,0
"Mandera","Mandera North","Rhamu",2012,0
"Mandera","Mandera North","Rhamu",2013,0
"Mandera","Mandera North","Rhamu",2014,0
"Mandera","Mandera North","Rhamu",2015,2.37591099739075
"Mandera","Mandera North","Rhamu",2016,24.3132362365723
"Mandera","Mandera North","Rhamu",2017,17.523021697998
"Mandera","Mandera North","Rhamu",2018,2.07373476028442
"Mandera","Mandera North","Rhamu",2019,0.704656362533569
"Mandera","Mandera North","Rhamu",2020,0
"Mandera","Mandera North","Rhamu",2021,3.84630584716797
"Mandera","Mandera North","Rhamu",2022,11.875958442688
"Mandera","Mandera North","Rhamu",2023,14.833083152771
"Mandera","Mandera North","Rhamu",2024,10.2895336151123
"Mandera","Mandera North","Rhamu-Dimtu",2012,0
"Mandera","Mandera North","Rhamu-Dimtu",2013,0
"Mandera","Mandera North","Rhamu-Dimtu",2014,0
"Mandera","Mandera North","Rhamu-Dimtu",2015,0
"Mandera","Mandera North","Rhamu-Dimtu",2016,0
"Mandera","Mandera North","Rhamu-Dimtu",2017,0
"Mandera","Mandera North","Rhamu-Dimtu",2018,0
"Mandera","Mandera North","Rhamu-Dimtu",2019,0
"Mandera","Mandera North","Rhamu-Dimtu",2020,0
"Mandera","Mandera North","Rhamu-Dimtu",2021,0
"Mandera","Mandera North","Rhamu-Dimtu",2022,0
"Mandera","Mandera North","Rhamu-Dimtu",2023,0
"Mandera","Mandera North","Rhamu-Dimtu",2024,0
"Mandera","Mandera South","Elwak South",2012,2.8609504699707
"Mandera","Mandera South","Elwak South",2013,7.21069622039795
"Mandera","Mandera South","Elwak South",2014,8.92482376098633
"Mandera","Mandera South","Elwak South",2015,32.1400604248047
"Mandera","Mandera South","Elwak South",2016,76.9348754882812
"Mandera","Mandera South","Elwak South",2017,33.1116714477539
"Mandera","Mandera South","Elwak South",2018,3.64514803886414
"Mandera","Mandera South","Elwak South",2019,3.80863332748413
"Mandera","Mandera South","Elwak South",2020,13.7829313278198
"Mandera","Mandera South","Elwak South",2021,28.2093849182129
"Mandera","Mandera South","Elwak South",2022,25.1298274993896
"Mandera","Mandera South","Elwak South",2023,21.5830478668213
"Mandera","Mandera South","Elwak South",2024,24.5118408203125
"Mandera","Mandera South","Kutulo",2012,0
"Mandera","Mandera South","Kutulo",2013,0
"Mandera","Mandera South","Kutulo",2014,0
"Mandera","Mandera South","Kutulo",2015,0
"Mandera","Mandera South","Kutulo",2016,0
"Mandera","Mandera South","Kutulo",2017,0
"Mandera","Mandera South","Kutulo",2018,0
"Mandera","Mandera South","Kutulo",2019,1.45744180679321
"Mandera","Mandera South","Kutulo",2020,3.62245678901672
"Mandera","Mandera South","Kutulo",2021,5.20799350738525
"Mandera","Mandera South","Kutulo",2022,3.34580159187317
"Mandera","Mandera South","Kutulo",2023,0
"Mandera","Mandera South","Kutulo",2024,0.539265036582947
"Mandera","Mandera South","Shimbir Fatuma",2012,0.774391353130341
"Mandera","Mandera South","Shimbir Fatuma",2013,0.972327351570129
"Mandera","Mandera South","Shimbir Fatuma",2014,1.47497689723969
"Mandera","Mandera South","Shimbir Fatuma",2015,9.63142204284668
"Mandera","Mandera South","Shimbir Fatuma",2016,30.7308940887451
"Mandera","Mandera South","Shimbir Fatuma",2017,10.5793752670288
"Mandera","Mandera South","Shimbir Fatuma",2018,1.31590139865875
"Mandera","Mandera South","Shimbir Fatuma",2019,1.17615509033203
"Mandera","Mandera South","Shimbir Fatuma",2020,5.07287073135376
"Mandera","Mandera South","Shimbir Fatuma",2021,10.5038166046143
"Mandera","Mandera South","Shimbir Fatuma",2022,8.96461772918701
"Mandera","Mandera South","Shimbir Fatuma",2023,8.95041942596436
"Mandera","Mandera South","Shimbir Fatuma",2024,10.5549068450928
"Mandera","Mandera South","Wargadud",2012,0
"Mandera","Mandera South","Wargadud",2013,0
"Mandera","Mandera South","Wargadud",2014,0
"Mandera","Mandera South","Wargadud",2015,0
"Mandera","Mandera South","Wargadud",2016,0
"Mandera","Mandera South","Wargadud",2017,0
"Mandera","Mandera South","Wargadud",2018,0
"Mandera","Mandera South","Wargadud",2019,0
"Mandera","Mandera South","Wargadud",2020,0
"Mandera","Mandera South","Wargadud",2021,0
"Mandera","Mandera South","Wargadud",2022,0
"Mandera","Mandera South","Wargadud",2023,0
"Mandera","Mandera South","Wargadud",2024,0
"Mandera","Mandera West","Dandu",2012,0
"Mandera","Mandera West","Dandu",2013,0
"Mandera","Mandera West","Dandu",2014,0
"Mandera","Mandera West","Dandu",2015,0
"Mandera","Mandera West","Dandu",2016,0
"Mandera","Mandera West","Dandu",2017,0
"Mandera","Mandera West","Dandu",2018,0
"Mandera","Mandera West","Dandu",2019,0
"Mandera","Mandera West","Dandu",2020,0
"Mandera","Mandera West","Dandu",2021,0
"Mandera","Mandera West","Dandu",2022,0
"Mandera","Mandera West","Dandu",2023,0
"Mandera","Mandera West","Dandu",2024,0.502387881278992
"Mandera","Mandera West","Gither",2012,0
"Mandera","Mandera West","Gither",2013,0
"Mandera","Mandera West","Gither",2014,0
"Mandera","Mandera West","Gither",2015,0
"Mandera","Mandera West","Gither",2016,0
"Mandera","Mandera West","Gither",2017,0
"Mandera","Mandera West","Gither",2018,0
"Mandera","Mandera West","Gither",2019,0
"Mandera","Mandera West","Gither",2020,0
"Mandera","Mandera West","Gither",2021,0
"Mandera","Mandera West","Gither",2022,0
"Mandera","Mandera West","Gither",2023,0
"Mandera","Mandera West","Gither",2024,0
"Mandera","Mandera West","Lagsure",2012,0
"Mandera","Mandera West","Lagsure",2013,0
"Mandera","Mandera West","Lagsure",2014,0
"Mandera","Mandera West","Lagsure",2015,0
"Mandera","Mandera West","Lagsure",2016,0
"Mandera","Mandera West","Lagsure",2017,0
"Mandera","Mandera West","Lagsure",2018,0
"Mandera","Mandera West","Lagsure",2019,0
"Mandera","Mandera West","Lagsure",2020,0
"Mandera","Mandera West","Lagsure",2021,0
"Mandera","Mandera West","Lagsure",2022,0
"Mandera","Mandera West","Lagsure",2023,0
"Mandera","Mandera West","Lagsure",2024,0
"Mandera","Mandera West","Takaba",2012,0
"Mandera","Mandera West","Takaba",2013,0
"Mandera","Mandera West","Takaba",2014,3.15533661842346
"Mandera","Mandera West","Takaba",2015,9.16742324829102
"Mandera","Mandera West","Takaba",2016,29.496431350708
"Mandera","Mandera West","Takaba",2017,32.0429458618164
"Mandera","Mandera West","Takaba",2018,28.0817527770996
"Mandera","Mandera West","Takaba",2019,25.6950035095215
"Mandera","Mandera West","Takaba",2020,19.247486114502
"Mandera","Mandera West","Takaba",2021,11.2126617431641
"Mandera","Mandera West","Takaba",2022,36.1455421447754
"Mandera","Mandera West","Takaba",2023,39.0615615844727
"Mandera","Mandera West","Takaba",2024,38.3252105712891
"Mandera","Mandera West","Takaba South",2012,0
"Mandera","Mandera West","Takaba South",2013,0
"Mandera","Mandera West","Takaba South",2014,0
"Mandera","Mandera West","Takaba South",2015,0
"Mandera","Mandera West","Takaba South",2016,0
"Mandera","Mandera West","Takaba South",2017,0
"Mandera","Mandera West","Takaba South",2018,0.210631102323532
"Mandera","Mandera West","Takaba South",2019,0
"Mandera","Mandera West","Takaba South",2020,0
"Mandera","Mandera West","Takaba South",2021,0
"Mandera","Mandera West","Takaba South",2022,0
"Mandera","Mandera West","Takaba South",2023,0
"Mandera","Mandera West","Takaba South",2024,0
"Mandera","unknown 1","unknown 1",2012,0
"Mandera","unknown 1","unknown 1",2013,0
"Mandera","unknown 1","unknown 1",2014,0
"Mandera","unknown 1","unknown 1",2015,0
"Mandera","unknown 1","unknown 1",2016,0
"Mandera","unknown 1","unknown 1",2017,0
"Mandera","unknown 1","unknown 1",2018,0
"Mandera","unknown 1","unknown 1",2019,0
"Mandera","unknown 1","unknown 1",2020,0
"Mandera","unknown 1","unknown 1",2021,0
"Mandera","unknown 1","unknown 1",2022,0
"Mandera","unknown 1","unknown 1",2023,0
"Mandera","unknown 1","unknown 1",2024,0
"Marsabit","Laisamis","Kargi/South Horr",2012,0
"Marsabit","Laisamis","Kargi/South Horr",2013,0
"Marsabit","Laisamis","Kargi/South Horr",2014,0
"Marsabit","Laisamis","Kargi/South Horr",2015,0
"Marsabit","Laisamis","Kargi/South Horr",2016,0.543971359729767
"Marsabit","Laisamis","Kargi/South Horr",2017,2.73305583000183
"Marsabit","Laisamis","Kargi/South Horr",2018,8.47908496856689
"Marsabit","Laisamis","Kargi/South Horr",2019,32.592098236084
"Marsabit","Laisamis","Kargi/South Horr",2020,23.7836570739746
"Marsabit","Laisamis","Kargi/South Horr",2021,24.6764907836914
"Marsabit","Laisamis","Kargi/South Horr",2022,22.2372150421143
"Marsabit","Laisamis","Kargi/South Horr",2023,13.8347692489624
"Marsabit","Laisamis","Kargi/South Horr",2024,14.0491552352905
"Marsabit","Laisamis","Korr/Ngurunit",2012,0
"Marsabit","Laisamis","Korr/Ngurunit",2013,0
"Marsabit","Laisamis","Korr/Ngurunit",2014,0
"Marsabit","Laisamis","Korr/Ngurunit",2015,0
"Marsabit","Laisamis","Korr/Ngurunit",2016,0
"Marsabit","Laisamis","Korr/Ngurunit",2017,0
"Marsabit","Laisamis","Korr/Ngurunit",2018,0
"Marsabit","Laisamis","Korr/Ngurunit",2019,0
"Marsabit","Laisamis","Korr/Ngurunit",2020,0
"Marsabit","Laisamis","Korr/Ngurunit",2021,0
"Marsabit","Laisamis","Korr/Ngurunit",2022,0
"Marsabit","Laisamis","Korr/Ngurunit",2023,0
"Marsabit","Laisamis","Korr/Ngurunit",2024,0
"Marsabit","Laisamis","Laisamis",2012,0
"Marsabit","Laisamis","Laisamis",2013,0.816109001636505
"Marsabit","Laisamis","Laisamis",2014,0.597599864006042
"Marsabit","Laisamis","Laisamis",2015,2.39744806289673
"Marsabit","Laisamis","Laisamis",2016,0
"Marsabit","Laisamis","Laisamis",2017,0
"Marsabit","Laisamis","Laisamis",2018,27.6419868469238
"Marsabit","Laisamis","Laisamis",2019,16.7609558105469
"Marsabit","Laisamis","Laisamis",2020,1.98510360717773
"Marsabit","Laisamis","Laisamis",2021,2.68952393531799
"Marsabit","Laisamis","Laisamis",2022,30.798469543457
"Marsabit","Laisamis","Laisamis",2023,33.5360641479492
"Marsabit","Laisamis","Laisamis",2024,27.8939018249512
"Marsabit","Laisamis","Logo Logo",2012,0
"Marsabit","Laisamis","Logo Logo",2013,0.508252799510956
"Marsabit","Laisamis","Logo Logo",2014,15.4833173751831
"Marsabit","Laisamis","Logo Logo",2015,18.81614112854
"Marsabit","Laisamis","Logo Logo",2016,15.8955326080322
"Marsabit","Laisamis","Logo Logo",2017,10.2312965393066
"Marsabit","Laisamis","Logo Logo",2018,12.6792697906494
"Marsabit","Laisamis","Logo Logo",2019,4.94484615325928
"Marsabit","Laisamis","Logo Logo",2020,3.77449131011963
"Marsabit","Laisamis","Logo Logo",2021,0.815904676914215
"Marsabit","Laisamis","Logo Logo",2022,0
"Marsabit","Laisamis","Logo Logo",2023,0
"Marsabit","Laisamis","Logo Logo",2024,0
"Marsabit","Laisamis","Loiyangalani",2012,0
"Marsabit","Laisamis","Loiyangalani",2013,0
"Marsabit","Laisamis","Loiyangalani",2014,0
"Marsabit","Laisamis","Loiyangalani",2015,0.59788191318512
"Marsabit","Laisamis","Loiyangalani",2016,26.8723373413086
"Marsabit","Laisamis","Loiyangalani",2017,27.2157306671143
"Marsabit","Laisamis","Loiyangalani",2018,20.3833065032959
"Marsabit","Laisamis","Loiyangalani",2019,18.5981998443604
"Marsabit","Laisamis","Loiyangalani",2020,14.7207021713257
"Marsabit","Laisamis","Loiyangalani",2021,24.685977935791
"Marsabit","Laisamis","Loiyangalani",2022,33.8870277404785
"Marsabit","Laisamis","Loiyangalani",2023,31.0603084564209
"Marsabit","Laisamis","Loiyangalani",2024,37.7390899658203
"Marsabit","Moyale","Butiye",2012,0
"Marsabit","Moyale","Butiye",2013,0
"Marsabit","Moyale","Butiye",2014,0
"Marsabit","Moyale","Butiye",2015,0
"Marsabit","Moyale","Butiye",2016,0
"Marsabit","Moyale","Butiye",2017,0
"Marsabit","Moyale","Butiye",2018,0
"Marsabit","Moyale","Butiye",2019,0
"Marsabit","Moyale","Butiye",2020,0
"Marsabit","Moyale","Butiye",2021,0
"Marsabit","Moyale","Butiye",2022,0.0545387975871563
"Marsabit","Moyale","Butiye",2023,0.0503637827932835
"Marsabit","Moyale","Butiye",2024,0.0397112183272839
"Marsabit","Moyale","Golbo",2012,0
"Marsabit","Moyale","Golbo",2013,0
"Marsabit","Moyale","Golbo",2014,0
"Marsabit","Moyale","Golbo",2015,0
"Marsabit","Moyale","Golbo",2016,0
"Marsabit","Moyale","Golbo",2017,0
"Marsabit","Moyale","Golbo",2018,0
"Marsabit","Moyale","Golbo",2019,0
"Marsabit","Moyale","Golbo",2020,0
"Marsabit","Moyale","Golbo",2021,0
"Marsabit","Moyale","Golbo",2022,0
"Marsabit","Moyale","Golbo",2023,0
"Marsabit","Moyale","Golbo",2024,0
"Marsabit","Moyale","Heillu/Manyatta",2012,3.92706608772278
"Marsabit","Moyale","Heillu/Manyatta",2013,2.28511905670166
"Marsabit","Moyale","Heillu/Manyatta",2014,2.67811489105225
"Marsabit","Moyale","Heillu/Manyatta",2015,4.29995775222778
"Marsabit","Moyale","Heillu/Manyatta",2016,6.16003227233887
"Marsabit","Moyale","Heillu/Manyatta",2017,15.0275249481201
"Marsabit","Moyale","Heillu/Manyatta",2018,13.7156171798706
"Marsabit","Moyale","Heillu/Manyatta",2019,14.9163637161255
"Marsabit","Moyale","Heillu/Manyatta",2020,15.3959836959839
"Marsabit","Moyale","Heillu/Manyatta",2021,21.5605335235596
"Marsabit","Moyale","Heillu/Manyatta",2022,31.7163677215576
"Marsabit","Moyale","Heillu/Manyatta",2023,46.0358009338379
"Marsabit","Moyale","Heillu/Manyatta",2024,48.1648216247559
"Marsabit","Moyale","Moyale Township",2012,16.5265216827393
"Marsabit","Moyale","Moyale Township",2013,12.2404251098633
"Marsabit","Moyale","Moyale Township",2014,12.4722194671631
"Marsabit","Moyale","Moyale Township",2015,19.9328212738037
"Marsabit","Moyale","Moyale Township",2016,18.9170360565186
"Marsabit","Moyale","Moyale Township",2017,65.2384185791016
"Marsabit","Moyale","Moyale Township",2018,90.0875701904297
"Marsabit","Moyale","Moyale Township",2019,74.2395401000977
"Marsabit","Moyale","Moyale Township",2020,55.9004859924316
"Marsabit","Moyale","Moyale Township",2021,51.5823059082031
"Marsabit","Moyale","Moyale Township",2022,72.1285247802734
"Marsabit","Moyale","Moyale Township",2023,90.1495971679688
"Marsabit","Moyale","Moyale Township",2024,101.210922241211
"Marsabit","Moyale","Obbu",2012,0
"Marsabit","Moyale","Obbu",2013,0
"Marsabit","Moyale","Obbu",2014,0
"Marsabit","Moyale","Obbu",2015,0
"Marsabit","Moyale","Obbu",2016,0
"Marsabit","Moyale","Obbu",2017,0
"Marsabit","Moyale","Obbu",2018,0
"Marsabit","Moyale","Obbu",2019,0
"Marsabit","Moyale","Obbu",2020,0
"Marsabit","Moyale","Obbu",2021,0
"Marsabit","Moyale","Obbu",2022,0
"Marsabit","Moyale","Obbu",2023,0
"Marsabit","Moyale","Obbu",2024,0
"Marsabit","Moyale","Sololo",2012,0
"Marsabit","Moyale","Sololo",2013,0
"Marsabit","Moyale","Sololo",2014,0
"Marsabit","Moyale","Sololo",2015,0
"Marsabit","Moyale","Sololo",2016,0
"Marsabit","Moyale","Sololo",2017,0
"Marsabit","Moyale","Sololo",2018,0
"Marsabit","Moyale","Sololo",2019,0
"Marsabit","Moyale","Sololo",2020,0
"Marsabit","Moyale","Sololo",2021,5.86712312698364
"Marsabit","Moyale","Sololo",2022,8.96677780151367
"Marsabit","Moyale","Sololo",2023,11.5019655227661
"Marsabit","Moyale","Sololo",2024,9.26945018768311
"Marsabit","Moyale","Uran",2012,0
"Marsabit","Moyale","Uran",2013,0
"Marsabit","Moyale","Uran",2014,0.556834161281586
"Marsabit","Moyale","Uran",2015,1.20327126979828
"Marsabit","Moyale","Uran",2016,0
"Marsabit","Moyale","Uran",2017,0
"Marsabit","Moyale","Uran",2018,0
"Marsabit","Moyale","Uran",2019,0
"Marsabit","Moyale","Uran",2020,0
"Marsabit","Moyale","Uran",2021,0
"Marsabit","Moyale","Uran",2022,0
"Marsabit","Moyale","Uran",2023,0
"Marsabit","Moyale","Uran",2024,0
"Marsabit","North Horr","Dukana",2012,0
"Marsabit","North Horr","Dukana",2013,0
"Marsabit","North Horr","Dukana",2014,0
"Marsabit","North Horr","Dukana",2015,0
"Marsabit","North Horr","Dukana",2016,0
"Marsabit","North Horr","Dukana",2017,0
"Marsabit","North Horr","Dukana",2018,0
"Marsabit","North Horr","Dukana",2019,0
"Marsabit","North Horr","Dukana",2020,0
"Marsabit","North Horr","Dukana",2021,0
"Marsabit","North Horr","Dukana",2022,0
"Marsabit","North Horr","Dukana",2023,0
"Marsabit","North Horr","Dukana",2024,0
"Marsabit","North Horr","Illeret",2012,0
"Marsabit","North Horr","Illeret",2013,0
"Marsabit","North Horr","Illeret",2014,0
"Marsabit","North Horr","Illeret",2015,0
"Marsabit","North Horr","Illeret",2016,0
"Marsabit","North Horr","Illeret",2017,0
"Marsabit","North Horr","Illeret",2018,0
"Marsabit","North Horr","Illeret",2019,0
"Marsabit","North Horr","Illeret",2020,0
"Marsabit","North Horr","Illeret",2021,0
"Marsabit","North Horr","Illeret",2022,0
"Marsabit","North Horr","Illeret",2023,0
"Marsabit","North Horr","Illeret",2024,0
"Marsabit","North Horr","Maikona",2012,17.9801979064941
"Marsabit","North Horr","Maikona",2013,15.9951133728027
"Marsabit","North Horr","Maikona",2014,0
"Marsabit","North Horr","Maikona",2015,0
"Marsabit","North Horr","Maikona",2016,0
"Marsabit","North Horr","Maikona",2017,0
"Marsabit","North Horr","Maikona",2018,0
"Marsabit","North Horr","Maikona",2019,0
"Marsabit","North Horr","Maikona",2020,0
"Marsabit","North Horr","Maikona",2021,0
"Marsabit","North Horr","Maikona",2022,0
"Marsabit","North Horr","Maikona",2023,0
"Marsabit","North Horr","Maikona",2024,0
"Marsabit","North Horr","North Horr",2012,0
"Marsabit","North Horr","North Horr",2013,0
"Marsabit","North Horr","North Horr",2014,0
"Marsabit","North Horr","North Horr",2015,0
"Marsabit","North Horr","North Horr",2016,0
"Marsabit","North Horr","North Horr",2017,0
"Marsabit","North Horr","North Horr",2018,0
"Marsabit","North Horr","North Horr",2019,0
"Marsabit","North Horr","North Horr",2020,0
"Marsabit","North Horr","North Horr",2021,0
"Marsabit","North Horr","North Horr",2022,3.03276133537292
"Marsabit","North Horr","North Horr",2023,0.590840339660645
"Marsabit","North Horr","North Horr",2024,1.03876888751984
"Marsabit","North Horr","Turbi",2012,0
"Marsabit","North Horr","Turbi",2013,0
"Marsabit","North Horr","Turbi",2014,0.672250509262085
"Marsabit","North Horr","Turbi",2015,0
"Marsabit","North Horr","Turbi",2016,0
"Marsabit","North Horr","Turbi",2017,0
"Marsabit","North Horr","Turbi",2018,0
"Marsabit","North Horr","Turbi",2019,0
"Marsabit","North Horr","Turbi",2020,0
"Marsabit","North Horr","Turbi",2021,0
"Marsabit","North Horr","Turbi",2022,0
"Marsabit","North Horr","Turbi",2023,0
"Marsabit","North Horr","Turbi",2024,0
"Marsabit","Saku","Karare",2012,0.559393763542175
"Marsabit","Saku","Karare",2013,0.717558145523071
"Marsabit","Saku","Karare",2014,1.28463912010193
"Marsabit","Saku","Karare",2015,1.89946246147156
"Marsabit","Saku","Karare",2016,1.8797562122345
"Marsabit","Saku","Karare",2017,5.18661975860596
"Marsabit","Saku","Karare",2018,11.8376712799072
"Marsabit","Saku","Karare",2019,6.41831588745117
"Marsabit","Saku","Karare",2020,1.7229391336441
"Marsabit","Saku","Karare",2021,6.63097095489502
"Marsabit","Saku","Karare",2022,9.93255615234375
"Marsabit","Saku","Karare",2023,15.0518274307251
"Marsabit","Saku","Karare",2024,13.6086339950562
"Marsabit","Saku","Marsabit Central",2012,20.3422870635986
"Marsabit","Saku","Marsabit Central",2013,34.3812942504883
"Marsabit","Saku","Marsabit Central",2014,36.7551498413086
"Marsabit","Saku","Marsabit Central",2015,59.0981674194336
"Marsabit","Saku","Marsabit Central",2016,47.585319519043
"Marsabit","Saku","Marsabit Central",2017,74.7418594360352
"Marsabit","Saku","Marsabit Central",2018,102.46849822998
"Marsabit","Saku","Marsabit Central",2019,76.7734451293945
"Marsabit","Saku","Marsabit Central",2020,66.8263549804688
"Marsabit","Saku","Marsabit Central",2021,71.8066253662109
"Marsabit","Saku","Marsabit Central",2022,116.479881286621
"Marsabit","Saku","Marsabit Central",2023,123.5546875
"Marsabit","Saku","Marsabit Central",2024,134.251358032227
"Marsabit","Saku","Sagante/Jaldesa",2012,1.14369773864746
"Marsabit","Saku","Sagante/Jaldesa",2013,0
"Marsabit","Saku","Sagante/Jaldesa",2014,0
"Marsabit","Saku","Sagante/Jaldesa",2015,0
"Marsabit","Saku","Sagante/Jaldesa",2016,0
"Marsabit","Saku","Sagante/Jaldesa",2017,0.499419987201691
"Marsabit","Saku","Sagante/Jaldesa",2018,0.668562114238739
"Marsabit","Saku","Sagante/Jaldesa",2019,0
"Marsabit","Saku","Sagante/Jaldesa",2020,0
"Marsabit","Saku","Sagante/Jaldesa",2021,0
"Marsabit","Saku","Sagante/Jaldesa",2022,0
"Marsabit","Saku","Sagante/Jaldesa",2023,0.120301350951195
"Marsabit","Saku","Sagante/Jaldesa",2024,0.578181743621826
"Meru","Buuri","Kibirichia",2012,1.1447970867157
"Meru","Buuri","Kibirichia",2013,0
"Meru","Buuri","Kibirichia",2014,1.03450202941895
"Meru","Buuri","Kibirichia",2015,1.849036693573
"Meru","Buuri","Kibirichia",2016,0
"Meru","Buuri","Kibirichia",2017,0.554084420204163
"Meru","Buuri","Kibirichia",2018,11.4641571044922
"Meru","Buuri","Kibirichia",2019,8.95608997344971
"Meru","Buuri","Kibirichia",2020,4.24966526031494
"Meru","Buuri","Kibirichia",2021,5.58298110961914
"Meru","Buuri","Kibirichia",2022,12.1394701004028
"Meru","Buuri","Kibirichia",2023,13.1483469009399
"Meru","Buuri","Kibirichia",2024,28.1193351745605
"Meru","Buuri","Kiirua/Naari",2012,3.50466537475586
"Meru","Buuri","Kiirua/Naari",2013,2.91627788543701
"Meru","Buuri","Kiirua/Naari",2014,0.579495787620544
"Meru","Buuri","Kiirua/Naari",2015,1.13712692260742
"Meru","Buuri","Kiirua/Naari",2016,2.32064628601074
"Meru","Buuri","Kiirua/Naari",2017,2.87609076499939
"Meru","Buuri","Kiirua/Naari",2018,2.49653697013855
"Meru","Buuri","Kiirua/Naari",2019,2.47117280960083
"Meru","Buuri","Kiirua/Naari",2020,4.09627151489258
"Meru","Buuri","Kiirua/Naari",2021,22.9671573638916
"Meru","Buuri","Kiirua/Naari",2022,53.5294189453125
"Meru","Buuri","Kiirua/Naari",2023,54.6182594299316
"Meru","Buuri","Kiirua/Naari",2024,61.1205635070801
"Meru","Buuri","Kisima",2012,62.418643951416
"Meru","Buuri","Kisima",2013,47.2023887634277
"Meru","Buuri","Kisima",2014,57.2175407409668
"Meru","Buuri","Kisima",2015,54.4057998657227
"Meru","Buuri","Kisima",2016,76.0283966064453
"Meru","Buuri","Kisima",2017,43.9346694946289
"Meru","Buuri","Kisima",2018,45.2868881225586
"Meru","Buuri","Kisima",2019,44.405445098877
"Meru","Buuri","Kisima",2020,82.9714584350586
"Meru","Buuri","Kisima",2021,177.216567993164
"Meru","Buuri","Kisima",2022,247.117065429688
"Meru","Buuri","Kisima",2023,241.718826293945
"Meru","Buuri","Kisima",2024,206.255950927734
"Meru","Buuri","Ruiri/Rwarera",2012,1.10313105583191
"Meru","Buuri","Ruiri/Rwarera",2013,0
"Meru","Buuri","Ruiri/Rwarera",2014,0.607662498950958
"Meru","Buuri","Ruiri/Rwarera",2015,9.13318347930908
"Meru","Buuri","Ruiri/Rwarera",2016,11.4743347167969
"Meru","Buuri","Ruiri/Rwarera",2017,15.8847875595093
"Meru","Buuri","Ruiri/Rwarera",2018,28.9500122070312
"Meru","Buuri","Ruiri/Rwarera",2019,27.3344688415527
"Meru","Buuri","Ruiri/Rwarera",2020,19.8447551727295
"Meru","Buuri","Ruiri/Rwarera",2021,16.4881992340088
"Meru","Buuri","Ruiri/Rwarera",2022,40.8910636901855
"Meru","Buuri","Ruiri/Rwarera",2023,45.1689109802246
"Meru","Buuri","Ruiri/Rwarera",2024,50.2553100585938
"Meru","Buuri","Timau",2012,216.9013671875
"Meru","Buuri","Timau",2013,437.819274902344
"Meru","Buuri","Timau",2014,520.513244628906
"Meru","Buuri","Timau",2015,544.175842285156
"Meru","Buuri","Timau",2016,533.418212890625
"Meru","Buuri","Timau",2017,636.110290527344
"Meru","Buuri","Timau",2018,623.338195800781
"Meru","Buuri","Timau",2019,627.523986816406
"Meru","Buuri","Timau",2020,447.451629638672
"Meru","Buuri","Timau",2021,566.965759277344
"Meru","Buuri","Timau",2022,635.558349609375
"Meru","Buuri","Timau",2023,687.984436035156
"Meru","Buuri","Timau",2024,724.561096191406
"Meru","Central Imenti","Abothuguchi Central",2012,2.74151015281677
"Meru","Central Imenti","Abothuguchi Central",2013,3.46057534217834
"Meru","Central Imenti","Abothuguchi Central",2014,5.32101106643677
"Meru","Central Imenti","Abothuguchi Central",2015,5.11519956588745
"Meru","Central Imenti","Abothuguchi Central",2016,6.87377309799194
"Meru","Central Imenti","Abothuguchi Central",2017,44.0569839477539
"Meru","Central Imenti","Abothuguchi Central",2018,46.0468482971191
"Meru","Central Imenti","Abothuguchi Central",2019,44.0527496337891
"Meru","Central Imenti","Abothuguchi Central",2020,29.808521270752
"Meru","Central Imenti","Abothuguchi Central",2021,60.0642738342285
"Meru","Central Imenti","Abothuguchi Central",2022,131.986801147461
"Meru","Central Imenti","Abothuguchi Central",2023,148.478302001953
"Meru","Central Imenti","Abothuguchi Central",2024,160.188995361328
"Meru","Central Imenti","Abothuguchi West",2012,0
"Meru","Central Imenti","Abothuguchi West",2013,0
"Meru","Central Imenti","Abothuguchi West",2014,0
"Meru","Central Imenti","Abothuguchi West",2015,0
"Meru","Central Imenti","Abothuguchi West",2016,0.625180900096893
"Meru","Central Imenti","Abothuguchi West",2017,0.972763121128082
"Meru","Central Imenti","Abothuguchi West",2018,0.576838076114655
"Meru","Central Imenti","Abothuguchi West",2019,0
"Meru","Central Imenti","Abothuguchi West",2020,1.80969977378845
"Meru","Central Imenti","Abothuguchi West",2021,0.674272060394287
"Meru","Central Imenti","Abothuguchi West",2022,18.9788722991943
"Meru","Central Imenti","Abothuguchi West",2023,19.6459865570068
"Meru","Central Imenti","Abothuguchi West",2024,22.3770542144775
"Meru","Central Imenti","Mwanganthia",2012,9.5109977722168
"Meru","Central Imenti","Mwanganthia",2013,7.31910991668701
"Meru","Central Imenti","Mwanganthia",2014,8.43824577331543
"Meru","Central Imenti","Mwanganthia",2015,6.68530750274658
"Meru","Central Imenti","Mwanganthia",2016,2.84380149841309
"Meru","Central Imenti","Mwanganthia",2017,4.80641412734985
"Meru","Central Imenti","Mwanganthia",2018,5.08310890197754
"Meru","Central Imenti","Mwanganthia",2019,2.38537359237671
"Meru","Central Imenti","Mwanganthia",2020,2.81330180168152
"Meru","Central Imenti","Mwanganthia",2021,14.289402961731
"Meru","Central Imenti","Mwanganthia",2022,40.8184242248535
"Meru","Central Imenti","Mwanganthia",2023,93.1197280883789
"Meru","Central Imenti","Mwanganthia",2024,106.829193115234
"Meru","Igembe Central","Akirang'Ondu",2012,0
"Meru","Igembe Central","Akirang'Ondu",2013,0
"Meru","Igembe Central","Akirang'Ondu",2014,0
"Meru","Igembe Central","Akirang'Ondu",2015,0.00801147148013115
"Meru","Igembe Central","Akirang'Ondu",2016,0
"Meru","Igembe Central","Akirang'Ondu",2017,0.501071095466614
"Meru","Igembe Central","Akirang'Ondu",2018,3.30885076522827
"Meru","Igembe Central","Akirang'Ondu",2019,1.68476951122284
"Meru","Igembe Central","Akirang'Ondu",2020,7.68286561965942
"Meru","Igembe Central","Akirang'Ondu",2021,13.8741388320923
"Meru","Igembe Central","Akirang'Ondu",2022,28.7733287811279
"Meru","Igembe Central","Akirang'Ondu",2023,22.4880886077881
"Meru","Igembe Central","Akirang'Ondu",2024,31.2388973236084
"Meru","Igembe Central","Athiru Ruujine",2012,0.504740595817566
"Meru","Igembe Central","Athiru Ruujine",2013,0
"Meru","Igembe Central","Athiru Ruujine",2014,0
"Meru","Igembe Central","Athiru Ruujine",2015,0
"Meru","Igembe Central","Athiru Ruujine",2016,0
"Meru","Igembe Central","Athiru Ruujine",2017,0
"Meru","Igembe Central","Athiru Ruujine",2018,0
"Meru","Igembe Central","Athiru Ruujine",2019,0
"Meru","Igembe Central","Athiru Ruujine",2020,0
"Meru","Igembe Central","Athiru Ruujine",2021,0.53498637676239
"Meru","Igembe Central","Athiru Ruujine",2022,5.83997249603271
"Meru","Igembe Central","Athiru Ruujine",2023,9.58387470245361
"Meru","Igembe Central","Athiru Ruujine",2024,13.4922714233398
"Meru","Igembe Central","Igembe East",2012,0.529753565788269
"Meru","Igembe Central","Igembe East",2013,0
"Meru","Igembe Central","Igembe East",2014,0
"Meru","Igembe Central","Igembe East",2015,0
"Meru","Igembe Central","Igembe East",2016,2.31081914901733
"Meru","Igembe Central","Igembe East",2017,3.46767210960388
"Meru","Igembe Central","Igembe East",2018,2.76099848747253
"Meru","Igembe Central","Igembe East",2019,4.13719367980957
"Meru","Igembe Central","Igembe East",2020,5.19137096405029
"Meru","Igembe Central","Igembe East",2021,10.5945377349854
"Meru","Igembe Central","Igembe East",2022,14.6899194717407
"Meru","Igembe Central","Igembe East",2023,14.8851375579834
"Meru","Igembe Central","Igembe East",2024,23.69748878479
"Meru","Igembe Central","Kangeta",2012,0.573912441730499
"Meru","Igembe Central","Kangeta",2013,1.14175868034363
"Meru","Igembe Central","Kangeta",2014,0.653037011623383
"Meru","Igembe Central","Kangeta",2015,0.639705777168274
"Meru","Igembe Central","Kangeta",2016,2.73652505874634
"Meru","Igembe Central","Kangeta",2017,1.33971762657166
"Meru","Igembe Central","Kangeta",2018,1.70073866844177
"Meru","Igembe Central","Kangeta",2019,11.0096101760864
"Meru","Igembe Central","Kangeta",2020,5.63673210144043
"Meru","Igembe Central","Kangeta",2021,17.9192447662354
"Meru","Igembe Central","Kangeta",2022,38.8765640258789
"Meru","Igembe Central","Kangeta",2023,36.6433334350586
"Meru","Igembe Central","Kangeta",2024,29.2275276184082
"Meru","Igembe Central","Njia",2012,0
"Meru","Igembe Central","Njia",2013,0
"Meru","Igembe Central","Njia",2014,0.825809955596924
"Meru","Igembe Central","Njia",2015,1.91802275180817
"Meru","Igembe Central","Njia",2016,3.69208216667175
"Meru","Igembe Central","Njia",2017,7.92973470687866
"Meru","Igembe Central","Njia",2018,11.6167907714844
"Meru","Igembe Central","Njia",2019,8.69467449188232
"Meru","Igembe Central","Njia",2020,21.9501819610596
"Meru","Igembe Central","Njia",2021,46.644214630127
"Meru","Igembe Central","Njia",2022,56.3276786804199
"Meru","Igembe Central","Njia",2023,42.6725082397461
"Meru","Igembe Central","Njia",2024,49.4833564758301
"Meru","Igembe North","Amwathi",2012,0.931132912635803
"Meru","Igembe North","Amwathi",2013,0
"Meru","Igembe North","Amwathi",2014,0
"Meru","Igembe North","Amwathi",2015,0.598749399185181
"Meru","Igembe North","Amwathi",2016,0.0783871114253998
"Meru","Igembe North","Amwathi",2017,0.629482984542847
"Meru","Igembe North","Amwathi",2018,0
"Meru","Igembe North","Amwathi",2019,0.56395423412323
"Meru","Igembe North","Amwathi",2020,0.0747237652540207
"Meru","Igembe North","Amwathi",2021,0.905093610286713
"Meru","Igembe North","Amwathi",2022,7.70554494857788
"Meru","Igembe North","Amwathi",2023,5.78227567672729
"Meru","Igembe North","Amwathi",2024,1.66980719566345
"Meru","Igembe North","Antuambui",2012,0.175559312105179
"Meru","Igembe North","Antuambui",2013,0.885205805301666
"Meru","Igembe North","Antuambui",2014,0.99410206079483
"Meru","Igembe North","Antuambui",2015,0.278023570775986
"Meru","Igembe North","Antuambui",2016,1.43451178073883
"Meru","Igembe North","Antuambui",2017,1.10226213932037
"Meru","Igembe North","Antuambui",2018,2.30653762817383
"Meru","Igembe North","Antuambui",2019,1.2005170583725
"Meru","Igembe North","Antuambui",2020,0.978433132171631
"Meru","Igembe North","Antuambui",2021,8.24539279937744
"Meru","Igembe North","Antuambui",2022,18.7359066009521
"Meru","Igembe North","Antuambui",2023,16.994743347168
"Meru","Igembe North","Antuambui",2024,16.3483333587646
"Meru","Igembe North","Antubetwe Kiongo",2012,0
"Meru","Igembe North","Antubetwe Kiongo",2013,0
"Meru","Igembe North","Antubetwe Kiongo",2014,0
"Meru","Igembe North","Antubetwe Kiongo",2015,0
"Meru","Igembe North","Antubetwe Kiongo",2016,0.595580697059631
"Meru","Igembe North","Antubetwe Kiongo",2017,1.17909920215607
"Meru","Igembe North","Antubetwe Kiongo",2018,1.76888144016266
"Meru","Igembe North","Antubetwe Kiongo",2019,0
"Meru","Igembe North","Antubetwe Kiongo",2020,0
"Meru","Igembe North","Antubetwe Kiongo",2021,0.856730818748474
"Meru","Igembe North","Antubetwe Kiongo",2022,3.39860653877258
"Meru","Igembe North","Antubetwe Kiongo",2023,4.85875701904297
"Meru","Igembe North","Antubetwe Kiongo",2024,2.51279306411743
"Meru","Igembe North","Naathu",2012,6.62518787384033
"Meru","Igembe North","Naathu",2013,2.99572086334229
"Meru","Igembe North","Naathu",2014,2.49387454986572
"Meru","Igembe North","Naathu",2015,4.58103370666504
"Meru","Igembe North","Naathu",2016,4.14925718307495
"Meru","Igembe North","Naathu",2017,4.64906120300293
"Meru","Igembe North","Naathu",2018,4.38727760314941
"Meru","Igembe North","Naathu",2019,5.40099143981934
"Meru","Igembe North","Naathu",2020,7.26927471160889
"Meru","Igembe North","Naathu",2021,9.8551549911499
"Meru","Igembe North","Naathu",2022,15.1548614501953
"Meru","Igembe North","Naathu",2023,18.220458984375
"Meru","Igembe North","Naathu",2024,10.5203590393066
"Meru","Igembe North","Ntunene",2012,1.52114081382751
"Meru","Igembe North","Ntunene",2013,1.93316912651062
"Meru","Igembe North","Ntunene",2014,2.95863699913025
"Meru","Igembe North","Ntunene",2015,2.93013453483582
"Meru","Igembe North","Ntunene",2016,3.88990473747253
"Meru","Igembe North","Ntunene",2017,3.80676674842834
"Meru","Igembe North","Ntunene",2018,5.75941896438599
"Meru","Igembe North","Ntunene",2019,5.67336940765381
"Meru","Igembe North","Ntunene",2020,6.8460373878479
"Meru","Igembe North","Ntunene",2021,17.5376300811768
"Meru","Igembe North","Ntunene",2022,25.725170135498
"Meru","Igembe North","Ntunene",2023,22.1955795288086
"Meru","Igembe North","Ntunene",2024,22.7601432800293
"Meru","Igembe South","Akachiu",2012,1.18600845336914
"Meru","Igembe South","Akachiu",2013,0
"Meru","Igembe South","Akachiu",2014,1.48519313335419
"Meru","Igembe South","Akachiu",2015,0.971073150634766
"Meru","Igembe South","Akachiu",2016,0
"Meru","Igembe South","Akachiu",2017,1.0073037147522
"Meru","Igembe South","Akachiu",2018,1.00800693035126
"Meru","Igembe South","Akachiu",2019,7.30965137481689
"Meru","Igembe South","Akachiu",2020,0.58370715379715
"Meru","Igembe South","Akachiu",2021,6.66627597808838
"Meru","Igembe South","Akachiu",2022,13.3651657104492
"Meru","Igembe South","Akachiu",2023,9.02996730804443
"Meru","Igembe South","Akachiu",2024,11.3325414657593
"Meru","Igembe South","Athiru Gaiti",2012,0
"Meru","Igembe South","Athiru Gaiti",2013,0
"Meru","Igembe South","Athiru Gaiti",2014,0
"Meru","Igembe South","Athiru Gaiti",2015,0
"Meru","Igembe South","Athiru Gaiti",2016,0
"Meru","Igembe South","Athiru Gaiti",2017,0
"Meru","Igembe South","Athiru Gaiti",2018,0.952847599983215
"Meru","Igembe South","Athiru Gaiti",2019,5.36898994445801
"Meru","Igembe South","Athiru Gaiti",2020,1.23233020305634
"Meru","Igembe South","Athiru Gaiti",2021,4.30057191848755
"Meru","Igembe South","Athiru Gaiti",2022,6.09341478347778
"Meru","Igembe South","Athiru Gaiti",2023,5.90091848373413
"Meru","Igembe South","Athiru Gaiti",2024,8.8338623046875
"Meru","Igembe South","Kanuni",2012,0
"Meru","Igembe South","Kanuni",2013,0.505575656890869
"Meru","Igembe South","Kanuni",2014,1.54521441459656
"Meru","Igembe South","Kanuni",2015,1.62187767028809
"Meru","Igembe South","Kanuni",2016,0.514241814613342
"Meru","Igembe South","Kanuni",2017,1.6501327753067
"Meru","Igembe South","Kanuni",2018,2.99632835388184
"Meru","Igembe South","Kanuni",2019,9.99165439605713
"Meru","Igembe South","Kanuni",2020,5.45643424987793
"Meru","Igembe South","Kanuni",2021,9.82264614105225
"Meru","Igembe South","Kanuni",2022,23.2064685821533
"Meru","Igembe South","Kanuni",2023,23.8725090026855
"Meru","Igembe South","Kanuni",2024,22.8778285980225
"Meru","Igembe South","Kiegoi/Antubochiu",2012,2.49759483337402
"Meru","Igembe South","Kiegoi/Antubochiu",2013,3.49753832817078
"Meru","Igembe South","Kiegoi/Antubochiu",2014,6.11665678024292
"Meru","Igembe South","Kiegoi/Antubochiu",2015,3.41818046569824
"Meru","Igembe South","Kiegoi/Antubochiu",2016,1.67342591285706
"Meru","Igembe South","Kiegoi/Antubochiu",2017,16.2640781402588
"Meru","Igembe South","Kiegoi/Antubochiu",2018,22.370433807373
"Meru","Igembe South","Kiegoi/Antubochiu",2019,25.0351085662842
"Meru","Igembe South","Kiegoi/Antubochiu",2020,15.030309677124
"Meru","Igembe South","Kiegoi/Antubochiu",2021,21.42262840271
"Meru","Igembe South","Kiegoi/Antubochiu",2022,39.6723175048828
"Meru","Igembe South","Kiegoi/Antubochiu",2023,33.4003753662109
"Meru","Igembe South","Kiegoi/Antubochiu",2024,36.4206237792969
"Meru","Igembe South","Maua",2012,30.4323863983154
"Meru","Igembe South","Maua",2013,32.7165565490723
"Meru","Igembe South","Maua",2014,56.2863082885742
"Meru","Igembe South","Maua",2015,43.306755065918
"Meru","Igembe South","Maua",2016,43.6788597106934
"Meru","Igembe South","Maua",2017,98.9600219726562
"Meru","Igembe South","Maua",2018,115.395080566406
"Meru","Igembe South","Maua",2019,112.780281066895
"Meru","Igembe South","Maua",2020,97.5212173461914
"Meru","Igembe South","Maua",2021,123.478515625
"Meru","Igembe South","Maua",2022,141.312026977539
"Meru","Igembe South","Maua",2023,135.073211669922
"Meru","Igembe South","Maua",2024,167.159912109375
"Meru","North Imenti","Municipality",2012,83.5547790527344
"Meru","North Imenti","Municipality",2013,86.1762771606445
"Meru","North Imenti","Municipality",2014,73.6390380859375
"Meru","North Imenti","Municipality",2015,97.2125091552734
"Meru","North Imenti","Municipality",2016,140.267837524414
"Meru","North Imenti","Municipality",2017,300.459930419922
"Meru","North Imenti","Municipality",2018,311.373138427734
"Meru","North Imenti","Municipality",2019,288.398468017578
"Meru","North Imenti","Municipality",2020,249.093292236328
"Meru","North Imenti","Municipality",2021,292.808502197266
"Meru","North Imenti","Municipality",2022,309.957397460938
"Meru","North Imenti","Municipality",2023,311.958129882812
"Meru","North Imenti","Municipality",2024,317.485076904297
"Meru","North Imenti","Ntima East",2012,22.8625774383545
"Meru","North Imenti","Ntima East",2013,25.527379989624
"Meru","North Imenti","Ntima East",2014,30.4493141174316
"Meru","North Imenti","Ntima East",2015,41.4230155944824
"Meru","North Imenti","Ntima East",2016,70.9509887695312
"Meru","North Imenti","Ntima East",2017,154.889785766602
"Meru","North Imenti","Ntima East",2018,151.437637329102
"Meru","North Imenti","Ntima East",2019,139.125503540039
"Meru","North Imenti","Ntima East",2020,127.654838562012
"Meru","North Imenti","Ntima East",2021,175.638641357422
"Meru","North Imenti","Ntima East",2022,189.644866943359
"Meru","North Imenti","Ntima East",2023,189.675277709961
"Meru","North Imenti","Ntima East",2024,199.735198974609
"Meru","North Imenti","Ntima West",2012,12.8580827713013
"Meru","North Imenti","Ntima West",2013,12.6038017272949
"Meru","North Imenti","Ntima West",2014,13.2652912139893
"Meru","North Imenti","Ntima West",2015,16.5502643585205
"Meru","North Imenti","Ntima West",2016,23.6697330474854
"Meru","North Imenti","Ntima West",2017,71.5354690551758
"Meru","North Imenti","Ntima West",2018,75.8592681884766
"Meru","North Imenti","Ntima West",2019,61.249137878418
"Meru","North Imenti","Ntima West",2020,55.8280067443848
"Meru","North Imenti","Ntima West",2021,95.0406188964844
"Meru","North Imenti","Ntima West",2022,138.701812744141
"Meru","North Imenti","Ntima West",2023,150.433715820312
"Meru","North Imenti","Ntima West",2024,159.621398925781
"Meru","North Imenti","Nyaki East",2012,0.510500133037567
"Meru","North Imenti","Nyaki East",2013,0.5426886677742
"Meru","North Imenti","Nyaki East",2014,0
"Meru","North Imenti","Nyaki East",2015,0.586931049823761
"Meru","North Imenti","Nyaki East",2016,1.54479598999023
"Meru","North Imenti","Nyaki East",2017,5.11316919326782
"Meru","North Imenti","Nyaki East",2018,7.93614816665649
"Meru","North Imenti","Nyaki East",2019,4.18255233764648
"Meru","North Imenti","Nyaki East",2020,4.3144063949585
"Meru","North Imenti","Nyaki East",2021,16.4107933044434
"Meru","North Imenti","Nyaki East",2022,38.5949401855469
"Meru","North Imenti","Nyaki East",2023,34.4628105163574
"Meru","North Imenti","Nyaki East",2024,49.9872703552246
"Meru","North Imenti","Nyaki West",2012,26.4873580932617
"Meru","North Imenti","Nyaki West",2013,28.4564418792725
"Meru","North Imenti","Nyaki West",2014,30.6002349853516
"Meru","North Imenti","Nyaki West",2015,37.0719985961914
"Meru","North Imenti","Nyaki West",2016,35.396312713623
"Meru","North Imenti","Nyaki West",2017,114.947288513184
"Meru","North Imenti","Nyaki West",2018,150.990875244141
"Meru","North Imenti","Nyaki West",2019,137.198623657227
"Meru","North Imenti","Nyaki West",2020,142.718292236328
"Meru","North Imenti","Nyaki West",2021,208.819244384766
"Meru","North Imenti","Nyaki West",2022,291.593841552734
"Meru","North Imenti","Nyaki West",2023,288.880584716797
"Meru","North Imenti","Nyaki West",2024,301.876403808594
"Meru","South Imenti","Abogeta East",2012,0.493317723274231
"Meru","South Imenti","Abogeta East",2013,0.447258591651917
"Meru","South Imenti","Abogeta East",2014,1.20205652713776
"Meru","South Imenti","Abogeta East",2015,1.09413254261017
"Meru","South Imenti","Abogeta East",2016,3.67009329795837
"Meru","South Imenti","Abogeta East",2017,12.5471277236938
"Meru","South Imenti","Abogeta East",2018,28.6995315551758
"Meru","South Imenti","Abogeta East",2019,26.4180011749268
"Meru","South Imenti","Abogeta East",2020,17.3151817321777
"Meru","South Imenti","Abogeta East",2021,32.724536895752
"Meru","South Imenti","Abogeta East",2022,143.590606689453
"Meru","South Imenti","Abogeta East",2023,114.037673950195
"Meru","South Imenti","Abogeta East",2024,135.857040405273
"Meru","South Imenti","Abogeta West",2012,5.93042313994374e-05
"Meru","South Imenti","Abogeta West",2013,0.492660075426102
"Meru","South Imenti","Abogeta West",2014,0
"Meru","South Imenti","Abogeta West",2015,0
"Meru","South Imenti","Abogeta West",2016,1.64011454582214
"Meru","South Imenti","Abogeta West",2017,1.83578372001648
"Meru","South Imenti","Abogeta West",2018,3.39331245422363
"Meru","South Imenti","Abogeta West",2019,5.05441665649414
"Meru","South Imenti","Abogeta West",2020,2.1571569442749
"Meru","South Imenti","Abogeta West",2021,14.4007806777954
"Meru","South Imenti","Abogeta West",2022,98.3302459716797
"Meru","South Imenti","Abogeta West",2023,88.8860397338867
"Meru","South Imenti","Abogeta West",2024,103.486549377441
"Meru","South Imenti","Igoji East",2012,1.1162611246109
"Meru","South Imenti","Igoji East",2013,1.11345481872559
"Meru","South Imenti","Igoji East",2014,1.73589301109314
"Meru","South Imenti","Igoji East",2015,6.10657644271851
"Meru","South Imenti","Igoji East",2016,7.7310996055603
"Meru","South Imenti","Igoji East",2017,9.50041484832764
"Meru","South Imenti","Igoji East",2018,23.1013774871826
"Meru","South Imenti","Igoji East",2019,20.4462223052979
"Meru","South Imenti","Igoji East",2020,15.4262685775757
"Meru","South Imenti","Igoji East",2021,26.916877746582
"Meru","South Imenti","Igoji East",2022,60.2104873657227
"Meru","South Imenti","Igoji East",2023,64.1158752441406
"Meru","South Imenti","Igoji East",2024,65.9617919921875
"Meru","South Imenti","Igoji West",2012,0.999722242355347
"Meru","South Imenti","Igoji West",2013,5.90412569046021
"Meru","South Imenti","Igoji West",2014,4.81494903564453
"Meru","South Imenti","Igoji West",2015,4.55272436141968
"Meru","South Imenti","Igoji West",2016,1.4102828502655
"Meru","South Imenti","Igoji West",2017,0.658577442169189
"Meru","South Imenti","Igoji West",2018,4.76147127151489
"Meru","South Imenti","Igoji West",2019,0
"Meru","South Imenti","Igoji West",2020,0.632077097892761
"Meru","South Imenti","Igoji West",2021,2.96239137649536
"Meru","South Imenti","Igoji West",2022,20.8760566711426
"Meru","South Imenti","Igoji West",2023,29.0589771270752
"Meru","South Imenti","Igoji West",2024,37.9445762634277
"Meru","South Imenti","Mitunguu",2012,1.17657589912415
"Meru","South Imenti","Mitunguu",2013,2.64076948165894
"Meru","South Imenti","Mitunguu",2014,3.55647969245911
"Meru","South Imenti","Mitunguu",2015,5.95208263397217
"Meru","South Imenti","Mitunguu",2016,5.93334770202637
"Meru","South Imenti","Mitunguu",2017,11.14821434021
"Meru","South Imenti","Mitunguu",2018,18.4231357574463
"Meru","South Imenti","Mitunguu",2019,20.3668594360352
"Meru","South Imenti","Mitunguu",2020,22.8988475799561
"Meru","South Imenti","Mitunguu",2021,27.6711616516113
"Meru","South Imenti","Mitunguu",2022,63.0227241516113
"Meru","South Imenti","Mitunguu",2023,63.6081199645996
"Meru","South Imenti","Mitunguu",2024,89.1226959228516
"Meru","South Imenti","Nkuene",2012,35.0375709533691
"Meru","South Imenti","Nkuene",2013,29.3258094787598
"Meru","South Imenti","Nkuene",2014,29.1609287261963
"Meru","South Imenti","Nkuene",2015,35.6823234558105
"Meru","South Imenti","Nkuene",2016,57.9189949035645
"Meru","South Imenti","Nkuene",2017,192.67643737793
"Meru","South Imenti","Nkuene",2018,211.602798461914
"Meru","South Imenti","Nkuene",2019,221.374984741211
"Meru","South Imenti","Nkuene",2020,180.307510375977
"Meru","South Imenti","Nkuene",2021,205.479537963867
"Meru","South Imenti","Nkuene",2022,335.449188232422
"Meru","South Imenti","Nkuene",2023,344.562469482422
"Meru","South Imenti","Nkuene",2024,413.589782714844
"Meru","Tigania East","Karama",2012,0
"Meru","Tigania East","Karama",2013,0
"Meru","Tigania East","Karama",2014,0
"Meru","Tigania East","Karama",2015,0
"Meru","Tigania East","Karama",2016,1.61204242706299
"Meru","Tigania East","Karama",2017,1.51404976844788
"Meru","Tigania East","Karama",2018,1.34619355201721
"Meru","Tigania East","Karama",2019,2.30100274085999
"Meru","Tigania East","Karama",2020,1.33835220336914
"Meru","Tigania East","Karama",2021,2.30521035194397
"Meru","Tigania East","Karama",2022,4.32686853408813
"Meru","Tigania East","Karama",2023,6.05664777755737
"Meru","Tigania East","Karama",2024,9.4911470413208
"Meru","Tigania East","Kiguchwa",2012,1.81680917739868
"Meru","Tigania East","Kiguchwa",2013,5.67938899993896
"Meru","Tigania East","Kiguchwa",2014,9.33957672119141
"Meru","Tigania East","Kiguchwa",2015,4.57163763046265
"Meru","Tigania East","Kiguchwa",2016,2.30699396133423
"Meru","Tigania East","Kiguchwa",2017,5.69396829605103
"Meru","Tigania East","Kiguchwa",2018,4.70717430114746
"Meru","Tigania East","Kiguchwa",2019,3.5256233215332
"Meru","Tigania East","Kiguchwa",2020,2.28620362281799
"Meru","Tigania East","Kiguchwa",2021,2.90899586677551
"Meru","Tigania East","Kiguchwa",2022,10.7699394226074
"Meru","Tigania East","Kiguchwa",2023,15.2245330810547
"Meru","Tigania East","Kiguchwa",2024,20.4382381439209
"Meru","Tigania East","Mikinduri",2012,0.686409056186676
"Meru","Tigania East","Mikinduri",2013,1.44127929210663
"Meru","Tigania East","Mikinduri",2014,1.97036910057068
"Meru","Tigania East","Mikinduri",2015,2.46292638778687
"Meru","Tigania East","Mikinduri",2016,4.99861860275269
"Meru","Tigania East","Mikinduri",2017,1.56923365592957
"Meru","Tigania East","Mikinduri",2018,4.42422866821289
"Meru","Tigania East","Mikinduri",2019,14.4210338592529
"Meru","Tigania East","Mikinduri",2020,17.1324901580811
"Meru","Tigania East","Mikinduri",2021,25.7131462097168
"Meru","Tigania East","Mikinduri",2022,70.7891998291016
"Meru","Tigania East","Mikinduri",2023,91.0666580200195
"Meru","Tigania East","Mikinduri",2024,81.1273040771484
"Meru","Tigania East","Muthara",2012,16.0493030548096
"Meru","Tigania East","Muthara",2013,25.2913780212402
"Meru","Tigania East","Muthara",2014,28.9596977233887
"Meru","Tigania East","Muthara",2015,22.0616874694824
"Meru","Tigania East","Muthara",2016,31.0544567108154
"Meru","Tigania East","Muthara",2017,44.3501167297363
"Meru","Tigania East","Muthara",2018,46.3400535583496
"Meru","Tigania East","Muthara",2019,40.633861541748
"Meru","Tigania East","Muthara",2020,43.1012878417969
"Meru","Tigania East","Muthara",2021,71.8952331542969
"Meru","Tigania East","Muthara",2022,125.214614868164
"Meru","Tigania East","Muthara",2023,116.236358642578
"Meru","Tigania East","Muthara",2024,103.196571350098
"Meru","Tigania East","Thangatha",2012,0
"Meru","Tigania East","Thangatha",2013,0
"Meru","Tigania East","Thangatha",2014,0
"Meru","Tigania East","Thangatha",2015,0
"Meru","Tigania East","Thangatha",2016,0
"Meru","Tigania East","Thangatha",2017,0
"Meru","Tigania East","Thangatha",2018,0
"Meru","Tigania East","Thangatha",2019,0
"Meru","Tigania East","Thangatha",2020,0
"Meru","Tigania East","Thangatha",2021,0.0194546692073345
"Meru","Tigania East","Thangatha",2022,6.51778173446655
"Meru","Tigania East","Thangatha",2023,8.54804706573486
"Meru","Tigania East","Thangatha",2024,5.4508638381958
"Meru","Tigania West","Akithii",2012,0.452863693237305
"Meru","Tigania West","Akithii",2013,0.345806419849396
"Meru","Tigania West","Akithii",2014,0.59310257434845
"Meru","Tigania West","Akithii",2015,0.848089814186096
"Meru","Tigania West","Akithii",2016,1.00030481815338
"Meru","Tigania West","Akithii",2017,1.69701051712036
"Meru","Tigania West","Akithii",2018,1.80455791950226
"Meru","Tigania West","Akithii",2019,2.74311971664429
"Meru","Tigania West","Akithii",2020,4.03113508224487
"Meru","Tigania West","Akithii",2021,12.8207130432129
"Meru","Tigania West","Akithii",2022,35.4461441040039
"Meru","Tigania West","Akithii",2023,33.1337509155273
"Meru","Tigania West","Akithii",2024,30.7306327819824
"Meru","Tigania West","Athwana",2012,0.734066605567932
"Meru","Tigania West","Athwana",2013,0.507375478744507
"Meru","Tigania West","Athwana",2014,0
"Meru","Tigania West","Athwana",2015,0
"Meru","Tigania West","Athwana",2016,0
"Meru","Tigania West","Athwana",2017,0
"Meru","Tigania West","Athwana",2018,0
"Meru","Tigania West","Athwana",2019,0
"Meru","Tigania West","Athwana",2020,0
"Meru","Tigania West","Athwana",2021,3.96016907691956
"Meru","Tigania West","Athwana",2022,20.9883918762207
"Meru","Tigania West","Athwana",2023,17.5991859436035
"Meru","Tigania West","Athwana",2024,23.631404876709
"Meru","Tigania West","Kianjai",2012,1.02545809745789
"Meru","Tigania West","Kianjai",2013,1.23431324958801
"Meru","Tigania West","Kianjai",2014,1.96634888648987
"Meru","Tigania West","Kianjai",2015,2.49590373039246
"Meru","Tigania West","Kianjai",2016,3.6845977306366
"Meru","Tigania West","Kianjai",2017,18.3248634338379
"Meru","Tigania West","Kianjai",2018,40.6255798339844
"Meru","Tigania West","Kianjai",2019,41.7155227661133
"Meru","Tigania West","Kianjai",2020,29.5504283905029
"Meru","Tigania West","Kianjai",2021,58.5848541259766
"Meru","Tigania West","Kianjai",2022,114.736793518066
"Meru","Tigania West","Kianjai",2023,121.514457702637
"Meru","Tigania West","Kianjai",2024,106.143325805664
"Meru","Tigania West","Mbeu",2012,0
"Meru","Tigania West","Mbeu",2013,0
"Meru","Tigania West","Mbeu",2014,0
"Meru","Tigania West","Mbeu",2015,0
"Meru","Tigania West","Mbeu",2016,0
"Meru","Tigania West","Mbeu",2017,0
"Meru","Tigania West","Mbeu",2018,0
"Meru","Tigania West","Mbeu",2019,0
"Meru","Tigania West","Mbeu",2020,0
"Meru","Tigania West","Mbeu",2021,5.49333953857422
"Meru","Tigania West","Mbeu",2022,16.839958190918
"Meru","Tigania West","Mbeu",2023,18.5734176635742
"Meru","Tigania West","Mbeu",2024,8.81840229034424
"Meru","Tigania West","Nkomo",2012,1.50887763500214
"Meru","Tigania West","Nkomo",2013,2.86832189559937
"Meru","Tigania West","Nkomo",2014,3.31542730331421
"Meru","Tigania West","Nkomo",2015,6.48336601257324
"Meru","Tigania West","Nkomo",2016,8.30577373504639
"Meru","Tigania West","Nkomo",2017,8.01704120635986
"Meru","Tigania West","Nkomo",2018,16.6500473022461
"Meru","Tigania West","Nkomo",2019,15.7554788589478
"Meru","Tigania West","Nkomo",2020,10.2434997558594
"Meru","Tigania West","Nkomo",2021,27.1848678588867
"Meru","Tigania West","Nkomo",2022,69.3365020751953
"Meru","Tigania West","Nkomo",2023,100.172317504883
"Meru","Tigania West","Nkomo",2024,86.7820587158203
"Meru","unknown 5","unknown 5",2012,0
"Meru","unknown 5","unknown 5",2013,0
"Meru","unknown 5","unknown 5",2014,0
"Meru","unknown 5","unknown 5",2015,0
"Meru","unknown 5","unknown 5",2016,0
"Meru","unknown 5","unknown 5",2017,0
"Meru","unknown 5","unknown 5",2018,0
"Meru","unknown 5","unknown 5",2019,0
"Meru","unknown 5","unknown 5",2020,0
"Meru","unknown 5","unknown 5",2021,0
"Meru","unknown 5","unknown 5",2022,0.0511018186807632
"Meru","unknown 5","unknown 5",2023,0
"Meru","unknown 5","unknown 5",2024,0
"Migori","Awendo","Central Sakwa",2012,14.1264915466309
"Migori","Awendo","Central Sakwa",2013,18.4408664703369
"Migori","Awendo","Central Sakwa",2014,12.8856191635132
"Migori","Awendo","Central Sakwa",2015,15.317774772644
"Migori","Awendo","Central Sakwa",2016,16.0315685272217
"Migori","Awendo","Central Sakwa",2017,16.6006126403809
"Migori","Awendo","Central Sakwa",2018,22.2674427032471
"Migori","Awendo","Central Sakwa",2019,31.1599140167236
"Migori","Awendo","Central Sakwa",2020,18.1704959869385
"Migori","Awendo","Central Sakwa",2021,28.6559009552002
"Migori","Awendo","Central Sakwa",2022,53.3062400817871
"Migori","Awendo","Central Sakwa",2023,80.0740203857422
"Migori","Awendo","Central Sakwa",2024,73.6613082885742
"Migori","Awendo","North Sakwa",2012,0.584358215332031
"Migori","Awendo","North Sakwa",2013,0.691444277763367
"Migori","Awendo","North Sakwa",2014,0.621349930763245
"Migori","Awendo","North Sakwa",2015,0.76528126001358
"Migori","Awendo","North Sakwa",2016,1.25424611568451
"Migori","Awendo","North Sakwa",2017,0.711445987224579
"Migori","Awendo","North Sakwa",2018,1.00711715221405
"Migori","Awendo","North Sakwa",2019,7.40281391143799
"Migori","Awendo","North Sakwa",2020,4.93956995010376
"Migori","Awendo","North Sakwa",2021,12.6259050369263
"Migori","Awendo","North Sakwa",2022,21.85813331604
"Migori","Awendo","North Sakwa",2023,40.6842231750488
"Migori","Awendo","North Sakwa",2024,54.6194190979004
"Migori","Awendo","South Sakwa",2012,17.5114250183105
"Migori","Awendo","South Sakwa",2013,16.1285991668701
"Migori","Awendo","South Sakwa",2014,14.4589290618896
"Migori","Awendo","South Sakwa",2015,19.5117359161377
"Migori","Awendo","South Sakwa",2016,18.5688896179199
"Migori","Awendo","South Sakwa",2017,34.7915916442871
"Migori","Awendo","South Sakwa",2018,39.8674201965332
"Migori","Awendo","South Sakwa",2019,66.5494537353516
"Migori","Awendo","South Sakwa",2020,39.8887176513672
"Migori","Awendo","South Sakwa",2021,56.4438591003418
"Migori","Awendo","South Sakwa",2022,79.967170715332
"Migori","Awendo","South Sakwa",2023,134.543426513672
"Migori","Awendo","South Sakwa",2024,128.932754516602
"Migori","Awendo","West Sakwa",2012,1.07194042205811
"Migori","Awendo","West Sakwa",2013,0
"Migori","Awendo","West Sakwa",2014,0
"Migori","Awendo","West Sakwa",2015,0
"Migori","Awendo","West Sakwa",2016,0
"Migori","Awendo","West Sakwa",2017,0
"Migori","Awendo","West Sakwa",2018,0.340687185525894
"Migori","Awendo","West Sakwa",2019,5.80182123184204
"Migori","Awendo","West Sakwa",2020,7.13625574111938
"Migori","Awendo","West Sakwa",2021,10.1915893554688
"Migori","Awendo","West Sakwa",2022,22.9284934997559
"Migori","Awendo","West Sakwa",2023,44.383975982666
"Migori","Awendo","West Sakwa",2024,37.595401763916
"Migori","Kuria East","Gokeharaka/Getambwega",2012,0
"Migori","Kuria East","Gokeharaka/Getambwega",2013,0
"Migori","Kuria East","Gokeharaka/Getambwega",2014,0
"Migori","Kuria East","Gokeharaka/Getambwega",2015,0
"Migori","Kuria East","Gokeharaka/Getambwega",2016,0
"Migori","Kuria East","Gokeharaka/Getambwega",2017,0
"Migori","Kuria East","Gokeharaka/Getambwega",2018,0
"Migori","Kuria East","Gokeharaka/Getambwega",2019,0
"Migori","Kuria East","Gokeharaka/Getambwega",2020,1.12078285217285
"Migori","Kuria East","Gokeharaka/Getambwega",2021,15.5593595504761
"Migori","Kuria East","Gokeharaka/Getambwega",2022,26.3596096038818
"Migori","Kuria East","Gokeharaka/Getambwega",2023,23.9685096740723
"Migori","Kuria East","Gokeharaka/Getambwega",2024,15.0428476333618
"Migori","Kuria East","Ntimaru East",2012,0
"Migori","Kuria East","Ntimaru East",2013,0
"Migori","Kuria East","Ntimaru East",2014,0
"Migori","Kuria East","Ntimaru East",2015,0
"Migori","Kuria East","Ntimaru East",2016,0
"Migori","Kuria East","Ntimaru East",2017,0
"Migori","Kuria East","Ntimaru East",2018,0
"Migori","Kuria East","Ntimaru East",2019,0
"Migori","Kuria East","Ntimaru East",2020,0
"Migori","Kuria East","Ntimaru East",2021,2.71740436553955
"Migori","Kuria East","Ntimaru East",2022,5.52929925918579
"Migori","Kuria East","Ntimaru East",2023,2.1091685295105
"Migori","Kuria East","Ntimaru East",2024,2.74632501602173
"Migori","Kuria East","Ntimaru West",2012,0
"Migori","Kuria East","Ntimaru West",2013,0
"Migori","Kuria East","Ntimaru West",2014,0
"Migori","Kuria East","Ntimaru West",2015,0
"Migori","Kuria East","Ntimaru West",2016,0
"Migori","Kuria East","Ntimaru West",2017,0
"Migori","Kuria East","Ntimaru West",2018,9.38861846923828
"Migori","Kuria East","Ntimaru West",2019,12.3950290679932
"Migori","Kuria East","Ntimaru West",2020,8.4103422164917
"Migori","Kuria East","Ntimaru West",2021,17.7550010681152
"Migori","Kuria East","Ntimaru West",2022,16.3590068817139
"Migori","Kuria East","Ntimaru West",2023,22.5177326202393
"Migori","Kuria East","Ntimaru West",2024,22.210298538208
"Migori","Kuria East","Nyabasi East",2012,0
"Migori","Kuria East","Nyabasi East",2013,0
"Migori","Kuria East","Nyabasi East",2014,0
"Migori","Kuria East","Nyabasi East",2015,0
"Migori","Kuria East","Nyabasi East",2016,0
"Migori","Kuria East","Nyabasi East",2017,0
"Migori","Kuria East","Nyabasi East",2018,0
"Migori","Kuria East","Nyabasi East",2019,11.2054119110107
"Migori","Kuria East","Nyabasi East",2020,5.95456838607788
"Migori","Kuria East","Nyabasi East",2021,18.3598346710205
"Migori","Kuria East","Nyabasi East",2022,27.1832942962646
"Migori","Kuria East","Nyabasi East",2023,21.24387550354
"Migori","Kuria East","Nyabasi East",2024,10.3026695251465
"Migori","Kuria East","Nyabasi West",2012,0
"Migori","Kuria East","Nyabasi West",2013,0
"Migori","Kuria East","Nyabasi West",2014,0
"Migori","Kuria East","Nyabasi West",2015,0
"Migori","Kuria East","Nyabasi West",2016,0
"Migori","Kuria East","Nyabasi West",2017,0
"Migori","Kuria East","Nyabasi West",2018,0
"Migori","Kuria East","Nyabasi West",2019,3.02539801597595
"Migori","Kuria East","Nyabasi West",2020,11.262508392334
"Migori","Kuria East","Nyabasi West",2021,22.1975288391113
"Migori","Kuria East","Nyabasi West",2022,30.2634544372559
"Migori","Kuria East","Nyabasi West",2023,20.1625499725342
"Migori","Kuria East","Nyabasi West",2024,22.4425373077393
"Migori","Kuria West","Bukira Centrl/Ikerege",2012,0.507954061031342
"Migori","Kuria West","Bukira Centrl/Ikerege",2013,0
"Migori","Kuria West","Bukira Centrl/Ikerege",2014,0
"Migori","Kuria West","Bukira Centrl/Ikerege",2015,0
"Migori","Kuria West","Bukira Centrl/Ikerege",2016,0
"Migori","Kuria West","Bukira Centrl/Ikerege",2017,0
"Migori","Kuria West","Bukira Centrl/Ikerege",2018,0
"Migori","Kuria West","Bukira Centrl/Ikerege",2019,0
"Migori","Kuria West","Bukira Centrl/Ikerege",2020,0
"Migori","Kuria West","Bukira Centrl/Ikerege",2021,0
"Migori","Kuria West","Bukira Centrl/Ikerege",2022,1.88080811500549
"Migori","Kuria West","Bukira Centrl/Ikerege",2023,1.84404468536377
"Migori","Kuria West","Bukira Centrl/Ikerege",2024,2.04598736763
"Migori","Kuria West","Bukira East",2012,3.40804004669189
"Migori","Kuria West","Bukira East",2013,12.6792669296265
"Migori","Kuria West","Bukira East",2014,14.6464138031006
"Migori","Kuria West","Bukira East",2015,10.250093460083
"Migori","Kuria West","Bukira East",2016,3.22108435630798
"Migori","Kuria West","Bukira East",2017,6.25670862197876
"Migori","Kuria West","Bukira East",2018,12.706883430481
"Migori","Kuria West","Bukira East",2019,19.256706237793
"Migori","Kuria West","Bukira East",2020,9.84825992584229
"Migori","Kuria West","Bukira East",2021,17.4477157592773
"Migori","Kuria West","Bukira East",2022,22.819486618042
"Migori","Kuria West","Bukira East",2023,33.5579643249512
"Migori","Kuria West","Bukira East",2024,38.861946105957
"Migori","Kuria West","Isibania",2012,11.6275587081909
"Migori","Kuria West","Isibania",2013,12.4084739685059
"Migori","Kuria West","Isibania",2014,9.66962432861328
"Migori","Kuria West","Isibania",2015,35.5689353942871
"Migori","Kuria West","Isibania",2016,17.2129173278809
"Migori","Kuria West","Isibania",2017,39.9698677062988
"Migori","Kuria West","Isibania",2018,40.5814399719238
"Migori","Kuria West","Isibania",2019,46.3586959838867
"Migori","Kuria West","Isibania",2020,41.8138999938965
"Migori","Kuria West","Isibania",2021,61.9994812011719
"Migori","Kuria West","Isibania",2022,92.5329818725586
"Migori","Kuria West","Isibania",2023,115.15242767334
"Migori","Kuria West","Isibania",2024,106.96516418457
"Migori","Kuria West","Makerero",2012,0
"Migori","Kuria West","Makerero",2013,0
"Migori","Kuria West","Makerero",2014,0
"Migori","Kuria West","Makerero",2015,0.00456147780641913
"Migori","Kuria West","Makerero",2016,0
"Migori","Kuria West","Makerero",2017,0.00762062985450029
"Migori","Kuria West","Makerero",2018,0.00873243622481823
"Migori","Kuria West","Makerero",2019,1.11166417598724
"Migori","Kuria West","Makerero",2020,0.509284794330597
"Migori","Kuria West","Makerero",2021,4.97657012939453
"Migori","Kuria West","Makerero",2022,14.0715017318726
"Migori","Kuria West","Makerero",2023,31.498815536499
"Migori","Kuria West","Makerero",2024,27.383674621582
"Migori","Kuria West","Masaba",2012,0
"Migori","Kuria West","Masaba",2013,0
"Migori","Kuria West","Masaba",2014,0
"Migori","Kuria West","Masaba",2015,0
"Migori","Kuria West","Masaba",2016,0
"Migori","Kuria West","Masaba",2017,0.517246067523956
"Migori","Kuria West","Masaba",2018,1.09438145160675
"Migori","Kuria West","Masaba",2019,1.7565929889679
"Migori","Kuria West","Masaba",2020,1.27736234664917
"Migori","Kuria West","Masaba",2021,3.33483934402466
"Migori","Kuria West","Masaba",2022,2.35141706466675
"Migori","Kuria West","Masaba",2023,2.30890250205994
"Migori","Kuria West","Masaba",2024,1.74846827983856
"Migori","Kuria West","Nyamosense/Komosoko",2012,0
"Migori","Kuria West","Nyamosense/Komosoko",2013,0
"Migori","Kuria West","Nyamosense/Komosoko",2014,0.576232254505157
"Migori","Kuria West","Nyamosense/Komosoko",2015,0.510984182357788
"Migori","Kuria West","Nyamosense/Komosoko",2016,0
"Migori","Kuria West","Nyamosense/Komosoko",2017,0
"Migori","Kuria West","Nyamosense/Komosoko",2018,0
"Migori","Kuria West","Nyamosense/Komosoko",2019,1.28683960437775
"Migori","Kuria West","Nyamosense/Komosoko",2020,4.9173789024353
"Migori","Kuria West","Nyamosense/Komosoko",2021,7.26578283309937
"Migori","Kuria West","Nyamosense/Komosoko",2022,16.1011447906494
"Migori","Kuria West","Nyamosense/Komosoko",2023,23.4118232727051
"Migori","Kuria West","Nyamosense/Komosoko",2024,31.4150810241699
"Migori","Kuria West","Tagare",2012,0
"Migori","Kuria West","Tagare",2013,0
"Migori","Kuria West","Tagare",2014,1.02642869949341
"Migori","Kuria West","Tagare",2015,2.13565397262573
"Migori","Kuria West","Tagare",2016,2.51335000991821
"Migori","Kuria West","Tagare",2017,3.58990049362183
"Migori","Kuria West","Tagare",2018,4.19027996063232
"Migori","Kuria West","Tagare",2019,8.25126457214355
"Migori","Kuria West","Tagare",2020,6.4842472076416
"Migori","Kuria West","Tagare",2021,12.0668277740479
"Migori","Kuria West","Tagare",2022,21.4202823638916
"Migori","Kuria West","Tagare",2023,36.9650497436523
"Migori","Kuria West","Tagare",2024,30.2196006774902
"Migori","Nyatike","Got Kachola",2012,0
"Migori","Nyatike","Got Kachola",2013,0
"Migori","Nyatike","Got Kachola",2014,0
"Migori","Nyatike","Got Kachola",2015,0
"Migori","Nyatike","Got Kachola",2016,0
"Migori","Nyatike","Got Kachola",2017,0
"Migori","Nyatike","Got Kachola",2018,0
"Migori","Nyatike","Got Kachola",2019,0
"Migori","Nyatike","Got Kachola",2020,0
"Migori","Nyatike","Got Kachola",2021,0
"Migori","Nyatike","Got Kachola",2022,2.24905967712402
"Migori","Nyatike","Got Kachola",2023,10.696141242981
"Migori","Nyatike","Got Kachola",2024,4.68696880340576
"Migori","Nyatike","Kachien'G",2012,0.515727639198303
"Migori","Nyatike","Kachien'G",2013,1.7569180727005
"Migori","Nyatike","Kachien'G",2014,2.70980501174927
"Migori","Nyatike","Kachien'G",2015,4.30168485641479
"Migori","Nyatike","Kachien'G",2016,2.82370781898499
"Migori","Nyatike","Kachien'G",2017,1.59435892105103
"Migori","Nyatike","Kachien'G",2018,3.84308958053589
"Migori","Nyatike","Kachien'G",2019,24.6611766815186
"Migori","Nyatike","Kachien'G",2020,23.8049602508545
"Migori","Nyatike","Kachien'G",2021,27.7679500579834
"Migori","Nyatike","Kachien'G",2022,39.2877578735352
"Migori","Nyatike","Kachien'G",2023,56.8548393249512
"Migori","Nyatike","Kachien'G",2024,48.1905364990234
"Migori","Nyatike","Kaler",2012,0
"Migori","Nyatike","Kaler",2013,0
"Migori","Nyatike","Kaler",2014,0
"Migori","Nyatike","Kaler",2015,0
"Migori","Nyatike","Kaler",2016,0
"Migori","Nyatike","Kaler",2017,0
"Migori","Nyatike","Kaler",2018,0
"Migori","Nyatike","Kaler",2019,0
"Migori","Nyatike","Kaler",2020,0
"Migori","Nyatike","Kaler",2021,0
"Migori","Nyatike","Kaler",2022,0
"Migori","Nyatike","Kaler",2023,0.474524199962616
"Migori","Nyatike","Kaler",2024,5.74013948440552
"Migori","Nyatike","Kanyasa",2012,0
"Migori","Nyatike","Kanyasa",2013,0
"Migori","Nyatike","Kanyasa",2014,0
"Migori","Nyatike","Kanyasa",2015,0
"Migori","Nyatike","Kanyasa",2016,0
"Migori","Nyatike","Kanyasa",2017,0
"Migori","Nyatike","Kanyasa",2018,0
"Migori","Nyatike","Kanyasa",2019,0.222466453909874
"Migori","Nyatike","Kanyasa",2020,0.667579054832458
"Migori","Nyatike","Kanyasa",2021,0.268608331680298
"Migori","Nyatike","Kanyasa",2022,3.90428471565247
"Migori","Nyatike","Kanyasa",2023,8.54009819030762
"Migori","Nyatike","Kanyasa",2024,6.63972997665405
"Migori","Nyatike","Macalder/Kanyarwanda",2012,1.17909097671509
"Migori","Nyatike","Macalder/Kanyarwanda",2013,1.0334165096283
"Migori","Nyatike","Macalder/Kanyarwanda",2014,1.0405638217926
"Migori","Nyatike","Macalder/Kanyarwanda",2015,1.33696603775024
"Migori","Nyatike","Macalder/Kanyarwanda",2016,0
"Migori","Nyatike","Macalder/Kanyarwanda",2017,0
"Migori","Nyatike","Macalder/Kanyarwanda",2018,0.516500532627106
"Migori","Nyatike","Macalder/Kanyarwanda",2019,0
"Migori","Nyatike","Macalder/Kanyarwanda",2020,0
"Migori","Nyatike","Macalder/Kanyarwanda",2021,0.577148258686066
"Migori","Nyatike","Macalder/Kanyarwanda",2022,19.6000537872314
"Migori","Nyatike","Macalder/Kanyarwanda",2023,26.8846111297607
"Migori","Nyatike","Macalder/Kanyarwanda",2024,36.6996116638184
"Migori","Nyatike","Muhuru",2012,0.510555148124695
"Migori","Nyatike","Muhuru",2013,0.51680052280426
"Migori","Nyatike","Muhuru",2014,0
"Migori","Nyatike","Muhuru",2015,0.53715968132019
"Migori","Nyatike","Muhuru",2016,0
"Migori","Nyatike","Muhuru",2017,0
"Migori","Nyatike","Muhuru",2018,1.60180330276489
"Migori","Nyatike","Muhuru",2019,10.9859638214111
"Migori","Nyatike","Muhuru",2020,6.08500623703003
"Migori","Nyatike","Muhuru",2021,4.88105154037476
"Migori","Nyatike","Muhuru",2022,5.71819972991943
"Migori","Nyatike","Muhuru",2023,11.1352233886719
"Migori","Nyatike","Muhuru",2024,8.9538402557373
"Migori","Nyatike","North Kadem",2012,0
"Migori","Nyatike","North Kadem",2013,0
"Migori","Nyatike","North Kadem",2014,0
"Migori","Nyatike","North Kadem",2015,0
"Migori","Nyatike","North Kadem",2016,0
"Migori","Nyatike","North Kadem",2017,0
"Migori","Nyatike","North Kadem",2018,0
"Migori","Nyatike","North Kadem",2019,0
"Migori","Nyatike","North Kadem",2020,0
"Migori","Nyatike","North Kadem",2021,0
"Migori","Nyatike","North Kadem",2022,20.3732662200928
"Migori","Nyatike","North Kadem",2023,32.5054817199707
"Migori","Nyatike","North Kadem",2024,18.2878437042236
"Migori","Rongo","Central Kamagambo",2012,30.3055229187012
"Migori","Rongo","Central Kamagambo",2013,29.2781429290771
"Migori","Rongo","Central Kamagambo",2014,29.1134910583496
"Migori","Rongo","Central Kamagambo",2015,39.0967102050781
"Migori","Rongo","Central Kamagambo",2016,41.5314826965332
"Migori","Rongo","Central Kamagambo",2017,49.1652374267578
"Migori","Rongo","Central Kamagambo",2018,66.9162063598633
"Migori","Rongo","Central Kamagambo",2019,69.3051528930664
"Migori","Rongo","Central Kamagambo",2020,81.9559020996094
"Migori","Rongo","Central Kamagambo",2021,91.8697967529297
"Migori","Rongo","Central Kamagambo",2022,115.002006530762
"Migori","Rongo","Central Kamagambo",2023,154.031875610352
"Migori","Rongo","Central Kamagambo",2024,182.99006652832
"Migori","Rongo","East Kamagambo",2012,0.574335217475891
"Migori","Rongo","East Kamagambo",2013,0.0522425472736359
"Migori","Rongo","East Kamagambo",2014,0.525656640529633
"Migori","Rongo","East Kamagambo",2015,1.20541393756866
"Migori","Rongo","East Kamagambo",2016,0
"Migori","Rongo","East Kamagambo",2017,0
"Migori","Rongo","East Kamagambo",2018,1.96909463405609
"Migori","Rongo","East Kamagambo",2019,2.3804190158844
"Migori","Rongo","East Kamagambo",2020,2.57828569412231
"Migori","Rongo","East Kamagambo",2021,7.96251153945923
"Migori","Rongo","East Kamagambo",2022,14.1643724441528
"Migori","Rongo","East Kamagambo",2023,58.6960792541504
"Migori","Rongo","East Kamagambo",2024,90.7546615600586
"Migori","Rongo","North Kamagambo",2012,2.62727427482605
"Migori","Rongo","North Kamagambo",2013,2.02606868743896
"Migori","Rongo","North Kamagambo",2014,0
"Migori","Rongo","North Kamagambo",2015,2.40574884414673
"Migori","Rongo","North Kamagambo",2016,5.27757358551025
"Migori","Rongo","North Kamagambo",2017,4.28692674636841
"Migori","Rongo","North Kamagambo",2018,7.10754585266113
"Migori","Rongo","North Kamagambo",2019,1.19282865524292
"Migori","Rongo","North Kamagambo",2020,0.604536175727844
"Migori","Rongo","North Kamagambo",2021,0.619728684425354
"Migori","Rongo","North Kamagambo",2022,2.26633358001709
"Migori","Rongo","North Kamagambo",2023,3.46753835678101
"Migori","Rongo","North Kamagambo",2024,12.0442485809326
"Migori","Rongo","South Kamagambo",2012,0
"Migori","Rongo","South Kamagambo",2013,1.85194218158722
"Migori","Rongo","South Kamagambo",2014,0.6598259806633
"Migori","Rongo","South Kamagambo",2015,9.34961700439453
"Migori","Rongo","South Kamagambo",2016,6.8876314163208
"Migori","Rongo","South Kamagambo",2017,8.45331001281738
"Migori","Rongo","South Kamagambo",2018,13.1297464370728
"Migori","Rongo","South Kamagambo",2019,20.7824649810791
"Migori","Rongo","South Kamagambo",2020,20.5681991577148
"Migori","Rongo","South Kamagambo",2021,31.3110218048096
"Migori","Rongo","South Kamagambo",2022,43.2007255554199
"Migori","Rongo","South Kamagambo",2023,59.5867080688477
"Migori","Rongo","South Kamagambo",2024,95.8003005981445
"Migori","Suna East","God Jope",2012,0
"Migori","Suna East","God Jope",2013,0
"Migori","Suna East","God Jope",2014,0
"Migori","Suna East","God Jope",2015,0.530483245849609
"Migori","Suna East","God Jope",2016,0
"Migori","Suna East","God Jope",2017,0.029332285746932
"Migori","Suna East","God Jope",2018,0.42586213350296
"Migori","Suna East","God Jope",2019,2.28201270103455
"Migori","Suna East","God Jope",2020,0.933603823184967
"Migori","Suna East","God Jope",2021,4.37182331085205
"Migori","Suna East","God Jope",2022,13.1010007858276
"Migori","Suna East","God Jope",2023,20.7803115844727
"Migori","Suna East","God Jope",2024,26.2168197631836
"Migori","Suna East","Kakrao",2012,0.756348609924316
"Migori","Suna East","Kakrao",2013,0.561204195022583
"Migori","Suna East","Kakrao",2014,0.250690758228302
"Migori","Suna East","Kakrao",2015,1.05264663696289
"Migori","Suna East","Kakrao",2016,0.594517290592194
"Migori","Suna East","Kakrao",2017,3.27033352851868
"Migori","Suna East","Kakrao",2018,9.76169872283936
"Migori","Suna East","Kakrao",2019,15.8999862670898
"Migori","Suna East","Kakrao",2020,9.70792484283447
"Migori","Suna East","Kakrao",2021,20.092212677002
"Migori","Suna East","Kakrao",2022,36.9504051208496
"Migori","Suna East","Kakrao",2023,45.8493232727051
"Migori","Suna East","Kakrao",2024,46.4007987976074
"Migori","Suna East","Kwa",2012,0
"Migori","Suna East","Kwa",2013,0
"Migori","Suna East","Kwa",2014,0
"Migori","Suna East","Kwa",2015,0
"Migori","Suna East","Kwa",2016,0
"Migori","Suna East","Kwa",2017,0
"Migori","Suna East","Kwa",2018,0
"Migori","Suna East","Kwa",2019,0
"Migori","Suna East","Kwa",2020,0
"Migori","Suna East","Kwa",2021,0
"Migori","Suna East","Kwa",2022,0
"Migori","Suna East","Kwa",2023,0
"Migori","Suna East","Kwa",2024,0
"Migori","Suna East","Suna Central",2012,26.8385887145996
"Migori","Suna East","Suna Central",2013,27.370059967041
"Migori","Suna East","Suna Central",2014,29.0934658050537
"Migori","Suna East","Suna Central",2015,40.7527389526367
"Migori","Suna East","Suna Central",2016,34.4118537902832
"Migori","Suna East","Suna Central",2017,75.054313659668
"Migori","Suna East","Suna Central",2018,88.5300216674805
"Migori","Suna East","Suna Central",2019,108.05721282959
"Migori","Suna East","Suna Central",2020,98.9497680664062
"Migori","Suna East","Suna Central",2021,111.937194824219
"Migori","Suna East","Suna Central",2022,136.679244995117
"Migori","Suna East","Suna Central",2023,158.244018554688
"Migori","Suna East","Suna Central",2024,163.180099487305
"Migori","Suna West","Ragana-Oruba",2012,24.7935657501221
"Migori","Suna West","Ragana-Oruba",2013,26.7076244354248
"Migori","Suna West","Ragana-Oruba",2014,26.4502182006836
"Migori","Suna West","Ragana-Oruba",2015,37.8254089355469
"Migori","Suna West","Ragana-Oruba",2016,37.0706443786621
"Migori","Suna West","Ragana-Oruba",2017,70.8166351318359
"Migori","Suna West","Ragana-Oruba",2018,80.6029434204102
"Migori","Suna West","Ragana-Oruba",2019,100.516250610352
"Migori","Suna West","Ragana-Oruba",2020,100.929611206055
"Migori","Suna West","Ragana-Oruba",2021,117.711891174316
"Migori","Suna West","Ragana-Oruba",2022,155.138626098633
"Migori","Suna West","Ragana-Oruba",2023,179.240982055664
"Migori","Suna West","Ragana-Oruba",2024,178.06201171875
"Migori","Suna West","Wasimbete",2012,0
"Migori","Suna West","Wasimbete",2013,0
"Migori","Suna West","Wasimbete",2014,0
"Migori","Suna West","Wasimbete",2015,0
"Migori","Suna West","Wasimbete",2016,0
"Migori","Suna West","Wasimbete",2017,0
"Migori","Suna West","Wasimbete",2018,0
"Migori","Suna West","Wasimbete",2019,0
"Migori","Suna West","Wasimbete",2020,0
"Migori","Suna West","Wasimbete",2021,0.810210108757019
"Migori","Suna West","Wasimbete",2022,5.72226285934448
"Migori","Suna West","Wasimbete",2023,7.84480142593384
"Migori","Suna West","Wasimbete",2024,7.64468145370483
"Migori","Suna West","Wasweta Ii",2012,0.300520211458206
"Migori","Suna West","Wasweta Ii",2013,0.753280878067017
"Migori","Suna West","Wasweta Ii",2014,0.401166349649429
"Migori","Suna West","Wasweta Ii",2015,1.5921459197998
"Migori","Suna West","Wasweta Ii",2016,0.796658158302307
"Migori","Suna West","Wasweta Ii",2017,1.64941251277924
"Migori","Suna West","Wasweta Ii",2018,3.10942625999451
"Migori","Suna West","Wasweta Ii",2019,5.83920192718506
"Migori","Suna West","Wasweta Ii",2020,5.95488357543945
"Migori","Suna West","Wasweta Ii",2021,10.1911268234253
"Migori","Suna West","Wasweta Ii",2022,24.4231567382812
"Migori","Suna West","Wasweta Ii",2023,36.2686805725098
"Migori","Suna West","Wasweta Ii",2024,29.2804832458496
"Migori","Suna West","Wiga",2012,0
"Migori","Suna West","Wiga",2013,0
"Migori","Suna West","Wiga",2014,0
"Migori","Suna West","Wiga",2015,0
"Migori","Suna West","Wiga",2016,0
"Migori","Suna West","Wiga",2017,0
"Migori","Suna West","Wiga",2018,0
"Migori","Suna West","Wiga",2019,5.37745380401611
"Migori","Suna West","Wiga",2020,2.33639860153198
"Migori","Suna West","Wiga",2021,2.66775703430176
"Migori","Suna West","Wiga",2022,23.7430992126465
"Migori","Suna West","Wiga",2023,32.9213600158691
"Migori","Suna West","Wiga",2024,28.3546543121338
"Migori","Uriri","Central Kanyamkago",2012,0.250052064657211
"Migori","Uriri","Central Kanyamkago",2013,0.826612055301666
"Migori","Uriri","Central Kanyamkago",2014,0.256225854158401
"Migori","Uriri","Central Kanyamkago",2015,0.840732514858246
"Migori","Uriri","Central Kanyamkago",2016,0.605840384960175
"Migori","Uriri","Central Kanyamkago",2017,0.278903871774673
"Migori","Uriri","Central Kanyamkago",2018,1.80442178249359
"Migori","Uriri","Central Kanyamkago",2019,3.72237849235535
"Migori","Uriri","Central Kanyamkago",2020,4.54376459121704
"Migori","Uriri","Central Kanyamkago",2021,7.60720729827881
"Migori","Uriri","Central Kanyamkago",2022,12.1638698577881
"Migori","Uriri","Central Kanyamkago",2023,22.9810829162598
"Migori","Uriri","Central Kanyamkago",2024,20.4127178192139
"Migori","Uriri","East Kanyamkago",2012,1.94613647460938
"Migori","Uriri","East Kanyamkago",2013,1.79679811000824
"Migori","Uriri","East Kanyamkago",2014,2.62975454330444
"Migori","Uriri","East Kanyamkago",2015,1.21801948547363
"Migori","Uriri","East Kanyamkago",2016,0.707177937030792
"Migori","Uriri","East Kanyamkago",2017,2.8486647605896
"Migori","Uriri","East Kanyamkago",2018,1.67978405952454
"Migori","Uriri","East Kanyamkago",2019,6.81314420700073
"Migori","Uriri","East Kanyamkago",2020,2.17816233634949
"Migori","Uriri","East Kanyamkago",2021,1.9126056432724
"Migori","Uriri","East Kanyamkago",2022,3.63700222969055
"Migori","Uriri","East Kanyamkago",2023,9.04569530487061
"Migori","Uriri","East Kanyamkago",2024,7.29163980484009
"Migori","Uriri","North Kanyamkago",2012,2.94183135032654
"Migori","Uriri","North Kanyamkago",2013,4.93046855926514
"Migori","Uriri","North Kanyamkago",2014,3.40029692649841
"Migori","Uriri","North Kanyamkago",2015,6.68704128265381
"Migori","Uriri","North Kanyamkago",2016,7.40258359909058
"Migori","Uriri","North Kanyamkago",2017,7.83927583694458
"Migori","Uriri","North Kanyamkago",2018,12.7456407546997
"Migori","Uriri","North Kanyamkago",2019,19.0910682678223
"Migori","Uriri","North Kanyamkago",2020,15.2269659042358
"Migori","Uriri","North Kanyamkago",2021,21.0649528503418
"Migori","Uriri","North Kanyamkago",2022,28.4450130462646
"Migori","Uriri","North Kanyamkago",2023,44.5665664672852
"Migori","Uriri","North Kanyamkago",2024,36.3018341064453
"Migori","Uriri","South Kanyamkago",2012,2.84198689460754
"Migori","Uriri","South Kanyamkago",2013,4.02461957931519
"Migori","Uriri","South Kanyamkago",2014,3.40995955467224
"Migori","Uriri","South Kanyamkago",2015,7.72891569137573
"Migori","Uriri","South Kanyamkago",2016,5.00894737243652
"Migori","Uriri","South Kanyamkago",2017,3.68213105201721
"Migori","Uriri","South Kanyamkago",2018,7.52513122558594
"Migori","Uriri","South Kanyamkago",2019,10.7283792495728
"Migori","Uriri","South Kanyamkago",2020,8.11879444122314
"Migori","Uriri","South Kanyamkago",2021,12.813835144043
"Migori","Uriri","South Kanyamkago",2022,20.7623462677002
"Migori","Uriri","South Kanyamkago",2023,50.5974311828613
"Migori","Uriri","South Kanyamkago",2024,46.1620788574219
"Migori","Uriri","West Kanyamkago",2012,0
"Migori","Uriri","West Kanyamkago",2013,0
"Migori","Uriri","West Kanyamkago",2014,0
"Migori","Uriri","West Kanyamkago",2015,0
"Migori","Uriri","West Kanyamkago",2016,0
"Migori","Uriri","West Kanyamkago",2017,0
"Migori","Uriri","West Kanyamkago",2018,0
"Migori","Uriri","West Kanyamkago",2019,0
"Migori","Uriri","West Kanyamkago",2020,0
"Migori","Uriri","West Kanyamkago",2021,0
"Migori","Uriri","West Kanyamkago",2022,1.78982210159302
"Migori","Uriri","West Kanyamkago",2023,4.55398035049438
"Migori","Uriri","West Kanyamkago",2024,0.508581936359406
"Mombasa","Changamwe","Airport",2012,230.973693847656
"Mombasa","Changamwe","Airport",2013,223.856048583984
"Mombasa","Changamwe","Airport",2014,227.572067260742
"Mombasa","Changamwe","Airport",2015,270.416748046875
"Mombasa","Changamwe","Airport",2016,333.887512207031
"Mombasa","Changamwe","Airport",2017,378.111083984375
"Mombasa","Changamwe","Airport",2018,473.457580566406
"Mombasa","Changamwe","Airport",2019,608.353210449219
"Mombasa","Changamwe","Airport",2020,489.960540771484
"Mombasa","Changamwe","Airport",2021,468.361145019531
"Mombasa","Changamwe","Airport",2022,470.028350830078
"Mombasa","Changamwe","Airport",2023,476.315765380859
"Mombasa","Changamwe","Airport",2024,448.219116210938
"Mombasa","Changamwe","Chaani",2012,937.542785644531
"Mombasa","Changamwe","Chaani",2013,1056.43151855469
"Mombasa","Changamwe","Chaani",2014,1159.20812988281
"Mombasa","Changamwe","Chaani",2015,1175.43701171875
"Mombasa","Changamwe","Chaani",2016,1178.62036132812
"Mombasa","Changamwe","Chaani",2017,1278.62573242188
"Mombasa","Changamwe","Chaani",2018,1376.67419433594
"Mombasa","Changamwe","Chaani",2019,1287.1787109375
"Mombasa","Changamwe","Chaani",2020,1392.05822753906
"Mombasa","Changamwe","Chaani",2021,1350.22229003906
"Mombasa","Changamwe","Chaani",2022,1394.60034179688
"Mombasa","Changamwe","Chaani",2023,1323.80139160156
"Mombasa","Changamwe","Chaani",2024,1316.45129394531
"Mombasa","Changamwe","Changamwe",2012,318.002899169922
"Mombasa","Changamwe","Changamwe",2013,324.981750488281
"Mombasa","Changamwe","Changamwe",2014,300.657531738281
"Mombasa","Changamwe","Changamwe",2015,302.128784179688
"Mombasa","Changamwe","Changamwe",2016,314.279846191406
"Mombasa","Changamwe","Changamwe",2017,323.914367675781
"Mombasa","Changamwe","Changamwe",2018,340.003387451172
"Mombasa","Changamwe","Changamwe",2019,341.637969970703
"Mombasa","Changamwe","Changamwe",2020,319.729248046875
"Mombasa","Changamwe","Changamwe",2021,325.484954833984
"Mombasa","Changamwe","Changamwe",2022,329.844696044922
"Mombasa","Changamwe","Changamwe",2023,322.9541015625
"Mombasa","Changamwe","Changamwe",2024,323.844421386719
"Mombasa","Changamwe","Kipevu",2012,36.2739906311035
"Mombasa","Changamwe","Kipevu",2013,37.2695846557617
"Mombasa","Changamwe","Kipevu",2014,45.1668853759766
"Mombasa","Changamwe","Kipevu",2015,65.7465896606445
"Mombasa","Changamwe","Kipevu",2016,84.1053161621094
"Mombasa","Changamwe","Kipevu",2017,83.7037506103516
"Mombasa","Changamwe","Kipevu",2018,117.093818664551
"Mombasa","Changamwe","Kipevu",2019,118.240592956543
"Mombasa","Changamwe","Kipevu",2020,94.4852294921875
"Mombasa","Changamwe","Kipevu",2021,80.6814346313477
"Mombasa","Changamwe","Kipevu",2022,77.1744155883789
"Mombasa","Changamwe","Kipevu",2023,82.1814422607422
"Mombasa","Changamwe","Kipevu",2024,90.4389038085938
"Mombasa","Changamwe","Port Reitz",2012,144.499755859375
"Mombasa","Changamwe","Port Reitz",2013,170.129943847656
"Mombasa","Changamwe","Port Reitz",2014,183.076110839844
"Mombasa","Changamwe","Port Reitz",2015,224.608795166016
"Mombasa","Changamwe","Port Reitz",2016,407.081878662109
"Mombasa","Changamwe","Port Reitz",2017,361.035522460938
"Mombasa","Changamwe","Port Reitz",2018,524.435729980469
"Mombasa","Changamwe","Port Reitz",2019,541.333557128906
"Mombasa","Changamwe","Port Reitz",2020,452.250091552734
"Mombasa","Changamwe","Port Reitz",2021,418.690185546875
"Mombasa","Changamwe","Port Reitz",2022,450.851287841797
"Mombasa","Changamwe","Port Reitz",2023,454.934143066406
"Mombasa","Changamwe","Port Reitz",2024,414.440155029297
"Mombasa","Jomvu","Jomvu Kuu",2012,149.445861816406
"Mombasa","Jomvu","Jomvu Kuu",2013,151.997985839844
"Mombasa","Jomvu","Jomvu Kuu",2014,182.411087036133
"Mombasa","Jomvu","Jomvu Kuu",2015,229.869201660156
"Mombasa","Jomvu","Jomvu Kuu",2016,258.062713623047
"Mombasa","Jomvu","Jomvu Kuu",2017,293.195770263672
"Mombasa","Jomvu","Jomvu Kuu",2018,280.084075927734
"Mombasa","Jomvu","Jomvu Kuu",2019,361.846923828125
"Mombasa","Jomvu","Jomvu Kuu",2020,297.201324462891
"Mombasa","Jomvu","Jomvu Kuu",2021,353.765716552734
"Mombasa","Jomvu","Jomvu Kuu",2022,352.744842529297
"Mombasa","Jomvu","Jomvu Kuu",2023,383.367492675781
"Mombasa","Jomvu","Jomvu Kuu",2024,434.233856201172
"Mombasa","Jomvu","Mikindani",2012,240.041793823242
"Mombasa","Jomvu","Mikindani",2013,241.392822265625
"Mombasa","Jomvu","Mikindani",2014,263.893371582031
"Mombasa","Jomvu","Mikindani",2015,260.922424316406
"Mombasa","Jomvu","Mikindani",2016,317.237579345703
"Mombasa","Jomvu","Mikindani",2017,349.130523681641
"Mombasa","Jomvu","Mikindani",2018,356.979919433594
"Mombasa","Jomvu","Mikindani",2019,383.155242919922
"Mombasa","Jomvu","Mikindani",2020,378.014923095703
"Mombasa","Jomvu","Mikindani",2021,401.104339599609
"Mombasa","Jomvu","Mikindani",2022,387.326904296875
"Mombasa","Jomvu","Mikindani",2023,395.615386962891
"Mombasa","Jomvu","Mikindani",2024,388.876403808594
"Mombasa","Jomvu","Miritini",2012,196.378402709961
"Mombasa","Jomvu","Miritini",2013,293.738433837891
"Mombasa","Jomvu","Miritini",2014,331.485076904297
"Mombasa","Jomvu","Miritini",2015,389.207916259766
"Mombasa","Jomvu","Miritini",2016,379.792755126953
"Mombasa","Jomvu","Miritini",2017,383.346252441406
"Mombasa","Jomvu","Miritini",2018,474.125946044922
"Mombasa","Jomvu","Miritini",2019,780.966735839844
"Mombasa","Jomvu","Miritini",2020,514.243225097656
"Mombasa","Jomvu","Miritini",2021,511.391510009766
"Mombasa","Jomvu","Miritini",2022,534.7490234375
"Mombasa","Jomvu","Miritini",2023,559.045043945312
"Mombasa","Jomvu","Miritini",2024,574.198913574219
"Mombasa","Kisauni","Bamburi",2012,93.9425659179688
"Mombasa","Kisauni","Bamburi",2013,97.6402587890625
"Mombasa","Kisauni","Bamburi",2014,110.538818359375
"Mombasa","Kisauni","Bamburi",2015,144.811477661133
"Mombasa","Kisauni","Bamburi",2016,181.076324462891
"Mombasa","Kisauni","Bamburi",2017,201.103439331055
"Mombasa","Kisauni","Bamburi",2018,223.073471069336
"Mombasa","Kisauni","Bamburi",2019,255.311416625977
"Mombasa","Kisauni","Bamburi",2020,278.761779785156
"Mombasa","Kisauni","Bamburi",2021,328.467254638672
"Mombasa","Kisauni","Bamburi",2022,340.921630859375
"Mombasa","Kisauni","Bamburi",2023,362.629180908203
"Mombasa","Kisauni","Bamburi",2024,452.348785400391
"Mombasa","Kisauni","Junda",2012,102.602317810059
"Mombasa","Kisauni","Junda",2013,104.514770507812
"Mombasa","Kisauni","Junda",2014,122.074981689453
"Mombasa","Kisauni","Junda",2015,130.371017456055
"Mombasa","Kisauni","Junda",2016,172.051177978516
"Mombasa","Kisauni","Junda",2017,213.086349487305
"Mombasa","Kisauni","Junda",2018,196.491287231445
"Mombasa","Kisauni","Junda",2019,211.032562255859
"Mombasa","Kisauni","Junda",2020,196.910751342773
"Mombasa","Kisauni","Junda",2021,208.154251098633
"Mombasa","Kisauni","Junda",2022,209.415573120117
"Mombasa","Kisauni","Junda",2023,228.642990112305
"Mombasa","Kisauni","Junda",2024,216.419189453125
"Mombasa","Kisauni","Magogoni",2012,72.4227676391602
"Mombasa","Kisauni","Magogoni",2013,69.8893127441406
"Mombasa","Kisauni","Magogoni",2014,68.1869430541992
"Mombasa","Kisauni","Magogoni",2015,79.8652267456055
"Mombasa","Kisauni","Magogoni",2016,107.440055847168
"Mombasa","Kisauni","Magogoni",2017,106.404968261719
"Mombasa","Kisauni","Magogoni",2018,103.341430664062
"Mombasa","Kisauni","Magogoni",2019,112.474334716797
"Mombasa","Kisauni","Magogoni",2020,105.76676940918
"Mombasa","Kisauni","Magogoni",2021,107.986221313477
"Mombasa","Kisauni","Magogoni",2022,102.599243164062
"Mombasa","Kisauni","Magogoni",2023,110.850784301758
"Mombasa","Kisauni","Magogoni",2024,114.893051147461
"Mombasa","Kisauni","Mjambere",2012,90.9316635131836
"Mombasa","Kisauni","Mjambere",2013,80.4109649658203
"Mombasa","Kisauni","Mjambere",2014,84.6597671508789
"Mombasa","Kisauni","Mjambere",2015,92.3523178100586
"Mombasa","Kisauni","Mjambere",2016,125.526382446289
"Mombasa","Kisauni","Mjambere",2017,119.788925170898
"Mombasa","Kisauni","Mjambere",2018,92.5736312866211
"Mombasa","Kisauni","Mjambere",2019,93.2234878540039
"Mombasa","Kisauni","Mjambere",2020,84.4330444335938
"Mombasa","Kisauni","Mjambere",2021,76.3055725097656
"Mombasa","Kisauni","Mjambere",2022,76.4819259643555
"Mombasa","Kisauni","Mjambere",2023,89.0683822631836
"Mombasa","Kisauni","Mjambere",2024,89.0888442993164
"Mombasa","Kisauni","Mtopanga",2012,50.8328247070312
"Mombasa","Kisauni","Mtopanga",2013,49.4551887512207
"Mombasa","Kisauni","Mtopanga",2014,52.1428451538086
"Mombasa","Kisauni","Mtopanga",2015,65.8544464111328
"Mombasa","Kisauni","Mtopanga",2016,95.3140029907227
"Mombasa","Kisauni","Mtopanga",2017,117.389205932617
"Mombasa","Kisauni","Mtopanga",2018,112.418357849121
"Mombasa","Kisauni","Mtopanga",2019,124.678733825684
"Mombasa","Kisauni","Mtopanga",2020,117.109588623047
"Mombasa","Kisauni","Mtopanga",2021,126.702438354492
"Mombasa","Kisauni","Mtopanga",2022,121.820777893066
"Mombasa","Kisauni","Mtopanga",2023,119.455375671387
"Mombasa","Kisauni","Mtopanga",2024,126.619422912598
"Mombasa","Kisauni","Mwakirunge",2012,80.1558074951172
"Mombasa","Kisauni","Mwakirunge",2013,71.2861633300781
"Mombasa","Kisauni","Mwakirunge",2014,82.435302734375
"Mombasa","Kisauni","Mwakirunge",2015,107.626533508301
"Mombasa","Kisauni","Mwakirunge",2016,142.851699829102
"Mombasa","Kisauni","Mwakirunge",2017,167.283218383789
"Mombasa","Kisauni","Mwakirunge",2018,165.784530639648
"Mombasa","Kisauni","Mwakirunge",2019,177.522003173828
"Mombasa","Kisauni","Mwakirunge",2020,136.935470581055
"Mombasa","Kisauni","Mwakirunge",2021,210.935821533203
"Mombasa","Kisauni","Mwakirunge",2022,253.323944091797
"Mombasa","Kisauni","Mwakirunge",2023,297.425598144531
"Mombasa","Kisauni","Mwakirunge",2024,301.16455078125
"Mombasa","Kisauni","Shanzu",2012,391.213287353516
"Mombasa","Kisauni","Shanzu",2013,403.069396972656
"Mombasa","Kisauni","Shanzu",2014,425.729370117188
"Mombasa","Kisauni","Shanzu",2015,514.81201171875
"Mombasa","Kisauni","Shanzu",2016,654.129699707031
"Mombasa","Kisauni","Shanzu",2017,708.135070800781
"Mombasa","Kisauni","Shanzu",2018,682.078674316406
"Mombasa","Kisauni","Shanzu",2019,740.362548828125
"Mombasa","Kisauni","Shanzu",2020,633.104919433594
"Mombasa","Kisauni","Shanzu",2021,673.115295410156
"Mombasa","Kisauni","Shanzu",2022,684.856872558594
"Mombasa","Kisauni","Shanzu",2023,713.338134765625
"Mombasa","Kisauni","Shanzu",2024,774.849243164062
"Mombasa","Likoni","Bofu",2012,49.5078659057617
"Mombasa","Likoni","Bofu",2013,54.2046241760254
"Mombasa","Likoni","Bofu",2014,54.5503692626953
"Mombasa","Likoni","Bofu",2015,60.1350288391113
"Mombasa","Likoni","Bofu",2016,73.1348724365234
"Mombasa","Likoni","Bofu",2017,67.7573165893555
"Mombasa","Likoni","Bofu",2018,58.8474884033203
"Mombasa","Likoni","Bofu",2019,53.7931594848633
"Mombasa","Likoni","Bofu",2020,53.0024452209473
"Mombasa","Likoni","Bofu",2021,57.1880226135254
"Mombasa","Likoni","Bofu",2022,50.8060111999512
"Mombasa","Likoni","Bofu",2023,58.5952339172363
"Mombasa","Likoni","Bofu",2024,52.2198104858398
"Mombasa","Likoni","Likoni",2012,58.8623428344727
"Mombasa","Likoni","Likoni",2013,65.4447631835938
"Mombasa","Likoni","Likoni",2014,59.8852119445801
"Mombasa","Likoni","Likoni",2015,72.0413589477539
"Mombasa","Likoni","Likoni",2016,80.7193145751953
"Mombasa","Likoni","Likoni",2017,80.8761825561523
"Mombasa","Likoni","Likoni",2018,76.9605941772461
"Mombasa","Likoni","Likoni",2019,75.9191589355469
"Mombasa","Likoni","Likoni",2020,62.4062957763672
"Mombasa","Likoni","Likoni",2021,64.112419128418
"Mombasa","Likoni","Likoni",2022,57.9474334716797
"Mombasa","Likoni","Likoni",2023,59.3566589355469
"Mombasa","Likoni","Likoni",2024,72.1749420166016
"Mombasa","Likoni","Mtongwe",2012,232.917953491211
"Mombasa","Likoni","Mtongwe",2013,250.397979736328
"Mombasa","Likoni","Mtongwe",2014,251.58984375
"Mombasa","Likoni","Mtongwe",2015,268.737609863281
"Mombasa","Likoni","Mtongwe",2016,286.643005371094
"Mombasa","Likoni","Mtongwe",2017,289.63720703125
"Mombasa","Likoni","Mtongwe",2018,273.308837890625
"Mombasa","Likoni","Mtongwe",2019,254.193801879883
"Mombasa","Likoni","Mtongwe",2020,266.411346435547
"Mombasa","Likoni","Mtongwe",2021,293.664428710938
"Mombasa","Likoni","Mtongwe",2022,300.117553710938
"Mombasa","Likoni","Mtongwe",2023,341.346313476562
"Mombasa","Likoni","Mtongwe",2024,310.395416259766
"Mombasa","Likoni","Shika Adabu",2012,99.1720962524414
"Mombasa","Likoni","Shika Adabu",2013,111.132881164551
"Mombasa","Likoni","Shika Adabu",2014,122.263832092285
"Mombasa","Likoni","Shika Adabu",2015,172.4453125
"Mombasa","Likoni","Shika Adabu",2016,220.853103637695
"Mombasa","Likoni","Shika Adabu",2017,247.33821105957
"Mombasa","Likoni","Shika Adabu",2018,256.171478271484
"Mombasa","Likoni","Shika Adabu",2019,280.111663818359
"Mombasa","Likoni","Shika Adabu",2020,260.212860107422
"Mombasa","Likoni","Shika Adabu",2021,258.398529052734
"Mombasa","Likoni","Shika Adabu",2022,262.522827148438
"Mombasa","Likoni","Shika Adabu",2023,284.799957275391
"Mombasa","Likoni","Shika Adabu",2024,308.777160644531
"Mombasa","Likoni","Timbwani",2012,258.889678955078
"Mombasa","Likoni","Timbwani",2013,286.577789306641
"Mombasa","Likoni","Timbwani",2014,294.793914794922
"Mombasa","Likoni","Timbwani",2015,391.794952392578
"Mombasa","Likoni","Timbwani",2016,502.654418945312
"Mombasa","Likoni","Timbwani",2017,532.960693359375
"Mombasa","Likoni","Timbwani",2018,463.195495605469
"Mombasa","Likoni","Timbwani",2019,473.093383789062
"Mombasa","Likoni","Timbwani",2020,422.570709228516
"Mombasa","Likoni","Timbwani",2021,398.039398193359
"Mombasa","Likoni","Timbwani",2022,359.979705810547
"Mombasa","Likoni","Timbwani",2023,382.529388427734
"Mombasa","Likoni","Timbwani",2024,444.696594238281
"Mombasa","Mvita","Majengo",2012,279.154815673828
"Mombasa","Mvita","Majengo",2013,272.588226318359
"Mombasa","Mvita","Majengo",2014,286.480560302734
"Mombasa","Mvita","Majengo",2015,339.361236572266
"Mombasa","Mvita","Majengo",2016,433.667144775391
"Mombasa","Mvita","Majengo",2017,428.9697265625
"Mombasa","Mvita","Majengo",2018,391.621795654297
"Mombasa","Mvita","Majengo",2019,417.300476074219
"Mombasa","Mvita","Majengo",2020,432.766906738281
"Mombasa","Mvita","Majengo",2021,423.439331054688
"Mombasa","Mvita","Majengo",2022,444.650604248047
"Mombasa","Mvita","Majengo",2023,491.798217773438
"Mombasa","Mvita","Majengo",2024,483.953765869141
"Mombasa","Mvita","Mji Wa Kale/Makadara",2012,407.91455078125
"Mombasa","Mvita","Mji Wa Kale/Makadara",2013,386.000213623047
"Mombasa","Mvita","Mji Wa Kale/Makadara",2014,388.262145996094
"Mombasa","Mvita","Mji Wa Kale/Makadara",2015,457.49169921875
"Mombasa","Mvita","Mji Wa Kale/Makadara",2016,569.946105957031
"Mombasa","Mvita","Mji Wa Kale/Makadara",2017,544.880981445312
"Mombasa","Mvita","Mji Wa Kale/Makadara",2018,480.701324462891
"Mombasa","Mvita","Mji Wa Kale/Makadara",2019,504.554779052734
"Mombasa","Mvita","Mji Wa Kale/Makadara",2020,516.309265136719
"Mombasa","Mvita","Mji Wa Kale/Makadara",2021,542.504272460938
"Mombasa","Mvita","Mji Wa Kale/Makadara",2022,559.955932617188
"Mombasa","Mvita","Mji Wa Kale/Makadara",2023,618.7724609375
"Mombasa","Mvita","Mji Wa Kale/Makadara",2024,605.154235839844
"Mombasa","Mvita","Shimanzi/Ganjoni",2012,834.9951171875
"Mombasa","Mvita","Shimanzi/Ganjoni",2013,800.343994140625
"Mombasa","Mvita","Shimanzi/Ganjoni",2014,1017.07940673828
"Mombasa","Mvita","Shimanzi/Ganjoni",2015,1122.11169433594
"Mombasa","Mvita","Shimanzi/Ganjoni",2016,1066.12487792969
"Mombasa","Mvita","Shimanzi/Ganjoni",2017,1049.35888671875
"Mombasa","Mvita","Shimanzi/Ganjoni",2018,1045.48718261719
"Mombasa","Mvita","Shimanzi/Ganjoni",2019,1035.74975585938
"Mombasa","Mvita","Shimanzi/Ganjoni",2020,1490.00610351562
"Mombasa","Mvita","Shimanzi/Ganjoni",2021,1626.95715332031
"Mombasa","Mvita","Shimanzi/Ganjoni",2022,1648.77331542969
"Mombasa","Mvita","Shimanzi/Ganjoni",2023,1578.35168457031
"Mombasa","Mvita","Shimanzi/Ganjoni",2024,1540.56042480469
"Mombasa","Mvita","Tononoka",2012,173.843215942383
"Mombasa","Mvita","Tononoka",2013,173.662857055664
"Mombasa","Mvita","Tononoka",2014,187.642166137695
"Mombasa","Mvita","Tononoka",2015,218.485382080078
"Mombasa","Mvita","Tononoka",2016,267.022613525391
"Mombasa","Mvita","Tononoka",2017,277.433074951172
"Mombasa","Mvita","Tononoka",2018,253.666168212891
"Mombasa","Mvita","Tononoka",2019,263.056243896484
"Mombasa","Mvita","Tononoka",2020,243.989761352539
"Mombasa","Mvita","Tononoka",2021,257.944274902344
"Mombasa","Mvita","Tononoka",2022,260.916015625
"Mombasa","Mvita","Tononoka",2023,297.074859619141
"Mombasa","Mvita","Tononoka",2024,286.757110595703
"Mombasa","Mvita","Tudor",2012,105.820220947266
"Mombasa","Mvita","Tudor",2013,115.028472900391
"Mombasa","Mvita","Tudor",2014,115.783012390137
"Mombasa","Mvita","Tudor",2015,136.496978759766
"Mombasa","Mvita","Tudor",2016,170.246490478516
"Mombasa","Mvita","Tudor",2017,191.217361450195
"Mombasa","Mvita","Tudor",2018,178.89030456543
"Mombasa","Mvita","Tudor",2019,183.34944152832
"Mombasa","Mvita","Tudor",2020,171.045974731445
"Mombasa","Mvita","Tudor",2021,186.838729858398
"Mombasa","Mvita","Tudor",2022,182.456832885742
"Mombasa","Mvita","Tudor",2023,192.447799682617
"Mombasa","Mvita","Tudor",2024,177.570068359375
"Mombasa","Nyali","Frere Town",2012,71.2147064208984
"Mombasa","Nyali","Frere Town",2013,65.7490386962891
"Mombasa","Nyali","Frere Town",2014,67.6682357788086
"Mombasa","Nyali","Frere Town",2015,79.1676406860352
"Mombasa","Nyali","Frere Town",2016,112.981018066406
"Mombasa","Nyali","Frere Town",2017,91.8110504150391
"Mombasa","Nyali","Frere Town",2018,77.2815628051758
"Mombasa","Nyali","Frere Town",2019,86.3310852050781
"Mombasa","Nyali","Frere Town",2020,87.6147384643555
"Mombasa","Nyali","Frere Town",2021,74.5623092651367
"Mombasa","Nyali","Frere Town",2022,71.2998657226562
"Mombasa","Nyali","Frere Town",2023,86.4772567749023
"Mombasa","Nyali","Frere Town",2024,86.8736038208008
"Mombasa","Nyali","Kadzandani",2012,285.027770996094
"Mombasa","Nyali","Kadzandani",2013,283.090209960938
"Mombasa","Nyali","Kadzandani",2014,287.699615478516
"Mombasa","Nyali","Kadzandani",2015,372.970916748047
"Mombasa","Nyali","Kadzandani",2016,486.831695556641
"Mombasa","Nyali","Kadzandani",2017,518.067993164062
"Mombasa","Nyali","Kadzandani",2018,485.529144287109
"Mombasa","Nyali","Kadzandani",2019,568.820068359375
"Mombasa","Nyali","Kadzandani",2020,518.000671386719
"Mombasa","Nyali","Kadzandani",2021,523.794616699219
"Mombasa","Nyali","Kadzandani",2022,536.523803710938
"Mombasa","Nyali","Kadzandani",2023,511.758361816406
"Mombasa","Nyali","Kadzandani",2024,546.567016601562
"Mombasa","Nyali","Kongowea",2012,198.193984985352
"Mombasa","Nyali","Kongowea",2013,192.441619873047
"Mombasa","Nyali","Kongowea",2014,203.937149047852
"Mombasa","Nyali","Kongowea",2015,243.241851806641
"Mombasa","Nyali","Kongowea",2016,347.500274658203
"Mombasa","Nyali","Kongowea",2017,318.418579101562
"Mombasa","Nyali","Kongowea",2018,278.353759765625
"Mombasa","Nyali","Kongowea",2019,284.169555664062
"Mombasa","Nyali","Kongowea",2020,269.204895019531
"Mombasa","Nyali","Kongowea",2021,264.616729736328
"Mombasa","Nyali","Kongowea",2022,253.762802124023
"Mombasa","Nyali","Kongowea",2023,302.572265625
"Mombasa","Nyali","Kongowea",2024,315.302185058594
"Mombasa","Nyali","Mkomani",2012,313.145080566406
"Mombasa","Nyali","Mkomani",2013,321.562103271484
"Mombasa","Nyali","Mkomani",2014,310.291839599609
"Mombasa","Nyali","Mkomani",2015,367.749206542969
"Mombasa","Nyali","Mkomani",2016,473.389617919922
"Mombasa","Nyali","Mkomani",2017,506.032531738281
"Mombasa","Nyali","Mkomani",2018,479.657836914062
"Mombasa","Nyali","Mkomani",2019,482.31982421875
"Mombasa","Nyali","Mkomani",2020,438.409759521484
"Mombasa","Nyali","Mkomani",2021,462.91796875
"Mombasa","Nyali","Mkomani",2022,474.652435302734
"Mombasa","Nyali","Mkomani",2023,493.964996337891
"Mombasa","Nyali","Mkomani",2024,533.17333984375
"Mombasa","Nyali","Ziwa La Ng'Ombe",2012,351.410949707031
"Mombasa","Nyali","Ziwa La Ng'Ombe",2013,373.905395507812
"Mombasa","Nyali","Ziwa La Ng'Ombe",2014,377.305084228516
"Mombasa","Nyali","Ziwa La Ng'Ombe",2015,440.332183837891
"Mombasa","Nyali","Ziwa La Ng'Ombe",2016,537.860900878906
"Mombasa","Nyali","Ziwa La Ng'Ombe",2017,542.769714355469
"Mombasa","Nyali","Ziwa La Ng'Ombe",2018,507.202941894531
"Mombasa","Nyali","Ziwa La Ng'Ombe",2019,547.242553710938
"Mombasa","Nyali","Ziwa La Ng'Ombe",2020,488.049774169922
"Mombasa","Nyali","Ziwa La Ng'Ombe",2021,503.405822753906
"Mombasa","Nyali","Ziwa La Ng'Ombe",2022,533.762939453125
"Mombasa","Nyali","Ziwa La Ng'Ombe",2023,558.2626953125
"Mombasa","Nyali","Ziwa La Ng'Ombe",2024,579.240844726562
"Murang'a","Gatanga","Gatanga",2012,4.45485067367554
"Murang'a","Gatanga","Gatanga",2013,4.29345321655273
"Murang'a","Gatanga","Gatanga",2014,9.15797519683838
"Murang'a","Gatanga","Gatanga",2015,10.089527130127
"Murang'a","Gatanga","Gatanga",2016,6.31543922424316
"Murang'a","Gatanga","Gatanga",2017,10.250560760498
"Murang'a","Gatanga","Gatanga",2018,10.477876663208
"Murang'a","Gatanga","Gatanga",2019,15.6175622940063
"Murang'a","Gatanga","Gatanga",2020,16.8082981109619
"Murang'a","Gatanga","Gatanga",2021,27.5929775238037
"Murang'a","Gatanga","Gatanga",2022,80.6952514648438
"Murang'a","Gatanga","Gatanga",2023,83.9762344360352
"Murang'a","Gatanga","Gatanga",2024,82.5236663818359
"Murang'a","Gatanga","Ithanga",2012,0
"Murang'a","Gatanga","Ithanga",2013,0
"Murang'a","Gatanga","Ithanga",2014,0.508493423461914
"Murang'a","Gatanga","Ithanga",2015,7.35384368896484
"Murang'a","Gatanga","Ithanga",2016,5.13821649551392
"Murang'a","Gatanga","Ithanga",2017,3.30533719062805
"Murang'a","Gatanga","Ithanga",2018,4.85685729980469
"Murang'a","Gatanga","Ithanga",2019,10.0814933776855
"Murang'a","Gatanga","Ithanga",2020,9.14291667938232
"Murang'a","Gatanga","Ithanga",2021,12.7004137039185
"Murang'a","Gatanga","Ithanga",2022,28.3914527893066
"Murang'a","Gatanga","Ithanga",2023,35.7165298461914
"Murang'a","Gatanga","Ithanga",2024,20.1699810028076
"Murang'a","Gatanga","Kakuzi/Mitubiri",2012,151.869094848633
"Murang'a","Gatanga","Kakuzi/Mitubiri",2013,124.854621887207
"Murang'a","Gatanga","Kakuzi/Mitubiri",2014,193.425827026367
"Murang'a","Gatanga","Kakuzi/Mitubiri",2015,231.208969116211
"Murang'a","Gatanga","Kakuzi/Mitubiri",2016,256.547698974609
"Murang'a","Gatanga","Kakuzi/Mitubiri",2017,315.280059814453
"Murang'a","Gatanga","Kakuzi/Mitubiri",2018,321.942901611328
"Murang'a","Gatanga","Kakuzi/Mitubiri",2019,365.806793212891
"Murang'a","Gatanga","Kakuzi/Mitubiri",2020,416.179595947266
"Murang'a","Gatanga","Kakuzi/Mitubiri",2021,421.798156738281
"Murang'a","Gatanga","Kakuzi/Mitubiri",2022,504.238189697266
"Murang'a","Gatanga","Kakuzi/Mitubiri",2023,503.152221679688
"Murang'a","Gatanga","Kakuzi/Mitubiri",2024,471.275390625
"Murang'a","Gatanga","Kariara",2012,8.34458446502686
"Murang'a","Gatanga","Kariara",2013,2.42656826972961
"Murang'a","Gatanga","Kariara",2014,9.92177581787109
"Murang'a","Gatanga","Kariara",2015,15.7041835784912
"Murang'a","Gatanga","Kariara",2016,12.5421905517578
"Murang'a","Gatanga","Kariara",2017,15.8713216781616
"Murang'a","Gatanga","Kariara",2018,16.5515670776367
"Murang'a","Gatanga","Kariara",2019,23.3157558441162
"Murang'a","Gatanga","Kariara",2020,20.1402893066406
"Murang'a","Gatanga","Kariara",2021,34.7602882385254
"Murang'a","Gatanga","Kariara",2022,99.6486663818359
"Murang'a","Gatanga","Kariara",2023,88.4852828979492
"Murang'a","Gatanga","Kariara",2024,122.960670471191
"Murang'a","Gatanga","Kihumbu-Ini",2012,1.00144577026367
"Murang'a","Gatanga","Kihumbu-Ini",2013,1.15445482730865
"Murang'a","Gatanga","Kihumbu-Ini",2014,4.36345624923706
"Murang'a","Gatanga","Kihumbu-Ini",2015,13.3411464691162
"Murang'a","Gatanga","Kihumbu-Ini",2016,10.4923086166382
"Murang'a","Gatanga","Kihumbu-Ini",2017,15.7486505508423
"Murang'a","Gatanga","Kihumbu-Ini",2018,14.5241231918335
"Murang'a","Gatanga","Kihumbu-Ini",2019,11.7766819000244
"Murang'a","Gatanga","Kihumbu-Ini",2020,15.7105922698975
"Murang'a","Gatanga","Kihumbu-Ini",2021,25.6198863983154
"Murang'a","Gatanga","Kihumbu-Ini",2022,68.2381973266602
"Murang'a","Gatanga","Kihumbu-Ini",2023,83.8592758178711
"Murang'a","Gatanga","Kihumbu-Ini",2024,96.7519226074219
"Murang'a","Gatanga","Mugumo-Ini",2012,70.1078948974609
"Murang'a","Gatanga","Mugumo-Ini",2013,82.0908889770508
"Murang'a","Gatanga","Mugumo-Ini",2014,116.349243164062
"Murang'a","Gatanga","Mugumo-Ini",2015,117.325248718262
"Murang'a","Gatanga","Mugumo-Ini",2016,96.4996719360352
"Murang'a","Gatanga","Mugumo-Ini",2017,145.926452636719
"Murang'a","Gatanga","Mugumo-Ini",2018,182.976745605469
"Murang'a","Gatanga","Mugumo-Ini",2019,279.33447265625
"Murang'a","Gatanga","Mugumo-Ini",2020,266.170959472656
"Murang'a","Gatanga","Mugumo-Ini",2021,307.633911132812
"Murang'a","Gatanga","Mugumo-Ini",2022,490.4609375
"Murang'a","Gatanga","Mugumo-Ini",2023,536.337158203125
"Murang'a","Gatanga","Mugumo-Ini",2024,576.01611328125
"Murang'a","Kandara","Gaichanjiru",2012,1.12122964859009
"Murang'a","Kandara","Gaichanjiru",2013,2.02195382118225
"Murang'a","Kandara","Gaichanjiru",2014,2.59725570678711
"Murang'a","Kandara","Gaichanjiru",2015,4.19461393356323
"Murang'a","Kandara","Gaichanjiru",2016,3.27265501022339
"Murang'a","Kandara","Gaichanjiru",2017,11.5296287536621
"Murang'a","Kandara","Gaichanjiru",2018,15.0464468002319
"Murang'a","Kandara","Gaichanjiru",2019,10.6572065353394
"Murang'a","Kandara","Gaichanjiru",2020,13.9955101013184
"Murang'a","Kandara","Gaichanjiru",2021,18.5486354827881
"Murang'a","Kandara","Gaichanjiru",2022,63.6402626037598
"Murang'a","Kandara","Gaichanjiru",2023,70.1150817871094
"Murang'a","Kandara","Gaichanjiru",2024,62.4435615539551
"Murang'a","Kandara","Ithiru",2012,3.21284627914429
"Murang'a","Kandara","Ithiru",2013,1.63427579402924
"Murang'a","Kandara","Ithiru",2014,7.09813690185547
"Murang'a","Kandara","Ithiru",2015,5.6673378944397
"Murang'a","Kandara","Ithiru",2016,3.85423350334167
"Murang'a","Kandara","Ithiru",2017,9.40127468109131
"Murang'a","Kandara","Ithiru",2018,8.169677734375
"Murang'a","Kandara","Ithiru",2019,9.15817546844482
"Murang'a","Kandara","Ithiru",2020,11.8904695510864
"Murang'a","Kandara","Ithiru",2021,15.8206195831299
"Murang'a","Kandara","Ithiru",2022,34.6366119384766
"Murang'a","Kandara","Ithiru",2023,56.3778648376465
"Murang'a","Kandara","Ithiru",2024,76.6783447265625
"Murang'a","Kandara","Kagundu-Ini",2012,3.24726557731628
"Murang'a","Kandara","Kagundu-Ini",2013,3.71848464012146
"Murang'a","Kandara","Kagundu-Ini",2014,8.86082649230957
"Murang'a","Kandara","Kagundu-Ini",2015,11.1956062316895
"Murang'a","Kandara","Kagundu-Ini",2016,9.88449382781982
"Murang'a","Kandara","Kagundu-Ini",2017,17.2182006835938
"Murang'a","Kandara","Kagundu-Ini",2018,20.3746814727783
"Murang'a","Kandara","Kagundu-Ini",2019,26.6236534118652
"Murang'a","Kandara","Kagundu-Ini",2020,31.7559394836426
"Murang'a","Kandara","Kagundu-Ini",2021,52.5080223083496
"Murang'a","Kandara","Kagundu-Ini",2022,104.093780517578
"Murang'a","Kandara","Kagundu-Ini",2023,110.36791229248
"Murang'a","Kandara","Kagundu-Ini",2024,111.222091674805
"Murang'a","Kandara","Muruka",2012,0.0119917383417487
"Murang'a","Kandara","Muruka",2013,0.287105709314346
"Murang'a","Kandara","Muruka",2014,1.35654044151306
"Murang'a","Kandara","Muruka",2015,0.953766703605652
"Murang'a","Kandara","Muruka",2016,1.40762615203857
"Murang'a","Kandara","Muruka",2017,2.02535152435303
"Murang'a","Kandara","Muruka",2018,4.71121883392334
"Murang'a","Kandara","Muruka",2019,5.27569818496704
"Murang'a","Kandara","Muruka",2020,23.3478832244873
"Murang'a","Kandara","Muruka",2021,24.9333076477051
"Murang'a","Kandara","Muruka",2022,59.9133033752441
"Murang'a","Kandara","Muruka",2023,89.3856887817383
"Murang'a","Kandara","Muruka",2024,87.0957107543945
"Murang'a","Kandara","Ng'Araria",2012,1.33160519599915
"Murang'a","Kandara","Ng'Araria",2013,1.36298549175262
"Murang'a","Kandara","Ng'Araria",2014,2.68229794502258
"Murang'a","Kandara","Ng'Araria",2015,6.78415155410767
"Murang'a","Kandara","Ng'Araria",2016,7.9842643737793
"Murang'a","Kandara","Ng'Araria",2017,15.2118797302246
"Murang'a","Kandara","Ng'Araria",2018,13.7840032577515
"Murang'a","Kandara","Ng'Araria",2019,15.6206884384155
"Murang'a","Kandara","Ng'Araria",2020,17.9504795074463
"Murang'a","Kandara","Ng'Araria",2021,25.8937301635742
"Murang'a","Kandara","Ng'Araria",2022,66.1952972412109
"Murang'a","Kandara","Ng'Araria",2023,84.5180892944336
"Murang'a","Kandara","Ng'Araria",2024,79.5269393920898
"Murang'a","Kandara","Ruchu",2012,4.94597911834717
"Murang'a","Kandara","Ruchu",2013,0.958685338497162
"Murang'a","Kandara","Ruchu",2014,8.61045742034912
"Murang'a","Kandara","Ruchu",2015,5.03842163085938
"Murang'a","Kandara","Ruchu",2016,1.77366304397583
"Murang'a","Kandara","Ruchu",2017,5.92738056182861
"Murang'a","Kandara","Ruchu",2018,6.17217350006104
"Murang'a","Kandara","Ruchu",2019,3.72765398025513
"Murang'a","Kandara","Ruchu",2020,5.03608512878418
"Murang'a","Kandara","Ruchu",2021,17.1330585479736
"Murang'a","Kandara","Ruchu",2022,39.6698188781738
"Murang'a","Kandara","Ruchu",2023,41.8944969177246
"Murang'a","Kandara","Ruchu",2024,65.4769287109375
"Murang'a","Kangema","Kanyenya-Ini",2012,1.11455917358398
"Murang'a","Kangema","Kanyenya-Ini",2013,0.530865967273712
"Murang'a","Kangema","Kanyenya-Ini",2014,9.92162322998047
"Murang'a","Kangema","Kanyenya-Ini",2015,11.7404375076294
"Murang'a","Kangema","Kanyenya-Ini",2016,6.52999830245972
"Murang'a","Kangema","Kanyenya-Ini",2017,7.55523729324341
"Murang'a","Kangema","Kanyenya-Ini",2018,6.33918619155884
"Murang'a","Kangema","Kanyenya-Ini",2019,3.2569899559021
"Murang'a","Kangema","Kanyenya-Ini",2020,5.12793636322021
"Murang'a","Kangema","Kanyenya-Ini",2021,14.8170566558838
"Murang'a","Kangema","Kanyenya-Ini",2022,54.1030654907227
"Murang'a","Kangema","Kanyenya-Ini",2023,43.0028610229492
"Murang'a","Kangema","Kanyenya-Ini",2024,36.1298751831055
"Murang'a","Kangema","Muguru",2012,6.24038553237915
"Murang'a","Kangema","Muguru",2013,5.12881135940552
"Murang'a","Kangema","Muguru",2014,9.60369682312012
"Murang'a","Kangema","Muguru",2015,5.90519714355469
"Murang'a","Kangema","Muguru",2016,8.62338829040527
"Murang'a","Kangema","Muguru",2017,34.5476493835449
"Murang'a","Kangema","Muguru",2018,39.9318199157715
"Murang'a","Kangema","Muguru",2019,46.1990547180176
"Murang'a","Kangema","Muguru",2020,39.4306564331055
"Murang'a","Kangema","Muguru",2021,46.2647399902344
"Murang'a","Kangema","Muguru",2022,152.341506958008
"Murang'a","Kangema","Muguru",2023,132.101989746094
"Murang'a","Kangema","Muguru",2024,185.771484375
"Murang'a","Kangema","Rwathia",2012,0.582144677639008
"Murang'a","Kangema","Rwathia",2013,0
"Murang'a","Kangema","Rwathia",2014,3.36220550537109
"Murang'a","Kangema","Rwathia",2015,4.49352264404297
"Murang'a","Kangema","Rwathia",2016,2.85029292106628
"Murang'a","Kangema","Rwathia",2017,4.79900169372559
"Murang'a","Kangema","Rwathia",2018,4.50867748260498
"Murang'a","Kangema","Rwathia",2019,2.13516187667847
"Murang'a","Kangema","Rwathia",2020,3.12383079528809
"Murang'a","Kangema","Rwathia",2021,12.498722076416
"Murang'a","Kangema","Rwathia",2022,27.0732936859131
"Murang'a","Kangema","Rwathia",2023,33.526237487793
"Murang'a","Kangema","Rwathia",2024,57.8896789550781
"Murang'a","Kigumo","Kahumbu",2012,0
"Murang'a","Kigumo","Kahumbu",2013,0.215525791049004
"Murang'a","Kigumo","Kahumbu",2014,0
"Murang'a","Kigumo","Kahumbu",2015,0.28428789973259
"Murang'a","Kigumo","Kahumbu",2016,0.302694141864777
"Murang'a","Kigumo","Kahumbu",2017,4.49564838409424
"Murang'a","Kigumo","Kahumbu",2018,3.92101621627808
"Murang'a","Kigumo","Kahumbu",2019,1.52894878387451
"Murang'a","Kigumo","Kahumbu",2020,0.0203939937055111
"Murang'a","Kigumo","Kahumbu",2021,7.2943000793457
"Murang'a","Kigumo","Kahumbu",2022,36.8095321655273
"Murang'a","Kigumo","Kahumbu",2023,38.1485710144043
"Murang'a","Kigumo","Kahumbu",2024,27.3443412780762
"Murang'a","Kigumo","Kangari",2012,10.5809946060181
"Murang'a","Kigumo","Kangari",2013,7.5471134185791
"Murang'a","Kigumo","Kangari",2014,14.9880352020264
"Murang'a","Kigumo","Kangari",2015,11.5674142837524
"Murang'a","Kigumo","Kangari",2016,9.50231647491455
"Murang'a","Kigumo","Kangari",2017,15.2667837142944
"Murang'a","Kigumo","Kangari",2018,34.568302154541
"Murang'a","Kigumo","Kangari",2019,31.3496913909912
"Murang'a","Kigumo","Kangari",2020,34.9738655090332
"Murang'a","Kigumo","Kangari",2021,51.5083656311035
"Murang'a","Kigumo","Kangari",2022,100.31462097168
"Murang'a","Kigumo","Kangari",2023,91.7663040161133
"Murang'a","Kigumo","Kangari",2024,92.5079956054688
"Murang'a","Kigumo","Kigumo",2012,0.596835613250732
"Murang'a","Kigumo","Kigumo",2013,2.56544589996338
"Murang'a","Kigumo","Kigumo",2014,3.00382781028748
"Murang'a","Kigumo","Kigumo",2015,3.69952321052551
"Murang'a","Kigumo","Kigumo",2016,1.33947098255157
"Murang'a","Kigumo","Kigumo",2017,5.74284696578979
"Murang'a","Kigumo","Kigumo",2018,2.78681921958923
"Murang'a","Kigumo","Kigumo",2019,7.5387659072876
"Murang'a","Kigumo","Kigumo",2020,8.19107055664062
"Murang'a","Kigumo","Kigumo",2021,24.5005493164062
"Murang'a","Kigumo","Kigumo",2022,71.9184188842773
"Murang'a","Kigumo","Kigumo",2023,82.1828918457031
"Murang'a","Kigumo","Kigumo",2024,85.2529678344727
"Murang'a","Kigumo","Kinyona",2012,0.592372298240662
"Murang'a","Kigumo","Kinyona",2013,0.691927969455719
"Murang'a","Kigumo","Kinyona",2014,3.2087254524231
"Murang'a","Kigumo","Kinyona",2015,2.59207391738892
"Murang'a","Kigumo","Kinyona",2016,6.20439720153809
"Murang'a","Kigumo","Kinyona",2017,9.928635597229
"Murang'a","Kigumo","Kinyona",2018,12.6544637680054
"Murang'a","Kigumo","Kinyona",2019,8.26970386505127
"Murang'a","Kigumo","Kinyona",2020,8.27127265930176
"Murang'a","Kigumo","Kinyona",2021,20.3010578155518
"Murang'a","Kigumo","Kinyona",2022,59.318042755127
"Murang'a","Kigumo","Kinyona",2023,48.952033996582
"Murang'a","Kigumo","Kinyona",2024,49.7640151977539
"Murang'a","Kigumo","Muthithi",2012,0
"Murang'a","Kigumo","Muthithi",2013,1.12435209751129
"Murang'a","Kigumo","Muthithi",2014,0.549487709999084
"Murang'a","Kigumo","Muthithi",2015,2.06262612342834
"Murang'a","Kigumo","Muthithi",2016,0.725897550582886
"Murang'a","Kigumo","Muthithi",2017,2.56206727027893
"Murang'a","Kigumo","Muthithi",2018,2.07958769798279
"Murang'a","Kigumo","Muthithi",2019,7.62107563018799
"Murang'a","Kigumo","Muthithi",2020,5.24568176269531
"Murang'a","Kigumo","Muthithi",2021,10.4692792892456
"Murang'a","Kigumo","Muthithi",2022,78.0242309570312
"Murang'a","Kigumo","Muthithi",2023,71.8440322875977
"Murang'a","Kigumo","Muthithi",2024,69.3129196166992
"Murang'a","Kiharu","Gaturi",2012,0.0149125810712576
"Murang'a","Kiharu","Gaturi",2013,0.0136119415983558
"Murang'a","Kiharu","Gaturi",2014,0.904498040676117
"Murang'a","Kiharu","Gaturi",2015,1.37502646446228
"Murang'a","Kiharu","Gaturi",2016,1.38854873180389
"Murang'a","Kiharu","Gaturi",2017,14.6370677947998
"Murang'a","Kiharu","Gaturi",2018,12.3484601974487
"Murang'a","Kiharu","Gaturi",2019,14.4381332397461
"Murang'a","Kiharu","Gaturi",2020,9.07205867767334
"Murang'a","Kiharu","Gaturi",2021,7.54127883911133
"Murang'a","Kiharu","Gaturi",2022,49.1526107788086
"Murang'a","Kiharu","Gaturi",2023,29.9308567047119
"Murang'a","Kiharu","Gaturi",2024,66.734748840332
"Murang'a","Kiharu","Mbiri",2012,16.1185569763184
"Murang'a","Kiharu","Mbiri",2013,17.3635902404785
"Murang'a","Kiharu","Mbiri",2014,41.2174072265625
"Murang'a","Kiharu","Mbiri",2015,57.9834632873535
"Murang'a","Kiharu","Mbiri",2016,60.4601707458496
"Murang'a","Kiharu","Mbiri",2017,111.88688659668
"Murang'a","Kiharu","Mbiri",2018,100.912780761719
"Murang'a","Kiharu","Mbiri",2019,104.159873962402
"Murang'a","Kiharu","Mbiri",2020,55.4579391479492
"Murang'a","Kiharu","Mbiri",2021,94.913703918457
"Murang'a","Kiharu","Mbiri",2022,190.673522949219
"Murang'a","Kiharu","Mbiri",2023,169.502944946289
"Murang'a","Kiharu","Mbiri",2024,239.613372802734
"Murang'a","Kiharu","Mugoiri",2012,3.81303262710571
"Murang'a","Kiharu","Mugoiri",2013,1.05115520954132
"Murang'a","Kiharu","Mugoiri",2014,3.67477369308472
"Murang'a","Kiharu","Mugoiri",2015,4.66021966934204
"Murang'a","Kiharu","Mugoiri",2016,8.06039237976074
"Murang'a","Kiharu","Mugoiri",2017,19.6775989532471
"Murang'a","Kiharu","Mugoiri",2018,14.974250793457
"Murang'a","Kiharu","Mugoiri",2019,19.267183303833
"Murang'a","Kiharu","Mugoiri",2020,13.3461227416992
"Murang'a","Kiharu","Mugoiri",2021,21.4482116699219
"Murang'a","Kiharu","Mugoiri",2022,91.4571075439453
"Murang'a","Kiharu","Mugoiri",2023,86.9373779296875
"Murang'a","Kiharu","Mugoiri",2024,64.614143371582
"Murang'a","Kiharu","Murarandia",2012,1.82576274871826
"Murang'a","Kiharu","Murarandia",2013,1.72617697715759
"Murang'a","Kiharu","Murarandia",2014,11.635687828064
"Murang'a","Kiharu","Murarandia",2015,12.5369205474854
"Murang'a","Kiharu","Murarandia",2016,12.9789209365845
"Murang'a","Kiharu","Murarandia",2017,13.4748859405518
"Murang'a","Kiharu","Murarandia",2018,6.63679552078247
"Murang'a","Kiharu","Murarandia",2019,9.5233154296875
"Murang'a","Kiharu","Murarandia",2020,8.63714599609375
"Murang'a","Kiharu","Murarandia",2021,8.21652793884277
"Murang'a","Kiharu","Murarandia",2022,35.5227584838867
"Murang'a","Kiharu","Murarandia",2023,35.5417976379395
"Murang'a","Kiharu","Murarandia",2024,33.4410591125488
"Murang'a","Kiharu","Township",2012,44.8486251831055
"Murang'a","Kiharu","Township",2013,44.8627777099609
"Murang'a","Kiharu","Township",2014,73.5185852050781
"Murang'a","Kiharu","Township",2015,166.807968139648
"Murang'a","Kiharu","Township",2016,179.521484375
"Murang'a","Kiharu","Township",2017,242.931457519531
"Murang'a","Kiharu","Township",2018,227.508544921875
"Murang'a","Kiharu","Township",2019,189.72412109375
"Murang'a","Kiharu","Township",2020,135.499893188477
"Murang'a","Kiharu","Township",2021,126.260757446289
"Murang'a","Kiharu","Township",2022,168.161163330078
"Murang'a","Kiharu","Township",2023,145.88996887207
"Murang'a","Kiharu","Township",2024,182.189178466797
"Murang'a","Kiharu","Wangu",2012,0.125227779150009
"Murang'a","Kiharu","Wangu",2013,0.735217213630676
"Murang'a","Kiharu","Wangu",2014,2.82822227478027
"Murang'a","Kiharu","Wangu",2015,2.18185901641846
"Murang'a","Kiharu","Wangu",2016,5.90907669067383
"Murang'a","Kiharu","Wangu",2017,14.0409231185913
"Murang'a","Kiharu","Wangu",2018,13.3576688766479
"Murang'a","Kiharu","Wangu",2019,2.31041598320007
"Murang'a","Kiharu","Wangu",2020,11.5596523284912
"Murang'a","Kiharu","Wangu",2021,20.8463592529297
"Murang'a","Kiharu","Wangu",2022,74.4962997436523
"Murang'a","Kiharu","Wangu",2023,80.545783996582
"Murang'a","Kiharu","Wangu",2024,86.1131591796875
"Murang'a","Maragwa","Ichagaki",2012,9.44049072265625
"Murang'a","Maragwa","Ichagaki",2013,8.82200145721436
"Murang'a","Maragwa","Ichagaki",2014,14.2549896240234
"Murang'a","Maragwa","Ichagaki",2015,13.9707469940186
"Murang'a","Maragwa","Ichagaki",2016,13.0254898071289
"Murang'a","Maragwa","Ichagaki",2017,50.6438179016113
"Murang'a","Maragwa","Ichagaki",2018,52.4417381286621
"Murang'a","Maragwa","Ichagaki",2019,64.4958343505859
"Murang'a","Maragwa","Ichagaki",2020,39.7771873474121
"Murang'a","Maragwa","Ichagaki",2021,45.905216217041
"Murang'a","Maragwa","Ichagaki",2022,137.873641967773
"Murang'a","Maragwa","Ichagaki",2023,118.441047668457
"Murang'a","Maragwa","Ichagaki",2024,94.9334335327148
"Murang'a","Maragwa","Kamahuha",2012,1.10991764068604
"Murang'a","Maragwa","Kamahuha",2013,0.48417916893959
"Murang'a","Maragwa","Kamahuha",2014,0.887413203716278
"Murang'a","Maragwa","Kamahuha",2015,6.0976710319519
"Murang'a","Maragwa","Kamahuha",2016,5.14118003845215
"Murang'a","Maragwa","Kamahuha",2017,14.6199388504028
"Murang'a","Maragwa","Kamahuha",2018,17.6131076812744
"Murang'a","Maragwa","Kamahuha",2019,14.9748010635376
"Murang'a","Maragwa","Kamahuha",2020,6.56055545806885
"Murang'a","Maragwa","Kamahuha",2021,14.2672328948975
"Murang'a","Maragwa","Kamahuha",2022,70.1200332641602
"Murang'a","Maragwa","Kamahuha",2023,57.4946441650391
"Murang'a","Maragwa","Kamahuha",2024,51.7007865905762
"Murang'a","Maragwa","Kambiti",2012,26.3057422637939
"Murang'a","Maragwa","Kambiti",2013,17.4919281005859
"Murang'a","Maragwa","Kambiti",2014,19.6054058074951
"Murang'a","Maragwa","Kambiti",2015,19.986291885376
"Murang'a","Maragwa","Kambiti",2016,16.8693389892578
"Murang'a","Maragwa","Kambiti",2017,21.6105041503906
"Murang'a","Maragwa","Kambiti",2018,16.1954784393311
"Murang'a","Maragwa","Kambiti",2019,12.1679401397705
"Murang'a","Maragwa","Kambiti",2020,7.93875169754028
"Murang'a","Maragwa","Kambiti",2021,21.9685840606689
"Murang'a","Maragwa","Kambiti",2022,70.3116302490234
"Murang'a","Maragwa","Kambiti",2023,75.328483581543
"Murang'a","Maragwa","Kambiti",2024,71.8766174316406
"Murang'a","Maragwa","Kimorori/Wempa",2012,25.3942718505859
"Murang'a","Maragwa","Kimorori/Wempa",2013,20.931489944458
"Murang'a","Maragwa","Kimorori/Wempa",2014,50.5565643310547
"Murang'a","Maragwa","Kimorori/Wempa",2015,75.5599899291992
"Murang'a","Maragwa","Kimorori/Wempa",2016,80.0101013183594
"Murang'a","Maragwa","Kimorori/Wempa",2017,117.459815979004
"Murang'a","Maragwa","Kimorori/Wempa",2018,161.399337768555
"Murang'a","Maragwa","Kimorori/Wempa",2019,183.73876953125
"Murang'a","Maragwa","Kimorori/Wempa",2020,211.160720825195
"Murang'a","Maragwa","Kimorori/Wempa",2021,263.910430908203
"Murang'a","Maragwa","Kimorori/Wempa",2022,396.980651855469
"Murang'a","Maragwa","Kimorori/Wempa",2023,396.075073242188
"Murang'a","Maragwa","Kimorori/Wempa",2024,421.668365478516
"Murang'a","Maragwa","Makuyu",2012,0
"Murang'a","Maragwa","Makuyu",2013,0
"Murang'a","Maragwa","Makuyu",2014,4.97328805923462
"Murang'a","Maragwa","Makuyu",2015,5.61923122406006
"Murang'a","Maragwa","Makuyu",2016,2.23643136024475
"Murang'a","Maragwa","Makuyu",2017,6.90258121490479
"Murang'a","Maragwa","Makuyu",2018,4.17386341094971
"Murang'a","Maragwa","Makuyu",2019,11.8695268630981
"Murang'a","Maragwa","Makuyu",2020,11.3826122283936
"Murang'a","Maragwa","Makuyu",2021,23.7556629180908
"Murang'a","Maragwa","Makuyu",2022,65.8516540527344
"Murang'a","Maragwa","Makuyu",2023,73.4058609008789
"Murang'a","Maragwa","Makuyu",2024,75.2063980102539
"Murang'a","Maragwa","Nginda",2012,3.08343553543091
"Murang'a","Maragwa","Nginda",2013,3.79672050476074
"Murang'a","Maragwa","Nginda",2014,6.22481441497803
"Murang'a","Maragwa","Nginda",2015,6.10986518859863
"Murang'a","Maragwa","Nginda",2016,3.40023756027222
"Murang'a","Maragwa","Nginda",2017,6.5645694732666
"Murang'a","Maragwa","Nginda",2018,5.32224321365356
"Murang'a","Maragwa","Nginda",2019,6.29832315444946
"Murang'a","Maragwa","Nginda",2020,6.62596273422241
"Murang'a","Maragwa","Nginda",2021,15.1272792816162
"Murang'a","Maragwa","Nginda",2022,35.9446983337402
"Murang'a","Maragwa","Nginda",2023,39.0083160400391
"Murang'a","Maragwa","Nginda",2024,29.5048427581787
"Murang'a","Mathioya","Gitugi",2012,0.00493663782253861
"Murang'a","Mathioya","Gitugi",2013,1.72083830833435
"Murang'a","Mathioya","Gitugi",2014,4.1629753112793
"Murang'a","Mathioya","Gitugi",2015,1.22023952007294
"Murang'a","Mathioya","Gitugi",2016,4.93119621276855
"Murang'a","Mathioya","Gitugi",2017,5.99637079238892
"Murang'a","Mathioya","Gitugi",2018,6.21908473968506
"Murang'a","Mathioya","Gitugi",2019,3.02869081497192
"Murang'a","Mathioya","Gitugi",2020,5.02261829376221
"Murang'a","Mathioya","Gitugi",2021,13.8292331695557
"Murang'a","Mathioya","Gitugi",2022,36.4140357971191
"Murang'a","Mathioya","Gitugi",2023,45.5018272399902
"Murang'a","Mathioya","Gitugi",2024,58.785270690918
"Murang'a","Mathioya","Kamacharia",2012,2.59180045127869
"Murang'a","Mathioya","Kamacharia",2013,2.43038773536682
"Murang'a","Mathioya","Kamacharia",2014,2.33409881591797
"Murang'a","Mathioya","Kamacharia",2015,3.02496671676636
"Murang'a","Mathioya","Kamacharia",2016,5.25171756744385
"Murang'a","Mathioya","Kamacharia",2017,8.91168403625488
"Murang'a","Mathioya","Kamacharia",2018,8.04911613464355
"Murang'a","Mathioya","Kamacharia",2019,7.20457696914673
"Murang'a","Mathioya","Kamacharia",2020,11.677508354187
"Murang'a","Mathioya","Kamacharia",2021,21.896411895752
"Murang'a","Mathioya","Kamacharia",2022,87.6923446655273
"Murang'a","Mathioya","Kamacharia",2023,73.409065246582
"Murang'a","Mathioya","Kamacharia",2024,98.6983413696289
"Murang'a","Mathioya","Kiru",2012,9.54551792144775
"Murang'a","Mathioya","Kiru",2013,12.6209402084351
"Murang'a","Mathioya","Kiru",2014,20.172269821167
"Murang'a","Mathioya","Kiru",2015,10.7179727554321
"Murang'a","Mathioya","Kiru",2016,14.3655891418457
"Murang'a","Mathioya","Kiru",2017,20.3973865509033
"Murang'a","Mathioya","Kiru",2018,21.9639835357666
"Murang'a","Mathioya","Kiru",2019,15.8318290710449
"Murang'a","Mathioya","Kiru",2020,13.4060869216919
"Murang'a","Mathioya","Kiru",2021,22.6201305389404
"Murang'a","Mathioya","Kiru",2022,61.0371971130371
"Murang'a","Mathioya","Kiru",2023,86.664192199707
"Murang'a","Mathioya","Kiru",2024,87.0254287719727
"Nairobi","Dagoretti North","Gatina",2012,58.6318130493164
"Nairobi","Dagoretti North","Gatina",2013,72.8503265380859
"Nairobi","Dagoretti North","Gatina",2014,73.9224853515625
"Nairobi","Dagoretti North","Gatina",2015,72.8020935058594
"Nairobi","Dagoretti North","Gatina",2016,94.2788238525391
"Nairobi","Dagoretti North","Gatina",2017,91.9718704223633
"Nairobi","Dagoretti North","Gatina",2018,97.9887847900391
"Nairobi","Dagoretti North","Gatina",2019,125.896560668945
"Nairobi","Dagoretti North","Gatina",2020,115.81258392334
"Nairobi","Dagoretti North","Gatina",2021,131.072463989258
"Nairobi","Dagoretti North","Gatina",2022,125.034042358398
"Nairobi","Dagoretti North","Gatina",2023,150.949935913086
"Nairobi","Dagoretti North","Gatina",2024,149.417297363281
"Nairobi","Dagoretti North","Kileleshwa",2012,718.544982910156
"Nairobi","Dagoretti North","Kileleshwa",2013,711.390197753906
"Nairobi","Dagoretti North","Kileleshwa",2014,724.98876953125
"Nairobi","Dagoretti North","Kileleshwa",2015,837.309387207031
"Nairobi","Dagoretti North","Kileleshwa",2016,1001.66412353516
"Nairobi","Dagoretti North","Kileleshwa",2017,986.923278808594
"Nairobi","Dagoretti North","Kileleshwa",2018,938.141845703125
"Nairobi","Dagoretti North","Kileleshwa",2019,931.770812988281
"Nairobi","Dagoretti North","Kileleshwa",2020,853.97119140625
"Nairobi","Dagoretti North","Kileleshwa",2021,871.332946777344
"Nairobi","Dagoretti North","Kileleshwa",2022,1018.49475097656
"Nairobi","Dagoretti North","Kileleshwa",2023,1131.18713378906
"Nairobi","Dagoretti North","Kileleshwa",2024,1082.44946289062
"Nairobi","Dagoretti North","Kilimani",2012,1484.35510253906
"Nairobi","Dagoretti North","Kilimani",2013,1482.4990234375
"Nairobi","Dagoretti North","Kilimani",2014,1505.06774902344
"Nairobi","Dagoretti North","Kilimani",2015,1776.14990234375
"Nairobi","Dagoretti North","Kilimani",2016,1985.04907226562
"Nairobi","Dagoretti North","Kilimani",2017,1966.46960449219
"Nairobi","Dagoretti North","Kilimani",2018,1823.39611816406
"Nairobi","Dagoretti North","Kilimani",2019,2070.84936523438
"Nairobi","Dagoretti North","Kilimani",2020,1873.31213378906
"Nairobi","Dagoretti North","Kilimani",2021,2049.23901367188
"Nairobi","Dagoretti North","Kilimani",2022,2281.75659179688
"Nairobi","Dagoretti North","Kilimani",2023,2364.10180664062
"Nairobi","Dagoretti North","Kilimani",2024,2362.43017578125
"Nairobi","Dagoretti South","Kabiro",2012,22.626148223877
"Nairobi","Dagoretti South","Kabiro",2013,24.9517707824707
"Nairobi","Dagoretti South","Kabiro",2014,29.8626499176025
"Nairobi","Dagoretti South","Kabiro",2015,34.270378112793
"Nairobi","Dagoretti South","Kabiro",2016,44.2570457458496
"Nairobi","Dagoretti South","Kabiro",2017,44.9149894714355
"Nairobi","Dagoretti South","Kabiro",2018,38.3317070007324
"Nairobi","Dagoretti South","Kabiro",2019,47.1498069763184
"Nairobi","Dagoretti South","Kabiro",2020,42.826000213623
"Nairobi","Dagoretti South","Kabiro",2021,51.0820236206055
"Nairobi","Dagoretti South","Kabiro",2022,58.3331413269043
"Nairobi","Dagoretti South","Kabiro",2023,68.8008270263672
"Nairobi","Dagoretti South","Kabiro",2024,60.0320510864258
"Nairobi","Dagoretti South","Kawangware",2012,94.0603790283203
"Nairobi","Dagoretti South","Kawangware",2013,118.786682128906
"Nairobi","Dagoretti South","Kawangware",2014,121.883331298828
"Nairobi","Dagoretti South","Kawangware",2015,130.035736083984
"Nairobi","Dagoretti South","Kawangware",2016,194.574630737305
"Nairobi","Dagoretti South","Kawangware",2017,204.641876220703
"Nairobi","Dagoretti South","Kawangware",2018,173.007080078125
"Nairobi","Dagoretti South","Kawangware",2019,221.484375
"Nairobi","Dagoretti South","Kawangware",2020,229.43180847168
"Nairobi","Dagoretti South","Kawangware",2021,257.987335205078
"Nairobi","Dagoretti South","Kawangware",2022,274.06787109375
"Nairobi","Dagoretti South","Kawangware",2023,314.86962890625
"Nairobi","Dagoretti South","Kawangware",2024,285.634613037109
"Nairobi","Dagoretti South","Mutu-Ini",2012,52.8681983947754
"Nairobi","Dagoretti South","Mutu-Ini",2013,48.2204933166504
"Nairobi","Dagoretti South","Mutu-Ini",2014,64.3484191894531
"Nairobi","Dagoretti South","Mutu-Ini",2015,64.7877044677734
"Nairobi","Dagoretti South","Mutu-Ini",2016,249.133056640625
"Nairobi","Dagoretti South","Mutu-Ini",2017,291.608764648438
"Nairobi","Dagoretti South","Mutu-Ini",2018,344.676971435547
"Nairobi","Dagoretti South","Mutu-Ini",2019,365.576263427734
"Nairobi","Dagoretti South","Mutu-Ini",2020,302.739379882812
"Nairobi","Dagoretti South","Mutu-Ini",2021,349.019805908203
"Nairobi","Dagoretti South","Mutu-Ini",2022,411.959991455078
"Nairobi","Dagoretti South","Mutu-Ini",2023,447.787902832031
"Nairobi","Dagoretti South","Mutu-Ini",2024,367.447204589844
"Nairobi","Dagoretti South","Ngando",2012,103.240058898926
"Nairobi","Dagoretti South","Ngando",2013,110.656745910645
"Nairobi","Dagoretti South","Ngando",2014,107.820419311523
"Nairobi","Dagoretti South","Ngando",2015,122.32755279541
"Nairobi","Dagoretti South","Ngando",2016,172.306091308594
"Nairobi","Dagoretti South","Ngando",2017,200.148330688477
"Nairobi","Dagoretti South","Ngando",2018,174.257568359375
"Nairobi","Dagoretti South","Ngando",2019,197.917739868164
"Nairobi","Dagoretti South","Ngando",2020,171.254043579102
"Nairobi","Dagoretti South","Ngando",2021,188.929092407227
"Nairobi","Dagoretti South","Ngando",2022,204.764831542969
"Nairobi","Dagoretti South","Ngando",2023,234.243667602539
"Nairobi","Dagoretti South","Ngando",2024,241.185256958008
"Nairobi","Dagoretti South","Riruta",2012,135.042282104492
"Nairobi","Dagoretti South","Riruta",2013,152.218139648438
"Nairobi","Dagoretti South","Riruta",2014,162.731094360352
"Nairobi","Dagoretti South","Riruta",2015,185.25260925293
"Nairobi","Dagoretti South","Riruta",2016,279.231109619141
"Nairobi","Dagoretti South","Riruta",2017,298.6396484375
"Nairobi","Dagoretti South","Riruta",2018,280.579284667969
"Nairobi","Dagoretti South","Riruta",2019,326.519287109375
"Nairobi","Dagoretti South","Riruta",2020,328.64111328125
"Nairobi","Dagoretti South","Riruta",2021,349.615386962891
"Nairobi","Dagoretti South","Riruta",2022,382.026184082031
"Nairobi","Dagoretti South","Riruta",2023,428.217895507812
"Nairobi","Dagoretti South","Riruta",2024,454.895751953125
"Nairobi","Dagoretti South","Uthiru/Ruthimitu",2012,147.210220336914
"Nairobi","Dagoretti South","Uthiru/Ruthimitu",2013,173.993087768555
"Nairobi","Dagoretti South","Uthiru/Ruthimitu",2014,182.879119873047
"Nairobi","Dagoretti South","Uthiru/Ruthimitu",2015,202.618743896484
"Nairobi","Dagoretti South","Uthiru/Ruthimitu",2016,269.594055175781
"Nairobi","Dagoretti South","Uthiru/Ruthimitu",2017,305.885345458984
"Nairobi","Dagoretti South","Uthiru/Ruthimitu",2018,367.719055175781
"Nairobi","Dagoretti South","Uthiru/Ruthimitu",2019,451.730438232422
"Nairobi","Dagoretti South","Uthiru/Ruthimitu",2020,385.610961914062
"Nairobi","Dagoretti South","Uthiru/Ruthimitu",2021,448.686584472656
"Nairobi","Dagoretti South","Uthiru/Ruthimitu",2022,521.669128417969
"Nairobi","Dagoretti South","Uthiru/Ruthimitu",2023,592.138549804688
"Nairobi","Dagoretti South","Uthiru/Ruthimitu",2024,523.08349609375
"Nairobi","Dagoretti South","Waithaka",2012,78.5589294433594
"Nairobi","Dagoretti South","Waithaka",2013,92.2786865234375
"Nairobi","Dagoretti South","Waithaka",2014,136.19075012207
"Nairobi","Dagoretti South","Waithaka",2015,140.463577270508
"Nairobi","Dagoretti South","Waithaka",2016,282.384368896484
"Nairobi","Dagoretti South","Waithaka",2017,339.696136474609
"Nairobi","Dagoretti South","Waithaka",2018,350.525299072266
"Nairobi","Dagoretti South","Waithaka",2019,393.790008544922
"Nairobi","Dagoretti South","Waithaka",2020,341.111663818359
"Nairobi","Dagoretti South","Waithaka",2021,401.364532470703
"Nairobi","Dagoretti South","Waithaka",2022,489.695556640625
"Nairobi","Dagoretti South","Waithaka",2023,549.43115234375
"Nairobi","Dagoretti South","Waithaka",2024,476.894653320312
"Nairobi","Embakasi Central","Kayole Central",2012,54.8711891174316
"Nairobi","Embakasi Central","Kayole Central",2013,64.363883972168
"Nairobi","Embakasi Central","Kayole Central",2014,69.5690689086914
"Nairobi","Embakasi Central","Kayole Central",2015,76.3784713745117
"Nairobi","Embakasi Central","Kayole Central",2016,81.4666442871094
"Nairobi","Embakasi Central","Kayole Central",2017,95.484375
"Nairobi","Embakasi Central","Kayole Central",2018,157.182647705078
"Nairobi","Embakasi Central","Kayole Central",2019,255.113220214844
"Nairobi","Embakasi Central","Kayole Central",2020,246.952819824219
"Nairobi","Embakasi Central","Kayole Central",2021,246.948669433594
"Nairobi","Embakasi Central","Kayole Central",2022,266.455444335938
"Nairobi","Embakasi Central","Kayole Central",2023,287.182403564453
"Nairobi","Embakasi Central","Kayole Central",2024,251.772232055664
"Nairobi","Embakasi Central","Kayole North",2012,56.97802734375
"Nairobi","Embakasi Central","Kayole North",2013,63.7404556274414
"Nairobi","Embakasi Central","Kayole North",2014,71.8281173706055
"Nairobi","Embakasi Central","Kayole North",2015,85.5401229858398
"Nairobi","Embakasi Central","Kayole North",2016,94.5567398071289
"Nairobi","Embakasi Central","Kayole North",2017,107.827995300293
"Nairobi","Embakasi Central","Kayole North",2018,134.855880737305
"Nairobi","Embakasi Central","Kayole North",2019,200.660369873047
"Nairobi","Embakasi Central","Kayole North",2020,205.149871826172
"Nairobi","Embakasi Central","Kayole North",2021,193.49430847168
"Nairobi","Embakasi Central","Kayole North",2022,239.940078735352
"Nairobi","Embakasi Central","Kayole North",2023,281.861938476562
"Nairobi","Embakasi Central","Kayole North",2024,278.378326416016
"Nairobi","Embakasi Central","Kayole South",2012,41.4472389221191
"Nairobi","Embakasi Central","Kayole South",2013,51.3393630981445
"Nairobi","Embakasi Central","Kayole South",2014,57.235538482666
"Nairobi","Embakasi Central","Kayole South",2015,66.0548324584961
"Nairobi","Embakasi Central","Kayole South",2016,81.4283218383789
"Nairobi","Embakasi Central","Kayole South",2017,89.4715957641602
"Nairobi","Embakasi Central","Kayole South",2018,133.351593017578
"Nairobi","Embakasi Central","Kayole South",2019,151.263549804688
"Nairobi","Embakasi Central","Kayole South",2020,161.257369995117
"Nairobi","Embakasi Central","Kayole South",2021,164.708099365234
"Nairobi","Embakasi Central","Kayole South",2022,179.609420776367
"Nairobi","Embakasi Central","Kayole South",2023,195.553726196289
"Nairobi","Embakasi Central","Kayole South",2024,178.361999511719
"Nairobi","Embakasi Central","Komarock",2012,239.548980712891
"Nairobi","Embakasi Central","Komarock",2013,270.450561523438
"Nairobi","Embakasi Central","Komarock",2014,281.045104980469
"Nairobi","Embakasi Central","Komarock",2015,339.526336669922
"Nairobi","Embakasi Central","Komarock",2016,394.012451171875
"Nairobi","Embakasi Central","Komarock",2017,455.562835693359
"Nairobi","Embakasi Central","Komarock",2018,560.320617675781
"Nairobi","Embakasi Central","Komarock",2019,670.6435546875
"Nairobi","Embakasi Central","Komarock",2020,612.801940917969
"Nairobi","Embakasi Central","Komarock",2021,659.011413574219
"Nairobi","Embakasi Central","Komarock",2022,781.80224609375
"Nairobi","Embakasi Central","Komarock",2023,853.234497070312
"Nairobi","Embakasi Central","Komarock",2024,802.009643554688
"Nairobi","Embakasi Central","Matopeni/Spring Valley",2012,48.7425346374512
"Nairobi","Embakasi Central","Matopeni/Spring Valley",2013,55.5544738769531
"Nairobi","Embakasi Central","Matopeni/Spring Valley",2014,64.5340042114258
"Nairobi","Embakasi Central","Matopeni/Spring Valley",2015,76.2830505371094
"Nairobi","Embakasi Central","Matopeni/Spring Valley",2016,86.3324661254883
"Nairobi","Embakasi Central","Matopeni/Spring Valley",2017,104.964866638184
"Nairobi","Embakasi Central","Matopeni/Spring Valley",2018,129.776077270508
"Nairobi","Embakasi Central","Matopeni/Spring Valley",2019,165.812149047852
"Nairobi","Embakasi Central","Matopeni/Spring Valley",2020,151.890563964844
"Nairobi","Embakasi Central","Matopeni/Spring Valley",2021,207.541366577148
"Nairobi","Embakasi Central","Matopeni/Spring Valley",2022,284.140533447266
"Nairobi","Embakasi Central","Matopeni/Spring Valley",2023,333.036529541016
"Nairobi","Embakasi Central","Matopeni/Spring Valley",2024,290.386413574219
"Nairobi","Embakasi East","Embakasi",2012,1749.57751464844
"Nairobi","Embakasi East","Embakasi",2013,2207.01196289062
"Nairobi","Embakasi East","Embakasi",2014,2288.3564453125
"Nairobi","Embakasi East","Embakasi",2015,2938.21801757812
"Nairobi","Embakasi East","Embakasi",2016,2873.92333984375
"Nairobi","Embakasi East","Embakasi",2017,3118.39575195312
"Nairobi","Embakasi East","Embakasi",2018,3266.765625
"Nairobi","Embakasi East","Embakasi",2019,3374.98803710938
"Nairobi","Embakasi East","Embakasi",2020,3158.0703125
"Nairobi","Embakasi East","Embakasi",2021,3188.87182617188
"Nairobi","Embakasi East","Embakasi",2022,3165.015625
"Nairobi","Embakasi East","Embakasi",2023,3718.00219726562
"Nairobi","Embakasi East","Embakasi",2024,3470.18359375
"Nairobi","Embakasi East","Lower Savannah",2012,49.6799736022949
"Nairobi","Embakasi East","Lower Savannah",2013,50.0075607299805
"Nairobi","Embakasi East","Lower Savannah",2014,55.3486366271973
"Nairobi","Embakasi East","Lower Savannah",2015,71.0790710449219
"Nairobi","Embakasi East","Lower Savannah",2016,90.5399551391602
"Nairobi","Embakasi East","Lower Savannah",2017,110.788734436035
"Nairobi","Embakasi East","Lower Savannah",2018,154.517105102539
"Nairobi","Embakasi East","Lower Savannah",2019,158.882827758789
"Nairobi","Embakasi East","Lower Savannah",2020,138.651580810547
"Nairobi","Embakasi East","Lower Savannah",2021,153.523132324219
"Nairobi","Embakasi East","Lower Savannah",2022,168.962905883789
"Nairobi","Embakasi East","Lower Savannah",2023,176.15495300293
"Nairobi","Embakasi East","Lower Savannah",2024,172.73274230957
"Nairobi","Embakasi East","Mihango",2012,445.823760986328
"Nairobi","Embakasi East","Mihango",2013,563.276794433594
"Nairobi","Embakasi East","Mihango",2014,641.037719726562
"Nairobi","Embakasi East","Mihango",2015,766.831787109375
"Nairobi","Embakasi East","Mihango",2016,1078.55578613281
"Nairobi","Embakasi East","Mihango",2017,1298.78820800781
"Nairobi","Embakasi East","Mihango",2018,1916.78649902344
"Nairobi","Embakasi East","Mihango",2019,2447.61743164062
"Nairobi","Embakasi East","Mihango",2020,2148.94799804688
"Nairobi","Embakasi East","Mihango",2021,2402.52392578125
"Nairobi","Embakasi East","Mihango",2022,2655.0576171875
"Nairobi","Embakasi East","Mihango",2023,2959.1484375
"Nairobi","Embakasi East","Mihango",2024,2591.41845703125
"Nairobi","Embakasi East","Upper Savannah",2012,226.58332824707
"Nairobi","Embakasi East","Upper Savannah",2013,230.338516235352
"Nairobi","Embakasi East","Upper Savannah",2014,243.399887084961
"Nairobi","Embakasi East","Upper Savannah",2015,290.218505859375
"Nairobi","Embakasi East","Upper Savannah",2016,293.439300537109
"Nairobi","Embakasi East","Upper Savannah",2017,332.650177001953
"Nairobi","Embakasi East","Upper Savannah",2018,469.640197753906
"Nairobi","Embakasi East","Upper Savannah",2019,610.355041503906
"Nairobi","Embakasi East","Upper Savannah",2020,546.075012207031
"Nairobi","Embakasi East","Upper Savannah",2021,582.102966308594
"Nairobi","Embakasi East","Upper Savannah",2022,636.207763671875
"Nairobi","Embakasi East","Upper Savannah",2023,658.186279296875
"Nairobi","Embakasi East","Upper Savannah",2024,592.654174804688
"Nairobi","Embakasi East","Utawala",2012,128.563674926758
"Nairobi","Embakasi East","Utawala",2013,154.970260620117
"Nairobi","Embakasi East","Utawala",2014,185.494140625
"Nairobi","Embakasi East","Utawala",2015,214.09977722168
"Nairobi","Embakasi East","Utawala",2016,232.756958007812
"Nairobi","Embakasi East","Utawala",2017,261.532409667969
"Nairobi","Embakasi East","Utawala",2018,357.754638671875
"Nairobi","Embakasi East","Utawala",2019,449.309326171875
"Nairobi","Embakasi East","Utawala",2020,378.200622558594
"Nairobi","Embakasi East","Utawala",2021,401.186401367188
"Nairobi","Embakasi East","Utawala",2022,408.901519775391
"Nairobi","Embakasi East","Utawala",2023,427.398620605469
"Nairobi","Embakasi East","Utawala",2024,385.752197265625
"Nairobi","Embakasi North","Dandora Area I",2012,74.89794921875
"Nairobi","Embakasi North","Dandora Area I",2013,83.7620315551758
"Nairobi","Embakasi North","Dandora Area I",2014,79.7554244995117
"Nairobi","Embakasi North","Dandora Area I",2015,97.0906829833984
"Nairobi","Embakasi North","Dandora Area I",2016,99.0817565917969
"Nairobi","Embakasi North","Dandora Area I",2017,101.625991821289
"Nairobi","Embakasi North","Dandora Area I",2018,99.9011459350586
"Nairobi","Embakasi North","Dandora Area I",2019,129.133575439453
"Nairobi","Embakasi North","Dandora Area I",2020,131.498840332031
"Nairobi","Embakasi North","Dandora Area I",2021,124.098167419434
"Nairobi","Embakasi North","Dandora Area I",2022,143.553024291992
"Nairobi","Embakasi North","Dandora Area I",2023,163.961990356445
"Nairobi","Embakasi North","Dandora Area I",2024,156.847671508789
"Nairobi","Embakasi North","Dandora Area Ii",2012,83.2915573120117
"Nairobi","Embakasi North","Dandora Area Ii",2013,92.5440063476562
"Nairobi","Embakasi North","Dandora Area Ii",2014,106.815231323242
"Nairobi","Embakasi North","Dandora Area Ii",2015,115.550872802734
"Nairobi","Embakasi North","Dandora Area Ii",2016,125.410148620605
"Nairobi","Embakasi North","Dandora Area Ii",2017,130.761169433594
"Nairobi","Embakasi North","Dandora Area Ii",2018,165.208114624023
"Nairobi","Embakasi North","Dandora Area Ii",2019,208.754165649414
"Nairobi","Embakasi North","Dandora Area Ii",2020,188.818023681641
"Nairobi","Embakasi North","Dandora Area Ii",2021,180.656066894531
"Nairobi","Embakasi North","Dandora Area Ii",2022,208.250610351562
"Nairobi","Embakasi North","Dandora Area Ii",2023,244.437606811523
"Nairobi","Embakasi North","Dandora Area Ii",2024,216.777008056641
"Nairobi","Embakasi North","Dandora Area Iii",2012,40.0927467346191
"Nairobi","Embakasi North","Dandora Area Iii",2013,41.9751510620117
"Nairobi","Embakasi North","Dandora Area Iii",2014,51.7514228820801
"Nairobi","Embakasi North","Dandora Area Iii",2015,58.0728187561035
"Nairobi","Embakasi North","Dandora Area Iii",2016,61.2642784118652
"Nairobi","Embakasi North","Dandora Area Iii",2017,61.0119094848633
"Nairobi","Embakasi North","Dandora Area Iii",2018,81.8466186523438
"Nairobi","Embakasi North","Dandora Area Iii",2019,120.355377197266
"Nairobi","Embakasi North","Dandora Area Iii",2020,90.0567779541016
"Nairobi","Embakasi North","Dandora Area Iii",2021,96.6678085327148
"Nairobi","Embakasi North","Dandora Area Iii",2022,109.963363647461
"Nairobi","Embakasi North","Dandora Area Iii",2023,117.019271850586
"Nairobi","Embakasi North","Dandora Area Iii",2024,114.226486206055
"Nairobi","Embakasi North","Dandora Area Iv",2012,44.6649513244629
"Nairobi","Embakasi North","Dandora Area Iv",2013,52.2897720336914
"Nairobi","Embakasi North","Dandora Area Iv",2014,58.518180847168
"Nairobi","Embakasi North","Dandora Area Iv",2015,67.0162506103516
"Nairobi","Embakasi North","Dandora Area Iv",2016,74.3405532836914
"Nairobi","Embakasi North","Dandora Area Iv",2017,86.1736450195312
"Nairobi","Embakasi North","Dandora Area Iv",2018,106.049942016602
"Nairobi","Embakasi North","Dandora Area Iv",2019,162.920013427734
"Nairobi","Embakasi North","Dandora Area Iv",2020,119.305267333984
"Nairobi","Embakasi North","Dandora Area Iv",2021,149.976821899414
"Nairobi","Embakasi North","Dandora Area Iv",2022,182.047882080078
"Nairobi","Embakasi North","Dandora Area Iv",2023,187.90559387207
"Nairobi","Embakasi North","Dandora Area Iv",2024,175.260101318359
"Nairobi","Embakasi North","Kariobangi North",2012,93.4452896118164
"Nairobi","Embakasi North","Kariobangi North",2013,94.8703384399414
"Nairobi","Embakasi North","Kariobangi North",2014,104.73445892334
"Nairobi","Embakasi North","Kariobangi North",2015,129.296905517578
"Nairobi","Embakasi North","Kariobangi North",2016,120.556701660156
"Nairobi","Embakasi North","Kariobangi North",2017,132.557647705078
"Nairobi","Embakasi North","Kariobangi North",2018,122.938041687012
"Nairobi","Embakasi North","Kariobangi North",2019,154.770538330078
"Nairobi","Embakasi North","Kariobangi North",2020,146.595687866211
"Nairobi","Embakasi North","Kariobangi North",2021,145.82389831543
"Nairobi","Embakasi North","Kariobangi North",2022,154.050643920898
"Nairobi","Embakasi North","Kariobangi North",2023,191.548065185547
"Nairobi","Embakasi North","Kariobangi North",2024,203.643859863281
"Nairobi","Embakasi South","Imara Daima",2012,437.713623046875
"Nairobi","Embakasi South","Imara Daima",2013,518.201354980469
"Nairobi","Embakasi South","Imara Daima",2014,537.785522460938
"Nairobi","Embakasi South","Imara Daima",2015,657.025207519531
"Nairobi","Embakasi South","Imara Daima",2016,630.241333007812
"Nairobi","Embakasi South","Imara Daima",2017,877.443481445312
"Nairobi","Embakasi South","Imara Daima",2018,1472.98291015625
"Nairobi","Embakasi South","Imara Daima",2019,1431.08166503906
"Nairobi","Embakasi South","Imara Daima",2020,1235.88330078125
"Nairobi","Embakasi South","Imara Daima",2021,1119.53369140625
"Nairobi","Embakasi South","Imara Daima",2022,1095.72924804688
"Nairobi","Embakasi South","Imara Daima",2023,1202.79223632812
"Nairobi","Embakasi South","Imara Daima",2024,1063.90270996094
"Nairobi","Embakasi South","Kwa Njenga",2012,79.7910919189453
"Nairobi","Embakasi South","Kwa Njenga",2013,93.2391738891602
"Nairobi","Embakasi South","Kwa Njenga",2014,102.89591217041
"Nairobi","Embakasi South","Kwa Njenga",2015,122.14826965332
"Nairobi","Embakasi South","Kwa Njenga",2016,143.456130981445
"Nairobi","Embakasi South","Kwa Njenga",2017,143.603637695312
"Nairobi","Embakasi South","Kwa Njenga",2018,216.818817138672
"Nairobi","Embakasi South","Kwa Njenga",2019,241.946594238281
"Nairobi","Embakasi South","Kwa Njenga",2020,192.186874389648
"Nairobi","Embakasi South","Kwa Njenga",2021,194.534698486328
"Nairobi","Embakasi South","Kwa Njenga",2022,193.263366699219
"Nairobi","Embakasi South","Kwa Njenga",2023,213.098693847656
"Nairobi","Embakasi South","Kwa Njenga",2024,190.557006835938
"Nairobi","Embakasi South","Kwa Reuben",2012,442.879638671875
"Nairobi","Embakasi South","Kwa Reuben",2013,488.664611816406
"Nairobi","Embakasi South","Kwa Reuben",2014,505.448516845703
"Nairobi","Embakasi South","Kwa Reuben",2015,569.193115234375
"Nairobi","Embakasi South","Kwa Reuben",2016,554.983337402344
"Nairobi","Embakasi South","Kwa Reuben",2017,602.870239257812
"Nairobi","Embakasi South","Kwa Reuben",2018,751.832275390625
"Nairobi","Embakasi South","Kwa Reuben",2019,805.959838867188
"Nairobi","Embakasi South","Kwa Reuben",2020,667.078430175781
"Nairobi","Embakasi South","Kwa Reuben",2021,697.770446777344
"Nairobi","Embakasi South","Kwa Reuben",2022,747.887023925781
"Nairobi","Embakasi South","Kwa Reuben",2023,831.558349609375
"Nairobi","Embakasi South","Kwa Reuben",2024,728.477844238281
"Nairobi","Embakasi South","Kware",2012,86.1595458984375
"Nairobi","Embakasi South","Kware",2013,105.314567565918
"Nairobi","Embakasi South","Kware",2014,110.521842956543
"Nairobi","Embakasi South","Kware",2015,139.643951416016
"Nairobi","Embakasi South","Kware",2016,148.525924682617
"Nairobi","Embakasi South","Kware",2017,152.157592773438
"Nairobi","Embakasi South","Kware",2018,198.512161254883
"Nairobi","Embakasi South","Kware",2019,252.807983398438
"Nairobi","Embakasi South","Kware",2020,187.879348754883
"Nairobi","Embakasi South","Kware",2021,182.228942871094
"Nairobi","Embakasi South","Kware",2022,172.224975585938
"Nairobi","Embakasi South","Kware",2023,194.924331665039
"Nairobi","Embakasi South","Kware",2024,168.952194213867
"Nairobi","Embakasi South","Pipeline",2012,83.8509902954102
"Nairobi","Embakasi South","Pipeline",2013,99.6066741943359
"Nairobi","Embakasi South","Pipeline",2014,96.4137420654297
"Nairobi","Embakasi South","Pipeline",2015,131.376998901367
"Nairobi","Embakasi South","Pipeline",2016,135.250015258789
"Nairobi","Embakasi South","Pipeline",2017,148.913818359375
"Nairobi","Embakasi South","Pipeline",2018,175.415313720703
"Nairobi","Embakasi South","Pipeline",2019,228.661331176758
"Nairobi","Embakasi South","Pipeline",2020,186.399948120117
"Nairobi","Embakasi South","Pipeline",2021,188.032531738281
"Nairobi","Embakasi South","Pipeline",2022,183.120956420898
"Nairobi","Embakasi South","Pipeline",2023,198.614669799805
"Nairobi","Embakasi South","Pipeline",2024,181.644866943359
"Nairobi","Embakasi West","Kariobangi South",2012,311.543426513672
"Nairobi","Embakasi West","Kariobangi South",2013,324.628051757812
"Nairobi","Embakasi West","Kariobangi South",2014,335.092834472656
"Nairobi","Embakasi West","Kariobangi South",2015,364.610870361328
"Nairobi","Embakasi West","Kariobangi South",2016,370.393157958984
"Nairobi","Embakasi West","Kariobangi South",2017,385.907684326172
"Nairobi","Embakasi West","Kariobangi South",2018,383.127166748047
"Nairobi","Embakasi West","Kariobangi South",2019,432.954986572266
"Nairobi","Embakasi West","Kariobangi South",2020,446.9052734375
"Nairobi","Embakasi West","Kariobangi South",2021,504.638092041016
"Nairobi","Embakasi West","Kariobangi South",2022,615.063415527344
"Nairobi","Embakasi West","Kariobangi South",2023,649.116027832031
"Nairobi","Embakasi West","Kariobangi South",2024,609.907958984375
"Nairobi","Embakasi West","Mowlem",2012,184.662261962891
"Nairobi","Embakasi West","Mowlem",2013,219.842590332031
"Nairobi","Embakasi West","Mowlem",2014,232.436981201172
"Nairobi","Embakasi West","Mowlem",2015,249.498107910156
"Nairobi","Embakasi West","Mowlem",2016,284.470886230469
"Nairobi","Embakasi West","Mowlem",2017,327.438201904297
"Nairobi","Embakasi West","Mowlem",2018,347.899627685547
"Nairobi","Embakasi West","Mowlem",2019,431.134918212891
"Nairobi","Embakasi West","Mowlem",2020,454.591247558594
"Nairobi","Embakasi West","Mowlem",2021,469.556549072266
"Nairobi","Embakasi West","Mowlem",2022,548.925415039062
"Nairobi","Embakasi West","Mowlem",2023,609.369812011719
"Nairobi","Embakasi West","Mowlem",2024,545.873107910156
"Nairobi","Embakasi West","Umoja I",2012,134.229629516602
"Nairobi","Embakasi West","Umoja I",2013,128.303527832031
"Nairobi","Embakasi West","Umoja I",2014,125.79955291748
"Nairobi","Embakasi West","Umoja I",2015,147.573883056641
"Nairobi","Embakasi West","Umoja I",2016,210.41535949707
"Nairobi","Embakasi West","Umoja I",2017,220.036163330078
"Nairobi","Embakasi West","Umoja I",2018,257.986694335938
"Nairobi","Embakasi West","Umoja I",2019,299.952026367188
"Nairobi","Embakasi West","Umoja I",2020,288.701446533203
"Nairobi","Embakasi West","Umoja I",2021,318.467956542969
"Nairobi","Embakasi West","Umoja I",2022,370.337646484375
"Nairobi","Embakasi West","Umoja I",2023,379.010681152344
"Nairobi","Embakasi West","Umoja I",2024,362.111938476562
"Nairobi","Embakasi West","Umoja Ii",2012,112.53670501709
"Nairobi","Embakasi West","Umoja Ii",2013,120.591300964355
"Nairobi","Embakasi West","Umoja Ii",2014,128.475311279297
"Nairobi","Embakasi West","Umoja Ii",2015,171.467575073242
"Nairobi","Embakasi West","Umoja Ii",2016,215.616333007812
"Nairobi","Embakasi West","Umoja Ii",2017,234.580276489258
"Nairobi","Embakasi West","Umoja Ii",2018,285.590209960938
"Nairobi","Embakasi West","Umoja Ii",2019,363.053985595703
"Nairobi","Embakasi West","Umoja Ii",2020,337.688110351562
"Nairobi","Embakasi West","Umoja Ii",2021,358.875427246094
"Nairobi","Embakasi West","Umoja Ii",2022,407.260070800781
"Nairobi","Embakasi West","Umoja Ii",2023,400.703369140625
"Nairobi","Embakasi West","Umoja Ii",2024,387.117431640625
"Nairobi","Kamukunji","Airbase",2012,403.984436035156
"Nairobi","Kamukunji","Airbase",2013,463.880889892578
"Nairobi","Kamukunji","Airbase",2014,490.648101806641
"Nairobi","Kamukunji","Airbase",2015,519.001647949219
"Nairobi","Kamukunji","Airbase",2016,476.101745605469
"Nairobi","Kamukunji","Airbase",2017,486.363861083984
"Nairobi","Kamukunji","Airbase",2018,429.438354492188
"Nairobi","Kamukunji","Airbase",2019,479.722961425781
"Nairobi","Kamukunji","Airbase",2020,434.648864746094
"Nairobi","Kamukunji","Airbase",2021,493.041595458984
"Nairobi","Kamukunji","Airbase",2022,535.238342285156
"Nairobi","Kamukunji","Airbase",2023,555.700500488281
"Nairobi","Kamukunji","Airbase",2024,578.473999023438
"Nairobi","Kamukunji","California",2012,47.2282447814941
"Nairobi","Kamukunji","California",2013,55.3568153381348
"Nairobi","Kamukunji","California",2014,63.973819732666
"Nairobi","Kamukunji","California",2015,75.3572998046875
"Nairobi","Kamukunji","California",2016,93.3910827636719
"Nairobi","Kamukunji","California",2017,87.889778137207
"Nairobi","Kamukunji","California",2018,76.9940490722656
"Nairobi","Kamukunji","California",2019,81.7472076416016
"Nairobi","Kamukunji","California",2020,78.4137573242188
"Nairobi","Kamukunji","California",2021,79.3612289428711
"Nairobi","Kamukunji","California",2022,97.2880935668945
"Nairobi","Kamukunji","California",2023,108.338508605957
"Nairobi","Kamukunji","California",2024,105.523902893066
"Nairobi","Kamukunji","Eastleigh North",2012,92.6061248779297
"Nairobi","Kamukunji","Eastleigh North",2013,115.736434936523
"Nairobi","Kamukunji","Eastleigh North",2014,118.037300109863
"Nairobi","Kamukunji","Eastleigh North",2015,133.139358520508
"Nairobi","Kamukunji","Eastleigh North",2016,159.613739013672
"Nairobi","Kamukunji","Eastleigh North",2017,154.957748413086
"Nairobi","Kamukunji","Eastleigh North",2018,134.774444580078
"Nairobi","Kamukunji","Eastleigh North",2019,136.820007324219
"Nairobi","Kamukunji","Eastleigh North",2020,127.873336791992
"Nairobi","Kamukunji","Eastleigh North",2021,148.239624023438
"Nairobi","Kamukunji","Eastleigh North",2022,171.446655273438
"Nairobi","Kamukunji","Eastleigh North",2023,186.820037841797
"Nairobi","Kamukunji","Eastleigh North",2024,187.440032958984
"Nairobi","Kamukunji","Eastleigh South",2012,51.0017929077148
"Nairobi","Kamukunji","Eastleigh South",2013,58.044189453125
"Nairobi","Kamukunji","Eastleigh South",2014,65.1042022705078
"Nairobi","Kamukunji","Eastleigh South",2015,73.882568359375
"Nairobi","Kamukunji","Eastleigh South",2016,85.2595367431641
"Nairobi","Kamukunji","Eastleigh South",2017,84.2486572265625
"Nairobi","Kamukunji","Eastleigh South",2018,75.3593673706055
"Nairobi","Kamukunji","Eastleigh South",2019,78.9750747680664
"Nairobi","Kamukunji","Eastleigh South",2020,75.8627243041992
"Nairobi","Kamukunji","Eastleigh South",2021,79.1773986816406
"Nairobi","Kamukunji","Eastleigh South",2022,104.294189453125
"Nairobi","Kamukunji","Eastleigh South",2023,103.835403442383
"Nairobi","Kamukunji","Eastleigh South",2024,99.4502487182617
"Nairobi","Kamukunji","Pumwani",2012,107.439254760742
"Nairobi","Kamukunji","Pumwani",2013,127.353607177734
"Nairobi","Kamukunji","Pumwani",2014,159.759124755859
"Nairobi","Kamukunji","Pumwani",2015,200.894653320312
"Nairobi","Kamukunji","Pumwani",2016,210.369522094727
"Nairobi","Kamukunji","Pumwani",2017,201.925582885742
"Nairobi","Kamukunji","Pumwani",2018,189.436370849609
"Nairobi","Kamukunji","Pumwani",2019,211.936340332031
"Nairobi","Kamukunji","Pumwani",2020,194.438537597656
"Nairobi","Kamukunji","Pumwani",2021,194.668151855469
"Nairobi","Kamukunji","Pumwani",2022,228.314300537109
"Nairobi","Kamukunji","Pumwani",2023,231.26904296875
"Nairobi","Kamukunji","Pumwani",2024,216.047744750977
"Nairobi","Kasarani","Clay City",2012,123.575180053711
"Nairobi","Kasarani","Clay City",2013,158.505737304688
"Nairobi","Kasarani","Clay City",2014,168.041091918945
"Nairobi","Kasarani","Clay City",2015,238.220687866211
"Nairobi","Kasarani","Clay City",2016,283.495941162109
"Nairobi","Kasarani","Clay City",2017,365.596740722656
"Nairobi","Kasarani","Clay City",2018,449.767395019531
"Nairobi","Kasarani","Clay City",2019,541.244995117188
"Nairobi","Kasarani","Clay City",2020,508.68017578125
"Nairobi","Kasarani","Clay City",2021,538.50634765625
"Nairobi","Kasarani","Clay City",2022,573.005249023438
"Nairobi","Kasarani","Clay City",2023,597.977172851562
"Nairobi","Kasarani","Clay City",2024,553.022644042969
"Nairobi","Kasarani","Kasarani",2012,370.311004638672
"Nairobi","Kasarani","Kasarani",2013,451.885528564453
"Nairobi","Kasarani","Kasarani",2014,515.415588378906
"Nairobi","Kasarani","Kasarani",2015,683.169006347656
"Nairobi","Kasarani","Kasarani",2016,796.877197265625
"Nairobi","Kasarani","Kasarani",2017,936.155578613281
"Nairobi","Kasarani","Kasarani",2018,942.451843261719
"Nairobi","Kasarani","Kasarani",2019,1044.57861328125
"Nairobi","Kasarani","Kasarani",2020,935.449768066406
"Nairobi","Kasarani","Kasarani",2021,1030.3896484375
"Nairobi","Kasarani","Kasarani",2022,1144.68273925781
"Nairobi","Kasarani","Kasarani",2023,1189.57141113281
"Nairobi","Kasarani","Kasarani",2024,1046.21301269531
"Nairobi","Kasarani","Mwiki",2012,125.485984802246
"Nairobi","Kasarani","Mwiki",2013,147.930648803711
"Nairobi","Kasarani","Mwiki",2014,156.274444580078
"Nairobi","Kasarani","Mwiki",2015,200.38020324707
"Nairobi","Kasarani","Mwiki",2016,212.679595947266
"Nairobi","Kasarani","Mwiki",2017,269.374572753906
"Nairobi","Kasarani","Mwiki",2018,447.883209228516
"Nairobi","Kasarani","Mwiki",2019,719.057556152344
"Nairobi","Kasarani","Mwiki",2020,589.496154785156
"Nairobi","Kasarani","Mwiki",2021,633.271789550781
"Nairobi","Kasarani","Mwiki",2022,652.680725097656
"Nairobi","Kasarani","Mwiki",2023,693.431335449219
"Nairobi","Kasarani","Mwiki",2024,686.950988769531
"Nairobi","Kasarani","Njiru",2012,173.604248046875
"Nairobi","Kasarani","Njiru",2013,198.762557983398
"Nairobi","Kasarani","Njiru",2014,237.646560668945
"Nairobi","Kasarani","Njiru",2015,260.046875
"Nairobi","Kasarani","Njiru",2016,286.906616210938
"Nairobi","Kasarani","Njiru",2017,346.057769775391
"Nairobi","Kasarani","Njiru",2018,472.062133789062
"Nairobi","Kasarani","Njiru",2019,681.5810546875
"Nairobi","Kasarani","Njiru",2020,604.070190429688
"Nairobi","Kasarani","Njiru",2021,679.173461914062
"Nairobi","Kasarani","Njiru",2022,799.3583984375
"Nairobi","Kasarani","Njiru",2023,862.184387207031
"Nairobi","Kasarani","Njiru",2024,811.620788574219
"Nairobi","Kasarani","Ruai",2012,229.031753540039
"Nairobi","Kasarani","Ruai",2013,303.760894775391
"Nairobi","Kasarani","Ruai",2014,429.884643554688
"Nairobi","Kasarani","Ruai",2015,603.825378417969
"Nairobi","Kasarani","Ruai",2016,800.27392578125
"Nairobi","Kasarani","Ruai",2017,1338.42895507812
"Nairobi","Kasarani","Ruai",2018,2365.93359375
"Nairobi","Kasarani","Ruai",2019,3097.26879882812
"Nairobi","Kasarani","Ruai",2020,2754.01733398438
"Nairobi","Kasarani","Ruai",2021,2914.34448242188
"Nairobi","Kasarani","Ruai",2022,3103.361328125
"Nairobi","Kasarani","Ruai",2023,3353.58666992188
"Nairobi","Kasarani","Ruai",2024,3019.70190429688
"Nairobi","Kibra","Laini Saba",2012,12.857439994812
"Nairobi","Kibra","Laini Saba",2013,14.397572517395
"Nairobi","Kibra","Laini Saba",2014,13.7183427810669
"Nairobi","Kibra","Laini Saba",2015,17.7870025634766
"Nairobi","Kibra","Laini Saba",2016,16.1176815032959
"Nairobi","Kibra","Laini Saba",2017,18.750020980835
"Nairobi","Kibra","Laini Saba",2018,16.2056198120117
"Nairobi","Kibra","Laini Saba",2019,15.8667192459106
"Nairobi","Kibra","Laini Saba",2020,14.7542572021484
"Nairobi","Kibra","Laini Saba",2021,13.8751192092896
"Nairobi","Kibra","Laini Saba",2022,16.1869621276855
"Nairobi","Kibra","Laini Saba",2023,17.7921829223633
"Nairobi","Kibra","Laini Saba",2024,20.5448265075684
"Nairobi","Kibra","Lindi",2012,87.3358001708984
"Nairobi","Kibra","Lindi",2013,82.1933059692383
"Nairobi","Kibra","Lindi",2014,80.3961029052734
"Nairobi","Kibra","Lindi",2015,116.995109558105
"Nairobi","Kibra","Lindi",2016,110.351524353027
"Nairobi","Kibra","Lindi",2017,116.11791229248
"Nairobi","Kibra","Lindi",2018,101.803672790527
"Nairobi","Kibra","Lindi",2019,103.133697509766
"Nairobi","Kibra","Lindi",2020,80.5990753173828
"Nairobi","Kibra","Lindi",2021,83.9110870361328
"Nairobi","Kibra","Lindi",2022,100.352241516113
"Nairobi","Kibra","Lindi",2023,104.244049072266
"Nairobi","Kibra","Lindi",2024,114.382530212402
"Nairobi","Kibra","Makina",2012,68.0166778564453
"Nairobi","Kibra","Makina",2013,70.7091369628906
"Nairobi","Kibra","Makina",2014,69.2029037475586
"Nairobi","Kibra","Makina",2015,86.1010971069336
"Nairobi","Kibra","Makina",2016,78.5390167236328
"Nairobi","Kibra","Makina",2017,76.8513488769531
"Nairobi","Kibra","Makina",2018,76.6662750244141
"Nairobi","Kibra","Makina",2019,78.4821548461914
"Nairobi","Kibra","Makina",2020,78.3755950927734
"Nairobi","Kibra","Makina",2021,87.3491516113281
"Nairobi","Kibra","Makina",2022,97.5717239379883
"Nairobi","Kibra","Makina",2023,94.5366821289062
"Nairobi","Kibra","Makina",2024,91.8921585083008
"Nairobi","Kibra","Nyayo Highrise",2012,75.2952346801758
"Nairobi","Kibra","Nyayo Highrise",2013,78.2690734863281
"Nairobi","Kibra","Nyayo Highrise",2014,85.4189529418945
"Nairobi","Kibra","Nyayo Highrise",2015,103.696411132812
"Nairobi","Kibra","Nyayo Highrise",2016,111.589530944824
"Nairobi","Kibra","Nyayo Highrise",2017,124.525039672852
"Nairobi","Kibra","Nyayo Highrise",2018,122.223068237305
"Nairobi","Kibra","Nyayo Highrise",2019,121.312721252441
"Nairobi","Kibra","Nyayo Highrise",2020,110.41316986084
"Nairobi","Kibra","Nyayo Highrise",2021,112.619789123535
"Nairobi","Kibra","Nyayo Highrise",2022,128.226333618164
"Nairobi","Kibra","Nyayo Highrise",2023,141.996185302734
"Nairobi","Kibra","Nyayo Highrise",2024,137.774322509766
"Nairobi","Kibra","Sarangombe",2012,92.1036071777344
"Nairobi","Kibra","Sarangombe",2013,100.970893859863
"Nairobi","Kibra","Sarangombe",2014,109.960800170898
"Nairobi","Kibra","Sarangombe",2015,141.373626708984
"Nairobi","Kibra","Sarangombe",2016,139.01774597168
"Nairobi","Kibra","Sarangombe",2017,135.646423339844
"Nairobi","Kibra","Sarangombe",2018,121.864433288574
"Nairobi","Kibra","Sarangombe",2019,128.672622680664
"Nairobi","Kibra","Sarangombe",2020,107.289260864258
"Nairobi","Kibra","Sarangombe",2021,143.536682128906
"Nairobi","Kibra","Sarangombe",2022,168.77653503418
"Nairobi","Kibra","Sarangombe",2023,168.691986083984
"Nairobi","Kibra","Sarangombe",2024,151.730133056641
"Nairobi","Kibra","Woodley/Kenyatta Golf Course",2012,949.332397460938
"Nairobi","Kibra","Woodley/Kenyatta Golf Course",2013,900.580993652344
"Nairobi","Kibra","Woodley/Kenyatta Golf Course",2014,902.580017089844
"Nairobi","Kibra","Woodley/Kenyatta Golf Course",2015,1004.40515136719
"Nairobi","Kibra","Woodley/Kenyatta Golf Course",2016,1123.25317382812
"Nairobi","Kibra","Woodley/Kenyatta Golf Course",2017,1215.11877441406
"Nairobi","Kibra","Woodley/Kenyatta Golf Course",2018,1228.34228515625
"Nairobi","Kibra","Woodley/Kenyatta Golf Course",2019,1318.75512695312
"Nairobi","Kibra","Woodley/Kenyatta Golf Course",2020,1173.53503417969
"Nairobi","Kibra","Woodley/Kenyatta Golf Course",2021,1300.81677246094
"Nairobi","Kibra","Woodley/Kenyatta Golf Course",2022,1363.61828613281
"Nairobi","Kibra","Woodley/Kenyatta Golf Course",2023,1431.39245605469
"Nairobi","Kibra","Woodley/Kenyatta Golf Course",2024,1379.45092773438
"Nairobi","Langata","Karen",2012,1040.94177246094
"Nairobi","Langata","Karen",2013,1169.54846191406
"Nairobi","Langata","Karen",2014,1404.08740234375
"Nairobi","Langata","Karen",2015,1551.7197265625
"Nairobi","Langata","Karen",2016,2428.5556640625
"Nairobi","Langata","Karen",2017,2953.13598632812
"Nairobi","Langata","Karen",2018,2988.75561523438
"Nairobi","Langata","Karen",2019,3083.34423828125
"Nairobi","Langata","Karen",2020,2739.01049804688
"Nairobi","Langata","Karen",2021,2957.46069335938
"Nairobi","Langata","Karen",2022,3129.10888671875
"Nairobi","Langata","Karen",2023,3269.86694335938
"Nairobi","Langata","Karen",2024,2972.3662109375
"Nairobi","Langata","Mugumu-Ini",2012,995.257080078125
"Nairobi","Langata","Mugumu-Ini",2013,1088.62329101562
"Nairobi","Langata","Mugumu-Ini",2014,1319.03234863281
"Nairobi","Langata","Mugumu-Ini",2015,1475.72497558594
"Nairobi","Langata","Mugumu-Ini",2016,1627.32800292969
"Nairobi","Langata","Mugumu-Ini",2017,2248.05786132812
"Nairobi","Langata","Mugumu-Ini",2018,2249.73217773438
"Nairobi","Langata","Mugumu-Ini",2019,2331.56396484375
"Nairobi","Langata","Mugumu-Ini",2020,1984.2490234375
"Nairobi","Langata","Mugumu-Ini",2021,2303.44287109375
"Nairobi","Langata","Mugumu-Ini",2022,2526.94702148438
"Nairobi","Langata","Mugumu-Ini",2023,2683.56079101562
"Nairobi","Langata","Mugumu-Ini",2024,2269.08325195312
"Nairobi","Langata","Nairobi West",2012,453.236755371094
"Nairobi","Langata","Nairobi West",2013,459.157775878906
"Nairobi","Langata","Nairobi West",2014,473.313354492188
"Nairobi","Langata","Nairobi West",2015,555.759033203125
"Nairobi","Langata","Nairobi West",2016,713.476928710938
"Nairobi","Langata","Nairobi West",2017,827.650146484375
"Nairobi","Langata","Nairobi West",2018,817.063781738281
"Nairobi","Langata","Nairobi West",2019,855.497009277344
"Nairobi","Langata","Nairobi West",2020,760.9736328125
"Nairobi","Langata","Nairobi West",2021,797.264526367188
"Nairobi","Langata","Nairobi West",2022,872.364929199219
"Nairobi","Langata","Nairobi West",2023,918.743896484375
"Nairobi","Langata","Nairobi West",2024,845.240661621094
"Nairobi","Langata","South C",2012,268.046356201172
"Nairobi","Langata","South C",2013,281.703277587891
"Nairobi","Langata","South C",2014,301.462951660156
"Nairobi","Langata","South C",2015,325.617248535156
"Nairobi","Langata","South C",2016,407.959686279297
"Nairobi","Langata","South C",2017,499.332458496094
"Nairobi","Langata","South C",2018,513.139770507812
"Nairobi","Langata","South C",2019,532.997131347656
"Nairobi","Langata","South C",2020,464.19921875
"Nairobi","Langata","South C",2021,527.638549804688
"Nairobi","Langata","South C",2022,636.782043457031
"Nairobi","Langata","South C",2023,662.84375
"Nairobi","Langata","South C",2024,610.269165039062
"Nairobi","Makadara","Harambee",2012,134.340881347656
"Nairobi","Makadara","Harambee",2013,125.745223999023
"Nairobi","Makadara","Harambee",2014,127.981269836426
"Nairobi","Makadara","Harambee",2015,150.480178833008
"Nairobi","Makadara","Harambee",2016,169.851196289062
"Nairobi","Makadara","Harambee",2017,175.341552734375
"Nairobi","Makadara","Harambee",2018,176.229598999023
"Nairobi","Makadara","Harambee",2019,193.023849487305
"Nairobi","Makadara","Harambee",2020,178.676971435547
"Nairobi","Makadara","Harambee",2021,205.043670654297
"Nairobi","Makadara","Harambee",2022,267.3564453125
"Nairobi","Makadara","Harambee",2023,281.961669921875
"Nairobi","Makadara","Harambee",2024,251.239501953125
"Nairobi","Makadara","Makongeni",2012,179.627838134766
"Nairobi","Makadara","Makongeni",2013,200.204742431641
"Nairobi","Makadara","Makongeni",2014,233.381698608398
"Nairobi","Makadara","Makongeni",2015,302.786285400391
"Nairobi","Makadara","Makongeni",2016,324.614532470703
"Nairobi","Makadara","Makongeni",2017,343.422698974609
"Nairobi","Makadara","Makongeni",2018,345.9814453125
"Nairobi","Makadara","Makongeni",2019,378.533508300781
"Nairobi","Makadara","Makongeni",2020,320.210723876953
"Nairobi","Makadara","Makongeni",2021,342.542755126953
"Nairobi","Makadara","Makongeni",2022,394.884033203125
"Nairobi","Makadara","Makongeni",2023,388.073638916016
"Nairobi","Makadara","Makongeni",2024,352.402648925781
"Nairobi","Makadara","Maringo/Hamza",2012,292.892791748047
"Nairobi","Makadara","Maringo/Hamza",2013,309.835693359375
"Nairobi","Makadara","Maringo/Hamza",2014,331.379150390625
"Nairobi","Makadara","Maringo/Hamza",2015,397.066650390625
"Nairobi","Makadara","Maringo/Hamza",2016,466.439483642578
"Nairobi","Makadara","Maringo/Hamza",2017,491.727630615234
"Nairobi","Makadara","Maringo/Hamza",2018,492.336303710938
"Nairobi","Makadara","Maringo/Hamza",2019,544.619079589844
"Nairobi","Makadara","Maringo/Hamza",2020,510.856842041016
"Nairobi","Makadara","Maringo/Hamza",2021,548.127014160156
"Nairobi","Makadara","Maringo/Hamza",2022,679.146423339844
"Nairobi","Makadara","Maringo/Hamza",2023,707.273071289062
"Nairobi","Makadara","Maringo/Hamza",2024,643.836547851562
"Nairobi","Makadara","Viwandani",2012,455.957153320312
"Nairobi","Makadara","Viwandani",2013,465.662719726562
"Nairobi","Makadara","Viwandani",2014,494.241455078125
"Nairobi","Makadara","Viwandani",2015,564.171752929688
"Nairobi","Makadara","Viwandani",2016,568.161682128906
"Nairobi","Makadara","Viwandani",2017,615.90478515625
"Nairobi","Makadara","Viwandani",2018,726.887634277344
"Nairobi","Makadara","Viwandani",2019,749.571228027344
"Nairobi","Makadara","Viwandani",2020,678.69970703125
"Nairobi","Makadara","Viwandani",2021,655.223266601562
"Nairobi","Makadara","Viwandani",2022,710.972106933594
"Nairobi","Makadara","Viwandani",2023,716.979858398438
"Nairobi","Makadara","Viwandani",2024,672.169189453125
"Nairobi","Mathare","Hospital",2012,40.5832099914551
"Nairobi","Mathare","Hospital",2013,58.9386901855469
"Nairobi","Mathare","Hospital",2014,65.7475967407227
"Nairobi","Mathare","Hospital",2015,73.7060089111328
"Nairobi","Mathare","Hospital",2016,64.0594940185547
"Nairobi","Mathare","Hospital",2017,66.7690658569336
"Nairobi","Mathare","Hospital",2018,63.4553031921387
"Nairobi","Mathare","Hospital",2019,74.5291137695312
"Nairobi","Mathare","Hospital",2020,65.5144653320312
"Nairobi","Mathare","Hospital",2021,87.6939697265625
"Nairobi","Mathare","Hospital",2022,86.8838882446289
"Nairobi","Mathare","Hospital",2023,92.0454177856445
"Nairobi","Mathare","Hospital",2024,89.2568283081055
"Nairobi","Mathare","Huruma",2012,84.6648025512695
"Nairobi","Mathare","Huruma",2013,84.7830047607422
"Nairobi","Mathare","Huruma",2014,80.3887481689453
"Nairobi","Mathare","Huruma",2015,98.3821792602539
"Nairobi","Mathare","Huruma",2016,96.1879043579102
"Nairobi","Mathare","Huruma",2017,102.110534667969
"Nairobi","Mathare","Huruma",2018,96.3642120361328
"Nairobi","Mathare","Huruma",2019,103.438186645508
"Nairobi","Mathare","Huruma",2020,90.7190704345703
"Nairobi","Mathare","Huruma",2021,90.7818298339844
"Nairobi","Mathare","Huruma",2022,101.152877807617
"Nairobi","Mathare","Huruma",2023,114.096611022949
"Nairobi","Mathare","Huruma",2024,120.216804504395
"Nairobi","Mathare","Kiamaiko",2012,64.626823425293
"Nairobi","Mathare","Kiamaiko",2013,61.8046379089355
"Nairobi","Mathare","Kiamaiko",2014,66.0399856567383
"Nairobi","Mathare","Kiamaiko",2015,79.7338409423828
"Nairobi","Mathare","Kiamaiko",2016,75.655143737793
"Nairobi","Mathare","Kiamaiko",2017,83.856201171875
"Nairobi","Mathare","Kiamaiko",2018,73.0461120605469
"Nairobi","Mathare","Kiamaiko",2019,84.5441741943359
"Nairobi","Mathare","Kiamaiko",2020,82.9148101806641
"Nairobi","Mathare","Kiamaiko",2021,80.9113159179688
"Nairobi","Mathare","Kiamaiko",2022,87.6883316040039
"Nairobi","Mathare","Kiamaiko",2023,96.6249771118164
"Nairobi","Mathare","Kiamaiko",2024,106.106735229492
"Nairobi","Mathare","Mabatini",2012,37.7640419006348
"Nairobi","Mathare","Mabatini",2013,44.2993545532227
"Nairobi","Mathare","Mabatini",2014,44.4064979553223
"Nairobi","Mathare","Mabatini",2015,49.2393989562988
"Nairobi","Mathare","Mabatini",2016,41.7695693969727
"Nairobi","Mathare","Mabatini",2017,46.2223472595215
"Nairobi","Mathare","Mabatini",2018,45.8028144836426
"Nairobi","Mathare","Mabatini",2019,50.6421394348145
"Nairobi","Mathare","Mabatini",2020,39.8078956604004
"Nairobi","Mathare","Mabatini",2021,43.4341011047363
"Nairobi","Mathare","Mabatini",2022,43.5577774047852
"Nairobi","Mathare","Mabatini",2023,49.9550437927246
"Nairobi","Mathare","Mabatini",2024,53.223445892334
"Nairobi","Mathare","Mlango Kubwa",2012,22.1730213165283
"Nairobi","Mathare","Mlango Kubwa",2013,29.166410446167
"Nairobi","Mathare","Mlango Kubwa",2014,28.633581161499
"Nairobi","Mathare","Mlango Kubwa",2015,35.5346794128418
"Nairobi","Mathare","Mlango Kubwa",2016,32.723087310791
"Nairobi","Mathare","Mlango Kubwa",2017,34.5723304748535
"Nairobi","Mathare","Mlango Kubwa",2018,30.1841697692871
"Nairobi","Mathare","Mlango Kubwa",2019,36.4592208862305
"Nairobi","Mathare","Mlango Kubwa",2020,30.76393699646
"Nairobi","Mathare","Mlango Kubwa",2021,39.4740371704102
"Nairobi","Mathare","Mlango Kubwa",2022,40.7145462036133
"Nairobi","Mathare","Mlango Kubwa",2023,41.8779525756836
"Nairobi","Mathare","Mlango Kubwa",2024,41.5600814819336
"Nairobi","Roysambu","Githurai",2012,42.9347648620605
"Nairobi","Roysambu","Githurai",2013,47.3874549865723
"Nairobi","Roysambu","Githurai",2014,46.1690444946289
"Nairobi","Roysambu","Githurai",2015,55.7190475463867
"Nairobi","Roysambu","Githurai",2016,68.1701202392578
"Nairobi","Roysambu","Githurai",2017,101.379928588867
"Nairobi","Roysambu","Githurai",2018,99.3273086547852
"Nairobi","Roysambu","Githurai",2019,138.666290283203
"Nairobi","Roysambu","Githurai",2020,153.695343017578
"Nairobi","Roysambu","Githurai",2021,183.706130981445
"Nairobi","Roysambu","Githurai",2022,225.93928527832
"Nairobi","Roysambu","Githurai",2023,228.898345947266
"Nairobi","Roysambu","Githurai",2024,217.804229736328
"Nairobi","Roysambu","Kahawa",2012,109.093116760254
"Nairobi","Roysambu","Kahawa",2013,113.612144470215
"Nairobi","Roysambu","Kahawa",2014,111.429908752441
"Nairobi","Roysambu","Kahawa",2015,128.879135131836
"Nairobi","Roysambu","Kahawa",2016,152.011795043945
"Nairobi","Roysambu","Kahawa",2017,168.102569580078
"Nairobi","Roysambu","Kahawa",2018,231.148986816406
"Nairobi","Roysambu","Kahawa",2019,398.261840820312
"Nairobi","Roysambu","Kahawa",2020,364.811279296875
"Nairobi","Roysambu","Kahawa",2021,375.001739501953
"Nairobi","Roysambu","Kahawa",2022,424.962127685547
"Nairobi","Roysambu","Kahawa",2023,444.340515136719
"Nairobi","Roysambu","Kahawa",2024,394.070709228516
"Nairobi","Roysambu","Kahawa West",2012,250.653900146484
"Nairobi","Roysambu","Kahawa West",2013,300.924133300781
"Nairobi","Roysambu","Kahawa West",2014,300.515808105469
"Nairobi","Roysambu","Kahawa West",2015,411.006805419922
"Nairobi","Roysambu","Kahawa West",2016,416.636352539062
"Nairobi","Roysambu","Kahawa West",2017,528.420166015625
"Nairobi","Roysambu","Kahawa West",2018,641.757202148438
"Nairobi","Roysambu","Kahawa West",2019,766.726318359375
"Nairobi","Roysambu","Kahawa West",2020,797.59228515625
"Nairobi","Roysambu","Kahawa West",2021,883.562744140625
"Nairobi","Roysambu","Kahawa West",2022,950.244018554688
"Nairobi","Roysambu","Kahawa West",2023,969.583129882812
"Nairobi","Roysambu","Kahawa West",2024,877.842651367188
"Nairobi","Roysambu","Roysambu",2012,645.206909179688
"Nairobi","Roysambu","Roysambu",2013,758.193481445312
"Nairobi","Roysambu","Roysambu",2014,860.877319335938
"Nairobi","Roysambu","Roysambu",2015,1046.205078125
"Nairobi","Roysambu","Roysambu",2016,1294.79418945312
"Nairobi","Roysambu","Roysambu",2017,1427.12231445312
"Nairobi","Roysambu","Roysambu",2018,1449.85620117188
"Nairobi","Roysambu","Roysambu",2019,1534.08581542969
"Nairobi","Roysambu","Roysambu",2020,1434.11352539062
"Nairobi","Roysambu","Roysambu",2021,1712.91833496094
"Nairobi","Roysambu","Roysambu",2022,2003.78356933594
"Nairobi","Roysambu","Roysambu",2023,1970.46716308594
"Nairobi","Roysambu","Roysambu",2024,1930.69787597656
"Nairobi","Roysambu","Zimmerman",2012,135.040756225586
"Nairobi","Roysambu","Zimmerman",2013,176.61018371582
"Nairobi","Roysambu","Zimmerman",2014,185.705368041992
"Nairobi","Roysambu","Zimmerman",2015,208.651306152344
"Nairobi","Roysambu","Zimmerman",2016,232.667984008789
"Nairobi","Roysambu","Zimmerman",2017,296.227691650391
"Nairobi","Roysambu","Zimmerman",2018,302.515777587891
"Nairobi","Roysambu","Zimmerman",2019,351.879852294922
"Nairobi","Roysambu","Zimmerman",2020,348.10693359375
"Nairobi","Roysambu","Zimmerman",2021,443.136413574219
"Nairobi","Roysambu","Zimmerman",2022,498.895721435547
"Nairobi","Roysambu","Zimmerman",2023,545.906372070312
"Nairobi","Roysambu","Zimmerman",2024,509.548431396484
"Nairobi","Ruaraka","Baba Dogo",2012,167.133377075195
"Nairobi","Ruaraka","Baba Dogo",2013,201.862243652344
"Nairobi","Ruaraka","Baba Dogo",2014,222.651824951172
"Nairobi","Ruaraka","Baba Dogo",2015,284.213562011719
"Nairobi","Ruaraka","Baba Dogo",2016,309.288909912109
"Nairobi","Ruaraka","Baba Dogo",2017,322.641632080078
"Nairobi","Ruaraka","Baba Dogo",2018,275.973571777344
"Nairobi","Ruaraka","Baba Dogo",2019,307.735626220703
"Nairobi","Ruaraka","Baba Dogo",2020,297.976348876953
"Nairobi","Ruaraka","Baba Dogo",2021,308.108764648438
"Nairobi","Ruaraka","Baba Dogo",2022,327.676727294922
"Nairobi","Ruaraka","Baba Dogo",2023,362.814666748047
"Nairobi","Ruaraka","Baba Dogo",2024,354.791595458984
"Nairobi","Ruaraka","Korogocho",2012,46.4853096008301
"Nairobi","Ruaraka","Korogocho",2013,49.9266395568848
"Nairobi","Ruaraka","Korogocho",2014,53.8601264953613
"Nairobi","Ruaraka","Korogocho",2015,63.4660110473633
"Nairobi","Ruaraka","Korogocho",2016,78.2273330688477
"Nairobi","Ruaraka","Korogocho",2017,79.0260467529297
"Nairobi","Ruaraka","Korogocho",2018,71.080078125
"Nairobi","Ruaraka","Korogocho",2019,95.1876831054688
"Nairobi","Ruaraka","Korogocho",2020,83.3283081054688
"Nairobi","Ruaraka","Korogocho",2021,77.0939331054688
"Nairobi","Ruaraka","Korogocho",2022,76.9762573242188
"Nairobi","Ruaraka","Korogocho",2023,85.5906524658203
"Nairobi","Ruaraka","Korogocho",2024,85.542854309082
"Nairobi","Ruaraka","Lucky Summer",2012,43.6272773742676
"Nairobi","Ruaraka","Lucky Summer",2013,46.3639335632324
"Nairobi","Ruaraka","Lucky Summer",2014,54.9299468994141
"Nairobi","Ruaraka","Lucky Summer",2015,61.0156173706055
"Nairobi","Ruaraka","Lucky Summer",2016,83.2394409179688
"Nairobi","Ruaraka","Lucky Summer",2017,102.897872924805
"Nairobi","Ruaraka","Lucky Summer",2018,99.8651962280273
"Nairobi","Ruaraka","Lucky Summer",2019,154.473678588867
"Nairobi","Ruaraka","Lucky Summer",2020,136.448333740234
"Nairobi","Ruaraka","Lucky Summer",2021,123.121063232422
"Nairobi","Ruaraka","Lucky Summer",2022,127.091468811035
"Nairobi","Ruaraka","Lucky Summer",2023,139.627288818359
"Nairobi","Ruaraka","Lucky Summer",2024,130.654556274414
"Nairobi","Ruaraka","Mathare North",2012,58.5477333068848
"Nairobi","Ruaraka","Mathare North",2013,68.2092208862305
"Nairobi","Ruaraka","Mathare North",2014,68.558349609375
"Nairobi","Ruaraka","Mathare North",2015,82.8989410400391
"Nairobi","Ruaraka","Mathare North",2016,81.703498840332
"Nairobi","Ruaraka","Mathare North",2017,96.4201812744141
"Nairobi","Ruaraka","Mathare North",2018,99.1202087402344
"Nairobi","Ruaraka","Mathare North",2019,106.098358154297
"Nairobi","Ruaraka","Mathare North",2020,95.9471206665039
"Nairobi","Ruaraka","Mathare North",2021,94.62890625
"Nairobi","Ruaraka","Mathare North",2022,103.607643127441
"Nairobi","Ruaraka","Mathare North",2023,108.105979919434
"Nairobi","Ruaraka","Mathare North",2024,113.106620788574
"Nairobi","Ruaraka","Utalii",2012,109.739601135254
"Nairobi","Ruaraka","Utalii",2013,122.33829498291
"Nairobi","Ruaraka","Utalii",2014,134.494430541992
"Nairobi","Ruaraka","Utalii",2015,166.17594909668
"Nairobi","Ruaraka","Utalii",2016,159.262924194336
"Nairobi","Ruaraka","Utalii",2017,178.253555297852
"Nairobi","Ruaraka","Utalii",2018,183.908721923828
"Nairobi","Ruaraka","Utalii",2019,184.081848144531
"Nairobi","Ruaraka","Utalii",2020,155.911163330078
"Nairobi","Ruaraka","Utalii",2021,181.206436157227
"Nairobi","Ruaraka","Utalii",2022,175.645797729492
"Nairobi","Ruaraka","Utalii",2023,189.993194580078
"Nairobi","Ruaraka","Utalii",2024,202.048812866211
"Nairobi","Starehe","Landimawe",2012,619.637817382812
"Nairobi","Starehe","Landimawe",2013,643.76953125
"Nairobi","Starehe","Landimawe",2014,658.404846191406
"Nairobi","Starehe","Landimawe",2015,817.204284667969
"Nairobi","Starehe","Landimawe",2016,776.676086425781
"Nairobi","Starehe","Landimawe",2017,809.940612792969
"Nairobi","Starehe","Landimawe",2018,920.921569824219
"Nairobi","Starehe","Landimawe",2019,975.08740234375
"Nairobi","Starehe","Landimawe",2020,903.253662109375
"Nairobi","Starehe","Landimawe",2021,874.989501953125
"Nairobi","Starehe","Landimawe",2022,935.436462402344
"Nairobi","Starehe","Landimawe",2023,975.357971191406
"Nairobi","Starehe","Landimawe",2024,876.854614257812
"Nairobi","Starehe","Nairobi Central",2012,864.494812011719
"Nairobi","Starehe","Nairobi Central",2013,840.290771484375
"Nairobi","Starehe","Nairobi Central",2014,878.275085449219
"Nairobi","Starehe","Nairobi Central",2015,1015.93786621094
"Nairobi","Starehe","Nairobi Central",2016,971.645690917969
"Nairobi","Starehe","Nairobi Central",2017,923.475219726562
"Nairobi","Starehe","Nairobi Central",2018,891.624572753906
"Nairobi","Starehe","Nairobi Central",2019,860.570983886719
"Nairobi","Starehe","Nairobi Central",2020,904.321166992188
"Nairobi","Starehe","Nairobi Central",2021,907.308654785156
"Nairobi","Starehe","Nairobi Central",2022,984.641235351562
"Nairobi","Starehe","Nairobi Central",2023,1078.96057128906
"Nairobi","Starehe","Nairobi Central",2024,1032.58654785156
"Nairobi","Starehe","Nairobi South",2012,239.232192993164
"Nairobi","Starehe","Nairobi South",2013,234.277847290039
"Nairobi","Starehe","Nairobi South",2014,231.10400390625
"Nairobi","Starehe","Nairobi South",2015,281.549621582031
"Nairobi","Starehe","Nairobi South",2016,262.699279785156
"Nairobi","Starehe","Nairobi South",2017,278.488708496094
"Nairobi","Starehe","Nairobi South",2018,315.888488769531
"Nairobi","Starehe","Nairobi South",2019,346.266510009766
"Nairobi","Starehe","Nairobi South",2020,319.587219238281
"Nairobi","Starehe","Nairobi South",2021,345.034484863281
"Nairobi","Starehe","Nairobi South",2022,402.228302001953
"Nairobi","Starehe","Nairobi South",2023,407.2470703125
"Nairobi","Starehe","Nairobi South",2024,402.690612792969
"Nairobi","Starehe","Ngara",2012,284.270111083984
"Nairobi","Starehe","Ngara",2013,400.943481445312
"Nairobi","Starehe","Ngara",2014,440.625915527344
"Nairobi","Starehe","Ngara",2015,519.92236328125
"Nairobi","Starehe","Ngara",2016,462.932281494141
"Nairobi","Starehe","Ngara",2017,468.642761230469
"Nairobi","Starehe","Ngara",2018,425.488952636719
"Nairobi","Starehe","Ngara",2019,441.726654052734
"Nairobi","Starehe","Ngara",2020,399.171813964844
"Nairobi","Starehe","Ngara",2021,468.682769775391
"Nairobi","Starehe","Ngara",2022,485.437835693359
"Nairobi","Starehe","Ngara",2023,529.145141601562
"Nairobi","Starehe","Ngara",2024,490.344635009766
"Nairobi","Starehe","Pangani",2012,164.157379150391
"Nairobi","Starehe","Pangani",2013,217.918151855469
"Nairobi","Starehe","Pangani",2014,229.250061035156
"Nairobi","Starehe","Pangani",2015,285.226135253906
"Nairobi","Starehe","Pangani",2016,320.547882080078
"Nairobi","Starehe","Pangani",2017,342.454193115234
"Nairobi","Starehe","Pangani",2018,291.253936767578
"Nairobi","Starehe","Pangani",2019,288.736877441406
"Nairobi","Starehe","Pangani",2020,280.011016845703
"Nairobi","Starehe","Pangani",2021,312.630401611328
"Nairobi","Starehe","Pangani",2022,340.134246826172
"Nairobi","Starehe","Pangani",2023,353.012786865234
"Nairobi","Starehe","Pangani",2024,330.100433349609
"Nairobi","Starehe","Ziwani/Kariokor",2012,81.1162338256836
"Nairobi","Starehe","Ziwani/Kariokor",2013,95.6287384033203
"Nairobi","Starehe","Ziwani/Kariokor",2014,103.570495605469
"Nairobi","Starehe","Ziwani/Kariokor",2015,138.659194946289
"Nairobi","Starehe","Ziwani/Kariokor",2016,144.52995300293
"Nairobi","Starehe","Ziwani/Kariokor",2017,140.545425415039
"Nairobi","Starehe","Ziwani/Kariokor",2018,125.55281829834
"Nairobi","Starehe","Ziwani/Kariokor",2019,134.8544921875
"Nairobi","Starehe","Ziwani/Kariokor",2020,132.246429443359
"Nairobi","Starehe","Ziwani/Kariokor",2021,144.232055664062
"Nairobi","Starehe","Ziwani/Kariokor",2022,163.409942626953
"Nairobi","Starehe","Ziwani/Kariokor",2023,170.694061279297
"Nairobi","Starehe","Ziwani/Kariokor",2024,153.227020263672
"Nairobi","Westlands","Kangemi",2012,92.4098739624023
"Nairobi","Westlands","Kangemi",2013,110.297180175781
"Nairobi","Westlands","Kangemi",2014,98.9104995727539
"Nairobi","Westlands","Kangemi",2015,109.039245605469
"Nairobi","Westlands","Kangemi",2016,144.154922485352
"Nairobi","Westlands","Kangemi",2017,132.175598144531
"Nairobi","Westlands","Kangemi",2018,107.190948486328
"Nairobi","Westlands","Kangemi",2019,115.184944152832
"Nairobi","Westlands","Kangemi",2020,111.783515930176
"Nairobi","Westlands","Kangemi",2021,117.739524841309
"Nairobi","Westlands","Kangemi",2022,118.326644897461
"Nairobi","Westlands","Kangemi",2023,128.73811340332
"Nairobi","Westlands","Kangemi",2024,118.044464111328
"Nairobi","Westlands","Karura",2012,1593.423828125
"Nairobi","Westlands","Karura",2013,1684.77795410156
"Nairobi","Westlands","Karura",2014,1849.75427246094
"Nairobi","Westlands","Karura",2015,2044.89807128906
"Nairobi","Westlands","Karura",2016,2091.072265625
"Nairobi","Westlands","Karura",2017,2345.80419921875
"Nairobi","Westlands","Karura",2018,2436.99926757812
"Nairobi","Westlands","Karura",2019,2707.07641601562
"Nairobi","Westlands","Karura",2020,2461.42358398438
"Nairobi","Westlands","Karura",2021,2699.69189453125
"Nairobi","Westlands","Karura",2022,2815.23583984375
"Nairobi","Westlands","Karura",2023,2963.92431640625
"Nairobi","Westlands","Karura",2024,2822.69653320312
"Nairobi","Westlands","Kitisuru",2012,660.399780273438
"Nairobi","Westlands","Kitisuru",2013,671.836486816406
"Nairobi","Westlands","Kitisuru",2014,687.946411132812
"Nairobi","Westlands","Kitisuru",2015,720.928527832031
"Nairobi","Westlands","Kitisuru",2016,791.963989257812
"Nairobi","Westlands","Kitisuru",2017,844.349365234375
"Nairobi","Westlands","Kitisuru",2018,835.778076171875
"Nairobi","Westlands","Kitisuru",2019,880.902099609375
"Nairobi","Westlands","Kitisuru",2020,900.337707519531
"Nairobi","Westlands","Kitisuru",2021,1038.15576171875
"Nairobi","Westlands","Kitisuru",2022,1109.03259277344
"Nairobi","Westlands","Kitisuru",2023,1171.89428710938
"Nairobi","Westlands","Kitisuru",2024,1056.69543457031
"Nairobi","Westlands","Mountain View",2012,163.544311523438
"Nairobi","Westlands","Mountain View",2013,168.201248168945
"Nairobi","Westlands","Mountain View",2014,168.514083862305
"Nairobi","Westlands","Mountain View",2015,165.51513671875
"Nairobi","Westlands","Mountain View",2016,263.907684326172
"Nairobi","Westlands","Mountain View",2017,228.651031494141
"Nairobi","Westlands","Mountain View",2018,203.359954833984
"Nairobi","Westlands","Mountain View",2019,241.791946411133
"Nairobi","Westlands","Mountain View",2020,240.658828735352
"Nairobi","Westlands","Mountain View",2021,326.643249511719
"Nairobi","Westlands","Mountain View",2022,301.968597412109
"Nairobi","Westlands","Mountain View",2023,309.621398925781
"Nairobi","Westlands","Mountain View",2024,286.215057373047
"Nairobi","Westlands","Parklands/Highridge",2012,817.662902832031
"Nairobi","Westlands","Parklands/Highridge",2013,890.008666992188
"Nairobi","Westlands","Parklands/Highridge",2014,905.653747558594
"Nairobi","Westlands","Parklands/Highridge",2015,1105.14477539062
"Nairobi","Westlands","Parklands/Highridge",2016,1151.82189941406
"Nairobi","Westlands","Parklands/Highridge",2017,1187.12731933594
"Nairobi","Westlands","Parklands/Highridge",2018,1131.3896484375
"Nairobi","Westlands","Parklands/Highridge",2019,1138.60424804688
"Nairobi","Westlands","Parklands/Highridge",2020,1036.10961914062
"Nairobi","Westlands","Parklands/Highridge",2021,1102.9404296875
"Nairobi","Westlands","Parklands/Highridge",2022,1249.13513183594
"Nairobi","Westlands","Parklands/Highridge",2023,1363.72302246094
"Nairobi","Westlands","Parklands/Highridge",2024,1289.83703613281
"Nakuru","Bahati","Bahati",2012,151.856201171875
"Nakuru","Bahati","Bahati",2013,132.366165161133
"Nakuru","Bahati","Bahati",2014,97.8468551635742
"Nakuru","Bahati","Bahati",2015,53.8097686767578
"Nakuru","Bahati","Bahati",2016,60.0318565368652
"Nakuru","Bahati","Bahati",2017,98.7425384521484
"Nakuru","Bahati","Bahati",2018,124.553573608398
"Nakuru","Bahati","Bahati",2019,122.992454528809
"Nakuru","Bahati","Bahati",2020,114.799781799316
"Nakuru","Bahati","Bahati",2021,121.238777160645
"Nakuru","Bahati","Bahati",2022,146.244995117188
"Nakuru","Bahati","Bahati",2023,155.591766357422
"Nakuru","Bahati","Bahati",2024,173.835845947266
"Nakuru","Bahati","Dundori",2012,0.85311758518219
"Nakuru","Bahati","Dundori",2013,3.09592437744141
"Nakuru","Bahati","Dundori",2014,0
"Nakuru","Bahati","Dundori",2015,4.19924545288086
"Nakuru","Bahati","Dundori",2016,12.1674299240112
"Nakuru","Bahati","Dundori",2017,31.3457450866699
"Nakuru","Bahati","Dundori",2018,30.9683685302734
"Nakuru","Bahati","Dundori",2019,29.5016975402832
"Nakuru","Bahati","Dundori",2020,26.1999130249023
"Nakuru","Bahati","Dundori",2021,54.8461685180664
"Nakuru","Bahati","Dundori",2022,105.519157409668
"Nakuru","Bahati","Dundori",2023,104.62735748291
"Nakuru","Bahati","Dundori",2024,113.057220458984
"Nakuru","Bahati","Kabatini",2012,0.214660584926605
"Nakuru","Bahati","Kabatini",2013,0.237799927592278
"Nakuru","Bahati","Kabatini",2014,2.24080348014832
"Nakuru","Bahati","Kabatini",2015,6.22717046737671
"Nakuru","Bahati","Kabatini",2016,9.06752490997314
"Nakuru","Bahati","Kabatini",2017,25.2624626159668
"Nakuru","Bahati","Kabatini",2018,39.0821533203125
"Nakuru","Bahati","Kabatini",2019,28.2099094390869
"Nakuru","Bahati","Kabatini",2020,25.6197624206543
"Nakuru","Bahati","Kabatini",2021,40.6705474853516
"Nakuru","Bahati","Kabatini",2022,89.0647964477539
"Nakuru","Bahati","Kabatini",2023,82.714241027832
"Nakuru","Bahati","Kabatini",2024,104.972900390625
"Nakuru","Bahati","Kiamaina",2012,40.1452407836914
"Nakuru","Bahati","Kiamaina",2013,49.6819114685059
"Nakuru","Bahati","Kiamaina",2014,76.7341003417969
"Nakuru","Bahati","Kiamaina",2015,128.111328125
"Nakuru","Bahati","Kiamaina",2016,122.407432556152
"Nakuru","Bahati","Kiamaina",2017,217.37043762207
"Nakuru","Bahati","Kiamaina",2018,203.015686035156
"Nakuru","Bahati","Kiamaina",2019,178.013656616211
"Nakuru","Bahati","Kiamaina",2020,174.897430419922
"Nakuru","Bahati","Kiamaina",2021,239.153198242188
"Nakuru","Bahati","Kiamaina",2022,332.398681640625
"Nakuru","Bahati","Kiamaina",2023,357.795959472656
"Nakuru","Bahati","Kiamaina",2024,411.813079833984
"Nakuru","Bahati","Lanet/Umoja",2012,4.46044683456421
"Nakuru","Bahati","Lanet/Umoja",2013,10.2524309158325
"Nakuru","Bahati","Lanet/Umoja",2014,23.5725135803223
"Nakuru","Bahati","Lanet/Umoja",2015,58.1095657348633
"Nakuru","Bahati","Lanet/Umoja",2016,52.7134780883789
"Nakuru","Bahati","Lanet/Umoja",2017,183.340896606445
"Nakuru","Bahati","Lanet/Umoja",2018,196.632293701172
"Nakuru","Bahati","Lanet/Umoja",2019,187.173400878906
"Nakuru","Bahati","Lanet/Umoja",2020,172.666107177734
"Nakuru","Bahati","Lanet/Umoja",2021,240.449264526367
"Nakuru","Bahati","Lanet/Umoja",2022,302.906524658203
"Nakuru","Bahati","Lanet/Umoja",2023,305.570709228516
"Nakuru","Bahati","Lanet/Umoja",2024,342.619415283203
"Nakuru","Gilgil","Elementaita",2012,0
"Nakuru","Gilgil","Elementaita",2013,0
"Nakuru","Gilgil","Elementaita",2014,0.823873162269592
"Nakuru","Gilgil","Elementaita",2015,3.68894839286804
"Nakuru","Gilgil","Elementaita",2016,2.4772355556488
"Nakuru","Gilgil","Elementaita",2017,5.30677127838135
"Nakuru","Gilgil","Elementaita",2018,1.92726790904999
"Nakuru","Gilgil","Elementaita",2019,3.8077654838562
"Nakuru","Gilgil","Elementaita",2020,2.49155259132385
"Nakuru","Gilgil","Elementaita",2021,5.80191469192505
"Nakuru","Gilgil","Elementaita",2022,26.246862411499
"Nakuru","Gilgil","Elementaita",2023,18.4998817443848
"Nakuru","Gilgil","Elementaita",2024,15.0970888137817
"Nakuru","Gilgil","Gilgil",2012,61.4662208557129
"Nakuru","Gilgil","Gilgil",2013,94.3712921142578
"Nakuru","Gilgil","Gilgil",2014,147.702255249023
"Nakuru","Gilgil","Gilgil",2015,187.364761352539
"Nakuru","Gilgil","Gilgil",2016,217.031616210938
"Nakuru","Gilgil","Gilgil",2017,293.482818603516
"Nakuru","Gilgil","Gilgil",2018,302.410461425781
"Nakuru","Gilgil","Gilgil",2019,336.187652587891
"Nakuru","Gilgil","Gilgil",2020,318.084167480469
"Nakuru","Gilgil","Gilgil",2021,358.819305419922
"Nakuru","Gilgil","Gilgil",2022,422.893615722656
"Nakuru","Gilgil","Gilgil",2023,440.172485351562
"Nakuru","Gilgil","Gilgil",2024,446.101043701172
"Nakuru","Gilgil","Malewa West",2012,161.984405517578
"Nakuru","Gilgil","Malewa West",2013,222.130905151367
"Nakuru","Gilgil","Malewa West",2014,230.315887451172
"Nakuru","Gilgil","Malewa West",2015,234.921264648438
"Nakuru","Gilgil","Malewa West",2016,215.526306152344
"Nakuru","Gilgil","Malewa West",2017,194.466461181641
"Nakuru","Gilgil","Malewa West",2018,212.028869628906
"Nakuru","Gilgil","Malewa West",2019,208.164657592773
"Nakuru","Gilgil","Malewa West",2020,185.662368774414
"Nakuru","Gilgil","Malewa West",2021,148.119720458984
"Nakuru","Gilgil","Malewa West",2022,226.612640380859
"Nakuru","Gilgil","Malewa West",2023,274.082336425781
"Nakuru","Gilgil","Malewa West",2024,299.439208984375
"Nakuru","Gilgil","Mbaruk/Eburu",2012,15.2554292678833
"Nakuru","Gilgil","Mbaruk/Eburu",2013,20.3324794769287
"Nakuru","Gilgil","Mbaruk/Eburu",2014,33.5108489990234
"Nakuru","Gilgil","Mbaruk/Eburu",2015,79.3046188354492
"Nakuru","Gilgil","Mbaruk/Eburu",2016,82.0869445800781
"Nakuru","Gilgil","Mbaruk/Eburu",2017,122.651138305664
"Nakuru","Gilgil","Mbaruk/Eburu",2018,161.053283691406
"Nakuru","Gilgil","Mbaruk/Eburu",2019,190.126022338867
"Nakuru","Gilgil","Mbaruk/Eburu",2020,190.270065307617
"Nakuru","Gilgil","Mbaruk/Eburu",2021,265.718383789062
"Nakuru","Gilgil","Mbaruk/Eburu",2022,445.896026611328
"Nakuru","Gilgil","Mbaruk/Eburu",2023,476.280181884766
"Nakuru","Gilgil","Mbaruk/Eburu",2024,482.958618164062
"Nakuru","Gilgil","Murindati",2012,0
"Nakuru","Gilgil","Murindati",2013,1.25019037723541
"Nakuru","Gilgil","Murindati",2014,1.79083776473999
"Nakuru","Gilgil","Murindati",2015,1.14751577377319
"Nakuru","Gilgil","Murindati",2016,0.557438671588898
"Nakuru","Gilgil","Murindati",2017,18.4792613983154
"Nakuru","Gilgil","Murindati",2018,32.0719261169434
"Nakuru","Gilgil","Murindati",2019,32.1283378601074
"Nakuru","Gilgil","Murindati",2020,31.3911800384521
"Nakuru","Gilgil","Murindati",2021,30.6162910461426
"Nakuru","Gilgil","Murindati",2022,43.3980712890625
"Nakuru","Gilgil","Murindati",2023,39.3755493164062
"Nakuru","Gilgil","Murindati",2024,47.8422241210938
"Nakuru","Kuresoi North","Kamara",2012,5.14318370819092
"Nakuru","Kuresoi North","Kamara",2013,8.7659158706665
"Nakuru","Kuresoi North","Kamara",2014,11.5569171905518
"Nakuru","Kuresoi North","Kamara",2015,12.8329524993896
"Nakuru","Kuresoi North","Kamara",2016,13.4094800949097
"Nakuru","Kuresoi North","Kamara",2017,45.7553215026855
"Nakuru","Kuresoi North","Kamara",2018,75.4902114868164
"Nakuru","Kuresoi North","Kamara",2019,111.524948120117
"Nakuru","Kuresoi North","Kamara",2020,77.0995941162109
"Nakuru","Kuresoi North","Kamara",2021,80.6196975708008
"Nakuru","Kuresoi North","Kamara",2022,93.1263732910156
"Nakuru","Kuresoi North","Kamara",2023,90.5173416137695
"Nakuru","Kuresoi North","Kamara",2024,107.931167602539
"Nakuru","Kuresoi North","Kiptororo",2012,0
"Nakuru","Kuresoi North","Kiptororo",2013,0
"Nakuru","Kuresoi North","Kiptororo",2014,0
"Nakuru","Kuresoi North","Kiptororo",2015,0.520786046981812
"Nakuru","Kuresoi North","Kiptororo",2016,0.250891149044037
"Nakuru","Kuresoi North","Kiptororo",2017,4.52036142349243
"Nakuru","Kuresoi North","Kiptororo",2018,40.3683853149414
"Nakuru","Kuresoi North","Kiptororo",2019,16.7680435180664
"Nakuru","Kuresoi North","Kiptororo",2020,1.78573346138
"Nakuru","Kuresoi North","Kiptororo",2021,1.84774720668793
"Nakuru","Kuresoi North","Kiptororo",2022,3.54245567321777
"Nakuru","Kuresoi North","Kiptororo",2023,4.25077295303345
"Nakuru","Kuresoi North","Kiptororo",2024,7.44565391540527
"Nakuru","Kuresoi North","Nyota",2012,0
"Nakuru","Kuresoi North","Nyota",2013,0
"Nakuru","Kuresoi North","Nyota",2014,0
"Nakuru","Kuresoi North","Nyota",2015,0
"Nakuru","Kuresoi North","Nyota",2016,0.348040252923965
"Nakuru","Kuresoi North","Nyota",2017,6.61839437484741
"Nakuru","Kuresoi North","Nyota",2018,14.3009271621704
"Nakuru","Kuresoi North","Nyota",2019,15.6207103729248
"Nakuru","Kuresoi North","Nyota",2020,11.7768115997314
"Nakuru","Kuresoi North","Nyota",2021,12.8298482894897
"Nakuru","Kuresoi North","Nyota",2022,17.9071388244629
"Nakuru","Kuresoi North","Nyota",2023,13.0315551757812
"Nakuru","Kuresoi North","Nyota",2024,25.1793632507324
"Nakuru","Kuresoi North","Sirikwa",2012,7.36206340789795
"Nakuru","Kuresoi North","Sirikwa",2013,7.08954763412476
"Nakuru","Kuresoi North","Sirikwa",2014,7.14723873138428
"Nakuru","Kuresoi North","Sirikwa",2015,14.6472978591919
"Nakuru","Kuresoi North","Sirikwa",2016,19.5668411254883
"Nakuru","Kuresoi North","Sirikwa",2017,40.4273643493652
"Nakuru","Kuresoi North","Sirikwa",2018,65.5374984741211
"Nakuru","Kuresoi North","Sirikwa",2019,106.493492126465
"Nakuru","Kuresoi North","Sirikwa",2020,81.7706298828125
"Nakuru","Kuresoi North","Sirikwa",2021,113.585983276367
"Nakuru","Kuresoi North","Sirikwa",2022,141.600875854492
"Nakuru","Kuresoi North","Sirikwa",2023,127.634796142578
"Nakuru","Kuresoi North","Sirikwa",2024,172.276153564453
"Nakuru","Kuresoi South","Amalo",2012,0.710166335105896
"Nakuru","Kuresoi South","Amalo",2013,0.602289319038391
"Nakuru","Kuresoi South","Amalo",2014,0.66719663143158
"Nakuru","Kuresoi South","Amalo",2015,1.12556576728821
"Nakuru","Kuresoi South","Amalo",2016,0.640655994415283
"Nakuru","Kuresoi South","Amalo",2017,10.6335802078247
"Nakuru","Kuresoi South","Amalo",2018,11.4712562561035
"Nakuru","Kuresoi South","Amalo",2019,10.9387769699097
"Nakuru","Kuresoi South","Amalo",2020,9.3342456817627
"Nakuru","Kuresoi South","Amalo",2021,9.7974100112915
"Nakuru","Kuresoi South","Amalo",2022,11.4032106399536
"Nakuru","Kuresoi South","Amalo",2023,9.34105110168457
"Nakuru","Kuresoi South","Amalo",2024,12.9303884506226
"Nakuru","Kuresoi South","Keringet",2012,0.548883259296417
"Nakuru","Kuresoi South","Keringet",2013,1.17611539363861
"Nakuru","Kuresoi South","Keringet",2014,1.3616509437561
"Nakuru","Kuresoi South","Keringet",2015,1.96976959705353
"Nakuru","Kuresoi South","Keringet",2016,1.10546815395355
"Nakuru","Kuresoi South","Keringet",2017,6.26151371002197
"Nakuru","Kuresoi South","Keringet",2018,11.6474370956421
"Nakuru","Kuresoi South","Keringet",2019,9.57125186920166
"Nakuru","Kuresoi South","Keringet",2020,7.56343221664429
"Nakuru","Kuresoi South","Keringet",2021,10.9554500579834
"Nakuru","Kuresoi South","Keringet",2022,12.0842409133911
"Nakuru","Kuresoi South","Keringet",2023,11.1461505889893
"Nakuru","Kuresoi South","Keringet",2024,12.0202360153198
"Nakuru","Kuresoi South","Kiptagich",2012,0
"Nakuru","Kuresoi South","Kiptagich",2013,1.64677834510803
"Nakuru","Kuresoi South","Kiptagich",2014,1.85192036628723
"Nakuru","Kuresoi South","Kiptagich",2015,1.50571882724762
"Nakuru","Kuresoi South","Kiptagich",2016,2.37988448143005
"Nakuru","Kuresoi South","Kiptagich",2017,8.70445156097412
"Nakuru","Kuresoi South","Kiptagich",2018,6.81844997406006
"Nakuru","Kuresoi South","Kiptagich",2019,2.50865960121155
"Nakuru","Kuresoi South","Kiptagich",2020,2.33211755752563
"Nakuru","Kuresoi South","Kiptagich",2021,0.6751429438591
"Nakuru","Kuresoi South","Kiptagich",2022,2.58359932899475
"Nakuru","Kuresoi South","Kiptagich",2023,0.584029853343964
"Nakuru","Kuresoi South","Kiptagich",2024,6.16936445236206
"Nakuru","Kuresoi South","Tinet",2012,0
"Nakuru","Kuresoi South","Tinet",2013,0
"Nakuru","Kuresoi South","Tinet",2014,0
"Nakuru","Kuresoi South","Tinet",2015,0
"Nakuru","Kuresoi South","Tinet",2016,0
"Nakuru","Kuresoi South","Tinet",2017,1.17312109470367
"Nakuru","Kuresoi South","Tinet",2018,46.6781196594238
"Nakuru","Kuresoi South","Tinet",2019,18.2238330841064
"Nakuru","Kuresoi South","Tinet",2020,0
"Nakuru","Kuresoi South","Tinet",2021,4.66056489944458
"Nakuru","Kuresoi South","Tinet",2022,7.56920671463013
"Nakuru","Kuresoi South","Tinet",2023,7.93115091323853
"Nakuru","Kuresoi South","Tinet",2024,7.93634462356567
"Nakuru","Molo","Elburgon",2012,32.1589012145996
"Nakuru","Molo","Elburgon",2013,32.8604431152344
"Nakuru","Molo","Elburgon",2014,30.7548866271973
"Nakuru","Molo","Elburgon",2015,35.4169960021973
"Nakuru","Molo","Elburgon",2016,32.9908638000488
"Nakuru","Molo","Elburgon",2017,38.755802154541
"Nakuru","Molo","Elburgon",2018,55.7382049560547
"Nakuru","Molo","Elburgon",2019,54.7741203308105
"Nakuru","Molo","Elburgon",2020,44.8287200927734
"Nakuru","Molo","Elburgon",2021,47.1080322265625
"Nakuru","Molo","Elburgon",2022,54.3430099487305
"Nakuru","Molo","Elburgon",2023,52.3767204284668
"Nakuru","Molo","Elburgon",2024,50.3701820373535
"Nakuru","Molo","Mariashoni",2012,0
"Nakuru","Molo","Mariashoni",2013,0
"Nakuru","Molo","Mariashoni",2014,0
"Nakuru","Molo","Mariashoni",2015,0
"Nakuru","Molo","Mariashoni",2016,0
"Nakuru","Molo","Mariashoni",2017,0.296007364988327
"Nakuru","Molo","Mariashoni",2018,0.226499363780022
"Nakuru","Molo","Mariashoni",2019,0
"Nakuru","Molo","Mariashoni",2020,0
"Nakuru","Molo","Mariashoni",2021,0
"Nakuru","Molo","Mariashoni",2022,0.251013219356537
"Nakuru","Molo","Mariashoni",2023,0.263534754514694
"Nakuru","Molo","Mariashoni",2024,3.29005765914917
"Nakuru","Molo","Molo",2012,9.07195377349854
"Nakuru","Molo","Molo",2013,7.56664228439331
"Nakuru","Molo","Molo",2014,7.4626407623291
"Nakuru","Molo","Molo",2015,19.9257545471191
"Nakuru","Molo","Molo",2016,22.4767990112305
"Nakuru","Molo","Molo",2017,59.702880859375
"Nakuru","Molo","Molo",2018,121.036903381348
"Nakuru","Molo","Molo",2019,102.252624511719
"Nakuru","Molo","Molo",2020,67.8156661987305
"Nakuru","Molo","Molo",2021,85.0507736206055
"Nakuru","Molo","Molo",2022,111.472503662109
"Nakuru","Molo","Molo",2023,117.14973449707
"Nakuru","Molo","Molo",2024,116.124542236328
"Nakuru","Molo","Turi",2012,7.45454597473145
"Nakuru","Molo","Turi",2013,8.52915668487549
"Nakuru","Molo","Turi",2014,6.57449674606323
"Nakuru","Molo","Turi",2015,29.8610343933105
"Nakuru","Molo","Turi",2016,43.5936965942383
"Nakuru","Molo","Turi",2017,58.407657623291
"Nakuru","Molo","Turi",2018,71.570426940918
"Nakuru","Molo","Turi",2019,82.3112106323242
"Nakuru","Molo","Turi",2020,72.2258148193359
"Nakuru","Molo","Turi",2021,100.334625244141
"Nakuru","Molo","Turi",2022,106.661590576172
"Nakuru","Molo","Turi",2023,95.4997024536133
"Nakuru","Molo","Turi",2024,94.6836853027344
"Nakuru","Naivasha","Biashara",2012,3.27554941177368
"Nakuru","Naivasha","Biashara",2013,20.9785480499268
"Nakuru","Naivasha","Biashara",2014,48.3093414306641
"Nakuru","Naivasha","Biashara",2015,45.9015884399414
"Nakuru","Naivasha","Biashara",2016,54.6640510559082
"Nakuru","Naivasha","Biashara",2017,53.0057373046875
"Nakuru","Naivasha","Biashara",2018,72.3592834472656
"Nakuru","Naivasha","Biashara",2019,84.0000534057617
"Nakuru","Naivasha","Biashara",2020,82.8938751220703
"Nakuru","Naivasha","Biashara",2021,90.431999206543
"Nakuru","Naivasha","Biashara",2022,137.42301940918
"Nakuru","Naivasha","Biashara",2023,127.234519958496
"Nakuru","Naivasha","Biashara",2024,167.462646484375
"Nakuru","Naivasha","Hells Gate",2012,412.7451171875
"Nakuru","Naivasha","Hells Gate",2013,543.392883300781
"Nakuru","Naivasha","Hells Gate",2014,546.710571289062
"Nakuru","Naivasha","Hells Gate",2015,512.544921875
"Nakuru","Naivasha","Hells Gate",2016,516.052490234375
"Nakuru","Naivasha","Hells Gate",2017,521.17431640625
"Nakuru","Naivasha","Hells Gate",2018,514.181762695312
"Nakuru","Naivasha","Hells Gate",2019,493.949890136719
"Nakuru","Naivasha","Hells Gate",2020,553.881958007812
"Nakuru","Naivasha","Hells Gate",2021,660.311889648438
"Nakuru","Naivasha","Hells Gate",2022,891.458618164062
"Nakuru","Naivasha","Hells Gate",2023,969.476623535156
"Nakuru","Naivasha","Hells Gate",2024,941.971313476562
"Nakuru","Naivasha","Lake View",2012,85.7612380981445
"Nakuru","Naivasha","Lake View",2013,101.863731384277
"Nakuru","Naivasha","Lake View",2014,138.517639160156
"Nakuru","Naivasha","Lake View",2015,164.793792724609
"Nakuru","Naivasha","Lake View",2016,197.708801269531
"Nakuru","Naivasha","Lake View",2017,251.724884033203
"Nakuru","Naivasha","Lake View",2018,252.253234863281
"Nakuru","Naivasha","Lake View",2019,245.687942504883
"Nakuru","Naivasha","Lake View",2020,211.501403808594
"Nakuru","Naivasha","Lake View",2021,258.223999023438
"Nakuru","Naivasha","Lake View",2022,339.180541992188
"Nakuru","Naivasha","Lake View",2023,373.5859375
"Nakuru","Naivasha","Lake View",2024,389.204833984375
"Nakuru","Naivasha","Mai Mahiu",2012,18.9962387084961
"Nakuru","Naivasha","Mai Mahiu",2013,28.7266750335693
"Nakuru","Naivasha","Mai Mahiu",2014,49.4768524169922
"Nakuru","Naivasha","Mai Mahiu",2015,49.4197273254395
"Nakuru","Naivasha","Mai Mahiu",2016,61.2451591491699
"Nakuru","Naivasha","Mai Mahiu",2017,84.858039855957
"Nakuru","Naivasha","Mai Mahiu",2018,102.748115539551
"Nakuru","Naivasha","Mai Mahiu",2019,97.5116119384766
"Nakuru","Naivasha","Mai Mahiu",2020,356.186340332031
"Nakuru","Naivasha","Mai Mahiu",2021,796.368408203125
"Nakuru","Naivasha","Mai Mahiu",2022,852.42041015625
"Nakuru","Naivasha","Mai Mahiu",2023,893.800964355469
"Nakuru","Naivasha","Mai Mahiu",2024,850.2685546875
"Nakuru","Naivasha","Maiella",2012,15.1148300170898
"Nakuru","Naivasha","Maiella",2013,7.6752667427063
"Nakuru","Naivasha","Maiella",2014,13.4011888504028
"Nakuru","Naivasha","Maiella",2015,16.3150939941406
"Nakuru","Naivasha","Maiella",2016,12.5967378616333
"Nakuru","Naivasha","Maiella",2017,23.7456760406494
"Nakuru","Naivasha","Maiella",2018,18.7441253662109
"Nakuru","Naivasha","Maiella",2019,12.1408224105835
"Nakuru","Naivasha","Maiella",2020,6.35998964309692
"Nakuru","Naivasha","Maiella",2021,8.72658443450928
"Nakuru","Naivasha","Maiella",2022,30.16064453125
"Nakuru","Naivasha","Maiella",2023,43.3482322692871
"Nakuru","Naivasha","Maiella",2024,47.8752822875977
"Nakuru","Naivasha","Naivasha East",2012,1.99600100517273
"Nakuru","Naivasha","Naivasha East",2013,7.53941869735718
"Nakuru","Naivasha","Naivasha East",2014,22.6276798248291
"Nakuru","Naivasha","Naivasha East",2015,47.8512916564941
"Nakuru","Naivasha","Naivasha East",2016,42.8924903869629
"Nakuru","Naivasha","Naivasha East",2017,68.046875
"Nakuru","Naivasha","Naivasha East",2018,71.0218124389648
"Nakuru","Naivasha","Naivasha East",2019,88.9279708862305
"Nakuru","Naivasha","Naivasha East",2020,100.074272155762
"Nakuru","Naivasha","Naivasha East",2021,141.384490966797
"Nakuru","Naivasha","Naivasha East",2022,199.147567749023
"Nakuru","Naivasha","Naivasha East",2023,210.420043945312
"Nakuru","Naivasha","Naivasha East",2024,278.836364746094
"Nakuru","Naivasha","Olkaria",2012,404.235137939453
"Nakuru","Naivasha","Olkaria",2013,456.202026367188
"Nakuru","Naivasha","Olkaria",2014,483.655639648438
"Nakuru","Naivasha","Olkaria",2015,617.243041992188
"Nakuru","Naivasha","Olkaria",2016,510.552764892578
"Nakuru","Naivasha","Olkaria",2017,513.771057128906
"Nakuru","Naivasha","Olkaria",2018,374.474060058594
"Nakuru","Naivasha","Olkaria",2019,329.842590332031
"Nakuru","Naivasha","Olkaria",2020,307.621276855469
"Nakuru","Naivasha","Olkaria",2021,394.809448242188
"Nakuru","Naivasha","Olkaria",2022,516.273376464844
"Nakuru","Naivasha","Olkaria",2023,580.009887695312
"Nakuru","Naivasha","Olkaria",2024,614.176208496094
"Nakuru","Naivasha","Viwandani",2012,127.860450744629
"Nakuru","Naivasha","Viwandani",2013,117.165077209473
"Nakuru","Naivasha","Viwandani",2014,131.15852355957
"Nakuru","Naivasha","Viwandani",2015,150.886581420898
"Nakuru","Naivasha","Viwandani",2016,132.58349609375
"Nakuru","Naivasha","Viwandani",2017,175.673583984375
"Nakuru","Naivasha","Viwandani",2018,185.358978271484
"Nakuru","Naivasha","Viwandani",2019,173.034164428711
"Nakuru","Naivasha","Viwandani",2020,138.599731445312
"Nakuru","Naivasha","Viwandani",2021,189.661514282227
"Nakuru","Naivasha","Viwandani",2022,390.579376220703
"Nakuru","Naivasha","Viwandani",2023,466.886077880859
"Nakuru","Naivasha","Viwandani",2024,346.473510742188
"Nakuru","Nakuru Town East","Biashara",2012,133.973556518555
"Nakuru","Nakuru Town East","Biashara",2013,147.170715332031
"Nakuru","Nakuru Town East","Biashara",2014,221.991989135742
"Nakuru","Nakuru Town East","Biashara",2015,269.293243408203
"Nakuru","Nakuru Town East","Biashara",2016,273.670928955078
"Nakuru","Nakuru Town East","Biashara",2017,360.249359130859
"Nakuru","Nakuru Town East","Biashara",2018,345.802947998047
"Nakuru","Nakuru Town East","Biashara",2019,337.384460449219
"Nakuru","Nakuru Town East","Biashara",2020,299.474609375
"Nakuru","Nakuru Town East","Biashara",2021,349.885925292969
"Nakuru","Nakuru Town East","Biashara",2022,396.29150390625
"Nakuru","Nakuru Town East","Biashara",2023,397.421447753906
"Nakuru","Nakuru Town East","Biashara",2024,392.256317138672
"Nakuru","Nakuru Town East","Flamingo",2012,50.4559516906738
"Nakuru","Nakuru Town East","Flamingo",2013,58.6160316467285
"Nakuru","Nakuru Town East","Flamingo",2014,74.5752868652344
"Nakuru","Nakuru Town East","Flamingo",2015,103.852241516113
"Nakuru","Nakuru Town East","Flamingo",2016,110.224212646484
"Nakuru","Nakuru Town East","Flamingo",2017,128.957916259766
"Nakuru","Nakuru Town East","Flamingo",2018,136.065063476562
"Nakuru","Nakuru Town East","Flamingo",2019,120.002098083496
"Nakuru","Nakuru Town East","Flamingo",2020,114.177932739258
"Nakuru","Nakuru Town East","Flamingo",2021,144.081527709961
"Nakuru","Nakuru Town East","Flamingo",2022,163.625991821289
"Nakuru","Nakuru Town East","Flamingo",2023,160.928146362305
"Nakuru","Nakuru Town East","Flamingo",2024,145.55012512207
"Nakuru","Nakuru Town East","Kivumbini",2012,27.0864162445068
"Nakuru","Nakuru Town East","Kivumbini",2013,36.9131202697754
"Nakuru","Nakuru Town East","Kivumbini",2014,58.4346771240234
"Nakuru","Nakuru Town East","Kivumbini",2015,89.1456069946289
"Nakuru","Nakuru Town East","Kivumbini",2016,87.7338104248047
"Nakuru","Nakuru Town East","Kivumbini",2017,108.442779541016
"Nakuru","Nakuru Town East","Kivumbini",2018,108.872459411621
"Nakuru","Nakuru Town East","Kivumbini",2019,100.541389465332
"Nakuru","Nakuru Town East","Kivumbini",2020,87.9152069091797
"Nakuru","Nakuru Town East","Kivumbini",2021,118.614128112793
"Nakuru","Nakuru Town East","Kivumbini",2022,135.905471801758
"Nakuru","Nakuru Town East","Kivumbini",2023,138.898513793945
"Nakuru","Nakuru Town East","Kivumbini",2024,125.302963256836
"Nakuru","Nakuru Town East","London",2012,221.558807373047
"Nakuru","Nakuru Town East","London",2013,247.724105834961
"Nakuru","Nakuru Town East","London",2014,296.78515625
"Nakuru","Nakuru Town East","London",2015,358.264373779297
"Nakuru","Nakuru Town East","London",2016,351.540283203125
"Nakuru","Nakuru Town East","London",2017,450.969970703125
"Nakuru","Nakuru Town East","London",2018,435.336822509766
"Nakuru","Nakuru Town East","London",2019,460.061462402344
"Nakuru","Nakuru Town East","London",2020,410.630950927734
"Nakuru","Nakuru Town East","London",2021,467.389556884766
"Nakuru","Nakuru Town East","London",2022,509.978088378906
"Nakuru","Nakuru Town East","London",2023,529.3076171875
"Nakuru","Nakuru Town East","London",2024,513.90771484375
"Nakuru","Nakuru Town East","Menengai",2012,149.514129638672
"Nakuru","Nakuru Town East","Menengai",2013,168.162139892578
"Nakuru","Nakuru Town East","Menengai",2014,228.314102172852
"Nakuru","Nakuru Town East","Menengai",2015,335.378967285156
"Nakuru","Nakuru Town East","Menengai",2016,345.800201416016
"Nakuru","Nakuru Town East","Menengai",2017,444.002258300781
"Nakuru","Nakuru Town East","Menengai",2018,402.363861083984
"Nakuru","Nakuru Town East","Menengai",2019,434.51904296875
"Nakuru","Nakuru Town East","Menengai",2020,424.697204589844
"Nakuru","Nakuru Town East","Menengai",2021,501.310974121094
"Nakuru","Nakuru Town East","Menengai",2022,566.299560546875
"Nakuru","Nakuru Town East","Menengai",2023,592.320007324219
"Nakuru","Nakuru Town East","Menengai",2024,604.282043457031
"Nakuru","Nakuru Town East","Nakuru East",2012,82.7626953125
"Nakuru","Nakuru Town East","Nakuru East",2013,100.30931854248
"Nakuru","Nakuru Town East","Nakuru East",2014,140.411682128906
"Nakuru","Nakuru Town East","Nakuru East",2015,232.122177124023
"Nakuru","Nakuru Town East","Nakuru East",2016,247.068954467773
"Nakuru","Nakuru Town East","Nakuru East",2017,327.865936279297
"Nakuru","Nakuru Town East","Nakuru East",2018,353.901916503906
"Nakuru","Nakuru Town East","Nakuru East",2019,386.933990478516
"Nakuru","Nakuru Town East","Nakuru East",2020,353.702209472656
"Nakuru","Nakuru Town East","Nakuru East",2021,466.694793701172
"Nakuru","Nakuru Town East","Nakuru East",2022,612.049194335938
"Nakuru","Nakuru Town East","Nakuru East",2023,677.8720703125
"Nakuru","Nakuru Town East","Nakuru East",2024,686.171691894531
"Nakuru","Nakuru Town West","Barut",2012,3.88537907600403
"Nakuru","Nakuru Town West","Barut",2013,4.59406518936157
"Nakuru","Nakuru Town West","Barut",2014,13.190972328186
"Nakuru","Nakuru Town West","Barut",2015,35.7831077575684
"Nakuru","Nakuru Town West","Barut",2016,25.6943244934082
"Nakuru","Nakuru Town West","Barut",2017,51.6624565124512
"Nakuru","Nakuru Town West","Barut",2018,61.930290222168
"Nakuru","Nakuru Town West","Barut",2019,65.3271102905273
"Nakuru","Nakuru Town West","Barut",2020,63.8053741455078
"Nakuru","Nakuru Town West","Barut",2021,106.928451538086
"Nakuru","Nakuru Town West","Barut",2022,153.973968505859
"Nakuru","Nakuru Town West","Barut",2023,134.359222412109
"Nakuru","Nakuru Town West","Barut",2024,168.761199951172
"Nakuru","Nakuru Town West","Kapkures",2012,16.0744228363037
"Nakuru","Nakuru Town West","Kapkures",2013,11.2729215621948
"Nakuru","Nakuru Town West","Kapkures",2014,19.5466060638428
"Nakuru","Nakuru Town West","Kapkures",2015,40.3932762145996
"Nakuru","Nakuru Town West","Kapkures",2016,25.49045753479
"Nakuru","Nakuru Town West","Kapkures",2017,46.2058753967285
"Nakuru","Nakuru Town West","Kapkures",2018,43.5873680114746
"Nakuru","Nakuru Town West","Kapkures",2019,42.1585006713867
"Nakuru","Nakuru Town West","Kapkures",2020,60.0167083740234
"Nakuru","Nakuru Town West","Kapkures",2021,85.6394348144531
"Nakuru","Nakuru Town West","Kapkures",2022,145.546981811523
"Nakuru","Nakuru Town West","Kapkures",2023,144.347549438477
"Nakuru","Nakuru Town West","Kapkures",2024,148.647277832031
"Nakuru","Nakuru Town West","Kaptembwo",2012,99.7657470703125
"Nakuru","Nakuru Town West","Kaptembwo",2013,106.748435974121
"Nakuru","Nakuru Town West","Kaptembwo",2014,132.254913330078
"Nakuru","Nakuru Town West","Kaptembwo",2015,163.832717895508
"Nakuru","Nakuru Town West","Kaptembwo",2016,156.172332763672
"Nakuru","Nakuru Town West","Kaptembwo",2017,207.5283203125
"Nakuru","Nakuru Town West","Kaptembwo",2018,204.326766967773
"Nakuru","Nakuru Town West","Kaptembwo",2019,233.66032409668
"Nakuru","Nakuru Town West","Kaptembwo",2020,220.48664855957
"Nakuru","Nakuru Town West","Kaptembwo",2021,267.878265380859
"Nakuru","Nakuru Town West","Kaptembwo",2022,316.208374023438
"Nakuru","Nakuru Town West","Kaptembwo",2023,340.508697509766
"Nakuru","Nakuru Town West","Kaptembwo",2024,308.10302734375
"Nakuru","Nakuru Town West","Rhoda",2012,16.0396175384521
"Nakuru","Nakuru Town West","Rhoda",2013,15.9881973266602
"Nakuru","Nakuru Town West","Rhoda",2014,22.8741283416748
"Nakuru","Nakuru Town West","Rhoda",2015,34.1372413635254
"Nakuru","Nakuru Town West","Rhoda",2016,28.6886768341064
"Nakuru","Nakuru Town West","Rhoda",2017,43.9275131225586
"Nakuru","Nakuru Town West","Rhoda",2018,51.6086463928223
"Nakuru","Nakuru Town West","Rhoda",2019,56.2894248962402
"Nakuru","Nakuru Town West","Rhoda",2020,40.4002876281738
"Nakuru","Nakuru Town West","Rhoda",2021,53.9730949401855
"Nakuru","Nakuru Town West","Rhoda",2022,60.3521499633789
"Nakuru","Nakuru Town West","Rhoda",2023,70.468505859375
"Nakuru","Nakuru Town West","Rhoda",2024,70.3482131958008
"Nakuru","Nakuru Town West","Shaabab",2012,146.76823425293
"Nakuru","Nakuru Town West","Shaabab",2013,145.528030395508
"Nakuru","Nakuru Town West","Shaabab",2014,216.083145141602
"Nakuru","Nakuru Town West","Shaabab",2015,328.274291992188
"Nakuru","Nakuru Town West","Shaabab",2016,327.833099365234
"Nakuru","Nakuru Town West","Shaabab",2017,421.747955322266
"Nakuru","Nakuru Town West","Shaabab",2018,452.85400390625
"Nakuru","Nakuru Town West","Shaabab",2019,443.718658447266
"Nakuru","Nakuru Town West","Shaabab",2020,428.506500244141
"Nakuru","Nakuru Town West","Shaabab",2021,479.097991943359
"Nakuru","Nakuru Town West","Shaabab",2022,526.127319335938
"Nakuru","Nakuru Town West","Shaabab",2023,549.632873535156
"Nakuru","Nakuru Town West","Shaabab",2024,519.981140136719
"Nakuru","Njoro","Kihingo",2012,0
"Nakuru","Njoro","Kihingo",2013,0
"Nakuru","Njoro","Kihingo",2014,0.587251007556915
"Nakuru","Njoro","Kihingo",2015,0
"Nakuru","Njoro","Kihingo",2016,0
"Nakuru","Njoro","Kihingo",2017,1.3263897895813
"Nakuru","Njoro","Kihingo",2018,1.28887295722961
"Nakuru","Njoro","Kihingo",2019,7.41984176635742
"Nakuru","Njoro","Kihingo",2020,6.09615707397461
"Nakuru","Njoro","Kihingo",2021,5.39010715484619
"Nakuru","Njoro","Kihingo",2022,8.016188621521
"Nakuru","Njoro","Kihingo",2023,6.95700979232788
"Nakuru","Njoro","Kihingo",2024,6.09574270248413
"Nakuru","Njoro","Lare",2012,0
"Nakuru","Njoro","Lare",2013,0
"Nakuru","Njoro","Lare",2014,0
"Nakuru","Njoro","Lare",2015,0
"Nakuru","Njoro","Lare",2016,0
"Nakuru","Njoro","Lare",2017,4.16314363479614
"Nakuru","Njoro","Lare",2018,14.9950370788574
"Nakuru","Njoro","Lare",2019,16.2401924133301
"Nakuru","Njoro","Lare",2020,17.8659133911133
"Nakuru","Njoro","Lare",2021,19.7258586883545
"Nakuru","Njoro","Lare",2022,32.1872177124023
"Nakuru","Njoro","Lare",2023,28.7866592407227
"Nakuru","Njoro","Lare",2024,24.1375102996826
"Nakuru","Njoro","Mau Narok",2012,0
"Nakuru","Njoro","Mau Narok",2013,0
"Nakuru","Njoro","Mau Narok",2014,0
"Nakuru","Njoro","Mau Narok",2015,0
"Nakuru","Njoro","Mau Narok",2016,0
"Nakuru","Njoro","Mau Narok",2017,19.5926933288574
"Nakuru","Njoro","Mau Narok",2018,29.9807281494141
"Nakuru","Njoro","Mau Narok",2019,31.7553672790527
"Nakuru","Njoro","Mau Narok",2020,34.3564834594727
"Nakuru","Njoro","Mau Narok",2021,25.3289642333984
"Nakuru","Njoro","Mau Narok",2022,40.5437850952148
"Nakuru","Njoro","Mau Narok",2023,48.495719909668
"Nakuru","Njoro","Mau Narok",2024,53.8755912780762
"Nakuru","Njoro","Mauche",2012,0
"Nakuru","Njoro","Mauche",2013,0.501407146453857
"Nakuru","Njoro","Mauche",2014,0
"Nakuru","Njoro","Mauche",2015,0.524549841880798
"Nakuru","Njoro","Mauche",2016,0
"Nakuru","Njoro","Mauche",2017,2.17269945144653
"Nakuru","Njoro","Mauche",2018,14.6388444900513
"Nakuru","Njoro","Mauche",2019,17.6549034118652
"Nakuru","Njoro","Mauche",2020,19.071662902832
"Nakuru","Njoro","Mauche",2021,12.0797672271729
"Nakuru","Njoro","Mauche",2022,33.9346961975098
"Nakuru","Njoro","Mauche",2023,38.3778228759766
"Nakuru","Njoro","Mauche",2024,33.3351135253906
"Nakuru","Njoro","Nessuit",2012,0.596515417098999
"Nakuru","Njoro","Nessuit",2013,1.21655106544495
"Nakuru","Njoro","Nessuit",2014,0.804672539234161
"Nakuru","Njoro","Nessuit",2015,0.529990613460541
"Nakuru","Njoro","Nessuit",2016,0
"Nakuru","Njoro","Nessuit",2017,0
"Nakuru","Njoro","Nessuit",2018,1.88420724868774
"Nakuru","Njoro","Nessuit",2019,6.44233417510986
"Nakuru","Njoro","Nessuit",2020,2.50708532333374
"Nakuru","Njoro","Nessuit",2021,2.776771068573
"Nakuru","Njoro","Nessuit",2022,6.30388879776001
"Nakuru","Njoro","Nessuit",2023,5.80231857299805
"Nakuru","Njoro","Nessuit",2024,5.97398090362549
"Nakuru","Njoro","Njoro",2012,37.6122436523438
"Nakuru","Njoro","Njoro",2013,47.8430976867676
"Nakuru","Njoro","Njoro",2014,66.3697662353516
"Nakuru","Njoro","Njoro",2015,101.781242370605
"Nakuru","Njoro","Njoro",2016,105.749053955078
"Nakuru","Njoro","Njoro",2017,160.619766235352
"Nakuru","Njoro","Njoro",2018,187.081909179688
"Nakuru","Njoro","Njoro",2019,166.466644287109
"Nakuru","Njoro","Njoro",2020,126.336219787598
"Nakuru","Njoro","Njoro",2021,137.979873657227
"Nakuru","Njoro","Njoro",2022,199.221099853516
"Nakuru","Njoro","Njoro",2023,208.622055053711
"Nakuru","Njoro","Njoro",2024,211.014907836914
"Nakuru","Rongai","Menengai West",2012,4.14755439758301
"Nakuru","Rongai","Menengai West",2013,5.17453145980835
"Nakuru","Rongai","Menengai West",2014,8.71459102630615
"Nakuru","Rongai","Menengai West",2015,13.2889022827148
"Nakuru","Rongai","Menengai West",2016,30.1021499633789
"Nakuru","Rongai","Menengai West",2017,75.0796890258789
"Nakuru","Rongai","Menengai West",2018,70.8304977416992
"Nakuru","Rongai","Menengai West",2019,89.6128997802734
"Nakuru","Rongai","Menengai West",2020,93.3107833862305
"Nakuru","Rongai","Menengai West",2021,122.10725402832
"Nakuru","Rongai","Menengai West",2022,207.486465454102
"Nakuru","Rongai","Menengai West",2023,219.011047363281
"Nakuru","Rongai","Menengai West",2024,213.536270141602
"Nakuru","Rongai","Mosop",2012,200.341934204102
"Nakuru","Rongai","Mosop",2013,192.907073974609
"Nakuru","Rongai","Mosop",2014,180.950668334961
"Nakuru","Rongai","Mosop",2015,97.9031372070312
"Nakuru","Rongai","Mosop",2016,104.354988098145
"Nakuru","Rongai","Mosop",2017,153.17463684082
"Nakuru","Rongai","Mosop",2018,233.782165527344
"Nakuru","Rongai","Mosop",2019,335.955871582031
"Nakuru","Rongai","Mosop",2020,388.909729003906
"Nakuru","Rongai","Mosop",2021,383.439880371094
"Nakuru","Rongai","Mosop",2022,542.800109863281
"Nakuru","Rongai","Mosop",2023,537.471923828125
"Nakuru","Rongai","Mosop",2024,632.829956054688
"Nakuru","Rongai","Soin",2012,12.0339164733887
"Nakuru","Rongai","Soin",2013,13.1956815719604
"Nakuru","Rongai","Soin",2014,20.3549098968506
"Nakuru","Rongai","Soin",2015,22.3863563537598
"Nakuru","Rongai","Soin",2016,8.30649280548096
"Nakuru","Rongai","Soin",2017,24.1353073120117
"Nakuru","Rongai","Soin",2018,29.6549339294434
"Nakuru","Rongai","Soin",2019,33.4156723022461
"Nakuru","Rongai","Soin",2020,31.5557041168213
"Nakuru","Rongai","Soin",2021,44.5717391967773
"Nakuru","Rongai","Soin",2022,72.0435028076172
"Nakuru","Rongai","Soin",2023,64.54736328125
"Nakuru","Rongai","Soin",2024,61.7267112731934
"Nakuru","Rongai","Solai",2012,0
"Nakuru","Rongai","Solai",2013,0
"Nakuru","Rongai","Solai",2014,0
"Nakuru","Rongai","Solai",2015,0
"Nakuru","Rongai","Solai",2016,0
"Nakuru","Rongai","Solai",2017,0
"Nakuru","Rongai","Solai",2018,0
"Nakuru","Rongai","Solai",2019,0
"Nakuru","Rongai","Solai",2020,0
"Nakuru","Rongai","Solai",2021,0.268273621797562
"Nakuru","Rongai","Solai",2022,0.393501132726669
"Nakuru","Rongai","Solai",2023,0.842227160930634
"Nakuru","Rongai","Solai",2024,0.339935690164566
"Nakuru","Rongai","Visoi",2012,287.287506103516
"Nakuru","Rongai","Visoi",2013,275.018188476562
"Nakuru","Rongai","Visoi",2014,235.236358642578
"Nakuru","Rongai","Visoi",2015,120.408584594727
"Nakuru","Rongai","Visoi",2016,167.531036376953
"Nakuru","Rongai","Visoi",2017,141.341888427734
"Nakuru","Rongai","Visoi",2018,166.364715576172
"Nakuru","Rongai","Visoi",2019,262.172637939453
"Nakuru","Rongai","Visoi",2020,244.529891967773
"Nakuru","Rongai","Visoi",2021,282.825958251953
"Nakuru","Rongai","Visoi",2022,283.680145263672
"Nakuru","Rongai","Visoi",2023,315.740142822266
"Nakuru","Rongai","Visoi",2024,287.972473144531
"Nakuru","Subukia","Kabazi",2012,17.8028717041016
"Nakuru","Subukia","Kabazi",2013,33.9092750549316
"Nakuru","Subukia","Kabazi",2014,44.5308723449707
"Nakuru","Subukia","Kabazi",2015,22.481424331665
"Nakuru","Subukia","Kabazi",2016,24.691650390625
"Nakuru","Subukia","Kabazi",2017,35.6423721313477
"Nakuru","Subukia","Kabazi",2018,30.7811717987061
"Nakuru","Subukia","Kabazi",2019,26.9719161987305
"Nakuru","Subukia","Kabazi",2020,19.0442676544189
"Nakuru","Subukia","Kabazi",2021,38.7078247070312
"Nakuru","Subukia","Kabazi",2022,56.4945373535156
"Nakuru","Subukia","Kabazi",2023,73.4499664306641
"Nakuru","Subukia","Kabazi",2024,71.2277755737305
"Nakuru","Subukia","Subukia",2012,3.00344705581665
"Nakuru","Subukia","Subukia",2013,3.59580850601196
"Nakuru","Subukia","Subukia",2014,16.0282325744629
"Nakuru","Subukia","Subukia",2015,6.68379926681519
"Nakuru","Subukia","Subukia",2016,12.4064626693726
"Nakuru","Subukia","Subukia",2017,29.883228302002
"Nakuru","Subukia","Subukia",2018,73.7765197753906
"Nakuru","Subukia","Subukia",2019,46.3554382324219
"Nakuru","Subukia","Subukia",2020,39.3526382446289
"Nakuru","Subukia","Subukia",2021,60.40771484375
"Nakuru","Subukia","Subukia",2022,100.74641418457
"Nakuru","Subukia","Subukia",2023,130.815673828125
"Nakuru","Subukia","Subukia",2024,123.606979370117
"Nakuru","Subukia","Waseges",2012,0
"Nakuru","Subukia","Waseges",2013,0
"Nakuru","Subukia","Waseges",2014,0
"Nakuru","Subukia","Waseges",2015,0
"Nakuru","Subukia","Waseges",2016,0
"Nakuru","Subukia","Waseges",2017,0
"Nakuru","Subukia","Waseges",2018,0.642721652984619
"Nakuru","Subukia","Waseges",2019,0
"Nakuru","Subukia","Waseges",2020,0
"Nakuru","Subukia","Waseges",2021,0.977162837982178
"Nakuru","Subukia","Waseges",2022,13.9357109069824
"Nakuru","Subukia","Waseges",2023,8.67893314361572
"Nakuru","Subukia","Waseges",2024,8.4328784942627
"Nandi","Aldai","Kabwareng",2012,1.30573379993439
"Nandi","Aldai","Kabwareng",2013,1.74249243736267
"Nandi","Aldai","Kabwareng",2014,2.74951767921448
"Nandi","Aldai","Kabwareng",2015,3.90651059150696
"Nandi","Aldai","Kabwareng",2016,1.88751256465912
"Nandi","Aldai","Kabwareng",2017,1.93750369548798
"Nandi","Aldai","Kabwareng",2018,7.19036054611206
"Nandi","Aldai","Kabwareng",2019,18.4791469573975
"Nandi","Aldai","Kabwareng",2020,12.8022232055664
"Nandi","Aldai","Kabwareng",2021,10.9032001495361
"Nandi","Aldai","Kabwareng",2022,26.6589336395264
"Nandi","Aldai","Kabwareng",2023,34.8283462524414
"Nandi","Aldai","Kabwareng",2024,20.0380859375
"Nandi","Aldai","Kaptumo-Kaboi",2012,4.81787300109863
"Nandi","Aldai","Kaptumo-Kaboi",2013,1.92675065994263
"Nandi","Aldai","Kaptumo-Kaboi",2014,0
"Nandi","Aldai","Kaptumo-Kaboi",2015,2.11642932891846
"Nandi","Aldai","Kaptumo-Kaboi",2016,1.06997072696686
"Nandi","Aldai","Kaptumo-Kaboi",2017,6.16038465499878
"Nandi","Aldai","Kaptumo-Kaboi",2018,17.9922046661377
"Nandi","Aldai","Kaptumo-Kaboi",2019,17.1771450042725
"Nandi","Aldai","Kaptumo-Kaboi",2020,9.81160163879395
"Nandi","Aldai","Kaptumo-Kaboi",2021,6.92657232284546
"Nandi","Aldai","Kaptumo-Kaboi",2022,29.815845489502
"Nandi","Aldai","Kaptumo-Kaboi",2023,26.6552581787109
"Nandi","Aldai","Kaptumo-Kaboi",2024,23.3503265380859
"Nandi","Aldai","Kemeloi-Maraba",2012,2.30824279785156
"Nandi","Aldai","Kemeloi-Maraba",2013,2.10386800765991
"Nandi","Aldai","Kemeloi-Maraba",2014,12.9660081863403
"Nandi","Aldai","Kemeloi-Maraba",2015,12.4077167510986
"Nandi","Aldai","Kemeloi-Maraba",2016,11.2317876815796
"Nandi","Aldai","Kemeloi-Maraba",2017,10.4265060424805
"Nandi","Aldai","Kemeloi-Maraba",2018,13.7713117599487
"Nandi","Aldai","Kemeloi-Maraba",2019,23.3501434326172
"Nandi","Aldai","Kemeloi-Maraba",2020,27.5527267456055
"Nandi","Aldai","Kemeloi-Maraba",2021,21.0137481689453
"Nandi","Aldai","Kemeloi-Maraba",2022,51.2403945922852
"Nandi","Aldai","Kemeloi-Maraba",2023,37.7887153625488
"Nandi","Aldai","Kemeloi-Maraba",2024,30.7884464263916
"Nandi","Aldai","Kobujoi",2012,1.1606388092041
"Nandi","Aldai","Kobujoi",2013,1.38754415512085
"Nandi","Aldai","Kobujoi",2014,1.15611362457275
"Nandi","Aldai","Kobujoi",2015,0.610440850257874
"Nandi","Aldai","Kobujoi",2016,0
"Nandi","Aldai","Kobujoi",2017,1.01694989204407
"Nandi","Aldai","Kobujoi",2018,19.6496410369873
"Nandi","Aldai","Kobujoi",2019,11.3573884963989
"Nandi","Aldai","Kobujoi",2020,2.86347675323486
"Nandi","Aldai","Kobujoi",2021,9.01344680786133
"Nandi","Aldai","Kobujoi",2022,20.1060905456543
"Nandi","Aldai","Kobujoi",2023,22.4769897460938
"Nandi","Aldai","Kobujoi",2024,16.4558601379395
"Nandi","Aldai","Koyo-Ndurio",2012,0
"Nandi","Aldai","Koyo-Ndurio",2013,0
"Nandi","Aldai","Koyo-Ndurio",2014,0
"Nandi","Aldai","Koyo-Ndurio",2015,0
"Nandi","Aldai","Koyo-Ndurio",2016,0
"Nandi","Aldai","Koyo-Ndurio",2017,0.49077707529068
"Nandi","Aldai","Koyo-Ndurio",2018,2.49859690666199
"Nandi","Aldai","Koyo-Ndurio",2019,2.16466498374939
"Nandi","Aldai","Koyo-Ndurio",2020,2.6490306854248
"Nandi","Aldai","Koyo-Ndurio",2021,1.36792612075806
"Nandi","Aldai","Koyo-Ndurio",2022,6.22576999664307
"Nandi","Aldai","Koyo-Ndurio",2023,3.77242302894592
"Nandi","Aldai","Koyo-Ndurio",2024,3.45528078079224
"Nandi","Aldai","Terik",2012,0.794755637645721
"Nandi","Aldai","Terik",2013,1.00071108341217
"Nandi","Aldai","Terik",2014,2.42904949188232
"Nandi","Aldai","Terik",2015,3.87231612205505
"Nandi","Aldai","Terik",2016,4.0317759513855
"Nandi","Aldai","Terik",2017,4.6623101234436
"Nandi","Aldai","Terik",2018,5.60539579391479
"Nandi","Aldai","Terik",2019,5.17189264297485
"Nandi","Aldai","Terik",2020,8.42097473144531
"Nandi","Aldai","Terik",2021,12.4805669784546
"Nandi","Aldai","Terik",2022,30.4507637023926
"Nandi","Aldai","Terik",2023,37.0604705810547
"Nandi","Aldai","Terik",2024,25.0372714996338
"Nandi","Chesumei","Chemundu/Kapng'Etuny",2012,6.29770946502686
"Nandi","Chesumei","Chemundu/Kapng'Etuny",2013,6.14262104034424
"Nandi","Chesumei","Chemundu/Kapng'Etuny",2014,3.75726461410522
"Nandi","Chesumei","Chemundu/Kapng'Etuny",2015,4.90166044235229
"Nandi","Chesumei","Chemundu/Kapng'Etuny",2016,2.06229066848755
"Nandi","Chesumei","Chemundu/Kapng'Etuny",2017,2.99883389472961
"Nandi","Chesumei","Chemundu/Kapng'Etuny",2018,22.0691699981689
"Nandi","Chesumei","Chemundu/Kapng'Etuny",2019,22.7380561828613
"Nandi","Chesumei","Chemundu/Kapng'Etuny",2020,16.8571739196777
"Nandi","Chesumei","Chemundu/Kapng'Etuny",2021,19.0146827697754
"Nandi","Chesumei","Chemundu/Kapng'Etuny",2022,46.4015121459961
"Nandi","Chesumei","Chemundu/Kapng'Etuny",2023,51.4826583862305
"Nandi","Chesumei","Chemundu/Kapng'Etuny",2024,46.3341484069824
"Nandi","Chesumei","Kaptel/Kamoiywo",2012,0
"Nandi","Chesumei","Kaptel/Kamoiywo",2013,0
"Nandi","Chesumei","Kaptel/Kamoiywo",2014,0
"Nandi","Chesumei","Kaptel/Kamoiywo",2015,0
"Nandi","Chesumei","Kaptel/Kamoiywo",2016,0.541033506393433
"Nandi","Chesumei","Kaptel/Kamoiywo",2017,1.21843314170837
"Nandi","Chesumei","Kaptel/Kamoiywo",2018,1.75273847579956
"Nandi","Chesumei","Kaptel/Kamoiywo",2019,0.810221076011658
"Nandi","Chesumei","Kaptel/Kamoiywo",2020,0.643255710601807
"Nandi","Chesumei","Kaptel/Kamoiywo",2021,0.0456609539687634
"Nandi","Chesumei","Kaptel/Kamoiywo",2022,6.92558622360229
"Nandi","Chesumei","Kaptel/Kamoiywo",2023,16.0099430084229
"Nandi","Chesumei","Kaptel/Kamoiywo",2024,11.5760059356689
"Nandi","Chesumei","Kiptuya",2012,0
"Nandi","Chesumei","Kiptuya",2013,0
"Nandi","Chesumei","Kiptuya",2014,0
"Nandi","Chesumei","Kiptuya",2015,0
"Nandi","Chesumei","Kiptuya",2016,0
"Nandi","Chesumei","Kiptuya",2017,0
"Nandi","Chesumei","Kiptuya",2018,0
"Nandi","Chesumei","Kiptuya",2019,0
"Nandi","Chesumei","Kiptuya",2020,0
"Nandi","Chesumei","Kiptuya",2021,0
"Nandi","Chesumei","Kiptuya",2022,8.52655792236328
"Nandi","Chesumei","Kiptuya",2023,16.346170425415
"Nandi","Chesumei","Kiptuya",2024,11.3802862167358
"Nandi","Chesumei","Kosirai",2012,0.537354528903961
"Nandi","Chesumei","Kosirai",2013,0.965994536876678
"Nandi","Chesumei","Kosirai",2014,0.452076435089111
"Nandi","Chesumei","Kosirai",2015,3.32833862304688
"Nandi","Chesumei","Kosirai",2016,5.98331451416016
"Nandi","Chesumei","Kosirai",2017,11.8259153366089
"Nandi","Chesumei","Kosirai",2018,7.69405889511108
"Nandi","Chesumei","Kosirai",2019,10.210223197937
"Nandi","Chesumei","Kosirai",2020,12.8723001480103
"Nandi","Chesumei","Kosirai",2021,15.9155216217041
"Nandi","Chesumei","Kosirai",2022,47.2566452026367
"Nandi","Chesumei","Kosirai",2023,66.9560394287109
"Nandi","Chesumei","Kosirai",2024,68.0507049560547
"Nandi","Chesumei","Lelmokwo/Ngechek",2012,1.08411264419556
"Nandi","Chesumei","Lelmokwo/Ngechek",2013,0.0504542589187622
"Nandi","Chesumei","Lelmokwo/Ngechek",2014,0.0499738268554211
"Nandi","Chesumei","Lelmokwo/Ngechek",2015,1.42486345767975
"Nandi","Chesumei","Lelmokwo/Ngechek",2016,3.89245581626892
"Nandi","Chesumei","Lelmokwo/Ngechek",2017,6.95914125442505
"Nandi","Chesumei","Lelmokwo/Ngechek",2018,5.10797023773193
"Nandi","Chesumei","Lelmokwo/Ngechek",2019,2.86151647567749
"Nandi","Chesumei","Lelmokwo/Ngechek",2020,5.71501016616821
"Nandi","Chesumei","Lelmokwo/Ngechek",2021,9.9019250869751
"Nandi","Chesumei","Lelmokwo/Ngechek",2022,28.0068588256836
"Nandi","Chesumei","Lelmokwo/Ngechek",2023,39.7617263793945
"Nandi","Chesumei","Lelmokwo/Ngechek",2024,30.094596862793
"Nandi","Emgwen","Chepkumia",2012,0.0332628451287746
"Nandi","Emgwen","Chepkumia",2013,0.0347476452589035
"Nandi","Emgwen","Chepkumia",2014,0.0338566564023495
"Nandi","Emgwen","Chepkumia",2015,1.96247220039368
"Nandi","Emgwen","Chepkumia",2016,0.61821311712265
"Nandi","Emgwen","Chepkumia",2017,1.60974657535553
"Nandi","Emgwen","Chepkumia",2018,3.93737459182739
"Nandi","Emgwen","Chepkumia",2019,1.68878769874573
"Nandi","Emgwen","Chepkumia",2020,1.07436943054199
"Nandi","Emgwen","Chepkumia",2021,1.10951328277588
"Nandi","Emgwen","Chepkumia",2022,3.34765028953552
"Nandi","Emgwen","Chepkumia",2023,5.08763027191162
"Nandi","Emgwen","Chepkumia",2024,4.68660497665405
"Nandi","Emgwen","Kapkangani",2012,5.07543420791626
"Nandi","Emgwen","Kapkangani",2013,5.18111276626587
"Nandi","Emgwen","Kapkangani",2014,2.72407793998718
"Nandi","Emgwen","Kapkangani",2015,4.59707689285278
"Nandi","Emgwen","Kapkangani",2016,1.77121031284332
"Nandi","Emgwen","Kapkangani",2017,1.71931540966034
"Nandi","Emgwen","Kapkangani",2018,3.75835967063904
"Nandi","Emgwen","Kapkangani",2019,2.78986644744873
"Nandi","Emgwen","Kapkangani",2020,2.36079502105713
"Nandi","Emgwen","Kapkangani",2021,1.22746074199677
"Nandi","Emgwen","Kapkangani",2022,16.2906017303467
"Nandi","Emgwen","Kapkangani",2023,19.0662670135498
"Nandi","Emgwen","Kapkangani",2024,13.0823907852173
"Nandi","Emgwen","Kapsabet",2012,38.6879119873047
"Nandi","Emgwen","Kapsabet",2013,36.2661094665527
"Nandi","Emgwen","Kapsabet",2014,33.6754302978516
"Nandi","Emgwen","Kapsabet",2015,35.2090721130371
"Nandi","Emgwen","Kapsabet",2016,36.935546875
"Nandi","Emgwen","Kapsabet",2017,178.050491333008
"Nandi","Emgwen","Kapsabet",2018,209.237106323242
"Nandi","Emgwen","Kapsabet",2019,222.827011108398
"Nandi","Emgwen","Kapsabet",2020,173.169677734375
"Nandi","Emgwen","Kapsabet",2021,171.090927124023
"Nandi","Emgwen","Kapsabet",2022,225.143737792969
"Nandi","Emgwen","Kapsabet",2023,240.62190246582
"Nandi","Emgwen","Kapsabet",2024,205.751983642578
"Nandi","Emgwen","Kilibwoni",2012,1.22281241416931
"Nandi","Emgwen","Kilibwoni",2013,0.644513130187988
"Nandi","Emgwen","Kilibwoni",2014,0.654315829277039
"Nandi","Emgwen","Kilibwoni",2015,0.7552370429039
"Nandi","Emgwen","Kilibwoni",2016,0
"Nandi","Emgwen","Kilibwoni",2017,3.0438220500946
"Nandi","Emgwen","Kilibwoni",2018,6.60910511016846
"Nandi","Emgwen","Kilibwoni",2019,18.2504787445068
"Nandi","Emgwen","Kilibwoni",2020,12.502100944519
"Nandi","Emgwen","Kilibwoni",2021,19.7342052459717
"Nandi","Emgwen","Kilibwoni",2022,48.48193359375
"Nandi","Emgwen","Kilibwoni",2023,64.8765182495117
"Nandi","Emgwen","Kilibwoni",2024,63.2639122009277
"Nandi","Mosop","Chepterwai",2012,0
"Nandi","Mosop","Chepterwai",2013,0
"Nandi","Mosop","Chepterwai",2014,0
"Nandi","Mosop","Chepterwai",2015,0
"Nandi","Mosop","Chepterwai",2016,0
"Nandi","Mosop","Chepterwai",2017,0
"Nandi","Mosop","Chepterwai",2018,7.56060981750488
"Nandi","Mosop","Chepterwai",2019,6.9852147102356
"Nandi","Mosop","Chepterwai",2020,6.11420774459839
"Nandi","Mosop","Chepterwai",2021,2.64390563964844
"Nandi","Mosop","Chepterwai",2022,11.7568416595459
"Nandi","Mosop","Chepterwai",2023,12.2534656524658
"Nandi","Mosop","Chepterwai",2024,5.24306440353394
"Nandi","Mosop","Kabisaga",2012,0
"Nandi","Mosop","Kabisaga",2013,0
"Nandi","Mosop","Kabisaga",2014,0
"Nandi","Mosop","Kabisaga",2015,0
"Nandi","Mosop","Kabisaga",2016,0
"Nandi","Mosop","Kabisaga",2017,0
"Nandi","Mosop","Kabisaga",2018,17.7378559112549
"Nandi","Mosop","Kabisaga",2019,10.1585817337036
"Nandi","Mosop","Kabisaga",2020,6.25817966461182
"Nandi","Mosop","Kabisaga",2021,9.51417541503906
"Nandi","Mosop","Kabisaga",2022,29.1328392028809
"Nandi","Mosop","Kabisaga",2023,16.6265125274658
"Nandi","Mosop","Kabisaga",2024,13.3491458892822
"Nandi","Mosop","Kabiyet",2012,0.367144197225571
"Nandi","Mosop","Kabiyet",2013,0
"Nandi","Mosop","Kabiyet",2014,0.356221914291382
"Nandi","Mosop","Kabiyet",2015,0.370145589113235
"Nandi","Mosop","Kabiyet",2016,0
"Nandi","Mosop","Kabiyet",2017,0.36406397819519
"Nandi","Mosop","Kabiyet",2018,14.1612558364868
"Nandi","Mosop","Kabiyet",2019,19.999568939209
"Nandi","Mosop","Kabiyet",2020,8.94749927520752
"Nandi","Mosop","Kabiyet",2021,13.752721786499
"Nandi","Mosop","Kabiyet",2022,12.6625661849976
"Nandi","Mosop","Kabiyet",2023,28.5139827728271
"Nandi","Mosop","Kabiyet",2024,20.3583755493164
"Nandi","Mosop","Kipkaren",2012,0.510951101779938
"Nandi","Mosop","Kipkaren",2013,0
"Nandi","Mosop","Kipkaren",2014,0
"Nandi","Mosop","Kipkaren",2015,0
"Nandi","Mosop","Kipkaren",2016,0
"Nandi","Mosop","Kipkaren",2017,0
"Nandi","Mosop","Kipkaren",2018,2.27736449241638
"Nandi","Mosop","Kipkaren",2019,5.98139810562134
"Nandi","Mosop","Kipkaren",2020,0.67549467086792
"Nandi","Mosop","Kipkaren",2021,0
"Nandi","Mosop","Kipkaren",2022,7.38058757781982
"Nandi","Mosop","Kipkaren",2023,12.2670736312866
"Nandi","Mosop","Kipkaren",2024,7.7052960395813
"Nandi","Mosop","Kurgung/Surungai",2012,0.174340978264809
"Nandi","Mosop","Kurgung/Surungai",2013,0
"Nandi","Mosop","Kurgung/Surungai",2014,0.169154450297356
"Nandi","Mosop","Kurgung/Surungai",2015,0.175766199827194
"Nandi","Mosop","Kurgung/Surungai",2016,0
"Nandi","Mosop","Kurgung/Surungai",2017,0.172878310084343
"Nandi","Mosop","Kurgung/Surungai",2018,6.30302476882935
"Nandi","Mosop","Kurgung/Surungai",2019,6.61868381500244
"Nandi","Mosop","Kurgung/Surungai",2020,5.93227338790894
"Nandi","Mosop","Kurgung/Surungai",2021,5.04778385162354
"Nandi","Mosop","Kurgung/Surungai",2022,5.63375234603882
"Nandi","Mosop","Kurgung/Surungai",2023,5.08629751205444
"Nandi","Mosop","Kurgung/Surungai",2024,2.22737669944763
"Nandi","Mosop","Ndalat",2012,0
"Nandi","Mosop","Ndalat",2013,0
"Nandi","Mosop","Ndalat",2014,0
"Nandi","Mosop","Ndalat",2015,0
"Nandi","Mosop","Ndalat",2016,0
"Nandi","Mosop","Ndalat",2017,0
"Nandi","Mosop","Ndalat",2018,6.90008783340454
"Nandi","Mosop","Ndalat",2019,3.50465798377991
"Nandi","Mosop","Ndalat",2020,1.48597145080566
"Nandi","Mosop","Ndalat",2021,6.42162227630615
"Nandi","Mosop","Ndalat",2022,21.6197452545166
"Nandi","Mosop","Ndalat",2023,21.3818473815918
"Nandi","Mosop","Ndalat",2024,8.72090244293213
"Nandi","Mosop","Sangalo/Kebulonik",2012,0
"Nandi","Mosop","Sangalo/Kebulonik",2013,0
"Nandi","Mosop","Sangalo/Kebulonik",2014,0
"Nandi","Mosop","Sangalo/Kebulonik",2015,0
"Nandi","Mosop","Sangalo/Kebulonik",2016,0
"Nandi","Mosop","Sangalo/Kebulonik",2017,0
"Nandi","Mosop","Sangalo/Kebulonik",2018,1.60910320281982
"Nandi","Mosop","Sangalo/Kebulonik",2019,1.30786645412445
"Nandi","Mosop","Sangalo/Kebulonik",2020,2.77230501174927
"Nandi","Mosop","Sangalo/Kebulonik",2021,0.587279081344604
"Nandi","Mosop","Sangalo/Kebulonik",2022,7.15229463577271
"Nandi","Mosop","Sangalo/Kebulonik",2023,6.49118041992188
"Nandi","Mosop","Sangalo/Kebulonik",2024,7.80019378662109
"Nandi","Nandi Hills","Chepkunyuk",2012,18.9842567443848
"Nandi","Nandi Hills","Chepkunyuk",2013,17.9982395172119
"Nandi","Nandi Hills","Chepkunyuk",2014,15.0580358505249
"Nandi","Nandi Hills","Chepkunyuk",2015,13.6682081222534
"Nandi","Nandi Hills","Chepkunyuk",2016,6.20317602157593
"Nandi","Nandi Hills","Chepkunyuk",2017,4.17287349700928
"Nandi","Nandi Hills","Chepkunyuk",2018,10.7416362762451
"Nandi","Nandi Hills","Chepkunyuk",2019,9.07544803619385
"Nandi","Nandi Hills","Chepkunyuk",2020,7.70139360427856
"Nandi","Nandi Hills","Chepkunyuk",2021,4.75519466400146
"Nandi","Nandi Hills","Chepkunyuk",2022,19.3460006713867
"Nandi","Nandi Hills","Chepkunyuk",2023,25.6173629760742
"Nandi","Nandi Hills","Chepkunyuk",2024,22.7273616790771
"Nandi","Nandi Hills","Kapchorua",2012,0.186732530593872
"Nandi","Nandi Hills","Kapchorua",2013,0
"Nandi","Nandi Hills","Kapchorua",2014,0
"Nandi","Nandi Hills","Kapchorua",2015,0
"Nandi","Nandi Hills","Kapchorua",2016,0
"Nandi","Nandi Hills","Kapchorua",2017,0
"Nandi","Nandi Hills","Kapchorua",2018,0
"Nandi","Nandi Hills","Kapchorua",2019,0
"Nandi","Nandi Hills","Kapchorua",2020,0
"Nandi","Nandi Hills","Kapchorua",2021,0
"Nandi","Nandi Hills","Kapchorua",2022,0
"Nandi","Nandi Hills","Kapchorua",2023,0.225773379206657
"Nandi","Nandi Hills","Kapchorua",2024,0.451274752616882
"Nandi","Nandi Hills","Nandi Hills",2012,22.1980209350586
"Nandi","Nandi Hills","Nandi Hills",2013,21.4437713623047
"Nandi","Nandi Hills","Nandi Hills",2014,23.6716480255127
"Nandi","Nandi Hills","Nandi Hills",2015,21.4359226226807
"Nandi","Nandi Hills","Nandi Hills",2016,13.6226844787598
"Nandi","Nandi Hills","Nandi Hills",2017,15.2800846099854
"Nandi","Nandi Hills","Nandi Hills",2018,55.0006141662598
"Nandi","Nandi Hills","Nandi Hills",2019,54.8686752319336
"Nandi","Nandi Hills","Nandi Hills",2020,35.2159156799316
"Nandi","Nandi Hills","Nandi Hills",2021,41.8605308532715
"Nandi","Nandi Hills","Nandi Hills",2022,66.4804992675781
"Nandi","Nandi Hills","Nandi Hills",2023,74.6433334350586
"Nandi","Nandi Hills","Nandi Hills",2024,83.0162124633789
"Nandi","Nandi Hills","Ol'Lessos",2012,4.30798387527466
"Nandi","Nandi Hills","Ol'Lessos",2013,4.25734806060791
"Nandi","Nandi Hills","Ol'Lessos",2014,3.20112085342407
"Nandi","Nandi Hills","Ol'Lessos",2015,4.40503549575806
"Nandi","Nandi Hills","Ol'Lessos",2016,7.96058750152588
"Nandi","Nandi Hills","Ol'Lessos",2017,15.2438287734985
"Nandi","Nandi Hills","Ol'Lessos",2018,28.512414932251
"Nandi","Nandi Hills","Ol'Lessos",2019,34.5560569763184
"Nandi","Nandi Hills","Ol'Lessos",2020,24.8905849456787
"Nandi","Nandi Hills","Ol'Lessos",2021,33.4656715393066
"Nandi","Nandi Hills","Ol'Lessos",2022,37.7316818237305
"Nandi","Nandi Hills","Ol'Lessos",2023,44.4372177124023
"Nandi","Nandi Hills","Ol'Lessos",2024,46.2662010192871
"Nandi","Tinderet","Chemelil/Chemase",2012,6.07250881195068
"Nandi","Tinderet","Chemelil/Chemase",2013,8.83255100250244
"Nandi","Tinderet","Chemelil/Chemase",2014,17.335168838501
"Nandi","Tinderet","Chemelil/Chemase",2015,15.6277875900269
"Nandi","Tinderet","Chemelil/Chemase",2016,12.049747467041
"Nandi","Tinderet","Chemelil/Chemase",2017,12.8596296310425
"Nandi","Tinderet","Chemelil/Chemase",2018,16.856294631958
"Nandi","Tinderet","Chemelil/Chemase",2019,14.1522636413574
"Nandi","Tinderet","Chemelil/Chemase",2020,3.02131938934326
"Nandi","Tinderet","Chemelil/Chemase",2021,2.28752899169922
"Nandi","Tinderet","Chemelil/Chemase",2022,26.1027450561523
"Nandi","Tinderet","Chemelil/Chemase",2023,41.9338989257812
"Nandi","Tinderet","Chemelil/Chemase",2024,45.9828491210938
"Nandi","Tinderet","Kapsimotwo",2012,15.7929277420044
"Nandi","Tinderet","Kapsimotwo",2013,13.1869239807129
"Nandi","Tinderet","Kapsimotwo",2014,15.5382280349731
"Nandi","Tinderet","Kapsimotwo",2015,14.0970649719238
"Nandi","Tinderet","Kapsimotwo",2016,3.24051690101624
"Nandi","Tinderet","Kapsimotwo",2017,1.77203750610352
"Nandi","Tinderet","Kapsimotwo",2018,1.71525931358337
"Nandi","Tinderet","Kapsimotwo",2019,0.752915859222412
"Nandi","Tinderet","Kapsimotwo",2020,2.61499762535095
"Nandi","Tinderet","Kapsimotwo",2021,0
"Nandi","Tinderet","Kapsimotwo",2022,7.2062726020813
"Nandi","Tinderet","Kapsimotwo",2023,12.0631380081177
"Nandi","Tinderet","Kapsimotwo",2024,9.94407749176025
"Nandi","Tinderet","Songhor/Soba",2012,0
"Nandi","Tinderet","Songhor/Soba",2013,0
"Nandi","Tinderet","Songhor/Soba",2014,0
"Nandi","Tinderet","Songhor/Soba",2015,0
"Nandi","Tinderet","Songhor/Soba",2016,0.99584549665451
"Nandi","Tinderet","Songhor/Soba",2017,1.5584511756897
"Nandi","Tinderet","Songhor/Soba",2018,9.31519317626953
"Nandi","Tinderet","Songhor/Soba",2019,11.6008167266846
"Nandi","Tinderet","Songhor/Soba",2020,10.0182723999023
"Nandi","Tinderet","Songhor/Soba",2021,9.00435066223145
"Nandi","Tinderet","Songhor/Soba",2022,34.0777130126953
"Nandi","Tinderet","Songhor/Soba",2023,41.197193145752
"Nandi","Tinderet","Songhor/Soba",2024,34.2598762512207
"Nandi","Tinderet","Tindiret",2012,1.77692675590515
"Nandi","Tinderet","Tindiret",2013,1.20386934280396
"Nandi","Tinderet","Tindiret",2014,1.16277480125427
"Nandi","Tinderet","Tindiret",2015,0
"Nandi","Tinderet","Tindiret",2016,0
"Nandi","Tinderet","Tindiret",2017,0
"Nandi","Tinderet","Tindiret",2018,2.01931571960449
"Nandi","Tinderet","Tindiret",2019,1.61147451400757
"Nandi","Tinderet","Tindiret",2020,1.33011722564697
"Nandi","Tinderet","Tindiret",2021,2.00913286209106
"Nandi","Tinderet","Tindiret",2022,10.2744197845459
"Nandi","Tinderet","Tindiret",2023,12.8239974975586
"Nandi","Tinderet","Tindiret",2024,13.382227897644
"Narok","Emurua Dikirr","Ilkerin",2012,0
"Narok","Emurua Dikirr","Ilkerin",2013,0
"Narok","Emurua Dikirr","Ilkerin",2014,0
"Narok","Emurua Dikirr","Ilkerin",2015,0
"Narok","Emurua Dikirr","Ilkerin",2016,0
"Narok","Emurua Dikirr","Ilkerin",2017,0
"Narok","Emurua Dikirr","Ilkerin",2018,0
"Narok","Emurua Dikirr","Ilkerin",2019,0
"Narok","Emurua Dikirr","Ilkerin",2020,0.02294453792274
"Narok","Emurua Dikirr","Ilkerin",2021,0
"Narok","Emurua Dikirr","Ilkerin",2022,0
"Narok","Emurua Dikirr","Ilkerin",2023,0.507044851779938
"Narok","Emurua Dikirr","Ilkerin",2024,0.542832732200623
"Narok","Emurua Dikirr","Kapsasian",2012,0
"Narok","Emurua Dikirr","Kapsasian",2013,0
"Narok","Emurua Dikirr","Kapsasian",2014,0
"Narok","Emurua Dikirr","Kapsasian",2015,0
"Narok","Emurua Dikirr","Kapsasian",2016,0
"Narok","Emurua Dikirr","Kapsasian",2017,0
"Narok","Emurua Dikirr","Kapsasian",2018,0
"Narok","Emurua Dikirr","Kapsasian",2019,0.00368757545948029
"Narok","Emurua Dikirr","Kapsasian",2020,0
"Narok","Emurua Dikirr","Kapsasian",2021,0
"Narok","Emurua Dikirr","Kapsasian",2022,0
"Narok","Emurua Dikirr","Kapsasian",2023,0.00174725940451026
"Narok","Emurua Dikirr","Kapsasian",2024,0
"Narok","Emurua Dikirr","Mogondo",2012,0
"Narok","Emurua Dikirr","Mogondo",2013,0
"Narok","Emurua Dikirr","Mogondo",2014,0
"Narok","Emurua Dikirr","Mogondo",2015,0
"Narok","Emurua Dikirr","Mogondo",2016,0
"Narok","Emurua Dikirr","Mogondo",2017,0.514958560466766
"Narok","Emurua Dikirr","Mogondo",2018,6.68923616409302
"Narok","Emurua Dikirr","Mogondo",2019,9.68943881988525
"Narok","Emurua Dikirr","Mogondo",2020,0.667407512664795
"Narok","Emurua Dikirr","Mogondo",2021,0
"Narok","Emurua Dikirr","Mogondo",2022,0
"Narok","Emurua Dikirr","Mogondo",2023,7.53960466384888
"Narok","Emurua Dikirr","Mogondo",2024,7.88783836364746
"Narok","Emurua Dikirr","Ololmasani",2012,0
"Narok","Emurua Dikirr","Ololmasani",2013,0
"Narok","Emurua Dikirr","Ololmasani",2014,0
"Narok","Emurua Dikirr","Ololmasani",2015,0
"Narok","Emurua Dikirr","Ololmasani",2016,0
"Narok","Emurua Dikirr","Ololmasani",2017,0
"Narok","Emurua Dikirr","Ololmasani",2018,0
"Narok","Emurua Dikirr","Ololmasani",2019,0
"Narok","Emurua Dikirr","Ololmasani",2020,0
"Narok","Emurua Dikirr","Ololmasani",2021,0
"Narok","Emurua Dikirr","Ololmasani",2022,0
"Narok","Emurua Dikirr","Ololmasani",2023,0
"Narok","Emurua Dikirr","Ololmasani",2024,1.31304538249969
"Narok","Kilgoris","Angata Barikoi",2012,0
"Narok","Kilgoris","Angata Barikoi",2013,0
"Narok","Kilgoris","Angata Barikoi",2014,0
"Narok","Kilgoris","Angata Barikoi",2015,0
"Narok","Kilgoris","Angata Barikoi",2016,0
"Narok","Kilgoris","Angata Barikoi",2017,0
"Narok","Kilgoris","Angata Barikoi",2018,0
"Narok","Kilgoris","Angata Barikoi",2019,0
"Narok","Kilgoris","Angata Barikoi",2020,0
"Narok","Kilgoris","Angata Barikoi",2021,0
"Narok","Kilgoris","Angata Barikoi",2022,0
"Narok","Kilgoris","Angata Barikoi",2023,0
"Narok","Kilgoris","Angata Barikoi",2024,3.04452109336853
"Narok","Kilgoris","Keyian",2012,24.0161800384521
"Narok","Kilgoris","Keyian",2013,20.9516792297363
"Narok","Kilgoris","Keyian",2014,29.2551517486572
"Narok","Kilgoris","Keyian",2015,27.2822856903076
"Narok","Kilgoris","Keyian",2016,30.7806739807129
"Narok","Kilgoris","Keyian",2017,36.8808135986328
"Narok","Kilgoris","Keyian",2018,46.8144226074219
"Narok","Kilgoris","Keyian",2019,43.799934387207
"Narok","Kilgoris","Keyian",2020,41.4091529846191
"Narok","Kilgoris","Keyian",2021,50.4571342468262
"Narok","Kilgoris","Keyian",2022,61.9594993591309
"Narok","Kilgoris","Keyian",2023,70.7638168334961
"Narok","Kilgoris","Keyian",2024,61.1181488037109
"Narok","Kilgoris","Kilgoris Central",2012,0.939733564853668
"Narok","Kilgoris","Kilgoris Central",2013,0.942207455635071
"Narok","Kilgoris","Kilgoris Central",2014,0.485157042741776
"Narok","Kilgoris","Kilgoris Central",2015,1.1556978225708
"Narok","Kilgoris","Kilgoris Central",2016,1.44256448745728
"Narok","Kilgoris","Kilgoris Central",2017,2.47505974769592
"Narok","Kilgoris","Kilgoris Central",2018,5.36254358291626
"Narok","Kilgoris","Kilgoris Central",2019,7.51957750320435
"Narok","Kilgoris","Kilgoris Central",2020,5.54960250854492
"Narok","Kilgoris","Kilgoris Central",2021,10.3856763839722
"Narok","Kilgoris","Kilgoris Central",2022,16.9810409545898
"Narok","Kilgoris","Kilgoris Central",2023,20.2978038787842
"Narok","Kilgoris","Kilgoris Central",2024,19.0032691955566
"Narok","Kilgoris","Kimintet",2012,1.75498938560486
"Narok","Kilgoris","Kimintet",2013,0.55961000919342
"Narok","Kilgoris","Kimintet",2014,0.655234754085541
"Narok","Kilgoris","Kimintet",2015,0.0583627447485924
"Narok","Kilgoris","Kimintet",2016,0
"Narok","Kilgoris","Kimintet",2017,1.4333176612854
"Narok","Kilgoris","Kimintet",2018,1.24305427074432
"Narok","Kilgoris","Kimintet",2019,1.27575826644897
"Narok","Kilgoris","Kimintet",2020,1.14147925376892
"Narok","Kilgoris","Kimintet",2021,0.732618391513824
"Narok","Kilgoris","Kimintet",2022,4.09855794906616
"Narok","Kilgoris","Kimintet",2023,6.08100461959839
"Narok","Kilgoris","Kimintet",2024,11.0586385726929
"Narok","Kilgoris","Lolgorian",2012,1.30670785903931
"Narok","Kilgoris","Lolgorian",2013,0.534661412239075
"Narok","Kilgoris","Lolgorian",2014,1.82533812522888
"Narok","Kilgoris","Lolgorian",2015,1.21911334991455
"Narok","Kilgoris","Lolgorian",2016,0.562443971633911
"Narok","Kilgoris","Lolgorian",2017,6.73798894882202
"Narok","Kilgoris","Lolgorian",2018,10.6932182312012
"Narok","Kilgoris","Lolgorian",2019,8.41437530517578
"Narok","Kilgoris","Lolgorian",2020,0
"Narok","Kilgoris","Lolgorian",2021,8.98406887054443
"Narok","Kilgoris","Lolgorian",2022,22.4440231323242
"Narok","Kilgoris","Lolgorian",2023,33.5441398620605
"Narok","Kilgoris","Lolgorian",2024,47.7939338684082
"Narok","Kilgoris","Shankoe",2012,12.520058631897
"Narok","Kilgoris","Shankoe",2013,12.8020324707031
"Narok","Kilgoris","Shankoe",2014,12.9037828445435
"Narok","Kilgoris","Shankoe",2015,11.1924123764038
"Narok","Kilgoris","Shankoe",2016,13.3403949737549
"Narok","Kilgoris","Shankoe",2017,20.7050895690918
"Narok","Kilgoris","Shankoe",2018,41.5649757385254
"Narok","Kilgoris","Shankoe",2019,67.6016464233398
"Narok","Kilgoris","Shankoe",2020,47.4598770141602
"Narok","Kilgoris","Shankoe",2021,59.6437377929688
"Narok","Kilgoris","Shankoe",2022,77.1093826293945
"Narok","Kilgoris","Shankoe",2023,78.5184097290039
"Narok","Kilgoris","Shankoe",2024,81.2752990722656
"Narok","Narok East","Keekonyokie",2012,1.04292953014374
"Narok","Narok East","Keekonyokie",2013,1.09164345264435
"Narok","Narok East","Keekonyokie",2014,2.38783144950867
"Narok","Narok East","Keekonyokie",2015,2.10601162910461
"Narok","Narok East","Keekonyokie",2016,1.12203085422516
"Narok","Narok East","Keekonyokie",2017,13.6939144134521
"Narok","Narok East","Keekonyokie",2018,30.2700614929199
"Narok","Narok East","Keekonyokie",2019,29.348316192627
"Narok","Narok East","Keekonyokie",2020,21.7116260528564
"Narok","Narok East","Keekonyokie",2021,23.5074443817139
"Narok","Narok East","Keekonyokie",2022,64.7800140380859
"Narok","Narok East","Keekonyokie",2023,86.4802627563477
"Narok","Narok East","Keekonyokie",2024,63.6105613708496
"Narok","Narok East","Mosiro",2012,1.8857204914093
"Narok","Narok East","Mosiro",2013,1.93744027614594
"Narok","Narok East","Mosiro",2014,2.67142391204834
"Narok","Narok East","Mosiro",2015,3.84550666809082
"Narok","Narok East","Mosiro",2016,2.29219841957092
"Narok","Narok East","Mosiro",2017,2.87896609306335
"Narok","Narok East","Mosiro",2018,9.32978916168213
"Narok","Narok East","Mosiro",2019,7.52801561355591
"Narok","Narok East","Mosiro",2020,8.66490745544434
"Narok","Narok East","Mosiro",2021,9.65827560424805
"Narok","Narok East","Mosiro",2022,35.9275169372559
"Narok","Narok East","Mosiro",2023,44.4866027832031
"Narok","Narok East","Mosiro",2024,45.8956604003906
"Narok","Narok East","Suswa",2012,0
"Narok","Narok East","Suswa",2013,0
"Narok","Narok East","Suswa",2014,0
"Narok","Narok East","Suswa",2015,0
"Narok","Narok East","Suswa",2016,0
"Narok","Narok East","Suswa",2017,22.4636116027832
"Narok","Narok East","Suswa",2018,28.0083923339844
"Narok","Narok East","Suswa",2019,16.066427230835
"Narok","Narok East","Suswa",2020,10.8163547515869
"Narok","Narok East","Suswa",2021,14.8503904342651
"Narok","Narok East","Suswa",2022,18.1047077178955
"Narok","Narok East","Suswa",2023,25.4134197235107
"Narok","Narok East","Suswa",2024,22.8766918182373
"Narok","Narok North","Melili",2012,0
"Narok","Narok North","Melili",2013,0
"Narok","Narok North","Melili",2014,0
"Narok","Narok North","Melili",2015,0
"Narok","Narok North","Melili",2016,0
"Narok","Narok North","Melili",2017,0
"Narok","Narok North","Melili",2018,0
"Narok","Narok North","Melili",2019,0
"Narok","Narok North","Melili",2020,0
"Narok","Narok North","Melili",2021,0
"Narok","Narok North","Melili",2022,0
"Narok","Narok North","Melili",2023,0.627352178096771
"Narok","Narok North","Melili",2024,2.68297553062439
"Narok","Narok North","Narok Town",2012,98.1371688842773
"Narok","Narok North","Narok Town",2013,124.355308532715
"Narok","Narok North","Narok Town",2014,140.424331665039
"Narok","Narok North","Narok Town",2015,165.434234619141
"Narok","Narok North","Narok Town",2016,312.295654296875
"Narok","Narok North","Narok Town",2017,608.763000488281
"Narok","Narok North","Narok Town",2018,603.850158691406
"Narok","Narok North","Narok Town",2019,674.3369140625
"Narok","Narok North","Narok Town",2020,609.266235351562
"Narok","Narok North","Narok Town",2021,739.540222167969
"Narok","Narok North","Narok Town",2022,782.975769042969
"Narok","Narok North","Narok Town",2023,868.937316894531
"Narok","Narok North","Narok Town",2024,846.177185058594
"Narok","Narok North","Nkareta",2012,1.90938651561737
"Narok","Narok North","Nkareta",2013,3.64100122451782
"Narok","Narok North","Nkareta",2014,5.34876251220703
"Narok","Narok North","Nkareta",2015,7.22913217544556
"Narok","Narok North","Nkareta",2016,13.1143007278442
"Narok","Narok North","Nkareta",2017,30.0727672576904
"Narok","Narok North","Nkareta",2018,29.9396381378174
"Narok","Narok North","Nkareta",2019,36.6308059692383
"Narok","Narok North","Nkareta",2020,33.9740524291992
"Narok","Narok North","Nkareta",2021,51.7021865844727
"Narok","Narok North","Nkareta",2022,71.657470703125
"Narok","Narok North","Nkareta",2023,88.7072448730469
"Narok","Narok North","Nkareta",2024,97.8462219238281
"Narok","Narok North","Olokurto",2012,0
"Narok","Narok North","Olokurto",2013,0
"Narok","Narok North","Olokurto",2014,0
"Narok","Narok North","Olokurto",2015,0
"Narok","Narok North","Olokurto",2016,0
"Narok","Narok North","Olokurto",2017,0
"Narok","Narok North","Olokurto",2018,0
"Narok","Narok North","Olokurto",2019,0
"Narok","Narok North","Olokurto",2020,0
"Narok","Narok North","Olokurto",2021,0
"Narok","Narok North","Olokurto",2022,0
"Narok","Narok North","Olokurto",2023,0
"Narok","Narok North","Olokurto",2024,1.33995032310486
"Narok","Narok North","Olorropil",2012,0
"Narok","Narok North","Olorropil",2013,0
"Narok","Narok North","Olorropil",2014,0
"Narok","Narok North","Olorropil",2015,0
"Narok","Narok North","Olorropil",2016,0
"Narok","Narok North","Olorropil",2017,0
"Narok","Narok North","Olorropil",2018,0
"Narok","Narok North","Olorropil",2019,0
"Narok","Narok North","Olorropil",2020,3.3939905166626
"Narok","Narok North","Olorropil",2021,2.38807106018066
"Narok","Narok North","Olorropil",2022,14.3397197723389
"Narok","Narok North","Olorropil",2023,9.37227535247803
"Narok","Narok North","Olorropil",2024,12.4317693710327
"Narok","Narok North","Olpusimoru",2012,0.57533597946167
"Narok","Narok North","Olpusimoru",2013,0.610699236392975
"Narok","Narok North","Olpusimoru",2014,1.16721796989441
"Narok","Narok North","Olpusimoru",2015,0
"Narok","Narok North","Olpusimoru",2016,0
"Narok","Narok North","Olpusimoru",2017,0
"Narok","Narok North","Olpusimoru",2018,0
"Narok","Narok North","Olpusimoru",2019,0
"Narok","Narok North","Olpusimoru",2020,0
"Narok","Narok North","Olpusimoru",2021,0
"Narok","Narok North","Olpusimoru",2022,0
"Narok","Narok North","Olpusimoru",2023,0
"Narok","Narok North","Olpusimoru",2024,1.07499039173126
"Narok","Narok South","Ildamat",2012,0.55251681804657
"Narok","Narok South","Ildamat",2013,1.32714486122131
"Narok","Narok South","Ildamat",2014,1.17734801769257
"Narok","Narok South","Ildamat",2015,0
"Narok","Narok South","Ildamat",2016,0
"Narok","Narok South","Ildamat",2017,0.423168659210205
"Narok","Narok South","Ildamat",2018,14.5341243743896
"Narok","Narok South","Ildamat",2019,9.91133880615234
"Narok","Narok South","Ildamat",2020,18.7378673553467
"Narok","Narok South","Ildamat",2021,10.3116836547852
"Narok","Narok South","Ildamat",2022,33.9659271240234
"Narok","Narok South","Ildamat",2023,22.6124267578125
"Narok","Narok South","Ildamat",2024,14.1908779144287
"Narok","Narok South","Loita",2012,0
"Narok","Narok South","Loita",2013,4.67509412765503
"Narok","Narok South","Loita",2014,3.42974281311035
"Narok","Narok South","Loita",2015,0
"Narok","Narok South","Loita",2016,0
"Narok","Narok South","Loita",2017,0
"Narok","Narok South","Loita",2018,0
"Narok","Narok South","Loita",2019,0
"Narok","Narok South","Loita",2020,0
"Narok","Narok South","Loita",2021,0
"Narok","Narok South","Loita",2022,0
"Narok","Narok South","Loita",2023,0
"Narok","Narok South","Loita",2024,0
"Narok","Narok South","Majimoto/Naroosura",2012,0
"Narok","Narok South","Majimoto/Naroosura",2013,0
"Narok","Narok South","Majimoto/Naroosura",2014,1.02724778652191
"Narok","Narok South","Majimoto/Naroosura",2015,2.38728713989258
"Narok","Narok South","Majimoto/Naroosura",2016,1.08179354667664
"Narok","Narok South","Majimoto/Naroosura",2017,0.554974019527435
"Narok","Narok South","Majimoto/Naroosura",2018,10.777268409729
"Narok","Narok South","Majimoto/Naroosura",2019,19.4382991790771
"Narok","Narok South","Majimoto/Naroosura",2020,24.8635654449463
"Narok","Narok South","Majimoto/Naroosura",2021,29.7369594573975
"Narok","Narok South","Majimoto/Naroosura",2022,48.3401069641113
"Narok","Narok South","Majimoto/Naroosura",2023,49.2392654418945
"Narok","Narok South","Majimoto/Naroosura",2024,43.2386856079102
"Narok","Narok South","Melelo",2012,0
"Narok","Narok South","Melelo",2013,0
"Narok","Narok South","Melelo",2014,0
"Narok","Narok South","Melelo",2015,0
"Narok","Narok South","Melelo",2016,0
"Narok","Narok South","Melelo",2017,0
"Narok","Narok South","Melelo",2018,0
"Narok","Narok South","Melelo",2019,0
"Narok","Narok South","Melelo",2020,0
"Narok","Narok South","Melelo",2021,1.19089531898499
"Narok","Narok South","Melelo",2022,7.10194444656372
"Narok","Narok South","Melelo",2023,11.1911296844482
"Narok","Narok South","Melelo",2024,7.10732889175415
"Narok","Narok South","Ololulung'A",2012,2.26978635787964
"Narok","Narok South","Ololulung'A",2013,2.16975450515747
"Narok","Narok South","Ololulung'A",2014,5.21525239944458
"Narok","Narok South","Ololulung'A",2015,4.20817708969116
"Narok","Narok South","Ololulung'A",2016,1.92738556861877
"Narok","Narok South","Ololulung'A",2017,2.47921228408813
"Narok","Narok South","Ololulung'A",2018,18.5263385772705
"Narok","Narok South","Ololulung'A",2019,26.3184947967529
"Narok","Narok South","Ololulung'A",2020,22.7807636260986
"Narok","Narok South","Ololulung'A",2021,22.8622283935547
"Narok","Narok South","Ololulung'A",2022,32.4885597229004
"Narok","Narok South","Ololulung'A",2023,38.5759391784668
"Narok","Narok South","Ololulung'A",2024,43.217700958252
"Narok","Narok South","Sagamian",2012,0
"Narok","Narok South","Sagamian",2013,0
"Narok","Narok South","Sagamian",2014,0
"Narok","Narok South","Sagamian",2015,0
"Narok","Narok South","Sagamian",2016,0
"Narok","Narok South","Sagamian",2017,0
"Narok","Narok South","Sagamian",2018,0
"Narok","Narok South","Sagamian",2019,0
"Narok","Narok South","Sagamian",2020,0
"Narok","Narok South","Sagamian",2021,0
"Narok","Narok South","Sagamian",2022,0
"Narok","Narok South","Sagamian",2023,0
"Narok","Narok South","Sagamian",2024,0
"Narok","Narok South","Sogoo",2012,0
"Narok","Narok South","Sogoo",2013,0
"Narok","Narok South","Sogoo",2014,0
"Narok","Narok South","Sogoo",2015,0
"Narok","Narok South","Sogoo",2016,0
"Narok","Narok South","Sogoo",2017,0
"Narok","Narok South","Sogoo",2018,0
"Narok","Narok South","Sogoo",2019,0
"Narok","Narok South","Sogoo",2020,0
"Narok","Narok South","Sogoo",2021,1.43372368812561
"Narok","Narok South","Sogoo",2022,7.22531318664551
"Narok","Narok South","Sogoo",2023,5.89332437515259
"Narok","Narok South","Sogoo",2024,7.33537912368774
"Narok","Narok West","Ilmotiok",2012,0
"Narok","Narok West","Ilmotiok",2013,0
"Narok","Narok West","Ilmotiok",2014,0
"Narok","Narok West","Ilmotiok",2015,0
"Narok","Narok West","Ilmotiok",2016,0
"Narok","Narok West","Ilmotiok",2017,5.8897123336792
"Narok","Narok West","Ilmotiok",2018,12.977560043335
"Narok","Narok West","Ilmotiok",2019,19.1929492950439
"Narok","Narok West","Ilmotiok",2020,16.2265110015869
"Narok","Narok West","Ilmotiok",2021,19.6754035949707
"Narok","Narok West","Ilmotiok",2022,36.3849220275879
"Narok","Narok West","Ilmotiok",2023,30.7148933410645
"Narok","Narok West","Ilmotiok",2024,27.3274059295654
"Narok","Narok West","Mara",2012,0
"Narok","Narok West","Mara",2013,0
"Narok","Narok West","Mara",2014,0.627390086650848
"Narok","Narok West","Mara",2015,2.52354955673218
"Narok","Narok West","Mara",2016,2.03237462043762
"Narok","Narok West","Mara",2017,6.04907989501953
"Narok","Narok West","Mara",2018,19.4811782836914
"Narok","Narok West","Mara",2019,17.1280822753906
"Narok","Narok West","Mara",2020,14.3141355514526
"Narok","Narok West","Mara",2021,13.9079904556274
"Narok","Narok West","Mara",2022,28.1832275390625
"Narok","Narok West","Mara",2023,28.4702453613281
"Narok","Narok West","Mara",2024,41.0713920593262
"Narok","Narok West","Naikarra",2012,0
"Narok","Narok West","Naikarra",2013,0
"Narok","Narok West","Naikarra",2014,0
"Narok","Narok West","Naikarra",2015,0
"Narok","Narok West","Naikarra",2016,0
"Narok","Narok West","Naikarra",2017,0
"Narok","Narok West","Naikarra",2018,0
"Narok","Narok West","Naikarra",2019,0
"Narok","Narok West","Naikarra",2020,0
"Narok","Narok West","Naikarra",2021,0
"Narok","Narok West","Naikarra",2022,0.528440415859222
"Narok","Narok West","Naikarra",2023,0
"Narok","Narok West","Naikarra",2024,2.79102396965027
"Narok","Narok West","Siana",2012,4.41460800170898
"Narok","Narok West","Siana",2013,2.19269990921021
"Narok","Narok West","Siana",2014,3.14999580383301
"Narok","Narok West","Siana",2015,1.61767518520355
"Narok","Narok West","Siana",2016,1.1696081161499
"Narok","Narok West","Siana",2017,1.07740235328674
"Narok","Narok West","Siana",2018,0
"Narok","Narok West","Siana",2019,0
"Narok","Narok West","Siana",2020,0
"Narok","Narok West","Siana",2021,0
"Narok","Narok West","Siana",2022,19.0475578308105
"Narok","Narok West","Siana",2023,29.6869373321533
"Narok","Narok West","Siana",2024,46.36279296875
"Nyamira","Borabu","Esise",2012,0
"Nyamira","Borabu","Esise",2013,0
"Nyamira","Borabu","Esise",2014,0
"Nyamira","Borabu","Esise",2015,0
"Nyamira","Borabu","Esise",2016,0
"Nyamira","Borabu","Esise",2017,0
"Nyamira","Borabu","Esise",2018,0
"Nyamira","Borabu","Esise",2019,0.153080895543098
"Nyamira","Borabu","Esise",2020,0
"Nyamira","Borabu","Esise",2021,5.23232936859131
"Nyamira","Borabu","Esise",2022,21.8755130767822
"Nyamira","Borabu","Esise",2023,33.483470916748
"Nyamira","Borabu","Esise",2024,39.3194427490234
"Nyamira","Borabu","Kiabonyoru",2012,1.79748404026031
"Nyamira","Borabu","Kiabonyoru",2013,2.54215264320374
"Nyamira","Borabu","Kiabonyoru",2014,6.71064901351929
"Nyamira","Borabu","Kiabonyoru",2015,8.78818798065186
"Nyamira","Borabu","Kiabonyoru",2016,6.16146039962769
"Nyamira","Borabu","Kiabonyoru",2017,6.69844532012939
"Nyamira","Borabu","Kiabonyoru",2018,14.6526288986206
"Nyamira","Borabu","Kiabonyoru",2019,12.5748529434204
"Nyamira","Borabu","Kiabonyoru",2020,5.64457368850708
"Nyamira","Borabu","Kiabonyoru",2021,9.70372009277344
"Nyamira","Borabu","Kiabonyoru",2022,45.0706787109375
"Nyamira","Borabu","Kiabonyoru",2023,44.9958457946777
"Nyamira","Borabu","Kiabonyoru",2024,63.7155303955078
"Nyamira","Borabu","Mekenene",2012,13.646918296814
"Nyamira","Borabu","Mekenene",2013,15.8463535308838
"Nyamira","Borabu","Mekenene",2014,13.0592765808105
"Nyamira","Borabu","Mekenene",2015,12.5296258926392
"Nyamira","Borabu","Mekenene",2016,6.72709131240845
"Nyamira","Borabu","Mekenene",2017,5.88107109069824
"Nyamira","Borabu","Mekenene",2018,7.0844202041626
"Nyamira","Borabu","Mekenene",2019,8.43586158752441
"Nyamira","Borabu","Mekenene",2020,4.10203075408936
"Nyamira","Borabu","Mekenene",2021,5.96990299224854
"Nyamira","Borabu","Mekenene",2022,14.9896173477173
"Nyamira","Borabu","Mekenene",2023,21.3276443481445
"Nyamira","Borabu","Mekenene",2024,17.4391422271729
"Nyamira","Borabu","Nyansiongo",2012,12.6852188110352
"Nyamira","Borabu","Nyansiongo",2013,16.9125728607178
"Nyamira","Borabu","Nyansiongo",2014,10.6462450027466
"Nyamira","Borabu","Nyansiongo",2015,13.9042463302612
"Nyamira","Borabu","Nyansiongo",2016,8.04720211029053
"Nyamira","Borabu","Nyansiongo",2017,6.58511686325073
"Nyamira","Borabu","Nyansiongo",2018,9.65963840484619
"Nyamira","Borabu","Nyansiongo",2019,15.9193210601807
"Nyamira","Borabu","Nyansiongo",2020,7.25853300094604
"Nyamira","Borabu","Nyansiongo",2021,18.673511505127
"Nyamira","Borabu","Nyansiongo",2022,80.3626480102539
"Nyamira","Borabu","Nyansiongo",2023,122.261535644531
"Nyamira","Borabu","Nyansiongo",2024,117.861503601074
"Nyamira","Kitutu Masaba","Gachuba",2012,0
"Nyamira","Kitutu Masaba","Gachuba",2013,0
"Nyamira","Kitutu Masaba","Gachuba",2014,0
"Nyamira","Kitutu Masaba","Gachuba",2015,0
"Nyamira","Kitutu Masaba","Gachuba",2016,0
"Nyamira","Kitutu Masaba","Gachuba",2017,0
"Nyamira","Kitutu Masaba","Gachuba",2018,0.0774610042572021
"Nyamira","Kitutu Masaba","Gachuba",2019,1.88567626476288
"Nyamira","Kitutu Masaba","Gachuba",2020,0.00471556978300214
"Nyamira","Kitutu Masaba","Gachuba",2021,1.08724677562714
"Nyamira","Kitutu Masaba","Gachuba",2022,31.0798664093018
"Nyamira","Kitutu Masaba","Gachuba",2023,34.5473785400391
"Nyamira","Kitutu Masaba","Gachuba",2024,48.430248260498
"Nyamira","Kitutu Masaba","Gesima",2012,0.676198601722717
"Nyamira","Kitutu Masaba","Gesima",2013,1.09675848484039
"Nyamira","Kitutu Masaba","Gesima",2014,0
"Nyamira","Kitutu Masaba","Gesima",2015,1.20046103000641
"Nyamira","Kitutu Masaba","Gesima",2016,0
"Nyamira","Kitutu Masaba","Gesima",2017,1.05455589294434
"Nyamira","Kitutu Masaba","Gesima",2018,3.83539867401123
"Nyamira","Kitutu Masaba","Gesima",2019,2.54995918273926
"Nyamira","Kitutu Masaba","Gesima",2020,0
"Nyamira","Kitutu Masaba","Gesima",2021,9.97773551940918
"Nyamira","Kitutu Masaba","Gesima",2022,56.7466049194336
"Nyamira","Kitutu Masaba","Gesima",2023,57.6026458740234
"Nyamira","Kitutu Masaba","Gesima",2024,59.2980117797852
"Nyamira","Kitutu Masaba","Kemera",2012,3.29295754432678
"Nyamira","Kitutu Masaba","Kemera",2013,5.20120716094971
"Nyamira","Kitutu Masaba","Kemera",2014,6.83862209320068
"Nyamira","Kitutu Masaba","Kemera",2015,11.2969598770142
"Nyamira","Kitutu Masaba","Kemera",2016,13.9895315170288
"Nyamira","Kitutu Masaba","Kemera",2017,27.3151550292969
"Nyamira","Kitutu Masaba","Kemera",2018,45.1644973754883
"Nyamira","Kitutu Masaba","Kemera",2019,52.4026260375977
"Nyamira","Kitutu Masaba","Kemera",2020,60.6371765136719
"Nyamira","Kitutu Masaba","Kemera",2021,82.0271224975586
"Nyamira","Kitutu Masaba","Kemera",2022,150.255020141602
"Nyamira","Kitutu Masaba","Kemera",2023,147.329193115234
"Nyamira","Kitutu Masaba","Kemera",2024,179.145095825195
"Nyamira","Kitutu Masaba","Magombo",2012,0
"Nyamira","Kitutu Masaba","Magombo",2013,0.398310214281082
"Nyamira","Kitutu Masaba","Magombo",2014,0.391035467386246
"Nyamira","Kitutu Masaba","Magombo",2015,0.404860377311707
"Nyamira","Kitutu Masaba","Magombo",2016,0.411670476198196
"Nyamira","Kitutu Masaba","Magombo",2017,0.324013650417328
"Nyamira","Kitutu Masaba","Magombo",2018,0.92499166727066
"Nyamira","Kitutu Masaba","Magombo",2019,0
"Nyamira","Kitutu Masaba","Magombo",2020,0
"Nyamira","Kitutu Masaba","Magombo",2021,0.324563056230545
"Nyamira","Kitutu Masaba","Magombo",2022,12.4066314697266
"Nyamira","Kitutu Masaba","Magombo",2023,22.4289360046387
"Nyamira","Kitutu Masaba","Magombo",2024,44.6190643310547
"Nyamira","Kitutu Masaba","Manga",2012,0
"Nyamira","Kitutu Masaba","Manga",2013,0.883073925971985
"Nyamira","Kitutu Masaba","Manga",2014,0.91046553850174
"Nyamira","Kitutu Masaba","Manga",2015,2.0426721572876
"Nyamira","Kitutu Masaba","Manga",2016,0.992358684539795
"Nyamira","Kitutu Masaba","Manga",2017,1.95055520534515
"Nyamira","Kitutu Masaba","Manga",2018,1.73306798934937
"Nyamira","Kitutu Masaba","Manga",2019,1.25156903266907
"Nyamira","Kitutu Masaba","Manga",2020,0.259116888046265
"Nyamira","Kitutu Masaba","Manga",2021,4.08858251571655
"Nyamira","Kitutu Masaba","Manga",2022,27.0097274780273
"Nyamira","Kitutu Masaba","Manga",2023,26.4882354736328
"Nyamira","Kitutu Masaba","Manga",2024,41.5939254760742
"Nyamira","Kitutu Masaba","Rigoma",2012,1.49984788894653
"Nyamira","Kitutu Masaba","Rigoma",2013,1.22072172164917
"Nyamira","Kitutu Masaba","Rigoma",2014,1.59418022632599
"Nyamira","Kitutu Masaba","Rigoma",2015,5.67765426635742
"Nyamira","Kitutu Masaba","Rigoma",2016,5.64454030990601
"Nyamira","Kitutu Masaba","Rigoma",2017,5.5013279914856
"Nyamira","Kitutu Masaba","Rigoma",2018,7.39084339141846
"Nyamira","Kitutu Masaba","Rigoma",2019,10.8261184692383
"Nyamira","Kitutu Masaba","Rigoma",2020,3.98749184608459
"Nyamira","Kitutu Masaba","Rigoma",2021,8.22645854949951
"Nyamira","Kitutu Masaba","Rigoma",2022,44.603759765625
"Nyamira","Kitutu Masaba","Rigoma",2023,43.6354064941406
"Nyamira","Kitutu Masaba","Rigoma",2024,52.5786895751953
"Nyamira","North Mugirango","Bokeira",2012,0.541387915611267
"Nyamira","North Mugirango","Bokeira",2013,0.546516895294189
"Nyamira","North Mugirango","Bokeira",2014,0.94604766368866
"Nyamira","North Mugirango","Bokeira",2015,5.55735874176025
"Nyamira","North Mugirango","Bokeira",2016,2.61646604537964
"Nyamira","North Mugirango","Bokeira",2017,1.53266608715057
"Nyamira","North Mugirango","Bokeira",2018,2.12126111984253
"Nyamira","North Mugirango","Bokeira",2019,2.2849497795105
"Nyamira","North Mugirango","Bokeira",2020,2.20840716362
"Nyamira","North Mugirango","Bokeira",2021,4.11693859100342
"Nyamira","North Mugirango","Bokeira",2022,17.5498485565186
"Nyamira","North Mugirango","Bokeira",2023,16.2736530303955
"Nyamira","North Mugirango","Bokeira",2024,30.4463901519775
"Nyamira","North Mugirango","Bomwagamo",2012,0
"Nyamira","North Mugirango","Bomwagamo",2013,0
"Nyamira","North Mugirango","Bomwagamo",2014,0
"Nyamira","North Mugirango","Bomwagamo",2015,0
"Nyamira","North Mugirango","Bomwagamo",2016,0
"Nyamira","North Mugirango","Bomwagamo",2017,0
"Nyamira","North Mugirango","Bomwagamo",2018,0
"Nyamira","North Mugirango","Bomwagamo",2019,0
"Nyamira","North Mugirango","Bomwagamo",2020,0
"Nyamira","North Mugirango","Bomwagamo",2021,0
"Nyamira","North Mugirango","Bomwagamo",2022,4.90387105941772
"Nyamira","North Mugirango","Bomwagamo",2023,4.75753831863403
"Nyamira","North Mugirango","Bomwagamo",2024,5.88206672668457
"Nyamira","North Mugirango","Ekerenyo",2012,0.573768079280853
"Nyamira","North Mugirango","Ekerenyo",2013,2.11323237419128
"Nyamira","North Mugirango","Ekerenyo",2014,4.03695678710938
"Nyamira","North Mugirango","Ekerenyo",2015,3.28073167800903
"Nyamira","North Mugirango","Ekerenyo",2016,4.18224287033081
"Nyamira","North Mugirango","Ekerenyo",2017,4.71626281738281
"Nyamira","North Mugirango","Ekerenyo",2018,3.65339636802673
"Nyamira","North Mugirango","Ekerenyo",2019,3.5826518535614
"Nyamira","North Mugirango","Ekerenyo",2020,4.92422103881836
"Nyamira","North Mugirango","Ekerenyo",2021,16.8244705200195
"Nyamira","North Mugirango","Ekerenyo",2022,19.3087882995605
"Nyamira","North Mugirango","Ekerenyo",2023,20.5406169891357
"Nyamira","North Mugirango","Ekerenyo",2024,19.3394393920898
"Nyamira","North Mugirango","Itibo",2012,3.21398520469666
"Nyamira","North Mugirango","Itibo",2013,3.49602961540222
"Nyamira","North Mugirango","Itibo",2014,5.29153966903687
"Nyamira","North Mugirango","Itibo",2015,4.09537220001221
"Nyamira","North Mugirango","Itibo",2016,3.52702188491821
"Nyamira","North Mugirango","Itibo",2017,5.98869371414185
"Nyamira","North Mugirango","Itibo",2018,14.2497787475586
"Nyamira","North Mugirango","Itibo",2019,18.4678039550781
"Nyamira","North Mugirango","Itibo",2020,12.4721307754517
"Nyamira","North Mugirango","Itibo",2021,20.3977069854736
"Nyamira","North Mugirango","Itibo",2022,46.0661010742188
"Nyamira","North Mugirango","Itibo",2023,41.8976287841797
"Nyamira","North Mugirango","Itibo",2024,58.3566055297852
"Nyamira","North Mugirango","Magwagwa",2012,0
"Nyamira","North Mugirango","Magwagwa",2013,0
"Nyamira","North Mugirango","Magwagwa",2014,0
"Nyamira","North Mugirango","Magwagwa",2015,0.514749765396118
"Nyamira","North Mugirango","Magwagwa",2016,0.514945387840271
"Nyamira","North Mugirango","Magwagwa",2017,0
"Nyamira","North Mugirango","Magwagwa",2018,4.65779972076416
"Nyamira","North Mugirango","Magwagwa",2019,5.35272312164307
"Nyamira","North Mugirango","Magwagwa",2020,6.84626960754395
"Nyamira","North Mugirango","Magwagwa",2021,11.1245937347412
"Nyamira","North Mugirango","Magwagwa",2022,21.1328315734863
"Nyamira","North Mugirango","Magwagwa",2023,22.6076068878174
"Nyamira","North Mugirango","Magwagwa",2024,24.1908397674561
"Nyamira","West Mugirango","Bogichora",2012,0
"Nyamira","West Mugirango","Bogichora",2013,0.604984939098358
"Nyamira","West Mugirango","Bogichora",2014,0.725821137428284
"Nyamira","West Mugirango","Bogichora",2015,0.616841673851013
"Nyamira","West Mugirango","Bogichora",2016,1.23661231994629
"Nyamira","West Mugirango","Bogichora",2017,2.07381200790405
"Nyamira","West Mugirango","Bogichora",2018,7.66856145858765
"Nyamira","West Mugirango","Bogichora",2019,4.56190204620361
"Nyamira","West Mugirango","Bogichora",2020,2.70924258232117
"Nyamira","West Mugirango","Bogichora",2021,11.8026142120361
"Nyamira","West Mugirango","Bogichora",2022,33.1908836364746
"Nyamira","West Mugirango","Bogichora",2023,48.2625389099121
"Nyamira","West Mugirango","Bogichora",2024,63.7422103881836
"Nyamira","West Mugirango","Bonyamatuta",2012,3.60247611999512
"Nyamira","West Mugirango","Bonyamatuta",2013,5.73600101470947
"Nyamira","West Mugirango","Bonyamatuta",2014,5.57524824142456
"Nyamira","West Mugirango","Bonyamatuta",2015,7.6138858795166
"Nyamira","West Mugirango","Bonyamatuta",2016,4.81518602371216
"Nyamira","West Mugirango","Bonyamatuta",2017,13.2724342346191
"Nyamira","West Mugirango","Bonyamatuta",2018,16.3092861175537
"Nyamira","West Mugirango","Bonyamatuta",2019,16.4786510467529
"Nyamira","West Mugirango","Bonyamatuta",2020,14.1234302520752
"Nyamira","West Mugirango","Bonyamatuta",2021,25.4061412811279
"Nyamira","West Mugirango","Bonyamatuta",2022,45.3088264465332
"Nyamira","West Mugirango","Bonyamatuta",2023,64.7909317016602
"Nyamira","West Mugirango","Bonyamatuta",2024,94.3703231811523
"Nyamira","West Mugirango","Bosamaro",2012,0.615660846233368
"Nyamira","West Mugirango","Bosamaro",2013,0.0641642734408379
"Nyamira","West Mugirango","Bosamaro",2014,0
"Nyamira","West Mugirango","Bosamaro",2015,0
"Nyamira","West Mugirango","Bosamaro",2016,0
"Nyamira","West Mugirango","Bosamaro",2017,0
"Nyamira","West Mugirango","Bosamaro",2018,0.130583986639977
"Nyamira","West Mugirango","Bosamaro",2019,0
"Nyamira","West Mugirango","Bosamaro",2020,0.503918409347534
"Nyamira","West Mugirango","Bosamaro",2021,3.03639459609985
"Nyamira","West Mugirango","Bosamaro",2022,23.2667808532715
"Nyamira","West Mugirango","Bosamaro",2023,31.7626304626465
"Nyamira","West Mugirango","Bosamaro",2024,39.3715362548828
"Nyamira","West Mugirango","Nyamaiya",2012,0.00100717833265662
"Nyamira","West Mugirango","Nyamaiya",2013,0.00100045430008322
"Nyamira","West Mugirango","Nyamaiya",2014,1.6653915643692
"Nyamira","West Mugirango","Nyamaiya",2015,2.11009573936462
"Nyamira","West Mugirango","Nyamaiya",2016,2.963947057724
"Nyamira","West Mugirango","Nyamaiya",2017,4.07365036010742
"Nyamira","West Mugirango","Nyamaiya",2018,2.92985200881958
"Nyamira","West Mugirango","Nyamaiya",2019,3.13766956329346
"Nyamira","West Mugirango","Nyamaiya",2020,6.16895532608032
"Nyamira","West Mugirango","Nyamaiya",2021,17.6475467681885
"Nyamira","West Mugirango","Nyamaiya",2022,43.6846694946289
"Nyamira","West Mugirango","Nyamaiya",2023,52.9945793151855
"Nyamira","West Mugirango","Nyamaiya",2024,55.3350715637207
"Nyamira","West Mugirango","Township",2012,11.8452596664429
"Nyamira","West Mugirango","Township",2013,12.8817358016968
"Nyamira","West Mugirango","Township",2014,15.2649354934692
"Nyamira","West Mugirango","Township",2015,18.3769702911377
"Nyamira","West Mugirango","Township",2016,18.902063369751
"Nyamira","West Mugirango","Township",2017,42.9228477478027
"Nyamira","West Mugirango","Township",2018,52.6232376098633
"Nyamira","West Mugirango","Township",2019,51.4847984313965
"Nyamira","West Mugirango","Township",2020,41.9349479675293
"Nyamira","West Mugirango","Township",2021,48.8254852294922
"Nyamira","West Mugirango","Township",2022,77.1227264404297
"Nyamira","West Mugirango","Township",2023,79.9844131469727
"Nyamira","West Mugirango","Township",2024,90.7471923828125
"Nyandarua","Kinangop","Engineer",2012,4.65458583831787
"Nyandarua","Kinangop","Engineer",2013,8.00553512573242
"Nyandarua","Kinangop","Engineer",2014,8.47372817993164
"Nyandarua","Kinangop","Engineer",2015,15.1191263198853
"Nyandarua","Kinangop","Engineer",2016,15.9855966567993
"Nyandarua","Kinangop","Engineer",2017,25.4082088470459
"Nyandarua","Kinangop","Engineer",2018,54.0523147583008
"Nyandarua","Kinangop","Engineer",2019,51.2289772033691
"Nyandarua","Kinangop","Engineer",2020,41.4065628051758
"Nyandarua","Kinangop","Engineer",2021,44.1426239013672
"Nyandarua","Kinangop","Engineer",2022,59.0980911254883
"Nyandarua","Kinangop","Engineer",2023,55.319393157959
"Nyandarua","Kinangop","Engineer",2024,46.4839172363281
"Nyandarua","Kinangop","Gathara",2012,1.6334125995636
"Nyandarua","Kinangop","Gathara",2013,0.698563575744629
"Nyandarua","Kinangop","Gathara",2014,4.0392017364502
"Nyandarua","Kinangop","Gathara",2015,4.9011287689209
"Nyandarua","Kinangop","Gathara",2016,4.63734245300293
"Nyandarua","Kinangop","Gathara",2017,9.97280025482178
"Nyandarua","Kinangop","Gathara",2018,15.8876695632935
"Nyandarua","Kinangop","Gathara",2019,20.557336807251
"Nyandarua","Kinangop","Gathara",2020,12.5584506988525
"Nyandarua","Kinangop","Gathara",2021,22.6204090118408
"Nyandarua","Kinangop","Gathara",2022,35.2148971557617
"Nyandarua","Kinangop","Gathara",2023,40.6204414367676
"Nyandarua","Kinangop","Gathara",2024,41.8059158325195
"Nyandarua","Kinangop","Githabai",2012,0
"Nyandarua","Kinangop","Githabai",2013,0
"Nyandarua","Kinangop","Githabai",2014,0
"Nyandarua","Kinangop","Githabai",2015,0.914155185222626
"Nyandarua","Kinangop","Githabai",2016,1.70229279994965
"Nyandarua","Kinangop","Githabai",2017,6.49092578887939
"Nyandarua","Kinangop","Githabai",2018,4.78901052474976
"Nyandarua","Kinangop","Githabai",2019,4.81500911712646
"Nyandarua","Kinangop","Githabai",2020,5.07844066619873
"Nyandarua","Kinangop","Githabai",2021,7.11676073074341
"Nyandarua","Kinangop","Githabai",2022,18.9164237976074
"Nyandarua","Kinangop","Githabai",2023,27.0285778045654
"Nyandarua","Kinangop","Githabai",2024,35.1010780334473
"Nyandarua","Kinangop","Magumu",2012,2.72731733322144
"Nyandarua","Kinangop","Magumu",2013,8.0194263458252
"Nyandarua","Kinangop","Magumu",2014,15.4948787689209
"Nyandarua","Kinangop","Magumu",2015,18.7296943664551
"Nyandarua","Kinangop","Magumu",2016,29.0806369781494
"Nyandarua","Kinangop","Magumu",2017,33.6187057495117
"Nyandarua","Kinangop","Magumu",2018,55.6474685668945
"Nyandarua","Kinangop","Magumu",2019,76.4280166625977
"Nyandarua","Kinangop","Magumu",2020,64.5397262573242
"Nyandarua","Kinangop","Magumu",2021,70.8190155029297
"Nyandarua","Kinangop","Magumu",2022,119.796821594238
"Nyandarua","Kinangop","Magumu",2023,85.0457534790039
"Nyandarua","Kinangop","Magumu",2024,104.67943572998
"Nyandarua","Kinangop","Murungaru",2012,0.0665456801652908
"Nyandarua","Kinangop","Murungaru",2013,0
"Nyandarua","Kinangop","Murungaru",2014,1.76387286186218
"Nyandarua","Kinangop","Murungaru",2015,4.02810764312744
"Nyandarua","Kinangop","Murungaru",2016,4.59050846099854
"Nyandarua","Kinangop","Murungaru",2017,2.51244020462036
"Nyandarua","Kinangop","Murungaru",2018,5.67531061172485
"Nyandarua","Kinangop","Murungaru",2019,5.4818811416626
"Nyandarua","Kinangop","Murungaru",2020,4.10882377624512
"Nyandarua","Kinangop","Murungaru",2021,4.73971509933472
"Nyandarua","Kinangop","Murungaru",2022,8.98828983306885
"Nyandarua","Kinangop","Murungaru",2023,8.97059154510498
"Nyandarua","Kinangop","Murungaru",2024,13.7214412689209
"Nyandarua","Kinangop","Njabini\Kiburu",2012,5.90593099594116
"Nyandarua","Kinangop","Njabini\Kiburu",2013,3.9757616519928
"Nyandarua","Kinangop","Njabini\Kiburu",2014,9.49952983856201
"Nyandarua","Kinangop","Njabini\Kiburu",2015,11.651909828186
"Nyandarua","Kinangop","Njabini\Kiburu",2016,15.3880529403687
"Nyandarua","Kinangop","Njabini\Kiburu",2017,17.6897468566895
"Nyandarua","Kinangop","Njabini\Kiburu",2018,29.4893550872803
"Nyandarua","Kinangop","Njabini\Kiburu",2019,35.6680793762207
"Nyandarua","Kinangop","Njabini\Kiburu",2020,24.2706203460693
"Nyandarua","Kinangop","Njabini\Kiburu",2021,37.4186515808105
"Nyandarua","Kinangop","Njabini\Kiburu",2022,64.0761871337891
"Nyandarua","Kinangop","Njabini\Kiburu",2023,64.1926651000977
"Nyandarua","Kinangop","Njabini\Kiburu",2024,62.0371398925781
"Nyandarua","Kinangop","North Kinangop",2012,0
"Nyandarua","Kinangop","North Kinangop",2013,0
"Nyandarua","Kinangop","North Kinangop",2014,0.961425721645355
"Nyandarua","Kinangop","North Kinangop",2015,5.20218420028687
"Nyandarua","Kinangop","North Kinangop",2016,3.62767481803894
"Nyandarua","Kinangop","North Kinangop",2017,5.2302393913269
"Nyandarua","Kinangop","North Kinangop",2018,15.6606302261353
"Nyandarua","Kinangop","North Kinangop",2019,12.6871852874756
"Nyandarua","Kinangop","North Kinangop",2020,15.0943117141724
"Nyandarua","Kinangop","North Kinangop",2021,22.5708389282227
"Nyandarua","Kinangop","North Kinangop",2022,31.2305641174316
"Nyandarua","Kinangop","North Kinangop",2023,33.925464630127
"Nyandarua","Kinangop","North Kinangop",2024,28.0769596099854
"Nyandarua","Kinangop","Nyakio",2012,0
"Nyandarua","Kinangop","Nyakio",2013,0
"Nyandarua","Kinangop","Nyakio",2014,0.516462981700897
"Nyandarua","Kinangop","Nyakio",2015,0
"Nyandarua","Kinangop","Nyakio",2016,6.04274797439575
"Nyandarua","Kinangop","Nyakio",2017,7.29716682434082
"Nyandarua","Kinangop","Nyakio",2018,7.23805713653564
"Nyandarua","Kinangop","Nyakio",2019,6.40014886856079
"Nyandarua","Kinangop","Nyakio",2020,4.88357782363892
"Nyandarua","Kinangop","Nyakio",2021,11.1124229431152
"Nyandarua","Kinangop","Nyakio",2022,40.6904754638672
"Nyandarua","Kinangop","Nyakio",2023,22.4401035308838
"Nyandarua","Kinangop","Nyakio",2024,48.1928100585938
"Nyandarua","Kipipiri","Geta",2012,0
"Nyandarua","Kipipiri","Geta",2013,0
"Nyandarua","Kipipiri","Geta",2014,0
"Nyandarua","Kipipiri","Geta",2015,1.35544085502625
"Nyandarua","Kipipiri","Geta",2016,2.42940807342529
"Nyandarua","Kipipiri","Geta",2017,16.1806087493896
"Nyandarua","Kipipiri","Geta",2018,20.2605152130127
"Nyandarua","Kipipiri","Geta",2019,18.3488178253174
"Nyandarua","Kipipiri","Geta",2020,4.33307647705078
"Nyandarua","Kipipiri","Geta",2021,6.93652153015137
"Nyandarua","Kipipiri","Geta",2022,15.5466499328613
"Nyandarua","Kipipiri","Geta",2023,12.801459312439
"Nyandarua","Kipipiri","Geta",2024,11.4770202636719
"Nyandarua","Kipipiri","Githioro",2012,20.978235244751
"Nyandarua","Kipipiri","Githioro",2013,62.8089294433594
"Nyandarua","Kipipiri","Githioro",2014,36.0260696411133
"Nyandarua","Kipipiri","Githioro",2015,0
"Nyandarua","Kipipiri","Githioro",2016,0.697087526321411
"Nyandarua","Kipipiri","Githioro",2017,4.2446117401123
"Nyandarua","Kipipiri","Githioro",2018,2.14781761169434
"Nyandarua","Kipipiri","Githioro",2019,1.2822744846344
"Nyandarua","Kipipiri","Githioro",2020,0
"Nyandarua","Kipipiri","Githioro",2021,1.4325065612793
"Nyandarua","Kipipiri","Githioro",2022,8.17721366882324
"Nyandarua","Kipipiri","Githioro",2023,9.48838138580322
"Nyandarua","Kipipiri","Githioro",2024,9.4613037109375
"Nyandarua","Kipipiri","Kipipiri",2012,0
"Nyandarua","Kipipiri","Kipipiri",2013,0.542209088802338
"Nyandarua","Kipipiri","Kipipiri",2014,0.507893025875092
"Nyandarua","Kipipiri","Kipipiri",2015,3.11283850669861
"Nyandarua","Kipipiri","Kipipiri",2016,2.76138377189636
"Nyandarua","Kipipiri","Kipipiri",2017,11.4074268341064
"Nyandarua","Kipipiri","Kipipiri",2018,19.9943542480469
"Nyandarua","Kipipiri","Kipipiri",2019,22.3072376251221
"Nyandarua","Kipipiri","Kipipiri",2020,12.707691192627
"Nyandarua","Kipipiri","Kipipiri",2021,6.16359233856201
"Nyandarua","Kipipiri","Kipipiri",2022,20.6750946044922
"Nyandarua","Kipipiri","Kipipiri",2023,21.7789344787598
"Nyandarua","Kipipiri","Kipipiri",2024,41.61083984375
"Nyandarua","Kipipiri","Wanjohi",2012,4.7070140838623
"Nyandarua","Kipipiri","Wanjohi",2013,7.81731510162354
"Nyandarua","Kipipiri","Wanjohi",2014,4.04381799697876
"Nyandarua","Kipipiri","Wanjohi",2015,4.21282291412354
"Nyandarua","Kipipiri","Wanjohi",2016,3.12991952896118
"Nyandarua","Kipipiri","Wanjohi",2017,11.2931690216064
"Nyandarua","Kipipiri","Wanjohi",2018,11.6924381256104
"Nyandarua","Kipipiri","Wanjohi",2019,11.2197723388672
"Nyandarua","Kipipiri","Wanjohi",2020,13.7089824676514
"Nyandarua","Kipipiri","Wanjohi",2021,19.968111038208
"Nyandarua","Kipipiri","Wanjohi",2022,35.3408584594727
"Nyandarua","Kipipiri","Wanjohi",2023,25.4934883117676
"Nyandarua","Kipipiri","Wanjohi",2024,48.6874008178711
"Nyandarua","Ndaragwa","Central",2012,0
"Nyandarua","Ndaragwa","Central",2013,0
"Nyandarua","Ndaragwa","Central",2014,0
"Nyandarua","Ndaragwa","Central",2015,4.43002033233643
"Nyandarua","Ndaragwa","Central",2016,3.95114755630493
"Nyandarua","Ndaragwa","Central",2017,6.94514560699463
"Nyandarua","Ndaragwa","Central",2018,18.6196727752686
"Nyandarua","Ndaragwa","Central",2019,18.1285457611084
"Nyandarua","Ndaragwa","Central",2020,11.6051216125488
"Nyandarua","Ndaragwa","Central",2021,14.2139453887939
"Nyandarua","Ndaragwa","Central",2022,16.9683952331543
"Nyandarua","Ndaragwa","Central",2023,17.571907043457
"Nyandarua","Ndaragwa","Central",2024,15.8061494827271
"Nyandarua","Ndaragwa","Kiriita",2012,2.16242504119873
"Nyandarua","Ndaragwa","Kiriita",2013,2.56253480911255
"Nyandarua","Ndaragwa","Kiriita",2014,4.4802508354187
"Nyandarua","Ndaragwa","Kiriita",2015,9.49209690093994
"Nyandarua","Ndaragwa","Kiriita",2016,5.94281435012817
"Nyandarua","Ndaragwa","Kiriita",2017,7.10000085830688
"Nyandarua","Ndaragwa","Kiriita",2018,11.4079532623291
"Nyandarua","Ndaragwa","Kiriita",2019,10.0506000518799
"Nyandarua","Ndaragwa","Kiriita",2020,8.57000732421875
"Nyandarua","Ndaragwa","Kiriita",2021,22.5257358551025
"Nyandarua","Ndaragwa","Kiriita",2022,42.2255630493164
"Nyandarua","Ndaragwa","Kiriita",2023,38.5551528930664
"Nyandarua","Ndaragwa","Kiriita",2024,46.2041320800781
"Nyandarua","Ndaragwa","Leshau/Pondo",2012,0
"Nyandarua","Ndaragwa","Leshau/Pondo",2013,0
"Nyandarua","Ndaragwa","Leshau/Pondo",2014,0
"Nyandarua","Ndaragwa","Leshau/Pondo",2015,0
"Nyandarua","Ndaragwa","Leshau/Pondo",2016,3.87440633773804
"Nyandarua","Ndaragwa","Leshau/Pondo",2017,5.10574293136597
"Nyandarua","Ndaragwa","Leshau/Pondo",2018,7.47569036483765
"Nyandarua","Ndaragwa","Leshau/Pondo",2019,9.60986709594727
"Nyandarua","Ndaragwa","Leshau/Pondo",2020,7.77631425857544
"Nyandarua","Ndaragwa","Leshau/Pondo",2021,4.88602304458618
"Nyandarua","Ndaragwa","Leshau/Pondo",2022,9.92413902282715
"Nyandarua","Ndaragwa","Leshau/Pondo",2023,13.8112030029297
"Nyandarua","Ndaragwa","Leshau/Pondo",2024,10.7735795974731
"Nyandarua","Ndaragwa","Shamata",2012,0
"Nyandarua","Ndaragwa","Shamata",2013,0
"Nyandarua","Ndaragwa","Shamata",2014,0
"Nyandarua","Ndaragwa","Shamata",2015,1.13316452503204
"Nyandarua","Ndaragwa","Shamata",2016,1.39012706279755
"Nyandarua","Ndaragwa","Shamata",2017,2.79481744766235
"Nyandarua","Ndaragwa","Shamata",2018,6.44791030883789
"Nyandarua","Ndaragwa","Shamata",2019,4.15605354309082
"Nyandarua","Ndaragwa","Shamata",2020,4.57229804992676
"Nyandarua","Ndaragwa","Shamata",2021,2.91544938087463
"Nyandarua","Ndaragwa","Shamata",2022,9.35661888122559
"Nyandarua","Ndaragwa","Shamata",2023,9.97717380523682
"Nyandarua","Ndaragwa","Shamata",2024,7.29371309280396
"Nyandarua","Ol Jorok","Charagita",2012,0
"Nyandarua","Ol Jorok","Charagita",2013,0
"Nyandarua","Ol Jorok","Charagita",2014,0
"Nyandarua","Ol Jorok","Charagita",2015,0
"Nyandarua","Ol Jorok","Charagita",2016,0.825012981891632
"Nyandarua","Ol Jorok","Charagita",2017,3.61143898963928
"Nyandarua","Ol Jorok","Charagita",2018,7.87892484664917
"Nyandarua","Ol Jorok","Charagita",2019,4.78496742248535
"Nyandarua","Ol Jorok","Charagita",2020,2.6612241268158
"Nyandarua","Ol Jorok","Charagita",2021,4.69406509399414
"Nyandarua","Ol Jorok","Charagita",2022,9.13581085205078
"Nyandarua","Ol Jorok","Charagita",2023,9.05224609375
"Nyandarua","Ol Jorok","Charagita",2024,12.4053974151611
"Nyandarua","Ol Jorok","Gathanji",2012,0
"Nyandarua","Ol Jorok","Gathanji",2013,0.182899370789528
"Nyandarua","Ol Jorok","Gathanji",2014,0.97620964050293
"Nyandarua","Ol Jorok","Gathanji",2015,0.00357127445749938
"Nyandarua","Ol Jorok","Gathanji",2016,0
"Nyandarua","Ol Jorok","Gathanji",2017,3.29139471054077
"Nyandarua","Ol Jorok","Gathanji",2018,8.810959815979
"Nyandarua","Ol Jorok","Gathanji",2019,3.7455370426178
"Nyandarua","Ol Jorok","Gathanji",2020,5.4695725440979
"Nyandarua","Ol Jorok","Gathanji",2021,7.2990026473999
"Nyandarua","Ol Jorok","Gathanji",2022,11.6279106140137
"Nyandarua","Ol Jorok","Gathanji",2023,14.6051921844482
"Nyandarua","Ol Jorok","Gathanji",2024,11.500714302063
"Nyandarua","Ol Jorok","Gatimu",2012,11.9318704605103
"Nyandarua","Ol Jorok","Gatimu",2013,15.7239828109741
"Nyandarua","Ol Jorok","Gatimu",2014,21.7755298614502
"Nyandarua","Ol Jorok","Gatimu",2015,35.5480194091797
"Nyandarua","Ol Jorok","Gatimu",2016,26.1263999938965
"Nyandarua","Ol Jorok","Gatimu",2017,34.3638305664062
"Nyandarua","Ol Jorok","Gatimu",2018,67.0380401611328
"Nyandarua","Ol Jorok","Gatimu",2019,54.1476211547852
"Nyandarua","Ol Jorok","Gatimu",2020,40.4838676452637
"Nyandarua","Ol Jorok","Gatimu",2021,58.4555969238281
"Nyandarua","Ol Jorok","Gatimu",2022,111.388656616211
"Nyandarua","Ol Jorok","Gatimu",2023,116.387672424316
"Nyandarua","Ol Jorok","Gatimu",2024,188.69026184082
"Nyandarua","Ol Jorok","Weru",2012,0.198983147740364
"Nyandarua","Ol Jorok","Weru",2013,0.221053317189217
"Nyandarua","Ol Jorok","Weru",2014,0.134357944130898
"Nyandarua","Ol Jorok","Weru",2015,12.8577146530151
"Nyandarua","Ol Jorok","Weru",2016,10.9162330627441
"Nyandarua","Ol Jorok","Weru",2017,20.9203224182129
"Nyandarua","Ol Jorok","Weru",2018,33.5287094116211
"Nyandarua","Ol Jorok","Weru",2019,38.0611572265625
"Nyandarua","Ol Jorok","Weru",2020,31.1939315795898
"Nyandarua","Ol Jorok","Weru",2021,37.7122802734375
"Nyandarua","Ol Jorok","Weru",2022,50.6988182067871
"Nyandarua","Ol Jorok","Weru",2023,48.3762474060059
"Nyandarua","Ol Jorok","Weru",2024,50.8565063476562
"Nyandarua","Ol Kalou","Kaimbaga",2012,6.49353837966919
"Nyandarua","Ol Kalou","Kaimbaga",2013,5.94075775146484
"Nyandarua","Ol Kalou","Kaimbaga",2014,8.21282291412354
"Nyandarua","Ol Kalou","Kaimbaga",2015,26.2704162597656
"Nyandarua","Ol Kalou","Kaimbaga",2016,30.9237613677979
"Nyandarua","Ol Kalou","Kaimbaga",2017,64.3289947509766
"Nyandarua","Ol Kalou","Kaimbaga",2018,78.0923919677734
"Nyandarua","Ol Kalou","Kaimbaga",2019,79.4623107910156
"Nyandarua","Ol Kalou","Kaimbaga",2020,74.3209838867188
"Nyandarua","Ol Kalou","Kaimbaga",2021,95.1664886474609
"Nyandarua","Ol Kalou","Kaimbaga",2022,122.933792114258
"Nyandarua","Ol Kalou","Kaimbaga",2023,110.961959838867
"Nyandarua","Ol Kalou","Kaimbaga",2024,118.141220092773
"Nyandarua","Ol Kalou","Kanjuiri Range",2012,0
"Nyandarua","Ol Kalou","Kanjuiri Range",2013,3.80474424362183
"Nyandarua","Ol Kalou","Kanjuiri Range",2014,2.67055439949036
"Nyandarua","Ol Kalou","Kanjuiri Range",2015,6.38001441955566
"Nyandarua","Ol Kalou","Kanjuiri Range",2016,4.77961349487305
"Nyandarua","Ol Kalou","Kanjuiri Range",2017,12.0363311767578
"Nyandarua","Ol Kalou","Kanjuiri Range",2018,10.6873006820679
"Nyandarua","Ol Kalou","Kanjuiri Range",2019,10.8159780502319
"Nyandarua","Ol Kalou","Kanjuiri Range",2020,10.4311952590942
"Nyandarua","Ol Kalou","Kanjuiri Range",2021,15.9334545135498
"Nyandarua","Ol Kalou","Kanjuiri Range",2022,30.6952781677246
"Nyandarua","Ol Kalou","Kanjuiri Range",2023,27.8142871856689
"Nyandarua","Ol Kalou","Kanjuiri Range",2024,28.0461139678955
"Nyandarua","Ol Kalou","Karau",2012,3.85089659690857
"Nyandarua","Ol Kalou","Karau",2013,3.97109651565552
"Nyandarua","Ol Kalou","Karau",2014,4.67928266525269
"Nyandarua","Ol Kalou","Karau",2015,8.8463191986084
"Nyandarua","Ol Kalou","Karau",2016,26.8923263549805
"Nyandarua","Ol Kalou","Karau",2017,57.7583808898926
"Nyandarua","Ol Kalou","Karau",2018,60.1761779785156
"Nyandarua","Ol Kalou","Karau",2019,65.2623672485352
"Nyandarua","Ol Kalou","Karau",2020,64.8491668701172
"Nyandarua","Ol Kalou","Karau",2021,80.7978668212891
"Nyandarua","Ol Kalou","Karau",2022,113.710090637207
"Nyandarua","Ol Kalou","Karau",2023,116.076210021973
"Nyandarua","Ol Kalou","Karau",2024,113.489585876465
"Nyandarua","Ol Kalou","Mirangine",2012,0.573618054389954
"Nyandarua","Ol Kalou","Mirangine",2013,1.10673379898071
"Nyandarua","Ol Kalou","Mirangine",2014,1.1498715877533
"Nyandarua","Ol Kalou","Mirangine",2015,1.88624405860901
"Nyandarua","Ol Kalou","Mirangine",2016,4.34118556976318
"Nyandarua","Ol Kalou","Mirangine",2017,6.70410060882568
"Nyandarua","Ol Kalou","Mirangine",2018,11.0655994415283
"Nyandarua","Ol Kalou","Mirangine",2019,8.70723628997803
"Nyandarua","Ol Kalou","Mirangine",2020,8.92515754699707
"Nyandarua","Ol Kalou","Mirangine",2021,14.1066513061523
"Nyandarua","Ol Kalou","Mirangine",2022,31.0124015808105
"Nyandarua","Ol Kalou","Mirangine",2023,24.2992362976074
"Nyandarua","Ol Kalou","Mirangine",2024,22.5700931549072
"Nyandarua","Ol Kalou","Rurii",2012,0.990866363048553
"Nyandarua","Ol Kalou","Rurii",2013,1.5133364200592
"Nyandarua","Ol Kalou","Rurii",2014,0.6557257771492
"Nyandarua","Ol Kalou","Rurii",2015,2.5749785900116
"Nyandarua","Ol Kalou","Rurii",2016,2.41182398796082
"Nyandarua","Ol Kalou","Rurii",2017,2.5721595287323
"Nyandarua","Ol Kalou","Rurii",2018,5.5211124420166
"Nyandarua","Ol Kalou","Rurii",2019,3.70355558395386
"Nyandarua","Ol Kalou","Rurii",2020,1.8650815486908
"Nyandarua","Ol Kalou","Rurii",2021,2.91728758811951
"Nyandarua","Ol Kalou","Rurii",2022,6.36561346054077
"Nyandarua","Ol Kalou","Rurii",2023,10.212721824646
"Nyandarua","Ol Kalou","Rurii",2024,16.4545917510986
"Nyeri","Kieni","Gakawa",2012,69.1028213500977
"Nyeri","Kieni","Gakawa",2013,81.6310195922852
"Nyeri","Kieni","Gakawa",2014,93.0789108276367
"Nyeri","Kieni","Gakawa",2015,114.281806945801
"Nyeri","Kieni","Gakawa",2016,118.982780456543
"Nyeri","Kieni","Gakawa",2017,172.174942016602
"Nyeri","Kieni","Gakawa",2018,217.748245239258
"Nyeri","Kieni","Gakawa",2019,232.642562866211
"Nyeri","Kieni","Gakawa",2020,178.726974487305
"Nyeri","Kieni","Gakawa",2021,197.42155456543
"Nyeri","Kieni","Gakawa",2022,262.668151855469
"Nyeri","Kieni","Gakawa",2023,263
"Nyeri","Kieni","Gakawa",2024,254.040618896484
"Nyeri","Kieni","Gatarakwa",2012,0
"Nyeri","Kieni","Gatarakwa",2013,0
"Nyeri","Kieni","Gatarakwa",2014,0
"Nyeri","Kieni","Gatarakwa",2015,0.931942045688629
"Nyeri","Kieni","Gatarakwa",2016,1.02245926856995
"Nyeri","Kieni","Gatarakwa",2017,2.01810932159424
"Nyeri","Kieni","Gatarakwa",2018,10.4735317230225
"Nyeri","Kieni","Gatarakwa",2019,14.7171392440796
"Nyeri","Kieni","Gatarakwa",2020,10.0366859436035
"Nyeri","Kieni","Gatarakwa",2021,12.9626274108887
"Nyeri","Kieni","Gatarakwa",2022,27.7431411743164
"Nyeri","Kieni","Gatarakwa",2023,20.2771511077881
"Nyeri","Kieni","Gatarakwa",2024,16.8980503082275
"Nyeri","Kieni","Kabaru",2012,1.31156694889069
"Nyeri","Kieni","Kabaru",2013,0.000615140656009316
"Nyeri","Kieni","Kabaru",2014,0
"Nyeri","Kieni","Kabaru",2015,0.675664663314819
"Nyeri","Kieni","Kabaru",2016,2.25143122673035
"Nyeri","Kieni","Kabaru",2017,0.55379444360733
"Nyeri","Kieni","Kabaru",2018,5.94211101531982
"Nyeri","Kieni","Kabaru",2019,13.3569602966309
"Nyeri","Kieni","Kabaru",2020,12.7701587677002
"Nyeri","Kieni","Kabaru",2021,18.8286972045898
"Nyeri","Kieni","Kabaru",2022,31.7032604217529
"Nyeri","Kieni","Kabaru",2023,30.5088367462158
"Nyeri","Kieni","Kabaru",2024,34.1008148193359
"Nyeri","Kieni","Mugunda",2012,0
"Nyeri","Kieni","Mugunda",2013,0
"Nyeri","Kieni","Mugunda",2014,0
"Nyeri","Kieni","Mugunda",2015,10.1791667938232
"Nyeri","Kieni","Mugunda",2016,10.0780324935913
"Nyeri","Kieni","Mugunda",2017,13.8620328903198
"Nyeri","Kieni","Mugunda",2018,29.6699810028076
"Nyeri","Kieni","Mugunda",2019,27.5941467285156
"Nyeri","Kieni","Mugunda",2020,24.1222801208496
"Nyeri","Kieni","Mugunda",2021,26.8916263580322
"Nyeri","Kieni","Mugunda",2022,36.0858039855957
"Nyeri","Kieni","Mugunda",2023,32.381217956543
"Nyeri","Kieni","Mugunda",2024,28.0672664642334
"Nyeri","Kieni","Mweiga",2012,26.2168045043945
"Nyeri","Kieni","Mweiga",2013,19.4270763397217
"Nyeri","Kieni","Mweiga",2014,47.5335311889648
"Nyeri","Kieni","Mweiga",2015,28.1553401947021
"Nyeri","Kieni","Mweiga",2016,21.4123878479004
"Nyeri","Kieni","Mweiga",2017,23.3067378997803
"Nyeri","Kieni","Mweiga",2018,30.3405303955078
"Nyeri","Kieni","Mweiga",2019,25.7840099334717
"Nyeri","Kieni","Mweiga",2020,24.4943943023682
"Nyeri","Kieni","Mweiga",2021,43.605712890625
"Nyeri","Kieni","Mweiga",2022,82.6518249511719
"Nyeri","Kieni","Mweiga",2023,98.6445846557617
"Nyeri","Kieni","Mweiga",2024,86.4887771606445
"Nyeri","Kieni","Mwiyogo/Endarasha",2012,1.69054698944092
"Nyeri","Kieni","Mwiyogo/Endarasha",2013,0.508110404014587
"Nyeri","Kieni","Mwiyogo/Endarasha",2014,1.6316534280777
"Nyeri","Kieni","Mwiyogo/Endarasha",2015,3.55692911148071
"Nyeri","Kieni","Mwiyogo/Endarasha",2016,11.5521450042725
"Nyeri","Kieni","Mwiyogo/Endarasha",2017,13.6625804901123
"Nyeri","Kieni","Mwiyogo/Endarasha",2018,18.7874546051025
"Nyeri","Kieni","Mwiyogo/Endarasha",2019,20.4349060058594
"Nyeri","Kieni","Mwiyogo/Endarasha",2020,15.4880838394165
"Nyeri","Kieni","Mwiyogo/Endarasha",2021,18.9240531921387
"Nyeri","Kieni","Mwiyogo/Endarasha",2022,33.7750968933105
"Nyeri","Kieni","Mwiyogo/Endarasha",2023,50.9805145263672
"Nyeri","Kieni","Mwiyogo/Endarasha",2024,41.4926223754883
"Nyeri","Kieni","Naromoru Kiamathaga",2012,54.4507637023926
"Nyeri","Kieni","Naromoru Kiamathaga",2013,51.5382614135742
"Nyeri","Kieni","Naromoru Kiamathaga",2014,38.0940704345703
"Nyeri","Kieni","Naromoru Kiamathaga",2015,47.4827346801758
"Nyeri","Kieni","Naromoru Kiamathaga",2016,47.2735404968262
"Nyeri","Kieni","Naromoru Kiamathaga",2017,57.4001655578613
"Nyeri","Kieni","Naromoru Kiamathaga",2018,76.2725067138672
"Nyeri","Kieni","Naromoru Kiamathaga",2019,74.1005706787109
"Nyeri","Kieni","Naromoru Kiamathaga",2020,55.8188591003418
"Nyeri","Kieni","Naromoru Kiamathaga",2021,73.5049133300781
"Nyeri","Kieni","Naromoru Kiamathaga",2022,80.1831665039062
"Nyeri","Kieni","Naromoru Kiamathaga",2023,93.7470245361328
"Nyeri","Kieni","Naromoru Kiamathaga",2024,113.946762084961
"Nyeri","Kieni","Thegu River",2012,18.2311992645264
"Nyeri","Kieni","Thegu River",2013,25.5770015716553
"Nyeri","Kieni","Thegu River",2014,31.4216060638428
"Nyeri","Kieni","Thegu River",2015,13.0481843948364
"Nyeri","Kieni","Thegu River",2016,22.7446479797363
"Nyeri","Kieni","Thegu River",2017,23.9557113647461
"Nyeri","Kieni","Thegu River",2018,32.5065231323242
"Nyeri","Kieni","Thegu River",2019,55.7311820983887
"Nyeri","Kieni","Thegu River",2020,36.2434768676758
"Nyeri","Kieni","Thegu River",2021,75.5740585327148
"Nyeri","Kieni","Thegu River",2022,178.115432739258
"Nyeri","Kieni","Thegu River",2023,181.851196289062
"Nyeri","Kieni","Thegu River",2024,166.038955688477
"Nyeri","Mathira","Iriaini",2012,4.07973623275757
"Nyeri","Mathira","Iriaini",2013,4.60300493240356
"Nyeri","Mathira","Iriaini",2014,10.6195964813232
"Nyeri","Mathira","Iriaini",2015,11.3120021820068
"Nyeri","Mathira","Iriaini",2016,10.2847347259521
"Nyeri","Mathira","Iriaini",2017,26.2211742401123
"Nyeri","Mathira","Iriaini",2018,37.1752738952637
"Nyeri","Mathira","Iriaini",2019,30.8787746429443
"Nyeri","Mathira","Iriaini",2020,26.4911212921143
"Nyeri","Mathira","Iriaini",2021,43.8689765930176
"Nyeri","Mathira","Iriaini",2022,115.819862365723
"Nyeri","Mathira","Iriaini",2023,103.41438293457
"Nyeri","Mathira","Iriaini",2024,116.323585510254
"Nyeri","Mathira","Karatina Town",2012,12.2829914093018
"Nyeri","Mathira","Karatina Town",2013,15.3030385971069
"Nyeri","Mathira","Karatina Town",2014,15.445442199707
"Nyeri","Mathira","Karatina Town",2015,23.9640712738037
"Nyeri","Mathira","Karatina Town",2016,33.0399932861328
"Nyeri","Mathira","Karatina Town",2017,50.6923408508301
"Nyeri","Mathira","Karatina Town",2018,58.1245079040527
"Nyeri","Mathira","Karatina Town",2019,48.6251449584961
"Nyeri","Mathira","Karatina Town",2020,36.4507789611816
"Nyeri","Mathira","Karatina Town",2021,43.783390045166
"Nyeri","Mathira","Karatina Town",2022,78.3282241821289
"Nyeri","Mathira","Karatina Town",2023,92.660888671875
"Nyeri","Mathira","Karatina Town",2024,113.655311584473
"Nyeri","Mathira","Kirimukuyu",2012,6.31009531021118
"Nyeri","Mathira","Kirimukuyu",2013,4.3864049911499
"Nyeri","Mathira","Kirimukuyu",2014,12.6051111221313
"Nyeri","Mathira","Kirimukuyu",2015,9.13471984863281
"Nyeri","Mathira","Kirimukuyu",2016,6.40632343292236
"Nyeri","Mathira","Kirimukuyu",2017,16.0041198730469
"Nyeri","Mathira","Kirimukuyu",2018,20.3283023834229
"Nyeri","Mathira","Kirimukuyu",2019,12.1177263259888
"Nyeri","Mathira","Kirimukuyu",2020,16.2033805847168
"Nyeri","Mathira","Kirimukuyu",2021,30.2643718719482
"Nyeri","Mathira","Kirimukuyu",2022,131.672821044922
"Nyeri","Mathira","Kirimukuyu",2023,121.053085327148
"Nyeri","Mathira","Kirimukuyu",2024,120.025596618652
"Nyeri","Mathira","Konyu",2012,26.1665000915527
"Nyeri","Mathira","Konyu",2013,34.4215316772461
"Nyeri","Mathira","Konyu",2014,37.9168663024902
"Nyeri","Mathira","Konyu",2015,49.3325309753418
"Nyeri","Mathira","Konyu",2016,73.5925674438477
"Nyeri","Mathira","Konyu",2017,86.4143981933594
"Nyeri","Mathira","Konyu",2018,96.5551605224609
"Nyeri","Mathira","Konyu",2019,97.0281295776367
"Nyeri","Mathira","Konyu",2020,80.5560455322266
"Nyeri","Mathira","Konyu",2021,88.3201751708984
"Nyeri","Mathira","Konyu",2022,149.697448730469
"Nyeri","Mathira","Konyu",2023,160.990127563477
"Nyeri","Mathira","Konyu",2024,188.801574707031
"Nyeri","Mathira","Magutu",2012,0.676760077476501
"Nyeri","Mathira","Magutu",2013,0.180844977498055
"Nyeri","Mathira","Magutu",2014,2.09411811828613
"Nyeri","Mathira","Magutu",2015,9.91862010955811
"Nyeri","Mathira","Magutu",2016,7.84170722961426
"Nyeri","Mathira","Magutu",2017,23.3808155059814
"Nyeri","Mathira","Magutu",2018,41.1642189025879
"Nyeri","Mathira","Magutu",2019,24.2839374542236
"Nyeri","Mathira","Magutu",2020,23.918270111084
"Nyeri","Mathira","Magutu",2021,31.7587051391602
"Nyeri","Mathira","Magutu",2022,68.342399597168
"Nyeri","Mathira","Magutu",2023,56.7454299926758
"Nyeri","Mathira","Magutu",2024,97.2248764038086
"Nyeri","Mathira","Ruguru",2012,4.35052251815796
"Nyeri","Mathira","Ruguru",2013,3.83106660842896
"Nyeri","Mathira","Ruguru",2014,10.3852987289429
"Nyeri","Mathira","Ruguru",2015,5.72188186645508
"Nyeri","Mathira","Ruguru",2016,35.9404182434082
"Nyeri","Mathira","Ruguru",2017,55.4557495117188
"Nyeri","Mathira","Ruguru",2018,53.1998291015625
"Nyeri","Mathira","Ruguru",2019,34.7779083251953
"Nyeri","Mathira","Ruguru",2020,39.7974014282227
"Nyeri","Mathira","Ruguru",2021,39.4430770874023
"Nyeri","Mathira","Ruguru",2022,78.229248046875
"Nyeri","Mathira","Ruguru",2023,98.9741516113281
"Nyeri","Mathira","Ruguru",2024,96.8511505126953
"Nyeri","Mukurweini","Gikondi",2012,0.254385650157928
"Nyeri","Mukurweini","Gikondi",2013,0.0710245370864868
"Nyeri","Mukurweini","Gikondi",2014,1.39490377902985
"Nyeri","Mukurweini","Gikondi",2015,2.88394927978516
"Nyeri","Mukurweini","Gikondi",2016,10.4460439682007
"Nyeri","Mukurweini","Gikondi",2017,23.416955947876
"Nyeri","Mukurweini","Gikondi",2018,16.8126125335693
"Nyeri","Mukurweini","Gikondi",2019,23.59326171875
"Nyeri","Mukurweini","Gikondi",2020,17.9403190612793
"Nyeri","Mukurweini","Gikondi",2021,26.410587310791
"Nyeri","Mukurweini","Gikondi",2022,96.5335159301758
"Nyeri","Mukurweini","Gikondi",2023,84.4776000976562
"Nyeri","Mukurweini","Gikondi",2024,88.1064300537109
"Nyeri","Mukurweini","Mukurwe-Ini Central",2012,7.58054971694946
"Nyeri","Mukurweini","Mukurwe-Ini Central",2013,4.44219207763672
"Nyeri","Mukurweini","Mukurwe-Ini Central",2014,11.9189453125
"Nyeri","Mukurweini","Mukurwe-Ini Central",2015,16.952428817749
"Nyeri","Mukurweini","Mukurwe-Ini Central",2016,18.9877452850342
"Nyeri","Mukurweini","Mukurwe-Ini Central",2017,25.5112152099609
"Nyeri","Mukurweini","Mukurwe-Ini Central",2018,26.9731407165527
"Nyeri","Mukurweini","Mukurwe-Ini Central",2019,34.1378288269043
"Nyeri","Mukurweini","Mukurwe-Ini Central",2020,29.9022006988525
"Nyeri","Mukurweini","Mukurwe-Ini Central",2021,45.4669075012207
"Nyeri","Mukurweini","Mukurwe-Ini Central",2022,108.690895080566
"Nyeri","Mukurweini","Mukurwe-Ini Central",2023,117.510665893555
"Nyeri","Mukurweini","Mukurwe-Ini Central",2024,133.762176513672
"Nyeri","Mukurweini","Mukurwe-Ini West",2012,2.67364573478699
"Nyeri","Mukurweini","Mukurwe-Ini West",2013,1.76587247848511
"Nyeri","Mukurweini","Mukurwe-Ini West",2014,5.46465349197388
"Nyeri","Mukurweini","Mukurwe-Ini West",2015,0
"Nyeri","Mukurweini","Mukurwe-Ini West",2016,1.10384464263916
"Nyeri","Mukurweini","Mukurwe-Ini West",2017,8.489670753479
"Nyeri","Mukurweini","Mukurwe-Ini West",2018,6.7570595741272
"Nyeri","Mukurweini","Mukurwe-Ini West",2019,8.94063663482666
"Nyeri","Mukurweini","Mukurwe-Ini West",2020,10.9060573577881
"Nyeri","Mukurweini","Mukurwe-Ini West",2021,25.2695751190186
"Nyeri","Mukurweini","Mukurwe-Ini West",2022,91.4403076171875
"Nyeri","Mukurweini","Mukurwe-Ini West",2023,105.861946105957
"Nyeri","Mukurweini","Mukurwe-Ini West",2024,98.1852188110352
"Nyeri","Mukurweini","Rugi",2012,0
"Nyeri","Mukurweini","Rugi",2013,0
"Nyeri","Mukurweini","Rugi",2014,1.30690693855286
"Nyeri","Mukurweini","Rugi",2015,0.848615825176239
"Nyeri","Mukurweini","Rugi",2016,0
"Nyeri","Mukurweini","Rugi",2017,5.88140201568604
"Nyeri","Mukurweini","Rugi",2018,8.77215385437012
"Nyeri","Mukurweini","Rugi",2019,23.2389335632324
"Nyeri","Mukurweini","Rugi",2020,17.1119346618652
"Nyeri","Mukurweini","Rugi",2021,31.29274559021
"Nyeri","Mukurweini","Rugi",2022,72.610107421875
"Nyeri","Mukurweini","Rugi",2023,46.6132507324219
"Nyeri","Mukurweini","Rugi",2024,65.7066802978516
"Nyeri","Nyeri Town","Gatitu/Muruguru",2012,20.4455966949463
"Nyeri","Nyeri Town","Gatitu/Muruguru",2013,22.581974029541
"Nyeri","Nyeri Town","Gatitu/Muruguru",2014,31.8219432830811
"Nyeri","Nyeri Town","Gatitu/Muruguru",2015,56.8486175537109
"Nyeri","Nyeri Town","Gatitu/Muruguru",2016,81.6969757080078
"Nyeri","Nyeri Town","Gatitu/Muruguru",2017,101.115097045898
"Nyeri","Nyeri Town","Gatitu/Muruguru",2018,95.315788269043
"Nyeri","Nyeri Town","Gatitu/Muruguru",2019,122.342178344727
"Nyeri","Nyeri Town","Gatitu/Muruguru",2020,121.405639648438
"Nyeri","Nyeri Town","Gatitu/Muruguru",2021,162.237075805664
"Nyeri","Nyeri Town","Gatitu/Muruguru",2022,245.250961303711
"Nyeri","Nyeri Town","Gatitu/Muruguru",2023,251.486679077148
"Nyeri","Nyeri Town","Gatitu/Muruguru",2024,243.177124023438
"Nyeri","Nyeri Town","Kamakwa/Mukaro",2012,88.4038391113281
"Nyeri","Nyeri Town","Kamakwa/Mukaro",2013,80.8334121704102
"Nyeri","Nyeri Town","Kamakwa/Mukaro",2014,101.163177490234
"Nyeri","Nyeri Town","Kamakwa/Mukaro",2015,178.164306640625
"Nyeri","Nyeri Town","Kamakwa/Mukaro",2016,235.033569335938
"Nyeri","Nyeri Town","Kamakwa/Mukaro",2017,229.895095825195
"Nyeri","Nyeri Town","Kamakwa/Mukaro",2018,224.293563842773
"Nyeri","Nyeri Town","Kamakwa/Mukaro",2019,238.779754638672
"Nyeri","Nyeri Town","Kamakwa/Mukaro",2020,205.94856262207
"Nyeri","Nyeri Town","Kamakwa/Mukaro",2021,221.064422607422
"Nyeri","Nyeri Town","Kamakwa/Mukaro",2022,281.985900878906
"Nyeri","Nyeri Town","Kamakwa/Mukaro",2023,306.023803710938
"Nyeri","Nyeri Town","Kamakwa/Mukaro",2024,356.097198486328
"Nyeri","Nyeri Town","Kiganjo/Mathari",2012,61.0742530822754
"Nyeri","Nyeri Town","Kiganjo/Mathari",2013,51.2830543518066
"Nyeri","Nyeri Town","Kiganjo/Mathari",2014,72.1028289794922
"Nyeri","Nyeri Town","Kiganjo/Mathari",2015,89.2338562011719
"Nyeri","Nyeri Town","Kiganjo/Mathari",2016,122.85530090332
"Nyeri","Nyeri Town","Kiganjo/Mathari",2017,150.92658996582
"Nyeri","Nyeri Town","Kiganjo/Mathari",2018,165.865631103516
"Nyeri","Nyeri Town","Kiganjo/Mathari",2019,197.597091674805
"Nyeri","Nyeri Town","Kiganjo/Mathari",2020,139.326553344727
"Nyeri","Nyeri Town","Kiganjo/Mathari",2021,199.588302612305
"Nyeri","Nyeri Town","Kiganjo/Mathari",2022,339.477600097656
"Nyeri","Nyeri Town","Kiganjo/Mathari",2023,353.466186523438
"Nyeri","Nyeri Town","Kiganjo/Mathari",2024,344.543731689453
"Nyeri","Nyeri Town","Ruring'U",2012,57.273265838623
"Nyeri","Nyeri Town","Ruring'U",2013,55.2365760803223
"Nyeri","Nyeri Town","Ruring'U",2014,69.7388076782227
"Nyeri","Nyeri Town","Ruring'U",2015,114.426414489746
"Nyeri","Nyeri Town","Ruring'U",2016,124.705001831055
"Nyeri","Nyeri Town","Ruring'U",2017,152.660461425781
"Nyeri","Nyeri Town","Ruring'U",2018,165.228759765625
"Nyeri","Nyeri Town","Ruring'U",2019,204.347732543945
"Nyeri","Nyeri Town","Ruring'U",2020,191.181335449219
"Nyeri","Nyeri Town","Ruring'U",2021,248.631225585938
"Nyeri","Nyeri Town","Ruring'U",2022,324.622375488281
"Nyeri","Nyeri Town","Ruring'U",2023,349.966217041016
"Nyeri","Nyeri Town","Ruring'U",2024,381.388610839844
"Nyeri","Nyeri Town","Rware",2012,135.584106445312
"Nyeri","Nyeri Town","Rware",2013,141.606964111328
"Nyeri","Nyeri Town","Rware",2014,162.087692260742
"Nyeri","Nyeri Town","Rware",2015,277.478332519531
"Nyeri","Nyeri Town","Rware",2016,345.055450439453
"Nyeri","Nyeri Town","Rware",2017,331.39306640625
"Nyeri","Nyeri Town","Rware",2018,325.195159912109
"Nyeri","Nyeri Town","Rware",2019,352.337463378906
"Nyeri","Nyeri Town","Rware",2020,292.606384277344
"Nyeri","Nyeri Town","Rware",2021,306.178466796875
"Nyeri","Nyeri Town","Rware",2022,347.788177490234
"Nyeri","Nyeri Town","Rware",2023,353.064910888672
"Nyeri","Nyeri Town","Rware",2024,351.258972167969
"Nyeri","Othaya","Chinga",2012,6.46695518493652
"Nyeri","Othaya","Chinga",2013,4.43017530441284
"Nyeri","Othaya","Chinga",2014,10.3797521591187
"Nyeri","Othaya","Chinga",2015,4.20713949203491
"Nyeri","Othaya","Chinga",2016,3.02621531486511
"Nyeri","Othaya","Chinga",2017,3.61322903633118
"Nyeri","Othaya","Chinga",2018,6.19216775894165
"Nyeri","Othaya","Chinga",2019,7.80573129653931
"Nyeri","Othaya","Chinga",2020,2.71376323699951
"Nyeri","Othaya","Chinga",2021,19.7260303497314
"Nyeri","Othaya","Chinga",2022,75.9601058959961
"Nyeri","Othaya","Chinga",2023,69.4828796386719
"Nyeri","Othaya","Chinga",2024,72.9538726806641
"Nyeri","Othaya","Iria-Ini",2012,15.7163457870483
"Nyeri","Othaya","Iria-Ini",2013,14.9518585205078
"Nyeri","Othaya","Iria-Ini",2014,28.4458351135254
"Nyeri","Othaya","Iria-Ini",2015,32.8227844238281
"Nyeri","Othaya","Iria-Ini",2016,32.2688407897949
"Nyeri","Othaya","Iria-Ini",2017,34.2751274108887
"Nyeri","Othaya","Iria-Ini",2018,40.4026222229004
"Nyeri","Othaya","Iria-Ini",2019,42.9785919189453
"Nyeri","Othaya","Iria-Ini",2020,37.8159790039062
"Nyeri","Othaya","Iria-Ini",2021,75.047119140625
"Nyeri","Othaya","Iria-Ini",2022,188.472900390625
"Nyeri","Othaya","Iria-Ini",2023,186.31298828125
"Nyeri","Othaya","Iria-Ini",2024,152.458267211914
"Nyeri","Othaya","Karima",2012,8.09563541412354
"Nyeri","Othaya","Karima",2013,12.3837022781372
"Nyeri","Othaya","Karima",2014,34.5427589416504
"Nyeri","Othaya","Karima",2015,27.5612754821777
"Nyeri","Othaya","Karima",2016,28.808687210083
"Nyeri","Othaya","Karima",2017,36.1257629394531
"Nyeri","Othaya","Karima",2018,42.0433197021484
"Nyeri","Othaya","Karima",2019,39.1122894287109
"Nyeri","Othaya","Karima",2020,31.5895080566406
"Nyeri","Othaya","Karima",2021,53.657054901123
"Nyeri","Othaya","Karima",2022,136.387847900391
"Nyeri","Othaya","Karima",2023,151.975463867188
"Nyeri","Othaya","Karima",2024,130.838790893555
"Nyeri","Othaya","Mahiga",2012,0
"Nyeri","Othaya","Mahiga",2013,0.507439315319061
"Nyeri","Othaya","Mahiga",2014,1.14490449428558
"Nyeri","Othaya","Mahiga",2015,1.67463064193726
"Nyeri","Othaya","Mahiga",2016,0.519012928009033
"Nyeri","Othaya","Mahiga",2017,2.83279824256897
"Nyeri","Othaya","Mahiga",2018,7.90673446655273
"Nyeri","Othaya","Mahiga",2019,8.87082576751709
"Nyeri","Othaya","Mahiga",2020,11.7982530593872
"Nyeri","Othaya","Mahiga",2021,44.1228218078613
"Nyeri","Othaya","Mahiga",2022,125.624855041504
"Nyeri","Othaya","Mahiga",2023,138.129837036133
"Nyeri","Othaya","Mahiga",2024,136.374755859375
"Nyeri","Tetu","Aguthi-Gaaki",2012,10.9717321395874
"Nyeri","Tetu","Aguthi-Gaaki",2013,9.88641452789307
"Nyeri","Tetu","Aguthi-Gaaki",2014,11.8895072937012
"Nyeri","Tetu","Aguthi-Gaaki",2015,9.39248371124268
"Nyeri","Tetu","Aguthi-Gaaki",2016,9.55549049377441
"Nyeri","Tetu","Aguthi-Gaaki",2017,11.9470224380493
"Nyeri","Tetu","Aguthi-Gaaki",2018,14.7449598312378
"Nyeri","Tetu","Aguthi-Gaaki",2019,42.2759246826172
"Nyeri","Tetu","Aguthi-Gaaki",2020,35.9240226745605
"Nyeri","Tetu","Aguthi-Gaaki",2021,61.6517791748047
"Nyeri","Tetu","Aguthi-Gaaki",2022,139.168029785156
"Nyeri","Tetu","Aguthi-Gaaki",2023,156.309936523438
"Nyeri","Tetu","Aguthi-Gaaki",2024,152.561386108398
"Nyeri","Tetu","Dedan Kimanthi",2012,0
"Nyeri","Tetu","Dedan Kimanthi",2013,0
"Nyeri","Tetu","Dedan Kimanthi",2014,1.33475983142853
"Nyeri","Tetu","Dedan Kimanthi",2015,0
"Nyeri","Tetu","Dedan Kimanthi",2016,0
"Nyeri","Tetu","Dedan Kimanthi",2017,0.755082130432129
"Nyeri","Tetu","Dedan Kimanthi",2018,4.31193208694458
"Nyeri","Tetu","Dedan Kimanthi",2019,6.17907381057739
"Nyeri","Tetu","Dedan Kimanthi",2020,6.40789842605591
"Nyeri","Tetu","Dedan Kimanthi",2021,28.7843456268311
"Nyeri","Tetu","Dedan Kimanthi",2022,88.8821640014648
"Nyeri","Tetu","Dedan Kimanthi",2023,156.349945068359
"Nyeri","Tetu","Dedan Kimanthi",2024,221.965454101562
"Nyeri","Tetu","Wamagana",2012,3.44789981842041
"Nyeri","Tetu","Wamagana",2013,4.36967849731445
"Nyeri","Tetu","Wamagana",2014,9.59037113189697
"Nyeri","Tetu","Wamagana",2015,12.6236734390259
"Nyeri","Tetu","Wamagana",2016,7.58463478088379
"Nyeri","Tetu","Wamagana",2017,13.3354911804199
"Nyeri","Tetu","Wamagana",2018,10.923023223877
"Nyeri","Tetu","Wamagana",2019,29.4867305755615
"Nyeri","Tetu","Wamagana",2020,30.7088375091553
"Nyeri","Tetu","Wamagana",2021,94.782341003418
"Nyeri","Tetu","Wamagana",2022,209.287689208984
"Nyeri","Tetu","Wamagana",2023,246.14582824707
"Nyeri","Tetu","Wamagana",2024,241.384582519531
"Samburu","Samburu East","Wamba East",2012,2.80740904808044
"Samburu","Samburu East","Wamba East",2013,1.16860175132751
"Samburu","Samburu East","Wamba East",2014,1.33675670623779
"Samburu","Samburu East","Wamba East",2015,3.67566347122192
"Samburu","Samburu East","Wamba East",2016,1.83860278129578
"Samburu","Samburu East","Wamba East",2017,2.61961913108826
"Samburu","Samburu East","Wamba East",2018,2.44979190826416
"Samburu","Samburu East","Wamba East",2019,3.02834463119507
"Samburu","Samburu East","Wamba East",2020,18.571605682373
"Samburu","Samburu East","Wamba East",2021,31.2426433563232
"Samburu","Samburu East","Wamba East",2022,36.8214302062988
"Samburu","Samburu East","Wamba East",2023,56.2869529724121
"Samburu","Samburu East","Wamba East",2024,24.3034706115723
"Samburu","Samburu East","Wamba North",2012,0
"Samburu","Samburu East","Wamba North",2013,0
"Samburu","Samburu East","Wamba North",2014,0
"Samburu","Samburu East","Wamba North",2015,0
"Samburu","Samburu East","Wamba North",2016,0
"Samburu","Samburu East","Wamba North",2017,0
"Samburu","Samburu East","Wamba North",2018,0
"Samburu","Samburu East","Wamba North",2019,0
"Samburu","Samburu East","Wamba North",2020,0
"Samburu","Samburu East","Wamba North",2021,0
"Samburu","Samburu East","Wamba North",2022,0
"Samburu","Samburu East","Wamba North",2023,0
"Samburu","Samburu East","Wamba North",2024,0
"Samburu","Samburu East","Wamba West",2012,0
"Samburu","Samburu East","Wamba West",2013,0
"Samburu","Samburu East","Wamba West",2014,0
"Samburu","Samburu East","Wamba West",2015,0
"Samburu","Samburu East","Wamba West",2016,0
"Samburu","Samburu East","Wamba West",2017,0
"Samburu","Samburu East","Wamba West",2018,0
"Samburu","Samburu East","Wamba West",2019,0
"Samburu","Samburu East","Wamba West",2020,0
"Samburu","Samburu East","Wamba West",2021,0
"Samburu","Samburu East","Wamba West",2022,0
"Samburu","Samburu East","Wamba West",2023,0
"Samburu","Samburu East","Wamba West",2024,0
"Samburu","Samburu East","Waso",2012,0.355962187051773
"Samburu","Samburu East","Waso",2013,0.429582685232162
"Samburu","Samburu East","Waso",2014,0.661013007164001
"Samburu","Samburu East","Waso",2015,8.25686836242676
"Samburu","Samburu East","Waso",2016,10.6870365142822
"Samburu","Samburu East","Waso",2017,8.18441295623779
"Samburu","Samburu East","Waso",2018,5.60419797897339
"Samburu","Samburu East","Waso",2019,4.01328992843628
"Samburu","Samburu East","Waso",2020,8.60475635528564
"Samburu","Samburu East","Waso",2021,22.6331634521484
"Samburu","Samburu East","Waso",2022,48.8813972473145
"Samburu","Samburu East","Waso",2023,37.6941757202148
"Samburu","Samburu East","Waso",2024,22.3404369354248
"Samburu","Samburu North","Angata Nanyokie",2012,0
"Samburu","Samburu North","Angata Nanyokie",2013,0
"Samburu","Samburu North","Angata Nanyokie",2014,0
"Samburu","Samburu North","Angata Nanyokie",2015,0
"Samburu","Samburu North","Angata Nanyokie",2016,0
"Samburu","Samburu North","Angata Nanyokie",2017,0
"Samburu","Samburu North","Angata Nanyokie",2018,0
"Samburu","Samburu North","Angata Nanyokie",2019,0
"Samburu","Samburu North","Angata Nanyokie",2020,0
"Samburu","Samburu North","Angata Nanyokie",2021,0
"Samburu","Samburu North","Angata Nanyokie",2022,0
"Samburu","Samburu North","Angata Nanyokie",2023,0
"Samburu","Samburu North","Angata Nanyokie",2024,0
"Samburu","Samburu North","Baawa",2012,0
"Samburu","Samburu North","Baawa",2013,0
"Samburu","Samburu North","Baawa",2014,0
"Samburu","Samburu North","Baawa",2015,0
"Samburu","Samburu North","Baawa",2016,0
"Samburu","Samburu North","Baawa",2017,0
"Samburu","Samburu North","Baawa",2018,0
"Samburu","Samburu North","Baawa",2019,0
"Samburu","Samburu North","Baawa",2020,0
"Samburu","Samburu North","Baawa",2021,0
"Samburu","Samburu North","Baawa",2022,0
"Samburu","Samburu North","Baawa",2023,0
"Samburu","Samburu North","Baawa",2024,0
"Samburu","Samburu North","El-Barta",2012,0
"Samburu","Samburu North","El-Barta",2013,0
"Samburu","Samburu North","El-Barta",2014,0.523879528045654
"Samburu","Samburu North","El-Barta",2015,0
"Samburu","Samburu North","El-Barta",2016,0.506290256977081
"Samburu","Samburu North","El-Barta",2017,0
"Samburu","Samburu North","El-Barta",2018,19.1214656829834
"Samburu","Samburu North","El-Barta",2019,33.1527481079102
"Samburu","Samburu North","El-Barta",2020,30.3149147033691
"Samburu","Samburu North","El-Barta",2021,20.3740711212158
"Samburu","Samburu North","El-Barta",2022,26.4172782897949
"Samburu","Samburu North","El-Barta",2023,27.5497779846191
"Samburu","Samburu North","El-Barta",2024,35.9416809082031
"Samburu","Samburu North","Nachola",2012,0
"Samburu","Samburu North","Nachola",2013,0
"Samburu","Samburu North","Nachola",2014,0
"Samburu","Samburu North","Nachola",2015,0
"Samburu","Samburu North","Nachola",2016,0
"Samburu","Samburu North","Nachola",2017,0
"Samburu","Samburu North","Nachola",2018,1.94800686836243
"Samburu","Samburu North","Nachola",2019,1.29387140274048
"Samburu","Samburu North","Nachola",2020,1.48309218883514
"Samburu","Samburu North","Nachola",2021,1.30023789405823
"Samburu","Samburu North","Nachola",2022,1.98802495002747
"Samburu","Samburu North","Nachola",2023,0
"Samburu","Samburu North","Nachola",2024,0.529307544231415
"Samburu","Samburu North","Ndoto",2012,0
"Samburu","Samburu North","Ndoto",2013,0
"Samburu","Samburu North","Ndoto",2014,0
"Samburu","Samburu North","Ndoto",2015,0
"Samburu","Samburu North","Ndoto",2016,0
"Samburu","Samburu North","Ndoto",2017,0
"Samburu","Samburu North","Ndoto",2018,0
"Samburu","Samburu North","Ndoto",2019,0
"Samburu","Samburu North","Ndoto",2020,0
"Samburu","Samburu North","Ndoto",2021,0
"Samburu","Samburu North","Ndoto",2022,0
"Samburu","Samburu North","Ndoto",2023,0
"Samburu","Samburu North","Ndoto",2024,0
"Samburu","Samburu North","Nyiro",2012,2.37407064437866
"Samburu","Samburu North","Nyiro",2013,5.78022384643555
"Samburu","Samburu North","Nyiro",2014,5.20057106018066
"Samburu","Samburu North","Nyiro",2015,2.88491749763489
"Samburu","Samburu North","Nyiro",2016,6.67614459991455
"Samburu","Samburu North","Nyiro",2017,4.54233980178833
"Samburu","Samburu North","Nyiro",2018,0
"Samburu","Samburu North","Nyiro",2019,0
"Samburu","Samburu North","Nyiro",2020,1.11917281150818
"Samburu","Samburu North","Nyiro",2021,3.40061736106873
"Samburu","Samburu North","Nyiro",2022,4.66184997558594
"Samburu","Samburu North","Nyiro",2023,11.6198740005493
"Samburu","Samburu North","Nyiro",2024,1.33877277374268
"Samburu","Samburu West","Lodokejek",2012,0
"Samburu","Samburu West","Lodokejek",2013,0
"Samburu","Samburu West","Lodokejek",2014,0
"Samburu","Samburu West","Lodokejek",2015,0
"Samburu","Samburu West","Lodokejek",2016,0
"Samburu","Samburu West","Lodokejek",2017,0
"Samburu","Samburu West","Lodokejek",2018,0
"Samburu","Samburu West","Lodokejek",2019,0
"Samburu","Samburu West","Lodokejek",2020,0
"Samburu","Samburu West","Lodokejek",2021,17.7475070953369
"Samburu","Samburu West","Lodokejek",2022,22.1331901550293
"Samburu","Samburu West","Lodokejek",2023,17.7569637298584
"Samburu","Samburu West","Lodokejek",2024,21.8358879089355
"Samburu","Samburu West","Loosuk",2012,0
"Samburu","Samburu West","Loosuk",2013,0
"Samburu","Samburu West","Loosuk",2014,0
"Samburu","Samburu West","Loosuk",2015,0
"Samburu","Samburu West","Loosuk",2016,0
"Samburu","Samburu West","Loosuk",2017,0
"Samburu","Samburu West","Loosuk",2018,0
"Samburu","Samburu West","Loosuk",2019,0
"Samburu","Samburu West","Loosuk",2020,0
"Samburu","Samburu West","Loosuk",2021,0
"Samburu","Samburu West","Loosuk",2022,2.68600606918335
"Samburu","Samburu West","Loosuk",2023,5.8736629486084
"Samburu","Samburu West","Loosuk",2024,8.88635635375977
"Samburu","Samburu West","Maralal",2012,19.9599113464355
"Samburu","Samburu West","Maralal",2013,23.8626556396484
"Samburu","Samburu West","Maralal",2014,27.141565322876
"Samburu","Samburu West","Maralal",2015,142.202346801758
"Samburu","Samburu West","Maralal",2016,208.687103271484
"Samburu","Samburu West","Maralal",2017,205.43424987793
"Samburu","Samburu West","Maralal",2018,229.340270996094
"Samburu","Samburu West","Maralal",2019,278.037292480469
"Samburu","Samburu West","Maralal",2020,246.286819458008
"Samburu","Samburu West","Maralal",2021,281.865600585938
"Samburu","Samburu West","Maralal",2022,284.067291259766
"Samburu","Samburu West","Maralal",2023,240.544006347656
"Samburu","Samburu West","Maralal",2024,174.087905883789
"Samburu","Samburu West","Poro",2012,0
"Samburu","Samburu West","Poro",2013,0
"Samburu","Samburu West","Poro",2014,0
"Samburu","Samburu West","Poro",2015,0
"Samburu","Samburu West","Poro",2016,0
"Samburu","Samburu West","Poro",2017,0
"Samburu","Samburu West","Poro",2018,0
"Samburu","Samburu West","Poro",2019,0
"Samburu","Samburu West","Poro",2020,0
"Samburu","Samburu West","Poro",2021,0.767397046089172
"Samburu","Samburu West","Poro",2022,1.94128787517548
"Samburu","Samburu West","Poro",2023,9.68449974060059
"Samburu","Samburu West","Poro",2024,8.70343971252441
"Samburu","Samburu West","Suguta Marmar",2012,0
"Samburu","Samburu West","Suguta Marmar",2013,0
"Samburu","Samburu West","Suguta Marmar",2014,0
"Samburu","Samburu West","Suguta Marmar",2015,0
"Samburu","Samburu West","Suguta Marmar",2016,0
"Samburu","Samburu West","Suguta Marmar",2017,0
"Samburu","Samburu West","Suguta Marmar",2018,0
"Samburu","Samburu West","Suguta Marmar",2019,0
"Samburu","Samburu West","Suguta Marmar",2020,0
"Samburu","Samburu West","Suguta Marmar",2021,0.10205901414156
"Samburu","Samburu West","Suguta Marmar",2022,0.32134422659874
"Samburu","Samburu West","Suguta Marmar",2023,0.169068798422813
"Samburu","Samburu West","Suguta Marmar",2024,1.00916910171509
"Siaya","Alego Usonga","Central Alego",2012,0
"Siaya","Alego Usonga","Central Alego",2013,0
"Siaya","Alego Usonga","Central Alego",2014,0
"Siaya","Alego Usonga","Central Alego",2015,0
"Siaya","Alego Usonga","Central Alego",2016,1.12884962558746
"Siaya","Alego Usonga","Central Alego",2017,0
"Siaya","Alego Usonga","Central Alego",2018,0
"Siaya","Alego Usonga","Central Alego",2019,1.22205555438995
"Siaya","Alego Usonga","Central Alego",2020,3.26974320411682
"Siaya","Alego Usonga","Central Alego",2021,3.69112873077393
"Siaya","Alego Usonga","Central Alego",2022,12.4176425933838
"Siaya","Alego Usonga","Central Alego",2023,29.4327125549316
"Siaya","Alego Usonga","Central Alego",2024,12.2980699539185
"Siaya","Alego Usonga","North Alego",2012,0
"Siaya","Alego Usonga","North Alego",2013,0.00110496778506786
"Siaya","Alego Usonga","North Alego",2014,0.323366194963455
"Siaya","Alego Usonga","North Alego",2015,1.13699650764465
"Siaya","Alego Usonga","North Alego",2016,1.78212761878967
"Siaya","Alego Usonga","North Alego",2017,3.17216324806213
"Siaya","Alego Usonga","North Alego",2018,5.54066896438599
"Siaya","Alego Usonga","North Alego",2019,3.56164216995239
"Siaya","Alego Usonga","North Alego",2020,11.2584238052368
"Siaya","Alego Usonga","North Alego",2021,13.0612850189209
"Siaya","Alego Usonga","North Alego",2022,29.1539154052734
"Siaya","Alego Usonga","North Alego",2023,52.5540390014648
"Siaya","Alego Usonga","North Alego",2024,57.4213829040527
"Siaya","Alego Usonga","Siaya Township",2012,16.4031753540039
"Siaya","Alego Usonga","Siaya Township",2013,20.403169631958
"Siaya","Alego Usonga","Siaya Township",2014,22.4009132385254
"Siaya","Alego Usonga","Siaya Township",2015,37.434009552002
"Siaya","Alego Usonga","Siaya Township",2016,48.7612800598145
"Siaya","Alego Usonga","Siaya Township",2017,103.297981262207
"Siaya","Alego Usonga","Siaya Township",2018,140.62353515625
"Siaya","Alego Usonga","Siaya Township",2019,170.154113769531
"Siaya","Alego Usonga","Siaya Township",2020,107.21183013916
"Siaya","Alego Usonga","Siaya Township",2021,142.698318481445
"Siaya","Alego Usonga","Siaya Township",2022,217.397644042969
"Siaya","Alego Usonga","Siaya Township",2023,234.852645874023
"Siaya","Alego Usonga","Siaya Township",2024,225.239303588867
"Siaya","Alego Usonga","South East Alego",2012,1.59595239162445
"Siaya","Alego Usonga","South East Alego",2013,1.75272786617279
"Siaya","Alego Usonga","South East Alego",2014,2.25250840187073
"Siaya","Alego Usonga","South East Alego",2015,5.67535829544067
"Siaya","Alego Usonga","South East Alego",2016,5.0243067741394
"Siaya","Alego Usonga","South East Alego",2017,6.33756828308105
"Siaya","Alego Usonga","South East Alego",2018,21.1169567108154
"Siaya","Alego Usonga","South East Alego",2019,36.3204002380371
"Siaya","Alego Usonga","South East Alego",2020,28.4213562011719
"Siaya","Alego Usonga","South East Alego",2021,36.5616264343262
"Siaya","Alego Usonga","South East Alego",2022,108.163398742676
"Siaya","Alego Usonga","South East Alego",2023,134.523910522461
"Siaya","Alego Usonga","South East Alego",2024,137.709503173828
"Siaya","Alego Usonga","Usonga",2012,0
"Siaya","Alego Usonga","Usonga",2013,0
"Siaya","Alego Usonga","Usonga",2014,0
"Siaya","Alego Usonga","Usonga",2015,0
"Siaya","Alego Usonga","Usonga",2016,0
"Siaya","Alego Usonga","Usonga",2017,0
"Siaya","Alego Usonga","Usonga",2018,0
"Siaya","Alego Usonga","Usonga",2019,0
"Siaya","Alego Usonga","Usonga",2020,2.02627539634705
"Siaya","Alego Usonga","Usonga",2021,3.97367858886719
"Siaya","Alego Usonga","Usonga",2022,7.50736570358276
"Siaya","Alego Usonga","Usonga",2023,21.5780143737793
"Siaya","Alego Usonga","Usonga",2024,5.91736364364624
"Siaya","Alego Usonga","West Alego",2012,0
"Siaya","Alego Usonga","West Alego",2013,0
"Siaya","Alego Usonga","West Alego",2014,0
"Siaya","Alego Usonga","West Alego",2015,0
"Siaya","Alego Usonga","West Alego",2016,0
"Siaya","Alego Usonga","West Alego",2017,0
"Siaya","Alego Usonga","West Alego",2018,0
"Siaya","Alego Usonga","West Alego",2019,1.65349793434143
"Siaya","Alego Usonga","West Alego",2020,5.05700206756592
"Siaya","Alego Usonga","West Alego",2021,6.54768657684326
"Siaya","Alego Usonga","West Alego",2022,21.9548778533936
"Siaya","Alego Usonga","West Alego",2023,62.0927047729492
"Siaya","Alego Usonga","West Alego",2024,30.0421886444092
"Siaya","Bondo","Central Sakwa",2012,0
"Siaya","Bondo","Central Sakwa",2013,0
"Siaya","Bondo","Central Sakwa",2014,0
"Siaya","Bondo","Central Sakwa",2015,0
"Siaya","Bondo","Central Sakwa",2016,0
"Siaya","Bondo","Central Sakwa",2017,0.553559362888336
"Siaya","Bondo","Central Sakwa",2018,0
"Siaya","Bondo","Central Sakwa",2019,0
"Siaya","Bondo","Central Sakwa",2020,0.0478510707616806
"Siaya","Bondo","Central Sakwa",2021,0.0564230047166348
"Siaya","Bondo","Central Sakwa",2022,0.272932112216949
"Siaya","Bondo","Central Sakwa",2023,4.4069356918335
"Siaya","Bondo","Central Sakwa",2024,3.85145568847656
"Siaya","Bondo","North Sakwa",2012,22.9461269378662
"Siaya","Bondo","North Sakwa",2013,22.502254486084
"Siaya","Bondo","North Sakwa",2014,29.3228721618652
"Siaya","Bondo","North Sakwa",2015,27.6251888275146
"Siaya","Bondo","North Sakwa",2016,46.4189758300781
"Siaya","Bondo","North Sakwa",2017,74.2643661499023
"Siaya","Bondo","North Sakwa",2018,94.7046813964844
"Siaya","Bondo","North Sakwa",2019,133.308334350586
"Siaya","Bondo","North Sakwa",2020,97.5665588378906
"Siaya","Bondo","North Sakwa",2021,114.020881652832
"Siaya","Bondo","North Sakwa",2022,175.515487670898
"Siaya","Bondo","North Sakwa",2023,173.324249267578
"Siaya","Bondo","North Sakwa",2024,137.560180664062
"Siaya","Bondo","South Sakwa",2012,5.85858011245728
"Siaya","Bondo","South Sakwa",2013,0
"Siaya","Bondo","South Sakwa",2014,0
"Siaya","Bondo","South Sakwa",2015,1.03732752799988
"Siaya","Bondo","South Sakwa",2016,0
"Siaya","Bondo","South Sakwa",2017,0
"Siaya","Bondo","South Sakwa",2018,0.501471400260925
"Siaya","Bondo","South Sakwa",2019,2.26360559463501
"Siaya","Bondo","South Sakwa",2020,1.14276921749115
"Siaya","Bondo","South Sakwa",2021,2.40390419960022
"Siaya","Bondo","South Sakwa",2022,8.83042812347412
"Siaya","Bondo","South Sakwa",2023,19.8848285675049
"Siaya","Bondo","South Sakwa",2024,19.1949253082275
"Siaya","Bondo","West Sakwa",2012,8.16064357757568
"Siaya","Bondo","West Sakwa",2013,9.96883106231689
"Siaya","Bondo","West Sakwa",2014,11.6612186431885
"Siaya","Bondo","West Sakwa",2015,12.9104671478271
"Siaya","Bondo","West Sakwa",2016,14.283971786499
"Siaya","Bondo","West Sakwa",2017,19.9406280517578
"Siaya","Bondo","West Sakwa",2018,27.6272315979004
"Siaya","Bondo","West Sakwa",2019,27.8175868988037
"Siaya","Bondo","West Sakwa",2020,25.1726722717285
"Siaya","Bondo","West Sakwa",2021,26.6953582763672
"Siaya","Bondo","West Sakwa",2022,63.6834602355957
"Siaya","Bondo","West Sakwa",2023,77.3187866210938
"Siaya","Bondo","West Sakwa",2024,55.9444122314453
"Siaya","Bondo","West Yimbo",2012,3.4050121307373
"Siaya","Bondo","West Yimbo",2013,5.04472017288208
"Siaya","Bondo","West Yimbo",2014,4.48709917068481
"Siaya","Bondo","West Yimbo",2015,4.65620851516724
"Siaya","Bondo","West Yimbo",2016,3.21401691436768
"Siaya","Bondo","West Yimbo",2017,2.59243583679199
"Siaya","Bondo","West Yimbo",2018,8.8636589050293
"Siaya","Bondo","West Yimbo",2019,19.0985565185547
"Siaya","Bondo","West Yimbo",2020,6.72634553909302
"Siaya","Bondo","West Yimbo",2021,7.74662113189697
"Siaya","Bondo","West Yimbo",2022,20.9810314178467
"Siaya","Bondo","West Yimbo",2023,26.7995700836182
"Siaya","Bondo","West Yimbo",2024,20.1059455871582
"Siaya","Bondo","Yimbo East",2012,0
"Siaya","Bondo","Yimbo East",2013,0
"Siaya","Bondo","Yimbo East",2014,0
"Siaya","Bondo","Yimbo East",2015,0
"Siaya","Bondo","Yimbo East",2016,0
"Siaya","Bondo","Yimbo East",2017,0
"Siaya","Bondo","Yimbo East",2018,0.649954855442047
"Siaya","Bondo","Yimbo East",2019,1.85559320449829
"Siaya","Bondo","Yimbo East",2020,9.41380977630615
"Siaya","Bondo","Yimbo East",2021,5.12437009811401
"Siaya","Bondo","Yimbo East",2022,16.162691116333
"Siaya","Bondo","Yimbo East",2023,24.1148624420166
"Siaya","Bondo","Yimbo East",2024,20.5843505859375
"Siaya","Gem","Central Gem",2012,0.542422473430634
"Siaya","Gem","Central Gem",2013,1.07145893573761
"Siaya","Gem","Central Gem",2014,0
"Siaya","Gem","Central Gem",2015,0.00211056531406939
"Siaya","Gem","Central Gem",2016,0
"Siaya","Gem","Central Gem",2017,2.09370827674866
"Siaya","Gem","Central Gem",2018,8.69810771942139
"Siaya","Gem","Central Gem",2019,10.2494325637817
"Siaya","Gem","Central Gem",2020,15.8918743133545
"Siaya","Gem","Central Gem",2021,23.7213077545166
"Siaya","Gem","Central Gem",2022,72.8735046386719
"Siaya","Gem","Central Gem",2023,99.9479751586914
"Siaya","Gem","Central Gem",2024,61.0613288879395
"Siaya","Gem","East Gem",2012,0.389049500226974
"Siaya","Gem","East Gem",2013,0
"Siaya","Gem","East Gem",2014,0
"Siaya","Gem","East Gem",2015,0.524176299571991
"Siaya","Gem","East Gem",2016,0
"Siaya","Gem","East Gem",2017,0
"Siaya","Gem","East Gem",2018,0
"Siaya","Gem","East Gem",2019,0
"Siaya","Gem","East Gem",2020,3.09329175949097
"Siaya","Gem","East Gem",2021,14.6624031066895
"Siaya","Gem","East Gem",2022,76.3463592529297
"Siaya","Gem","East Gem",2023,108.794174194336
"Siaya","Gem","East Gem",2024,59.7841987609863
"Siaya","Gem","North Gem",2012,2.40961909294128
"Siaya","Gem","North Gem",2013,0.633411526679993
"Siaya","Gem","North Gem",2014,1.80770456790924
"Siaya","Gem","North Gem",2015,3.34733510017395
"Siaya","Gem","North Gem",2016,1.82252275943756
"Siaya","Gem","North Gem",2017,4.08618116378784
"Siaya","Gem","North Gem",2018,17.5270767211914
"Siaya","Gem","North Gem",2019,42.8025932312012
"Siaya","Gem","North Gem",2020,31.027982711792
"Siaya","Gem","North Gem",2021,49.3659057617188
"Siaya","Gem","North Gem",2022,89.9258651733398
"Siaya","Gem","North Gem",2023,185.468887329102
"Siaya","Gem","North Gem",2024,155.473327636719
"Siaya","Gem","South Gem",2012,0
"Siaya","Gem","South Gem",2013,0
"Siaya","Gem","South Gem",2014,0
"Siaya","Gem","South Gem",2015,0.404322534799576
"Siaya","Gem","South Gem",2016,0
"Siaya","Gem","South Gem",2017,0
"Siaya","Gem","South Gem",2018,3.41400408744812
"Siaya","Gem","South Gem",2019,3.97637963294983
"Siaya","Gem","South Gem",2020,2.60389947891235
"Siaya","Gem","South Gem",2021,11.0659685134888
"Siaya","Gem","South Gem",2022,19.5488567352295
"Siaya","Gem","South Gem",2023,33.0572776794434
"Siaya","Gem","South Gem",2024,32.1108207702637
"Siaya","Gem","West Gem",2012,0
"Siaya","Gem","West Gem",2013,0.0884374529123306
"Siaya","Gem","West Gem",2014,0.636504590511322
"Siaya","Gem","West Gem",2015,1.48161387443542
"Siaya","Gem","West Gem",2016,0.697155594825745
"Siaya","Gem","West Gem",2017,0.743975818157196
"Siaya","Gem","West Gem",2018,1.49567496776581
"Siaya","Gem","West Gem",2019,5.80295562744141
"Siaya","Gem","West Gem",2020,7.55019617080688
"Siaya","Gem","West Gem",2021,11.0888566970825
"Siaya","Gem","West Gem",2022,23.7761669158936
"Siaya","Gem","West Gem",2023,61.357177734375
"Siaya","Gem","West Gem",2024,25.6315841674805
"Siaya","Gem","Yala Township",2012,3.63878297805786
"Siaya","Gem","Yala Township",2013,5.35023832321167
"Siaya","Gem","Yala Township",2014,3.69779753684998
"Siaya","Gem","Yala Township",2015,6.96376705169678
"Siaya","Gem","Yala Township",2016,3.22295832633972
"Siaya","Gem","Yala Township",2017,6.42817497253418
"Siaya","Gem","Yala Township",2018,20.7830200195312
"Siaya","Gem","Yala Township",2019,31.1497192382812
"Siaya","Gem","Yala Township",2020,34.6380500793457
"Siaya","Gem","Yala Township",2021,52.3874015808105
"Siaya","Gem","Yala Township",2022,105.053955078125
"Siaya","Gem","Yala Township",2023,157.057922363281
"Siaya","Gem","Yala Township",2024,155.14875793457
"Siaya","Rarieda","East Asembo",2012,2.08718919754028
"Siaya","Rarieda","East Asembo",2013,3.66764831542969
"Siaya","Rarieda","East Asembo",2014,1.97838091850281
"Siaya","Rarieda","East Asembo",2015,6.38107347488403
"Siaya","Rarieda","East Asembo",2016,1.80068099498749
"Siaya","Rarieda","East Asembo",2017,1.66785144805908
"Siaya","Rarieda","East Asembo",2018,6.88745164871216
"Siaya","Rarieda","East Asembo",2019,4.96583652496338
"Siaya","Rarieda","East Asembo",2020,5.53618097305298
"Siaya","Rarieda","East Asembo",2021,6.95169734954834
"Siaya","Rarieda","East Asembo",2022,24.5009899139404
"Siaya","Rarieda","East Asembo",2023,39.6828651428223
"Siaya","Rarieda","East Asembo",2024,44.2386589050293
"Siaya","Rarieda","North Uyoma",2012,0
"Siaya","Rarieda","North Uyoma",2013,0
"Siaya","Rarieda","North Uyoma",2014,0.57489025592804
"Siaya","Rarieda","North Uyoma",2015,0.576156675815582
"Siaya","Rarieda","North Uyoma",2016,0
"Siaya","Rarieda","North Uyoma",2017,2.83224010467529
"Siaya","Rarieda","North Uyoma",2018,2.43431067466736
"Siaya","Rarieda","North Uyoma",2019,2.47626733779907
"Siaya","Rarieda","North Uyoma",2020,2.82820582389832
"Siaya","Rarieda","North Uyoma",2021,4.60975551605225
"Siaya","Rarieda","North Uyoma",2022,9.64303779602051
"Siaya","Rarieda","North Uyoma",2023,16.3194217681885
"Siaya","Rarieda","North Uyoma",2024,8.41128253936768
"Siaya","Rarieda","South Uyoma",2012,0
"Siaya","Rarieda","South Uyoma",2013,0
"Siaya","Rarieda","South Uyoma",2014,0
"Siaya","Rarieda","South Uyoma",2015,0
"Siaya","Rarieda","South Uyoma",2016,0
"Siaya","Rarieda","South Uyoma",2017,0
"Siaya","Rarieda","South Uyoma",2018,0
"Siaya","Rarieda","South Uyoma",2019,0
"Siaya","Rarieda","South Uyoma",2020,0.517816245555878
"Siaya","Rarieda","South Uyoma",2021,2.37261319160461
"Siaya","Rarieda","South Uyoma",2022,3.83314943313599
"Siaya","Rarieda","South Uyoma",2023,7.05171346664429
"Siaya","Rarieda","South Uyoma",2024,6.18121814727783
"Siaya","Rarieda","West Asembo",2012,0
"Siaya","Rarieda","West Asembo",2013,1.13636541366577
"Siaya","Rarieda","West Asembo",2014,3.08259916305542
"Siaya","Rarieda","West Asembo",2015,2.17555737495422
"Siaya","Rarieda","West Asembo",2016,1.44341802597046
"Siaya","Rarieda","West Asembo",2017,0.573195219039917
"Siaya","Rarieda","West Asembo",2018,1.75300574302673
"Siaya","Rarieda","West Asembo",2019,1.22129094600677
"Siaya","Rarieda","West Asembo",2020,0.0281524732708931
"Siaya","Rarieda","West Asembo",2021,3.70852708816528
"Siaya","Rarieda","West Asembo",2022,23.6482276916504
"Siaya","Rarieda","West Asembo",2023,48.3338966369629
"Siaya","Rarieda","West Asembo",2024,32.538646697998
"Siaya","Rarieda","West Uyoma",2012,0
"Siaya","Rarieda","West Uyoma",2013,0
"Siaya","Rarieda","West Uyoma",2014,0
"Siaya","Rarieda","West Uyoma",2015,0
"Siaya","Rarieda","West Uyoma",2016,0
"Siaya","Rarieda","West Uyoma",2017,0
"Siaya","Rarieda","West Uyoma",2018,0.524606764316559
"Siaya","Rarieda","West Uyoma",2019,0.236679345369339
"Siaya","Rarieda","West Uyoma",2020,0.317673176527023
"Siaya","Rarieda","West Uyoma",2021,0.0346268005669117
"Siaya","Rarieda","West Uyoma",2022,3.70085430145264
"Siaya","Rarieda","West Uyoma",2023,6.64765787124634
"Siaya","Rarieda","West Uyoma",2024,13.3765993118286
"Siaya","Ugenya","East Ugenya",2012,0
"Siaya","Ugenya","East Ugenya",2013,0
"Siaya","Ugenya","East Ugenya",2014,0
"Siaya","Ugenya","East Ugenya",2015,0
"Siaya","Ugenya","East Ugenya",2016,0
"Siaya","Ugenya","East Ugenya",2017,0
"Siaya","Ugenya","East Ugenya",2018,0
"Siaya","Ugenya","East Ugenya",2019,6.81522750854492
"Siaya","Ugenya","East Ugenya",2020,8.91621685028076
"Siaya","Ugenya","East Ugenya",2021,6.35295438766479
"Siaya","Ugenya","East Ugenya",2022,14.2889986038208
"Siaya","Ugenya","East Ugenya",2023,50.6685218811035
"Siaya","Ugenya","East Ugenya",2024,23.7656173706055
"Siaya","Ugenya","North Ugenya",2012,2.58237266540527
"Siaya","Ugenya","North Ugenya",2013,3.5064582824707
"Siaya","Ugenya","North Ugenya",2014,2.77558040618896
"Siaya","Ugenya","North Ugenya",2015,3.41797733306885
"Siaya","Ugenya","North Ugenya",2016,4.15349149703979
"Siaya","Ugenya","North Ugenya",2017,4.55673265457153
"Siaya","Ugenya","North Ugenya",2018,9.37064743041992
"Siaya","Ugenya","North Ugenya",2019,13.5973024368286
"Siaya","Ugenya","North Ugenya",2020,10.3661231994629
"Siaya","Ugenya","North Ugenya",2021,15.2774658203125
"Siaya","Ugenya","North Ugenya",2022,22.6149291992188
"Siaya","Ugenya","North Ugenya",2023,56.6763496398926
"Siaya","Ugenya","North Ugenya",2024,30.0661106109619
"Siaya","Ugenya","Ukwala",2012,2.89071321487427
"Siaya","Ugenya","Ukwala",2013,2.46176433563232
"Siaya","Ugenya","Ukwala",2014,1.38350200653076
"Siaya","Ugenya","Ukwala",2015,0.902894854545593
"Siaya","Ugenya","Ukwala",2016,0.61937141418457
"Siaya","Ugenya","Ukwala",2017,0.616256237030029
"Siaya","Ugenya","Ukwala",2018,1.12939047813416
"Siaya","Ugenya","Ukwala",2019,6.65176200866699
"Siaya","Ugenya","Ukwala",2020,11.8141803741455
"Siaya","Ugenya","Ukwala",2021,12.6531496047974
"Siaya","Ugenya","Ukwala",2022,32.8687019348145
"Siaya","Ugenya","Ukwala",2023,49.0228729248047
"Siaya","Ugenya","Ukwala",2024,44.3124237060547
"Siaya","Ugenya","West Ugenya",2012,0
"Siaya","Ugenya","West Ugenya",2013,0
"Siaya","Ugenya","West Ugenya",2014,0
"Siaya","Ugenya","West Ugenya",2015,0
"Siaya","Ugenya","West Ugenya",2016,0
"Siaya","Ugenya","West Ugenya",2017,0
"Siaya","Ugenya","West Ugenya",2018,0
"Siaya","Ugenya","West Ugenya",2019,1.72252070903778
"Siaya","Ugenya","West Ugenya",2020,0.784830451011658
"Siaya","Ugenya","West Ugenya",2021,2.53682637214661
"Siaya","Ugenya","West Ugenya",2022,8.28022384643555
"Siaya","Ugenya","West Ugenya",2023,19.6920413970947
"Siaya","Ugenya","West Ugenya",2024,15.3603315353394
"Siaya","Ugunja","Sidindi",2012,0.809471547603607
"Siaya","Ugunja","Sidindi",2013,4.09296035766602
"Siaya","Ugunja","Sidindi",2014,0.964335501194
"Siaya","Ugunja","Sidindi",2015,2.36246252059937
"Siaya","Ugunja","Sidindi",2016,4.84913110733032
"Siaya","Ugunja","Sidindi",2017,7.73176002502441
"Siaya","Ugunja","Sidindi",2018,7.02413940429688
"Siaya","Ugunja","Sidindi",2019,21.1737499237061
"Siaya","Ugunja","Sidindi",2020,15.0265607833862
"Siaya","Ugunja","Sidindi",2021,17.4604625701904
"Siaya","Ugunja","Sidindi",2022,46.6968727111816
"Siaya","Ugunja","Sidindi",2023,74.8581237792969
"Siaya","Ugunja","Sidindi",2024,60.7257461547852
"Siaya","Ugunja","Sigomere",2012,0
"Siaya","Ugunja","Sigomere",2013,0
"Siaya","Ugunja","Sigomere",2014,0
"Siaya","Ugunja","Sigomere",2015,0.640986204147339
"Siaya","Ugunja","Sigomere",2016,0
"Siaya","Ugunja","Sigomere",2017,0.610910832881927
"Siaya","Ugunja","Sigomere",2018,0.977963447570801
"Siaya","Ugunja","Sigomere",2019,7.08502101898193
"Siaya","Ugunja","Sigomere",2020,2.49055933952332
"Siaya","Ugunja","Sigomere",2021,8.01714420318604
"Siaya","Ugunja","Sigomere",2022,34.5507011413574
"Siaya","Ugunja","Sigomere",2023,64.8122100830078
"Siaya","Ugunja","Sigomere",2024,48.6221160888672
"Siaya","Ugunja","Ugunja",2012,9.69165420532227
"Siaya","Ugunja","Ugunja",2013,6.42283344268799
"Siaya","Ugunja","Ugunja",2014,9.60865211486816
"Siaya","Ugunja","Ugunja",2015,14.3704233169556
"Siaya","Ugunja","Ugunja",2016,15.7392292022705
"Siaya","Ugunja","Ugunja",2017,12.1015663146973
"Siaya","Ugunja","Ugunja",2018,22.5089511871338
"Siaya","Ugunja","Ugunja",2019,51.306827545166
"Siaya","Ugunja","Ugunja",2020,61.8447685241699
"Siaya","Ugunja","Ugunja",2021,73.7054443359375
"Siaya","Ugunja","Ugunja",2022,153.692672729492
"Siaya","Ugunja","Ugunja",2023,217.927444458008
"Siaya","Ugunja","Ugunja",2024,163.078826904297
"Taita Taveta","Mwatate","Bura",2012,12.2155952453613
"Taita Taveta","Mwatate","Bura",2013,14.867733001709
"Taita Taveta","Mwatate","Bura",2014,12.0482244491577
"Taita Taveta","Mwatate","Bura",2015,13.1376132965088
"Taita Taveta","Mwatate","Bura",2016,11.3709192276001
"Taita Taveta","Mwatate","Bura",2017,10.4614114761353
"Taita Taveta","Mwatate","Bura",2018,11.1470966339111
"Taita Taveta","Mwatate","Bura",2019,9.27624034881592
"Taita Taveta","Mwatate","Bura",2020,3.48696947097778
"Taita Taveta","Mwatate","Bura",2021,14.6112413406372
"Taita Taveta","Mwatate","Bura",2022,31.6161022186279
"Taita Taveta","Mwatate","Bura",2023,27.0470294952393
"Taita Taveta","Mwatate","Bura",2024,24.4007205963135
"Taita Taveta","Mwatate","Chawia",2012,2.40081000328064
"Taita Taveta","Mwatate","Chawia",2013,3.56333494186401
"Taita Taveta","Mwatate","Chawia",2014,4.01312112808228
"Taita Taveta","Mwatate","Chawia",2015,5.90334796905518
"Taita Taveta","Mwatate","Chawia",2016,6.04637670516968
"Taita Taveta","Mwatate","Chawia",2017,8.84609222412109
"Taita Taveta","Mwatate","Chawia",2018,16.3684825897217
"Taita Taveta","Mwatate","Chawia",2019,15.1901531219482
"Taita Taveta","Mwatate","Chawia",2020,54.4375190734863
"Taita Taveta","Mwatate","Chawia",2021,69.9330673217773
"Taita Taveta","Mwatate","Chawia",2022,76.0062103271484
"Taita Taveta","Mwatate","Chawia",2023,79.9647216796875
"Taita Taveta","Mwatate","Chawia",2024,65.1460418701172
"Taita Taveta","Mwatate","Mwatate",2012,11.1263418197632
"Taita Taveta","Mwatate","Mwatate",2013,15.6487655639648
"Taita Taveta","Mwatate","Mwatate",2014,15.5148725509644
"Taita Taveta","Mwatate","Mwatate",2015,17.8218364715576
"Taita Taveta","Mwatate","Mwatate",2016,13.8818407058716
"Taita Taveta","Mwatate","Mwatate",2017,18.9679565429688
"Taita Taveta","Mwatate","Mwatate",2018,37.8169822692871
"Taita Taveta","Mwatate","Mwatate",2019,25.501049041748
"Taita Taveta","Mwatate","Mwatate",2020,24.6163330078125
"Taita Taveta","Mwatate","Mwatate",2021,45.4060897827148
"Taita Taveta","Mwatate","Mwatate",2022,62.1399230957031
"Taita Taveta","Mwatate","Mwatate",2023,75.4041748046875
"Taita Taveta","Mwatate","Mwatate",2024,59.6855125427246
"Taita Taveta","Mwatate","Rong'E",2012,8.72979068756104
"Taita Taveta","Mwatate","Rong'E",2013,8.37259006500244
"Taita Taveta","Mwatate","Rong'E",2014,0.686669886112213
"Taita Taveta","Mwatate","Rong'E",2015,1.97600018978119
"Taita Taveta","Mwatate","Rong'E",2016,2.37367343902588
"Taita Taveta","Mwatate","Rong'E",2017,2.23211574554443
"Taita Taveta","Mwatate","Rong'E",2018,2.61302900314331
"Taita Taveta","Mwatate","Rong'E",2019,2.63951826095581
"Taita Taveta","Mwatate","Rong'E",2020,0.786550760269165
"Taita Taveta","Mwatate","Rong'E",2021,1.21275293827057
"Taita Taveta","Mwatate","Rong'E",2022,4.48799133300781
"Taita Taveta","Mwatate","Rong'E",2023,15.087574005127
"Taita Taveta","Mwatate","Rong'E",2024,8.64422130584717
"Taita Taveta","Mwatate","Wusi/Kishamba",2012,0
"Taita Taveta","Mwatate","Wusi/Kishamba",2013,0
"Taita Taveta","Mwatate","Wusi/Kishamba",2014,0.10774477571249
"Taita Taveta","Mwatate","Wusi/Kishamba",2015,0
"Taita Taveta","Mwatate","Wusi/Kishamba",2016,0
"Taita Taveta","Mwatate","Wusi/Kishamba",2017,5.07964038848877
"Taita Taveta","Mwatate","Wusi/Kishamba",2018,3.47996973991394
"Taita Taveta","Mwatate","Wusi/Kishamba",2019,3.33684587478638
"Taita Taveta","Mwatate","Wusi/Kishamba",2020,0.665393948554993
"Taita Taveta","Mwatate","Wusi/Kishamba",2021,9.88228321075439
"Taita Taveta","Mwatate","Wusi/Kishamba",2022,16.8345813751221
"Taita Taveta","Mwatate","Wusi/Kishamba",2023,24.9646453857422
"Taita Taveta","Mwatate","Wusi/Kishamba",2024,13.6020565032959
"Taita Taveta","Taveta","Bomani",2012,10.3754529953003
"Taita Taveta","Taveta","Bomani",2013,10.7816095352173
"Taita Taveta","Taveta","Bomani",2014,12.6529417037964
"Taita Taveta","Taveta","Bomani",2015,14.5390224456787
"Taita Taveta","Taveta","Bomani",2016,14.9351291656494
"Taita Taveta","Taveta","Bomani",2017,20.1780757904053
"Taita Taveta","Taveta","Bomani",2018,19.2261028289795
"Taita Taveta","Taveta","Bomani",2019,23.4387607574463
"Taita Taveta","Taveta","Bomani",2020,32.9577522277832
"Taita Taveta","Taveta","Bomani",2021,31.1462287902832
"Taita Taveta","Taveta","Bomani",2022,42.7610130310059
"Taita Taveta","Taveta","Bomani",2023,40.441104888916
"Taita Taveta","Taveta","Bomani",2024,35.6693267822266
"Taita Taveta","Taveta","Chala",2012,0
"Taita Taveta","Taveta","Chala",2013,0.611922144889832
"Taita Taveta","Taveta","Chala",2014,1.73668742179871
"Taita Taveta","Taveta","Chala",2015,0
"Taita Taveta","Taveta","Chala",2016,2.50988173484802
"Taita Taveta","Taveta","Chala",2017,1.01270997524261
"Taita Taveta","Taveta","Chala",2018,0
"Taita Taveta","Taveta","Chala",2019,0
"Taita Taveta","Taveta","Chala",2020,5.5549693107605
"Taita Taveta","Taveta","Chala",2021,8.25711631774902
"Taita Taveta","Taveta","Chala",2022,17.1202831268311
"Taita Taveta","Taveta","Chala",2023,20.9148960113525
"Taita Taveta","Taveta","Chala",2024,17.076530456543
"Taita Taveta","Taveta","Mahoo",2012,3.67307066917419
"Taita Taveta","Taveta","Mahoo",2013,3.24846839904785
"Taita Taveta","Taveta","Mahoo",2014,3.54922389984131
"Taita Taveta","Taveta","Mahoo",2015,6.07968950271606
"Taita Taveta","Taveta","Mahoo",2016,7.17249727249146
"Taita Taveta","Taveta","Mahoo",2017,9.29741668701172
"Taita Taveta","Taveta","Mahoo",2018,12.8745851516724
"Taita Taveta","Taveta","Mahoo",2019,8.90170288085938
"Taita Taveta","Taveta","Mahoo",2020,9.56945705413818
"Taita Taveta","Taveta","Mahoo",2021,20.3605709075928
"Taita Taveta","Taveta","Mahoo",2022,43.5047874450684
"Taita Taveta","Taveta","Mahoo",2023,52.9966850280762
"Taita Taveta","Taveta","Mahoo",2024,53.6071929931641
"Taita Taveta","Taveta","Mata",2012,0
"Taita Taveta","Taveta","Mata",2013,0
"Taita Taveta","Taveta","Mata",2014,0.589821517467499
"Taita Taveta","Taveta","Mata",2015,3.75507092475891
"Taita Taveta","Taveta","Mata",2016,5.62403726577759
"Taita Taveta","Taveta","Mata",2017,2.62144064903259
"Taita Taveta","Taveta","Mata",2018,0
"Taita Taveta","Taveta","Mata",2019,0
"Taita Taveta","Taveta","Mata",2020,0
"Taita Taveta","Taveta","Mata",2021,16.6342449188232
"Taita Taveta","Taveta","Mata",2022,27.2255802154541
"Taita Taveta","Taveta","Mata",2023,28.5083618164062
"Taita Taveta","Taveta","Mata",2024,16.3417530059814
"Taita Taveta","Taveta","Mboghoni",2012,12.4868869781494
"Taita Taveta","Taveta","Mboghoni",2013,14.0399646759033
"Taita Taveta","Taveta","Mboghoni",2014,18.7693176269531
"Taita Taveta","Taveta","Mboghoni",2015,24.6315860748291
"Taita Taveta","Taveta","Mboghoni",2016,34.3971328735352
"Taita Taveta","Taveta","Mboghoni",2017,31.8521671295166
"Taita Taveta","Taveta","Mboghoni",2018,31.3119487762451
"Taita Taveta","Taveta","Mboghoni",2019,36.704044342041
"Taita Taveta","Taveta","Mboghoni",2020,68.9526062011719
"Taita Taveta","Taveta","Mboghoni",2021,81.3277130126953
"Taita Taveta","Taveta","Mboghoni",2022,115.514579772949
"Taita Taveta","Taveta","Mboghoni",2023,119.783340454102
"Taita Taveta","Taveta","Mboghoni",2024,95.2053756713867
"Taita Taveta","Voi","Kaloleni",2012,64.6640243530273
"Taita Taveta","Voi","Kaloleni",2013,79.2043914794922
"Taita Taveta","Voi","Kaloleni",2014,80.0165405273438
"Taita Taveta","Voi","Kaloleni",2015,114.791442871094
"Taita Taveta","Voi","Kaloleni",2016,143.229751586914
"Taita Taveta","Voi","Kaloleni",2017,288.580078125
"Taita Taveta","Voi","Kaloleni",2018,313.795837402344
"Taita Taveta","Voi","Kaloleni",2019,293.680358886719
"Taita Taveta","Voi","Kaloleni",2020,323.352874755859
"Taita Taveta","Voi","Kaloleni",2021,355.528686523438
"Taita Taveta","Voi","Kaloleni",2022,346.350341796875
"Taita Taveta","Voi","Kaloleni",2023,381.676513671875
"Taita Taveta","Voi","Kaloleni",2024,341.154022216797
"Taita Taveta","Voi","Kasigau",2012,0
"Taita Taveta","Voi","Kasigau",2013,0
"Taita Taveta","Voi","Kasigau",2014,0
"Taita Taveta","Voi","Kasigau",2015,0
"Taita Taveta","Voi","Kasigau",2016,0
"Taita Taveta","Voi","Kasigau",2017,0
"Taita Taveta","Voi","Kasigau",2018,1.03450345993042
"Taita Taveta","Voi","Kasigau",2019,0
"Taita Taveta","Voi","Kasigau",2020,0
"Taita Taveta","Voi","Kasigau",2021,0
"Taita Taveta","Voi","Kasigau",2022,1.04116594791412
"Taita Taveta","Voi","Kasigau",2023,13.5362720489502
"Taita Taveta","Voi","Kasigau",2024,9.96925067901611
"Taita Taveta","Voi","Marungu",2012,13.4105434417725
"Taita Taveta","Voi","Marungu",2013,11.5544748306274
"Taita Taveta","Voi","Marungu",2014,12.6793937683105
"Taita Taveta","Voi","Marungu",2015,28.6818695068359
"Taita Taveta","Voi","Marungu",2016,31.3756122589111
"Taita Taveta","Voi","Marungu",2017,37.1284141540527
"Taita Taveta","Voi","Marungu",2018,45.7489929199219
"Taita Taveta","Voi","Marungu",2019,44.7670097351074
"Taita Taveta","Voi","Marungu",2020,65.4063491821289
"Taita Taveta","Voi","Marungu",2021,72.0165557861328
"Taita Taveta","Voi","Marungu",2022,54.171142578125
"Taita Taveta","Voi","Marungu",2023,65.0653305053711
"Taita Taveta","Voi","Marungu",2024,48.436695098877
"Taita Taveta","Voi","Mbololo",2012,52.0962333679199
"Taita Taveta","Voi","Mbololo",2013,56.9091567993164
"Taita Taveta","Voi","Mbololo",2014,47.4047737121582
"Taita Taveta","Voi","Mbololo",2015,57.0838165283203
"Taita Taveta","Voi","Mbololo",2016,81.7758865356445
"Taita Taveta","Voi","Mbololo",2017,146.826156616211
"Taita Taveta","Voi","Mbololo",2018,153.642303466797
"Taita Taveta","Voi","Mbololo",2019,200.518081665039
"Taita Taveta","Voi","Mbololo",2020,209.155410766602
"Taita Taveta","Voi","Mbololo",2021,188.161651611328
"Taita Taveta","Voi","Mbololo",2022,169.544891357422
"Taita Taveta","Voi","Mbololo",2023,216.611419677734
"Taita Taveta","Voi","Mbololo",2024,217.36833190918
"Taita Taveta","Voi","Ngolia",2012,21.2485294342041
"Taita Taveta","Voi","Ngolia",2013,23.6780853271484
"Taita Taveta","Voi","Ngolia",2014,21.6665287017822
"Taita Taveta","Voi","Ngolia",2015,40.8027114868164
"Taita Taveta","Voi","Ngolia",2016,35.6996574401855
"Taita Taveta","Voi","Ngolia",2017,37.4983558654785
"Taita Taveta","Voi","Ngolia",2018,51.9448852539062
"Taita Taveta","Voi","Ngolia",2019,45.0908050537109
"Taita Taveta","Voi","Ngolia",2020,36.546329498291
"Taita Taveta","Voi","Ngolia",2021,37.0051498413086
"Taita Taveta","Voi","Ngolia",2022,47.4766502380371
"Taita Taveta","Voi","Ngolia",2023,60.9333229064941
"Taita Taveta","Voi","Ngolia",2024,52.3869590759277
"Taita Taveta","Voi","Sagalla",2012,4.4930305480957
"Taita Taveta","Voi","Sagalla",2013,2.64523816108704
"Taita Taveta","Voi","Sagalla",2014,3.21865940093994
"Taita Taveta","Voi","Sagalla",2015,8.74571228027344
"Taita Taveta","Voi","Sagalla",2016,9.95644092559814
"Taita Taveta","Voi","Sagalla",2017,9.11380386352539
"Taita Taveta","Voi","Sagalla",2018,11.9904298782349
"Taita Taveta","Voi","Sagalla",2019,17.3230991363525
"Taita Taveta","Voi","Sagalla",2020,16.1389122009277
"Taita Taveta","Voi","Sagalla",2021,19.0520458221436
"Taita Taveta","Voi","Sagalla",2022,30.4114665985107
"Taita Taveta","Voi","Sagalla",2023,35.8338012695312
"Taita Taveta","Voi","Sagalla",2024,24.1643047332764
"Taita Taveta","Wundanyi","Mwanda/Mgange",2012,0
"Taita Taveta","Wundanyi","Mwanda/Mgange",2013,0
"Taita Taveta","Wundanyi","Mwanda/Mgange",2014,0.31327423453331
"Taita Taveta","Wundanyi","Mwanda/Mgange",2015,0
"Taita Taveta","Wundanyi","Mwanda/Mgange",2016,0
"Taita Taveta","Wundanyi","Mwanda/Mgange",2017,1.57083678245544
"Taita Taveta","Wundanyi","Mwanda/Mgange",2018,0.336074948310852
"Taita Taveta","Wundanyi","Mwanda/Mgange",2019,8.16735363006592
"Taita Taveta","Wundanyi","Mwanda/Mgange",2020,6.59718656539917
"Taita Taveta","Wundanyi","Mwanda/Mgange",2021,8.02145576477051
"Taita Taveta","Wundanyi","Mwanda/Mgange",2022,7.99153614044189
"Taita Taveta","Wundanyi","Mwanda/Mgange",2023,14.2940311431885
"Taita Taveta","Wundanyi","Mwanda/Mgange",2024,9.70038032531738
"Taita Taveta","Wundanyi","Werugha",2012,1.06778836250305
"Taita Taveta","Wundanyi","Werugha",2013,0
"Taita Taveta","Wundanyi","Werugha",2014,0
"Taita Taveta","Wundanyi","Werugha",2015,0.51295930147171
"Taita Taveta","Wundanyi","Werugha",2016,0.506714999675751
"Taita Taveta","Wundanyi","Werugha",2017,0.526350021362305
"Taita Taveta","Wundanyi","Werugha",2018,0
"Taita Taveta","Wundanyi","Werugha",2019,26.2637424468994
"Taita Taveta","Wundanyi","Werugha",2020,18.8569145202637
"Taita Taveta","Wundanyi","Werugha",2021,20.1454086303711
"Taita Taveta","Wundanyi","Werugha",2022,24.0998077392578
"Taita Taveta","Wundanyi","Werugha",2023,25.9157390594482
"Taita Taveta","Wundanyi","Werugha",2024,20.2770614624023
"Taita Taveta","Wundanyi","Wumingu/Kishushe",2012,0
"Taita Taveta","Wundanyi","Wumingu/Kishushe",2013,0
"Taita Taveta","Wundanyi","Wumingu/Kishushe",2014,0
"Taita Taveta","Wundanyi","Wumingu/Kishushe",2015,0
"Taita Taveta","Wundanyi","Wumingu/Kishushe",2016,0
"Taita Taveta","Wundanyi","Wumingu/Kishushe",2017,0
"Taita Taveta","Wundanyi","Wumingu/Kishushe",2018,0
"Taita Taveta","Wundanyi","Wumingu/Kishushe",2019,0.0358626432716846
"Taita Taveta","Wundanyi","Wumingu/Kishushe",2020,0
"Taita Taveta","Wundanyi","Wumingu/Kishushe",2021,2.58851742744446
"Taita Taveta","Wundanyi","Wumingu/Kishushe",2022,10.5991821289062
"Taita Taveta","Wundanyi","Wumingu/Kishushe",2023,7.12015342712402
"Taita Taveta","Wundanyi","Wumingu/Kishushe",2024,3.77900719642639
"Taita Taveta","Wundanyi","Wundanyi/Mbale",2012,9.03237628936768
"Taita Taveta","Wundanyi","Wundanyi/Mbale",2013,10.3087339401245
"Taita Taveta","Wundanyi","Wundanyi/Mbale",2014,10.8040218353271
"Taita Taveta","Wundanyi","Wundanyi/Mbale",2015,12.4267063140869
"Taita Taveta","Wundanyi","Wundanyi/Mbale",2016,11.9037742614746
"Taita Taveta","Wundanyi","Wundanyi/Mbale",2017,113.28776550293
"Taita Taveta","Wundanyi","Wundanyi/Mbale",2018,97.0201644897461
"Taita Taveta","Wundanyi","Wundanyi/Mbale",2019,118.535614013672
"Taita Taveta","Wundanyi","Wundanyi/Mbale",2020,78.5935211181641
"Taita Taveta","Wundanyi","Wundanyi/Mbale",2021,103.370391845703
"Taita Taveta","Wundanyi","Wundanyi/Mbale",2022,132.368362426758
"Taita Taveta","Wundanyi","Wundanyi/Mbale",2023,99.4861297607422
"Taita Taveta","Wundanyi","Wundanyi/Mbale",2024,77.7402954101562
"Tana River","Bura","Bangale",2012,0
"Tana River","Bura","Bangale",2013,0
"Tana River","Bura","Bangale",2014,0
"Tana River","Bura","Bangale",2015,0
"Tana River","Bura","Bangale",2016,0
"Tana River","Bura","Bangale",2017,0
"Tana River","Bura","Bangale",2018,0
"Tana River","Bura","Bangale",2019,0
"Tana River","Bura","Bangale",2020,0
"Tana River","Bura","Bangale",2021,1.40825438499451
"Tana River","Bura","Bangale",2022,4.6871485710144
"Tana River","Bura","Bangale",2023,5.28164291381836
"Tana River","Bura","Bangale",2024,7.86747550964355
"Tana River","Bura","Chewele",2012,0
"Tana River","Bura","Chewele",2013,0
"Tana River","Bura","Chewele",2014,0
"Tana River","Bura","Chewele",2015,0.528177976608276
"Tana River","Bura","Chewele",2016,0
"Tana River","Bura","Chewele",2017,0
"Tana River","Bura","Chewele",2018,0
"Tana River","Bura","Chewele",2019,0
"Tana River","Bura","Chewele",2020,0
"Tana River","Bura","Chewele",2021,0
"Tana River","Bura","Chewele",2022,4.30021858215332
"Tana River","Bura","Chewele",2023,3.42725706100464
"Tana River","Bura","Chewele",2024,5.55630207061768
"Tana River","Bura","Hirimani",2012,0
"Tana River","Bura","Hirimani",2013,0
"Tana River","Bura","Hirimani",2014,0
"Tana River","Bura","Hirimani",2015,0
"Tana River","Bura","Hirimani",2016,0
"Tana River","Bura","Hirimani",2017,0
"Tana River","Bura","Hirimani",2018,0
"Tana River","Bura","Hirimani",2019,0.0853837206959724
"Tana River","Bura","Hirimani",2020,0
"Tana River","Bura","Hirimani",2021,0
"Tana River","Bura","Hirimani",2022,0
"Tana River","Bura","Hirimani",2023,3.05159735679626
"Tana River","Bura","Hirimani",2024,0.5126793384552
"Tana River","Bura","Madogo",2012,13.2314357757568
"Tana River","Bura","Madogo",2013,13.9718160629272
"Tana River","Bura","Madogo",2014,17.9812507629395
"Tana River","Bura","Madogo",2015,22.2217235565186
"Tana River","Bura","Madogo",2016,82.0960083007812
"Tana River","Bura","Madogo",2017,68.0484008789062
"Tana River","Bura","Madogo",2018,66.4648590087891
"Tana River","Bura","Madogo",2019,50.9092025756836
"Tana River","Bura","Madogo",2020,68.1521759033203
"Tana River","Bura","Madogo",2021,85.8189315795898
"Tana River","Bura","Madogo",2022,96.4344940185547
"Tana River","Bura","Madogo",2023,126.488845825195
"Tana River","Bura","Madogo",2024,143.783615112305
"Tana River","Bura","Sala",2012,7.90879583358765
"Tana River","Bura","Sala",2013,8.02384948730469
"Tana River","Bura","Sala",2014,7.75840425491333
"Tana River","Bura","Sala",2015,9.39094924926758
"Tana River","Bura","Sala",2016,41.678337097168
"Tana River","Bura","Sala",2017,44.4089965820312
"Tana River","Bura","Sala",2018,39.529224395752
"Tana River","Bura","Sala",2019,24.5196971893311
"Tana River","Bura","Sala",2020,22.6229419708252
"Tana River","Bura","Sala",2021,41.298641204834
"Tana River","Bura","Sala",2022,47.2922477722168
"Tana River","Bura","Sala",2023,63.851390838623
"Tana River","Bura","Sala",2024,65.3931350708008
"Tana River","Galole","Chewani",2012,9.60784435272217
"Tana River","Galole","Chewani",2013,11.976881980896
"Tana River","Galole","Chewani",2014,11.9426460266113
"Tana River","Galole","Chewani",2015,11.9203433990479
"Tana River","Galole","Chewani",2016,14.0745143890381
"Tana River","Galole","Chewani",2017,73.2201995849609
"Tana River","Galole","Chewani",2018,21.0556869506836
"Tana River","Galole","Chewani",2019,102.094299316406
"Tana River","Galole","Chewani",2020,57.2770729064941
"Tana River","Galole","Chewani",2021,104.584007263184
"Tana River","Galole","Chewani",2022,190.356719970703
"Tana River","Galole","Chewani",2023,115.074249267578
"Tana River","Galole","Chewani",2024,116.038536071777
"Tana River","Galole","Kinakomba",2012,0
"Tana River","Galole","Kinakomba",2013,0
"Tana River","Galole","Kinakomba",2014,0
"Tana River","Galole","Kinakomba",2015,0
"Tana River","Galole","Kinakomba",2016,0
"Tana River","Galole","Kinakomba",2017,0
"Tana River","Galole","Kinakomba",2018,0
"Tana River","Galole","Kinakomba",2019,0
"Tana River","Galole","Kinakomba",2020,0
"Tana River","Galole","Kinakomba",2021,0
"Tana River","Galole","Kinakomba",2022,0
"Tana River","Galole","Kinakomba",2023,0
"Tana River","Galole","Kinakomba",2024,0
"Tana River","Galole","Mikinduni",2012,0
"Tana River","Galole","Mikinduni",2013,0
"Tana River","Galole","Mikinduni",2014,0
"Tana River","Galole","Mikinduni",2015,0.0400885343551636
"Tana River","Galole","Mikinduni",2016,0.0398042239248753
"Tana River","Galole","Mikinduni",2017,0.798067152500153
"Tana River","Galole","Mikinduni",2018,0.0617505833506584
"Tana River","Galole","Mikinduni",2019,1.13604772090912
"Tana River","Galole","Mikinduni",2020,0.291880637407303
"Tana River","Galole","Mikinduni",2021,3.22704792022705
"Tana River","Galole","Mikinduni",2022,10.668607711792
"Tana River","Galole","Mikinduni",2023,5.70176124572754
"Tana River","Galole","Mikinduni",2024,7.16528654098511
"Tana River","Galole","Wayu",2012,0
"Tana River","Galole","Wayu",2013,0.584281742572784
"Tana River","Galole","Wayu",2014,1.15944480895996
"Tana River","Galole","Wayu",2015,1.27656555175781
"Tana River","Galole","Wayu",2016,0.640227019786835
"Tana River","Galole","Wayu",2017,0.589074909687042
"Tana River","Galole","Wayu",2018,0.54722398519516
"Tana River","Galole","Wayu",2019,12.6827335357666
"Tana River","Galole","Wayu",2020,4.13477993011475
"Tana River","Galole","Wayu",2021,1.28445100784302
"Tana River","Galole","Wayu",2022,2.90525722503662
"Tana River","Galole","Wayu",2023,20.7523536682129
"Tana River","Galole","Wayu",2024,7.94149255752563
"Tana River","Garsen","Garsen Central",2012,0
"Tana River","Garsen","Garsen Central",2013,0
"Tana River","Garsen","Garsen Central",2014,0
"Tana River","Garsen","Garsen Central",2015,0
"Tana River","Garsen","Garsen Central",2016,0
"Tana River","Garsen","Garsen Central",2017,0
"Tana River","Garsen","Garsen Central",2018,0
"Tana River","Garsen","Garsen Central",2019,0
"Tana River","Garsen","Garsen Central",2020,0
"Tana River","Garsen","Garsen Central",2021,0.104588575661182
"Tana River","Garsen","Garsen Central",2022,0.705096840858459
"Tana River","Garsen","Garsen Central",2023,0.857347548007965
"Tana River","Garsen","Garsen Central",2024,0.138415366411209
"Tana River","Garsen","Garsen North",2012,0
"Tana River","Garsen","Garsen North",2013,0
"Tana River","Garsen","Garsen North",2014,0
"Tana River","Garsen","Garsen North",2015,0
"Tana River","Garsen","Garsen North",2016,0
"Tana River","Garsen","Garsen North",2017,0
"Tana River","Garsen","Garsen North",2018,0
"Tana River","Garsen","Garsen North",2019,0
"Tana River","Garsen","Garsen North",2020,0
"Tana River","Garsen","Garsen North",2021,0
"Tana River","Garsen","Garsen North",2022,0
"Tana River","Garsen","Garsen North",2023,0
"Tana River","Garsen","Garsen North",2024,0
"Tana River","Garsen","Garsen South",2012,0
"Tana River","Garsen","Garsen South",2013,0
"Tana River","Garsen","Garsen South",2014,0
"Tana River","Garsen","Garsen South",2015,32.8614196777344
"Tana River","Garsen","Garsen South",2016,28.4062271118164
"Tana River","Garsen","Garsen South",2017,32.7981948852539
"Tana River","Garsen","Garsen South",2018,41.8822174072266
"Tana River","Garsen","Garsen South",2019,37.2906074523926
"Tana River","Garsen","Garsen South",2020,20.0297737121582
"Tana River","Garsen","Garsen South",2021,28.9006977081299
"Tana River","Garsen","Garsen South",2022,47.5499305725098
"Tana River","Garsen","Garsen South",2023,31.0334796905518
"Tana River","Garsen","Garsen South",2024,25.085018157959
"Tana River","Garsen","Garsen West",2012,2.00941228866577
"Tana River","Garsen","Garsen West",2013,1.64093804359436
"Tana River","Garsen","Garsen West",2014,1.15637612342834
"Tana River","Garsen","Garsen West",2015,1.41135334968567
"Tana River","Garsen","Garsen West",2016,2.80065846443176
"Tana River","Garsen","Garsen West",2017,4.70301675796509
"Tana River","Garsen","Garsen West",2018,4.0156364440918
"Tana River","Garsen","Garsen West",2019,13.2374095916748
"Tana River","Garsen","Garsen West",2020,3.06751537322998
"Tana River","Garsen","Garsen West",2021,14.8501138687134
"Tana River","Garsen","Garsen West",2022,21.2820377349854
"Tana River","Garsen","Garsen West",2023,38.6563568115234
"Tana River","Garsen","Garsen West",2024,15.6794319152832
"Tana River","Garsen","Kipini East",2012,0
"Tana River","Garsen","Kipini East",2013,0
"Tana River","Garsen","Kipini East",2014,0
"Tana River","Garsen","Kipini East",2015,0
"Tana River","Garsen","Kipini East",2016,0
"Tana River","Garsen","Kipini East",2017,0
"Tana River","Garsen","Kipini East",2018,0
"Tana River","Garsen","Kipini East",2019,0
"Tana River","Garsen","Kipini East",2020,0
"Tana River","Garsen","Kipini East",2021,0
"Tana River","Garsen","Kipini East",2022,4.69561719894409
"Tana River","Garsen","Kipini East",2023,5.15956926345825
"Tana River","Garsen","Kipini East",2024,7.55375003814697
"Tana River","Garsen","Kipini West",2012,0
"Tana River","Garsen","Kipini West",2013,0
"Tana River","Garsen","Kipini West",2014,0
"Tana River","Garsen","Kipini West",2015,0
"Tana River","Garsen","Kipini West",2016,0
"Tana River","Garsen","Kipini West",2017,0
"Tana River","Garsen","Kipini West",2018,0
"Tana River","Garsen","Kipini West",2019,0
"Tana River","Garsen","Kipini West",2020,0
"Tana River","Garsen","Kipini West",2021,0
"Tana River","Garsen","Kipini West",2022,0
"Tana River","Garsen","Kipini West",2023,1.13002228736877
"Tana River","Garsen","Kipini West",2024,2.72463297843933
"Tharaka-Nithi","Chuka/Igambang'Ombe","Igambang'Ombe",2012,0
"Tharaka-Nithi","Chuka/Igambang'Ombe","Igambang'Ombe",2013,0
"Tharaka-Nithi","Chuka/Igambang'Ombe","Igambang'Ombe",2014,0
"Tharaka-Nithi","Chuka/Igambang'Ombe","Igambang'Ombe",2015,0
"Tharaka-Nithi","Chuka/Igambang'Ombe","Igambang'Ombe",2016,0
"Tharaka-Nithi","Chuka/Igambang'Ombe","Igambang'Ombe",2017,1.70575344562531
"Tharaka-Nithi","Chuka/Igambang'Ombe","Igambang'Ombe",2018,11.0463428497314
"Tharaka-Nithi","Chuka/Igambang'Ombe","Igambang'Ombe",2019,11.5129613876343
"Tharaka-Nithi","Chuka/Igambang'Ombe","Igambang'Ombe",2020,3.72060751914978
"Tharaka-Nithi","Chuka/Igambang'Ombe","Igambang'Ombe",2021,7.74070405960083
"Tharaka-Nithi","Chuka/Igambang'Ombe","Igambang'Ombe",2022,19.3970890045166
"Tharaka-Nithi","Chuka/Igambang'Ombe","Igambang'Ombe",2023,22.7219848632812
"Tharaka-Nithi","Chuka/Igambang'Ombe","Igambang'Ombe",2024,27.2174186706543
"Tharaka-Nithi","Chuka/Igambang'Ombe","Karingani",2012,20.8594055175781
"Tharaka-Nithi","Chuka/Igambang'Ombe","Karingani",2013,17.8081932067871
"Tharaka-Nithi","Chuka/Igambang'Ombe","Karingani",2014,25.3024444580078
"Tharaka-Nithi","Chuka/Igambang'Ombe","Karingani",2015,34.6076507568359
"Tharaka-Nithi","Chuka/Igambang'Ombe","Karingani",2016,64.7054214477539
"Tharaka-Nithi","Chuka/Igambang'Ombe","Karingani",2017,131.7861328125
"Tharaka-Nithi","Chuka/Igambang'Ombe","Karingani",2018,178.980163574219
"Tharaka-Nithi","Chuka/Igambang'Ombe","Karingani",2019,173.606842041016
"Tharaka-Nithi","Chuka/Igambang'Ombe","Karingani",2020,137.774490356445
"Tharaka-Nithi","Chuka/Igambang'Ombe","Karingani",2021,165.30940246582
"Tharaka-Nithi","Chuka/Igambang'Ombe","Karingani",2022,178.072463989258
"Tharaka-Nithi","Chuka/Igambang'Ombe","Karingani",2023,159.618530273438
"Tharaka-Nithi","Chuka/Igambang'Ombe","Karingani",2024,177.785507202148
"Tharaka-Nithi","Chuka/Igambang'Ombe","Magumoni",2012,1.05384087562561
"Tharaka-Nithi","Chuka/Igambang'Ombe","Magumoni",2013,0
"Tharaka-Nithi","Chuka/Igambang'Ombe","Magumoni",2014,0.524820566177368
"Tharaka-Nithi","Chuka/Igambang'Ombe","Magumoni",2015,1.58515179157257
"Tharaka-Nithi","Chuka/Igambang'Ombe","Magumoni",2016,0.507732272148132
"Tharaka-Nithi","Chuka/Igambang'Ombe","Magumoni",2017,3.42019653320312
"Tharaka-Nithi","Chuka/Igambang'Ombe","Magumoni",2018,22.5094795227051
"Tharaka-Nithi","Chuka/Igambang'Ombe","Magumoni",2019,21.2325534820557
"Tharaka-Nithi","Chuka/Igambang'Ombe","Magumoni",2020,12.6835527420044
"Tharaka-Nithi","Chuka/Igambang'Ombe","Magumoni",2021,26.4268455505371
"Tharaka-Nithi","Chuka/Igambang'Ombe","Magumoni",2022,53.1839714050293
"Tharaka-Nithi","Chuka/Igambang'Ombe","Magumoni",2023,56.8968925476074
"Tharaka-Nithi","Chuka/Igambang'Ombe","Magumoni",2024,55.6065444946289
"Tharaka-Nithi","Chuka/Igambang'Ombe","Mariani",2012,0
"Tharaka-Nithi","Chuka/Igambang'Ombe","Mariani",2013,0
"Tharaka-Nithi","Chuka/Igambang'Ombe","Mariani",2014,0
"Tharaka-Nithi","Chuka/Igambang'Ombe","Mariani",2015,0
"Tharaka-Nithi","Chuka/Igambang'Ombe","Mariani",2016,0
"Tharaka-Nithi","Chuka/Igambang'Ombe","Mariani",2017,0
"Tharaka-Nithi","Chuka/Igambang'Ombe","Mariani",2018,0
"Tharaka-Nithi","Chuka/Igambang'Ombe","Mariani",2019,0
"Tharaka-Nithi","Chuka/Igambang'Ombe","Mariani",2020,0.719705879688263
"Tharaka-Nithi","Chuka/Igambang'Ombe","Mariani",2021,1.24373662471771
"Tharaka-Nithi","Chuka/Igambang'Ombe","Mariani",2022,10.421311378479
"Tharaka-Nithi","Chuka/Igambang'Ombe","Mariani",2023,12.2499885559082
"Tharaka-Nithi","Chuka/Igambang'Ombe","Mariani",2024,10.8021631240845
"Tharaka-Nithi","Igembe South","Akachiu",2012,1.01215398311615
"Tharaka-Nithi","Igembe South","Akachiu",2013,0.546281814575195
"Tharaka-Nithi","Igembe South","Akachiu",2014,2.21146464347839
"Tharaka-Nithi","Igembe South","Akachiu",2015,1.96453976631165
"Tharaka-Nithi","Igembe South","Akachiu",2016,1.0867075920105
"Tharaka-Nithi","Igembe South","Akachiu",2017,5.22767066955566
"Tharaka-Nithi","Igembe South","Akachiu",2018,16.5357856750488
"Tharaka-Nithi","Igembe South","Akachiu",2019,11.4416027069092
"Tharaka-Nithi","Igembe South","Akachiu",2020,12.2490272521973
"Tharaka-Nithi","Igembe South","Akachiu",2021,13.734076499939
"Tharaka-Nithi","Igembe South","Akachiu",2022,16.6477928161621
"Tharaka-Nithi","Igembe South","Akachiu",2023,19.7599391937256
"Tharaka-Nithi","Igembe South","Akachiu",2024,17.2325572967529
"Tharaka-Nithi","Maara","Chogoria",2012,6.78588199615479
"Tharaka-Nithi","Maara","Chogoria",2013,6.09453630447388
"Tharaka-Nithi","Maara","Chogoria",2014,10.5766677856445
"Tharaka-Nithi","Maara","Chogoria",2015,12.4650659561157
"Tharaka-Nithi","Maara","Chogoria",2016,9.61430740356445
"Tharaka-Nithi","Maara","Chogoria",2017,23.6412563323975
"Tharaka-Nithi","Maara","Chogoria",2018,40.3433456420898
"Tharaka-Nithi","Maara","Chogoria",2019,36.6991958618164
"Tharaka-Nithi","Maara","Chogoria",2020,20.0094680786133
"Tharaka-Nithi","Maara","Chogoria",2021,51.9420166015625
"Tharaka-Nithi","Maara","Chogoria",2022,115.20588684082
"Tharaka-Nithi","Maara","Chogoria",2023,120.941848754883
"Tharaka-Nithi","Maara","Chogoria",2024,158.494003295898
"Tharaka-Nithi","Maara","Ganga",2012,0
"Tharaka-Nithi","Maara","Ganga",2013,0
"Tharaka-Nithi","Maara","Ganga",2014,0
"Tharaka-Nithi","Maara","Ganga",2015,0
"Tharaka-Nithi","Maara","Ganga",2016,0
"Tharaka-Nithi","Maara","Ganga",2017,0
"Tharaka-Nithi","Maara","Ganga",2018,0
"Tharaka-Nithi","Maara","Ganga",2019,0
"Tharaka-Nithi","Maara","Ganga",2020,0
"Tharaka-Nithi","Maara","Ganga",2021,1.64142155647278
"Tharaka-Nithi","Maara","Ganga",2022,13.471489906311
"Tharaka-Nithi","Maara","Ganga",2023,11.5722131729126
"Tharaka-Nithi","Maara","Ganga",2024,9.73604106903076
"Tharaka-Nithi","Maara","Mitheru",2012,1.41399765014648
"Tharaka-Nithi","Maara","Mitheru",2013,0.71037369966507
"Tharaka-Nithi","Maara","Mitheru",2014,1.14714968204498
"Tharaka-Nithi","Maara","Mitheru",2015,1.79950261116028
"Tharaka-Nithi","Maara","Mitheru",2016,0.653232097625732
"Tharaka-Nithi","Maara","Mitheru",2017,0.687793552875519
"Tharaka-Nithi","Maara","Mitheru",2018,12.9945602416992
"Tharaka-Nithi","Maara","Mitheru",2019,8.43990135192871
"Tharaka-Nithi","Maara","Mitheru",2020,3.62281322479248
"Tharaka-Nithi","Maara","Mitheru",2021,5.29662656784058
"Tharaka-Nithi","Maara","Mitheru",2022,15.4124956130981
"Tharaka-Nithi","Maara","Mitheru",2023,10.0048265457153
"Tharaka-Nithi","Maara","Mitheru",2024,17.7536430358887
"Tharaka-Nithi","Maara","Mwimbi",2012,2.91488409042358
"Tharaka-Nithi","Maara","Mwimbi",2013,0
"Tharaka-Nithi","Maara","Mwimbi",2014,0
"Tharaka-Nithi","Maara","Mwimbi",2015,0
"Tharaka-Nithi","Maara","Mwimbi",2016,0
"Tharaka-Nithi","Maara","Mwimbi",2017,0
"Tharaka-Nithi","Maara","Mwimbi",2018,1.18821454048157
"Tharaka-Nithi","Maara","Mwimbi",2019,0.152729481458664
"Tharaka-Nithi","Maara","Mwimbi",2020,0
"Tharaka-Nithi","Maara","Mwimbi",2021,1.26390659809113
"Tharaka-Nithi","Maara","Mwimbi",2022,15.1033773422241
"Tharaka-Nithi","Maara","Mwimbi",2023,15.8856639862061
"Tharaka-Nithi","Maara","Mwimbi",2024,16.1000442504883
"Tharaka-Nithi","Tharaka","Chiakariga",2012,1.66830921173096
"Tharaka-Nithi","Tharaka","Chiakariga",2013,2.27444553375244
"Tharaka-Nithi","Tharaka","Chiakariga",2014,2.9330313205719
"Tharaka-Nithi","Tharaka","Chiakariga",2015,1.32581448554993
"Tharaka-Nithi","Tharaka","Chiakariga",2016,1.35522794723511
"Tharaka-Nithi","Tharaka","Chiakariga",2017,0.674297213554382
"Tharaka-Nithi","Tharaka","Chiakariga",2018,0.519813001155853
"Tharaka-Nithi","Tharaka","Chiakariga",2019,0
"Tharaka-Nithi","Tharaka","Chiakariga",2020,0
"Tharaka-Nithi","Tharaka","Chiakariga",2021,10.0023593902588
"Tharaka-Nithi","Tharaka","Chiakariga",2022,17.9387474060059
"Tharaka-Nithi","Tharaka","Chiakariga",2023,20.836519241333
"Tharaka-Nithi","Tharaka","Chiakariga",2024,27.0227546691895
"Tharaka-Nithi","Tharaka","Gatunga",2012,0
"Tharaka-Nithi","Tharaka","Gatunga",2013,0
"Tharaka-Nithi","Tharaka","Gatunga",2014,0
"Tharaka-Nithi","Tharaka","Gatunga",2015,0
"Tharaka-Nithi","Tharaka","Gatunga",2016,0
"Tharaka-Nithi","Tharaka","Gatunga",2017,0
"Tharaka-Nithi","Tharaka","Gatunga",2018,0
"Tharaka-Nithi","Tharaka","Gatunga",2019,0.591866791248322
"Tharaka-Nithi","Tharaka","Gatunga",2020,1.46674704551697
"Tharaka-Nithi","Tharaka","Gatunga",2021,1.35720992088318
"Tharaka-Nithi","Tharaka","Gatunga",2022,3.84557485580444
"Tharaka-Nithi","Tharaka","Gatunga",2023,5.23684120178223
"Tharaka-Nithi","Tharaka","Gatunga",2024,3.31349039077759
"Tharaka-Nithi","Tharaka","Mukothima",2012,0
"Tharaka-Nithi","Tharaka","Mukothima",2013,0
"Tharaka-Nithi","Tharaka","Mukothima",2014,0
"Tharaka-Nithi","Tharaka","Mukothima",2015,0
"Tharaka-Nithi","Tharaka","Mukothima",2016,0
"Tharaka-Nithi","Tharaka","Mukothima",2017,0
"Tharaka-Nithi","Tharaka","Mukothima",2018,0
"Tharaka-Nithi","Tharaka","Mukothima",2019,0
"Tharaka-Nithi","Tharaka","Mukothima",2020,0.505305528640747
"Tharaka-Nithi","Tharaka","Mukothima",2021,0
"Tharaka-Nithi","Tharaka","Mukothima",2022,1.16955518722534
"Tharaka-Nithi","Tharaka","Mukothima",2023,4.65288066864014
"Tharaka-Nithi","Tharaka","Mukothima",2024,10.8648710250854
"Tharaka-Nithi","Tharaka","Nkondi",2012,0
"Tharaka-Nithi","Tharaka","Nkondi",2013,0
"Tharaka-Nithi","Tharaka","Nkondi",2014,0
"Tharaka-Nithi","Tharaka","Nkondi",2015,0
"Tharaka-Nithi","Tharaka","Nkondi",2016,0
"Tharaka-Nithi","Tharaka","Nkondi",2017,0
"Tharaka-Nithi","Tharaka","Nkondi",2018,0
"Tharaka-Nithi","Tharaka","Nkondi",2019,0
"Tharaka-Nithi","Tharaka","Nkondi",2020,0
"Tharaka-Nithi","Tharaka","Nkondi",2021,7.78662300109863
"Tharaka-Nithi","Tharaka","Nkondi",2022,15.2397422790527
"Tharaka-Nithi","Tharaka","Nkondi",2023,14.3782644271851
"Tharaka-Nithi","Tharaka","Nkondi",2024,13.3732213973999
"Trans Nzoia","Cherangany","Chepsiro/Kiptoror",2012,0.572358667850494
"Trans Nzoia","Cherangany","Chepsiro/Kiptoror",2013,1.61865377426147
"Trans Nzoia","Cherangany","Chepsiro/Kiptoror",2014,0.865468919277191
"Trans Nzoia","Cherangany","Chepsiro/Kiptoror",2015,0.451381295919418
"Trans Nzoia","Cherangany","Chepsiro/Kiptoror",2016,1.04784023761749
"Trans Nzoia","Cherangany","Chepsiro/Kiptoror",2017,1.63299894332886
"Trans Nzoia","Cherangany","Chepsiro/Kiptoror",2018,1.70617723464966
"Trans Nzoia","Cherangany","Chepsiro/Kiptoror",2019,6.71694755554199
"Trans Nzoia","Cherangany","Chepsiro/Kiptoror",2020,5.78599691390991
"Trans Nzoia","Cherangany","Chepsiro/Kiptoror",2021,6.34095096588135
"Trans Nzoia","Cherangany","Chepsiro/Kiptoror",2022,8.03329658508301
"Trans Nzoia","Cherangany","Chepsiro/Kiptoror",2023,8.93666553497314
"Trans Nzoia","Cherangany","Chepsiro/Kiptoror",2024,9.68313121795654
"Trans Nzoia","Cherangany","Cherangany/Suwerwa",2012,0
"Trans Nzoia","Cherangany","Cherangany/Suwerwa",2013,0
"Trans Nzoia","Cherangany","Cherangany/Suwerwa",2014,0
"Trans Nzoia","Cherangany","Cherangany/Suwerwa",2015,0
"Trans Nzoia","Cherangany","Cherangany/Suwerwa",2016,0.5354123711586
"Trans Nzoia","Cherangany","Cherangany/Suwerwa",2017,0.53075784444809
"Trans Nzoia","Cherangany","Cherangany/Suwerwa",2018,0.788966476917267
"Trans Nzoia","Cherangany","Cherangany/Suwerwa",2019,1.36744976043701
"Trans Nzoia","Cherangany","Cherangany/Suwerwa",2020,0.667599856853485
"Trans Nzoia","Cherangany","Cherangany/Suwerwa",2021,1.12804484367371
"Trans Nzoia","Cherangany","Cherangany/Suwerwa",2022,6.45190382003784
"Trans Nzoia","Cherangany","Cherangany/Suwerwa",2023,6.47526836395264
"Trans Nzoia","Cherangany","Cherangany/Suwerwa",2024,8.34895896911621
"Trans Nzoia","Cherangany","Kaplamai",2012,0.592414140701294
"Trans Nzoia","Cherangany","Kaplamai",2013,0
"Trans Nzoia","Cherangany","Kaplamai",2014,0
"Trans Nzoia","Cherangany","Kaplamai",2015,0.635727107524872
"Trans Nzoia","Cherangany","Kaplamai",2016,1.20457994937897
"Trans Nzoia","Cherangany","Kaplamai",2017,2.10524892807007
"Trans Nzoia","Cherangany","Kaplamai",2018,0.712149322032928
"Trans Nzoia","Cherangany","Kaplamai",2019,1.24046444892883
"Trans Nzoia","Cherangany","Kaplamai",2020,0.152023479342461
"Trans Nzoia","Cherangany","Kaplamai",2021,1.68494045734406
"Trans Nzoia","Cherangany","Kaplamai",2022,3.95332217216492
"Trans Nzoia","Cherangany","Kaplamai",2023,8.52750015258789
"Trans Nzoia","Cherangany","Kaplamai",2024,11.3321914672852
"Trans Nzoia","Cherangany","Makutano",2012,4.87982225418091
"Trans Nzoia","Cherangany","Makutano",2013,3.65146589279175
"Trans Nzoia","Cherangany","Makutano",2014,1.21719670295715
"Trans Nzoia","Cherangany","Makutano",2015,1.8244115114212
"Trans Nzoia","Cherangany","Makutano",2016,1.02964222431183
"Trans Nzoia","Cherangany","Makutano",2017,0.517085790634155
"Trans Nzoia","Cherangany","Makutano",2018,0
"Trans Nzoia","Cherangany","Makutano",2019,0
"Trans Nzoia","Cherangany","Makutano",2020,0.543165624141693
"Trans Nzoia","Cherangany","Makutano",2021,0
"Trans Nzoia","Cherangany","Makutano",2022,2.61143517494202
"Trans Nzoia","Cherangany","Makutano",2023,4.17018222808838
"Trans Nzoia","Cherangany","Makutano",2024,2.91579818725586
"Trans Nzoia","Cherangany","Motosiet",2012,0.443239539861679
"Trans Nzoia","Cherangany","Motosiet",2013,0.589431524276733
"Trans Nzoia","Cherangany","Motosiet",2014,0.560335874557495
"Trans Nzoia","Cherangany","Motosiet",2015,1.95650207996368
"Trans Nzoia","Cherangany","Motosiet",2016,2.08823418617249
"Trans Nzoia","Cherangany","Motosiet",2017,4.41831731796265
"Trans Nzoia","Cherangany","Motosiet",2018,9.71603202819824
"Trans Nzoia","Cherangany","Motosiet",2019,16.1266326904297
"Trans Nzoia","Cherangany","Motosiet",2020,4.13603544235229
"Trans Nzoia","Cherangany","Motosiet",2021,8.82200717926025
"Trans Nzoia","Cherangany","Motosiet",2022,14.7371597290039
"Trans Nzoia","Cherangany","Motosiet",2023,21.8707885742188
"Trans Nzoia","Cherangany","Motosiet",2024,33.4986915588379
"Trans Nzoia","Cherangany","Sinyerere",2012,0
"Trans Nzoia","Cherangany","Sinyerere",2013,0
"Trans Nzoia","Cherangany","Sinyerere",2014,0
"Trans Nzoia","Cherangany","Sinyerere",2015,0
"Trans Nzoia","Cherangany","Sinyerere",2016,0.272132575511932
"Trans Nzoia","Cherangany","Sinyerere",2017,0.974944233894348
"Trans Nzoia","Cherangany","Sinyerere",2018,0
"Trans Nzoia","Cherangany","Sinyerere",2019,1.18217182159424
"Trans Nzoia","Cherangany","Sinyerere",2020,0.822620272636414
"Trans Nzoia","Cherangany","Sinyerere",2021,2.11720657348633
"Trans Nzoia","Cherangany","Sinyerere",2022,7.30366182327271
"Trans Nzoia","Cherangany","Sinyerere",2023,12.6839237213135
"Trans Nzoia","Cherangany","Sinyerere",2024,12.1912498474121
"Trans Nzoia","Cherangany","Sitatunga",2012,0.973490417003632
"Trans Nzoia","Cherangany","Sitatunga",2013,0.367858022451401
"Trans Nzoia","Cherangany","Sitatunga",2014,0.375695616006851
"Trans Nzoia","Cherangany","Sitatunga",2015,1.61851668357849
"Trans Nzoia","Cherangany","Sitatunga",2016,1.4656378030777
"Trans Nzoia","Cherangany","Sitatunga",2017,5.36556673049927
"Trans Nzoia","Cherangany","Sitatunga",2018,6.3886547088623
"Trans Nzoia","Cherangany","Sitatunga",2019,4.13110733032227
"Trans Nzoia","Cherangany","Sitatunga",2020,2.86614394187927
"Trans Nzoia","Cherangany","Sitatunga",2021,3.75695514678955
"Trans Nzoia","Cherangany","Sitatunga",2022,12.4655246734619
"Trans Nzoia","Cherangany","Sitatunga",2023,17.4713096618652
"Trans Nzoia","Cherangany","Sitatunga",2024,29.7719440460205
"Trans Nzoia","Endebess","Chepchoina",2012,0
"Trans Nzoia","Endebess","Chepchoina",2013,0
"Trans Nzoia","Endebess","Chepchoina",2014,0
"Trans Nzoia","Endebess","Chepchoina",2015,0
"Trans Nzoia","Endebess","Chepchoina",2016,0.609856843948364
"Trans Nzoia","Endebess","Chepchoina",2017,0
"Trans Nzoia","Endebess","Chepchoina",2018,0.631459653377533
"Trans Nzoia","Endebess","Chepchoina",2019,1.7641829252243
"Trans Nzoia","Endebess","Chepchoina",2020,0
"Trans Nzoia","Endebess","Chepchoina",2021,6.09050178527832
"Trans Nzoia","Endebess","Chepchoina",2022,14.0171356201172
"Trans Nzoia","Endebess","Chepchoina",2023,11.7817335128784
"Trans Nzoia","Endebess","Chepchoina",2024,9.47854614257812
"Trans Nzoia","Endebess","Endebess",2012,2.94480156898499
"Trans Nzoia","Endebess","Endebess",2013,4.76553726196289
"Trans Nzoia","Endebess","Endebess",2014,2.28633189201355
"Trans Nzoia","Endebess","Endebess",2015,3.72994065284729
"Trans Nzoia","Endebess","Endebess",2016,1.30022382736206
"Trans Nzoia","Endebess","Endebess",2017,5.72360706329346
"Trans Nzoia","Endebess","Endebess",2018,14.7635374069214
"Trans Nzoia","Endebess","Endebess",2019,17.1202621459961
"Trans Nzoia","Endebess","Endebess",2020,9.05045127868652
"Trans Nzoia","Endebess","Endebess",2021,7.43381500244141
"Trans Nzoia","Endebess","Endebess",2022,19.7638988494873
"Trans Nzoia","Endebess","Endebess",2023,23.628625869751
"Trans Nzoia","Endebess","Endebess",2024,12.9726762771606
"Trans Nzoia","Endebess","Matumbei",2012,0
"Trans Nzoia","Endebess","Matumbei",2013,0
"Trans Nzoia","Endebess","Matumbei",2014,0
"Trans Nzoia","Endebess","Matumbei",2015,0
"Trans Nzoia","Endebess","Matumbei",2016,0.566060304641724
"Trans Nzoia","Endebess","Matumbei",2017,0.682105958461761
"Trans Nzoia","Endebess","Matumbei",2018,0
"Trans Nzoia","Endebess","Matumbei",2019,1.8081488609314
"Trans Nzoia","Endebess","Matumbei",2020,0.247077777981758
"Trans Nzoia","Endebess","Matumbei",2021,1.39059627056122
"Trans Nzoia","Endebess","Matumbei",2022,10.148754119873
"Trans Nzoia","Endebess","Matumbei",2023,11.3358592987061
"Trans Nzoia","Endebess","Matumbei",2024,8.00016307830811
"Trans Nzoia","Kiminini","Hospital",2012,43.7264823913574
"Trans Nzoia","Kiminini","Hospital",2013,39.3316383361816
"Trans Nzoia","Kiminini","Hospital",2014,40.6612663269043
"Trans Nzoia","Kiminini","Hospital",2015,61.3298454284668
"Trans Nzoia","Kiminini","Hospital",2016,58.6444244384766
"Trans Nzoia","Kiminini","Hospital",2017,114.86856842041
"Trans Nzoia","Kiminini","Hospital",2018,136.704895019531
"Trans Nzoia","Kiminini","Hospital",2019,155.863067626953
"Trans Nzoia","Kiminini","Hospital",2020,140.913208007812
"Trans Nzoia","Kiminini","Hospital",2021,183.167465209961
"Trans Nzoia","Kiminini","Hospital",2022,239.371780395508
"Trans Nzoia","Kiminini","Hospital",2023,270.143402099609
"Trans Nzoia","Kiminini","Hospital",2024,292.419586181641
"Trans Nzoia","Kiminini","Kiminini",2012,7.17203330993652
"Trans Nzoia","Kiminini","Kiminini",2013,7.31457614898682
"Trans Nzoia","Kiminini","Kiminini",2014,6.49417448043823
"Trans Nzoia","Kiminini","Kiminini",2015,11.2759962081909
"Trans Nzoia","Kiminini","Kiminini",2016,12.0880136489868
"Trans Nzoia","Kiminini","Kiminini",2017,19.6935195922852
"Trans Nzoia","Kiminini","Kiminini",2018,30.8646297454834
"Trans Nzoia","Kiminini","Kiminini",2019,44.8511734008789
"Trans Nzoia","Kiminini","Kiminini",2020,41.6444091796875
"Trans Nzoia","Kiminini","Kiminini",2021,44.6024208068848
"Trans Nzoia","Kiminini","Kiminini",2022,104.749038696289
"Trans Nzoia","Kiminini","Kiminini",2023,169.068771362305
"Trans Nzoia","Kiminini","Kiminini",2024,185.340713500977
"Trans Nzoia","Kiminini","Nabiswa",2012,0.0732028037309647
"Trans Nzoia","Kiminini","Nabiswa",2013,0.0783798396587372
"Trans Nzoia","Kiminini","Nabiswa",2014,0
"Trans Nzoia","Kiminini","Nabiswa",2015,0.255757451057434
"Trans Nzoia","Kiminini","Nabiswa",2016,0.366954416036606
"Trans Nzoia","Kiminini","Nabiswa",2017,0.469862133264542
"Trans Nzoia","Kiminini","Nabiswa",2018,0.727345287799835
"Trans Nzoia","Kiminini","Nabiswa",2019,2.51874828338623
"Trans Nzoia","Kiminini","Nabiswa",2020,6.65457963943481
"Trans Nzoia","Kiminini","Nabiswa",2021,14.3262062072754
"Trans Nzoia","Kiminini","Nabiswa",2022,27.5573043823242
"Trans Nzoia","Kiminini","Nabiswa",2023,51.4016876220703
"Trans Nzoia","Kiminini","Nabiswa",2024,65.3494873046875
"Trans Nzoia","Kiminini","Sikhendu",2012,0.989731729030609
"Trans Nzoia","Kiminini","Sikhendu",2013,1.20767593383789
"Trans Nzoia","Kiminini","Sikhendu",2014,0.544824004173279
"Trans Nzoia","Kiminini","Sikhendu",2015,0.625231444835663
"Trans Nzoia","Kiminini","Sikhendu",2016,1.36929595470428
"Trans Nzoia","Kiminini","Sikhendu",2017,3.66649603843689
"Trans Nzoia","Kiminini","Sikhendu",2018,2.12057447433472
"Trans Nzoia","Kiminini","Sikhendu",2019,8.15398216247559
"Trans Nzoia","Kiminini","Sikhendu",2020,3.98964643478394
"Trans Nzoia","Kiminini","Sikhendu",2021,1.63425517082214
"Trans Nzoia","Kiminini","Sikhendu",2022,8.41672229766846
"Trans Nzoia","Kiminini","Sikhendu",2023,9.018235206604
"Trans Nzoia","Kiminini","Sikhendu",2024,11.6522674560547
"Trans Nzoia","Kiminini","Sirende",2012,0.00780115043744445
"Trans Nzoia","Kiminini","Sirende",2013,0.264303386211395
"Trans Nzoia","Kiminini","Sirende",2014,0.315685927867889
"Trans Nzoia","Kiminini","Sirende",2015,0.508103847503662
"Trans Nzoia","Kiminini","Sirende",2016,2.93847179412842
"Trans Nzoia","Kiminini","Sirende",2017,6.33626222610474
"Trans Nzoia","Kiminini","Sirende",2018,7.66585874557495
"Trans Nzoia","Kiminini","Sirende",2019,15.0949630737305
"Trans Nzoia","Kiminini","Sirende",2020,9.62457847595215
"Trans Nzoia","Kiminini","Sirende",2021,15.7742366790771
"Trans Nzoia","Kiminini","Sirende",2022,41.3214492797852
"Trans Nzoia","Kiminini","Sirende",2023,61.1655616760254
"Trans Nzoia","Kiminini","Sirende",2024,65.7626876831055
"Trans Nzoia","Kiminini","Waitaluk",2012,7.22139692306519
"Trans Nzoia","Kiminini","Waitaluk",2013,8.69869518280029
"Trans Nzoia","Kiminini","Waitaluk",2014,11.2616901397705
"Trans Nzoia","Kiminini","Waitaluk",2015,15.6029109954834
"Trans Nzoia","Kiminini","Waitaluk",2016,12.3556203842163
"Trans Nzoia","Kiminini","Waitaluk",2017,10.9860315322876
"Trans Nzoia","Kiminini","Waitaluk",2018,14.089038848877
"Trans Nzoia","Kiminini","Waitaluk",2019,26.3953762054443
"Trans Nzoia","Kiminini","Waitaluk",2020,29.7810096740723
"Trans Nzoia","Kiminini","Waitaluk",2021,37.3418006896973
"Trans Nzoia","Kiminini","Waitaluk",2022,100.939781188965
"Trans Nzoia","Kiminini","Waitaluk",2023,164.361740112305
"Trans Nzoia","Kiminini","Waitaluk",2024,175.398971557617
"Trans Nzoia","Kwanza","Bidii",2012,10.6918363571167
"Trans Nzoia","Kwanza","Bidii",2013,9.74533939361572
"Trans Nzoia","Kwanza","Bidii",2014,9.44984245300293
"Trans Nzoia","Kwanza","Bidii",2015,12.8075246810913
"Trans Nzoia","Kwanza","Bidii",2016,14.209114074707
"Trans Nzoia","Kwanza","Bidii",2017,24.8790245056152
"Trans Nzoia","Kwanza","Bidii",2018,27.6750030517578
"Trans Nzoia","Kwanza","Bidii",2019,40.4502792358398
"Trans Nzoia","Kwanza","Bidii",2020,42.7268486022949
"Trans Nzoia","Kwanza","Bidii",2021,57.5793113708496
"Trans Nzoia","Kwanza","Bidii",2022,75.0917129516602
"Trans Nzoia","Kwanza","Bidii",2023,76.2981185913086
"Trans Nzoia","Kwanza","Bidii",2024,76.5240325927734
"Trans Nzoia","Kwanza","Kapomboi",2012,0.166968941688538
"Trans Nzoia","Kwanza","Kapomboi",2013,0.152301669120789
"Trans Nzoia","Kwanza","Kapomboi",2014,0.155546605587006
"Trans Nzoia","Kwanza","Kapomboi",2015,0.192049294710159
"Trans Nzoia","Kwanza","Kapomboi",2016,1.75109970569611
"Trans Nzoia","Kwanza","Kapomboi",2017,3.84212422370911
"Trans Nzoia","Kwanza","Kapomboi",2018,1.90029501914978
"Trans Nzoia","Kwanza","Kapomboi",2019,4.88119888305664
"Trans Nzoia","Kwanza","Kapomboi",2020,7.16297340393066
"Trans Nzoia","Kwanza","Kapomboi",2021,5.98301696777344
"Trans Nzoia","Kwanza","Kapomboi",2022,15.9202575683594
"Trans Nzoia","Kwanza","Kapomboi",2023,22.4452018737793
"Trans Nzoia","Kwanza","Kapomboi",2024,25.7566146850586
"Trans Nzoia","Kwanza","Kwanza",2012,0
"Trans Nzoia","Kwanza","Kwanza",2013,0
"Trans Nzoia","Kwanza","Kwanza",2014,0
"Trans Nzoia","Kwanza","Kwanza",2015,0
"Trans Nzoia","Kwanza","Kwanza",2016,2.01790738105774
"Trans Nzoia","Kwanza","Kwanza",2017,1.12343621253967
"Trans Nzoia","Kwanza","Kwanza",2018,1.32798755168915
"Trans Nzoia","Kwanza","Kwanza",2019,5.4643235206604
"Trans Nzoia","Kwanza","Kwanza",2020,1.39005827903748
"Trans Nzoia","Kwanza","Kwanza",2021,3.65389037132263
"Trans Nzoia","Kwanza","Kwanza",2022,9.42221546173096
"Trans Nzoia","Kwanza","Kwanza",2023,4.51285362243652
"Trans Nzoia","Kwanza","Kwanza",2024,3.6792266368866
"Trans Nzoia","Saboti","Kinyoro",2012,0
"Trans Nzoia","Saboti","Kinyoro",2013,0
"Trans Nzoia","Saboti","Kinyoro",2014,0
"Trans Nzoia","Saboti","Kinyoro",2015,0
"Trans Nzoia","Saboti","Kinyoro",2016,0
"Trans Nzoia","Saboti","Kinyoro",2017,0.502601146697998
"Trans Nzoia","Saboti","Kinyoro",2018,0
"Trans Nzoia","Saboti","Kinyoro",2019,0
"Trans Nzoia","Saboti","Kinyoro",2020,2.44749402999878
"Trans Nzoia","Saboti","Kinyoro",2021,5.67924976348877
"Trans Nzoia","Saboti","Kinyoro",2022,13.155216217041
"Trans Nzoia","Saboti","Kinyoro",2023,17.4407424926758
"Trans Nzoia","Saboti","Kinyoro",2024,19.0609683990479
"Trans Nzoia","Saboti","Machewa",2012,0
"Trans Nzoia","Saboti","Machewa",2013,0
"Trans Nzoia","Saboti","Machewa",2014,0
"Trans Nzoia","Saboti","Machewa",2015,0
"Trans Nzoia","Saboti","Machewa",2016,0.199412107467651
"Trans Nzoia","Saboti","Machewa",2017,0.310494065284729
"Trans Nzoia","Saboti","Machewa",2018,0
"Trans Nzoia","Saboti","Machewa",2019,1.08627605438232
"Trans Nzoia","Saboti","Machewa",2020,0.304502755403519
"Trans Nzoia","Saboti","Machewa",2021,0.268611282110214
"Trans Nzoia","Saboti","Machewa",2022,7.64278602600098
"Trans Nzoia","Saboti","Machewa",2023,5.09308815002441
"Trans Nzoia","Saboti","Machewa",2024,2.16805243492126
"Trans Nzoia","Saboti","Matisi",2012,46.481201171875
"Trans Nzoia","Saboti","Matisi",2013,47.5615768432617
"Trans Nzoia","Saboti","Matisi",2014,53.8798713684082
"Trans Nzoia","Saboti","Matisi",2015,85.7501754760742
"Trans Nzoia","Saboti","Matisi",2016,101.227485656738
"Trans Nzoia","Saboti","Matisi",2017,151.955627441406
"Trans Nzoia","Saboti","Matisi",2018,171.93115234375
"Trans Nzoia","Saboti","Matisi",2019,197.535308837891
"Trans Nzoia","Saboti","Matisi",2020,179.269973754883
"Trans Nzoia","Saboti","Matisi",2021,194.034103393555
"Trans Nzoia","Saboti","Matisi",2022,227.820541381836
"Trans Nzoia","Saboti","Matisi",2023,261.907287597656
"Trans Nzoia","Saboti","Matisi",2024,270.342224121094
"Trans Nzoia","Saboti","Saboti",2012,0
"Trans Nzoia","Saboti","Saboti",2013,0
"Trans Nzoia","Saboti","Saboti",2014,0
"Trans Nzoia","Saboti","Saboti",2015,0
"Trans Nzoia","Saboti","Saboti",2016,2.5841178894043
"Trans Nzoia","Saboti","Saboti",2017,1.87491893768311
"Trans Nzoia","Saboti","Saboti",2018,15.4770231246948
"Trans Nzoia","Saboti","Saboti",2019,11.15980052948
"Trans Nzoia","Saboti","Saboti",2020,3.51237106323242
"Trans Nzoia","Saboti","Saboti",2021,9.96134090423584
"Trans Nzoia","Saboti","Saboti",2022,22.9976673126221
"Trans Nzoia","Saboti","Saboti",2023,26.9459228515625
"Trans Nzoia","Saboti","Saboti",2024,27.972110748291
"Trans Nzoia","Saboti","Tuwani",2012,19.9851398468018
"Trans Nzoia","Saboti","Tuwani",2013,18.3637046813965
"Trans Nzoia","Saboti","Tuwani",2014,19.853687286377
"Trans Nzoia","Saboti","Tuwani",2015,26.313835144043
"Trans Nzoia","Saboti","Tuwani",2016,27.9236316680908
"Trans Nzoia","Saboti","Tuwani",2017,41.1973838806152
"Trans Nzoia","Saboti","Tuwani",2018,74.1071624755859
"Trans Nzoia","Saboti","Tuwani",2019,130.813888549805
"Trans Nzoia","Saboti","Tuwani",2020,102.044921875
"Trans Nzoia","Saboti","Tuwani",2021,121.632637023926
"Trans Nzoia","Saboti","Tuwani",2022,124.723266601562
"Trans Nzoia","Saboti","Tuwani",2023,107.106025695801
"Trans Nzoia","Saboti","Tuwani",2024,110.391891479492
"Trans Nzoia","unknown 4","unknown 4",2012,0.000206123382668011
"Trans Nzoia","unknown 4","unknown 4",2013,0
"Trans Nzoia","unknown 4","unknown 4",2014,0
"Trans Nzoia","unknown 4","unknown 4",2015,0.000187657235073857
"Trans Nzoia","unknown 4","unknown 4",2016,0.685399949550629
"Trans Nzoia","unknown 4","unknown 4",2017,1.3641095161438
"Trans Nzoia","unknown 4","unknown 4",2018,0.583466172218323
"Trans Nzoia","unknown 4","unknown 4",2019,3.79440212249756
"Trans Nzoia","unknown 4","unknown 4",2020,4.19515705108643
"Trans Nzoia","unknown 4","unknown 4",2021,3.57095503807068
"Trans Nzoia","unknown 4","unknown 4",2022,5.13481616973877
"Trans Nzoia","unknown 4","unknown 4",2023,12.2546072006226
"Trans Nzoia","unknown 4","unknown 4",2024,10.9505233764648
"Turkana","Loima","Kotaruk/Lobei",2012,0
"Turkana","Loima","Kotaruk/Lobei",2013,0
"Turkana","Loima","Kotaruk/Lobei",2014,0
"Turkana","Loima","Kotaruk/Lobei",2015,0
"Turkana","Loima","Kotaruk/Lobei",2016,0
"Turkana","Loima","Kotaruk/Lobei",2017,0
"Turkana","Loima","Kotaruk/Lobei",2018,0
"Turkana","Loima","Kotaruk/Lobei",2019,0
"Turkana","Loima","Kotaruk/Lobei",2020,0
"Turkana","Loima","Kotaruk/Lobei",2021,0
"Turkana","Loima","Kotaruk/Lobei",2022,0
"Turkana","Loima","Kotaruk/Lobei",2023,0
"Turkana","Loima","Kotaruk/Lobei",2024,0
"Turkana","Loima","Loima",2012,0
"Turkana","Loima","Loima",2013,0
"Turkana","Loima","Loima",2014,0
"Turkana","Loima","Loima",2015,0
"Turkana","Loima","Loima",2016,0
"Turkana","Loima","Loima",2017,0
"Turkana","Loima","Loima",2018,0
"Turkana","Loima","Loima",2019,0
"Turkana","Loima","Loima",2020,0
"Turkana","Loima","Loima",2021,0
"Turkana","Loima","Loima",2022,0
"Turkana","Loima","Loima",2023,0
"Turkana","Loima","Loima",2024,0
"Turkana","Loima","Lokiriama/Lorengippi",2012,0
"Turkana","Loima","Lokiriama/Lorengippi",2013,0
"Turkana","Loima","Lokiriama/Lorengippi",2014,0
"Turkana","Loima","Lokiriama/Lorengippi",2015,0
"Turkana","Loima","Lokiriama/Lorengippi",2016,0
"Turkana","Loima","Lokiriama/Lorengippi",2017,0
"Turkana","Loima","Lokiriama/Lorengippi",2018,0
"Turkana","Loima","Lokiriama/Lorengippi",2019,0
"Turkana","Loima","Lokiriama/Lorengippi",2020,0
"Turkana","Loima","Lokiriama/Lorengippi",2021,0
"Turkana","Loima","Lokiriama/Lorengippi",2022,0
"Turkana","Loima","Lokiriama/Lorengippi",2023,0
"Turkana","Loima","Lokiriama/Lorengippi",2024,0
"Turkana","Loima","Turkwel",2012,0
"Turkana","Loima","Turkwel",2013,0
"Turkana","Loima","Turkwel",2014,0
"Turkana","Loima","Turkwel",2015,0
"Turkana","Loima","Turkwel",2016,0
"Turkana","Loima","Turkwel",2017,0
"Turkana","Loima","Turkwel",2018,0
"Turkana","Loima","Turkwel",2019,0.25614458322525
"Turkana","Loima","Turkwel",2020,0
"Turkana","Loima","Turkwel",2021,1.51757526397705
"Turkana","Loima","Turkwel",2022,9.03279495239258
"Turkana","Loima","Turkwel",2023,10.4761734008789
"Turkana","Loima","Turkwel",2024,17.9820022583008
"Turkana","Turkana Central","Kalokol",2012,6.42645883560181
"Turkana","Turkana Central","Kalokol",2013,5.7586350440979
"Turkana","Turkana Central","Kalokol",2014,1.01511919498444
"Turkana","Turkana Central","Kalokol",2015,0
"Turkana","Turkana Central","Kalokol",2016,1.38705563545227
"Turkana","Turkana Central","Kalokol",2017,4.20443487167358
"Turkana","Turkana Central","Kalokol",2018,3.36625695228577
"Turkana","Turkana Central","Kalokol",2019,0
"Turkana","Turkana Central","Kalokol",2020,0
"Turkana","Turkana Central","Kalokol",2021,0
"Turkana","Turkana Central","Kalokol",2022,0.529919683933258
"Turkana","Turkana Central","Kalokol",2023,0
"Turkana","Turkana Central","Kalokol",2024,0.534888982772827
"Turkana","Turkana Central","Kanamkemer",2012,28.1467342376709
"Turkana","Turkana Central","Kanamkemer",2013,31.4107360839844
"Turkana","Turkana Central","Kanamkemer",2014,38.7813529968262
"Turkana","Turkana Central","Kanamkemer",2015,61.565673828125
"Turkana","Turkana Central","Kanamkemer",2016,127.699760437012
"Turkana","Turkana Central","Kanamkemer",2017,117.480392456055
"Turkana","Turkana Central","Kanamkemer",2018,102.938957214355
"Turkana","Turkana Central","Kanamkemer",2019,124.770660400391
"Turkana","Turkana Central","Kanamkemer",2020,159.371963500977
"Turkana","Turkana Central","Kanamkemer",2021,210.626098632812
"Turkana","Turkana Central","Kanamkemer",2022,304.241149902344
"Turkana","Turkana Central","Kanamkemer",2023,440.324005126953
"Turkana","Turkana Central","Kanamkemer",2024,414.106872558594
"Turkana","Turkana Central","Kang'Atotha",2012,0
"Turkana","Turkana Central","Kang'Atotha",2013,0
"Turkana","Turkana Central","Kang'Atotha",2014,0
"Turkana","Turkana Central","Kang'Atotha",2015,0
"Turkana","Turkana Central","Kang'Atotha",2016,0
"Turkana","Turkana Central","Kang'Atotha",2017,0
"Turkana","Turkana Central","Kang'Atotha",2018,0
"Turkana","Turkana Central","Kang'Atotha",2019,0
"Turkana","Turkana Central","Kang'Atotha",2020,0
"Turkana","Turkana Central","Kang'Atotha",2021,0
"Turkana","Turkana Central","Kang'Atotha",2022,0
"Turkana","Turkana Central","Kang'Atotha",2023,0
"Turkana","Turkana Central","Kang'Atotha",2024,0
"Turkana","Turkana Central","Kerio Delta",2012,0
"Turkana","Turkana Central","Kerio Delta",2013,0
"Turkana","Turkana Central","Kerio Delta",2014,0.000569596071727574
"Turkana","Turkana Central","Kerio Delta",2015,0
"Turkana","Turkana Central","Kerio Delta",2016,0
"Turkana","Turkana Central","Kerio Delta",2017,0
"Turkana","Turkana Central","Kerio Delta",2018,0
"Turkana","Turkana Central","Kerio Delta",2019,0
"Turkana","Turkana Central","Kerio Delta",2020,0
"Turkana","Turkana Central","Kerio Delta",2021,0
"Turkana","Turkana Central","Kerio Delta",2022,0
"Turkana","Turkana Central","Kerio Delta",2023,0
"Turkana","Turkana Central","Kerio Delta",2024,0
"Turkana","Turkana Central","Lodwar Township",2012,5.55708694458008
"Turkana","Turkana Central","Lodwar Township",2013,6.59016942977905
"Turkana","Turkana Central","Lodwar Township",2014,8.79171657562256
"Turkana","Turkana Central","Lodwar Township",2015,11.057544708252
"Turkana","Turkana Central","Lodwar Township",2016,22.1603317260742
"Turkana","Turkana Central","Lodwar Township",2017,20.6141357421875
"Turkana","Turkana Central","Lodwar Township",2018,15.976261138916
"Turkana","Turkana Central","Lodwar Township",2019,16.1973552703857
"Turkana","Turkana Central","Lodwar Township",2020,18.7591419219971
"Turkana","Turkana Central","Lodwar Township",2021,29.4915714263916
"Turkana","Turkana Central","Lodwar Township",2022,51.4480018615723
"Turkana","Turkana Central","Lodwar Township",2023,74.896842956543
"Turkana","Turkana Central","Lodwar Township",2024,79.7457427978516
"Turkana","Turkana East","Kapedo/Napeitom",2012,0
"Turkana","Turkana East","Kapedo/Napeitom",2013,0
"Turkana","Turkana East","Kapedo/Napeitom",2014,0
"Turkana","Turkana East","Kapedo/Napeitom",2015,0
"Turkana","Turkana East","Kapedo/Napeitom",2016,0
"Turkana","Turkana East","Kapedo/Napeitom",2017,0
"Turkana","Turkana East","Kapedo/Napeitom",2018,0
"Turkana","Turkana East","Kapedo/Napeitom",2019,0
"Turkana","Turkana East","Kapedo/Napeitom",2020,0
"Turkana","Turkana East","Kapedo/Napeitom",2021,0
"Turkana","Turkana East","Kapedo/Napeitom",2022,0
"Turkana","Turkana East","Kapedo/Napeitom",2023,0.0112324515357614
"Turkana","Turkana East","Kapedo/Napeitom",2024,0
"Turkana","Turkana East","Katilia",2012,0
"Turkana","Turkana East","Katilia",2013,0
"Turkana","Turkana East","Katilia",2014,0
"Turkana","Turkana East","Katilia",2015,0
"Turkana","Turkana East","Katilia",2016,0
"Turkana","Turkana East","Katilia",2017,0
"Turkana","Turkana East","Katilia",2018,0
"Turkana","Turkana East","Katilia",2019,0
"Turkana","Turkana East","Katilia",2020,0
"Turkana","Turkana East","Katilia",2021,0
"Turkana","Turkana East","Katilia",2022,11.5437450408936
"Turkana","Turkana East","Katilia",2023,8.64432716369629
"Turkana","Turkana East","Katilia",2024,2.02595472335815
"Turkana","Turkana North","Kaaleng/Kaikor",2012,0
"Turkana","Turkana North","Kaaleng/Kaikor",2013,0
"Turkana","Turkana North","Kaaleng/Kaikor",2014,0
"Turkana","Turkana North","Kaaleng/Kaikor",2015,0
"Turkana","Turkana North","Kaaleng/Kaikor",2016,0
"Turkana","Turkana North","Kaaleng/Kaikor",2017,0
"Turkana","Turkana North","Kaaleng/Kaikor",2018,0
"Turkana","Turkana North","Kaaleng/Kaikor",2019,0
"Turkana","Turkana North","Kaaleng/Kaikor",2020,0
"Turkana","Turkana North","Kaaleng/Kaikor",2021,0
"Turkana","Turkana North","Kaaleng/Kaikor",2022,0
"Turkana","Turkana North","Kaaleng/Kaikor",2023,0
"Turkana","Turkana North","Kaaleng/Kaikor",2024,0
"Turkana","Turkana North","Kaeris",2012,0
"Turkana","Turkana North","Kaeris",2013,0
"Turkana","Turkana North","Kaeris",2014,0
"Turkana","Turkana North","Kaeris",2015,0
"Turkana","Turkana North","Kaeris",2016,0
"Turkana","Turkana North","Kaeris",2017,0
"Turkana","Turkana North","Kaeris",2018,0
"Turkana","Turkana North","Kaeris",2019,0
"Turkana","Turkana North","Kaeris",2020,0
"Turkana","Turkana North","Kaeris",2021,0
"Turkana","Turkana North","Kaeris",2022,0.392411023378372
"Turkana","Turkana North","Kaeris",2023,0.890510141849518
"Turkana","Turkana North","Kaeris",2024,0
"Turkana","Turkana North","Kibish",2012,0
"Turkana","Turkana North","Kibish",2013,0
"Turkana","Turkana North","Kibish",2014,0
"Turkana","Turkana North","Kibish",2015,0
"Turkana","Turkana North","Kibish",2016,0
"Turkana","Turkana North","Kibish",2017,0
"Turkana","Turkana North","Kibish",2018,0
"Turkana","Turkana North","Kibish",2019,0
"Turkana","Turkana North","Kibish",2020,0
"Turkana","Turkana North","Kibish",2021,0
"Turkana","Turkana North","Kibish",2022,0
"Turkana","Turkana North","Kibish",2023,0
"Turkana","Turkana North","Kibish",2024,0
"Turkana","Turkana North","Lake Zone",2012,0.597413599491119
"Turkana","Turkana North","Lake Zone",2013,0.960550844669342
"Turkana","Turkana North","Lake Zone",2014,0
"Turkana","Turkana North","Lake Zone",2015,0
"Turkana","Turkana North","Lake Zone",2016,0
"Turkana","Turkana North","Lake Zone",2017,0
"Turkana","Turkana North","Lake Zone",2018,0
"Turkana","Turkana North","Lake Zone",2019,0
"Turkana","Turkana North","Lake Zone",2020,0
"Turkana","Turkana North","Lake Zone",2021,0
"Turkana","Turkana North","Lake Zone",2022,0
"Turkana","Turkana North","Lake Zone",2023,0
"Turkana","Turkana North","Lake Zone",2024,0
"Turkana","Turkana North","Lapur",2012,0
"Turkana","Turkana North","Lapur",2013,0
"Turkana","Turkana North","Lapur",2014,0
"Turkana","Turkana North","Lapur",2015,0
"Turkana","Turkana North","Lapur",2016,0
"Turkana","Turkana North","Lapur",2017,0
"Turkana","Turkana North","Lapur",2018,0
"Turkana","Turkana North","Lapur",2019,0
"Turkana","Turkana North","Lapur",2020,0
"Turkana","Turkana North","Lapur",2021,0
"Turkana","Turkana North","Lapur",2022,0
"Turkana","Turkana North","Lapur",2023,0
"Turkana","Turkana North","Lapur",2024,0
"Turkana","Turkana North","Nakalale",2012,0
"Turkana","Turkana North","Nakalale",2013,0
"Turkana","Turkana North","Nakalale",2014,0
"Turkana","Turkana North","Nakalale",2015,0
"Turkana","Turkana North","Nakalale",2016,0
"Turkana","Turkana North","Nakalale",2017,0
"Turkana","Turkana North","Nakalale",2018,0
"Turkana","Turkana North","Nakalale",2019,0
"Turkana","Turkana North","Nakalale",2020,0
"Turkana","Turkana North","Nakalale",2021,0
"Turkana","Turkana North","Nakalale",2022,0.242668360471725
"Turkana","Turkana North","Nakalale",2023,0.24382945895195
"Turkana","Turkana North","Nakalale",2024,0
"Turkana","Turkana South","Kalapata",2012,0
"Turkana","Turkana South","Kalapata",2013,10.7476110458374
"Turkana","Turkana South","Kalapata",2014,5.13745355606079
"Turkana","Turkana South","Kalapata",2015,0
"Turkana","Turkana South","Kalapata",2016,0
"Turkana","Turkana South","Kalapata",2017,0
"Turkana","Turkana South","Kalapata",2018,0
"Turkana","Turkana South","Kalapata",2019,0
"Turkana","Turkana South","Kalapata",2020,0
"Turkana","Turkana South","Kalapata",2021,0
"Turkana","Turkana South","Kalapata",2022,1.68652164936066
"Turkana","Turkana South","Kalapata",2023,1.03316116333008
"Turkana","Turkana South","Kalapata",2024,0
"Turkana","Turkana South","Kaputir",2012,0
"Turkana","Turkana South","Kaputir",2013,0
"Turkana","Turkana South","Kaputir",2014,0
"Turkana","Turkana South","Kaputir",2015,0
"Turkana","Turkana South","Kaputir",2016,0
"Turkana","Turkana South","Kaputir",2017,0
"Turkana","Turkana South","Kaputir",2018,0
"Turkana","Turkana South","Kaputir",2019,0
"Turkana","Turkana South","Kaputir",2020,0
"Turkana","Turkana South","Kaputir",2021,0
"Turkana","Turkana South","Kaputir",2022,0
"Turkana","Turkana South","Kaputir",2023,0
"Turkana","Turkana South","Kaputir",2024,0
"Turkana","Turkana South","Katilu",2012,12.7760553359985
"Turkana","Turkana South","Katilu",2013,0
"Turkana","Turkana South","Katilu",2014,0
"Turkana","Turkana South","Katilu",2015,0
"Turkana","Turkana South","Katilu",2016,0
"Turkana","Turkana South","Katilu",2017,0.506840705871582
"Turkana","Turkana South","Katilu",2018,0
"Turkana","Turkana South","Katilu",2019,0
"Turkana","Turkana South","Katilu",2020,0
"Turkana","Turkana South","Katilu",2021,0
"Turkana","Turkana South","Katilu",2022,3.90159726142883
"Turkana","Turkana South","Katilu",2023,8.07676696777344
"Turkana","Turkana South","Katilu",2024,5.37011241912842
"Turkana","Turkana South","Lobokat",2012,0.452852010726929
"Turkana","Turkana South","Lobokat",2013,0.468974351882935
"Turkana","Turkana South","Lobokat",2014,0.552413463592529
"Turkana","Turkana South","Lobokat",2015,0.520951747894287
"Turkana","Turkana South","Lobokat",2016,0.593433976173401
"Turkana","Turkana South","Lobokat",2017,0
"Turkana","Turkana South","Lobokat",2018,0.462724179029465
"Turkana","Turkana South","Lobokat",2019,1.01573753356934
"Turkana","Turkana South","Lobokat",2020,0.50313812494278
"Turkana","Turkana South","Lobokat",2021,2.50851440429688
"Turkana","Turkana South","Lobokat",2022,10.2960090637207
"Turkana","Turkana South","Lobokat",2023,8.92044925689697
"Turkana","Turkana South","Lobokat",2024,8.62411308288574
"Turkana","Turkana South","Lokichar",2012,7.68957138061523
"Turkana","Turkana South","Lokichar",2013,16.844898223877
"Turkana","Turkana South","Lokichar",2014,52.8870964050293
"Turkana","Turkana South","Lokichar",2015,29.6941051483154
"Turkana","Turkana South","Lokichar",2016,19.091480255127
"Turkana","Turkana South","Lokichar",2017,14.2999324798584
"Turkana","Turkana South","Lokichar",2018,17.5757617950439
"Turkana","Turkana South","Lokichar",2019,17.5010986328125
"Turkana","Turkana South","Lokichar",2020,11.023681640625
"Turkana","Turkana South","Lokichar",2021,32.5962715148926
"Turkana","Turkana South","Lokichar",2022,38.4241180419922
"Turkana","Turkana South","Lokichar",2023,58.1764869689941
"Turkana","Turkana South","Lokichar",2024,88.4833297729492
"Turkana","Turkana West","Kakuma",2012,25.7682819366455
"Turkana","Turkana West","Kakuma",2013,31.3264617919922
"Turkana","Turkana West","Kakuma",2014,34.5355796813965
"Turkana","Turkana West","Kakuma",2015,34.6777954101562
"Turkana","Turkana West","Kakuma",2016,34.7594795227051
"Turkana","Turkana West","Kakuma",2017,43.027400970459
"Turkana","Turkana West","Kakuma",2018,50.0255584716797
"Turkana","Turkana West","Kakuma",2019,46.0627288818359
"Turkana","Turkana West","Kakuma",2020,40.1289024353027
"Turkana","Turkana West","Kakuma",2021,69.83056640625
"Turkana","Turkana West","Kakuma",2022,81.1755905151367
"Turkana","Turkana West","Kakuma",2023,155.645843505859
"Turkana","Turkana West","Kakuma",2024,156.723999023438
"Turkana","Turkana West","Kalobeyei",2012,0
"Turkana","Turkana West","Kalobeyei",2013,0
"Turkana","Turkana West","Kalobeyei",2014,0
"Turkana","Turkana West","Kalobeyei",2015,0
"Turkana","Turkana West","Kalobeyei",2016,0
"Turkana","Turkana West","Kalobeyei",2017,0
"Turkana","Turkana West","Kalobeyei",2018,0
"Turkana","Turkana West","Kalobeyei",2019,0
"Turkana","Turkana West","Kalobeyei",2020,0
"Turkana","Turkana West","Kalobeyei",2021,0
"Turkana","Turkana West","Kalobeyei",2022,0.437313765287399
"Turkana","Turkana West","Kalobeyei",2023,0
"Turkana","Turkana West","Kalobeyei",2024,0
"Turkana","Turkana West","Letea",2012,2.2357873916626
"Turkana","Turkana West","Letea",2013,4.17819976806641
"Turkana","Turkana West","Letea",2014,3.95743775367737
"Turkana","Turkana West","Letea",2015,3.28357076644897
"Turkana","Turkana West","Letea",2016,7.59829330444336
"Turkana","Turkana West","Letea",2017,8.84105491638184
"Turkana","Turkana West","Letea",2018,5.03913068771362
"Turkana","Turkana West","Letea",2019,5.0803337097168
"Turkana","Turkana West","Letea",2020,3.01687979698181
"Turkana","Turkana West","Letea",2021,8.16930484771729
"Turkana","Turkana West","Letea",2022,15.3230466842651
"Turkana","Turkana West","Letea",2023,53.4723510742188
"Turkana","Turkana West","Letea",2024,44.2041854858398
"Turkana","Turkana West","Lokichoggio",2012,14.5943880081177
"Turkana","Turkana West","Lokichoggio",2013,15.9894418716431
"Turkana","Turkana West","Lokichoggio",2014,17.7212581634521
"Turkana","Turkana West","Lokichoggio",2015,23.6542816162109
"Turkana","Turkana West","Lokichoggio",2016,20.9601078033447
"Turkana","Turkana West","Lokichoggio",2017,27.553674697876
"Turkana","Turkana West","Lokichoggio",2018,11.9740886688232
"Turkana","Turkana West","Lokichoggio",2019,15.4698677062988
"Turkana","Turkana West","Lokichoggio",2020,9.13437461853027
"Turkana","Turkana West","Lokichoggio",2021,9.9108715057373
"Turkana","Turkana West","Lokichoggio",2022,15.4375171661377
"Turkana","Turkana West","Lokichoggio",2023,25.4794387817383
"Turkana","Turkana West","Lokichoggio",2024,29.4509735107422
"Turkana","Turkana West","Lopur",2012,0
"Turkana","Turkana West","Lopur",2013,0
"Turkana","Turkana West","Lopur",2014,0
"Turkana","Turkana West","Lopur",2015,0
"Turkana","Turkana West","Lopur",2016,0
"Turkana","Turkana West","Lopur",2017,0
"Turkana","Turkana West","Lopur",2018,0
"Turkana","Turkana West","Lopur",2019,0.0512272156774998
"Turkana","Turkana West","Lopur",2020,0.304650723934174
"Turkana","Turkana West","Lopur",2021,0.360154956579208
"Turkana","Turkana West","Lopur",2022,0.44985368847847
"Turkana","Turkana West","Lopur",2023,1.35525918006897
"Turkana","Turkana West","Lopur",2024,1.14532017707825
"Turkana","Turkana West","Nanaam",2012,0
"Turkana","Turkana West","Nanaam",2013,0
"Turkana","Turkana West","Nanaam",2014,0
"Turkana","Turkana West","Nanaam",2015,0
"Turkana","Turkana West","Nanaam",2016,0
"Turkana","Turkana West","Nanaam",2017,0
"Turkana","Turkana West","Nanaam",2018,0
"Turkana","Turkana West","Nanaam",2019,0
"Turkana","Turkana West","Nanaam",2020,0
"Turkana","Turkana West","Nanaam",2021,0
"Turkana","Turkana West","Nanaam",2022,0
"Turkana","Turkana West","Nanaam",2023,0
"Turkana","Turkana West","Nanaam",2024,0
"Turkana","Turkana West","Songot",2012,0
"Turkana","Turkana West","Songot",2013,0
"Turkana","Turkana West","Songot",2014,0
"Turkana","Turkana West","Songot",2015,0
"Turkana","Turkana West","Songot",2016,0
"Turkana","Turkana West","Songot",2017,0
"Turkana","Turkana West","Songot",2018,0
"Turkana","Turkana West","Songot",2019,0
"Turkana","Turkana West","Songot",2020,0
"Turkana","Turkana West","Songot",2021,0
"Turkana","Turkana West","Songot",2022,0
"Turkana","Turkana West","Songot",2023,0
"Turkana","Turkana West","Songot",2024,0
"Turkana","unknown 2","unknown 2",2012,11.2550649642944
"Turkana","unknown 2","unknown 2",2013,5.93235015869141
"Turkana","unknown 2","unknown 2",2014,10.0225381851196
"Turkana","unknown 2","unknown 2",2015,40.7662048339844
"Turkana","unknown 2","unknown 2",2016,0
"Turkana","unknown 2","unknown 2",2017,1.75252032279968
"Turkana","unknown 2","unknown 2",2018,20.2584037780762
"Turkana","unknown 2","unknown 2",2019,89.8331604003906
"Turkana","unknown 2","unknown 2",2020,16.4469966888428
"Turkana","unknown 2","unknown 2",2021,14.3787708282471
"Turkana","unknown 2","unknown 2",2022,37.3056907653809
"Turkana","unknown 2","unknown 2",2023,31.219596862793
"Turkana","unknown 2","unknown 2",2024,22.690845489502
"Uasin Gishu","Ainabkoi","Ainabkoi/Olare",2012,3.17826318740845
"Uasin Gishu","Ainabkoi","Ainabkoi/Olare",2013,3.11556315422058
"Uasin Gishu","Ainabkoi","Ainabkoi/Olare",2014,2.02786755561829
"Uasin Gishu","Ainabkoi","Ainabkoi/Olare",2015,2.75868940353394
"Uasin Gishu","Ainabkoi","Ainabkoi/Olare",2016,1.99110066890717
"Uasin Gishu","Ainabkoi","Ainabkoi/Olare",2017,3.3360116481781
"Uasin Gishu","Ainabkoi","Ainabkoi/Olare",2018,23.4670009613037
"Uasin Gishu","Ainabkoi","Ainabkoi/Olare",2019,26.8337726593018
"Uasin Gishu","Ainabkoi","Ainabkoi/Olare",2020,21.8685207366943
"Uasin Gishu","Ainabkoi","Ainabkoi/Olare",2021,27.1094589233398
"Uasin Gishu","Ainabkoi","Ainabkoi/Olare",2022,28.3429679870605
"Uasin Gishu","Ainabkoi","Ainabkoi/Olare",2023,39.1483726501465
"Uasin Gishu","Ainabkoi","Ainabkoi/Olare",2024,41.2181167602539
"Uasin Gishu","Ainabkoi","Kapsoya",2012,87.393913269043
"Uasin Gishu","Ainabkoi","Kapsoya",2013,83.7793807983398
"Uasin Gishu","Ainabkoi","Kapsoya",2014,95.9287338256836
"Uasin Gishu","Ainabkoi","Kapsoya",2015,128.969619750977
"Uasin Gishu","Ainabkoi","Kapsoya",2016,190.340927124023
"Uasin Gishu","Ainabkoi","Kapsoya",2017,294.552947998047
"Uasin Gishu","Ainabkoi","Kapsoya",2018,343.348602294922
"Uasin Gishu","Ainabkoi","Kapsoya",2019,397.784088134766
"Uasin Gishu","Ainabkoi","Kapsoya",2020,406.639099121094
"Uasin Gishu","Ainabkoi","Kapsoya",2021,521.312133789062
"Uasin Gishu","Ainabkoi","Kapsoya",2022,613.075256347656
"Uasin Gishu","Ainabkoi","Kapsoya",2023,646.549255371094
"Uasin Gishu","Ainabkoi","Kapsoya",2024,697.176940917969
"Uasin Gishu","Ainabkoi","Kaptagat",2012,2.44508147239685
"Uasin Gishu","Ainabkoi","Kaptagat",2013,1.82452630996704
"Uasin Gishu","Ainabkoi","Kaptagat",2014,3.68465256690979
"Uasin Gishu","Ainabkoi","Kaptagat",2015,6.73023271560669
"Uasin Gishu","Ainabkoi","Kaptagat",2016,7.05220127105713
"Uasin Gishu","Ainabkoi","Kaptagat",2017,8.7481689453125
"Uasin Gishu","Ainabkoi","Kaptagat",2018,18.6805267333984
"Uasin Gishu","Ainabkoi","Kaptagat",2019,20.4604663848877
"Uasin Gishu","Ainabkoi","Kaptagat",2020,61.023136138916
"Uasin Gishu","Ainabkoi","Kaptagat",2021,82.5085830688477
"Uasin Gishu","Ainabkoi","Kaptagat",2022,132.792724609375
"Uasin Gishu","Ainabkoi","Kaptagat",2023,175.089630126953
"Uasin Gishu","Ainabkoi","Kaptagat",2024,218.325103759766
"Uasin Gishu","Kapseret","Kipkenyo",2012,146.914016723633
"Uasin Gishu","Kapseret","Kipkenyo",2013,169.642883300781
"Uasin Gishu","Kapseret","Kipkenyo",2014,172.495651245117
"Uasin Gishu","Kapseret","Kipkenyo",2015,220.935791015625
"Uasin Gishu","Kapseret","Kipkenyo",2016,292.441009521484
"Uasin Gishu","Kapseret","Kipkenyo",2017,347.717102050781
"Uasin Gishu","Kapseret","Kipkenyo",2018,395.268005371094
"Uasin Gishu","Kapseret","Kipkenyo",2019,418.960815429688
"Uasin Gishu","Kapseret","Kipkenyo",2020,383.722839355469
"Uasin Gishu","Kapseret","Kipkenyo",2021,457.840179443359
"Uasin Gishu","Kapseret","Kipkenyo",2022,534.129333496094
"Uasin Gishu","Kapseret","Kipkenyo",2023,599.2763671875
"Uasin Gishu","Kapseret","Kipkenyo",2024,715.325927734375
"Uasin Gishu","Kapseret","Langas",2012,1.5166722536087
"Uasin Gishu","Kapseret","Langas",2013,2.99868512153625
"Uasin Gishu","Kapseret","Langas",2014,1.30554091930389
"Uasin Gishu","Kapseret","Langas",2015,3.08699202537537
"Uasin Gishu","Kapseret","Langas",2016,2.08041524887085
"Uasin Gishu","Kapseret","Langas",2017,2.81907153129578
"Uasin Gishu","Kapseret","Langas",2018,4.38360357284546
"Uasin Gishu","Kapseret","Langas",2019,5.74958324432373
"Uasin Gishu","Kapseret","Langas",2020,5.11498880386353
"Uasin Gishu","Kapseret","Langas",2021,19.2986450195312
"Uasin Gishu","Kapseret","Langas",2022,56.3447685241699
"Uasin Gishu","Kapseret","Langas",2023,63.977424621582
"Uasin Gishu","Kapseret","Langas",2024,81.9115447998047
"Uasin Gishu","Kapseret","Megun",2012,0.134293988347054
"Uasin Gishu","Kapseret","Megun",2013,0
"Uasin Gishu","Kapseret","Megun",2014,0
"Uasin Gishu","Kapseret","Megun",2015,0
"Uasin Gishu","Kapseret","Megun",2016,0
"Uasin Gishu","Kapseret","Megun",2017,0
"Uasin Gishu","Kapseret","Megun",2018,5.26004838943481
"Uasin Gishu","Kapseret","Megun",2019,4.50875759124756
"Uasin Gishu","Kapseret","Megun",2020,3.13525104522705
"Uasin Gishu","Kapseret","Megun",2021,4.81217527389526
"Uasin Gishu","Kapseret","Megun",2022,12.1555919647217
"Uasin Gishu","Kapseret","Megun",2023,14.1090097427368
"Uasin Gishu","Kapseret","Megun",2024,11.1894559860229
"Uasin Gishu","Kapseret","Ngeria",2012,31.5803871154785
"Uasin Gishu","Kapseret","Ngeria",2013,26.3766345977783
"Uasin Gishu","Kapseret","Ngeria",2014,23.435718536377
"Uasin Gishu","Kapseret","Ngeria",2015,34.251708984375
"Uasin Gishu","Kapseret","Ngeria",2016,28.706335067749
"Uasin Gishu","Kapseret","Ngeria",2017,60.6356353759766
"Uasin Gishu","Kapseret","Ngeria",2018,82.4892196655273
"Uasin Gishu","Kapseret","Ngeria",2019,90.3889617919922
"Uasin Gishu","Kapseret","Ngeria",2020,108.241790771484
"Uasin Gishu","Kapseret","Ngeria",2021,129.887344360352
"Uasin Gishu","Kapseret","Ngeria",2022,210.35986328125
"Uasin Gishu","Kapseret","Ngeria",2023,256.158813476562
"Uasin Gishu","Kapseret","Ngeria",2024,289.097778320312
"Uasin Gishu","Kapseret","Simat/Kapseret",2012,4.21914100646973
"Uasin Gishu","Kapseret","Simat/Kapseret",2013,6.77024745941162
"Uasin Gishu","Kapseret","Simat/Kapseret",2014,6.46106386184692
"Uasin Gishu","Kapseret","Simat/Kapseret",2015,9.51572322845459
"Uasin Gishu","Kapseret","Simat/Kapseret",2016,5.4818902015686
"Uasin Gishu","Kapseret","Simat/Kapseret",2017,30.9212894439697
"Uasin Gishu","Kapseret","Simat/Kapseret",2018,49.3106651306152
"Uasin Gishu","Kapseret","Simat/Kapseret",2019,62.8499755859375
"Uasin Gishu","Kapseret","Simat/Kapseret",2020,52.8173789978027
"Uasin Gishu","Kapseret","Simat/Kapseret",2021,73.8671875
"Uasin Gishu","Kapseret","Simat/Kapseret",2022,125.516410827637
"Uasin Gishu","Kapseret","Simat/Kapseret",2023,161.406555175781
"Uasin Gishu","Kapseret","Simat/Kapseret",2024,186.334625244141
"Uasin Gishu","Kesses","Cheptiret/Kipchamo",2012,8.45518589019775
"Uasin Gishu","Kesses","Cheptiret/Kipchamo",2013,4.88363122940063
"Uasin Gishu","Kesses","Cheptiret/Kipchamo",2014,7.24777841567993
"Uasin Gishu","Kesses","Cheptiret/Kipchamo",2015,10.3496322631836
"Uasin Gishu","Kesses","Cheptiret/Kipchamo",2016,7.51296424865723
"Uasin Gishu","Kesses","Cheptiret/Kipchamo",2017,25.3622016906738
"Uasin Gishu","Kesses","Cheptiret/Kipchamo",2018,70.1530532836914
"Uasin Gishu","Kesses","Cheptiret/Kipchamo",2019,72.604736328125
"Uasin Gishu","Kesses","Cheptiret/Kipchamo",2020,111.999374389648
"Uasin Gishu","Kesses","Cheptiret/Kipchamo",2021,143.424835205078
"Uasin Gishu","Kesses","Cheptiret/Kipchamo",2022,202.202774047852
"Uasin Gishu","Kesses","Cheptiret/Kipchamo",2023,240.312194824219
"Uasin Gishu","Kesses","Cheptiret/Kipchamo",2024,256.979431152344
"Uasin Gishu","Kesses","Racecourse",2012,129.031982421875
"Uasin Gishu","Kesses","Racecourse",2013,133.973083496094
"Uasin Gishu","Kesses","Racecourse",2014,157.524978637695
"Uasin Gishu","Kesses","Racecourse",2015,195.621017456055
"Uasin Gishu","Kesses","Racecourse",2016,245.666122436523
"Uasin Gishu","Kesses","Racecourse",2017,341.226470947266
"Uasin Gishu","Kesses","Racecourse",2018,459.631378173828
"Uasin Gishu","Kesses","Racecourse",2019,558.036376953125
"Uasin Gishu","Kesses","Racecourse",2020,553.400695800781
"Uasin Gishu","Kesses","Racecourse",2021,668.881042480469
"Uasin Gishu","Kesses","Racecourse",2022,749.196533203125
"Uasin Gishu","Kesses","Racecourse",2023,813.543640136719
"Uasin Gishu","Kesses","Racecourse",2024,934.394775390625
"Uasin Gishu","Kesses","Tarakwa",2012,2.08613896369934
"Uasin Gishu","Kesses","Tarakwa",2013,4.50586223602295
"Uasin Gishu","Kesses","Tarakwa",2014,4.07057762145996
"Uasin Gishu","Kesses","Tarakwa",2015,1.37353050708771
"Uasin Gishu","Kesses","Tarakwa",2016,0.651612818241119
"Uasin Gishu","Kesses","Tarakwa",2017,0.873434007167816
"Uasin Gishu","Kesses","Tarakwa",2018,20.5395374298096
"Uasin Gishu","Kesses","Tarakwa",2019,22.4844207763672
"Uasin Gishu","Kesses","Tarakwa",2020,26.9867763519287
"Uasin Gishu","Kesses","Tarakwa",2021,29.5275402069092
"Uasin Gishu","Kesses","Tarakwa",2022,48.3700904846191
"Uasin Gishu","Kesses","Tarakwa",2023,54.4596405029297
"Uasin Gishu","Kesses","Tarakwa",2024,50.7547836303711
"Uasin Gishu","Kesses","Tulwet/Chuiyat",2012,23.8139820098877
"Uasin Gishu","Kesses","Tulwet/Chuiyat",2013,14.4551305770874
"Uasin Gishu","Kesses","Tulwet/Chuiyat",2014,12.4864072799683
"Uasin Gishu","Kesses","Tulwet/Chuiyat",2015,9.94415855407715
"Uasin Gishu","Kesses","Tulwet/Chuiyat",2016,11.5905742645264
"Uasin Gishu","Kesses","Tulwet/Chuiyat",2017,31.9725093841553
"Uasin Gishu","Kesses","Tulwet/Chuiyat",2018,29.9315452575684
"Uasin Gishu","Kesses","Tulwet/Chuiyat",2019,25.9910068511963
"Uasin Gishu","Kesses","Tulwet/Chuiyat",2020,19.6215038299561
"Uasin Gishu","Kesses","Tulwet/Chuiyat",2021,23.29030418396
"Uasin Gishu","Kesses","Tulwet/Chuiyat",2022,36.979248046875
"Uasin Gishu","Kesses","Tulwet/Chuiyat",2023,43.881233215332
"Uasin Gishu","Kesses","Tulwet/Chuiyat",2024,33.124454498291
"Uasin Gishu","Moiben","Karuna/Meibeki",2012,1.36639368534088
"Uasin Gishu","Moiben","Karuna/Meibeki",2013,1.08814108371735
"Uasin Gishu","Moiben","Karuna/Meibeki",2014,0.82392293214798
"Uasin Gishu","Moiben","Karuna/Meibeki",2015,0.0722890570759773
"Uasin Gishu","Moiben","Karuna/Meibeki",2016,0.376494556665421
"Uasin Gishu","Moiben","Karuna/Meibeki",2017,0.48283788561821
"Uasin Gishu","Moiben","Karuna/Meibeki",2018,0.457020252943039
"Uasin Gishu","Moiben","Karuna/Meibeki",2019,0.320239692926407
"Uasin Gishu","Moiben","Karuna/Meibeki",2020,0.476070612668991
"Uasin Gishu","Moiben","Karuna/Meibeki",2021,3.16632080078125
"Uasin Gishu","Moiben","Karuna/Meibeki",2022,20.0944747924805
"Uasin Gishu","Moiben","Karuna/Meibeki",2023,24.1420574188232
"Uasin Gishu","Moiben","Karuna/Meibeki",2024,21.7497100830078
"Uasin Gishu","Moiben","Kimumu",2012,82.055419921875
"Uasin Gishu","Moiben","Kimumu",2013,83.0370712280273
"Uasin Gishu","Moiben","Kimumu",2014,94.6646041870117
"Uasin Gishu","Moiben","Kimumu",2015,144.48893737793
"Uasin Gishu","Moiben","Kimumu",2016,175.681106567383
"Uasin Gishu","Moiben","Kimumu",2017,236.227996826172
"Uasin Gishu","Moiben","Kimumu",2018,366.273132324219
"Uasin Gishu","Moiben","Kimumu",2019,419.863525390625
"Uasin Gishu","Moiben","Kimumu",2020,419.425689697266
"Uasin Gishu","Moiben","Kimumu",2021,503.672332763672
"Uasin Gishu","Moiben","Kimumu",2022,548.3125
"Uasin Gishu","Moiben","Kimumu",2023,587.800598144531
"Uasin Gishu","Moiben","Kimumu",2024,654.183471679688
"Uasin Gishu","Moiben","Moiben",2012,0
"Uasin Gishu","Moiben","Moiben",2013,0
"Uasin Gishu","Moiben","Moiben",2014,0
"Uasin Gishu","Moiben","Moiben",2015,0
"Uasin Gishu","Moiben","Moiben",2016,0
"Uasin Gishu","Moiben","Moiben",2017,0
"Uasin Gishu","Moiben","Moiben",2018,4.66425037384033
"Uasin Gishu","Moiben","Moiben",2019,5.57943344116211
"Uasin Gishu","Moiben","Moiben",2020,6.30576705932617
"Uasin Gishu","Moiben","Moiben",2021,7.69437408447266
"Uasin Gishu","Moiben","Moiben",2022,20.2185211181641
"Uasin Gishu","Moiben","Moiben",2023,27.3593235015869
"Uasin Gishu","Moiben","Moiben",2024,25.3640003204346
"Uasin Gishu","Moiben","Sergoit",2012,0
"Uasin Gishu","Moiben","Sergoit",2013,0
"Uasin Gishu","Moiben","Sergoit",2014,0.573933303356171
"Uasin Gishu","Moiben","Sergoit",2015,8.708176612854
"Uasin Gishu","Moiben","Sergoit",2016,11.4631290435791
"Uasin Gishu","Moiben","Sergoit",2017,12.1573991775513
"Uasin Gishu","Moiben","Sergoit",2018,20.6141204833984
"Uasin Gishu","Moiben","Sergoit",2019,18.3080158233643
"Uasin Gishu","Moiben","Sergoit",2020,14.2129621505737
"Uasin Gishu","Moiben","Sergoit",2021,13.0573873519897
"Uasin Gishu","Moiben","Sergoit",2022,45.6911697387695
"Uasin Gishu","Moiben","Sergoit",2023,65.0235214233398
"Uasin Gishu","Moiben","Sergoit",2024,72.5360794067383
"Uasin Gishu","Moiben","Tembelio",2012,0
"Uasin Gishu","Moiben","Tembelio",2013,0
"Uasin Gishu","Moiben","Tembelio",2014,0
"Uasin Gishu","Moiben","Tembelio",2015,0.0212775934487581
"Uasin Gishu","Moiben","Tembelio",2016,0.755497694015503
"Uasin Gishu","Moiben","Tembelio",2017,6.04651784896851
"Uasin Gishu","Moiben","Tembelio",2018,20.2363758087158
"Uasin Gishu","Moiben","Tembelio",2019,19.1218700408936
"Uasin Gishu","Moiben","Tembelio",2020,14.8013515472412
"Uasin Gishu","Moiben","Tembelio",2021,25.5799350738525
"Uasin Gishu","Moiben","Tembelio",2022,88.4972534179688
"Uasin Gishu","Moiben","Tembelio",2023,149.03645324707
"Uasin Gishu","Moiben","Tembelio",2024,201.960189819336
"Uasin Gishu","Soy","Kapkures",2012,4.63712167739868
"Uasin Gishu","Soy","Kapkures",2013,4.92328023910522
"Uasin Gishu","Soy","Kapkures",2014,3.67866516113281
"Uasin Gishu","Soy","Kapkures",2015,4.89183282852173
"Uasin Gishu","Soy","Kapkures",2016,2.83383321762085
"Uasin Gishu","Soy","Kapkures",2017,3.07656502723694
"Uasin Gishu","Soy","Kapkures",2018,6.84727096557617
"Uasin Gishu","Soy","Kapkures",2019,5.63750982284546
"Uasin Gishu","Soy","Kapkures",2020,2.92397546768188
"Uasin Gishu","Soy","Kapkures",2021,3.81815052032471
"Uasin Gishu","Soy","Kapkures",2022,25.1996631622314
"Uasin Gishu","Soy","Kapkures",2023,49.2729263305664
"Uasin Gishu","Soy","Kapkures",2024,42.2315635681152
"Uasin Gishu","Soy","Kipsomba",2012,0.22961962223053
"Uasin Gishu","Soy","Kipsomba",2013,0
"Uasin Gishu","Soy","Kipsomba",2014,0
"Uasin Gishu","Soy","Kipsomba",2015,0
"Uasin Gishu","Soy","Kipsomba",2016,0.224880486726761
"Uasin Gishu","Soy","Kipsomba",2017,1.70526278018951
"Uasin Gishu","Soy","Kipsomba",2018,4.62892627716064
"Uasin Gishu","Soy","Kipsomba",2019,5.04807424545288
"Uasin Gishu","Soy","Kipsomba",2020,3.82237601280212
"Uasin Gishu","Soy","Kipsomba",2021,4.35854482650757
"Uasin Gishu","Soy","Kipsomba",2022,8.4291410446167
"Uasin Gishu","Soy","Kipsomba",2023,10.8409204483032
"Uasin Gishu","Soy","Kipsomba",2024,8.14859294891357
"Uasin Gishu","Soy","Kuinet/Kapsuswa",2012,33.9172859191895
"Uasin Gishu","Soy","Kuinet/Kapsuswa",2013,34.0138893127441
"Uasin Gishu","Soy","Kuinet/Kapsuswa",2014,43.7802696228027
"Uasin Gishu","Soy","Kuinet/Kapsuswa",2015,66.2714080810547
"Uasin Gishu","Soy","Kuinet/Kapsuswa",2016,57.636547088623
"Uasin Gishu","Soy","Kuinet/Kapsuswa",2017,67.4431686401367
"Uasin Gishu","Soy","Kuinet/Kapsuswa",2018,73.9113464355469
"Uasin Gishu","Soy","Kuinet/Kapsuswa",2019,78.1685943603516
"Uasin Gishu","Soy","Kuinet/Kapsuswa",2020,81.7332611083984
"Uasin Gishu","Soy","Kuinet/Kapsuswa",2021,112.652214050293
"Uasin Gishu","Soy","Kuinet/Kapsuswa",2022,182.0908203125
"Uasin Gishu","Soy","Kuinet/Kapsuswa",2023,220.777648925781
"Uasin Gishu","Soy","Kuinet/Kapsuswa",2024,242.562805175781
"Uasin Gishu","Soy","Moi'S Bridge",2012,13.9076309204102
"Uasin Gishu","Soy","Moi'S Bridge",2013,15.4532136917114
"Uasin Gishu","Soy","Moi'S Bridge",2014,11.0545978546143
"Uasin Gishu","Soy","Moi'S Bridge",2015,15.1653261184692
"Uasin Gishu","Soy","Moi'S Bridge",2016,13.7628908157349
"Uasin Gishu","Soy","Moi'S Bridge",2017,24.7473258972168
"Uasin Gishu","Soy","Moi'S Bridge",2018,38.7793769836426
"Uasin Gishu","Soy","Moi'S Bridge",2019,43.9997062683105
"Uasin Gishu","Soy","Moi'S Bridge",2020,28.0285778045654
"Uasin Gishu","Soy","Moi'S Bridge",2021,34.9804077148438
"Uasin Gishu","Soy","Moi'S Bridge",2022,59.5264778137207
"Uasin Gishu","Soy","Moi'S Bridge",2023,67.5082168579102
"Uasin Gishu","Soy","Moi'S Bridge",2024,76.4919967651367
"Uasin Gishu","Soy","Segero/Barsombe",2012,0
"Uasin Gishu","Soy","Segero/Barsombe",2013,0
"Uasin Gishu","Soy","Segero/Barsombe",2014,0
"Uasin Gishu","Soy","Segero/Barsombe",2015,3.40576982498169
"Uasin Gishu","Soy","Segero/Barsombe",2016,0.556449055671692
"Uasin Gishu","Soy","Segero/Barsombe",2017,0
"Uasin Gishu","Soy","Segero/Barsombe",2018,0
"Uasin Gishu","Soy","Segero/Barsombe",2019,0
"Uasin Gishu","Soy","Segero/Barsombe",2020,0.29068249464035
"Uasin Gishu","Soy","Segero/Barsombe",2021,0.873156249523163
"Uasin Gishu","Soy","Segero/Barsombe",2022,2.94246029853821
"Uasin Gishu","Soy","Segero/Barsombe",2023,10.442590713501
"Uasin Gishu","Soy","Segero/Barsombe",2024,11.5927762985229
"Uasin Gishu","Soy","Soy",2012,2.19060468673706
"Uasin Gishu","Soy","Soy",2013,1.16783785820007
"Uasin Gishu","Soy","Soy",2014,1.1562579870224
"Uasin Gishu","Soy","Soy",2015,1.72752404212952
"Uasin Gishu","Soy","Soy",2016,0.476515471935272
"Uasin Gishu","Soy","Soy",2017,7.53193664550781
"Uasin Gishu","Soy","Soy",2018,9.95371150970459
"Uasin Gishu","Soy","Soy",2019,9.59697914123535
"Uasin Gishu","Soy","Soy",2020,8.18760299682617
"Uasin Gishu","Soy","Soy",2021,8.7658634185791
"Uasin Gishu","Soy","Soy",2022,20.7570877075195
"Uasin Gishu","Soy","Soy",2023,24.8931198120117
"Uasin Gishu","Soy","Soy",2024,22.4983406066895
"Uasin Gishu","Soy","Ziwa",2012,0
"Uasin Gishu","Soy","Ziwa",2013,0.388074278831482
"Uasin Gishu","Soy","Ziwa",2014,0
"Uasin Gishu","Soy","Ziwa",2015,1.14287734031677
"Uasin Gishu","Soy","Ziwa",2016,0
"Uasin Gishu","Soy","Ziwa",2017,0.822034120559692
"Uasin Gishu","Soy","Ziwa",2018,14.1512670516968
"Uasin Gishu","Soy","Ziwa",2019,9.41900062561035
"Uasin Gishu","Soy","Ziwa",2020,9.94712352752686
"Uasin Gishu","Soy","Ziwa",2021,12.8083076477051
"Uasin Gishu","Soy","Ziwa",2022,20.1580219268799
"Uasin Gishu","Soy","Ziwa",2023,31.2087554931641
"Uasin Gishu","Soy","Ziwa",2024,25.3870582580566
"Uasin Gishu","Turbo","Huruma",2012,64.9537734985352
"Uasin Gishu","Turbo","Huruma",2013,61.6225852966309
"Uasin Gishu","Turbo","Huruma",2014,71.6484909057617
"Uasin Gishu","Turbo","Huruma",2015,90.0638580322266
"Uasin Gishu","Turbo","Huruma",2016,118.140419006348
"Uasin Gishu","Turbo","Huruma",2017,136.79638671875
"Uasin Gishu","Turbo","Huruma",2018,129.06364440918
"Uasin Gishu","Turbo","Huruma",2019,130.420974731445
"Uasin Gishu","Turbo","Huruma",2020,109.627220153809
"Uasin Gishu","Turbo","Huruma",2021,124.261039733887
"Uasin Gishu","Turbo","Huruma",2022,146.784744262695
"Uasin Gishu","Turbo","Huruma",2023,179.345108032227
"Uasin Gishu","Turbo","Huruma",2024,208.436889648438
"Uasin Gishu","Turbo","Kamagut",2012,3.83279204368591
"Uasin Gishu","Turbo","Kamagut",2013,5.42933034896851
"Uasin Gishu","Turbo","Kamagut",2014,12.76123046875
"Uasin Gishu","Turbo","Kamagut",2015,21.2086715698242
"Uasin Gishu","Turbo","Kamagut",2016,14.6922082901001
"Uasin Gishu","Turbo","Kamagut",2017,39.6781845092773
"Uasin Gishu","Turbo","Kamagut",2018,70.68359375
"Uasin Gishu","Turbo","Kamagut",2019,62.308235168457
"Uasin Gishu","Turbo","Kamagut",2020,60.2571334838867
"Uasin Gishu","Turbo","Kamagut",2021,90.5741958618164
"Uasin Gishu","Turbo","Kamagut",2022,111.298858642578
"Uasin Gishu","Turbo","Kamagut",2023,127.429634094238
"Uasin Gishu","Turbo","Kamagut",2024,128.258010864258
"Uasin Gishu","Turbo","Kapsaos",2012,72.6018218994141
"Uasin Gishu","Turbo","Kapsaos",2013,79.9120025634766
"Uasin Gishu","Turbo","Kapsaos",2014,93.743896484375
"Uasin Gishu","Turbo","Kapsaos",2015,107.92781829834
"Uasin Gishu","Turbo","Kapsaos",2016,124.968200683594
"Uasin Gishu","Turbo","Kapsaos",2017,162.228393554688
"Uasin Gishu","Turbo","Kapsaos",2018,168.178329467773
"Uasin Gishu","Turbo","Kapsaos",2019,166.876754760742
"Uasin Gishu","Turbo","Kapsaos",2020,158.876495361328
"Uasin Gishu","Turbo","Kapsaos",2021,187.754348754883
"Uasin Gishu","Turbo","Kapsaos",2022,210.233428955078
"Uasin Gishu","Turbo","Kapsaos",2023,245.413711547852
"Uasin Gishu","Turbo","Kapsaos",2024,258.219329833984
"Uasin Gishu","Turbo","Kiplombe",2012,83.3231735229492
"Uasin Gishu","Turbo","Kiplombe",2013,65.8361053466797
"Uasin Gishu","Turbo","Kiplombe",2014,90.3389587402344
"Uasin Gishu","Turbo","Kiplombe",2015,95.6808700561523
"Uasin Gishu","Turbo","Kiplombe",2016,102.996879577637
"Uasin Gishu","Turbo","Kiplombe",2017,123.075401306152
"Uasin Gishu","Turbo","Kiplombe",2018,148.952178955078
"Uasin Gishu","Turbo","Kiplombe",2019,143.790679931641
"Uasin Gishu","Turbo","Kiplombe",2020,119.23844909668
"Uasin Gishu","Turbo","Kiplombe",2021,144.135330200195
"Uasin Gishu","Turbo","Kiplombe",2022,187.249206542969
"Uasin Gishu","Turbo","Kiplombe",2023,216.286437988281
"Uasin Gishu","Turbo","Kiplombe",2024,231.192138671875
"Uasin Gishu","Turbo","Ngenyilel",2012,4.95759391784668
"Uasin Gishu","Turbo","Ngenyilel",2013,4.60659122467041
"Uasin Gishu","Turbo","Ngenyilel",2014,4.03465557098389
"Uasin Gishu","Turbo","Ngenyilel",2015,5.98175239562988
"Uasin Gishu","Turbo","Ngenyilel",2016,8.3869457244873
"Uasin Gishu","Turbo","Ngenyilel",2017,7.06510019302368
"Uasin Gishu","Turbo","Ngenyilel",2018,7.42426729202271
"Uasin Gishu","Turbo","Ngenyilel",2019,9.59996318817139
"Uasin Gishu","Turbo","Ngenyilel",2020,9.58565330505371
"Uasin Gishu","Turbo","Ngenyilel",2021,17.9559898376465
"Uasin Gishu","Turbo","Ngenyilel",2022,37.1580276489258
"Uasin Gishu","Turbo","Ngenyilel",2023,50.1782341003418
"Uasin Gishu","Turbo","Ngenyilel",2024,32.4339790344238
"Uasin Gishu","Turbo","Tapsagoi",2012,4.55017471313477
"Uasin Gishu","Turbo","Tapsagoi",2013,1.85987067222595
"Uasin Gishu","Turbo","Tapsagoi",2014,3.2777316570282
"Uasin Gishu","Turbo","Tapsagoi",2015,4.85913848876953
"Uasin Gishu","Turbo","Tapsagoi",2016,6.4983868598938
"Uasin Gishu","Turbo","Tapsagoi",2017,23.7229061126709
"Uasin Gishu","Turbo","Tapsagoi",2018,33.7741546630859
"Uasin Gishu","Turbo","Tapsagoi",2019,28.9687423706055
"Uasin Gishu","Turbo","Tapsagoi",2020,15.1193981170654
"Uasin Gishu","Turbo","Tapsagoi",2021,17.0338249206543
"Uasin Gishu","Turbo","Tapsagoi",2022,40.0479469299316
"Uasin Gishu","Turbo","Tapsagoi",2023,66.9761962890625
"Uasin Gishu","Turbo","Tapsagoi",2024,65.1971664428711
"Vihiga","Emuhaya","Central Bunyore",2012,0
"Vihiga","Emuhaya","Central Bunyore",2013,0
"Vihiga","Emuhaya","Central Bunyore",2014,0
"Vihiga","Emuhaya","Central Bunyore",2015,0
"Vihiga","Emuhaya","Central Bunyore",2016,0
"Vihiga","Emuhaya","Central Bunyore",2017,0
"Vihiga","Emuhaya","Central Bunyore",2018,0
"Vihiga","Emuhaya","Central Bunyore",2019,14.8869743347168
"Vihiga","Emuhaya","Central Bunyore",2020,14.9026460647583
"Vihiga","Emuhaya","Central Bunyore",2021,14.3571262359619
"Vihiga","Emuhaya","Central Bunyore",2022,36.0237159729004
"Vihiga","Emuhaya","Central Bunyore",2023,54.6728630065918
"Vihiga","Emuhaya","Central Bunyore",2024,49.9199333190918
"Vihiga","Emuhaya","North East Bunyore",2012,0
"Vihiga","Emuhaya","North East Bunyore",2013,0
"Vihiga","Emuhaya","North East Bunyore",2014,0
"Vihiga","Emuhaya","North East Bunyore",2015,0
"Vihiga","Emuhaya","North East Bunyore",2016,0
"Vihiga","Emuhaya","North East Bunyore",2017,1.03021538257599
"Vihiga","Emuhaya","North East Bunyore",2018,8.64033126831055
"Vihiga","Emuhaya","North East Bunyore",2019,9.96275234222412
"Vihiga","Emuhaya","North East Bunyore",2020,8.18444538116455
"Vihiga","Emuhaya","North East Bunyore",2021,16.4060192108154
"Vihiga","Emuhaya","North East Bunyore",2022,40.577262878418
"Vihiga","Emuhaya","North East Bunyore",2023,56.2216949462891
"Vihiga","Emuhaya","North East Bunyore",2024,33.5750541687012
"Vihiga","Emuhaya","West Bunyore",2012,0.42599818110466
"Vihiga","Emuhaya","West Bunyore",2013,0.484304487705231
"Vihiga","Emuhaya","West Bunyore",2014,0.00121259794104844
"Vihiga","Emuhaya","West Bunyore",2015,0.000920550664886832
"Vihiga","Emuhaya","West Bunyore",2016,0.000805416260845959
"Vihiga","Emuhaya","West Bunyore",2017,0.262125551700592
"Vihiga","Emuhaya","West Bunyore",2018,3.19815039634705
"Vihiga","Emuhaya","West Bunyore",2019,4.03874826431274
"Vihiga","Emuhaya","West Bunyore",2020,15.3787126541138
"Vihiga","Emuhaya","West Bunyore",2021,16.0230541229248
"Vihiga","Emuhaya","West Bunyore",2022,53.4169654846191
"Vihiga","Emuhaya","West Bunyore",2023,87.1989669799805
"Vihiga","Emuhaya","West Bunyore",2024,69.0178680419922
"Vihiga","Hamisi","Banja",2012,5.82741498947144
"Vihiga","Hamisi","Banja",2013,1.89981055259705
"Vihiga","Hamisi","Banja",2014,1.55978000164032
"Vihiga","Hamisi","Banja",2015,3.28559517860413
"Vihiga","Hamisi","Banja",2016,1.63703501224518
"Vihiga","Hamisi","Banja",2017,0.8662930727005
"Vihiga","Hamisi","Banja",2018,10.470552444458
"Vihiga","Hamisi","Banja",2019,12.5570421218872
"Vihiga","Hamisi","Banja",2020,14.6305885314941
"Vihiga","Hamisi","Banja",2021,25.1459732055664
"Vihiga","Hamisi","Banja",2022,50.8803215026855
"Vihiga","Hamisi","Banja",2023,71.3616485595703
"Vihiga","Hamisi","Banja",2024,64.4998016357422
"Vihiga","Hamisi","Gisambai",2012,3.37548685073853
"Vihiga","Hamisi","Gisambai",2013,1.19585049152374
"Vihiga","Hamisi","Gisambai",2014,1.94094622135162
"Vihiga","Hamisi","Gisambai",2015,9.45762252807617
"Vihiga","Hamisi","Gisambai",2016,6.13898086547852
"Vihiga","Hamisi","Gisambai",2017,5.87219667434692
"Vihiga","Hamisi","Gisambai",2018,7.4414176940918
"Vihiga","Hamisi","Gisambai",2019,10.7103128433228
"Vihiga","Hamisi","Gisambai",2020,6.99499940872192
"Vihiga","Hamisi","Gisambai",2021,7.57519197463989
"Vihiga","Hamisi","Gisambai",2022,35.2323455810547
"Vihiga","Hamisi","Gisambai",2023,60.1720695495605
"Vihiga","Hamisi","Gisambai",2024,51.7774696350098
"Vihiga","Hamisi","Jepkoyai",2012,1.46686589717865
"Vihiga","Hamisi","Jepkoyai",2013,2.52491021156311
"Vihiga","Hamisi","Jepkoyai",2014,3.34263896942139
"Vihiga","Hamisi","Jepkoyai",2015,5.53198623657227
"Vihiga","Hamisi","Jepkoyai",2016,8.46557331085205
"Vihiga","Hamisi","Jepkoyai",2017,7.41481876373291
"Vihiga","Hamisi","Jepkoyai",2018,12.3492212295532
"Vihiga","Hamisi","Jepkoyai",2019,16.0076599121094
"Vihiga","Hamisi","Jepkoyai",2020,9.87128734588623
"Vihiga","Hamisi","Jepkoyai",2021,13.5959978103638
"Vihiga","Hamisi","Jepkoyai",2022,44.0091896057129
"Vihiga","Hamisi","Jepkoyai",2023,54.6066131591797
"Vihiga","Hamisi","Jepkoyai",2024,47.1666603088379
"Vihiga","Hamisi","Muhudu",2012,0.0347442254424095
"Vihiga","Hamisi","Muhudu",2013,0
"Vihiga","Hamisi","Muhudu",2014,0
"Vihiga","Hamisi","Muhudu",2015,0.0261509660631418
"Vihiga","Hamisi","Muhudu",2016,0
"Vihiga","Hamisi","Muhudu",2017,0
"Vihiga","Hamisi","Muhudu",2018,3.30552840232849
"Vihiga","Hamisi","Muhudu",2019,1.31996619701385
"Vihiga","Hamisi","Muhudu",2020,2.13100004196167
"Vihiga","Hamisi","Muhudu",2021,0.0723174288868904
"Vihiga","Hamisi","Muhudu",2022,7.722975730896
"Vihiga","Hamisi","Muhudu",2023,12.3704433441162
"Vihiga","Hamisi","Muhudu",2024,4.76492929458618
"Vihiga","Hamisi","Shamakhokho",2012,6.56420755386353
"Vihiga","Hamisi","Shamakhokho",2013,5.17983388900757
"Vihiga","Hamisi","Shamakhokho",2014,4.26812076568604
"Vihiga","Hamisi","Shamakhokho",2015,9.32229042053223
"Vihiga","Hamisi","Shamakhokho",2016,2.81912851333618
"Vihiga","Hamisi","Shamakhokho",2017,2.65572428703308
"Vihiga","Hamisi","Shamakhokho",2018,13.2027978897095
"Vihiga","Hamisi","Shamakhokho",2019,20.8479461669922
"Vihiga","Hamisi","Shamakhokho",2020,29.9708099365234
"Vihiga","Hamisi","Shamakhokho",2021,25.7262172698975
"Vihiga","Hamisi","Shamakhokho",2022,58.3109893798828
"Vihiga","Hamisi","Shamakhokho",2023,60.876277923584
"Vihiga","Hamisi","Shamakhokho",2024,50.2327728271484
"Vihiga","Hamisi","Shiru",2012,9.690598487854
"Vihiga","Hamisi","Shiru",2013,6.76491498947144
"Vihiga","Hamisi","Shiru",2014,7.61841535568237
"Vihiga","Hamisi","Shiru",2015,10.6616439819336
"Vihiga","Hamisi","Shiru",2016,7.80189800262451
"Vihiga","Hamisi","Shiru",2017,7.2794017791748
"Vihiga","Hamisi","Shiru",2018,14.4580087661743
"Vihiga","Hamisi","Shiru",2019,60.8150939941406
"Vihiga","Hamisi","Shiru",2020,29.6544055938721
"Vihiga","Hamisi","Shiru",2021,30.3522796630859
"Vihiga","Hamisi","Shiru",2022,44.012882232666
"Vihiga","Hamisi","Shiru",2023,61.706169128418
"Vihiga","Hamisi","Shiru",2024,48.8163223266602
"Vihiga","Hamisi","Tambua",2012,1.70182955265045
"Vihiga","Hamisi","Tambua",2013,2.20677733421326
"Vihiga","Hamisi","Tambua",2014,5.55731630325317
"Vihiga","Hamisi","Tambua",2015,5.90172290802002
"Vihiga","Hamisi","Tambua",2016,4.16618871688843
"Vihiga","Hamisi","Tambua",2017,4.41532468795776
"Vihiga","Hamisi","Tambua",2018,5.93089962005615
"Vihiga","Hamisi","Tambua",2019,6.06039619445801
"Vihiga","Hamisi","Tambua",2020,6.89773654937744
"Vihiga","Hamisi","Tambua",2021,14.4186868667603
"Vihiga","Hamisi","Tambua",2022,24.3542747497559
"Vihiga","Hamisi","Tambua",2023,27.7808380126953
"Vihiga","Hamisi","Tambua",2024,46.0918502807617
"Vihiga","Luanda","Emabungo",2012,4.69215679168701
"Vihiga","Luanda","Emabungo",2013,8.43404006958008
"Vihiga","Luanda","Emabungo",2014,7.30627822875977
"Vihiga","Luanda","Emabungo",2015,7.36923694610596
"Vihiga","Luanda","Emabungo",2016,6.59304666519165
"Vihiga","Luanda","Emabungo",2017,9.97535228729248
"Vihiga","Luanda","Emabungo",2018,15.073655128479
"Vihiga","Luanda","Emabungo",2019,23.9756679534912
"Vihiga","Luanda","Emabungo",2020,18.0559844970703
"Vihiga","Luanda","Emabungo",2021,23.5968990325928
"Vihiga","Luanda","Emabungo",2022,58.5663681030273
"Vihiga","Luanda","Emabungo",2023,71.4524765014648
"Vihiga","Luanda","Emabungo",2024,65.4331436157227
"Vihiga","Luanda","Luanda South",2012,1.89150607585907
"Vihiga","Luanda","Luanda South",2013,1.11720979213715
"Vihiga","Luanda","Luanda South",2014,1.55704414844513
"Vihiga","Luanda","Luanda South",2015,2.40883803367615
"Vihiga","Luanda","Luanda South",2016,4.76048755645752
"Vihiga","Luanda","Luanda South",2017,8.79710102081299
"Vihiga","Luanda","Luanda South",2018,7.9312162399292
"Vihiga","Luanda","Luanda South",2019,9.64201259613037
"Vihiga","Luanda","Luanda South",2020,12.1348180770874
"Vihiga","Luanda","Luanda South",2021,13.8311395645142
"Vihiga","Luanda","Luanda South",2022,29.9983959197998
"Vihiga","Luanda","Luanda South",2023,41.6093673706055
"Vihiga","Luanda","Luanda South",2024,34.8270072937012
"Vihiga","Luanda","Luanda Township",2012,4.50854682922363
"Vihiga","Luanda","Luanda Township",2013,7.04968357086182
"Vihiga","Luanda","Luanda Township",2014,5.02427053451538
"Vihiga","Luanda","Luanda Township",2015,6.61219596862793
"Vihiga","Luanda","Luanda Township",2016,4.38475275039673
"Vihiga","Luanda","Luanda Township",2017,9.86139297485352
"Vihiga","Luanda","Luanda Township",2018,18.5789337158203
"Vihiga","Luanda","Luanda Township",2019,16.0999298095703
"Vihiga","Luanda","Luanda Township",2020,11.4245090484619
"Vihiga","Luanda","Luanda Township",2021,16.8959865570068
"Vihiga","Luanda","Luanda Township",2022,31.0056285858154
"Vihiga","Luanda","Luanda Township",2023,35.4691429138184
"Vihiga","Luanda","Luanda Township",2024,34.6377944946289
"Vihiga","Luanda","Mwibona",2012,7.8381929397583
"Vihiga","Luanda","Mwibona",2013,13.6569604873657
"Vihiga","Luanda","Mwibona",2014,8.63124847412109
"Vihiga","Luanda","Mwibona",2015,9.12968921661377
"Vihiga","Luanda","Mwibona",2016,6.84218788146973
"Vihiga","Luanda","Mwibona",2017,14.6824712753296
"Vihiga","Luanda","Mwibona",2018,22.2623500823975
"Vihiga","Luanda","Mwibona",2019,25.5641593933105
"Vihiga","Luanda","Mwibona",2020,15.5332670211792
"Vihiga","Luanda","Mwibona",2021,25.6699314117432
"Vihiga","Luanda","Mwibona",2022,57.6372375488281
"Vihiga","Luanda","Mwibona",2023,71.123908996582
"Vihiga","Luanda","Mwibona",2024,66.5958633422852
"Vihiga","Luanda","Wemilabi",2012,0
"Vihiga","Luanda","Wemilabi",2013,0
"Vihiga","Luanda","Wemilabi",2014,0
"Vihiga","Luanda","Wemilabi",2015,0
"Vihiga","Luanda","Wemilabi",2016,0
"Vihiga","Luanda","Wemilabi",2017,0
"Vihiga","Luanda","Wemilabi",2018,2.41157031059265
"Vihiga","Luanda","Wemilabi",2019,0.529919385910034
"Vihiga","Luanda","Wemilabi",2020,0
"Vihiga","Luanda","Wemilabi",2021,1.50841891765594
"Vihiga","Luanda","Wemilabi",2022,29.5553741455078
"Vihiga","Luanda","Wemilabi",2023,43.0062522888184
"Vihiga","Luanda","Wemilabi",2024,32.4850845336914
"Vihiga","Sabatia","Busali",2012,1.6616039276123
"Vihiga","Sabatia","Busali",2013,1.75364983081818
"Vihiga","Sabatia","Busali",2014,0
"Vihiga","Sabatia","Busali",2015,2.19174790382385
"Vihiga","Sabatia","Busali",2016,0.0169259756803513
"Vihiga","Sabatia","Busali",2017,2.75431680679321
"Vihiga","Sabatia","Busali",2018,1.58319842815399
"Vihiga","Sabatia","Busali",2019,2.64789628982544
"Vihiga","Sabatia","Busali",2020,0.999169051647186
"Vihiga","Sabatia","Busali",2021,0
"Vihiga","Sabatia","Busali",2022,12.2734708786011
"Vihiga","Sabatia","Busali",2023,17.4612236022949
"Vihiga","Sabatia","Busali",2024,16.3811569213867
"Vihiga","Sabatia","Chavakali",2012,8.71135330200195
"Vihiga","Sabatia","Chavakali",2013,6.98898315429688
"Vihiga","Sabatia","Chavakali",2014,6.98892498016357
"Vihiga","Sabatia","Chavakali",2015,8.11977386474609
"Vihiga","Sabatia","Chavakali",2016,6.47806739807129
"Vihiga","Sabatia","Chavakali",2017,7.60780000686646
"Vihiga","Sabatia","Chavakali",2018,20.6752700805664
"Vihiga","Sabatia","Chavakali",2019,22.3023986816406
"Vihiga","Sabatia","Chavakali",2020,19.184154510498
"Vihiga","Sabatia","Chavakali",2021,20.6064739227295
"Vihiga","Sabatia","Chavakali",2022,50.8669929504395
"Vihiga","Sabatia","Chavakali",2023,58.2680206298828
"Vihiga","Sabatia","Chavakali",2024,44.3524551391602
"Vihiga","Sabatia","Lyaduywa/Izava",2012,5.12028503417969
"Vihiga","Sabatia","Lyaduywa/Izava",2013,4.99850845336914
"Vihiga","Sabatia","Lyaduywa/Izava",2014,4.81425762176514
"Vihiga","Sabatia","Lyaduywa/Izava",2015,5.84895133972168
"Vihiga","Sabatia","Lyaduywa/Izava",2016,4.50030374526978
"Vihiga","Sabatia","Lyaduywa/Izava",2017,6.26815032958984
"Vihiga","Sabatia","Lyaduywa/Izava",2018,15.7626266479492
"Vihiga","Sabatia","Lyaduywa/Izava",2019,24.3576965332031
"Vihiga","Sabatia","Lyaduywa/Izava",2020,13.0030040740967
"Vihiga","Sabatia","Lyaduywa/Izava",2021,20.0912551879883
"Vihiga","Sabatia","Lyaduywa/Izava",2022,49.3159255981445
"Vihiga","Sabatia","Lyaduywa/Izava",2023,66.3234024047852
"Vihiga","Sabatia","Lyaduywa/Izava",2024,56.6086502075195
"Vihiga","Sabatia","North Maragoli",2012,2.60386371612549
"Vihiga","Sabatia","North Maragoli",2013,3.80325269699097
"Vihiga","Sabatia","North Maragoli",2014,2.02266883850098
"Vihiga","Sabatia","North Maragoli",2015,4.14878177642822
"Vihiga","Sabatia","North Maragoli",2016,2.89202356338501
"Vihiga","Sabatia","North Maragoli",2017,5.26576995849609
"Vihiga","Sabatia","North Maragoli",2018,7.90261363983154
"Vihiga","Sabatia","North Maragoli",2019,16.6920719146729
"Vihiga","Sabatia","North Maragoli",2020,16.422924041748
"Vihiga","Sabatia","North Maragoli",2021,18.346996307373
"Vihiga","Sabatia","North Maragoli",2022,42.6763496398926
"Vihiga","Sabatia","North Maragoli",2023,47.2221603393555
"Vihiga","Sabatia","North Maragoli",2024,43.8042602539062
"Vihiga","Sabatia","West Sabatia",2012,2.2601535320282
"Vihiga","Sabatia","West Sabatia",2013,2.50600624084473
"Vihiga","Sabatia","West Sabatia",2014,1.319460272789
"Vihiga","Sabatia","West Sabatia",2015,1.73292219638824
"Vihiga","Sabatia","West Sabatia",2016,1.18008959293365
"Vihiga","Sabatia","West Sabatia",2017,1.84305810928345
"Vihiga","Sabatia","West Sabatia",2018,3.61374735832214
"Vihiga","Sabatia","West Sabatia",2019,2.86395239830017
"Vihiga","Sabatia","West Sabatia",2020,3.63156080245972
"Vihiga","Sabatia","West Sabatia",2021,5.07764148712158
"Vihiga","Sabatia","West Sabatia",2022,22.3994483947754
"Vihiga","Sabatia","West Sabatia",2023,32.3942337036133
"Vihiga","Sabatia","West Sabatia",2024,20.4677639007568
"Vihiga","Sabatia","Wodanga",2012,2.4411449432373
"Vihiga","Sabatia","Wodanga",2013,3.17408895492554
"Vihiga","Sabatia","Wodanga",2014,2.38744974136353
"Vihiga","Sabatia","Wodanga",2015,7.83121013641357
"Vihiga","Sabatia","Wodanga",2016,7.30005693435669
"Vihiga","Sabatia","Wodanga",2017,11.4573755264282
"Vihiga","Sabatia","Wodanga",2018,17.8799438476562
"Vihiga","Sabatia","Wodanga",2019,18.7912826538086
"Vihiga","Sabatia","Wodanga",2020,31.9008140563965
"Vihiga","Sabatia","Wodanga",2021,30.4248428344727
"Vihiga","Sabatia","Wodanga",2022,66.1813583374023
"Vihiga","Sabatia","Wodanga",2023,66.6626663208008
"Vihiga","Sabatia","Wodanga",2024,64.9841079711914
"Vihiga","Vihiga","Central Maragoli",2012,8.32831287384033
"Vihiga","Vihiga","Central Maragoli",2013,8.56187915802002
"Vihiga","Vihiga","Central Maragoli",2014,9.24503421783447
"Vihiga","Vihiga","Central Maragoli",2015,11.5847101211548
"Vihiga","Vihiga","Central Maragoli",2016,11.274263381958
"Vihiga","Vihiga","Central Maragoli",2017,14.4701986312866
"Vihiga","Vihiga","Central Maragoli",2018,17.3359336853027
"Vihiga","Vihiga","Central Maragoli",2019,33.6709747314453
"Vihiga","Vihiga","Central Maragoli",2020,26.0834693908691
"Vihiga","Vihiga","Central Maragoli",2021,25.5598373413086
"Vihiga","Vihiga","Central Maragoli",2022,55.0673637390137
"Vihiga","Vihiga","Central Maragoli",2023,74.684196472168
"Vihiga","Vihiga","Central Maragoli",2024,74.4656448364258
"Vihiga","Vihiga","Lugaga-Wamuluma",2012,10.8687267303467
"Vihiga","Vihiga","Lugaga-Wamuluma",2013,11.3594150543213
"Vihiga","Vihiga","Lugaga-Wamuluma",2014,11.0040874481201
"Vihiga","Vihiga","Lugaga-Wamuluma",2015,16.2651329040527
"Vihiga","Vihiga","Lugaga-Wamuluma",2016,13.7203559875488
"Vihiga","Vihiga","Lugaga-Wamuluma",2017,33.8936996459961
"Vihiga","Vihiga","Lugaga-Wamuluma",2018,49.6012420654297
"Vihiga","Vihiga","Lugaga-Wamuluma",2019,57.9583702087402
"Vihiga","Vihiga","Lugaga-Wamuluma",2020,54.7175025939941
"Vihiga","Vihiga","Lugaga-Wamuluma",2021,66.6131362915039
"Vihiga","Vihiga","Lugaga-Wamuluma",2022,72.5862350463867
"Vihiga","Vihiga","Lugaga-Wamuluma",2023,111.711990356445
"Vihiga","Vihiga","Lugaga-Wamuluma",2024,100.704971313477
"Vihiga","Vihiga","Mungoma",2012,1.18057072162628
"Vihiga","Vihiga","Mungoma",2013,0.605232656002045
"Vihiga","Vihiga","Mungoma",2014,0.530677914619446
"Vihiga","Vihiga","Mungoma",2015,0
"Vihiga","Vihiga","Mungoma",2016,0
"Vihiga","Vihiga","Mungoma",2017,0
"Vihiga","Vihiga","Mungoma",2018,0
"Vihiga","Vihiga","Mungoma",2019,4.18324947357178
"Vihiga","Vihiga","Mungoma",2020,1.49202048778534
"Vihiga","Vihiga","Mungoma",2021,1.01445877552032
"Vihiga","Vihiga","Mungoma",2022,16.5827674865723
"Vihiga","Vihiga","Mungoma",2023,21.5071029663086
"Vihiga","Vihiga","Mungoma",2024,15.7872352600098
"Vihiga","Vihiga","South Maragoli",2012,0.468615919351578
"Vihiga","Vihiga","South Maragoli",2013,0.163339912891388
"Vihiga","Vihiga","South Maragoli",2014,0.157764196395874
"Vihiga","Vihiga","South Maragoli",2015,0.14404684305191
"Vihiga","Vihiga","South Maragoli",2016,0.163486748933792
"Vihiga","Vihiga","South Maragoli",2017,0
"Vihiga","Vihiga","South Maragoli",2018,0.280818313360214
"Vihiga","Vihiga","South Maragoli",2019,1.02281963825226
"Vihiga","Vihiga","South Maragoli",2020,0.520771265029907
"Vihiga","Vihiga","South Maragoli",2021,1.25329613685608
"Vihiga","Vihiga","South Maragoli",2022,13.6745920181274
"Vihiga","Vihiga","South Maragoli",2023,24.5506134033203
"Vihiga","Vihiga","South Maragoli",2024,11.9618787765503
"Wajir","Eldas","Della",2012,0
"Wajir","Eldas","Della",2013,0
"Wajir","Eldas","Della",2014,0
"Wajir","Eldas","Della",2015,0
"Wajir","Eldas","Della",2016,0
"Wajir","Eldas","Della",2017,0
"Wajir","Eldas","Della",2018,0
"Wajir","Eldas","Della",2019,0
"Wajir","Eldas","Della",2020,0
"Wajir","Eldas","Della",2021,0
"Wajir","Eldas","Della",2022,0
"Wajir","Eldas","Della",2023,0
"Wajir","Eldas","Della",2024,0
"Wajir","Eldas","Eldas",2012,0
"Wajir","Eldas","Eldas",2013,0
"Wajir","Eldas","Eldas",2014,0.846308469772339
"Wajir","Eldas","Eldas",2015,2.19233083724976
"Wajir","Eldas","Eldas",2016,1.76981723308563
"Wajir","Eldas","Eldas",2017,1.31622409820557
"Wajir","Eldas","Eldas",2018,0.59688937664032
"Wajir","Eldas","Eldas",2019,2.07591915130615
"Wajir","Eldas","Eldas",2020,0
"Wajir","Eldas","Eldas",2021,0.568211734294891
"Wajir","Eldas","Eldas",2022,2.39384269714355
"Wajir","Eldas","Eldas",2023,1.28956937789917
"Wajir","Eldas","Eldas",2024,1.86368787288666
"Wajir","Eldas","Elnur/Tula Tula",2012,0
"Wajir","Eldas","Elnur/Tula Tula",2013,0
"Wajir","Eldas","Elnur/Tula Tula",2014,0
"Wajir","Eldas","Elnur/Tula Tula",2015,0.484053283929825
"Wajir","Eldas","Elnur/Tula Tula",2016,0
"Wajir","Eldas","Elnur/Tula Tula",2017,0
"Wajir","Eldas","Elnur/Tula Tula",2018,0
"Wajir","Eldas","Elnur/Tula Tula",2019,0
"Wajir","Eldas","Elnur/Tula Tula",2020,0
"Wajir","Eldas","Elnur/Tula Tula",2021,0
"Wajir","Eldas","Elnur/Tula Tula",2022,0
"Wajir","Eldas","Elnur/Tula Tula",2023,0
"Wajir","Eldas","Elnur/Tula Tula",2024,0.962817907333374
"Wajir","Eldas","Lakoley South/Basir",2012,0
"Wajir","Eldas","Lakoley South/Basir",2013,0
"Wajir","Eldas","Lakoley South/Basir",2014,0
"Wajir","Eldas","Lakoley South/Basir",2015,0
"Wajir","Eldas","Lakoley South/Basir",2016,0
"Wajir","Eldas","Lakoley South/Basir",2017,0
"Wajir","Eldas","Lakoley South/Basir",2018,0
"Wajir","Eldas","Lakoley South/Basir",2019,0
"Wajir","Eldas","Lakoley South/Basir",2020,0
"Wajir","Eldas","Lakoley South/Basir",2021,0
"Wajir","Eldas","Lakoley South/Basir",2022,0
"Wajir","Eldas","Lakoley South/Basir",2023,0
"Wajir","Eldas","Lakoley South/Basir",2024,0
"Wajir","Tarbaj","Elben",2012,0
"Wajir","Tarbaj","Elben",2013,0
"Wajir","Tarbaj","Elben",2014,0
"Wajir","Tarbaj","Elben",2015,0
"Wajir","Tarbaj","Elben",2016,0
"Wajir","Tarbaj","Elben",2017,0
"Wajir","Tarbaj","Elben",2018,0
"Wajir","Tarbaj","Elben",2019,0
"Wajir","Tarbaj","Elben",2020,0
"Wajir","Tarbaj","Elben",2021,0
"Wajir","Tarbaj","Elben",2022,0
"Wajir","Tarbaj","Elben",2023,0
"Wajir","Tarbaj","Elben",2024,0
"Wajir","Tarbaj","Sarman",2012,0
"Wajir","Tarbaj","Sarman",2013,0
"Wajir","Tarbaj","Sarman",2014,0
"Wajir","Tarbaj","Sarman",2015,0
"Wajir","Tarbaj","Sarman",2016,0
"Wajir","Tarbaj","Sarman",2017,0
"Wajir","Tarbaj","Sarman",2018,0
"Wajir","Tarbaj","Sarman",2019,0
"Wajir","Tarbaj","Sarman",2020,0
"Wajir","Tarbaj","Sarman",2021,0
"Wajir","Tarbaj","Sarman",2022,0
"Wajir","Tarbaj","Sarman",2023,0
"Wajir","Tarbaj","Sarman",2024,0
"Wajir","Tarbaj","Tarbaj",2012,0
"Wajir","Tarbaj","Tarbaj",2013,0
"Wajir","Tarbaj","Tarbaj",2014,0
"Wajir","Tarbaj","Tarbaj",2015,0
"Wajir","Tarbaj","Tarbaj",2016,0
"Wajir","Tarbaj","Tarbaj",2017,0
"Wajir","Tarbaj","Tarbaj",2018,0
"Wajir","Tarbaj","Tarbaj",2019,0
"Wajir","Tarbaj","Tarbaj",2020,0
"Wajir","Tarbaj","Tarbaj",2021,0
"Wajir","Tarbaj","Tarbaj",2022,0
"Wajir","Tarbaj","Tarbaj",2023,0
"Wajir","Tarbaj","Tarbaj",2024,0
"Wajir","Tarbaj","Wargadud",2012,0
"Wajir","Tarbaj","Wargadud",2013,0
"Wajir","Tarbaj","Wargadud",2014,0
"Wajir","Tarbaj","Wargadud",2015,0
"Wajir","Tarbaj","Wargadud",2016,0
"Wajir","Tarbaj","Wargadud",2017,0
"Wajir","Tarbaj","Wargadud",2018,0
"Wajir","Tarbaj","Wargadud",2019,0
"Wajir","Tarbaj","Wargadud",2020,0
"Wajir","Tarbaj","Wargadud",2021,0
"Wajir","Tarbaj","Wargadud",2022,0
"Wajir","Tarbaj","Wargadud",2023,0
"Wajir","Tarbaj","Wargadud",2024,0
"Wajir","Wajir East","Barwago",2012,1.44233429431915
"Wajir","Wajir East","Barwago",2013,0.976267337799072
"Wajir","Wajir East","Barwago",2014,1.10052514076233
"Wajir","Wajir East","Barwago",2015,5.51947069168091
"Wajir","Wajir East","Barwago",2016,3.04058861732483
"Wajir","Wajir East","Barwago",2017,5.55036783218384
"Wajir","Wajir East","Barwago",2018,4.33125305175781
"Wajir","Wajir East","Barwago",2019,4.12736845016479
"Wajir","Wajir East","Barwago",2020,0.423086196184158
"Wajir","Wajir East","Barwago",2021,1.09486329555511
"Wajir","Wajir East","Barwago",2022,15.8749208450317
"Wajir","Wajir East","Barwago",2023,13.4940509796143
"Wajir","Wajir East","Barwago",2024,19.7580528259277
"Wajir","Wajir East","Khorof/Harar",2012,2.39703369140625
"Wajir","Wajir East","Khorof/Harar",2013,0
"Wajir","Wajir East","Khorof/Harar",2014,0
"Wajir","Wajir East","Khorof/Harar",2015,0
"Wajir","Wajir East","Khorof/Harar",2016,0
"Wajir","Wajir East","Khorof/Harar",2017,0
"Wajir","Wajir East","Khorof/Harar",2018,0
"Wajir","Wajir East","Khorof/Harar",2019,0
"Wajir","Wajir East","Khorof/Harar",2020,0
"Wajir","Wajir East","Khorof/Harar",2021,0
"Wajir","Wajir East","Khorof/Harar",2022,0
"Wajir","Wajir East","Khorof/Harar",2023,0
"Wajir","Wajir East","Khorof/Harar",2024,0
"Wajir","Wajir East","Township",2012,87.0681915283203
"Wajir","Wajir East","Township",2013,108.068321228027
"Wajir","Wajir East","Township",2014,133.783935546875
"Wajir","Wajir East","Township",2015,164.816253662109
"Wajir","Wajir East","Township",2016,143.92204284668
"Wajir","Wajir East","Township",2017,154.291976928711
"Wajir","Wajir East","Township",2018,153.1884765625
"Wajir","Wajir East","Township",2019,124.66284942627
"Wajir","Wajir East","Township",2020,91.9108505249023
"Wajir","Wajir East","Township",2021,111.036575317383
"Wajir","Wajir East","Township",2022,173.114700317383
"Wajir","Wajir East","Township",2023,167.898574829102
"Wajir","Wajir East","Township",2024,228.232620239258
"Wajir","Wajir East","Wagberi",2012,21.2407989501953
"Wajir","Wajir East","Wagberi",2013,27.6539707183838
"Wajir","Wajir East","Wagberi",2014,35.0518913269043
"Wajir","Wajir East","Wagberi",2015,50.8476486206055
"Wajir","Wajir East","Wagberi",2016,45.6000328063965
"Wajir","Wajir East","Wagberi",2017,56.1321983337402
"Wajir","Wajir East","Wagberi",2018,60.9332046508789
"Wajir","Wajir East","Wagberi",2019,42.3862800598145
"Wajir","Wajir East","Wagberi",2020,31.6782207489014
"Wajir","Wajir East","Wagberi",2021,42.4042091369629
"Wajir","Wajir East","Wagberi",2022,64.6500396728516
"Wajir","Wajir East","Wagberi",2023,62.0179672241211
"Wajir","Wajir East","Wagberi",2024,86.8665542602539
"Wajir","Wajir North","Batalu",2012,0
"Wajir","Wajir North","Batalu",2013,0
"Wajir","Wajir North","Batalu",2014,0
"Wajir","Wajir North","Batalu",2015,0
"Wajir","Wajir North","Batalu",2016,0
"Wajir","Wajir North","Batalu",2017,0
"Wajir","Wajir North","Batalu",2018,0
"Wajir","Wajir North","Batalu",2019,0
"Wajir","Wajir North","Batalu",2020,0
"Wajir","Wajir North","Batalu",2021,0
"Wajir","Wajir North","Batalu",2022,0
"Wajir","Wajir North","Batalu",2023,0
"Wajir","Wajir North","Batalu",2024,0
"Wajir","Wajir North","Bute",2012,0
"Wajir","Wajir North","Bute",2013,0
"Wajir","Wajir North","Bute",2014,0.58343106508255
"Wajir","Wajir North","Bute",2015,2.20463085174561
"Wajir","Wajir North","Bute",2016,0.709587037563324
"Wajir","Wajir North","Bute",2017,0.50706958770752
"Wajir","Wajir North","Bute",2018,0
"Wajir","Wajir North","Bute",2019,0
"Wajir","Wajir North","Bute",2020,0
"Wajir","Wajir North","Bute",2021,0.694651782512665
"Wajir","Wajir North","Bute",2022,3.55649614334106
"Wajir","Wajir North","Bute",2023,3.09563755989075
"Wajir","Wajir North","Bute",2024,4.31591701507568
"Wajir","Wajir North","Danaba",2012,0
"Wajir","Wajir North","Danaba",2013,0
"Wajir","Wajir North","Danaba",2014,0
"Wajir","Wajir North","Danaba",2015,0
"Wajir","Wajir North","Danaba",2016,0
"Wajir","Wajir North","Danaba",2017,0
"Wajir","Wajir North","Danaba",2018,0.307108253240585
"Wajir","Wajir North","Danaba",2019,0
"Wajir","Wajir North","Danaba",2020,0
"Wajir","Wajir North","Danaba",2021,0
"Wajir","Wajir North","Danaba",2022,0
"Wajir","Wajir North","Danaba",2023,0
"Wajir","Wajir North","Danaba",2024,0
"Wajir","Wajir North","Godoma",2012,0
"Wajir","Wajir North","Godoma",2013,0
"Wajir","Wajir North","Godoma",2014,0
"Wajir","Wajir North","Godoma",2015,0
"Wajir","Wajir North","Godoma",2016,0
"Wajir","Wajir North","Godoma",2017,0
"Wajir","Wajir North","Godoma",2018,0
"Wajir","Wajir North","Godoma",2019,0
"Wajir","Wajir North","Godoma",2020,0
"Wajir","Wajir North","Godoma",2021,0
"Wajir","Wajir North","Godoma",2022,0
"Wajir","Wajir North","Godoma",2023,0
"Wajir","Wajir North","Godoma",2024,0
"Wajir","Wajir North","Gurar",2012,0
"Wajir","Wajir North","Gurar",2013,0
"Wajir","Wajir North","Gurar",2014,0
"Wajir","Wajir North","Gurar",2015,0
"Wajir","Wajir North","Gurar",2016,0
"Wajir","Wajir North","Gurar",2017,0
"Wajir","Wajir North","Gurar",2018,0
"Wajir","Wajir North","Gurar",2019,0
"Wajir","Wajir North","Gurar",2020,0
"Wajir","Wajir North","Gurar",2021,0
"Wajir","Wajir North","Gurar",2022,0
"Wajir","Wajir North","Gurar",2023,0
"Wajir","Wajir North","Gurar",2024,0
"Wajir","Wajir North","Korondile",2012,0
"Wajir","Wajir North","Korondile",2013,0
"Wajir","Wajir North","Korondile",2014,0
"Wajir","Wajir North","Korondile",2015,0
"Wajir","Wajir North","Korondile",2016,0
"Wajir","Wajir North","Korondile",2017,0
"Wajir","Wajir North","Korondile",2018,0
"Wajir","Wajir North","Korondile",2019,0
"Wajir","Wajir North","Korondile",2020,0
"Wajir","Wajir North","Korondile",2021,0
"Wajir","Wajir North","Korondile",2022,0
"Wajir","Wajir North","Korondile",2023,0
"Wajir","Wajir North","Korondile",2024,1.08160030841827
"Wajir","Wajir North","Malkagufu",2012,0
"Wajir","Wajir North","Malkagufu",2013,0
"Wajir","Wajir North","Malkagufu",2014,0
"Wajir","Wajir North","Malkagufu",2015,0
"Wajir","Wajir North","Malkagufu",2016,0
"Wajir","Wajir North","Malkagufu",2017,0
"Wajir","Wajir North","Malkagufu",2018,0
"Wajir","Wajir North","Malkagufu",2019,0
"Wajir","Wajir North","Malkagufu",2020,0
"Wajir","Wajir North","Malkagufu",2021,0
"Wajir","Wajir North","Malkagufu",2022,0
"Wajir","Wajir North","Malkagufu",2023,0
"Wajir","Wajir North","Malkagufu",2024,3.91318082809448
"Wajir","Wajir South","Benane",2012,0
"Wajir","Wajir South","Benane",2013,0
"Wajir","Wajir South","Benane",2014,0
"Wajir","Wajir South","Benane",2015,0
"Wajir","Wajir South","Benane",2016,0
"Wajir","Wajir South","Benane",2017,0
"Wajir","Wajir South","Benane",2018,0
"Wajir","Wajir South","Benane",2019,0
"Wajir","Wajir South","Benane",2020,0
"Wajir","Wajir South","Benane",2021,0
"Wajir","Wajir South","Benane",2022,0
"Wajir","Wajir South","Benane",2023,0
"Wajir","Wajir South","Benane",2024,0
"Wajir","Wajir South","Burder",2012,0
"Wajir","Wajir South","Burder",2013,0
"Wajir","Wajir South","Burder",2014,0
"Wajir","Wajir South","Burder",2015,0
"Wajir","Wajir South","Burder",2016,0
"Wajir","Wajir South","Burder",2017,0
"Wajir","Wajir South","Burder",2018,0
"Wajir","Wajir South","Burder",2019,0
"Wajir","Wajir South","Burder",2020,0
"Wajir","Wajir South","Burder",2021,0
"Wajir","Wajir South","Burder",2022,0
"Wajir","Wajir South","Burder",2023,0
"Wajir","Wajir South","Burder",2024,0
"Wajir","Wajir South","Dadaja Bulla",2012,0
"Wajir","Wajir South","Dadaja Bulla",2013,0
"Wajir","Wajir South","Dadaja Bulla",2014,0
"Wajir","Wajir South","Dadaja Bulla",2015,0
"Wajir","Wajir South","Dadaja Bulla",2016,0
"Wajir","Wajir South","Dadaja Bulla",2017,0
"Wajir","Wajir South","Dadaja Bulla",2018,0
"Wajir","Wajir South","Dadaja Bulla",2019,0
"Wajir","Wajir South","Dadaja Bulla",2020,0
"Wajir","Wajir South","Dadaja Bulla",2021,0
"Wajir","Wajir South","Dadaja Bulla",2022,0
"Wajir","Wajir South","Dadaja Bulla",2023,0
"Wajir","Wajir South","Dadaja Bulla",2024,0
"Wajir","Wajir South","Diif",2012,0
"Wajir","Wajir South","Diif",2013,0
"Wajir","Wajir South","Diif",2014,0
"Wajir","Wajir South","Diif",2015,0
"Wajir","Wajir South","Diif",2016,0
"Wajir","Wajir South","Diif",2017,0
"Wajir","Wajir South","Diif",2018,0
"Wajir","Wajir South","Diif",2019,0
"Wajir","Wajir South","Diif",2020,0
"Wajir","Wajir South","Diif",2021,0
"Wajir","Wajir South","Diif",2022,0
"Wajir","Wajir South","Diif",2023,0
"Wajir","Wajir South","Diif",2024,0
"Wajir","Wajir South","Habasswein",2012,5.93900632858276
"Wajir","Wajir South","Habasswein",2013,5.57669830322266
"Wajir","Wajir South","Habasswein",2014,5.63782405853271
"Wajir","Wajir South","Habasswein",2015,7.35053873062134
"Wajir","Wajir South","Habasswein",2016,4.11979627609253
"Wajir","Wajir South","Habasswein",2017,2.53482985496521
"Wajir","Wajir South","Habasswein",2018,1.45079660415649
"Wajir","Wajir South","Habasswein",2019,0.457082808017731
"Wajir","Wajir South","Habasswein",2020,0
"Wajir","Wajir South","Habasswein",2021,1.66830432415009
"Wajir","Wajir South","Habasswein",2022,4.58826684951782
"Wajir","Wajir South","Habasswein",2023,6.31980276107788
"Wajir","Wajir South","Habasswein",2024,6.29661989212036
"Wajir","Wajir South","Ibrahim Ure",2012,0
"Wajir","Wajir South","Ibrahim Ure",2013,0
"Wajir","Wajir South","Ibrahim Ure",2014,0
"Wajir","Wajir South","Ibrahim Ure",2015,0
"Wajir","Wajir South","Ibrahim Ure",2016,0
"Wajir","Wajir South","Ibrahim Ure",2017,0
"Wajir","Wajir South","Ibrahim Ure",2018,0
"Wajir","Wajir South","Ibrahim Ure",2019,0
"Wajir","Wajir South","Ibrahim Ure",2020,0
"Wajir","Wajir South","Ibrahim Ure",2021,0
"Wajir","Wajir South","Ibrahim Ure",2022,0
"Wajir","Wajir South","Ibrahim Ure",2023,0
"Wajir","Wajir South","Ibrahim Ure",2024,0
"Wajir","Wajir South","Lagboghol South",2012,0
"Wajir","Wajir South","Lagboghol South",2013,0
"Wajir","Wajir South","Lagboghol South",2014,0
"Wajir","Wajir South","Lagboghol South",2015,0
"Wajir","Wajir South","Lagboghol South",2016,0
"Wajir","Wajir South","Lagboghol South",2017,0
"Wajir","Wajir South","Lagboghol South",2018,0
"Wajir","Wajir South","Lagboghol South",2019,0
"Wajir","Wajir South","Lagboghol South",2020,0
"Wajir","Wajir South","Lagboghol South",2021,0
"Wajir","Wajir South","Lagboghol South",2022,0
"Wajir","Wajir South","Lagboghol South",2023,0
"Wajir","Wajir South","Lagboghol South",2024,0
"Wajir","Wajir West","Adamasajide",2012,1.72459161281586
"Wajir","Wajir West","Adamasajide",2013,3.44139099121094
"Wajir","Wajir West","Adamasajide",2014,4.70444583892822
"Wajir","Wajir West","Adamasajide",2015,4.79675483703613
"Wajir","Wajir West","Adamasajide",2016,2.76570725440979
"Wajir","Wajir West","Adamasajide",2017,1.55870044231415
"Wajir","Wajir West","Adamasajide",2018,0.3907590508461
"Wajir","Wajir West","Adamasajide",2019,0.127397775650024
"Wajir","Wajir West","Adamasajide",2020,0
"Wajir","Wajir West","Adamasajide",2021,1.36204922199249
"Wajir","Wajir West","Adamasajide",2022,2.12645864486694
"Wajir","Wajir West","Adamasajide",2023,3.25847578048706
"Wajir","Wajir West","Adamasajide",2024,2.84362983703613
"Wajir","Wajir West","Arbajahan",2012,0
"Wajir","Wajir West","Arbajahan",2013,0
"Wajir","Wajir West","Arbajahan",2014,0
"Wajir","Wajir West","Arbajahan",2015,0.143364250659943
"Wajir","Wajir West","Arbajahan",2016,0
"Wajir","Wajir West","Arbajahan",2017,0
"Wajir","Wajir West","Arbajahan",2018,0
"Wajir","Wajir West","Arbajahan",2019,0
"Wajir","Wajir West","Arbajahan",2020,0
"Wajir","Wajir West","Arbajahan",2021,0
"Wajir","Wajir West","Arbajahan",2022,0
"Wajir","Wajir West","Arbajahan",2023,0
"Wajir","Wajir West","Arbajahan",2024,0.126016497612
"Wajir","Wajir West","Ganyure/Wagalla",2012,0
"Wajir","Wajir West","Ganyure/Wagalla",2013,0
"Wajir","Wajir West","Ganyure/Wagalla",2014,0
"Wajir","Wajir West","Ganyure/Wagalla",2015,0
"Wajir","Wajir West","Ganyure/Wagalla",2016,0
"Wajir","Wajir West","Ganyure/Wagalla",2017,0
"Wajir","Wajir West","Ganyure/Wagalla",2018,0.604664921760559
"Wajir","Wajir West","Ganyure/Wagalla",2019,0
"Wajir","Wajir West","Ganyure/Wagalla",2020,0
"Wajir","Wajir West","Ganyure/Wagalla",2021,0
"Wajir","Wajir West","Ganyure/Wagalla",2022,0
"Wajir","Wajir West","Ganyure/Wagalla",2023,0
"Wajir","Wajir West","Ganyure/Wagalla",2024,0
"Wajir","Wajir West","Hadado/Athibohol",2012,0
"Wajir","Wajir West","Hadado/Athibohol",2013,2.01404356956482
"Wajir","Wajir West","Hadado/Athibohol",2014,5.63830757141113
"Wajir","Wajir West","Hadado/Athibohol",2015,0
"Wajir","Wajir West","Hadado/Athibohol",2016,0
"Wajir","Wajir West","Hadado/Athibohol",2017,0
"Wajir","Wajir West","Hadado/Athibohol",2018,0
"Wajir","Wajir West","Hadado/Athibohol",2019,0
"Wajir","Wajir West","Hadado/Athibohol",2020,0
"Wajir","Wajir West","Hadado/Athibohol",2021,0
"Wajir","Wajir West","Hadado/Athibohol",2022,0
"Wajir","Wajir West","Hadado/Athibohol",2023,0
"Wajir","Wajir West","Hadado/Athibohol",2024,0
"West Pokot","Kacheliba","Alale",2012,0
"West Pokot","Kacheliba","Alale",2013,0
"West Pokot","Kacheliba","Alale",2014,0
"West Pokot","Kacheliba","Alale",2015,0
"West Pokot","Kacheliba","Alale",2016,0
"West Pokot","Kacheliba","Alale",2017,0
"West Pokot","Kacheliba","Alale",2018,0
"West Pokot","Kacheliba","Alale",2019,0
"West Pokot","Kacheliba","Alale",2020,1.50482177734375
"West Pokot","Kacheliba","Alale",2021,4.90823698043823
"West Pokot","Kacheliba","Alale",2022,3.02859950065613
"West Pokot","Kacheliba","Alale",2023,6.46758556365967
"West Pokot","Kacheliba","Alale",2024,3.33331751823425
"West Pokot","Kacheliba","Kapchok",2012,0
"West Pokot","Kacheliba","Kapchok",2013,0
"West Pokot","Kacheliba","Kapchok",2014,0
"West Pokot","Kacheliba","Kapchok",2015,0
"West Pokot","Kacheliba","Kapchok",2016,0
"West Pokot","Kacheliba","Kapchok",2017,0
"West Pokot","Kacheliba","Kapchok",2018,0
"West Pokot","Kacheliba","Kapchok",2019,0
"West Pokot","Kacheliba","Kapchok",2020,2.35826992988586
"West Pokot","Kacheliba","Kapchok",2021,5.03060150146484
"West Pokot","Kacheliba","Kapchok",2022,7.04519653320312
"West Pokot","Kacheliba","Kapchok",2023,8.66388607025146
"West Pokot","Kacheliba","Kapchok",2024,9.39967727661133
"West Pokot","Kacheliba","Kasei",2012,0
"West Pokot","Kacheliba","Kasei",2013,0
"West Pokot","Kacheliba","Kasei",2014,0.134558141231537
"West Pokot","Kacheliba","Kasei",2015,0
"West Pokot","Kacheliba","Kasei",2016,0
"West Pokot","Kacheliba","Kasei",2017,0
"West Pokot","Kacheliba","Kasei",2018,0
"West Pokot","Kacheliba","Kasei",2019,0
"West Pokot","Kacheliba","Kasei",2020,0.695076823234558
"West Pokot","Kacheliba","Kasei",2021,0.807600080966949
"West Pokot","Kacheliba","Kasei",2022,0.212602913379669
"West Pokot","Kacheliba","Kasei",2023,0.152277857065201
"West Pokot","Kacheliba","Kasei",2024,0
"West Pokot","Kacheliba","Kiwawa",2012,0
"West Pokot","Kacheliba","Kiwawa",2013,0
"West Pokot","Kacheliba","Kiwawa",2014,0
"West Pokot","Kacheliba","Kiwawa",2015,0
"West Pokot","Kacheliba","Kiwawa",2016,0
"West Pokot","Kacheliba","Kiwawa",2017,0
"West Pokot","Kacheliba","Kiwawa",2018,0
"West Pokot","Kacheliba","Kiwawa",2019,0
"West Pokot","Kacheliba","Kiwawa",2020,0
"West Pokot","Kacheliba","Kiwawa",2021,0
"West Pokot","Kacheliba","Kiwawa",2022,0
"West Pokot","Kacheliba","Kiwawa",2023,0
"West Pokot","Kacheliba","Kiwawa",2024,0.674493551254272
"West Pokot","Kacheliba","Kodich",2012,0
"West Pokot","Kacheliba","Kodich",2013,0
"West Pokot","Kacheliba","Kodich",2014,0
"West Pokot","Kacheliba","Kodich",2015,0
"West Pokot","Kacheliba","Kodich",2016,0
"West Pokot","Kacheliba","Kodich",2017,0
"West Pokot","Kacheliba","Kodich",2018,0
"West Pokot","Kacheliba","Kodich",2019,0
"West Pokot","Kacheliba","Kodich",2020,0
"West Pokot","Kacheliba","Kodich",2021,0
"West Pokot","Kacheliba","Kodich",2022,0
"West Pokot","Kacheliba","Kodich",2023,0
"West Pokot","Kacheliba","Kodich",2024,0
"West Pokot","Kacheliba","Suam",2012,0
"West Pokot","Kacheliba","Suam",2013,0
"West Pokot","Kacheliba","Suam",2014,0
"West Pokot","Kacheliba","Suam",2015,0.270237505435944
"West Pokot","Kacheliba","Suam",2016,0.314123034477234
"West Pokot","Kacheliba","Suam",2017,1.07159173488617
"West Pokot","Kacheliba","Suam",2018,0.968953013420105
"West Pokot","Kacheliba","Suam",2019,0.848934412002563
"West Pokot","Kacheliba","Suam",2020,7.11208963394165
"West Pokot","Kacheliba","Suam",2021,5.12221574783325
"West Pokot","Kacheliba","Suam",2022,10.0807905197144
"West Pokot","Kacheliba","Suam",2023,17.2503986358643
"West Pokot","Kacheliba","Suam",2024,14.4476222991943
"West Pokot","Kapenguria","Endugh",2012,12.6611747741699
"West Pokot","Kapenguria","Endugh",2013,9.04959964752197
"West Pokot","Kapenguria","Endugh",2014,72.5074234008789
"West Pokot","Kapenguria","Endugh",2015,87.805046081543
"West Pokot","Kapenguria","Endugh",2016,70.1862945556641
"West Pokot","Kapenguria","Endugh",2017,52.9343681335449
"West Pokot","Kapenguria","Endugh",2018,31.6668262481689
"West Pokot","Kapenguria","Endugh",2019,22.2380390167236
"West Pokot","Kapenguria","Endugh",2020,23.5356769561768
"West Pokot","Kapenguria","Endugh",2021,31.6173973083496
"West Pokot","Kapenguria","Endugh",2022,23.8990287780762
"West Pokot","Kapenguria","Endugh",2023,25.6169109344482
"West Pokot","Kapenguria","Endugh",2024,13.5029249191284
"West Pokot","Kapenguria","Kapenguria",2012,9.51967239379883
"West Pokot","Kapenguria","Kapenguria",2013,6.30472612380981
"West Pokot","Kapenguria","Kapenguria",2014,46.9703903198242
"West Pokot","Kapenguria","Kapenguria",2015,45.6746673583984
"West Pokot","Kapenguria","Kapenguria",2016,62.0852203369141
"West Pokot","Kapenguria","Kapenguria",2017,188.334869384766
"West Pokot","Kapenguria","Kapenguria",2018,194.793029785156
"West Pokot","Kapenguria","Kapenguria",2019,173.960662841797
"West Pokot","Kapenguria","Kapenguria",2020,162.891647338867
"West Pokot","Kapenguria","Kapenguria",2021,198.00993347168
"West Pokot","Kapenguria","Kapenguria",2022,210.768829345703
"West Pokot","Kapenguria","Kapenguria",2023,240.406890869141
"West Pokot","Kapenguria","Kapenguria",2024,214.154190063477
"West Pokot","Kapenguria","Lokori/Kochodin",2012,0
"West Pokot","Kapenguria","Lokori/Kochodin",2013,0
"West Pokot","Kapenguria","Lokori/Kochodin",2014,0
"West Pokot","Kapenguria","Lokori/Kochodin",2015,0.280990213155746
"West Pokot","Kapenguria","Lokori/Kochodin",2016,0.326621949672699
"West Pokot","Kapenguria","Lokori/Kochodin",2017,0.500817775726318
"West Pokot","Kapenguria","Lokori/Kochodin",2018,0.383072078227997
"West Pokot","Kapenguria","Lokori/Kochodin",2019,0.32570493221283
"West Pokot","Kapenguria","Lokori/Kochodin",2020,7.17985963821411
"West Pokot","Kapenguria","Lokori/Kochodin",2021,6.40276098251343
"West Pokot","Kapenguria","Lokori/Kochodin",2022,11.8146696090698
"West Pokot","Kapenguria","Lokori/Kochodin",2023,9.89509677886963
"West Pokot","Kapenguria","Lokori/Kochodin",2024,12.7955551147461
"West Pokot","Kapenguria","Mnagei",2012,7.82470464706421
"West Pokot","Kapenguria","Mnagei",2013,7.46493482589722
"West Pokot","Kapenguria","Mnagei",2014,35.8784599304199
"West Pokot","Kapenguria","Mnagei",2015,29.4600143432617
"West Pokot","Kapenguria","Mnagei",2016,30.2811584472656
"West Pokot","Kapenguria","Mnagei",2017,72.6215515136719
"West Pokot","Kapenguria","Mnagei",2018,90.6506958007812
"West Pokot","Kapenguria","Mnagei",2019,120.918937683105
"West Pokot","Kapenguria","Mnagei",2020,94.0544204711914
"West Pokot","Kapenguria","Mnagei",2021,95.5376663208008
"West Pokot","Kapenguria","Mnagei",2022,122.489730834961
"West Pokot","Kapenguria","Mnagei",2023,148.272476196289
"West Pokot","Kapenguria","Mnagei",2024,125.57398223877
"West Pokot","Kapenguria","Siyoi",2012,0.934389650821686
"West Pokot","Kapenguria","Siyoi",2013,0
"West Pokot","Kapenguria","Siyoi",2014,0.374248713254929
"West Pokot","Kapenguria","Siyoi",2015,0.539047479629517
"West Pokot","Kapenguria","Siyoi",2016,0.524994075298309
"West Pokot","Kapenguria","Siyoi",2017,5.32474327087402
"West Pokot","Kapenguria","Siyoi",2018,10.2145919799805
"West Pokot","Kapenguria","Siyoi",2019,9.90469932556152
"West Pokot","Kapenguria","Siyoi",2020,9.00475883483887
"West Pokot","Kapenguria","Siyoi",2021,14.7783098220825
"West Pokot","Kapenguria","Siyoi",2022,24.9237213134766
"West Pokot","Kapenguria","Siyoi",2023,25.7741451263428
"West Pokot","Kapenguria","Siyoi",2024,27.9690704345703
"West Pokot","Kapenguria","Sook",2012,0
"West Pokot","Kapenguria","Sook",2013,0
"West Pokot","Kapenguria","Sook",2014,0
"West Pokot","Kapenguria","Sook",2015,0
"West Pokot","Kapenguria","Sook",2016,0
"West Pokot","Kapenguria","Sook",2017,0
"West Pokot","Kapenguria","Sook",2018,0
"West Pokot","Kapenguria","Sook",2019,0
"West Pokot","Kapenguria","Sook",2020,0
"West Pokot","Kapenguria","Sook",2021,2.5177321434021
"West Pokot","Kapenguria","Sook",2022,1.1033148765564
"West Pokot","Kapenguria","Sook",2023,0.647715628147125
"West Pokot","Kapenguria","Sook",2024,0
"West Pokot","Pokot South","Batei",2012,0
"West Pokot","Pokot South","Batei",2013,0
"West Pokot","Pokot South","Batei",2014,0
"West Pokot","Pokot South","Batei",2015,1.10910105705261
"West Pokot","Pokot South","Batei",2016,0.6831294298172
"West Pokot","Pokot South","Batei",2017,2.05840802192688
"West Pokot","Pokot South","Batei",2018,16.5538787841797
"West Pokot","Pokot South","Batei",2019,14.5911684036255
"West Pokot","Pokot South","Batei",2020,9.22462463378906
"West Pokot","Pokot South","Batei",2021,8.99539279937744
"West Pokot","Pokot South","Batei",2022,30.3937377929688
"West Pokot","Pokot South","Batei",2023,57.8325309753418
"West Pokot","Pokot South","Batei",2024,164.089492797852
"West Pokot","Pokot South","Chepareria",2012,0
"West Pokot","Pokot South","Chepareria",2013,0
"West Pokot","Pokot South","Chepareria",2014,0
"West Pokot","Pokot South","Chepareria",2015,4.1364483833313
"West Pokot","Pokot South","Chepareria",2016,2.11152839660645
"West Pokot","Pokot South","Chepareria",2017,3.23153233528137
"West Pokot","Pokot South","Chepareria",2018,30.6501808166504
"West Pokot","Pokot South","Chepareria",2019,32.0093688964844
"West Pokot","Pokot South","Chepareria",2020,29.3173046112061
"West Pokot","Pokot South","Chepareria",2021,12.5794897079468
"West Pokot","Pokot South","Chepareria",2022,49.4575805664062
"West Pokot","Pokot South","Chepareria",2023,57.7600288391113
"West Pokot","Pokot South","Chepareria",2024,45.5756530761719
"West Pokot","Pokot South","Lelan",2012,0
"West Pokot","Pokot South","Lelan",2013,0
"West Pokot","Pokot South","Lelan",2014,0
"West Pokot","Pokot South","Lelan",2015,1.3011326789856
"West Pokot","Pokot South","Lelan",2016,2.6510694026947
"West Pokot","Pokot South","Lelan",2017,1.56426692008972
"West Pokot","Pokot South","Lelan",2018,3.02652764320374
"West Pokot","Pokot South","Lelan",2019,20.0762519836426
"West Pokot","Pokot South","Lelan",2020,9.78036975860596
"West Pokot","Pokot South","Lelan",2021,7.84423732757568
"West Pokot","Pokot South","Lelan",2022,22.4859104156494
"West Pokot","Pokot South","Lelan",2023,25.0287208557129
"West Pokot","Pokot South","Lelan",2024,20.6548156738281
"West Pokot","Pokot South","Tapach",2012,0
"West Pokot","Pokot South","Tapach",2013,0
"West Pokot","Pokot South","Tapach",2014,0
"West Pokot","Pokot South","Tapach",2015,0
"West Pokot","Pokot South","Tapach",2016,0
"West Pokot","Pokot South","Tapach",2017,0
"West Pokot","Pokot South","Tapach",2018,2.5663754940033
"West Pokot","Pokot South","Tapach",2019,3.58573698997498
"West Pokot","Pokot South","Tapach",2020,0.846423923969269
"West Pokot","Pokot South","Tapach",2021,2.55765628814697
"West Pokot","Pokot South","Tapach",2022,5.80916166305542
"West Pokot","Pokot South","Tapach",2023,10.1722936630249
"West Pokot","Pokot South","Tapach",2024,5.71305751800537
"West Pokot","Sigor","Lomut",2012,0
"West Pokot","Sigor","Lomut",2013,0
"West Pokot","Sigor","Lomut",2014,0
"West Pokot","Sigor","Lomut",2015,0
"West Pokot","Sigor","Lomut",2016,0
"West Pokot","Sigor","Lomut",2017,0
"West Pokot","Sigor","Lomut",2018,0
"West Pokot","Sigor","Lomut",2019,0
"West Pokot","Sigor","Lomut",2020,0.97330105304718
"West Pokot","Sigor","Lomut",2021,0.558881521224976
"West Pokot","Sigor","Lomut",2022,14.3922262191772
"West Pokot","Sigor","Lomut",2023,20.1990833282471
"West Pokot","Sigor","Lomut",2024,21.5981140136719
"West Pokot","Sigor","Masool",2012,0.00169907964300364
"West Pokot","Sigor","Masool",2013,0.00175956997554749
"West Pokot","Sigor","Masool",2014,0.00207262951880693
"West Pokot","Sigor","Masool",2015,0.00195458647795022
"West Pokot","Sigor","Masool",2016,0.00222653662785888
"West Pokot","Sigor","Masool",2017,0
"West Pokot","Sigor","Masool",2018,0.00173611950594932
"West Pokot","Sigor","Masool",2019,0.241350203752518
"West Pokot","Sigor","Masool",2020,0.00188775081187487
"West Pokot","Sigor","Masool",2021,0.230319663882256
"West Pokot","Sigor","Masool",2022,0.399559587240219
"West Pokot","Sigor","Masool",2023,0.322643607854843
"West Pokot","Sigor","Masool",2024,0.241137325763702
"West Pokot","Sigor","Sekerr",2012,0.356186360120773
"West Pokot","Sigor","Sekerr",2013,0.10128828138113
"West Pokot","Sigor","Sekerr",2014,1.03192281723022
"West Pokot","Sigor","Sekerr",2015,3.20498609542847
"West Pokot","Sigor","Sekerr",2016,0.465983271598816
"West Pokot","Sigor","Sekerr",2017,0.288320034742355
"West Pokot","Sigor","Sekerr",2018,0.0574405118823051
"West Pokot","Sigor","Sekerr",2019,0.0655254721641541
"West Pokot","Sigor","Sekerr",2020,0.0622962787747383
"West Pokot","Sigor","Sekerr",2021,0.142496839165688
"West Pokot","Sigor","Sekerr",2022,6.16692543029785
"West Pokot","Sigor","Sekerr",2023,5.32988548278809
"West Pokot","Sigor","Sekerr",2024,7.78839731216431
"West Pokot","Sigor","Weiwei",2012,0
"West Pokot","Sigor","Weiwei",2013,0
"West Pokot","Sigor","Weiwei",2014,0
"West Pokot","Sigor","Weiwei",2015,0
"West Pokot","Sigor","Weiwei",2016,0.557390868663788
"West Pokot","Sigor","Weiwei",2017,0.558219134807587
"West Pokot","Sigor","Weiwei",2018,4.67712354660034
"West Pokot","Sigor","Weiwei",2019,3.73921751976013
"West Pokot","Sigor","Weiwei",2020,1.15166175365448
"West Pokot","Sigor","Weiwei",2021,0
"West Pokot","Sigor","Weiwei",2022,14.4096527099609
"West Pokot","Sigor","Weiwei",2023,14.1903619766235
"West Pokot","Sigor","Weiwei",2024,13.3732614517212
"West Pokot","unknown 3","unknown 3",2012,0
"West Pokot","unknown 3","unknown 3",2013,0
"West Pokot","unknown 3","unknown 3",2014,0
"West Pokot","unknown 3","unknown 3",2015,0
"West Pokot","unknown 3","unknown 3",2016,0
"West Pokot","unknown 3","unknown 3",2017,0
"West Pokot","unknown 3","unknown 3",2018,0
"West Pokot","unknown 3","unknown 3",2019,0
"West Pokot","unknown 3","unknown 3",2020,0
"West Pokot","unknown 3","unknown 3",2021,0
"West Pokot","unknown 3","unknown 3",2022,0
"West Pokot","unknown 3","unknown 3",2023,0
"West Pokot","unknown 3","unknown 3",2024,0
