"NAME_1","NAME_2","NAME_3","date","ntl_mean"
"Centre","Blitta","Agbandi",2012,0.583645045757294
"Centre","Blitta","Agbandi",2013,0.59983366727829
"Centre","Blitta","Agbandi",2014,1.10333943367004
"Centre","Blitta","Agbandi",2015,0.634379804134369
"Centre","Blitta","Agbandi",2016,0.59105783700943
"Centre","Blitta","Agbandi",2017,0.621751964092255
"Centre","Blitta","Agbandi",2018,1.78298318386078
"Centre","Blitta","Agbandi",2019,1.91873669624329
"Centre","Blitta","Agbandi",2020,1.76096379756927
"Centre","Blitta","Agbandi",2021,2.65846753120422
"Centre","Blitta","Agbandi",2022,6.09956455230713
"Centre","Blitta","Agbandi",2023,8.31654739379883
"Centre","Blitta","Agbandi",2024,18.9452247619629
"Centre","Blitta","Atchintse",2012,0
"Centre","Blitta","Atchintse",2013,0
"Centre","Blitta","Atchintse",2014,0
"Centre","Blitta","Atchintse",2015,0
"Centre","Blitta","Atchintse",2016,0
"Centre","Blitta","Atchintse",2017,0
"Centre","Blitta","Atchintse",2018,4.24798917770386
"Centre","Blitta","Atchintse",2019,4.6248607635498
"Centre","Blitta","Atchintse",2020,3.94925427436829
"Centre","Blitta","Atchintse",2021,2.14355707168579
"Centre","Blitta","Atchintse",2022,4.79704141616821
"Centre","Blitta","Atchintse",2023,1.87241339683533
"Centre","Blitta","Atchintse",2024,2.57343769073486
"Centre","Blitta","Blitta Village",2012,2.5720694065094
"Centre","Blitta","Blitta Village",2013,2.0643367767334
"Centre","Blitta","Blitta Village",2014,5.07592058181763
"Centre","Blitta","Blitta Village",2015,4.10798311233521
"Centre","Blitta","Blitta Village",2016,3.41675543785095
"Centre","Blitta","Blitta Village",2017,2.48029851913452
"Centre","Blitta","Blitta Village",2018,1.40657949447632
"Centre","Blitta","Blitta Village",2019,4.91403675079346
"Centre","Blitta","Blitta Village",2020,14.5424633026123
"Centre","Blitta","Blitta Village",2021,32.8846549987793
"Centre","Blitta","Blitta Village",2022,42.3960342407227
"Centre","Blitta","Blitta Village",2023,48.1812553405762
"Centre","Blitta","Blitta Village",2024,69.8373336791992
"Centre","Blitta","Blitta-Gare",2012,24.4344806671143
"Centre","Blitta","Blitta-Gare",2013,20.3687038421631
"Centre","Blitta","Blitta-Gare",2014,27.7429752349854
"Centre","Blitta","Blitta-Gare",2015,34.7301254272461
"Centre","Blitta","Blitta-Gare",2016,27.9401817321777
"Centre","Blitta","Blitta-Gare",2017,25.5967617034912
"Centre","Blitta","Blitta-Gare",2018,41.7514762878418
"Centre","Blitta","Blitta-Gare",2019,30.9722957611084
"Centre","Blitta","Blitta-Gare",2020,44.6239395141602
"Centre","Blitta","Blitta-Gare",2021,52.4278182983398
"Centre","Blitta","Blitta-Gare",2022,61.9074516296387
"Centre","Blitta","Blitta-Gare",2023,61.4746398925781
"Centre","Blitta","Blitta-Gare",2024,96.9681549072266
"Centre","Blitta","Diguengue",2012,0
"Centre","Blitta","Diguengue",2013,0
"Centre","Blitta","Diguengue",2014,0
"Centre","Blitta","Diguengue",2015,0
"Centre","Blitta","Diguengue",2016,0
"Centre","Blitta","Diguengue",2017,0
"Centre","Blitta","Diguengue",2018,0
"Centre","Blitta","Diguengue",2019,0
"Centre","Blitta","Diguengue",2020,0
"Centre","Blitta","Diguengue",2021,0
"Centre","Blitta","Diguengue",2022,0
"Centre","Blitta","Diguengue",2023,0
"Centre","Blitta","Diguengue",2024,0
"Centre","Blitta","Dikpeleou",2012,0
"Centre","Blitta","Dikpeleou",2013,0
"Centre","Blitta","Dikpeleou",2014,0
"Centre","Blitta","Dikpeleou",2015,0
"Centre","Blitta","Dikpeleou",2016,0
"Centre","Blitta","Dikpeleou",2017,0
"Centre","Blitta","Dikpeleou",2018,0
"Centre","Blitta","Dikpeleou",2019,0
"Centre","Blitta","Dikpeleou",2020,0
"Centre","Blitta","Dikpeleou",2021,0
"Centre","Blitta","Dikpeleou",2022,1.9672737121582
"Centre","Blitta","Dikpeleou",2023,1.12128055095673
"Centre","Blitta","Dikpeleou",2024,1.88052320480347
"Centre","Blitta","Doufouli",2012,0
"Centre","Blitta","Doufouli",2013,0
"Centre","Blitta","Doufouli",2014,0
"Centre","Blitta","Doufouli",2015,0
"Centre","Blitta","Doufouli",2016,0.524193167686462
"Centre","Blitta","Doufouli",2017,0
"Centre","Blitta","Doufouli",2018,0
"Centre","Blitta","Doufouli",2019,0
"Centre","Blitta","Doufouli",2020,0
"Centre","Blitta","Doufouli",2021,0
"Centre","Blitta","Doufouli",2022,0
"Centre","Blitta","Doufouli",2023,0
"Centre","Blitta","Doufouli",2024,0
"Centre","Blitta","Katchenke",2012,0
"Centre","Blitta","Katchenke",2013,0
"Centre","Blitta","Katchenke",2014,0
"Centre","Blitta","Katchenke",2015,0
"Centre","Blitta","Katchenke",2016,0
"Centre","Blitta","Katchenke",2017,0
"Centre","Blitta","Katchenke",2018,0
"Centre","Blitta","Katchenke",2019,0
"Centre","Blitta","Katchenke",2020,0
"Centre","Blitta","Katchenke",2021,0
"Centre","Blitta","Katchenke",2022,1.08446788787842
"Centre","Blitta","Katchenke",2023,3.67945623397827
"Centre","Blitta","Katchenke",2024,4.14605331420898
"Centre","Blitta","Koffiti",2012,0
"Centre","Blitta","Koffiti",2013,0
"Centre","Blitta","Koffiti",2014,0
"Centre","Blitta","Koffiti",2015,0
"Centre","Blitta","Koffiti",2016,0
"Centre","Blitta","Koffiti",2017,0
"Centre","Blitta","Koffiti",2018,0
"Centre","Blitta","Koffiti",2019,0
"Centre","Blitta","Koffiti",2020,0
"Centre","Blitta","Koffiti",2021,0
"Centre","Blitta","Koffiti",2022,0
"Centre","Blitta","Koffiti",2023,0
"Centre","Blitta","Koffiti",2024,0
"Centre","Blitta","Langabou",2012,0.552183628082275
"Centre","Blitta","Langabou",2013,1.13552737236023
"Centre","Blitta","Langabou",2014,2.70736908912659
"Centre","Blitta","Langabou",2015,3.9167366027832
"Centre","Blitta","Langabou",2016,2.78077530860901
"Centre","Blitta","Langabou",2017,1.5346462726593
"Centre","Blitta","Langabou",2018,2.61264204978943
"Centre","Blitta","Langabou",2019,0
"Centre","Blitta","Langabou",2020,1.65269613265991
"Centre","Blitta","Langabou",2021,1.74869012832642
"Centre","Blitta","Langabou",2022,8.45693397521973
"Centre","Blitta","Langabou",2023,11.1329736709595
"Centre","Blitta","Langabou",2024,12.4532337188721
"Centre","Blitta","M'Poti",2012,0
"Centre","Blitta","M'Poti",2013,0
"Centre","Blitta","M'Poti",2014,0
"Centre","Blitta","M'Poti",2015,0.543850243091583
"Centre","Blitta","M'Poti",2016,2.25220227241516
"Centre","Blitta","M'Poti",2017,1.9534285068512
"Centre","Blitta","M'Poti",2018,1.42943906784058
"Centre","Blitta","M'Poti",2019,0.569559335708618
"Centre","Blitta","M'Poti",2020,0
"Centre","Blitta","M'Poti",2021,0
"Centre","Blitta","M'Poti",2022,8.33991050720215
"Centre","Blitta","M'Poti",2023,9.9557523727417
"Centre","Blitta","M'Poti",2024,5.15146684646606
"Centre","Blitta","Pagala Gare",2012,0
"Centre","Blitta","Pagala Gare",2013,0
"Centre","Blitta","Pagala Gare",2014,4.42198419570923
"Centre","Blitta","Pagala Gare",2015,5.63617897033691
"Centre","Blitta","Pagala Gare",2016,2.3006489276886
"Centre","Blitta","Pagala Gare",2017,2.76219892501831
"Centre","Blitta","Pagala Gare",2018,3.55463218688965
"Centre","Blitta","Pagala Gare",2019,6.17703437805176
"Centre","Blitta","Pagala Gare",2020,9.49774169921875
"Centre","Blitta","Pagala Gare",2021,8.35507202148438
"Centre","Blitta","Pagala Gare",2022,14.1815252304077
"Centre","Blitta","Pagala Gare",2023,17.9988269805908
"Centre","Blitta","Pagala Gare",2024,24.3176803588867
"Centre","Blitta","Pagala Village",2012,0
"Centre","Blitta","Pagala Village",2013,0
"Centre","Blitta","Pagala Village",2014,0
"Centre","Blitta","Pagala Village",2015,0
"Centre","Blitta","Pagala Village",2016,0
"Centre","Blitta","Pagala Village",2017,0
"Centre","Blitta","Pagala Village",2018,0
"Centre","Blitta","Pagala Village",2019,0
"Centre","Blitta","Pagala Village",2020,0
"Centre","Blitta","Pagala Village",2021,0
"Centre","Blitta","Pagala Village",2022,0
"Centre","Blitta","Pagala Village",2023,0
"Centre","Blitta","Pagala Village",2024,0.576702177524567
"Centre","Blitta","Tchaloude",2012,0
"Centre","Blitta","Tchaloude",2013,0
"Centre","Blitta","Tchaloude",2014,0
"Centre","Blitta","Tchaloude",2015,0
"Centre","Blitta","Tchaloude",2016,0
"Centre","Blitta","Tchaloude",2017,0
"Centre","Blitta","Tchaloude",2018,0
"Centre","Blitta","Tchaloude",2019,0
"Centre","Blitta","Tchaloude",2020,0
"Centre","Blitta","Tchaloude",2021,0.681831002235413
"Centre","Blitta","Tchaloude",2022,1.86620950698853
"Centre","Blitta","Tchaloude",2023,3.53995275497437
"Centre","Blitta","Tchaloude",2024,4.30550289154053
"Centre","Blitta","Tchare-Baou",2012,0
"Centre","Blitta","Tchare-Baou",2013,0
"Centre","Blitta","Tchare-Baou",2014,0
"Centre","Blitta","Tchare-Baou",2015,0
"Centre","Blitta","Tchare-Baou",2016,0
"Centre","Blitta","Tchare-Baou",2017,0
"Centre","Blitta","Tchare-Baou",2018,0
"Centre","Blitta","Tchare-Baou",2019,0
"Centre","Blitta","Tchare-Baou",2020,0
"Centre","Blitta","Tchare-Baou",2021,0
"Centre","Blitta","Tchare-Baou",2022,1.62873816490173
"Centre","Blitta","Tchare-Baou",2023,0
"Centre","Blitta","Tchare-Baou",2024,0
"Centre","Blitta","Tchifama",2012,0
"Centre","Blitta","Tchifama",2013,0
"Centre","Blitta","Tchifama",2014,0
"Centre","Blitta","Tchifama",2015,0.603759765625
"Centre","Blitta","Tchifama",2016,2.07119417190552
"Centre","Blitta","Tchifama",2017,1.21972680091858
"Centre","Blitta","Tchifama",2018,2.72801947593689
"Centre","Blitta","Tchifama",2019,1.89216148853302
"Centre","Blitta","Tchifama",2020,2.4981427192688
"Centre","Blitta","Tchifama",2021,2.13465571403503
"Centre","Blitta","Tchifama",2022,4.55821514129639
"Centre","Blitta","Tchifama",2023,2.64218306541443
"Centre","Blitta","Tchifama",2024,4.17454242706299
"Centre","Blitta","Tintchro",2012,0
"Centre","Blitta","Tintchro",2013,0
"Centre","Blitta","Tintchro",2014,0
"Centre","Blitta","Tintchro",2015,0
"Centre","Blitta","Tintchro",2016,0
"Centre","Blitta","Tintchro",2017,0
"Centre","Blitta","Tintchro",2018,0
"Centre","Blitta","Tintchro",2019,0
"Centre","Blitta","Tintchro",2020,0
"Centre","Blitta","Tintchro",2021,0
"Centre","Blitta","Tintchro",2022,0
"Centre","Blitta","Tintchro",2023,3.21241092681885
"Centre","Blitta","Tintchro",2024,3.05175924301147
"Centre","Blitta","Waragni",2012,0
"Centre","Blitta","Waragni",2013,0
"Centre","Blitta","Waragni",2014,0
"Centre","Blitta","Waragni",2015,0
"Centre","Blitta","Waragni",2016,0
"Centre","Blitta","Waragni",2017,0
"Centre","Blitta","Waragni",2018,0
"Centre","Blitta","Waragni",2019,0
"Centre","Blitta","Waragni",2020,0
"Centre","Blitta","Waragni",2021,0
"Centre","Blitta","Waragni",2022,6.55795669555664
"Centre","Blitta","Waragni",2023,4.75842952728271
"Centre","Blitta","Waragni",2024,5.96618556976318
"Centre","Blitta","Welly",2012,0
"Centre","Blitta","Welly",2013,0
"Centre","Blitta","Welly",2014,0
"Centre","Blitta","Welly",2015,0
"Centre","Blitta","Welly",2016,0
"Centre","Blitta","Welly",2017,0
"Centre","Blitta","Welly",2018,0
"Centre","Blitta","Welly",2019,0
"Centre","Blitta","Welly",2020,0
"Centre","Blitta","Welly",2021,0
"Centre","Blitta","Welly",2022,0
"Centre","Blitta","Welly",2023,0
"Centre","Blitta","Welly",2024,0
"Centre","Blitta","Yaloumbe",2012,1.01590371131897
"Centre","Blitta","Yaloumbe",2013,1.58583068847656
"Centre","Blitta","Yaloumbe",2014,1.82653605937958
"Centre","Blitta","Yaloumbe",2015,3.02571296691895
"Centre","Blitta","Yaloumbe",2016,1.10724401473999
"Centre","Blitta","Yaloumbe",2017,0
"Centre","Blitta","Yaloumbe",2018,1.57922887802124
"Centre","Blitta","Yaloumbe",2019,0
"Centre","Blitta","Yaloumbe",2020,0
"Centre","Blitta","Yaloumbe",2021,4.22073745727539
"Centre","Blitta","Yaloumbe",2022,5.22531127929688
"Centre","Blitta","Yaloumbe",2023,2.98640489578247
"Centre","Blitta","Yaloumbe",2024,4.62717819213867
"Centre","Blitta","Yegue",2012,0
"Centre","Blitta","Yegue",2013,0
"Centre","Blitta","Yegue",2014,0
"Centre","Blitta","Yegue",2015,0
"Centre","Blitta","Yegue",2016,0
"Centre","Blitta","Yegue",2017,0
"Centre","Blitta","Yegue",2018,0
"Centre","Blitta","Yegue",2019,0
"Centre","Blitta","Yegue",2020,0
"Centre","Blitta","Yegue",2021,0
"Centre","Blitta","Yegue",2022,2.66155910491943
"Centre","Blitta","Yegue",2023,1.34802353382111
"Centre","Blitta","Yegue",2024,1.34121251106262
"Centre","Mô","Boulohou",2012,0
"Centre","Mô","Boulohou",2013,0
"Centre","Mô","Boulohou",2014,0
"Centre","Mô","Boulohou",2015,0
"Centre","Mô","Boulohou",2016,2.1722891330719
"Centre","Mô","Boulohou",2017,1.02352750301361
"Centre","Mô","Boulohou",2018,0
"Centre","Mô","Boulohou",2019,0
"Centre","Mô","Boulohou",2020,0
"Centre","Mô","Boulohou",2021,0
"Centre","Mô","Boulohou",2022,0
"Centre","Mô","Boulohou",2023,0
"Centre","Mô","Boulohou",2024,0
"Centre","Mô","Djarkpanga",2012,0
"Centre","Mô","Djarkpanga",2013,0
"Centre","Mô","Djarkpanga",2014,0
"Centre","Mô","Djarkpanga",2015,0
"Centre","Mô","Djarkpanga",2016,0.53143984079361
"Centre","Mô","Djarkpanga",2017,2.44294476509094
"Centre","Mô","Djarkpanga",2018,2.17810273170471
"Centre","Mô","Djarkpanga",2019,1.61097311973572
"Centre","Mô","Djarkpanga",2020,2.51335048675537
"Centre","Mô","Djarkpanga",2021,0.52427077293396
"Centre","Mô","Djarkpanga",2022,3.11019730567932
"Centre","Mô","Djarkpanga",2023,2.39930033683777
"Centre","Mô","Djarkpanga",2024,6.56894207000732
"Centre","Mô","Kagnigbara",2012,0
"Centre","Mô","Kagnigbara",2013,0
"Centre","Mô","Kagnigbara",2014,0
"Centre","Mô","Kagnigbara",2015,0
"Centre","Mô","Kagnigbara",2016,0.602050960063934
"Centre","Mô","Kagnigbara",2017,0
"Centre","Mô","Kagnigbara",2018,0
"Centre","Mô","Kagnigbara",2019,0
"Centre","Mô","Kagnigbara",2020,0
"Centre","Mô","Kagnigbara",2021,0
"Centre","Mô","Kagnigbara",2022,0
"Centre","Mô","Kagnigbara",2023,0
"Centre","Mô","Kagnigbara",2024,0.601793706417084
"Centre","Mô","Saiboude",2012,0
"Centre","Mô","Saiboude",2013,0
"Centre","Mô","Saiboude",2014,0
"Centre","Mô","Saiboude",2015,0
"Centre","Mô","Saiboude",2016,0.613302528858185
"Centre","Mô","Saiboude",2017,1.17886972427368
"Centre","Mô","Saiboude",2018,0
"Centre","Mô","Saiboude",2019,0
"Centre","Mô","Saiboude",2020,0
"Centre","Mô","Saiboude",2021,0
"Centre","Mô","Saiboude",2022,0
"Centre","Mô","Saiboude",2023,0
"Centre","Mô","Saiboude",2024,0
"Centre","Mô","Tindjassi",2012,0
"Centre","Mô","Tindjassi",2013,0
"Centre","Mô","Tindjassi",2014,0
"Centre","Mô","Tindjassi",2015,0
"Centre","Mô","Tindjassi",2016,0
"Centre","Mô","Tindjassi",2017,0.432965695858002
"Centre","Mô","Tindjassi",2018,0.111926652491093
"Centre","Mô","Tindjassi",2019,0.163248375058174
"Centre","Mô","Tindjassi",2020,0
"Centre","Mô","Tindjassi",2021,0.119066901504993
"Centre","Mô","Tindjassi",2022,0.739126801490784
"Centre","Mô","Tindjassi",2023,0.577236652374268
"Centre","Mô","Tindjassi",2024,0.788459479808807
"Centre","Sotouboua","Adjengere",2012,2.51409935951233
"Centre","Sotouboua","Adjengere",2013,2.82113790512085
"Centre","Sotouboua","Adjengere",2014,3.40252876281738
"Centre","Sotouboua","Adjengere",2015,8.09886264801025
"Centre","Sotouboua","Adjengere",2016,9.46131420135498
"Centre","Sotouboua","Adjengere",2017,4.94087266921997
"Centre","Sotouboua","Adjengere",2018,13.106725692749
"Centre","Sotouboua","Adjengere",2019,13.4394998550415
"Centre","Sotouboua","Adjengere",2020,15.2082080841064
"Centre","Sotouboua","Adjengere",2021,22.7795867919922
"Centre","Sotouboua","Adjengere",2022,33.860523223877
"Centre","Sotouboua","Adjengere",2023,49.8898468017578
"Centre","Sotouboua","Adjengere",2024,68.1689453125
"Centre","Sotouboua","Aouda",2012,0
"Centre","Sotouboua","Aouda",2013,0
"Centre","Sotouboua","Aouda",2014,0
"Centre","Sotouboua","Aouda",2015,1.06751596927643
"Centre","Sotouboua","Aouda",2016,0
"Centre","Sotouboua","Aouda",2017,3.5809690952301
"Centre","Sotouboua","Aouda",2018,3.61151123046875
"Centre","Sotouboua","Aouda",2019,4.19760608673096
"Centre","Sotouboua","Aouda",2020,2.58241629600525
"Centre","Sotouboua","Aouda",2021,2.6020040512085
"Centre","Sotouboua","Aouda",2022,8.52689075469971
"Centre","Sotouboua","Aouda",2023,10.9862413406372
"Centre","Sotouboua","Aouda",2024,16.9248199462891
"Centre","Sotouboua","Bodjonde",2012,0
"Centre","Sotouboua","Bodjonde",2013,0
"Centre","Sotouboua","Bodjonde",2014,0
"Centre","Sotouboua","Bodjonde",2015,1.09337055683136
"Centre","Sotouboua","Bodjonde",2016,0
"Centre","Sotouboua","Bodjonde",2017,0
"Centre","Sotouboua","Bodjonde",2018,0
"Centre","Sotouboua","Bodjonde",2019,0
"Centre","Sotouboua","Bodjonde",2020,0
"Centre","Sotouboua","Bodjonde",2021,0
"Centre","Sotouboua","Bodjonde",2022,0
"Centre","Sotouboua","Bodjonde",2023,1.09081041812897
"Centre","Sotouboua","Bodjonde",2024,1.85734593868256
"Centre","Sotouboua","Fazao",2012,0
"Centre","Sotouboua","Fazao",2013,0
"Centre","Sotouboua","Fazao",2014,0
"Centre","Sotouboua","Fazao",2015,0
"Centre","Sotouboua","Fazao",2016,0.643484592437744
"Centre","Sotouboua","Fazao",2017,0
"Centre","Sotouboua","Fazao",2018,0
"Centre","Sotouboua","Fazao",2019,0
"Centre","Sotouboua","Fazao",2020,0
"Centre","Sotouboua","Fazao",2021,0
"Centre","Sotouboua","Fazao",2022,0
"Centre","Sotouboua","Fazao",2023,0
"Centre","Sotouboua","Fazao",2024,0
"Centre","Sotouboua","Kaniamboua",2012,0
"Centre","Sotouboua","Kaniamboua",2013,0
"Centre","Sotouboua","Kaniamboua",2014,6.54315614700317
"Centre","Sotouboua","Kaniamboua",2015,6.5742359161377
"Centre","Sotouboua","Kaniamboua",2016,9.79652118682861
"Centre","Sotouboua","Kaniamboua",2017,7.99240303039551
"Centre","Sotouboua","Kaniamboua",2018,3.72730350494385
"Centre","Sotouboua","Kaniamboua",2019,3.96743249893188
"Centre","Sotouboua","Kaniamboua",2020,3.45045042037964
"Centre","Sotouboua","Kaniamboua",2021,3.18250179290771
"Centre","Sotouboua","Kaniamboua",2022,4.71769905090332
"Centre","Sotouboua","Kaniamboua",2023,5.30387163162231
"Centre","Sotouboua","Kaniamboua",2024,10.5060043334961
"Centre","Sotouboua","Kazaboua",2012,0
"Centre","Sotouboua","Kazaboua",2013,0
"Centre","Sotouboua","Kazaboua",2014,0
"Centre","Sotouboua","Kazaboua",2015,1.96118247509003
"Centre","Sotouboua","Kazaboua",2016,1.79401707649231
"Centre","Sotouboua","Kazaboua",2017,0.576734006404877
"Centre","Sotouboua","Kazaboua",2018,0
"Centre","Sotouboua","Kazaboua",2019,0.659388661384583
"Centre","Sotouboua","Kazaboua",2020,0.636110782623291
"Centre","Sotouboua","Kazaboua",2021,1.04906249046326
"Centre","Sotouboua","Kazaboua",2022,3.66301488876343
"Centre","Sotouboua","Kazaboua",2023,9.42193794250488
"Centre","Sotouboua","Kazaboua",2024,9.07834529876709
"Centre","Sotouboua","Sessaro",2012,0
"Centre","Sotouboua","Sessaro",2013,0
"Centre","Sotouboua","Sessaro",2014,0
"Centre","Sotouboua","Sessaro",2015,4.01337957382202
"Centre","Sotouboua","Sessaro",2016,0
"Centre","Sotouboua","Sessaro",2017,0
"Centre","Sotouboua","Sessaro",2018,1.00778985023499
"Centre","Sotouboua","Sessaro",2019,0
"Centre","Sotouboua","Sessaro",2020,0
"Centre","Sotouboua","Sessaro",2021,0
"Centre","Sotouboua","Sessaro",2022,4.52775573730469
"Centre","Sotouboua","Sessaro",2023,3.36228322982788
"Centre","Sotouboua","Sessaro",2024,5.31729125976562
"Centre","Sotouboua","Sotouboua",2012,24.4399967193604
"Centre","Sotouboua","Sotouboua",2013,22.8246822357178
"Centre","Sotouboua","Sotouboua",2014,39.6268997192383
"Centre","Sotouboua","Sotouboua",2015,51.5272331237793
"Centre","Sotouboua","Sotouboua",2016,62.4598731994629
"Centre","Sotouboua","Sotouboua",2017,42.7523612976074
"Centre","Sotouboua","Sotouboua",2018,35.7889251708984
"Centre","Sotouboua","Sotouboua",2019,47.5514488220215
"Centre","Sotouboua","Sotouboua",2020,52.6796760559082
"Centre","Sotouboua","Sotouboua",2021,61.3613510131836
"Centre","Sotouboua","Sotouboua",2022,76.5294494628906
"Centre","Sotouboua","Sotouboua",2023,87.3783798217773
"Centre","Sotouboua","Sotouboua",2024,130.585327148438
"Centre","Sotouboua","Tabinde",2012,0
"Centre","Sotouboua","Tabinde",2013,0
"Centre","Sotouboua","Tabinde",2014,0
"Centre","Sotouboua","Tabinde",2015,0
"Centre","Sotouboua","Tabinde",2016,0
"Centre","Sotouboua","Tabinde",2017,0
"Centre","Sotouboua","Tabinde",2018,0
"Centre","Sotouboua","Tabinde",2019,0
"Centre","Sotouboua","Tabinde",2020,0
"Centre","Sotouboua","Tabinde",2021,0
"Centre","Sotouboua","Tabinde",2022,0
"Centre","Sotouboua","Tabinde",2023,0
"Centre","Sotouboua","Tabinde",2024,0
"Centre","Sotouboua","Tchebebe",2012,0
"Centre","Sotouboua","Tchebebe",2013,2.50249338150024
"Centre","Sotouboua","Tchebebe",2014,1.33526694774628
"Centre","Sotouboua","Tchebebe",2015,2.58891725540161
"Centre","Sotouboua","Tchebebe",2016,2.17600727081299
"Centre","Sotouboua","Tchebebe",2017,3.29545974731445
"Centre","Sotouboua","Tchebebe",2018,5.0615873336792
"Centre","Sotouboua","Tchebebe",2019,3.2273530960083
"Centre","Sotouboua","Tchebebe",2020,5.10324764251709
"Centre","Sotouboua","Tchebebe",2021,3.60852479934692
"Centre","Sotouboua","Tchebebe",2022,8.22625160217285
"Centre","Sotouboua","Tchebebe",2023,13.8230419158936
"Centre","Sotouboua","Tchebebe",2024,20.9472141265869
"Centre","Sotouboua","Titigbe",2012,0
"Centre","Sotouboua","Titigbe",2013,0
"Centre","Sotouboua","Titigbe",2014,0
"Centre","Sotouboua","Titigbe",2015,0.519059121608734
"Centre","Sotouboua","Titigbe",2016,1.18169116973877
"Centre","Sotouboua","Titigbe",2017,0.53734964132309
"Centre","Sotouboua","Titigbe",2018,1.36777663230896
"Centre","Sotouboua","Titigbe",2019,0.593055248260498
"Centre","Sotouboua","Titigbe",2020,0.560117959976196
"Centre","Sotouboua","Titigbe",2021,0.662953913211823
"Centre","Sotouboua","Titigbe",2022,3.41386413574219
"Centre","Sotouboua","Titigbe",2023,5.48291397094727
"Centre","Sotouboua","Titigbe",2024,11.1745405197144
"Centre","Tchamba","Affem",2012,0
"Centre","Tchamba","Affem",2013,0
"Centre","Tchamba","Affem",2014,0
"Centre","Tchamba","Affem",2015,0
"Centre","Tchamba","Affem",2016,0
"Centre","Tchamba","Affem",2017,0
"Centre","Tchamba","Affem",2018,0
"Centre","Tchamba","Affem",2019,0
"Centre","Tchamba","Affem",2020,0.774669528007507
"Centre","Tchamba","Affem",2021,2.64312982559204
"Centre","Tchamba","Affem",2022,9.78828620910645
"Centre","Tchamba","Affem",2023,7.2847466468811
"Centre","Tchamba","Affem",2024,6.47116565704346
"Centre","Tchamba","Alibi",2012,0
"Centre","Tchamba","Alibi",2013,0
"Centre","Tchamba","Alibi",2014,0.501799762248993
"Centre","Tchamba","Alibi",2015,0
"Centre","Tchamba","Alibi",2016,0
"Centre","Tchamba","Alibi",2017,0.0104539636522532
"Centre","Tchamba","Alibi",2018,0.00956905074417591
"Centre","Tchamba","Alibi",2019,0
"Centre","Tchamba","Alibi",2020,0.0136611461639404
"Centre","Tchamba","Alibi",2021,0.511273145675659
"Centre","Tchamba","Alibi",2022,1.0478640794754
"Centre","Tchamba","Alibi",2023,1.75906872749329
"Centre","Tchamba","Alibi",2024,7.51039361953735
"Centre","Tchamba","Bago",2012,0
"Centre","Tchamba","Bago",2013,0
"Centre","Tchamba","Bago",2014,0
"Centre","Tchamba","Bago",2015,0
"Centre","Tchamba","Bago",2016,0
"Centre","Tchamba","Bago",2017,0
"Centre","Tchamba","Bago",2018,0
"Centre","Tchamba","Bago",2019,0
"Centre","Tchamba","Bago",2020,0
"Centre","Tchamba","Bago",2021,0
"Centre","Tchamba","Bago",2022,0
"Centre","Tchamba","Bago",2023,0
"Centre","Tchamba","Bago",2024,0
"Centre","Tchamba","Balanka",2012,0
"Centre","Tchamba","Balanka",2013,0
"Centre","Tchamba","Balanka",2014,1.77539372444153
"Centre","Tchamba","Balanka",2015,6.40888166427612
"Centre","Tchamba","Balanka",2016,6.34578609466553
"Centre","Tchamba","Balanka",2017,4.54577922821045
"Centre","Tchamba","Balanka",2018,3.18015003204346
"Centre","Tchamba","Balanka",2019,2.81871628761292
"Centre","Tchamba","Balanka",2020,3.83791160583496
"Centre","Tchamba","Balanka",2021,6.05520343780518
"Centre","Tchamba","Balanka",2022,12.0730018615723
"Centre","Tchamba","Balanka",2023,12.9896621704102
"Centre","Tchamba","Balanka",2024,18.492431640625
"Centre","Tchamba","Goubi",2012,0
"Centre","Tchamba","Goubi",2013,0
"Centre","Tchamba","Goubi",2014,0
"Centre","Tchamba","Goubi",2015,0
"Centre","Tchamba","Goubi",2016,0
"Centre","Tchamba","Goubi",2017,0
"Centre","Tchamba","Goubi",2018,0
"Centre","Tchamba","Goubi",2019,0
"Centre","Tchamba","Goubi",2020,0
"Centre","Tchamba","Goubi",2021,1.15795230865479
"Centre","Tchamba","Goubi",2022,6.66904592514038
"Centre","Tchamba","Goubi",2023,2.07911205291748
"Centre","Tchamba","Goubi",2024,2.09219455718994
"Centre","Tchamba","Kaboli",2012,0.929085969924927
"Centre","Tchamba","Kaboli",2013,0.296752780675888
"Centre","Tchamba","Kaboli",2014,0.214757397770882
"Centre","Tchamba","Kaboli",2015,0.468340486288071
"Centre","Tchamba","Kaboli",2016,4.65812158584595
"Centre","Tchamba","Kaboli",2017,19.0698833465576
"Centre","Tchamba","Kaboli",2018,26.4131946563721
"Centre","Tchamba","Kaboli",2019,16.0065727233887
"Centre","Tchamba","Kaboli",2020,19.5048427581787
"Centre","Tchamba","Kaboli",2021,25.6977615356445
"Centre","Tchamba","Kaboli",2022,36.5133666992188
"Centre","Tchamba","Kaboli",2023,44.2388534545898
"Centre","Tchamba","Kaboli",2024,51.7312889099121
"Centre","Tchamba","Koussountou",2012,0
"Centre","Tchamba","Koussountou",2013,0
"Centre","Tchamba","Koussountou",2014,0
"Centre","Tchamba","Koussountou",2015,3.52506375312805
"Centre","Tchamba","Koussountou",2016,4.83057737350464
"Centre","Tchamba","Koussountou",2017,3.15817165374756
"Centre","Tchamba","Koussountou",2018,3.66265439987183
"Centre","Tchamba","Koussountou",2019,3.56153130531311
"Centre","Tchamba","Koussountou",2020,7.91516017913818
"Centre","Tchamba","Koussountou",2021,12.6538782119751
"Centre","Tchamba","Koussountou",2022,15.8875198364258
"Centre","Tchamba","Koussountou",2023,19.6205463409424
"Centre","Tchamba","Koussountou",2024,30.6374340057373
"Centre","Tchamba","Kri-Kri",2012,0
"Centre","Tchamba","Kri-Kri",2013,0
"Centre","Tchamba","Kri-Kri",2014,1.43053650856018
"Centre","Tchamba","Kri-Kri",2015,2.84593939781189
"Centre","Tchamba","Kri-Kri",2016,4.64237070083618
"Centre","Tchamba","Kri-Kri",2017,1.27568745613098
"Centre","Tchamba","Kri-Kri",2018,1.76528167724609
"Centre","Tchamba","Kri-Kri",2019,1.75186765193939
"Centre","Tchamba","Kri-Kri",2020,1.49555325508118
"Centre","Tchamba","Kri-Kri",2021,3.16491508483887
"Centre","Tchamba","Kri-Kri",2022,5.88872575759888
"Centre","Tchamba","Kri-Kri",2023,8.58202743530273
"Centre","Tchamba","Kri-Kri",2024,20.0116786956787
"Centre","Tchamba","Larni",2012,3.16613221168518
"Centre","Tchamba","Larni",2013,1.87605762481689
"Centre","Tchamba","Larni",2014,2.88610887527466
"Centre","Tchamba","Larni",2015,9.77975177764893
"Centre","Tchamba","Larni",2016,11.7639417648315
"Centre","Tchamba","Larni",2017,10.8914613723755
"Centre","Tchamba","Larni",2018,6.92176580429077
"Centre","Tchamba","Larni",2019,6.61310148239136
"Centre","Tchamba","Larni",2020,7.95559072494507
"Centre","Tchamba","Larni",2021,11.7772302627563
"Centre","Tchamba","Larni",2022,23.0269832611084
"Centre","Tchamba","Larni",2023,30.06565284729
"Centre","Tchamba","Larni",2024,41.9996032714844
"Centre","Tchamba","Tchamba",2012,80.9914169311523
"Centre","Tchamba","Tchamba",2013,66.3411331176758
"Centre","Tchamba","Tchamba",2014,68.5927352905273
"Centre","Tchamba","Tchamba",2015,95.1183853149414
"Centre","Tchamba","Tchamba",2016,93.223030090332
"Centre","Tchamba","Tchamba",2017,99.4565200805664
"Centre","Tchamba","Tchamba",2018,101.542098999023
"Centre","Tchamba","Tchamba",2019,114.300559997559
"Centre","Tchamba","Tchamba",2020,114.146957397461
"Centre","Tchamba","Tchamba",2021,119.624725341797
"Centre","Tchamba","Tchamba",2022,154.582183837891
"Centre","Tchamba","Tchamba",2023,190.491027832031
"Centre","Tchamba","Tchamba",2024,238.451995849609
"Centre","Tchaudjo","Agoulou",2012,0
"Centre","Tchaudjo","Agoulou",2013,4.87281942367554
"Centre","Tchaudjo","Agoulou",2014,6.89122867584229
"Centre","Tchaudjo","Agoulou",2015,7.13554859161377
"Centre","Tchaudjo","Agoulou",2016,6.64105224609375
"Centre","Tchaudjo","Agoulou",2017,5.11052227020264
"Centre","Tchaudjo","Agoulou",2018,0.541414320468903
"Centre","Tchaudjo","Agoulou",2019,3.79553318023682
"Centre","Tchaudjo","Agoulou",2020,6.67064523696899
"Centre","Tchaudjo","Agoulou",2021,4.02187824249268
"Centre","Tchaudjo","Agoulou",2022,6.70692491531372
"Centre","Tchaudjo","Agoulou",2023,14.457612991333
"Centre","Tchaudjo","Agoulou",2024,31.0871868133545
"Centre","Tchaudjo","Aleheride/Amaide",2012,0
"Centre","Tchaudjo","Aleheride/Amaide",2013,1.45906114578247
"Centre","Tchaudjo","Aleheride/Amaide",2014,0
"Centre","Tchaudjo","Aleheride/Amaide",2015,1.88013386726379
"Centre","Tchaudjo","Aleheride/Amaide",2016,3.99898767471313
"Centre","Tchaudjo","Aleheride/Amaide",2017,6.05383825302124
"Centre","Tchaudjo","Aleheride/Amaide",2018,3.322021484375
"Centre","Tchaudjo","Aleheride/Amaide",2019,3.91353607177734
"Centre","Tchaudjo","Aleheride/Amaide",2020,4.31767654418945
"Centre","Tchaudjo","Aleheride/Amaide",2021,8.90081405639648
"Centre","Tchaudjo","Aleheride/Amaide",2022,10.1505355834961
"Centre","Tchaudjo","Aleheride/Amaide",2023,17.0843238830566
"Centre","Tchaudjo","Aleheride/Amaide",2024,29.4625778198242
"Centre","Tchaudjo","Kadambara",2012,7.82948446273804
"Centre","Tchaudjo","Kadambara",2013,8.59338092803955
"Centre","Tchaudjo","Kadambara",2014,15.2856378555298
"Centre","Tchaudjo","Kadambara",2015,22.4804668426514
"Centre","Tchaudjo","Kadambara",2016,18.7017726898193
"Centre","Tchaudjo","Kadambara",2017,14.0681247711182
"Centre","Tchaudjo","Kadambara",2018,14.8317537307739
"Centre","Tchaudjo","Kadambara",2019,16.1371231079102
"Centre","Tchaudjo","Kadambara",2020,25.7219352722168
"Centre","Tchaudjo","Kadambara",2021,38.9572601318359
"Centre","Tchaudjo","Kadambara",2022,52.5840911865234
"Centre","Tchaudjo","Kadambara",2023,64.4933853149414
"Centre","Tchaudjo","Kadambara",2024,90.5545120239258
"Centre","Tchaudjo","Kemeni",2012,0
"Centre","Tchaudjo","Kemeni",2013,0
"Centre","Tchaudjo","Kemeni",2014,0
"Centre","Tchaudjo","Kemeni",2015,0
"Centre","Tchaudjo","Kemeni",2016,0
"Centre","Tchaudjo","Kemeni",2017,1.10706496238708
"Centre","Tchaudjo","Kemeni",2018,0.548708617687225
"Centre","Tchaudjo","Kemeni",2019,1.75861430168152
"Centre","Tchaudjo","Kemeni",2020,1.28176665306091
"Centre","Tchaudjo","Kemeni",2021,1.14314103126526
"Centre","Tchaudjo","Kemeni",2022,2.65966033935547
"Centre","Tchaudjo","Kemeni",2023,2.54029035568237
"Centre","Tchaudjo","Kemeni",2024,3.96427035331726
"Centre","Tchaudjo","Kolina",2012,0
"Centre","Tchaudjo","Kolina",2013,0
"Centre","Tchaudjo","Kolina",2014,0.513294756412506
"Centre","Tchaudjo","Kolina",2015,0
"Centre","Tchaudjo","Kolina",2016,0
"Centre","Tchaudjo","Kolina",2017,0
"Centre","Tchaudjo","Kolina",2018,0
"Centre","Tchaudjo","Kolina",2019,0
"Centre","Tchaudjo","Kolina",2020,0.503153562545776
"Centre","Tchaudjo","Kolina",2021,0
"Centre","Tchaudjo","Kolina",2022,1.6410413980484
"Centre","Tchaudjo","Kolina",2023,2.53493547439575
"Centre","Tchaudjo","Kolina",2024,9.83680629730225
"Centre","Tchaudjo","Komah",2012,171.99934387207
"Centre","Tchaudjo","Komah",2013,182.844863891602
"Centre","Tchaudjo","Komah",2014,214.332580566406
"Centre","Tchaudjo","Komah",2015,266.360809326172
"Centre","Tchaudjo","Komah",2016,284.602478027344
"Centre","Tchaudjo","Komah",2017,277.10791015625
"Centre","Tchaudjo","Komah",2018,276.734252929688
"Centre","Tchaudjo","Komah",2019,312.124908447266
"Centre","Tchaudjo","Komah",2020,370.386688232422
"Centre","Tchaudjo","Komah",2021,424.574584960938
"Centre","Tchaudjo","Komah",2022,450.587768554688
"Centre","Tchaudjo","Komah",2023,598.5927734375
"Centre","Tchaudjo","Komah",2024,764.683288574219
"Centre","Tchaudjo","Kpangalam",2012,17.6864757537842
"Centre","Tchaudjo","Kpangalam",2013,17.053035736084
"Centre","Tchaudjo","Kpangalam",2014,20.556303024292
"Centre","Tchaudjo","Kpangalam",2015,61.6501541137695
"Centre","Tchaudjo","Kpangalam",2016,96.1828765869141
"Centre","Tchaudjo","Kpangalam",2017,99.4646987915039
"Centre","Tchaudjo","Kpangalam",2018,85.2336196899414
"Centre","Tchaudjo","Kpangalam",2019,86.0842056274414
"Centre","Tchaudjo","Kpangalam",2020,96.0353469848633
"Centre","Tchaudjo","Kpangalam",2021,94.2535858154297
"Centre","Tchaudjo","Kpangalam",2022,106.36393737793
"Centre","Tchaudjo","Kpangalam",2023,139.076904296875
"Centre","Tchaudjo","Kpangalam",2024,181.719100952148
"Centre","Tchaudjo","Kparatao",2012,6.54456806182861
"Centre","Tchaudjo","Kparatao",2013,4.88256359100342
"Centre","Tchaudjo","Kparatao",2014,8.61455154418945
"Centre","Tchaudjo","Kparatao",2015,11.486644744873
"Centre","Tchaudjo","Kparatao",2016,14.5959959030151
"Centre","Tchaudjo","Kparatao",2017,14.8294725418091
"Centre","Tchaudjo","Kparatao",2018,8.09243774414062
"Centre","Tchaudjo","Kparatao",2019,10.5336303710938
"Centre","Tchaudjo","Kparatao",2020,10.2617664337158
"Centre","Tchaudjo","Kparatao",2021,12.8301458358765
"Centre","Tchaudjo","Kparatao",2022,30.7983455657959
"Centre","Tchaudjo","Kparatao",2023,30.3394031524658
"Centre","Tchaudjo","Kparatao",2024,45.8733444213867
"Centre","Tchaudjo","Kpassouade",2012,0
"Centre","Tchaudjo","Kpassouade",2013,0
"Centre","Tchaudjo","Kpassouade",2014,0
"Centre","Tchaudjo","Kpassouade",2015,2.18822503089905
"Centre","Tchaudjo","Kpassouade",2016,4.70266819000244
"Centre","Tchaudjo","Kpassouade",2017,1.84301543235779
"Centre","Tchaudjo","Kpassouade",2018,3.56175208091736
"Centre","Tchaudjo","Kpassouade",2019,1.39261496067047
"Centre","Tchaudjo","Kpassouade",2020,3.40672135353088
"Centre","Tchaudjo","Kpassouade",2021,1.40146255493164
"Centre","Tchaudjo","Kpassouade",2022,5.09266567230225
"Centre","Tchaudjo","Kpassouade",2023,6.41026449203491
"Centre","Tchaudjo","Kpassouade",2024,10.2495250701904
"Centre","Tchaudjo","Lama-Tessi",2012,4.82350397109985
"Centre","Tchaudjo","Lama-Tessi",2013,3.47860479354858
"Centre","Tchaudjo","Lama-Tessi",2014,4.01291227340698
"Centre","Tchaudjo","Lama-Tessi",2015,0.710833072662354
"Centre","Tchaudjo","Lama-Tessi",2016,2.27903413772583
"Centre","Tchaudjo","Lama-Tessi",2017,4.15834617614746
"Centre","Tchaudjo","Lama-Tessi",2018,2.47715473175049
"Centre","Tchaudjo","Lama-Tessi",2019,3.31578016281128
"Centre","Tchaudjo","Lama-Tessi",2020,1.19402825832367
"Centre","Tchaudjo","Lama-Tessi",2021,8.01533603668213
"Centre","Tchaudjo","Lama-Tessi",2022,10.955958366394
"Centre","Tchaudjo","Lama-Tessi",2023,21.6066188812256
"Centre","Tchaudjo","Lama-Tessi",2024,53.9344024658203
"Centre","Tchaudjo","Tchalo",2012,5.31042337417603
"Centre","Tchaudjo","Tchalo",2013,1.90558040142059
"Centre","Tchaudjo","Tchalo",2014,0.666073858737946
"Centre","Tchaudjo","Tchalo",2015,3.03576040267944
"Centre","Tchaudjo","Tchalo",2016,3.20824480056763
"Centre","Tchaudjo","Tchalo",2017,0.893735885620117
"Centre","Tchaudjo","Tchalo",2018,3.54376578330994
"Centre","Tchaudjo","Tchalo",2019,0.755442142486572
"Centre","Tchaudjo","Tchalo",2020,4.48619985580444
"Centre","Tchaudjo","Tchalo",2021,8.04532146453857
"Centre","Tchaudjo","Tchalo",2022,15.0361423492432
"Centre","Tchaudjo","Tchalo",2023,20.5508975982666
"Centre","Tchaudjo","Tchalo",2024,50.1035499572754
"Centre","Tchaudjo","Wassarabo",2012,0
"Centre","Tchaudjo","Wassarabo",2013,0
"Centre","Tchaudjo","Wassarabo",2014,0
"Centre","Tchaudjo","Wassarabo",2015,0
"Centre","Tchaudjo","Wassarabo",2016,1.34504508972168
"Centre","Tchaudjo","Wassarabo",2017,1.26380300521851
"Centre","Tchaudjo","Wassarabo",2018,0
"Centre","Tchaudjo","Wassarabo",2019,0
"Centre","Tchaudjo","Wassarabo",2020,0.505014061927795
"Centre","Tchaudjo","Wassarabo",2021,0.589027106761932
"Centre","Tchaudjo","Wassarabo",2022,1.33469259738922
"Centre","Tchaudjo","Wassarabo",2023,1.72336912155151
"Centre","Tchaudjo","Wassarabo",2024,2.70764064788818
"Kara","Assoli","Aledjo",2012,0
"Kara","Assoli","Aledjo",2013,0
"Kara","Assoli","Aledjo",2014,0
"Kara","Assoli","Aledjo",2015,0.153074309229851
"Kara","Assoli","Aledjo",2016,0.211762502789497
"Kara","Assoli","Aledjo",2017,0.796842753887177
"Kara","Assoli","Aledjo",2018,0.126494064927101
"Kara","Assoli","Aledjo",2019,0.734642565250397
"Kara","Assoli","Aledjo",2020,0.158343523740768
"Kara","Assoli","Aledjo",2021,0.193086192011833
"Kara","Assoli","Aledjo",2022,0.756625592708588
"Kara","Assoli","Aledjo",2023,0.679509997367859
"Kara","Assoli","Aledjo",2024,14.7779064178467
"Kara","Assoli","Bafilo",2012,34.8468589782715
"Kara","Assoli","Bafilo",2013,34.6838188171387
"Kara","Assoli","Bafilo",2014,38.3219833374023
"Kara","Assoli","Bafilo",2015,55.2396392822266
"Kara","Assoli","Bafilo",2016,71.5119705200195
"Kara","Assoli","Bafilo",2017,68.1488342285156
"Kara","Assoli","Bafilo",2018,65.9653167724609
"Kara","Assoli","Bafilo",2019,57.0553970336914
"Kara","Assoli","Bafilo",2020,63.4937057495117
"Kara","Assoli","Bafilo",2021,67.2278213500977
"Kara","Assoli","Bafilo",2022,90.7761077880859
"Kara","Assoli","Bafilo",2023,112.601608276367
"Kara","Assoli","Bafilo",2024,129.769775390625
"Kara","Assoli","Boulade",2012,0
"Kara","Assoli","Boulade",2013,0
"Kara","Assoli","Boulade",2014,0
"Kara","Assoli","Boulade",2015,0.500196039676666
"Kara","Assoli","Boulade",2016,0.528254330158234
"Kara","Assoli","Boulade",2017,0
"Kara","Assoli","Boulade",2018,0
"Kara","Assoli","Boulade",2019,0
"Kara","Assoli","Boulade",2020,0
"Kara","Assoli","Boulade",2021,0
"Kara","Assoli","Boulade",2022,1.25399219989777
"Kara","Assoli","Boulade",2023,2.17569041252136
"Kara","Assoli","Boulade",2024,6.38797998428345
"Kara","Assoli","Dako/Daoude",2012,0
"Kara","Assoli","Dako/Daoude",2013,0
"Kara","Assoli","Dako/Daoude",2014,0
"Kara","Assoli","Dako/Daoude",2015,0
"Kara","Assoli","Dako/Daoude",2016,0
"Kara","Assoli","Dako/Daoude",2017,0
"Kara","Assoli","Dako/Daoude",2018,0
"Kara","Assoli","Dako/Daoude",2019,0
"Kara","Assoli","Dako/Daoude",2020,0
"Kara","Assoli","Dako/Daoude",2021,3.17144751548767
"Kara","Assoli","Dako/Daoude",2022,15.4547624588013
"Kara","Assoli","Dako/Daoude",2023,16.7266483306885
"Kara","Assoli","Dako/Daoude",2024,10.359411239624
"Kara","Assoli","Koumonde",2012,1.6397420167923
"Kara","Assoli","Koumonde",2013,0
"Kara","Assoli","Koumonde",2014,1.17682790756226
"Kara","Assoli","Koumonde",2015,3.66202926635742
"Kara","Assoli","Koumonde",2016,2.86493372917175
"Kara","Assoli","Koumonde",2017,3.48670935630798
"Kara","Assoli","Koumonde",2018,4.38805341720581
"Kara","Assoli","Koumonde",2019,5.89854907989502
"Kara","Assoli","Koumonde",2020,3.02134656906128
"Kara","Assoli","Koumonde",2021,2.35682678222656
"Kara","Assoli","Koumonde",2022,2.97786021232605
"Kara","Assoli","Koumonde",2023,5.69095325469971
"Kara","Assoli","Koumonde",2024,10.4214820861816
"Kara","Assoli","Soudou",2012,0
"Kara","Assoli","Soudou",2013,0
"Kara","Assoli","Soudou",2014,5.45213222503662
"Kara","Assoli","Soudou",2015,14.8293142318726
"Kara","Assoli","Soudou",2016,10.3225421905518
"Kara","Assoli","Soudou",2017,11.3103380203247
"Kara","Assoli","Soudou",2018,14.8202037811279
"Kara","Assoli","Soudou",2019,7.52024984359741
"Kara","Assoli","Soudou",2020,7.147780418396
"Kara","Assoli","Soudou",2021,3.57704019546509
"Kara","Assoli","Soudou",2022,11.2004117965698
"Kara","Assoli","Soudou",2023,15.1144514083862
"Kara","Assoli","Soudou",2024,14.646484375
"Kara","Bassar","Baghan",2012,0
"Kara","Bassar","Baghan",2013,0
"Kara","Bassar","Baghan",2014,0
"Kara","Bassar","Baghan",2015,0
"Kara","Bassar","Baghan",2016,0.536043345928192
"Kara","Bassar","Baghan",2017,0
"Kara","Bassar","Baghan",2018,0
"Kara","Bassar","Baghan",2019,0
"Kara","Bassar","Baghan",2020,0
"Kara","Bassar","Baghan",2021,0
"Kara","Bassar","Baghan",2022,0
"Kara","Bassar","Baghan",2023,4.96003866195679
"Kara","Bassar","Baghan",2024,5.75879669189453
"Kara","Bassar","Bangeli",2012,0
"Kara","Bassar","Bangeli",2013,0
"Kara","Bassar","Bangeli",2014,0
"Kara","Bassar","Bangeli",2015,0
"Kara","Bassar","Bangeli",2016,0
"Kara","Bassar","Bangeli",2017,0
"Kara","Bassar","Bangeli",2018,0
"Kara","Bassar","Bangeli",2019,0
"Kara","Bassar","Bangeli",2020,0
"Kara","Bassar","Bangeli",2021,1.00636315345764
"Kara","Bassar","Bangeli",2022,3.82795000076294
"Kara","Bassar","Bangeli",2023,5.44799995422363
"Kara","Bassar","Bangeli",2024,10.7334613800049
"Kara","Bassar","Bassar",2012,43.9947128295898
"Kara","Bassar","Bassar",2013,59.8622283935547
"Kara","Bassar","Bassar",2014,82.8818511962891
"Kara","Bassar","Bassar",2015,106.121963500977
"Kara","Bassar","Bassar",2016,111.142608642578
"Kara","Bassar","Bassar",2017,104.896110534668
"Kara","Bassar","Bassar",2018,130.512115478516
"Kara","Bassar","Bassar",2019,126.724105834961
"Kara","Bassar","Bassar",2020,134.939636230469
"Kara","Bassar","Bassar",2021,129.908493041992
"Kara","Bassar","Bassar",2022,174.34407043457
"Kara","Bassar","Bassar",2023,170.571228027344
"Kara","Bassar","Bassar",2024,227.680648803711
"Kara","Bassar","Bitchabe",2012,0
"Kara","Bassar","Bitchabe",2013,0
"Kara","Bassar","Bitchabe",2014,0.524212181568146
"Kara","Bassar","Bitchabe",2015,3.83230400085449
"Kara","Bassar","Bitchabe",2016,1.33602011203766
"Kara","Bassar","Bitchabe",2017,1.43226742744446
"Kara","Bassar","Bitchabe",2018,2.0942554473877
"Kara","Bassar","Bitchabe",2019,3.17476654052734
"Kara","Bassar","Bitchabe",2020,1.66290044784546
"Kara","Bassar","Bitchabe",2021,5.07832145690918
"Kara","Bassar","Bitchabe",2022,12.7335796356201
"Kara","Bassar","Bitchabe",2023,9.29851531982422
"Kara","Bassar","Bitchabe",2024,12.9611978530884
"Kara","Bassar","Dimori",2012,0
"Kara","Bassar","Dimori",2013,0
"Kara","Bassar","Dimori",2014,0
"Kara","Bassar","Dimori",2015,0
"Kara","Bassar","Dimori",2016,0
"Kara","Bassar","Dimori",2017,0.637135922908783
"Kara","Bassar","Dimori",2018,5.89649200439453
"Kara","Bassar","Dimori",2019,2.76116728782654
"Kara","Bassar","Dimori",2020,1.12805330753326
"Kara","Bassar","Dimori",2021,0
"Kara","Bassar","Dimori",2022,6.00113677978516
"Kara","Bassar","Dimori",2023,5.46350193023682
"Kara","Bassar","Dimori",2024,7.88920593261719
"Kara","Bassar","Kabou",2012,15.3169527053833
"Kara","Bassar","Kabou",2013,21.1151466369629
"Kara","Bassar","Kabou",2014,20.3451614379883
"Kara","Bassar","Kabou",2015,28.0541610717773
"Kara","Bassar","Kabou",2016,23.9029331207275
"Kara","Bassar","Kabou",2017,24.9301681518555
"Kara","Bassar","Kabou",2018,30.2092037200928
"Kara","Bassar","Kabou",2019,31.0498600006104
"Kara","Bassar","Kabou",2020,36.849536895752
"Kara","Bassar","Kabou",2021,32.9488868713379
"Kara","Bassar","Kabou",2022,50.0824890136719
"Kara","Bassar","Kabou",2023,53.4538764953613
"Kara","Bassar","Kabou",2024,68.6593704223633
"Kara","Bassar","Kalanga",2012,0
"Kara","Bassar","Kalanga",2013,0
"Kara","Bassar","Kalanga",2014,0
"Kara","Bassar","Kalanga",2015,7.40436601638794
"Kara","Bassar","Kalanga",2016,6.28814172744751
"Kara","Bassar","Kalanga",2017,3.52889680862427
"Kara","Bassar","Kalanga",2018,2.51179313659668
"Kara","Bassar","Kalanga",2019,4.86275720596313
"Kara","Bassar","Kalanga",2020,4.6037745475769
"Kara","Bassar","Kalanga",2021,4.07524919509888
"Kara","Bassar","Kalanga",2022,6.46997022628784
"Kara","Bassar","Kalanga",2023,4.75411033630371
"Kara","Bassar","Kalanga",2024,3.9506824016571
"Kara","Bassar","Manga",2012,0
"Kara","Bassar","Manga",2013,0
"Kara","Bassar","Manga",2014,0
"Kara","Bassar","Manga",2015,0
"Kara","Bassar","Manga",2016,0
"Kara","Bassar","Manga",2017,0
"Kara","Bassar","Manga",2018,1.16658687591553
"Kara","Bassar","Manga",2019,1.20721340179443
"Kara","Bassar","Manga",2020,0.659839689731598
"Kara","Bassar","Manga",2021,1.13946509361267
"Kara","Bassar","Manga",2022,3.03506398200989
"Kara","Bassar","Manga",2023,3.69235968589783
"Kara","Bassar","Manga",2024,4.31798076629639
"Kara","Bassar","Sanda-Afohou",2012,1.31872320175171
"Kara","Bassar","Sanda-Afohou",2013,0.531517267227173
"Kara","Bassar","Sanda-Afohou",2014,1.19666397571564
"Kara","Bassar","Sanda-Afohou",2015,0
"Kara","Bassar","Sanda-Afohou",2016,1.22851932048798
"Kara","Bassar","Sanda-Afohou",2017,0
"Kara","Bassar","Sanda-Afohou",2018,0
"Kara","Bassar","Sanda-Afohou",2019,1.1332426071167
"Kara","Bassar","Sanda-Afohou",2020,0
"Kara","Bassar","Sanda-Afohou",2021,0.594790756702423
"Kara","Bassar","Sanda-Afohou",2022,0.552631437778473
"Kara","Bassar","Sanda-Afohou",2023,1.16754150390625
"Kara","Bassar","Sanda-Afohou",2024,7.3287296295166
"Kara","Bassar","Sanda-Kagbanda",2012,2.34016728401184
"Kara","Bassar","Sanda-Kagbanda",2013,1.71920084953308
"Kara","Bassar","Sanda-Kagbanda",2014,2.82690620422363
"Kara","Bassar","Sanda-Kagbanda",2015,4.39282417297363
"Kara","Bassar","Sanda-Kagbanda",2016,5.09905290603638
"Kara","Bassar","Sanda-Kagbanda",2017,3.57048320770264
"Kara","Bassar","Sanda-Kagbanda",2018,2.72056031227112
"Kara","Bassar","Sanda-Kagbanda",2019,2.63516283035278
"Kara","Bassar","Sanda-Kagbanda",2020,4.38933706283569
"Kara","Bassar","Sanda-Kagbanda",2021,3.51330018043518
"Kara","Bassar","Sanda-Kagbanda",2022,7.97177410125732
"Kara","Bassar","Sanda-Kagbanda",2023,7.9512357711792
"Kara","Bassar","Sanda-Kagbanda",2024,12.2175846099854
"Kara","Bimah","Boufale",2012,0
"Kara","Bimah","Boufale",2013,0
"Kara","Bimah","Boufale",2014,0
"Kara","Bimah","Boufale",2015,0
"Kara","Bimah","Boufale",2016,0
"Kara","Bimah","Boufale",2017,0
"Kara","Bimah","Boufale",2018,0
"Kara","Bimah","Boufale",2019,0
"Kara","Bimah","Boufale",2020,0
"Kara","Bimah","Boufale",2021,12.3422946929932
"Kara","Bimah","Boufale",2022,13.4372758865356
"Kara","Bimah","Boufale",2023,14.3833179473877
"Kara","Bimah","Boufale",2024,14.1013832092285
"Kara","Bimah","Kemerida",2012,3.53631711006165
"Kara","Bimah","Kemerida",2013,3.62885904312134
"Kara","Bimah","Kemerida",2014,7.32477283477783
"Kara","Bimah","Kemerida",2015,8.90340995788574
"Kara","Bimah","Kemerida",2016,12.4317855834961
"Kara","Bimah","Kemerida",2017,10.2533597946167
"Kara","Bimah","Kemerida",2018,11.0974245071411
"Kara","Bimah","Kemerida",2019,11.011302947998
"Kara","Bimah","Kemerida",2020,11.8804244995117
"Kara","Bimah","Kemerida",2021,16.8924617767334
"Kara","Bimah","Kemerida",2022,30.7450428009033
"Kara","Bimah","Kemerida",2023,32.7310409545898
"Kara","Bimah","Kemerida",2024,37.8211784362793
"Kara","Bimah","Ketao",2012,10.1784219741821
"Kara","Bimah","Ketao",2013,7.53648710250854
"Kara","Bimah","Ketao",2014,9.89285850524902
"Kara","Bimah","Ketao",2015,11.7722225189209
"Kara","Bimah","Ketao",2016,10.799732208252
"Kara","Bimah","Ketao",2017,13.010612487793
"Kara","Bimah","Ketao",2018,15.4721603393555
"Kara","Bimah","Ketao",2019,39.624267578125
"Kara","Bimah","Ketao",2020,38.0969123840332
"Kara","Bimah","Ketao",2021,49.283203125
"Kara","Bimah","Ketao",2022,72.907470703125
"Kara","Bimah","Ketao",2023,69.9123306274414
"Kara","Bimah","Ketao",2024,80.2863845825195
"Kara","Bimah","Lama-Dessi",2012,0
"Kara","Bimah","Lama-Dessi",2013,0
"Kara","Bimah","Lama-Dessi",2014,0
"Kara","Bimah","Lama-Dessi",2015,0
"Kara","Bimah","Lama-Dessi",2016,0.548096060752869
"Kara","Bimah","Lama-Dessi",2017,0.532636940479279
"Kara","Bimah","Lama-Dessi",2018,0.534701645374298
"Kara","Bimah","Lama-Dessi",2019,4.75335741043091
"Kara","Bimah","Lama-Dessi",2020,1.76615524291992
"Kara","Bimah","Lama-Dessi",2021,3.75063371658325
"Kara","Bimah","Lama-Dessi",2022,3.6593279838562
"Kara","Bimah","Lama-Dessi",2023,4.8346471786499
"Kara","Bimah","Lama-Dessi",2024,4.39721632003784
"Kara","Bimah","Pagouda",2012,16.4097366333008
"Kara","Bimah","Pagouda",2013,15.8465776443481
"Kara","Bimah","Pagouda",2014,17.2498741149902
"Kara","Bimah","Pagouda",2015,16.050802230835
"Kara","Bimah","Pagouda",2016,18.1101455688477
"Kara","Bimah","Pagouda",2017,19.6257457733154
"Kara","Bimah","Pagouda",2018,18.3237857818604
"Kara","Bimah","Pagouda",2019,21.0710735321045
"Kara","Bimah","Pagouda",2020,21.5748291015625
"Kara","Bimah","Pagouda",2021,16.5450267791748
"Kara","Bimah","Pagouda",2022,26.2041454315186
"Kara","Bimah","Pagouda",2023,39.4535827636719
"Kara","Bimah","Pagouda",2024,44.177806854248
"Kara","Bimah","Pessare",2012,0
"Kara","Bimah","Pessare",2013,0
"Kara","Bimah","Pessare",2014,0
"Kara","Bimah","Pessare",2015,2.87293910980225
"Kara","Bimah","Pessare",2016,0.544096708297729
"Kara","Bimah","Pessare",2017,0.522625029087067
"Kara","Bimah","Pessare",2018,0
"Kara","Bimah","Pessare",2019,0
"Kara","Bimah","Pessare",2020,0
"Kara","Bimah","Pessare",2021,0
"Kara","Bimah","Pessare",2022,0.987895786762238
"Kara","Bimah","Pessare",2023,1.3404346704483
"Kara","Bimah","Pessare",2024,0.830990552902222
"Kara","Bimah","Pitikita",2012,0
"Kara","Bimah","Pitikita",2013,0
"Kara","Bimah","Pitikita",2014,0
"Kara","Bimah","Pitikita",2015,0
"Kara","Bimah","Pitikita",2016,0
"Kara","Bimah","Pitikita",2017,0
"Kara","Bimah","Pitikita",2018,0
"Kara","Bimah","Pitikita",2019,0
"Kara","Bimah","Pitikita",2020,0
"Kara","Bimah","Pitikita",2021,0
"Kara","Bimah","Pitikita",2022,0
"Kara","Bimah","Pitikita",2023,0
"Kara","Bimah","Pitikita",2024,0
"Kara","Bimah","Sirka",2012,0
"Kara","Bimah","Sirka",2013,0
"Kara","Bimah","Sirka",2014,0
"Kara","Bimah","Sirka",2015,7.77358436584473
"Kara","Bimah","Sirka",2016,10.4906129837036
"Kara","Bimah","Sirka",2017,6.20398283004761
"Kara","Bimah","Sirka",2018,7.18021249771118
"Kara","Bimah","Sirka",2019,2.90338253974915
"Kara","Bimah","Sirka",2020,3.78457427024841
"Kara","Bimah","Sirka",2021,2.26389288902283
"Kara","Bimah","Sirka",2022,7.57218933105469
"Kara","Bimah","Sirka",2023,5.5568208694458
"Kara","Bimah","Sirka",2024,6.72447967529297
"Kara","Bimah","Sola",2012,0
"Kara","Bimah","Sola",2013,0
"Kara","Bimah","Sola",2014,0
"Kara","Bimah","Sola",2015,0
"Kara","Bimah","Sola",2016,0.543316721916199
"Kara","Bimah","Sola",2017,0
"Kara","Bimah","Sola",2018,0
"Kara","Bimah","Sola",2019,0
"Kara","Bimah","Sola",2020,0
"Kara","Bimah","Sola",2021,9.28826332092285
"Kara","Bimah","Sola",2022,13.3859186172485
"Kara","Bimah","Sola",2023,20.1994075775146
"Kara","Bimah","Sola",2024,16.3650283813477
"Kara","Dankpen","Bapure",2012,0
"Kara","Dankpen","Bapure",2013,0
"Kara","Dankpen","Bapure",2014,0
"Kara","Dankpen","Bapure",2015,0
"Kara","Dankpen","Bapure",2016,0
"Kara","Dankpen","Bapure",2017,0
"Kara","Dankpen","Bapure",2018,0
"Kara","Dankpen","Bapure",2019,0
"Kara","Dankpen","Bapure",2020,0
"Kara","Dankpen","Bapure",2021,5.49285793304443
"Kara","Dankpen","Bapure",2022,8.01785564422607
"Kara","Dankpen","Bapure",2023,6.66283369064331
"Kara","Dankpen","Bapure",2024,9.93518733978271
"Kara","Dankpen","Guerin-Kouka",2012,0
"Kara","Dankpen","Guerin-Kouka",2013,0
"Kara","Dankpen","Guerin-Kouka",2014,0
"Kara","Dankpen","Guerin-Kouka",2015,4.27470922470093
"Kara","Dankpen","Guerin-Kouka",2016,6.13837909698486
"Kara","Dankpen","Guerin-Kouka",2017,16.4090042114258
"Kara","Dankpen","Guerin-Kouka",2018,25.2395572662354
"Kara","Dankpen","Guerin-Kouka",2019,30.0331954956055
"Kara","Dankpen","Guerin-Kouka",2020,33.9191055297852
"Kara","Dankpen","Guerin-Kouka",2021,27.9886531829834
"Kara","Dankpen","Guerin-Kouka",2022,43.9348373413086
"Kara","Dankpen","Guerin-Kouka",2023,52.001823425293
"Kara","Dankpen","Guerin-Kouka",2024,77.1546020507812
"Kara","Dankpen","Katchamba",2012,0
"Kara","Dankpen","Katchamba",2013,0
"Kara","Dankpen","Katchamba",2014,0
"Kara","Dankpen","Katchamba",2015,0
"Kara","Dankpen","Katchamba",2016,0.586958706378937
"Kara","Dankpen","Katchamba",2017,0
"Kara","Dankpen","Katchamba",2018,2.25991225242615
"Kara","Dankpen","Katchamba",2019,3.07139015197754
"Kara","Dankpen","Katchamba",2020,3.34248685836792
"Kara","Dankpen","Katchamba",2021,3.83601522445679
"Kara","Dankpen","Katchamba",2022,1.58817601203918
"Kara","Dankpen","Katchamba",2023,9.56241798400879
"Kara","Dankpen","Katchamba",2024,16.2126808166504
"Kara","Dankpen","Kidjaboun",2012,0
"Kara","Dankpen","Kidjaboun",2013,0
"Kara","Dankpen","Kidjaboun",2014,0
"Kara","Dankpen","Kidjaboun",2015,0
"Kara","Dankpen","Kidjaboun",2016,0
"Kara","Dankpen","Kidjaboun",2017,0
"Kara","Dankpen","Kidjaboun",2018,0
"Kara","Dankpen","Kidjaboun",2019,0
"Kara","Dankpen","Kidjaboun",2020,0.276517748832703
"Kara","Dankpen","Kidjaboun",2021,0.277912497520447
"Kara","Dankpen","Kidjaboun",2022,2.44066905975342
"Kara","Dankpen","Kidjaboun",2023,3.13575077056885
"Kara","Dankpen","Kidjaboun",2024,6.32894515991211
"Kara","Dankpen","Koulfiekou",2012,0
"Kara","Dankpen","Koulfiekou",2013,0
"Kara","Dankpen","Koulfiekou",2014,0
"Kara","Dankpen","Koulfiekou",2015,0
"Kara","Dankpen","Koulfiekou",2016,0
"Kara","Dankpen","Koulfiekou",2017,0
"Kara","Dankpen","Koulfiekou",2018,0
"Kara","Dankpen","Koulfiekou",2019,0
"Kara","Dankpen","Koulfiekou",2020,0
"Kara","Dankpen","Koulfiekou",2021,0
"Kara","Dankpen","Koulfiekou",2022,0
"Kara","Dankpen","Koulfiekou",2023,0
"Kara","Dankpen","Koulfiekou",2024,0
"Kara","Dankpen","Koutchitcheou",2012,0
"Kara","Dankpen","Koutchitcheou",2013,0
"Kara","Dankpen","Koutchitcheou",2014,0
"Kara","Dankpen","Koutchitcheou",2015,0
"Kara","Dankpen","Koutchitcheou",2016,0
"Kara","Dankpen","Koutchitcheou",2017,0
"Kara","Dankpen","Koutchitcheou",2018,0
"Kara","Dankpen","Koutchitcheou",2019,0
"Kara","Dankpen","Koutchitcheou",2020,0
"Kara","Dankpen","Koutchitcheou",2021,0
"Kara","Dankpen","Koutchitcheou",2022,0
"Kara","Dankpen","Koutchitcheou",2023,0
"Kara","Dankpen","Koutchitcheou",2024,0
"Kara","Dankpen","Namon",2012,0
"Kara","Dankpen","Namon",2013,0
"Kara","Dankpen","Namon",2014,0
"Kara","Dankpen","Namon",2015,0
"Kara","Dankpen","Namon",2016,0
"Kara","Dankpen","Namon",2017,0
"Kara","Dankpen","Namon",2018,0
"Kara","Dankpen","Namon",2019,0
"Kara","Dankpen","Namon",2020,0
"Kara","Dankpen","Namon",2021,0
"Kara","Dankpen","Namon",2022,0
"Kara","Dankpen","Namon",2023,2.09607219696045
"Kara","Dankpen","Namon",2024,3.11159253120422
"Kara","Dankpen","Nampoch",2012,0
"Kara","Dankpen","Nampoch",2013,0
"Kara","Dankpen","Nampoch",2014,0
"Kara","Dankpen","Nampoch",2015,0
"Kara","Dankpen","Nampoch",2016,0
"Kara","Dankpen","Nampoch",2017,0
"Kara","Dankpen","Nampoch",2018,1.10226011276245
"Kara","Dankpen","Nampoch",2019,1.16975426673889
"Kara","Dankpen","Nampoch",2020,0.513004779815674
"Kara","Dankpen","Nampoch",2021,0
"Kara","Dankpen","Nampoch",2022,0.573075830936432
"Kara","Dankpen","Nampoch",2023,0
"Kara","Dankpen","Nampoch",2024,1.16475653648376
"Kara","Dankpen","Nandouta",2012,0
"Kara","Dankpen","Nandouta",2013,0
"Kara","Dankpen","Nandouta",2014,0
"Kara","Dankpen","Nandouta",2015,0
"Kara","Dankpen","Nandouta",2016,0
"Kara","Dankpen","Nandouta",2017,0
"Kara","Dankpen","Nandouta",2018,0
"Kara","Dankpen","Nandouta",2019,0
"Kara","Dankpen","Nandouta",2020,0
"Kara","Dankpen","Nandouta",2021,0.358840793371201
"Kara","Dankpen","Nandouta",2022,0.768907487392426
"Kara","Dankpen","Nandouta",2023,0.310009151697159
"Kara","Dankpen","Nandouta",2024,1.11417257785797
"Kara","Dankpen","Natchibore",2012,0
"Kara","Dankpen","Natchibore",2013,0
"Kara","Dankpen","Natchibore",2014,0
"Kara","Dankpen","Natchibore",2015,0
"Kara","Dankpen","Natchibore",2016,0
"Kara","Dankpen","Natchibore",2017,0
"Kara","Dankpen","Natchibore",2018,0
"Kara","Dankpen","Natchibore",2019,0
"Kara","Dankpen","Natchibore",2020,0
"Kara","Dankpen","Natchibore",2021,1.42595958709717
"Kara","Dankpen","Natchibore",2022,9.17854595184326
"Kara","Dankpen","Natchibore",2023,5.27361917495728
"Kara","Dankpen","Natchibore",2024,5.17369079589844
"Kara","Dankpen","Natchitikpi",2012,0
"Kara","Dankpen","Natchitikpi",2013,0
"Kara","Dankpen","Natchitikpi",2014,0
"Kara","Dankpen","Natchitikpi",2015,0
"Kara","Dankpen","Natchitikpi",2016,0.520580768585205
"Kara","Dankpen","Natchitikpi",2017,0
"Kara","Dankpen","Natchitikpi",2018,0
"Kara","Dankpen","Natchitikpi",2019,0
"Kara","Dankpen","Natchitikpi",2020,0
"Kara","Dankpen","Natchitikpi",2021,0
"Kara","Dankpen","Natchitikpi",2022,0.606585562229156
"Kara","Dankpen","Natchitikpi",2023,1.14872312545776
"Kara","Dankpen","Natchitikpi",2024,2.44369006156921
"Kara","Dankpen","Naware",2012,0
"Kara","Dankpen","Naware",2013,0
"Kara","Dankpen","Naware",2014,0
"Kara","Dankpen","Naware",2015,0
"Kara","Dankpen","Naware",2016,0.629309415817261
"Kara","Dankpen","Naware",2017,1.13378167152405
"Kara","Dankpen","Naware",2018,1.25857400894165
"Kara","Dankpen","Naware",2019,0.888611376285553
"Kara","Dankpen","Naware",2020,1.64136052131653
"Kara","Dankpen","Naware",2021,2.42209696769714
"Kara","Dankpen","Naware",2022,4.4422721862793
"Kara","Dankpen","Naware",2023,2.20830392837524
"Kara","Dankpen","Naware",2024,4.59944438934326
"Kara","Doufelgou","Agbandi-Yaka",2012,0.00581359677016735
"Kara","Doufelgou","Agbandi-Yaka",2013,0.371169179677963
"Kara","Doufelgou","Agbandi-Yaka",2014,2.44808506965637
"Kara","Doufelgou","Agbandi-Yaka",2015,7.0713586807251
"Kara","Doufelgou","Agbandi-Yaka",2016,3.15527439117432
"Kara","Doufelgou","Agbandi-Yaka",2017,3.54788208007812
"Kara","Doufelgou","Agbandi-Yaka",2018,3.2489492893219
"Kara","Doufelgou","Agbandi-Yaka",2019,4.73748683929443
"Kara","Doufelgou","Agbandi-Yaka",2020,6.14561462402344
"Kara","Doufelgou","Agbandi-Yaka",2021,8.70902252197266
"Kara","Doufelgou","Agbandi-Yaka",2022,9.20149517059326
"Kara","Doufelgou","Agbandi-Yaka",2023,12.9734334945679
"Kara","Doufelgou","Agbandi-Yaka",2024,32.7676048278809
"Kara","Doufelgou","Aloum",2012,0
"Kara","Doufelgou","Aloum",2013,0
"Kara","Doufelgou","Aloum",2014,0
"Kara","Doufelgou","Aloum",2015,0
"Kara","Doufelgou","Aloum",2016,0
"Kara","Doufelgou","Aloum",2017,0.518488049507141
"Kara","Doufelgou","Aloum",2018,0
"Kara","Doufelgou","Aloum",2019,0
"Kara","Doufelgou","Aloum",2020,0
"Kara","Doufelgou","Aloum",2021,0
"Kara","Doufelgou","Aloum",2022,0
"Kara","Doufelgou","Aloum",2023,5.16002416610718
"Kara","Doufelgou","Aloum",2024,6.52930498123169
"Kara","Doufelgou","Baga",2012,0.417918026447296
"Kara","Doufelgou","Baga",2013,0.548425555229187
"Kara","Doufelgou","Baga",2014,7.09116315841675
"Kara","Doufelgou","Baga",2015,12.5199060440063
"Kara","Doufelgou","Baga",2016,9.73790645599365
"Kara","Doufelgou","Baga",2017,10.0029649734497
"Kara","Doufelgou","Baga",2018,8.78757762908936
"Kara","Doufelgou","Baga",2019,4.4429407119751
"Kara","Doufelgou","Baga",2020,3.39290380477905
"Kara","Doufelgou","Baga",2021,4.81502819061279
"Kara","Doufelgou","Baga",2022,17.8908061981201
"Kara","Doufelgou","Baga",2023,26.9050807952881
"Kara","Doufelgou","Baga",2024,30.0237369537354
"Kara","Doufelgou","Defale",2012,17.7871875762939
"Kara","Doufelgou","Defale",2013,14.8737754821777
"Kara","Doufelgou","Defale",2014,26.1208515167236
"Kara","Doufelgou","Defale",2015,34.0176429748535
"Kara","Doufelgou","Defale",2016,24.7907409667969
"Kara","Doufelgou","Defale",2017,22.4961376190186
"Kara","Doufelgou","Defale",2018,32.4084968566895
"Kara","Doufelgou","Defale",2019,31.7772922515869
"Kara","Doufelgou","Defale",2020,25.9850254058838
"Kara","Doufelgou","Defale",2021,24.358024597168
"Kara","Doufelgou","Defale",2022,26.5642719268799
"Kara","Doufelgou","Defale",2023,35.6352386474609
"Kara","Doufelgou","Defale",2024,32.6547775268555
"Kara","Doufelgou","Kadjalla",2012,0
"Kara","Doufelgou","Kadjalla",2013,0
"Kara","Doufelgou","Kadjalla",2014,0
"Kara","Doufelgou","Kadjalla",2015,0
"Kara","Doufelgou","Kadjalla",2016,0
"Kara","Doufelgou","Kadjalla",2017,0
"Kara","Doufelgou","Kadjalla",2018,0
"Kara","Doufelgou","Kadjalla",2019,0
"Kara","Doufelgou","Kadjalla",2020,0
"Kara","Doufelgou","Kadjalla",2021,0
"Kara","Doufelgou","Kadjalla",2022,0
"Kara","Doufelgou","Kadjalla",2023,0.527110636234283
"Kara","Doufelgou","Kadjalla",2024,1.70377111434937
"Kara","Doufelgou","Koka",2012,0.628357589244843
"Kara","Doufelgou","Koka",2013,0.852952778339386
"Kara","Doufelgou","Koka",2014,3.76108264923096
"Kara","Doufelgou","Koka",2015,9.42100429534912
"Kara","Doufelgou","Koka",2016,10.4031925201416
"Kara","Doufelgou","Koka",2017,8.81827926635742
"Kara","Doufelgou","Koka",2018,8.2109203338623
"Kara","Doufelgou","Koka",2019,9.48131656646729
"Kara","Doufelgou","Koka",2020,10.4335298538208
"Kara","Doufelgou","Koka",2021,10.0397958755493
"Kara","Doufelgou","Koka",2022,14.9000997543335
"Kara","Doufelgou","Koka",2023,15.9382562637329
"Kara","Doufelgou","Koka",2024,17.1172199249268
"Kara","Doufelgou","Kpaha",2012,0
"Kara","Doufelgou","Kpaha",2013,0
"Kara","Doufelgou","Kpaha",2014,0
"Kara","Doufelgou","Kpaha",2015,0
"Kara","Doufelgou","Kpaha",2016,0
"Kara","Doufelgou","Kpaha",2017,1.30687987804413
"Kara","Doufelgou","Kpaha",2018,1.84945106506348
"Kara","Doufelgou","Kpaha",2019,0.640295624732971
"Kara","Doufelgou","Kpaha",2020,0
"Kara","Doufelgou","Kpaha",2021,0.560828804969788
"Kara","Doufelgou","Kpaha",2022,0.550743758678436
"Kara","Doufelgou","Kpaha",2023,0.521573424339294
"Kara","Doufelgou","Kpaha",2024,0
"Kara","Doufelgou","Leon",2012,0
"Kara","Doufelgou","Leon",2013,0
"Kara","Doufelgou","Leon",2014,0
"Kara","Doufelgou","Leon",2015,0
"Kara","Doufelgou","Leon",2016,0
"Kara","Doufelgou","Leon",2017,0
"Kara","Doufelgou","Leon",2018,0
"Kara","Doufelgou","Leon",2019,0
"Kara","Doufelgou","Leon",2020,0
"Kara","Doufelgou","Leon",2021,0
"Kara","Doufelgou","Leon",2022,0
"Kara","Doufelgou","Leon",2023,0
"Kara","Doufelgou","Leon",2024,0
"Kara","Doufelgou","Massedena",2012,0
"Kara","Doufelgou","Massedena",2013,0
"Kara","Doufelgou","Massedena",2014,0
"Kara","Doufelgou","Massedena",2015,0
"Kara","Doufelgou","Massedena",2016,0
"Kara","Doufelgou","Massedena",2017,0
"Kara","Doufelgou","Massedena",2018,0
"Kara","Doufelgou","Massedena",2019,0
"Kara","Doufelgou","Massedena",2020,0
"Kara","Doufelgou","Massedena",2021,0
"Kara","Doufelgou","Massedena",2022,0
"Kara","Doufelgou","Massedena",2023,0
"Kara","Doufelgou","Massedena",2024,0
"Kara","Doufelgou","Niamtougou",2012,10.5262479782104
"Kara","Doufelgou","Niamtougou",2013,8.74441909790039
"Kara","Doufelgou","Niamtougou",2014,18.0786437988281
"Kara","Doufelgou","Niamtougou",2015,22.1298809051514
"Kara","Doufelgou","Niamtougou",2016,20.7158126831055
"Kara","Doufelgou","Niamtougou",2017,24.6081371307373
"Kara","Doufelgou","Niamtougou",2018,26.0025844573975
"Kara","Doufelgou","Niamtougou",2019,27.7198276519775
"Kara","Doufelgou","Niamtougou",2020,27.1521244049072
"Kara","Doufelgou","Niamtougou",2021,27.6423072814941
"Kara","Doufelgou","Niamtougou",2022,32.5062141418457
"Kara","Doufelgou","Niamtougou",2023,35.4874000549316
"Kara","Doufelgou","Niamtougou",2024,41.2913017272949
"Kara","Doufelgou","Pouda",2012,0
"Kara","Doufelgou","Pouda",2013,0
"Kara","Doufelgou","Pouda",2014,0
"Kara","Doufelgou","Pouda",2015,0
"Kara","Doufelgou","Pouda",2016,0
"Kara","Doufelgou","Pouda",2017,0
"Kara","Doufelgou","Pouda",2018,0
"Kara","Doufelgou","Pouda",2019,0
"Kara","Doufelgou","Pouda",2020,0
"Kara","Doufelgou","Pouda",2021,0
"Kara","Doufelgou","Pouda",2022,0
"Kara","Doufelgou","Pouda",2023,0
"Kara","Doufelgou","Pouda",2024,0
"Kara","Doufelgou","Siou",2012,6.48115015029907
"Kara","Doufelgou","Siou",2013,2.62987780570984
"Kara","Doufelgou","Siou",2014,3.40402507781982
"Kara","Doufelgou","Siou",2015,7.98508596420288
"Kara","Doufelgou","Siou",2016,8.26023578643799
"Kara","Doufelgou","Siou",2017,11.8028182983398
"Kara","Doufelgou","Siou",2018,12.8516149520874
"Kara","Doufelgou","Siou",2019,10.3685817718506
"Kara","Doufelgou","Siou",2020,9.86122798919678
"Kara","Doufelgou","Siou",2021,10.5355024337769
"Kara","Doufelgou","Siou",2022,28.3610420227051
"Kara","Doufelgou","Siou",2023,32.4770164489746
"Kara","Doufelgou","Siou",2024,37.3270263671875
"Kara","Doufelgou","Tchore",2012,0
"Kara","Doufelgou","Tchore",2013,0
"Kara","Doufelgou","Tchore",2014,0
"Kara","Doufelgou","Tchore",2015,0
"Kara","Doufelgou","Tchore",2016,0
"Kara","Doufelgou","Tchore",2017,0
"Kara","Doufelgou","Tchore",2018,0
"Kara","Doufelgou","Tchore",2019,0
"Kara","Doufelgou","Tchore",2020,0
"Kara","Doufelgou","Tchore",2021,0
"Kara","Doufelgou","Tchore",2022,0
"Kara","Doufelgou","Tchore",2023,0
"Kara","Doufelgou","Tchore",2024,0
"Kara","Doufelgou","Tenega",2012,0
"Kara","Doufelgou","Tenega",2013,0
"Kara","Doufelgou","Tenega",2014,0
"Kara","Doufelgou","Tenega",2015,0
"Kara","Doufelgou","Tenega",2016,0
"Kara","Doufelgou","Tenega",2017,0
"Kara","Doufelgou","Tenega",2018,0
"Kara","Doufelgou","Tenega",2019,0
"Kara","Doufelgou","Tenega",2020,0
"Kara","Doufelgou","Tenega",2021,0
"Kara","Doufelgou","Tenega",2022,0.626060783863068
"Kara","Doufelgou","Tenega",2023,0
"Kara","Doufelgou","Tenega",2024,2.28309535980225
"Kara","Kozah","Atchangbade",2012,0
"Kara","Kozah","Atchangbade",2013,0
"Kara","Kozah","Atchangbade",2014,0
"Kara","Kozah","Atchangbade",2015,0
"Kara","Kozah","Atchangbade",2016,0
"Kara","Kozah","Atchangbade",2017,0
"Kara","Kozah","Atchangbade",2018,0
"Kara","Kozah","Atchangbade",2019,0
"Kara","Kozah","Atchangbade",2020,0
"Kara","Kozah","Atchangbade",2021,13.844277381897
"Kara","Kozah","Atchangbade",2022,8.88004398345947
"Kara","Kozah","Atchangbade",2023,13.367657661438
"Kara","Kozah","Atchangbade",2024,9.60344409942627
"Kara","Kozah","Awandjelo",2012,45.1257667541504
"Kara","Kozah","Awandjelo",2013,35.1445732116699
"Kara","Kozah","Awandjelo",2014,59.0851440429688
"Kara","Kozah","Awandjelo",2015,82.8527679443359
"Kara","Kozah","Awandjelo",2016,94.9662551879883
"Kara","Kozah","Awandjelo",2017,89.6231918334961
"Kara","Kozah","Awandjelo",2018,95.3650665283203
"Kara","Kozah","Awandjelo",2019,98.303581237793
"Kara","Kozah","Awandjelo",2020,123.458541870117
"Kara","Kozah","Awandjelo",2021,135.274887084961
"Kara","Kozah","Awandjelo",2022,180.936141967773
"Kara","Kozah","Awandjelo",2023,236.581985473633
"Kara","Kozah","Awandjelo",2024,299.997833251953
"Kara","Kozah","Bohou",2012,17.7713642120361
"Kara","Kozah","Bohou",2013,9.29264068603516
"Kara","Kozah","Bohou",2014,25.8443698883057
"Kara","Kozah","Bohou",2015,30.3506908416748
"Kara","Kozah","Bohou",2016,25.905294418335
"Kara","Kozah","Bohou",2017,25.0492382049561
"Kara","Kozah","Bohou",2018,23.3260288238525
"Kara","Kozah","Bohou",2019,26.7993221282959
"Kara","Kozah","Bohou",2020,25.6652488708496
"Kara","Kozah","Bohou",2021,30.2233295440674
"Kara","Kozah","Bohou",2022,39.0617294311523
"Kara","Kozah","Bohou",2023,36.8820762634277
"Kara","Kozah","Bohou",2024,58.5916900634766
"Kara","Kozah","Djamde",2012,0
"Kara","Kozah","Djamde",2013,0
"Kara","Kozah","Djamde",2014,0
"Kara","Kozah","Djamde",2015,0
"Kara","Kozah","Djamde",2016,0
"Kara","Kozah","Djamde",2017,0
"Kara","Kozah","Djamde",2018,1.89823722839355
"Kara","Kozah","Djamde",2019,1.1343389749527
"Kara","Kozah","Djamde",2020,0
"Kara","Kozah","Djamde",2021,0
"Kara","Kozah","Djamde",2022,0
"Kara","Kozah","Djamde",2023,0
"Kara","Kozah","Djamde",2024,0.503720760345459
"Kara","Kozah","Koumea",2012,6.2824273109436
"Kara","Kozah","Koumea",2013,3.94488620758057
"Kara","Kozah","Koumea",2014,2.75932455062866
"Kara","Kozah","Koumea",2015,1.66783273220062
"Kara","Kozah","Koumea",2016,1.19150042533875
"Kara","Kozah","Koumea",2017,3.09455013275146
"Kara","Kozah","Koumea",2018,4.77924203872681
"Kara","Kozah","Koumea",2019,0
"Kara","Kozah","Koumea",2020,0
"Kara","Kozah","Koumea",2021,0
"Kara","Kozah","Koumea",2022,0.047502014786005
"Kara","Kozah","Koumea",2023,4.6993203163147
"Kara","Kozah","Koumea",2024,1.72064733505249
"Kara","Kozah","Lama",2012,287.8017578125
"Kara","Kozah","Lama",2013,251.178619384766
"Kara","Kozah","Lama",2014,365.195404052734
"Kara","Kozah","Lama",2015,529.657165527344
"Kara","Kozah","Lama",2016,547.495788574219
"Kara","Kozah","Lama",2017,564.717590332031
"Kara","Kozah","Lama",2018,592.305297851562
"Kara","Kozah","Lama",2019,619.256652832031
"Kara","Kozah","Lama",2020,631.426879882812
"Kara","Kozah","Lama",2021,676.467102050781
"Kara","Kozah","Lama",2022,763.876892089844
"Kara","Kozah","Lama",2023,791.513244628906
"Kara","Kozah","Lama",2024,921.53369140625
"Kara","Kozah","Landa",2012,2.8463921546936
"Kara","Kozah","Landa",2013,1.01064682006836
"Kara","Kozah","Landa",2014,1.7673157453537
"Kara","Kozah","Landa",2015,2.50380086898804
"Kara","Kozah","Landa",2016,1.39872550964355
"Kara","Kozah","Landa",2017,2.18935823440552
"Kara","Kozah","Landa",2018,3.04847550392151
"Kara","Kozah","Landa",2019,7.60694265365601
"Kara","Kozah","Landa",2020,10.7803497314453
"Kara","Kozah","Landa",2021,15.809718132019
"Kara","Kozah","Landa",2022,24.1852111816406
"Kara","Kozah","Landa",2023,22.0517559051514
"Kara","Kozah","Landa",2024,34.6265068054199
"Kara","Kozah","Landa-Pozenda/Kpinzinde",2012,9.98754215240479
"Kara","Kozah","Landa-Pozenda/Kpinzinde",2013,7.97296571731567
"Kara","Kozah","Landa-Pozenda/Kpinzinde",2014,9.56765651702881
"Kara","Kozah","Landa-Pozenda/Kpinzinde",2015,12.7933330535889
"Kara","Kozah","Landa-Pozenda/Kpinzinde",2016,9.51041126251221
"Kara","Kozah","Landa-Pozenda/Kpinzinde",2017,8.10433769226074
"Kara","Kozah","Landa-Pozenda/Kpinzinde",2018,11.0574378967285
"Kara","Kozah","Landa-Pozenda/Kpinzinde",2019,14.358494758606
"Kara","Kozah","Landa-Pozenda/Kpinzinde",2020,20.5244369506836
"Kara","Kozah","Landa-Pozenda/Kpinzinde",2021,25.435474395752
"Kara","Kozah","Landa-Pozenda/Kpinzinde",2022,51.0849151611328
"Kara","Kozah","Landa-Pozenda/Kpinzinde",2023,78.0640258789062
"Kara","Kozah","Landa-Pozenda/Kpinzinde",2024,95.2968521118164
"Kara","Kozah","Lassa",2012,21.3963317871094
"Kara","Kozah","Lassa",2013,15.1339778900146
"Kara","Kozah","Lassa",2014,17.5584201812744
"Kara","Kozah","Lassa",2015,20.6568813323975
"Kara","Kozah","Lassa",2016,18.4473838806152
"Kara","Kozah","Lassa",2017,16.7571830749512
"Kara","Kozah","Lassa",2018,18.6418552398682
"Kara","Kozah","Lassa",2019,20.1534099578857
"Kara","Kozah","Lassa",2020,19.7619438171387
"Kara","Kozah","Lassa",2021,21.7031726837158
"Kara","Kozah","Lassa",2022,36.3325843811035
"Kara","Kozah","Lassa",2023,48.9427795410156
"Kara","Kozah","Lassa",2024,65.0134887695312
"Kara","Kozah","Pya",2012,104.240882873535
"Kara","Kozah","Pya",2013,88.0106735229492
"Kara","Kozah","Pya",2014,97.2113800048828
"Kara","Kozah","Pya",2015,125.254150390625
"Kara","Kozah","Pya",2016,162.292175292969
"Kara","Kozah","Pya",2017,179.427612304688
"Kara","Kozah","Pya",2018,188.000518798828
"Kara","Kozah","Pya",2019,163.759231567383
"Kara","Kozah","Pya",2020,167.830078125
"Kara","Kozah","Pya",2021,187.377624511719
"Kara","Kozah","Pya",2022,202.200698852539
"Kara","Kozah","Pya",2023,194.43473815918
"Kara","Kozah","Pya",2024,193.243408203125
"Kara","Kozah","Sarakawa",2012,0
"Kara","Kozah","Sarakawa",2013,0
"Kara","Kozah","Sarakawa",2014,0
"Kara","Kozah","Sarakawa",2015,6.80032587051392
"Kara","Kozah","Sarakawa",2016,4.50847721099854
"Kara","Kozah","Sarakawa",2017,0
"Kara","Kozah","Sarakawa",2018,0
"Kara","Kozah","Sarakawa",2019,0
"Kara","Kozah","Sarakawa",2020,0
"Kara","Kozah","Sarakawa",2021,0
"Kara","Kozah","Sarakawa",2022,0
"Kara","Kozah","Sarakawa",2023,0.536801099777222
"Kara","Kozah","Sarakawa",2024,0
"Kara","Kozah","Somdina",2012,0
"Kara","Kozah","Somdina",2013,0
"Kara","Kozah","Somdina",2014,0
"Kara","Kozah","Somdina",2015,0
"Kara","Kozah","Somdina",2016,0
"Kara","Kozah","Somdina",2017,0
"Kara","Kozah","Somdina",2018,0
"Kara","Kozah","Somdina",2019,1.71421039104462
"Kara","Kozah","Somdina",2020,2.45588421821594
"Kara","Kozah","Somdina",2021,3.26220393180847
"Kara","Kozah","Somdina",2022,6.05933713912964
"Kara","Kozah","Somdina",2023,10.6853857040405
"Kara","Kozah","Somdina",2024,13.6486139297485
"Kara","Kozah","Tchare",2012,5.96197843551636
"Kara","Kozah","Tchare",2013,3.7807822227478
"Kara","Kozah","Tchare",2014,5.78628635406494
"Kara","Kozah","Tchare",2015,6.84809494018555
"Kara","Kozah","Tchare",2016,9.66832447052002
"Kara","Kozah","Tchare",2017,14.2639169692993
"Kara","Kozah","Tchare",2018,16.1849040985107
"Kara","Kozah","Tchare",2019,16.5283393859863
"Kara","Kozah","Tchare",2020,18.3276863098145
"Kara","Kozah","Tchare",2021,20.8363666534424
"Kara","Kozah","Tchare",2022,27.6683731079102
"Kara","Kozah","Tchare",2023,35.7829742431641
"Kara","Kozah","Tchare",2024,35.5037727355957
"Kara","Kozah","Tchitchao",2012,21.0037593841553
"Kara","Kozah","Tchitchao",2013,11.9286241531372
"Kara","Kozah","Tchitchao",2014,20.6551818847656
"Kara","Kozah","Tchitchao",2015,26.056755065918
"Kara","Kozah","Tchitchao",2016,23.7392520904541
"Kara","Kozah","Tchitchao",2017,16.6296405792236
"Kara","Kozah","Tchitchao",2018,18.8858261108398
"Kara","Kozah","Tchitchao",2019,27.1372375488281
"Kara","Kozah","Tchitchao",2020,28.436803817749
"Kara","Kozah","Tchitchao",2021,28.7520904541016
"Kara","Kozah","Tchitchao",2022,44.9847602844238
"Kara","Kozah","Tchitchao",2023,41.4688720703125
"Kara","Kozah","Tchitchao",2024,47.4970054626465
"Kara","Kozah","Yade",2012,14.9734659194946
"Kara","Kozah","Yade",2013,11.7817115783691
"Kara","Kozah","Yade",2014,11.7166118621826
"Kara","Kozah","Yade",2015,15.0455331802368
"Kara","Kozah","Yade",2016,13.5290613174438
"Kara","Kozah","Yade",2017,11.1591777801514
"Kara","Kozah","Yade",2018,10.228856086731
"Kara","Kozah","Yade",2019,11.4536695480347
"Kara","Kozah","Yade",2020,12.6446523666382
"Kara","Kozah","Yade",2021,12.4196319580078
"Kara","Kozah","Yade",2022,19.6155948638916
"Kara","Kozah","Yade",2023,19.3244113922119
"Kara","Kozah","Yade",2024,26.9882583618164
"Kara","Kéran","Akponte",2012,0
"Kara","Kéran","Akponte",2013,0
"Kara","Kéran","Akponte",2014,0
"Kara","Kéran","Akponte",2015,0
"Kara","Kéran","Akponte",2016,0
"Kara","Kéran","Akponte",2017,0
"Kara","Kéran","Akponte",2018,2.66108584403992
"Kara","Kéran","Akponte",2019,1.37270522117615
"Kara","Kéran","Akponte",2020,0.48036140203476
"Kara","Kéran","Akponte",2021,1.06209862232208
"Kara","Kéran","Akponte",2022,0
"Kara","Kéran","Akponte",2023,0
"Kara","Kéran","Akponte",2024,0
"Kara","Kéran","Atalote",2012,0
"Kara","Kéran","Atalote",2013,0
"Kara","Kéran","Atalote",2014,0
"Kara","Kéran","Atalote",2015,0
"Kara","Kéran","Atalote",2016,0.504790902137756
"Kara","Kéran","Atalote",2017,0
"Kara","Kéran","Atalote",2018,0.178197368979454
"Kara","Kéran","Atalote",2019,0.706077814102173
"Kara","Kéran","Atalote",2020,1.04256093502045
"Kara","Kéran","Atalote",2021,19.6403026580811
"Kara","Kéran","Atalote",2022,29.4862937927246
"Kara","Kéran","Atalote",2023,26.7125720977783
"Kara","Kéran","Atalote",2024,23.0987148284912
"Kara","Kéran","Helota",2012,0
"Kara","Kéran","Helota",2013,0
"Kara","Kéran","Helota",2014,0
"Kara","Kéran","Helota",2015,0
"Kara","Kéran","Helota",2016,0.519300043582916
"Kara","Kéran","Helota",2017,0
"Kara","Kéran","Helota",2018,0
"Kara","Kéran","Helota",2019,0
"Kara","Kéran","Helota",2020,0
"Kara","Kéran","Helota",2021,0
"Kara","Kéran","Helota",2022,0
"Kara","Kéran","Helota",2023,0.612504422664642
"Kara","Kéran","Helota",2024,3.97856092453003
"Kara","Kéran","Kande",2012,11.9977312088013
"Kara","Kéran","Kande",2013,10.4693012237549
"Kara","Kéran","Kande",2014,16.6562309265137
"Kara","Kéran","Kande",2015,20.1397342681885
"Kara","Kéran","Kande",2016,24.5982322692871
"Kara","Kéran","Kande",2017,23.3386039733887
"Kara","Kéran","Kande",2018,29.6242218017578
"Kara","Kéran","Kande",2019,28.0808200836182
"Kara","Kéran","Kande",2020,22.0936126708984
"Kara","Kéran","Kande",2021,24.0966300964355
"Kara","Kéran","Kande",2022,30.3548488616943
"Kara","Kéran","Kande",2023,45.9130210876465
"Kara","Kéran","Kande",2024,69.7179183959961
"Kara","Kéran","Koutougou",2012,0
"Kara","Kéran","Koutougou",2013,0
"Kara","Kéran","Koutougou",2014,0
"Kara","Kéran","Koutougou",2015,0
"Kara","Kéran","Koutougou",2016,0
"Kara","Kéran","Koutougou",2017,0
"Kara","Kéran","Koutougou",2018,0
"Kara","Kéran","Koutougou",2019,0
"Kara","Kéran","Koutougou",2020,0
"Kara","Kéran","Koutougou",2021,0
"Kara","Kéran","Koutougou",2022,0
"Kara","Kéran","Koutougou",2023,0
"Kara","Kéran","Koutougou",2024,0
"Kara","Kéran","Nadoba",2012,0
"Kara","Kéran","Nadoba",2013,0
"Kara","Kéran","Nadoba",2014,0
"Kara","Kéran","Nadoba",2015,0
"Kara","Kéran","Nadoba",2016,11.2105073928833
"Kara","Kéran","Nadoba",2017,2.92134833335876
"Kara","Kéran","Nadoba",2018,0.688200294971466
"Kara","Kéran","Nadoba",2019,6.93866395950317
"Kara","Kéran","Nadoba",2020,3.56540751457214
"Kara","Kéran","Nadoba",2021,4.30733489990234
"Kara","Kéran","Nadoba",2022,2.66764998435974
"Kara","Kéran","Nadoba",2023,2.86386442184448
"Kara","Kéran","Nadoba",2024,0.554433763027191
"Kara","Kéran","Ossacre",2012,0
"Kara","Kéran","Ossacre",2013,0
"Kara","Kéran","Ossacre",2014,0
"Kara","Kéran","Ossacre",2015,0
"Kara","Kéran","Ossacre",2016,0.522862792015076
"Kara","Kéran","Ossacre",2017,0
"Kara","Kéran","Ossacre",2018,0
"Kara","Kéran","Ossacre",2019,0
"Kara","Kéran","Ossacre",2020,0
"Kara","Kéran","Ossacre",2021,0
"Kara","Kéran","Ossacre",2022,0
"Kara","Kéran","Ossacre",2023,0
"Kara","Kéran","Ossacre",2024,0
"Kara","Kéran","Pesside",2012,0
"Kara","Kéran","Pesside",2013,0
"Kara","Kéran","Pesside",2014,0
"Kara","Kéran","Pesside",2015,0
"Kara","Kéran","Pesside",2016,0.528995215892792
"Kara","Kéran","Pesside",2017,0
"Kara","Kéran","Pesside",2018,0
"Kara","Kéran","Pesside",2019,0
"Kara","Kéran","Pesside",2020,0.0771849974989891
"Kara","Kéran","Pesside",2021,0.0858072489500046
"Kara","Kéran","Pesside",2022,1.05256938934326
"Kara","Kéran","Pesside",2023,0.160048753023148
"Kara","Kéran","Pesside",2024,1.81539046764374
"Kara","Kéran","Warengo",2012,0
"Kara","Kéran","Warengo",2013,0
"Kara","Kéran","Warengo",2014,0
"Kara","Kéran","Warengo",2015,0
"Kara","Kéran","Warengo",2016,0
"Kara","Kéran","Warengo",2017,0
"Kara","Kéran","Warengo",2018,0
"Kara","Kéran","Warengo",2019,0
"Kara","Kéran","Warengo",2020,0
"Kara","Kéran","Warengo",2021,0
"Kara","Kéran","Warengo",2022,0
"Kara","Kéran","Warengo",2023,0
"Kara","Kéran","Warengo",2024,0
"Maritime","Agoe-Nyive","Adetikope",2012,16.8666362762451
"Maritime","Agoe-Nyive","Adetikope",2013,25.4899101257324
"Maritime","Agoe-Nyive","Adetikope",2014,36.6862907409668
"Maritime","Agoe-Nyive","Adetikope",2015,57.282642364502
"Maritime","Agoe-Nyive","Adetikope",2016,80.1814804077148
"Maritime","Agoe-Nyive","Adetikope",2017,124.033676147461
"Maritime","Agoe-Nyive","Adetikope",2018,212.009536743164
"Maritime","Agoe-Nyive","Adetikope",2019,310.236114501953
"Maritime","Agoe-Nyive","Adetikope",2020,310.860961914062
"Maritime","Agoe-Nyive","Adetikope",2021,428.662841796875
"Maritime","Agoe-Nyive","Adetikope",2022,610.579711914062
"Maritime","Agoe-Nyive","Adetikope",2023,747.165710449219
"Maritime","Agoe-Nyive","Adetikope",2024,804.872192382812
"Maritime","Agoe-Nyive","Agoenyive",2012,915.881286621094
"Maritime","Agoe-Nyive","Agoenyive",2013,1210.55346679688
"Maritime","Agoe-Nyive","Agoenyive",2014,1424.09765625
"Maritime","Agoe-Nyive","Agoenyive",2015,1767.58715820312
"Maritime","Agoe-Nyive","Agoenyive",2016,1918.57275390625
"Maritime","Agoe-Nyive","Agoenyive",2017,2045.72290039062
"Maritime","Agoe-Nyive","Agoenyive",2018,1973.59167480469
"Maritime","Agoe-Nyive","Agoenyive",2019,2139.90576171875
"Maritime","Agoe-Nyive","Agoenyive",2020,2256.54541015625
"Maritime","Agoe-Nyive","Agoenyive",2021,2516.46606445312
"Maritime","Agoe-Nyive","Agoenyive",2022,2607.16235351562
"Maritime","Agoe-Nyive","Agoenyive",2023,2991.79614257812
"Maritime","Agoe-Nyive","Agoenyive",2024,3029.86694335938
"Maritime","Agoe-Nyive","Legbassito",2012,36.9761581420898
"Maritime","Agoe-Nyive","Legbassito",2013,51.6064529418945
"Maritime","Agoe-Nyive","Legbassito",2014,99.693962097168
"Maritime","Agoe-Nyive","Legbassito",2015,130.122756958008
"Maritime","Agoe-Nyive","Legbassito",2016,148.953826904297
"Maritime","Agoe-Nyive","Legbassito",2017,204.121688842773
"Maritime","Agoe-Nyive","Legbassito",2018,232.659149169922
"Maritime","Agoe-Nyive","Legbassito",2019,270.521240234375
"Maritime","Agoe-Nyive","Legbassito",2020,399.539428710938
"Maritime","Agoe-Nyive","Legbassito",2021,577.653259277344
"Maritime","Agoe-Nyive","Legbassito",2022,683.834777832031
"Maritime","Agoe-Nyive","Legbassito",2023,834.522888183594
"Maritime","Agoe-Nyive","Legbassito",2024,897.135681152344
"Maritime","Agoe-Nyive","Togblekope",2012,117.512268066406
"Maritime","Agoe-Nyive","Togblekope",2013,132.380157470703
"Maritime","Agoe-Nyive","Togblekope",2014,145.750015258789
"Maritime","Agoe-Nyive","Togblekope",2015,177.904571533203
"Maritime","Agoe-Nyive","Togblekope",2016,239.990676879883
"Maritime","Agoe-Nyive","Togblekope",2017,314.808471679688
"Maritime","Agoe-Nyive","Togblekope",2018,321.691497802734
"Maritime","Agoe-Nyive","Togblekope",2019,350.918548583984
"Maritime","Agoe-Nyive","Togblekope",2020,408.695983886719
"Maritime","Agoe-Nyive","Togblekope",2021,491.530975341797
"Maritime","Agoe-Nyive","Togblekope",2022,513.687194824219
"Maritime","Agoe-Nyive","Togblekope",2023,655.066772460938
"Maritime","Agoe-Nyive","Togblekope",2024,704.711181640625
"Maritime","Agoe-Nyive","Vakpossito",2012,60.0386695861816
"Maritime","Agoe-Nyive","Vakpossito",2013,70.5724334716797
"Maritime","Agoe-Nyive","Vakpossito",2014,116.48030090332
"Maritime","Agoe-Nyive","Vakpossito",2015,138.953948974609
"Maritime","Agoe-Nyive","Vakpossito",2016,136.949096679688
"Maritime","Agoe-Nyive","Vakpossito",2017,153.983810424805
"Maritime","Agoe-Nyive","Vakpossito",2018,172.345977783203
"Maritime","Agoe-Nyive","Vakpossito",2019,182.498779296875
"Maritime","Agoe-Nyive","Vakpossito",2020,209.203170776367
"Maritime","Agoe-Nyive","Vakpossito",2021,242.595153808594
"Maritime","Agoe-Nyive","Vakpossito",2022,270.223388671875
"Maritime","Agoe-Nyive","Vakpossito",2023,316.734130859375
"Maritime","Agoe-Nyive","Vakpossito",2024,322.334289550781
"Maritime","Agoe-Nyive","Zanguera",2012,81.754150390625
"Maritime","Agoe-Nyive","Zanguera",2013,106.612365722656
"Maritime","Agoe-Nyive","Zanguera",2014,150.114898681641
"Maritime","Agoe-Nyive","Zanguera",2015,186.417022705078
"Maritime","Agoe-Nyive","Zanguera",2016,195.228378295898
"Maritime","Agoe-Nyive","Zanguera",2017,274.688232421875
"Maritime","Agoe-Nyive","Zanguera",2018,322.438842773438
"Maritime","Agoe-Nyive","Zanguera",2019,369.927215576172
"Maritime","Agoe-Nyive","Zanguera",2020,438.887969970703
"Maritime","Agoe-Nyive","Zanguera",2021,607.687072753906
"Maritime","Agoe-Nyive","Zanguera",2022,711.6865234375
"Maritime","Agoe-Nyive","Zanguera",2023,964.866516113281
"Maritime","Agoe-Nyive","Zanguera",2024,1039.79345703125
"Maritime","Avé","Akepe",2012,12.9877662658691
"Maritime","Avé","Akepe",2013,10.9710731506348
"Maritime","Avé","Akepe",2014,13.6247129440308
"Maritime","Avé","Akepe",2015,13.831316947937
"Maritime","Avé","Akepe",2016,19.2950687408447
"Maritime","Avé","Akepe",2017,26.2092227935791
"Maritime","Avé","Akepe",2018,44.704273223877
"Maritime","Avé","Akepe",2019,46.453197479248
"Maritime","Avé","Akepe",2020,78.9834060668945
"Maritime","Avé","Akepe",2021,182.651062011719
"Maritime","Avé","Akepe",2022,255.033447265625
"Maritime","Avé","Akepe",2023,325.893585205078
"Maritime","Avé","Akepe",2024,390.896789550781
"Maritime","Avé","Assahoun/Ando Peme",2012,4.84028625488281
"Maritime","Avé","Assahoun/Ando Peme",2013,3.13586640357971
"Maritime","Avé","Assahoun/Ando Peme",2014,4.25405263900757
"Maritime","Avé","Assahoun/Ando Peme",2015,17.4150104522705
"Maritime","Avé","Assahoun/Ando Peme",2016,20.6585559844971
"Maritime","Avé","Assahoun/Ando Peme",2017,17.4612197875977
"Maritime","Avé","Assahoun/Ando Peme",2018,16.5904808044434
"Maritime","Avé","Assahoun/Ando Peme",2019,14.4984016418457
"Maritime","Avé","Assahoun/Ando Peme",2020,19.0335235595703
"Maritime","Avé","Assahoun/Ando Peme",2021,27.433500289917
"Maritime","Avé","Assahoun/Ando Peme",2022,53.9912490844727
"Maritime","Avé","Assahoun/Ando Peme",2023,64.3774032592773
"Maritime","Avé","Assahoun/Ando Peme",2024,79.7221984863281
"Maritime","Avé","Badja",2012,0
"Maritime","Avé","Badja",2013,0
"Maritime","Avé","Badja",2014,1.19593703746796
"Maritime","Avé","Badja",2015,1.19998157024384
"Maritime","Avé","Badja",2016,6.2906346321106
"Maritime","Avé","Badja",2017,5.22576379776001
"Maritime","Avé","Badja",2018,4.57025957107544
"Maritime","Avé","Badja",2019,3.41974425315857
"Maritime","Avé","Badja",2020,5.97447919845581
"Maritime","Avé","Badja",2021,19.5898017883301
"Maritime","Avé","Badja",2022,29.5817394256592
"Maritime","Avé","Badja",2023,24.0869388580322
"Maritime","Avé","Badja",2024,57.4248123168945
"Maritime","Avé","Dzolo",2012,1.27909421920776
"Maritime","Avé","Dzolo",2013,0.515737950801849
"Maritime","Avé","Dzolo",2014,1.76831471920013
"Maritime","Avé","Dzolo",2015,1.86155962944031
"Maritime","Avé","Dzolo",2016,9.29358005523682
"Maritime","Avé","Dzolo",2017,10.9533710479736
"Maritime","Avé","Dzolo",2018,12.9801607131958
"Maritime","Avé","Dzolo",2019,11.3735256195068
"Maritime","Avé","Dzolo",2020,11.2793760299683
"Maritime","Avé","Dzolo",2021,11.4067630767822
"Maritime","Avé","Dzolo",2022,30.929256439209
"Maritime","Avé","Dzolo",2023,27.0667190551758
"Maritime","Avé","Dzolo",2024,53.645206451416
"Maritime","Avé","Keve",2012,2.50669598579407
"Maritime","Avé","Keve",2013,1.1156632900238
"Maritime","Avé","Keve",2014,0
"Maritime","Avé","Keve",2015,5.43396615982056
"Maritime","Avé","Keve",2016,8.99254894256592
"Maritime","Avé","Keve",2017,8.46195793151855
"Maritime","Avé","Keve",2018,8.3257007598877
"Maritime","Avé","Keve",2019,16.4266262054443
"Maritime","Avé","Keve",2020,21.3442916870117
"Maritime","Avé","Keve",2021,31.5460758209229
"Maritime","Avé","Keve",2022,40.0413093566895
"Maritime","Avé","Keve",2023,46.7458763122559
"Maritime","Avé","Keve",2024,65.9024887084961
"Maritime","Avé","Noepe",2012,4.89553070068359
"Maritime","Avé","Noepe",2013,3.24948668479919
"Maritime","Avé","Noepe",2014,3.4533703327179
"Maritime","Avé","Noepe",2015,1.49945139884949
"Maritime","Avé","Noepe",2016,2.91082000732422
"Maritime","Avé","Noepe",2017,9.93599700927734
"Maritime","Avé","Noepe",2018,20.6551685333252
"Maritime","Avé","Noepe",2019,32.1958427429199
"Maritime","Avé","Noepe",2020,32.5013046264648
"Maritime","Avé","Noepe",2021,55.090202331543
"Maritime","Avé","Noepe",2022,83.8917236328125
"Maritime","Avé","Noepe",2023,94.4784164428711
"Maritime","Avé","Noepe",2024,132.875686645508
"Maritime","Avé","Tovegan",2012,0
"Maritime","Avé","Tovegan",2013,0
"Maritime","Avé","Tovegan",2014,0
"Maritime","Avé","Tovegan",2015,0
"Maritime","Avé","Tovegan",2016,0
"Maritime","Avé","Tovegan",2017,0
"Maritime","Avé","Tovegan",2018,1.24761879444122
"Maritime","Avé","Tovegan",2019,0
"Maritime","Avé","Tovegan",2020,0.0607792884111404
"Maritime","Avé","Tovegan",2021,0
"Maritime","Avé","Tovegan",2022,1.18567335605621
"Maritime","Avé","Tovegan",2023,0
"Maritime","Avé","Tovegan",2024,1.65134012699127
"Maritime","Bas-Mono","Afagnan / Afagnagan",2012,15.746413230896
"Maritime","Bas-Mono","Afagnan / Afagnagan",2013,31.3261413574219
"Maritime","Bas-Mono","Afagnan / Afagnagan",2014,34.982234954834
"Maritime","Bas-Mono","Afagnan / Afagnagan",2015,40.1929664611816
"Maritime","Bas-Mono","Afagnan / Afagnagan",2016,40.5007553100586
"Maritime","Bas-Mono","Afagnan / Afagnagan",2017,47.8293571472168
"Maritime","Bas-Mono","Afagnan / Afagnagan",2018,39.1278877258301
"Maritime","Bas-Mono","Afagnan / Afagnagan",2019,37.6617736816406
"Maritime","Bas-Mono","Afagnan / Afagnagan",2020,35.2253074645996
"Maritime","Bas-Mono","Afagnan / Afagnagan",2021,76.2514266967773
"Maritime","Bas-Mono","Afagnan / Afagnagan",2022,120.65714263916
"Maritime","Bas-Mono","Afagnan / Afagnagan",2023,103.226707458496
"Maritime","Bas-Mono","Afagnan / Afagnagan",2024,205.185501098633
"Maritime","Bas-Mono","Agome Glozou/Agbetiko",2012,1.95879375934601
"Maritime","Bas-Mono","Agome Glozou/Agbetiko",2013,3.5531849861145
"Maritime","Bas-Mono","Agome Glozou/Agbetiko",2014,3.19088220596313
"Maritime","Bas-Mono","Agome Glozou/Agbetiko",2015,6.12145280838013
"Maritime","Bas-Mono","Agome Glozou/Agbetiko",2016,7.47231721878052
"Maritime","Bas-Mono","Agome Glozou/Agbetiko",2017,3.59414005279541
"Maritime","Bas-Mono","Agome Glozou/Agbetiko",2018,3.38732719421387
"Maritime","Bas-Mono","Agome Glozou/Agbetiko",2019,13.7070198059082
"Maritime","Bas-Mono","Agome Glozou/Agbetiko",2020,19.5798015594482
"Maritime","Bas-Mono","Agome Glozou/Agbetiko",2021,36.9916038513184
"Maritime","Bas-Mono","Agome Glozou/Agbetiko",2022,52.9556427001953
"Maritime","Bas-Mono","Agome Glozou/Agbetiko",2023,40.3705902099609
"Maritime","Bas-Mono","Agome Glozou/Agbetiko",2024,58.2691612243652
"Maritime","Bas-Mono","Attitogon",2012,3.82322812080383
"Maritime","Bas-Mono","Attitogon",2013,9.47134780883789
"Maritime","Bas-Mono","Attitogon",2014,18.2472152709961
"Maritime","Bas-Mono","Attitogon",2015,17.5890102386475
"Maritime","Bas-Mono","Attitogon",2016,17.1295280456543
"Maritime","Bas-Mono","Attitogon",2017,33.8736419677734
"Maritime","Bas-Mono","Attitogon",2018,31.8062286376953
"Maritime","Bas-Mono","Attitogon",2019,35.747989654541
"Maritime","Bas-Mono","Attitogon",2020,37.0322532653809
"Maritime","Bas-Mono","Attitogon",2021,64.784553527832
"Maritime","Bas-Mono","Attitogon",2022,111.82844543457
"Maritime","Bas-Mono","Attitogon",2023,97.3060989379883
"Maritime","Bas-Mono","Attitogon",2024,157.818267822266
"Maritime","Bas-Mono","Hompou",2012,0
"Maritime","Bas-Mono","Hompou",2013,0
"Maritime","Bas-Mono","Hompou",2014,0
"Maritime","Bas-Mono","Hompou",2015,0
"Maritime","Bas-Mono","Hompou",2016,0
"Maritime","Bas-Mono","Hompou",2017,0
"Maritime","Bas-Mono","Hompou",2018,0
"Maritime","Bas-Mono","Hompou",2019,0
"Maritime","Bas-Mono","Hompou",2020,0
"Maritime","Bas-Mono","Hompou",2021,8.87687397003174
"Maritime","Bas-Mono","Hompou",2022,18.8317394256592
"Maritime","Bas-Mono","Hompou",2023,13.5052423477173
"Maritime","Bas-Mono","Hompou",2024,21.2447643280029
"Maritime","Bas-Mono","Kpetsou",2012,0
"Maritime","Bas-Mono","Kpetsou",2013,0
"Maritime","Bas-Mono","Kpetsou",2014,0
"Maritime","Bas-Mono","Kpetsou",2015,0
"Maritime","Bas-Mono","Kpetsou",2016,0
"Maritime","Bas-Mono","Kpetsou",2017,0
"Maritime","Bas-Mono","Kpetsou",2018,0
"Maritime","Bas-Mono","Kpetsou",2019,0
"Maritime","Bas-Mono","Kpetsou",2020,0
"Maritime","Bas-Mono","Kpetsou",2021,0
"Maritime","Bas-Mono","Kpetsou",2022,0
"Maritime","Bas-Mono","Kpetsou",2023,0
"Maritime","Bas-Mono","Kpetsou",2024,0.202237218618393
"Maritime","Golfe","Aflao Gakli",2012,364.332153320312
"Maritime","Golfe","Aflao Gakli",2013,463.037933349609
"Maritime","Golfe","Aflao Gakli",2014,503.669281005859
"Maritime","Golfe","Aflao Gakli",2015,559.741088867188
"Maritime","Golfe","Aflao Gakli",2016,548.670776367188
"Maritime","Golfe","Aflao Gakli",2017,529.92138671875
"Maritime","Golfe","Aflao Gakli",2018,583.029846191406
"Maritime","Golfe","Aflao Gakli",2019,635.878601074219
"Maritime","Golfe","Aflao Gakli",2020,645.208862304688
"Maritime","Golfe","Aflao Gakli",2021,730.092102050781
"Maritime","Golfe","Aflao Gakli",2022,777.887451171875
"Maritime","Golfe","Aflao Gakli",2023,999.689147949219
"Maritime","Golfe","Aflao Gakli",2024,1037.83435058594
"Maritime","Golfe","Amoutive",2012,90.4429321289062
"Maritime","Golfe","Amoutive",2013,107.578491210938
"Maritime","Golfe","Amoutive",2014,154.688552856445
"Maritime","Golfe","Amoutive",2015,260.815856933594
"Maritime","Golfe","Amoutive",2016,332.275939941406
"Maritime","Golfe","Amoutive",2017,375.052032470703
"Maritime","Golfe","Amoutive",2018,350.687042236328
"Maritime","Golfe","Amoutive",2019,352.146362304688
"Maritime","Golfe","Amoutive",2020,376.232818603516
"Maritime","Golfe","Amoutive",2021,505.598663330078
"Maritime","Golfe","Amoutive",2022,501.792114257812
"Maritime","Golfe","Amoutive",2023,541.468566894531
"Maritime","Golfe","Amoutive",2024,574.881469726562
"Maritime","Golfe","Baguida",2012,298.452178955078
"Maritime","Golfe","Baguida",2013,372.859588623047
"Maritime","Golfe","Baguida",2014,497.240478515625
"Maritime","Golfe","Baguida",2015,542.828063964844
"Maritime","Golfe","Baguida",2016,591.061889648438
"Maritime","Golfe","Baguida",2017,653.627197265625
"Maritime","Golfe","Baguida",2018,668.254272460938
"Maritime","Golfe","Baguida",2019,785.492553710938
"Maritime","Golfe","Baguida",2020,860.211547851562
"Maritime","Golfe","Baguida",2021,1056.330078125
"Maritime","Golfe","Baguida",2022,1137.76025390625
"Maritime","Golfe","Baguida",2023,1290.70239257812
"Maritime","Golfe","Baguida",2024,1340.20458984375
"Maritime","Golfe","Sagbado",2012,283.343475341797
"Maritime","Golfe","Sagbado",2013,369.152526855469
"Maritime","Golfe","Sagbado",2014,464.261993408203
"Maritime","Golfe","Sagbado",2015,544.538513183594
"Maritime","Golfe","Sagbado",2016,595.716735839844
"Maritime","Golfe","Sagbado",2017,691.228698730469
"Maritime","Golfe","Sagbado",2018,778.701293945312
"Maritime","Golfe","Sagbado",2019,923.731323242188
"Maritime","Golfe","Sagbado",2020,1084.05017089844
"Maritime","Golfe","Sagbado",2021,1420.37634277344
"Maritime","Golfe","Sagbado",2022,1517.54211425781
"Maritime","Golfe","Sagbado",2023,2001.30102539062
"Maritime","Golfe","Sagbado",2024,2235.23608398438
"Maritime","Lacs","Agbodrafo",2012,183.834854125977
"Maritime","Lacs","Agbodrafo",2013,215.825698852539
"Maritime","Lacs","Agbodrafo",2014,241.583297729492
"Maritime","Lacs","Agbodrafo",2015,309.208648681641
"Maritime","Lacs","Agbodrafo",2016,360.891174316406
"Maritime","Lacs","Agbodrafo",2017,375.54833984375
"Maritime","Lacs","Agbodrafo",2018,381.396301269531
"Maritime","Lacs","Agbodrafo",2019,448.268280029297
"Maritime","Lacs","Agbodrafo",2020,505.944854736328
"Maritime","Lacs","Agbodrafo",2021,672.367614746094
"Maritime","Lacs","Agbodrafo",2022,753.4755859375
"Maritime","Lacs","Agbodrafo",2023,959.702941894531
"Maritime","Lacs","Agbodrafo",2024,1096.85803222656
"Maritime","Lacs","Agouegan",2012,2.59334421157837
"Maritime","Lacs","Agouegan",2013,2.68482780456543
"Maritime","Lacs","Agouegan",2014,10.0341958999634
"Maritime","Lacs","Agouegan",2015,11.0642309188843
"Maritime","Lacs","Agouegan",2016,11.1614036560059
"Maritime","Lacs","Agouegan",2017,6.14731979370117
"Maritime","Lacs","Agouegan",2018,6.18472051620483
"Maritime","Lacs","Agouegan",2019,9.95919418334961
"Maritime","Lacs","Agouegan",2020,13.0964040756226
"Maritime","Lacs","Agouegan",2021,16.8834037780762
"Maritime","Lacs","Agouegan",2022,34.1457443237305
"Maritime","Lacs","Agouegan",2023,35.8921966552734
"Maritime","Lacs","Agouegan",2024,56.5914039611816
"Maritime","Lacs","Aklakou",2012,18.003849029541
"Maritime","Lacs","Aklakou",2013,20.8243503570557
"Maritime","Lacs","Aklakou",2014,21.3495063781738
"Maritime","Lacs","Aklakou",2015,38.5993461608887
"Maritime","Lacs","Aklakou",2016,30.0444450378418
"Maritime","Lacs","Aklakou",2017,20.2165603637695
"Maritime","Lacs","Aklakou",2018,25.092493057251
"Maritime","Lacs","Aklakou",2019,24.4108905792236
"Maritime","Lacs","Aklakou",2020,23.6558246612549
"Maritime","Lacs","Aklakou",2021,44.403450012207
"Maritime","Lacs","Aklakou",2022,82.7345352172852
"Maritime","Lacs","Aklakou",2023,94.5807189941406
"Maritime","Lacs","Aklakou",2024,158.249084472656
"Maritime","Lacs","Aneho",2012,73.4981002807617
"Maritime","Lacs","Aneho",2013,95.2347412109375
"Maritime","Lacs","Aneho",2014,183.499053955078
"Maritime","Lacs","Aneho",2015,242.959762573242
"Maritime","Lacs","Aneho",2016,266.750549316406
"Maritime","Lacs","Aneho",2017,192.524185180664
"Maritime","Lacs","Aneho",2018,179.506317138672
"Maritime","Lacs","Aneho",2019,205.205581665039
"Maritime","Lacs","Aneho",2020,190.042114257812
"Maritime","Lacs","Aneho",2021,207.987319946289
"Maritime","Lacs","Aneho",2022,239.539459228516
"Maritime","Lacs","Aneho",2023,268.568756103516
"Maritime","Lacs","Aneho",2024,291.355346679688
"Maritime","Lacs","Anfoin",2012,6.67046928405762
"Maritime","Lacs","Anfoin",2013,5.73764657974243
"Maritime","Lacs","Anfoin",2014,6.76079320907593
"Maritime","Lacs","Anfoin",2015,9.01060390472412
"Maritime","Lacs","Anfoin",2016,10.7346668243408
"Maritime","Lacs","Anfoin",2017,16.4789600372314
"Maritime","Lacs","Anfoin",2018,28.7028503417969
"Maritime","Lacs","Anfoin",2019,29.9860305786133
"Maritime","Lacs","Anfoin",2020,28.1904449462891
"Maritime","Lacs","Anfoin",2021,42.9550437927246
"Maritime","Lacs","Anfoin",2022,56.7943954467773
"Maritime","Lacs","Anfoin",2023,75.1178131103516
"Maritime","Lacs","Anfoin",2024,123.330993652344
"Maritime","Lacs","Ganave/Fiata",2012,2.07759785652161
"Maritime","Lacs","Ganave/Fiata",2013,1.467728972435
"Maritime","Lacs","Ganave/Fiata",2014,2.89810085296631
"Maritime","Lacs","Ganave/Fiata",2015,15.2731943130493
"Maritime","Lacs","Ganave/Fiata",2016,12.5681915283203
"Maritime","Lacs","Ganave/Fiata",2017,6.07105159759521
"Maritime","Lacs","Ganave/Fiata",2018,19.6794605255127
"Maritime","Lacs","Ganave/Fiata",2019,17.2575817108154
"Maritime","Lacs","Ganave/Fiata",2020,19.3478965759277
"Maritime","Lacs","Ganave/Fiata",2021,37.9774513244629
"Maritime","Lacs","Ganave/Fiata",2022,72.7321090698242
"Maritime","Lacs","Ganave/Fiata",2023,76.2318267822266
"Maritime","Lacs","Ganave/Fiata",2024,107.060943603516
"Maritime","Lacs","Glidji",2012,14.8268299102783
"Maritime","Lacs","Glidji",2013,19.5371341705322
"Maritime","Lacs","Glidji",2014,28.9686050415039
"Maritime","Lacs","Glidji",2015,40.7453079223633
"Maritime","Lacs","Glidji",2016,40.9547424316406
"Maritime","Lacs","Glidji",2017,46.7488403320312
"Maritime","Lacs","Glidji",2018,55.2083435058594
"Maritime","Lacs","Glidji",2019,64.4148483276367
"Maritime","Lacs","Glidji",2020,72.7231292724609
"Maritime","Lacs","Glidji",2021,91.9798889160156
"Maritime","Lacs","Glidji",2022,154.115692138672
"Maritime","Lacs","Glidji",2023,195.492126464844
"Maritime","Lacs","Glidji",2024,255.432846069336
"Maritime","Lomé","Lomé",2012,5197.08203125
"Maritime","Lomé","Lomé",2013,5727.26953125
"Maritime","Lomé","Lomé",2014,6057.40185546875
"Maritime","Lomé","Lomé",2015,7478.71533203125
"Maritime","Lomé","Lomé",2016,8408.39453125
"Maritime","Lomé","Lomé",2017,8448.822265625
"Maritime","Lomé","Lomé",2018,8263.8505859375
"Maritime","Lomé","Lomé",2019,8352.5693359375
"Maritime","Lomé","Lomé",2020,8204.8603515625
"Maritime","Lomé","Lomé",2021,8524.890625
"Maritime","Lomé","Lomé",2022,8742.05859375
"Maritime","Lomé","Lomé",2023,9926.7041015625
"Maritime","Lomé","Lomé",2024,10365.2197265625
"Maritime","Vo","Akoumape",2012,51.2798156738281
"Maritime","Vo","Akoumape",2013,64.9524230957031
"Maritime","Vo","Akoumape",2014,64.5185546875
"Maritime","Vo","Akoumape",2015,59.9859848022461
"Maritime","Vo","Akoumape",2016,47.39501953125
"Maritime","Vo","Akoumape",2017,43.7250175476074
"Maritime","Vo","Akoumape",2018,39.4861640930176
"Maritime","Vo","Akoumape",2019,42.3415756225586
"Maritime","Vo","Akoumape",2020,31.6752014160156
"Maritime","Vo","Akoumape",2021,47.8127861022949
"Maritime","Vo","Akoumape",2022,92.5190124511719
"Maritime","Vo","Akoumape",2023,90.5064697265625
"Maritime","Vo","Akoumape",2024,188.181076049805
"Maritime","Vo","Anyron Kope",2012,4.64472484588623
"Maritime","Vo","Anyron Kope",2013,3.43149089813232
"Maritime","Vo","Anyron Kope",2014,6.77450704574585
"Maritime","Vo","Anyron Kope",2015,14.6304168701172
"Maritime","Vo","Anyron Kope",2016,17.803050994873
"Maritime","Vo","Anyron Kope",2017,27.7686061859131
"Maritime","Vo","Anyron Kope",2018,24.7539596557617
"Maritime","Vo","Anyron Kope",2019,33.7398490905762
"Maritime","Vo","Anyron Kope",2020,20.962438583374
"Maritime","Vo","Anyron Kope",2021,32.9427490234375
"Maritime","Vo","Anyron Kope",2022,57.7893104553223
"Maritime","Vo","Anyron Kope",2023,61.1144638061523
"Maritime","Vo","Anyron Kope",2024,122.199066162109
"Maritime","Vo","Dagbati",2012,54.9733047485352
"Maritime","Vo","Dagbati",2013,60.0922622680664
"Maritime","Vo","Dagbati",2014,58.3162460327148
"Maritime","Vo","Dagbati",2015,80.8565444946289
"Maritime","Vo","Dagbati",2016,65.6902923583984
"Maritime","Vo","Dagbati",2017,47.2568778991699
"Maritime","Vo","Dagbati",2018,46.5587539672852
"Maritime","Vo","Dagbati",2019,44.3996849060059
"Maritime","Vo","Dagbati",2020,37.1817817687988
"Maritime","Vo","Dagbati",2021,37.1005897521973
"Maritime","Vo","Dagbati",2022,79.4909362792969
"Maritime","Vo","Dagbati",2023,103.374298095703
"Maritime","Vo","Dagbati",2024,198.559143066406
"Maritime","Vo","Dzrekpo",2012,0.532104790210724
"Maritime","Vo","Dzrekpo",2013,0.965276658535004
"Maritime","Vo","Dzrekpo",2014,0.525401890277863
"Maritime","Vo","Dzrekpo",2015,4.48959016799927
"Maritime","Vo","Dzrekpo",2016,1.95343959331512
"Maritime","Vo","Dzrekpo",2017,4.37074899673462
"Maritime","Vo","Dzrekpo",2018,19.1370697021484
"Maritime","Vo","Dzrekpo",2019,17.4526081085205
"Maritime","Vo","Dzrekpo",2020,12.7935771942139
"Maritime","Vo","Dzrekpo",2021,19.3722496032715
"Maritime","Vo","Dzrekpo",2022,47.8197441101074
"Maritime","Vo","Dzrekpo",2023,55.4397277832031
"Maritime","Vo","Dzrekpo",2024,107.883186340332
"Maritime","Vo","Hahotoe",2012,24.8154354095459
"Maritime","Vo","Hahotoe",2013,33.1678771972656
"Maritime","Vo","Hahotoe",2014,54.369213104248
"Maritime","Vo","Hahotoe",2015,77.7329406738281
"Maritime","Vo","Hahotoe",2016,82.9852752685547
"Maritime","Vo","Hahotoe",2017,66.012565612793
"Maritime","Vo","Hahotoe",2018,61.0712623596191
"Maritime","Vo","Hahotoe",2019,71.5573272705078
"Maritime","Vo","Hahotoe",2020,71.4560241699219
"Maritime","Vo","Hahotoe",2021,86.2012481689453
"Maritime","Vo","Hahotoe",2022,103.188285827637
"Maritime","Vo","Hahotoe",2023,114.397537231445
"Maritime","Vo","Hahotoe",2024,147.332382202148
"Maritime","Vo","Mome-Hounkpati",2012,3.1304669380188
"Maritime","Vo","Mome-Hounkpati",2013,4.12096691131592
"Maritime","Vo","Mome-Hounkpati",2014,7.22095632553101
"Maritime","Vo","Mome-Hounkpati",2015,8.07857608795166
"Maritime","Vo","Mome-Hounkpati",2016,8.78191089630127
"Maritime","Vo","Mome-Hounkpati",2017,10.5628147125244
"Maritime","Vo","Mome-Hounkpati",2018,10.0135564804077
"Maritime","Vo","Mome-Hounkpati",2019,9.89300537109375
"Maritime","Vo","Mome-Hounkpati",2020,7.24846506118774
"Maritime","Vo","Mome-Hounkpati",2021,19.6587333679199
"Maritime","Vo","Mome-Hounkpati",2022,29.8338966369629
"Maritime","Vo","Mome-Hounkpati",2023,30.9576816558838
"Maritime","Vo","Mome-Hounkpati",2024,46.4793281555176
"Maritime","Vo","Sevagan",2012,3.92143511772156
"Maritime","Vo","Sevagan",2013,6.01973915100098
"Maritime","Vo","Sevagan",2014,10.0976572036743
"Maritime","Vo","Sevagan",2015,13.132866859436
"Maritime","Vo","Sevagan",2016,24.6961669921875
"Maritime","Vo","Sevagan",2017,19.5538845062256
"Maritime","Vo","Sevagan",2018,21.6234703063965
"Maritime","Vo","Sevagan",2019,21.3883571624756
"Maritime","Vo","Sevagan",2020,22.683536529541
"Maritime","Vo","Sevagan",2021,34.3660011291504
"Maritime","Vo","Sevagan",2022,59.691234588623
"Maritime","Vo","Sevagan",2023,61.4191741943359
"Maritime","Vo","Sevagan",2024,101.686111450195
"Maritime","Vo","Togoville",2012,11.1195650100708
"Maritime","Vo","Togoville",2013,9.41241931915283
"Maritime","Vo","Togoville",2014,14.8028812408447
"Maritime","Vo","Togoville",2015,51.2726364135742
"Maritime","Vo","Togoville",2016,79.0348815917969
"Maritime","Vo","Togoville",2017,57.4654655456543
"Maritime","Vo","Togoville",2018,48.3335151672363
"Maritime","Vo","Togoville",2019,61.8040390014648
"Maritime","Vo","Togoville",2020,60.4270248413086
"Maritime","Vo","Togoville",2021,74.3595275878906
"Maritime","Vo","Togoville",2022,118.804107666016
"Maritime","Vo","Togoville",2023,149.394866943359
"Maritime","Vo","Togoville",2024,244.517608642578
"Maritime","Vo","Vo-Koutime",2012,0
"Maritime","Vo","Vo-Koutime",2013,1.25219178199768
"Maritime","Vo","Vo-Koutime",2014,1.77895069122314
"Maritime","Vo","Vo-Koutime",2015,7.29078817367554
"Maritime","Vo","Vo-Koutime",2016,7.18118190765381
"Maritime","Vo","Vo-Koutime",2017,3.18887591362
"Maritime","Vo","Vo-Koutime",2018,5.11707973480225
"Maritime","Vo","Vo-Koutime",2019,5.22774887084961
"Maritime","Vo","Vo-Koutime",2020,5.41722822189331
"Maritime","Vo","Vo-Koutime",2021,17.135570526123
"Maritime","Vo","Vo-Koutime",2022,61.2210006713867
"Maritime","Vo","Vo-Koutime",2023,58.160026550293
"Maritime","Vo","Vo-Koutime",2024,132.442962646484
"Maritime","Vo","Vogan",2012,14.2184753417969
"Maritime","Vo","Vogan",2013,14.5673131942749
"Maritime","Vo","Vogan",2014,16.4953536987305
"Maritime","Vo","Vogan",2015,32.2653503417969
"Maritime","Vo","Vogan",2016,42.3154449462891
"Maritime","Vo","Vogan",2017,57.1475639343262
"Maritime","Vo","Vogan",2018,59.2946701049805
"Maritime","Vo","Vogan",2019,56.0954780578613
"Maritime","Vo","Vogan",2020,57.3094787597656
"Maritime","Vo","Vogan",2021,88.3007431030273
"Maritime","Vo","Vogan",2022,190.494506835938
"Maritime","Vo","Vogan",2023,196.074890136719
"Maritime","Vo","Vogan",2024,421.581115722656
"Maritime","Yoto","Ahepe",2012,0.55417799949646
"Maritime","Yoto","Ahepe",2013,5.72923183441162
"Maritime","Yoto","Ahepe",2014,7.26919794082642
"Maritime","Yoto","Ahepe",2015,7.98291921615601
"Maritime","Yoto","Ahepe",2016,6.30453014373779
"Maritime","Yoto","Ahepe",2017,7.25718641281128
"Maritime","Yoto","Ahepe",2018,9.10745811462402
"Maritime","Yoto","Ahepe",2019,20.603874206543
"Maritime","Yoto","Ahepe",2020,19.2088642120361
"Maritime","Yoto","Ahepe",2021,21.8073825836182
"Maritime","Yoto","Ahepe",2022,39.6909294128418
"Maritime","Yoto","Ahepe",2023,53.081657409668
"Maritime","Yoto","Ahepe",2024,93.7346649169922
"Maritime","Yoto","Amoussime",2012,0.000330818846123293
"Maritime","Yoto","Amoussime",2013,2.50791692733765
"Maritime","Yoto","Amoussime",2014,2.3989691734314
"Maritime","Yoto","Amoussime",2015,1.10212755203247
"Maritime","Yoto","Amoussime",2016,2.58614349365234
"Maritime","Yoto","Amoussime",2017,0.00040602806257084
"Maritime","Yoto","Amoussime",2018,0.00630850391462445
"Maritime","Yoto","Amoussime",2019,0.00623624911531806
"Maritime","Yoto","Amoussime",2020,1.52100920677185
"Maritime","Yoto","Amoussime",2021,8.38743782043457
"Maritime","Yoto","Amoussime",2022,13.2786111831665
"Maritime","Yoto","Amoussime",2023,15.2561025619507
"Maritime","Yoto","Amoussime",2024,29.2883071899414
"Maritime","Yoto","Esse Godjin",2012,0
"Maritime","Yoto","Esse Godjin",2013,0
"Maritime","Yoto","Esse Godjin",2014,0
"Maritime","Yoto","Esse Godjin",2015,0
"Maritime","Yoto","Esse Godjin",2016,0
"Maritime","Yoto","Esse Godjin",2017,0
"Maritime","Yoto","Esse Godjin",2018,1.89277994632721
"Maritime","Yoto","Esse Godjin",2019,1.3338862657547
"Maritime","Yoto","Esse Godjin",2020,1.37920427322388
"Maritime","Yoto","Esse Godjin",2021,1.6586080789566
"Maritime","Yoto","Esse Godjin",2022,2.48956084251404
"Maritime","Yoto","Esse Godjin",2023,3.86636900901794
"Maritime","Yoto","Esse Godjin",2024,8.11754989624023
"Maritime","Yoto","Gboto",2012,0
"Maritime","Yoto","Gboto",2013,0
"Maritime","Yoto","Gboto",2014,0
"Maritime","Yoto","Gboto",2015,3.50448513031006
"Maritime","Yoto","Gboto",2016,1.58185315132141
"Maritime","Yoto","Gboto",2017,1.94360649585724
"Maritime","Yoto","Gboto",2018,3.6398606300354
"Maritime","Yoto","Gboto",2019,2.29972982406616
"Maritime","Yoto","Gboto",2020,2.10825705528259
"Maritime","Yoto","Gboto",2021,34.2274131774902
"Maritime","Yoto","Gboto",2022,47.7318878173828
"Maritime","Yoto","Gboto",2023,52.3159484863281
"Maritime","Yoto","Gboto",2024,59.4573059082031
"Maritime","Yoto","Kini-Kondji",2012,24.6029491424561
"Maritime","Yoto","Kini-Kondji",2013,24.0457630157471
"Maritime","Yoto","Kini-Kondji",2014,21.7314071655273
"Maritime","Yoto","Kini-Kondji",2015,25.6694145202637
"Maritime","Yoto","Kini-Kondji",2016,32.4167213439941
"Maritime","Yoto","Kini-Kondji",2017,26.6498489379883
"Maritime","Yoto","Kini-Kondji",2018,19.6540756225586
"Maritime","Yoto","Kini-Kondji",2019,18.3234558105469
"Maritime","Yoto","Kini-Kondji",2020,22.6936569213867
"Maritime","Yoto","Kini-Kondji",2021,22.4024200439453
"Maritime","Yoto","Kini-Kondji",2022,43.7850952148438
"Maritime","Yoto","Kini-Kondji",2023,39.3209457397461
"Maritime","Yoto","Kini-Kondji",2024,58.6384315490723
"Maritime","Yoto","Kouve",2012,1.04447603225708
"Maritime","Yoto","Kouve",2013,1.49258530139923
"Maritime","Yoto","Kouve",2014,2.12835884094238
"Maritime","Yoto","Kouve",2015,4.92758655548096
"Maritime","Yoto","Kouve",2016,7.60488700866699
"Maritime","Yoto","Kouve",2017,1.63404655456543
"Maritime","Yoto","Kouve",2018,1.11916041374207
"Maritime","Yoto","Kouve",2019,8.71920013427734
"Maritime","Yoto","Kouve",2020,8.42328453063965
"Maritime","Yoto","Kouve",2021,17.581018447876
"Maritime","Yoto","Kouve",2022,42.3307838439941
"Maritime","Yoto","Kouve",2023,44.3410797119141
"Maritime","Yoto","Kouve",2024,62.7233276367188
"Maritime","Yoto","Sedome",2012,0
"Maritime","Yoto","Sedome",2013,0
"Maritime","Yoto","Sedome",2014,0
"Maritime","Yoto","Sedome",2015,0
"Maritime","Yoto","Sedome",2016,0
"Maritime","Yoto","Sedome",2017,0
"Maritime","Yoto","Sedome",2018,0
"Maritime","Yoto","Sedome",2019,0.586039245128632
"Maritime","Yoto","Sedome",2020,1.26099395751953
"Maritime","Yoto","Sedome",2021,0
"Maritime","Yoto","Sedome",2022,0
"Maritime","Yoto","Sedome",2023,0.563312232494354
"Maritime","Yoto","Sedome",2024,1.18010330200195
"Maritime","Yoto","Tabligbo",2012,99.446174621582
"Maritime","Yoto","Tabligbo",2013,107.189613342285
"Maritime","Yoto","Tabligbo",2014,109.270225524902
"Maritime","Yoto","Tabligbo",2015,128.179473876953
"Maritime","Yoto","Tabligbo",2016,127.270835876465
"Maritime","Yoto","Tabligbo",2017,139.220458984375
"Maritime","Yoto","Tabligbo",2018,138.207748413086
"Maritime","Yoto","Tabligbo",2019,121.969047546387
"Maritime","Yoto","Tabligbo",2020,127.265121459961
"Maritime","Yoto","Tabligbo",2021,140.070922851562
"Maritime","Yoto","Tabligbo",2022,155.773101806641
"Maritime","Yoto","Tabligbo",2023,165.5146484375
"Maritime","Yoto","Tabligbo",2024,205.572006225586
"Maritime","Yoto","Tchekpo",2012,1.23995888233185
"Maritime","Yoto","Tchekpo",2013,3.32069659233093
"Maritime","Yoto","Tchekpo",2014,3.25734376907349
"Maritime","Yoto","Tchekpo",2015,1.19646096229553
"Maritime","Yoto","Tchekpo",2016,0.559090793132782
"Maritime","Yoto","Tchekpo",2017,0.5882648229599
"Maritime","Yoto","Tchekpo",2018,1.19662392139435
"Maritime","Yoto","Tchekpo",2019,1.1296181678772
"Maritime","Yoto","Tchekpo",2020,0.749117910861969
"Maritime","Yoto","Tchekpo",2021,10.4660615921021
"Maritime","Yoto","Tchekpo",2022,23.9378547668457
"Maritime","Yoto","Tchekpo",2023,31.3315010070801
"Maritime","Yoto","Tchekpo",2024,30.9387130737305
"Maritime","Yoto","Tokpli",2012,1.09977352619171
"Maritime","Yoto","Tokpli",2013,5.36051607131958
"Maritime","Yoto","Tokpli",2014,31.1908893585205
"Maritime","Yoto","Tokpli",2015,166.802993774414
"Maritime","Yoto","Tokpli",2016,187.247848510742
"Maritime","Yoto","Tokpli",2017,166.931533813477
"Maritime","Yoto","Tokpli",2018,161.464981079102
"Maritime","Yoto","Tokpli",2019,163.013122558594
"Maritime","Yoto","Tokpli",2020,141.494644165039
"Maritime","Yoto","Tokpli",2021,168.331359863281
"Maritime","Yoto","Tokpli",2022,174.308990478516
"Maritime","Yoto","Tokpli",2023,169.329574584961
"Maritime","Yoto","Tokpli",2024,169.03385925293
"Maritime","Yoto","Tomety-Kondji",2012,0
"Maritime","Yoto","Tomety-Kondji",2013,0
"Maritime","Yoto","Tomety-Kondji",2014,0
"Maritime","Yoto","Tomety-Kondji",2015,0
"Maritime","Yoto","Tomety-Kondji",2016,0
"Maritime","Yoto","Tomety-Kondji",2017,0
"Maritime","Yoto","Tomety-Kondji",2018,0
"Maritime","Yoto","Tomety-Kondji",2019,0
"Maritime","Yoto","Tomety-Kondji",2020,0
"Maritime","Yoto","Tomety-Kondji",2021,9.01184749603271
"Maritime","Yoto","Tomety-Kondji",2022,6.9213433265686
"Maritime","Yoto","Tomety-Kondji",2023,11.9510469436646
"Maritime","Yoto","Tomety-Kondji",2024,13.5325813293457
"Maritime","Yoto","Zafi",2012,3.607506275177
"Maritime","Yoto","Zafi",2013,3.53781723976135
"Maritime","Yoto","Zafi",2014,2.96028137207031
"Maritime","Yoto","Zafi",2015,1.44249296188354
"Maritime","Yoto","Zafi",2016,2.02446556091309
"Maritime","Yoto","Zafi",2017,0.539116621017456
"Maritime","Yoto","Zafi",2018,0.606681525707245
"Maritime","Yoto","Zafi",2019,3.01528787612915
"Maritime","Yoto","Zafi",2020,5.06487321853638
"Maritime","Yoto","Zafi",2021,4.05009078979492
"Maritime","Yoto","Zafi",2022,8.93669319152832
"Maritime","Yoto","Zafi",2023,7.20728635787964
"Maritime","Yoto","Zafi",2024,13.1538343429565
"Maritime","Zio","Abobo",2012,14.7045459747314
"Maritime","Zio","Abobo",2013,29.8566875457764
"Maritime","Zio","Abobo",2014,55.513240814209
"Maritime","Zio","Abobo",2015,84.8616714477539
"Maritime","Zio","Abobo",2016,96.2456512451172
"Maritime","Zio","Abobo",2017,127.008338928223
"Maritime","Zio","Abobo",2018,90.8377075195312
"Maritime","Zio","Abobo",2019,131.998077392578
"Maritime","Zio","Abobo",2020,133.198745727539
"Maritime","Zio","Abobo",2021,304.752349853516
"Maritime","Zio","Abobo",2022,477.352142333984
"Maritime","Zio","Abobo",2023,513.163391113281
"Maritime","Zio","Abobo",2024,684.407104492188
"Maritime","Zio","Agbelouve",2012,6.99547386169434
"Maritime","Zio","Agbelouve",2013,8.98418998718262
"Maritime","Zio","Agbelouve",2014,5.83710765838623
"Maritime","Zio","Agbelouve",2015,8.29105186462402
"Maritime","Zio","Agbelouve",2016,13.7333631515503
"Maritime","Zio","Agbelouve",2017,13.4025020599365
"Maritime","Zio","Agbelouve",2018,10.7256031036377
"Maritime","Zio","Agbelouve",2019,18.6458988189697
"Maritime","Zio","Agbelouve",2020,18.9626045227051
"Maritime","Zio","Agbelouve",2021,20.2162799835205
"Maritime","Zio","Agbelouve",2022,39.2977409362793
"Maritime","Zio","Agbelouve",2023,42.6943817138672
"Maritime","Zio","Agbelouve",2024,84.4164123535156
"Maritime","Zio","Bolou Kpeta",2012,0.0735674127936363
"Maritime","Zio","Bolou Kpeta",2013,0.066565103828907
"Maritime","Zio","Bolou Kpeta",2014,0.0728075951337814
"Maritime","Zio","Bolou Kpeta",2015,0.802975416183472
"Maritime","Zio","Bolou Kpeta",2016,2.16988658905029
"Maritime","Zio","Bolou Kpeta",2017,3.73545575141907
"Maritime","Zio","Bolou Kpeta",2018,2.37044930458069
"Maritime","Zio","Bolou Kpeta",2019,5.48029851913452
"Maritime","Zio","Bolou Kpeta",2020,6.48255014419556
"Maritime","Zio","Bolou Kpeta",2021,16.5949192047119
"Maritime","Zio","Bolou Kpeta",2022,49.4135208129883
"Maritime","Zio","Bolou Kpeta",2023,51.9814300537109
"Maritime","Zio","Bolou Kpeta",2024,75.4841384887695
"Maritime","Zio","Dalave",2012,40.7036056518555
"Maritime","Zio","Dalave",2013,39.0671920776367
"Maritime","Zio","Dalave",2014,39.167366027832
"Maritime","Zio","Dalave",2015,46.6726722717285
"Maritime","Zio","Dalave",2016,47.290958404541
"Maritime","Zio","Dalave",2017,65.3547744750977
"Maritime","Zio","Dalave",2018,72.7173538208008
"Maritime","Zio","Dalave",2019,111.447326660156
"Maritime","Zio","Dalave",2020,123.184036254883
"Maritime","Zio","Dalave",2021,396.131866455078
"Maritime","Zio","Dalave",2022,899.481201171875
"Maritime","Zio","Dalave",2023,970.764953613281
"Maritime","Zio","Dalave",2024,1055.20544433594
"Maritime","Zio","Davie",2012,11.9652709960938
"Maritime","Zio","Davie",2013,7.93095302581787
"Maritime","Zio","Davie",2014,10.4767608642578
"Maritime","Zio","Davie",2015,15.8384170532227
"Maritime","Zio","Davie",2016,11.014102935791
"Maritime","Zio","Davie",2017,20.8789520263672
"Maritime","Zio","Davie",2018,47.6889152526855
"Maritime","Zio","Davie",2019,69.8851318359375
"Maritime","Zio","Davie",2020,55.6529846191406
"Maritime","Zio","Davie",2021,125.547592163086
"Maritime","Zio","Davie",2022,258.893005371094
"Maritime","Zio","Davie",2023,307.195587158203
"Maritime","Zio","Davie",2024,388.949951171875
"Maritime","Zio","Djagble",2012,16.0587978363037
"Maritime","Zio","Djagble",2013,16.2711486816406
"Maritime","Zio","Djagble",2014,42.947566986084
"Maritime","Zio","Djagble",2015,91.8382110595703
"Maritime","Zio","Djagble",2016,132.064376831055
"Maritime","Zio","Djagble",2017,155.68440246582
"Maritime","Zio","Djagble",2018,146.154479980469
"Maritime","Zio","Djagble",2019,197.25910949707
"Maritime","Zio","Djagble",2020,231.429946899414
"Maritime","Zio","Djagble",2021,342.818786621094
"Maritime","Zio","Djagble",2022,364.155670166016
"Maritime","Zio","Djagble",2023,445.445983886719
"Maritime","Zio","Djagble",2024,518.8681640625
"Maritime","Zio","Game",2012,1.56055617332458
"Maritime","Zio","Game",2013,4.39482736587524
"Maritime","Zio","Game",2014,3.38323330879211
"Maritime","Zio","Game",2015,0.652494311332703
"Maritime","Zio","Game",2016,2.37981700897217
"Maritime","Zio","Game",2017,6.13625335693359
"Maritime","Zio","Game",2018,3.48716449737549
"Maritime","Zio","Game",2019,2.82509851455688
"Maritime","Zio","Game",2020,3.82119917869568
"Maritime","Zio","Game",2021,2.94909453392029
"Maritime","Zio","Game",2022,7.58164691925049
"Maritime","Zio","Game",2023,3.19341969490051
"Maritime","Zio","Game",2024,6.7104926109314
"Maritime","Zio","Gape Kpodji",2012,0
"Maritime","Zio","Gape Kpodji",2013,0
"Maritime","Zio","Gape Kpodji",2014,0
"Maritime","Zio","Gape Kpodji",2015,0
"Maritime","Zio","Gape Kpodji",2016,0
"Maritime","Zio","Gape Kpodji",2017,0
"Maritime","Zio","Gape Kpodji",2018,0
"Maritime","Zio","Gape Kpodji",2019,0
"Maritime","Zio","Gape Kpodji",2020,0
"Maritime","Zio","Gape Kpodji",2021,0
"Maritime","Zio","Gape Kpodji",2022,0
"Maritime","Zio","Gape Kpodji",2023,0
"Maritime","Zio","Gape Kpodji",2024,0
"Maritime","Zio","Gape-Centre",2012,0
"Maritime","Zio","Gape-Centre",2013,1.47786545753479
"Maritime","Zio","Gape-Centre",2014,4.44097661972046
"Maritime","Zio","Gape-Centre",2015,4.24115943908691
"Maritime","Zio","Gape-Centre",2016,3.58130550384521
"Maritime","Zio","Gape-Centre",2017,1.97729015350342
"Maritime","Zio","Gape-Centre",2018,3.21278500556946
"Maritime","Zio","Gape-Centre",2019,0
"Maritime","Zio","Gape-Centre",2020,0
"Maritime","Zio","Gape-Centre",2021,6.78325033187866
"Maritime","Zio","Gape-Centre",2022,7.79250717163086
"Maritime","Zio","Gape-Centre",2023,16.8829803466797
"Maritime","Zio","Gape-Centre",2024,19.4186096191406
"Maritime","Zio","Gbatope",2012,3.85262942314148
"Maritime","Zio","Gbatope",2013,4.35850811004639
"Maritime","Zio","Gbatope",2014,0.613204598426819
"Maritime","Zio","Gbatope",2015,4.23230028152466
"Maritime","Zio","Gbatope",2016,6.38140821456909
"Maritime","Zio","Gbatope",2017,4.8230504989624
"Maritime","Zio","Gbatope",2018,6.14667415618896
"Maritime","Zio","Gbatope",2019,8.75285530090332
"Maritime","Zio","Gbatope",2020,8.02035522460938
"Maritime","Zio","Gbatope",2021,36.3285369873047
"Maritime","Zio","Gbatope",2022,69.3063583374023
"Maritime","Zio","Gbatope",2023,75.4635009765625
"Maritime","Zio","Gbatope",2024,92.7698287963867
"Maritime","Zio","Gblainvie",2012,0.00282186339609325
"Maritime","Zio","Gblainvie",2013,0.00276204291731119
"Maritime","Zio","Gblainvie",2014,0.00267923879437149
"Maritime","Zio","Gblainvie",2015,0.00423068599775434
"Maritime","Zio","Gblainvie",2016,0.507187187671661
"Maritime","Zio","Gblainvie",2017,1.54886412620544
"Maritime","Zio","Gblainvie",2018,1.10455203056335
"Maritime","Zio","Gblainvie",2019,7.25945568084717
"Maritime","Zio","Gblainvie",2020,6.93540716171265
"Maritime","Zio","Gblainvie",2021,10.3337450027466
"Maritime","Zio","Gblainvie",2022,20.8627376556396
"Maritime","Zio","Gblainvie",2023,22.9614868164062
"Maritime","Zio","Gblainvie",2024,33.6825408935547
"Maritime","Zio","Kovie",2012,4.27954053878784
"Maritime","Zio","Kovie",2013,5.32683038711548
"Maritime","Zio","Kovie",2014,2.39844465255737
"Maritime","Zio","Kovie",2015,8.57916450500488
"Maritime","Zio","Kovie",2016,15.1321401596069
"Maritime","Zio","Kovie",2017,11.455509185791
"Maritime","Zio","Kovie",2018,11.0828590393066
"Maritime","Zio","Kovie",2019,11.8470077514648
"Maritime","Zio","Kovie",2020,11.1236839294434
"Maritime","Zio","Kovie",2021,14.6766424179077
"Maritime","Zio","Kovie",2022,31.6049098968506
"Maritime","Zio","Kovie",2023,50.6468391418457
"Maritime","Zio","Kovie",2024,94.4761276245117
"Maritime","Zio","Kpome",2012,28.5879459381104
"Maritime","Zio","Kpome",2013,33.6859092712402
"Maritime","Zio","Kpome",2014,57.3144683837891
"Maritime","Zio","Kpome",2015,73.6585922241211
"Maritime","Zio","Kpome",2016,65.6961212158203
"Maritime","Zio","Kpome",2017,74.2325134277344
"Maritime","Zio","Kpome",2018,50.3217086791992
"Maritime","Zio","Kpome",2019,59.9494285583496
"Maritime","Zio","Kpome",2020,59.9606857299805
"Maritime","Zio","Kpome",2021,96.5521774291992
"Maritime","Zio","Kpome",2022,183.406814575195
"Maritime","Zio","Kpome",2023,180.71760559082
"Maritime","Zio","Kpome",2024,269.08203125
"Maritime","Zio","Mission-Tove",2012,1.29886102676392
"Maritime","Zio","Mission-Tove",2013,0.721562683582306
"Maritime","Zio","Mission-Tove",2014,0.962988555431366
"Maritime","Zio","Mission-Tove",2015,7.31626176834106
"Maritime","Zio","Mission-Tove",2016,21.0292911529541
"Maritime","Zio","Mission-Tove",2017,17.7712574005127
"Maritime","Zio","Mission-Tove",2018,28.4243602752686
"Maritime","Zio","Mission-Tove",2019,48.2838592529297
"Maritime","Zio","Mission-Tove",2020,76.5022735595703
"Maritime","Zio","Mission-Tove",2021,185.952072143555
"Maritime","Zio","Mission-Tove",2022,309.273651123047
"Maritime","Zio","Mission-Tove",2023,414.342956542969
"Maritime","Zio","Mission-Tove",2024,509.742736816406
"Maritime","Zio","Tsevie",2012,30.0654106140137
"Maritime","Zio","Tsevie",2013,35.8702621459961
"Maritime","Zio","Tsevie",2014,38.7291145324707
"Maritime","Zio","Tsevie",2015,56.7241592407227
"Maritime","Zio","Tsevie",2016,74.72265625
"Maritime","Zio","Tsevie",2017,99.3074645996094
"Maritime","Zio","Tsevie",2018,106.310562133789
"Maritime","Zio","Tsevie",2019,142.732376098633
"Maritime","Zio","Tsevie",2020,152.992416381836
"Maritime","Zio","Tsevie",2021,214.610443115234
"Maritime","Zio","Tsevie",2022,292.726013183594
"Maritime","Zio","Tsevie",2023,326.982604980469
"Maritime","Zio","Tsevie",2024,461.275970458984
"Maritime","Zio","Wli",2012,0
"Maritime","Zio","Wli",2013,0
"Maritime","Zio","Wli",2014,0
"Maritime","Zio","Wli",2015,0
"Maritime","Zio","Wli",2016,0
"Maritime","Zio","Wli",2017,0
"Maritime","Zio","Wli",2018,0
"Maritime","Zio","Wli",2019,0
"Maritime","Zio","Wli",2020,0
"Maritime","Zio","Wli",2021,5.73794174194336
"Maritime","Zio","Wli",2022,17.0032253265381
"Maritime","Zio","Wli",2023,16.0321044921875
"Maritime","Zio","Wli",2024,20.1876564025879
"Plateaux","Agou","Adjahun Fiagbe",2012,0
"Plateaux","Agou","Adjahun Fiagbe",2013,0
"Plateaux","Agou","Adjahun Fiagbe",2014,0
"Plateaux","Agou","Adjahun Fiagbe",2015,0
"Plateaux","Agou","Adjahun Fiagbe",2016,0.58191704750061
"Plateaux","Agou","Adjahun Fiagbe",2017,0.614734530448914
"Plateaux","Agou","Adjahun Fiagbe",2018,3.49632406234741
"Plateaux","Agou","Adjahun Fiagbe",2019,0.723015666007996
"Plateaux","Agou","Adjahun Fiagbe",2020,0
"Plateaux","Agou","Adjahun Fiagbe",2021,0
"Plateaux","Agou","Adjahun Fiagbe",2022,0
"Plateaux","Agou","Adjahun Fiagbe",2023,0
"Plateaux","Agou","Adjahun Fiagbe",2024,3.23446989059448
"Plateaux","Agou","Adzakpa",2012,0
"Plateaux","Agou","Adzakpa",2013,0
"Plateaux","Agou","Adzakpa",2014,0
"Plateaux","Agou","Adzakpa",2015,0
"Plateaux","Agou","Adzakpa",2016,0.179093405604362
"Plateaux","Agou","Adzakpa",2017,0
"Plateaux","Agou","Adzakpa",2018,0
"Plateaux","Agou","Adzakpa",2019,0
"Plateaux","Agou","Adzakpa",2020,0
"Plateaux","Agou","Adzakpa",2021,0.1441820114851
"Plateaux","Agou","Adzakpa",2022,9.69493865966797
"Plateaux","Agou","Adzakpa",2023,9.12160205841064
"Plateaux","Agou","Adzakpa",2024,10.99001121521
"Plateaux","Agou","Agotime Nord",2012,0.00254640425555408
"Plateaux","Agou","Agotime Nord",2013,0.18353083729744
"Plateaux","Agou","Agotime Nord",2014,0.00330831576138735
"Plateaux","Agou","Agotime Nord",2015,2.2469310760498
"Plateaux","Agou","Agotime Nord",2016,2.18598103523254
"Plateaux","Agou","Agotime Nord",2017,1.65923035144806
"Plateaux","Agou","Agotime Nord",2018,1.58670997619629
"Plateaux","Agou","Agotime Nord",2019,0.455302476882935
"Plateaux","Agou","Agotime Nord",2020,1.32517099380493
"Plateaux","Agou","Agotime Nord",2021,0.377280682325363
"Plateaux","Agou","Agotime Nord",2022,4.24853134155273
"Plateaux","Agou","Agotime Nord",2023,4.08653926849365
"Plateaux","Agou","Agotime Nord",2024,3.38709020614624
"Plateaux","Agou","Agou Agbetiko/Agou Dzidjole",2012,0.576536476612091
"Plateaux","Agou","Agou Agbetiko/Agou Dzidjole",2013,1.07824921607971
"Plateaux","Agou","Agou Agbetiko/Agou Dzidjole",2014,0
"Plateaux","Agou","Agou Agbetiko/Agou Dzidjole",2015,1.03187453746796
"Plateaux","Agou","Agou Agbetiko/Agou Dzidjole",2016,0.531646192073822
"Plateaux","Agou","Agou Agbetiko/Agou Dzidjole",2017,1.11745762825012
"Plateaux","Agou","Agou Agbetiko/Agou Dzidjole",2018,0.561748445034027
"Plateaux","Agou","Agou Agbetiko/Agou Dzidjole",2019,2.49700260162354
"Plateaux","Agou","Agou Agbetiko/Agou Dzidjole",2020,1.11467027664185
"Plateaux","Agou","Agou Agbetiko/Agou Dzidjole",2021,4.32693958282471
"Plateaux","Agou","Agou Agbetiko/Agou Dzidjole",2022,7.44751405715942
"Plateaux","Agou","Agou Agbetiko/Agou Dzidjole",2023,12.3248720169067
"Plateaux","Agou","Agou Agbetiko/Agou Dzidjole",2024,14.2920303344727
"Plateaux","Agou","Agou Atigbe",2012,0
"Plateaux","Agou","Agou Atigbe",2013,0
"Plateaux","Agou","Agou Atigbe",2014,0
"Plateaux","Agou","Agou Atigbe",2015,0
"Plateaux","Agou","Agou Atigbe",2016,0.502695977687836
"Plateaux","Agou","Agou Atigbe",2017,1.17842578887939
"Plateaux","Agou","Agou Atigbe",2018,0
"Plateaux","Agou","Agou Atigbe",2019,1.1418879032135
"Plateaux","Agou","Agou Atigbe",2020,0
"Plateaux","Agou","Agou Atigbe",2021,0
"Plateaux","Agou","Agou Atigbe",2022,1.07990229129791
"Plateaux","Agou","Agou Atigbe",2023,1.73172974586487
"Plateaux","Agou","Agou Atigbe",2024,2.2495493888855
"Plateaux","Agou","Agou Gadzepe",2012,9.37986946105957
"Plateaux","Agou","Agou Gadzepe",2013,7.11194515228271
"Plateaux","Agou","Agou Gadzepe",2014,5.69600486755371
"Plateaux","Agou","Agou Gadzepe",2015,11.1982126235962
"Plateaux","Agou","Agou Gadzepe",2016,25.8760547637939
"Plateaux","Agou","Agou Gadzepe",2017,32.3744888305664
"Plateaux","Agou","Agou Gadzepe",2018,36.1057891845703
"Plateaux","Agou","Agou Gadzepe",2019,38.426513671875
"Plateaux","Agou","Agou Gadzepe",2020,21.9100513458252
"Plateaux","Agou","Agou Gadzepe",2021,16.7975635528564
"Plateaux","Agou","Agou Gadzepe",2022,28.4980525970459
"Plateaux","Agou","Agou Gadzepe",2023,41.1568832397461
"Plateaux","Agou","Agou Gadzepe",2024,41.718692779541
"Plateaux","Agou","Agou Kebo",2012,0
"Plateaux","Agou","Agou Kebo",2013,0
"Plateaux","Agou","Agou Kebo",2014,0
"Plateaux","Agou","Agou Kebo",2015,0
"Plateaux","Agou","Agou Kebo",2016,0.485845267772675
"Plateaux","Agou","Agou Kebo",2017,0.190800219774246
"Plateaux","Agou","Agou Kebo",2018,1.22897708415985
"Plateaux","Agou","Agou Kebo",2019,2.01815509796143
"Plateaux","Agou","Agou Kebo",2020,0.155901074409485
"Plateaux","Agou","Agou Kebo",2021,0.684441924095154
"Plateaux","Agou","Agou Kebo",2022,9.24608039855957
"Plateaux","Agou","Agou Kebo",2023,9.59680938720703
"Plateaux","Agou","Agou Kebo",2024,6.85272407531738
"Plateaux","Agou","Agou Yiboe/Kati",2012,0
"Plateaux","Agou","Agou Yiboe/Kati",2013,0
"Plateaux","Agou","Agou Yiboe/Kati",2014,0
"Plateaux","Agou","Agou Yiboe/Kati",2015,0
"Plateaux","Agou","Agou Yiboe/Kati",2016,0
"Plateaux","Agou","Agou Yiboe/Kati",2017,0
"Plateaux","Agou","Agou Yiboe/Kati",2018,0
"Plateaux","Agou","Agou Yiboe/Kati",2019,0
"Plateaux","Agou","Agou Yiboe/Kati",2020,0
"Plateaux","Agou","Agou Yiboe/Kati",2021,0
"Plateaux","Agou","Agou Yiboe/Kati",2022,0.633142530918121
"Plateaux","Agou","Agou Yiboe/Kati",2023,1.01915240287781
"Plateaux","Agou","Agou Yiboe/Kati",2024,2.14210653305054
"Plateaux","Agou","Agou-Akplolo",2012,0
"Plateaux","Agou","Agou-Akplolo",2013,0
"Plateaux","Agou","Agou-Akplolo",2014,0
"Plateaux","Agou","Agou-Akplolo",2015,0
"Plateaux","Agou","Agou-Akplolo",2016,0
"Plateaux","Agou","Agou-Akplolo",2017,0
"Plateaux","Agou","Agou-Akplolo",2018,0
"Plateaux","Agou","Agou-Akplolo",2019,0
"Plateaux","Agou","Agou-Akplolo",2020,0
"Plateaux","Agou","Agou-Akplolo",2021,0
"Plateaux","Agou","Agou-Akplolo",2022,0
"Plateaux","Agou","Agou-Akplolo",2023,0
"Plateaux","Agou","Agou-Akplolo",2024,0
"Plateaux","Agou","Amoussou Kope",2012,0
"Plateaux","Agou","Amoussou Kope",2013,1.89175939559937
"Plateaux","Agou","Amoussou Kope",2014,0
"Plateaux","Agou","Amoussou Kope",2015,1.16995918750763
"Plateaux","Agou","Amoussou Kope",2016,2.32934165000916
"Plateaux","Agou","Amoussou Kope",2017,2.34330177307129
"Plateaux","Agou","Amoussou Kope",2018,3.79152631759644
"Plateaux","Agou","Amoussou Kope",2019,1.1592710018158
"Plateaux","Agou","Amoussou Kope",2020,2.89922332763672
"Plateaux","Agou","Amoussou Kope",2021,2.38186025619507
"Plateaux","Agou","Amoussou Kope",2022,4.8692102432251
"Plateaux","Agou","Amoussou Kope",2023,7.87144899368286
"Plateaux","Agou","Amoussou Kope",2024,7.77963209152222
"Plateaux","Agou","Gadja",2012,2.83535385131836
"Plateaux","Agou","Gadja",2013,4.81199598312378
"Plateaux","Agou","Gadja",2014,2.51696276664734
"Plateaux","Agou","Gadja",2015,2.75375056266785
"Plateaux","Agou","Gadja",2016,2.45019268989563
"Plateaux","Agou","Gadja",2017,5.68696928024292
"Plateaux","Agou","Gadja",2018,3.04340267181396
"Plateaux","Agou","Gadja",2019,1.94155871868134
"Plateaux","Agou","Gadja",2020,3.70442056655884
"Plateaux","Agou","Gadja",2021,1.80579161643982
"Plateaux","Agou","Gadja",2022,9.93544387817383
"Plateaux","Agou","Gadja",2023,12.9772119522095
"Plateaux","Agou","Gadja",2024,18.1708164215088
"Plateaux","Akébou","Djon",2012,0
"Plateaux","Akébou","Djon",2013,0
"Plateaux","Akébou","Djon",2014,0
"Plateaux","Akébou","Djon",2015,0
"Plateaux","Akébou","Djon",2016,0
"Plateaux","Akébou","Djon",2017,0
"Plateaux","Akébou","Djon",2018,0
"Plateaux","Akébou","Djon",2019,0
"Plateaux","Akébou","Djon",2020,0
"Plateaux","Akébou","Djon",2021,0
"Plateaux","Akébou","Djon",2022,0
"Plateaux","Akébou","Djon",2023,0
"Plateaux","Akébou","Djon",2024,0
"Plateaux","Akébou","Gbende",2012,0
"Plateaux","Akébou","Gbende",2013,0
"Plateaux","Akébou","Gbende",2014,0
"Plateaux","Akébou","Gbende",2015,0
"Plateaux","Akébou","Gbende",2016,0
"Plateaux","Akébou","Gbende",2017,0
"Plateaux","Akébou","Gbende",2018,0
"Plateaux","Akébou","Gbende",2019,0
"Plateaux","Akébou","Gbende",2020,0
"Plateaux","Akébou","Gbende",2021,0
"Plateaux","Akébou","Gbende",2022,0
"Plateaux","Akébou","Gbende",2023,0
"Plateaux","Akébou","Gbende",2024,0
"Plateaux","Akébou","Kamina",2012,0
"Plateaux","Akébou","Kamina",2013,0
"Plateaux","Akébou","Kamina",2014,0
"Plateaux","Akébou","Kamina",2015,0
"Plateaux","Akébou","Kamina",2016,0
"Plateaux","Akébou","Kamina",2017,0
"Plateaux","Akébou","Kamina",2018,0
"Plateaux","Akébou","Kamina",2019,0
"Plateaux","Akébou","Kamina",2020,0
"Plateaux","Akébou","Kamina",2021,0
"Plateaux","Akébou","Kamina",2022,0
"Plateaux","Akébou","Kamina",2023,0
"Plateaux","Akébou","Kamina",2024,0
"Plateaux","Akébou","Kougnohou",2012,0
"Plateaux","Akébou","Kougnohou",2013,0
"Plateaux","Akébou","Kougnohou",2014,0
"Plateaux","Akébou","Kougnohou",2015,1.0299357175827
"Plateaux","Akébou","Kougnohou",2016,4.43467903137207
"Plateaux","Akébou","Kougnohou",2017,10.6425514221191
"Plateaux","Akébou","Kougnohou",2018,9.044114112854
"Plateaux","Akébou","Kougnohou",2019,6.89006805419922
"Plateaux","Akébou","Kougnohou",2020,3.31642150878906
"Plateaux","Akébou","Kougnohou",2021,3.24068188667297
"Plateaux","Akébou","Kougnohou",2022,5.4238224029541
"Plateaux","Akébou","Kougnohou",2023,4.97263383865356
"Plateaux","Akébou","Kougnohou",2024,11.5669689178467
"Plateaux","Akébou","Kpalave",2012,0
"Plateaux","Akébou","Kpalave",2013,0
"Plateaux","Akébou","Kpalave",2014,0
"Plateaux","Akébou","Kpalave",2015,0
"Plateaux","Akébou","Kpalave",2016,0
"Plateaux","Akébou","Kpalave",2017,0
"Plateaux","Akébou","Kpalave",2018,0
"Plateaux","Akébou","Kpalave",2019,0
"Plateaux","Akébou","Kpalave",2020,0
"Plateaux","Akébou","Kpalave",2021,0
"Plateaux","Akébou","Kpalave",2022,0
"Plateaux","Akébou","Kpalave",2023,0
"Plateaux","Akébou","Kpalave",2024,0
"Plateaux","Akébou","Seregbene",2012,0
"Plateaux","Akébou","Seregbene",2013,0
"Plateaux","Akébou","Seregbene",2014,0
"Plateaux","Akébou","Seregbene",2015,0
"Plateaux","Akébou","Seregbene",2016,0
"Plateaux","Akébou","Seregbene",2017,0
"Plateaux","Akébou","Seregbene",2018,0
"Plateaux","Akébou","Seregbene",2019,0
"Plateaux","Akébou","Seregbene",2020,0
"Plateaux","Akébou","Seregbene",2021,0
"Plateaux","Akébou","Seregbene",2022,0
"Plateaux","Akébou","Seregbene",2023,0
"Plateaux","Akébou","Seregbene",2024,0
"Plateaux","Akébou","Veh",2012,0
"Plateaux","Akébou","Veh",2013,0
"Plateaux","Akébou","Veh",2014,0
"Plateaux","Akébou","Veh",2015,0
"Plateaux","Akébou","Veh",2016,0
"Plateaux","Akébou","Veh",2017,0.511900961399078
"Plateaux","Akébou","Veh",2018,0
"Plateaux","Akébou","Veh",2019,0
"Plateaux","Akébou","Veh",2020,0
"Plateaux","Akébou","Veh",2021,0
"Plateaux","Akébou","Veh",2022,0
"Plateaux","Akébou","Veh",2023,0
"Plateaux","Akébou","Veh",2024,0
"Plateaux","Akébou","Yalla",2012,0
"Plateaux","Akébou","Yalla",2013,0
"Plateaux","Akébou","Yalla",2014,0
"Plateaux","Akébou","Yalla",2015,0
"Plateaux","Akébou","Yalla",2016,0
"Plateaux","Akébou","Yalla",2017,0
"Plateaux","Akébou","Yalla",2018,0
"Plateaux","Akébou","Yalla",2019,0
"Plateaux","Akébou","Yalla",2020,0
"Plateaux","Akébou","Yalla",2021,0
"Plateaux","Akébou","Yalla",2022,0
"Plateaux","Akébou","Yalla",2023,0
"Plateaux","Akébou","Yalla",2024,0
"Plateaux","Amou","Adiva",2012,0
"Plateaux","Amou","Adiva",2013,0
"Plateaux","Amou","Adiva",2014,0
"Plateaux","Amou","Adiva",2015,0
"Plateaux","Amou","Adiva",2016,0
"Plateaux","Amou","Adiva",2017,0
"Plateaux","Amou","Adiva",2018,0
"Plateaux","Amou","Adiva",2019,3.69251203536987
"Plateaux","Amou","Adiva",2020,2.03491449356079
"Plateaux","Amou","Adiva",2021,0.702917277812958
"Plateaux","Amou","Adiva",2022,2.97749423980713
"Plateaux","Amou","Adiva",2023,2.79787063598633
"Plateaux","Amou","Adiva",2024,3.39503145217896
"Plateaux","Amou","Amou-Oblo",2012,4.09754467010498
"Plateaux","Amou","Amou-Oblo",2013,4.25922632217407
"Plateaux","Amou","Amou-Oblo",2014,4.52613687515259
"Plateaux","Amou","Amou-Oblo",2015,6.23305702209473
"Plateaux","Amou","Amou-Oblo",2016,8.78679656982422
"Plateaux","Amou","Amou-Oblo",2017,5.67289924621582
"Plateaux","Amou","Amou-Oblo",2018,10.1206197738647
"Plateaux","Amou","Amou-Oblo",2019,19.0469284057617
"Plateaux","Amou","Amou-Oblo",2020,21.0772514343262
"Plateaux","Amou","Amou-Oblo",2021,13.5670118331909
"Plateaux","Amou","Amou-Oblo",2022,17.8771629333496
"Plateaux","Amou","Amou-Oblo",2023,23.9638137817383
"Plateaux","Amou","Amou-Oblo",2024,33.8126182556152
"Plateaux","Amou","Avedje",2012,0
"Plateaux","Amou","Avedje",2013,0
"Plateaux","Amou","Avedje",2014,0
"Plateaux","Amou","Avedje",2015,0.561727285385132
"Plateaux","Amou","Avedje",2016,0.651537954807281
"Plateaux","Amou","Avedje",2017,0.547364890575409
"Plateaux","Amou","Avedje",2018,0
"Plateaux","Amou","Avedje",2019,0
"Plateaux","Amou","Avedje",2020,0
"Plateaux","Amou","Avedje",2021,0
"Plateaux","Amou","Avedje",2022,0
"Plateaux","Amou","Avedje",2023,0
"Plateaux","Amou","Avedje",2024,0
"Plateaux","Amou","Ekpegnon",2012,0
"Plateaux","Amou","Ekpegnon",2013,0
"Plateaux","Amou","Ekpegnon",2014,0
"Plateaux","Amou","Ekpegnon",2015,0
"Plateaux","Amou","Ekpegnon",2016,0
"Plateaux","Amou","Ekpegnon",2017,0
"Plateaux","Amou","Ekpegnon",2018,0
"Plateaux","Amou","Ekpegnon",2019,0
"Plateaux","Amou","Ekpegnon",2020,0
"Plateaux","Amou","Ekpegnon",2021,0.507747530937195
"Plateaux","Amou","Ekpegnon",2022,0
"Plateaux","Amou","Ekpegnon",2023,5.63225412368774
"Plateaux","Amou","Ekpegnon",2024,5.31818532943726
"Plateaux","Amou","Evou",2012,4.30150365829468
"Plateaux","Amou","Evou",2013,2.5725839138031
"Plateaux","Amou","Evou",2014,3.33251714706421
"Plateaux","Amou","Evou",2015,3.47089266777039
"Plateaux","Amou","Evou",2016,2.1428484916687
"Plateaux","Amou","Evou",2017,2.92976355552673
"Plateaux","Amou","Evou",2018,2.79766011238098
"Plateaux","Amou","Evou",2019,7.67247438430786
"Plateaux","Amou","Evou",2020,7.08353424072266
"Plateaux","Amou","Evou",2021,9.15493297576904
"Plateaux","Amou","Evou",2022,14.55419921875
"Plateaux","Amou","Evou",2023,18.3689651489258
"Plateaux","Amou","Evou",2024,34.2736206054688
"Plateaux","Amou","Game",2012,0
"Plateaux","Amou","Game",2013,0
"Plateaux","Amou","Game",2014,0
"Plateaux","Amou","Game",2015,0
"Plateaux","Amou","Game",2016,0
"Plateaux","Amou","Game",2017,0
"Plateaux","Amou","Game",2018,0
"Plateaux","Amou","Game",2019,0
"Plateaux","Amou","Game",2020,0
"Plateaux","Amou","Game",2021,0
"Plateaux","Amou","Game",2022,0.163893714547157
"Plateaux","Amou","Game",2023,0.558867633342743
"Plateaux","Amou","Game",2024,0
"Plateaux","Amou","Hiheatro",2012,15.6487722396851
"Plateaux","Amou","Hiheatro",2013,12.5307416915894
"Plateaux","Amou","Hiheatro",2014,17.1318740844727
"Plateaux","Amou","Hiheatro",2015,22.8185615539551
"Plateaux","Amou","Hiheatro",2016,29.3776359558105
"Plateaux","Amou","Hiheatro",2017,30.4611682891846
"Plateaux","Amou","Hiheatro",2018,28.4553241729736
"Plateaux","Amou","Hiheatro",2019,34.7553901672363
"Plateaux","Amou","Hiheatro",2020,35.1355171203613
"Plateaux","Amou","Hiheatro",2021,30.5068073272705
"Plateaux","Amou","Hiheatro",2022,47.3305206298828
"Plateaux","Amou","Hiheatro",2023,78.585205078125
"Plateaux","Amou","Hiheatro",2024,115.667129516602
"Plateaux","Amou","Imle",2012,0
"Plateaux","Amou","Imle",2013,0.679961144924164
"Plateaux","Amou","Imle",2014,0.514146029949188
"Plateaux","Amou","Imle",2015,1.22648334503174
"Plateaux","Amou","Imle",2016,0
"Plateaux","Amou","Imle",2017,0.545924842357635
"Plateaux","Amou","Imle",2018,0
"Plateaux","Amou","Imle",2019,0.515934407711029
"Plateaux","Amou","Imle",2020,7.38352012634277
"Plateaux","Amou","Imle",2021,5.91583585739136
"Plateaux","Amou","Imle",2022,12.1201477050781
"Plateaux","Amou","Imle",2023,10.8459625244141
"Plateaux","Amou","Imle",2024,10.9888324737549
"Plateaux","Amou","Kpategan",2012,0
"Plateaux","Amou","Kpategan",2013,0
"Plateaux","Amou","Kpategan",2014,0
"Plateaux","Amou","Kpategan",2015,0
"Plateaux","Amou","Kpategan",2016,0
"Plateaux","Amou","Kpategan",2017,0
"Plateaux","Amou","Kpategan",2018,5.74377632141113
"Plateaux","Amou","Kpategan",2019,3.25978803634644
"Plateaux","Amou","Kpategan",2020,3.04866671562195
"Plateaux","Amou","Kpategan",2021,1.90579581260681
"Plateaux","Amou","Kpategan",2022,1.06749951839447
"Plateaux","Amou","Kpategan",2023,0.556393802165985
"Plateaux","Amou","Kpategan",2024,0
"Plateaux","Amou","Okpahoe",2012,0
"Plateaux","Amou","Okpahoe",2013,0
"Plateaux","Amou","Okpahoe",2014,0
"Plateaux","Amou","Okpahoe",2015,0
"Plateaux","Amou","Okpahoe",2016,0
"Plateaux","Amou","Okpahoe",2017,0
"Plateaux","Amou","Okpahoe",2018,0
"Plateaux","Amou","Okpahoe",2019,0
"Plateaux","Amou","Okpahoe",2020,0
"Plateaux","Amou","Okpahoe",2021,0
"Plateaux","Amou","Okpahoe",2022,0
"Plateaux","Amou","Okpahoe",2023,0
"Plateaux","Amou","Okpahoe",2024,0
"Plateaux","Amou","Otadi",2012,0
"Plateaux","Amou","Otadi",2013,0
"Plateaux","Amou","Otadi",2014,0
"Plateaux","Amou","Otadi",2015,0
"Plateaux","Amou","Otadi",2016,0.501713871955872
"Plateaux","Amou","Otadi",2017,0
"Plateaux","Amou","Otadi",2018,0
"Plateaux","Amou","Otadi",2019,0
"Plateaux","Amou","Otadi",2020,0
"Plateaux","Amou","Otadi",2021,0
"Plateaux","Amou","Otadi",2022,0
"Plateaux","Amou","Otadi",2023,0
"Plateaux","Amou","Otadi",2024,0
"Plateaux","Amou","Ouma-Amlame",2012,6.90241193771362
"Plateaux","Amou","Ouma-Amlame",2013,1.65821945667267
"Plateaux","Amou","Ouma-Amlame",2014,4.63564252853394
"Plateaux","Amou","Ouma-Amlame",2015,14.0373239517212
"Plateaux","Amou","Ouma-Amlame",2016,25.0879154205322
"Plateaux","Amou","Ouma-Amlame",2017,23.2388172149658
"Plateaux","Amou","Ouma-Amlame",2018,20.7056312561035
"Plateaux","Amou","Ouma-Amlame",2019,34.7227973937988
"Plateaux","Amou","Ouma-Amlame",2020,30.530424118042
"Plateaux","Amou","Ouma-Amlame",2021,16.286319732666
"Plateaux","Amou","Ouma-Amlame",2022,28.5633010864258
"Plateaux","Amou","Ouma-Amlame",2023,27.9921817779541
"Plateaux","Amou","Ouma-Amlame",2024,31.5372047424316
"Plateaux","Amou","Sodo",2012,1.31658458709717
"Plateaux","Amou","Sodo",2013,1.20846128463745
"Plateaux","Amou","Sodo",2014,1.26018905639648
"Plateaux","Amou","Sodo",2015,0.681384205818176
"Plateaux","Amou","Sodo",2016,2.48889255523682
"Plateaux","Amou","Sodo",2017,1.44935393333435
"Plateaux","Amou","Sodo",2018,1.21894311904907
"Plateaux","Amou","Sodo",2019,4.07296895980835
"Plateaux","Amou","Sodo",2020,6.53950500488281
"Plateaux","Amou","Sodo",2021,3.17260408401489
"Plateaux","Amou","Sodo",2022,5.28965473175049
"Plateaux","Amou","Sodo",2023,7.25834608078003
"Plateaux","Amou","Sodo",2024,5.66627502441406
"Plateaux","Amou","Temedja",2012,4.12064266204834
"Plateaux","Amou","Temedja",2013,2.66002678871155
"Plateaux","Amou","Temedja",2014,3.20037746429443
"Plateaux","Amou","Temedja",2015,1.81146967411041
"Plateaux","Amou","Temedja",2016,4.0910816192627
"Plateaux","Amou","Temedja",2017,8.13160514831543
"Plateaux","Amou","Temedja",2018,6.84611845016479
"Plateaux","Amou","Temedja",2019,6.80211114883423
"Plateaux","Amou","Temedja",2020,7.95303726196289
"Plateaux","Amou","Temedja",2021,11.5918560028076
"Plateaux","Amou","Temedja",2022,22.0467166900635
"Plateaux","Amou","Temedja",2023,25.6430206298828
"Plateaux","Amou","Temedja",2024,61.6863327026367
"Plateaux","Anié","Adogbenou",2012,0
"Plateaux","Anié","Adogbenou",2013,0
"Plateaux","Anié","Adogbenou",2014,0
"Plateaux","Anié","Adogbenou",2015,0
"Plateaux","Anié","Adogbenou",2016,0.557238280773163
"Plateaux","Anié","Adogbenou",2017,0
"Plateaux","Anié","Adogbenou",2018,0
"Plateaux","Anié","Adogbenou",2019,0.505223155021667
"Plateaux","Anié","Adogbenou",2020,0
"Plateaux","Anié","Adogbenou",2021,0.657097458839417
"Plateaux","Anié","Adogbenou",2022,1.98311841487885
"Plateaux","Anié","Adogbenou",2023,3.92015314102173
"Plateaux","Anié","Adogbenou",2024,5.96956586837769
"Plateaux","Anié","Anie",2012,14.1431722640991
"Plateaux","Anié","Anie",2013,11.1901445388794
"Plateaux","Anié","Anie",2014,14.16588306427
"Plateaux","Anié","Anie",2015,36.9573364257812
"Plateaux","Anié","Anie",2016,54.9136924743652
"Plateaux","Anié","Anie",2017,53.1287574768066
"Plateaux","Anié","Anie",2018,64.9909057617188
"Plateaux","Anié","Anie",2019,55.460319519043
"Plateaux","Anié","Anie",2020,60.422679901123
"Plateaux","Anié","Anie",2021,68.9782485961914
"Plateaux","Anié","Anie",2022,86.2024078369141
"Plateaux","Anié","Anie",2023,92.9300384521484
"Plateaux","Anié","Anie",2024,150.311416625977
"Plateaux","Anié","Atchinedji",2012,0.500093340873718
"Plateaux","Anié","Atchinedji",2013,0.378627151250839
"Plateaux","Anié","Atchinedji",2014,0.47227019071579
"Plateaux","Anié","Atchinedji",2015,1.05835485458374
"Plateaux","Anié","Atchinedji",2016,0.999864220619202
"Plateaux","Anié","Atchinedji",2017,0.402753233909607
"Plateaux","Anié","Atchinedji",2018,0
"Plateaux","Anié","Atchinedji",2019,0
"Plateaux","Anié","Atchinedji",2020,0
"Plateaux","Anié","Atchinedji",2021,0
"Plateaux","Anié","Atchinedji",2022,0.99273544549942
"Plateaux","Anié","Atchinedji",2023,0.372512638568878
"Plateaux","Anié","Atchinedji",2024,0.959806144237518
"Plateaux","Anié","Glitto",2012,0
"Plateaux","Anié","Glitto",2013,0
"Plateaux","Anié","Glitto",2014,0
"Plateaux","Anié","Glitto",2015,0
"Plateaux","Anié","Glitto",2016,0.557016968727112
"Plateaux","Anié","Glitto",2017,0
"Plateaux","Anié","Glitto",2018,0
"Plateaux","Anié","Glitto",2019,0
"Plateaux","Anié","Glitto",2020,0
"Plateaux","Anié","Glitto",2021,0
"Plateaux","Anié","Glitto",2022,0
"Plateaux","Anié","Glitto",2023,0
"Plateaux","Anié","Glitto",2024,0
"Plateaux","Anié","Kolokope",2012,0
"Plateaux","Anié","Kolokope",2013,0
"Plateaux","Anié","Kolokope",2014,0
"Plateaux","Anié","Kolokope",2015,2.33033633232117
"Plateaux","Anié","Kolokope",2016,2.88032841682434
"Plateaux","Anié","Kolokope",2017,3.60863518714905
"Plateaux","Anié","Kolokope",2018,8.14565658569336
"Plateaux","Anié","Kolokope",2019,4.51994514465332
"Plateaux","Anié","Kolokope",2020,9.58195114135742
"Plateaux","Anié","Kolokope",2021,12.837498664856
"Plateaux","Anié","Kolokope",2022,22.0464057922363
"Plateaux","Anié","Kolokope",2023,30.620267868042
"Plateaux","Anié","Kolokope",2024,57.396900177002
"Plateaux","Anié","Pallakoko",2012,0
"Plateaux","Anié","Pallakoko",2013,0
"Plateaux","Anié","Pallakoko",2014,0
"Plateaux","Anié","Pallakoko",2015,0
"Plateaux","Anié","Pallakoko",2016,0
"Plateaux","Anié","Pallakoko",2017,0
"Plateaux","Anié","Pallakoko",2018,0
"Plateaux","Anié","Pallakoko",2019,0
"Plateaux","Anié","Pallakoko",2020,0
"Plateaux","Anié","Pallakoko",2021,0
"Plateaux","Anié","Pallakoko",2022,3.1847984790802
"Plateaux","Anié","Pallakoko",2023,0.634935617446899
"Plateaux","Anié","Pallakoko",2024,1.63972544670105
"Plateaux","Danyi","Ahlon",2012,0
"Plateaux","Danyi","Ahlon",2013,0
"Plateaux","Danyi","Ahlon",2014,0
"Plateaux","Danyi","Ahlon",2015,0.508808374404907
"Plateaux","Danyi","Ahlon",2016,0
"Plateaux","Danyi","Ahlon",2017,0
"Plateaux","Danyi","Ahlon",2018,0
"Plateaux","Danyi","Ahlon",2019,0
"Plateaux","Danyi","Ahlon",2020,0
"Plateaux","Danyi","Ahlon",2021,0
"Plateaux","Danyi","Ahlon",2022,0.106331564486027
"Plateaux","Danyi","Ahlon",2023,1.15918481349945
"Plateaux","Danyi","Ahlon",2024,1.51596283912659
"Plateaux","Danyi","Danyi Kpeto-Evita",2012,0
"Plateaux","Danyi","Danyi Kpeto-Evita",2013,0
"Plateaux","Danyi","Danyi Kpeto-Evita",2014,0.569563031196594
"Plateaux","Danyi","Danyi Kpeto-Evita",2015,0
"Plateaux","Danyi","Danyi Kpeto-Evita",2016,1.01956248283386
"Plateaux","Danyi","Danyi Kpeto-Evita",2017,0
"Plateaux","Danyi","Danyi Kpeto-Evita",2018,0
"Plateaux","Danyi","Danyi Kpeto-Evita",2019,0
"Plateaux","Danyi","Danyi Kpeto-Evita",2020,0
"Plateaux","Danyi","Danyi Kpeto-Evita",2021,0
"Plateaux","Danyi","Danyi Kpeto-Evita",2022,0
"Plateaux","Danyi","Danyi Kpeto-Evita",2023,0
"Plateaux","Danyi","Danyi Kpeto-Evita",2024,0
"Plateaux","Danyi","Danyi-Kakpa",2012,0
"Plateaux","Danyi","Danyi-Kakpa",2013,0
"Plateaux","Danyi","Danyi-Kakpa",2014,2.35925436019897
"Plateaux","Danyi","Danyi-Kakpa",2015,0.641356825828552
"Plateaux","Danyi","Danyi-Kakpa",2016,1.16414451599121
"Plateaux","Danyi","Danyi-Kakpa",2017,0
"Plateaux","Danyi","Danyi-Kakpa",2018,0
"Plateaux","Danyi","Danyi-Kakpa",2019,0.0152752893045545
"Plateaux","Danyi","Danyi-Kakpa",2020,0.0121071198955178
"Plateaux","Danyi","Danyi-Kakpa",2021,0.0185072142630816
"Plateaux","Danyi","Danyi-Kakpa",2022,4.60842132568359
"Plateaux","Danyi","Danyi-Kakpa",2023,3.53398656845093
"Plateaux","Danyi","Danyi-Kakpa",2024,5.17236042022705
"Plateaux","Danyi","Elavagnon/Atigba",2012,11.3747749328613
"Plateaux","Danyi","Elavagnon/Atigba",2013,10.0551795959473
"Plateaux","Danyi","Elavagnon/Atigba",2014,12.807653427124
"Plateaux","Danyi","Elavagnon/Atigba",2015,11.1292247772217
"Plateaux","Danyi","Elavagnon/Atigba",2016,21.6231250762939
"Plateaux","Danyi","Elavagnon/Atigba",2017,13.3950471878052
"Plateaux","Danyi","Elavagnon/Atigba",2018,10.6365585327148
"Plateaux","Danyi","Elavagnon/Atigba",2019,14.1387786865234
"Plateaux","Danyi","Elavagnon/Atigba",2020,7.34723711013794
"Plateaux","Danyi","Elavagnon/Atigba",2021,4.42596054077148
"Plateaux","Danyi","Elavagnon/Atigba",2022,9.99970149993896
"Plateaux","Danyi","Elavagnon/Atigba",2023,13.8251161575317
"Plateaux","Danyi","Elavagnon/Atigba",2024,17.3768539428711
"Plateaux","Danyi","Yikpa",2012,0.814724504947662
"Plateaux","Danyi","Yikpa",2013,0.200672343373299
"Plateaux","Danyi","Yikpa",2014,0.434557378292084
"Plateaux","Danyi","Yikpa",2015,0.464572995901108
"Plateaux","Danyi","Yikpa",2016,1.20715117454529
"Plateaux","Danyi","Yikpa",2017,0.951786279678345
"Plateaux","Danyi","Yikpa",2018,0.420199543237686
"Plateaux","Danyi","Yikpa",2019,5.24661684036255
"Plateaux","Danyi","Yikpa",2020,6.53000020980835
"Plateaux","Danyi","Yikpa",2021,6.75870800018311
"Plateaux","Danyi","Yikpa",2022,10.8053770065308
"Plateaux","Danyi","Yikpa",2023,11.8840980529785
"Plateaux","Danyi","Yikpa",2024,11.6142997741699
"Plateaux","Est-Mono","Badin",2012,0
"Plateaux","Est-Mono","Badin",2013,0
"Plateaux","Est-Mono","Badin",2014,0
"Plateaux","Est-Mono","Badin",2015,0
"Plateaux","Est-Mono","Badin",2016,0
"Plateaux","Est-Mono","Badin",2017,0
"Plateaux","Est-Mono","Badin",2018,0
"Plateaux","Est-Mono","Badin",2019,0
"Plateaux","Est-Mono","Badin",2020,0
"Plateaux","Est-Mono","Badin",2021,0.83805239200592
"Plateaux","Est-Mono","Badin",2022,2.5484790802002
"Plateaux","Est-Mono","Badin",2023,2.57241439819336
"Plateaux","Est-Mono","Badin",2024,1.75012755393982
"Plateaux","Est-Mono","Elavagnon",2012,0
"Plateaux","Est-Mono","Elavagnon",2013,0
"Plateaux","Est-Mono","Elavagnon",2014,0
"Plateaux","Est-Mono","Elavagnon",2015,5.85710048675537
"Plateaux","Est-Mono","Elavagnon",2016,7.05134153366089
"Plateaux","Est-Mono","Elavagnon",2017,8.77410697937012
"Plateaux","Est-Mono","Elavagnon",2018,14.7883567810059
"Plateaux","Est-Mono","Elavagnon",2019,20.7543563842773
"Plateaux","Est-Mono","Elavagnon",2020,35.2488441467285
"Plateaux","Est-Mono","Elavagnon",2021,23.0710906982422
"Plateaux","Est-Mono","Elavagnon",2022,25.2960453033447
"Plateaux","Est-Mono","Elavagnon",2023,26.6848545074463
"Plateaux","Est-Mono","Elavagnon",2024,30.3835487365723
"Plateaux","Est-Mono","Gbadjahe",2012,0
"Plateaux","Est-Mono","Gbadjahe",2013,0
"Plateaux","Est-Mono","Gbadjahe",2014,0
"Plateaux","Est-Mono","Gbadjahe",2015,0
"Plateaux","Est-Mono","Gbadjahe",2016,0.519386053085327
"Plateaux","Est-Mono","Gbadjahe",2017,0
"Plateaux","Est-Mono","Gbadjahe",2018,0
"Plateaux","Est-Mono","Gbadjahe",2019,0
"Plateaux","Est-Mono","Gbadjahe",2020,0
"Plateaux","Est-Mono","Gbadjahe",2021,0
"Plateaux","Est-Mono","Gbadjahe",2022,0.523121297359467
"Plateaux","Est-Mono","Gbadjahe",2023,0
"Plateaux","Est-Mono","Gbadjahe",2024,2.39995622634888
"Plateaux","Est-Mono","Kamina",2012,0
"Plateaux","Est-Mono","Kamina",2013,0
"Plateaux","Est-Mono","Kamina",2014,0
"Plateaux","Est-Mono","Kamina",2015,0
"Plateaux","Est-Mono","Kamina",2016,0.567219316959381
"Plateaux","Est-Mono","Kamina",2017,0
"Plateaux","Est-Mono","Kamina",2018,0
"Plateaux","Est-Mono","Kamina",2019,0
"Plateaux","Est-Mono","Kamina",2020,0
"Plateaux","Est-Mono","Kamina",2021,0
"Plateaux","Est-Mono","Kamina",2022,1.20449161529541
"Plateaux","Est-Mono","Kamina",2023,0.0463400669395924
"Plateaux","Est-Mono","Kamina",2024,0
"Plateaux","Est-Mono","Kpessi",2012,0
"Plateaux","Est-Mono","Kpessi",2013,0
"Plateaux","Est-Mono","Kpessi",2014,0
"Plateaux","Est-Mono","Kpessi",2015,0.709345817565918
"Plateaux","Est-Mono","Kpessi",2016,0.936237573623657
"Plateaux","Est-Mono","Kpessi",2017,0.877874314785004
"Plateaux","Est-Mono","Kpessi",2018,0.973254919052124
"Plateaux","Est-Mono","Kpessi",2019,0.314230233430862
"Plateaux","Est-Mono","Kpessi",2020,0.771540343761444
"Plateaux","Est-Mono","Kpessi",2021,1.63048994541168
"Plateaux","Est-Mono","Kpessi",2022,7.40137100219727
"Plateaux","Est-Mono","Kpessi",2023,6.23574876785278
"Plateaux","Est-Mono","Kpessi",2024,12.0890283584595
"Plateaux","Est-Mono","Moretan",2012,0
"Plateaux","Est-Mono","Moretan",2013,0
"Plateaux","Est-Mono","Moretan",2014,0
"Plateaux","Est-Mono","Moretan",2015,2.79436635971069
"Plateaux","Est-Mono","Moretan",2016,3.39397263526917
"Plateaux","Est-Mono","Moretan",2017,4.34566259384155
"Plateaux","Est-Mono","Moretan",2018,5.99159479141235
"Plateaux","Est-Mono","Moretan",2019,2.2438428401947
"Plateaux","Est-Mono","Moretan",2020,4.26326513290405
"Plateaux","Est-Mono","Moretan",2021,3.48485541343689
"Plateaux","Est-Mono","Moretan",2022,16.3791160583496
"Plateaux","Est-Mono","Moretan",2023,15.4180917739868
"Plateaux","Est-Mono","Moretan",2024,32.3117065429688
"Plateaux","Est-Mono","Nyamassila",2012,0.533537745475769
"Plateaux","Est-Mono","Nyamassila",2013,0.543895423412323
"Plateaux","Est-Mono","Nyamassila",2014,0
"Plateaux","Est-Mono","Nyamassila",2015,0.507750868797302
"Plateaux","Est-Mono","Nyamassila",2016,0
"Plateaux","Est-Mono","Nyamassila",2017,0
"Plateaux","Est-Mono","Nyamassila",2018,0.54106467962265
"Plateaux","Est-Mono","Nyamassila",2019,0
"Plateaux","Est-Mono","Nyamassila",2020,0
"Plateaux","Est-Mono","Nyamassila",2021,0.51397168636322
"Plateaux","Est-Mono","Nyamassila",2022,2.22956514358521
"Plateaux","Est-Mono","Nyamassila",2023,4.42246770858765
"Plateaux","Est-Mono","Nyamassila",2024,5.63383150100708
"Plateaux","Haho","Assrama",2012,0
"Plateaux","Haho","Assrama",2013,0
"Plateaux","Haho","Assrama",2014,0
"Plateaux","Haho","Assrama",2015,0
"Plateaux","Haho","Assrama",2016,0
"Plateaux","Haho","Assrama",2017,0
"Plateaux","Haho","Assrama",2018,0
"Plateaux","Haho","Assrama",2019,0
"Plateaux","Haho","Assrama",2020,0
"Plateaux","Haho","Assrama",2021,9.16656303405762
"Plateaux","Haho","Assrama",2022,16.1791229248047
"Plateaux","Haho","Assrama",2023,25.4422454833984
"Plateaux","Haho","Assrama",2024,42.5377311706543
"Plateaux","Haho","Atsave",2012,0
"Plateaux","Haho","Atsave",2013,0
"Plateaux","Haho","Atsave",2014,0
"Plateaux","Haho","Atsave",2015,0
"Plateaux","Haho","Atsave",2016,0.439490526914597
"Plateaux","Haho","Atsave",2017,0
"Plateaux","Haho","Atsave",2018,0
"Plateaux","Haho","Atsave",2019,0
"Plateaux","Haho","Atsave",2020,0
"Plateaux","Haho","Atsave",2021,3.35291767120361
"Plateaux","Haho","Atsave",2022,8.13399124145508
"Plateaux","Haho","Atsave",2023,2.59577465057373
"Plateaux","Haho","Atsave",2024,4.14081192016602
"Plateaux","Haho","Dalia",2012,7.85126352310181
"Plateaux","Haho","Dalia",2013,1.2944427728653
"Plateaux","Haho","Dalia",2014,0
"Plateaux","Haho","Dalia",2015,4.04914999008179
"Plateaux","Haho","Dalia",2016,6.27626752853394
"Plateaux","Haho","Dalia",2017,3.72696566581726
"Plateaux","Haho","Dalia",2018,3.95877313613892
"Plateaux","Haho","Dalia",2019,5.47629261016846
"Plateaux","Haho","Dalia",2020,2.16156148910522
"Plateaux","Haho","Dalia",2021,7.03420495986938
"Plateaux","Haho","Dalia",2022,16.4461708068848
"Plateaux","Haho","Dalia",2023,11.1145420074463
"Plateaux","Haho","Dalia",2024,25.6992111206055
"Plateaux","Haho","Djemegni",2012,0
"Plateaux","Haho","Djemegni",2013,0
"Plateaux","Haho","Djemegni",2014,0
"Plateaux","Haho","Djemegni",2015,0
"Plateaux","Haho","Djemegni",2016,0
"Plateaux","Haho","Djemegni",2017,0
"Plateaux","Haho","Djemegni",2018,0
"Plateaux","Haho","Djemegni",2019,0
"Plateaux","Haho","Djemegni",2020,0
"Plateaux","Haho","Djemegni",2021,17.508171081543
"Plateaux","Haho","Djemegni",2022,35.5971641540527
"Plateaux","Haho","Djemegni",2023,32.8837661743164
"Plateaux","Haho","Djemegni",2024,51.2459411621094
"Plateaux","Haho","Kpedome",2012,0.282096475362778
"Plateaux","Haho","Kpedome",2013,0.757826685905457
"Plateaux","Haho","Kpedome",2014,0.76640522480011
"Plateaux","Haho","Kpedome",2015,1.48903894424438
"Plateaux","Haho","Kpedome",2016,2.17956042289734
"Plateaux","Haho","Kpedome",2017,5.78216123580933
"Plateaux","Haho","Kpedome",2018,4.87522172927856
"Plateaux","Haho","Kpedome",2019,4.85565805435181
"Plateaux","Haho","Kpedome",2020,4.32532072067261
"Plateaux","Haho","Kpedome",2021,7.40300941467285
"Plateaux","Haho","Kpedome",2022,12.9540634155273
"Plateaux","Haho","Kpedome",2023,15.3128700256348
"Plateaux","Haho","Kpedome",2024,26.7123413085938
"Plateaux","Haho","Kpegnon/Haito",2012,0
"Plateaux","Haho","Kpegnon/Haito",2013,0
"Plateaux","Haho","Kpegnon/Haito",2014,0
"Plateaux","Haho","Kpegnon/Haito",2015,0
"Plateaux","Haho","Kpegnon/Haito",2016,0
"Plateaux","Haho","Kpegnon/Haito",2017,0
"Plateaux","Haho","Kpegnon/Haito",2018,0
"Plateaux","Haho","Kpegnon/Haito",2019,0
"Plateaux","Haho","Kpegnon/Haito",2020,0
"Plateaux","Haho","Kpegnon/Haito",2021,0
"Plateaux","Haho","Kpegnon/Haito",2022,0
"Plateaux","Haho","Kpegnon/Haito",2023,0
"Plateaux","Haho","Kpegnon/Haito",2024,0
"Plateaux","Haho","Notse",2012,46.2137413024902
"Plateaux","Haho","Notse",2013,49.1319961547852
"Plateaux","Haho","Notse",2014,56.3592529296875
"Plateaux","Haho","Notse",2015,75.4980621337891
"Plateaux","Haho","Notse",2016,97.1759414672852
"Plateaux","Haho","Notse",2017,106.61304473877
"Plateaux","Haho","Notse",2018,117.588973999023
"Plateaux","Haho","Notse",2019,126.956634521484
"Plateaux","Haho","Notse",2020,169.881118774414
"Plateaux","Haho","Notse",2021,175.180236816406
"Plateaux","Haho","Notse",2022,214.922836303711
"Plateaux","Haho","Notse",2023,221.309829711914
"Plateaux","Haho","Notse",2024,298.448364257812
"Plateaux","Haho","Wahala",2012,4.71763801574707
"Plateaux","Haho","Wahala",2013,5.37646055221558
"Plateaux","Haho","Wahala",2014,6.00310707092285
"Plateaux","Haho","Wahala",2015,6.63415002822876
"Plateaux","Haho","Wahala",2016,4.77043914794922
"Plateaux","Haho","Wahala",2017,2.91582536697388
"Plateaux","Haho","Wahala",2018,3.51683187484741
"Plateaux","Haho","Wahala",2019,10.9222755432129
"Plateaux","Haho","Wahala",2020,9.65631103515625
"Plateaux","Haho","Wahala",2021,11.042121887207
"Plateaux","Haho","Wahala",2022,20.139232635498
"Plateaux","Haho","Wahala",2023,23.0426826477051
"Plateaux","Haho","Wahala",2024,35.3931846618652
"Plateaux","Kloto","Agome",2012,80.1472854614258
"Plateaux","Kloto","Agome",2013,69.0417175292969
"Plateaux","Kloto","Agome",2014,65.0752944946289
"Plateaux","Kloto","Agome",2015,74.092399597168
"Plateaux","Kloto","Agome",2016,87.6862411499023
"Plateaux","Kloto","Agome",2017,80.0857467651367
"Plateaux","Kloto","Agome",2018,77.4412307739258
"Plateaux","Kloto","Agome",2019,100.181022644043
"Plateaux","Kloto","Agome",2020,106.568084716797
"Plateaux","Kloto","Agome",2021,117.152137756348
"Plateaux","Kloto","Agome",2022,146.606155395508
"Plateaux","Kloto","Agome",2023,210.590759277344
"Plateaux","Kloto","Agome",2024,269.973022460938
"Plateaux","Kloto","Agome-Tomegbe",2012,0
"Plateaux","Kloto","Agome-Tomegbe",2013,0
"Plateaux","Kloto","Agome-Tomegbe",2014,0.611168324947357
"Plateaux","Kloto","Agome-Tomegbe",2015,0
"Plateaux","Kloto","Agome-Tomegbe",2016,0.697440683841705
"Plateaux","Kloto","Agome-Tomegbe",2017,0.542559862136841
"Plateaux","Kloto","Agome-Tomegbe",2018,0.437723934650421
"Plateaux","Kloto","Agome-Tomegbe",2019,0.539754033088684
"Plateaux","Kloto","Agome-Tomegbe",2020,0.495572924613953
"Plateaux","Kloto","Agome-Tomegbe",2021,0.605684399604797
"Plateaux","Kloto","Agome-Tomegbe",2022,1.23000264167786
"Plateaux","Kloto","Agome-Tomegbe",2023,2.76499652862549
"Plateaux","Kloto","Agome-Tomegbe",2024,9.51535034179688
"Plateaux","Kloto","Gbalave",2012,0.149092674255371
"Plateaux","Kloto","Gbalave",2013,0
"Plateaux","Kloto","Gbalave",2014,0
"Plateaux","Kloto","Gbalave",2015,2.99790167808533
"Plateaux","Kloto","Gbalave",2016,2.58448815345764
"Plateaux","Kloto","Gbalave",2017,5.98927545547485
"Plateaux","Kloto","Gbalave",2018,3.33524990081787
"Plateaux","Kloto","Gbalave",2019,4.39870882034302
"Plateaux","Kloto","Gbalave",2020,2.54151630401611
"Plateaux","Kloto","Gbalave",2021,2.25521969795227
"Plateaux","Kloto","Gbalave",2022,5.17169761657715
"Plateaux","Kloto","Gbalave",2023,13.0890140533447
"Plateaux","Kloto","Gbalave",2024,17.218355178833
"Plateaux","Kloto","Hanyigba",2012,55.9556198120117
"Plateaux","Kloto","Hanyigba",2013,55.6797409057617
"Plateaux","Kloto","Hanyigba",2014,45.9382934570312
"Plateaux","Kloto","Hanyigba",2015,53.6661491394043
"Plateaux","Kloto","Hanyigba",2016,60.432731628418
"Plateaux","Kloto","Hanyigba",2017,59.0438385009766
"Plateaux","Kloto","Hanyigba",2018,63.1256980895996
"Plateaux","Kloto","Hanyigba",2019,91.4587554931641
"Plateaux","Kloto","Hanyigba",2020,86.4422073364258
"Plateaux","Kloto","Hanyigba",2021,94.9234771728516
"Plateaux","Kloto","Hanyigba",2022,110.502952575684
"Plateaux","Kloto","Hanyigba",2023,157.755630493164
"Plateaux","Kloto","Hanyigba",2024,172.368453979492
"Plateaux","Kloto","Kouma",2012,0
"Plateaux","Kloto","Kouma",2013,1.69265127182007
"Plateaux","Kloto","Kouma",2014,4.13529586791992
"Plateaux","Kloto","Kouma",2015,2.43047618865967
"Plateaux","Kloto","Kouma",2016,11.8660564422607
"Plateaux","Kloto","Kouma",2017,7.42785882949829
"Plateaux","Kloto","Kouma",2018,2.87030124664307
"Plateaux","Kloto","Kouma",2019,4.6930193901062
"Plateaux","Kloto","Kouma",2020,2.86190867424011
"Plateaux","Kloto","Kouma",2021,3.29078340530396
"Plateaux","Kloto","Kouma",2022,16.874382019043
"Plateaux","Kloto","Kouma",2023,31.1473159790039
"Plateaux","Kloto","Kouma",2024,45.2259864807129
"Plateaux","Kloto","Kpadape",2012,6.24691581726074
"Plateaux","Kloto","Kpadape",2013,7.63485050201416
"Plateaux","Kloto","Kpadape",2014,5.11545324325562
"Plateaux","Kloto","Kpadape",2015,9.49266147613525
"Plateaux","Kloto","Kpadape",2016,15.1109676361084
"Plateaux","Kloto","Kpadape",2017,13.4501104354858
"Plateaux","Kloto","Kpadape",2018,9.18419361114502
"Plateaux","Kloto","Kpadape",2019,14.669487953186
"Plateaux","Kloto","Kpadape",2020,7.42386770248413
"Plateaux","Kloto","Kpadape",2021,11.9468059539795
"Plateaux","Kloto","Kpadape",2022,33.8069686889648
"Plateaux","Kloto","Kpadape",2023,59.135009765625
"Plateaux","Kloto","Kpadape",2024,55.988883972168
"Plateaux","Kloto","Kpime",2012,0
"Plateaux","Kloto","Kpime",2013,0
"Plateaux","Kloto","Kpime",2014,0
"Plateaux","Kloto","Kpime",2015,2.3067193031311
"Plateaux","Kloto","Kpime",2016,6.27803564071655
"Plateaux","Kloto","Kpime",2017,5.65665197372437
"Plateaux","Kloto","Kpime",2018,6.9108715057373
"Plateaux","Kloto","Kpime",2019,12.2189283370972
"Plateaux","Kloto","Kpime",2020,6.35743045806885
"Plateaux","Kloto","Kpime",2021,7.42344856262207
"Plateaux","Kloto","Kpime",2022,18.6163139343262
"Plateaux","Kloto","Kpime",2023,28.1535396575928
"Plateaux","Kloto","Kpime",2024,27.8716907501221
"Plateaux","Kloto","Lavie/ Apedome",2012,0.513289213180542
"Plateaux","Kloto","Lavie/ Apedome",2013,0.537688493728638
"Plateaux","Kloto","Lavie/ Apedome",2014,0.542653560638428
"Plateaux","Kloto","Lavie/ Apedome",2015,1.79484379291534
"Plateaux","Kloto","Lavie/ Apedome",2016,3.90955066680908
"Plateaux","Kloto","Lavie/ Apedome",2017,3.51864790916443
"Plateaux","Kloto","Lavie/ Apedome",2018,14.014928817749
"Plateaux","Kloto","Lavie/ Apedome",2019,17.2157955169678
"Plateaux","Kloto","Lavie/ Apedome",2020,11.6559944152832
"Plateaux","Kloto","Lavie/ Apedome",2021,10.6535720825195
"Plateaux","Kloto","Lavie/ Apedome",2022,8.92863845825195
"Plateaux","Kloto","Lavie/ Apedome",2023,15.3501415252686
"Plateaux","Kloto","Lavie/ Apedome",2024,14.7140779495239
"Plateaux","Kloto","Tome",2012,0
"Plateaux","Kloto","Tome",2013,0
"Plateaux","Kloto","Tome",2014,0
"Plateaux","Kloto","Tome",2015,2.164311170578
"Plateaux","Kloto","Tome",2016,5.26113891601562
"Plateaux","Kloto","Tome",2017,6.14732551574707
"Plateaux","Kloto","Tome",2018,3.55691456794739
"Plateaux","Kloto","Tome",2019,3.99185276031494
"Plateaux","Kloto","Tome",2020,2.29795384407043
"Plateaux","Kloto","Tome",2021,0.529593706130981
"Plateaux","Kloto","Tome",2022,1.94763827323914
"Plateaux","Kloto","Tome",2023,9.45197868347168
"Plateaux","Kloto","Tome",2024,8.36036586761475
"Plateaux","Kloto","Tove",2012,9.67066287994385
"Plateaux","Kloto","Tove",2013,9.95883083343506
"Plateaux","Kloto","Tove",2014,6.72942209243774
"Plateaux","Kloto","Tove",2015,11.1046276092529
"Plateaux","Kloto","Tove",2016,17.8291530609131
"Plateaux","Kloto","Tove",2017,22.7767524719238
"Plateaux","Kloto","Tove",2018,16.2872657775879
"Plateaux","Kloto","Tove",2019,35.6875152587891
"Plateaux","Kloto","Tove",2020,32.7724189758301
"Plateaux","Kloto","Tove",2021,42.5944328308105
"Plateaux","Kloto","Tove",2022,65.7935409545898
"Plateaux","Kloto","Tove",2023,90.7748031616211
"Plateaux","Kloto","Tove",2024,103.421607971191
"Plateaux","Kloto","Wome",2012,3.17534613609314
"Plateaux","Kloto","Wome",2013,3.1680645942688
"Plateaux","Kloto","Wome",2014,6.38766527175903
"Plateaux","Kloto","Wome",2015,8.33808040618896
"Plateaux","Kloto","Wome",2016,12.3054351806641
"Plateaux","Kloto","Wome",2017,8.70606803894043
"Plateaux","Kloto","Wome",2018,10.0947132110596
"Plateaux","Kloto","Wome",2019,5.74404764175415
"Plateaux","Kloto","Wome",2020,3.7825562953949
"Plateaux","Kloto","Wome",2021,4.58449029922485
"Plateaux","Kloto","Wome",2022,17.973783493042
"Plateaux","Kloto","Wome",2023,29.9215717315674
"Plateaux","Kloto","Wome",2024,37.978458404541
"Plateaux","Kloto","Yokele",2012,6.66917181015015
"Plateaux","Kloto","Yokele",2013,5.22263526916504
"Plateaux","Kloto","Yokele",2014,4.26856517791748
"Plateaux","Kloto","Yokele",2015,8.16201114654541
"Plateaux","Kloto","Yokele",2016,16.756275177002
"Plateaux","Kloto","Yokele",2017,19.4787292480469
"Plateaux","Kloto","Yokele",2018,14.1514892578125
"Plateaux","Kloto","Yokele",2019,19.8540992736816
"Plateaux","Kloto","Yokele",2020,21.8333873748779
"Plateaux","Kloto","Yokele",2021,33.3716316223145
"Plateaux","Kloto","Yokele",2022,54.0838050842285
"Plateaux","Kloto","Yokele",2023,79.9990692138672
"Plateaux","Kloto","Yokele",2024,95.2757186889648
"Plateaux","Kpélé","Adeta",2012,3.04946804046631
"Plateaux","Kpélé","Adeta",2013,3.36715316772461
"Plateaux","Kpélé","Adeta",2014,8.6796989440918
"Plateaux","Kpélé","Adeta",2015,17.0770626068115
"Plateaux","Kpélé","Adeta",2016,30.3663673400879
"Plateaux","Kpélé","Adeta",2017,28.894847869873
"Plateaux","Kpélé","Adeta",2018,21.0099830627441
"Plateaux","Kpélé","Adeta",2019,25.9103507995605
"Plateaux","Kpélé","Adeta",2020,19.2010307312012
"Plateaux","Kpélé","Adeta",2021,26.7952880859375
"Plateaux","Kpélé","Adeta",2022,43.9245300292969
"Plateaux","Kpélé","Adeta",2023,56.6227531433105
"Plateaux","Kpélé","Adeta",2024,61.7901840209961
"Plateaux","Kpélé","Akata",2012,0
"Plateaux","Kpélé","Akata",2013,0
"Plateaux","Kpélé","Akata",2014,0
"Plateaux","Kpélé","Akata",2015,0
"Plateaux","Kpélé","Akata",2016,0
"Plateaux","Kpélé","Akata",2017,0
"Plateaux","Kpélé","Akata",2018,0
"Plateaux","Kpélé","Akata",2019,0
"Plateaux","Kpélé","Akata",2020,0
"Plateaux","Kpélé","Akata",2021,0
"Plateaux","Kpélé","Akata",2022,3.33162498474121
"Plateaux","Kpélé","Akata",2023,4.00899267196655
"Plateaux","Kpélé","Akata",2024,10.0494956970215
"Plateaux","Kpélé","Gbaladze",2012,0
"Plateaux","Kpélé","Gbaladze",2013,1.16928195953369
"Plateaux","Kpélé","Gbaladze",2014,0
"Plateaux","Kpélé","Gbaladze",2015,2.79807829856873
"Plateaux","Kpélé","Gbaladze",2016,4.2510781288147
"Plateaux","Kpélé","Gbaladze",2017,3.13019037246704
"Plateaux","Kpélé","Gbaladze",2018,3.1999249458313
"Plateaux","Kpélé","Gbaladze",2019,4.92354154586792
"Plateaux","Kpélé","Gbaladze",2020,3.18108201026917
"Plateaux","Kpélé","Gbaladze",2021,4.36135530471802
"Plateaux","Kpélé","Gbaladze",2022,5.08587121963501
"Plateaux","Kpélé","Gbaladze",2023,10.3998050689697
"Plateaux","Kpélé","Gbaladze",2024,10.1250658035278
"Plateaux","Kpélé","Govie",2012,0
"Plateaux","Kpélé","Govie",2013,0
"Plateaux","Kpélé","Govie",2014,0.148023679852486
"Plateaux","Kpélé","Govie",2015,3.15779829025269
"Plateaux","Kpélé","Govie",2016,4.60886240005493
"Plateaux","Kpélé","Govie",2017,4.43274164199829
"Plateaux","Kpélé","Govie",2018,3.02610278129578
"Plateaux","Kpélé","Govie",2019,2.11250686645508
"Plateaux","Kpélé","Govie",2020,2.8513970375061
"Plateaux","Kpélé","Govie",2021,4.99421167373657
"Plateaux","Kpélé","Govie",2022,10.7798519134521
"Plateaux","Kpélé","Govie",2023,12.1140460968018
"Plateaux","Kpélé","Govie",2024,17.2210693359375
"Plateaux","Kpélé","Kame",2012,0
"Plateaux","Kpélé","Kame",2013,0
"Plateaux","Kpélé","Kame",2014,0
"Plateaux","Kpélé","Kame",2015,0
"Plateaux","Kpélé","Kame",2016,0.565897285938263
"Plateaux","Kpélé","Kame",2017,5.00792932510376
"Plateaux","Kpélé","Kame",2018,2.72316741943359
"Plateaux","Kpélé","Kame",2019,6.01958608627319
"Plateaux","Kpélé","Kame",2020,6.9386248588562
"Plateaux","Kpélé","Kame",2021,3.6112973690033
"Plateaux","Kpélé","Kame",2022,6.26990556716919
"Plateaux","Kpélé","Kame",2023,5.81389808654785
"Plateaux","Kpélé","Kame",2024,8.81858158111572
"Plateaux","Kpélé","Kpele-Centre",2012,1.84712302684784
"Plateaux","Kpélé","Kpele-Centre",2013,0.543372809886932
"Plateaux","Kpélé","Kpele-Centre",2014,1.09616136550903
"Plateaux","Kpélé","Kpele-Centre",2015,3.32343101501465
"Plateaux","Kpélé","Kpele-Centre",2016,3.87891530990601
"Plateaux","Kpélé","Kpele-Centre",2017,2.9216890335083
"Plateaux","Kpélé","Kpele-Centre",2018,3.31006217002869
"Plateaux","Kpélé","Kpele-Centre",2019,4.4644570350647
"Plateaux","Kpélé","Kpele-Centre",2020,4.64564847946167
"Plateaux","Kpélé","Kpele-Centre",2021,4.35884523391724
"Plateaux","Kpélé","Kpele-Centre",2022,7.60475587844849
"Plateaux","Kpélé","Kpele-Centre",2023,9.93278884887695
"Plateaux","Kpélé","Kpele-Centre",2024,10.3178253173828
"Plateaux","Kpélé","Kpele-Dawlotou",2012,0.510979294776917
"Plateaux","Kpélé","Kpele-Dawlotou",2013,0.544655501842499
"Plateaux","Kpélé","Kpele-Dawlotou",2014,0
"Plateaux","Kpélé","Kpele-Dawlotou",2015,0.61698454618454
"Plateaux","Kpélé","Kpele-Dawlotou",2016,1.42235589027405
"Plateaux","Kpélé","Kpele-Dawlotou",2017,0.807509183883667
"Plateaux","Kpélé","Kpele-Dawlotou",2018,0
"Plateaux","Kpélé","Kpele-Dawlotou",2019,0.804604291915894
"Plateaux","Kpélé","Kpele-Dawlotou",2020,0
"Plateaux","Kpélé","Kpele-Dawlotou",2021,0.0235007628798485
"Plateaux","Kpélé","Kpele-Dawlotou",2022,4.17925024032593
"Plateaux","Kpélé","Kpele-Dawlotou",2023,4.98247289657593
"Plateaux","Kpélé","Kpele-Dawlotou",2024,8.55048656463623
"Plateaux","Kpélé","Kpele-Dutoe",2012,0
"Plateaux","Kpélé","Kpele-Dutoe",2013,0
"Plateaux","Kpélé","Kpele-Dutoe",2014,0
"Plateaux","Kpélé","Kpele-Dutoe",2015,0
"Plateaux","Kpélé","Kpele-Dutoe",2016,0.823191285133362
"Plateaux","Kpélé","Kpele-Dutoe",2017,0.36174750328064
"Plateaux","Kpélé","Kpele-Dutoe",2018,0
"Plateaux","Kpélé","Kpele-Dutoe",2019,0.564745664596558
"Plateaux","Kpélé","Kpele-Dutoe",2020,0
"Plateaux","Kpélé","Kpele-Dutoe",2021,0.855624318122864
"Plateaux","Kpélé","Kpele-Dutoe",2022,2.57995820045471
"Plateaux","Kpélé","Kpele-Dutoe",2023,4.09047174453735
"Plateaux","Kpélé","Kpele-Dutoe",2024,2.95869779586792
"Plateaux","Kpélé","Kpele-Nord",2012,0
"Plateaux","Kpélé","Kpele-Nord",2013,0
"Plateaux","Kpélé","Kpele-Nord",2014,0
"Plateaux","Kpélé","Kpele-Nord",2015,1.15349388122559
"Plateaux","Kpélé","Kpele-Nord",2016,2.48155474662781
"Plateaux","Kpélé","Kpele-Nord",2017,1.59057152271271
"Plateaux","Kpélé","Kpele-Nord",2018,2.53984212875366
"Plateaux","Kpélé","Kpele-Nord",2019,2.42586755752563
"Plateaux","Kpélé","Kpele-Nord",2020,3.36150026321411
"Plateaux","Kpélé","Kpele-Nord",2021,3.92626309394836
"Plateaux","Kpélé","Kpele-Nord",2022,9.47244548797607
"Plateaux","Kpélé","Kpele-Nord",2023,10.322979927063
"Plateaux","Kpélé","Kpele-Nord",2024,11.1792707443237
"Plateaux","Moyen-Mono","Ahassome",2012,0
"Plateaux","Moyen-Mono","Ahassome",2013,0
"Plateaux","Moyen-Mono","Ahassome",2014,0
"Plateaux","Moyen-Mono","Ahassome",2015,0
"Plateaux","Moyen-Mono","Ahassome",2016,0
"Plateaux","Moyen-Mono","Ahassome",2017,0
"Plateaux","Moyen-Mono","Ahassome",2018,0
"Plateaux","Moyen-Mono","Ahassome",2019,0
"Plateaux","Moyen-Mono","Ahassome",2020,0
"Plateaux","Moyen-Mono","Ahassome",2021,0
"Plateaux","Moyen-Mono","Ahassome",2022,1.13872683048248
"Plateaux","Moyen-Mono","Ahassome",2023,0
"Plateaux","Moyen-Mono","Ahassome",2024,0.565999925136566
"Plateaux","Moyen-Mono","Katome",2012,0
"Plateaux","Moyen-Mono","Katome",2013,0
"Plateaux","Moyen-Mono","Katome",2014,0
"Plateaux","Moyen-Mono","Katome",2015,0
"Plateaux","Moyen-Mono","Katome",2016,0
"Plateaux","Moyen-Mono","Katome",2017,0
"Plateaux","Moyen-Mono","Katome",2018,0
"Plateaux","Moyen-Mono","Katome",2019,0
"Plateaux","Moyen-Mono","Katome",2020,0
"Plateaux","Moyen-Mono","Katome",2021,0
"Plateaux","Moyen-Mono","Katome",2022,0
"Plateaux","Moyen-Mono","Katome",2023,0
"Plateaux","Moyen-Mono","Katome",2024,0
"Plateaux","Moyen-Mono","Kpekpleme",2012,0
"Plateaux","Moyen-Mono","Kpekpleme",2013,0
"Plateaux","Moyen-Mono","Kpekpleme",2014,0
"Plateaux","Moyen-Mono","Kpekpleme",2015,0
"Plateaux","Moyen-Mono","Kpekpleme",2016,0
"Plateaux","Moyen-Mono","Kpekpleme",2017,0
"Plateaux","Moyen-Mono","Kpekpleme",2018,0
"Plateaux","Moyen-Mono","Kpekpleme",2019,0
"Plateaux","Moyen-Mono","Kpekpleme",2020,0
"Plateaux","Moyen-Mono","Kpekpleme",2021,5.36553525924683
"Plateaux","Moyen-Mono","Kpekpleme",2022,19.3057098388672
"Plateaux","Moyen-Mono","Kpekpleme",2023,22.6850414276123
"Plateaux","Moyen-Mono","Kpekpleme",2024,30.0049247741699
"Plateaux","Moyen-Mono","Saligbe",2012,0
"Plateaux","Moyen-Mono","Saligbe",2013,0
"Plateaux","Moyen-Mono","Saligbe",2014,0
"Plateaux","Moyen-Mono","Saligbe",2015,0
"Plateaux","Moyen-Mono","Saligbe",2016,0
"Plateaux","Moyen-Mono","Saligbe",2017,0
"Plateaux","Moyen-Mono","Saligbe",2018,0
"Plateaux","Moyen-Mono","Saligbe",2019,0
"Plateaux","Moyen-Mono","Saligbe",2020,0
"Plateaux","Moyen-Mono","Saligbe",2021,1.25371599197388
"Plateaux","Moyen-Mono","Saligbe",2022,0.620949864387512
"Plateaux","Moyen-Mono","Saligbe",2023,8.47307682037354
"Plateaux","Moyen-Mono","Saligbe",2024,7.38608169555664
"Plateaux","Moyen-Mono","Tado",2012,0
"Plateaux","Moyen-Mono","Tado",2013,0
"Plateaux","Moyen-Mono","Tado",2014,0
"Plateaux","Moyen-Mono","Tado",2015,0
"Plateaux","Moyen-Mono","Tado",2016,0
"Plateaux","Moyen-Mono","Tado",2017,0
"Plateaux","Moyen-Mono","Tado",2018,0
"Plateaux","Moyen-Mono","Tado",2019,0
"Plateaux","Moyen-Mono","Tado",2020,0
"Plateaux","Moyen-Mono","Tado",2021,0
"Plateaux","Moyen-Mono","Tado",2022,3.18983936309814
"Plateaux","Moyen-Mono","Tado",2023,7.84904766082764
"Plateaux","Moyen-Mono","Tado",2024,11.601731300354
"Plateaux","Moyen-Mono","Tohoun",2012,3.35226988792419
"Plateaux","Moyen-Mono","Tohoun",2013,1.48934960365295
"Plateaux","Moyen-Mono","Tohoun",2014,2.2445375919342
"Plateaux","Moyen-Mono","Tohoun",2015,4.33704566955566
"Plateaux","Moyen-Mono","Tohoun",2016,6.84638643264771
"Plateaux","Moyen-Mono","Tohoun",2017,10.0655221939087
"Plateaux","Moyen-Mono","Tohoun",2018,9.30777168273926
"Plateaux","Moyen-Mono","Tohoun",2019,14.4269104003906
"Plateaux","Moyen-Mono","Tohoun",2020,28.895471572876
"Plateaux","Moyen-Mono","Tohoun",2021,34.1057472229004
"Plateaux","Moyen-Mono","Tohoun",2022,46.9296493530273
"Plateaux","Moyen-Mono","Tohoun",2023,49.0204887390137
"Plateaux","Moyen-Mono","Tohoun",2024,56.2282600402832
"Plateaux","Ogou","Akpare",2012,19.7800312042236
"Plateaux","Ogou","Akpare",2013,17.4421577453613
"Plateaux","Ogou","Akpare",2014,15.691650390625
"Plateaux","Ogou","Akpare",2015,23.2363319396973
"Plateaux","Ogou","Akpare",2016,22.0223922729492
"Plateaux","Ogou","Akpare",2017,26.5347843170166
"Plateaux","Ogou","Akpare",2018,27.6067543029785
"Plateaux","Ogou","Akpare",2019,27.0704002380371
"Plateaux","Ogou","Akpare",2020,19.5992336273193
"Plateaux","Ogou","Akpare",2021,13.4794082641602
"Plateaux","Ogou","Akpare",2022,31.6602916717529
"Plateaux","Ogou","Akpare",2023,30.0712413787842
"Plateaux","Ogou","Akpare",2024,37.0675888061523
"Plateaux","Ogou","Datcha",2012,2.44576668739319
"Plateaux","Ogou","Datcha",2013,1.1668758392334
"Plateaux","Ogou","Datcha",2014,2.05022144317627
"Plateaux","Ogou","Datcha",2015,5.3161940574646
"Plateaux","Ogou","Datcha",2016,2.60582375526428
"Plateaux","Ogou","Datcha",2017,1.23972392082214
"Plateaux","Ogou","Datcha",2018,4.42598009109497
"Plateaux","Ogou","Datcha",2019,6.80076789855957
"Plateaux","Ogou","Datcha",2020,5.29045677185059
"Plateaux","Ogou","Datcha",2021,5.59933471679688
"Plateaux","Ogou","Datcha",2022,16.4197578430176
"Plateaux","Ogou","Datcha",2023,23.7098560333252
"Plateaux","Ogou","Datcha",2024,41.8411331176758
"Plateaux","Ogou","Glei",2012,5.43536996841431
"Plateaux","Ogou","Glei",2013,3.14557814598083
"Plateaux","Ogou","Glei",2014,4.51950693130493
"Plateaux","Ogou","Glei",2015,11.1086158752441
"Plateaux","Ogou","Glei",2016,9.68924999237061
"Plateaux","Ogou","Glei",2017,10.6880149841309
"Plateaux","Ogou","Glei",2018,7.1707124710083
"Plateaux","Ogou","Glei",2019,8.8462610244751
"Plateaux","Ogou","Glei",2020,12.5439376831055
"Plateaux","Ogou","Glei",2021,21.2282676696777
"Plateaux","Ogou","Glei",2022,50.0804481506348
"Plateaux","Ogou","Glei",2023,62.9995079040527
"Plateaux","Ogou","Glei",2024,79.5766677856445
"Plateaux","Ogou","Gnagna",2012,82.6813125610352
"Plateaux","Ogou","Gnagna",2013,75.9751434326172
"Plateaux","Ogou","Gnagna",2014,96.2411422729492
"Plateaux","Ogou","Gnagna",2015,119.693450927734
"Plateaux","Ogou","Gnagna",2016,119.236343383789
"Plateaux","Ogou","Gnagna",2017,137.170883178711
"Plateaux","Ogou","Gnagna",2018,141.428070068359
"Plateaux","Ogou","Gnagna",2019,141.571029663086
"Plateaux","Ogou","Gnagna",2020,164.260162353516
"Plateaux","Ogou","Gnagna",2021,184.72119140625
"Plateaux","Ogou","Gnagna",2022,221.640289306641
"Plateaux","Ogou","Gnagna",2023,279.006378173828
"Plateaux","Ogou","Gnagna",2024,437.934356689453
"Plateaux","Ogou","Houdou",2012,0
"Plateaux","Ogou","Houdou",2013,0
"Plateaux","Ogou","Houdou",2014,0
"Plateaux","Ogou","Houdou",2015,4.68978261947632
"Plateaux","Ogou","Houdou",2016,4.72448587417603
"Plateaux","Ogou","Houdou",2017,1.67156159877777
"Plateaux","Ogou","Houdou",2018,0.566894054412842
"Plateaux","Ogou","Houdou",2019,0.53026157617569
"Plateaux","Ogou","Houdou",2020,1.95724272727966
"Plateaux","Ogou","Houdou",2021,2.21480655670166
"Plateaux","Ogou","Houdou",2022,5.38078737258911
"Plateaux","Ogou","Houdou",2023,18.8430252075195
"Plateaux","Ogou","Houdou",2024,23.9830417633057
"Plateaux","Ogou","Katore",2012,0
"Plateaux","Ogou","Katore",2013,0
"Plateaux","Ogou","Katore",2014,0
"Plateaux","Ogou","Katore",2015,0.526251912117004
"Plateaux","Ogou","Katore",2016,1.15486145019531
"Plateaux","Ogou","Katore",2017,0.52853661775589
"Plateaux","Ogou","Katore",2018,0.103000223636627
"Plateaux","Ogou","Katore",2019,0.0699357315897942
"Plateaux","Ogou","Katore",2020,0
"Plateaux","Ogou","Katore",2021,0
"Plateaux","Ogou","Katore",2022,0.0660450458526611
"Plateaux","Ogou","Katore",2023,0
"Plateaux","Ogou","Katore",2024,0.318383365869522
"Plateaux","Ogou","Ogou",2012,56.0341529846191
"Plateaux","Ogou","Ogou",2013,51.1648635864258
"Plateaux","Ogou","Ogou",2014,69.7851715087891
"Plateaux","Ogou","Ogou",2015,100.67993927002
"Plateaux","Ogou","Ogou",2016,123.174690246582
"Plateaux","Ogou","Ogou",2017,121.563774108887
"Plateaux","Ogou","Ogou",2018,131.880981445312
"Plateaux","Ogou","Ogou",2019,136.102447509766
"Plateaux","Ogou","Ogou",2020,145.184036254883
"Plateaux","Ogou","Ogou",2021,151.011901855469
"Plateaux","Ogou","Ogou",2022,160.994598388672
"Plateaux","Ogou","Ogou",2023,207.067596435547
"Plateaux","Ogou","Ogou",2024,281.646484375
"Plateaux","Ogou","Ountivou",2012,0
"Plateaux","Ogou","Ountivou",2013,0
"Plateaux","Ogou","Ountivou",2014,0
"Plateaux","Ogou","Ountivou",2015,0
"Plateaux","Ogou","Ountivou",2016,0.509115755558014
"Plateaux","Ogou","Ountivou",2017,0
"Plateaux","Ogou","Ountivou",2018,0
"Plateaux","Ogou","Ountivou",2019,0
"Plateaux","Ogou","Ountivou",2020,2.51139903068542
"Plateaux","Ogou","Ountivou",2021,0
"Plateaux","Ogou","Ountivou",2022,2.46892786026001
"Plateaux","Ogou","Ountivou",2023,1.15651035308838
"Plateaux","Ogou","Ountivou",2024,3.81230974197388
"Plateaux","Wawa","Badou",2012,9.1581974029541
"Plateaux","Wawa","Badou",2013,12.6732530593872
"Plateaux","Wawa","Badou",2014,18.0491905212402
"Plateaux","Wawa","Badou",2015,19.7239437103271
"Plateaux","Wawa","Badou",2016,28.6831550598145
"Plateaux","Wawa","Badou",2017,32.2645683288574
"Plateaux","Wawa","Badou",2018,32.7564392089844
"Plateaux","Wawa","Badou",2019,38.6758766174316
"Plateaux","Wawa","Badou",2020,31.820779800415
"Plateaux","Wawa","Badou",2021,27.095552444458
"Plateaux","Wawa","Badou",2022,45.6931343078613
"Plateaux","Wawa","Badou",2023,47.0303497314453
"Plateaux","Wawa","Badou",2024,57.9477272033691
"Plateaux","Wawa","Doume",2012,0
"Plateaux","Wawa","Doume",2013,0
"Plateaux","Wawa","Doume",2014,0
"Plateaux","Wawa","Doume",2015,0
"Plateaux","Wawa","Doume",2016,0.528437197208405
"Plateaux","Wawa","Doume",2017,0.539106607437134
"Plateaux","Wawa","Doume",2018,0
"Plateaux","Wawa","Doume",2019,0
"Plateaux","Wawa","Doume",2020,0
"Plateaux","Wawa","Doume",2021,0
"Plateaux","Wawa","Doume",2022,0
"Plateaux","Wawa","Doume",2023,0
"Plateaux","Wawa","Doume",2024,0
"Plateaux","Wawa","Gobe/Eketo/Gbadi N'Kugna",2012,0
"Plateaux","Wawa","Gobe/Eketo/Gbadi N'Kugna",2013,0
"Plateaux","Wawa","Gobe/Eketo/Gbadi N'Kugna",2014,0
"Plateaux","Wawa","Gobe/Eketo/Gbadi N'Kugna",2015,0
"Plateaux","Wawa","Gobe/Eketo/Gbadi N'Kugna",2016,0
"Plateaux","Wawa","Gobe/Eketo/Gbadi N'Kugna",2017,0
"Plateaux","Wawa","Gobe/Eketo/Gbadi N'Kugna",2018,0
"Plateaux","Wawa","Gobe/Eketo/Gbadi N'Kugna",2019,0
"Plateaux","Wawa","Gobe/Eketo/Gbadi N'Kugna",2020,0
"Plateaux","Wawa","Gobe/Eketo/Gbadi N'Kugna",2021,0
"Plateaux","Wawa","Gobe/Eketo/Gbadi N'Kugna",2022,0
"Plateaux","Wawa","Gobe/Eketo/Gbadi N'Kugna",2023,0
"Plateaux","Wawa","Gobe/Eketo/Gbadi N'Kugna",2024,0
"Plateaux","Wawa","Kessibo",2012,0
"Plateaux","Wawa","Kessibo",2013,0
"Plateaux","Wawa","Kessibo",2014,9.83169841766357
"Plateaux","Wawa","Kessibo",2015,4.48380994796753
"Plateaux","Wawa","Kessibo",2016,8.21599864959717
"Plateaux","Wawa","Kessibo",2017,5.43526744842529
"Plateaux","Wawa","Kessibo",2018,5.87928247451782
"Plateaux","Wawa","Kessibo",2019,8.68997764587402
"Plateaux","Wawa","Kessibo",2020,6.49923181533813
"Plateaux","Wawa","Kessibo",2021,4.49416160583496
"Plateaux","Wawa","Kessibo",2022,6.77425718307495
"Plateaux","Wawa","Kessibo",2023,1.14242029190063
"Plateaux","Wawa","Kessibo",2024,4.09396696090698
"Plateaux","Wawa","Klabe Efoukpa",2012,0
"Plateaux","Wawa","Klabe Efoukpa",2013,3.38714456558228
"Plateaux","Wawa","Klabe Efoukpa",2014,1.2820897102356
"Plateaux","Wawa","Klabe Efoukpa",2015,0.623325943946838
"Plateaux","Wawa","Klabe Efoukpa",2016,0.861087799072266
"Plateaux","Wawa","Klabe Efoukpa",2017,5.44214105606079
"Plateaux","Wawa","Klabe Efoukpa",2018,3.36631536483765
"Plateaux","Wawa","Klabe Efoukpa",2019,2.4272186756134
"Plateaux","Wawa","Klabe Efoukpa",2020,1.72366178035736
"Plateaux","Wawa","Klabe Efoukpa",2021,1.39175653457642
"Plateaux","Wawa","Klabe Efoukpa",2022,5.35076236724854
"Plateaux","Wawa","Klabe Efoukpa",2023,4.1244101524353
"Plateaux","Wawa","Klabe Efoukpa",2024,5.48493528366089
"Plateaux","Wawa","Kpete Bena",2012,1.29985976219177
"Plateaux","Wawa","Kpete Bena",2013,1.70273065567017
"Plateaux","Wawa","Kpete Bena",2014,3.07470178604126
"Plateaux","Wawa","Kpete Bena",2015,1.61040794849396
"Plateaux","Wawa","Kpete Bena",2016,3.51395559310913
"Plateaux","Wawa","Kpete Bena",2017,2.3402214050293
"Plateaux","Wawa","Kpete Bena",2018,0.586917638778687
"Plateaux","Wawa","Kpete Bena",2019,2.52557587623596
"Plateaux","Wawa","Kpete Bena",2020,0
"Plateaux","Wawa","Kpete Bena",2021,0
"Plateaux","Wawa","Kpete Bena",2022,3.27815675735474
"Plateaux","Wawa","Kpete Bena",2023,4.57619857788086
"Plateaux","Wawa","Kpete Bena",2024,4.32618236541748
"Plateaux","Wawa","Okou",2012,0
"Plateaux","Wawa","Okou",2013,0
"Plateaux","Wawa","Okou",2014,0
"Plateaux","Wawa","Okou",2015,0
"Plateaux","Wawa","Okou",2016,0
"Plateaux","Wawa","Okou",2017,0
"Plateaux","Wawa","Okou",2018,0
"Plateaux","Wawa","Okou",2019,0
"Plateaux","Wawa","Okou",2020,0
"Plateaux","Wawa","Okou",2021,0
"Plateaux","Wawa","Okou",2022,0.511714696884155
"Plateaux","Wawa","Okou",2023,0
"Plateaux","Wawa","Okou",2024,0
"Plateaux","Wawa","Ounabe",2012,0
"Plateaux","Wawa","Ounabe",2013,0
"Plateaux","Wawa","Ounabe",2014,0
"Plateaux","Wawa","Ounabe",2015,0
"Plateaux","Wawa","Ounabe",2016,0
"Plateaux","Wawa","Ounabe",2017,0
"Plateaux","Wawa","Ounabe",2018,0
"Plateaux","Wawa","Ounabe",2019,0
"Plateaux","Wawa","Ounabe",2020,0
"Plateaux","Wawa","Ounabe",2021,0
"Plateaux","Wawa","Ounabe",2022,0
"Plateaux","Wawa","Ounabe",2023,0
"Plateaux","Wawa","Ounabe",2024,0
"Plateaux","Wawa","Tomegbe",2012,3.49819946289062
"Plateaux","Wawa","Tomegbe",2013,3.46812582015991
"Plateaux","Wawa","Tomegbe",2014,2.21005725860596
"Plateaux","Wawa","Tomegbe",2015,2.63110876083374
"Plateaux","Wawa","Tomegbe",2016,3.3479540348053
"Plateaux","Wawa","Tomegbe",2017,3.71086120605469
"Plateaux","Wawa","Tomegbe",2018,2.121253490448
"Plateaux","Wawa","Tomegbe",2019,1.86142420768738
"Plateaux","Wawa","Tomegbe",2020,2.38081622123718
"Plateaux","Wawa","Tomegbe",2021,2.12312698364258
"Plateaux","Wawa","Tomegbe",2022,4.58591222763062
"Plateaux","Wawa","Tomegbe",2023,6.69933366775513
"Plateaux","Wawa","Tomegbe",2024,9.16989517211914
"Savanes","Cinkassé","Biankouri",2012,0
"Savanes","Cinkassé","Biankouri",2013,0
"Savanes","Cinkassé","Biankouri",2014,0
"Savanes","Cinkassé","Biankouri",2015,2.95055818557739
"Savanes","Cinkassé","Biankouri",2016,4.15978717803955
"Savanes","Cinkassé","Biankouri",2017,3.93001890182495
"Savanes","Cinkassé","Biankouri",2018,3.74676871299744
"Savanes","Cinkassé","Biankouri",2019,2.95039844512939
"Savanes","Cinkassé","Biankouri",2020,1.23827123641968
"Savanes","Cinkassé","Biankouri",2021,2.59764814376831
"Savanes","Cinkassé","Biankouri",2022,3.27472496032715
"Savanes","Cinkassé","Biankouri",2023,5.25471353530884
"Savanes","Cinkassé","Biankouri",2024,10.5832920074463
"Savanes","Cinkassé","Boade",2012,1.71620523929596
"Savanes","Cinkassé","Boade",2013,0.696022689342499
"Savanes","Cinkassé","Boade",2014,0.927189886569977
"Savanes","Cinkassé","Boade",2015,2.94612193107605
"Savanes","Cinkassé","Boade",2016,3.18045616149902
"Savanes","Cinkassé","Boade",2017,3.22132444381714
"Savanes","Cinkassé","Boade",2018,4.9941086769104
"Savanes","Cinkassé","Boade",2019,4.38669967651367
"Savanes","Cinkassé","Boade",2020,5.80897283554077
"Savanes","Cinkassé","Boade",2021,8.82015228271484
"Savanes","Cinkassé","Boade",2022,13.5591478347778
"Savanes","Cinkassé","Boade",2023,26.6534748077393
"Savanes","Cinkassé","Boade",2024,31.5306396484375
"Savanes","Cinkassé","Cinkasse",2012,63.2779693603516
"Savanes","Cinkassé","Cinkasse",2013,69.5450592041016
"Savanes","Cinkassé","Cinkasse",2014,70.579719543457
"Savanes","Cinkassé","Cinkasse",2015,147.429489135742
"Savanes","Cinkassé","Cinkasse",2016,176.904937744141
"Savanes","Cinkassé","Cinkasse",2017,225.438095092773
"Savanes","Cinkassé","Cinkasse",2018,207.507843017578
"Savanes","Cinkassé","Cinkasse",2019,237.330963134766
"Savanes","Cinkassé","Cinkasse",2020,244.014633178711
"Savanes","Cinkassé","Cinkasse",2021,303.417297363281
"Savanes","Cinkassé","Cinkasse",2022,365.695251464844
"Savanes","Cinkassé","Cinkasse",2023,442.511077880859
"Savanes","Cinkassé","Cinkasse",2024,573.779235839844
"Savanes","Cinkassé","Gnoaga",2012,0
"Savanes","Cinkassé","Gnoaga",2013,0
"Savanes","Cinkassé","Gnoaga",2014,0
"Savanes","Cinkassé","Gnoaga",2015,0
"Savanes","Cinkassé","Gnoaga",2016,2.48517775535583
"Savanes","Cinkassé","Gnoaga",2017,1.03383815288544
"Savanes","Cinkassé","Gnoaga",2018,0
"Savanes","Cinkassé","Gnoaga",2019,0
"Savanes","Cinkassé","Gnoaga",2020,0
"Savanes","Cinkassé","Gnoaga",2021,0
"Savanes","Cinkassé","Gnoaga",2022,0.205509647727013
"Savanes","Cinkassé","Gnoaga",2023,13.1185331344604
"Savanes","Cinkassé","Gnoaga",2024,11.5803623199463
"Savanes","Cinkassé","Gouloungoussi",2012,0
"Savanes","Cinkassé","Gouloungoussi",2013,0
"Savanes","Cinkassé","Gouloungoussi",2014,0
"Savanes","Cinkassé","Gouloungoussi",2015,0
"Savanes","Cinkassé","Gouloungoussi",2016,2.24246168136597
"Savanes","Cinkassé","Gouloungoussi",2017,0.0128434030339122
"Savanes","Cinkassé","Gouloungoussi",2018,0
"Savanes","Cinkassé","Gouloungoussi",2019,0
"Savanes","Cinkassé","Gouloungoussi",2020,0
"Savanes","Cinkassé","Gouloungoussi",2021,0
"Savanes","Cinkassé","Gouloungoussi",2022,1.62986207008362
"Savanes","Cinkassé","Gouloungoussi",2023,21.8935413360596
"Savanes","Cinkassé","Gouloungoussi",2024,25.4707717895508
"Savanes","Cinkassé","Nadjoundi",2012,0
"Savanes","Cinkassé","Nadjoundi",2013,0
"Savanes","Cinkassé","Nadjoundi",2014,0
"Savanes","Cinkassé","Nadjoundi",2015,0
"Savanes","Cinkassé","Nadjoundi",2016,0
"Savanes","Cinkassé","Nadjoundi",2017,0
"Savanes","Cinkassé","Nadjoundi",2018,0
"Savanes","Cinkassé","Nadjoundi",2019,0
"Savanes","Cinkassé","Nadjoundi",2020,0
"Savanes","Cinkassé","Nadjoundi",2021,17.8792839050293
"Savanes","Cinkassé","Nadjoundi",2022,19.8971271514893
"Savanes","Cinkassé","Nadjoundi",2023,27.6807670593262
"Savanes","Cinkassé","Nadjoundi",2024,25.9063701629639
"Savanes","Cinkassé","Sam-Naba",2012,0
"Savanes","Cinkassé","Sam-Naba",2013,0
"Savanes","Cinkassé","Sam-Naba",2014,0
"Savanes","Cinkassé","Sam-Naba",2015,0
"Savanes","Cinkassé","Sam-Naba",2016,1.73710513114929
"Savanes","Cinkassé","Sam-Naba",2017,1.79247641563416
"Savanes","Cinkassé","Sam-Naba",2018,0
"Savanes","Cinkassé","Sam-Naba",2019,0
"Savanes","Cinkassé","Sam-Naba",2020,0
"Savanes","Cinkassé","Sam-Naba",2021,0
"Savanes","Cinkassé","Sam-Naba",2022,0
"Savanes","Cinkassé","Sam-Naba",2023,15.4635162353516
"Savanes","Cinkassé","Sam-Naba",2024,29.1528453826904
"Savanes","Cinkassé","Timbou",2012,5.48346281051636
"Savanes","Cinkassé","Timbou",2013,6.24714660644531
"Savanes","Cinkassé","Timbou",2014,6.68167638778687
"Savanes","Cinkassé","Timbou",2015,14.2219905853271
"Savanes","Cinkassé","Timbou",2016,3.38744854927063
"Savanes","Cinkassé","Timbou",2017,53.5155487060547
"Savanes","Cinkassé","Timbou",2018,45.662296295166
"Savanes","Cinkassé","Timbou",2019,13.4512367248535
"Savanes","Cinkassé","Timbou",2020,5.41747856140137
"Savanes","Cinkassé","Timbou",2021,8.1837272644043
"Savanes","Cinkassé","Timbou",2022,48.3674163818359
"Savanes","Cinkassé","Timbou",2023,34.2476768493652
"Savanes","Cinkassé","Timbou",2024,62.9306793212891
"Savanes","Kpendjal","Borgou",2012,0
"Savanes","Kpendjal","Borgou",2013,0
"Savanes","Kpendjal","Borgou",2014,0
"Savanes","Kpendjal","Borgou",2015,0
"Savanes","Kpendjal","Borgou",2016,0
"Savanes","Kpendjal","Borgou",2017,0
"Savanes","Kpendjal","Borgou",2018,0
"Savanes","Kpendjal","Borgou",2019,0
"Savanes","Kpendjal","Borgou",2020,0
"Savanes","Kpendjal","Borgou",2021,13.0469379425049
"Savanes","Kpendjal","Borgou",2022,18.7376174926758
"Savanes","Kpendjal","Borgou",2023,17.7346992492676
"Savanes","Kpendjal","Borgou",2024,43.3454246520996
"Savanes","Kpendjal","Koundjoare",2012,0
"Savanes","Kpendjal","Koundjoare",2013,0
"Savanes","Kpendjal","Koundjoare",2014,0
"Savanes","Kpendjal","Koundjoare",2015,0
"Savanes","Kpendjal","Koundjoare",2016,0.634494543075562
"Savanes","Kpendjal","Koundjoare",2017,0
"Savanes","Kpendjal","Koundjoare",2018,0
"Savanes","Kpendjal","Koundjoare",2019,0
"Savanes","Kpendjal","Koundjoare",2020,0
"Savanes","Kpendjal","Koundjoare",2021,0
"Savanes","Kpendjal","Koundjoare",2022,0
"Savanes","Kpendjal","Koundjoare",2023,31.8176517486572
"Savanes","Kpendjal","Koundjoare",2024,27.2250385284424
"Savanes","Kpendjal","Mandouri",2012,0
"Savanes","Kpendjal","Mandouri",2013,0
"Savanes","Kpendjal","Mandouri",2014,0
"Savanes","Kpendjal","Mandouri",2015,3.76450347900391
"Savanes","Kpendjal","Mandouri",2016,10.1998052597046
"Savanes","Kpendjal","Mandouri",2017,8.31199645996094
"Savanes","Kpendjal","Mandouri",2018,3.60219740867615
"Savanes","Kpendjal","Mandouri",2019,1.01851117610931
"Savanes","Kpendjal","Mandouri",2020,0
"Savanes","Kpendjal","Mandouri",2021,0
"Savanes","Kpendjal","Mandouri",2022,2.41705083847046
"Savanes","Kpendjal","Mandouri",2023,37.2196159362793
"Savanes","Kpendjal","Mandouri",2024,94.6035614013672
"Savanes","Kpendjal","Tambigou",2012,0
"Savanes","Kpendjal","Tambigou",2013,0
"Savanes","Kpendjal","Tambigou",2014,0
"Savanes","Kpendjal","Tambigou",2015,0
"Savanes","Kpendjal","Tambigou",2016,0
"Savanes","Kpendjal","Tambigou",2017,0
"Savanes","Kpendjal","Tambigou",2018,0.50134289264679
"Savanes","Kpendjal","Tambigou",2019,0
"Savanes","Kpendjal","Tambigou",2020,0
"Savanes","Kpendjal","Tambigou",2021,0
"Savanes","Kpendjal","Tambigou",2022,0
"Savanes","Kpendjal","Tambigou",2023,0.541371881961823
"Savanes","Kpendjal","Tambigou",2024,0.513850271701813
"Savanes","Naki-Ouest","Kpendjaga / Papri",2012,0
"Savanes","Naki-Ouest","Kpendjaga / Papri",2013,0
"Savanes","Naki-Ouest","Kpendjaga / Papri",2014,0
"Savanes","Naki-Ouest","Kpendjaga / Papri",2015,2.16737604141235
"Savanes","Naki-Ouest","Kpendjaga / Papri",2016,1.54218029975891
"Savanes","Naki-Ouest","Kpendjaga / Papri",2017,0
"Savanes","Naki-Ouest","Kpendjaga / Papri",2018,0
"Savanes","Naki-Ouest","Kpendjaga / Papri",2019,0.525450766086578
"Savanes","Naki-Ouest","Kpendjaga / Papri",2020,0
"Savanes","Naki-Ouest","Kpendjaga / Papri",2021,0
"Savanes","Naki-Ouest","Kpendjaga / Papri",2022,2.30234003067017
"Savanes","Naki-Ouest","Kpendjaga / Papri",2023,2.86178350448608
"Savanes","Naki-Ouest","Kpendjaga / Papri",2024,5.52895021438599
"Savanes","Naki-Ouest","Naki-Est",2012,0
"Savanes","Naki-Ouest","Naki-Est",2013,0
"Savanes","Naki-Ouest","Naki-Est",2014,0
"Savanes","Naki-Ouest","Naki-Est",2015,5.29336881637573
"Savanes","Naki-Ouest","Naki-Est",2016,2.87924242019653
"Savanes","Naki-Ouest","Naki-Est",2017,0.542306840419769
"Savanes","Naki-Ouest","Naki-Est",2018,0
"Savanes","Naki-Ouest","Naki-Est",2019,0
"Savanes","Naki-Ouest","Naki-Est",2020,0
"Savanes","Naki-Ouest","Naki-Est",2021,0
"Savanes","Naki-Ouest","Naki-Est",2022,0.634258925914764
"Savanes","Naki-Ouest","Naki-Est",2023,2.76128959655762
"Savanes","Naki-Ouest","Naki-Est",2024,7.3238000869751
"Savanes","Naki-Ouest","Namoundjoga",2012,0
"Savanes","Naki-Ouest","Namoundjoga",2013,0
"Savanes","Naki-Ouest","Namoundjoga",2014,0
"Savanes","Naki-Ouest","Namoundjoga",2015,9.48827266693115
"Savanes","Naki-Ouest","Namoundjoga",2016,2.95728039741516
"Savanes","Naki-Ouest","Namoundjoga",2017,0
"Savanes","Naki-Ouest","Namoundjoga",2018,0
"Savanes","Naki-Ouest","Namoundjoga",2019,3.94245052337646
"Savanes","Naki-Ouest","Namoundjoga",2020,2.89990472793579
"Savanes","Naki-Ouest","Namoundjoga",2021,2.06150221824646
"Savanes","Naki-Ouest","Namoundjoga",2022,0.540812373161316
"Savanes","Naki-Ouest","Namoundjoga",2023,0
"Savanes","Naki-Ouest","Namoundjoga",2024,0.55211877822876
"Savanes","Naki-Ouest","Nayega",2012,0
"Savanes","Naki-Ouest","Nayega",2013,0
"Savanes","Naki-Ouest","Nayega",2014,0
"Savanes","Naki-Ouest","Nayega",2015,4.13759136199951
"Savanes","Naki-Ouest","Nayega",2016,2.92676305770874
"Savanes","Naki-Ouest","Nayega",2017,1.17175114154816
"Savanes","Naki-Ouest","Nayega",2018,0
"Savanes","Naki-Ouest","Nayega",2019,1.69807243347168
"Savanes","Naki-Ouest","Nayega",2020,0
"Savanes","Naki-Ouest","Nayega",2021,0.512242019176483
"Savanes","Naki-Ouest","Nayega",2022,0
"Savanes","Naki-Ouest","Nayega",2023,0.517115414142609
"Savanes","Naki-Ouest","Nayega",2024,1.11625123023987
"Savanes","Naki-Ouest","Ogaro",2012,0
"Savanes","Naki-Ouest","Ogaro",2013,0
"Savanes","Naki-Ouest","Ogaro",2014,0
"Savanes","Naki-Ouest","Ogaro",2015,0
"Savanes","Naki-Ouest","Ogaro",2016,1.06709349155426
"Savanes","Naki-Ouest","Ogaro",2017,0
"Savanes","Naki-Ouest","Ogaro",2018,0
"Savanes","Naki-Ouest","Ogaro",2019,0
"Savanes","Naki-Ouest","Ogaro",2020,0
"Savanes","Naki-Ouest","Ogaro",2021,10.5836181640625
"Savanes","Naki-Ouest","Ogaro",2022,15.2471942901611
"Savanes","Naki-Ouest","Ogaro",2023,9.66940116882324
"Savanes","Naki-Ouest","Ogaro",2024,9.51335906982422
"Savanes","Naki-Ouest","Pogno",2012,0
"Savanes","Naki-Ouest","Pogno",2013,0
"Savanes","Naki-Ouest","Pogno",2014,0
"Savanes","Naki-Ouest","Pogno",2015,2.70559287071228
"Savanes","Naki-Ouest","Pogno",2016,1.89726829528809
"Savanes","Naki-Ouest","Pogno",2017,1.54626595973969
"Savanes","Naki-Ouest","Pogno",2018,2.09936475753784
"Savanes","Naki-Ouest","Pogno",2019,4.35354709625244
"Savanes","Naki-Ouest","Pogno",2020,3.94713711738586
"Savanes","Naki-Ouest","Pogno",2021,4.28048419952393
"Savanes","Naki-Ouest","Pogno",2022,7.40920782089233
"Savanes","Naki-Ouest","Pogno",2023,6.02548551559448
"Savanes","Naki-Ouest","Pogno",2024,7.30042457580566
"Savanes","Naki-Ouest","Tambonga",2012,0
"Savanes","Naki-Ouest","Tambonga",2013,0
"Savanes","Naki-Ouest","Tambonga",2014,0
"Savanes","Naki-Ouest","Tambonga",2015,2.0338990688324
"Savanes","Naki-Ouest","Tambonga",2016,0.737278163433075
"Savanes","Naki-Ouest","Tambonga",2017,0
"Savanes","Naki-Ouest","Tambonga",2018,0
"Savanes","Naki-Ouest","Tambonga",2019,0
"Savanes","Naki-Ouest","Tambonga",2020,0.70389050245285
"Savanes","Naki-Ouest","Tambonga",2021,0.696866571903229
"Savanes","Naki-Ouest","Tambonga",2022,2.96694850921631
"Savanes","Naki-Ouest","Tambonga",2023,2.1440007686615
"Savanes","Naki-Ouest","Tambonga",2024,1.59885728359222
"Savanes","Oti","Barkoissi",2012,0
"Savanes","Oti","Barkoissi",2013,0
"Savanes","Oti","Barkoissi",2014,0
"Savanes","Oti","Barkoissi",2015,2.26399230957031
"Savanes","Oti","Barkoissi",2016,5.57274150848389
"Savanes","Oti","Barkoissi",2017,7.30250072479248
"Savanes","Oti","Barkoissi",2018,13.2790575027466
"Savanes","Oti","Barkoissi",2019,9.95112609863281
"Savanes","Oti","Barkoissi",2020,6.00522327423096
"Savanes","Oti","Barkoissi",2021,12.8102722167969
"Savanes","Oti","Barkoissi",2022,32.4675369262695
"Savanes","Oti","Barkoissi",2023,36.372386932373
"Savanes","Oti","Barkoissi",2024,34.1119689941406
"Savanes","Oti","Fare",2012,0
"Savanes","Oti","Fare",2013,0
"Savanes","Oti","Fare",2014,0
"Savanes","Oti","Fare",2015,0
"Savanes","Oti","Fare",2016,0
"Savanes","Oti","Fare",2017,0
"Savanes","Oti","Fare",2018,0
"Savanes","Oti","Fare",2019,0
"Savanes","Oti","Fare",2020,0
"Savanes","Oti","Fare",2021,0
"Savanes","Oti","Fare",2022,0
"Savanes","Oti","Fare",2023,0
"Savanes","Oti","Fare",2024,0
"Savanes","Oti","Galangashie",2012,0
"Savanes","Oti","Galangashie",2013,0
"Savanes","Oti","Galangashie",2014,0
"Savanes","Oti","Galangashie",2015,7.92528057098389
"Savanes","Oti","Galangashie",2016,8.23042106628418
"Savanes","Oti","Galangashie",2017,5.32700109481812
"Savanes","Oti","Galangashie",2018,8.19885349273682
"Savanes","Oti","Galangashie",2019,1.67572069168091
"Savanes","Oti","Galangashie",2020,0.388047605752945
"Savanes","Oti","Galangashie",2021,5.8117823600769
"Savanes","Oti","Galangashie",2022,27.8915996551514
"Savanes","Oti","Galangashie",2023,27.5389595031738
"Savanes","Oti","Galangashie",2024,20.4739189147949
"Savanes","Oti","Loko",2012,0
"Savanes","Oti","Loko",2013,0
"Savanes","Oti","Loko",2014,0
"Savanes","Oti","Loko",2015,0
"Savanes","Oti","Loko",2016,0
"Savanes","Oti","Loko",2017,0.0373938381671906
"Savanes","Oti","Loko",2018,0.112663015723228
"Savanes","Oti","Loko",2019,0.0997942611575127
"Savanes","Oti","Loko",2020,0.112287648022175
"Savanes","Oti","Loko",2021,0.0427070707082748
"Savanes","Oti","Loko",2022,1.46763563156128
"Savanes","Oti","Loko",2023,1.6889226436615
"Savanes","Oti","Loko",2024,1.11882984638214
"Savanes","Oti","Mango",2012,31.9591331481934
"Savanes","Oti","Mango",2013,38.7995109558105
"Savanes","Oti","Mango",2014,44.8507347106934
"Savanes","Oti","Mango",2015,60.3137626647949
"Savanes","Oti","Mango",2016,73.0194549560547
"Savanes","Oti","Mango",2017,62.1405258178711
"Savanes","Oti","Mango",2018,56.9864807128906
"Savanes","Oti","Mango",2019,46.203441619873
"Savanes","Oti","Mango",2020,54.2309455871582
"Savanes","Oti","Mango",2021,69.2687454223633
"Savanes","Oti","Mango",2022,106.944000244141
"Savanes","Oti","Mango",2023,144.14013671875
"Savanes","Oti","Mango",2024,195.927474975586
"Savanes","Oti","Nagbeni",2012,0
"Savanes","Oti","Nagbeni",2013,0
"Savanes","Oti","Nagbeni",2014,0
"Savanes","Oti","Nagbeni",2015,10.2064027786255
"Savanes","Oti","Nagbeni",2016,13.458025932312
"Savanes","Oti","Nagbeni",2017,14.4364633560181
"Savanes","Oti","Nagbeni",2018,15.2384510040283
"Savanes","Oti","Nagbeni",2019,10.5248928070068
"Savanes","Oti","Nagbeni",2020,8.0415563583374
"Savanes","Oti","Nagbeni",2021,10.0979051589966
"Savanes","Oti","Nagbeni",2022,8.89363574981689
"Savanes","Oti","Nagbeni",2023,18.9302825927734
"Savanes","Oti","Nagbeni",2024,14.5464887619019
"Savanes","Oti","Sadori",2012,0
"Savanes","Oti","Sadori",2013,0
"Savanes","Oti","Sadori",2014,0
"Savanes","Oti","Sadori",2015,0
"Savanes","Oti","Sadori",2016,1.59152746200562
"Savanes","Oti","Sadori",2017,0.539260149002075
"Savanes","Oti","Sadori",2018,0.616024792194366
"Savanes","Oti","Sadori",2019,1.14378190040588
"Savanes","Oti","Sadori",2020,0
"Savanes","Oti","Sadori",2021,0
"Savanes","Oti","Sadori",2022,0.193270891904831
"Savanes","Oti","Sadori",2023,4.95435476303101
"Savanes","Oti","Sadori",2024,10.3102312088013
"Savanes","Oti","Tchanaga",2012,0
"Savanes","Oti","Tchanaga",2013,0
"Savanes","Oti","Tchanaga",2014,0
"Savanes","Oti","Tchanaga",2015,0
"Savanes","Oti","Tchanaga",2016,0
"Savanes","Oti","Tchanaga",2017,0
"Savanes","Oti","Tchanaga",2018,0
"Savanes","Oti","Tchanaga",2019,0
"Savanes","Oti","Tchanaga",2020,0
"Savanes","Oti","Tchanaga",2021,5.29685258865356
"Savanes","Oti","Tchanaga",2022,9.57462215423584
"Savanes","Oti","Tchanaga",2023,6.4536600112915
"Savanes","Oti","Tchanaga",2024,0
"Savanes","Oti-Sud","Gando",2012,0
"Savanes","Oti-Sud","Gando",2013,0
"Savanes","Oti-Sud","Gando",2014,0
"Savanes","Oti-Sud","Gando",2015,0
"Savanes","Oti-Sud","Gando",2016,0
"Savanes","Oti-Sud","Gando",2017,0.918203949928284
"Savanes","Oti-Sud","Gando",2018,10.2972326278687
"Savanes","Oti-Sud","Gando",2019,10.1928958892822
"Savanes","Oti-Sud","Gando",2020,9.65728282928467
"Savanes","Oti-Sud","Gando",2021,8.35392761230469
"Savanes","Oti-Sud","Gando",2022,8.25691509246826
"Savanes","Oti-Sud","Gando",2023,14.9312295913696
"Savanes","Oti-Sud","Gando",2024,27.7327690124512
"Savanes","Oti-Sud","Koumongou",2012,0
"Savanes","Oti-Sud","Koumongou",2013,0
"Savanes","Oti-Sud","Koumongou",2014,0
"Savanes","Oti-Sud","Koumongou",2015,0
"Savanes","Oti-Sud","Koumongou",2016,0
"Savanes","Oti-Sud","Koumongou",2017,0
"Savanes","Oti-Sud","Koumongou",2018,0
"Savanes","Oti-Sud","Koumongou",2019,0
"Savanes","Oti-Sud","Koumongou",2020,0
"Savanes","Oti-Sud","Koumongou",2021,3.07168626785278
"Savanes","Oti-Sud","Koumongou",2022,15.6986131668091
"Savanes","Oti-Sud","Koumongou",2023,39.0575942993164
"Savanes","Oti-Sud","Koumongou",2024,31.6670551300049
"Savanes","Oti-Sud","Kountoire",2012,0
"Savanes","Oti-Sud","Kountoire",2013,0
"Savanes","Oti-Sud","Kountoire",2014,0
"Savanes","Oti-Sud","Kountoire",2015,0
"Savanes","Oti-Sud","Kountoire",2016,0
"Savanes","Oti-Sud","Kountoire",2017,0
"Savanes","Oti-Sud","Kountoire",2018,0
"Savanes","Oti-Sud","Kountoire",2019,0
"Savanes","Oti-Sud","Kountoire",2020,0
"Savanes","Oti-Sud","Kountoire",2021,0
"Savanes","Oti-Sud","Kountoire",2022,0
"Savanes","Oti-Sud","Kountoire",2023,0
"Savanes","Oti-Sud","Kountoire",2024,0
"Savanes","Oti-Sud","Mogou",2012,0
"Savanes","Oti-Sud","Mogou",2013,0
"Savanes","Oti-Sud","Mogou",2014,0
"Savanes","Oti-Sud","Mogou",2015,0
"Savanes","Oti-Sud","Mogou",2016,0
"Savanes","Oti-Sud","Mogou",2017,0
"Savanes","Oti-Sud","Mogou",2018,0
"Savanes","Oti-Sud","Mogou",2019,0
"Savanes","Oti-Sud","Mogou",2020,0
"Savanes","Oti-Sud","Mogou",2021,0
"Savanes","Oti-Sud","Mogou",2022,0
"Savanes","Oti-Sud","Mogou",2023,0
"Savanes","Oti-Sud","Mogou",2024,1.71206247806549
"Savanes","Oti-Sud","Nali",2012,0
"Savanes","Oti-Sud","Nali",2013,0
"Savanes","Oti-Sud","Nali",2014,0
"Savanes","Oti-Sud","Nali",2015,0
"Savanes","Oti-Sud","Nali",2016,0
"Savanes","Oti-Sud","Nali",2017,0
"Savanes","Oti-Sud","Nali",2018,1.27526354789734
"Savanes","Oti-Sud","Nali",2019,4.02354335784912
"Savanes","Oti-Sud","Nali",2020,2.50589084625244
"Savanes","Oti-Sud","Nali",2021,2.88612747192383
"Savanes","Oti-Sud","Nali",2022,8.76649761199951
"Savanes","Oti-Sud","Nali",2023,25.1049823760986
"Savanes","Oti-Sud","Nali",2024,26.006685256958
"Savanes","Oti-Sud","Sagbiebou",2012,0
"Savanes","Oti-Sud","Sagbiebou",2013,0
"Savanes","Oti-Sud","Sagbiebou",2014,0
"Savanes","Oti-Sud","Sagbiebou",2015,0
"Savanes","Oti-Sud","Sagbiebou",2016,0
"Savanes","Oti-Sud","Sagbiebou",2017,0
"Savanes","Oti-Sud","Sagbiebou",2018,0
"Savanes","Oti-Sud","Sagbiebou",2019,1.6479594707489
"Savanes","Oti-Sud","Sagbiebou",2020,2.24466228485107
"Savanes","Oti-Sud","Sagbiebou",2021,2.38815021514893
"Savanes","Oti-Sud","Sagbiebou",2022,6.94607973098755
"Savanes","Oti-Sud","Sagbiebou",2023,11.7606859207153
"Savanes","Oti-Sud","Sagbiebou",2024,16.1608009338379
"Savanes","Oti-Sud","Takpamba",2012,0
"Savanes","Oti-Sud","Takpamba",2013,0
"Savanes","Oti-Sud","Takpamba",2014,0
"Savanes","Oti-Sud","Takpamba",2015,0
"Savanes","Oti-Sud","Takpamba",2016,0
"Savanes","Oti-Sud","Takpamba",2017,0
"Savanes","Oti-Sud","Takpamba",2018,3.44322228431702
"Savanes","Oti-Sud","Takpamba",2019,7.23044872283936
"Savanes","Oti-Sud","Takpamba",2020,6.73590183258057
"Savanes","Oti-Sud","Takpamba",2021,5.38875150680542
"Savanes","Oti-Sud","Takpamba",2022,10.9274225234985
"Savanes","Oti-Sud","Takpamba",2023,20.1204204559326
"Savanes","Oti-Sud","Takpamba",2024,43.747200012207
"Savanes","Oti-Sud","Tchamonga",2012,0
"Savanes","Oti-Sud","Tchamonga",2013,0
"Savanes","Oti-Sud","Tchamonga",2014,0
"Savanes","Oti-Sud","Tchamonga",2015,0
"Savanes","Oti-Sud","Tchamonga",2016,0
"Savanes","Oti-Sud","Tchamonga",2017,0
"Savanes","Oti-Sud","Tchamonga",2018,0
"Savanes","Oti-Sud","Tchamonga",2019,0
"Savanes","Oti-Sud","Tchamonga",2020,0
"Savanes","Oti-Sud","Tchamonga",2021,0
"Savanes","Oti-Sud","Tchamonga",2022,0
"Savanes","Oti-Sud","Tchamonga",2023,0.540180921554565
"Savanes","Oti-Sud","Tchamonga",2024,0.534465730190277
"Savanes","Tandjouaré","Bagou",2012,0
"Savanes","Tandjouaré","Bagou",2013,0
"Savanes","Tandjouaré","Bagou",2014,0
"Savanes","Tandjouaré","Bagou",2015,0
"Savanes","Tandjouaré","Bagou",2016,1.1707022190094
"Savanes","Tandjouaré","Bagou",2017,0
"Savanes","Tandjouaré","Bagou",2018,0
"Savanes","Tandjouaré","Bagou",2019,0
"Savanes","Tandjouaré","Bagou",2020,0
"Savanes","Tandjouaré","Bagou",2021,0
"Savanes","Tandjouaré","Bagou",2022,0
"Savanes","Tandjouaré","Bagou",2023,1.6599817276001
"Savanes","Tandjouaré","Bagou",2024,1.16978204250336
"Savanes","Tandjouaré","Bogou",2012,0
"Savanes","Tandjouaré","Bogou",2013,0.157854586839676
"Savanes","Tandjouaré","Bogou",2014,0.726645469665527
"Savanes","Tandjouaré","Bogou",2015,2.56174039840698
"Savanes","Tandjouaré","Bogou",2016,7.36594104766846
"Savanes","Tandjouaré","Bogou",2017,7.65714931488037
"Savanes","Tandjouaré","Bogou",2018,4.02369499206543
"Savanes","Tandjouaré","Bogou",2019,4.37248754501343
"Savanes","Tandjouaré","Bogou",2020,4.54043817520142
"Savanes","Tandjouaré","Bogou",2021,9.2695198059082
"Savanes","Tandjouaré","Bogou",2022,14.1619234085083
"Savanes","Tandjouaré","Bogou",2023,27.8244342803955
"Savanes","Tandjouaré","Bogou",2024,24.0240631103516
"Savanes","Tandjouaré","Bombouaka",2012,0
"Savanes","Tandjouaré","Bombouaka",2013,0
"Savanes","Tandjouaré","Bombouaka",2014,1.92851376533508
"Savanes","Tandjouaré","Bombouaka",2015,3.51945805549622
"Savanes","Tandjouaré","Bombouaka",2016,3.37274050712585
"Savanes","Tandjouaré","Bombouaka",2017,32.9738845825195
"Savanes","Tandjouaré","Bombouaka",2018,29.8069286346436
"Savanes","Tandjouaré","Bombouaka",2019,18.0470123291016
"Savanes","Tandjouaré","Bombouaka",2020,3.13254022598267
"Savanes","Tandjouaré","Bombouaka",2021,13.8824510574341
"Savanes","Tandjouaré","Bombouaka",2022,22.9125308990479
"Savanes","Tandjouaré","Bombouaka",2023,30.652286529541
"Savanes","Tandjouaré","Bombouaka",2024,29.245059967041
"Savanes","Tandjouaré","Boulogou",2012,0
"Savanes","Tandjouaré","Boulogou",2013,0
"Savanes","Tandjouaré","Boulogou",2014,0
"Savanes","Tandjouaré","Boulogou",2015,0
"Savanes","Tandjouaré","Boulogou",2016,0
"Savanes","Tandjouaré","Boulogou",2017,0
"Savanes","Tandjouaré","Boulogou",2018,0
"Savanes","Tandjouaré","Boulogou",2019,0
"Savanes","Tandjouaré","Boulogou",2020,0
"Savanes","Tandjouaré","Boulogou",2021,0
"Savanes","Tandjouaré","Boulogou",2022,0.00564912566915154
"Savanes","Tandjouaré","Boulogou",2023,0.0428547896444798
"Savanes","Tandjouaré","Boulogou",2024,0.0056715770624578
"Savanes","Tandjouaré","Doukpergou",2012,0
"Savanes","Tandjouaré","Doukpergou",2013,0
"Savanes","Tandjouaré","Doukpergou",2014,0
"Savanes","Tandjouaré","Doukpergou",2015,0
"Savanes","Tandjouaré","Doukpergou",2016,0
"Savanes","Tandjouaré","Doukpergou",2017,0
"Savanes","Tandjouaré","Doukpergou",2018,0
"Savanes","Tandjouaré","Doukpergou",2019,0
"Savanes","Tandjouaré","Doukpergou",2020,0
"Savanes","Tandjouaré","Doukpergou",2021,0.0376778058707714
"Savanes","Tandjouaré","Doukpergou",2022,0.0356470234692097
"Savanes","Tandjouaré","Doukpergou",2023,2.34891510009766
"Savanes","Tandjouaré","Doukpergou",2024,2.09713530540466
"Savanes","Tandjouaré","Goundoga",2012,0
"Savanes","Tandjouaré","Goundoga",2013,0
"Savanes","Tandjouaré","Goundoga",2014,0
"Savanes","Tandjouaré","Goundoga",2015,0
"Savanes","Tandjouaré","Goundoga",2016,0
"Savanes","Tandjouaré","Goundoga",2017,0
"Savanes","Tandjouaré","Goundoga",2018,0
"Savanes","Tandjouaré","Goundoga",2019,0
"Savanes","Tandjouaré","Goundoga",2020,0
"Savanes","Tandjouaré","Goundoga",2021,0
"Savanes","Tandjouaré","Goundoga",2022,0
"Savanes","Tandjouaré","Goundoga",2023,5.02674579620361
"Savanes","Tandjouaré","Goundoga",2024,5.59889554977417
"Savanes","Tandjouaré","Loko",2012,0
"Savanes","Tandjouaré","Loko",2013,0
"Savanes","Tandjouaré","Loko",2014,0
"Savanes","Tandjouaré","Loko",2015,0
"Savanes","Tandjouaré","Loko",2016,0
"Savanes","Tandjouaré","Loko",2017,0
"Savanes","Tandjouaré","Loko",2018,0
"Savanes","Tandjouaré","Loko",2019,0
"Savanes","Tandjouaré","Loko",2020,0
"Savanes","Tandjouaré","Loko",2021,0
"Savanes","Tandjouaré","Loko",2022,0
"Savanes","Tandjouaré","Loko",2023,0
"Savanes","Tandjouaré","Loko",2024,0
"Savanes","Tandjouaré","Lokpano",2012,0
"Savanes","Tandjouaré","Lokpano",2013,0
"Savanes","Tandjouaré","Lokpano",2014,0
"Savanes","Tandjouaré","Lokpano",2015,0
"Savanes","Tandjouaré","Lokpano",2016,0.507344007492065
"Savanes","Tandjouaré","Lokpano",2017,0
"Savanes","Tandjouaré","Lokpano",2018,0
"Savanes","Tandjouaré","Lokpano",2019,0
"Savanes","Tandjouaré","Lokpano",2020,0
"Savanes","Tandjouaré","Lokpano",2021,0.0815731808543205
"Savanes","Tandjouaré","Lokpano",2022,0.22415916621685
"Savanes","Tandjouaré","Lokpano",2023,3.30374050140381
"Savanes","Tandjouaré","Lokpano",2024,4.0154767036438
"Savanes","Tandjouaré","Mamproug",2012,0
"Savanes","Tandjouaré","Mamproug",2013,0
"Savanes","Tandjouaré","Mamproug",2014,0
"Savanes","Tandjouaré","Mamproug",2015,0
"Savanes","Tandjouaré","Mamproug",2016,0.521249711513519
"Savanes","Tandjouaré","Mamproug",2017,0
"Savanes","Tandjouaré","Mamproug",2018,0.00429474515840411
"Savanes","Tandjouaré","Mamproug",2019,0
"Savanes","Tandjouaré","Mamproug",2020,0
"Savanes","Tandjouaré","Mamproug",2021,0
"Savanes","Tandjouaré","Mamproug",2022,0.00409113802015781
"Savanes","Tandjouaré","Mamproug",2023,2.8102912902832
"Savanes","Tandjouaré","Mamproug",2024,3.05627417564392
"Savanes","Tandjouaré","Nandoga",2012,0
"Savanes","Tandjouaré","Nandoga",2013,2.44348740577698
"Savanes","Tandjouaré","Nandoga",2014,1.18542015552521
"Savanes","Tandjouaré","Nandoga",2015,5.91939115524292
"Savanes","Tandjouaré","Nandoga",2016,17.0165634155273
"Savanes","Tandjouaré","Nandoga",2017,46.2546310424805
"Savanes","Tandjouaré","Nandoga",2018,42.725700378418
"Savanes","Tandjouaré","Nandoga",2019,42.400577545166
"Savanes","Tandjouaré","Nandoga",2020,44.3321113586426
"Savanes","Tandjouaré","Nandoga",2021,45.5790481567383
"Savanes","Tandjouaré","Nandoga",2022,44.3820114135742
"Savanes","Tandjouaré","Nandoga",2023,43.5903701782227
"Savanes","Tandjouaré","Nandoga",2024,36.6540489196777
"Savanes","Tandjouaré","Nano",2012,0
"Savanes","Tandjouaré","Nano",2013,0
"Savanes","Tandjouaré","Nano",2014,0
"Savanes","Tandjouaré","Nano",2015,0
"Savanes","Tandjouaré","Nano",2016,0
"Savanes","Tandjouaré","Nano",2017,2.22062420845032
"Savanes","Tandjouaré","Nano",2018,12.5491962432861
"Savanes","Tandjouaré","Nano",2019,12.2746505737305
"Savanes","Tandjouaré","Nano",2020,6.01243162155151
"Savanes","Tandjouaré","Nano",2021,13.4346809387207
"Savanes","Tandjouaré","Nano",2022,27.165412902832
"Savanes","Tandjouaré","Nano",2023,36.1346740722656
"Savanes","Tandjouaré","Nano",2024,42.6547775268555
"Savanes","Tandjouaré","Pligou",2012,0
"Savanes","Tandjouaré","Pligou",2013,0
"Savanes","Tandjouaré","Pligou",2014,0
"Savanes","Tandjouaré","Pligou",2015,0
"Savanes","Tandjouaré","Pligou",2016,0
"Savanes","Tandjouaré","Pligou",2017,0
"Savanes","Tandjouaré","Pligou",2018,0
"Savanes","Tandjouaré","Pligou",2019,0
"Savanes","Tandjouaré","Pligou",2020,0
"Savanes","Tandjouaré","Pligou",2021,0
"Savanes","Tandjouaré","Pligou",2022,0
"Savanes","Tandjouaré","Pligou",2023,2.41623783111572
"Savanes","Tandjouaré","Pligou",2024,1.1383843421936
"Savanes","Tandjouaré","Sangou",2012,0
"Savanes","Tandjouaré","Sangou",2013,0
"Savanes","Tandjouaré","Sangou",2014,0
"Savanes","Tandjouaré","Sangou",2015,0
"Savanes","Tandjouaré","Sangou",2016,0
"Savanes","Tandjouaré","Sangou",2017,0
"Savanes","Tandjouaré","Sangou",2018,0
"Savanes","Tandjouaré","Sangou",2019,0
"Savanes","Tandjouaré","Sangou",2020,0
"Savanes","Tandjouaré","Sangou",2021,0.0220527052879333
"Savanes","Tandjouaré","Sangou",2022,0.331646502017975
"Savanes","Tandjouaré","Sangou",2023,1.75750386714935
"Savanes","Tandjouaré","Sangou",2024,1.89624059200287
"Savanes","Tandjouaré","Sissiak",2012,0
"Savanes","Tandjouaré","Sissiak",2013,0
"Savanes","Tandjouaré","Sissiak",2014,0
"Savanes","Tandjouaré","Sissiak",2015,0
"Savanes","Tandjouaré","Sissiak",2016,0
"Savanes","Tandjouaré","Sissiak",2017,0
"Savanes","Tandjouaré","Sissiak",2018,0
"Savanes","Tandjouaré","Sissiak",2019,0
"Savanes","Tandjouaré","Sissiak",2020,0
"Savanes","Tandjouaré","Sissiak",2021,0
"Savanes","Tandjouaré","Sissiak",2022,0.0582810901105404
"Savanes","Tandjouaré","Sissiak",2023,4.59526538848877
"Savanes","Tandjouaré","Sissiak",2024,2.83333897590637
"Savanes","Tandjouaré","Tamongue",2012,0
"Savanes","Tandjouaré","Tamongue",2013,0
"Savanes","Tandjouaré","Tamongue",2014,0
"Savanes","Tandjouaré","Tamongue",2015,0
"Savanes","Tandjouaré","Tamongue",2016,0
"Savanes","Tandjouaré","Tamongue",2017,0
"Savanes","Tandjouaré","Tamongue",2018,0
"Savanes","Tandjouaré","Tamongue",2019,0
"Savanes","Tandjouaré","Tamongue",2020,6.05588720645756e-05
"Savanes","Tandjouaré","Tamongue",2021,16.6827392578125
"Savanes","Tandjouaré","Tamongue",2022,56.2446632385254
"Savanes","Tandjouaré","Tamongue",2023,55.1839027404785
"Savanes","Tandjouaré","Tamongue",2024,35.4808158874512
"Savanes","Tandjouaré","Tampialime",2012,0
"Savanes","Tandjouaré","Tampialime",2013,0
"Savanes","Tandjouaré","Tampialime",2014,0
"Savanes","Tandjouaré","Tampialime",2015,0
"Savanes","Tandjouaré","Tampialime",2016,0.506642043590546
"Savanes","Tandjouaré","Tampialime",2017,0
"Savanes","Tandjouaré","Tampialime",2018,0
"Savanes","Tandjouaré","Tampialime",2019,0
"Savanes","Tandjouaré","Tampialime",2020,0
"Savanes","Tandjouaré","Tampialime",2021,0
"Savanes","Tandjouaré","Tampialime",2022,0
"Savanes","Tandjouaré","Tampialime",2023,4.80613231658936
"Savanes","Tandjouaré","Tampialime",2024,1.77898502349854
"Savanes","Tône","Bidjenga",2012,0
"Savanes","Tône","Bidjenga",2013,0
"Savanes","Tône","Bidjenga",2014,0
"Savanes","Tône","Bidjenga",2015,0.586613178253174
"Savanes","Tône","Bidjenga",2016,2.41529726982117
"Savanes","Tône","Bidjenga",2017,0.52288407087326
"Savanes","Tône","Bidjenga",2018,0.649058759212494
"Savanes","Tône","Bidjenga",2019,0
"Savanes","Tône","Bidjenga",2020,0
"Savanes","Tône","Bidjenga",2021,0
"Savanes","Tône","Bidjenga",2022,0
"Savanes","Tône","Bidjenga",2023,0.548003852367401
"Savanes","Tône","Bidjenga",2024,1.2061607837677
"Savanes","Tône","Dapaong",2012,134.457977294922
"Savanes","Tône","Dapaong",2013,149.293640136719
"Savanes","Tône","Dapaong",2014,186.449523925781
"Savanes","Tône","Dapaong",2015,259.260620117188
"Savanes","Tône","Dapaong",2016,396.109283447266
"Savanes","Tône","Dapaong",2017,750.739929199219
"Savanes","Tône","Dapaong",2018,770.361572265625
"Savanes","Tône","Dapaong",2019,771.859924316406
"Savanes","Tône","Dapaong",2020,746.806457519531
"Savanes","Tône","Dapaong",2021,788.471557617188
"Savanes","Tône","Dapaong",2022,901.612915039062
"Savanes","Tône","Dapaong",2023,962.580993652344
"Savanes","Tône","Dapaong",2024,1089.75524902344
"Savanes","Tône","Kantindi",2012,0.660801827907562
"Savanes","Tône","Kantindi",2013,1.53087329864502
"Savanes","Tône","Kantindi",2014,2.62146973609924
"Savanes","Tône","Kantindi",2015,5.59653902053833
"Savanes","Tône","Kantindi",2016,4.88996076583862
"Savanes","Tône","Kantindi",2017,2.91494846343994
"Savanes","Tône","Kantindi",2018,4.09994506835938
"Savanes","Tône","Kantindi",2019,0.564601302146912
"Savanes","Tône","Kantindi",2020,0
"Savanes","Tône","Kantindi",2021,2.35454869270325
"Savanes","Tône","Kantindi",2022,2.75007271766663
"Savanes","Tône","Kantindi",2023,3.7241952419281
"Savanes","Tône","Kantindi",2024,7.39876174926758
"Savanes","Tône","Korbongou",2012,2.93668460845947
"Savanes","Tône","Korbongou",2013,8.75110626220703
"Savanes","Tône","Korbongou",2014,10.3015203475952
"Savanes","Tône","Korbongou",2015,15.6146297454834
"Savanes","Tône","Korbongou",2016,15.5371246337891
"Savanes","Tône","Korbongou",2017,25.6824798583984
"Savanes","Tône","Korbongou",2018,25.0094432830811
"Savanes","Tône","Korbongou",2019,10.9534168243408
"Savanes","Tône","Korbongou",2020,9.67200183868408
"Savanes","Tône","Korbongou",2021,24.9557228088379
"Savanes","Tône","Korbongou",2022,30.9847774505615
"Savanes","Tône","Korbongou",2023,28.995584487915
"Savanes","Tône","Korbongou",2024,25.6220951080322
"Savanes","Tône","Kourientre",2012,0
"Savanes","Tône","Kourientre",2013,0
"Savanes","Tône","Kourientre",2014,0
"Savanes","Tône","Kourientre",2015,0
"Savanes","Tône","Kourientre",2016,0
"Savanes","Tône","Kourientre",2017,0
"Savanes","Tône","Kourientre",2018,0
"Savanes","Tône","Kourientre",2019,0
"Savanes","Tône","Kourientre",2020,0
"Savanes","Tône","Kourientre",2021,0
"Savanes","Tône","Kourientre",2022,0.121730774641037
"Savanes","Tône","Kourientre",2023,0.121708743274212
"Savanes","Tône","Kourientre",2024,1.71001279354095
"Savanes","Tône","Lotogou/Warkambou",2012,0
"Savanes","Tône","Lotogou/Warkambou",2013,0
"Savanes","Tône","Lotogou/Warkambou",2014,0
"Savanes","Tône","Lotogou/Warkambou",2015,0
"Savanes","Tône","Lotogou/Warkambou",2016,0.575716435909271
"Savanes","Tône","Lotogou/Warkambou",2017,0
"Savanes","Tône","Lotogou/Warkambou",2018,0
"Savanes","Tône","Lotogou/Warkambou",2019,0
"Savanes","Tône","Lotogou/Warkambou",2020,0
"Savanes","Tône","Lotogou/Warkambou",2021,20.5563564300537
"Savanes","Tône","Lotogou/Warkambou",2022,31.9952621459961
"Savanes","Tône","Lotogou/Warkambou",2023,25.0602607727051
"Savanes","Tône","Lotogou/Warkambou",2024,26.6975727081299
"Savanes","Tône","Louanga",2012,2.30262994766235
"Savanes","Tône","Louanga",2013,0.0175530519336462
"Savanes","Tône","Louanga",2014,0.017809122800827
"Savanes","Tône","Louanga",2015,3.71533036231995
"Savanes","Tône","Louanga",2016,3.52219820022583
"Savanes","Tône","Louanga",2017,3.89479184150696
"Savanes","Tône","Louanga",2018,2.85126328468323
"Savanes","Tône","Louanga",2019,0.0380857512354851
"Savanes","Tône","Louanga",2020,0.0267462972551584
"Savanes","Tône","Louanga",2021,0.521485269069672
"Savanes","Tône","Louanga",2022,1.54048430919647
"Savanes","Tône","Louanga",2023,3.183748960495
"Savanes","Tône","Louanga",2024,5.62324571609497
"Savanes","Tône","Naki-Ouest",2012,0
"Savanes","Tône","Naki-Ouest",2013,0
"Savanes","Tône","Naki-Ouest",2014,0
"Savanes","Tône","Naki-Ouest",2015,1.7113893032074
"Savanes","Tône","Naki-Ouest",2016,0
"Savanes","Tône","Naki-Ouest",2017,1.37903022766113
"Savanes","Tône","Naki-Ouest",2018,0.580888330936432
"Savanes","Tône","Naki-Ouest",2019,4.85737085342407
"Savanes","Tône","Naki-Ouest",2020,2.23104476928711
"Savanes","Tône","Naki-Ouest",2021,4.40044355392456
"Savanes","Tône","Naki-Ouest",2022,7.29158973693848
"Savanes","Tône","Naki-Ouest",2023,9.56633853912354
"Savanes","Tône","Naki-Ouest",2024,5.00087404251099
"Savanes","Tône","Namare",2012,0
"Savanes","Tône","Namare",2013,0
"Savanes","Tône","Namare",2014,0
"Savanes","Tône","Namare",2015,0
"Savanes","Tône","Namare",2016,0
"Savanes","Tône","Namare",2017,0
"Savanes","Tône","Namare",2018,0
"Savanes","Tône","Namare",2019,0
"Savanes","Tône","Namare",2020,0
"Savanes","Tône","Namare",2021,0
"Savanes","Tône","Namare",2022,0
"Savanes","Tône","Namare",2023,0.574396431446075
"Savanes","Tône","Namare",2024,2.95124173164368
"Savanes","Tône","Nanergou",2012,0
"Savanes","Tône","Nanergou",2013,0.989974319934845
"Savanes","Tône","Nanergou",2014,8.29666709899902
"Savanes","Tône","Nanergou",2015,9.3578634262085
"Savanes","Tône","Nanergou",2016,5.65584468841553
"Savanes","Tône","Nanergou",2017,18.733959197998
"Savanes","Tône","Nanergou",2018,6.57700252532959
"Savanes","Tône","Nanergou",2019,9.69823265075684
"Savanes","Tône","Nanergou",2020,5.62733793258667
"Savanes","Tône","Nanergou",2021,12.2446393966675
"Savanes","Tône","Nanergou",2022,25.2469100952148
"Savanes","Tône","Nanergou",2023,50.4552192687988
"Savanes","Tône","Nanergou",2024,57.2657012939453
"Savanes","Tône","Natigou",2012,0
"Savanes","Tône","Natigou",2013,0
"Savanes","Tône","Natigou",2014,0
"Savanes","Tône","Natigou",2015,0
"Savanes","Tône","Natigou",2016,0
"Savanes","Tône","Natigou",2017,0
"Savanes","Tône","Natigou",2018,0
"Savanes","Tône","Natigou",2019,0
"Savanes","Tône","Natigou",2020,0
"Savanes","Tône","Natigou",2021,2.07632637023926
"Savanes","Tône","Natigou",2022,4.16239833831787
"Savanes","Tône","Natigou",2023,5.07420110702515
"Savanes","Tône","Natigou",2024,3.48505258560181
"Savanes","Tône","Nioukpourma",2012,2.94171333312988
"Savanes","Tône","Nioukpourma",2013,3.25381708145142
"Savanes","Tône","Nioukpourma",2014,3.43501782417297
"Savanes","Tône","Nioukpourma",2015,5.01135396957397
"Savanes","Tône","Nioukpourma",2016,5.13711929321289
"Savanes","Tône","Nioukpourma",2017,7.77146244049072
"Savanes","Tône","Nioukpourma",2018,8.99859237670898
"Savanes","Tône","Nioukpourma",2019,6.66206979751587
"Savanes","Tône","Nioukpourma",2020,4.12608528137207
"Savanes","Tône","Nioukpourma",2021,10.5523557662964
"Savanes","Tône","Nioukpourma",2022,25.075382232666
"Savanes","Tône","Nioukpourma",2023,38.2652969360352
"Savanes","Tône","Nioukpourma",2024,44.9646987915039
"Savanes","Tône","Pana",2012,0.648862600326538
"Savanes","Tône","Pana",2013,0.780080854892731
"Savanes","Tône","Pana",2014,1.14944887161255
"Savanes","Tône","Pana",2015,7.82556200027466
"Savanes","Tône","Pana",2016,8.1652717590332
"Savanes","Tône","Pana",2017,4.825599193573
"Savanes","Tône","Pana",2018,3.96109843254089
"Savanes","Tône","Pana",2019,6.89464378356934
"Savanes","Tône","Pana",2020,12.296275138855
"Savanes","Tône","Pana",2021,13.8730869293213
"Savanes","Tône","Pana",2022,23.3447132110596
"Savanes","Tône","Pana",2023,20.4076519012451
"Savanes","Tône","Pana",2024,16.1365985870361
"Savanes","Tône","Poissongui",2012,0
"Savanes","Tône","Poissongui",2013,0
"Savanes","Tône","Poissongui",2014,0
"Savanes","Tône","Poissongui",2015,0
"Savanes","Tône","Poissongui",2016,0.556343734264374
"Savanes","Tône","Poissongui",2017,0
"Savanes","Tône","Poissongui",2018,0
"Savanes","Tône","Poissongui",2019,0
"Savanes","Tône","Poissongui",2020,0
"Savanes","Tône","Poissongui",2021,0
"Savanes","Tône","Poissongui",2022,0
"Savanes","Tône","Poissongui",2023,1.37697839736938
"Savanes","Tône","Poissongui",2024,2.34738898277283
"Savanes","Tône","Sanfatoute",2012,0
"Savanes","Tône","Sanfatoute",2013,0
"Savanes","Tône","Sanfatoute",2014,0
"Savanes","Tône","Sanfatoute",2015,10.9165668487549
"Savanes","Tône","Sanfatoute",2016,7.01982164382935
"Savanes","Tône","Sanfatoute",2017,1.57175099849701
"Savanes","Tône","Sanfatoute",2018,0
"Savanes","Tône","Sanfatoute",2019,0
"Savanes","Tône","Sanfatoute",2020,0
"Savanes","Tône","Sanfatoute",2021,0
"Savanes","Tône","Sanfatoute",2022,0.6745485663414
"Savanes","Tône","Sanfatoute",2023,0.633497834205627
"Savanes","Tône","Sanfatoute",2024,1.56894016265869
"Savanes","Tône","Tami",2012,0
"Savanes","Tône","Tami",2013,0
"Savanes","Tône","Tami",2014,0
"Savanes","Tône","Tami",2015,0
"Savanes","Tône","Tami",2016,0
"Savanes","Tône","Tami",2017,0
"Savanes","Tône","Tami",2018,0
"Savanes","Tône","Tami",2019,0
"Savanes","Tône","Tami",2020,0
"Savanes","Tône","Tami",2021,7.38122701644897
"Savanes","Tône","Tami",2022,18.6161689758301
"Savanes","Tône","Tami",2023,17.4552841186523
"Savanes","Tône","Tami",2024,8.89220428466797
"Savanes","Tône","Toaga",2012,0
"Savanes","Tône","Toaga",2013,0
"Savanes","Tône","Toaga",2014,3.91547513008118
"Savanes","Tône","Toaga",2015,5.85495090484619
"Savanes","Tône","Toaga",2016,7.64392185211182
"Savanes","Tône","Toaga",2017,11.0642728805542
"Savanes","Tône","Toaga",2018,13.4876022338867
"Savanes","Tône","Toaga",2019,14.1538496017456
"Savanes","Tône","Toaga",2020,10.4921884536743
"Savanes","Tône","Toaga",2021,16.2140769958496
"Savanes","Tône","Toaga",2022,36.0228500366211
"Savanes","Tône","Toaga",2023,42.6425247192383
"Savanes","Tône","Toaga",2024,52.0349044799805
